"id","title","content","category","doc_type","doc_number","agency","published_date","url","crawled_at"
"138087814","Thời gian gọi công dân đăng ký nghĩa vụ quân sự 2026 lần đầu trên cả nước là khi nào?","Theo khoản 2 Điều 3  Luật Nghĩa vụ quân sự 2015  quy định đăng ký nghĩa vụ quân sự là việc lập hồ sơ về nghĩa vụ quân sự của công dân trong độ tuổi thực hiện nghĩa vụ quân sự.

Cụ thể theo Điều 16  Luật Nghĩa vụ quân sự 2015  được sửa đổi bởi khoản 5 Điều 4  Luật sửa đổi 11 Luật về quân sự, quốc phòng 2025  quy định như sau:

Điều 16. Đăng ký nghĩa vụ quân sự lần đầu

1. Tháng một hằng năm, Chỉ huy trưởng Ban chỉ huy quân sự cấp xã, người đứng đầu hoặc người đại diện hợp pháp của cơ quan, tổ chức báo cáo Chủ tịch Ủy ban nhân dân cấp xã danh sách công dân nam đủ 17 tuổi trong năm và công dân nam trong độ tuổi thực hiện nghĩa vụ quân sự chưa đăng ký nghĩa vụ quân sự.

2. Tháng tư hằng năm, Chủ tịch Ủy ban nhân dân cấp xã quyết định gọi công dân quy định tại khoản 1 Điều này để đăng ký nghĩa vụ quân sự lần đầu.

3. Công dân phải đăng ký nghĩa vụ quân sự lần đầu bằng hình thức trực tuyến hoặc trực tiếp tại cơ quan đăng ký nghĩa vụ quân sự quy định tại Điều 15 của Luật này.

Theo đó tháng tư hằng năm, Chủ tịch Ủy ban nhân dân cấp xã trên toàn quốc quyết định gọi công dân đăng ký nghĩa vụ quân sự lần đầu.

Đối tượng gọi đăng ký nghĩa vụ quân sự lần đầu là công dân nam đủ 17 tuổi trong năm và công dân nam trong độ tuổi thực hiện nghĩa vụ quân sự chưa đăng ký nghĩa vụ quân sự.

Xem thêm:

>>  Nghĩa vụ quân sự 2026 có được sử dụng điện thoại không?

>>  Sinh năm 2000 bao nhiêu tuổi hết gọi nghĩa vụ quân sự?

Thời gian gọi công dân đăng ký nghĩa vụ quân sự 2026 lần đầu trên cả nước là khi nào? (Hình từ Internet)

Căn cứ Điều 4  Nghị định 13/2016/NĐ-CP  được sửa đổi bởi khoản 2 Điều 7  Nghị định 220/2025/NĐ-CP  quy định về hồ sơ, trình tự đăng ký nghĩa vụ quân sự lần đầu như sau:

Chủ tịch Ủy ban nhân dân cấp xã ký quyết định gọi đăng ký nghĩa vụ quân sự, Giấy chứng nhận đăng ký nghĩa vụ quân sự và giao cho Ban Chỉ huy quân sự cấp xã, cơ quan, tổ chức thực hiện.

(1) Hồ sơ bao gồm:

- Phiếu tự khai sức khỏe nghĩa vụ quân sự;

- Bản chụp căn cước công dân hoặc thẻ căn cước.

(2) Trình tự thực hiện như sau:

- Trước thời hạn 05 ngày, tính đến ngày đăng ký nghĩa vụ quân sự, Ban Chỉ huy quân sự cấp xã, cơ quan, tổ chức có trách nhiệm chuyển quyết định gọi đăng ký nghĩa vụ quân sự đến công dân. Trường hợp cơ quan, tổ chức không có Ban Chỉ huy quân sự, thì người đứng đầu hoặc người đại diện hợp pháp của cơ quan, tổ chức có trách nhiệm chuyển quyết định gọi đăng ký nghĩa vụ quân sự đến công dân;

- Sau khi nhận được quyết định gọi đăng ký nghĩa vụ quân sự Chủ tịch Ủy ban nhân dân cấp xã, công dân thuộc đối tượng quy định tại Điều 12  Luật Nghĩa vụ quân 2015  có trách nhiệm đăng ký nghĩa vụ quân sự trực tuyến hoặc đến đăng ký trực tiếp tại Ban Chỉ huy quân sự cấp xã. Trường hợp cơ quan, tổ chức không có Ban Chỉ huy quân sự, thì người đứng đầu hoặc người đại diện hợp pháp của cơ quan, tổ chức có trách nhiệm chuyển quyết định gọi đăng ký nghĩa vụ quân sự đến công dân, tổ chức cho công dân đăng ký nghĩa vụ quân sự lần đầu tại nơi cư trú;

- Trong thời hạn 01 ngày, Ban Chỉ huy quân sự cấp xã có trách nhiệm hướng dẫn công dân khai Phiếu tự khai sức khỏe nghĩa vụ quân sự, đăng ký các thông tin cần thiết của công dân vào sổ danh sách công dân nam đủ 17 tuổi trong năm, Sổ đăng ký công dân sẵn sàng nhập ngũ và chuyển Giấy chứng nhận đăng ký nghĩa vụ quân sự cho công dân ngay sau khi đăng ký;

- Trong thời hạn 05 ngày, Ban Chỉ huy quân sự cấp xã tổng hợp kết quả báo cáo Chủ tịch Ủy ban nhân dân cấp xã và Ban Chỉ huy phòng thủ khu vực; quản lý hồ sơ công dân đã đăng ký nghĩa vụ quân sự lần đầu; Ban Chỉ huy phòng thủ khu vực tổng hợp kết quả báo cáo Bộ Tư lệnh Thủ đô Hà Nội, Bộ Tư lệnh Thành phố Hồ Chí Minh, Bộ Chỉ huy quân sự cấp tỉnh.

Theo Điều 13  Luật Nghĩa vụ quân sự 2015  được sửa đổi bởi khoản 3 Điều 4  Luật sửa đổi 11 Luật về quân sự, quốc phòng 2025  quy định đối tượng không được đăng ký nghĩa vụ quân sự 2026 gồm có:

- Đang bị truy cứu trách nhiệm hình sự; đang chấp hành hình phạt tù, cải tạo không giam giữ, quản chế hoặc đã chấp hành xong hình phạt tù nhưng chưa được xóa án tích;

- Đang bị áp dụng biện pháp giáo dục tại cấp xã hoặc đưa vào trường giáo dưỡng, cơ sở giáo dục bắt buộc, cơ sở cai nghiện bắt buộc

- Bị tước quyền phục vụ trong lực lượng vũ trang nhân dân.

Khi hết thời hạn áp dụng các biện pháp nêu trên công dân được đăng ký nghĩa vụ quân sự.","nghia-vu-quan-su","","","","2026-04-19T08:45:00","https://thuvienphapluat.vn/hoi-dap-phap-luat/thoi-gian-goi-cong-dan-dang-ky-nghia-vu-quan-su-2026-lan-dau-tren-ca-nuoc-la-khi-nao-138087814.html","2026-04-21T04:37:06.720051+00:00"
"138082402","Nghĩa vụ quân sự 2026 có được sử dụng điện thoại không?","Căn cứ tại Điều 10  Luật Nghĩa vụ quân sự 2015  quy định về các hành vi bị nghiêm cấm trong nghĩa vụ quân sự nêu như sau:

Điều 10. Các hành vi bị nghiêm cấm

1. Trốn tránh thực hiện nghĩa vụ quân sự.

2. Chống đối, cản trở việc thực hiện nghĩa vụ quân sự.

3. Gian dối trong khám sức khỏe nghĩa vụ quân sự.

4. Lợi dụng chức vụ, quyền hạn làm trái quy định về nghĩa vụ quân sự.

5. Sử dụng hạ sĩ quan, binh sĩ trái quy định của pháp luật.

6. Xâm phạm thân thể, sức khỏe; xúc phạm danh dự, nhân phẩm của hạ sĩ quan, binh sĩ.

Theo đó thì hiện nay pháp luật  không quy định việc cấm sử dụng điện thoại  khi tham gia nghĩa vụ quân sự 2026.

Tuy nhiên thực tế thì đây là môi trường có  tính bảo mật đặc biệt  nên thông thường các đơn vị quân đội sẽ  hạn chế và quản lý chặt chẽ việc sử dụng điện thoại  khi tham gia nghĩa vụ quân sự.

Thông thường trong 3 tháng tân binh thì hầu hết các đơn vị không cho phép sử dụng điện thoại di động cá nhân để đảm bảo an ninh, bảo mật và tập trung huấn luyện.

*Trên đây là thông tin Nghĩa vụ quân sự 2026 có được sử dụng điện thoại không?

Nghĩa vụ quân sự 2026 có được sử dụng điện thoại không? (Hình từ Interent)

Căn cứ tại khoản 1 Điều 31  Luật Nghĩa vụ quân sự 2015  quy định về tiêu chuẩn công dân được gọi nhập ngũ và thực hiện nghĩa vụ tham gia Công an nhân dân như sau:

Điều 31. Tiêu chuẩn công dân được gọi nhập ngũ và thực hiện nghĩa vụ tham gia Công an nhân dân

1. Công dân được gọi nhập ngũ khi có đủ các tiêu chuẩn sau đây:

a) Lý lịch rõ ràng;

b) Chấp hành nghiêm đường lối, chủ trương của Đảng, chính sách, pháp luật của Nhà nước;

c) Đủ sức khỏe phục vụ tại ngũ theo quy định;

d) Có trình độ văn hóa phù hợp.

2. Tiêu chuẩn công dân được gọi thực hiện nghĩa vụ tham gia Công an nhân dân theo quy định tại Điều 7 của Luật Công an nhân dân.

Như vậy công dân được gọi nhập ngũ khi có đủ các tiêu chuẩn sau đây:

- Lý lịch rõ ràng;

- Chấp hành nghiêm đường lối, chủ trương của Đảng, chính sách, pháp luật của Nhà nước;

- Đủ sức khỏe phục vụ tại ngũ theo quy định;

- Có trình độ văn hóa phù hợp.

Căn cứ tại Điều 34  Luật Nghĩa vụ quân sự 2015  được sửa đổi bởi điểm a, điểm b, điểm c khoản 11, điểm a khoản 21 Điều 4  Luật sửa đổi 11 Luật Về quân sự, quốc phòng 2025  quy định thẩm quyền quyết định việc gọi công dân nhập ngũ và thực hiện nghĩa vụ tham gia Công an nhân dân như sau:

[1] Thủ tướng Chính phủ quyết định thời gian, số lượng gọi công dân nhập ngũ và thực hiện nghĩa vụ tham gia Công an nhân dân đối với tỉnh, thành phố trực thuộc trung ương (sau đây gọi chung là cấp tỉnh); quyết định gọi công dân nhập ngũ và thực hiện nghĩa vụ tham gia Công an nhân dân lần thứ hai; quyết định điều chỉnh số lượng, thời gian gọi công dân nhập ngũ và thực hiện nghĩa vụ tham gia Công an nhân dân đối với cấp tỉnh theo quy định tại Điều 33  Luật Nghĩa vụ quân sự 2015 .

[2] Căn cứ vào quyết định của Thủ tướng Chính phủ, Bộ trưởng  Bộ Quốc phòng , Bộ trưởng Bộ Công an quyết định số lượng gọi công dân nhập ngũ và thực hiện nghĩa vụ tham gia  Công an nhân dân  cho đơn vị thuộc quyền ở từng địa phương cấp tỉnh.

[3] Chủ tịch Ủy ban nhân dân cấp tỉnh quyết định giao số lượng gọi công dân nhập ngũ và thực hiện nghĩa vụ tham gia Công an nhân dân cho địa phương cấp xã; quyết định danh sách công dân gọi nhập ngũ và thực hiện nghĩa vụ tham gia Công an nhân dân theo đề nghị của Hội đồng nghĩa vụ quân sự cấp tỉnh.

[4] Chỉ huy trưởng Bộ chỉ huy quân sự cấp tỉnh, Giám đốc Công an cấp tỉnh có trách nhiệm phối hợp, tham mưu cho Chủ tịch Ủy ban nhân dân cấp tỉnh trong việc giao số lượng gọi công dân nhập ngũ và thực hiện nghĩa vụ tham gia Công an nhân dân cho địa phương cấp xã và cơ quan, tổ chức trên địa bàn; chỉ đạo tuyển chọn công dân nhập ngũ và thực hiện nghĩa vụ tham gia Công an nhân dân.

[6] Chủ tịch Ủy ban nhân dân cấp xã quyết định gọi từng công dân nhập ngũ và thực hiện nghĩa vụ tham gia Công an nhân dân. Quyết định gọi nhập ngũ, gọi thực hiện nghĩa vụ tham gia Công an nhân dân phải được giao cho công dân trước thời gian ghi trong quyết định 15 ngày.

*Trên đây là thông tin bài viết Nghĩa vụ quân sự 2026 có được sử dụng điện thoại không?","nghia-vu-quan-su","","","","2026-03-06T09:10:00","https://thuvienphapluat.vn/hoi-dap-phap-luat/nghia-vu-quan-su-2026-co-duoc-su-dung-dien-thoai-khong-138082402.html","2026-04-21T04:37:19.000615+00:00"
"138082406","Thực hư năm 2026 sẽ cho sử dụng điện thoại khi đi nghĩa vụ quân sự?","Hiện nay trên mạng xã hội đang lan truyền nhiều thông tin công dân nhập ngũ năm 2026 sẽ được cho phép sử dụng điện thoại di động làm cho người công dân hoang mang không biết có phải là sự thật không?

Theo đó căn cứ tại Điều 10  Luật Nghĩa vụ quân sự 2015  quy định về các hành vi bị nghiêm cấm trong nghĩa vụ quân sự nêu như sau:

Điều 10. Các hành vi bị nghiêm cấm

1. Trốn tránh thực hiện nghĩa vụ quân sự.

2. Chống đối, cản trở việc thực hiện nghĩa vụ quân sự.

3. Gian dối trong khám sức khỏe nghĩa vụ quân sự.

4. Lợi dụng chức vụ, quyền hạn làm trái quy định về nghĩa vụ quân sự.

5. Sử dụng hạ sĩ quan, binh sĩ trái quy định của pháp luật.

6. Xâm phạm thân thể, sức khỏe; xúc phạm danh dự, nhân phẩm của hạ sĩ quan, binh sĩ.

Theo đó có thể thấy  pháp luật không cấm  việc công dân mang theo điện thoại khi tham gia nghĩa vụ quân sự.

Tuy nhiên trên thực tế thì  phụ thuộc vào nội quy, quy chế quản lý của từng đơn vị quân đội,  hầu hết các đơn vị quân đội đều không cho phép quân nhân đang đi nghĩa vụ quân sự sử dụng điện thoại cá nhân. Lý do môi trường quân sự có những bảo mật đặc biệt và nhằm hạn chế chiến sĩ xao nhãng, mất tập trung khi tham gia luyện tập. Chỉ trong những trường hợp cần thiết, khi báo cáo với cán bộ chỉ huy thì có thể sẽ được liên lạc bằng điện thoại của đơn vị.

Vì vậy thông tin năm 2026 sẽ được sử dụng điện thoại khi đi nghĩa vụ quân sự hiện   chưa có cơ sở pháp lý chính thức .  Công dân nhập ngũ cần chấp hành theo quy định và sự quản lý của đơn vị nơi mình phục vụ.

*Trên đây là thông tin Thực hư năm 2026 sẽ cho sử dụng điện thoại khi đi nghĩa vụ quân sự?

Thực hư năm 2026 sẽ cho sử dụng điện thoại khi đi nghĩa vụ quân sự? (Hình từ Internet)

Căn cứ tại Điều 9  Luật Nghĩa vụ quân sự 2015  quy định về quyền và nghĩa vụ của hạ sĩ quan, binh sĩ như sau:

[1] Hạ sĩ quan, binh sĩ được Nhà nước bảo đảm chế độ, chính sách ưu đãi phù hợp với tính chất hoạt động của Quân đội nhân dân.

[2] Hạ sĩ quan, binh sĩ có nghĩa vụ:

- Tuyệt đối trung thành với Tổ quốc, Nhân dân, với Đảng và Nhà nước Cộng hòa xã hội chủ nghĩa Việt Nam;

- Sẵn sàng chiến đấu, hy sinh bảo vệ độc lập, chủ quyền, thống nhất, toàn vẹn lãnh thổ của Tổ quốc; bảo vệ Nhân dân, Đảng, Nhà nước và chế độ xã hội chủ nghĩa; hoàn thành mọi nhiệm vụ được giao và thực hiện nghĩa vụ quốc tế;

- Bảo vệ tài sản và lợi ích của Nhà nước, cơ quan, tổ chức; bảo vệ tính mạng, tài sản, quyền và lợi ích hợp pháp của Nhân dân; tham gia bảo vệ an ninh quốc gia và trật tự, an toàn xã hội theo quy định của pháp luật;

- Chấp hành nghiêm đường lối, chủ trương của Đảng, chính sách, pháp luật của Nhà nước, Điều lệnh, Điều lệ của Quân đội nhân dân;

- Học tập chính trị, quân sự, văn hóa, khoa học, kỹ thuật, nghiệp vụ; rèn luyện tính tổ chức, ý thức kỷ luật và thể lực; nâng cao bản lĩnh chính trị, bản lĩnh chiến đấu.

Căn cứ tại khoản 4 Điều 4  Luật Nghĩa vụ quân sự 2015  được sửa đổi bởi khoản 2, điểm b khoản 21 Điều 4  Luật Sửa đổi 11 Luật về quân sự, quốc phòng 2025  quy định về nghĩa vụ quân sự như sau:

Điều 4. Nghĩa vụ quân sự

1. Nghĩa vụ quân sự là nghĩa vụ vẻ vang của công dân phục vụ trong Quân đội nhân dân. Thực hiện nghĩa vụ quân sự bao gồm phục vụ tại ngũ và phục vụ trong ngạch dự bị của Quân đội nhân dân.

2. Công dân trong độ tuổi thực hiện nghĩa vụ quân sự, không phân biệt dân tộc, thành phần xã hội, tín ngưỡng, tôn giáo, trình độ học vấn, nghề nghiệp, nơi cư trú phải thực hiện nghĩa vụ quân sự theo quy định của Luật này.

3. Công dân thực hiện nghĩa vụ tham gia Công an nhân dân được coi là thực hiện nghĩa vụ quân sự tại ngũ.

4. Công dân thuộc một trong các trường hợp sau đây được công nhận hoàn thành nghĩa vụ quân sự tại ngũ trong thời bình:

a) Dân quân thường trực có ít nhất 24 tháng phục vụ thì được công nhận hoàn thành thực hiện nghĩa vụ quân sự trong thời bình do Tư lệnh Bộ Tư lệnh Thủ đô Hà Nội, Tư lệnh Bộ Tư lệnh Thành phố Hồ Chí Minh, Chỉ huy trưởng Bộ chỉ huy quân sự cấp tỉnh (sau đây gọi là Chỉ huy trưởng Bộ chỉ huy quân sự cấp tỉnh) quyết định theo đề nghị của Chủ tịch Ủy ban nhân dân cấp xã, người đứng đầu cơ quan, tổ chức;

b) Hoàn thành nhiệm vụ tham gia Công an xã liên tục từ đủ 36 tháng trở lên;

c) Cán bộ, công chức, viên chức, sinh viên tốt nghiệp đại học trở lên, đã được đào tạo và phong quân hàm sĩ quan dự bị;

d) Thanh niên đã tốt nghiệp đại học, cao đẳng, trung cấp tình nguyện phục vụ tại đoàn kinh tế - quốc phòng từ đủ 24 tháng trở lên theo Đề án do Thủ tướng Chính phủ quyết định;

đ) Công dân phục vụ trên tàu kiểm ngư từ đủ 24 tháng trở lên.

Theo đó công dân thuộc một trong các trường hợp sau đây được công nhận hoàn thành nghĩa vụ quân sự tại ngũ trong thời bình:

- Dân quân thường trực có ít nhất 24 tháng phục vụ thì được công nhận hoàn thành thực hiện nghĩa vụ quân sự trong thời bình do Tư lệnh Bộ Tư lệnh Thủ đô Hà Nội, Tư lệnh  Bộ Tư lệnh  Thành phố Hồ Chí Minh, Chỉ huy trưởng Bộ chỉ huy quân sự cấp tỉnh (sau đây gọi là Chỉ huy trưởng Bộ chỉ huy quân sự cấp tỉnh) quyết định theo đề nghị của Chủ tịch Ủy ban nhân dân cấp xã, người đứng đầu cơ quan, tổ chức;

- Hoàn thành nhiệm vụ tham gia Công an xã liên tục từ đủ 36 tháng trở lên;

- Cán bộ, công chức, viên chức, sinh viên tốt nghiệp đại học trở lên, đã được đào tạo và phong quân hàm sĩ quan dự bị;

- Thanh niên đã tốt nghiệp đại học, cao đẳng, trung cấp tình nguyện phục vụ tại đoàn kinh tế - quốc phòng từ đủ 24 tháng trở lên theo Đề án do Thủ tướng Chính phủ quyết định;

- Công dân phục vụ trên tàu kiểm ngư từ đủ 24 tháng trở lên.

*Trên đây là thông tin bài viết Thực hư năm 2026 sẽ cho sử dụng điện thoại khi đi nghĩa vụ quân sự?","nghia-vu-quan-su","","","","2026-03-05T08:25:00","https://thuvienphapluat.vn/hoi-dap-phap-luat/thuc-hu-nam-2026-se-cho-su-dung-dien-thoai-khi-di-nghia-vu-quan-su-138082406.html","2026-04-21T04:37:26.986168+00:00"
"138081805","Ngày 4/3/2026 CHÍNH THỨC công dân lên đường nhập ngũ đúng không?","Căn cứ tại  Hướng dẫn 6544/HD-BQP năm 2025  về tuyển chọn và gọi công dân nhập ngũ năm 2026 như sau:

Thực hiện Luật Nghĩa vụ quân sự ngày 19 tháng 6 năm 2015; Luật sửa đổi, bổ sung một số điều của 11 luật về quân sự, quốc phòng ngày 27 tháng 6 năm 2025; Quyết định số 183/QĐ-TTg ngày 10 tháng 9 năm 2025 của Thủ tướng Chính phủ về việc gọi công dân nhập ngũ năm 2026; cụ thể, năm 2026 tiến hành tuyển chọn và gọi công dân nhập ngũ (sau đây gọi chung là tuyển quân) một đợt;  thời gian giao nhận quân từ ngày 04 đến hết ngày 06 tháng 3 năm 2026 (từ ngày 16 đến hết ngày 18 tháng Giêng năm Bính Ngọ).

Để công tác tuyển quân năm 2026 đủ chỉ tiêu được giao, bảo đảm chất lượng, đúng quy định, Bộ Quốc phòng hướng dẫn một số nội dung công tác tuyển quân năm 2026, như sau:

[...]

Như vậy, chính thức từ  ngày 4 tháng 3 năm 2026 sẽ bắt đầu giao nhận quân  đến hết ngày 06 tháng 3 năm 2026 (từ ngày 16 đến hết ngày 18 tháng Giêng năm Bính Ngọ).

*Trên đây là thông tin bài viết ngày 4 tháng 3 2026 CHÍNH THỨC công dân lên đường nhập ngũ đúng không?

Ngày 4 3 2026 CHÍNH THỨC công dân lên đường nhập ngũ đúng không? (Hình từ Internet)

Căn cứ tại Mục 2  Hướng dẫn 6544/HD-BQP năm 2025  về hướng dẫn công tác tuyển quân năm 2026 đối với các địa phương giao quân như sau:

- Tăng cường sự lãnh đạo, chỉ đạo của cấp ủy, chính quyền địa phương các cấp, phát huy vai trò, trách nhiệm của Hội đồng NVQS các cấp, các ngành, các tổ chức chính trị - xã hội và sự giám sát của Nhân dân đối với công tác tuyển quân; thực hiện tốt công tác tuyên truyền, phổ biến, giáo dục pháp luật về NVQS và các quy định về tuyển chọn, gọi công dân nhập ngũ; xây dựng kế hoạch triển khai thực hiện công tác tuyển quân chặt chẽ, dân chủ, công khai, công bằng, đúng pháp luật, bảo đảm đủ chỉ tiêu, chất lượng, thời gian giao nhận quân.

- Kiện toàn Hội đồng NVQS cấp tỉnh, cấp xã theo quy định của  Luật Nghĩa vụ quân sự 2015 ;  Luật sửa đổi, bổ sung một số điều của 11 luật về quân sự, quốc phòng năm 2025 ; xây dựng quy chế hoạt động, phân công nhiệm vụ, xác định rõ trách nhiệm đối với các tổ chức, cá nhân và từng thành viên Hội đồng NVQS trong chỉ đạo, theo dõi, hướng dẫn và tổ chức thực hiện các khâu, các bước công tác tuyển quân đúng pháp luật, đủ chỉ tiêu, bảo đảm chất lượng.

- Chỉ đạo thành lập Hội đồng khám sức khỏe khu vực và các đoàn khám sức khỏe NVQS phù hợp với địa bàn, số lượng gọi khám, bảo đảm đầy đủ thành phần và trang thiết bị, vật tư y tế, phòng khám đủ điều kiện để khám từng chuyên khoa; cử cán bộ, nhân viên có kinh nghiệm, năng lực, trình độ chuyên môn cao tham gia khám tuyển sức khỏe NVQS; tổ chức khám chặt chẽ, chịu trách nhiệm về phân loại và kết quả khám sức khỏe NVQS đối với từng công dân nhập ngũ.

- Đẩy mạnh cải cách hành chính trong lĩnh vực NVQS; thực hiện tốt các bước tuyển quân từ rà soát nắm nguồn, đăng ký NVQS và quản lý công dân trong độ tuổi thực hiện NVQS; chỉ đạo nâng cao chất lượng việc bình cử, đề xuất công dân nam tham gia thực hiện nghĩa vụ quân sự bảo đảm dân chủ, công khai, chất lượng, hiệu quả ở từng thôn, xóm, tổ dân phố...; tổ chức thực hiện sơ tuyển, xét duyệt công dân tạm hoãn gọi nhập ngũ và miễn gọi nhập ngũ, công dân đủ điều kiện nhập ngũ, gọi khám sức khỏe, gọi công dân nhập ngũ đúng đối tượng, đủ tiêu chuẩn, đúng quy định của Luật NVQS; kết quả phải được niêm yết công khai và thông báo đến từng thôn theo quy định tại điểm đ khoản 3 Điều 1  Thông tư 68/2025/TT-BQP  (nội dung niêm yết, gồm: Họ và tên, ngày tháng năm sinh, nơi thường trú, nghề nghiệp, nơi làm việc; lý do miễn, tạm hoãn gọi nhập ngũ hoặc đủ điều kiện thực hiện NVQS); chú trọng tuyển chọn những công dân đã tốt nghiệp đại học, cao đẳng có ngành nghề phù hợp với nhu cầu bố trí, sử dụng của Quân đội, con em vùng đồng bào dân tộc ít người để tạo nguồn cán bộ cơ sở cho địa phương. Tiếp tục thực hiện tuyển quân “tròn khâu” với phương châm “tuyển người nào chắc người đó”, hạn chế thấp nhất bù đổi, loại trả sau giao nhận quân.

- Hoàn chỉnh đầy đủ hồ sơ NVQS và các thủ tục liên quan đối với công dân nhập ngũ; Hội đồng NVQS cấp tỉnh trực tiếp chỉ đạo, phân công thành viên chịu trách nhiệm về tổ chức Lễ Giao nhận quân tại các địa điểm phù hợp với số lượng công dân nhập ngũ và địa bàn giao nhận quân, bảo đảm trang trọng, an toàn, tiết kiệm, thực sự là ngày Hội tòng quân; trường hợp địa phương có thảm họa hoặc dịch bệnh nguy hiểm, kịp thời báo cáo Bộ trưởng Bộ Quốc phòng xem xét theo quy định tại Điều 33 Luật Nghĩa vụ quân sự năm 2015. Quan tâm làm tốt công tác chính sách đối với công dân và gia đình có công dân nhập ngũ. Phối hợp chặt chẽ với đơn vị nhận quân trong quá trình phúc tra tiêu chuẩn chiến sĩ mới, những trường hợp đơn vị phúc tra không đủ tiêu chuẩn (nếu có) phải thực hiện bù đổi bảo đảm chất lượng, đúng thời gian và báo cáo về Bộ để theo dõi, chỉ đạo.

- Nâng cao chất lượng, hiệu quả công tác hướng dẫn, kiểm tra đối với các địa phương cấp xã, thực hiện tốt quy trình các khâu, các bước trong tuyển quân; tổ chức hiệp đồng chặt chẽ với các đơn vị nhận quân để giao quân đúng địa bàn, đủ số lượng, bảo đảm chất lượng, đúng tiêu chuẩn quy định; thường xuyên nắm chắc tình hình, chủ động phát hiện, chấn chỉnh, ngăn ngừa và xử lý nghiêm những sai phạm trong tuyển quân đúng quy định của pháp luật; thông báo công khai rộng rãi để giáo dục, tạo sự đồng thuận trong Nhân dân; kịp thời nắm bắt tâm tư nguyện vọng của công dân và gia đình có công dân được gọi nhập ngũ để tuyên truyền, động viên công dân thực hiện đúng quy định của pháp luật về NVQS không để xảy ra tình trạng đơn thư kiến nghị.

Căn cứ tại Điều 12  Luật Nghĩa vụ quân sự 2015  quy định về đối tượng đăng ký nghĩa vụ quân sự như sau:

Điều 12. Đối tượng đăng ký nghĩa vụ quân sự

1. Công dân nam đủ 17 tuổi trở lên.

2. Công dân nữ quy định tại khoản 2 Điều 7 của Luật này đủ 18 tuổi trở lên.

Theo đó, đối tượng được đăng ký nghĩa vụ quân sự gồm:

[1] Công dân nam đủ 17 tuổi trở lên.

[2] Công dân nữ trong độ tuổi thực hiện nghĩa vụ quân sự có ngành, nghề chuyên môn phù hợp yêu cầu của Quân đội nhân dân đủ 18 tuổi trở lên.

*Trên đây là thông tin Ngày 4 3 2026 CHÍNH THỨC công dân lên đường nhập ngũ đúng không?","nghia-vu-quan-su","","","","2026-02-27T15:26:00","https://thuvienphapluat.vn/hoi-dap-phap-luat/ngay-432026-chinh-thuc-cong-dan-len-duong-nhap-ngu-dung-khong-138081805.html","2026-04-21T04:37:30.697142+00:00"
"138081697","Tạm hoãn nghĩa vụ quân sự được bao lâu 2026?","Tại khoản 1 Điều 41  Luật Nghĩa vụ quân sự 2015  được bổ sung bởi điểm c khoản 1 Điều 49  Luật Dân quân tự vệ 2019  có quy định về tạm hoãn nghĩa vụ quân sự được bao lâu và miễn gọi nhập ngũ như sau:

Điều 41. Tạm hoãn gọi nhập ngũ và miễn gọi nhập ngũ

1. Tạm hoãn gọi nhập ngũ đối với những công dân sau đây:

a) Chưa đủ sức khỏe phục vụ tại ngũ theo kết luận của Hội đồng khám sức khỏe;

b) Là lao động duy nhất phải trực tiếp nuôi dưỡng thân nhân không còn khả năng lao động hoặc chưa đến tuổi lao động; trong gia đình bị thiệt hại nặng về người và tài sản do tai nạn, thiên tai, dịch bệnh nguy hiểm gây ra được Ủy ban nhân dân cấp xã xác nhận;

c) Một con của bệnh binh, người nhiễm chất độc da cam suy giảm khả năng lao động từ 61% đến 80%;

d) Có anh, chị hoặc em ruột là hạ sĩ quan, binh sĩ đang phục vụ tại ngũ; hạ sĩ quan, chiến sĩ thực hiện nghĩa vụ tham gia Công an nhân dân;

đ) Người thuộc diện di dân, giãn dân trong 03 năm đầu đến các xã đặc biệt khó khăn theo dự án phát triển kinh tế - xã hội của Nhà nước do Ủy ban nhân dân cấp tỉnh trở lên quyết định;

e) Cán bộ, công chức, viên chức, thanh niên xung phong được điều động đến công tác, làm việc ở vùng có điều kiện kinh tế - xã hội đặc biệt khó khăn theo quy định của pháp luật;

g) Đang học tại cơ sở giáo dục phổ thông; đang được đào tạo trình độ đại học hệ chính quy thuộc cơ sở giáo dục đại học, trình độ cao đẳng hệ chính quy thuộc cơ sở giáo dục nghề nghiệp trong thời gian một khóa đào tạo của một trình độ đào tạo.

h) Dân quân thường trực.

[...]

Như vậy, hiện hành pháp luật không quy định cụ thể về số năm được tạm hoãn nghĩa vụ quân sự. Tuy nhiên theo quy định, theo từng trường hợp và quyết định của cơ quan có thẩm quyền thì thời gian công dân được tạm hoãn nghĩa vụ sẽ khác nhau, nếu không còn lý do tạm hoãn và còn‌ trong‌ độ‌ tuổi‌ nhập‌ ngũ thì sẽ được gọi nhập ngũ. Cụ thể:

(1) Chưa đủ sức khỏe phục vụ tại ngũ theo kết luận của Hội đồng khám sức khỏe:

Được tạm hoãn cho đến khi đủ sức khỏe theo quy định và còn trong độ tuổi nhập ngũ.

(2) Đang học tại cơ sở giáo dục phổ thông; đang được đào tạo trình độ đại học hệ chính quy thuộc cơ sở giáo dục đại học, trình độ cao đẳng hệ chính quy thuộc cơ sở giáo dục nghề nghiệp trong thời gian một khóa đào tạo của một trình độ đào tạo.

Được tạm hoãn cho đến khi hoàn thành chương trình đại học, cao đẳng, phổ thông,... và bị gọi nhập ngũ nếu còn trong độ tuổi quy định.

Tại Điều 30  Luật Nghĩa vụ quân sự 2015  quy định về công dân được đào tạo trình độ cao đẳng, đại học đã được tạm hoãn gọi nhập ngũ thì độ tuổi gọi nhập ngũ đến hết 27 tuổi.

....

Trên đây là thông tin ""Tạm hoãn nghĩa vụ quân sự được bao lâu 2026?""

Tạm hoãn nghĩa vụ quân sự được bao lâu 2026? (Hình từ Internet)

Tại Điều 34  Luật Nghĩa vụ quân sự 2015  được sửa đổi bởi khoản 11 Điều 4  Luật sửa đổi 11 Luật về quân sự, quốc phòng 2025  quy định về thẩm quyền quyết định việc gọi công dân nhập ngũ và thực hiện nghĩa vụ tham gia Công an nhân dân như sau:

Điều 34. Thẩm quyền quyết định việc gọi công dân nhập ngũ và thực hiện nghĩa vụ tham gia Công an nhân dân

1. Thủ tướng Chính phủ quyết định thời gian, số lượng gọi công dân nhập ngũ và thực hiện nghĩa vụ tham gia Công an nhân dân đối với tỉnh, thành phố trực thuộc trung ương (sau đây gọi chung là cấp tỉnh); quyết định gọi công dân nhập ngũ và thực hiện nghĩa vụ tham gia Công an nhân dân lần thứ hai; quyết định điều chỉnh số lượng, thời gian gọi công dân nhập ngũ và thực hiện nghĩa vụ tham gia Công an nhân dân đối với cấp tỉnh theo quy định tại Điều 33 của Luật này.

2. Căn cứ vào quyết định của Thủ tướng Chính phủ, Bộ trưởng Bộ Quốc phòng, Bộ trưởng Bộ Công an quyết định số lượng gọi công dân nhập ngũ và thực hiện nghĩa vụ tham gia Công an nhân dân cho đơn vị thuộc quyền ở từng địa phương cấp tỉnh.

3. Chủ tịch Ủy ban nhân dân cấp tỉnh quyết định giao số lượng gọi công dân nhập ngũ và thực hiện nghĩa vụ tham gia Công an nhân dân cho địa phương cấp xã; quyết định danh sách công dân gọi nhập ngũ và thực hiện nghĩa vụ tham gia Công an nhân dân theo đề nghị của Hội đồng nghĩa vụ quân sự cấp tỉnh.

4. Chỉ huy trưởng Bộ chỉ huy quân sự cấp tỉnh, Giám đốc Công an cấp tỉnh có trách nhiệm phối hợp, tham mưu cho Chủ tịch Ủy ban nhân dân cấp tỉnh trong việc giao số lượng gọi công dân nhập ngũ và thực hiện nghĩa vụ tham gia Công an nhân dân cho địa phương cấp xã và cơ quan, tổ chức trên địa bàn; chỉ đạo tuyển chọn công dân nhập ngũ và thực hiện nghĩa vụ tham gia Công an nhân dân.

6. Chủ tịch Ủy ban nhân dân cấp xã quyết định gọi từng công dân nhập ngũ và thực hiện nghĩa vụ tham gia Công an nhân dân. Quyết định gọi nhập ngũ, gọi thực hiện nghĩa vụ tham gia Công an nhân dân phải được giao cho công dân trước thời gian ghi trong quyết định 15 ngày.

Như vậy, Chủ tịch UBND cấp xã có thẩm quyền quyết định gọi từng công dân nhập ngũ. Quyết định gọi nhập ngũ phải được giao cho công dân trước thời gian ghi trong quyết định 15 ngày.

Tại Điều 33  Luật Nghĩa vụ quân sự 2015  quy định số lần, thời điểm gọi công dân nhập ngũ và thực hiện nghĩa vụ tham gia Công an nhân dân trong năm như sau:

Hằng năm, gọi công dân nhập ngũ và thực hiện nghĩa vụ tham gia Công an nhân dân một lần vào tháng hai hoặc tháng ba; trường hợp cần thiết vì lý do quốc phòng, an ninh thì được gọi công dân nhập ngũ và thực hiện nghĩa vụ tham gia Công an nhân dân lần thứ hai. Đối với địa phương có thảm họa hoặc dịch bệnh nguy hiểm thì được điều chỉnh thời gian gọi nhập ngũ và thực hiện nghĩa vụ tham gia Công an nhân dân.

Trên đây là thông tin ""Tạm hoãn nghĩa vụ quân sự được bao lâu 2026?""","nghia-vu-quan-su","","","","2026-02-26T16:45:00","https://thuvienphapluat.vn/hoi-dap-phap-luat/tam-hoan-nghia-vu-quan-su-duoc-bao-lau-2026-138081697.html","2026-04-21T04:37:35.186625+00:00"
"138080966","Sinh năm 2000 bao nhiêu tuổi hết gọi nghĩa vụ quân sự?","Căn cứ theo Điều 30  Luật Nghĩa vụ quân sự 2015  quy định về độ tuổi gọi nhập ngũ như sau:

Điều 30. Độ tuổi gọi nhập ngũ

Công dân đủ 18 tuổi được gọi nhập ngũ; độ tuổi gọi nhập ngũ từ đủ 18 tuổi đến hết 25 tuổi; công dân được đào tạo trình độ cao đẳng, đại học đã được tạm hoãn gọi nhập ngũ thì độ tuổi gọi nhập ngũ đến hết 27 tuổi.

Theo quy định, độ tuổi gọi nhập ngũ là từ đủ 18 tuổi đến hết 25 tuổi. Nếu công dân có trình độ cao đẳng, đại học thì độ tuổi gọi nhập ngũ kéo dài đến hết 27 tuổi.

Như vậy, công dân sinh năm 2000 hết gọi nghĩa vụ quân sự vào năm 2026 (hết 25 tuổi) nếu không học đại học, cao đẳng hoặc năm 2028 (hết 27 tuổi) nếu có học đại học, cao đẳng và được tạm hoãn nghĩa vụ.

Sinh năm 2000 bao nhiêu tuổi hết gọi nghĩa vụ quân sự? (Hình từ Internet)

Căn cứ theo khoản 1 Điều 41  Luật Nghĩa vụ quân sự 2015  được bổ sung bởi điểm c khoản 1 Điều 49  Luật Dân quân tự vệ 2019 , tạm hoãn gọi nhập ngũ đối với những công dân sau đây:

- Chưa đủ sức khỏe phục vụ tại ngũ theo kết luận của Hội đồng khám sức khỏe;

- Là lao động duy nhất phải trực tiếp nuôi dưỡng thân nhân không còn khả năng lao động hoặc chưa đến tuổi lao động; trong gia đình bị thiệt hại nặng về người và tài sản do tai nạn, thiên tai, dịch bệnh nguy hiểm gây ra được Ủy ban nhân dân cấp xã xác nhận;

- Một con của bệnh binh, người nhiễm chất độc da cam suy giảm khả năng lao động từ 61% đến 80%;

- Có anh, chị hoặc em ruột là hạ sĩ quan, binh sĩ đang phục vụ tại ngũ; hạ sĩ quan, chiến sĩ thực hiện nghĩa vụ tham gia Công an nhân dân;

- Người thuộc diện di dân, giãn dân trong 03 năm đầu đến các xã đặc biệt khó khăn theo dự án phát triển kinh tế - xã hội của Nhà nước do Ủy ban nhân dân cấp tỉnh trở lên quyết định;

- Cán bộ, công chức, viên chức, thanh niên xung phong được điều động đến công tác, làm việc ở vùng có điều kiện kinh tế - xã hội đặc biệt khó khăn theo quy định của pháp luật;

- Đang học tại cơ sở giáo dục phổ thông; đang được đào tạo trình độ đại học hệ chính quy thuộc cơ sở giáo dục đại học, trình độ cao đẳng hệ chính quy thuộc cơ sở giáo dục nghề nghiệp trong thời gian một khóa đào tạo của một trình độ đào tạo.

- Dân quân thường trực.

Căn cứ theo Điều 56  Luật Nghĩa vụ quân sự 2015  được sửa đổi bởi khoản 20 Điều 4  Luật sửa đổi 11 Luật về quân sự, quốc phòng 2025 , nhiệm vụ, quyền hạn của các bộ, cơ quan ngang bộ trong quản lý nhà nước về nghĩa vụ quân sự như sau:

- Bộ Công an chỉ đạo Công an các địa phương phối hợp với cơ quan quân sự cùng cấp tổ chức thực hiện pháp luật về nghĩa vụ quân sự.

- Bộ Y tế chỉ đạo cơ quan y tế địa phương chủ trì phối hợp với cơ quan quân sự cùng cấp và các cơ quan, đơn vị liên quan tổ chức sơ tuyển sức khỏe, khám sức khỏe nghĩa vụ quân sự; phối hợp với Bộ Quốc phòng để quy định về tiêu chuẩn sức khỏe thực hiện nghĩa vụ quân sự.

- Bộ Giáo dục và Đào tạo chủ trì phối hợp với Bộ Quốc phòng để chỉ đạo, hướng dẫn các cơ sở giáo dục, các đơn vị, cơ sở giáo dục nghề nghiệp thuộc phạm vi quản lý thực hiện pháp luật về nghĩa vụ quân sự và thực hiện đào tạo cán bộ, nhân viên chuyên môn kỹ thuật cho quân đội theo quyết định của Thủ tướng Chính phủ; tổ chức thực hiện chính sách dạy nghề đối với hạ sĩ quan, binh sĩ xuất ngũ theo quy định.

- Bộ Nội vụ tổ chức thực hiện chính sách việc làm đối với hạ sĩ quan, binh sĩ xuất ngũ theo quy định.

- Bộ Văn hóa, Thể thao và Du lịch chỉ đạo các cơ quan thông tin đại chúng tổ chức tuyên truyền, phổ biến, giáo dục pháp luật về nghĩa vụ quân sự theo quy định của pháp luật.

- Bộ, cơ quan ngang bộ và cơ quan, tổ chức trong phạm vi nhiệm vụ, quyền hạn có trách nhiệm phối hợp với Bộ Quốc phòng thực hiện quy định của pháp luật về nghĩa vụ quân sự.","nghia-vu-quan-su","","","","2026-02-22T19:00:00","https://thuvienphapluat.vn/hoi-dap-phap-luat/sinh-nam-2000-bao-nhieu-tuoi-het-goi-nghia-vu-quan-su-138080966.html","2026-04-21T04:37:38.359674+00:00"
"138079465","Không đăng ký nghĩa vụ quân sự lần đầu đối với công dân nam đủ tuổi sẽ bị phạt thế nào?","Căn cứ theo quy định tại Điều 12  Luật Nghĩa vụ quân sự 2015  quy định như sau:

Điều 12. Đối tượng đăng ký nghĩa vụ quân sự

1. Công dân nam đủ 17 tuổi trở lên.

2. Công dân nữ quy định tại khoản 2 Điều 7 của Luật này đủ 18 tuổi trở lên.”

Như vậy, theo quy định trên thì đối với công dân nam khi đủ 17 tuổi trở lên thì phải thực hiện đăng ký nghĩa vụ quân sự.

Không đăng ký nghĩa vụ quân sự lần đầu đối với công dân nam đủ tuổi sẽ bị phạt thế nào? (Hình từ Internet)

Tại Điều 8  Nghị định 218/2025/NĐ-CP  có quy định như sau:

Điều 8. Vi phạm các quy định về đăng ký nghĩa vụ quân sự

1. Phạt cảnh cáo đối với hành vi không đăng ký nghĩa vụ quân sự lần đầu đối với công dân nam đủ 17 tuổi trong năm thuộc diện phải đăng ký nghĩa vụ quân sự.

2. Phạt tiền từ 8.000.000 đồng đến 10.000.000 đồng đối với một trong các hành vi sau:

a) Tái phạm đối với hành vi vi phạm hành chính quy định tại khoản 1 Điều này;

b) Không thực hiện đăng ký phục vụ trong ngạch dự bị theo quy định;

c) Không đăng ký nghĩa vụ quân sự bổ sung khi có sự thay đổi về chức vụ công tác, trình độ học vấn, trình độ chuyên môn, tình trạng sức khỏe và thông tin khác có liên quan đến nghĩa vụ quân sự theo quy định;

d) Không thực hiện đăng ký nghĩa vụ quân sự chuyển đến khi thay đổi nơi cư trú hoặc nơi làm việc, học tập trong thời hạn 05 ngày làm việc, kể từ ngày đến nơi cư trú hoặc nơi làm việc, học tập mới;

đ) Không thực hiện đăng ký nghĩa vụ quân sự tạm vắng khi đi khỏi nơi cư trú hoặc nơi làm việc, học tập từ 03 tháng trở lên, hoặc không đăng ký lại khi trở về nơi cư trú hoặc nơi làm việc, học tập trong thời hạn 05 ngày làm việc, kể từ ngày trở về sau thời gian tạm vắng.

3. Phạt tiền từ 10.000.000 đồng đến 15.000.000 đồng đối với một trong các hành vi sau:

a) Báo cáo không đầy đủ danh sách công dân nam đủ 17 tuổi trong năm, công dân nữ có ngành nghề chuyên môn phù hợp với yêu cầu của Quân đội nhân dân trong độ tuổi thực hiện nghĩa vụ quân sự từ đủ 18 tuổi đến hết 40 tuổi;

b) Báo cáo không đầy đủ số lượng quân nhân dự bị và công dân nam trong độ tuổi thực hiện nghĩa vụ quân sự ở cơ quan, tổ chức mình theo quy định.

4. Phạt tiền từ 15.000.000 đồng đến 20.000.000 đồng đối với một trong các hành vi sau:

a) Báo cáo không chính xác danh sách công dân nam đủ 17 tuổi trong năm, công dân nữ có ngành nghề chuyên môn phù hợp với yêu cầu của Quân đội nhân dân trong độ tuổi thực hiện nghĩa vụ quân sự từ đủ 18 tuổi đến hết 40 tuổi;

b) Báo cáo không chính xác số lượng quân nhân dự bị và công dân nam trong độ tuổi thực hiện nghĩa vụ quân sự ở cơ quan, tổ chức mình theo quy định.

5. Phạt tiền từ 20.000.000 đồng đến 30.000.000 đồng đối với một trong các hành vi sau:

a) Không báo cáo danh sách công dân nam đủ 17 tuổi trong năm, công dân nữ có ngành nghề chuyên môn phù hợp với yêu cầu của Quân đội nhân dân từ đủ 18 tuổi đến hết 40 tuổi;

b) Không báo cáo số lượng quân nhân dự bị và công dân nam trong độ tuổi thực hiện nghĩa vụ quân sự ở cơ quan, tổ chức mình theo quy định.

6. Biện pháp khắc phục hậu quả:

a) Buộc thực hiện thủ tục đăng ký nghĩa vụ quân sự lần đầu; đăng ký phục vụ trong ngạch dự bị; đăng ký nghĩa vụ quân sự bổ sung; đăng ký khi thay đổi nơi cư trú hoặc nơi làm việc, học tập; đăng ký tạm vắng đối với hành vi vi phạm định tại khoản 1; các điểm a, b, c, d và đ khoản 2 Điều này;

b) Buộc thực hiện việc báo cáo theo quy định đối với hành vi vi phạm quy định tại khoản 5 Điều này.

Theo đó, hành vi không đăng ký nghĩa vụ quân sự lần đầu đối với công dân nam đủ 17 tuổi trong năm thuộc diện phải đăng ký nghĩa vụ quân sự sẽ bị phạt cảnh cáo và buộc thực hiện thủ tục đăng ký nghĩa vụ quân sự lần đầu. Tuy nhiên, nếu tái phạm thì bị phạt tiền từ 8.000.000 đồng đến 10.000.000 đồng.

Lưu ý: mức phạt trên được áp dụng đối với hành vi vi phạm hành chính của cá nhân. Đối với tổ chức có cùng hành vi vi phạm, mức phạt tiền bằng 02 lần mức phạt tiền đối với cá nhân.

Tại Điều 53  Nghị định 218/2025/NĐ-CP  có quy định về thẩm quyền xử phạt của Thanh tra quốc phòng như sau:

- Thanh tra viên Bộ Quốc phòng có quyền:

+ Phạt cảnh cáo;

+ Phạt tiền đến 7.500.000 đồng;

+ Tịch thu tang vật, phương tiện vi phạm hành chính có giá trị không vượt quá 02 lần mức tiền phạt được quy định tại điểm b khoản 1 Điều 53  Nghị định 218/2025/NĐ-CP ;

- Trưởng đoàn thanh tra cấp quân khu, Bộ Tư lệnh Thủ đô Hà Nội có quyền:

+ Phạt cảnh cáo;

+ Phạt tiền đến 37.500.000 đồng;

+ Tịch thu tang vật, phương tiện vi phạm hành chính;

+ Áp dụng biện pháp khắc phục hậu quả quy định tại các điểm a, h và i khoản 1 Điều 28 Luật Xử lý vi phạm hành chính; khoản 3 Điều 5 Nghị định này.

- Chánh Thanh tra quốc phòng quân khu, Chánh Thanh tra quốc phòng Bộ Tư lệnh Thủ đô Hà Nội có quyền:

+ Phạt cảnh cáo;

+ Phạt tiền đến 60.000.000 đồng;

+ Tịch thu tang vật, phương tiện vi phạm hành chính;

+ Áp dụng biện pháp khắc phục hậu quả quy định tại các điểm a, h và i khoản 1 Điều 28  Luật Xử lý vi phạm hành chính 2012 ; khoản 3 Điều 5  Nghị định 218/2025/NĐ-CP .

- Chánh Thanh tra Bộ Quốc phòng; Trưởng đoàn thanh tra do Chánh Thanh tra Bộ Quốc phòng thành lập có quyền:

+ Phạt cảnh cáo;

+ Phạt tiền đến 75.000.000 đồng;

+ Tịch thu tang vật, phương tiện vi phạm hành chính;

+ Áp dụng biện pháp khắc phục hậu quả quy định tại các điểm a, h và i khoản 1 Điều 28  Luật Xử lý vi phạm hành chính 2012 ; khoản 3 Điều 5  Nghị định 218/2025/NĐ-CP .","nghia-vu-quan-su","","","","2026-02-01T07:25:00","https://thuvienphapluat.vn/hoi-dap-phap-luat/khong-dang-ky-nghia-vu-quan-su-lan-dau-doi-voi-cong-dan-nam-du-tuoi-se-bi-phat-the-nao-138079465.html","2026-04-21T04:37:43.476317+00:00"
"138079463","Điều kiện để công dân nữ được tham gia nghĩa vụ quân sự 2026 là gì?","Theo khoản 2 Điều 6  Luật Nghĩa vụ quân sự 2015  thì công dân nữ trong độ tuổi thực hiện nghĩa vụ quân sự trong thời bình nếu tự nguyện và quân đội có nhu cầu thì được phục vụ tại ngũ.

Và khoản 2 Điều 7  Luật Nghĩa vụ quân sự 2015 , công dân nữ trong độ tuổi thực hiện nghĩa vụ quân sự có ngành, nghề chuyên môn phù hợp yêu cầu của Quân đội nhân dân thì được phục vụ trong ngạch dự bị.

Về độ tuổi đi nghĩa vụ quân sự, Điều 30  Luật Nghĩa vụ quân sự 2015  nêu rõ:

Công dân đủ 18 tuổi được gọi nhập ngũ; độ tuổi gọi nhập ngũ từ đủ 18 tuổi đến hết 25 tuổi; công dân được đào tạo trình độ cao đẳng, đại học đã được tạm hoãn gọi nhập ngũ thì độ tuổi gọi nhập ngũ đến hết 27 tuổi.

Điều kiện để công dân nữ được tham gia nghĩa vụ quân sự 2026 là gì? (Hình từ Internet)

Theo Điều 3  Nghị định 14/2016/NĐ-CP  quy định ngành nghề chuyên môn của công dân nữ phù hợp yêu cầu Quân đội nhân dân như sau:

- Trình độ thạc sĩ, tiến sĩ

+ Ngôn ngữ và văn hóa nước ngoài: Ngôn ngữ Anh; Ngôn ngữ Nga; Ngôn ngữ Pháp; Ngôn ngữ Trung Quốc; Ngôn ngữ Nhật;

+ Báo chí và Truyền thông: Báo chí học; Truyền thông đại chúng;

+ Văn thư - lưu trữ: Lưu trữ học; Bảo tàng học;

+ Tài chính;

+ Kế toán;

+ Luật: Luật dân sự và tố tụng dân sự; Luật hình sự và tố tụng hình sự; Luật kinh tế; Luật quốc tế;

+ Máy tính và công nghệ thông tin: Khoa học máy tính; Kỹ thuật phần mềm; Hệ thống thông tin; Công nghệ thông tin;

+ Kỹ thuật điện, điện tử và viễn thông: Kỹ thuật điện; Kỹ thuật điện tử; Kỹ thuật ra đa - dẫn đường; Kỹ thuật viễn thông; Kỹ thuật mật mã;

+ Y, Dược: Vi sinh học; Ký sinh trùng y học; Dịch tễ học; Dược lý và chất độc; Gây mê hồi sức; Hồi sức cấp cứu và chống độc; Ngoại khoa; Sản phụ khoa; Nội khoa; Thần kinh và tâm thần; Ung thư; Lao; Huyết học và truyền máu; Da liễu; Truyền nhiễm và các bệnh nhiệt đới; Tai - Mũi - Họng; Nhãn khoa; Y học dự phòng; Phục hồi chức năng; Chẩn đoán hình ảnh; Y học cổ truyền; Dinh dưỡng; Y học hạt nhân; Kỹ thuật hình ảnh y học; Vật lý trị liệu; Công nghệ dược phẩm và bào chế thuốc; Dược lý và dược lâm sàng; Dược học cổ truyền; Kiểm nghiệm thuốc và độc chất; Điều dưỡng; Răng - Hàm - Mặt.

- Trình độ cao đẳng, đại học

+ Giáo viên sư phạm: Toán học, Tin học, Vật lý, Hóa học, Sinh học, Ngữ văn, Lịch sử, Địa lý, Tiếng các dân tộc ít người, Ngoại ngữ;

+ Nghệ thuật trình diễn: Sáng tác âm nhạc; Thanh nhạc; Biên kịch sân khấu; Diễn viên sân khấu kịch hát; Đạo diễn sân khấu; Biên kịch điện ảnh - truyền hình; Diễn viên kịch - điện ảnh; Đạo diễn điện ảnh - truyền hình; Quay phim; Diễn viên múa; Biên đạo múa; Huấn luyện múa;

+ Nghệ thuật nghe nhìn: Nhiếp ảnh; Công nghệ điện ảnh - truyền hình; Thiết kế âm thanh - ánh sáng;

+ Ngôn ngữ và văn hóa nước ngoài: Ngôn ngữ Anh; Ngôn ngữ Pháp; Ngôn ngữ Nga; Ngôn ngữ Đức; Ngôn ngữ Trung Quốc; Ngôn ngữ Nhật Bản; Ngôn ngữ Hàn Quốc và các thứ tiếng khu vực Đông Nam Á;

+ Văn thư - Lưu trữ - Bảo tàng: Lưu trữ học, Bảo tàng học;

+ Tài chính;

+ Kế toán;

+ Luật: Luật kinh tế; Luật quốc tế;

+ Máy tính và công nghệ thông tin: Khoa học máy tính; Truyền thông và mạng máy tính; Kỹ thuật phần mềm; Hệ thống thông tin; Công nghệ thông tin; Tin học ứng dụng;

+ Công nghệ kỹ thuật: Công nghệ kỹ thuật điện, điện tử và viễn thông; Công nghệ hóa học, vật liệu, luyện kim và môi trường;

+ Kỹ thuật: Kỹ thuật điện, điện tử và viễn thông; Kỹ thuật hóa học, vật liệu, luyện kim và môi trường;

+ Y, Dược: Y đa khoa; Y học dự phòng; Y học cổ truyền; Y tế công cộng; Kỹ thuật hình ảnh y học; Xét nghiệm y học; Dược học; Hóa dược; Điều dưỡng; Hộ sinh; Phục hồi chức năng; Răng - Hàm - Mặt; Kỹ thuật phục hình răng.

- Trình độ trung cấp

+ Máy tính và công nghệ thông tin: Truyền thông và mạng máy tính; Công nghệ kỹ thuật phần cứng máy tính; Công nghệ kỹ thuật phần mềm máy tính; Kỹ thuật lắp ráp, sửa chữa máy tính; Quản trị hệ thống; Quản trị mạng máy tính; Lập trình/Phân tích hệ thống; Thiết kế và quản lý Website; Hệ thống thông tin văn phòng; tin học ứng dụng;

+ Công nghệ kỹ thuật: Công nghệ kỹ thuật điện, điện tử và viễn thông; Công nghệ hóa học, vật liệu, luyện kim và môi trường;

+ Y, Dược: Nữ hộ sinh; Điều dưỡng; Y học cổ truyền; Răng, Hàm, Mặt; Dược học;

+ Tài chính - Kế toán: Tài chính, Kế toán hành chính sự nghiệp, Kế toán lao động tiền lương và bảo trợ xã hội;

+ Văn thư - Lưu trữ - Bảo tàng: Văn thư - Lưu trữ, Lưu trữ và quản lý thông tin;

+ Nghệ thuật trình diễn: Sáng tác âm nhạc; Thanh nhạc; Biên kịch sân khấu; Diễn viên sân khấu kịch hát; Đạo diễn sân khấu; Biên kịch điện ảnh - truyền hình; Diễn viên kịch - điện ảnh; Đạo diễn điện ảnh - truyền hình; Quay phim; Diễn viên múa; Biên đạo múa; Huấn luyện múa;

+ Nghệ thuật nghe nhìn: Nhiếp ảnh; Công nghệ điện ảnh - truyền hình; Thiết kế âm thanh - ánh sáng;

+ Hàng không: Kiểm soát không lưu; nhóm nghề kỹ thuật điện, điện tử, viễn thông hàng không.

Tại Điều 13  Luật Nghĩa vụ quân sự 2015 , được sửa đổi bởi khoản 3 Điều 4  Luật sửa đổi 11 Luật về quân sự, quốc phòng 2025  có quy định về những đối tượng được không đăng ký nghĩa vụ quân sự như sau:

- Đang bị truy cứu trách nhiệm hình sự; đang chấp hành hình phạt tù, cải tạo không giam giữ, quản chế hoặc đã chấp hành xong hình phạt tù nhưng chưa được xóa án tích;

- Đang bị áp dụng biện pháp giáo dục tại cấp xã hoặc đưa vào trường giáo dưỡng, cơ sở giáo dục bắt buộc, cơ sở cai nghiện bắt buộc;

- Bị tước quyền phục vụ trong lực lượng vũ trang nhân dân.

Lưu ý: Khi hết thời hạn áp dụng các biện pháp quy định nêu trên, công dân được đăng ký nghĩa vụ quân sự.","nghia-vu-quan-su","","","","2026-01-30T18:00:00","https://thuvienphapluat.vn/hoi-dap-phap-luat/dieu-kien-de-cong-dan-nu-duoc-tham-gia-nghia-vu-quan-su-2026-la-gi-138079463.html","2026-04-21T04:37:47.990562+00:00"
"138078650","Tổng hợp 5 điểm mới trong công tác tuyển quân 2026 là những điểm nào?","Thiếu tướng, Phó Cục trưởng Cục Quân lực/Bộ Tổng Tham mưu QĐND Việt Nam nêu  những điểm mới trong công tác tuyển quân 2026  phù hợp chính quyền địa phương 2 cấp.

Những điểm mới trong công tác tuyển quân 2026

Đây là năm đầu tiên công tác tuyển quân được thực hiện theo mô hình chính quyền địa phương 02 cấp.

Do vậy, để công tác tuyển quân được thực hiện chặt chẽ, dân chủ, công khai, đúng quy trình, đúng luật, thống nhất trong toàn quốc, Thiếu tướng đã nêu rõ những điểm mới trong công tác tuyển chọn và gọi công dân nhập ngũ năm 2026.

Công dân đăng ký nghĩa vụ quân sự bằng hình thức trực tiếp, hoặc trực tuyến; rút ngắn thời hạn đăng ký từ 10 xuống 05 ngày

Một là, đối với công tác đăng ký nghĩa vụ quân sự và quản lý công dân trong độ tuổi thực hiện nghĩa vụ quân sự.

Từ năm 2026, công dân thực hiện đăng ký NVQS bằng hình thức trực tiếp, hoặc trực tuyến, đồng thời rút ngắn thời hạn đăng ký từ 10 ngày xuống 05 ngày.

Đây là nội dung mới nhằm triển khai thực hiện Nghị quyết số 57-NQ/TW ngày 22/12/2024 của Bộ Chính trị về đột phá phát triển khoa học, công nghệ, đổi mới sáng tạo và chuyển đổi số quốc gia và thực hiện Đề án 06 của Chính phủ, tạo điều kiện thuận lợi cho công dân thực hiện các thủ tục hành chính về lĩnh vực nghĩa vụ quân sự, góp phần cải cách thủ tục hành chính trong thực hiện nghĩa vụ quân sự.

Chủ tịch UBND cấp xã quyết định gọi từng công dân sơ tuyển, gọi khám sức khỏe nghĩa vụ quân sự, gọi nhập ngũ

Hai là, về thẩm quyền gọi sơ tuyển, gọi khám sức khỏe nghĩa vụ quân sự, gọi công dân nhập ngũ.

Chủ tịch Ủy ban nhân dân cấp tỉnh quyết định giao số lượng, danh sách gọi công dân nhập ngũ và thực hiện nghĩa vụ tham gia Công an nhân dân theo đề nghị của Hội đồng nghĩa vụ quân sự cấp tỉnh (thay thế thẩm quyền của Chủ tịch UBND cấp huyện trước đây).

Chủ tịch UBND cấp xã quyết định gọi từng công dân sơ tuyển, gọi khám sức khỏe nghĩa vụ quân sự, gọi nhập ngũ (thay thế thẩm quyền của Chỉ huy trưởng Ban Chỉ huy quân sự cấp huyện, Trưởng Công an cấp huyện trước đây).

Trách nhiệm của cấp xã trong tuyển quân 2026

Ba là, trách nhiệm của cơ quan, tổ chức, cá nhân trong tuyển quân.

a) Trách nhiệm của UBND các cấp

Thực hiện tốt công tác tuyên truyền, phổ biến, giáo dục nâng cao nhận thức, trách nhiệm thực hiện Luật Nghĩa vụ quân sự trong Nhân dân, nhất là công dân trong độ tuổi sẵn sàng gọi nhập ngũ; chỉ đạo công tác tuyển quân đúng quy định, đủ chỉ tiêu được giao, bảo đảm chất lượng.

Thành lập Hội đồng nghĩa vụ quân sự đủ số lượng, đúng thành phần quy định; giao nhiệm vụ, xác định rõ trách nhiệm cho tổ chức, cá nhân trong triển khai thực hiện.

Phát huy tốt vai trò, trách nhiệm của cả hệ thống chính trị ở địa phương; vai trò làm tham mưu của cơ quan quân sự các cấp và trách nhiệm của trưởng thôn, xóm, tổ dân phố, khu phố, ấp, bản, làng, phum, sóc trong tuyển quân.

Thực hiện tuyển quân tròn khâu, tuyển người nào chắc người đó

Giao chỉ tiêu tuyển quân phù hợp với điều kiện của từng địa phương, đơn vị, gắn với địa bàn động viên; bảo đảm tất cả các xã, phường, đặc khu đều có công dân nhập ngũ.

Thực hiện tuyển quân tròn khâu, tuyển người nào chắc người đó; tạo điều kiện thuận lợi để các đơn vị nhận quân nghiên cứu hồ sơ, chốt quân số và các đơn vị được Bộ Quốc phòng quy định tổ chức thâm nhập ba gặp, bốn biết; phối hợp với đơn vị nhận quân thực hiện bù đổi những công dân đã nhập ngũ vào đơn vị Quân đội nhưng không đủ điều kiện, tiêu chuẩn (nếu có).

Chỉ đạo Hội đồng Nghĩa vụ quân sự và các ban, ngành liên quan theo dõi, hướng dẫn, đôn đốc và kiểm tra thực hiện tốt công tác tuyển quân.

Hằng năm, chủ trì tổ chức hội nghị hiệp đồng triển khai công tác tuyển quân và tổ chức rút kinh nghiệm, sơ kết, tổng kết công tác tuyển quân theo quy định.

Giải quyết kịp thời khiếu nại, tố cáo, xử lý nghiêm những sai phạm trong tuyển quân đúng quy định của pháp luật; thông báo công khai, rộng rãi để giáo dục, tạo sự đồng thuận trong Nhân dân, phòng, chống các biểu hiện tiêu cực.

b) Trách nhiệm của UBND cấp tỉnh

Thực hiện trách nhiệm theo quy định tại Điểm a nêu trên và chỉ đạo Hội đồng nghĩa vụ quân sự, các sở, ban, ngành liên quan và UBND cấp xã, thực hiện tuyển quân đúng quy định, bảo đảm đủ chỉ tiêu, chất lượng giao quân, không ngừng nâng cao chất lượng tuyển quân hằng năm.

Trực tiếp thực hiện và chỉ đạo công tác tuyển quân; nắm chắc số công dân trong diện gọi nhập ngũ đang có mặt và vắng mặt tại địa phương.

Tổ chức tập huấn cho cán bộ, nhân viên tham gia tuyển quân; chỉ đạo thực hiện sơ tuyển, khám tuyển, xét duyệt chặt chẽ, bảo đảm dân chủ, công bằng, công khai, minh bạch.

Tạo điều kiện thuận lợi để công dân được thực hiện sơ tuyển, khám tuyển nhanh, gọn, đúng quy định; phân công thành viên Hội đồng nghĩa vụ quân sự, mỗi đồng chí theo dõi, chỉ đạo một số xã, phường, đặc khu, cơ quan, tổ chức và cùng chịu trách nhiệm về chỉ tiêu, chất lượng giao quân.

Thành lập Hội đồng khám sức khỏe nghĩa vụ quân sự khu vực và các đoàn khám sức khỏe nghĩa vụ quân sự phù hợp với từng địa bàn và chỉ tiêu được giao, bảo đảm đủ thành phần, đầy đủ trang thiết bị theo quy định.

Tổ chức địa điểm khám sức khỏe bảo đảm thuận lợi cho công dân, đủ điều kiện để khám từng chuyên khoa, phân công rõ trách nhiệm đối với tổ chức, cá nhân tham gia khám tuyển sức khỏe nghĩa vụ quân sự bảo đảm chất lượng, kết luận chính xác và chịu trách nhiệm về kết quả thực hiện.

Chốt quân số, quyết định gọi nhập ngũ của cấp xã, tỷ lệ dự phòng không quá 5% so với chỉ tiêu giao quân

Chỉ đạo tổ chức xét duyệt việc tạm hoãn gọi nhập ngũ và miễn gọi nhập ngũ chặt chẽ, dân chủ, công bằng, công khai và được Chủ tịch UBND cấp tỉnh ký ban hành Quyết định.

Chỉ đạo việc gọi khám sức khỏe nghĩa vụ quân sự phù hợp với từng địa phương; số lượng gọi khám không quá bốn lần so với chỉ tiêu gọi nhập ngũ.

Chốt quân số, quyết định gọi nhập ngũ của cấp xã, tỷ lệ dự phòng không quá 5% so với chỉ tiêu giao quân và hoàn chỉnh đầy đủ thủ tục, hồ sơ (gồm cả hồ sơ đảng viên, đoàn viên) của công dân được gọi nhập ngũ bàn giao cho đơn vị nhận quân và tổ chức Lễ Giao nhận quân tại Ban Chỉ huy phòng thủ khu vực (PTKV) hoặc cụm xã do UBND cấp tỉnh xác định.

c) Trách nhiệm của địa phương cấp xã

Thực hiện trách nhiệm theo quy định tại Điểm a nêu trên và chỉ đạo Hội đồng nghĩa vụ quân sự, các ban, ngành liên quan và các thôn thực hiện tuyển quân đúng quy định, giao quân bảo đảm đủ chỉ tiêu, chất lượng.

Các thôn tổ chức bình cử, đề xuất công dân nam trong độ tuổi thực hiện nghĩa vụ quân sự đi sơ tuyển

Chỉ đạo các thôn tổ chức bình cử, đề xuất công dân nam trong độ tuổi thực hiện nghĩa vụ quân sự đi sơ tuyển thực hiện nghĩa vụ quân sự đúng quy định.

Tổ chức sơ tuyển; lập danh sách gọi khám sức khỏe nghĩa vụ quân sự bàn giao cho Hội đồng khám sức khỏe và Ban Chỉ huy phòng thủ khu vực; gọi khám sức khỏe nghĩa vụ quân sự (số lượng gọi khám không quá bốn lần so với chỉ tiêu gọi nhập ngũ); xét duyệt công dân nhập ngũ.

Báo cáo Hội đồng nghĩa vụ quân sự cấp tỉnh qua Bộ Chỉ huy quân sự cấp tỉnh danh sách công dân đủ điều kiện gọi nhập ngũ, tạm hoãn gọi nhập ngũ và miễn gọi nhập ngũ.

Lập, hoàn chỉnh đầy đủ hồ sơ nghĩa vụ quân sự và các thủ tục liên quan đối với công dân đủ điều kiện gọi nhập ngũ để bàn giao cho Ban Chỉ huy phòng thủ khu vực.

Thực hiện công khai trên Cổng thông tin điện tử và niêm yết tại trụ sở UBND cấp xã, cơ quan, tổ chức, nơi sinh hoạt cộng đồng của các thôn theo quy định (họ và tên; ngày, tháng, năm sinh; nơi thường trú; nghề nghiệp, nơi làm việc; lý do miễn, tạm hoãn gọi nhập ngũ hoặc đủ điều kiện thực hiện nghĩa vụ quân sự và nghĩa vụ tham gia Công an nhân dân).

Trước Lễ giao nhận quân từ 03 ngày đến 05 ngày, tổ chức cấp phát quân trang cho công dân nhập ngũ theo quy định

Phối hợp với Ban Chỉ huy phòng thủ khu vực và đơn vị nhận quân hiệp đồng giao nhận quân, thống nhất chốt quân số; quyết định gọi công dân nhập ngũ.

Chỉ đạo Ban Chỉ huy quân sự cấp xã phối hợp với các ban, ngành liên quan hướng dẫn những công dân được nhận quyết định gọi nhập ngũ, lập các hồ sơ liên quan để bàn giao cho Ban Chỉ huy phòng thủ khu vực cùng với hồ sơ nghĩa vụ quân sự.

Trước Lễ giao nhận quân từ 03 ngày đến 05 ngày, tổ chức cấp phát quân trang cho công dân nhập ngũ theo quy định bảo đảm thống nhất, đúng quy định theo từng quân, binh chủng và điều kiện thời tiết, khí hậu vùng, miền.

Phối hợp với Ban Chỉ huy phòng thủ khu vực thực hiện Lễ Giao nhận quân theo quy định của Bộ Quốc phòng bảo đảm trang trọng, an toàn, là Ngày hội tòng quân ở địa phương.

Thường xuyên trao đổi thông tin về tình hình công dân được gọi nhập ngũ; phối hợp với Ban Chỉ huy phòng thủ khu vực và đơn vị nhận quân thực hiện bù đổi tại đơn vị (nếu có).

Chỉ đạo Ban Chỉ huy quân sự cấp xã phối hợp với Công an cấp xã và các ban, ngành, đoàn thể nắm chắc tiêu chuẩn chính trị, đạo đức và những vấn đề mới phát sinh của công dân chuẩn bị nhập ngũ, kịp thời thông tin và cung cấp để Ban Chỉ huy phòng thủ khu vực và đơn vị nhận quân biết, quản lý.

Phối hợp với đơn vị nhận quân và gia đình giải quyết quân nhân đào ngũ, bỏ ngũ theo quy định của pháp luật.

Như vậy, trách nhiệm của UBND các cấp trong thực hiện công tác tuyển quân 2026 có nhiều thay đổi so với trước đây để phù hợp với mô hình chính quyền địa phương 02 cấp.

UBND cấp xã cơ bản trực tiếp triển khai thực hiên tròn khâu trong tuyển quân

Trong đó, cấp xã cơ bản trực tiếp triển khai thực hiện tròn khâu trong tuyển quân, như gọi từng công dân sơ tuyển, gọi khám sức khỏe NVQS, gọi nhập ngũ.

Đối với Ban Chỉ huy phòng thủ khu vực có trách nhiệm hướng dẫn, giúp đỡ công tác tuyển quân ở địa phương, đồng thời trực tiếp tổ chức hiệp đồng giao nhận quân, hiệp đồng thâm nhập, chốt quân số, bù đổi (nếu có), tổ chức Lễ Giao nhận quân theo quyết định của Chủ tịch UBND cấp tỉnh, phối hợp giải quyết quân nhân đào bỏ ngũ.

Đối với cấp tỉnh có trách nhiệm tổ chức giao công dân cho các đơn vị nhận quân và tổ chức Lễ Giao nhận quân do Ban Chỉ huy phòng thủ khu vực thực hiện.

Bốn là, trách nhiệm của đơn vị nhận quân.

Hiệp đồng với địa phương giao quân để thống nhất về chỉ tiêu tuyển nhận, thời gian nghiên cứu hồ sơ và chốt quân số với địa phương trước 10 ngày kể từ ngày Chủ tịch UBND cấp xã quyết định gọi công dân nhập ngũ; phối hợp với Bộ Chỉ huy quân sự cấp tỉnh, Ban Chỉ huy phòng thủ khu vực, UBND cấp xã tổ chức và dự Lễ Giao nhận quân tại Ban Chỉ huy PTKV hoặc cụm xã.

Tổ chức phúc tra tiêu chuẩn chiến sĩ mới và bù đổi nếu có trong thời hạn 10 ngày kể từ ngày nhận quân

Trong thời hạn 10 ngày kể từ ngày nhận quân phải tổ chức phúc tra tiêu chuẩn chiến sĩ mới và bù đổi xong (nếu có).

Trường hợp phải chờ kết quả xác minh về chính trị, đạo đức hoặc giám định về sức khỏe thì kịp thời thông báo, hiệp đồng với Ban Chỉ huy phòng thủ khu vực, UBND cấp xã để chủ động quân số bù đổi. Thời gian bù đổi không quá 15 ngày tính từ ngày giao nhận quân.

Chịu trách nhiệm về kết quả phúc tra, thống nhất với Ban Chỉ huy phòng thủ khu vực, UBND cấp xã lập văn bản và thực hiện giao nhận quân bù đổi (nếu có) tại đơn vị.

Từ năm 2026 đối với các đơn vị cấp trung đoàn và tương đương, cần hiệp đồng chặt chẽ với Ban Chỉ huy phòng thủ khu vực, UBND các xã trên địa bàn để thống nhất về chỉ tiêu tuyển nhận, thời gian nghiên cứu hồ sơ và chốt quân số; phối hợp tổ chức Lễ Giao nhận quân, thực hiện giao nhận quân, lưu quân (nếu có) và phúc tra tiêu chuẩn chiến sĩ mới.

Thời hạn phúc tra tiêu chuẩn chiến sĩ mới có thay đổi, nới rộng thời hạn từ 07 ngày lên thành 10 ngày kể từ ngày nhận quân, các đơn vị phải tổ chức phúc tra tiêu chuẩn chiến sĩ mới và bù đổi xong (nếu có).

Đồng thời xác định việc phối hợp, hiệp đồng với Ban Chỉ huy phòng thủ khu vực và UBND cấp xã để thực hiện bù đổi.

Năm là, tổ chức hiệp đồng giao nhận quân.

Ban Chỉ huy PTKV phối hợp UBND các xã trên địa bàn để tổ chức hiệp đồng giao nhận quân với các đơn vị nhận quân cấp trung đoàn và tương đương

UBND cấp tỉnh chủ trì việc tổ chức hiệp đồng giữa địa phương với đơn vị nhận quân cấp sư đoàn, lữ đoàn và tương đương (cấp dưới trực tiếp các đơn vị trực thuộc Bộ) để thống nhất về chỉ tiêu và các mốc thời gian.

Bộ Chỉ huy quân sự cấp tỉnh chỉ đạo Ban Chỉ huy phòng thủ khu vực phối hợp UBND cấp xã hiệp đồng với đơn vị nhận quân cấp trung đoàn và tương đương (cấp dưới trực tiếp cấp sư đoàn và tương đương).

Địa phương và đơn vị phối hợp, hiệp đồng chặt chẽ trong quá trình tuyển nhận và quản lý bộ đội.

Đơn vị nhận quân cử cán bộ chỉ huy theo quy định để hiệp đồng tuyển quân với UBND cấp tỉnh, UBND cấp xã, Ban Chỉ huy phòng thủ khu vực và chịu trách nhiệm những nội dung hiệp đồng.

Điểm mới về hiệp đồng giao nhận quân là: Ban Chỉ huy PTKV phối hợp UBND các xã trên địa bàn để tổ chức hiệp đồng giao nhận quân với các đơn vị nhận quân cấp trung đoàn và tương đương.

Do có sự thay đổi để phù hợp với việc vận hành theo mô hình chính quyền địa phương 02 cấp.

...

*Trên đây là Tổng hợp 5 điểm mới trong công tác tuyển quân 2026.

Tổng hợp 5 điểm mới trong công tác tuyển quân 2026 là những điểm nào? (Hình từ Internet)

Căn cứ tại Điều 6  Luật Nghĩa vụ quân sự 2015  quy định về nghĩa vụ phục vụ tại ngũ như sau:

[1] Công dân nam trong độ tuổi thực hiện nghĩa vụ quân sự có nghĩa vụ phục vụ tại ngũ trong  Quân đội nhân dân .

[2] Công dân nữ trong độ tuổi thực hiện nghĩa vụ quân sự trong thời bình nếu tự nguyện và quân đội có nhu cầu thì được phục vụ tại ngũ.

Căn cứ tại khoản 1 Điều 31  Luật Nghĩa vụ quân sự 2015  quy định về tiêu chuẩn công dân được gọi nhập ngũ và thực hiện nghĩa vụ tham gia Công an nhân dân như sau:

Điều 31. Tiêu chuẩn công dân được gọi nhập ngũ và thực hiện nghĩa vụ tham gia Công an nhân dân

1. Công dân được gọi nhập ngũ khi có đủ các tiêu chuẩn sau đây:

a) Lý lịch rõ ràng;

b) Chấp hành nghiêm đường lối, chủ trương của Đảng, chính sách, pháp luật của Nhà nước;

c) Đủ sức khỏe phục vụ tại ngũ theo quy định;

d) Có trình độ văn hóa phù hợp.

2. Tiêu chuẩn công dân được gọi thực hiện nghĩa vụ tham gia Công an nhân dân theo quy định tại Điều 7 của Luật Công an nhân dân.

Như vậy công dân được gọi nhập ngũ khi có đủ các tiêu chuẩn sau đây:

- Lý lịch rõ ràng;

- Chấp hành nghiêm đường lối, chủ trương của Đảng, chính sách, pháp luật của Nhà nước;

- Đủ sức khỏe phục vụ tại ngũ theo quy định;

- Có trình độ văn hóa phù hợp.

*Trên đây là thông tin Tổng hợp 5 điểm mới trong công tác tuyển quân 2026 là những điểm nào?","nghia-vu-quan-su","","","","2026-01-23T16:30:00","https://thuvienphapluat.vn/hoi-dap-phap-luat/tong-hop-5-diem-moi-trong-cong-tac-tuyen-quan-2026-la-nhung-diem-nao-138078650.html","2026-04-21T04:37:50.438858+00:00"
"138078234","Lịch đi nghĩa vụ quân sự 2026 Thành phố Hà Nội theo Kế hoạch 29 là khi nào?","Ngày 19 tháng 01 năm 2026, Ủy ban nhân dân Thành phố Hà Nội đã có Kế hoạch 29/KH-UBND năm 2026   Tải về  về tổ chức Lễ giao, nhận quân năm 2026.

Theo đó, tại Tiểu mục 2 Mục 3 Kế hoạch 29/KH-UBND năm 2026 Ủy ban nhân dân Thành phố Hà Nội   Tải về  đã có thông báo về thời gian giao nhận quân năm 2026 cụ thể như sau:

III. ĐỊA ĐIỂM, THỜI GIAN

[...]

2. Thời gian

- Thời gian hoàn thành mọi công tác chuẩn bị: 17h00 ngày 02/3/2026.

- Thời gian tổng duyệt: 08h00 ngày 03/3/2026.

- Thời gian tổ chức Lễ giao, nhận quân: 08h00 ngày 04/3/2026 (tức ngày 16 tháng Giêng năm Bính Ngọ).

Như vậy, lịch đi nghĩa vụ quân sự 2026 Thành phố Hà Nội dự kiến sẽ là  ngày 04/3/2026  (tức ngày 16 tháng Giêng năm Bính Ngọ).

Theo đó, Lễ giao nhận quân sẽ diễn ra vào lúc 8h00 ngày 04/3/2026.

Xem thêm:

>>>  Lịch đi nghĩa vụ quân sự 2026 của tỉnh Bắc Ninh là khi nào?

>>>  Bộ Quốc phòng chính thức thông báo lịch đi nghĩa vụ quân sự 2026 là khi nào?

Lịch đi nghĩa vụ quân sự 2026 Thành phố Hà Nội theo Kế hoạch 29 là khi nào? (Hình từ Internet)

Căn cứ theo Điều 41  Luật Nghĩa vụ quân sự 2015  được bổ sung bởi điểm c khoản 1 Điều 49  Luật Dân quân tự vệ 2019  quy định như sau:

Điều 41. Tạm hoãn gọi nhập ngũ và miễn gọi nhập ngũ

[...]

e) Cán bộ, công chức, viên chức, thanh niên xung phong được điều động đến công tác, làm việc ở vùng có điều kiện kinh tế - xã hội đặc biệt khó khăn theo quy định của pháp luật;

g) Đang học tại cơ sở giáo dục phổ thông; đang được đào tạo trình độ đại học hệ chính quy thuộc cơ sở giáo dục đại học, trình độ cao đẳng hệ chính quy thuộc cơ sở giáo dục nghề nghiệp trong thời gian một khóa đào tạo của một trình độ đào tạo.

h) Dân quân thường trực

2. Miễn gọi nhập ngũ đối với những công dân sau đây:

a) Con của liệt sĩ, con của thương binh hạng một;

b) Một anh hoặc một em trai của liệt sĩ;

c) Một con của thương binh hạng hai; một con của bệnh binh suy giảm khả năng lao động từ 81% trở lên; một con của người nhiễm chất độc da cam suy giảm khả năng lao động từ 81 % trở lên;

d) Người làm công tác cơ yếu không phải là quân nhân, Công an nhân dân;

đ) Cán bộ, công chức, viên chức, thanh niên xung phong được điều động đến công tác, làm việc ở vùng có điều kiện kinh tế - xã hội đặc biệt khó khăn theo quy định của pháp luật từ 24 tháng trở lên.

3. Công dân thuộc diện tạm hoãn gọi nhập ngũ quy định tại khoản 1 Điều này, nếu không còn lý do tạm hoãn thì được gọi nhập ngũ.

Công dân thuộc diện được tạm hoãn gọi nhập ngũ hoặc được miễn gọi nhập ngũ quy định tại khoản 1 và khoản 2 Điều này, nếu tình nguyện thì được xem xét tuyển chọn và gọi nhập ngũ.

4. Danh sách công dân thuộc diện được tạm hoãn gọi nhập ngũ, được miễn gọi nhập ngũ phải được niêm yết công khai tại trụ sở Ủy ban nhân dân cấp xã, cơ quan, tổ chức trong thời hạn 20 ngày.

Như vậy, đối tượng được miễn nghĩa vụ quân sự gồm:

[1]  Con của liệt sĩ, con của thương binh hạng một;

[2]  Một anh hoặc một em trai của liệt sĩ;

[3]  Một con của thương binh hạng hai; một con của bệnh binh suy giảm khả năng lao động từ 81% trở lên; một con của người nhiễm chất độc da cam suy giảm khả năng lao động từ 81 % trở lên;

[4]  Người làm công tác cơ yếu không phải là quân nhân, Công an nhân dân;

[5]  Cán bộ, công chức, viên chức, thanh niên xung phong được điều động đến công tác, làm việc ở vùng có điều kiện kinh tế - xã hội đặc biệt khó khăn theo quy định của pháp luật từ 24 tháng trở lên.

Căn cứ theo Điều 30  Luật Nghĩa vụ quân sự 2015  quy định về độ tuổi gọi nhập ngũ như sau:

Điều 30. Độ tuổi gọi nhập ngũ

Công dân đủ 18 tuổi được gọi nhập ngũ; độ tuổi gọi nhập ngũ từ đủ 18 tuổi đến hết 25 tuổi; công dân được đào tạo trình độ cao đẳng, đại học đã được tạm hoãn gọi nhập ngũ thì độ tuổi gọi nhập ngũ đến hết 27 tuổi.

Như vậy, từ 26 tuổi trở đi thì không còn thuộc độ tuổi gọi đi nghĩa vụ quân sự nữa. Tuy nhiên, đối với công dân học cao đẳng, đại học đã được tạm hoãn gọi nhập ngũ thì từ 28 tuổi trở đi mới hết gọi đi nghĩa vụ quân sự.","nghia-vu-quan-su","","","","2026-01-20T16:55:00","https://thuvienphapluat.vn/hoi-dap-phap-luat/lich-di-nghia-vu-quan-su-2026-thanh-pho-ha-noi-theo-ke-hoach-29-la-khi-nao-138078234.html","2026-04-21T04:37:58.551970+00:00"
"138078236","8 điểm giao nhận quân 2026 tại TP Hà Nội ở đâu?","Ngày 19 tháng 01 năm 2026, Ủy ban nhân dân Thành phố Hà Nội đã có Kế hoạch 29/KH-UBND năm 2026   Tải về  về tổ chức Lễ giao, nhận quân năm 2026.

Theo đó, tại Tiểu mục 1 Mục 3 Kế hoạch 29/KH-UBND năm 2026 Ủy ban nhân dân Thành phố Hà Nội   Tải về  đã có thông báo 8 điểm giao nhận quân 2026 tại TP Hà Nội cụ thể như sau:

[1] Ban Chỉ huy phòng thủ khu vực 1 - Sóc Sơn tổ chức 01 địa điểm:

Điểm giao, nhận quân số 1: Ban Chỉ huy PTKV 1 - Sóc Sơn tại Sân Vận động xã Sóc Sơn; gồm các xã: Thư Lâm, Phúc Thịnh, Mê Linh, Yên Lãng, Tiến Thắng, Quang Minh, Sóc Sơn, Đa Phúc, Nội Bài, Trung Giã, Kim Anh (11 xã).

[2] Ban Chỉ huy phòng thủ khu vực 2 - Phúc Thọ tổ chức 02 địa điểm:

+ Điểm giao, nhận quân số 2: Ban Chỉ huy PTKV 2 - Phúc Thọ tại Sân Vận động phường Sơn Tây; gồm các xã, phường: Ba Vì, Suối Hai, Bất Bạt, Cổ Đô, Vật Lại, Minh Châu, Quảng Oai, Yên Bài, Tùng Thiện, Sơn Tây, Đoài Phương, Phúc Thọ, Phúc Lộc, Đan Phượng, Hát Môn, Liên Minh (16 xã, phường).

+ Điểm giao, nhận quân số 3: Ban Chỉ huy PTKV 2 - Phúc Thọ tại Quảng trường Trạng Bùng Phùng Khắc Khoan xã Thạch Thất; gồm các xã, phường: Ô Diên, Hoài Đức, Thạch Thất, Hạ Bằng, Tây Phương, Hòa Lạc, Yên Xuân, Dương Hòa, Sơn Đồng, Quốc Oai, Phú Cát, Kiều Phú, Hưng Đạo, An Khánh, Phú Nghĩa, Chương Mỹ, Xuân Mai, Dương Nội, Yên Nghĩa (19 xã, phường).

[3] Ban Chỉ huy phòng thủ khu vực 3 - Hồng Hà tổ chức 02 địa điểm.

+ Điểm giao, nhận quân số 4: Ban Chỉ huy PTKV 3 - Hồng Hà tại Trung tâm Văn hóa thông tin & thể thao phường Ngọc Hà; gồm các phường: Ngọc Hà, Phú Thượng, Hồng Hà, Tây Hồ, Ba Đình, Giảng Võ, Ô chợ Dừa, Láng, Đống Đa, Văn Miếu-Quốc Tử Giám, Kim Liên, Bạch Mai, Hai Bà Trưng, Vĩnh Tuy, Cửa Nam, Hoàn Kiếm, Tương Mai (17 phường).

+ Điểm giao, nhận quân số 5: Ban Chỉ huy PTKV 3 - Hồng Hà tại Quảng trường Sân vận động Mỹ Đình; gồm các phường: Phú Diễn, Thượng Cát, Đông Ngạc, Tây Tựu, Xuân Phương, Từ Liêm, Tây Mỗ, Đại Mỗ, Thanh Xuân, Khương Đình, Phương Liệt, Yên Hòa, Cầu Giấy, Nghĩa Đô, Xuân Đỉnh (15 phường).

[4] Ban Chỉ huy phòng thủ khu vực 4 - Gia Lâm tổ chức 01 địa điểm:

Điểm giao, nhận quân số 6: Ban Chỉ huy PTKV 4 - Gia Lâm tại Trung Tâm Văn hóa thông tin & thể thao xã Gia Lâm; gồm các xã, phường: Long Biên, Bồ Đề, Việt Hưng, Phúc Lợi, Gia Lâm, Thuận An, Bát Tràng, Phù Đổng, Đông Anh, Thiên Lộc, Vĩnh Thanh (11 xã, phường).

[5] Ban Chỉ huy phòng thủ khu vực 5 - Thanh Oai tổ chức 02 địa điểm:

+ Điểm giao, nhận quân số 7: Ban Chỉ huy PTKV 5 - Thanh Oai tại Sân vận động xã Thanh Trì; gồm các xã, phường: Thường Tín, Thượng Phúc, Chương Dương, Thanh Trì, Nam Phù, Ngọc Hồi, Đại Thanh, Thanh Liệt, Lĩnh Nam, Hoàng Mai, Vĩnh Hưng, Định Công, Hoàng Liệt, Yên Sở, Hồng Vân, Phú Xuyên, Chuyên Mỹ, Đại Xuyên, Phượng Dực, (19 xã, phường).

+ Điểm giao, nhận quân số 8: Ban Chỉ huy PTKV 5 - Thanh Oai tại Sân vận động xã Thanh Oai; gồm các xã, phường: Thanh Oai, Bình Minh, Tam Hưng, Dân Hòa, Trần Phú, Hòa Phú, Quảng Bị, Hà Đông, Kiến Hưng, Phú Lương, Vân Đình, Ứng Thiên, Hòa Xá, Ứng Hòa, Mỹ Đức, Hồng Sơn, Phúc Sơn, Hương Sơn (18 xã, phường).

Xem thêm:

>>>  Lịch đi nghĩa vụ quân sự 2026 của tỉnh Bắc Ninh là khi nào?

>>>  Bộ Quốc phòng chính thức thông báo lịch đi nghĩa vụ quân sự 2026 là khi nào?

8 điểm giao nhận quân 2026 tại TP Hà Nội ở đâu? (Hình từ Internet)

Căn cứ theo khoản 4 Điều 4  Luật Nghĩa vụ quân sự 2015  được sửa đổi bởi khoản 2 Điều 4  Luật Sửa đổi 11 Luật về quân sự, quốc phòng 2025  quy định công dân thuộc một trong các trường hợp sau được công nhận hoàn thành  nghĩa vụ quân sự  tại ngũ trong thời bình:

- Dân quân thường trực có ít nhất 24 tháng phục vụ thì được công nhận hoàn thành thực hiện nghĩa vụ quân sự trong thời bình do Tư lệnh Bộ Tư lệnh Thủ đô Hà Nội, Tư lệnh Bộ Tư lệnh Thành phố Hồ Chí Minh, Chỉ huy trưởng Bộ chỉ huy quân sự cấp tỉnh (sau đây gọi là Chỉ huy trưởng Bộ chỉ huy quân sự cấp tỉnh) quyết định theo đề nghị của Chủ tịch Ủy ban nhân dân cấp xã, người đứng đầu cơ quan, tổ chức;

- Hoàn thành nhiệm vụ tham gia Công an xã liên tục từ đủ 36 tháng trở lên;

- Cán bộ, công chức, viên chức, sinh viên tốt nghiệp đại học trở lên, đã được đào tạo và phong quân hàm sĩ quan dự bị;

- Thanh niên đã tốt nghiệp đại học, cao đẳng, trung cấp tình nguyện phục vụ tại đoàn kinh tế - quốc phòng từ đủ 24 tháng trở lên theo Đề án do Thủ tướng Chính phủ quyết định;

- Công dân phục vụ trên tàu kiểm ngư từ đủ 24 tháng trở lên.

Căn cứ theo Điều 13  Luật Nghĩa vụ quân sự 2015  được sửa đổi bởi khoản 3 Điều 4  Luật Sửa đổi 11 Luật về quân sự, quốc phòng 2025  quy định về đối tượng không được  đăng ký nghĩa vụ quân sự  như sau:

Điều 13. Đối tượng không được đăng ký nghĩa vụ quân sự

1. Công dân thuộc một trong các trường hợp sau đây không được đăng ký nghĩa vụ quân sự:

a) Đang bị truy cứu trách nhiệm hình sự; đang chấp hành hình phạt tù, cải tạo không giam giữ, quản chế hoặc đã chấp hành xong hình phạt tù nhưng chưa được xóa án tích;

b) Đang bị áp dụng biện pháp giáo dục tại cấp xã hoặc đưa vào trường giáo dưỡng, cơ sở giáo dục bắt buộc, cơ sở cai nghiện bắt buộc;

c) Bị tước quyền phục vụ trong lực lượng vũ trang nhân dân.

2. Khi hết thời hạn áp dụng các biện pháp quy định tại khoản 1 Điều này, công dân được đăng ký nghĩa vụ quân sự.

Như vậy, người đang bị áp dụng biện pháp giáo dục tại cấp xã không được đăng ký nghĩa vụ quân sự.

*Trên đây là bài viết thông tin về 8 điểm giao nhận quân 2026 tại TP Hà Nội ở đâu?","nghia-vu-quan-su","","","","2026-01-20T16:53:00","https://thuvienphapluat.vn/hoi-dap-phap-luat/8-diem-giao-nhan-quan-2026-tai-tp-ha-noi-o-dau-138078236.html","2026-04-21T04:38:02.372859+00:00"
"138033600","Mẫu lý lịch nghĩa vụ quân sự năm 2026 và hướng dẫn cách ghi?","Đầu tiên, tại Điều 7  Luật nghĩa vụ quân sự 2015  đã quy định rõ về tiêu chuẩn công dân được gọi nhập ngũ như sau:

- Lý lịch rõ ràng;

- Chấp hành nghiêm đường lối, chủ trương của Đảng, chính sách, pháp luật của Nhà nước;

- Đủ sức khỏe phục vụ tại ngũ theo quy định;

- Có trình độ văn hóa phù hợp.

Do đó, lý lịch nghĩa vụ quân sự là một trong những tiêu chuẩn rất quan trọng đối với công dân khi nhập ngũ.

Dưới đây là mẫu lý lịch nghĩa vụ quân sự năm 2026:

Tải về

Hướng dẫn cách ghi mẫu lý lịch nghĩa vụ quân sự năm 2026:

Mục 1:  Phần khai sơ yếu lý lịch

Công dân khai như khi khai sơ yếu lý lịch thông thường gồm:

- Họ, tên thường dùng và tên khai sinh: Viết hoa ví dụ như: NGUYỄN VĂN B.

- Ngày, tháng, năm sinh: Ghi theo giấy khai sinh.

- Số CMND/CCCD: Ghi theo số định danh cá nhân (số căn cước công dân có trên thẻ CCCD).

- Nơi đăng ký khai sinh: Ghi theo nơi sinh trên giấy khai sinh ví dụ: 541 Núi Thành, Phường Hòa Cường Nam, Quận Hải Châu, thành phố Đà Nẵng.

- Quê quán: Ghi theo giấy khai sinh. Nếu trong giấy khai sinh không có thì ghi theo nơi sinh của cha đẻ hoặc ông nội. Trong đó, ghi rõ tên xã, huyện, tỉnh.

- Dân tộc, tôn giáo: Ghi theo giấy khai sinh. Nếu tôn giáo không có thì ghi là “Không”.

- Nơi đăng ký hộ khẩu thường trú: Ghi theo sổ hộ khẩu.

- Nơi ở hiện tại: Ghi đầy đủ số nhà, đường phố, xóm, thôn, xã, huyện, tỉnh… nơi bản thân đang sinh sống.

Ví dụ:  541 Núi Thành, Phường Hòa Cường Nam, Quận Hải Châu, thành phố Đà Nẵng.

- Thành phần gia đình: Ghi rõ cá thành viên trong gia đình.

- Thành phần bản thân: Ghi rõ về bản thân đang là gì… hoặc sống phụ thuộc gia đình.

- Trình độ văn hóa: Ghi rõ là 12/12 hoặc 10/10 hoặc đại học hoặc trên đại học.

- Trình độ ngoại ngữ: Ghi theo trình độ tiếng anh đã được học tại trường.

- Ngày vào Đảng Cộng sản Việt Nam hoặc Đoàn Thanh niên cộng sản Hồ Chí Minh: Ghi rõ ngày, tháng, năm vào Đảng hoặc Đoàn và ngày, tháng, năm được vào Đảng chính thức.

- Khen thưởng, kỷ luật: Nếu được nhận bằng khen hoặc khen thưởng hoặc bị kỷ luật thì cũng ghi cụ thể, rõ ràng.

- Nghề nghiệp, lương, ngạch, bậc: Ghi nghề nghiệp hiện tại đang làm. Nếu đang làm việc trong cơ quan Nhà nước và nhận lương theo ngạch, hạng, bậc thì ghi rõ, cụ thể.

- Nơi làm việc (học tập): Ghi theo địa chỉ thực tế đang làm hoặc học tập.

- Họ, tên cha, mẹ, sinh năm, nghề nghiệp và tình trạng sống, chết của cha, mẹ, vợ hoặc chồng: Ghi theo thực tế.

- Bản thân có bao nhiêu người con, là con trai hay con gái trong gia đình.

Mục 2:  Phần khai tình hình kinh tế, chính trị của gia đình

Tại phần này, công dân ghi rõ cha, mẹ đẻ hoặc người nuôi dưỡng bản thân và của vợ/chồng (nếu có); anh, chị, em ruột; con đẻ, con nuôi… những nội dung sau:

- Họ, tên, năm sinh, nghề nghiệp, quê quán.

- Tình hình kinh tế, chính trị của từng người.

Mục 3:  Phần khai tình hình kinh tế, chính trị, quá trình công tác của bản thân.

Ở mục này, công dân cần nêu rõ về thời gian, kết quả học tập, rèn luyện từ khi còn nhỏ cho đến thời điểm khai lý lịch nghĩa vụ quân sự.

Mẫu lý lịch nghĩa vụ quân sự năm 2026 và hướng dẫn cách ghi? (Hình từ Internet)

Căn cứ theo Điều 16  Luật Nghĩa vụ quân sự 2015  việc đăng ký nghĩa vụ quân sự lần đầu quy định như sau:

- Tháng một hằng năm, Chủ tịch Ủy ban nhân dân cấp xã, người đứng đầu hoặc người đại diện hợp pháp của cơ quan, tổ chức báo cáo Ban Chỉ huy quân sự cấp huyện danh sách công dân nam đủ 17 tuổi trong năm và công dân nam trong độ tuổi thực hiện nghĩa vụ quân sự chưa đăng ký nghĩa vụ quân sự.

- Tháng tư hằng năm, Chỉ huy trưởng Ban Chỉ huy quân sự cấp huyện ra lệnh gọi công dân quy định tại khoản 1 Điều 16 Luật Nghĩa vụ quân sự 2015 để đăng ký nghĩa vụ quân sự lần đầu.

- Công dân đăng ký nghĩa vụ quân sự lần đầu phải trực tiếp đăng ký tại cơ quan đăng ký nghĩa vụ quân sự quy định tại Điều 15 Luật Nghĩa vụ quân sự 2015.

Căn cứ theo Điều 14  Luật Quân nhân chuyên nghiệp, công nhân và viên chức quốc phòng 2015  quy định về việc tuyển chọn, tuyển dụng quân nhân chuyên nghiệp cụ thể như sau:

Điều 14. Tuyển chọn, tuyển dụng quân nhân chuyên nghiệp

1. Đối tượng tuyển chọn:

a) Sĩ quan Quân đội nhân dân Việt Nam trong trường hợp thay đổi tổ chức, biên chế mà chức vụ đang đảm nhiệm không còn nhu cầu bố trí sĩ quan;

b) Hạ sĩ quan, binh sĩ hết thời hạn phục vụ tại ngũ, đang phục vụ trong ngạch dự bị của quân đội;

c) Công nhân và viên chức quốc phòng.

2. Đối tượng tuyển dụng:

Công dân Việt Nam không thuộc đối tượng quy định tại khoản 1 Điều này, thường trú trên lãnh thổ Việt Nam, đủ 18 tuổi trở lên.

3. Điều kiện, tiêu chuẩn tuyển chọn, tuyển dụng gồm:

a) Có phẩm chất chính trị, đạo đức, sức khỏe, lý lịch rõ ràng và tự nguyện phục vụ quân đội;

b) Có văn bằng, chứng chỉ chuyên môn kỹ thuật, nghiệp vụ phù hợp với chức danh của quân nhân chuyên nghiệp.

4. Hình thức tuyển chọn, tuyển dụng là xét tuyển hoặc thi tuyển. Trường hợp tốt nghiệp đại học hệ chính quy loại giỏi, xuất sắc hoặc có trình độ kỹ thuật nghiệp vụ bậc cao thì được tuyển chọn, tuyển dụng thông qua xét tuyển.

Như vậy, theo quy định trên thì đối với hạ sĩ quan, binh sĩ hết thời hạn phục vụ tại ngũ có thể được tuyển chọn trở thành quân nhân chuyên nghiệp nếu đáp ứng các điều kiện sau đây:

- Có phẩm chất chính trị, đạo đức, sức khỏe, lý lịch rõ ràng và tự nguyện phục vụ quân đội.

- Có văn bằng, chứng chỉ chuyên môn kỹ thuật, nghiệp vụ phù hợp với chức danh của quân nhân chuyên nghiệp.","nghia-vu-quan-su","","","","2026-01-01T14:45:00","https://thuvienphapluat.vn/hoi-dap-phap-luat/mau-ly-lich-nghia-vu-quan-su-nam-2025-va-huong-dan-cach-ghi-138033600.html","2026-04-21T04:38:07.010565+00:00"
"138073457","03 bước đăng ký nghĩa vụ quân sự lần đầu từ 10/12/2025 theo Quyết định 6375 thế nào?","Căn cứ theo Mục 1 Phần 2 Thủ tục hành chính được sửa đổi, bổ sung lĩnh vực nghĩa vụ quân sự thuộc phạm vi chức năng quản lý của Bộ Quốc phòng ban hành kèm theo  Quyết định 6375/QĐ-BQP năm 2025 , từ ngày 10/12/2025, 03 bước đăng ký nghĩa vụ quân sự lần đầu thực hiện như sau:

Bước 1:  Trước thời hạn 05 ngày, tính đến ngày đăng ký nghĩa vụ quân sự, Ban Chỉ huy quân sự cấp xã, cơ quan, tổ chức có trách nhiệm chuyển quyết định gọi đăng ký nghĩa vụ quân sự đến công dân.

Trường hợp cơ quan, tổ chức không có Ban Chỉ huy quân sự, thì người đứng đầu hoặc người đại diện hợp pháp của cơ quan, tổ chức có trách nhiệm chuyển quyết định gọi đăng ký nghĩa vụ quân sự đến công dân.

Bước 2:  Sau khi nhận được quyết định gọi đăng ký nghĩa vụ quân sự của Chủ tịch Ủy ban nhân nhân cấp xã, công dân thuộc đối tượng quy định tại Điều 12 Luật Nghĩa vụ quân sự 2015 có trách nhiệm đăng ký nghĩa vụ quân sự trực tuyến hoặc đến đăng ký trực tiếp tại Ban Chỉ huy quân sự cấp xã.

Trường hợp cơ quan, tổ chức không có Ban Chỉ huy quân sự, thì người đứng đầu hoặc người đại diện hợp pháp của cơ quan, tổ chức có trách nhiệm chuyển quyết định gọi đăng ký nghĩa vụ quân sự đến công dân, tổ chức cho công dân đăng ký nghĩa vụ quân sự lần đầu tại nơi cư trú.

Bước 3 : Trong thời hạn 01 ngày, Ban Chỉ huy quân sự cấp xã có trách nhiệm hướng dẫn công dân khai Phiếu tự khai sức khỏe nghĩa vụ quân sự, đăng ký các thông tin cần thiết của công dân vào Sổ danh sách công dân nam đủ 17 tuổi trong năm, Sổ đăng ký công dân sẵn sàng nhập ngũ và chuyển Giấy chứng nhận đăng ký nghĩa vụ quân sự cho công dân ngay sau khi đăng ký.

Cách thức thực hiện:  Người làm thủ tục đăng ký nghĩa vụ quân sự lần đầu thực hiện trực tuyến hoặc trực tiếp đến Ban Chỉ huy quân sự cấp xã đăng ký nghĩa vụ quân sự.

Xem thêm

Mức phạt tiền hành vi đưa tiền làm sai lệch kết quả phân loại sức khỏe nhằm trốn nghĩa vụ quân sự là bao nhiêu?

Công ty có phải chi trả chế độ cho người lao động trong thời gian thực hiện khám, kiểm tra sức khỏe nghĩa vụ quân sự không?

03 bước đăng ký nghĩa vụ quân sự lần đầu từ 10/12/2025 theo Quyết định 6375 thế nào? (Hình từ Internet)

Căn cứ theo Điều 37  Luật Nghĩa vụ quân sự 2015  được sửa đổi bởi khoản 14 Điều 4  Luật sửa đổi 11 Luật về quân sự, quốc phòng 2025 , Hội đồng nghĩa vụ quân sự cấp tỉnh thực hiện các nhiệm vụ sau:

- Giúp Ủy ban nhân dân cấp tỉnh chỉ đạo kiểm tra, đôn đốc cơ quan, tổ chức thực hiện việc đăng ký nghĩa vụ quân sự và quản lý công dân trong độ tuổi thực hiện nghĩa vụ quân sự; chuẩn bị cho công dân phục vụ tại ngũ, kế hoạch tuyển chọn gọi công dân nhập ngũ và thực hiện nghĩa vụ tham gia Công an nhân dân; thực hiện tuyển chọn công dân nhập ngũ và thực hiện nghĩa vụ tham gia Công an nhân dân; huấn luyện hạ sĩ quan, binh sĩ dự bị và thực hiện các chế độ, chính sách đối với hạ sĩ quan, binh sĩ trên địa bàn.

- Báo cáo Ủy ban nhân dân cấp tỉnh quyết định công dân được gọi nhập ngũ, tạm hoãn gọi nhập ngũ và miễn gọi nhập ngũ, miễn thực hiện nghĩa vụ quân sự và thực hiện nghĩa vụ tham gia Công an nhân dân.

- Chỉ đạo Ủy ban nhân dân cấp xã tổ chức thực hiện quy định của pháp luật về nghĩa vụ quân sự và chỉ đạo, hướng dẫn hoạt động của Hội đồng nghĩa vụ quân sự cấp xã.

- Giúp Ủy ban nhân dân cấp tỉnh chỉ đạo, tổ chức bàn giao công dân được gọi nhập ngũ, thực hiện nghĩa vụ tham gia Công an nhân dân cho các đơn vị quân đội và công an; tổ chức tiếp nhận hạ sĩ quan, binh sĩ xuất ngũ.

- Giúp Ủy ban nhân dân cấp tỉnh kiểm tra, hướng dẫn cơ quan, tổ chức liên quan trong việc thực hiện chính sách hậu phương quân đội và quản lý công dân trong diện thực hiện nghĩa vụ quân sự ở địa phương.

- Giúp Chủ tịch Ủy ban nhân dân cấp tỉnh xem xét, giải quyết khiếu nại, tố cáo trong việc thực hiện pháp luật về nghĩa vụ quân sự.

Căn cứ theo Điều 39  Luật Nghĩa vụ quân sự 2015  được sửa đổi bởi khoản 15 Điều 4  Luật sửa đổi 11 Luật về quân sự, quốc phòng 2025 , Hội đồng nghĩa vụ quân sự cấp xã thực hiện các nhiệm vụ sau:

- Giúp Ủy ban nhân dân cấp xã tổ chức tuyên truyền, phổ biến pháp luật về nghĩa vụ quân sự; tổ chức cho công dân đăng ký nghĩa vụ quân sự, sơ tuyển nghĩa vụ quân sự và khám sức khỏe.

- Báo cáo Ủy ban nhân dân cấp xã và Hội đồng nghĩa vụ quân sự cấp tỉnh danh sách công dân được gọi nhập ngũ, tạm hoãn gọi nhập ngũ, miễn gọi nhập ngũ và thực hiện nghĩa vụ tham gia Công an nhân dân.

- Tổ chức cho công dân thực hiện quyết định gọi sơ tuyển, quyết định gọi khám sức khỏe nghĩa vụ quân sự, quyết định gọi nhập ngũ và thực hiện nghĩa vụ tham gia Công an nhân dân; quyết định gọi tập trung huấn luyện, diễn tập, quyết định kiểm tra sẵn sàng động viên, sẵn sàng chiến đấu.

- Giúp Ủy ban nhân dân cấp xã kiểm tra, hướng dẫn cơ quan, tổ chức liên quan trong việc thực hiện chính sách hậu phương quân đội và quản lý công dân trong diện thực hiện nghĩa vụ quân sự ở địa phương.

- Giúp Chủ tịch Ủy ban nhân dân cấp xã xem xét, giải quyết khiếu nại, tố cáo trong việc thực hiện pháp luật về nghĩa vụ quân sự.","nghia-vu-quan-su","","","","2025-12-11T09:15:00","https://thuvienphapluat.vn/hoi-dap-phap-luat/03-buoc-dang-ky-nghia-vu-quan-su-lan-dau-tu-10122025-theo-quyet-dinh-6375-the-nao-138073457.html","2026-04-21T04:38:10.426399+00:00"
"138072508","Mức phạt tiền hành vi đưa tiền làm sai lệch kết quả phân loại sức khỏe nhằm trốn nghĩa vụ quân sự là bao nhiêu?","Căn cứ tại điểm a khoản 5 Điều 9  Nghị định 218/2025/NĐ-CP  quy định như sau:

Điều 9. Vi phạm quy định về sơ tuyển sức khỏe; khám sức khỏe thực hiện nghĩa vụ quân sự, nghĩa vụ tham gia Công an nhân dân

[...]

5. Phạt tiền từ 30.000.000 đồng đến 40.000.000 đồng đối với một trong các hành vi sau:

a) Người được khám sức khỏe có hành vi gian dối làm sai lệch kết quả phân loại sức khỏe của mình nhằm trốn tránh nghĩa vụ quân sự; nghĩa vụ tham gia Công an nhân dân;

b) Đưa hoặc nhận tiền, tài sản, hoặc lợi ích vật chất khác trị giá đến dưới 2.000.000 đồng cho cán bộ, nhân viên y tế hoặc người khác để làm sai lệch kết quả phân loại sức khỏe của người được kiểm tra hoặc người được khám sức khỏe nghĩa vụ quân sự; khám sức khỏe nghĩa vụ tham gia Công an nhân dân nhằm trốn tránh nghĩa vụ quân sự, nghĩa vụ tham gia Công an nhân dân.

[...]

Như vậy, người được khám sức khỏe có hành vi đưa tiền dưới 2.000.000 đồng cho cán bộ, nhân viên y tế hoặc người khác để làm sai lệch kết quả phân loại sức khỏe của mình nhằm trốn tránh nghĩa vụ quân sự có thể bị xử phạt vi phạm hành chính với mức phạt tiền từ 30.000.000 đồng đến 40.000.000 đồng.

Lưu ý:  Mức phạt tiền quy định trên là mức phạt được áp dụng đối với hành vi vi phạm hành chính của cá nhân. Đối với tổ chức có cùng hành vi vi phạm, mức phạt tiền bằng 02 lần mức phạt tiền đối với cá nhân.

Trên đây là thông tin: Mức phạt tiền hành vi đưa tiền làm sai lệch kết quả phân loại sức khỏe nhằm trốn nghĩa vụ quân sự là bao nhiêu?

Xem thêm:

>>>  Tiêu chuẩn đi nghĩa vụ quân sự 2026 cần đáp ứng là gì?

>>>  Người Việt Nam có 2 quốc tịch thì có phải tham gia nghĩa vụ quân sự không?

Mức phạt tiền hành vi đưa tiền làm sai lệch kết quả phân loại sức khỏe nhằm trốn nghĩa vụ quân sự là bao nhiêu? (Hình từ Internet)

Căn cứ theo Điều 7  Thông tư 105/2023/TT-BQP  được sửa đổi bởi khoản 2 Điều 1  Thông tư 106/2025/TT-BQP  quy định sơ tuyển sức khỏe nghĩa vụ quân sự như sau:

Điều 7. Sơ tuyển sức khỏe nghĩa vụ quân sự

1. Trạm y tế cấp xã thực hiện sơ tuyển sức khỏe nghĩa vụ quân sự dưới sự chỉ đạo, hướng dẫn về chuyên môn, nghiệp vụ của Sở Y tế hoặc bệnh viện, trung tâm y tế trực thuộc Sở Y tế; giám sát của Ban chỉ huy quân sự cấp xã, Ban chỉ huy phòng thủ khu vực.

2. Nội dung sơ tuyển sức khỏe

a) Khai thác tiền sử bệnh tật bản thân và gia đình;

b) Phát hiện những trường hợp không đủ sức khỏe về thể lực, dị tật, dị dạng quy định tại Mục I, Mục II Phụ lục I ban hành kèm theo Thông tư này; những bệnh thuộc diện miễn đăng ký nghĩa vụ quân sự quy định tại Mục III Phụ lục I ban hành kèm theo Thông tư này.

3. Quy trình sơ tuyển sức khỏe

a) Căn cứ kế hoạch tuyển chọn và gọi công dân nhập ngũ của Hội đồng nghĩa vụ quân sự cấp xã, Ban chỉ huy quân sự cấp xã lập danh sách, tham mưu Chủ tịch Ủy ban nhân dân cấp xã gọi khám sơ tuyển đối với công dân thuộc diện khám sức khỏe thực hiện nghĩa vụ quân sự trên địa bàn quản lý;

b) Tổ chức sơ tuyển sức khỏe theo quy định tại khoản 2 Điều này;

c) Hoàn chỉnh thông tin sức khỏe của công dân được gọi khám sơ tuyển sức khỏe thực hiện nghĩa vụ quân sự theo Mẫu 2 Phụ lục V ban hành kèm theo Thông tư này;

d) Lập danh sách công dân mắc các bệnh thuộc danh mục bệnh miễn đăng ký nghĩa vụ quân sự theo Mục III Phụ lục I ban hành kèm theo Thông tư này, báo cáo Hội đồng nghĩa vụ quân sự cấp xã;

đ) Tổng hợp, thống kê, báo cáo kết quả sơ tuyển sức khỏe theo Mẫu 2a; Mẫu 2k Phụ lục VI ban hành kèm theo Thông tư này.

Theo quy định trên, sơ tuyển sức khỏe nghĩa vụ quân sự 2026 là khám các nội dung sau:

- Khai thác tiền sử bệnh tật bản thân và gia đình

- Phát hiện những trường hợp không đủ sức khỏe về thể lực, dị tật, dị dạn; những bệnh thuộc diện miễn đăng ký nghĩa vụ quân sự

Căn cứ theo khoản 1 Điều 19  Luật Nghĩa vụ quân sự 2015  được sửa đổi bởi khoản 7 Điều 4  Luật sửa đổi 11 Luật về quân sự, quốc phòng 2025  quy định như sau:

Điều 19. Đưa ra khỏi danh sách đăng ký nghĩa vụ quân sự

1. Công dân được đưa ra khỏi danh sách đăng ký nghĩa vụ quân sự trong trường hợp sau đây:

a) Chết;

b) Hết độ tuổi phục vụ trong ngạch dự bị;

c) Trường hợp quy định tại khoản 1 Điều 13 hoặc Điều 14 của Luật này.

2. Trong thời hạn 05 ngày, kể từ ngày có xác nhận của cấp có thẩm quyền, Ban chỉ huy quân sự cấp xã, cơ quan, tổ chức có công dân quy định tại khoản 1 Điều này phải báo cáo Chủ tịch Ủy ban nhân dân cấp xã quyết định.

Như vậy, công dân được đưa ra khỏi danh sách đăng ký nghĩa vụ quân sự trong trường hợp sau đây:

- Chết;

- Hết độ tuổi phục vụ trong ngạch dự bị;

- Trường hợp quy định tại khoản 1 Điều 13 hoặc Điều 14  Luật Nghĩa vụ quân sự 2015 .","nghia-vu-quan-su","","","","2025-12-07T18:25:00","https://thuvienphapluat.vn/hoi-dap-phap-luat/muc-phat-tien-hanh-vi-dua-tien-lam-sai-lech-ket-qua-phan-loai-suc-khoe-nham-tron-nghia-vu-quan-su-l-138072508.html","2026-04-21T04:38:14.431175+00:00"
"138072322","Công ty có phải chi trả chế độ cho người lao động trong thời gian thực hiện khám, kiểm tra sức khỏe nghĩa vụ quân sự không?","Theo Điều 13  Nghị định 13/2016/NĐ-CP  được sửa đổi bởi khoản 10, 17 Điều 7  Nghị định 220/2025/NĐ-CP  quy định:

Điều 13. Thực hiện chi trả chế độ

1. Nguyên tắc hưởng chế độ

Thời gian đi, về và thực hiện đăng ký nghĩa vụ quân sự hoặc khám, kiểm tra sức khỏe từ 4 giờ trở lên trong ngày được tính cả ngày; dưới 4 giờ trở xuống tính 1/2 ngày.

2. Trách nhiệm chi trả

a) Công dân làm việc tại cơ quan, tổ chức hưởng lương từ ngân sách nhà nước, doanh nghiệp nhà nước khi thực hiện đăng ký nghĩa vụ quân sự; khám, kiểm tra sức khỏe theo quyết định gọi của Chủ tịch Ủy ban nhân dân cấp xã do cơ quan, tổ chức, doanh nghiệp chi trả;

b) Công dân không thuộc cơ quan, tổ chức hưởng lương từ ngân sách nhà nước, doanh nghiệp nhà nước khi thực hiện đăng ký nghĩa vụ quân sự, khám, kiểm tra sức khỏe theo quyết định gọi của Chủ tịch Ủy ban nhân dân cấp xã do Ban Chỉ huy quân sự cấp xã chi trả và thanh quyết toán với Ủy ban nhân dân cấp xã;

Như vậy, trách nhiệm chi trả chế độ cho người lao động trong thời gian thực hiện khám, kiểm tra sức khỏe nghĩa vụ quân sự thuộc về:

-  Đối với công dân làm việc tại cơ quan, tổ chức hưởng lương từ ngân sách nhà nước, doanh nghiệp nhà nước  khi thực hiện đăng ký nghĩa vụ quân sự; khám, kiểm tra sức khỏe theo quyết định gọi của Chủ tịch Ủy ban nhân dân cấp xã  do cơ quan, tổ chức, doanh nghiệp chi trả ;

-  Đối với công dân không thuộc cơ quan, tổ chức hưởng lương từ ngân sách nhà nước, doanh nghiệp nhà nước  khi thực hiện đăng ký nghĩa vụ quân sự, khám, kiểm tra sức khỏe theo quyết định gọi của Chủ tịch Ủy ban nhân dân cấp xã do  Ban Chỉ huy quân sự cấp xã chi trả và thanh quyết toán với Ủy ban nhân dân cấp xã ;

Trên đây là thông tin về Công ty có phải chi trả chế độ cho người lao động trong thời gian thực hiện khám, kiểm tra sức khỏe nghĩa vụ quân sự không?

Công ty có phải chi trả chế độ cho người lao động trong thời gian thực hiện khám, kiểm tra sức khỏe nghĩa vụ quân sự không? (Hình từ Internet)

Căn cứ theo Điều 13  Luật Nghĩa vụ quân sự 2015  được sửa đổi bởi khoản 3 Điều 4  Luật Sửa đổi 11 Luật về quân sự, quốc phòng 2025  quy định công dân thuộc một trong các trường hợp sau đây không được đăng ký nghĩa vụ quân sự:

- Đang bị truy cứu trách nhiệm hình sự; đang chấp hành hình phạt tù, cải tạo không giam giữ, quản chế hoặc đã chấp hành xong hình phạt tù nhưng chưa được xóa án tích;

- Đang bị áp dụng biện pháp giáo dục tại cấp xã hoặc đưa vào trường giáo dưỡng, cơ sở giáo dục bắt buộc, cơ sở cai nghiện bắt buộc;

- Bị tước quyền phục vụ trong lực lượng vũ trang nhân dân.

Lưu ý:  Khi hết thời hạn áp dụng các biện pháp nêu trên, công dân được đăng ký nghĩa vụ quân sự.

Căn cứ theo khoản 1 Điều 19  Luật Nghĩa vụ quân sự 2015  được sửa đổi bởi khoản 7 Điều 4  Luật sửa đổi 11 Luật về quân sự, quốc phòng 2025  quy định như sau:

Điều 19. Đưa ra khỏi danh sách đăng ký nghĩa vụ quân sự

1. Công dân được đưa ra khỏi danh sách đăng ký nghĩa vụ quân sự trong trường hợp sau đây:

a) Chết;

b) Hết độ tuổi phục vụ trong ngạch dự bị;

c) Trường hợp quy định tại khoản 1 Điều 13 hoặc Điều 14 của Luật này.

2. Trong thời hạn 05 ngày, kể từ ngày có xác nhận của cấp có thẩm quyền, Ban chỉ huy quân sự cấp xã, cơ quan, tổ chức có công dân quy định tại khoản 1 Điều này phải báo cáo Chủ tịch Ủy ban nhân dân cấp xã quyết định.

Như vậy, công dân được đưa ra khỏi danh sách đăng ký nghĩa vụ quân sự trong trường hợp sau đây:

- Chết;

- Hết độ tuổi phục vụ trong ngạch dự bị;

- Trường hợp quy định tại khoản 1 Điều 13 hoặc Điều 14  Luật Nghĩa vụ quân sự 2015 .","nghia-vu-quan-su","","","","2025-12-01T12:00:00","https://thuvienphapluat.vn/hoi-dap-phap-luat/cong-ty-co-phai-chi-tra-che-do-cho-nguoi-lao-dong-trong-thoi-gian-thuc-hien-kham-kiem-tra-suc-khoe--138072322.html","2026-04-21T04:38:18.138558+00:00"
"138072321","Người lao động được hưởng chế độ gì trong thời gian thực hiện khám, kiểm tra sức khỏe nghĩa vụ quân sự?","Theo Điều 12  Nghị định 13/2016/NĐ-CP  được sửa đổi bởi khoản 9 Điều 7  Nghị định 220/2025/NĐ-CP  quy định:

Điều 12. Chế độ chính sách của công dân trong thời gian thực hiện khám, kiểm tra sức khỏe nghĩa vụ quân sự

1. Công dân đang làm việc tại cơ quan, tổ chức hưởng lương từ ngân sách nhà nước, doanh nghiệp nhà nước trong thời gian thực hiện khám, kiểm tra sức khỏe theo quyết định gọi của Chủ tịch Ủy ban nhân dân cấp xã, được hưởng nguyên lương, phụ cấp hiện hưởng và tiền tàu xe đi, về theo chế độ quy định hiện hành của pháp luật.

2. Công dân không thuộc cơ quan, tổ chức hưởng lương từ ngân sách nhà nước, doanh nghiệp nhà nước trong thời gian thực hiện khám, kiểm tra sức khỏe theo quyết định gọi của Chủ tịch Ủy ban nhân dân cấp xã, được bảo đảm các chế độ sau:

a) Tiền ăn bằng mức tiền một ngày ăn cơ bản của hạ sĩ quan, binh sĩ bộ binh;

b) Thanh toán tiền tàu xe đi, về theo chế độ quy định hiện hành của pháp luật.

Như vậy, người lao động được hưởng chế độ trong thời gian thực hiện khám, kiểm tra sức khỏe nghĩa vụ quân sự như sau:

-  Đối với công dân đang làm việc tại cơ quan, tổ chức hưởng lương từ ngân sách nhà nước, doanh nghiệp nhà nước  trong thời gian thực hiện khám, kiểm tra sức khỏe theo quyết định gọi của Chủ tịch Ủy ban nhân dân cấp xã, được hưởng nguyên lương, phụ cấp hiện hưởng và tiền tàu xe đi, về theo chế độ quy định hiện hành của pháp luật.

-  Đối với Công dân không thuộc cơ quan, tổ chức hưởng lương từ ngân sách nhà nước, doanh nghiệp nhà nước  trong thời gian thực hiện khám, kiểm tra sức khỏe theo quyết định gọi của Chủ tịch Ủy ban nhân dân cấp xã, được bảo đảm các chế độ sau:

+ Tiền ăn bằng mức tiền một ngày ăn cơ bản của hạ sĩ quan, binh sĩ bộ binh;

+ Thanh toán tiền tàu xe đi, về theo chế độ quy định hiện hành của pháp luật.

Trên đây là thông tin về Người lao động được hưởng chế độ gì trong thời gian thực hiện khám, kiểm tra sức khỏe nghĩa vụ quân sự?

Người lao động được hưởng chế độ gì trong thời gian thực hiện khám, kiểm tra sức khỏe nghĩa vụ quân sự? (Hình từ Internet)

Căn cứ theo Điều 11  Luật Nghĩa vụ quân sự 2015  quy định:

Điều 11. Nguyên tắc đăng ký nghĩa vụ quân sự và quản lý công dân trong độ tuổi thực hiện nghĩa vụ quân sự

1. Đúng đối tượng, trình tự thủ tục, chế độ chính sách theo quy định của pháp luật.

2. Thống nhất, công khai, minh bạch, thuận lợi cho công dân.

3. Quản lý chặt chẽ, nắm chắc số lượng, chất lượng, nhân thân của công dân trong độ tuổi thực hiện nghĩa vụ quân sự.

4. Mọi thay đổi về cư trú của công dân trong độ tuổi thực hiện nghĩa vụ quân sự phải được đăng ký và quản lý theo quy định của pháp luật.

Như vậy nguyên tắc đăng ký nghĩa vụ quân sự và quản lý công dân trong độ tuổi thực hiện nghĩa vụ quân sự như sau:

- Đúng đối tượng, trình tự thủ tục, chế độ chính sách theo quy định của pháp luật.

- Thống nhất, công khai, minh bạch, thuận lợi cho công dân.

- Quản lý chặt chẽ, nắm chắc số lượng, chất lượng, nhân thân của công dân trong độ tuổi thực hiện nghĩa vụ quân sự.

- Mọi thay đổi về cư trú của công dân trong độ tuổi thực hiện nghĩa vụ quân sự phải được đăng ký và quản lý theo quy định của pháp luật.

Căn cứ Điều 10  Luật Nghĩa vụ quân sự 2015  quy định các hành vi bị nghiêm cấm như sau:

- Trốn tránh thực hiện nghĩa vụ quân sự.

- Chống đối, cản trở việc thực hiện nghĩa vụ quân sự.

- Gian dối trong khám sức khỏe nghĩa vụ quân sự.

- Lợi dụng chức vụ, quyền hạn làm trái quy định về nghĩa vụ quân sự.

- Sử dụng hạ sĩ quan, binh sĩ trái quy định của pháp luật.

- Xâm phạm thân thể, sức khỏe; xúc phạm danh dự, nhân phẩm của hạ sĩ quan, binh sĩ.","nghia-vu-quan-su","","","","2025-12-01T11:00:00","https://thuvienphapluat.vn/hoi-dap-phap-luat/nguoi-lao-dong-duoc-huong-che-do-gi-trong-thoi-gian-thuc-hien-kham-kiem-tra-suc-khoe-nghia-vu-quan--138072321.html","2026-04-21T04:38:22.245362+00:00"
"138070579","Người Việt Nam có 2 quốc tịch thì có phải tham gia nghĩa vụ quân sự không?","Căn cứ khoản 1, khoản 2 Điều 5  Luật Quốc tịch Việt Nam 2008  quy định về quan hệ giữa Nhà nước và công dân như sau:

Điều 5. Quan hệ giữa Nhà nước và công dân

1. Người có quốc tịch Việt Nam là công dân Việt Nam.

2. Công dân Việt Nam được Nhà nước Cộng hoà xã hội chủ nghĩa Việt Nam bảo đảm các quyền công dân và phải làm tròn các nghĩa vụ công dân đối với Nhà nước và xã hội theo quy định của pháp luật.

[...]

Căn cứ tại khoản 2 Điều 4  Luật Nghĩa vụ quân sự 2015  quy định Công dân trong độ tuổi thực hiện nghĩa vụ quân sự, không phân biệt dân tộc, thành phần xã hội, tín ngưỡng, tôn giáo, trình độ học vấn, nghề nghiệp, nơi cư trú phải thực hiện nghĩa vụ quân sự theo quy định.

Như vậy,  người Việt Nam có 2 quốc tịch trong đó có một quốc tịch là Việt Nam thì vẫn là công dân Việt Nam và vẫn phải thực hiện nghĩa vụ quân sự theo quy định của pháp luật Việt Nam.

Trên đây là thông tin: Người Việt Nam có 2 quốc tịch thì có phải tham gia nghĩa vụ quân sự không?

Xem thêm:

>>>  Trẻ em sinh ra trên lãnh thổ Việt Nam mà cha mẹ là người không quốc tịch thì xác định quốc tịch như thế nào?

>>>  Người 2 quốc tịch có được ký dự tuyển công chức không?

Người Việt Nam có 2 quốc tịch thì có phải tham gia nghĩa vụ quân sự không? (Hình từ Internet)

Căn cứ theo Điều 4  Thông tư 148/2018/TT-BQP  được sửa đổi bởi khoản 1 Điều 1  Thông tư 68/2025/TT-BQP  quy định về tiêu chuẩn đi nghĩa vụ quân sự cần đáp ứng như sau:

(1) Tuổi đời

- Công dân từ đủ 18 tuổi đến hết 25 tuổi.

- Công dân nam được đào tạo trình độ cao đẳng, đại học đã được tạm hoãn gọi nhập ngũ trong thời gian một khóa đào tạo của một trình độ đào tạo thì tuyển chọn và gọi nhập ngũ đến hết 27 tuổi.

(2) Tiêu chuẩn chính trị

- Thực hiện theo quy định tiêu chuẩn chính trị tuyển chọn công dân vào phục vụ trong Quân đội nhân dân Việt Nam.

- Thực hiện theo quy định của Bộ Quốc phòng đối với các cơ quan sau:

+ Cơ quan, đơn vị và vị trí trọng yếu cơ mật trong Quân đội;

+ Lực lượng Tiêu binh, Nghi lễ;

+ Lực lượng Vệ binh và Kiểm soát quân sự chuyên nghiệp;

(3) Tiêu chuẩn sức khỏe

- Tuyển chọn những công dân đạt sức khỏe loại 1, loại 2 và loại 3 theo quy định tại Điều 5  Thông tư 105/2023/TT-BQP , Điều 6  Thông tư 105/2023/TT-BQP .

- Đối với các cơ quan, đơn vị và vị trí trọng yếu cơ mật trong Quân đội; lực lượng Tiêu binh, Nghi lễ; lực lượng Vệ binh và Kiểm soát quân sự chuyên nghiệp thực hiện tuyển chọn theo quy định của Bộ Quốc phòng.

- Không gọi nhập ngũ vào Quân đội những công dân mắc tật khúc xạ cận thị lớn hơn 1.5 diop trở lên, viễn thị các mức độ; chỉ số BMI nhỏ hơn 18.0 hoặc lớn hơn 29.9.

(5) Tiêu chuẩn văn hóa

- Tuyển chọn và gọi nhập ngũ những công dân có trình độ văn hóa lớp 8 trở lên, lấy từ cao xuống thấp.

- Những địa phương có khó khăn không đảm bảo đủ chỉ tiêu giao quân thì báo cáo cấp có thẩm quyền xem xét, quyết định được tuyển chọn số công dân có trình độ văn hóa lớp 7.

- Các xã thuộc vùng sâu, vùng xa, vùng điều kiện kinh tế - xã hội đặc biệt khó khăn theo quy định của pháp luật;

- Đồng bào dân tộc thiểu số dưới 10.000 người thì được tuyển không quá 25% công dân có trình độ văn hóa cấp tiểu học, còn lại là trung học cơ sở trở lên.

Căn cứ theo Điều 21  Luật Nghĩa vụ quân sự 2015  quy định về thời hạn phục vụ tại ngũ của hạ sĩ quan, binh sĩ như sau:

Điều 21. Thời hạn phục vụ tại ngũ của hạ sĩ quan, binh sĩ

1. Thời hạn phục vụ tại ngũ trong thời bình của hạ sĩ quan, binh sĩ là 24 tháng.

2. Bộ trưởng Bộ Quốc phòng được quyết định kéo dài thời hạn phục vụ tại ngũ của hạ sĩ quan, binh sĩ nhưng không quá 06 tháng trong trường hợp sau đây:

a) Để bảo đảm nhiệm vụ sẵn sàng chiến đấu;

b) Đang thực hiện nhiệm vụ phòng, chống thiên tai, dịch bệnh, cứu hộ, cứu nạn.

3. Thời hạn phục vụ của hạ sĩ quan, binh sĩ trong tình trạng chiến tranh hoặc tình trạng khẩn cấp về quốc phòng được thực hiện theo lệnh tổng động viên hoặc động viên cục bộ.

Như vậy, thời gian phục vụ tại ngũ trong thời bình của hạ sĩ quan là 24 tháng.","nghia-vu-quan-su","","","","2025-11-18T19:20:00","https://thuvienphapluat.vn/hoi-dap-phap-luat/nguoi-viet-nam-co-2-quoc-tich-thi-co-phai-tham-gia-nghia-vu-quan-su-khong-138070579.html","2026-04-21T04:38:25.482067+00:00"
"138068205","Danh sách xét duyệt nghĩa vụ quân sự năm 2026 ra sao theo Quyết định 2314/QÐ-UBND TP Hồ Chí Minh?","Ngày 24/10/2025, UBND Thành phố Hồ Chí Minh ban hành Quyết định 2314/QÐ-UBND   Tải về  về việc công nhận danh sách nghĩa vụ quân sự năm 2026.

Theo đó, UBND Thành phố Hồ Chí Minh quyết định công nhận kết quả phân loại 04 danh sách xét duyệt nghĩa vụ quân sự năm 2026 với tổng số 409.486 công dân. Kết quả cụ thể như sau:

- Miễn gọi nhập ngũ (theo khoản 2 Điều 41  Luật Nghĩa vụ quân sự 2015 ) là 117 công dân.

- Không xét tuyển và chưa xét tuyển (theo Điều 5, Điều 6 Thông tư liên tịch số 50 của Bộ Quốc phòng và Bộ Công an) là 6.396 công dân.

- Tạm hoãn gọi nhập ngũ (theo khoản 1 Điều 41  Luật Nghĩa vụ quân sự 2015  được bổ sung bởi điểm c khoản 1 Điều 49  Luật Dân quân tự vệ 2019 ) là 108.160 công dân.

- Thuộc diện gọi khám sơ tuyển sức khỏe là 294.813 công dân.

Xem thêm Quyết định 2314/QÐ-UBND về việc công nhận danh sách nghĩa vụ quân sự năm 2026   Tải về .

Danh sách xét duyệt nghĩa vụ quân sự năm 2026 ra sao theo Quyết định 2314/QÐ-UBND TP Hồ Chí Minh? (Hình từ Internet)

Căn cứ theo Điều 4  Thông tư 148/2018/TT-BQP  được sửa đổi bởi điểm a, điểm b khoản 1 Điều 1  Thông tư 68/2025/TT-BQP  quy định tiêu chuẩn đi nghĩa vụ quân sự 2026 như sau:

- Tiêu chuẩn tuổi đời:

+ Công dân từ đủ 18 tuổi đến hết 25 tuổi.

+ Công dân nam được đào tạo trình độ cao đẳng, đại học đã được tạm hoãn gọi nhập ngũ trong thời gian một khóa đào tạo của một trình độ đào tạo thì tuyển chọn và gọi nhập ngũ đến hết 27 tuổi.

- Tiêu chuẩn chính trị:

+ Thực hiện theo Thông tư liên tịch 50/2016/TTLT-BQP-BCA ngày 15/4/2016 của Bộ trưởng Bộ Quốc phòng - Bộ trưởng Bộ Công an quy định tiêu chuẩn chính trị tuyển chọn công dân vào phục vụ trong Quân đội nhân dân Việt Nam.

+ Đối với các cơ quan, đơn vị và vị trí trọng yếu cơ mật trong Quân đội; lực lượng Tiêu binh, Nghi lễ; lực lượng Vệ binh và Kiểm soát quân sự chuyên nghiệp thực hiện tuyển chọn theo quy định của Bộ Quốc phòng.

- Tiêu chuẩn sức khỏe:

+ Tuyển chọn những công dân đạt sức khỏe loại 1, loại 2 và loại 3 theo quy định tại Điều 5, Điều 6  Thông tư 105/2023/TT-BQP  quy định tiêu chuẩn sức khỏe, khám sức khỏe cho các đối tượng thuộc phạm vi quản lý của Bộ Quốc phòng.

+ Đối với các cơ quan, đơn vị, vị trí trọng yếu cơ mật trong Quân đội; lực lượng Tiêu binh, Nghi lễ; lực lượng Vệ binh và Kiểm soát quân sự chuyên nghiệp thực hiện tuyển chọn bảo đảm tiêu chuẩn riêng theo quy định của Bộ Quốc phòng.

+ Không gọi nhập ngũ vào Quân đội những công dân mắc tật khúc xạ cận thị lớn hơn 1.5 diop trở lên, viễn thị các mức độ; chỉ số BMI nhỏ hơn 18.0 hoặc lớn hơn 29.9.

- Tiêu chuẩn văn hóa:

+ Tuyển chọn và gọi nhập ngũ những công dân có trình độ văn hóa lớp 8 trở lên, lấy từ cao xuống thấp. Những địa phương có khó khăn không đảm bảo đủ chỉ tiêu giao quân thì báo cáo cấp có thẩm quyền xem xét, quyết định được tuyển chọn số công dân có trình độ văn hóa lớp 7.

+ Các xã thuộc vùng sâu, vùng xa, vùng điều kiện kinh tế - xã hội đặc biệt khó khăn theo quy định của pháp luật; đồng bào dân tộc thiểu số dưới 10.000 người thì được tuyển không quá 25% công dân có trình độ văn hóa cấp tiểu học, còn lại là trung học cơ sở trở lên.

Cụ thể tại khoản 1 Điều 41  Luật Nghĩa vụ Quân sự 2015  được bổ sung bởi điểm c khoản 1 Điều 49  Luật Dân quân tự vệ 2019 , quy định về các trường hợp được tạm hoãn đi nghĩa vụ quân sự 2026 như sau:

- Chưa đủ sức khỏe phục vụ tại ngũ theo kết luận của Hội đồng khám sức khỏe;

- Là lao động duy nhất phải trực tiếp nuôi dưỡng thân nhân không còn khả năng lao động hoặc chưa đến tuổi lao động; trong gia đình bị thiệt hại nặng về người và tài sản do tai nạn, thiên tai, dịch bệnh nguy hiểm gây ra được Ủy ban nhân dân cấp xã xác nhận;

- Một con của bệnh binh, người nhiễm chất độc da cam suy giảm khả năng lao động từ 61% đến 80%;

- Có anh, chị hoặc em ruột là hạ sĩ quan, binh sĩ đang phục vụ tại ngũ; hạ sĩ quan, chiến sĩ thực hiện nghĩa vụ tham gia Công an nhân dân;

- Người thuộc diện di dân, giãn dân trong 03 năm đầu đến các xã đặc biệt khó khăn theo dự án phát triển kinh tế - xã hội của Nhà nước do Ủy ban nhân dân cấp tỉnh trở lên quyết định;

- Cán bộ, công chức, viên chức, thanh niên xung phong được điều động đến công tác, làm việc ở vùng có điều kiện kinh tế - xã hội đặc biệt khó khăn theo quy định của pháp luật;

- Đang học tại cơ sở giáo dục phổ thông; đang được đào tạo trình độ đại học hệ chính quy thuộc cơ sở giáo dục đại học, trình độ cao đẳng hệ chính quy thuộc cơ sở giáo dục nghề nghiệp trong thời gian một khóa đào tạo của một trình độ đào tạo.

- Dân quân thường trực

Bên cạnh đó, các trường hợp được quy định tại khoản 2 Điều 41  Luật Nghĩa vụ Quân sự 2015  được miễn gọi nhập ngũ nghĩa vụ quân sự 2026 gồm có các đối tượng sau đây:

- Con của liệt sĩ, con của thương binh hạng một;

- Một anh hoặc một em trai của liệt sĩ;

- Một con của thương binh hạng hai; một con của bệnh binh suy giảm khả năng lao động từ 81% trở lên; một con của người nhiễm chất độc da cam suy giảm khả năng lao động từ 81 % trở lên;

- Người làm công tác cơ yếu không phải là quân nhân, Công an nhân dân;

- Cán bộ, công chức, viên chức, thanh niên xung phong được điều động đến công tác, làm việc ở vùng có điều kiện kinh tế - xã hội đặc biệt khó khăn theo quy định của pháp luật từ 24 tháng trở lên.

Lưu ý:  Công dân thuộc diện tạm hoãn gọi nhập ngũ nêu trên, nếu không còn lý do tạm hoãn thì được gọi nhập ngũ.

Công dân thuộc diện được tạm hoãn gọi nhập ngũ hoặc được miễn gọi nhập ngũ quy định, nếu tình nguyện thì được xem xét tuyển chọn và gọi nhập ngũ.","nghia-vu-quan-su","","","","2025-11-13T16:51:00","https://thuvienphapluat.vn/hoi-dap-phap-luat/danh-sach-xet-duyet-nghia-vu-quan-su-nam-2026-ra-sao-theo-quyet-dinh-2314qubnd-tp-ho-chi-minh-138068205.html","2026-04-21T04:38:29.619879+00:00"
"138068605","Loạn thị có phải đi nghĩa vụ quân sự 2026 không?","Căn cứ khoản 3 Điều 4  Thông tư 148/2018/TT-BQP  được sửa đổi bởi khoản 1 Điều 1  Thông tư 68/2025/TT-BQP  quy định tiêu chuẩn tuyển quân:

Điều 4. Tiêu chuẩn tuyển quân

[...]

3. Tiêu chuẩn sức khỏe:

a) Tuyển chọn những công dân đạt sức khỏe loại 1, loại 2 và loại 3 theo quy định tại Điều 5, Điều 6 Thông tư số 105/2023/TT-BQP ngày 06 tháng 12 năm 2023 của Bộ trưởng Bộ Quốc phòng quy định tiêu chuẩn sức khỏe, khám sức khỏe cho các đối tượng thuộc phạm vi quản lý của Bộ Quốc phòng.

b) Đối với các cơ quan, đơn vị, vị trí quy định tại Điểm b, Khoản 2 Điều này, thực hiện tuyển chọn bảo đảm tiêu chuẩn riêng theo quy định của Bộ Quốc phòng.

c) Không gọi nhập ngũ vào Quân đội những công dân mắc tật khúc xạ cận thị lớn hơn 1.5 diop trở lên, viễn thị các mức độ; chỉ số BMI nhỏ hơn 18.0 hoặc lớn hơn 29.9.

[...]

Căn cứ Điều 4  Thông tư 105/2023/TT-BQP  quy định tiêu chuẩn sức khỏe:

Điều 4. Tiêu chuẩn sức khỏe

1. Tiêu chuẩn sức khỏe thực hiện nghĩa vụ quân sự

a) Tiêu chuẩn chung

Đạt sức khỏe loại 1, loại 2, loại 3 theo quy định tại Điều 5, Điều 6 Thông tư này;

Không gọi nhập ngũ đối với công dân nghiện các chất ma túy, tiền chất ma túy được quy định tại Nghị định số 57/2022/NĐ-CP ngày 25 tháng 8 năm 2022 của Chính phủ quy định các danh mục chất ma túy và tiền chất.

b) Tiêu chuẩn riêng: Một số tiêu chuẩn sức khỏe riêng trong tuyển chọn thực hiện nghĩa vụ quân sự do Bộ trưởng Bộ Quốc phòng quy định.

2. Tiêu chuẩn sức khỏe tuyển sinh quân sự đào tạo trình độ đại học, cao đẳng, trung cấp hệ chính quy; tuyển sinh quân sự đào tạo trình độ đại học, cao đẳng ngành quân sự cơ sở

a) Tiêu chuẩn chung: Đạt sức khỏe loại 1, loại 2 theo quy định tại Điều 5, Điều 6 Thông tư này;

b) Tiêu chuẩn riêng: Thực hiện theo quy định của Bộ Quốc phòng về công tác tuyển sinh vào các trường trong Quân đội.

[...]

Theo quy định trên, nghĩa vụ quân sự 2026 không gọi nhập ngũ vào Quân đội những công dân mắc tật khúc xạ cận thị lớn hơn 1.5 diop trở lên, viễn thị các mức độ; chỉ số BMI nhỏ hơn 18.0 hoặc lớn hơn 29.9.

Do đó các trường hợp bị loạn thị được phân loại sức khỏe loại 1, loại 2, loại 3 theo quy định tại  Thông tư 105/2023/TT-BQP  thì vẫn đủ điều kiện gọi nhập ngũ.

* Trên đây là thông tin về Loạn thị có phải đi nghĩa vụ quân sự 2026 không?

Xem thêm:

>>  Vì sao khám sức khỏe nghĩa vụ quân sự rớt nhưng năm sau lại được gọi tiếp?

>>  Khi nào có giấy trúng tuyển nghĩa vụ quân sự 2026?

Loạn thị có phải đi nghĩa vụ quân sự 2026 không? (Hình từ Internet)

Căn cứ Điều 40  Luật Nghĩa vụ quân sự 2015  được sửa đổi bởi khoản 16 Điều 4  Luật Sửa đổi 11 Luật về quân sự, quốc phòng 2025  quy định sơ tuyển sức khỏe; khám sức khỏe cho công dân gọi nhập ngũ và thực hiện nghĩa vụ tham gia Công an nhân dân:

Điều 40. Sơ tuyển sức khỏe; khám sức khỏe cho công dân gọi nhập ngũ và thực hiện nghĩa vụ tham gia Công an nhân dân

1. Chủ tịch Ủy ban nhân dân cấp xã quyết định thành lập tổ sơ tuyển sức khỏe theo đề nghị của cơ sở y tế cùng cấp.

2. Chủ tịch Ủy ban nhân dân cấp tỉnh quyết định thành lập Hội đồng khám sức khỏe khu vực theo đề nghị của Sở Y tế.

3. Chủ tịch Ủy ban nhân dân cấp xã quyết định gọi sơ tuyển sức khỏe nghĩa vụ quân sự; khám sức khỏe cho công dân trong diện gọi nhập ngũ và công dân trong diện gọi thực hiện nghĩa vụ tham gia Công an nhân dân. Quyết định gọi sơ tuyển, khám sức khỏe phải được giao cho công dân trước thời điểm sơ tuyển, khám sức khỏe 15 ngày.

4. Hội đồng khám sức khỏe khu vực tổ chức khám sức khỏe cho công dân trong diện gọi nhập ngũ và gọi thực hiện nghĩa vụ tham gia Công an nhân dân; nội dung khám sức khỏe bao gồm thể lực, lâm sàng, cận lâm sàng bảo đảm chính xác và chịu trách nhiệm về kết quả khám sức khỏe nghĩa vụ quân sự.

5. Thời gian khám sức khoẻ từ ngày 01 tháng 11 đến hết ngày 31 tháng 12 hằng năm. Thời gian khám sức khỏe cho công dân trong diện gọi nhập ngũ và gọi thực hiện nghĩa vụ tham gia Công an nhân dân lần thứ hai theo quy định tại Điều 33 của Luật này do Thủ tướng Chính phủ quyết định.

6. Kết quả sơ tuyển sức khỏe, phân loại sức khỏe phải được công khai trên cổng thông tin điện tử và niêm yết tại trụ sở Ủy ban nhân dân cấp xã, cơ quan, tổ chức trong thời hạn 20 ngày.

Theo quy định trên, thời gian khám sức khỏe nghĩa vụ quân sự là từ ngày 01 tháng 11 đến hết ngày 31 tháng 12 hằng năm.

Căn cứ Điều 39  Luật Nghĩa vụ quân sự 2015  được sửa đổi bởi khoản 15 Điều 4  Luật Sửa đổi 11 Luật về quân sự, quốc phòng 2025  quy định nhiệm vụ của Hội đồng nghĩa vụ quân sự cấp xã như sau:

- Giúp Ủy ban nhân dân cấp xã tổ chức tuyên truyền, phổ biến pháp luật về nghĩa vụ quân sự; tổ chức cho công dân đăng ký nghĩa vụ quân sự, sơ tuyển nghĩa vụ quân sự và khám sức khỏe.

- Báo cáo Ủy ban nhân dân cấp xã và Hội đồng nghĩa vụ quân sự cấp tỉnh danh sách công dân được gọi nhập ngũ, tạm hoãn gọi nhập ngũ, miễn gọi nhập ngũ và thực hiện nghĩa vụ tham gia Công an nhân dân.

- Tổ chức cho công dân thực hiện quyết định gọi sơ tuyển, quyết định gọi khám sức khỏe nghĩa vụ quân sự, quyết định gọi nhập ngũ và thực hiện nghĩa vụ tham gia Công an nhân dân; quyết định gọi tập trung huấn luyện, diễn tập, quyết định kiểm tra sẵn sàng động viên, sẵn sàng chiến đấu.

- Giúp Ủy ban nhân dân cấp xã kiểm tra, hướng dẫn cơ quan, tổ chức liên quan trong việc thực hiện chính sách hậu phương quân đội và quản lý công dân trong diện thực hiện nghĩa vụ quân sự ở địa phương.

- Giúp Chủ tịch Ủy ban nhân dân cấp xã xem xét, giải quyết khiếu nại, tố cáo trong việc thực hiện pháp luật về nghĩa vụ quân sự.","nghia-vu-quan-su","","","","2025-11-01T19:20:00","https://thuvienphapluat.vn/hoi-dap-phap-luat/loan-thi-co-phai-di-nghia-vu-quan-su-2026-khong-138068605.html","2026-04-21T04:38:34.287831+00:00"
"138068604","Cách tính điểm thị lực trong khám sức khỏe nghĩa vụ quân sự 2026 thế nào?","Căn cứ Tiểu mục 1 Mục 2 Phụ lục 1 ban hành kèm theo  Thông tư 105/2023/TT-BQP  quy định cách tính điểm thị lực trong khám sức khỏe nghĩa vụ quân sự 2026 như sau:

TT

Bệnh tật

Điểm

1

Thị lực:

1.1

Thị lực (không kính):

Thị lực mắt phải

10/10

1

10/10

2

9/10

3

8/10

4

6,7/10

5

1, 2, 3, 4, 5/10

6

Tổng thị lực 2 mắt

19/10

1

18/10

2

17/10

3

16/10

4

13/10 - 15/10

5

6/10 - 12/10

6

1.2

Thị lực sau chỉnh kính

Cho điểm theo mục 1.1 và tăng lên 1 điểm

2

Cận thị:

- Cận thị dưới - 3D

Cho điểm theo mục 1.2

- Cận thị từ - 3D đến dưới - 4D

4

- Cận thị từ - 4D đến dưới - 5D

5

- Cận thị từ - 5D trở lên

6

- Cận thị đã phẫu thuật

Cho điểm theo mục 1.1 và tăng lên 1 điểm

3

Viễn thị:

- Viễn thị dưới + 1,5D

Cho điểm theo mục 1.1

- Viễn thị từ + 1,5D đến dưới + 3D

4

- Viễn thị từ + 3D đến dưới + 4D

5

- Viễn thị từ + 4D đến dưới + 5D

6

- Viễn thị đã phẫu thuật

Cho điểm theo mục 1.1 và tăng lên 1 điểm

4

Loạn thị:

Sinh lý hoặc < 1D

2

≥ 1D

3

Loạn thị đã phẫu thuật, hết loạn thị

Cho điểm theo mục 1.1 và tăng lên 1 điểm

5

Mộng thịt:

- Mộng thịt độ 1, độ 2

2

- Mộng thịt độ 3

4

- Mộng thịt độ 4

5

- Mộng thịt đã mổ tái phát, gây dính

5

6

Bệnh giác mạc:

- Sẹo giác mạc đơn thuần, mỏng, nhỏ ở ngoài vùng trung tâm

Cho điểm theo mục 1.1 và tăng lên 1 điểm

- Sẹo giác mạc có dính mống mắt

6

- Viêm giác mạc:

+ Nhẹ

3T

+ Vừa

4T

7

Quặm và lông siêu ở mi mắt

- Không ảnh hưởng đến thị lực

2

- Có ảnh hưởng đến thị lực

Cho điểm theo mục 1.1 và tăng lên 1 điểm

8

Viêm kết mạc:

- Viêm kết mạc cấp

2T

- Viêm kết mạc mùa xuân

4

9

Lệ đạo:

- Viêm lệ đạo cấp tính

3T

- Viêm tắc lệ đạo mạn tính

+ Nếu ở 1 bên mắt

5

+ Nếu ở 2 bên mắt

6

10

Vận nhãn:

- Lác cơ năng:

+ Không gây giảm thị lực

3

+ Có giảm thị lực (chỉnh kính tối đa thị lực ≤ 8/10)

5

- Lác do liệt 1 hay nhiều cơ vận nhãn (lác trong, ngoài, lên, xuống)

6

11

Tật rung giật nhãn cầu (bệnh lý hoặc bẩm sinh)

5

12

Những bệnh ở mí mắt và hốc mắt

- Các vết sẹo làm biến dạng mi mắt: Hở mi; Dính mi cầu; Lật mi, lộn mi

6

- Sụp mi mắt bẩm sinh hoặc bệnh lý:

+ Độ I

2

+ Độ II

3

+ Độ III

5

+ Độ IV

6

- Những bệnh ở hốc mắt

6

13

Mù màu

- Mù màu trục xanh lá - đỏ mức độ nhẹ

3

- Mù màu trục xanh lá - đỏ mức độ nặng

4-5

- Mù màu hoàn toàn hoặc mù màu khác

6

14

Viêm võng mạc sắc tố

6

15

Đục thủy tinh thể bẩm sinh

6

16

Những bệnh khác về mắt:

- Tăng nhãn áp

- Đục thể thủy tinh trẻ em, người trẻ và trước tuổi già

- Lệch thể thủy tinh

- Viêm màng bồ đào toàn bộ (dính bịt đồng tử)

- Bong võng mạc

- Bệnh lý thị thần kinh

6

- Các tổn hại võng mạc do bệnh lý:

+ Bệnh võng mạc, do đái tháo đường

+ Tổn thương võng mạc do bệnh tăng huyết áp

6

Ngoài ra tại Tiểu mục 2 Mục 4 Phụ lục 1 ban hành kèm theo  Thông tư 105/2023/TT-BQP  được sửa đổi bởi điểm a khoản 8 Điều 1  Thông tư 106/2025/TT-BQP  quy định chú dẫn khám tuyển về mắt như sau:

Số 1: Thị lực: Thị lực là tiêu chuẩn cơ bản để đánh giá sức nhìn của từng mắt, muốn đo thị lực chính xác, yêu cầu:

- Nhân viên chuyên môn: Phải trực tiếp hướng dẫn cách đọc và tiến hành đúng kỹ thuật quy định của chuyên ngành Nhãn khoa. Chú ý phát hiện những trường hợp người đọc không trung thực hoặc không biết đọc theo hướng dẫn thì sử dụng máy đo khúc xạ tự động để kiểm tra.

- Bảng thị lực phải:

+ Chữ đen, nền trắng, hàng 7/10 đến 8/10 phải treo ngang tầm mắt nhìn.

+ Đủ độ ánh sáng cần thiết để đọc (khoảng 400 - 700 lux) tránh mọi hiện tượng gây loá mắt, quá sáng hoặc sáng dọi vào mắt người đọc hoặc tối quá ảnh hưởng tới sức nhìn của người đọc.

+ Cự ly giữa bảng và chỗ người đọc theo đúng quy định của bảng.

+ Người đọc phải che mắt 1 bên bằng 1 miếng bìa cứng (không che bằng tay) và khi đọc cả 2 mắt đều mở (1 mắt mở sau bìa che).

+ Người đo dùng que chỉ vào dưới từng chữ, người đọc phải đọc xong chữ đó trong khoảng dưới 10 giây. Hàng 8/10, 9/10, 10/10 mỗi hàng chỉ được đọc sai 1 chữ mới tính kết quả hàng đó.

- Cách tính tổng thị lực 2 mắt: Nếu thị lực cao hơn 10/10 vẫn chỉ tính là 10/10.

Ví dụ: Mắt phải 12/10, mắt trái 5/10 thì tổng thị lực 2 mắt là 15/10.

- Khi tính tổng thị lực để phân loại thì chú ý thị lực của mắt phải. Thị lực của mắt trái không thể bù cho mắt phải được mà thị lực của mắt phải vẫn phải như tiêu chuẩn đã quy định.

- Khi kiểm tra thị lực không kính, nếu thị lực 2 mắt không đạt 19/10 thì nhân viên chuyên môn phải tiếp tục kiểm tra thị lực sau chỉnh kính. Thông thường, thị lực 2 mắt chỉnh kính tối đa phải đạt 19/10 trở lên. Trường hợp sau chỉnh kính tối đa, thị lực 2 mắt không đạt 19/10, bác sĩ chuyên khoa mắt phải đánh giá, tìm nguyên nhân bệnh lý gây giảm thị lực. Cho điểm thị lực:

+ Nếu thị lực không kính 2 mắt đạt 19/10 trở lên: Cho điểm theo thị lực không kính.

+ Nếu thị lực không kính 2 mắt không đạt 19/10: Cho điểm theo thị lực sau chỉnh kính tối đa.

Số 5: Mộng thịt

Phân độ mộng theo mức độ mộng bò vào giác mạc.

- Độ 1: Mộng bắt đầu xâm lấn vào rìa giác mạc khoảng 1mm.

- Độ 2: Mộng xâm lấn vào giác mạc lớn hơn độ 1 nhưng nhỏ hơn hoặc bằng 1/2 bán kính giác mạc.

- Độ 3: Mộng xâm lấn vào giác mạc hơn độ 2 nhưng chưa đến tâm giác mạc.

- Độ 4: Mộng xâm lấn qua tâm giác mạc.

Số 12: Những bệnh ở mi mắt và hốc mắt.

Phân độ sụp mi: Đo khoảng cách ánh phản quang giác mạc đến bờ mi trên (margin reflex distance 1, MRD1).

- Độ 1: MRD1 ≈ 3mm

- Độ 2: MRD1 ≈ 2mm

- Độ 3: MRD1 ≈ 1mm

- Độ 4: MRD1 ≤ 0mm

Số 13: Mù màu

Đo mù màu bằng bảng Ishihara 24 plates, phân mức độ nhẹ và nặng ở hình 16, 17 theo hướng dẫn của bảng.

- Yêu cầu mỗi hình đọc trong thời gian tối đa là 3s.

- Đọc từ hình 1 đến 15, nếu đọc chính xác 13 chữ là bình thường.

- Đọc chính xác từ 9 chữ trở xuống là bất thường

* Trên đây là thông tin về Cách tính điểm thị lực trong khám sức khỏe nghĩa vụ quân sự 2026 thế nào?

Xem thêm:

>>  Vì sao khám sức khỏe nghĩa vụ quân sự rớt nhưng năm sau lại được gọi tiếp?

>>  Khi nào có giấy trúng tuyển nghĩa vụ quân sự 2026?

Cách tính điểm thị lực trong khám sức khỏe nghĩa vụ quân sự 2026 thế nào? (Hình từ Internet)

Căn cứ Mục 3 Phụ lục 1 ban hành kèm theo  Thông tư 105/2023/TT-BQP  quy định những bệnh thuộc diện miễn đăng ký nghĩa vụ quân sự, không nhận vào quân thường trực, gồm:

TT

TÊN BỆNH

MÃ BỆNH ICD10

1

Tâm thần

F20 đến F29

2

Động kinh

G40

3

Bệnh Parkinson

G20

4

Mù một mắt

H54.4

5

Điếc

H90

6

Di chứng do lao xương khớp

B90.2

7

Di chứng do phong

B92

8

Các bệnh lý ác tính (U ác, bệnh máu ác tính)

C00 đến C97; D00 đến D09; D45 đến D47

9

Người nhiễm HIV

B20 đến B24; Z21

10

Người khuyết tật mức độ đặc biệt nặng và nặng

Ngày 16/10/2025, Bộ Quốc phòng ban hành  Hướng dẫn 6544/HD-BQP năm 2025  về tuyển chọn và gọi công dân nhập ngũ năm 2026

Căn cứ  Hướng dẫn 6544/HD-BQP năm 2025  hướng dẫn như sau:

Thực hiện Luật Nghĩa vụ quân sự ngày 19 tháng 6 năm 2015; Luật sửa đổi, bổ sung một số điều của 11 luật về quân sự, quốc phòng ngày 27 tháng 6 năm 2025; Quyết định số 183/QĐ-TTg ngày 10 tháng 9 năm 2025 của Thủ tướng Chính phủ về việc gọi công dân nhập ngũ năm 2026; cụ thể, năm 2026 tiến hành tuyển chọn và gọi công dân nhập ngũ (sau đây gọi chung là tuyển quân) một đợt; thời gian giao nhận quân từ ngày 04 đến hết ngày 06 tháng 3 năm 2026 (từ ngày 16 đến hết ngày 18 tháng Giêng năm Bính Ngọ).

Để công tác tuyển quân năm 2026 đủ chỉ tiêu được giao, bảo đảm chất lượng, đúng quy định, Bộ Quốc phòng hướng dẫn một số nội dung công tác tuyển quân năm 2026, như sau:

[...]

Như vậy, năm 2026 sẽ tiến hành tuyển chọn và gọi công dân nhập ngũ (gọi chung là tuyển quân) một đợt. Thời gian giao nhận quân từ ngày 4 đến hết ngày 6 tháng 3 năm 2026 (từ ngày 16 đến hết ngày 18 tháng Giêng năm Bính Ngọ).","nghia-vu-quan-su","","","","2025-11-01T16:45:00","https://thuvienphapluat.vn/hoi-dap-phap-luat/cach-tinh-diem-thi-luc-trong-kham-suc-khoe-nghia-vu-quan-su-2026-the-nao-138068604.html","2026-04-21T04:38:39.367100+00:00"
"138068603","Quy định khám mắt nghĩa vụ quân sự 2026 thế nào?","Tiểu mục 2 Mục 4 Phụ lục 1 ban hành kèm theo  Thông tư 105/2023/TT-BQP  được sửa đổi bởi điểm a khoản 8 Điều 1  Thông tư 106/2025/TT-BQP  quy định khám mắt nghĩa vụ quân sự 2026 như sau:

Số 1: Thị lực: Thị lực là tiêu chuẩn cơ bản để đánh giá sức nhìn của từng mắt, muốn đo thị lực chính xác, yêu cầu:

- Nhân viên chuyên môn: Phải trực tiếp hướng dẫn cách đọc và tiến hành đúng kỹ thuật quy định của chuyên ngành Nhãn khoa. Chú ý phát hiện những trường hợp người đọc không trung thực hoặc không biết đọc theo hướng dẫn thì sử dụng máy đo khúc xạ tự động để kiểm tra.

- Bảng thị lực phải:

+ Chữ đen, nền trắng, hàng 7/10 đến 8/10 phải treo ngang tầm mắt nhìn.

+ Đủ độ ánh sáng cần thiết để đọc (khoảng 400 - 700 lux) tránh mọi hiện tượng gây loá mắt, quá sáng hoặc sáng dọi vào mắt người đọc hoặc tối quá ảnh hưởng tới sức nhìn của người đọc.

+ Cự ly giữa bảng và chỗ người đọc theo đúng quy định của bảng.

+ Người đọc phải che mắt 1 bên bằng 1 miếng bìa cứng (không che bằng tay) và khi đọc cả 2 mắt đều mở (1 mắt mở sau bìa che).

+ Người đo dùng que chỉ vào dưới từng chữ, người đọc phải đọc xong chữ đó trong khoảng dưới 10 giây. Hàng 8/10, 9/10, 10/10 mỗi hàng chỉ được đọc sai 1 chữ mới tính kết quả hàng đó.

- Cách tính tổng thị lực 2 mắt: Nếu thị lực cao hơn 10/10 vẫn chỉ tính là 10/10.

Ví dụ: Mắt phải 12/10, mắt trái 5/10 thì tổng thị lực 2 mắt là 15/10.

- Khi tính tổng thị lực để phân loại thì chú ý thị lực của mắt phải. Thị lực của mắt trái không thể bù cho mắt phải được mà thị lực của mắt phải vẫn phải như tiêu chuẩn đã quy định.

- Khi kiểm tra thị lực không kính, nếu thị lực 2 mắt không đạt 19/10 thì nhân viên chuyên môn phải tiếp tục kiểm tra thị lực sau chỉnh kính. Thông thường, thị lực 2 mắt chỉnh kính tối đa phải đạt 19/10 trở lên. Trường hợp sau chỉnh kính tối đa, thị lực 2 mắt không đạt 19/10, bác sĩ chuyên khoa mắt phải đánh giá, tìm nguyên nhân bệnh lý gây giảm thị lực. Cho điểm thị lực:

+ Nếu thị lực không kính 2 mắt đạt 19/10 trở lên: Cho điểm theo thị lực không kính.

+ Nếu thị lực không kính 2 mắt không đạt 19/10: Cho điểm theo thị lực sau chỉnh kính tối đa.

Số 5: Mộng thịt

Phân độ mộng theo mức độ mộng bò vào giác mạc.

- Độ 1: Mộng bắt đầu xâm lấn vào rìa giác mạc khoảng 1mm.

- Độ 2: Mộng xâm lấn vào giác mạc lớn hơn độ 1 nhưng nhỏ hơn hoặc bằng 1/2 bán kính giác mạc.

- Độ 3: Mộng xâm lấn vào giác mạc hơn độ 2 nhưng chưa đến tâm giác mạc.

- Độ 4: Mộng xâm lấn qua tâm giác mạc.

Số 12: Những bệnh ở mi mắt và hốc mắt.

Phân độ sụp mi: Đo khoảng cách ánh phản quang giác mạc đến bờ mi trên (margin reflex distance 1, MRD1).

- Độ 1: MRD1 ≈ 3mm

- Độ 2: MRD1 ≈ 2mm

- Độ 3: MRD1 ≈ 1mm

- Độ 4: MRD1 ≤ 0mm

Số 13: Mù màu

Đo mù màu bằng bảng Ishihara 24 plates, phân mức độ nhẹ và nặng ở hình 16, 17 theo hướng dẫn của bảng.

- Yêu cầu mỗi hình đọc trong thời gian tối đa là 3s.

- Đọc từ hình 1 đến 15, nếu đọc chính xác 13 chữ là bình thường.

- Đọc chính xác từ 9 chữ trở xuống là bất thường

* Trên đây là thông tin về Quy định khám mắt nghĩa vụ quân sự 2026 thế nào?

Xem thêm:

>>  Vì sao khám sức khỏe nghĩa vụ quân sự rớt nhưng năm sau lại được gọi tiếp?

>>  Khi nào có giấy trúng tuyển nghĩa vụ quân sự 2026?

Quy định khám mắt nghĩa vụ quân sự 2026 thế nào? (Hình từ Internet)

Căn cứ khoản 3 Điều 4  Thông tư 148/2018/TT-BQP  được sửa đổi bởi khoản 1 Điều 1  Thông tư 68/2025/TT-BQP  quy định tiêu chuẩn tuyển quân:

Điều 4. Tiêu chuẩn tuyển quân

[...]

3. Tiêu chuẩn sức khỏe:

a) Tuyển chọn những công dân đạt sức khỏe loại 1, loại 2 và loại 3 theo quy định tại Điều 5, Điều 6 Thông tư số 105/2023/TT-BQP ngày 06 tháng 12 năm 2023 của Bộ trưởng Bộ Quốc phòng quy định tiêu chuẩn sức khỏe, khám sức khỏe cho các đối tượng thuộc phạm vi quản lý của Bộ Quốc phòng.

b) Đối với các cơ quan, đơn vị, vị trí quy định tại Điểm b, Khoản 2 Điều này, thực hiện tuyển chọn bảo đảm tiêu chuẩn riêng theo quy định của Bộ Quốc phòng.

c) Không gọi nhập ngũ vào Quân đội những công dân mắc tật khúc xạ cận thị lớn hơn 1.5 diop trở lên, viễn thị các mức độ; chỉ số BMI nhỏ hơn 18.0 hoặc lớn hơn 29.9.

[...]

Theo quy định trên, không gọi nhập ngũ vào Quân đội những công dân mắc tật khúc xạ cận thị lớn hơn 1.5 diop trở lên

Căn cứ Mục 3 Phụ lục 1 ban hành kèm theo  Thông tư 105/2023/TT-BQP  quy định những bệnh thuộc diện miễn đăng ký nghĩa vụ quân sự, không nhận vào quân thường trực, gồm:

TT

TÊN BỆNH

MÃ BỆNH ICD10

1

Tâm thần

F20 đến F29

2

Động kinh

G40

3

Bệnh Parkinson

G20

4

Mù một mắt

H54.4

5

Điếc

H90

6

Di chứng do lao xương khớp

B90.2

7

Di chứng do phong

B92

8

Các bệnh lý ác tính (U ác, bệnh máu ác tính)

C00 đến C97; D00 đến D09; D45 đến D47

9

Người nhiễm HIV

B20 đến B24; Z21

10

Người khuyết tật mức độ đặc biệt nặng và nặng

Theo quy định trên, người nào bị mù một mắt thì thuộc diện miễn đăng ký nghĩa vụ quân sự, không nhận vào quân thường trực","nghia-vu-quan-su","","","","2025-11-01T15:30:00","https://thuvienphapluat.vn/hoi-dap-phap-luat/quy-dinh-kham-mat-nghia-vu-quan-su-2026-the-nao-138068603.html","2026-04-21T04:38:43.444750+00:00"
"138068606","Sơ tuyển sức khỏe nghĩa vụ quân sự 2026 là khám những gì?","Căn cứ Điều 3  Thông tư 105/2023/TT-BQP  được sửa đổi bởi Điều 1; Điều 2  Thông tư 106/2025/TT-BQP  quy định như sau:

Điều 3. Giải thích từ ngữ

Trong Thông tư này, các từ ngữ dưới đây được hiểu như sau:

1. Sơ tuyển sức khỏe nghĩa vụ quân sự là việc thực hiện kiểm tra, đánh giá sơ bộ sức khỏe đối với công dân được gọi khám sức khỏe thực hiện nghĩa vụ quân sự trước mỗi đợt tuyển chọn và gọi công dân nhập ngũ theo quy định của pháp luật về nghĩa vụ quân sự.

2. Khám sức khỏe nghĩa vụ quân sự là việc thực hiện khám, phân loại, kết luận sức khỏe đối với công dân được gọi thực hiện nghĩa vụ quân sự do Hội đồng khám sức khỏe khu vực thực hiện sau khi sơ tuyển sức khỏe.

3. Hội đồng khám sức khỏe khu vực là hội đồng chuyên môn, hoạt động theo chế độ kiêm nhiệm do Chủ tịch Ủy ban nhân dân tỉnh, thành phố trực thuộc Trung ương (sau đây gọi chung là cấp tỉnh) quyết định thành lập theo đề nghị của Sở Y tế. Hội đồng khám sức khỏe khu vực được tổ chức các đoàn khám sức khỏe nghĩa vụ quân sự, đảm bảo đầy đủ thành phần và thực hiện khám sức khỏe nghĩa vụ quân sự theo quy định tại Điều 8 Thông tư này; trong đó, Trưởng đoàn là Phó Chủ tịch Hội đồng khám sức khỏe khu vực

4. Khám phúc tra sức khỏe nghĩa vụ quân sự là việc khám sức khỏe ngay sau khi công dân nhập ngũ do Hội đồng khám, phúc tra sức khỏe của đơn vị nhận quân thực hiện nhằm đánh giá lại sức khỏe công dân theo tiêu chuẩn sức khỏe thực hiện nghĩa vụ quân sự.

[...]

Như vậy, sơ tuyển sức khỏe nghĩa vụ quân sự là việc thực hiện kiểm tra, đánh giá sơ bộ sức khỏe đối với công dân được gọi khám sức khỏe thực hiện nghĩa vụ quân sự trước mỗi đợt tuyển chọn và gọi công dân nhập ngũ theo quy định của pháp luật về nghĩa vụ quân sự.

Sơ tuyển sức khỏe nghĩa vụ quân sự 2026 là khám những gì? (Hình từ Internet)

Căn cứ Điều 7  Thông tư 105/2023/TT-BQP  được sửa đổi bởi khoản 2 Điều 1  Thông tư 106/2025/TT-BQP  quy định sơ tuyển sức khỏe nghĩa vụ quân sự:

Điều 7. Sơ tuyển sức khỏe nghĩa vụ quân sự

1. Trạm y tế cấp xã thực hiện sơ tuyển sức khỏe nghĩa vụ quân sự dưới sự chỉ đạo, hướng dẫn về chuyên môn, nghiệp vụ của Sở Y tế hoặc bệnh viện, trung tâm y tế trực thuộc Sở Y tế; giám sát của Ban chỉ huy quân sự cấp xã, Ban chỉ huy phòng thủ khu vực.

2. Nội dung sơ tuyển sức khỏe

a) Khai thác tiền sử bệnh tật bản thân và gia đình;

b) Phát hiện những trường hợp không đủ sức khỏe về thể lực, dị tật, dị dạng quy định tại Mục I, Mục II Phụ lục I ban hành kèm theo Thông tư này; những bệnh thuộc diện miễn đăng ký nghĩa vụ quân sự quy định tại Mục III Phụ lục I ban hành kèm theo Thông tư này.

3. Quy trình sơ tuyển sức khỏe

a) Căn cứ kế hoạch tuyển chọn và gọi công dân nhập ngũ của Hội đồng nghĩa vụ quân sự cấp xã, Ban chỉ huy quân sự cấp xã lập danh sách, tham mưu Chủ tịch Ủy ban nhân dân cấp xã gọi khám sơ tuyển đối với công dân thuộc diện khám sức khỏe thực hiện nghĩa vụ quân sự trên địa bàn quản lý;

b) Tổ chức sơ tuyển sức khỏe theo quy định tại khoản 2 Điều này;

c) Hoàn chỉnh thông tin sức khỏe của công dân được gọi khám sơ tuyển sức khỏe thực hiện nghĩa vụ quân sự theo Mẫu 2 Phụ lục V ban hành kèm theo Thông tư này;

d) Lập danh sách công dân mắc các bệnh thuộc danh mục bệnh miễn đăng ký nghĩa vụ quân sự theo Mục III Phụ lục I ban hành kèm theo Thông tư này, báo cáo Hội đồng nghĩa vụ quân sự cấp xã;

đ) Tổng hợp, thống kê, báo cáo kết quả sơ tuyển sức khỏe theo Mẫu 2a; Mẫu 2k Phụ lục VI ban hành kèm theo Thông tư này.

Theo quy định trên, sơ tuyển sức khỏe nghĩa vụ quân sự 2026 là khám các nội dung sau:

- Khai thác tiền sử bệnh tật bản thân và gia đình

- Phát hiện những trường hợp không đủ sức khỏe về thể lực, dị tật, dị dạn; những bệnh thuộc diện miễn đăng ký nghĩa vụ quân sự

* Trên đây là thông tin về Sơ tuyển sức khỏe nghĩa vụ quân sự 2026 là khám những gì?

Căn cứ khoản 2 Điều 36  Luật Nghĩa vụ quân sự 2015  được sửa đổi bởi khoản 13 Điều 4  Luật Sửa đổi 11 Luật về quân sự, quốc phòng 2025  quy định hội đồng nghĩa vụ quân sự:

Điều 36. Hội đồng nghĩa vụ quân sự

[...]

2. Hội đồng nghĩa vụ quân sự cấp tỉnh, cấp xã gồm:

Chủ tịch Hội đồng nghĩa vụ quân sự là Chủ tịch Ủy ban nhân dân cấp tỉnh, cấp xã;

Phó Chủ tịch thường trực Hội đồng nghĩa vụ quân sự là Chỉ huy trưởng cơ quan quân sự cấp tỉnh, cấp xã;

Phó Chủ tịch Hội đồng nghĩa vụ quân sự là Giám đốc Công an cấp tỉnh, Trưởng Công an cấp xã;

Các ủy viên Hội đồng nghĩa vụ quân sự là người đứng đầu Ủy ban Mặt trận Tổ quốc Việt Nam, các tổ chức chính trị - xã hội trực thuộc Mặt trận Tổ quốc Việt Nam, một số cơ quan chuyên môn thuộc Ủy ban nhân dân và một số thành viên khác do Chủ tịch Ủy ban nhân dân cùng cấp quyết định.

[...]

Theo quy định trên, Chủ tịch Hội đồng nghĩa vụ quân sự là Chủ tịch Ủy ban nhân dân cấp tỉnh, cấp xã","nghia-vu-quan-su","","","","2025-11-01T12:30:00","https://thuvienphapluat.vn/hoi-dap-phap-luat/so-tuyen-suc-khoe-nghia-vu-quan-su-2026-la-kham-nhung-gi-138068606.html","2026-04-21T04:38:47.663156+00:00"
"138068602","Quy trình sơ tuyển sức khỏe nghĩa vụ quân sự 2026 thế nào?","Căn cứ Điều 7  Thông tư 105/2023/TT-BQP  được sửa đổi bởi khoản 2 Điều 1  Thông tư 106/2025/TT-BQP  quy định sơ tuyển sức khỏe nghĩa vụ quân sự:

Điều 7. Sơ tuyển sức khỏe nghĩa vụ quân sự

1. Trạm y tế cấp xã thực hiện sơ tuyển sức khỏe nghĩa vụ quân sự dưới sự chỉ đạo, hướng dẫn về chuyên môn, nghiệp vụ của Sở Y tế hoặc bệnh viện, trung tâm y tế trực thuộc Sở Y tế; giám sát của Ban chỉ huy quân sự cấp xã, Ban chỉ huy phòng thủ khu vực.

2. Nội dung sơ tuyển sức khỏe

a) Khai thác tiền sử bệnh tật bản thân và gia đình;

b) Phát hiện những trường hợp không đủ sức khỏe về thể lực, dị tật, dị dạng quy định tại Mục I, Mục II Phụ lục I ban hành kèm theo Thông tư này; những bệnh thuộc diện miễn đăng ký nghĩa vụ quân sự quy định tại Mục III Phụ lục I ban hành kèm theo Thông tư này.

3. Quy trình sơ tuyển sức khỏe

a) Căn cứ kế hoạch tuyển chọn và gọi công dân nhập ngũ của Hội đồng nghĩa vụ quân sự cấp xã, Ban chỉ huy quân sự cấp xã lập danh sách, tham mưu Chủ tịch Ủy ban nhân dân cấp xã gọi khám sơ tuyển đối với công dân thuộc diện khám sức khỏe thực hiện nghĩa vụ quân sự trên địa bàn quản lý;

b) Tổ chức sơ tuyển sức khỏe theo quy định tại khoản 2 Điều này;

c) Hoàn chỉnh thông tin sức khỏe của công dân được gọi khám sơ tuyển sức khỏe thực hiện nghĩa vụ quân sự theo Mẫu 2 Phụ lục V ban hành kèm theo Thông tư này;

d) Lập danh sách công dân mắc các bệnh thuộc danh mục bệnh miễn đăng ký nghĩa vụ quân sự theo Mục III Phụ lục I ban hành kèm theo Thông tư này, báo cáo Hội đồng nghĩa vụ quân sự cấp xã;

đ) Tổng hợp, thống kê, báo cáo kết quả sơ tuyển sức khỏe theo Mẫu 2a; Mẫu 2k Phụ lục VI ban hành kèm theo Thông tư này.

Theo quy định trên, quy trình sơ tuyển sức khỏe nghĩa vụ quân sự 2026 như sau:

Bước 1 : Lập danh sách gọi khám sơ tuyển

Căn cứ kế hoạch tuyển chọn và gọi công dân nhập ngũ của Hội đồng nghĩa vụ quân sự cấp xã, Ban chỉ huy quân sự cấp xã lập danh sách, tham mưu Chủ tịch Ủy ban nhân dân cấp xã gọi khám sơ tuyển đối với công dân thuộc diện khám sức khỏe thực hiện nghĩa vụ quân sự trên địa bàn quản lý

Bước 2 : Tổ chức sơ tuyển sức khỏe

Tổ chức sơ tuyển sức khỏe với các nội dung sau:

- Khai thác tiền sử bệnh tật bản thân và gia đình

- Phát hiện những trường hợp không đủ sức khỏe về thể lực, dị tật, dị dạng; những bệnh thuộc diện miễn đăng ký nghĩa vụ quân sự

Bước 3 : Hoàn chỉnh thông tin sức khỏe của công dân được gọi khám sơ tuyển sức khỏe thực hiện nghĩa vụ quân sự

Bước 4 : Lập danh sách công dân mắc các bệnh thuộc danh mục bệnh miễn đăng ký nghĩa vụ quân sự; báo cáo Hội đồng nghĩa vụ quân sự cấp xã

Bước 5 : Tổng hợp, thống kê, báo cáo kết quả sơ tuyển sức khỏe

* Trên đây là thông tin về Quy trình sơ tuyển sức khỏe nghĩa vụ quân sự 2026 thế nào?

Xem thêm:

>>  Vì sao khám sức khỏe nghĩa vụ quân sự rớt nhưng năm sau lại được gọi tiếp?

>>  Khi nào có giấy trúng tuyển nghĩa vụ quân sự 2026?

Quy trình sơ tuyển sức khỏe nghĩa vụ quân sự 2026 thế nào? (Hình từ Internet)

Căn cứ Điều 33  Luật Nghĩa vụ quân sự 2015  quy định số lần, thời điểm gọi công dân nhập ngũ và thực hiện nghĩa vụ tham gia Công an nhân dân trong năm:

Điều 33. Số lần, thời điểm gọi công dân nhập ngũ và thực hiện nghĩa vụ tham gia Công an nhân dân trong năm

Hằng năm, gọi công dân nhập ngũ và thực hiện nghĩa vụ tham gia Công an nhân dân một lần vào tháng hai hoặc tháng ba; trường hợp cần thiết vì lý do quốc phòng, an ninh thì được gọi công dân nhập ngũ và thực hiện nghĩa vụ tham gia Công an nhân dân lần thứ hai. Đối với địa phương có thảm họa hoặc dịch bệnh nguy hiểm thì được điều chỉnh thời gian gọi nhập ngũ và thực hiện nghĩa vụ tham gia Công an nhân dân.

Theo quy định trên, số lần gọi công dân nhập ngũ trong năm là một lần vào tháng hai hoặc tháng ba; trường hợp cần thiết vì lý do quốc phòng, an ninh thì được gọi công dân nhập ngũ và thực hiện nghĩa vụ tham gia Công an nhân dân lần thứ hai.

Căn cứ Điều 34  Luật Nghĩa vụ quân sự 2015  được sửa đổi bởi Điều 4  Luật Sửa đổi 11 Luật về quân sự, quốc phòng 2025  quy định thẩm quyền quyết định việc gọi công dân nhập ngũ và thực hiện nghĩa vụ tham gia Công an nhân dân:

Điều 34. Thẩm quyền quyết định việc gọi công dân nhập ngũ và thực hiện nghĩa vụ tham gia Công an nhân dân

1. Thủ tướng Chính phủ quyết định thời gian, số lượng gọi công dân nhập ngũ và thực hiện nghĩa vụ tham gia Công an nhân dân đối với tỉnh, thành phố trực thuộc trung ương (sau đây gọi chung là cấp tỉnh); quyết định gọi công dân nhập ngũ và thực hiện nghĩa vụ tham gia Công an nhân dân lần thứ hai; quyết định điều chỉnh số lượng, thời gian gọi công dân nhập ngũ và thực hiện nghĩa vụ tham gia Công an nhân dân đối với cấp tỉnh theo quy định tại Điều 33 của Luật này.

2. Căn cứ vào quyết định của Thủ tướng Chính phủ, Bộ trưởng Bộ Quốc phòng, Bộ trưởng Bộ Công an quyết định số lượng gọi công dân nhập ngũ và thực hiện nghĩa vụ tham gia Công an nhân dân cho đơn vị thuộc quyền ở từng địa phương cấp tỉnh.

[...]

Theo quy định trên, Thủ tướng Chính phủ quyết định thời gian gọi công dân nhập ngũ","nghia-vu-quan-su","","","","2025-11-01T11:05:00","https://thuvienphapluat.vn/hoi-dap-phap-luat/quy-trinh-so-tuyen-suc-khoe-nghia-vu-quan-su-2026-the-nao-138068602.html","2026-04-21T04:38:56.743240+00:00"
"138068607","Giao nhận quân nghĩa vụ quân sự 2026 trước hay sau tết?","Ngày 16/10/2025, Bộ Quốc phòng ban hành  Hướng dẫn 6544/HD-BQP năm 2025  về tuyển chọn và gọi công dân nhập ngũ năm 2026

Căn cứ  Hướng dẫn 6544/HD-BQP năm 2025  hướng dẫn như sau:

Thực hiện Luật Nghĩa vụ quân sự ngày 19 tháng 6 năm 2015; Luật sửa đổi, bổ sung một số điều của 11 luật về quân sự, quốc phòng ngày 27 tháng 6 năm 2025; Quyết định số 183/QĐ-TTg ngày 10 tháng 9 năm 2025 của Thủ tướng Chính phủ về việc gọi công dân nhập ngũ năm 2026; cụ thể, năm 2026 tiến hành tuyển chọn và gọi công dân nhập ngũ (sau đây gọi chung là tuyển quân) một đợt; thời gian giao nhận quân từ ngày 04 đến hết ngày 06 tháng 3 năm 2026 (từ ngày 16 đến hết ngày 18 tháng Giêng năm Bính Ngọ).

Để công tác tuyển quân năm 2026 đủ chỉ tiêu được giao, bảo đảm chất lượng, đúng quy định, Bộ Quốc phòng hướng dẫn một số nội dung công tác tuyển quân năm 2026, như sau:

[...]

Theo quy định trên, năm 2026 sẽ tiến hành tuyển chọn và gọi công dân nhập ngũ (gọi chung là tuyển quân) một đợt. Thời gian giao nhận quân từ ngày 4 đến hết ngày 6 tháng 3 năm 2026 (từ ngày 16 đến hết ngày 18 tháng Giêng năm Bính Ngọ).

Theo lịch Vạn niên, Tết Nguyên đán 2026 - Tết âm lịch 2026 rơi vào tháng 2 năm 2026 dương lịch.

Như vậy, giao nhận quân nghĩa vụ quân sự 2026 sau tết âm lịch 2026

* Trên đây là thông tin về Giao nhận quân nghĩa vụ quân sự 2026 trước hay sau tết?

Xem thêm:

>>  Vì sao khám sức khỏe nghĩa vụ quân sự rớt nhưng năm sau lại được gọi tiếp?

>>  Khi nào có giấy trúng tuyển nghĩa vụ quân sự 2026?

Thời gian giao nhận quân nghĩa vụ quân sự 2026 là khi nào? (Hình từ Internet)

Căn cứ Điều 34  Luật Nghĩa vụ quân sự 2015  được sửa đổi bởi Điều 4  Luật Sửa đổi 11 Luật về quân sự, quốc phòng 2025  quy định thẩm quyền quyết định việc gọi công dân nhập ngũ và thực hiện nghĩa vụ tham gia Công an nhân dân:

Điều 34. Thẩm quyền quyết định việc gọi công dân nhập ngũ và thực hiện nghĩa vụ tham gia Công an nhân dân

1. Thủ tướng Chính phủ quyết định thời gian, số lượng gọi công dân nhập ngũ và thực hiện nghĩa vụ tham gia Công an nhân dân đối với tỉnh, thành phố trực thuộc trung ương (sau đây gọi chung là cấp tỉnh); quyết định gọi công dân nhập ngũ và thực hiện nghĩa vụ tham gia Công an nhân dân lần thứ hai; quyết định điều chỉnh số lượng, thời gian gọi công dân nhập ngũ và thực hiện nghĩa vụ tham gia Công an nhân dân đối với cấp tỉnh theo quy định tại Điều 33 của Luật này.

2. Căn cứ vào quyết định của Thủ tướng Chính phủ, Bộ trưởng Bộ Quốc phòng, Bộ trưởng Bộ Công an quyết định số lượng gọi công dân nhập ngũ và thực hiện nghĩa vụ tham gia Công an nhân dân cho đơn vị thuộc quyền ở từng địa phương cấp tỉnh.

3. Chủ tịch Ủy ban nhân dân cấp tỉnh quyết định giao số lượng gọi công dân nhập ngũ và thực hiện nghĩa vụ tham gia Công an nhân dân cho địa phương cấp xã; quyết định danh sách công dân gọi nhập ngũ và thực hiện nghĩa vụ tham gia Công an nhân dân theo đề nghị của Hội đồng nghĩa vụ quân sự cấp tỉnh.

4. Chỉ huy trưởng Bộ chỉ huy quân sự cấp tỉnh, Giám đốc Công an cấp tỉnh có trách nhiệm phối hợp, tham mưu cho Chủ tịch Ủy ban nhân dân cấp tỉnh trong việc giao số lượng gọi công dân nhập ngũ và thực hiện nghĩa vụ tham gia Công an nhân dân cho địa phương cấp xã và cơ quan, tổ chức trên địa bàn; chỉ đạo tuyển chọn công dân nhập ngũ và thực hiện nghĩa vụ tham gia Công an nhân dân.

[...]

Theo quy định trên, chủ tịch Ủy ban nhân dân cấp tỉnh quyết định danh sách công dân gọi nhập ngũ và thực hiện nghĩa vụ tham gia Công an nhân dân theo đề nghị của Hội đồng nghĩa vụ quân sự cấp tỉnh.

Căn cứ Điều 42  Luật Nghĩa vụ quân sự 2015  được sửa đổi bởi khoản 17 Điều 4  Luật Sửa đổi 11 Luật về quân sự, quốc phòng 2025  quy định thẩm quyền quyết định tạm hoãn gọi nhập ngũ, miễn gọi nhập ngũ và công nhận hoàn thành nghĩa vụ quân sự tại ngũ:

Điều 42. Thẩm quyền quyết định tạm hoãn gọi nhập ngũ, miễn gọi nhập ngũ và công nhận hoàn thành nghĩa vụ quân sự tại ngũ

1. Chủ tịch Ủy ban nhân dân cấp tỉnh quyết định tạm hoãn gọi nhập ngũ và miễn gọi nhập ngũ đối với công dân quy định tại Điều 41 của Luật này.

2. Chỉ huy trưởng Bộ chỉ huy quân sự cấp tỉnh quyết định công nhận hoàn thành nghĩa vụ quân sự tại ngũ đối với công dân quy định tại khoản 4 Điều 4 của Luật này.

Theo quy định trên, chủ tịch Ủy ban nhân dân cấp tỉnh quyết định tạm hoãn gọi nhập ngũ","nghia-vu-quan-su","","","","2025-11-01T11:00:00","https://thuvienphapluat.vn/hoi-dap-phap-luat/giao-nhan-quan-nghia-vu-quan-su-2026-truoc-hay-sau-tet-138068607.html","2026-04-21T04:39:01.489727+00:00"
"138068575","Đã có Quyết định về Danh sách nghĩa vụ quân sự năm 2026 tại Thành phố Hồ Chí Minh ra sao?","Ngày 2410/2025, UBND TP Hồ Chí Minh ban hành Quyết định 2314/QĐ-UBND về Danh sách nghĩa vụ quân sự năm 2026 tại Thành phố Hồ Chí Minh

Theo đó, Quyết định về Danh sách nghĩa vụ quân sự năm 2026 tại Thành phố Hồ Chí Minh công nhận kết quả phân loại 04 danh sách xét duyệt nghĩa vụ quân sự năm 2026

Tổng số: 409.486 công dân. Trong đó:

- Miễn gọi nhập ngũ là 117 công dân

- Không xét tuyển và chưa xét tuyển là 6.396 công dân

- Tạm hoãn gọi nhập ngũ là 108.160 công dân

- Thuộc diện gọi khám sơ tuyển sức khoẻ là 294.813 công dân

Xem chi tiết Quyết định về Danh sách nghĩa vụ quân sự năm 2026 tại Thành phố Hồ Chí Minh   Tải về

* Trên đây là thông tin về Đã có Quyết định về Danh sách nghĩa vụ quân sự năm 2026 tại Thành phố Hồ Chí Minh ra sao?

Xem thêm:

>>  Vì sao khám sức khỏe nghĩa vụ quân sự rớt nhưng năm sau lại được gọi tiếp?

>>  Khi nào có giấy trúng tuyển nghĩa vụ quân sự 2026?

Đã có Quyết định về Danh sách nghĩa vụ quân sự năm 2026 tại Thành phố Hồ Chí Minh ra sao? (Hình từ Internet)

Căn cứ Điều 21  Luật Nghĩa vụ quân sự 2015  quy định thời hạn phục vụ tại ngũ của hạ sĩ quan, binh sĩ:

Điều 21. Thời hạn phục vụ tại ngũ của hạ sĩ quan, binh sĩ

1. Thời hạn phục vụ tại ngũ trong thời bình của hạ sĩ quan, binh sĩ là 24 tháng.

2. Bộ trưởng Bộ Quốc phòng được quyết định kéo dài thời hạn phục vụ tại ngũ của hạ sĩ quan, binh sĩ nhưng không quá 06 tháng trong trường hợp sau đây:

a) Để bảo đảm nhiệm vụ sẵn sàng chiến đấu;

b) Đang thực hiện nhiệm vụ phòng, chống thiên tai, dịch bệnh, cứu hộ, cứu nạn.

3. Thời hạn phục vụ của hạ sĩ quan, binh sĩ trong tình trạng chiến tranh hoặc tình trạng khẩn cấp về quốc phòng được thực hiện theo lệnh tổng động viên hoặc động viên cục bộ.

Theo quy định trên, thời hạn phục vụ tại ngũ trong thời bình của hạ sĩ quan, binh sĩ là 24 tháng.

Ngoài ra, có thể kéo dài thời hạn phục vụ tại ngũ của hạ sĩ quan, binh sĩ nhưng không quá 06 tháng trong trường hợp sau đây:

- Để bảo đảm nhiệm vụ sẵn sàng chiến đấu

- Đang thực hiện nhiệm vụ phòng, chống thiên tai, dịch bệnh, cứu hộ, cứu nạn.

Căn cứ Điều 3  Nghị định 14/2016/NĐ-CP  quy định ngành, nghề chuyên môn của công dân nữ phù hợp yêu cầu Quân đội nhân dân:

[1] Trình độ thạc sĩ, tiến sĩ

- Ngôn ngữ và văn hóa nước ngoài: Ngôn ngữ Anh; Ngôn ngữ Nga; Ngôn ngữ Pháp; Ngôn ngữ Trung Quốc; Ngôn ngữ Nhật;

- Báo chí và Truyền thông: Báo chí học; Truyền thông đại chúng;

- Văn thư - lưu trữ: Lưu trữ học; Bảo tàng học;

- Tài chính;

- Kế toán;

- Luật: Luật dân sự và tố tụng dân sự; Luật hình sự và tố tụng hình sự; Luật kinh tế; Luật quốc tế;

- Máy tính và công nghệ thông tin: Khoa học máy tính; Kỹ thuật phần mềm; Hệ thống thông tin; Công nghệ thông tin;

- Kỹ thuật điện, điện tử và viễn thông: Kỹ thuật điện; Kỹ thuật điện tử; Kỹ thuật ra đa - dẫn đường; Kỹ thuật viễn thông; Kỹ thuật mật mã;

vY, Dược: Vi sinh học; Ký sinh trùng y học; Dịch tễ học; Dược lý và chất độc; Gây mê hồi sức; Hồi sức cấp cứu và chống độc; Ngoại khoa; Sản phụ khoa; Nội khoa; Thần kinh và tâm thần; Ung thư; Lao; Huyết học và truyền máu; Da liễu; Truyền nhiễm và các bệnh nhiệt đới; Tai - Mũi - Họng; Nhãn khoa; Y học dự phòng; Phục hồi chức năng; Chẩn đoán hình ảnh; Y học cổ truyền; Dinh dưỡng; Y học hạt nhân; Kỹ thuật hình ảnh y học; Vật lý trị liệu; Công nghệ dược phẩm và bào chế thuốc; Dược lý và dược lâm sàng; Dược học cổ truyền; Kiểm nghiệm thuốc và độc chất; Điều dưỡng; Răng - Hàm - Mặt.

[2] Trình độ cao đẳng, đại học

- Giáo viên sư phạm: Toán học, Tin học, Vật lý, Hóa học, Sinh học, Ngữ văn, Lịch sử, Địa lý, Tiếng các dân tộc ít người, Ngoại ngữ;

- Nghệ thuật trình diễn: Sáng tác âm nhạc; Thanh nhạc; Biên kịch sân khấu; Diễn viên sân khấu kịch hát; Đạo diễn sân khấu; Biên kịch điện ảnh - truyền hình; Diễn viên kịch - điện ảnh; Đạo diễn điện ảnh - truyền hình; Quay phim; Diễn viên múa; Biên đạo múa; Huấn luyện múa;

- Nghệ thuật nghe nhìn: Nhiếp ảnh; Công nghệ điện ảnh - truyền hình; Thiết kế âm thanh - ánh sáng;

- Ngôn ngữ và văn hóa nước ngoài: Ngôn ngữ Anh; Ngôn ngữ Pháp; Ngôn ngữ Nga; Ngôn ngữ Đức; Ngôn ngữ Trung Quốc; Ngôn ngữ Nhật Bản; Ngôn ngữ Hàn Quốc và các thứ tiếng khu vực Đông Nam Á;

- Văn thư - Lưu trữ - Bảo tàng: Lưu trữ học, Bảo tàng học;

- Tài chính;

- Kế toán;

- Luật: Luật kinh tế; Luật quốc tế;

- Máy tính và công nghệ thông tin: Khoa học máy tính; Truyền thông và mạng máy tính; Kỹ thuật phần mềm; Hệ thống thông tin; Công nghệ thông tin; Tin học ứng dụng;

- Công nghệ kỹ thuật: Công nghệ kỹ thuật điện, điện tử và viễn thông; Công nghệ hóa học, vật liệu, luyện kim và môi trường;

- Kỹ thuật: Kỹ thuật điện, điện tử và viễn thông; Kỹ thuật hóa học, vật liệu, luyện kim và môi trường;

- Y, Dược: Y đa khoa; Y học dự phòng; Y học cổ truyền; Y tế công cộng; Kỹ thuật hình ảnh y học; Xét nghiệm y học; Dược học; Hóa dược; Điều dưỡng; Hộ sinh; Phục hồi chức năng; Răng - Hàm - Mặt; Kỹ thuật phục hình răng.

[3] Trình độ trung cấp

- Máy tính và công nghệ thông tin: Truyền thông và mạng máy tính; Công nghệ kỹ thuật phần cứng máy tính; Công nghệ kỹ thuật phần mềm máy tính; Kỹ thuật lắp ráp, sửa chữa máy tính; Quản trị hệ thống; Quản trị mạng máy tính; Lập trình/Phân tích hệ thống; Thiết kế và quản lý Website; Hệ thống thông tin văn phòng; tin học ứng dụng;

- Công nghệ kỹ thuật: Công nghệ kỹ thuật điện, điện tử và viễn thông; Công nghệ hóa học, vật liệu, luyện kim và môi trường;

- Y, Dược: Nữ hộ sinh; Điều dưỡng; Y học cổ truyền; Răng, Hàm, Mặt; Dược học;

- Tài chính - Kế toán: Tài chính, Kế toán hành chính sự nghiệp, Kế toán lao động tiền lương và bảo trợ xã hội;

- Văn thư - Lưu trữ - Bảo tàng: Văn thư - Lưu trữ, Lưu trữ và quản lý thông tin;

- Nghệ thuật trình diễn: Sáng tác âm nhạc; Thanh nhạc; Biên kịch sân khấu; Diễn viên sân khấu kịch hát; Đạo diễn sân khấu; Biên kịch điện ảnh - truyền hình; Diễn viên kịch - điện ảnh; Đạo diễn điện ảnh - truyền hình; Quay phim; Diễn viên múa; Biên đạo múa; Huấn luyện múa;

- Nghệ thuật nghe nhìn: Nhiếp ảnh; Công nghệ điện ảnh - truyền hình; Thiết kế âm thanh - ánh sáng;

- Hàng không: Kiểm soát không lưu; nhóm nghề kỹ thuật điện, điện tử, viễn thông hàng không.","nghia-vu-quan-su","","","","2025-10-31T17:32:00","https://thuvienphapluat.vn/hoi-dap-phap-luat/da-co-quyet-dinh-ve-danh-sach-nghia-vu-quan-su-nam-2026-tai-thanh-pho-ho-chi-minh-ra-sao-138068575.html","2026-04-21T04:39:05.453012+00:00"
"138033908","Cận bao nhiêu độ thì không phải đi nghĩa vụ quân sự 2026?","Căn cứ khoản 3 Điều 4  Thông tư 148/2018/TT-BQP  quy định tiêu chuẩn tuyển quân:

Điều 4. Tiêu chuẩn tuyển quân

[...]

3. Tiêu chuẩn sức khỏe:

a) Tuyển chọn những công dân có sức khỏe loại 1, 2, 3 theo quy định tại Thông tư liên tịch số 16/2016/TTLT-BYT-BQP ngày 30 tháng 6 năm 2016 của Bộ trưởng Bộ Y tế - Bộ trưởng Bộ Quốc phòng quy định việc khám sức khỏe thực hiện nghĩa vụ quân sự.

b) Đối với các cơ quan, đơn vị, vị trí quy định tại Điểm b, Khoản 2 Điều này, thực hiện tuyển chọn bảo đảm tiêu chuẩn riêng theo quy định của Bộ Quốc phòng.

c) Không gọi nhập ngũ vào Quân đội những công dân có sức khỏe loại 3 tật khúc xạ về mắt (cận thị 1,5 diop trở lên, viễn thị các mức độ); nghiện ma túy, nhiễm HlV, AIDS.

[...]

Căn cứ Tiểu mục 1 Mục 2 Phụ lục 1 ban hành kèm theo  Thông tư 105/2023/TT-BQP  quy định các bệnh về mắt như sau:

Theo đó, cận thị dưới - 3D sẽ được chấm theo điểm của “Thị lực sau chỉnh kính” và tăng lên 1 điểm như sau:

Thị lực mắt phải

Tổng thị lực 2 mắt

Điểm

10/10

19/10

2

10/10

18/10

3

9/10

17/10

4

8/10

16/10

5

6,7/10

13/10 - 15/10

6

1, 2, 3, 4, 5/10

6/10 - 12/10

7

Ngoài ra, cận thị đã phẫu thuật sẽ được chấm theo điểm như sau:

Thị lực mắt phải

Tổng thị lực 2 mắt

Điểm

10/10

19/10

2

10/10

18/10

3

9/10

17/10

4

8/10

16/10

5

6,7/10

13/10 - 15/10

6

1, 2, 3, 4, 5/10

6/10 - 12/10

7

Theo quy định trên, những đối tượng nào có sức khỏe từ loại 4 trở lên thì không đủ tiêu chuẩn sức khỏe tham gia nghĩa vụ quân sự.

Như vậy, công dân nếu có mức độ cận thị xếp loại 4, 5, 6 thì sẽ không đủ tiêu chuẩn đi nghĩa vụ quân sự 2026. Cụ thể như sau:

- Cận thị từ - 3D trở lên

- Cận thị dưới -3D mà có điểm “Thị lực sau chỉnh kính” là 4, 5, 6

- Cận thị đã phẫu thuật mà có điểm “Thị lực (không kính)” là 4, 5, 6

Cận bao nhiêu độ thì không phải đi nghĩa vụ quân sự 2026? (Hình từ Internet)

Căn cứ Điều 21  Luật Nghĩa vụ quân sự 2015  quy định thời hạn phục vụ tại ngũ của hạ sĩ quan, binh sĩ:

Điều 21. Thời hạn phục vụ tại ngũ của hạ sĩ quan, binh sĩ

1. Thời hạn phục vụ tại ngũ trong thời bình của hạ sĩ quan, binh sĩ là 24 tháng.

2. Bộ trưởng Bộ Quốc phòng được quyết định kéo dài thời hạn phục vụ tại ngũ của hạ sĩ quan, binh sĩ nhưng không quá 06 tháng trong trường hợp sau đây:

a) Để bảo đảm nhiệm vụ sẵn sàng chiến đấu;

b) Đang thực hiện nhiệm vụ phòng, chống thiên tai, dịch bệnh, cứu hộ, cứu nạn.

3. Thời hạn phục vụ của hạ sĩ quan, binh sĩ trong tình trạng chiến tranh hoặc tình trạng khẩn cấp về quốc phòng được thực hiện theo lệnh tổng động viên hoặc động viên cục bộ.

Theo quy định trên, thời hạn phục vụ tại ngũ trong thời bình của hạ sĩ quan, binh sĩ là 24 tháng. Ngoài ra, thời gian có thể kéo dài nhưng không quá 06 tháng trong các trường hợp sau:

- Để bảo đảm nhiệm vụ sẵn sàng chiến đấu

- Đang thực hiện nhiệm vụ phòng, chống thiên tai, dịch bệnh, cứu hộ, cứu nạn

Căn cứ Điều 41  Luật Nghĩa vụ quân sự 2015  được bổ sung bởi điểm c khoản 1 Điều 49  Luật Dân quân tự vệ 2019  quy định các công dân sau được tạm hoãn gọi nhập ngũ

- Chưa đủ sức khỏe phục vụ tại ngũ theo kết luận của Hội đồng khám sức khỏe

- Là lao động duy nhất phải trực tiếp nuôi dưỡng thân nhân không còn khả năng lao động hoặc chưa đến tuổi lao động; trong gia đình bị thiệt hại nặng về người và tài sản do tai nạn, thiên tai, dịch bệnh nguy hiểm gây ra được Ủy ban nhân dân cấp xã xác nhận

- Một con của bệnh binh, người nhiễm chất độc da cam suy giảm khả năng lao động từ 61% đến 80%

- Có anh, chị hoặc em ruột là hạ sĩ quan, binh sĩ đang phục vụ tại ngũ; hạ sĩ quan, chiến sĩ thực hiện nghĩa vụ tham gia Công an nhân dân

- Người thuộc diện di dân, giãn dân trong 03 năm đầu đến các xã đặc biệt khó khăn theo dự án phát triển kinh tế - xã hội của Nhà nước do Ủy ban nhân dân cấp tỉnh trở lên quyết định

- Cán bộ, công chức, viên chức, thanh niên xung phong được điều động đến công tác, làm việc ở vùng có điều kiện kinh tế - xã hội đặc biệt khó khăn theo quy định của pháp luật

- Đang học tại cơ sở giáo dục phổ thông; đang được đào tạo trình độ đại học hệ chính quy thuộc cơ sở giáo dục đại học, trình độ cao đẳng hệ chính quy

- Dân quân thường trực","nghia-vu-quan-su","","","","2025-10-30T03:30:00","https://thuvienphapluat.vn/hoi-dap-phap-luat/can-bao-nhieu-do-thi-khong-phai-di-nghia-vu-quan-su-2025-138033908.html","2026-04-21T04:39:10.106764+00:00"
"138068033","Sức khỏe loại 3 có đi nghĩa vụ quân sự 2026 không?","Căn cứ theo Điều 4  Thông tư 148/2018/TT-BQP  được sửa đổi bởi điểm a, điểm b khoản 1 Điều 1  Thông tư 68/2025/TT-BQP  quy định như sau:

Điều 4. Tiêu chuẩn tuyển quân

1. Tuổi đời:

a) Công dân từ đủ 18 tuổi đến hết 25 tuổi.

b) Công dân nam được đào tạo trình độ cao đẳng, đại học đã được tạm hoãn gọi nhập ngũ trong thời gian một khóa đào tạo của một trình độ đào tạo thì tuyển chọn và gọi nhập ngũ đến hết 27 tuổi.

2. Tiêu chuẩn chính trị:

a) Thực hiện theo Thông tư liên tịch số 50/2016/TTLT-BQP-BCA ngày 15 tháng 4 năm 2016 của Bộ trưởng Bộ Quốc phòng - Bộ trưởng Bộ Công an quy định tiêu chuẩn chính trị tuyển chọn công dân vào phục vụ trong Quân đội nhân dân Việt Nam.

b) Đối với các cơ quan, đơn vị và vị trí trọng yếu cơ mật trong Quân đội; lực lượng Tiêu binh, Nghi lễ; lực lượng Vệ binh và Kiểm soát quân sự chuyên nghiệp thực hiện tuyển chọn theo quy định của Bộ Quốc phòng.

3. Tiêu chuẩn sức khỏe:

a) Tuyển chọn những công dân đạt sức khỏe loại 1, loại 2 và loại 3 theo quy định tại Điều 5, Điều 6 Thông tư số 105/2023/TT-BQP ngày 06 tháng 12 năm 2023 của Bộ trưởng Bộ Quốc phòng quy định tiêu chuẩn sức khỏe, khám sức khỏe cho các đối tượng thuộc phạm vi quản lý của Bộ Quốc phòng.

b) Đối với các cơ quan, đơn vị, vị trí quy định tại Điểm b, Khoản 2 Điều này, thực hiện tuyển chọn bảo đảm tiêu chuẩn riêng theo quy định của Bộ Quốc phòng.

c) Không gọi nhập ngũ vào Quân đội những công dân mắc tật khúc xạ cận thị lớn hơn 1.5 diop trở lên, viễn thị các mức độ; chỉ số BMI nhỏ hơn 18.0 hoặc lớn hơn 29.9.

4. Tiêu chuẩn văn hóa:

a) Tuyển chọn và gọi nhập ngũ những công dân có trình độ văn hóa lớp 8 trở lên, lấy từ cao xuống thấp. Những địa phương có khó khăn không đảm bảo đủ chỉ tiêu giao quân thì báo cáo cấp có thẩm quyền xem xét, quyết định được tuyển chọn số công dân có trình độ văn hóa lớp 7.

b) Các xã thuộc vùng sâu, vùng xa, vùng điều kiện kinh tế - xã hội đặc biệt khó khăn theo quy định của pháp luật; đồng bào dân tộc thiểu số dưới 10.000 người thì được tuyển không quá 25% công dân có trình độ văn hóa cấp tiểu học, còn lại là trung học cơ sở trở lên.

Như vậy, công dân có sức khỏe loại 3 vẫn tham gia  nghĩa vụ quân sự  năm 2026 khi đáp ứng đầy đủ các tiêu chuẩn độ tuổi, chính trị, văn hóa, không mắc tật khúc xạ cận thị lớn hơn 1.5 diop trở lên, viễn thị các mức độ, chỉ số BMI nhỏ hơn 18.0 hoặc lớn hơn 29.9 và không thuộc các trường hợp tạm hoãn, miễn nghĩa vụ quân sự.

* Trên đây là nội dung Sức khỏe loại 3 có đi nghĩa vụ quân sự 2026 không?

Xem thêm:

Loạn thị 0.75 độ có đi nghĩa vụ quân sự không?

Bị cận 2 độ có đi nghĩa vụ quân sự không?

Sức khỏe loại 3 có đi nghĩa vụ quân sự 2026 không? (Hình từ Internet)

Căn cứ theo Điều 11  Luật Nghĩa vụ quân sự 2015 , việc đăng ký nghĩa vụ quân sự và quản lý công dân trong độ tuổi thực hiện nghĩa vụ quân sự phải tuân theo 04 nguyên tắc sau:

- Đúng đối tượng, trình tự thủ tục, chế độ chính sách theo quy định của pháp luật.

- Thống nhất, công khai, minh bạch, thuận lợi cho công dân.

- Quản lý chặt chẽ, nắm chắc số lượng, chất lượng, nhân thân của công dân trong độ tuổi thực hiện nghĩa vụ quân sự.

- Mọi thay đổi về cư trú của công dân trong độ tuổi thực hiện nghĩa vụ quân sự phải được đăng ký và quản lý theo quy định của pháp luật.

Căn cứ theo khoản 1 Điều 54  Luật Nghĩa vụ quân sự 2015  quy định như sau:

Điều 54. Cơ quan quản lý nhà nước về nghĩa vụ quân sự

1. Chính phủ thống nhất quản lý nhà nước về nghĩa vụ quân sự trong phạm vi cả nước.

2. Bộ Quốc phòng chịu trách nhiệm giúp Chính phủ thực hiện quản lý nhà nước về nghĩa vụ quân sự.

3. Các bộ, cơ quan ngang bộ phối hợp với Bộ Quốc phòng thực hiện quản lý nhà nước về nghĩa vụ quân sự theo thẩm quyền.

Như vậy, cơ quan thống nhất  quản lý nhà nước  về nghĩa vụ quân sự trong phạm vi cả nước là  Chính phủ.","nghia-vu-quan-su","","","","2025-10-28T09:00:00","https://thuvienphapluat.vn/hoi-dap-phap-luat/suc-khoe-loai-3-co-di-nghia-vu-quan-su-2026-khong-138068033.html","2026-04-21T04:39:13.604388+00:00"
"138067419","Tự nguyện đi nghĩa vụ quân sự bao nhiêu tuổi?","Tại Điều 12  Luật Nghĩa vụ quân sự 2015  có quy định về tuổi tự nguyện đi nghĩa vụ quân sự như sau:

Điều 12. Đối tượng đăng ký nghĩa vụ quân sự

1. Công dân nam đủ 17 tuổi trở lên.

2. Công dân nữ quy định tại khoản 2 Điều 7 của Luật này đủ 18 tuổi trở lên.

Như vậy, nếu tự nguyện đi nghĩa vụ quân sự thì độ tuổi đăng ký nhập ngũ là nam từ đủ 17 tuổi trở lên, còn đối với nữ là đủ 18 tuổi trở lên.

Trên đây là thông tin ""Tự nguyện đi nghĩa vụ quân sự bao nhiêu tuổi?""

Tự nguyện đi nghĩa vụ quân sự bao nhiêu tuổi? (Hình từ Internet)

Tại Điều 33  Luật Nghĩa vụ quân sự 2015  có quy định lịch đi nghĩa vụ quân sự 2025 như sau:

Điều 33. Số lần, thời điểm gọi công dân nhập ngũ và thực hiện nghĩa vụ tham gia Công an nhân dân trong năm

Hằng năm, gọi công dân nhập ngũ và thực hiện nghĩa vụ tham gia Công an nhân dân một lần vào tháng hai hoặc tháng ba; trường hợp cần thiết vì lý do quốc phòng, an ninh thì được gọi công dân nhập ngũ và thực hiện nghĩa vụ tham gia Công an nhân dân lần thứ hai. Đối với địa phương có thảm họa hoặc dịch bệnh nguy hiểm thì được điều chỉnh thời gian gọi nhập ngũ và thực hiện nghĩa vụ tham gia Công an nhân dân.

Như vậy, lịch đi nghĩa vụ quân sự 2026 sẽ được diễn ra vào tháng 2/2026 hoặc 3/2026.

Trong trường hợp cần thiết vì lý do quốc phòng, an ninh thì được gọi công dân nhập ngũ lần thứ hai.

Đối với địa phương có thảm họa hoặc dịch bệnh nguy hiểm thì được điều chỉnh lịch đi nghĩa vụ quân sự 2026.

Tại Điều 34  Luật Nghĩa vụ quân sự 2015  được sửa đổi bởi khoản 11 Điều 4  Luật sửa đổi 11 Luật về quân sự, quốc phòng 2025  quy định về thẩm quyền quyết định việc gọi công dân nhập ngũ và thực hiện nghĩa vụ tham gia Công an nhân dân

Điều 34. Thẩm quyền quyết định việc gọi công dân nhập ngũ và thực hiện nghĩa vụ tham gia Công an nhân dân

1. Thủ tướng Chính phủ quyết định thời gian, số lượng gọi công dân nhập ngũ và thực hiện nghĩa vụ tham gia Công an nhân dân đối với tỉnh, thành phố trực thuộc trung ương (sau đây gọi chung là cấp tỉnh); quyết định gọi công dân nhập ngũ và thực hiện nghĩa vụ tham gia Công an nhân dân lần thứ hai; quyết định điều chỉnh số lượng, thời gian gọi công dân nhập ngũ và thực hiện nghĩa vụ tham gia Công an nhân dân đối với cấp tỉnh theo quy định tại Điều 33 của Luật này.

2. Căn cứ vào quyết định của Thủ tướng Chính phủ, Bộ trưởng Bộ Quốc phòng, Bộ trưởng Bộ Công an quyết định số lượng gọi công dân nhập ngũ và thực hiện nghĩa vụ tham gia Công an nhân dân cho đơn vị thuộc quyền ở từng địa phương cấp tỉnh.

3. Chủ tịch Ủy ban nhân dân cấp tỉnh quyết định giao số lượng gọi công dân nhập ngũ và thực hiện nghĩa vụ tham gia Công an nhân dân cho địa phương cấp xã; quyết định danh sách công dân gọi nhập ngũ và thực hiện nghĩa vụ tham gia Công an nhân dân theo đề nghị của Hội đồng nghĩa vụ quân sự cấp tỉnh.

4. Chỉ huy trưởng Bộ chỉ huy quân sự cấp tỉnh, Giám đốc Công an cấp tỉnh có trách nhiệm phối hợp, tham mưu cho Chủ tịch Ủy ban nhân dân cấp tỉnh trong việc giao số lượng gọi công dân nhập ngũ và thực hiện nghĩa vụ tham gia Công an nhân dân cho địa phương cấp xã và cơ quan, tổ chức trên địa bàn; chỉ đạo tuyển chọn công dân nhập ngũ và thực hiện nghĩa vụ tham gia Công an nhân dân.

6. Chủ tịch Ủy ban nhân dân cấp xã quyết định gọi từng công dân nhập ngũ và thực hiện nghĩa vụ tham gia Công an nhân dân. Quyết định gọi nhập ngũ, gọi thực hiện nghĩa vụ tham gia Công an nhân dân phải được giao cho công dân trước thời gian ghi trong quyết định 15 ngày.

Như vậy, Chủ tịch UBND tỉnh quyết định giao số lượng gọi công dân nhập ngũ và thực hiện nghĩa vụ tham gia Công an nhân dân cho địa phương cấp xã; quyết định danh sách công dân gọi nhập ngũ theo đề nghị của Hội đồng nghĩa vụ quân sự cấp tỉnh.","nghia-vu-quan-su","","","","2025-10-25T18:25:00","https://thuvienphapluat.vn/hoi-dap-phap-luat/tu-nguyen-di-nghia-vu-quan-su-bao-nhieu-tuoi-138067419.html","2026-04-21T04:39:18.130928+00:00"
"138067416","Tải đơn xin tham gia nghĩa vụ quân sự tự nguyện nữ như thế nào?","Tại Điều 6  Luật Nghĩa vụ quân sự 2015  có quy định về nghĩa vụ phục vụ tại ngũ như sau:

Điều 6. Nghĩa vụ phục vụ tại ngũ

1. Công dân nam trong độ tuổi thực hiện nghĩa vụ quân sự có nghĩa vụ phục vụ tại ngũ trong Quân đội nhân dân.

2. Công dân nữ trong độ tuổi thực hiện nghĩa vụ quân sự trong thời bình nếu tự nguyện và quân đội có nhu cầu thì được phục vụ tại ngũ.

Như vậy, nữ trong độ tuổi thực hiện nghĩa vụ quân sự nếu tự nguyện và quân đội có nhu cầu thì được phục vụ tại ngũ.

Hiện nay, pháp luật không có quy định cụ thể về mẫu đơn xin tham gia nghĩa vụ quân sự tự nguyện nữ. Tham khảo mẫu đơn xin tham gia nghĩa vụ quân sự tự nguyện nữ:

Tải về  mẫu đơn xin tham gia nghĩa vụ quân sự tự nguyện nữ

Xem thêm

>>>  Làm nghề gì được miễn nghĩa vụ quân sự 2026?

>>>  Thông tư khám nghĩa vụ quân sự mới nhất năm 2025 là thông tư nào?

Tải đơn xin tham gia nghĩa vụ quân sự tự nguyện nữ như thế nào? (Hình từ Internet)

Tại Điều 12  Luật Nghĩa vụ quân sự 2015  có quy định về đối tượng đăng ký nghĩa vụ quân sự như sau:

Điều 12. Đối tượng đăng ký nghĩa vụ quân sự

1. Công dân nam đủ 17 tuổi trở lên.

2. Công dân nữ quy định tại khoản 2 Điều 7 của Luật này đủ 18 tuổi trở lên.

Như vậy, nữ đủ 18 tuổi trở lên được tham gia nghĩa vụ quân sự tự nguyện.

Tại Điều 41  Luật Nghĩa vụ quân sự 2015  được bổ sung bởi khoản 1 Điều 49  Luật Dân quân tự vệ 2019  có quy định về tạm hoãn đi nghĩa vụ quân sự và miễn đi nghĩa vụ quân sự như sau:

Điều 41. Tạm hoãn gọi nhập ngũ và miễn gọi nhập ngũ

1. Tạm hoãn gọi nhập ngũ đối với những công dân sau đây:

a) Chưa đủ sức khỏe phục vụ tại ngũ theo kết luận của Hội đồng khám sức khỏe;

b) Là lao động duy nhất phải trực tiếp nuôi dưỡng thân nhân không còn khả năng lao động hoặc chưa đến tuổi lao động; trong gia đình bị thiệt hại nặng về người và tài sản do tai nạn, thiên tai, dịch bệnh nguy hiểm gây ra được Ủy ban nhân dân cấp xã xác nhận;

c) Một con của bệnh binh, người nhiễm chất độc da cam suy giảm khả năng lao động từ 61% đến 80%;

d) Có anh, chị hoặc em ruột là hạ sĩ quan, binh sĩ đang phục vụ tại ngũ; hạ sĩ quan, chiến sĩ thực hiện nghĩa vụ tham gia Công an nhân dân;

đ) Người thuộc diện di dân, giãn dân trong 03 năm đầu đến các xã đặc biệt khó khăn theo dự án phát triển kinh tế - xã hội của Nhà nước do Ủy ban nhân dân cấp tỉnh trở lên quyết định;

e) Cán bộ, công chức, viên chức, thanh niên xung phong được điều động đến công tác, làm việc ở vùng có điều kiện kinh tế - xã hội đặc biệt khó khăn theo quy định của pháp luật;

g) Đang học tại cơ sở giáo dục phổ thông; đang được đào tạo trình độ đại học hệ chính quy thuộc cơ sở giáo dục đại học, trình độ cao đẳng hệ chính quy thuộc cơ sở giáo dục nghề nghiệp trong thời gian một khóa đào tạo của một trình độ đào tạo.

h) Dân quân thường trực.

2. Miễn gọi nhập ngũ đối với những công dân sau đây:

a) Con của liệt sĩ, con của thương binh hạng một;

b) Một anh hoặc một em trai của liệt sĩ;

c) Một con của thương binh hạng hai; một con của bệnh binh suy giảm khả năng lao động từ 81% trở lên; một con của người nhiễm chất độc da cam suy giảm khả năng lao động từ 81 % trở lên;

d) Người làm công tác cơ yếu không phải là quân nhân, Công an nhân dân;

đ) Cán bộ, công chức, viên chức, thanh niên xung phong được điều động đến công tác, làm việc ở vùng có điều kiện kinh tế - xã hội đặc biệt khó khăn theo quy định của pháp luật từ 24 tháng trở lên.

3. Công dân thuộc diện tạm hoãn gọi nhập ngũ quy định tại khoản 1 Điều này, nếu không còn lý do tạm hoãn thì được gọi nhập ngũ.

Công dân thuộc diện được tạm hoãn gọi nhập ngũ hoặc được miễn gọi nhập ngũ quy định tại khoản 1 và khoản 2 Điều này, nếu tình nguyện thì được xem xét tuyển chọn và gọi nhập ngũ.

4. Danh sách công dân thuộc diện được tạm hoãn gọi nhập ngũ, được miễn gọi nhập ngũ phải được niêm yết công khai tại trụ sở Ủy ban nhân dân cấp xã, cơ quan, tổ chức trong thời hạn 20 ngày.

Như vậy, con của liệt sĩ, con của thương binh hạng một được miễn gọi nhập ngũ nhưng nếu tình nguyện thì được xem xét tuyển chọn và gọi nhập ngũ.","nghia-vu-quan-su","","","","2025-10-25T15:20:00","https://thuvienphapluat.vn/hoi-dap-phap-luat/tai-don-xin-tham-gia-nghia-vu-quan-su-tu-nguyen-nu-nhu-the-nao-138067416.html","2026-04-21T04:39:22.965204+00:00"
"138067406","Năm 2026, cả nước thực hiện tuyển quân một đợt duy nhất đúng không?","Ngày 16/10/2025, Bộ Quốc phòng đã ban hành  Hướng dẫn 6544/HD-BQP năm 2025  về việc tuyển chọn và gọi công dân nhập ngũ năm 2026, hướng dẫn cụ thể như sau:

Thực hiện Luật Nghĩa vụ quân sự ngày 19 tháng 6 năm 2015; Luật sửa đổi, bổ sung một số điều của 11 luật về quân sự, quốc phòng ngày 27 tháng 6 năm 2025; Quyết định số 183/QĐ-TTg ngày 10 tháng 9 năm 2025 của Thủ tướng Chính phủ về việc gọi công dân nhập ngũ năm 2026; cụ thể, năm 2026 tiến hành tuyển chọn và gọi công dân nhập ngũ (sau đây gọi chung là tuyển quân) một đợt; thời gian giao nhận quân từ ngày 04 đến hết ngày 06 tháng 3 năm 2026 (từ ngày 16 đến hết ngày 18 tháng Giêng năm Bính Ngọ).

...

Như vậy, năm 2026, công tác tuyển quân được Bộ Quốc phòng quy định chỉ tiến hành tuyển quân một đợt duy nhất trên phạm vi toàn quốc, thời gian giao nhận quân từ ngày 04 đến hết ngày 06 tháng 3 năm 2026 (từ ngày 16 đến hết ngày 18 tháng Giêng năm Bính Ngo).

Năm 2026, cả nước thực hiện tuyển quân một đợt duy nhất đúng không? (Hình từ Internet)

Theo Điều 4  Thông tư 148/2018/TT-BQP  được sửa đổi bởi điểm a, điểm b khoản 1 Điều 1  Thông tư 68/2025/TT-BQP  quy định tiêu chuẩn tuyển quân 2026 như sau:

- Tuổi đời

+ Công dân từ đủ 18 tuổi đến hết 25 tuổi.

+ Công dân nam được đào tạo trình độ cao đẳng, đại học đã được tạm hoãn gọi nhập ngũ trong thời gian một khóa đào tạo của một trình độ đào tạo thì tuyển chọn và gọi nhập ngũ đến hết 27 tuổi.

- Tiêu chuẩn chính trị

+ Thực hiện theo Thông tư liên tịch 50/2016/TTLT-BQP-BCA ngày 15 tháng 4 năm 2016 của Bộ trưởng Bộ Quốc phòng - Bộ trưởng Bộ Công an quy định tiêu chuẩn chính trị tuyển chọn công dân vào phục vụ trong Quân đội nhân dân Việt Nam.

+ Đối với các cơ quan, đơn vị và vị trí trọng yếu cơ mật trong Quân đội; lực lượng Tiêu binh, Nghi lễ; lực lượng Vệ binh và Kiểm soát quân sự chuyên nghiệp thực hiện tuyển chọn theo quy định của Bộ Quốc phòng.

- Tuyển chọn những công dân đạt sức khỏe loại 1, loại 2 và loại 3 theo quy định tại Điều 5, Điều 6  Thông tư 105/2023/TT-BQP  của Bộ trưởng Bộ Quốc phòng quy định tiêu chuẩn sức khỏe, khám sức khỏe cho các đối tượng thuộc phạm vi quản lý của Bộ Quốc phòng.

- Đối với các cơ quan, đơn vị và vị trí trọng yếu cơ mật trong Quân đội; lực lượng Tiêu binh, Nghi lễ; lực lượng Vệ binh và Kiểm soát quân sự chuyên nghiệp thực hiện tuyển chọn bảo đảm tiêu chuẩn riêng theo quy định của Bộ Quốc phòng.

- Không gọi nhập ngũ vào Quân đội những công dân mắc tật khúc xạ cận thị lớn hơn 1.5 diop trở lên, viễn thị các mức độ; chỉ số BMI nhỏ hơn 18.0 hoặc lớn hơn 29.9.

Căn cứ theo khoản 1 Điều 41  Luật Nghĩa vụ quân sự 2015  được bổ sung bởi điểm c khoản 1 Điều 49  Luật Dân quân tự vệ 2019  quy định về tạm hoãn gọi nhập ngũ đối với những công dân thuộc các trường hợp sau đây:

- Chưa đủ sức khỏe phục vụ tại ngũ theo kết luận của Hội đồng khám sức khỏe;

- Là lao động duy nhất phải trực tiếp nuôi dưỡng thân nhân không còn khả năng lao động hoặc chưa đến tuổi lao động; trong gia đình bị thiệt hại nặng về người và tài sản do tai nạn, thiên tai, dịch bệnh nguy hiểm gây ra được Ủy ban nhân dân cấp xã xác nhận;

- Một con của bệnh binh, người nhiễm chất độc da cam suy giảm khả năng lao động từ 61% đến 80%;

- Có anh, chị hoặc em ruột là hạ sĩ quan, binh sĩ đang phục vụ tại ngũ; hạ sĩ quan, chiến sĩ thực hiện nghĩa vụ tham gia Công an nhân dân;

- Người thuộc diện di dân, giãn dân trong 03 năm đầu đến các xã đặc biệt khó khăn theo dự án phát triển kinh tế - xã hội của Nhà nước do Ủy ban nhân dân cấp tỉnh trở lên quyết định;

- Cán bộ, công chức, viên chức, thanh niên xung phong được điều động đến công tác, làm việc ở vùng có điều kiện kinh tế - xã hội đặc biệt khó khăn theo quy định của pháp luật;

- Đang học tại cơ sở giáo dục phổ thông; đang được đào tạo trình độ đại học hệ chính quy thuộc cơ sở giáo dục đại học, trình độ cao đẳng hệ chính quy thuộc cơ sở giáo dục nghề nghiệp trong thời gian một khóa đào tạo của một trình độ đào tạo.

- Dân quân thường trực.","nghia-vu-quan-su","","","","2025-10-24T16:40:00","https://thuvienphapluat.vn/hoi-dap-phap-luat/nam-2026-ca-nuoc-thuc-hien-tuyen-quan-mot-dot-duy-nhat-dung-khong-138067406.html","2026-04-21T04:39:27.395984+00:00"
"138067636","Vì sao khám sức khỏe nghĩa vụ quân sự rớt nhưng năm sau lại được gọi tiếp?","Tại khoản 3 Điều 4  Thông tư 148/2018/TT-BQP  được sửa đổi bởi khoản 1 Điều 1  Thông tư 68/2025/TT-BQP  quy định tiêu chuẩn sức khoẻ nghĩa vụ quân sự 2026 như sau:

Điều 4. Tiêu chuẩn tuyển quân

[...]

3. Tiêu chuẩn sức khỏe:

a) Tuyển chọn những công dân đạt sức khỏe loại 1, loại 2 và loại 3 theo quy định tại Điều 5, Điều 6 Thông tư số 105/2023/TT-BQP ngày 06 tháng 12 năm 2023 của Bộ trưởng Bộ Quốc phòng quy định tiêu chuẩn sức khỏe, khám sức khỏe cho các đối tượng thuộc phạm vi quản lý của Bộ Quốc phòng.

b) Đối với các cơ quan, đơn vị, vị trí quy định tại Điểm b, Khoản 2 Điều này, thực hiện tuyển chọn bảo đảm tiêu chuẩn riêng theo quy định của Bộ Quốc phòng.

c) Không gọi nhập ngũ vào Quân đội những công dân mắc tật khúc xạ cận thị lớn hơn 1.5 diop trở lên, viễn thị các mức độ; chỉ số BMI nhỏ hơn 18.0 hoặc lớn hơn 29.9.

[...]

Căn cứ Điều 41  Luật Nghĩa vụ quân sự 2015  được bổ sung bởi điểm c khoản 1 Điều 49  Luật Dân quân tự vệ 2019  quy định tạm hoãn gọi nhập ngũ và miễn gọi nhập ngũ:

Điều 41. Tạm hoãn gọi nhập ngũ và miễn gọi nhập ngũ

1. Tạm hoãn gọi nhập ngũ đối với những công dân sau đây:

a) Chưa đủ sức khỏe phục vụ tại ngũ theo kết luận của Hội đồng khám sức khỏe;

[...]

3. Công dân thuộc diện tạm hoãn gọi nhập ngũ quy định tại khoản 1 Điều này, nếu không còn lý do tạm hoãn thì được gọi nhập ngũ.

Công dân thuộc diện được tạm hoãn gọi nhập ngũ hoặc được miễn gọi nhập ngũ quy định tại khoản 1 và khoản 2 Điều này, nếu tình nguyện thì được xem xét tuyển chọn và gọi nhập ngũ.

4. Danh sách công dân thuộc diện được tạm hoãn gọi nhập ngũ, được miễn gọi nhập ngũ phải được niêm yết công khai tại trụ sở Ủy ban nhân dân cấp xã, cơ quan, tổ chức trong thời hạn 20 ngày.

Theo quy định trên, trong năm gọi nhập ngũ công dân chưa đủ điều kiện sức khoẻ tham gia nghĩa vụ quân sự sẽ được tạm hoãn gọi nhập ngũ.

Trường hợp, qua năm sau nếu công dân đủ điều kiện sức khoẻ tham gia nghĩa vụ quân sự thì sẽ được gọi nhập ngũ.

* Trên đây là thông tin về Vì sao khám sức khỏe nghĩa vụ quân sự rớt nhưng năm sau lại được gọi tiếp?

Xem thêm:

>>  Thông tư về tiêu chuẩn sức khỏe nghĩa vụ quân sự 2026 là thông tư nào?

>>  Hạn chót nộp giấy tạm hoãn nghĩa vụ quân sự 2026 là khi nào?

Vì sao khám sức khỏe nghĩa vụ quân sự rớt nhưng năm sau lại được gọi tiếp? (Hình từ Internet)

Căn cứ Mục 3 Phụ lục 1 ban hành kèm theo  Thông tư 105/2023/TT-BQP  quy định các bệnh được miễn đăng ký nghĩa vụ quân sự bao gồm:

TT

TÊN BỆNH

MÃ BỆNH ICD10

1

Tâm thần

F20 đến F29

2

Động kinh

G40

3

Bệnh Parkinson

G20

4

Mù một mắt

H54.4

5

Điếc

H90

6

Di chứng do lao xương khớp

B90.2

7

Di chứng do phong

B92

8

Các bệnh lý ác tính (U ác, bệnh máu ác tính)

C00 đến C97; D00 đến D09; D45 đến D47

9

Người nhiễm HIV

B20 đến B24; Z21

10

Người khuyết tật mức độ đặc biệt nặng và nặng

Căn cứ khoản 2 Điều 6  Thông tư 148/2018/TT-BQP  được sửa đổi bởi khoản 3 Điều 1  Thông tư 68/2025/TT-BQP  quy định trách nhiệm của Ủy ban nhân dân cấp tỉnh như sau:

- Thực hiện trách nhiệm theo quy định tại khoản 1 Điều này và chỉ đạo Hội đồng nghĩa vụ quân sự, các sở, ban, ngành liên quan và Ủy ban nhân dân cấp xã, thực hiện tuyển quân đúng quy định, bảo đảm đủ chỉ tiêu, chất lượng giao quân

- Trực tiếp thực hiện và chỉ đạo công tác tuyển quân; nắm chắc số công dân trong diện gọi nhập ngũ đang có mặt và vắng mặt tại địa phương; tổ chức tập huấn cho cán bộ, nhân viên tham gia tuyển quân; chỉ đạo thực hiện sơ tuyển, khám tuyển, xét duyệt chặt chẽ, bảo đảm dân chủ, công bằng, công khai, minh bạch; tạo điều kiện thuận lợi để công dân được thực hiện sơ tuyển, khám tuyển nhanh, gọn, đúng quy định; phân công thành viên Hội đồng nghĩa vụ quân sự, mỗi đồng chí theo dõi, chỉ đạo một số xã, cơ quan, tổ chức và cùng chịu trách nhiệm về chỉ tiêu, chất lượng giao quân

- Thành lập Hội đồng khám sức khỏe nghĩa vụ quân sự khu vực và các đoàn khám sức khỏe nghĩa vụ quân sự phù hợp với từng địa bàn và chỉ tiêu được giao, bảo đảm đủ thành phần, đầy đủ trang thiết bị theo quy định; tổ chức địa điểm khám sức khỏe bảo đảm thuận lợi cho công dân, đủ điều kiện để khám từng chuyên khoa, phân công rõ trách nhiệm đối với tổ chức, cá nhân tham gia khám tuyển sức khỏe nghĩa vụ quân sự bảo đảm chất lượng, kết luận chính xác và chịu trách nhiệm về kết quả thực hiện

- Chỉ đạo tổ chức xét duyệt việc tạm hoãn gọi nhập ngũ và miễn gọi nhập ngũ chặt chẽ, dân chủ, công bằng, công khai và được Chủ tịch Ủy ban nhân dân cấp tỉnh ký ban hành Quyết định

- Chỉ đạo việc gọi khám sức khỏe nghĩa vụ quân sự phù hợp với từng địa phương; số lượng gọi khám không quá bốn lần so với chỉ tiêu gọi nhập ngũ. Chốt quân số, quyết định gọi nhập ngũ của cấp xã, tỷ lệ dự phòng không quá 5% so với chỉ tiêu giao quân và hoàn chỉnh đầy đủ thủ tục, hồ sơ (gồm cả hồ sơ đảng viên, đoàn viên) của công dân được gọi nhập ngũ bàn giao cho đơn vị nhận quân và tổ chức Lễ giao nhận quân tại Ban Chỉ huy phòng thủ khu vực hoặc cụm xã do Ủy ban nhân dân cấp tỉnh xác định","nghia-vu-quan-su","","","","2025-10-24T10:44:00","https://thuvienphapluat.vn/hoi-dap-phap-luat/vi-sao-kham-suc-khoe-nghia-vu-quan-su-rot-nhung-nam-sau-lai-duoc-goi-tiep-138067636.html","2026-04-21T04:39:30.999624+00:00"
"138067630","Khi nào có giấy trúng tuyển nghĩa vụ quân sự 2026?","Căn cứ Điều 40  Luật Nghĩa vụ quân sự 2015  được sửa đổi bởi khoản 16 Điều 4  Luật Sửa đổi 11 Luật về quân sự, quốc phòng 2025  quy định sơ tuyển sức khỏe; khám sức khỏe cho công dân gọi nhập ngũ và thực hiện nghĩa vụ tham gia Công an nhân dân:

Điều 40. Sơ tuyển sức khỏe; khám sức khỏe cho công dân gọi nhập ngũ và thực hiện nghĩa vụ tham gia Công an nhân dân

1. Chủ tịch Ủy ban nhân dân cấp xã quyết định thành lập tổ sơ tuyển sức khỏe theo đề nghị của cơ sở y tế cùng cấp.

2. Chủ tịch Ủy ban nhân dân cấp tỉnh quyết định thành lập Hội đồng khám sức khỏe khu vực theo đề nghị của Sở Y tế.

3. Chủ tịch Ủy ban nhân dân cấp xã quyết định gọi sơ tuyển sức khỏe nghĩa vụ quân sự; khám sức khỏe cho công dân trong diện gọi nhập ngũ và công dân trong diện gọi thực hiện nghĩa vụ tham gia Công an nhân dân. Quyết định gọi sơ tuyển, khám sức khỏe phải được giao cho công dân trước thời điểm sơ tuyển, khám sức khỏe 15 ngày.

4. Hội đồng khám sức khỏe khu vực tổ chức khám sức khỏe cho công dân trong diện gọi nhập ngũ và gọi thực hiện nghĩa vụ tham gia Công an nhân dân; nội dung khám sức khỏe bao gồm thể lực, lâm sàng, cận lâm sàng bảo đảm chính xác và chịu trách nhiệm về kết quả khám sức khỏe nghĩa vụ quân sự.

5. Thời gian khám sức khoẻ từ ngày 01 tháng 11 đến hết ngày 31 tháng 12 hằng năm. Thời gian khám sức khỏe cho công dân trong diện gọi nhập ngũ và gọi thực hiện nghĩa vụ tham gia Công an nhân dân lần thứ hai theo quy định tại Điều 33 của Luật này do Thủ tướng Chính phủ quyết định.

6. Kết quả sơ tuyển sức khỏe, phân loại sức khỏe phải được công khai trên cổng thông tin điện tử và niêm yết tại trụ sở Ủy ban nhân dân cấp xã, cơ quan, tổ chức trong thời hạn 20 ngày.

Theo quy định trên, thời gian khám sức khoẻ từ ngày 01 tháng 11 đến hết ngày 31 tháng 12 hằng năm và Quyết định gọi sơ tuyển, khám sức khỏe phải được giao cho công dân trước thời điểm sơ tuyển, khám sức khỏe 15 ngày.

Như vậy, giấy trúng tuyển nghĩa vụ quân sự 2026 sẽ có sau khi kết quả khám sức khoẻ được công khai trên cổng thông tin điện tử và niêm yết tại trụ sở Ủy ban nhân dân cấp xã, cơ quan, tổ chức trong thời hạn 20 ngày.

* Trên đây là thông tin về Khi nào có giấy trúng tuyển nghĩa vụ quân sự 2026?

Xem thêm:

>>  Thông tư về tiêu chuẩn sức khỏe nghĩa vụ quân sự 2026 là thông tư nào?

>>  Hạn chót nộp giấy tạm hoãn nghĩa vụ quân sự 2026 là khi nào?

Khi nào có giấy trúng tuyển nghĩa vụ quân sự 2026? (Hình từ Internet)

Căn cứ Điều 39  Luật Nghĩa vụ quân sự 2015  được sửa đổi bởi khoản 15 Điều 4  Luật Sửa đổi 11 Luật về quân sự, quốc phòng 2025  quy định nhiệm vụ của Hội đồng nghĩa vụ quân sự cấp xã như sau:

- Giúp Ủy ban nhân dân cấp xã tổ chức tuyên truyền, phổ biến pháp luật về nghĩa vụ quân sự; tổ chức cho công dân đăng ký nghĩa vụ quân sự, sơ tuyển nghĩa vụ quân sự và khám sức khỏe.

- Báo cáo Ủy ban nhân dân cấp xã và Hội đồng nghĩa vụ quân sự cấp tỉnh danh sách công dân được gọi nhập ngũ, tạm hoãn gọi nhập ngũ, miễn gọi nhập ngũ và thực hiện nghĩa vụ tham gia Công an nhân dân.

- Tổ chức cho công dân thực hiện quyết định gọi sơ tuyển, quyết định gọi khám sức khỏe nghĩa vụ quân sự, quyết định gọi nhập ngũ và thực hiện nghĩa vụ tham gia Công an nhân dân; quyết định gọi tập trung huấn luyện, diễn tập, quyết định kiểm tra sẵn sàng động viên, sẵn sàng chiến đấu.

- Giúp Ủy ban nhân dân cấp xã kiểm tra, hướng dẫn cơ quan, tổ chức liên quan trong việc thực hiện chính sách hậu phương quân đội và quản lý công dân trong diện thực hiện nghĩa vụ quân sự ở địa phương.

- Giúp Chủ tịch Ủy ban nhân dân cấp xã xem xét, giải quyết khiếu nại, tố cáo trong việc thực hiện pháp luật về nghĩa vụ quân sự.

Căn cứ Điều 13  Luật Nghĩa vụ quân sự 2015  được sửa đổi bởi khoản 3 Điều 4  Luật Sửa đổi 11 Luật về quân sự, quốc phòng 2025  quy định đối tượng không được đăng ký nghĩa vụ quân sự bao gồm:

- Đang bị truy cứu trách nhiệm hình sự; đang chấp hành hình phạt tù, cải tạo không giam giữ, quản chế hoặc đã chấp hành xong hình phạt tù nhưng chưa được xóa án tích

- Đang bị áp dụng biện pháp giáo dục tại cấp xã hoặc đưa vào trường giáo dưỡng, cơ sở giáo dục bắt buộc, cơ sở cai nghiện bắt buộc

- Bị tước quyền phục vụ trong lực lượng vũ trang nhân dân.

Ngoài ra, khi hết thời hạn áp dụng các biện pháp trên thì công dân được đăng ký nghĩa vụ quân sự.","nghia-vu-quan-su","","","","2025-10-24T10:15:00","https://thuvienphapluat.vn/hoi-dap-phap-luat/khi-nao-co-giay-trung-tuyen-nghia-vu-quan-su-2026-138067630.html","2026-04-21T04:39:35.501764+00:00"
"138067381","Bộ Quốc phòng chính thức thông báo lịch đi nghĩa vụ quân sự 2026 là khi nào?","Ngày 16 tháng 10 năm 2025,  Bộ Quốc phòng  đã ban hành Hướng dẫn 6544/HD-BQP năm 2025   Tải về   về việc tuyển chọn và gọi công dân nhập ngũ năm 2026, có hướng dẫn như sau:

Thực hiện Luật Nghĩa vụ quân sự ngày 19 tháng 6 năm 2015; Luật sửa đổi, bổ sung một số điều của 11 luật về quân sự, quốc phòng ngày 27 tháng 6 năm 2025; Quyết định số 183/QĐ-TTg ngày 10 tháng 9 năm 2025 của Thủ tướng Chính phủ về việc gọi công dân nhập ngũ năm 2026; cụ thể, năm 2026 tiến hành tuyển chọn và gọi công dân nhập ngũ (sau đây gọi chung là tuyển quân) một đợt;  thời gian giao nhận quân từ ngày 04 đến hết ngày 06 tháng 3 năm 2026 (từ ngày 16 đến hết ngày 18 tháng Giêng năm Bính Ngọ).

Để công tác tuyển quân năm 2026 đủ chỉ tiêu được giao, bảo đảm chất lượng, đúng quy định, Bộ Quốc phòng hướng dẫn một số nội dung công tác tuyển quân năm 2026, như sau:

[...]

Như vậy, theo Bộ Quốc phòng, lịch đi nghĩa vụ quân sự 2026 chính thức là  từ ngày 04/03/2026 đến hết 06/03/2026  ( từ ngày 16 đến hết ngày 18 giáng Giêng năm Bính Ngọ).

Xem chi tiết Hướng dẫn 6544/HD-BQP năm 2025 về việc tuyển chọn và gọi công dân nhập ngũ năm 2026    Tải về

*Trên đây là nội dung thông tin về lịch đi nghĩa vụ quân sự 2026 chính thức

Xem thêm:

>>>  Đã có vợ con có được miễn nghĩa vụ quân sự năm 2026 không?

>>>  Người thuộc gia đình hộ nghèo có được miễn nghĩa vụ quân sự không?

Bộ Quốc phòng chính thức thông báo lịch đi nghĩa vụ quân sự 2026 là khi nào? (Hình từ Internet)

Căn cứ theo Điều 41  Luật Nghĩa vụ quân sự 2015  được bổ sung bởi điểm c khoản 1 Điều 49  Luật Dân quân tự vệ 2019  quy định như sau:

Điều 41. Tạm hoãn gọi nhập ngũ và miễn gọi nhập ngũ

[...]

e) Cán bộ, công chức, viên chức, thanh niên xung phong được điều động đến công tác, làm việc ở vùng có điều kiện kinh tế - xã hội đặc biệt khó khăn theo quy định của pháp luật;

g) Đang học tại cơ sở giáo dục phổ thông; đang được đào tạo trình độ đại học hệ chính quy thuộc cơ sở giáo dục đại học, trình độ cao đẳng hệ chính quy thuộc cơ sở giáo dục nghề nghiệp trong thời gian một khóa đào tạo của một trình độ đào tạo.

h) Dân quân thường trực

2. Miễn gọi nhập ngũ đối với những công dân sau đây:

a) Con của liệt sĩ, con của thương binh hạng một;

b) Một anh hoặc một em trai của liệt sĩ;

c) Một con của thương binh hạng hai; một con của bệnh binh suy giảm khả năng lao động từ 81% trở lên; một con của người nhiễm chất độc da cam suy giảm khả năng lao động từ 81 % trở lên;

d) Người làm công tác cơ yếu không phải là quân nhân, Công an nhân dân;

đ) Cán bộ, công chức, viên chức, thanh niên xung phong được điều động đến công tác, làm việc ở vùng có điều kiện kinh tế - xã hội đặc biệt khó khăn theo quy định của pháp luật từ 24 tháng trở lên.

3. Công dân thuộc diện tạm hoãn gọi nhập ngũ quy định tại khoản 1 Điều này, nếu không còn lý do tạm hoãn thì được gọi nhập ngũ.

Công dân thuộc diện được tạm hoãn gọi nhập ngũ hoặc được miễn gọi nhập ngũ quy định tại khoản 1 và khoản 2 Điều này, nếu tình nguyện thì được xem xét tuyển chọn và gọi nhập ngũ.

4. Danh sách công dân thuộc diện được tạm hoãn gọi nhập ngũ, được miễn gọi nhập ngũ phải được niêm yết công khai tại trụ sở Ủy ban nhân dân cấp xã, cơ quan, tổ chức trong thời hạn 20 ngày.

Như vậy, người đã kết hôn không thuộc các trường hợp được  miễn nghĩa vụ quân sự  năm 2026.

Do đó, công dân đủ tiêu chuẩn để thực hiện nghĩa vụ quân sự nếu không thuộc các trường hợp hoãn hoặc miễn gọi nhập ngũ thì vẫn tham gia nghĩa vụ quân sự, không kế đến việc đã có vợ con.

Căn cứ theo Điều 59  Luật Nghĩa vụ quân sự 2015  quy định về xử lý vi phạm như sau:

Điều 59. Xử lý vi phạm

1. Tổ chức, cá nhân có hành vi trốn tránh, chống đối, cản trở việc thực hiện nghĩa vụ quân sự thì tùy theo tính chất, mức độ vi phạm mà bị xử lý kỷ luật, xử phạt hành chính hoặc bị truy cứu trách nhiệm hình sự.

2. Hạ sĩ quan, binh sĩ tại ngũ, hạ sĩ quan, binh sĩ dự bị trong thời gian tập trung huấn luyện, diễn tập, kiểm tra sẵn sàng động viên, sẵn sàng chiến đấu mà vi phạm kỷ luật, vi phạm pháp luật thì tùy theo tính chất, mức độ vi phạm mà bị xử lý kỷ luật, xử phạt hành chính hoặc bị truy cứu trách nhiệm hình sự; nếu gây thiệt hại thì phải bồi thường theo quy định của pháp luật.

Như vậy, cá nhân có hành vi trốn tránh việc thực hiện nghĩa vụ quân sự thì tùy theo tính chất, mức độ vi phạm có thể xử phạt hành chính hoặc bị truy cứu trách nhiệm hình sự.","nghia-vu-quan-su","","","","2025-10-22T14:31:00","https://thuvienphapluat.vn/hoi-dap-phap-luat/bo-quoc-phong-chinh-thuc-thong-bao-lich-di-nghia-vu-quan-su-2026-la-khi-nao-138067381.html","2026-04-21T04:39:39.953667+00:00"
"138067358","Chính thức thời gian giao nhận quân năm 2026 theo quy định của Bộ Quốc phòng là khi nào?","Ngày 16 tháng 10 năm 2025,  Bộ Quốc phòng  đã ban hành Hướng dẫn 6544/HD-BQP năm 2025   Tải về   về việc tuyển chọn và gọi công dân nhập ngũ năm 2026, có hướng dẫn như sau:

Thực hiện Luật Nghĩa vụ quân sự ngày 19 tháng 6 năm 2015; Luật sửa đổi, bổ sung một số điều của 11 luật về quân sự, quốc phòng ngày 27 tháng 6 năm 2025; Quyết định số 183/QĐ-TTg ngày 10 tháng 9 năm 2025 của Thủ tướng Chính phủ về việc gọi công dân nhập ngũ năm 2026; cụ thể, năm 2026 tiến hành tuyển chọn và gọi công dân nhập ngũ (sau đây gọi chung là tuyển quân) một đợt;  thời gian giao nhận quân từ ngày 04 đến hết ngày 06 tháng 3 năm 2026 (từ ngày 16 đến hết ngày 18 tháng Giêng năm Bính Ngọ).

Để công tác tuyển quân năm 2026 đủ chỉ tiêu được giao, bảo đảm chất lượng, đúng quy định, Bộ Quốc phòng hướng dẫn một số nội dung công tác tuyển quân năm 2026, như sau:

[...]

Như vậy, thời gian giao nhận quân năm 2026 theo quy định của Bộ Quốc phòng là  từ ngày 04/03/2026 đến hết 06/03/2026  ( từ ngày 16 đến hết ngày 18 giáng Giêng năm Bính Ngọ).

Xem chi tiết Hướng dẫn 6544/HD-BQP năm 2025 về việc tuyển chọn và gọi công dân nhập ngũ năm 2026    Tải về

*Trên đây là nội dung thông tin về Chính thức thời gian giao nhận quân năm 2026 theo quy định của Bộ Quốc phòng là khi nào?

Chính thức thời gian giao nhận quân năm 2026 theo quy định của Bộ Quốc phòng là khi nào? (Hình từ Internet)

Căn cứ theo khoản 4 Điều 4  Luật Nghĩa vụ quân sự 2015  được sửa đổi bởi khoản 2 Điều 4  Luật Sửa đổi 11 Luật về quân sự, quốc phòng 2025  quy định công dân thuộc một trong các trường hợp sau được công nhận hoàn thành  nghĩa vụ quân sự  tại ngũ trong thời bình:

- Dân quân thường trực có ít nhất 24 tháng phục vụ thì được công nhận hoàn thành thực hiện nghĩa vụ quân sự trong thời bình do Tư lệnh Bộ Tư lệnh Thủ đô Hà Nội, Tư lệnh Bộ Tư lệnh Thành phố Hồ Chí Minh, Chỉ huy trưởng Bộ chỉ huy quân sự cấp tỉnh (sau đây gọi là Chỉ huy trưởng Bộ chỉ huy quân sự cấp tỉnh) quyết định theo đề nghị của Chủ tịch Ủy ban nhân dân cấp xã, người đứng đầu cơ quan, tổ chức;

- Hoàn thành nhiệm vụ tham gia Công an xã liên tục từ đủ 36 tháng trở lên;

- Cán bộ, công chức, viên chức, sinh viên tốt nghiệp đại học trở lên, đã được đào tạo và phong quân hàm sĩ quan dự bị;

- Thanh niên đã tốt nghiệp đại học, cao đẳng, trung cấp tình nguyện phục vụ tại đoàn kinh tế - quốc phòng từ đủ 24 tháng trở lên theo Đề án do Thủ tướng Chính phủ quyết định;

- Công dân phục vụ trên tàu kiểm ngư từ đủ 24 tháng trở lên.

Căn cứ theo khoản 2 Điều 36  Luật Nghĩa vụ quân sự 2015  được sửa đổi bởi khoản 13 Điều 4  Luật Sửa đổi 11 Luật về quân sự, quốc phòng 2025  quy định về Hội đồng nghĩa vụ quân sự như sau:

Điều 36. Hội đồng nghĩa vụ quân sự

1. Ủy ban nhân dân các cấp thành lập Hội đồng nghĩa vụ quân sự để giúp Ủy ban nhân dân cùng cấp thực hiện pháp luật về nghĩa vụ quân sự.

2. Hội đồng nghĩa vụ quân sự cấp tỉnh, cấp xã gồm:

Chủ tịch Hội đồng nghĩa vụ quân sự là Chủ tịch Ủy ban nhân dân cấp tỉnh, cấp xã;

Phó Chủ tịch thường trực Hội đồng nghĩa vụ quân sự là Chỉ huy trưởng cơ quan quân sự cấp tỉnh, cấp xã;

Phó Chủ tịch Hội đồng nghĩa vụ quân sự là Giám đốc Công an cấp tỉnh, Trưởng Công an cấp xã;

Các ủy viên Hội đồng nghĩa vụ quân sự là người đứng đầu Ủy ban Mặt trận Tổ quốc Việt Nam, các tổ chức chính trị - xã hội trực thuộc Mặt trận Tổ quốc Việt Nam, một số cơ quan chuyên môn thuộc Ủy ban nhân dân và một số thành viên khác do Chủ tịch Ủy ban nhân dân cùng cấp quyết định.

3. Hội đồng nghĩa vụ quân sự làm việc theo nguyên tắc tập thể; chịu trách nhiệm trước Ủy ban nhân dân cùng cấp về việc thực hiện nghĩa vụ quân sự tại địa phương; nghị quyết của Hội đồng phải được quá nửa tổng số thành viên biểu quyết tán thành.

Như vậy, Chủ tịch Hội đồng nghĩa vụ quân sự là Chủ tịch Ủy ban nhân dân cấp tỉnh, cấp xã.","nghia-vu-quan-su","","","","2025-10-22T12:00:00","https://thuvienphapluat.vn/hoi-dap-phap-luat/chinh-thuc-thoi-gian-giao-nhan-quan-nam-2026-theo-quy-dinh-cua-bo-quoc-phong-la-khi-nao-138067358.html","2026-04-21T04:39:44.043910+00:00"
"138067207","Làm nghề gì được miễn nghĩa vụ quân sự 2026?","Tại khoản 2 Điều 41  Luật Nghĩa vụ quân sự 2015  quy định về tạm hoãn gọi nhập ngũ và miễn gọi nhập ngũ như sau:

Điều 41. Tạm hoãn gọi nhập ngũ và miễn gọi nhập ngũ

[...]

2. Miễn gọi nhập ngũ đối với những công dân sau đây:

a) Con của liệt sĩ, con của thương binh hạng một;

b) Một anh hoặc một em trai của liệt sĩ;

c) Một con của thương binh hạng hai; một con của bệnh binh suy giảm khả năng lao động từ 81% trở lên; một con của người nhiễm chất độc da cam suy giảm khả năng lao động từ 81 % trở lên;

d) Người làm công tác cơ yếu không phải là quân nhân, Công an nhân dân;

đ) Cán bộ, công chức, viên chức, thanh niên xung phong được điều động đến công tác, làm việc ở vùng có điều kiện kinh tế - xã hội đặc biệt khó khăn theo quy định của pháp luật từ 24 tháng trở lên.

3. Công dân thuộc diện tạm hoãn gọi nhập ngũ quy định tại khoản 1 Điều này, nếu không còn lý do tạm hoãn thì được gọi nhập ngũ.

Công dân thuộc diện được tạm hoãn gọi nhập ngũ hoặc được miễn gọi nhập ngũ quy định tại khoản 1 và khoản 2 Điều này, nếu tình nguyện thì được xem xét tuyển chọn và gọi nhập ngũ.

4. Danh sách công dân thuộc diện được tạm hoãn gọi nhập ngũ, được miễn gọi nhập ngũ phải được niêm yết công khai tại trụ sở Ủy ban nhân dân cấp xã, cơ quan, tổ chức trong thời hạn 20 ngày.

Theo đó, công dân làm những nghề sau đây thì được miễn nghĩa vụ quân sự 2026:

- Làm công tác cơ yếu không phải là quân nhân, Công an nhân dân;

- Làm cán bộ, công chức, viên chức, thanh niên xung phong được điều động đến công tác, làm việc ở vùng có điều kiện kinh tế - xã hội đặc biệt khó khăn theo quy định của pháp luật từ 24 tháng trở lên.

Xem thêm

>>>  Khám nghĩa vụ quân sự 2026 có phải cởi quần áo không?

>>>  Năm 2025, không thực hiện đăng ký nghĩa vụ quân sự tạm vắng bị phạt bao nhiêu tiền?

Làm nghề gì được miễn nghĩa vụ quân sự 2026? (Hình từ Internet)

Tại Điều 42  Luật Nghĩa vụ quân sự 2015  được sửa đổi bởi khoản 17 Điều 4  Luật Sửa đổi 11 Luật về quân sự, quốc phòng 2025  có quy định như sau:

Điều 42. Thẩm quyền quyết định tạm hoãn gọi nhập ngũ, miễn gọi nhập ngũ và công nhận hoàn thành nghĩa vụ quân sự tại ngũ

1. Chủ tịch Ủy ban nhân dân cấp tỉnh quyết định tạm hoãn gọi nhập ngũ và miễn gọi nhập ngũ đối với công dân quy định tại Điều 41 của Luật này.

2. Chỉ huy trưởng Bộ chỉ huy quân sự cấp tỉnh quyết định công nhận hoàn thành nghĩa vụ quân sự tại ngũ đối với công dân quy định tại khoản 4 Điều 4 của Luật này.

Như vậy, Chủ tịch Ủy ban nhân dân cấp tỉnh là người có thẩm quyền quyết định miễn nghĩa vụ quân sự 2026 cho công dân theo quy định pháp luật.

Tại Điều 4  Thông tư 105/2023/TT-BQP  có quy định như sau:

Điều 4. Tiêu chuẩn sức khỏe

1. Tiêu chuẩn sức khỏe thực hiện nghĩa vụ quân sự

a) Tiêu chuẩn chung

Đạt sức khỏe loại 1, loại 2, loại 3 theo quy định tại Điều 5, Điều 6 Thông tư này;

Không gọi nhập ngũ đối với công dân nghiện các chất ma túy, tiền chất ma túy được quy định tại Nghị định số 57/2022/NĐ-CP ngày 25 tháng 8 năm 2022 của Chính phủ quy định các danh mục chất ma túy và tiền chất.

b) Tiêu chuẩn riêng: Một số tiêu chuẩn sức khỏe riêng trong tuyển chọn thực hiện nghĩa vụ quân sự do Bộ trưởng Bộ Quốc phòng quy định.

2. Tiêu chuẩn sức khỏe tuyển sinh quân sự đào tạo trình độ đại học, cao đẳng, trung cấp hệ chính quy; tuyển sinh quân sự đào tạo trình độ đại học, cao đẳng ngành quân sự cơ sở

a) Tiêu chuẩn chung: Đạt sức khỏe loại 1, loại 2 theo quy định tại Điều 5, Điều 6 Thông tư này;

b) Tiêu chuẩn riêng: Thực hiện theo quy định của Bộ Quốc phòng về công tác tuyển sinh vào các trường trong Quân đội.

3. Tiêu chuẩn sức khỏe tuyển dụng vào đội ngũ cán bộ; đào tạo sĩ quan dự bị gọi vào phục vụ tại ngũ

a) Tiêu chuẩn chung: Đạt sức khỏe loại 1, loại 2 theo quy định tại Điều 5, Điều 6 Thông tư này;

b) Tiêu chuẩn riêng: Đối với chức danh cán bộ chuyên môn kỹ thuật chuyên ngành hẹp, khó thu hút nguồn nhân lực cho quân đội do Bộ trưởng Bộ Quốc phòng quy định.

4. Tiêu chuẩn sức khỏe tuyển dụng quân nhân chuyên nghiệp, công nhân và viên chức quốc phòng

a) Tiêu chuẩn chung: Đạt sức khỏe loại 1, loại 2, loại 3 theo quy định tại Điều 5, Điều 6 Thông tư này;

b) Tiêu chuẩn riêng: Đối với chức danh tuyển dụng quân nhân chuyên nghiệp, công nhân và viên chức quốc phòng chuyên môn kỹ thuật chuyên ngành hẹp, khó thu hút nguồn nhân lực cho quân đội do Bộ trưởng Bộ Quốc phòng quy định.

Theo đó, công dân đạt sức khỏe loại 1, loại 2, loại 3 thì có thể phải đi nghĩa vụ quân sự 2026.","nghia-vu-quan-su","","","","2025-10-21T16:00:00","https://thuvienphapluat.vn/hoi-dap-phap-luat/lam-nghe-gi-duoc-mien-nghia-vu-quan-su-2026-138067207.html","2026-04-21T04:39:48.929252+00:00"
"138067197","Những ngành nghề được miễn nghĩa vụ quân sự năm 2026 mới nhất ra sao?","Căn cứ khoản 2 Điều 41  Luật Nghĩa vụ quân sự 2015  quy định như sau:

Điều 41. Tạm hoãn gọi nhập ngũ và miễn gọi nhập ngũ

[...]

2. Miễn gọi nhập ngũ đối với những công dân sau đây:

a) Con của liệt sĩ, con của thương binh hạng một;

b) Một anh hoặc một em trai của liệt sĩ;

c) Một con của thương binh hạng hai; một con của bệnh binh suy giảm khả năng lao động từ 81% trở lên; một con của người nhiễm chất độc da cam suy giảm khả năng lao động từ 81 % trở lên;

d) Người làm công tác cơ yếu không phải là quân nhân, Công an nhân dân;

đ) Cán bộ, công chức, viên chức, thanh niên xung phong được điều động đến công tác, làm việc ở vùng có điều kiện kinh tế - xã hội đặc biệt khó khăn theo quy định của pháp luật từ 24 tháng trở lên.

3. Công dân thuộc diện tạm hoãn gọi nhập ngũ quy định tại khoản 1 Điều này, nếu không còn lý do tạm hoãn thì được gọi nhập ngũ.

Công dân thuộc diện được tạm hoãn gọi nhập ngũ hoặc được miễn gọi nhập ngũ quy định tại khoản 1 và khoản 2 Điều này, nếu tình nguyện thì được xem xét tuyển chọn và gọi nhập ngũ.

4. Danh sách công dân thuộc diện được tạm hoãn gọi nhập ngũ, được miễn gọi nhập ngũ phải được niêm yết công khai tại trụ sở Ủy ban nhân dân cấp xã, cơ quan, tổ chức trong thời hạn 20 ngày.

Như vậy, những ngành nghề được miễn nghĩa vụ quân sự năm 2026 mới nhất gồm:

- Người làm công tác cơ yếu không phải là quân nhân, Công an nhân dân;

- Cán bộ, công chức, viên chức, thanh niên xung phong được điều động đến công tác, làm việc ở vùng có điều kiện kinh tế - xã hội đặc biệt khó khăn theo quy định của pháp luật từ 24 tháng trở lên.

Trên đây là thông tin về ""Những ngành nghề được miễn nghĩa vụ quân sự năm 2026 mới nhất ra sao?"".

Những ngành nghề được miễn nghĩa vụ quân sự năm 2026 mới nhất ra sao? (Hình từ internet)

Theo Điều 35  Luật Nghĩa vụ quân sự 2015  được sửa đổi bởi khoản 12 Điều 4  Luật sửa đổi 11 Luật về quân sự, quốc phòng 2025  quy định như sau:

Điều 35. Trách nhiệm của cơ quan, tổ chức, cá nhân trong tuyển chọn, gọi công dân nhập ngũ và thực hiện nghĩa vụ tham gia Công an nhân dân

1. Ủy ban nhân dân các cấp, cơ quan, tổ chức có trách nhiệm thực hiện tuyển chọn, gọi công dân nhập ngũ và thực hiện nghĩa vụ tham gia Công an nhân dân bảo đảm dân chủ, công bằng, công khai, đủ số lượng, đúng đối tượng, tiêu chuẩn, thời gian theo quy định của pháp luật; bảo đảm cho công dân được gọi nhập ngũ và thực hiện nghĩa vụ tham gia Công an nhân dân có mặt đúng thời gian, địa điểm.

2. Ủy ban nhân dân cấp tỉnh có trách nhiệm tổ chức giao công dân được gọi nhập ngũ và thực hiện nghĩa vụ tham gia Công an nhân dân cho các đơn vị nhận quân và tổ chức lễ giao nhận quân do Ban chỉ huy phòng thủ khu vực thực hiện theo quy định của Bộ trưởng Bộ Quốc phòng.

3. Ủy ban nhân dân cấp xã, cơ quan, tổ chức có trách nhiệm công khai số lượng, đối tượng, tiêu chuẩn gọi nhập ngũ; danh sách công dân đủ điều kiện nhập ngũ và thực hiện nghĩa vụ tham gia Công an nhân dân; danh sách công dân được gọi nhập ngũ và thực hiện nghĩa vụ tham gia Công an nhân dân; danh sách công dân tạm hoãn gọi nhập ngũ, miễn gọi nhập ngũ được công khai trên cổng thông tin điện tử và niêm yết tại trụ sở Ủy ban nhân dân cấp xã, cơ quan, tổ chức.

4. Đơn vị nhận quân có trách nhiệm phối hợp với Ủy ban nhân dân các cấp thực hiện việc tuyển chọn, gọi công dân nhập ngũ và thực hiện nghĩa vụ tham gia Công an nhân dân.

5. Công dân được gọi nhập ngũ và thực hiện nghĩa vụ tham gia Công an nhân dân phải có mặt đúng thời gian và địa điểm ghi trong quyết định; trường hợp có lý do chính đáng mà không thể đến đúng thời gian, địa điểm thì phải có xác nhận của Ban chỉ huy quân sự cấp xã nơi cư trú hoặc cơ quan, tổ chức nơi làm việc, học tập và báo cáo Chủ tịch Ủy ban nhân dân cấp xã.

Theo đó, danh sách công dân được miễn nghĩa vụ quân sự được công khai  trên cổng thông tin điện tử và niêm yết tại trụ sở Ủy ban nhân dân cấp xã, cơ quan, tổ chức.

Theo Điều 19  Luật Nghĩa vụ quân sự 2015  được sửa đổi bởi khoản 7 Điều 4  Luật Sửa đổi 11 Luật về quân sự, quốc phòng 2025  quy định như sau:

Điều 19. Đưa ra khỏi danh sách đăng ký nghĩa vụ quân sự

1. Công dân được đưa ra khỏi danh sách đăng ký nghĩa vụ quân sự trong trường hợp sau đây:

a) Chết;

b) Hết độ tuổi phục vụ trong ngạch dự bị;

c) Trường hợp quy định tại khoản 1 Điều 13 hoặc Điều 14 của Luật này.

2. Trong thời hạn 05 ngày, kể từ ngày có xác nhận của cấp có thẩm quyền, Ban chỉ huy quân sự cấp xã, cơ quan, tổ chức có công dân quy định tại khoản 1 Điều này phải báo cáo Chủ tịch Ủy ban nhân dân cấp xã quyết định.

Theo đó, công dân được đưa ra khỏi danh sách đăng ký nghĩa vụ quân sự trong trường hợp sau:

- Chết

- Hết độ tuổi phục vụ trong ngạch dự bị

- Đang bị truy cứu trách nhiệm hình sự; đang chấp hành hình phạt tù, cải tạo không giam giữ, quản chế hoặc đã chấp hành xong hình phạt tù nhưng chưa được xóa án tích

- Đang bị áp dụng biện pháp giáo dục tại cấp xã hoặc đưa vào trường giáo dưỡng, cơ sở giáo dục bắt buộc, cơ sở cai nghiện bắt buộc

- Bị tước quyền phục vụ trong lực lượng vũ trang nhân dân.

- Người khuyết tật, người mắc bệnh hiểm nghèo, bệnh tâm thần hoặc bệnh mãn tính theo quy định của pháp luật.","nghia-vu-quan-su","","","","2025-10-21T10:10:00","https://thuvienphapluat.vn/hoi-dap-phap-luat/nhung-nganh-nghe-duoc-mien-nghia-vu-quan-su-nam-2026-moi-nhat-ra-sao-138067197.html","2026-04-21T04:39:52.676933+00:00"
"138066358","Thông tư về tiêu chuẩn sức khỏe nghĩa vụ quân sự 2026 là thông tư nào?","Ngày 04/10/2018, Bộ Quốc phòng ban hành  Thông tư 148/2018/TT-BQP  quy định tuyển chọn và gọi công dân nhập ngũ; trách nhiệm của cơ quan, tổ chức, cá nhân trong việc tuyển chọn và gọi công dân nhập ngũ.

Tại khoản 3 Điều 4  Thông tư 148/2018/TT-BQP  được sửa đổi bởi khoản 1 Điều 1  Thông tư 68/2025/TT-BQP  quy định tiêu chuẩn sức khoẻ nghĩa vụ quân sự 2026 như sau:

- Tuyển chọn những công dân đạt sức khỏe loại 1, loại 2 và loại 3 theo quy định tại Điều 5, Điều 6  Thông tư 105/2023/TT-BQP  của Bộ trưởng Bộ Quốc phòng quy định tiêu chuẩn sức khỏe, khám sức khỏe cho các đối tượng thuộc phạm vi quản lý của Bộ Quốc phòng.

- Đối với các cơ quan, đơn vị và vị trí trọng yếu cơ mật trong Quân đội; lực lượng Tiêu binh, Nghi lễ; lực lượng Vệ binh và Kiểm soát quân sự chuyên nghiệp thực hiện tuyển chọn bảo đảm tiêu chuẩn riêng theo quy định của Bộ Quốc phòng.

- Không gọi nhập ngũ vào Quân đội những công dân mắc tật khúc xạ cận thị lớn hơn 1.5 diop trở lên, viễn thị các mức độ; chỉ số BMI nhỏ hơn 18.0 hoặc lớn hơn 29.9.

Như vậy, Thông tư về tiêu chuẩn sức khỏe nghĩa vụ quân sự 2026 là  Thông tư 148/2018/TT-BQP

* Trên đây là thông tin về Thông tư về tiêu chuẩn sức khỏe nghĩa vụ quân sự 2026 là thông tư nào?

Thông tư về tiêu chuẩn sức khỏe nghĩa vụ quân sự 2026 là thông tư nào? (Hình từ Internet)

Căn cứ Điều 39  Luật Nghĩa vụ quân sự 2015  được sửa đổi bởi khoản 15 Điều 4  Luật Sửa đổi 11 Luật về quân sự, quốc phòng 2025  quy định nhiệm vụ của Hội đồng nghĩa vụ quân sự cấp xã như sau:

- Giúp Ủy ban nhân dân cấp xã tổ chức tuyên truyền, phổ biến pháp luật về nghĩa vụ quân sự; tổ chức cho công dân đăng ký nghĩa vụ quân sự, sơ tuyển nghĩa vụ quân sự và khám sức khỏe.

- Báo cáo Ủy ban nhân dân cấp xã và Hội đồng nghĩa vụ quân sự cấp tỉnh danh sách công dân được gọi nhập ngũ, tạm hoãn gọi nhập ngũ, miễn gọi nhập ngũ và thực hiện nghĩa vụ tham gia Công an nhân dân.

- Tổ chức cho công dân thực hiện quyết định gọi sơ tuyển, quyết định gọi khám sức khỏe nghĩa vụ quân sự, quyết định gọi nhập ngũ và thực hiện nghĩa vụ tham gia Công an nhân dân; quyết định gọi tập trung huấn luyện, diễn tập, quyết định kiểm tra sẵn sàng động viên, sẵn sàng chiến đấu.

- Giúp Ủy ban nhân dân cấp xã kiểm tra, hướng dẫn cơ quan, tổ chức liên quan trong việc thực hiện chính sách hậu phương quân đội và quản lý công dân trong diện thực hiện nghĩa vụ quân sự ở địa phương.

- Giúp Chủ tịch Ủy ban nhân dân cấp xã xem xét, giải quyết khiếu nại, tố cáo trong việc thực hiện pháp luật về nghĩa vụ quân sự.

Căn cứ khoản 1 Điều 50  Luật Nghĩa vụ quân sự 2015  quy định hạ sĩ quan, binh sĩ trong thời gian phục vụ tại ngũ được hưởng chế độ, chính sách sau:

[1]  Được bảo đảm cung cấp kịp thời, đủ số lượng, đúng chất lượng về lương thực, thực phẩm, quân trang, thuốc phòng bệnh, chữa bệnh; được bảo đảm chỗ ở, phụ cấp hàng tháng, nhu yếu phẩm và nhu cầu về văn hóa, tinh thần phù hợp với tính chất nhiệm vụ của quân đội; được bảo đảm chế độ trong các ngày lễ, tết; được bảo đảm chăm sóc sức khỏe khi bị thương, bị ốm đau, bị tai nạn theo quy định của pháp luật

[2]  Từ tháng thứ mười ba trở đi được nghỉ phép theo chế độ; các trường hợp nghỉ vì lý do đột xuất khác do Bộ trưởng Bộ Quốc phòng quy định

[3]  Từ tháng thứ hai mươi lăm trở đi được hưởng thêm 250% phụ cấp quân hàm hiện hưởng hàng tháng

[4]  Được tính nhân khẩu trong gia đình khi gia đình được giao hoặc điều chỉnh diện tích nhà ở, đất xây dựng nhà ở và đất canh tác

[5]  Được tính thời gian phục vụ tại ngũ vào thời gian công tác

[6]  Được ưu đãi về bưu phí

[7]  Có thành tích trong chiến đấu, công tác, huấn luyện được khen thưởng theo quy định của pháp luật

[8]  Trong trường hợp bị thương, bị bệnh khi làm nhiệm vụ thi được hưởng chế độ ưu đãi theo quy định của pháp luật

[9]  Được Nhà nước bảo đảm chế độ bảo hiểm xã hội, bảo hiểm y tế theo quy định của Luật bảo hiểm xã hội, Luật bảo hiểm y tế

[10]  Được tạm hoãn trả và không tính lãi suất khoản vay từ Ngân hàng chính sách xã hội mà trước khi nhập ngũ là thành viên hộ nghèo, học sinh, sinh viên theo quy định của pháp luật

[11]  Được ưu tiên trong tuyển sinh quân sự.","nghia-vu-quan-su","","","","2025-10-13T15:00:00","https://thuvienphapluat.vn/hoi-dap-phap-luat/thong-tu-ve-tieu-chuan-suc-khoe-nghia-vu-quan-su-2026-la-thong-tu-nao-138066358.html","2026-04-21T04:39:56.660576+00:00"
"138066339","Tổng hợp văn bản hướng dẫn nghĩa vụ quân sự 2026 gồm văn bản nào?","Ngày 19/6/2015, Quốc hội đã thông qua  Luật Nghĩa vụ quân sự 2015  có hiệu lực thi hành từ ngày 01/01/2016.

Tổng hợp văn bản hướng dẫn nghĩa vụ quân sự 2026 như sau:

-  Thông tư 07/2016/TT-BQP  quy định phong, thăng, giáng cấp bậc quân hàm; bổ nhiệm chức vụ, giáng chức, cách chức; chức vụ tương đương và cấp bậc quân hàm cao nhất đối với chức vụ hạ sĩ quan, binh sĩ Quân đội nhân dân Việt Nam.

-  Nghị định 13/2016/NĐ-CP  quy định trình tự, thủ tục đăng ký và chế độ, chính sách của công dân trong thời gian đăng ký, khám, kiểm tra sức khỏe nghĩa vụ quân sự.

-  Nghị định 14/2016/NĐ-CP  quy định ngành, nghề chuyên môn phù hợp yêu cầu của Quân đội nhân dân đối với công dân nữ trong độ tuổi thực hiện nghĩa vụ quân sự; công dân thuộc diện miễn gọi nhập ngũ trong thời chiến và việc huấn luyện binh sĩ dự bị hạng hai.

-  Nghị định 27/2016/NĐ-CP  quy định chế độ, chính sách đối với hạ sĩ quan, binh sĩ phục vụ tại ngũ, xuất ngũ và thân nhân của hạ sĩ quan, binh sĩ tại ngũ.

-  Thông tư liên tịch 20/2016/TTLT-BGDĐT-BQP  hướng dẫn thực hiện pháp luật về nghĩa vụ quân sự và đào tạo nhân viên chuyên môn kỹ thuật cho quân đội.

-  Thông tư 220/2016/TT-BQP  quy định hạ sĩ quan, binh sĩ có trình độ chuyên môn, kỹ thuật khi thực hiện nghĩa vụ quân sự được ưu tiên sử dụng vào vị trí công tác phù hợp với nhu cầu của Quân đội.

-  Thông tư 279/2017/TT-BQP  về quy định việc thực hiện xuất ngũ đối với hạ sĩ quan, binh sĩ phục vụ tại ngũ trong Quân đội nhân dân.

-  Thông tư 148/2018/TT-BQP  quy định về tuyển chọn và gọi công dân nhập ngũ.

-  Thông tư 105/2023/TT-BQP  quy định về tiêu chuẩn sức khỏe, khám sức khỏe cho các đối tượng thuộc phạm vi quản lý của Bộ Quốc phòng.

-  Thông tư 143/2023/TT-BQP  quy định xử lý kỷ luật trong Quân đội nhân dân Việt Nam.

-  Thông tư 65/2025/TT-BQP  sửa đổi Thông tư của Bộ trưởng Bộ Quốc phòng về tính tuổi quân; cấp, quản lý, sử dụng Giấy chứng minh, Thẻ; tuyển chọn, tuyển dụng quân nhân chuyên nghiệp, công nhân và viên chức quốc phòng; phong, thăng, giáng cấp, bổ nhiệm, giáng chức, cách chức và thực hiện xuất ngũ đối với hạ sĩ quan, binh sĩ; hình thức, nội dung, thời gian sinh hoạt của quân nhân dự bị.

-  Thông tư 68/2025/TT-BQP  sửa đổi Thông tư 148/2018/TT-BQP quy định tuyển chọn và gọi công dân nhập ngũ.

-  Nghị định 218/2025/NĐ-CP  quy định xử phạt vi phạm hành chính trong lĩnh vực quốc phòng, cơ yếu

-  Nghị định 220/2025/NĐ-CP  sửa đổi Nghị định trong lĩnh vực quốc phòng, quân sự khi tổ chức chính quyền địa phương 02 cấp.

-  Thông tư 106/2025/TT-BQP  sửa đổi Thông tư 105/2023/TT-BQP quy định tiêu chuẩn sức khỏe, khám sức khỏe cho đối tượng thuộc phạm vi quản lý của Bộ Quốc phòng.

Trên đây là thông tin về Tổng hợp văn bản hướng dẫn nghĩa vụ quân sự 2026 gồm văn bản nào?

>>> Xem thêm:

Văn bản hợp nhất Luật Nghĩa vụ quân sự năm 2025 số 80/VBHN-VPQH thế nào?

Bị cận 1.5 độ có đi nghĩa vụ quân sự không?

Tổng hợp văn bản hướng dẫn nghĩa vụ quân sự 2026 gồm văn bản nào? (Hình từ Internet)

Theo Điều 54  Luật Nghĩa vụ quân sự 2015  quy định:

Điều 54. Cơ quan quản lý nhà nước về nghĩa vụ quân sự

1. Chính phủ thống nhất quản lý nhà nước về nghĩa vụ quân sự trong phạm vi cả nước.

2. Bộ Quốc phòng chịu trách nhiệm giúp Chính phủ thực hiện quản lý nhà nước về nghĩa vụ quân sự.

3. Các bộ, cơ quan ngang bộ phối hợp với Bộ Quốc phòng thực hiện quản lý nhà nước về nghĩa vụ quân sự theo thẩm quyền.

Như vậy, cơ quan quản lý nhà nước có nhiệm vụ và quyền hạn gì về nghĩa vụ quân sự như sau:

- Chính phủ thống nhất quản lý nhà nước về nghĩa vụ quân sự trong phạm vi cả nước.

- Bộ Quốc phòng chịu trách nhiệm giúp Chính phủ thực hiện quản lý nhà nước về nghĩa vụ quân sự.

- Các bộ, cơ quan ngang bộ phối hợp với Bộ Quốc phòng thực hiện quản lý nhà nước về nghĩa vụ quân sự theo thẩm quyền.

Căn cứ Điều 10  Luật Nghĩa vụ quân sự 2015  quy định các hành vi bị nghiêm cấm như sau:

- Trốn tránh thực hiện nghĩa vụ quân sự.

- Chống đối, cản trở việc thực hiện nghĩa vụ quân sự.

- Gian dối trong khám sức khỏe nghĩa vụ quân sự.

- Lợi dụng chức vụ, quyền hạn làm trái quy định về nghĩa vụ quân sự.

- Sử dụng hạ sĩ quan, binh sĩ trái quy định của pháp luật.

- Xâm phạm thân thể, sức khỏe; xúc phạm danh dự, nhân phẩm của hạ sĩ quan, binh sĩ.","nghia-vu-quan-su","","","","2025-10-13T11:39:00","https://thuvienphapluat.vn/hoi-dap-phap-luat/tong-hop-van-ban-huong-dan-nghia-vu-quan-su-2026-gom-van-ban-nao-138066339.html","2026-04-21T04:40:05.784880+00:00"
"138066232","Hướng dẫn nộp giấy tạm hoãn nghĩa vụ quân sự 2026 thế nào?","Căn cứ Điều 40  Luật Nghĩa vụ quân sự 2015  được sửa đổi bởi khoản 16 Điều 4  Luật Sửa đổi 11 Luật về quân sự, quốc phòng 2025  quy định sơ tuyển sức khỏe; khám sức khỏe cho công dân gọi nhập ngũ và thực hiện nghĩa vụ tham gia Công an nhân dân:

Điều 40. Sơ tuyển sức khỏe; khám sức khỏe cho công dân gọi nhập ngũ và thực hiện nghĩa vụ tham gia Công an nhân dân

1. Chủ tịch Ủy ban nhân dân cấp xã quyết định thành lập tổ sơ tuyển sức khỏe theo đề nghị của cơ sở y tế cùng cấp.

2. Chủ tịch Ủy ban nhân dân cấp tỉnh quyết định thành lập Hội đồng khám sức khỏe khu vực theo đề nghị của Sở Y tế.

3. Chủ tịch Ủy ban nhân dân cấp xã quyết định gọi sơ tuyển sức khỏe nghĩa vụ quân sự; khám sức khỏe cho công dân trong diện gọi nhập ngũ và công dân trong diện gọi thực hiện nghĩa vụ tham gia Công an nhân dân. Quyết định gọi sơ tuyển, khám sức khỏe phải được giao cho công dân trước thời điểm sơ tuyển, khám sức khỏe 15 ngày.

4. Hội đồng khám sức khỏe khu vực tổ chức khám sức khỏe cho công dân trong diện gọi nhập ngũ và gọi thực hiện nghĩa vụ tham gia Công an nhân dân; nội dung khám sức khỏe bao gồm thể lực, lâm sàng, cận lâm sàng bảo đảm chính xác và chịu trách nhiệm về kết quả khám sức khỏe nghĩa vụ quân sự.

5. Thời gian khám sức khoẻ từ ngày 01 tháng 11 đến hết ngày 31 tháng 12 hằng năm. Thời gian khám sức khỏe cho công dân trong diện gọi nhập ngũ và gọi thực hiện nghĩa vụ tham gia Công an nhân dân lần thứ hai theo quy định tại Điều 33 của Luật này do Thủ tướng Chính phủ quyết định.

6. Kết quả sơ tuyển sức khỏe, phân loại sức khỏe phải được công khai trên cổng thông tin điện tử và niêm yết tại trụ sở Ủy ban nhân dân cấp xã, cơ quan, tổ chức trong thời hạn 20 ngày.

Theo quy định trên, thời gian khám sức khoẻ từ ngày 01 tháng 11 đến hết ngày 31 tháng 12 hằng năm và Quyết định gọi sơ tuyển, khám sức khỏe phải được giao cho công dân trước thời điểm sơ tuyển, khám sức khỏe 15 ngày.

Do đó, nếu công dân thuộc các trường hợp được tạm hoãn gọi nhập ngũ cần lưu ý nộp giấy tạm hoãn nghĩa vụ quân sự trước thời gian khám sức khỏe nghĩa vụ quân sự hoặc nộp theo thời gian thông báo của địa phương (nếu có).

Hướng dẫn nộp giấy tạm hoãn nghĩa vụ quân sự 2026 như sau:

Bước 1 : Khi có lệnh gọi nhập ngũ thì công dân mang hồ sơ xin tạm hoãn nghĩa vụ quân sự nộp tại Ủy ban nhân dân cấp xã để nộp hồ sơ.

Bước 2 : Ủy ban nhân dân cấp xã sẽ kiểm tra hồ sơ xin tạm hoãn nghĩa vụ quân sự, xác minh đối tượng tạm hoãn nghĩa vụ quân sự.

Bước 3 : Chủ tịch ủy ban nhân dân cấp tỉnh sẽ ra quyết định tạm hoãn gọi nhập ngũ nếu hồ sơ hợp lệ.

* Trên đây là thông tin về Hướng dẫn nộp giấy tạm hoãn nghĩa vụ quân sự 2026 thế nào?

Xem thêm:

>>  Đi nghĩa vụ quân sự 2026 bao nhiêu năm?

>>  Cận bao nhiêu độ được miễn nghĩa vụ quân sự 2026?

Hướng dẫn nộp giấy tạm hoãn nghĩa vụ quân sự 2026 thế nào? (Hình từ Internet)

Căn cứ khoản 1 Điều 41  Luật Nghĩa vụ quân sự 2015  được bổ sung bởi điểm c khoản 1 Điều 49  Luật Dân quân tự vệ 2019  quy định công dân tạm hoãn nghĩa vụ quân sự 2026 khi thuộc trường hợp sau:

- Chưa đủ sức khỏe phục vụ tại ngũ theo kết luận của Hội đồng khám sức khỏe

- Là lao động duy nhất phải trực tiếp nuôi dưỡng thân nhân không còn khả năng lao động hoặc chưa đến tuổi lao động; trong gia đình bị thiệt hại nặng về người và tài sản do tai nạn, thiên tai, dịch bệnh nguy hiểm gây ra được Ủy ban nhân dân cấp xã xác nhận

- Một con của bệnh binh, người nhiễm chất độc da cam suy giảm khả năng lao động từ 61% đến 80%

- Có anh, chị hoặc em ruột là hạ sĩ quan, binh sĩ đang phục vụ tại ngũ; hạ sĩ quan, chiến sĩ thực hiện nghĩa vụ tham gia Công an nhân dân

- Người thuộc diện di dân, giãn dân trong 03 năm đầu đến các xã đặc biệt khó khăn theo dự án phát triển kinh tế - xã hội của Nhà nước do Ủy ban nhân dân cấp tỉnh trở lên quyết định

- Cán bộ, công chức, viên chức, thanh niên xung phong được điều động đến công tác, làm việc ở vùng có điều kiện kinh tế - xã hội đặc biệt khó khăn theo quy định của pháp luật

- Đang học tại cơ sở giáo dục phổ thông; đang được đào tạo trình độ đại học hệ chính quy thuộc cơ sở giáo dục đại học, trình độ cao đẳng hệ chính quy thuộc cơ sở giáo dục nghề nghiệp trong thời gian một khóa đào tạo của một trình độ đào tạo

- Dân quân thường trực

Căn cứ Điều 42  Luật Nghĩa vụ quân sự 2015  được sửa đổi bởi khoản 17 Điều 4  Luật Sửa đổi 11 Luật về quân sự, quốc phòng 2025  quy định thẩm quyền quyết định tạm hoãn gọi nhập ngũ, miễn gọi nhập ngũ và công nhận hoàn thành nghĩa vụ quân sự tại ngũ:

Điều 42. Thẩm quyền quyết định tạm hoãn gọi nhập ngũ, miễn gọi nhập ngũ và công nhận hoàn thành nghĩa vụ quân sự tại ngũ

1. Chủ tịch Ủy ban nhân dân cấp tỉnh quyết định tạm hoãn gọi nhập ngũ và miễn gọi nhập ngũ đối với công dân quy định tại Điều 41 của Luật này.

2. Chỉ huy trưởng Bộ chỉ huy quân sự cấp tỉnh quyết định công nhận hoàn thành nghĩa vụ quân sự tại ngũ đối với công dân quy định tại khoản 4 Điều 4 của Luật này.

Theo quy định trên, Chủ tịch Ủy ban nhân dân cấp tỉnh quyết định tạm hoãn nghĩa vụ quân sự 2026.","nghia-vu-quan-su","","","","2025-10-12T14:15:00","https://thuvienphapluat.vn/hoi-dap-phap-luat/huong-dan-nop-giay-tam-hoan-nghia-vu-quan-su-2026-the-nao-138066232.html","2026-04-21T04:40:10.274752+00:00"
"138066234","Hạn chót nộp giấy tạm hoãn nghĩa vụ quân sự 2026 là khi nào?","Căn cứ Điều 40  Luật Nghĩa vụ quân sự 2015  được sửa đổi bởi khoản 16 Điều 4  Luật Sửa đổi 11 Luật về quân sự, quốc phòng 2025  quy định sơ tuyển sức khỏe; khám sức khỏe cho công dân gọi nhập ngũ và thực hiện nghĩa vụ tham gia Công an nhân dân:

Điều 40. Sơ tuyển sức khỏe; khám sức khỏe cho công dân gọi nhập ngũ và thực hiện nghĩa vụ tham gia Công an nhân dân

1. Chủ tịch Ủy ban nhân dân cấp xã quyết định thành lập tổ sơ tuyển sức khỏe theo đề nghị của cơ sở y tế cùng cấp.

2. Chủ tịch Ủy ban nhân dân cấp tỉnh quyết định thành lập Hội đồng khám sức khỏe khu vực theo đề nghị của Sở Y tế.

3. Chủ tịch Ủy ban nhân dân cấp xã quyết định gọi sơ tuyển sức khỏe nghĩa vụ quân sự; khám sức khỏe cho công dân trong diện gọi nhập ngũ và công dân trong diện gọi thực hiện nghĩa vụ tham gia Công an nhân dân. Quyết định gọi sơ tuyển, khám sức khỏe phải được giao cho công dân trước thời điểm sơ tuyển, khám sức khỏe 15 ngày.

4. Hội đồng khám sức khỏe khu vực tổ chức khám sức khỏe cho công dân trong diện gọi nhập ngũ và gọi thực hiện nghĩa vụ tham gia Công an nhân dân; nội dung khám sức khỏe bao gồm thể lực, lâm sàng, cận lâm sàng bảo đảm chính xác và chịu trách nhiệm về kết quả khám sức khỏe nghĩa vụ quân sự.

5. Thời gian khám sức khoẻ từ ngày 01 tháng 11 đến hết ngày 31 tháng 12 hằng năm. Thời gian khám sức khỏe cho công dân trong diện gọi nhập ngũ và gọi thực hiện nghĩa vụ tham gia Công an nhân dân lần thứ hai theo quy định tại Điều 33 của Luật này do Thủ tướng Chính phủ quyết định.

6. Kết quả sơ tuyển sức khỏe, phân loại sức khỏe phải được công khai trên cổng thông tin điện tử và niêm yết tại trụ sở Ủy ban nhân dân cấp xã, cơ quan, tổ chức trong thời hạn 20 ngày.

Theo quy định trên, thời gian khám sức khoẻ từ ngày 01 tháng 11 đến hết ngày 31 tháng 12 hằng năm và Quyết định gọi sơ tuyển, khám sức khỏe phải được giao cho công dân trước thời điểm sơ tuyển, khám sức khỏe 15 ngày.

Do đó, nếu công dân thuộc các trường hợp được tạm hoãn gọi nhập ngũ cần lưu ý nộp giấy tạm hoãn nghĩa vụ quân sự trước thời gian khám sức khỏe nghĩa vụ quân sự hoặc nộp theo thời gian thông báo của địa phương (nếu có).

Xem thêm:

>>  Đi nghĩa vụ quân sự 2026 bao nhiêu năm?

>>  Cận bao nhiêu độ được miễn nghĩa vụ quân sự 2026?

* Trên đây là thông tin về Hạn chót nộp giấy tạm hoãn nghĩa vụ quân sự 2026 là khi nào?

Hạn chót nộp giấy tạm hoãn nghĩa vụ quân sự 2026 là khi nào? (Hình từ Internet)

Căn cứ khoản 1 Điều 41  Luật Nghĩa vụ quân sự 2015  được bổ sung bởi điểm c khoản 1 Điều 49  Luật Dân quân tự vệ 2019  quy định tạm hoãn gọi nhập ngũ và miễn gọi nhập ngũ:

Điều 41. Tạm hoãn gọi nhập ngũ và miễn gọi nhập ngũ

1. Tạm hoãn gọi nhập ngũ đối với những công dân sau đây:

a) Chưa đủ sức khỏe phục vụ tại ngũ theo kết luận của Hội đồng khám sức khỏe;

b) Là lao động duy nhất phải trực tiếp nuôi dưỡng thân nhân không còn khả năng lao động hoặc chưa đến tuổi lao động; trong gia đình bị thiệt hại nặng về người và tài sản do tai nạn, thiên tai, dịch bệnh nguy hiểm gây ra được Ủy ban nhân dân cấp xã xác nhận;

c) Một con của bệnh binh, người nhiễm chất độc da cam suy giảm khả năng lao động từ 61% đến 80%;

d) Có anh, chị hoặc em ruột là hạ sĩ quan, binh sĩ đang phục vụ tại ngũ; hạ sĩ quan, chiến sĩ thực hiện nghĩa vụ tham gia Công an nhân dân;

đ) Người thuộc diện di dân, giãn dân trong 03 năm đầu đến các xã đặc biệt khó khăn theo dự án phát triển kinh tế - xã hội của Nhà nước do Ủy ban nhân dân cấp tỉnh trở lên quyết định;

e) Cán bộ, công chức, viên chức, thanh niên xung phong được điều động đến công tác, làm việc ở vùng có điều kiện kinh tế - xã hội đặc biệt khó khăn theo quy định của pháp luật;

g) Đang học tại cơ sở giáo dục phổ thông; đang được đào tạo trình độ đại học hệ chính quy thuộc cơ sở giáo dục đại học, trình độ cao đẳng hệ chính quy thuộc cơ sở giáo dục nghề nghiệp trong thời gian một khóa đào tạo của một trình độ đào tạo.

[...]

Theo quy định trên, công dân là lao động duy nhất phải trực tiếp nuôi dưỡng thân nhân không còn khả năng lao động hoặc chưa đến tuổi lao động; trong gia đình bị thiệt hại nặng về người và tài sản do tai nạn, thiên tai, dịch bệnh nguy hiểm gây ra được Ủy ban nhân dân cấp xã xác nhận thì được tạm hoãn nghĩa vụ quân sự 2026.

Căn cứ Điều 19  Luật Nghĩa vụ quân sự 2015  được sửa đổi bởi khoản 7 Điều 4  Luật Sửa đổi 11 Luật về quân sự, quốc phòng 2025  quy định đưa ra khỏi danh sách đăng ký nghĩa vụ quân sự:

Điều 19. Đưa ra khỏi danh sách đăng ký nghĩa vụ quân sự

1. Công dân được đưa ra khỏi danh sách đăng ký nghĩa vụ quân sự trong trường hợp sau đây:

a) Chết;

b) Hết độ tuổi phục vụ trong ngạch dự bị;

c) Trường hợp quy định tại khoản 1 Điều 13 hoặc Điều 14 của Luật này.

2. Trong thời hạn 05 ngày, kể từ ngày có xác nhận của cấp có thẩm quyền, Ban chỉ huy quân sự cấp xã, cơ quan, tổ chức có công dân quy định tại khoản 1 Điều này phải báo cáo Chủ tịch Ủy ban nhân dân cấp xã quyết định.

Theo quy định trên, công dân được đưa ra khỏi danh sách đăng ký nghĩa vụ quân sự trong trường hợp sau:

- Chết

- Hết độ tuổi phục vụ trong ngạch dự bị

- Đang bị truy cứu trách nhiệm hình sự; đang chấp hành hình phạt tù, cải tạo không giam giữ, quản chế hoặc đã chấp hành xong hình phạt tù nhưng chưa được xóa án tích

- Đang bị áp dụng biện pháp giáo dục tại cấp xã hoặc đưa vào trường giáo dưỡng, cơ sở giáo dục bắt buộc, cơ sở cai nghiện bắt buộc

- Bị tước quyền phục vụ trong lực lượng vũ trang nhân dân.

- Người khuyết tật, người mắc bệnh hiểm nghèo, bệnh tâm thần hoặc bệnh mãn tính theo quy định của pháp luật.","nghia-vu-quan-su","","","","2025-10-12T07:25:00","https://thuvienphapluat.vn/hoi-dap-phap-luat/han-chot-nop-giay-tam-hoan-nghia-vu-quan-su-2026-la-khi-nao-138066234.html","2026-04-21T04:40:14.786452+00:00"
"138065812","Hà Nội: Chi tiết thời gian đi nghĩa vụ quân sự và thực hiện nghĩa vụ tham gia Công an nhân dân năm 2026 như thế nào?","Ngày 03/10/2025, UBND thành phố Hà Nội ban hành Kế hoạch 273/KH-UBND năm 2025 về tuyển chọn, gọi công dân nhập ngũ và thực hiện nghĩa vụ tham gia Công an nhân dân năm 2026.   Tải về

Căn cứ tại Tiểu mục 2 Mục 3 Kế hoạch 273/KH-UBND năm 2025 thành phố Hà Nội về thời gian gọi công dân nhập ngũ và thực hiện nghĩa vụ tham gia Công an nhân dân năm 2026 như sau:

- Rà soát, nắm nguồn công dân trong độ tuổi nhập ngũ:  Xong trước ngày 15/10/2025.

- Sơ tuyển sức khỏe tại các xã, phường:  Xong trước ngày 15/11/2025.

- Khám sức khỏe cho công dân gọi nhập ngũ và thực hiện nghĩa vụ tham gia Công an nhân dân:  Từ ngày 16/11 đến ngày 30/12/2025.

- Chốt quân số với các đơn vị nhận quân:  Xong trước ngày 30/01/2026.

- Quyết định gọi nhập ngũ đến tay công dân  trước ngày 16/02/2026.

- Thời gian tổ chức Lễ giao, nhận quân:  08.00 ngày 04/3/2026 (tức ngày 16 tháng Giêng năm Bính Ngọ).

Trên đây là thông tin: Hà Nội: Chi tiết thời gian gọi công dân nhập ngũ và thực hiện nghĩa vụ tham gia Công an nhân dân năm 2026 như thế nào?

Xem thêm:

>>>  Nghĩa vụ quân sự: Không gọi nhập ngũ công dân có chỉ số khối cơ thể nhỏ hơn 18,0 hoặc lớn hơn 29,9 đúng không?

>>>  Sinh viên đã tốt nghiệp đại học đi làm rồi thì có phải đi nghĩa vụ quân sự không?

Hà Nội: Chi tiết thời gian đi nghĩa vụ quân sự và thực hiện nghĩa vụ tham gia Công an nhân dân năm 2026 như thế nào? (Hình từ Internet)

Căn cứ tại Tiểu mục 1 Mục 3 Kế hoạch 273/KH-UBND năm 2025 thành phố Hà Nội về tổ chức 8 địa điểm Lễ giao nhận quân tại Hà Nội như sau:

- Ban Chỉ huy phòng thủ khu vực 1 - Sóc Sơn tổ chức 01 địa điểm:

Địa điểm giao nhận quân số 1: Tại Sân Vận động xã Sóc Sơn; gồm các xã: Thư Lâm, Phúc Thịnh, Mê Linh, Yên Lãng, Tiến Thắng, Quang Minh, Sóc Sơn, Đa Phúc, Nội Bài, Trung Giã, Kim Anh (11 xã).

- Ban Chỉ huy phòng thủ khu vực 2  - Phúc Thọ tổ chức 02 địa điểm:

+ Địa điểm giao nhận quân số 2: Sân Vận động phường Sơn Tây; gồm các xã, phường: Ba Vì, Suối Hai, Bất Bạt, Cổ Đô, Vật Lại, Minh Châu, Quảng Oai, Yên Bài, Tùng Thiện, Sơn Tây, Đoài Phương, Phúc Thọ, Phúc Lộc, Đan Phượng, Hát Môn, Liên Minh (16 xã, phường).

+ Địa điểm giao nhận quân số 3: Sân Vận động xã Quốc Oai; gồm các xã, phường: Ô Diên, Hoài Đức, Thạch Thất, Hạ Bằng, Tây Phương, Hòa Lạc, Yên Xuân, Dương Hòa, Sơn Đồng, Quốc Oai, Phú Cát, Kiều Phú, Hưng Đạo, An Khánh, Phú Nghĩa, Chương Mỹ, Xuân Mai, Dương Nội, Yên Nghĩa (19 xã, phường).

- Ban Chỉ huy phòng thủ khu vực 3  - Hồng Hà tổ chức 02 địa điểm.

+ Địa điểm giao nhận quân số 4: Trung tâm Văn hóa thông tin & thể thao phường Ngọc Hà; gồm các phường: Ngọc Hà, Phú Thượng, Hồng Hà, Tây Hồ, Ba Đình, Giảng Võ, Ô chợ Dừa, Láng, Đống Đa, Văn Miếu-Quốc Tử Giám, Kim Liên, Bạch Mai, Hai Bà Trưng, Vĩnh Tuy, Cửa Nam, Hoàn Kiếm, Tương Mai (17 phường).

+ Địa điểm giao nhận quân số 5: Quảng trường Sân vận động Mỹ Đình; gồm các phường: Phú Diễn, Thượng Cát, Đông Ngạc, Tây Tựu, Xuân Phương, Từ Liêm, Tây Mỗ, Đại Mỗ, Thanh Xuân, Khương Đình, Phương Liệt, Yên Hòa, Cầu Giấy, Nghĩa Đô, Xuân Đỉnh (15 phường).

- Ban Chỉ huy phòng thủ khu vực 4  - Gia Lâm tổ chức 01 địa điểm:

Địa điểm giao nhận quân số 6: Trung Tâm Văn hóa thông tin & thể thao xã, Gia Lâm; gồm các xã, phường: Long Biên, Bồ Đề, Việt Hưng, Phúc Lợi, Gia Lâm, Thuận An, Bát Tràng, Phù Đổng, Đông Anh, Thiên Lộc, Vĩnh Thanh (11 xã, phường).

- Ban Chỉ huy phòng thủ khu vực 5  - Thanh Oai tổ chức 02 địa điểm:

+ Địa điểm giao nhận quân số 7: Sân vận động xã Thanh Trì; gồm các xã, phường: Thường Tín, Thượng Phúc, Chương Dương, Thanh trì, Nam Phù, Ngọc Hồi, Đại Thanh, Thanh Liệt, Lĩnh Nam, Hoàng Mai, Vĩnh Hưng, Định Công, Hoàng Liệt, Yên Sở, Hồng Vân, Phú Xuyên, Chuyên Mỹ, Đại Xuyên (18 xã, phường).

+ Địa điểm giao nhận quân số 8: Sân vận động xã Thanh Oai; gồm các xã, phường: Thanh Oai, Bình Minh, Tam Hưng, Dân Hòa, Phượng Dực, Trần Phú, Hòa Phú, Quảng Bị, Hà Đông, Kiến Hưng, Phú Lương, Vân Đình, Ứng Thiên, Hòa Xá, Ứng Hòa, Mỹ Đức, Hồng Sơn, Phúc Sơn, Hương Sơn (19 xã, phường).

Căn cứ theo Điều 21  Luật Nghĩa vụ quân sự 2015  quy định về thời hạn phục vụ tại ngũ của hạ sĩ quan, binh sĩ như sau:

Điều 21. Thời hạn phục vụ tại ngũ của hạ sĩ quan, binh sĩ

1. Thời hạn phục vụ tại ngũ trong thời bình của hạ sĩ quan, binh sĩ là 24 tháng.

2. Bộ trưởng Bộ Quốc phòng được quyết định kéo dài thời hạn phục vụ tại ngũ của hạ sĩ quan, binh sĩ nhưng không quá 06 tháng trong trường hợp sau đây:

a) Để bảo đảm nhiệm vụ sẵn sàng chiến đấu;

b) Đang thực hiện nhiệm vụ phòng, chống thiên tai, dịch bệnh, cứu hộ, cứu nạn.

3. Thời hạn phục vụ của hạ sĩ quan, binh sĩ trong tình trạng chiến tranh hoặc tình trạng khẩn cấp về quốc phòng được thực hiện theo lệnh tổng động viên hoặc động viên cục bộ.

Như vậy, thời gian phục vụ tại ngũ trong thời bình của hạ sĩ quan là 24 tháng.","nghia-vu-quan-su","","","","2025-10-08T14:45:00","https://thuvienphapluat.vn/hoi-dap-phap-luat/ha-noi-chi-tiet-thoi-gian-di-nghia-vu-quan-su-va-thuc-hien-nghia-vu-tham-gia-cong-an-nhan-dan-nam-2-138065812.html","2026-04-21T04:40:19.161883+00:00"
"138065544","Thông tư khám nghĩa vụ quân sự mới nhất năm 2025 là thông tư nào?","Thông tư khám nghĩa vụ quân sự mới nhất năm 2025 là  Thông tư 105/2023/TT-BQP  và  Thông tư 106/2025/TT-BQP  sửa đổi, bổ sung một số điều của  Thông tư 105/2023/TT-BQP  quy định tiêu chuẩn sức khỏe, khám sức khỏe cho các đối tượng thuộc phạm vi quản lý của Bộ Quốc phòng.

Tải toàn văn  Thông tư 105/2023/TT-BQP :

Tại đây

Tải toàn văn  Thông tư 106/2025/TT-BQP :

Tại đây

Theo đó, tiêu chuẩn sức khỏe thực hiện nghĩa vụ quân sự như sau:

- Tiêu chuẩn chung:

Đạt sức khỏe loại 1, loại 2, loại 3 theo quy định tại Điều 5, Điều 6  Thông tư 105/2023/TT-BQP ;

Không gọi nhập ngũ đối với công dân nghiện các chất ma túy, tiền chất ma túy được quy định tại  Nghị định 57/2022/NĐ-CP  ngày 25 tháng 8 năm 2022 của Chính phủ quy định các danh mục chất ma túy và tiền chất.

- Tiêu chuẩn riêng:

Một số tiêu chuẩn sức khỏe riêng trong tuyển chọn thực hiện nghĩa vụ quân sự do Bộ trưởng Bộ Quốc phòng quy định.

Trên đây là thông tin về ""Thông tư khám nghĩa vụ quân sự mới nhất năm 2025 là thông tư nào?"".

Xem thêm:

>>>  Khám nghĩa vụ quân sự 2026 có phải cởi quần áo không?

>>>  Người thuộc gia đình hộ nghèo có được miễn nghĩa vụ quân sự không?

Thông tư khám nghĩa vụ quân sự mới nhất năm 2025 là thông tư nào? (Hình từ Internet)

Theo Tiểu mục 2 Mục 4 Phụ lục 1 ban hành kèm theo  Thông tư 105/2023/TT-BQP  được sửa đổi bởi điểm a khoản 8 Điều 1  Thông tư 106/2025/TT-BQP  hướng dẫn khám sức khỏe nghĩa vụ quân sự về mắt như sau:

*Số 1: Thị lực: Thị lực là tiêu chuẩn cơ bản để đánh giá sức nhìn của từng mắt, muốn đo thị lực chính xác, yêu cầu:

- Nhân viên chuyên môn: Phải trực tiếp hướng dẫn cách đọc và tiến hành đúng kỹ thuật quy định của chuyên ngành Nhãn khoa. Chú ý phát hiện những trường hợp người đọc không trung thực hoặc không biết đọc theo hướng dẫn thì sử dụng máy đo khúc xạ tự động để kiểm tra.

- Bảng thị lực phải:

+ Chữ đen, nền trắng, hàng 7/10 đến 8/10 phải treo ngang tầm mắt nhìn.

+ Đủ độ ánh sáng cần thiết để đọc (khoảng 400 - 700 lux) tránh mọi hiện tượng gây loá mắt, quá sáng hoặc sáng dọi vào mắt người đọc hoặc tối quá ảnh hưởng tới sức nhìn của người đọc.

+ Cự ly giữa bảng và chỗ người đọc theo đúng quy định của bảng.

+ Người đọc phải che mắt 1 bên bằng 1 miếng bìa cứng (không che bằng tay) và khi đọc cả 2 mắt đều mở (1 mắt mở sau bìa che).

+ Người đo dùng que chỉ vào dưới từng chữ, người đọc phải đọc xong chữ đó trong khoảng dưới 10 giây. Hàng 8/10, 9/10, 10/10 mỗi hàng chỉ được đọc sai 1 chữ mới tính kết quả hàng đó.

- Cách tính tổng thị lực 2 mắt: Nếu thị lực cao hơn 10/10 vẫn chỉ tính là 10/10.

Ví dụ: Mắt phải 12/10, mắt trái 5/10 thì tổng thị lực 2 mắt là 15/10.

- Khi tính tổng thị lực để phân loại thì chú ý thị lực của mắt phải. Thị lực của mắt trái không thể bù cho mắt phải được mà thị lực của mắt phải vẫn phải như tiêu chuẩn đã quy định.

- Khi kiểm tra thị lực không kính, nếu thị lực 2 mắt không đạt 19/10 thì nhân viên chuyên môn phải tiếp tục kiểm tra thị lực sau chỉnh kính. Thông thường, thị lực 2 mắt chỉnh kính tối đa phải đạt 19/10 trở lên. Trường hợp sau chỉnh kính tối đa, thị lực 2 mắt không đạt 19/10, bác sĩ chuyên khoa mắt phải đánh giá, tìm nguyên nhân bệnh lý gây giảm thị lực. Cho điểm thị lực:

+ Nếu thị lực không kính 2 mắt đạt 19/10 trở lên: Cho điểm theo thị lực không kính.

+ Nếu thị lực không kính 2 mắt không đạt 19/10: Cho điểm theo thị lực sau chỉnh kính tối đa.

* Số 5: Mộng thịt

Phân độ mộng theo mức độ mộng bò vào giác mạc.

- Độ 1: Mộng bắt đầu xâm lấn vào rìa giác mạc khoảng 1mm.

- Độ 2: Mộng xâm lấn vào giác mạc lớn hơn độ 1 nhưng nhỏ hơn hoặc bằng 1/2 bán kính giác mạc.

- Độ 3: Mộng xâm lấn vào giác mạc hơn độ 2 nhưng chưa đến tâm giác mạc.

- Độ 4: Mộng xâm lấn qua tâm giác mạc.

* Số 12: Những bệnh ở mi mắt và hốc mắt.

Theo Mục 3 Phụ lục 1 ban hành kèm theo  Thông tư 105/2023/TT-BQP  quy định các bệnh miễn đăng ký nghĩa vụ quân sự:

Là những bệnh thuộc diện miễn đăng ký nghĩa vụ quân sự, không nhận vào quân thường trực, gồm:

TT

TÊN BỆNH

MÃ BỆNH ICD10

1

Tâm thần

F20 đến F29

2

Động kinh

G40

3

Bệnh Parkinson

G20

4

Mù một mắt

H54.4

5

Điếc

H90

6

Di chứng do lao xương khớp

B90.2

7

Di chứng do phong

B92

8

Các bệnh lý ác tính (U ác, bệnh máu ác tính)

C00 đến C97; D00 đến D09; D45 đến D47

9

Người nhiễm HIV

B20 đến B24; Z21

10

Người khuyết tật mức độ đặc biệt nặng và nặng

Trên đây là thông tin về ""Thông tư khám nghĩa vụ quân sự mới nhất năm 2025 là thông tư nào?"".","nghia-vu-quan-su","","","","2025-10-07T06:30:00","https://thuvienphapluat.vn/hoi-dap-phap-luat/thong-tu-kham-nghia-vu-quan-su-moi-nhat-nam-2025-la-thong-tu-nao-138065544.html","2026-04-21T04:40:23.446868+00:00"
"138065577","Địa điểm khám sơ tuyển sức khỏe nghĩa vụ quân sự theo Thông tư 106 là ở đâu?","Tại Điều 7  Thông tư 105/2023/TT-BQP  được sửa đổi bởi khoản 2 Điều 1  Thông tư 106/2025/TT-BQP  có quy định về địa điểm khám sơ tuyển sức khỏe nghĩa vụ quân sự như sau:

Điều 7. Sơ tuyển sức khỏe nghĩa vụ quân sự

1. Trạm y tế cấp xã thực hiện sơ tuyển sức khỏe nghĩa vụ quân sự dưới sự chỉ đạo, hướng dẫn về chuyên môn, nghiệp vụ của Sở Y tế hoặc bệnh viện, trung tâm y tế trực thuộc Sở Y tế; giám sát của Ban chỉ huy quân sự cấp xã, Ban chỉ huy phòng thủ khu vực.

2. Nội dung sơ tuyển sức khỏe

a) Khai thác tiền sử bệnh tật bản thân và gia đình;

b) Phát hiện những trường hợp không đủ sức khỏe về thể lực, dị tật, dị dạng quy định tại Mục I, Mục II Phụ lục I ban hành kèm theo Thông tư này; những bệnh thuộc diện miễn đăng ký nghĩa vụ quân sự quy định tại Mục III Phụ lục I ban hành kèm theo Thông tư này.

3. Quy trình sơ tuyển sức khỏe

a) Căn cứ kế hoạch tuyển chọn và gọi công dân nhập ngũ của Hội đồng nghĩa vụ quân sự cấp xã, Ban chỉ huy quân sự cấp xã lập danh sách, tham mưu Chủ tịch Ủy ban nhân dân cấp xã gọi khám sơ tuyển đối với công dân thuộc diện khám sức khỏe thực hiện nghĩa vụ quân sự trên địa bàn quản lý;

b) Tổ chức sơ tuyển sức khỏe theo quy định tại khoản 2 Điều này;

c) Hoàn chỉnh thông tin sức khỏe của công dân được gọi khám sơ tuyển sức khỏe thực hiện nghĩa vụ quân sự theo Mẫu 2 Phụ lục V ban hành kèm theo Thông tư này;

d) Lập danh sách công dân mắc các bệnh thuộc danh mục bệnh miễn đăng ký nghĩa vụ quân sự theo Mục III Phụ lục I ban hành kèm theo Thông tư này, báo cáo Hội đồng nghĩa vụ quân sự cấp xã;

đ) Tổng hợp, thống kê, báo cáo kết quả sơ tuyển sức khỏe theo Mẫu 2a; Mẫu 2k Phụ lục VI ban hành kèm theo Thông tư này.

Như vậy, địa điểm khám sơ tuyển sức khỏe nghĩa vụ quân sự là  Trạm y tế cấp xã .

Trạm y tế cấp xã thực hiện sơ tuyển sức khỏe nghĩa vụ quân sự dưới sự chỉ đạo, hướng dẫn về chuyên môn, nghiệp vụ của Sở Y tế hoặc bệnh viện, trung tâm y tế trực thuộc Sở Y tế; giám sát của Ban chỉ huy quân sự cấp xã, Ban chỉ huy phòng thủ khu vực.

Trên đây là thông tin ""Địa điểm khám sơ tuyển sức khỏe nghĩa vụ quân sự theo Thông tư 106 là ở đâu?""

Xem thêm

>>>  Lịch khám sơ tuyển nghĩa vụ quân sự 2026 của 34 tỉnh thành khi nào?

>>>  Người thuộc gia đình hộ nghèo có được miễn nghĩa vụ quân sự không?

Địa điểm khám sơ tuyển sức khỏe nghĩa vụ quân sự theo Thông tư 106 là ở đâu? (Hình từ Internet)

Tại Đều 8  Thông tư 105/2023/TT-BQP  được sửa đổi bởi khoản 3 Điều 1  Thông tư 106/2025/TT-BQP  có quy định về khám sức khỏe nghĩa vụ quân sự như sau:

Điều 8. Khám sức khỏe nghĩa vụ quân sự

1. Khám sức khỏe nghĩa vụ quân sự do Hội đồng khám sức khỏe khu vực thành lập theo quy định tại khoản 16 Điều 4 Luật sửa đổi, bổ sung một số điều của 11 luật về quân sự quốc phòng năm 2025, gồm:

a) Chủ tịch Hội đồng là Giám đốc bệnh viện hoặc Giám đốc trung tâm y tế trực thuộc Sở Y tế đảm nhiệm;

b) Phó Chủ tịch là Phó Giám đốc bệnh viện hoặc Phó Giám đốc trung tâm y tế trực thuộc Sở Y tế đảm nhiệm;

c) Ủy viên Thường trực kiêm Thư ký Hội đồng là cán bộ bệnh viện, trung tâm y tế, cơ quan y tế trực thuộc Sở Y tế đảm nhiệm;

d) Các ủy viên là cán bộ, nhân viên thuộc các cơ quan, đơn vị gồm: Bệnh viện, trung tâm y tế, cơ quan y tế trực thuộc Sở Y tế; trạm y tế; quân y Ban chỉ huy phòng thủ khu vực và đại diện các đơn vị có liên quan; trường hợp cần thiết có thể tăng cường cán bộ, nhân viên y tế cấp tỉnh hoặc quân y Bộ chỉ huy quân sự cấp tỉnh do Chủ tịch Hội đồng nghĩa vụ quân sự cấp tỉnh quyết định nguồn nhân lực;

đ) Thành viên Hội đồng khám sức khỏe khu vực phải đảm bảo đầy đủ bộ phận, chuyên khoa theo quy định tại khoản 5 Điều này và phải có chứng chỉ hành nghề hoặc giấy phép hành nghề phù hợp với nhiệm vụ theo quy định của pháp luật về khám bệnh, chữa bệnh.

[...]

5. Nội dung khám sức khỏe

a) Khám về thể lực; lâm sàng theo các chuyên khoa: Mắt, tai mũi họng, răng hàm mặt, nội khoa, thần kinh, tâm thần, ngoại khoa, da liễu, sản phụ khoa (đối với nữ);

b) Khám cận lâm sàng: Công thức máu; nhóm máu (ABO); chức năng gan (AST, ALT); chức năng thận (Ure, Creatinine); đường máu; virus viêm gan B (HBsAg); virus viêm gan C (Anti-HCV); HIV; nước tiểu toàn bộ. (10 thông số); siêu âm ổ bụng tổng quát; điện tim; X-quang tim phổi thẳng; xét nghiệm nước tiểu phát hiện ma túy. Chủ tịch Hội đồng chỉ định thêm các xét nghiệm khác theo yêu cầu chuyên môn để kết luận sức khỏe được chính xác.

Như vậy, khám sức khỏe nghĩa vụ quân sự đối với nữ sẽ phải khám sản phụ khoa theo quy định.

Tai Điều 40  Luật nghĩa vụ quân sự 2015  được sửa đổi bởi khoản 16 Điều 4  Luật sửa đổi 11 Luật về quân sự, quốc phòng 2025  có quy định về sơ tuyển sức khỏe; khám sức khỏe cho công dân gọi nhập ngũ và thực hiện nghĩa vụ tham gia Công an nhân dân như sau:

Điều 40. Sơ tuyển sức khỏe; khám sức khỏe cho công dân gọi nhập ngũ và thực hiện nghĩa vụ tham gia Công an nhân dân

1. Chủ tịch Ủy ban nhân dân cấp xã quyết định thành lập tổ sơ tuyển sức khỏe theo đề nghị của cơ sở y tế cùng cấp.

2. Chủ tịch Ủy ban nhân dân cấp tỉnh quyết định thành lập Hội đồng khám sức khỏe khu vực theo đề nghị của Sở Y tế.

3. Chủ tịch Ủy ban nhân dân cấp xã quyết định gọi sơ tuyển sức khỏe nghĩa vụ quân sự; khám sức khỏe cho công dân trong diện gọi nhập ngũ và công dân trong diện gọi thực hiện nghĩa vụ tham gia Công an nhân dân. Quyết định gọi sơ tuyển, khám sức khỏe phải được giao cho công dân trước thời điểm sơ tuyển, khám sức khỏe 15 ngày.

4. Hội đồng khám sức khỏe khu vực tổ chức khám sức khỏe cho công dân trong diện gọi nhập ngũ và gọi thực hiện nghĩa vụ tham gia Công an nhân dân; nội dung khám sức khỏe bao gồm thể lực, lâm sàng, cận lâm sàng bảo đảm chính xác và chịu trách nhiệm về kết quả khám sức khỏe nghĩa vụ quân sự.

5. Thời gian khám sức khoẻ từ ngày 01 tháng 11 đến hết ngày 31 tháng 12 hằng năm. Thời gian khám sức khỏe cho công dân trong diện gọi nhập ngũ và gọi thực hiện nghĩa vụ tham gia Công an nhân dân lần thứ hai theo quy định tại Điều 33 của Luật này do Thủ tướng Chính phủ quyết định.

6. Kết quả sơ tuyển sức khỏe, phân loại sức khỏe phải được công khai trên cổng thông tin điện tử và niêm yết tại trụ sở Ủy ban nhân dân cấp xã, cơ quan, tổ chức trong thời hạn 20 ngày.

Như vậy, Chủ tịch Ủy ban nhân dân cấp tỉnh là người có thẩm quyền quyết định thành lập Hội đồng khám sức khỏe khu vực theo đề nghị của Sở Y tế.","nghia-vu-quan-su","","","","2025-10-06T14:55:00","https://thuvienphapluat.vn/hoi-dap-phap-luat/dia-diem-kham-so-tuyen-suc-khoe-nghia-vu-quan-su-theo-thong-tu-106-la-o-dau-138065577.html","2026-04-21T04:40:27.544848+00:00"
"138065595","Cách tính tổng thị lực 2 mắt khám sức khỏe theo Thông tư 106 nghĩa vụ quân sự ra sao?","Tại Tiểu mục 2 Mục 4 Phụ lục 1 ban hành kèm theo  Thông tư 105/2023/TT-BQP  được sửa đổi bởi điểm a khoản 8 Điều 1  Thông tư 106/2025/TT-BQP  có quy định về cách tính tổng thị lực 2 mắt khám sức khỏe nghĩa vụ quân sự như sau:

*Số 1: Thị lực: Thị lực là tiêu chuẩn cơ bản để đánh giá sức nhìn của từng mắt, muốn đo thị lực chính xác, yêu cầu:

- Nhân viên chuyên môn: Phải trực tiếp hướng dẫn cách đọc và tiến hành đúng kỹ thuật quy định của chuyên ngành Nhãn khoa. Chú ý phát hiện những trường hợp người đọc không trung thực hoặc không biết đọc theo hướng dẫn thì sử dụng máy đo khúc xạ tự động để kiểm tra.

- Bảng thị lực phải:

+ Chữ đen, nền trắng, hàng 7/10 đến 8/10 phải treo ngang tầm mắt nhìn.

+ Đủ độ ánh sáng cần thiết để đọc (khoảng 400 - 700 lux) tránh mọi hiện tượng gây loá mắt, quá sáng hoặc sáng dọi vào mắt người đọc hoặc tối quá ảnh hưởng tới sức nhìn của người đọc.

+ Cự ly giữa bảng và chỗ người đọc theo đúng quy định của bảng.

+ Người đọc phải che mắt 1 bên bằng 1 miếng bìa cứng (không che bằng tay) và khi đọc cả 2 mắt đều mở (1 mắt mở sau bìa che).

+ Người đo dùng que chỉ vào dưới từng chữ, người đọc phải đọc xong chữ đó trong khoảng dưới 10 giây. Hàng 8/10, 9/10, 10/10 mỗi hàng chỉ được đọc sai 1 chữ mới tính kết quả hàng đó.

- Cách tính tổng thị lực 2 mắt: Nếu thị lực cao hơn 10/10 vẫn chỉ tính là 10/10.

Ví dụ: Mắt phải 12/10, mắt trái 5/10 thì tổng thị lực 2 mắt là 15/10.

- Khi tính tổng thị lực để phân loại thì chú ý thị lực của mắt phải. Thị lực của mắt trái không thể bù cho mắt phải được mà thị lực của mắt phải vẫn phải như tiêu chuẩn đã quy định.

- Khi kiểm tra thị lực không kính, nếu thị lực 2 mắt không đạt 19/10 thì nhân viên chuyên môn phải tiếp tục kiểm tra thị lực sau chỉnh kính. Thông thường, thị lực 2 mắt chỉnh kính tối đa phải đạt 19/10 trở lên. Trường hợp sau chỉnh kính tối đa, thị lực 2 mắt không đạt 19/10, bác sĩ chuyên khoa mắt phải đánh giá, tìm nguyên nhân bệnh lý gây giảm thị lực. Cho điểm thị lực:

+ Nếu thị lực không kính 2 mắt đạt 19/10 trở lên: Cho điểm theo thị lực không kính.

+ Nếu thị lực không kính 2 mắt không đạt 19/10: Cho điểm theo thị lực sau chỉnh kính tối đa.

* Số 5: Mộng thịt

Phân độ mộng theo mức độ mộng bò vào giác mạc.

- Độ 1: Mộng bắt đầu xâm lấn vào rìa giác mạc khoảng 1mm.

- Độ 2: Mộng xâm lấn vào giác mạc lớn hơn độ 1 nhưng nhỏ hơn hoặc bằng 1/2 bán kính giác mạc.

- Độ 3: Mộng xâm lấn vào giác mạc hơn độ 2 nhưng chưa đến tâm giác mạc.

- Độ 4: Mộng xâm lấn qua tâm giác mạc.

* Số 12: Những bệnh ở mi mắt và hốc mắt.

[...]

Như vậy, cách tính tổng thị lực 2 mắt khám sức khỏe theo Thông tư 106 nghĩa vụ quân sự như sau:

Nếu thị lực cao hơn 10/10 vẫn chỉ tính là 10/10.

Ví dụ: Mắt phải 12/10, mắt trái 5/10 thì tổng thị lực 2 mắt là 15/10.

Lưu ý: Khi tính tổng thị lực để phân loại thì chú ý thị lực của mắt phải. Thị lực của mắt trái không thể bù cho mắt phải được mà thị lực của mắt phải vẫn phải như tiêu chuẩn đã quy định.

- Khi kiểm tra thị lực không kính, nếu thị lực 2 mắt không đạt 19/10 thì nhân viên chuyên môn phải tiếp tục kiểm tra thị lực sau chỉnh kính. Thông thường, thị lực 2 mắt chỉnh kính tối đa phải đạt 19/10 trở lên. Trường hợp sau chỉnh kính tối đa, thị lực 2 mắt không đạt 19/10, bác sĩ chuyên khoa mắt phải đánh giá, tìm nguyên nhân bệnh lý gây giảm thị lực.  Cho điểm thị lực:

+ Nếu thị lực không kính 2 mắt đạt 19/10 trở lên: Cho điểm theo thị lực không kính.

+ Nếu thị lực không kính 2 mắt không đạt 19/10: Cho điểm theo thị lực sau chỉnh kính tối đa.

Cách tính tổng thị lực 2 mắt khám sức khỏe theo Thông tư 106 nghĩa vụ quân sự ra sao? (Hình từ Internet)

Tại Điều 6  Luật Nghĩa vụ quân sự 2015  có quy định về nghĩa vụ phục vụ tại ngũ như sau:

Điều 6. Nghĩa vụ phục vụ tại ngũ

1. Công dân nam trong độ tuổi thực hiện nghĩa vụ quân sự có nghĩa vụ phục vụ tại ngũ trong Quân đội nhân dân.

2. Công dân nữ trong độ tuổi thực hiện nghĩa vụ quân sự trong thời bình nếu tự nguyện và quân đội có nhu cầu thì được phục vụ tại ngũ.

Như vậy, công dân nữ trong độ tuổi quy định nếu tự nguyện và quân đội có nhu cầu thì được phục vụ tại ngũ.

Tại Điều 5  Luật Nghĩa vụ quân sự 2015  quy định trong thực hiện nghĩa vụ quân sự, gia đình có trách nhiệm như sau:

Gia đình có trách nhiệm giáo dục, động viên và tạo điều kiện cho công dân thực hiện nghĩa vụ quân sự.","nghia-vu-quan-su","","","","2025-10-06T12:30:00","https://thuvienphapluat.vn/hoi-dap-phap-luat/cach-tinh-tong-thi-luc-2-mat-kham-suc-khoe-theo-thong-tu-106-nghia-vu-quan-su-ra-sao-138065595.html","2026-04-21T04:40:31.663806+00:00"
"138061564","Đã có vợ con có được miễn nghĩa vụ quân sự năm 2026 không?","Căn cứ theo Điều 41  Luật Nghĩa vụ quân sự 2015  được bổ sung bởi điểm c khoản 1 Điều 49  Luật Dân quân tự vệ 2019  quy định như sau:

Điều 41. Tạm hoãn gọi nhập ngũ và miễn gọi nhập ngũ

[...]

e) Cán bộ, công chức, viên chức, thanh niên xung phong được điều động đến công tác, làm việc ở vùng có điều kiện kinh tế - xã hội đặc biệt khó khăn theo quy định của pháp luật;

g) Đang học tại cơ sở giáo dục phổ thông; đang được đào tạo trình độ đại học hệ chính quy thuộc cơ sở giáo dục đại học, trình độ cao đẳng hệ chính quy thuộc cơ sở giáo dục nghề nghiệp trong thời gian một khóa đào tạo của một trình độ đào tạo.

h) Dân quân thường trực

2. Miễn gọi nhập ngũ đối với những công dân sau đây:

a) Con của liệt sĩ, con của thương binh hạng một;

b) Một anh hoặc một em trai của liệt sĩ;

c) Một con của thương binh hạng hai; một con của bệnh binh suy giảm khả năng lao động từ 81% trở lên; một con của người nhiễm chất độc da cam suy giảm khả năng lao động từ 81 % trở lên;

d) Người làm công tác cơ yếu không phải là quân nhân, Công an nhân dân;

đ) Cán bộ, công chức, viên chức, thanh niên xung phong được điều động đến công tác, làm việc ở vùng có điều kiện kinh tế - xã hội đặc biệt khó khăn theo quy định của pháp luật từ 24 tháng trở lên.

3. Công dân thuộc diện tạm hoãn gọi nhập ngũ quy định tại khoản 1 Điều này, nếu không còn lý do tạm hoãn thì được gọi nhập ngũ.

Công dân thuộc diện được tạm hoãn gọi nhập ngũ hoặc được miễn gọi nhập ngũ quy định tại khoản 1 và khoản 2 Điều này, nếu tình nguyện thì được xem xét tuyển chọn và gọi nhập ngũ.

4. Danh sách công dân thuộc diện được tạm hoãn gọi nhập ngũ, được miễn gọi nhập ngũ phải được niêm yết công khai tại trụ sở Ủy ban nhân dân cấp xã, cơ quan, tổ chức trong thời hạn 20 ngày.

Như vậy, người đã có vợ con không thuộc các trường hợp được  miễn nghĩa vụ quân sự  năm 2026.

Do đó, công dân đủ tiêu chuẩn để thực hiện nghĩa vụ quân sự nếu không thuộc các trường hợp hoãn hoặc miễn gọi nhập ngũ thì vẫn tham gia nghĩa vụ quân sự, không kế đến việc đã có vợ con.

*Trên đây là nội dung thông tin về Đã có vợ con có được miễn nghĩa vụ quân sự năm 2026 không?

Đã có vợ con có được miễn nghĩa vụ quân sự năm 2026 không? (Hình từ Internet)

Căn cứ theo Điều 30  Luật Nghĩa vụ quân sự 2015  quy định về độ tuổi gọi nhập ngũ như sau:

Điều 30. Độ tuổi gọi nhập ngũ

Công dân đủ 18 tuổi được gọi nhập ngũ; độ tuổi gọi nhập ngũ từ đủ 18 tuổi đến hết 25 tuổi; công dân được đào tạo trình độ cao đẳng, đại học đã được tạm hoãn gọi nhập ngũ thì độ tuổi gọi nhập ngũ đến hết 27 tuổi.

Như vậy, từ 26 tuổi trở đi thì không còn thuộc độ tuổi gọi đi nghĩa vụ quân sự nữa. Tuy nhiên, đối với công dân học cao đẳng, đại học đã được tạm hoãn gọi nhập ngũ thì từ 28 tuổi trở đi mới hết gọi đi nghĩa vụ quân sự.

Căn cứ theo Điều 13  Luật Nghĩa vụ quân sự 2015  được sửa đổi bởi khoản 3 Điều 4  Luật Sửa đổi 11 Luật về quân sự, quốc phòng 2025  quy định về đối tượng không được  đăng ký nghĩa vụ quân sự  như sau:

Điều 13. Đối tượng không được đăng ký nghĩa vụ quân sự

1. Công dân thuộc một trong các trường hợp sau đây không được đăng ký nghĩa vụ quân sự:

a) Đang bị truy cứu trách nhiệm hình sự; đang chấp hành hình phạt tù, cải tạo không giam giữ, quản chế hoặc đã chấp hành xong hình phạt tù nhưng chưa được xóa án tích;

b) Đang bị áp dụng biện pháp giáo dục tại cấp xã hoặc đưa vào trường giáo dưỡng, cơ sở giáo dục bắt buộc, cơ sở cai nghiện bắt buộc;

c) Bị tước quyền phục vụ trong lực lượng vũ trang nhân dân.

2. Khi hết thời hạn áp dụng các biện pháp quy định tại khoản 1 Điều này, công dân được đăng ký nghĩa vụ quân sự.

Như vậy, người đã chấp hành xong hình phạt tù mà chưa xóa án tích thì không được đăng ký nghĩa vụ quân sự, tuy nhiên nếu đã xóa án tích thì được đăng ký nghĩa vụ quân sự.","nghia-vu-quan-su","","","","2025-09-24T19:45:00","https://thuvienphapluat.vn/hoi-dap-phap-luat/da-co-vo-con-co-duoc-mien-nghia-vu-quan-su-nam-2026-khong-138061564.html","2026-04-21T04:40:36.180691+00:00"
"138062710","Vợ đang mang thai có được hoãn nghĩa vụ quân sự không?","Căn cứ theo khoản 1 Điều 41  Luật Nghĩa vụ quân sự 2015  được bổ sung bởi điểm c khoản 1 Điều 49  Luật Dân quân tự vệ 2019  quy định về tạm hoãn gọi nhập ngũ như sau:

Điều 41. Tạm hoãn gọi nhập ngũ và miễn gọi nhập ngũ

1. Tạm hoãn gọi nhập ngũ đối với những công dân sau đây:

a) Chưa đủ sức khỏe phục vụ tại ngũ theo kết luận của Hội đồng khám sức khỏe;

b) Là lao động duy nhất phải trực tiếp nuôi dưỡng thân nhân không còn khả năng lao động hoặc chưa đến tuổi lao động; trong gia đình bị thiệt hại nặng về người và tài sản do tai nạn, thiên tai, dịch bệnh nguy hiểm gây ra được Ủy ban nhân dân cấp xã xác nhận;

c) Một con của bệnh binh, người nhiễm chất độc da cam suy giảm khả năng lao động từ 61% đến 80%;

d) Có anh, chị hoặc em ruột là hạ sĩ quan, binh sĩ đang phục vụ tại ngũ; hạ sĩ quan, chiến sĩ thực hiện nghĩa vụ tham gia Công an nhân dân;

đ) Người thuộc diện di dân, giãn dân trong 03 năm đầu đến các xã đặc biệt khó khăn theo dự án phát triển kinh tế - xã hội của Nhà nước do Ủy ban nhân dân cấp tỉnh trở lên quyết định;

e) Cán bộ, công chức, viên chức, thanh niên xung phong được điều động đến công tác, làm việc ở vùng có điều kiện kinh tế - xã hội đặc biệt khó khăn theo quy định của pháp luật;

g) Đang học tại cơ sở giáo dục phổ thông; đang được đào tạo trình độ đại học hệ chính quy thuộc cơ sở giáo dục đại học, trình độ cao đẳng hệ chính quy thuộc cơ sở giáo dục nghề nghiệp trong thời gian một khóa đào tạo của một trình độ đào tạo.

h) Dân quân thường trực.

[...]

Như vậy, việc vợ đang mang thai không thuộc một trong những trường hợp được hoãn  nghĩa vụ quân sự .

*Trên đây là nội dung thông tin về Vợ đang mang thai có được hoãn nghĩa vụ quân sự không?

Vợ đang mang thai có được hoãn nghĩa vụ quân sự không? (Hình từ Internet)

Căn cứ theo Điều 21  Luật Nghĩa vụ quân sự 2015  quy định về thời hạn phục vụ tại ngũ của hạ sĩ quan, binh sĩ như sau:

Điều 21. Thời hạn phục vụ tại ngũ của hạ sĩ quan, binh sĩ

1. Thời hạn phục vụ tại ngũ trong thời bình của hạ sĩ quan, binh sĩ là 24 tháng.

2. Bộ trưởng Bộ Quốc phòng được quyết định kéo dài thời hạn phục vụ tại ngũ của hạ sĩ quan, binh sĩ nhưng không quá 06 tháng trong trường hợp sau đây:

a) Để bảo đảm nhiệm vụ sẵn sàng chiến đấu;

b) Đang thực hiện nhiệm vụ phòng, chống thiên tai, dịch bệnh, cứu hộ, cứu nạn.

3. Thời hạn phục vụ của hạ sĩ quan, binh sĩ trong tình trạng chiến tranh hoặc tình trạng khẩn cấp về quốc phòng được thực hiện theo lệnh tổng động viên hoặc động viên cục bộ.

Như vậy, Bộ trưởng Bộ Quốc phòng là người có thẩm quyền quyết định kéo dài thời hạn phục vụ tại ngũ của hạ sĩ quan, binh sĩ.

Lưu ý:  Việc kéo dài thời hạn phục vụ tại ngũ của hạ sĩ quan, binh sĩ không quá 06 tháng trong trường hợp sau:

- Để bảo đảm nhiệm vụ sẵn sàng chiến đấu;

- Đang thực hiện nhiệm vụ phòng, chống thiên tai, dịch bệnh, cứu hộ, cứu nạn.

Căn cứ theo Điều 59  Luật Nghĩa vụ quân sự 2015  quy định về xử lý vi phạm như sau:

Điều 59. Xử lý vi phạm

1. Tổ chức, cá nhân có hành vi trốn tránh, chống đối, cản trở việc thực hiện nghĩa vụ quân sự thì tùy theo tính chất, mức độ vi phạm mà bị xử lý kỷ luật, xử phạt hành chính hoặc bị truy cứu trách nhiệm hình sự.

2. Hạ sĩ quan, binh sĩ tại ngũ, hạ sĩ quan, binh sĩ dự bị trong thời gian tập trung huấn luyện, diễn tập, kiểm tra sẵn sàng động viên, sẵn sàng chiến đấu mà vi phạm kỷ luật, vi phạm pháp luật thì tùy theo tính chất, mức độ vi phạm mà bị xử lý kỷ luật, xử phạt hành chính hoặc bị truy cứu trách nhiệm hình sự; nếu gây thiệt hại thì phải bồi thường theo quy định của pháp luật.

Như vậy, cá nhân có hành vi trốn tránh việc thực hiện nghĩa vụ quân sự thì tùy theo tính chất, mức độ vi phạm có thể xử phạt hành chính hoặc bị  truy cứu trách nhiệm hình sự .","nghia-vu-quan-su","","","","2025-09-23T16:45:00","https://thuvienphapluat.vn/hoi-dap-phap-luat/vo-dang-mang-thai-co-duoc-hoan-nghia-vu-quan-su-khong-138062710.html","2026-04-21T04:40:40.691926+00:00"
"138062862","Người thuộc gia đình hộ nghèo có được miễn nghĩa vụ quân sự không?","Căn cứ theo khoản 2 Điều 41  Luật Nghĩa vụ quân sự 2015  quy định như sau:

Điều 41. Tạm hoãn gọi nhập ngũ và miễn gọi nhập ngũ

[...]

2. Miễn gọi nhập ngũ đối với những công dân sau đây:

a) Con của liệt sĩ, con của thương binh hạng một;

b) Một anh hoặc một em trai của liệt sĩ;

c) Một con của thương binh hạng hai; một con của bệnh binh suy giảm khả năng lao động từ 81% trở lên; một con của người nhiễm chất độc da cam suy giảm khả năng lao động từ 81 % trở lên;

d) Người làm công tác cơ yếu không phải là quân nhân, Công an nhân dân;

đ) Cán bộ, công chức, viên chức, thanh niên xung phong được điều động đến công tác, làm việc ở vùng có điều kiện kinh tế - xã hội đặc biệt khó khăn theo quy định của pháp luật từ 24 tháng trở lên.

3. Công dân thuộc diện tạm hoãn gọi nhập ngũ quy định tại khoản 1 Điều này, nếu không còn lý do tạm hoãn thì được gọi nhập ngũ.

Công dân thuộc diện được tạm hoãn gọi nhập ngũ hoặc được miễn gọi nhập ngũ quy định tại khoản 1 và khoản 2 Điều này, nếu tình nguyện thì được xem xét tuyển chọn và gọi nhập ngũ.

4. Danh sách công dân thuộc diện được tạm hoãn gọi nhập ngũ, được miễn gọi nhập ngũ phải được niêm yết công khai tại trụ sở Ủy ban nhân dân cấp xã, cơ quan, tổ chức trong thời hạn 20 ngày.

Như vậy, người thuộc gia đình hộ nghèo không thuộc các trường hợp được  miễn nghĩa vụ quân sự .

*Trên đây là nội dung thông tin về Người thuộc gia đình hộ nghèo có được miễn nghĩa vụ quân sự không?

Người thuộc gia đình hộ nghèo có được miễn nghĩa vụ quân sự không? (Hình từ Internet)

Căn cứ theo Điều 31  Luật Nghĩa vụ quân sự 2015  quy định về tiêu chuẩn công dân được gọi nhập ngũ và thực hiện nghĩa vụ tham gia Công an nhân dân như sau:

Điều 31. Tiêu chuẩn công dân được gọi nhập ngũ và thực hiện nghĩa vụ tham gia Công an nhân dân

1. Công dân được gọi nhập ngũ khi có đủ các tiêu chuẩn sau đây:

a) Lý lịch rõ ràng;

b) Chấp hành nghiêm đường lối, chủ trương của Đảng, chính sách, pháp luật của Nhà nước;

c) Đủ sức khỏe phục vụ tại ngũ theo quy định;

d) Có trình độ văn hóa phù hợp.

2. Tiêu chuẩn công dân được gọi thực hiện nghĩa vụ tham gia Công an nhân dân theo quy định tại Điều 7 của Luật Công an nhân dân.

Như vậy, công dân được gọi nhập ngũ khi có đầy đủ các tiêu chuẩn sau:

- Lý lịch rõ ràng;

- Chấp hành nghiêm đường lối, chủ trương của Đảng, chính sách, pháp luật của Nhà nước;

- Đủ sức khỏe phục vụ tại ngũ theo quy định;

- Có trình độ văn hóa phù hợp.

Căn cứ theo khoản 4 Điều 4  Luật Nghĩa vụ quân sự 2015  được sửa đổi bởi khoản 2 Điều 4  Luật Sửa đổi 11 Luật về quân sự, quốc phòng 2025  quy định công dân thuộc một trong các trường hợp sau được công nhận hoàn thành  nghĩa vụ quân sự  tại ngũ trong thời bình:

- Dân quân thường trực có ít nhất 24 tháng phục vụ thì được công nhận hoàn thành thực hiện nghĩa vụ quân sự trong thời bình do Tư lệnh Bộ Tư lệnh Thủ đô Hà Nội, Tư lệnh Bộ Tư lệnh Thành phố Hồ Chí Minh, Chỉ huy trưởng Bộ chỉ huy quân sự cấp tỉnh (sau đây gọi là Chỉ huy trưởng Bộ chỉ huy quân sự cấp tỉnh) quyết định theo đề nghị của Chủ tịch Ủy ban nhân dân cấp xã, người đứng đầu cơ quan, tổ chức;

- Hoàn thành nhiệm vụ tham gia Công an xã liên tục từ đủ 36 tháng trở lên;

- Cán bộ, công chức, viên chức, sinh viên tốt nghiệp đại học trở lên, đã được đào tạo và phong quân hàm sĩ quan dự bị;

- Thanh niên đã tốt nghiệp đại học, cao đẳng, trung cấp tình nguyện phục vụ tại đoàn kinh tế - quốc phòng từ đủ 24 tháng trở lên theo Đề án do Thủ tướng Chính phủ quyết định;

- Công dân phục vụ trên tàu kiểm ngư từ đủ 24 tháng trở lên.

*Trên đây là nội dung thông tin về Người thuộc gia đình hộ nghèo có được miễn nghĩa vụ quân sự không?","nghia-vu-quan-su","","","","2025-09-21T15:10:00","https://thuvienphapluat.vn/hoi-dap-phap-luat/nguoi-thuoc-gia-dinh-ho-ngheo-co-duoc-mien-nghia-vu-quan-su-khong-138062862.html","2026-04-21T04:40:45.456364+00:00"
"138063963","Người đã hoàn thành nghĩa vụ quân sự được cộng bao nhiêu điểm ưu tiên trong tuyển dụng công chức?","Căn cứ theo Điều 6  Nghị định 170/2025/NĐ-CP  quy định về ưu tiên trong tuyển dụng công chức như sau:

Điều 6. Ưu tiên trong tuyển dụng công chức

1. Đối tượng và điểm ưu tiên trong thi tuyển hoặc xét tuyển

a) Anh hùng Lực lượng vũ trang, Anh hùng Lao động, thương binh, người hưởng chính sách như thương binh, thương binh loại B: Được cộng 7,5 điểm vào kết quả điểm thi hoặc xét nghiệp vụ chuyên ngành;

b) Người dân tộc thiểu số, sĩ quan quân đội, sĩ quan công an, quân nhân chuyên nghiệp phục viên, người làm công tác cơ yếu chuyên ngành, học viên tốt nghiệp đào tạo sĩ quan dự bị, tốt nghiệp đào tạo chỉ huy trưởng Ban chỉ huy quân sự cấp xã ngành quân sự cơ sở được phong quân hàm sĩ quan dự bị đã đăng ký ngạch sĩ quan dự bị, con liệt sĩ, con thương binh, con bệnh binh, con của người hưởng chính sách như thương binh, con của thương binh loại B, con đẻ của người hoạt động kháng chiến bị nhiễm chất độc hóa học, con Anh hùng Lực lượng vũ trang, con Anh hùng Lao động: Được cộng 5 điểm vào kết quả điểm thi hoặc xét nghiệp vụ chuyên ngành;

c) Người hoàn thành nghĩa vụ quân sự, nghĩa vụ tham gia công an nhân dân, đội viên thanh niên xung phong: Được cộng 2,5 điểm vào kết quả điểm thi hoặc xét nghiệp vụ chuyên ngành;

d) Cán bộ công đoàn trưởng thành từ cơ sở, trong phong trào công nhân theo quy định của cấp có thẩm quyền: Được cộng 1,5 điểm vào kết quả điểm thi hoặc xét nghiệp vụ chuyên ngành.

2. Trường hợp người dự thi tuyển hoặc dự xét tuyển thuộc nhiều diện ưu tiên quy định tại khoản 1 Điều này thì chỉ được cộng điểm ưu tiên cao nhất vào kết quả điểm thi hoặc xét nghiệp vụ chuyên ngành.

Theo đó, người đã hoàn thành nghĩa vụ quân sự sẽ được cộng 2,5 điểm điểm ưu tiên trong tuyển dụng công chức.

Người đã hoàn thành nghĩa vụ quân sự được cộng bao nhiêu điểm ưu tiên trong tuyển dụng công chức? (Hình từ Internet)

Căn cứ theo khoản 4 Điều 4  Luật Nghĩa vụ quân sự 2015 , được sửa đổi bởi điểm a khoản 1 Điều 49  Luật Dân quân tự vệ 2019  và khoản 2 Điều 4 Luật sửa đổi 11  Luật về quân sự, quốc phòng 2025  quy định như sau:

Điều 4. Nghĩa vụ quân sự

[...]

4. Công dân thuộc một trong các trường hợp sau đây được công nhận hoàn thành nghĩa vụ quân sự tại ngũ trong thời bình:

a) Dân quân thường trực có ít nhất 24 tháng phục vụ thì được công nhận hoàn thành thực hiện nghĩa vụ quân sự trong thời bình do Tư lệnh Bộ Tư lệnh Thủ đô Hà Nội, Tư lệnh Bộ Tư lệnh Thành phố Hồ Chí Minh, Chỉ huy trưởng Bộ chỉ huy quân sự cấp tỉnh (sau đây gọi là Chỉ huy trưởng Bộ chỉ huy quân sự cấp tỉnh) quyết định theo đề nghị của Chủ tịch Ủy ban nhân dân cấp xã, người đứng đầu cơ quan, tổ chức;

b) Hoàn thành nhiệm vụ tham gia Công an xã liên tục từ đủ 36 tháng trở lên;

c) Cán bộ, công chức, viên chức, sinh viên tốt nghiệp đại học trở lên, đã được đào tạo và phong quân hàm sĩ quan dự bị;

d) Thanh niên đã tốt nghiệp đại học, cao đẳng, trung cấp tình nguyện phục vụ tại đoàn kinh tế - quốc phòng từ đủ 24 tháng trở lên theo Đề án do Thủ tướng Chính phủ quyết định;

đ) Công dân phục vụ trên tàu kiểm ngư từ đủ 24 tháng trở lên.

Theo đó, công dân được công nhận hoàn thành nghĩa vụ quân sự tại ngũ trong thời bình nếu thuộc một trong các trường hợp sau:

- Dân quân thường trực có ít nhất 24 tháng phục vụ thì được công nhận hoàn thành thực hiện nghĩa vụ quân sự trong thời bình do Tư lệnh Bộ Tư lệnh Thủ đô Hà Nội, Tư lệnh Bộ Tư lệnh Thành phố Hồ Chí Minh, Chỉ huy trưởng Bộ chỉ huy quân sự cấp tỉnh (sau đây gọi là Chỉ huy trưởng Bộ chỉ huy quân sự cấp tỉnh) quyết định theo đề nghị của Chủ tịch Ủy ban nhân dân cấp xã, người đứng đầu cơ quan, tổ chức.

- Hoàn thành nhiệm vụ tham gia Công an xã liên tục từ đủ 36 tháng trở lên.

- Cán bộ, công chức, viên chức, sinh viên tốt nghiệp đại học trở lên, đã được đào tạo và phong quân hàm sĩ quan dự bị.

- Thanh niên đã tốt nghiệp đại học, cao đẳng, trung cấp tình nguyện phục vụ tại đoàn kinh tế - quốc phòng từ đủ 24 tháng trở lên theo Đề án do Thủ tướng Chính phủ quyết định.

- Công dân phục vụ trên tàu kiểm ngư từ đủ 24 tháng trở lên.

Căn cứ vào Điều 7  Nghị định 170/2025/NĐ-CP  quy định về cơ quan có thẩm quyền tuyển dụng công chức như sau:

Điều 7. Cơ quan có thẩm quyền tuyển dụng công chức

1. Cơ quan quản lý công chức.

2. Cơ quan sử dụng công chức được giao biên chế, kinh phí hoạt động, có con dấu và tài khoản riêng, được phân cấp thẩm quyền hoặc ủy quyền tuyển dụng công chức.

Theo đó, cơ quan có thẩm quyền tuyển dụng công chức bao gồm:

(1) Cơ quan quản lý công chức.

(2) Cơ quan sử dụng công chức được giao biên chế, kinh phí hoạt động, có con dấu và tài khoản riêng, được phân cấp thẩm quyền hoặc ủy quyền tuyển dụng công chức.","nghia-vu-quan-su","","","","2025-09-19T15:15:00","https://thuvienphapluat.vn/hoi-dap-phap-luat/nguoi-da-hoan-thanh-nghia-vu-quan-su-duoc-cong-bao-nhieu-diem-uu-tien-trong-tuyen-dung-cong-chuc-138063963.html","2026-04-21T04:40:49.286935+00:00"
"138063041","Lịch khám sức khỏe nghĩa vụ quân sự 2026 của 34 tỉnh thành khi nào?","Lịch khám sức khỏe nghĩa vụ quân sự 2026 của 34 tỉnh thành như sau:

Tỉnh/ Thành phố

Thời gian

TP Cần Thơ

Từ ngày 19/11/2025 đến ngày 24/12/2025

Kế hoạch 16/KH-UBND năm 2025

Tỉnh Ninh Bình

Hoàn thành trước ngày 31/12/2025

Kế hoạch 25/KH-HĐNVQS năm 2025

Tỉnh Hải Phòng

Từ 01/11 – 31/12/2025

Kế hoạch 209/KH-UBND năm 2025

Tỉnh Lạng Sơn

Xong trước 25/12/2025

Kế hoạch 236/KH-UBND năm 2025

[...] đang tiếp tục cập nhật

Trên đây là thông tin về Lịch khám sức khỏe nghĩa vụ quân sự 2026 của 34 tỉnh thành khi nào?

Lịch khám sức khỏe nghĩa vụ quân sự 2026 của 34 tỉnh thành khi nào? (Hình từ Internet)

Căn cứ Điều 9  Luật Nghĩa vụ quân sự 2015  quy định:

Điều 9. Quyền và nghĩa vụ của hạ sĩ quan, binh sĩ

1. Hạ sĩ quan, binh sĩ được Nhà nước bảo đảm chế độ, chính sách ưu đãi phù hợp với tính chất hoạt động của Quân đội nhân dân.

2. Hạ sĩ quan, binh sĩ có nghĩa vụ:

a) Tuyệt đối trung thành với Tổ quốc, Nhân dân, với Đảng và Nhà nước Cộng hòa xã hội chủ nghĩa Việt Nam;

b) Sẵn sàng chiến đấu, hy sinh bảo vệ độc lập, chủ quyền, thống nhất, toàn vẹn lãnh thổ của Tổ quốc; bảo vệ Nhân dân, Đảng, Nhà nước và chế độ xã hội chủ nghĩa; hoàn thành mọi nhiệm vụ được giao và thực hiện nghĩa vụ quốc tế;

c) Bảo vệ tài sản và lợi ích của Nhà nước, cơ quan, tổ chức; bảo vệ tính mạng, tài sản, quyền và lợi ích hợp pháp của Nhân dân; tham gia bảo vệ an ninh quốc gia và trật tự, an toàn xã hội theo quy định của pháp luật;

d) Chấp hành nghiêm đường lối, chủ trương của Đảng, chính sách, pháp luật của Nhà nước, Điều lệnh, Điều lệ của Quân đội nhân dân;

đ) Học tập chính trị, quân sự, văn hóa, khoa học, kỹ thuật, nghiệp vụ; rèn luyện tính tổ chức, ý thức kỷ luật và thể lực; nâng cao bản lĩnh chính trị, bản lĩnh chiến đấu.

Như vậy, quyền và nghĩa vụ của hạ sĩ quan, binh sĩ như sau:

- Hạ sĩ quan, binh sĩ được Nhà nước bảo đảm chế độ, chính sách ưu đãi phù hợp với tính chất hoạt động của Quân đội nhân dân.

- Hạ sĩ quan, binh sĩ có nghĩa vụ:

+ Tuyệt đối trung thành với Tổ quốc, Nhân dân, với Đảng và Nhà nước Cộng hòa xã hội chủ nghĩa Việt Nam;

+ Sẵn sàng chiến đấu, hy sinh bảo vệ độc lập, chủ quyền, thống nhất, toàn vẹn lãnh thổ của Tổ quốc; bảo vệ Nhân dân, Đảng, Nhà nước và chế độ xã hội chủ nghĩa; hoàn thành mọi nhiệm vụ được giao và thực hiện nghĩa vụ quốc tế;

+ Bảo vệ tài sản và lợi ích của Nhà nước, cơ quan, tổ chức; bảo vệ tính mạng, tài sản, quyền và lợi ích hợp pháp của Nhân dân; tham gia bảo vệ an ninh quốc gia và trật tự, an toàn xã hội theo quy định của pháp luật;

+ Chấp hành nghiêm đường lối, chủ trương của Đảng, chính sách, pháp luật của Nhà nước, Điều lệnh, Điều lệ của Quân đội nhân dân;

+ Học tập chính trị, quân sự, văn hóa, khoa học, kỹ thuật, nghiệp vụ; rèn luyện tính tổ chức, ý thức kỷ luật và thể lực; nâng cao bản lĩnh chính trị, bản lĩnh chiến đấu.

Căn cứ theo Điều 37  Luật Nghĩa vụ quân sự 2015  được sửa đổi bởi khoản 14 Điều 4  Luật sửa đổi 11 Luật về quân sự, quốc phòng 2025 , Hội đồng nghĩa vụ quân sự cấp tỉnh thực hiện các nhiệm vụ dưới đây:

- Giúp Ủy ban nhân dân cấp tỉnh chỉ đạo kiểm tra, đôn đốc cơ quan, tổ chức thực hiện việc đăng ký nghĩa vụ quân sự và quản lý công dân trong độ tuổi thực hiện nghĩa vụ quân sự; chuẩn bị cho công dân phục vụ tại ngũ, kế hoạch tuyển chọn gọi công dân nhập ngũ và thực hiện nghĩa vụ tham gia Công an nhân dân; thực hiện tuyển chọn công dân nhập ngũ và thực hiện nghĩa vụ tham gia Công an nhân dân; huấn luyện hạ sĩ quan, binh sĩ dự bị và thực hiện các chế độ, chính sách đối với hạ sĩ quan, binh sĩ trên địa bàn.

- Báo cáo Ủy ban nhân dân cấp tỉnh quyết định công dân được gọi nhập ngũ, tạm hoãn gọi nhập ngũ và miễn gọi nhập ngũ, miễn thực hiện nghĩa vụ quân sự và thực hiện nghĩa vụ tham gia Công an nhân dân.

- Chỉ đạo Ủy ban nhân dân cấp xã tổ chức thực hiện quy định của pháp luật về nghĩa vụ quân sự và chỉ đạo, hướng dẫn hoạt động của Hội đồng nghĩa vụ quân sự cấp xã.

- Giúp Ủy ban nhân dân cấp tỉnh chỉ đạo, tổ chức bàn giao công dân được gọi nhập ngũ, thực hiện nghĩa vụ tham gia Công an nhân dân cho các đơn vị quân đội và công an; tổ chức tiếp nhận hạ sĩ quan, binh sĩ xuất ngũ.

- Giúp Ủy ban nhân dân cấp tỉnh kiểm tra, hướng dẫn cơ quan, tổ chức liên quan trong việc thực hiện chính sách hậu phương quân đội và quản lý công dân trong diện thực hiện nghĩa vụ quân sự ở địa phương.

- Giúp Chủ tịch Ủy ban nhân dân cấp tỉnh xem xét, giải quyết khiếu nại, tố cáo trong việc thực hiện pháp luật về nghĩa vụ quân sự.","nghia-vu-quan-su","","","","2025-09-11T19:45:00","https://thuvienphapluat.vn/hoi-dap-phap-luat/lich-kham-suc-khoe-nghia-vu-quan-su-2026-cua-34-tinh-thanh-khi-nao-138063041.html","2026-04-21T04:40:54.212307+00:00"
"138063022","Khám nghĩa vụ quân sự 2026 có phải cởi quần áo không?","Căn cứ tiểu mục 1 Mục 4 Phụ lục ban hành kèm theo  Thông tư 105/2023/TT-BQP  có quy định như sau:

IV. CHÚ DẪN KHÁM TUYỂN

1. Khám Thể lực

[...]

b) Khám thể lực: Khi khám thể lực, người được khám phải bỏ mũ, nón, không đi giày hoặc dép (chân đất, đầu trần): Nếu là nam giới phải cởi hết quần áo dài, áo lót, chỉ mặc 1 quần đùi. Nếu là nữ giới mặc quần dài, áo mỏng.

- Đo chiều cao: Người được đo phải đứng ở tư thế thẳng, 2 gót chân chạm vào nhau, 2 tay buông thõng tự nhiên, mắt nhìn ngang, tầm nhìn là 1 đường thẳng nằm ngang song song với mặt đất.

+ Thước đo: Nếu đo chiều cao bằng thước ở bàn cân thì phải chú ý kéo phần trên cho hết cỡ, sau đó điều chỉnh để lấy kết quả phần dưới của thước.

+ Nếu dùng tường, cột kẻ thước để đo thì tường hoặc cột phải thẳng đứng, nền để đứng không gồ ghề, phải vuông góc với tường hoặc cột làm thước đo..

+ Người đứng vào vị trí đo, gót chân, mông, xương bả vai chạm tường. Thước đặt lấy kết quả đo chạm đỉnh đầu phải vuông góc với tường.

[...]

Như vậy, khi khám thể lực nghĩa vụ quân sự 2026, người khám sẽ phải bỏ mũ, nón, không đi giày hoặc dép (chân đất, đầu trần):

- Nếu là nam giới phải cởi hết quần áo dài, áo lót, chỉ mặc 1 quần đùi.

- Nếu là nữ giới mặc quần dài, áo mỏng.

Khám nghĩa vụ quân sự 2026 có phải cởi quần áo không? (Hình từ Internet)

Tại Điều 4  Thông tư 105/2023/TT-BQP  có quy định như sau:

Điều 4. Tiêu chuẩn sức khỏe

1. Tiêu chuẩn sức khỏe thực hiện nghĩa vụ quân sự

a) Tiêu chuẩn chung

Đạt sức khỏe loại 1, loại 2, loại 3 theo quy định tại Điều 5, Điều 6 Thông tư này;

Không gọi nhập ngũ đối với công dân nghiện các chất ma túy, tiền chất ma túy được quy định tại Nghị định số 57/2022/NĐ-CP ngày 25 tháng 8 năm 2022 của Chính phủ quy định các danh mục chất ma túy và tiền chất.

b) Tiêu chuẩn riêng: Một số tiêu chuẩn sức khỏe riêng trong tuyển chọn thực hiện nghĩa vụ quân sự do Bộ trưởng Bộ Quốc phòng quy định.

2. Tiêu chuẩn sức khỏe tuyển sinh quân sự đào tạo trình độ đại học, cao đẳng, trung cấp hệ chính quy; tuyển sinh quân sự đào tạo trình độ đại học, cao đẳng ngành quân sự cơ sở

a) Tiêu chuẩn chung: Đạt sức khỏe loại 1, loại 2 theo quy định tại Điều 5, Điều 6 Thông tư này;

b) Tiêu chuẩn riêng: Thực hiện theo quy định của Bộ Quốc phòng về công tác tuyển sinh vào các trường trong Quân đội.

3. Tiêu chuẩn sức khỏe tuyển dụng vào đội ngũ cán bộ; đào tạo sĩ quan dự bị gọi vào phục vụ tại ngũ

a) Tiêu chuẩn chung: Đạt sức khỏe loại 1, loại 2 theo quy định tại Điều 5, Điều 6 Thông tư này;

b) Tiêu chuẩn riêng: Đối với chức danh cán bộ chuyên môn kỹ thuật chuyên ngành hẹp, khó thu hút nguồn nhân lực cho quân đội do Bộ trưởng Bộ Quốc phòng quy định.

4. Tiêu chuẩn sức khỏe tuyển dụng quân nhân chuyên nghiệp, công nhân và viên chức quốc phòng

a) Tiêu chuẩn chung: Đạt sức khỏe loại 1, loại 2, loại 3 theo quy định tại Điều 5, Điều 6 Thông tư này;

b) Tiêu chuẩn riêng: Đối với chức danh tuyển dụng quân nhân chuyên nghiệp, công nhân và viên chức quốc phòng chuyên môn kỹ thuật chuyên ngành hẹp, khó thu hút nguồn nhân lực cho quân đội do Bộ trưởng Bộ Quốc phòng quy định.

Theo đó, công dân đạt sức khỏe loại 1, loại 2, loại 3 thì có thể phải đi nghĩa vụ quân sự 2026.

Theo Điều 6  Thông tư 105/2023/TT-BQP  phương pháp phân loại sức khỏe nghĩa vụ quân sự 2026 như sau:

- Phương pháp cho điểm. Mỗi chỉ tiêu, sau khi khám được cho điểm chẵn từ 1 - 6 vào cột “Điểm”, cụ thể:

+ Điểm 1: Chỉ tình trạng sức khỏe rất tốt;

+ Điểm 2: Chỉ tình trạng sức khỏe tốt;

+ Điểm 3: Chỉ tình trạng sức khỏe khá;

+ Điểm 4: Chỉ tình trạng sức khỏe trung bình;

+ Điểm 5: Chỉ tình trạng sức khỏe kém;

+ Điểm 6: Chỉ tình trạng sức khỏe rất kém.

- Phương pháp phân loại sức khỏe. Căn cứ số điểm cho các chỉ tiêu khi khám để phân loại sức khỏe, cụ thể như sau:

+ Loại 1: Tất cả các chỉ tiêu đều đạt điểm 1;

+ Loại 2: Có ít nhất 1 chỉ tiêu bị điểm 2;

+ Loại 3: Có ít nhất 1 chỉ tiêu bị điểm 3;

+ Loại 4: Có ít nhất 1 chỉ tiêu bị điểm 4;

+ Loại 5: Có ít nhất 1 chỉ tiêu bị điểm 5;

+ Loại 6: Có ít nhất 1 chỉ tiêu bị điểm 6.","nghia-vu-quan-su","","","","2025-09-11T12:30:00","https://thuvienphapluat.vn/hoi-dap-phap-luat/kham-nghia-vu-quan-su-2026-co-phai-coi-quan-ao-khong-138063022.html","2026-04-21T04:40:58.551451+00:00"
"138063032","Lịch khám sơ tuyển nghĩa vụ quân sự 2026 của 34 tỉnh thành khi nào?","Lịch khám sơ tuyển nghĩa vụ quân sự 2026 của 34 tỉnh thành như sau:

Tỉnh/ Thành phố

Thời gian

TP Cần Thơ

Từ 07/10/2025 đến ngày 22/10/2025

Kế hoạch 16/KH-UBND năm 2025

Tỉnh Ninh Bình

Hoàn thành trước ngày 31/10/2025

Kế hoạch 25/KH-HĐNVQS năm 2025

Tỉnh Hải Phòng

Từ 10 – 31/10/2025

Kế hoạch 209/KH-UBND năm 2025

Tỉnh Lạng Sơn

Xong trước 31/10/2025

Kế hoạch 236/KH-UBND năm 2025

[...] đang tiếp tục cập nhật

Trên đây là thông tin về Lịch khám sơ tuyển nghĩa vụ quân sự 2026 của 34 tỉnh thành khi nào?

Lịch khám sơ tuyển nghĩa vụ quân sự 2026 TP Cần Thơ khi nào? (Hình từ Internet)

Căn cứ Điều 50  Luật Nghĩa vụ quân sự 2015  quy định chế độ, chính sách đối với hạ sĩ quan, binh sĩ phục vụ tại ngũ, xuất ngũ và thân nhân như sau:

[1]. Đối với hạ sĩ quan, binh sĩ trong thời gian phục vụ tại ngũ:

- Được bảo đảm cung cấp kịp thời, đủ số lượng, đúng chất lượng về lương thực, thực phẩm, quân trang, thuốc phòng bệnh, chữa bệnh; được bảo đảm chỗ ở, phụ cấp hàng tháng, nhu yếu phẩm và nhu cầu về văn hóa, tinh thần phù hợp với tính chất nhiệm vụ của quân đội; được bảo đảm chế độ trong các ngày lễ, tết; được bảo đảm chăm sóc sức khỏe khi bị thương, bị ốm đau, bị tai nạn theo quy định của pháp luật;

- Từ tháng thứ mười ba trở đi được nghỉ phép theo chế độ; các trường hợp nghỉ vì lý do đột xuất khác do Bộ trưởng Bộ Quốc phòng quy định;

- Từ tháng thứ hai mươi lăm trở đi được hưởng thêm 250% phụ cấp quân hàm hiện hưởng hàng tháng;

- Được tính nhân khẩu trong gia đình khi gia đình được giao hoặc điều chỉnh diện tích nhà ở, đất xây dựng nhà ở và đất canh tác;

- Được tính thời gian phục vụ tại ngũ vào thời gian công tác;

- Được ưu đãi về bưu phí;

- Có thành tích trong chiến đấu, công tác, huấn luyện được khen thưởng theo quy định của pháp luật;

- Trong trường hợp bị thương, bị bệnh khi làm nhiệm vụ thi được hưởng chế độ ưu đãi theo quy định của pháp luật;

- Được Nhà nước bảo đảm chế độ bảo hiểm xã hội, bảo hiểm y tế theo quy định của Luật bảo hiểm xã hội, Luật bảo hiểm y tế;

- Được tạm hoãn trả và không tính lãi suất khoản vay từ Ngân hàng chính sách xã hội mà trước khi nhập ngũ là thành viên hộ nghèo, học sinh, sinh viên theo quy định của pháp luật;

- Được ưu tiên trong tuyển sinh quân sự.

[2]. Đối với thân nhân hạ sĩ quan, binh sĩ tại ngũ:

- Bố, mẹ đẻ; bố, mẹ vợ hoặc bố, mẹ chồng; người nuôi dưỡng hợp pháp; vợ hoặc chồng; con đẻ, con nuôi hợp pháp của hạ sĩ quan, binh sĩ tại ngũ được hưởng chế độ bảo hiểm y tế theo quy định của Luật bảo hiểm y tế, được hưởng trợ cấp khó khăn do ngân sách nhà nước bảo đảm;

- Con đẻ, con nuôi hợp pháp của hạ sĩ quan, binh sĩ tại ngũ được miễn, giảm học phí khi học tại cơ sở giáo dục phổ thông công lập và ngoài công lập theo quy định của pháp luật về chế độ miễn, giảm học phí;

- Trường hợp hạ sĩ quan, binh sĩ tại ngũ hy sinh, từ trần trong khi làm nhiệm vụ thì gia đình được hưởng chế độ ưu đãi theo quy định của pháp luật.

[3]. Đối với hạ sĩ quan, binh sĩ khi xuất ngũ:

- Được cấp tiền tàu xe, phụ cấp đi đường, trợ cấp xuất ngũ;

- Trước khi nhập ngũ đang học tập hoặc có giấy gọi vào học tập tại các trường thuộc cơ sở giáo dục nghề nghiệp, cơ sở giáo dục đại học thì được bảo lưu kết quả, được tiếp nhận vào học ở các trường đó;

- Được trợ cấp tạo việc làm;

- Trước khi nhập ngũ đang làm việc tại cơ quan nhà nước, tổ chức chính trị, tổ chức chính trị - xã hội thì khi xuất ngũ cơ quan, tổ chức đó phải có trách nhiệm tiếp nhận lại, bố trí việc làm và bảo đảm thu nhập không thấp hơn trước khi nhập ngũ; trường hợp cơ quan, tổ chức đó đã giải thể thì cơ quan, tổ chức cấp trên trực tiếp có trách nhiệm bố trí việc làm phù hợp;

- Trước khi nhập ngũ đang làm việc tại tổ chức kinh tế thi khi xuất ngũ tổ chức đó phải có trách nhiệm tiếp nhận lại, bố trí việc làm và bảo đảm tiền lương, tiền công tương xứng với vị trí việc làm và tiền lương, tiền công trước khi nhập ngũ; trường hợp tổ chức kinh tế đã chấm dứt hoạt động, giải thể hoặc phá sản thì việc giải quyết chế độ, chính sách đối với hạ sĩ quan, binh sĩ xuất ngũ được thực hiện như đối với người lao động của tổ chức kinh tế đó theo quy định của pháp luật;

- Được giải quyết quyền lợi về bảo hiểm xã hội theo quy định của Luật bảo hiểm xã hội;

- Đối với hạ sĩ quan, binh sĩ xuất ngũ theo quy định tại khoản 1 Điều 43 và khoản 1 Điều 48  Luật Nghĩa vụ quân sự 2015 , khi về địa phương được chính quyền các cấp, cơ quan, tổ chức ưu tiên sắp xếp việc làm và cộng điểm trong tuyển sinh, tuyển dụng công chức, viên chức; trong thời gian tập sự được hưởng 100% mức lương và phụ cấp của ngạch tuyển dụng tương ứng với trình độ đào tạo.

Căn cứ Điều 10  Luật Nghĩa vụ quân sự 2015  quy định các hành vi bị nghiêm cấm như sau:

- Trốn tránh thực hiện nghĩa vụ quân sự.

- Chống đối, cản trở việc thực hiện nghĩa vụ quân sự.

- Gian dối trong khám sức khỏe nghĩa vụ quân sự.

- Lợi dụng chức vụ, quyền hạn làm trái quy định về nghĩa vụ quân sự.

- Sử dụng hạ sĩ quan, binh sĩ trái quy định của pháp luật.

- Xâm phạm thân thể, sức khỏe; xúc phạm danh dự, nhân phẩm của hạ sĩ quan, binh sĩ.","nghia-vu-quan-su","","","","2025-09-11T11:30:00","https://thuvienphapluat.vn/hoi-dap-phap-luat/lich-kham-so-tuyen-nghia-vu-quan-su-2026-cua-34-tinh-thanh-khi-nao-138063032.html","2026-04-21T04:41:02.919201+00:00"
"138062726","Sinh năm 2001 khi nào hết gọi nghĩa vụ quân sự?","Căn cứ Điều 30  Luật Nghĩa vụ quân sự 2015  quy định độ tuổi gọi nhập ngũ:

Điều 30. Độ tuổi gọi nhập ngũ

Công dân đủ 18 tuổi được gọi nhập ngũ; độ tuổi gọi nhập ngũ từ đủ 18 tuổi đến hết 25 tuổi; công dân được đào tạo trình độ cao đẳng, đại học đã được tạm hoãn gọi nhập ngũ thì độ tuổi gọi nhập ngũ đến hết 27 tuổi.

Theo quy định trên, độ tuổi gọi nhập ngũ là từ đủ 18 tuổi đến hết  25 tuổi . Nếu công dân có trình độ cao đẳng, đại học thì độ tuổi gọi nhập ngũ kéo dài đến hết  27 tuổi .

Như vậy, sinh năm 2001 thì hết gọi nghĩa vụ quân sự vào  năm 2027  nếu không học đại học, cao đẳng hoặc  năm 2029  nếu có học đại học, cao đẳng và được tạm hoãn nghĩa vụ.

* Trên đây là thông tin về Sinh năm 2001 khi nào hết gọi nghĩa vụ quân sự?

Sinh năm 2001 khi nào hết gọi nghĩa vụ quân sự? (Hình từ Internet)

Căn cứ Điều 43  Luật Nghĩa vụ quân sự 2015  quy định điều kiện xuất ngũ:

Điều 43. Điều kiện xuất ngũ

1. Hạ sĩ quan, binh sĩ đã hết thời hạn phục vụ tại ngũ quy định tại khoản 1 và khoản 2 Điều 21 của Luật này thì được xuất ngũ.

2. Hạ sĩ quan, binh sĩ tại ngũ có thể được xuất ngũ trước thời hạn khi được Hội đồng giám định y khoa quân sự kết luận không đủ sức khỏe để tiếp tục phục vụ tại ngũ hoặc các trường hợp quy định tại điểm b và điểm c khoản 1; các điểm a, b và c khoản 2 Điều 41 của Luật này.

Như vậy, hạ sĩ quan, binh sĩ tại ngũ có thể được xuất ngũ trước thời hạn khi được Hội đồng giám định y khoa quân sự kết luận không đủ sức khỏe để tiếp tục phục vụ tại ngũ hoặc các trường hợp sau:

- Tạm hoãn gọi nhập ngũ đối với những công dân sau đây:

+ Là lao động duy nhất phải trực tiếp nuôi dưỡng thân nhân không còn khả năng lao động hoặc chưa đến tuổi lao động; trong gia đình bị thiệt hại nặng về người và tài sản do tai nạn, thiên tai, dịch bệnh nguy hiểm gây ra được Ủy ban nhân dân cấp xã xác nhận

+ Một con của bệnh binh, người nhiễm chất độc da cam suy giảm khả năng lao động từ 61% đến 80%

- Miễn gọi nhập ngũ đối với những công dân sau đây:

+ Con của liệt sĩ, con của thương binh hạng một

+ Một anh hoặc một em trai của liệt sĩ

+ Một con của thương binh hạng hai; một con của bệnh binh suy giảm khả năng lao động từ 81% trở lên; một con của người nhiễm chất độc da cam suy giảm khả năng lao động từ 81 % trở lên

Căn cứ Điều 50  Luật Nghĩa vụ quân sự 2015  quy định hạ sĩ quan, binh sĩ khi xuất ngũ thì được hưởng các chế độ, chính sách sau:

[1]  Được cấp tiền tàu xe, phụ cấp đi đường, trợ cấp xuất ngũ

[2]  Trước khi nhập ngũ đang học tập hoặc có giấy gọi vào học tập tại các trường thuộc cơ sở giáo dục nghề nghiệp, cơ sở giáo dục đại học thì được bảo lưu kết quả, được tiếp nhận vào học ở các trường đó

[3]  Được trợ cấp tạo việc làm

[4]  Trước khi nhập ngũ đang làm việc tại cơ quan nhà nước, tổ chức chính trị, tổ chức chính trị - xã hội thì khi xuất ngũ cơ quan, tổ chức đó phải có trách nhiệm tiếp nhận lại, bố trí việc làm và bảo đảm thu nhập không thấp hơn trước khi nhập ngũ; trường hợp cơ quan, tổ chức đó đã giải thể thì cơ quan, tổ chức cấp trên trực tiếp có trách nhiệm bố trí việc làm phù hợp

[5]  Trước khi nhập ngũ đang làm việc tại tổ chức kinh tế thi khi xuất ngũ tổ chức đó phải có trách nhiệm tiếp nhận lại, bố trí việc làm và bảo đảm tiền lương, tiền công tương xứng với vị trí việc làm và tiền lương, tiền công trước khi nhập ngũ; trường hợp tổ chức kinh tế đã chấm dứt hoạt động, giải thể hoặc phá sản thì việc giải quyết chế độ, chính sách đối với hạ sĩ quan, binh sĩ xuất ngũ được thực hiện như đối với người lao động của tổ chức kinh tế đó theo quy định của pháp luật

[6]  Được giải quyết quyền lợi về bảo hiểm xã hội theo quy định của Luật bảo hiểm xã hội

[7]  Đối với hạ sĩ quan, binh sĩ xuất ngũ khi hết thời hạn phục vụ tại ngũ hoặc khi có lệnh bãi bỏ lệnh tổng động viên hoặc động viên cục bộ, Thủ tướng Chính phủ quyết định việc xuất ngũ đối với hạ sĩ quan, binh sĩ thì khi về địa phương được chính quyền các cấp, cơ quan, tổ chức ưu tiên sắp xếp việc làm và cộng điểm trong tuyển sinh, tuyển dụng công chức, viên chức; trong thời gian tập sự được hưởng 100% mức lương và phụ cấp của ngạch tuyển dụng tương ứng với trình độ đào tạo.","nghia-vu-quan-su","","","","2025-09-10T15:00:00","https://thuvienphapluat.vn/hoi-dap-phap-luat/sinh-nam-2001-khi-nao-het-goi-nghia-vu-quan-su-138062726.html","2026-04-21T04:41:07.685464+00:00"
"138062734","Sinh năm 2010 khi nào hết gọi nghĩa vụ quân sự?","Căn cứ Điều 30  Luật Nghĩa vụ quân sự 2015  quy định độ tuổi gọi nhập ngũ:

Điều 30. Độ tuổi gọi nhập ngũ

Công dân đủ 18 tuổi được gọi nhập ngũ; độ tuổi gọi nhập ngũ từ đủ 18 tuổi đến hết 25 tuổi; công dân được đào tạo trình độ cao đẳng, đại học đã được tạm hoãn gọi nhập ngũ thì độ tuổi gọi nhập ngũ đến hết 27 tuổi.

Theo quy định trên, độ tuổi gọi nhập ngũ là từ đủ 18 tuổi đến hết  25 tuổi . Nếu công dân có trình độ cao đẳng, đại học thì độ tuổi gọi nhập ngũ kéo dài đến hết  27 tuổi .

Như vậy, sinh năm 2010 thì hết gọi  nghĩa vụ quân sự  vào  năm 2036  nếu không học đại học, cao đẳng (hết 25 tuổi) hoặc  năm 2038  nếu có học đại học, cao đẳng và được tạm hoãn nghĩa vụ (hết 27 tuổi).

* Trên đây là thông tin về Sinh năm 2010 khi nào hết gọi nghĩa vụ quân sự?

Sinh năm 2010 khi nào hết gọi nghĩa vụ quân sự? (Hình từ Internet)

Căn cứ Điều 36  Luật Nghĩa vụ quân sự 2015  được sửa đổi bởi khoản 13 Điều 4  Luật Sửa đổi 11 Luật về quân sự, quốc phòng 2025  quy định Hội đồng nghĩa vụ quân sự:

Điều 36. Hội đồng nghĩa vụ quân sự

1. Ủy ban nhân dân các cấp thành lập Hội đồng nghĩa vụ quân sự để giúp Ủy ban nhân dân cùng cấp thực hiện pháp luật về nghĩa vụ quân sự.

2. Hội đồng nghĩa vụ quân sự cấp tỉnh, cấp xã gồm:

Chủ tịch Hội đồng nghĩa vụ quân sự là Chủ tịch Ủy ban nhân dân cấp tỉnh, cấp xã;

Phó Chủ tịch thường trực Hội đồng nghĩa vụ quân sự là Chỉ huy trưởng cơ quan quân sự cấp tỉnh, cấp xã;

Phó Chủ tịch Hội đồng nghĩa vụ quân sự là Giám đốc Công an cấp tỉnh, Trưởng Công an cấp xã;

Các ủy viên Hội đồng nghĩa vụ quân sự là người đứng đầu Ủy ban Mặt trận Tổ quốc Việt Nam, các tổ chức chính trị - xã hội trực thuộc Mặt trận Tổ quốc Việt Nam, một số cơ quan chuyên môn thuộc Ủy ban nhân dân và một số thành viên khác do Chủ tịch Ủy ban nhân dân cùng cấp quyết định.

3. Hội đồng nghĩa vụ quân sự làm việc theo nguyên tắc tập thể; chịu trách nhiệm trước Ủy ban nhân dân cùng cấp về việc thực hiện nghĩa vụ quân sự tại địa phương; nghị quyết của Hội đồng phải được quá nửa tổng số thành viên biểu quyết tán thành.

Theo quy định trên, Chủ tịch Hội đồng nghĩa vụ quân sự là Chủ tịch Ủy ban nhân dân cấp tỉnh, cấp xã.

Căn cứ Điều 37  Luật Nghĩa vụ quân sự 2015  được sửa đổi bởi khoản 14 Điều 4  Luật Sửa đổi 11 Luật về quân sự, quốc phòng 2025  nhiệm vụ của Hội đồng nghĩa vụ quân sự cấp tỉnh như sau:

- Giúp Ủy ban nhân dân cấp tỉnh chỉ đạo kiểm tra, đôn đốc cơ quan, tổ chức thực hiện việc đăng ký nghĩa vụ quân sự và quản lý công dân trong độ tuổi thực hiện nghĩa vụ quân sự; chuẩn bị cho công dân phục vụ tại ngũ, kế hoạch tuyển chọn gọi công dân nhập ngũ và thực hiện nghĩa vụ tham gia Công an nhân dân; thực hiện tuyển chọn công dân nhập ngũ và thực hiện nghĩa vụ tham gia Công an nhân dân; huấn luyện hạ sĩ quan, binh sĩ dự bị và thực hiện các chế độ, chính sách đối với hạ sĩ quan, binh sĩ trên địa bàn.

- Báo cáo Ủy ban nhân dân cấp tỉnh quyết định công dân được gọi nhập ngũ, tạm hoãn gọi nhập ngũ và miễn gọi nhập ngũ, miễn thực hiện nghĩa vụ quân sự và thực hiện nghĩa vụ tham gia Công an nhân dân.

- Chỉ đạo Ủy ban nhân dân cấp xã tổ chức thực hiện quy định của pháp luật về nghĩa vụ quân sự và chỉ đạo, hướng dẫn hoạt động của Hội đồng nghĩa vụ quân sự cấp xã.

- Giúp Ủy ban nhân dân cấp tỉnh chỉ đạo, tổ chức bàn giao công dân được gọi nhập ngũ, thực hiện nghĩa vụ tham gia Công an nhân dân cho các đơn vị quân đội và công an; tổ chức tiếp nhận hạ sĩ quan, binh sĩ xuất ngũ.

- Giúp Ủy ban nhân dân cấp tỉnh kiểm tra, hướng dẫn cơ quan, tổ chức liên quan trong việc thực hiện chính sách hậu phương quân đội và quản lý công dân trong diện thực hiện nghĩa vụ quân sự ở địa phương.

- Giúp Chủ tịch Ủy ban nhân dân cấp tỉnh xem xét, giải quyết khiếu nại, tố cáo trong việc thực hiện pháp luật về nghĩa vụ quân sự.","nghia-vu-quan-su","","","","2025-09-10T11:05:00","https://thuvienphapluat.vn/hoi-dap-phap-luat/sinh-nam-2010-khi-nao-het-goi-nghia-vu-quan-su-138062734.html","2026-04-21T04:41:12.467813+00:00"
"138062636","Năm sinh 2009 khi nào hết tuổi nghĩa vụ quân sự?","Theo Điều 30  Luật Nghĩa vụ quân sự 2015  quy định độ tuổi gọi nhập ngũ như sau:

Điều 30. Độ tuổi gọi nhập ngũ

Công dân đủ 18 tuổi được gọi nhập ngũ; độ tuổi gọi nhập ngũ từ đủ 18 tuổi đến hết 25 tuổi; công dân được đào tạo trình độ cao đẳng, đại học đã được tạm hoãn gọi nhập ngũ thì độ tuổi gọi nhập ngũ đến hết 27 tuổi.

Theo đó, công dân sẽ được gọi nhập ngũ từ đủ 18 tuổi đến hết 25 tuổi; trường hợp được đào tạo trình độ cao đẳng, đại học đã được tạm hoãn gọi nhập ngũ thì độ tuổi gọi nhập ngũ đến hết 27 tuổi.

Như vậy, công dân sinh năm 2009 hết tuổi  nghĩa vụ quân sự  vào năm:

- 2035 đối với công dân không đào tạo trình độ cao đẳng, đại học;

- 2037 đối với công dân được đào tạo trình độ cao đẳng, đại học (được tạm hoãn gọi nhập ngũ)

Trên đây là thông tin về Năm sinh 2009 khi nào hết tuổi nghĩa vụ quân sự?

Năm sinh 2009 khi nào hết tuổi nghĩa vụ quân sự? (Hình từ Internet)

Căn cứ Điều 49  Luật Nghĩa vụ quân sự 2015  quy định chế độ chính sách của công dân trong thời gian đăng ký nghĩa vụ quân sự, khám, kiểm tra sức khỏe như sau:

- Công dân đang làm việc tại cơ quan, tổ chức trong thời gian thực hiện đăng ký nghĩa vụ quân sự, khám, kiểm tra sức khỏe nghĩa vụ quân sự thì được trả nguyên lương, tiền tàu xe và các khoản phụ cấp hiện hưởng.

- Công dân đến đăng ký nghĩa vụ quân sự, khám, kiểm tra sức khỏe được bảo đảm chế độ ăn, ở trong thời gian thực hiện đăng ký, khám, kiểm tra sức khỏe, tiền tàu xe đi, về.

Căn cứ Điều 50  Luật Nghĩa vụ quân sự 2015  quy định chế độ, chính sách đối với hạ sĩ quan, binh sĩ phục vụ tại ngũ, xuất ngũ và thân nhân như sau:

[1]. Đối với hạ sĩ quan, binh sĩ trong thời gian phục vụ tại ngũ:

- Được bảo đảm cung cấp kịp thời, đủ số lượng, đúng chất lượng về lương thực, thực phẩm, quân trang, thuốc phòng bệnh, chữa bệnh; được bảo đảm chỗ ở, phụ cấp hàng tháng, nhu yếu phẩm và nhu cầu về văn hóa, tinh thần phù hợp với tính chất nhiệm vụ của quân đội; được bảo đảm chế độ trong các ngày lễ, tết; được bảo đảm chăm sóc sức khỏe khi bị thương, bị ốm đau, bị tai nạn theo quy định của pháp luật;

- Từ tháng thứ mười ba trở đi được nghỉ phép theo chế độ; các trường hợp nghỉ vì lý do đột xuất khác do Bộ trưởng Bộ Quốc phòng quy định;

- Từ tháng thứ hai mươi lăm trở đi được hưởng thêm 250% phụ cấp quân hàm hiện hưởng hàng tháng;

- Được tính nhân khẩu trong gia đình khi gia đình được giao hoặc điều chỉnh diện tích nhà ở, đất xây dựng nhà ở và đất canh tác;

- Được tính thời gian phục vụ tại ngũ vào thời gian công tác;

- Được ưu đãi về bưu phí;

- Có thành tích trong chiến đấu, công tác, huấn luyện được khen thưởng theo quy định của pháp luật;

- Trong trường hợp bị thương, bị bệnh khi làm nhiệm vụ thi được hưởng chế độ ưu đãi theo quy định của pháp luật;

- Được Nhà nước bảo đảm chế độ bảo hiểm xã hội, bảo hiểm y tế theo quy định của Luật bảo hiểm xã hội, Luật bảo hiểm y tế;

- Được tạm hoãn trả và không tính lãi suất khoản vay từ Ngân hàng chính sách xã hội mà trước khi nhập ngũ là thành viên hộ nghèo, học sinh, sinh viên theo quy định của pháp luật;

- Được ưu tiên trong tuyển sinh quân sự.

[2]. Đối với thân nhân hạ sĩ quan, binh sĩ tại ngũ:

- Bố, mẹ đẻ; bố, mẹ vợ hoặc bố, mẹ chồng; người nuôi dưỡng hợp pháp; vợ hoặc chồng; con đẻ, con nuôi hợp pháp của hạ sĩ quan, binh sĩ tại ngũ được hưởng chế độ bảo hiểm y tế theo quy định của Luật bảo hiểm y tế, được hưởng trợ cấp khó khăn do ngân sách nhà nước bảo đảm;

- Con đẻ, con nuôi hợp pháp của hạ sĩ quan, binh sĩ tại ngũ được miễn, giảm học phí khi học tại cơ sở giáo dục phổ thông công lập và ngoài công lập theo quy định của pháp luật về chế độ miễn, giảm học phí;

- Trường hợp hạ sĩ quan, binh sĩ tại ngũ hy sinh, từ trần trong khi làm nhiệm vụ thì gia đình được hưởng chế độ ưu đãi theo quy định của pháp luật.

[3]. Đối với hạ sĩ quan, binh sĩ khi xuất ngũ:

- Được cấp tiền tàu xe, phụ cấp đi đường, trợ cấp xuất ngũ;

- Trước khi nhập ngũ đang học tập hoặc có giấy gọi vào học tập tại các trường thuộc cơ sở giáo dục nghề nghiệp, cơ sở giáo dục đại học thì được bảo lưu kết quả, được tiếp nhận vào học ở các trường đó;

- Được trợ cấp tạo việc làm;

- Trước khi nhập ngũ đang làm việc tại cơ quan nhà nước, tổ chức chính trị, tổ chức chính trị - xã hội thì khi xuất ngũ cơ quan, tổ chức đó phải có trách nhiệm tiếp nhận lại, bố trí việc làm và bảo đảm thu nhập không thấp hơn trước khi nhập ngũ; trường hợp cơ quan, tổ chức đó đã giải thể thì cơ quan, tổ chức cấp trên trực tiếp có trách nhiệm bố trí việc làm phù hợp;

- Trước khi nhập ngũ đang làm việc tại tổ chức kinh tế thi khi xuất ngũ tổ chức đó phải có trách nhiệm tiếp nhận lại, bố trí việc làm và bảo đảm tiền lương, tiền công tương xứng với vị trí việc làm và tiền lương, tiền công trước khi nhập ngũ; trường hợp tổ chức kinh tế đã chấm dứt hoạt động, giải thể hoặc phá sản thì việc giải quyết chế độ, chính sách đối với hạ sĩ quan, binh sĩ xuất ngũ được thực hiện như đối với người lao động của tổ chức kinh tế đó theo quy định của pháp luật;

- Được giải quyết quyền lợi về bảo hiểm xã hội theo quy định của Luật bảo hiểm xã hội;

- Đối với hạ sĩ quan, binh sĩ xuất ngũ theo quy định tại khoản 1 Điều 43 và khoản 1 Điều 48  Luật Nghĩa vụ quân sự 2015 , khi về địa phương được chính quyền các cấp, cơ quan, tổ chức ưu tiên sắp xếp việc làm và cộng điểm trong tuyển sinh, tuyển dụng công chức, viên chức; trong thời gian tập sự được hưởng 100% mức lương và phụ cấp của ngạch tuyển dụng tương ứng với trình độ đào tạo.","nghia-vu-quan-su","","","","2025-09-10T10:10:00","https://thuvienphapluat.vn/hoi-dap-phap-luat/nam-sinh-2009-khi-nao-het-tuoi-nghia-vu-quan-su-138062636.html","2026-04-21T04:41:20.902450+00:00"
"138062651","Sinh năm 1999 thì khi nào hết bị gọi đi nghĩa vụ quân sự?","Căn cứ tại Điều 30  Luật Nghĩa vụ quân sự 2015  quy định về độ tuổi gọi nhập ngũ như sau:

Điều 30. Độ tuổi gọi nhập ngũ

Công dân đủ 18 tuổi được gọi nhập ngũ; độ tuổi gọi nhập ngũ từ đủ 18 tuổi đến hết 25 tuổi; công dân được đào tạo trình độ cao đẳng, đại học đã được tạm hoãn gọi nhập ngũ thì độ tuổi gọi nhập ngũ đến hết 27 tuổi.

Theo đó độ tuổi gọi nhập ngũ sẽ từ  đủ 18 tuổi đến hết 25 tuổi ; đối với công dân được đào tạo trình độ cao đẳng, đại học đã được tạm hoãn gọi nhập ngũ thì độ tuổi gọi nhập ngũ đến  hết 27 tuổi.

Như vậy  công dân sinh năm 1999  sẽ hết bị gọi đi nghĩa vụ quân sự vào các năm sau:

-  Năm 2025  đối với công dân không được tạm hoãn gọi nhập ngũ do được đào tạo trình độ cao đẳng, đại học.

-  Năm 2027  đối với công dân được đào tạo trình độ cao đẳng, đại học đã được tạm hoãn gọi nhập ngũ.

*Trên đây là thông tin sinh năm 1999 thì khi nào hết bị gọi đi nghĩa vụ quân sự?

Sinh năm 1999 thì khi nào hết bị gọi đi nghĩa vụ quân sự? (Hình từ Internet)

Căn cứ tại khoản 4 Điều 4  Luật Nghĩa vụ quân sự 2015  được sửa đổi bởi khoản 2, điểm b khoản 21 Điều 4  Luật Sửa đổi 11 Luật về quân sự, quốc phòng 2025  quy định về nghĩa vụ quân sự như sau:

Điều 4. Nghĩa vụ quân sự

1. Nghĩa vụ quân sự là nghĩa vụ vẻ vang của công dân phục vụ trong Quân đội nhân dân. Thực hiện nghĩa vụ quân sự bao gồm phục vụ tại ngũ và phục vụ trong ngạch dự bị của Quân đội nhân dân.

2. Công dân trong độ tuổi thực hiện nghĩa vụ quân sự, không phân biệt dân tộc, thành phần xã hội, tín ngưỡng, tôn giáo, trình độ học vấn, nghề nghiệp, nơi cư trú phải thực hiện nghĩa vụ quân sự theo quy định của Luật này.

3. Công dân thực hiện nghĩa vụ tham gia Công an nhân dân được coi là thực hiện nghĩa vụ quân sự tại ngũ.

4. Công dân thuộc một trong các trường hợp sau đây được công nhận hoàn thành nghĩa vụ quân sự tại ngũ trong thời bình:

a) Dân quân thường trực có ít nhất 24 tháng phục vụ thì được công nhận hoàn thành thực hiện nghĩa vụ quân sự trong thời bình do Tư lệnh Bộ Tư lệnh Thủ đô Hà Nội, Tư lệnh Bộ Tư lệnh Thành phố Hồ Chí Minh, Chỉ huy trưởng Bộ chỉ huy quân sự cấp tỉnh (sau đây gọi là Chỉ huy trưởng Bộ chỉ huy quân sự cấp tỉnh) quyết định theo đề nghị của Chủ tịch Ủy ban nhân dân cấp xã, người đứng đầu cơ quan, tổ chức;

b) Hoàn thành nhiệm vụ tham gia Công an xã liên tục từ đủ 36 tháng trở lên;

c) Cán bộ, công chức, viên chức, sinh viên tốt nghiệp đại học trở lên, đã được đào tạo và phong quân hàm sĩ quan dự bị;

d) Thanh niên đã tốt nghiệp đại học, cao đẳng, trung cấp tình nguyện phục vụ tại đoàn kinh tế - quốc phòng từ đủ 24 tháng trở lên theo Đề án do Thủ tướng Chính phủ quyết định;

đ) Công dân phục vụ trên tàu kiểm ngư từ đủ 24 tháng trở lên.

Theo đó công dân thuộc một trong các trường hợp sau đây được công nhận hoàn thành nghĩa vụ quân sự tại ngũ trong thời bình:

- Dân quân thường trực có ít nhất 24 tháng phục vụ thì được công nhận hoàn thành thực hiện nghĩa vụ quân sự trong thời bình do Tư lệnh Bộ Tư lệnh Thủ đô Hà Nội, Tư lệnh  Bộ Tư lệnh  Thành phố Hồ Chí Minh, Chỉ huy trưởng Bộ chỉ huy quân sự cấp tỉnh (sau đây gọi là Chỉ huy trưởng Bộ chỉ huy quân sự cấp tỉnh) quyết định theo đề nghị của Chủ tịch Ủy ban nhân dân cấp xã, người đứng đầu cơ quan, tổ chức;

- Hoàn thành nhiệm vụ tham gia Công an xã liên tục từ đủ 36 tháng trở lên;

- Cán bộ, công chức, viên chức, sinh viên tốt nghiệp đại học trở lên, đã được đào tạo và phong quân hàm sĩ quan dự bị;

- Thanh niên đã tốt nghiệp đại học, cao đẳng, trung cấp tình nguyện phục vụ tại đoàn kinh tế - quốc phòng từ đủ 24 tháng trở lên theo Đề án do Thủ tướng Chính phủ quyết định;

- Công dân phục vụ trên tàu kiểm ngư từ đủ 24 tháng trở lên.

Căn cứ tại Điều 6  Luật Nghĩa vụ quân sự 2015  quy định về nghĩa vụ phục vụ tại ngũ như sau:

[1] Công dân nam trong độ tuổi thực hiện nghĩa vụ quân sự có nghĩa vụ phục vụ tại ngũ trong  Quân đội nhân dân .

[2] Công dân nữ trong độ tuổi thực hiện nghĩa vụ quân sự trong thời bình nếu tự nguyện và quân đội có nhu cầu thì được phục vụ tại ngũ.

*Trên đây là bài viết thông tin sinh năm 1999 thì khi nào hết bị gọi đi nghĩa vụ quân sự?","nghia-vu-quan-su","","","","2025-09-10T09:15:00","https://thuvienphapluat.vn/hoi-dap-phap-luat/sinh-nam-1999-thi-khi-nao-het-bi-goi-di-nghia-vu-quan-su-138062651.html","2026-04-21T04:41:25.228206+00:00"
"138062733","Sinh năm 2007 khi nào hết gọi nghĩa vụ quân sự?","Căn cứ Điều 30  Luật Nghĩa vụ quân sự 2015  quy định độ tuổi gọi nhập ngũ:

Điều 30. Độ tuổi gọi nhập ngũ

Công dân đủ 18 tuổi được gọi nhập ngũ; độ tuổi gọi nhập ngũ từ đủ 18 tuổi đến hết 25 tuổi; công dân được đào tạo trình độ cao đẳng, đại học đã được tạm hoãn gọi nhập ngũ thì độ tuổi gọi nhập ngũ đến hết 27 tuổi.

Theo quy định trên, độ tuổi gọi nhập ngũ là từ đủ 18 tuổi đến hết  25 tuổi . Nếu công dân có trình độ cao đẳng, đại học thì độ tuổi gọi nhập ngũ kéo dài đến hết  27 tuổi .

Như vậy, sinh năm 2007 thì hết gọi nghĩa vụ quân sự vào  năm 2033  nếu không học đại học, cao đẳng (hết 25 tuổi) hoặc  năm 2035  nếu có học đại học, cao đẳng và được tạm hoãn nghĩa vụ (hết 27 tuổi).

* Trên đây là thông tin về Sinh năm 2007 khi nào hết gọi nghĩa vụ quân sự?

Sinh năm 2007 khi nào hết gọi nghĩa vụ quân sự? (Hình từ Internet)

Căn cứ khoản 1 Điều 50  Luật Nghĩa vụ quân sự 2015  quy định hạ sĩ quan, binh sĩ trong thời gian phục vụ tại ngũ được hưởng chế độ, chính sách sau:

[1]  Được bảo đảm cung cấp kịp thời, đủ số lượng, đúng chất lượng về lương thực, thực phẩm, quân trang, thuốc phòng bệnh, chữa bệnh; được bảo đảm chỗ ở, phụ cấp hàng tháng, nhu yếu phẩm và nhu cầu về văn hóa, tinh thần phù hợp với tính chất nhiệm vụ của quân đội; được bảo đảm chế độ trong các ngày lễ, tết; được bảo đảm chăm sóc sức khỏe khi bị thương, bị ốm đau, bị tai nạn theo quy định của pháp luật

[2]  Từ tháng thứ mười ba trở đi được nghỉ phép theo chế độ; các trường hợp nghỉ vì lý do đột xuất khác do Bộ trưởng Bộ Quốc phòng quy định

[3]  Từ tháng thứ hai mươi lăm trở đi được hưởng thêm 250% phụ cấp quân hàm hiện hưởng hàng tháng

[4]  Được tính nhân khẩu trong gia đình khi gia đình được giao hoặc điều chỉnh diện tích nhà ở, đất xây dựng nhà ở và đất canh tác

[5]  Được tính thời gian phục vụ tại ngũ vào thời gian công tác

[6]  Được ưu đãi về bưu phí

[7]  Có thành tích trong chiến đấu, công tác, huấn luyện được khen thưởng theo quy định của pháp luật

[8]  Trong trường hợp bị thương, bị bệnh khi làm nhiệm vụ thi được hưởng chế độ ưu đãi theo quy định của pháp luật

[9]  Được Nhà nước bảo đảm chế độ bảo hiểm xã hội, bảo hiểm y tế theo quy định của Luật bảo hiểm xã hội, Luật bảo hiểm y tế

[10]  Được tạm hoãn trả và không tính lãi suất khoản vay từ Ngân hàng chính sách xã hội mà trước khi nhập ngũ là thành viên hộ nghèo, học sinh, sinh viên theo quy định của pháp luật

[11]  Được ưu tiên trong tuyển sinh quân sự.

Căn cứ Điều 9  Luật Nghĩa vụ quân sự 2015  quy định quyền và nghĩa vụ của hạ sĩ quan, binh sĩ:

Điều 9. Quyền và nghĩa vụ của hạ sĩ quan, binh sĩ

1. Hạ sĩ quan, binh sĩ được Nhà nước bảo đảm chế độ, chính sách ưu đãi phù hợp với tính chất hoạt động của Quân đội nhân dân.

2. Hạ sĩ quan, binh sĩ có nghĩa vụ:

a) Tuyệt đối trung thành với Tổ quốc, Nhân dân, với Đảng và Nhà nước Cộng hòa xã hội chủ nghĩa Việt Nam;

b) Sẵn sàng chiến đấu, hy sinh bảo vệ độc lập, chủ quyền, thống nhất, toàn vẹn lãnh thổ của Tổ quốc; bảo vệ Nhân dân, Đảng, Nhà nước và chế độ xã hội chủ nghĩa; hoàn thành mọi nhiệm vụ được giao và thực hiện nghĩa vụ quốc tế;

c) Bảo vệ tài sản và lợi ích của Nhà nước, cơ quan, tổ chức; bảo vệ tính mạng, tài sản, quyền và lợi ích hợp pháp của Nhân dân; tham gia bảo vệ an ninh quốc gia và trật tự, an toàn xã hội theo quy định của pháp luật;

[...]

Theo quy định trên, hạ sĩ quan có nghĩa vụ sau:

- Tuyệt đối trung thành với Tổ quốc, Nhân dân, với Đảng và Nhà nước Cộng hòa xã hội chủ nghĩa Việt Nam

- Sẵn sàng chiến đấu, hy sinh bảo vệ độc lập, chủ quyền, thống nhất, toàn vẹn lãnh thổ của Tổ quốc; bảo vệ Nhân dân, Đảng, Nhà nước và chế độ xã hội chủ nghĩa; hoàn thành mọi nhiệm vụ được giao và thực hiện nghĩa vụ quốc tế

- Bảo vệ tài sản và lợi ích của Nhà nước, cơ quan, tổ chức; bảo vệ tính mạng, tài sản, quyền và lợi ích hợp pháp của Nhân dân; tham gia bảo vệ an ninh quốc gia và trật tự, an toàn xã hội theo quy định của pháp luật

- Chấp hành nghiêm đường lối, chủ trương của Đảng, chính sách, pháp luật của Nhà nước, Điều lệnh, Điều lệ của Quân đội nhân dân

- Học tập chính trị, quân sự, văn hóa, khoa học, kỹ thuật, nghiệp vụ; rèn luyện tính tổ chức, ý thức kỷ luật và thể lực; nâng cao bản lĩnh chính trị, bản lĩnh chiến đấu","nghia-vu-quan-su","","","","2025-09-10T05:35:00","https://thuvienphapluat.vn/hoi-dap-phap-luat/sinh-nam-2007-khi-nao-het-goi-nghia-vu-quan-su-138062733.html","2026-04-21T04:41:29.134324+00:00"
"138062736","Sinh năm 1998 thì khi nào hết bị gọi đi nghĩa vụ quân sự?","Căn cứ tại Điều 30 Luật Nghĩa vụ quân sự 2015 quy định về độ tuổi gọi nhập ngũ như sau:

Điều 30. Độ tuổi gọi nhập ngũ

Công dân đủ 18 tuổi được gọi nhập ngũ; độ tuổi gọi nhập ngũ từ đủ 18 tuổi đến hết 25 tuổi; công dân được đào tạo trình độ cao đẳng, đại học đã được tạm hoãn gọi nhập ngũ thì độ tuổi gọi nhập ngũ đến hết 27 tuổi.

Theo đó độ tuổi gọi nhập ngũ sẽ từ  đủ 18 tuổi đến hết 25 tuổi ; đối với công dân được đào tạo trình độ cao đẳng, đại học đã được tạm hoãn gọi nhập ngũ thì độ tuổi gọi nhập ngũ đến  hết 27 tuổi.

Như vậy  công dân sinh năm 1998  sẽ hết bị gọi đi nghĩa vụ quân sự vào các năm sau:

-  Năm 2024  đối với công dân không được tạm hoãn gọi nhập ngũ do được đào tạo trình độ cao đẳng, đại học.

-  Năm 2026  đối với công dân được đào tạo trình độ cao đẳng, đại học đã được tạm hoãn gọi nhập ngũ.

*Trên đây là thông tin sinh năm 1998 thì khi nào hết bị gọi đi nghĩa vụ quân sự?

Sinh năm 1998 thì khi nào hết bị gọi đi nghĩa vụ quân sự? (Hình từ Internet)

Căn cứ tại khoản 1 Điều 31  Luật Nghĩa vụ quân sự 2015  quy định về tiêu chuẩn công dân được gọi nhập ngũ và thực hiện nghĩa vụ tham gia Công an nhân dân như sau:

Điều 31. Tiêu chuẩn công dân được gọi nhập ngũ và thực hiện nghĩa vụ tham gia Công an nhân dân

1. Công dân được gọi nhập ngũ khi có đủ các tiêu chuẩn sau đây:

a) Lý lịch rõ ràng;

b) Chấp hành nghiêm đường lối, chủ trương của Đảng, chính sách, pháp luật của Nhà nước;

c) Đủ sức khỏe phục vụ tại ngũ theo quy định;

d) Có trình độ văn hóa phù hợp.

2. Tiêu chuẩn công dân được gọi thực hiện nghĩa vụ tham gia Công an nhân dân theo quy định tại Điều 7 của Luật Công an nhân dân.

Như vậy công dân được gọi nhập ngũ khi có đủ các tiêu chuẩn sau đây:

- Lý lịch rõ ràng;

- Chấp hành nghiêm đường lối, chủ trương của Đảng, chính sách, pháp luật của Nhà nước;

- Đủ sức khỏe phục vụ tại ngũ theo quy định;

- Có trình độ văn hóa phù hợp.

Căn cứ tại Điều 34  Luật Nghĩa vụ quân sự 2015  được sửa đổi bởi điểm a, điểm b, điểm c khoản 11, điểm a khoản 21 Điều 4  Luật sửa đổi 11 Luật Về quân sự, quốc phòng 2025  quy định thẩm quyền quyết định việc gọi công dân nhập ngũ và thực hiện nghĩa vụ tham gia Công an nhân dân như sau:

[1] Thủ tướng Chính phủ quyết định thời gian, số lượng gọi công dân nhập ngũ và thực hiện nghĩa vụ tham gia Công an nhân dân đối với tỉnh, thành phố trực thuộc trung ương (sau đây gọi chung là cấp tỉnh); quyết định gọi công dân nhập ngũ và thực hiện nghĩa vụ tham gia Công an nhân dân lần thứ hai; quyết định điều chỉnh số lượng, thời gian gọi công dân nhập ngũ và thực hiện nghĩa vụ tham gia Công an nhân dân đối với cấp tỉnh theo quy định tại Điều 33  Luật Nghĩa vụ quân sự 2015 .

[2] Căn cứ vào quyết định của Thủ tướng Chính phủ, Bộ trưởng  Bộ Quốc phòng , Bộ trưởng Bộ Công an quyết định số lượng gọi công dân nhập ngũ và thực hiện nghĩa vụ tham gia  Công an nhân dân  cho đơn vị thuộc quyền ở từng địa phương cấp tỉnh.

[3] Chủ tịch Ủy ban nhân dân cấp tỉnh quyết định giao số lượng gọi công dân nhập ngũ và thực hiện nghĩa vụ tham gia Công an nhân dân cho địa phương cấp xã; quyết định danh sách công dân gọi nhập ngũ và thực hiện nghĩa vụ tham gia Công an nhân dân theo đề nghị của Hội đồng nghĩa vụ quân sự cấp tỉnh.

[4] Chỉ huy trưởng Bộ chỉ huy quân sự cấp tỉnh, Giám đốc Công an cấp tỉnh có trách nhiệm phối hợp, tham mưu cho Chủ tịch Ủy ban nhân dân cấp tỉnh trong việc giao số lượng gọi công dân nhập ngũ và thực hiện nghĩa vụ tham gia Công an nhân dân cho địa phương cấp xã và cơ quan, tổ chức trên địa bàn; chỉ đạo tuyển chọn công dân nhập ngũ và thực hiện nghĩa vụ tham gia Công an nhân dân.

[6] Chủ tịch Ủy ban nhân dân cấp xã quyết định gọi từng công dân nhập ngũ và thực hiện nghĩa vụ tham gia Công an nhân dân. Quyết định gọi nhập ngũ, gọi thực hiện nghĩa vụ tham gia Công an nhân dân phải được giao cho công dân trước thời gian ghi trong quyết định 15 ngày.

*Trên đây là bài viết thông tin sinh năm 1998 thì khi nào hết bị gọi đi nghĩa vụ quân sự?","nghia-vu-quan-su","","","","2025-09-10T02:50:00","https://thuvienphapluat.vn/hoi-dap-phap-luat/sinh-nam-1998-thi-khi-nao-het-bi-goi-di-nghia-vu-quan-su-138062736.html","2026-04-21T04:41:34.082418+00:00"
"138062652","Sinh năm 2011 khi nào đi nghĩa vụ quân sự?","Căn cứ theo tại Điều 30  Luật Nghĩa vụ quân sự 2015  quy định về độ tuổi gọi nhập ngũ như sau:

Điều 30. Độ tuổi gọi nhập ngũ

Công dân đủ 18 tuổi được gọi nhập ngũ; độ tuổi gọi nhập ngũ từ đủ 18 tuổi đến hết 25 tuổi; công dân được đào tạo trình độ cao đẳng, đại học đã được tạm hoãn gọi nhập ngũ thì độ tuổi gọi nhập ngũ đến hết 27 tuổi.

Theo quy định, độ tuổi đi nghĩa vụ quân sự là từ đủ 18 tuổi đến hết 25 tuổi. Đối với trường hợp công dân được đào tạo trình độ cao đẳng, đại học đã được tạm hoãn gọi nhập ngũ thì độ tuổi gọi nhập ngũ từ 18 tuổi đến hết 27 tuổi.

Như vậy, công dân sinh năm 2011 sẽ đủ 18 tuổi vào năm 2029. Do đó, thời gian sớm nhất mà người sinh năm 2011 có thể được gọi đi  nghĩa vụ quân sự  là vào năm 2029.

Trên đây là thông tin: Sinh năm 2011 khi nào đi nghĩa vụ quân sự?

Sinh năm 2011 khi nào đi nghĩa vụ quân sự? (Hình từ Internet)

Căn cứ theo khoản 1 Điều 19  Luật Nghĩa vụ quân sự 2015  được sửa đổi bởi khoản 7 Điều 4  Luật sửa đổi 11 Luật về quân sự, quốc phòng 2025  quy định về đưa ra khỏi danh sách đăng ký nghĩa vụ quân sự như sau:

Điều 19. Đưa ra khỏi danh sách đăng ký nghĩa vụ quân sự

1. Công dân được đưa ra khỏi danh sách đăng ký nghĩa vụ quân sự trong trường hợp sau đây:

a) Chết;

b) Hết độ tuổi phục vụ trong ngạch dự bị;

c) Trường hợp quy định tại khoản 1 Điều 13 hoặc Điều 14 của Luật này.

2. Trong thời hạn 05 ngày, kể từ ngày có xác nhận của cấp có thẩm quyền, Ban chỉ huy quân sự cấp xã, cơ quan, tổ chức có công dân quy định tại khoản 1 Điều này phải báo cáo Chủ tịch Ủy ban nhân dân cấp xã quyết định.

Như vậy, công dân sinh năm 2011 được đưa ra khỏi danh sách đăng ký nghĩa vụ quân sự trong trường hợp sau đây:

- Chết;

- Hết độ tuổi phục vụ trong ngạch dự bị;

- Trường hợp quy định tại khoản 1 Điều 13 hoặc Điều 14  Luật Nghĩa vụ quân sự 2015 .

Căn cứ tại khoản 6 Điều 40  Luật nghĩa vụ quân sự 2015  được sửa đổi bởi khoản 16 Điều 4  Luật Sửa đổi 11 Luật về quân sự, quốc phòng 2025  quy định như sau:

Điều 40. Sơ tuyển sức khỏe; khám sức khỏe cho công dân gọi nhập ngũ và thực hiện nghĩa vụ tham gia Công an nhân dân

[...]

3. Chủ tịch Ủy ban nhân dân cấp xã quyết định gọi sơ tuyển sức khỏe nghĩa vụ quân sự; khám sức khỏe cho công dân trong diện gọi nhập ngũ và công dân trong diện gọi thực hiện nghĩa vụ tham gia Công an nhân dân. Quyết định gọi sơ tuyển, khám sức khỏe phải được giao cho công dân trước thời điểm sơ tuyển, khám sức khỏe 15 ngày.

4. Hội đồng khám sức khỏe khu vực tổ chức khám sức khỏe cho công dân trong diện gọi nhập ngũ và gọi thực hiện nghĩa vụ tham gia Công an nhân dân; nội dung khám sức khỏe bao gồm thể lực, lâm sàng, cận lâm sàng bảo đảm chính xác và chịu trách nhiệm về kết quả khám sức khỏe nghĩa vụ quân sự.

5. Thời gian khám sức khoẻ từ ngày 01 tháng 11 đến hết ngày 31 tháng 12 hằng năm. Thời gian khám sức khỏe cho công dân trong diện gọi nhập ngũ và gọi thực hiện nghĩa vụ tham gia Công an nhân dân lần thứ hai theo quy định tại Điều 33 của Luật này do Thủ tướng Chính phủ quyết định.

6. Kết quả sơ tuyển sức khỏe, phân loại sức khỏe phải được công khai trên cổng thông tin điện tử và niêm yết tại trụ sở Ủy ban nhân dân cấp xã, cơ quan, tổ chức trong thời hạn 20 ngày.

[...]

Như vậy, kết quả sơ tuyển sức khỏe, phân loại sức khỏe phải được công khai trên cổng thông tin điện tử và niêm yết tại trụ sở Ủy ban nhân dân cấp xã, cơ quan, tổ chức trong thời hạn 20 ngày.","nghia-vu-quan-su","","","","2025-09-09T20:15:00","https://thuvienphapluat.vn/hoi-dap-phap-luat/sinh-nam-2011-khi-nao-di-nghia-vu-quan-su-138062652.html","2026-04-21T04:41:39.789185+00:00"
"138062670","Cận 4 độ có đi nghĩa vụ quân sự không?","Căn cứ khoản 3 Điều 4  Thông tư 148/2018/TT-BQP  được sửa đổi bởi khoản 1 Điều 1  Thông tư 68/2025/TT-BQP  quy định tiêu chuẩn tuyển quân:

Điều 4. Tiêu chuẩn tuyển quân

[...]

3. Tiêu chuẩn sức khỏe:

a) Tuyển chọn những công dân đạt sức khỏe loại 1, loại 2 và loại 3 theo quy định tại Điều 5, Điều 6 Thông tư số 105/2023/TT-BQP ngày 06 tháng 12 năm 2023 của Bộ trưởng Bộ Quốc phòng quy định tiêu chuẩn sức khỏe, khám sức khỏe cho các đối tượng thuộc phạm vi quản lý của Bộ Quốc phòng.

b) Đối với các cơ quan, đơn vị, vị trí quy định tại Điểm b, Khoản 2 Điều này, thực hiện tuyển chọn bảo đảm tiêu chuẩn riêng theo quy định của Bộ Quốc phòng.

c) Không gọi nhập ngũ vào Quân đội những công dân mắc tật khúc xạ cận thị lớn hơn 1.5 diop trở lên, viễn thị các mức độ; chỉ số BMI nhỏ hơn 18.0 hoặc lớn hơn 29.9.

[...]

Theo quy định trên, không gọi nhập ngũ vào Quân đội những công dân có sức khỏe loại 3 tật khúc xạ về mắt (cận thị 1,5 diop trở lên, viễn thị các mức độ).

Như vậy, công dân có cận 4 độ thì không đi nghĩa vụ quân sự.

* Trên đây là thông tin về Cận 4 độ có đi nghĩa vụ quân sự không?

Cận 4 độ có đi nghĩa vụ quân sự không? (Hình từ Internet)

Căn cứ Điều 19  Luật Nghĩa vụ quân sự 2015  được sửa đổi bởi khoản 7 Điều 4  Luật Sửa đổi 11 Luật về quân sự, quốc phòng 2025  quy định đưa ra khỏi danh sách đăng ký nghĩa vụ quân sự:

Điều 19. Đưa ra khỏi danh sách đăng ký nghĩa vụ quân sự

1. Công dân được đưa ra khỏi danh sách đăng ký nghĩa vụ quân sự trong trường hợp sau đây:

a) Chết;

b) Hết độ tuổi phục vụ trong ngạch dự bị;

c) Trường hợp quy định tại khoản 1 Điều 13 hoặc Điều 14 của Luật này.

2. Trong thời hạn 05 ngày, kể từ ngày có xác nhận của cấp có thẩm quyền, Ban chỉ huy quân sự cấp xã, cơ quan, tổ chức có công dân quy định tại khoản 1 Điều này phải báo cáo Chủ tịch Ủy ban nhân dân cấp xã quyết định.

Theo quy định trên, công dân được đưa ra khỏi danh sách đăng ký nghĩa vụ quân sự trong trường hợp sau:

- Chết

- Hết độ tuổi phục vụ trong ngạch dự bị

- Đang bị truy cứu trách nhiệm hình sự; đang chấp hành hình phạt tù, cải tạo không giam giữ, quản chế hoặc đã chấp hành xong hình phạt tù nhưng chưa được xóa án tích

- Đang bị áp dụng biện pháp giáo dục tại cấp xã hoặc đưa vào trường giáo dưỡng, cơ sở giáo dục bắt buộc, cơ sở cai nghiện bắt buộc

- Bị tước quyền phục vụ trong lực lượng vũ trang nhân dân.

- Người khuyết tật, người mắc bệnh hiểm nghèo, bệnh tâm thần hoặc bệnh mãn tính theo quy định của pháp luật.

Căn cứ Điều 37  Luật Nghĩa vụ quân sự 2015  được sửa đổi bởi khoản 14 Điều 4  Luật Sửa đổi 11 Luật về quân sự, quốc phòng 2025  quy định nhiệm vụ của Hội đồng nghĩa vụ quân sự cấp tỉnh như sau:

- Giúp Ủy ban nhân dân cấp tỉnh chỉ đạo kiểm tra, đôn đốc cơ quan, tổ chức thực hiện việc đăng ký nghĩa vụ quân sự và quản lý công dân trong độ tuổi thực hiện nghĩa vụ quân sự; chuẩn bị cho công dân phục vụ tại ngũ, kế hoạch tuyển chọn gọi công dân nhập ngũ và thực hiện nghĩa vụ tham gia Công an nhân dân; thực hiện tuyển chọn công dân nhập ngũ và thực hiện nghĩa vụ tham gia Công an nhân dân; huấn luyện hạ sĩ quan, binh sĩ dự bị và thực hiện các chế độ, chính sách đối với hạ sĩ quan, binh sĩ trên địa bàn.

- Báo cáo Ủy ban nhân dân cấp tỉnh quyết định công dân được gọi nhập ngũ, tạm hoãn gọi nhập ngũ và miễn gọi nhập ngũ, miễn thực hiện nghĩa vụ quân sự và thực hiện nghĩa vụ tham gia Công an nhân dân.

- Chỉ đạo Ủy ban nhân dân cấp xã tổ chức thực hiện quy định của pháp luật về nghĩa vụ quân sự và chỉ đạo, hướng dẫn hoạt động của Hội đồng nghĩa vụ quân sự cấp xã.

- Giúp Ủy ban nhân dân cấp tỉnh chỉ đạo, tổ chức bàn giao công dân được gọi nhập ngũ, thực hiện nghĩa vụ tham gia Công an nhân dân cho các đơn vị quân đội và công an; tổ chức tiếp nhận hạ sĩ quan, binh sĩ xuất ngũ.

- Giúp Ủy ban nhân dân cấp tỉnh kiểm tra, hướng dẫn cơ quan, tổ chức liên quan trong việc thực hiện chính sách hậu phương quân đội và quản lý công dân trong diện thực hiện nghĩa vụ quân sự ở địa phương.

- Giúp Chủ tịch Ủy ban nhân dân cấp tỉnh xem xét, giải quyết khiếu nại, tố cáo trong việc thực hiện pháp luật về nghĩa vụ quân sự.","nghia-vu-quan-su","","","","2025-09-09T19:00:00","https://thuvienphapluat.vn/hoi-dap-phap-luat/can-4-do-co-di-nghia-vu-quan-su-khong-138062670.html","2026-04-21T04:41:45.009020+00:00"
"138062672","Cận 1 độ có đi nghĩa vụ quân sự không?","Căn cứ khoản 3 Điều 4  Thông tư 148/2018/TT-BQP  được sửa đổi bởi khoản 1 Điều 1  Thông tư 68/2025/TT-BQP  quy định tiêu chuẩn tuyển quân:

Điều 4. Tiêu chuẩn tuyển quân

1. Tuổi đời:

a) Công dân từ đủ 18 tuổi đến hết 25 tuổi.

b) Công dân nam được đào tạo trình độ cao đẳng, đại học đã được tạm hoãn gọi nhập ngũ trong thời gian một khóa đào tạo của một trình độ đào tạo thì tuyển chọn và gọi nhập ngũ đến hết 27 tuổi.

2. Tiêu chuẩn chính trị:

a) Thực hiện theo Thông tư liên tịch số 50/2016/TTLT-BQP-BCA ngày 15 tháng 4 năm 2016 của Bộ trưởng Bộ Quốc phòng - Bộ trưởng Bộ Công an quy định tiêu chuẩn chính trị tuyển chọn công dân vào phục vụ trong Quân đội nhân dân Việt Nam.

b) Đối với các cơ quan, đơn vị và vị trí trọng yếu cơ mật trong Quân đội; lực lượng Tiêu binh, Nghi lễ; lực lượng Vệ binh và Kiểm soát quân sự chuyên nghiệp thực hiện tuyển chọn theo quy định của Bộ Quốc phòng.

3. Tiêu chuẩn sức khỏe:

a) Tuyển chọn những công dân đạt sức khỏe loại 1, loại 2 và loại 3 theo quy định tại Điều 5, Điều 6 Thông tư số 105/2023/TT-BQP ngày 06 tháng 12 năm 2023 của Bộ trưởng Bộ Quốc phòng quy định tiêu chuẩn sức khỏe, khám sức khỏe cho các đối tượng thuộc phạm vi quản lý của Bộ Quốc phòng.

b) Đối với các cơ quan, đơn vị, vị trí quy định tại Điểm b, Khoản 2 Điều này, thực hiện tuyển chọn bảo đảm tiêu chuẩn riêng theo quy định của Bộ Quốc phòng.

c) Không gọi nhập ngũ vào Quân đội những công dân mắc tật khúc xạ cận thị lớn hơn 1.5 diop trở lên, viễn thị các mức độ; chỉ số BMI nhỏ hơn 18.0 hoặc lớn hơn 29.9.

[...]

Theo quy định trên, không gọi nhập ngũ vào Quân đội những công dân có sức khỏe loại 3 tật khúc xạ về mắt (cận thị 1,5 diop trở lên, viễn thị các mức độ).

Như vậy, công dân cận 1 độ có đi nghĩa vụ quân sự.

* Trên đây là thông tin về Cận 1 độ có đi nghĩa vụ quân sự không?

Cận 1 độ có đi nghĩa vụ quân sự không? (Hình từ Internet)

Căn cứ Điều 39  Luật Nghĩa vụ quân sự 2015  được sửa đổi bởi khoản 15 Điều 4  Luật Sửa đổi 11 Luật về quân sự, quốc phòng 2025  quy định nhiệm vụ của Hội đồng nghĩa vụ quân sự cấp xã như sau:

- Giúp Ủy ban nhân dân cấp xã tổ chức tuyên truyền, phổ biến pháp luật về nghĩa vụ quân sự; tổ chức cho công dân đăng ký nghĩa vụ quân sự, sơ tuyển nghĩa vụ quân sự và khám sức khỏe.

- Báo cáo Ủy ban nhân dân cấp xã và Hội đồng nghĩa vụ quân sự cấp tỉnh danh sách công dân được gọi nhập ngũ, tạm hoãn gọi nhập ngũ, miễn gọi nhập ngũ và thực hiện nghĩa vụ tham gia Công an nhân dân.

- Tổ chức cho công dân thực hiện quyết định gọi sơ tuyển, quyết định gọi khám sức khỏe nghĩa vụ quân sự, quyết định gọi nhập ngũ và thực hiện nghĩa vụ tham gia Công an nhân dân; quyết định gọi tập trung huấn luyện, diễn tập, quyết định kiểm tra sẵn sàng động viên, sẵn sàng chiến đấu.

- Giúp Ủy ban nhân dân cấp xã kiểm tra, hướng dẫn cơ quan, tổ chức liên quan trong việc thực hiện chính sách hậu phương quân đội và quản lý công dân trong diện thực hiện nghĩa vụ quân sự ở địa phương.

- Giúp Chủ tịch Ủy ban nhân dân cấp xã xem xét, giải quyết khiếu nại, tố cáo trong việc thực hiện pháp luật về nghĩa vụ quân sự.

Căn cứ Điều 21  Luật Nghĩa vụ quân sự 2015  quy định thời hạn phục vụ tại ngũ của hạ sĩ quan, binh sĩ:

Điều 21. Thời hạn phục vụ tại ngũ của hạ sĩ quan, binh sĩ

1. Thời hạn phục vụ tại ngũ trong thời bình của hạ sĩ quan, binh sĩ là 24 tháng.

2. Bộ trưởng Bộ Quốc phòng được quyết định kéo dài thời hạn phục vụ tại ngũ của hạ sĩ quan, binh sĩ nhưng không quá 06 tháng trong trường hợp sau đây:

a) Để bảo đảm nhiệm vụ sẵn sàng chiến đấu;

b) Đang thực hiện nhiệm vụ phòng, chống thiên tai, dịch bệnh, cứu hộ, cứu nạn.

3. Thời hạn phục vụ của hạ sĩ quan, binh sĩ trong tình trạng chiến tranh hoặc tình trạng khẩn cấp về quốc phòng được thực hiện theo lệnh tổng động viên hoặc động viên cục bộ.

Theo quy định trên, thời hạn phục vụ tại ngũ trong thời bình của hạ sĩ quan là 24 tháng.","nghia-vu-quan-su","","","","2025-09-09T16:30:00","https://thuvienphapluat.vn/hoi-dap-phap-luat/can-1-do-co-di-nghia-vu-quan-su-khong-138062672.html","2026-04-21T04:41:49.538100+00:00"
"138062675","Bị cận 2 độ có đi nghĩa vụ quân sự không?","Căn cứ theo điểm c khoản 3 Điều 4  Thông tư 148/2018/TT-BQP  được sửa đổi bởi điểm b khoản 1 Điều 1  Thông tư 68/2025/TT-BQP  quy định như sau:

Điều 4. Tiêu chuẩn tuyển quân

1. Tuổi đời:

a) Công dân từ đủ 18 tuổi đến hết 25 tuổi.

b) Công dân nam được đào tạo trình độ cao đẳng, đại học đã được tạm hoãn gọi nhập ngũ trong thời gian một khóa đào tạo của một trình độ đào tạo thì tuyển chọn và gọi nhập ngũ đến hết 27 tuổi.

2. Tiêu chuẩn chính trị:

a) Thực hiện theo Thông tư liên tịch số 50/2016/TTLT-BQP-BCA ngày 15 tháng 4 năm 2016 của Bộ trưởng Bộ Quốc phòng - Bộ trưởng Bộ Công an quy định tiêu chuẩn chính trị tuyển chọn công dân vào phục vụ trong Quân đội nhân dân Việt Nam.

b) Đối với các cơ quan, đơn vị và vị trí trọng yếu cơ mật trong Quân đội; lực lượng Tiêu binh, Nghi lễ; lực lượng Vệ binh và Kiểm soát quân sự chuyên nghiệp thực hiện tuyển chọn theo quy định của Bộ Quốc phòng.

3. Tiêu chuẩn sức khỏe:

a) Tuyển chọn những công dân đạt sức khỏe loại 1, loại 2 và loại 3 theo quy định tại Điều 5, Điều 6 Thông tư số 105/2023/TT-BQP ngày 06 tháng 12 năm 2023 của Bộ trưởng Bộ Quốc phòng quy định tiêu chuẩn sức khỏe, khám sức khỏe cho các đối tượng thuộc phạm vi quản lý của Bộ Quốc phòng.

b) Đối với các cơ quan, đơn vị, vị trí quy định tại Điểm b, Khoản 2 Điều này, thực hiện tuyển chọn bảo đảm tiêu chuẩn riêng theo quy định của Bộ Quốc phòng.

c) Không gọi nhập ngũ vào Quân đội những công dân mắc tật khúc xạ cận thị lớn hơn 1.5 diop trở lên, viễn thị các mức độ; chỉ số BMI nhỏ hơn 18.0 hoặc lớn hơn 29.9.

Như vậy, công dân nếu bị cận 2 độ thì sẽ không đi  nghĩa vụ quân sự  do không đủ tiêu chuẩn về sức khỏe.

* Trên đây là nội dung Bị cận 2 độ có đi nghĩa vụ quân sự không?

Bị cận 2 độ có đi nghĩa vụ quân sự không? (Hình từ Internet)

Căn cứ theo khoản 3 Điều 40  Luật Nghĩa vụ quân sự 2015  được sửa đổi bởi khoản 16 Điều 4  Luật sửa đổi 11 Luật về quân sự, quốc phòng 2025  quy định như sau:

Điều 40. Sơ tuyển sức khỏe; khám sức khỏe cho công dân gọi nhập ngũ và thực hiện nghĩa vụ tham gia Công an nhân dân

1. Chủ tịch Ủy ban nhân dân cấp xã quyết định thành lập tổ sơ tuyển sức khỏe theo đề nghị của cơ sở y tế cùng cấp.

2. Chủ tịch Ủy ban nhân dân cấp tỉnh quyết định thành lập Hội đồng khám sức khỏe khu vực theo đề nghị của Sở Y tế.

3. Chủ tịch Ủy ban nhân dân cấp xã quyết định gọi sơ tuyển sức khỏe nghĩa vụ quân sự ; khám sức khỏe cho công dân trong diện gọi nhập ngũ và công dân trong diện gọi thực hiện nghĩa vụ tham gia Công an nhân dân. Quyết định gọi sơ tuyển, khám sức khỏe phải được giao cho công dân trước thời điểm sơ tuyển, khám sức khỏe 15 ngày.

4. Hội đồng khám sức khỏe khu vực tổ chức khám sức khỏe cho công dân trong diện gọi nhập ngũ và gọi thực hiện nghĩa vụ tham gia Công an nhân dân; nội dung khám sức khỏe bao gồm thể lực, lâm sàng, cận lâm sàng bảo đảm chính xác và chịu trách nhiệm về kết quả khám sức khỏe nghĩa vụ quân sự.

5. Thời gian khám sức khoẻ từ ngày 01 tháng 11 đến hết ngày 31 tháng 12 hằng năm. Thời gian khám sức khỏe cho công dân trong diện gọi nhập ngũ và gọi thực hiện nghĩa vụ tham gia Công an nhân dân lần thứ hai theo quy định tại Điều 33 của Luật này do Thủ tướng Chính phủ quyết định.

6. Kết quả sơ tuyển sức khỏe, phân loại sức khỏe phải được công khai trên cổng thông tin điện tử và niêm yết tại trụ sở Ủy ban nhân dân cấp xã, cơ quan, tổ chức trong thời hạn 20 ngày.

Như vậy, thẩm quyền quyết định gọi sơ tuyển sức khỏe nghĩa vụ quân sự thuộc về Chủ tịch Ủy ban nhân dân cấp xã

Căn cứ theo khoản 1 Điều 41  Luật Nghĩa vụ quân sự 2015  được bổ sung bởi điểm c khoản 1 Điều 49  Luật Dân quân tự vệ 2019 , công dân được tạm hoãn gọi nhập ngũ nếu thuộc các trường hợp sau:

- Chưa đủ sức khỏe phục vụ tại ngũ theo kết luận của Hội đồng khám sức khỏe;

- Là lao động duy nhất phải trực tiếp nuôi dưỡng thân nhân không còn khả năng lao động hoặc chưa đến tuổi lao động; trong gia đình bị thiệt hại nặng về người và tài sản do tai nạn, thiên tai, dịch bệnh nguy hiểm gây ra được Ủy ban nhân dân cấp xã xác nhận;

- Một con của bệnh binh, người nhiễm chất độc da cam suy giảm khả năng lao động từ 61% đến 80%;

- Có anh, chị hoặc em ruột là hạ sĩ quan, binh sĩ đang phục vụ tại ngũ; hạ sĩ quan, chiến sĩ thực hiện nghĩa vụ tham gia Công an nhân dân;

- Người thuộc diện di dân, giãn dân trong 03 năm đầu đến các xã đặc biệt khó khăn theo dự án phát triển kinh tế - xã hội của Nhà nước do Ủy ban nhân dân cấp tỉnh trở lên quyết định;

- Cán bộ, công chức, viên chức, thanh niên xung phong được điều động đến công tác, làm việc ở vùng có điều kiện kinh tế - xã hội đặc biệt khó khăn theo quy định của pháp luật;

- Đang học tại cơ sở giáo dục phổ thông; đang được đào tạo trình độ đại học hệ chính quy thuộc cơ sở giáo dục đại học, trình độ cao đẳng hệ chính quy thuộc cơ sở giáo dục nghề nghiệp trong thời gian một khóa đào tạo của một trình độ đào tạo.

- Dân quân thường trực.

Lưu ý:

- Công dân thuộc diện tạm hoãn gọi nhập ngũ quy định tại khoản 1 Điều 41  Luật Nghĩa vụ quân sự 2015 , nếu không còn lý do tạm hoãn thì được gọi nhập ngũ.

- Công dân thuộc diện được tạm hoãn gọi nhập ngũ quy định tại khoản 1 Điều 41  Luật Nghĩa vụ quân sự 2015 , nếu tình nguyện thì được xem xét tuyển chọn và gọi nhập ngũ.","nghia-vu-quan-su","","","","2025-09-09T16:00:00","https://thuvienphapluat.vn/hoi-dap-phap-luat/bi-can-2-do-co-di-nghia-vu-quan-su-khong-138062675.html","2026-04-21T04:41:54.577037+00:00"
"138062673","Sinh năm 2006 khi nào hết gọi nghĩa vụ quân sự?","Căn cứ theo Điều 30  Luật Nghĩa vụ quân sự 2015  quy định về độ tuổi gọi nhập ngũ như sau:

Điều 30. Độ tuổi gọi nhập ngũ

Công dân đủ 18 tuổi được gọi nhập ngũ; độ tuổi gọi nhập ngũ từ đủ 18 tuổi đến hết 25 tuổi; công dân được đào tạo trình độ cao đẳng, đại học đã được tạm hoãn gọi nhập ngũ thì độ tuổi gọi nhập ngũ đến hết 27 tuổi.

Theo quy định, độ tuổi gọi nhập ngũ là từ đủ 18 tuổi đến hết 25 tuổi. Nếu công dân có trình độ cao đẳng, đại học thì độ tuổi gọi nhập ngũ kéo dài đến hết 27 tuổi.

Như vậy, công dân sinh năm 2006 hết gọi  nghĩa vụ quân sự  vào năm 2032 nếu không học đại học, cao đẳng (hết 25 tuổi) hoặc năm 2034 nếu có học đại học, cao đẳng và được tạm hoãn nghĩa vụ (hết 27 tuổi).

* Trên đây là nội dung Sinh năm 2006 khi nào hết gọi nghĩa vụ quân sự?

Sinh năm 2006 khi nào hết gọi nghĩa vụ quân sự? (Hình từ Internet)

Căn cứ theo Điều 37  Luật Nghĩa vụ quân sự 2015  được sửa đổi bởi khoản 14 Điều 4  Luật sửa đổi 11 Luật về quân sự, quốc phòng 2025 , Hội đồng nghĩa vụ quân sự cấp tỉnh thực hiện các nhiệm vụ dưới đây:

- Giúp Ủy ban nhân dân cấp tỉnh chỉ đạo kiểm tra, đôn đốc cơ quan, tổ chức thực hiện việc đăng ký nghĩa vụ quân sự và quản lý công dân trong độ tuổi thực hiện nghĩa vụ quân sự; chuẩn bị cho công dân phục vụ tại ngũ, kế hoạch tuyển chọn gọi công dân nhập ngũ và thực hiện nghĩa vụ tham gia Công an nhân dân; thực hiện tuyển chọn công dân nhập ngũ và thực hiện nghĩa vụ tham gia Công an nhân dân; huấn luyện hạ sĩ quan, binh sĩ dự bị và thực hiện các chế độ, chính sách đối với hạ sĩ quan, binh sĩ trên địa bàn.

- Báo cáo Ủy ban nhân dân cấp tỉnh quyết định công dân được gọi nhập ngũ, tạm hoãn gọi nhập ngũ và miễn gọi nhập ngũ, miễn thực hiện nghĩa vụ quân sự và thực hiện nghĩa vụ tham gia Công an nhân dân.

- Chỉ đạo Ủy ban nhân dân cấp xã tổ chức thực hiện quy định của pháp luật về nghĩa vụ quân sự và chỉ đạo, hướng dẫn hoạt động của Hội đồng nghĩa vụ quân sự cấp xã.

- Giúp Ủy ban nhân dân cấp tỉnh chỉ đạo, tổ chức bàn giao công dân được gọi nhập ngũ, thực hiện nghĩa vụ tham gia Công an nhân dân cho các đơn vị quân đội và công an; tổ chức tiếp nhận hạ sĩ quan, binh sĩ xuất ngũ.

- Giúp Ủy ban nhân dân cấp tỉnh kiểm tra, hướng dẫn cơ quan, tổ chức liên quan trong việc thực hiện chính sách hậu phương quân đội và quản lý công dân trong diện thực hiện nghĩa vụ quân sự ở địa phương.

- Giúp Chủ tịch Ủy ban nhân dân cấp tỉnh xem xét, giải quyết khiếu nại, tố cáo trong việc thực hiện pháp luật về nghĩa vụ quân sự.

Căn cứ theo Điều 39  Luật Nghĩa vụ quân sự 2015  được sửa đổi bởi khoản 15 Điều 4  Luật sửa đổi 11 Luật về quân sự, quốc phòng 2025 , Hội đồng nghĩa vụ quân sự cấp xã thực hiện các nhiệm vụ dưới đây:

- Giúp  Ủy ban nhân dân  cấp xã tổ chức tuyên truyền, phổ biến pháp luật về nghĩa vụ quân sự; tổ chức cho công dân đăng ký nghĩa vụ quân sự, sơ tuyển nghĩa vụ quân sự và khám sức khỏe.

- Báo cáo Ủy ban nhân dân cấp xã và Hội đồng nghĩa vụ quân sự cấp tỉnh danh sách công dân được gọi nhập ngũ, tạm hoãn gọi nhập ngũ, miễn gọi nhập ngũ và thực hiện nghĩa vụ tham gia Công an nhân dân.

- Tổ chức cho công dân thực hiện quyết định gọi sơ tuyển, quyết định gọi khám sức khỏe nghĩa vụ quân sự, quyết định gọi nhập ngũ và thực hiện nghĩa vụ tham gia Công an nhân dân; quyết định gọi tập trung huấn luyện, diễn tập, quyết định kiểm tra sẵn sàng động viên, sẵn sàng chiến đấu.

- Giúp Ủy ban nhân dân cấp xã kiểm tra, hướng dẫn cơ quan, tổ chức liên quan trong việc thực hiện chính sách hậu phương quân đội và quản lý công dân trong diện thực hiện nghĩa vụ quân sự ở địa phương.

- Giúp Chủ tịch Ủy ban nhân dân cấp xã xem xét, giải quyết khiếu nại, tố cáo trong việc thực hiện pháp luật về nghĩa vụ quân sự.","nghia-vu-quan-su","","","","2025-09-09T15:40:00","https://thuvienphapluat.vn/hoi-dap-phap-luat/sinh-nam-2006-khi-nao-het-goi-nghia-vu-quan-su-138062673.html","2026-04-21T04:41:59.043096+00:00"
"138062678","Đi nghĩa vụ quân sự 2026 bao nhiêu năm?","Căn cứ Điều 21  Luật Nghĩa vụ quân sự 2015  quy định thời hạn phục vụ tại ngũ của hạ sĩ quan, binh sĩ:

Điều 21. Thời hạn phục vụ tại ngũ của hạ sĩ quan, binh sĩ

1. Thời hạn phục vụ tại ngũ trong thời bình của hạ sĩ quan, binh sĩ là 24 tháng.

2. Bộ trưởng Bộ Quốc phòng được quyết định kéo dài thời hạn phục vụ tại ngũ của hạ sĩ quan, binh sĩ nhưng không quá 06 tháng trong trường hợp sau đây:

a) Để bảo đảm nhiệm vụ sẵn sàng chiến đấu;

b) Đang thực hiện nhiệm vụ phòng, chống thiên tai, dịch bệnh, cứu hộ, cứu nạn.

3. Thời hạn phục vụ của hạ sĩ quan, binh sĩ trong tình trạng chiến tranh hoặc tình trạng khẩn cấp về quốc phòng được thực hiện theo lệnh tổng động viên hoặc động viên cục bộ.

Theo quy định trên, đi nghĩa vụ quân sự 2026 là  24 tháng .

* Trên đây là thông tin về Đi nghĩa vụ quân sự 2026 bao nhiêu năm?

Đi nghĩa vụ quân sự 2026 bao nhiêu năm? (Hình từ Internet)

Căn cứ Điều 8  Luật Nghĩa vụ quân sự 2015  quy định chức vụ, cấp bậc quân hàm của hạ sĩ quan, binh sĩ:

Điều 8. Chức vụ, cấp bậc quân hàm của hạ sĩ quan, binh sĩ

1. Chức vụ của hạ sĩ quan, binh sĩ:

a) Phó trung đội trưởng và tương đương;

b) Tiểu đội trưởng và tương đương;

c) Phó tiểu đội trưởng và tương đương;

d) Chiến sĩ.

2. Cấp bậc quân hàm của hạ sĩ quan, binh sĩ:

a) Thượng sĩ;

b) Trung sĩ;

c) Hạ sĩ;

d) Binh nhất;

đ) Binh nhì.

3. Hạ sĩ quan, binh sĩ tại ngũ và hạ sĩ quan, binh sĩ dự bị được phong, thăng cấp bậc quân hàm tương ứng với chức vụ; có thành tích xuất sắc trong thực hiện nhiệm vụ thì được thăng quân hàm trước thời hạn; có thành tích đặc biệt xuất sắc thì được xét thăng quân hàm vượt bậc.

4. Bộ trưởng Bộ Quốc phòng quy định phong, thăng, giáng, tước cấp bậc quân hàm; bổ nhiệm chức vụ, giáng chức, cách chức; quy định chức vụ tương đương và cấp bậc quân hàm cao nhất đối với chức vụ của hạ sĩ quan, binh sĩ quy định tại khoản 1 và khoản 2 Điều này.

Theo quy định trên, hạ sĩ quan, binh sĩ có các chức vụ sau:

- Phó trung đội trưởng và tương đương

- Tiểu đội trưởng và tương đương

- Phó tiểu đội trưởng và tương đương

- Chiến sĩ

Căn cứ Điều 3  Nghị định 14/2016/NĐ-CP  quy định ngành, nghề chuyên môn của công dân nữ phù hợp yêu cầu Quân đội nhân dân:

[1] Trình độ thạc sĩ, tiến sĩ

- Ngôn ngữ và văn hóa nước ngoài: Ngôn ngữ Anh; Ngôn ngữ Nga; Ngôn ngữ Pháp; Ngôn ngữ Trung Quốc; Ngôn ngữ Nhật;

- Báo chí và Truyền thông: Báo chí học; Truyền thông đại chúng;

- Văn thư - lưu trữ: Lưu trữ học; Bảo tàng học;

- Tài chính;

- Kế toán;

- Luật: Luật dân sự và tố tụng dân sự; Luật hình sự và tố tụng hình sự; Luật kinh tế; Luật quốc tế;

- Máy tính và công nghệ thông tin: Khoa học máy tính; Kỹ thuật phần mềm; Hệ thống thông tin; Công nghệ thông tin;

- Kỹ thuật điện, điện tử và viễn thông: Kỹ thuật điện; Kỹ thuật điện tử; Kỹ thuật ra đa - dẫn đường; Kỹ thuật viễn thông; Kỹ thuật mật mã;

vY, Dược: Vi sinh học; Ký sinh trùng y học; Dịch tễ học; Dược lý và chất độc; Gây mê hồi sức; Hồi sức cấp cứu và chống độc; Ngoại khoa; Sản phụ khoa; Nội khoa; Thần kinh và tâm thần; Ung thư; Lao; Huyết học và truyền máu; Da liễu; Truyền nhiễm và các bệnh nhiệt đới; Tai - Mũi - Họng; Nhãn khoa; Y học dự phòng; Phục hồi chức năng; Chẩn đoán hình ảnh; Y học cổ truyền; Dinh dưỡng; Y học hạt nhân; Kỹ thuật hình ảnh y học; Vật lý trị liệu; Công nghệ dược phẩm và bào chế thuốc; Dược lý và dược lâm sàng; Dược học cổ truyền; Kiểm nghiệm thuốc và độc chất; Điều dưỡng; Răng - Hàm - Mặt.

[2] Trình độ cao đẳng, đại học

- Giáo viên sư phạm: Toán học, Tin học, Vật lý, Hóa học, Sinh học, Ngữ văn, Lịch sử, Địa lý, Tiếng các dân tộc ít người, Ngoại ngữ;

- Nghệ thuật trình diễn: Sáng tác âm nhạc; Thanh nhạc; Biên kịch sân khấu; Diễn viên sân khấu kịch hát; Đạo diễn sân khấu; Biên kịch điện ảnh - truyền hình; Diễn viên kịch - điện ảnh; Đạo diễn điện ảnh - truyền hình; Quay phim; Diễn viên múa; Biên đạo múa; Huấn luyện múa;

- Nghệ thuật nghe nhìn: Nhiếp ảnh; Công nghệ điện ảnh - truyền hình; Thiết kế âm thanh - ánh sáng;

- Ngôn ngữ và văn hóa nước ngoài: Ngôn ngữ Anh; Ngôn ngữ Pháp; Ngôn ngữ Nga; Ngôn ngữ Đức; Ngôn ngữ Trung Quốc; Ngôn ngữ Nhật Bản; Ngôn ngữ Hàn Quốc và các thứ tiếng khu vực Đông Nam Á;

- Văn thư - Lưu trữ - Bảo tàng: Lưu trữ học, Bảo tàng học;

- Tài chính;

- Kế toán;

- Luật: Luật kinh tế; Luật quốc tế;

- Máy tính và công nghệ thông tin: Khoa học máy tính; Truyền thông và mạng máy tính; Kỹ thuật phần mềm; Hệ thống thông tin; Công nghệ thông tin; Tin học ứng dụng;

- Công nghệ kỹ thuật: Công nghệ kỹ thuật điện, điện tử và viễn thông; Công nghệ hóa học, vật liệu, luyện kim và môi trường;

- Kỹ thuật: Kỹ thuật điện, điện tử và viễn thông; Kỹ thuật hóa học, vật liệu, luyện kim và môi trường;

- Y, Dược: Y đa khoa; Y học dự phòng; Y học cổ truyền; Y tế công cộng; Kỹ thuật hình ảnh y học; Xét nghiệm y học; Dược học; Hóa dược; Điều dưỡng; Hộ sinh; Phục hồi chức năng; Răng - Hàm - Mặt; Kỹ thuật phục hình răng.

[3] Trình độ trung cấp

- Máy tính và công nghệ thông tin: Truyền thông và mạng máy tính; Công nghệ kỹ thuật phần cứng máy tính; Công nghệ kỹ thuật phần mềm máy tính; Kỹ thuật lắp ráp, sửa chữa máy tính; Quản trị hệ thống; Quản trị mạng máy tính; Lập trình/Phân tích hệ thống; Thiết kế và quản lý Website; Hệ thống thông tin văn phòng; tin học ứng dụng;

- Công nghệ kỹ thuật: Công nghệ kỹ thuật điện, điện tử và viễn thông; Công nghệ hóa học, vật liệu, luyện kim và môi trường;

- Y, Dược: Nữ hộ sinh; Điều dưỡng; Y học cổ truyền; Răng, Hàm, Mặt; Dược học;

- Tài chính - Kế toán: Tài chính, Kế toán hành chính sự nghiệp, Kế toán lao động tiền lương và bảo trợ xã hội;

- Văn thư - Lưu trữ - Bảo tàng: Văn thư - Lưu trữ, Lưu trữ và quản lý thông tin;

- Nghệ thuật trình diễn: Sáng tác âm nhạc; Thanh nhạc; Biên kịch sân khấu; Diễn viên sân khấu kịch hát; Đạo diễn sân khấu; Biên kịch điện ảnh - truyền hình; Diễn viên kịch - điện ảnh; Đạo diễn điện ảnh - truyền hình; Quay phim; Diễn viên múa; Biên đạo múa; Huấn luyện múa;

- Nghệ thuật nghe nhìn: Nhiếp ảnh; Công nghệ điện ảnh - truyền hình; Thiết kế âm thanh - ánh sáng;

- Hàng không: Kiểm soát không lưu; nhóm nghề kỹ thuật điện, điện tử, viễn thông hàng không.","nghia-vu-quan-su","","","","2025-09-09T15:10:00","https://thuvienphapluat.vn/hoi-dap-phap-luat/di-nghia-vu-quan-su-2026-bao-nhieu-nam-138062678.html","2026-04-21T04:42:04.037898+00:00"
"138062677","Loạn thị 0.75 độ có đi nghĩa vụ quân sự không?","Căn cứ theo điểm a khoản 3 Điều 4  Thông tư 148/2018/TT-BQP  được sửa đổi bởi điểm a khoản 1 Điều 1  Thông tư 68/2025/TT-BQP  quy định như sau:

Điều 4. Tiêu chuẩn tuyển quân

[...]

3. Tiêu chuẩn sức khỏe:

a) Tuyển chọn những công dân đạt sức khỏe loại 1, loại 2 và loại 3 theo quy định tại Điều 5, Điều 6 Thông tư số 105/2023/TT-BQP ngày 06 tháng 12 năm 2023 của Bộ trưởng Bộ Quốc phòng quy định tiêu chuẩn sức khỏe, khám sức khỏe cho các đối tượng thuộc phạm vi quản lý của Bộ Quốc phòng.

b) Đối với các cơ quan, đơn vị, vị trí quy định tại Điểm b, Khoản 2 Điều này, thực hiện tuyển chọn bảo đảm tiêu chuẩn riêng theo quy định của Bộ Quốc phòng.

c) Không gọi nhập ngũ vào Quân đội những công dân mắc tật khúc xạ cận thị lớn hơn 1.5 diop trở lên, viễn thị các mức độ; chỉ số BMI nhỏ hơn 18.0 hoặc lớn hơn 29.9.

Căn cứ theo khoản 2 Điều 5  Thông tư 105/2023/TT-BQP  quy định như sau:

Điều 5. Tiêu chuẩn phân loại sức khỏe

1. Tiêu chuẩn phân loại theo thể lực thực hiện theo quy định, tại Mục I Phụ lục I ban hành kèm theo Thông tư này.

2. Tiêu chuẩn phân loại theo bệnh tật và các vấn đề sức khỏe thực hiện theo quy định tại Mục II Phụ lục I ban hành kèm theo Thông tư này.

Căn cứ theo khoản 2 Điều 6  Thông tư 105/2023/TT-BQP  quy định như sau:

Điều 6. Phương pháp phân loại sức khỏe

1. Phương pháp cho điểm

Mỗi chỉ tiêu, sau khi khám được cho điểm chẵn từ 1 - 6 vào cột “Điểm”, cụ thể:

a) Điểm 1: Chỉ tình trạng sức khỏe rất tốt;

b) Điểm 2: Chỉ tình trạng sức khỏe tốt;

c) Điểm 3: Chỉ tình trạng sức khỏe khá;

d) Điểm 4: Chỉ tình trạng sức khỏe trung bình;

đ) Điểm 5: Chỉ tình trạng sức khỏe kém;

e) Điểm 6: Chỉ tình trạng sức khỏe rất kém.

2. Phương pháp phân loại sức khỏe

Căn cứ số điểm cho các chỉ tiêu khi khám để phân loại sức khỏe, cụ thể như sau:

a) Loại 1: Tất cả các chỉ tiêu đều đạt điểm 1;

b) Loại 2: Có ít nhất 1 chỉ tiêu bị điểm 2;

c) Loại 3: Có ít nhất 1 chỉ tiêu bị điểm 3;

d) Loại 4: Có ít nhất 1 chỉ tiêu bị điểm 4;

đ) Loại 5: Có ít nhất 1 chỉ tiêu bị điểm 5;

e) Loại 6: Có ít nhất 1 chỉ tiêu bị điểm 6.

Căn cứ theo Tiểu mục 1 Mục 2 Phụ lục 1 ban hành kèm theo  Thông tư 105/2023/TT-BQP  hướng dẫn chấm điểm đối với công dân sự loạn thị 0 75 độ như sau:

Theo quy định, công dân bị loạn thị 0.75 độ được chấm 2 điểm và các tiêu chuẩn sức khỏe khác không có tiêu chuẩn nào bị chấm điểm 2, 3, 4, 5, 6 thì sẽ đạt sức khỏe loại 2, khi đó sẽ đủ tiêu chuẩn sức khỏe nên có thể vẫn đi  nghĩa vụ quân sự .

* Trên đây là nội dung Loạn thị 0 75 độ có đi nghĩa vụ quân sự không?

Loạn thị 0.75 độ có đi nghĩa vụ quân sự không? (Hình từ Internet)

Căn cứ theo khoản 5 Điều 40  Luật Nghĩa vụ quân sự 2015  được sửa đổi bởi khoản 16 Điều 4  Luật sửa đổi 11 Luật về quân sự, quốc phòng 2025  quy định như sau:

Điều 40. Sơ tuyển sức khỏe; khám sức khỏe cho công dân gọi nhập ngũ và thực hiện nghĩa vụ tham gia Công an nhân dân

1. Chủ tịch Ủy ban nhân dân cấp xã quyết định thành lập tổ sơ tuyển sức khỏe theo đề nghị của cơ sở y tế cùng cấp.

2. Chủ tịch Ủy ban nhân dân cấp tỉnh quyết định thành lập Hội đồng khám sức khỏe khu vực theo đề nghị của Sở Y tế.

3. Chủ tịch Ủy ban nhân dân cấp xã quyết định gọi sơ tuyển sức khỏe nghĩa vụ quân sự; khám sức khỏe cho công dân trong diện gọi nhập ngũ và công dân trong diện gọi thực hiện nghĩa vụ tham gia Công an nhân dân. Quyết định gọi sơ tuyển, khám sức khỏe phải được giao cho công dân trước thời điểm sơ tuyển, khám sức khỏe 15 ngày.

4. Hội đồng khám sức khỏe khu vực tổ chức khám sức khỏe cho công dân trong diện gọi nhập ngũ và gọi thực hiện nghĩa vụ tham gia Công an nhân dân; nội dung khám sức khỏe bao gồm thể lực, lâm sàng, cận lâm sàng bảo đảm chính xác và chịu trách nhiệm về kết quả khám sức khỏe nghĩa vụ quân sự.

5. Thời gian khám sức khoẻ từ ngày 01 tháng 11 đến hết ngày 31 tháng 12 hằng năm.  Thời gian khám sức khỏe cho công dân trong diện gọi nhập ngũ và gọi thực hiện nghĩa vụ tham gia Công an nhân dân lần thứ hai theo quy định tại Điều 33 của Luật này do Thủ tướng Chính phủ quyết định.

6. Kết quả sơ tuyển sức khỏe, phân loại sức khỏe phải được công khai trên cổng thông tin điện tử và niêm yết tại trụ sở Ủy ban nhân dân cấp xã, cơ quan, tổ chức trong thời hạn 20 ngày.

Như vậy, công dân trong diện  gọi nhập ngũ  được gọi khám sức khoẻ trong khoảng thời gian từ ngày 01 tháng 11 đến hết ngày 31 tháng 12 hằng năm.

Căn cứ theo khoản 2 Điều 41  Luật Nghĩa vụ quân sự 2015 , công dân được miễn gọi nhập ngũ nếu thuộc các trường hợp sau:

- Con của liệt sĩ, con của thương binh hạng một;

- Một anh hoặc một em trai của liệt sĩ;

- Một con của thương binh hạng hai; một con của bệnh binh suy giảm khả năng lao động từ 81% trở lên; một con của người nhiễm chất độc da cam suy giảm khả năng lao động từ 81 % trở lên;

- Người làm công tác cơ yếu không phải là quân nhân, Công an nhân dân;

- Cán bộ, công chức, viên chức, thanh niên xung phong được điều động đến công tác, làm việc ở vùng có điều kiện kinh tế - xã hội đặc biệt khó khăn theo quy định của pháp luật từ 24 tháng trở lên.

Lưu ý: Công dân thuộc diện được miễn gọi nhập ngũ quy định tại khoản 2 Điều 40  Luật Nghĩa vụ quân sự 2015 , nếu tình nguyện thì được xem xét tuyển chọn và gọi nhập ngũ.","nghia-vu-quan-su","","","","2025-09-09T11:05:00","https://thuvienphapluat.vn/hoi-dap-phap-luat/loan-thi-075-do-co-di-nghia-vu-quan-su-khong-138062677.html","2026-04-21T04:42:08.829632+00:00"
"138062690","Sinh năm 2004 khi nào hết tuổi đi nghĩa vụ quân sự?","Căn cứ theo Điều 30  Luật Nghĩa vụ quân sự 2015  quy định về độ tuổi gọi nhập ngũ như sau:

Điều 30. Độ tuổi gọi nhập ngũ

Công dân đủ 18 tuổi được gọi nhập ngũ; độ tuổi gọi nhập ngũ từ đủ 18 tuổi đến hết 25 tuổi; công dân được đào tạo trình độ cao đẳng, đại học đã được tạm hoãn gọi nhập ngũ thì độ tuổi gọi nhập ngũ đến hết 27 tuổi.

Theo đó, độ tuổi gọi nhập ngũ là từ đủ 18 tuổi đến hết 25 tuổi, tuy nhiên đối với trường hợp công dân được đào tạo trình độ cao đẳng, đại học đã được tạm hoãn gọi nhập ngũ thì độ tuổi gọi nhập ngũ từ 18 tuổi đến hết 27 tuổi.

Như vậy, công dân sinh năm 2004 hết tuổi đi  nghĩa vụ quân sự  vào năm 2030 ( đối với trường hợp không học đại học, cao đẳng).

Đối với trường hợp công dân sinh năm 2004 có học đại học, cao đẳng mà đã được tạm hoãn gọi nhập ngũ thì năm 2032 mới hết tuổi đi nghĩa vụ quân sự.

Sinh năm 2004 khi nào hết tuổi đi nghĩa vụ quân sự? (Hình từ Internet)

Căn cứ theo Điều 13  Luật Nghĩa vụ quân sự 2015  được sửa đổi bởi khoản 3 Điều 4  Luật Sửa đổi 11 Luật về quân sự, quốc phòng 2025  quy định về đối tượng không được  đăng ký nghĩa vụ quân sự  như sau:

Điều 13. Đối tượng không được đăng ký nghĩa vụ quân sự

1. Công dân thuộc một trong các trường hợp sau đây không được đăng ký nghĩa vụ quân sự:

a) Đang bị truy cứu trách nhiệm hình sự; đang chấp hành hình phạt tù, cải tạo không giam giữ, quản chế hoặc đã chấp hành xong hình phạt tù nhưng chưa được xóa án tích;

b) Đang bị áp dụng biện pháp giáo dục tại cấp xã hoặc đưa vào trường giáo dưỡng, cơ sở giáo dục bắt buộc, cơ sở cai nghiện bắt buộc;

c) Bị tước quyền phục vụ trong lực lượng vũ trang nhân dân.

2. Khi hết thời hạn áp dụng các biện pháp quy định tại khoản 1 Điều này, công dân được đăng ký nghĩa vụ quân sự.

Như vậy, người đã chấp hành xong hình phạt tù mà chưa được xóa án tích thì không được đăng ký nghĩa vụ quân sự.

Căn cứ theo Điều 40  Luật Nghĩa vụ quân sự 2015  được sửa đổi bởi khoản 16 Điều 4  Luật Sửa đổi 11 Luật về quân sự, quốc phòng 2025  quy định như sau:

Điều 40. Sơ tuyển sức khỏe; khám sức khỏe cho công dân gọi nhập ngũ và thực hiện nghĩa vụ tham gia Công an nhân dân

1. Chủ tịch Ủy ban nhân dân cấp xã quyết định thành lập tổ sơ tuyển sức khỏe theo đề nghị của cơ sở y tế cùng cấp.

2. Chủ tịch Ủy ban nhân dân cấp tỉnh quyết định thành lập Hội đồng khám sức khỏe khu vực theo đề nghị của Sở Y tế.

3. Chủ tịch Ủy ban nhân dân cấp xã quyết định gọi sơ tuyển sức khỏe nghĩa vụ quân sự; khám sức khỏe cho công dân trong diện gọi nhập ngũ và công dân trong diện gọi thực hiện nghĩa vụ tham gia Công an nhân dân. Quyết định gọi sơ tuyển, khám sức khỏe phải được giao cho công dân trước thời điểm sơ tuyển, khám sức khỏe 15 ngày.

4. Hội đồng khám sức khỏe khu vực tổ chức khám sức khỏe cho công dân trong diện gọi nhập ngũ và gọi thực hiện nghĩa vụ tham gia Công an nhân dân; nội dung khám sức khỏe bao gồm thể lực, lâm sàng, cận lâm sàng bảo đảm chính xác và chịu trách nhiệm về kết quả khám sức khỏe nghĩa vụ quân sự.

5. Thời gian khám sức khoẻ từ ngày 01 tháng 11 đến hết ngày 31 tháng 12 hằng năm. Thời gian khám sức khỏe cho công dân trong diện gọi nhập ngũ và gọi thực hiện nghĩa vụ tham gia Công an nhân dân lần thứ hai theo quy định tại Điều 33 của Luật này do Thủ tướng Chính phủ quyết định.

6. Kết quả sơ tuyển sức khỏe, phân loại sức khỏe phải được công khai trên cổng thông tin điện tử và niêm yết tại trụ sở Ủy ban nhân dân cấp xã, cơ quan, tổ chức trong thời hạn 20 ngày.

Như vậy, thời gian khám sức khoẻ cho công dân gọi nhập ngũ và thực hiện nghĩa vụ tham gia Công an nhân dân từ ngày 01/11 đến hết ngày 31/12 hằng năm.

Lưu ý:  Thời gian khám sức khỏe cho công dân trong diện gọi nhập ngũ và gọi thực hiện nghĩa vụ tham gia Công an nhân dân lần thứ hai theo quy định tại Điều 33  Luật Nghĩa vụ quân sự 2015  do Thủ tướng Chính phủ quyết định.","nghia-vu-quan-su","","","","2025-09-09T10:30:00","https://thuvienphapluat.vn/hoi-dap-phap-luat/sinh-nam-2004-khi-nao-het-tuoi-di-nghia-vu-quan-su-138062690.html","2026-04-21T04:42:13.905776+00:00"
"138062676","Còn bao nhiêu ngày nữa ra quân 2026?","Căn cứ theo Điều 21  Luật Nghĩa vụ quân sự 2015  quy định về thời hạn phục vụ tại ngũ của hạ sĩ quan, binh sĩ như sau:

Điều 21. Thời hạn phục vụ tại ngũ của hạ sĩ quan, binh sĩ

1. Thời hạn phục vụ tại ngũ trong thời bình của hạ sĩ quan, binh sĩ là 24 tháng.

2. Bộ trưởng Bộ Quốc phòng được quyết định kéo dài thời hạn phục vụ tại ngũ của hạ sĩ quan, binh sĩ nhưng không quá 06 tháng trong trường hợp sau đây:

a) Để bảo đảm nhiệm vụ sẵn sàng chiến đấu;

b) Đang thực hiện nhiệm vụ phòng, chống thiên tai, dịch bệnh, cứu hộ, cứu nạn.

[...]

Căn cứ tiếp theo tại khoản 1 Điều 22  Luật Nghĩa vụ quân sự 2015  quy định như sau:

Điều 22. Cách tính thời gian phục vụ tại ngũ của hạ sĩ quan, binh sĩ

1. Thời gian phục vụ tại ngũ của hạ sĩ quan, binh sĩ được tính từ ngày giao, nhận quân; trong trường hợp không giao, nhận quân tập trung thì tính từ ngày đơn vị Quân đội nhân dân tiếp nhận đến khi được cấp có thẩm quyền quyết định xuất ngũ.

2. Thời gian đào ngũ, thời gian chấp hành hình phạt tù tại trại giam không được tính vào thời gian phục vụ tại ngũ.

Theo đó, thời hạn phục vụ tại ngũ trong thời bình của hạ sĩ quan, binh sĩ là 24 tháng tính từ ngày giao, nhận quân; trong trường hợp không giao, nhận quân tập trung thì tính từ ngày đơn vị Quân đội nhân dân tiếp nhận đến khi được cấp có thẩm quyền quyết định xuất ngũ.

Ngoài ra, tại  Công văn 4267/BQP-TM năm 2023  về tuyển chọn và gọi công dân nhập ngũ năm 2024 do Bộ Quốc phòng ban hành thì  thời gian nhập ngũ năm 2024 là từ ngày 25 đến hết ngày 27 tháng 02 năm 2024  (từ ngày 16 đến hết ngày 18 tháng Giêng năm Giáp Thìn).

Theo đó, đối với chiến sĩ  nghĩa vụ quân sự  được gọi nhập ngũ, tham gia nghĩa vụ quân sự và xuất ngũ theo các điều kiện thông thường nếu không kéo dài thời gian phục vụ tại ngũ và không xuất ngũ trước thời hạn thì thời gian phục vụ tại ngũ trong thời bình là 2 năm vì thế lịch ra quân năm 2026 là từ ngày 25 đến ngày 27 tháng 02 năm 2026 tức còn khoảng 170 ngày đến 172 ngày (tính từ ngày 8/9/2025).

Như vậy, đối với chiến sĩ nhập ngũ năm 2024, thời gian phục vụ tại ngũ sẽ kết thúc  từ ngày 25 đến ngày 27 tháng 02 năm 2026 .

Lưu ý:  Các đơn vị khác nhau sẽ quy định thời gian xuất ngũ và tiến hành trao trả binh sĩ về địa phương khác nhau. Cho nên tính đến thời điểm hiện tại, thời gian cụ thể ra quân 2026 vẫn chưa được thông báo chính thức do đó, số ngày còn lại để ra quân 2026 chưa được xác định cụ thể.

Còn bao nhiêu ngày nữa ra quân 2026? (Hình từ Internet)

Căn cứ theo Điều 30  Luật Nghĩa vụ quân sự 2015  quy định về độ tuổi gọi nhập ngũ như sau:

Điều 30. Độ tuổi gọi nhập ngũ

Công dân đủ 18 tuổi được gọi nhập ngũ; độ tuổi gọi nhập ngũ từ đủ 18 tuổi đến hết 25 tuổi; công dân được đào tạo trình độ cao đẳng, đại học đã được tạm hoãn gọi nhập ngũ thì độ tuổi gọi nhập ngũ đến hết 27 tuổi.

Như vậy, người có bằng đại học mà trước đây đã được tạm hoãn gọi nhập ngũ thì độ tuổi hết gọi nhập ngũ là từ 28 tuổi trở lên.

Căn cứ theo khoản 2 Điều 41  Luật Nghĩa vụ quân sự 2015  quy định như sau:

Điều 41. Tạm hoãn gọi nhập ngũ và miễn gọi nhập ngũ

[...]

2. Miễn gọi nhập ngũ đối với những công dân sau đây:

a) Con của liệt sĩ, con của thương binh hạng một;

b) Một anh hoặc một em trai của liệt sĩ;

c) Một con của thương binh hạng hai; một con của bệnh binh suy giảm khả năng lao động từ 81% trở lên; một con của người nhiễm chất độc da cam suy giảm khả năng lao động từ 81 % trở lên;

d) Người làm công tác cơ yếu không phải là quân nhân, Công an nhân dân;

đ) Cán bộ, công chức, viên chức, thanh niên xung phong được điều động đến công tác, làm việc ở vùng có điều kiện kinh tế - xã hội đặc biệt khó khăn theo quy định của pháp luật từ 24 tháng trở lên.

[...]

Như vậy, con của thương binh hạng một được  miễn gọi nhập ngũ  2026.","nghia-vu-quan-su","","","","2025-09-09T10:00:00","https://thuvienphapluat.vn/hoi-dap-phap-luat/con-bao-nhieu-ngay-nua-ra-quan-2026-138062676.html","2026-04-21T04:42:30.969919+00:00"
"138062637","Bị cận 1.5 độ có đi nghĩa vụ quân sự không?","Theo điểm c khoản 3 Điều 4  Thông tư 148/2018/TT-BQP  được sửa đổi bởi điểm b khoản 1 Điều 1  Thông tư 68/2025/TT-BQP  quy định như sau:

Điều 4. Tiêu chuẩn tuyển quân .

1. Tuổi đời:

a) Công dân từ đủ 18 tuổi đến hết 25 tuổi.

b) Công dân nam được đào tạo trình độ cao đẳng, đại học đã được tạm hoãn gọi nhập ngũ trong thời gian một khóa đào tạo của một trình độ đào tạo thì tuyển chọn và gọi nhập ngũ đến hết 27 tuổi.

2. Tiêu chuẩn chính trị:

a) Thực hiện theo Thông tư liên tịch số 50/2016/TTLT-BQP-BCA ngày 15 tháng 4 năm 2016 của Bộ trưởng Bộ Quốc phòng - Bộ trưởng Bộ Công an quy định tiêu chuẩn chính trị tuyển chọn công dân vào phục vụ trong Quân đội nhân dân Việt Nam.

b) Đối với các cơ quan, đơn vị và vị trí trọng yếu cơ mật trong Quân đội; lực lượng Tiêu binh, Nghi lễ; lực lượng Vệ binh và Kiểm soát quân sự chuyên nghiệp thực hiện tuyển chọn theo quy định của Bộ Quốc phòng.

3. Tiêu chuẩn sức khỏe:

a) Tuyển chọn những công dân đạt sức khỏe loại 1, loại 2 và loại 3 theo quy định tại Điều 5, Điều 6 Thông tư số 105/2023/TT-BQP ngày 06 tháng 12 năm 2023 của Bộ trưởng Bộ Quốc phòng quy định tiêu chuẩn sức khỏe, khám sức khỏe cho các đối tượng thuộc phạm vi quản lý của Bộ Quốc phòng.

b) Đối với các cơ quan, đơn vị, vị trí quy định tại Điểm b, Khoản 2 Điều này, thực hiện tuyển chọn bảo đảm tiêu chuẩn riêng theo quy định của Bộ Quốc phòng.

c) Không gọi nhập ngũ vào Quân đội những công dân mắc tật khúc xạ cận thị lớn hơn 1.5 diop trở lên, viễn thị các mức độ; chỉ số BMI nhỏ hơn 18.0 hoặc lớn hơn 29.9.

Như vậy, công dân bị cận 1.5 độ vẫn đi  nghĩa vụ quân sự  nếu đáp ứng đủ điều kiện sức khỏe.

Trên đây là thông tin về Bị cận 1.5 độ có đi nghĩa vụ quân sự không?

Bị cận 1.5 độ có đi nghĩa vụ quân sự không? (Hình từ Internet)

Theo Điều 54  Luật Nghĩa vụ quân sự 2015  quy định:

Điều 54. Cơ quan quản lý nhà nước về nghĩa vụ quân sự

1. Chính phủ thống nhất quản lý nhà nước về nghĩa vụ quân sự trong phạm vi cả nước.

2. Bộ Quốc phòng chịu trách nhiệm giúp Chính phủ thực hiện quản lý nhà nước về nghĩa vụ quân sự.

3. Các bộ, cơ quan ngang bộ phối hợp với Bộ Quốc phòng thực hiện quản lý nhà nước về nghĩa vụ quân sự theo thẩm quyền.

Như vậy,  cơ quan quản lý  nhà nước có nhiệm vụ và quyền hạn gì về nghĩa vụ quân sự như sau:

- Chính phủ thống nhất quản lý nhà nước về nghĩa vụ quân sự trong phạm vi cả nước.

- Bộ Quốc phòng chịu trách nhiệm giúp Chính phủ thực hiện quản lý nhà nước về nghĩa vụ quân sự.

- Các bộ, cơ quan ngang bộ phối hợp với Bộ Quốc phòng thực hiện quản lý nhà nước về nghĩa vụ quân sự theo thẩm quyền.

Theo Điều 55  Luật Nghĩa vụ quân sự 2015  quy định:

Điều 55. Nhiệm vụ, quyền hạn của Bộ Quốc phòng

1. Ban hành hoặc trình cấp có thẩm quyền ban hành văn bản quy phạm pháp luật về nghĩa vụ quân sự.

2. Tổ chức thực hiện các văn bản quy phạm pháp luật về thực hiện nghĩa vụ quân sự.

3. Phối hợp tuyên truyền, phổ biến, giáo dục pháp luật về nghĩa vụ quân sự.

4. Kiểm tra, thanh tra, khen thưởng, xử lý vi phạm; giải quyết khiếu nại, tố cáo về nghĩa vụ quân sự theo quy định của pháp luật.

5. Tổng kết công tác thi hành pháp luật về nghĩa vụ quân sự.

Như vậy, nhiệm vụ, quyền hạn của Bộ Quốc phòng về nghĩa vụ quân sự như sau:

- Ban hành hoặc trình cấp có thẩm quyền ban hành văn bản quy phạm pháp luật về nghĩa vụ quân sự.

- Tổ chức thực hiện các văn bản quy phạm pháp luật về thực hiện nghĩa vụ quân sự.

- Phối hợp tuyên truyền, phổ biến, giáo dục pháp luật về nghĩa vụ quân sự.

- Kiểm tra, thanh tra, khen thưởng, xử lý vi phạm; giải quyết khiếu nại, tố cáo về nghĩa vụ quân sự theo quy định của pháp luật.

- Tổng kết công tác thi hành pháp luật về nghĩa vụ quân sự.","nghia-vu-quan-su","","","","2025-09-09T09:30:00","https://thuvienphapluat.vn/hoi-dap-phap-luat/bi-can-15-do-co-di-nghia-vu-quan-su-khong-138062637.html","2026-04-21T04:42:35.848712+00:00"
"138062706","Loạn thị 2 độ có đi nghĩa vụ quân sự không?","Căn cứ theo điểm a khoản 3 Điều 4  Thông tư 148/2018/TT-BQP  được sửa đổi bởi điểm a khoản 1 Điều 1  Thông tư 68/2025/TT-BQP  quy định về tiêu chuẩn tuyển quân như sau:

Điều 4. Tiêu chuẩn tuyển quân

[...]

3. Tiêu chuẩn sức khỏe:

a) Tuyển chọn những công dân đạt sức khỏe loại 1, loại 2 và loại 3 theo quy định tại Điều 5, Điều 6 Thông tư số 105/2023/TT-BQP ngày 06 tháng 12 năm 2023 của Bộ trưởng Bộ Quốc phòng quy định tiêu chuẩn sức khỏe, khám sức khỏe cho các đối tượng thuộc phạm vi quản lý của Bộ Quốc phòng.

b) Đối với các cơ quan, đơn vị, vị trí quy định tại Điểm b, Khoản 2 Điều này, thực hiện tuyển chọn bảo đảm tiêu chuẩn riêng theo quy định của Bộ Quốc phòng.

c) Không gọi nhập ngũ vào Quân đội những công dân mắc tật khúc xạ cận thị lớn hơn 1.5 diop trở lên, viễn thị các mức độ; chỉ số BMI nhỏ hơn 18.0 hoặc lớn hơn 29.9.

[...]

Căn cứ tiếp theo tại khoản 2 Điều 5  Thông tư 105/2023/TT-BQP  quy định như sau:

Điều 5. Tiêu chuẩn phân loại sức khỏe

1. Tiêu chuẩn phân loại theo thể lực thực hiện theo quy định, tại Mục I Phụ lục I ban hành kèm theo Thông tư này.

2. Tiêu chuẩn phân loại theo bệnh tật và các vấn đề sức khỏe thực hiện theo quy định tại Mục II Phụ lục I ban hành kèm theo Thông tư này.

Căn cứ tiếp theo tại khoản 2 Điều 6  Thông tư 105/2023/TT-BQP  quy định như sau:

Điều 6. Phương pháp phân loại sức khỏe

1. Phương pháp cho điểm

Mỗi chỉ tiêu, sau khi khám được cho điểm chẵn từ 1 - 6 vào cột “Điểm”, cụ thể:

a) Điểm 1: Chỉ tình trạng sức khỏe rất tốt;

b) Điểm 2: Chỉ tình trạng sức khỏe tốt;

c) Điểm 3: Chỉ tình trạng sức khỏe khá;

d) Điểm 4: Chỉ tình trạng sức khỏe trung bình;

đ) Điểm 5: Chỉ tình trạng sức khỏe kém;

e) Điểm 6: Chỉ tình trạng sức khỏe rất kém.

2. Phương pháp phân loại sức khỏe

Căn cứ số điểm cho các chỉ tiêu khi khám để phân loại sức khỏe, cụ thể như sau:

a) Loại 1: Tất cả các chỉ tiêu đều đạt điểm 1;

b) Loại 2: Có ít nhất 1 chỉ tiêu bị điểm 2;

c) Loại 3: Có ít nhất 1 chỉ tiêu bị điểm 3;

d) Loại 4: Có ít nhất 1 chỉ tiêu bị điểm 4;

đ) Loại 5: Có ít nhất 1 chỉ tiêu bị điểm 5;

e) Loại 6: Có ít nhất 1 chỉ tiêu bị điểm 6.

Tại Tiểu mục 1 Mục 2 Phụ lục 1 ban hành kèm theo  Thông tư 105/2023/TT-BQP  hướng dẫn chấm điểm đối với công dân sự loạn thị như sau:

Theo đó, công dân loạn thị 2 độ bị chấm điểm 3.

Như vậy, công dân loạn thị 2 độ mà các tiêu chuẩn sức khỏe khác không có tiêu chuẩn nào bị chấm điểm 3, 4, 5, 6 thì sẽ đạt sức khỏe loại 3, vẫn đủ tiêu chuẩn sức khỏe nên có thể vẫn được đi  nghĩa vụ quân sự .

Loạn thị 2 độ có đi nghĩa vụ quân sự không? (Hình từ Internet)

Căn cứ theo Điều 12  Luật Nghĩa vụ quân sự 2015  quy định về đối tượng  đăng ký nghĩa vụ quân sự  như sau:

Điều 12. Đối tượng đăng ký nghĩa vụ quân sự

1. Công dân nam đủ 17 tuổi trở lên.

2. Công dân nữ quy định tại khoản 2 Điều 7 của Luật này đủ 18 tuổi trở lên.

Như vậy, công dân nữ trong độ tuổi thực hiện nghĩa vụ quân sự có ngành, nghề chuyên môn phù hợp yêu cầu của Quân đội nhân dân được đăng ký nghĩa vụ quân sự.

Lưu ý:  Ngành, nghề chuyên môn phù hợp yêu cầu của Quân đội nhân dân do Chính phủ quy định.

Căn cứ theo khoản 4 Điều 4  Luật Nghĩa vụ quân sự 2015  được sửa đổi bởi khoản 2 Điều 4  Luật Sửa đổi 11 Luật về quân sự, quốc phòng 2025  quy định công dân thuộc một trong các trường hợp sau được công nhận hoàn thành nghĩa vụ quân sự tại ngũ trong thời bình:

- Dân quân thường trực có ít nhất 24 tháng phục vụ thì được công nhận hoàn thành thực hiện nghĩa vụ quân sự trong thời bình do Tư lệnh Bộ Tư lệnh Thủ đô Hà Nội, Tư lệnh Bộ Tư lệnh Thành phố Hồ Chí Minh, Chỉ huy trưởng Bộ chỉ huy quân sự cấp tỉnh (sau đây gọi là Chỉ huy trưởng Bộ chỉ huy quân sự cấp tỉnh) quyết định theo đề nghị của Chủ tịch Ủy ban nhân dân cấp xã, người đứng đầu cơ quan, tổ chức;

- Hoàn thành nhiệm vụ tham gia Công an xã liên tục từ đủ 36 tháng trở lên;

- Cán bộ, công chức, viên chức, sinh viên tốt nghiệp đại học trở lên, đã được đào tạo và phong quân hàm sĩ quan dự bị;

- Thanh niên đã tốt nghiệp đại học, cao đẳng, trung cấp tình nguyện phục vụ tại đoàn kinh tế - quốc phòng từ đủ 24 tháng trở lên theo Đề án do Thủ tướng Chính phủ quyết định;

- Công dân phục vụ trên tàu kiểm ngư từ đủ 24 tháng trở lên.","nghia-vu-quan-su","","","","2025-09-09T09:00:00","https://thuvienphapluat.vn/hoi-dap-phap-luat/loan-thi-2-do-co-di-nghia-vu-quan-su-khong-138062706.html","2026-04-21T04:42:40.360887+00:00"
"138062658","Sinh năm 2012 khi nào đi nghĩa vụ quân sự?","Căn cứ theo Điều 30  Luật Nghĩa vụ quân sự 2015  quy định về độ tuổi gọi nhập ngũ như sau:

Điều 30. Độ tuổi gọi nhập ngũ

Công dân đủ 18 tuổi được gọi nhập ngũ; độ tuổi gọi nhập ngũ từ đủ 18 tuổi đến hết 25 tuổi; công dân được đào tạo trình độ cao đẳng, đại học đã được tạm hoãn gọi nhập ngũ thì độ tuổi gọi nhập ngũ đến hết 27 tuổi.

Theo quy định, độ tuổi đi nghĩa vụ quân sự là từ đủ 18 tuổi đến hết 25 tuổi. Đối với trường hợp công dân được đào tạo trình độ cao đẳng, đại học đã được tạm hoãn gọi nhập ngũ thì độ tuổi gọi nhập ngũ từ 18 tuổi đến hết 27 tuổi.

Như vậy, công dân sinh năm 2012 sẽ đủ 18 tuổi vào năm 2030. Do đó, thời gian sớm nhất mà người sinh năm 2012 có thể được gọi đi  nghĩa vụ quân sự  là vào năm 2030.

Trên đây là thông tin: Sinh năm 2012 khi nào đi nghĩa vụ quân sự?

Sinh năm 2012 khi nào đi nghĩa vụ quân sự? (Hình từ Internet)

Căn cứ theo Điều 21  Luật Nghĩa vụ quân sự 2015  quy định về thời hạn phục vụ tại ngũ của hạ sĩ quan, binh sĩ như sau:

Điều 21. Thời hạn phục vụ tại ngũ của hạ sĩ quan, binh sĩ

1. Thời hạn phục vụ tại ngũ trong thời bình của hạ sĩ quan, binh sĩ là 24 tháng.

2. Bộ trưởng Bộ Quốc phòng được quyết định kéo dài thời hạn phục vụ tại ngũ của hạ sĩ quan, binh sĩ nhưng không quá 06 tháng trong trường hợp sau đây:

a) Để bảo đảm nhiệm vụ sẵn sàng chiến đấu;

b) Đang thực hiện nhiệm vụ phòng, chống thiên tai, dịch bệnh, cứu hộ, cứu nạn.

3. Thời hạn phục vụ của hạ sĩ quan, binh sĩ trong tình trạng chiến tranh hoặc tình trạng khẩn cấp về quốc phòng được thực hiện theo lệnh tổng động viên hoặc động viên cục bộ.

Như vậy, thời gian phục vụ tại ngũ trong thời bình của hạ sĩ quan là 24 tháng.

Căn cứ theo Điều 6  Nghị định 120/2013/NĐ-CP  được sửa đổi bởi khoản 8 Điều 1  Nghị định 37/2022/NĐ-CP  nếu không có mặt đúng thời gian hoặc địa điểm kiểm tra, khám sức khỏe ghi trong lệnh gọi kiểm tra hoặc khám sức khỏe nghĩa vụ quân sự của Chỉ huy trưởng Ban Chỉ huy quân sự cấp huyện theo quy định hoặc cố ý không nhận lệnh gọi kiểm tra, khám sức khỏe nghĩa vụ quân sự của Chỉ huy trưởng Ban Chỉ huy quân sự cấp huyện theo quy định mà không có lý do chính đáng sẽ bị xử phạt hành chính.

Căn cứ theo Điều 4  Thông tư 07/2023/TT-BQP  quy định những lý do sau đây được xem là lý do chính đáng sẽ không bị phạt khi bỏ khám nghĩa vụ quân sự:

(1)  Người phải thực hiện việc kiểm tra hoặc khám sức khỏe thực hiện nghĩa vụ quân sự; khám sức khỏe tuyển chọn sĩ quan dự bị; chấp hành lệnh gọi nhập ngũ; lệnh gọi đi đào tạo sĩ quan dự bị; lệnh gọi tập trung huấn luyện, diễn tập, kiểm tra sẵn sàng động viên, sẵn sàng chiến đấu (sau đây viết gọn là người thực hiện nghĩa vụ quân sự) nhưng bị ốm đau, tai nạn hoặc trên đường đi bị ốm đau, tai nạn phải điều trị tại cơ sở khám bệnh, chữa bệnh.

(2)  Thân nhân của người thực hiện nghĩa vụ quân sự, gồm: Cha đẻ, mẹ đẻ; cha vợ, mẹ vợ hoặc cha chồng, mẹ chồng; cha nuôi, mẹ nuôi; người nuôi dưỡng hợp pháp; vợ hoặc chồng; con đẻ, con nuôi hợp pháp bị ốm đau, tai nạn nặng đang điều trị tại cơ sở khám bệnh, chữa bệnh.

(3)  Thân nhân của người thực hiện nghĩa vụ quân sự quy định tại  (2)  chết nhưng chưa tổ chức tang lễ hoặc tang lễ chưa kết thúc.

(4)  Nhà ở của người thực hiện nghĩa vụ quân sự hoặc nhà ở của thân nhân người thực hiện nghĩa vụ quân sự quy định tại điểm b khoản này nằm trong vùng đang bị thiên tai, dịch bệnh, hỏa hoạn làm ảnh hưởng nghiêm trọng đến cuộc sống.

(5)  Người thực hiện nghĩa vụ quân sự không nhận được lệnh gọi kiểm tra hoặc khám sức khỏe thực hiện nghĩa vụ quân sự; khám sức khỏe tuyển chọn sĩ quan dự bị; lệnh gọi nhập ngũ; lệnh gọi đi đào tạo sĩ quan dự bị; lệnh gọi tập trung huấn luyện, diễn tập, kiểm tra sẵn sàng động viên, sẵn sàng chiến đấu; hoặc có nhận được lệnh, nhưng trong lệnh không ghi rõ thời gian, địa điểm do lỗi của người hoặc cơ quan có trách nhiệm, hoặc do người khác có hành vi cản trở được quy định tại Điều 7  Thông tư 07/2023/TT-BQP .

Lưu ý:

- Trường hợp quy định tại (1), (2) phải có xác nhận của Ủy ban nhân dân cấp xã nơi cư trú hoặc cơ sở khám bệnh, chữa bệnh đã điều trị hoặc trạm y tế cấp xã nơi cư trú.

- Trường hợp quy định tại (3), (4) phải có xác nhận của Ủy ban nhân dân cấp xã nơi cư trú.

- Trường hợp quy định tại (5) phải có xác nhận của Ủy ban nhân dân cấp xã nơi cư trú hoặc cơ quan có thẩm quyền.","nghia-vu-quan-su","","","","2025-09-09T08:20:00","https://thuvienphapluat.vn/hoi-dap-phap-luat/sinh-nam-2012-khi-nao-di-nghia-vu-quan-su-138062658.html","2026-04-21T04:42:44.945726+00:00"
"138062634","Năm sinh 2003 khi nào hết tuổi nghĩa vụ quân sự?","Theo Điều 30  Luật Nghĩa vụ quân sự 2015  quy định độ tuổi gọi nhập ngũ như sau:

Điều 30. Độ tuổi gọi nhập ngũ

Công dân đủ 18 tuổi được gọi nhập ngũ; độ tuổi gọi nhập ngũ từ đủ 18 tuổi đến hết 25 tuổi; công dân được đào tạo trình độ cao đẳng, đại học đã được tạm hoãn gọi nhập ngũ thì độ tuổi gọi nhập ngũ đến hết 27 tuổi.

Theo đó, công dân sẽ được gọi nhập ngũ từ đủ 18 tuổi đến hết 25 tuổi; trường hợp được đào tạo trình độ cao đẳng, đại học đã được tạm hoãn gọi nhập ngũ thì độ tuổi gọi nhập ngũ đến hết 27 tuổi.

Như vậy, công dân sinh năm 2003 hết tuổi nghĩa vụ quân sự vào năm:

- 2029 đối với công dân không đào tạo trình độ cao đẳng, đại học;

- 2031 đối với công dân được đào tạo trình độ cao đẳng, đại học (được tạm hoãn gọi nhập ngũ)

Trên đây là thông tin về Năm sinh 2003 khi nào hết tuổi nghĩa vụ quân sự?

Năm sinh 2003 khi nào hết tuổi nghĩa vụ quân sự? (Hình từ Internet)

Căn cứ Điều 41  Luật Nghĩa vụ quân sự 2015  được bổ sung bởi điểm c khoản 1 Điều 49  Luật Dân quân tự vệ 2019  quy định:

[1]. Tạm hoãn gọi nhập ngũ đối với những công dân sau đây:

- Chưa đủ sức khỏe phục vụ tại ngũ theo kết luận của Hội đồng khám sức khỏe;

- Là lao động duy nhất phải trực tiếp nuôi dưỡng thân nhân không còn khả năng lao động hoặc chưa đến tuổi lao động; trong gia đình bị thiệt hại nặng về người và tài sản do tai nạn, thiên tai, dịch bệnh nguy hiểm gây ra được Ủy ban nhân dân cấp xã xác nhận;

- Một con của bệnh binh, người nhiễm chất độc da cam suy giảm khả năng lao động từ 61% đến 80%;

- Có anh, chị hoặc em ruột là hạ sĩ quan, binh sĩ đang phục vụ tại ngũ; hạ sĩ quan, chiến sĩ thực hiện nghĩa vụ tham gia Công an nhân dân;

- Người thuộc diện di dân, giãn dân trong 03 năm đầu đến các xã đặc biệt khó khăn theo dự án phát triển kinh tế - xã hội của Nhà nước do Ủy ban nhân dân cấp tỉnh trở lên quyết định;

- Cán bộ, công chức, viên chức, thanh niên xung phong được điều động đến công tác, làm việc ở vùng có điều kiện kinh tế - xã hội đặc biệt khó khăn theo quy định của pháp luật;

- Đang học tại cơ sở giáo dục phổ thông; đang được đào tạo trình độ đại học hệ chính quy thuộc cơ sở giáo dục đại học, trình độ cao đẳng hệ chính quy thuộc cơ sở giáo dục nghề nghiệp trong thời gian một khóa đào tạo của một trình độ đào tạo.

- Dân quân thường trực.

[2]. Miễn gọi nhập ngũ đối với những công dân sau đây:

- Con của liệt sĩ, con của thương binh hạng một;

- Một anh hoặc một em trai của liệt sĩ;

- Một con của thương binh hạng hai; một con của bệnh binh suy giảm khả năng lao động từ 81% trở lên; một con của người nhiễm chất độc da cam suy giảm khả năng lao động từ 81 % trở lên;

- Người làm công tác cơ yếu không phải là quân nhân, Công an nhân dân;

- Cán bộ, công chức, viên chức, thanh niên xung phong được điều động đến công tác, làm việc ở vùng có điều kiện kinh tế - xã hội đặc biệt khó khăn theo quy định của pháp luật từ 24 tháng trở lên.

[3]. Công dân thuộc diện tạm hoãn gọi nhập ngũ quy định tại khoản 1 Điều 41  Luật Nghĩa vụ quân sự 2015 , nếu không còn lý do tạm hoãn thì được gọi nhập ngũ.

Công dân thuộc diện được tạm hoãn gọi nhập ngũ hoặc được miễn gọi nhập ngũ quy định tại khoản 1 và khoản 2 Điều 41  Luật Nghĩa vụ quân sự 2015 , nếu tình nguyện thì được xem xét tuyển chọn và gọi nhập ngũ.

[4]. Danh sách công dân thuộc diện được tạm hoãn gọi nhập ngũ, được miễn gọi nhập ngũ phải được niêm yết công khai tại trụ sở Ủy ban nhân dân cấp xã, cơ quan, tổ chức trong thời hạn 20 ngày.

Căn cứ Điều 10  Luật Nghĩa vụ quân sự 2015  quy định các hành vi bị nghiêm cấm như sau:

- Trốn tránh thực hiện nghĩa vụ quân sự.

- Chống đối, cản trở việc thực hiện nghĩa vụ quân sự.

- Gian dối trong khám sức khỏe nghĩa vụ quân sự.

- Lợi dụng chức vụ, quyền hạn làm trái quy định về nghĩa vụ quân sự.

- Sử dụng hạ sĩ quan, binh sĩ trái quy định của pháp luật.

- Xâm phạm thân thể, sức khỏe; xúc phạm danh dự, nhân phẩm của hạ sĩ quan, binh sĩ.","nghia-vu-quan-su","","","","2025-09-09T06:30:00","https://thuvienphapluat.vn/hoi-dap-phap-luat/nam-sinh-2003-khi-nao-het-nghia-vu-quan-su-138062634.html","2026-04-21T04:42:49.841880+00:00"
"138062650","Sinh năm 2002 khi nào hết tuổi đi nghĩa vụ quân sự?","Căn cứ theo tại Điều 30  Luật Nghĩa vụ quân sự 2015  quy định về độ tuổi gọi nhập ngũ như sau:

Điều 30. Độ tuổi gọi nhập ngũ

Công dân đủ 18 tuổi được gọi nhập ngũ; độ tuổi gọi nhập ngũ từ đủ 18 tuổi đến hết 25 tuổi; công dân được đào tạo trình độ cao đẳng, đại học đã được tạm hoãn gọi nhập ngũ thì độ tuổi gọi nhập ngũ đến hết 27 tuổi.

Theo quy định, độ tuổi đi nghĩa vụ quân sự là từ đủ 18 tuổi đến hết 25 tuổi. Đối với trường hợp công dân được đào tạo trình độ cao đẳng, đại học đã được tạm hoãn gọi nhập ngũ thì độ tuổi gọi nhập ngũ từ 18 tuổi đến hết 27 tuổi.

Như vậy, đối với công dân sinh năm 2002 sẽ hết tuổi gọi nhập ngũ vào cuối năm 2028 (nếu không học đại học, cao đẳng) và cuối năm 2030 (nếu đã tạm hoãn nhập ngũ để học đại học, cao đẳng).

Trên đây là thông tin: Sinh năm 2002 khi nào hết tuổi đi nghĩa vụ quân sự?

Sinh năm 2002 khi nào hết tuổi đi nghĩa vụ quân sự? (Hình từ Internet)

Căn cứ khoản 1 Điều 13  Luật Nghĩa vụ quân sự 2015  được sửa đổi bởi khoản 3 Điều 4  Luật Sửa đổi 11 Luật về quân sự, quốc phòng 2025  quy định về đối tượng không được đăng ký nghĩa vụ quân sự như sau:

Điều 13. Đối tượng không được đăng ký nghĩa vụ quân sự

1. Công dân thuộc một trong các trường hợp sau đây không được đăng ký nghĩa vụ quân sự:

a) Đang bị truy cứu trách nhiệm hình sự; đang chấp hành hình phạt tù, cải tạo không giam giữ, quản chế hoặc đã chấp hành xong hình phạt tù nhưng chưa được xóa án tích;

b) Đang bị áp dụng biện pháp giáo dục tại cấp xã hoặc đưa vào trường giáo dưỡng, cơ sở giáo dục bắt buộc, cơ sở cai nghiện bắt buộc;

c) Bị tước quyền phục vụ trong lực lượng vũ trang nhân dân.

Như vậy, công dân sinh năm 2002 thuộc một trong các trường hợp sau đây không được đăng ký nghĩa vụ quân sự:

- Đang bị truy cứu trách nhiệm hình sự; đang chấp hành hình phạt tù, cải tạo không giam giữ, quản chế hoặc đã chấp hành xong hình phạt tù nhưng chưa được xóa án tích;

- Đang bị áp dụng biện pháp giáo dục tại cấp xã hoặc đưa vào trường giáo dưỡng, cơ sở giáo dục bắt buộc, cơ sở cai nghiện bắt buộc;

- Bị tước quyền phục vụ trong lực lượng vũ trang nhân dân.

Căn cứ theo Điều 4  Thông tư 148/2018/TT-BQP  được sửa đổi bởi khoản 1 Điều 1  Thông tư 68/2025/TT-BQP  quy định về tiêu chuẩn đi nghĩa vụ quân sự của công dân sinh năm 2002 cần đáp ứng như sau:

(1) Tuổi đời

- Công dân từ đủ 18 tuổi đến hết 25 tuổi.

- Công dân nam được đào tạo trình độ cao đẳng, đại học đã được tạm hoãn gọi nhập ngũ trong thời gian một khóa đào tạo của một trình độ đào tạo thì tuyển chọn và gọi nhập ngũ đến hết 27 tuổi.

(2) Tiêu chuẩn chính trị

- Thực hiện theo quy định tiêu chuẩn chính trị tuyển chọn công dân vào phục vụ trong Quân đội nhân dân Việt Nam.

- Thực hiện theo quy định của Bộ Quốc phòng đối với các cơ quan sau:

+ Cơ quan, đơn vị và vị trí trọng yếu cơ mật trong Quân đội;

+ Lực lượng Tiêu binh, Nghi lễ;

+ Lực lượng Vệ binh và Kiểm soát quân sự chuyên nghiệp;

(3) Tiêu chuẩn sức khỏe

- Tuyển chọn những công dân đạt sức khỏe loại 1, loại 2 và loại 3 theo quy định tại Điều 5  Thông tư 105/2023/TT-BQP , Điều 6  Thông tư 105/2023/TT-BQP .

- Đối với các cơ quan, đơn vị và vị trí trọng yếu cơ mật trong Quân đội; lực lượng Tiêu binh, Nghi lễ; lực lượng Vệ binh và Kiểm soát quân sự chuyên nghiệp thực hiện tuyển chọn theo quy định của Bộ Quốc phòng.

- Không gọi nhập ngũ vào Quân đội những công dân mắc tật khúc xạ cận thị lớn hơn 1.5 diop trở lên, viễn thị các mức độ; chỉ số BMI nhỏ hơn 18.0 hoặc lớn hơn 29.9.

(5) Tiêu chuẩn văn hóa

- Tuyển chọn và gọi nhập ngũ những công dân có trình độ văn hóa lớp 8 trở lên, lấy từ cao xuống thấp.

- Những địa phương có khó khăn không đảm bảo đủ chỉ tiêu giao quân thì báo cáo cấp có thẩm quyền xem xét, quyết định được tuyển chọn số công dân có trình độ văn hóa lớp 7.

- Các xã thuộc vùng sâu, vùng xa, vùng điều kiện kinh tế - xã hội đặc biệt khó khăn theo quy định của pháp luật;

- Đồng bào dân tộc thiểu số dưới 10.000 người thì được tuyển không quá 25% công dân có trình độ văn hóa cấp tiểu học, còn lại là trung học cơ sở trở lên.","nghia-vu-quan-su","","","","2025-09-08T20:00:00","https://thuvienphapluat.vn/hoi-dap-phap-luat/sinh-nam-2002-khi-nao-het-tuoi-di-nghia-vu-quan-su-138062650.html","2026-04-21T04:42:54.321607+00:00"
"138062708","Đi nghĩa vụ quân sự 18 tháng hay 24 tháng?","Căn cứ Điều 21  Luật Nghĩa vụ quân sự 2015  quy định thời hạn phục vụ tại ngũ của hạ sĩ quan, binh sĩ:

Điều 21. Thời hạn phục vụ tại ngũ của hạ sĩ quan, binh sĩ

1. Thời hạn phục vụ tại ngũ trong thời bình của hạ sĩ quan, binh sĩ là 24 tháng.

2. Bộ trưởng Bộ Quốc phòng được quyết định kéo dài thời hạn phục vụ tại ngũ của hạ sĩ quan, binh sĩ nhưng không quá 06 tháng trong trường hợp sau đây:

a) Để bảo đảm nhiệm vụ sẵn sàng chiến đấu;

b) Đang thực hiện nhiệm vụ phòng, chống thiên tai, dịch bệnh, cứu hộ, cứu nạn.

3. Thời hạn phục vụ của hạ sĩ quan, binh sĩ trong tình trạng chiến tranh hoặc tình trạng khẩn cấp về quốc phòng được thực hiện theo lệnh tổng động viên hoặc động viên cục bộ.

Theo quy định trên thời hạn phục vụ tại ngũ trong thời bình của hạ sĩ quan, binh sĩ là 24 tháng.

Như vậy, đi nghĩa vụ quân sự là  24 tháng .

Ngoài ra, đi nghĩa vụ quân sự có thể kéo dài thời hạn phục vụ tại ngũ của hạ sĩ quan, binh sĩ nhưng không quá 06 tháng

Tại Điều 43  Luật Nghĩa vụ quân sự 2015  quy định hạ sĩ quan, binh sĩ tại ngũ có thể được xuất ngũ trước thời hạn khi được Hội đồng giám định y khoa quân sự kết luận không đủ sức khỏe để tiếp tục phục vụ tại ngũ hoặc các trường hợp sau:

- Tạm hoãn gọi nhập ngũ đối với những công dân sau đây:

+ Là lao động duy nhất phải trực tiếp nuôi dưỡng thân nhân không còn khả năng lao động hoặc chưa đến tuổi lao động; trong gia đình bị thiệt hại nặng về người và tài sản do tai nạn, thiên tai, dịch bệnh nguy hiểm gây ra được Ủy ban nhân dân cấp xã xác nhận

+ Một con của bệnh binh, người nhiễm chất độc da cam suy giảm khả năng lao động từ 61% đến 80%

- Miễn gọi nhập ngũ đối với những công dân sau đây:

+ Con của liệt sĩ, con của thương binh hạng một

+ Một anh hoặc một em trai của liệt sĩ

+ Một con của thương binh hạng hai; một con của bệnh binh suy giảm khả năng lao động từ 81% trở lên; một con của người nhiễm chất độc da cam suy giảm khả năng lao động từ 81 % trở lên

* Trên đây là thông tin về đi  nghĩa vụ quân sự  18 tháng hay 24 tháng?

Đi nghĩa vụ quân sự 18 tháng hay 24 tháng? (Hình từ Internet)

Căn cứ Điều 8  Luật Nghĩa vụ quân sự 2015  quy định chức vụ, cấp bậc quân hàm của hạ sĩ quan, binh sĩ:

Điều 8. Chức vụ, cấp bậc quân hàm của hạ sĩ quan, binh sĩ

1. Chức vụ của hạ sĩ quan, binh sĩ:

a) Phó trung đội trưởng và tương đương;

b) Tiểu đội trưởng và tương đương;

c) Phó tiểu đội trưởng và tương đương;

d) Chiến sĩ.

2. Cấp bậc quân hàm của hạ sĩ quan, binh sĩ:

a) Thượng sĩ;

b) Trung sĩ;

c) Hạ sĩ;

d) Binh nhất;

đ) Binh nhì.

3. Hạ sĩ quan, binh sĩ tại ngũ và hạ sĩ quan, binh sĩ dự bị được phong, thăng cấp bậc quân hàm tương ứng với chức vụ; có thành tích xuất sắc trong thực hiện nhiệm vụ thì được thăng quân hàm trước thời hạn; có thành tích đặc biệt xuất sắc thì được xét thăng quân hàm vượt bậc.

4. Bộ trưởng Bộ Quốc phòng quy định phong, thăng, giáng, tước cấp bậc quân hàm; bổ nhiệm chức vụ, giáng chức, cách chức; quy định chức vụ tương đương và cấp bậc quân hàm cao nhất đối với chức vụ của hạ sĩ quan, binh sĩ quy định tại khoản 1 và khoản 2 Điều này.

Theo quy định trên, hạ sĩ quan, binh sĩ có các cấp bậc quân hàm sau:

- Thượng sĩ

- Trung sĩ

- Hạ sĩ

- Binh nhất

- Binh nhì

Căn cứ khoản 1 Điều 3  Nghị định 14/2016/NĐ-CP  quy định ngành, nghề chuyên môn của công dân nữ phù hợp yêu cầu Quân đội nhân dân:

Điều 3. Ngành, nghề chuyên môn của công dân nữ phù hợp yêu cầu Quân đội nhân dân

1. Trình độ thạc sĩ, tiến sĩ

a) Ngôn ngữ và văn hóa nước ngoài: Ngôn ngữ Anh; Ngôn ngữ Nga; Ngôn ngữ Pháp; Ngôn ngữ Trung Quốc; Ngôn ngữ Nhật;

b) Báo chí và Truyền thông: Báo chí học; Truyền thông đại chúng;

c) Văn thư - lưu trữ: Lưu trữ học; Bảo tàng học;

d) Tài chính;

đ) Kế toán;

e) Luật: Luật dân sự và tố tụng dân sự; Luật hình sự và tố tụng hình sự; Luật kinh tế; Luật quốc tế;

g) Máy tính và công nghệ thông tin: Khoa học máy tính; Kỹ thuật phần mềm; Hệ thống thông tin; Công nghệ thông tin;

h) Kỹ thuật điện, điện tử và viễn thông: Kỹ thuật điện; Kỹ thuật điện tử; Kỹ thuật ra đa - dẫn đường; Kỹ thuật viễn thông; Kỹ thuật mật mã;

[...]

Như vậy, công dân nữ có trình độ thạc sĩ, tiến sĩ thì ngành, nghề chuyên môn sau phù hợp yêu cầu Quân đội nhân dân:

- Ngôn ngữ và văn hóa nước ngoài: Ngôn ngữ Anh; Ngôn ngữ Nga; Ngôn ngữ Pháp; Ngôn ngữ Trung Quốc; Ngôn ngữ Nhật;

- Báo chí và Truyền thông: Báo chí học; Truyền thông đại chúng;

- Văn thư - lưu trữ: Lưu trữ học; Bảo tàng học;

- Tài chính;

- Kế toán;

- Luật: Luật dân sự và tố tụng dân sự; Luật hình sự và tố tụng hình sự; Luật kinh tế; Luật quốc tế;

- Máy tính và công nghệ thông tin: Khoa học máy tính; Kỹ thuật phần mềm; Hệ thống thông tin; Công nghệ thông tin;

- Kỹ thuật điện, điện tử và viễn thông: Kỹ thuật điện; Kỹ thuật điện tử; Kỹ thuật ra đa - dẫn đường; Kỹ thuật viễn thông; Kỹ thuật mật mã;

- Y, Dược: Vi sinh học; Ký sinh trùng y học; Dịch tễ học; Dược lý và chất độc; Gây mê hồi sức; Hồi sức cấp cứu và chống độc; Ngoại khoa; Sản phụ khoa; Nội khoa; Thần kinh và tâm thần; Ung thư; Lao; Huyết học và truyền máu; Da liễu; Truyền nhiễm và các bệnh nhiệt đới; Tai - Mũi - Họng; Nhãn khoa; Y học dự phòng; Phục hồi chức năng; Chẩn đoán hình ảnh; Y học cổ truyền; Dinh dưỡng; Y học hạt nhân; Kỹ thuật hình ảnh y học; Vật lý trị liệu; Công nghệ dược phẩm và bào chế thuốc; Dược lý và dược lâm sàng; Dược học cổ truyền; Kiểm nghiệm thuốc và độc chất; Điều dưỡng; Răng - Hàm - Mặt.","nghia-vu-quan-su","","","","2025-09-08T19:10:00","https://thuvienphapluat.vn/hoi-dap-phap-luat/di-nghia-vu-quan-su-18-thang-hay-24-thang-138062708.html","2026-04-21T04:42:59.080524+00:00"
"138062645","Sinh năm 2005 khi nào hết tuổi đi nghĩa vụ quân sự?","Căn cứ theo tại Điều 30  Luật Nghĩa vụ quân sự 2015  quy định về độ tuổi gọi nhập ngũ như sau:

Điều 30. Độ tuổi gọi nhập ngũ

Công dân đủ 18 tuổi được gọi nhập ngũ; độ tuổi gọi nhập ngũ từ đủ 18 tuổi đến hết 25 tuổi; công dân được đào tạo trình độ cao đẳng, đại học đã được tạm hoãn gọi nhập ngũ thì độ tuổi gọi nhập ngũ đến hết 27 tuổi.

Theo quy định, độ tuổi đi nghĩa vụ quân sự là từ đủ 18 tuổi đến hết 25 tuổi. Đối với trường hợp công dân được đào tạo trình độ cao đẳng, đại học đã được tạm hoãn gọi nhập ngũ thì độ tuổi gọi nhập ngũ từ 18 tuổi đến hết 27 tuổi.

Đối với công dân sinh năm 2005 sẽ hết tuổi đi nghĩa vụ quân sự vào năm 2031 (trường hợp không học đại học, cao đẳng) hoặc hết năm 2033 (trường hợp học cao đẳng, đại học được tạm hoãn gọi nhập ngũ).

Vừa rồi là câu trả lời câu hỏi: ""Sinh năm 2005 khi nào hết tuổi đi nghĩa vụ quân sự?""

Sinh năm 2005 khi nào hết tuổi đi nghĩa vụ quân sự? (Hình từ Internet)

Căn cứ tại Điều 56  Luật Nghĩa vụ quân sự 2015  sửa đổi bởi khoản 20 Điều 4  Luật Sửa đổi 11 Luật về quân sự, quốc phòng 2025  quy định nhiệm vụ, quyền hạn của các bộ, cơ quan ngang bộ đối với nghĩa vụ quân sự như sau:

- Bộ Công an chỉ đạo Công an các địa phương phối hợp với cơ quan quân sự cùng cấp tổ chức thực hiện pháp luật về nghĩa vụ quân sự.

- Bộ Y tế chỉ đạo cơ quan y tế địa phương chủ trì phối hợp với cơ quan quân sự cùng cấp và các cơ quan, đơn vị liên quan tổ chức sơ tuyển sức khỏe, khám sức khỏe nghĩa vụ quân sự; phối hợp với Bộ Quốc phòng để quy định về tiêu chuẩn sức khỏe thực hiện nghĩa vụ quân sự.

- Bộ Giáo dục và Đào tạo chủ trì phối hợp với Bộ Quốc phòng để chỉ đạo, hướng dẫn các cơ sở giáo dục, các đơn vị, cơ sở giáo dục nghề nghiệp thuộc phạm vi quản lý thực hiện pháp luật về nghĩa vụ quân sự và thực hiện đào tạo cán bộ, nhân viên chuyên môn kỹ thuật cho quân đội theo quyết định của Thủ tướng Chính phủ; tổ chức thực hiện chính sách dạy nghề đối với hạ sĩ quan, binh sĩ xuất ngũ theo quy định.

- Bộ Nội vụ tổ chức thực hiện chính sách việc làm đối với hạ sĩ quan, binh sĩ xuất ngũ theo quy định.

- Bộ Văn hóa, Thể thao và Du lịch chỉ đạo các cơ quan thông tin đại chúng tổ chức tuyên truyền, phổ biến, giáo dục pháp luật về nghĩa vụ quân sự theo quy định của pháp luật.

- Bộ, cơ quan ngang bộ và cơ quan, tổ chức trong phạm vi nhiệm vụ, quyền hạn có trách nhiệm phối hợp với Bộ Quốc phòng thực hiện quy định của pháp luật về nghĩa vụ quân sự.

Theo khoản 1 Điều 50  Luật Nghĩa vụ quân sự 2015  quy định chế độ, chính sách đối với công dân trong thời gian đi nghĩa vụ quân sự như sau:

- Được bảo đảm cung cấp kịp thời, đủ số lượng, đúng chất lượng về lương thực, thực phẩm, quân trang, thuốc phòng bệnh, chữa bệnh; được bảo đảm chỗ ở, phụ cấp hàng tháng, nhu yếu phẩm và nhu cầu về văn hóa, tinh thần phù hợp với tính chất nhiệm vụ của quân đội; được bảo đảm chế độ trong các ngày lễ, tết; được bảo đảm chăm sóc sức khỏe khi bị thương, bị ốm đau, bị tai nạn theo quy định của pháp luật.

- Từ tháng thứ mười ba trở đi được nghỉ phép theo chế độ; các trường hợp nghỉ vì lý do đột xuất khác do Bộ trưởng Bộ Quốc phòng quy định.

- Từ tháng thứ hai mươi lăm trở đi được hưởng thêm 250% phụ cấp quân hàm hiện hưởng hàng tháng.

- Được tính nhân khẩu trong gia đình khi gia đình được giao hoặc điều chỉnh diện tích nhà ở, đất xây dựng nhà ở và đất canh tác.

- Được tính thời gian phục vụ tại ngũ vào thời gian công tác.

- Được ưu đãi về bưu phí.

- Có thành tích trong chiến đấu, công tác, huấn luyện được khen thưởng theo quy định của pháp luật.

- Trong trường hợp bị thương, bị bệnh khi làm nhiệm vụ thi được hưởng chế độ ưu đãi theo quy định của pháp luật.

- Được Nhà nước bảo đảm chế độ bảo hiểm xã hội, bảo hiểm y tế theo quy định của Luật bảo hiểm xã hội, Luật bảo hiểm y tế.

- Được tạm hoãn trả và không tính lãi suất khoản vay từ Ngân hàng chính sách xã hội mà trước khi nhập ngũ là thành viên hộ nghèo, học sinh, sinh viên theo quy định của pháp luật.

- Được ưu tiên trong tuyển sinh quân sự.","nghia-vu-quan-su","","","","2025-09-08T18:00:00","https://thuvienphapluat.vn/hoi-dap-phap-luat/sinh-nam-2005-khi-nao-het-tuoi-di-nghia-vu-quan-su-138062645.html","2026-04-21T04:43:04.097081+00:00"
"138062606","Mức hỗ trợ chi phí điều trị tật khúc xạ mắt đối với công dân đăng ký thực hiện NVQS, nghĩa vụ tham gia CAND tại TPHCM bao nhiêu?","Căn cứ Nghị quyết 34/2025/NQ-HĐND của Hội đồng Nhân dân TPHCM   Tải về   quy định:

Điều 2. Mức hỗ trợ, phương thức hỗ trợ

1. Mức hỗ trợ: theo chi phí thực tế nhưng tối đa không quá 12.500.000 đồng (mười hai triệu năm trăm ngàn đồng) đối với trường hợp phẫu thuật 01 mắt và tối đa không quá 25.000.000 đồng (hai mươi lăm triệu đồng) đối với trường hợp phẫu thuật 02 mắt.

2. Phương thức hỗ trợ:

- Uỷ ban nhân dân Thành phố phân bổ kinh phí cho Ủy ban nhân dân xã, phường, đặc khu để chi trực tiếp cho công dân (thuộc khoản 2 Điều 1 Nghị quyết này) mức hỗ trợ theo quy định tại khoản 1 Điều 2 Nghị quyết này.

- Các đối tượng được thụ hưởng chính sách theo Nghị quyết này nhưng không tham gia nghĩa vụ quân sự, nghĩa vụ tham gia Công an nhân dân theo quy định thì Ủy ban nhân dân xã, phường, đặc khu có trách nhiệm thu hồi chi phí hỗ trợ và nộp ngân sách theo quy định.

Như vậy, mức hỗ trợ chi phí điều trị tật khúc xạ mắt đối với công dân đăng ký thực hiện NVQS, nghĩa vụ tham gia CAND tại TPHCM theo chi phí thực tế:

- Tối đa không quá 12.500.000 đồng (mười hai triệu năm trăm ngàn đồng) đối với trường hợp phẫu thuật 01 mắt;

- Tối đa không quá 25.000.000 đồng (hai mươi lăm triệu đồng) đối với trường hợp phẫu thuật 02 mắt.

Trên đây là thông tin về Mức hỗ trợ chi phí điều trị tật khúc xạ mắt đối với công dân đăng ký thực hiện NVQS, nghĩa vụ tham gia CAND tại TPHCM bao nhiêu?

Mức hỗ trợ chi phí điều trị tật khúc xạ mắt đối với công dân đăng ký thực hiện NVQS, nghĩa vụ tham gia CAND tại TPHCM bao nhiêu? (Hình từ Internet)

Căn cứ Điều 15  Luật Nghĩa vụ quân sự 2015  được sửa đổi bởi khoản 4 Điều 4  Luật sửa đổi 11 Luật về quân sự, quốc phòng 2025  quy định cơ quan thực hiện đăng ký nghĩa vụ quân sự như sau:

- Ban Chỉ huy quân sự cấp xã thực hiện đăng ký nghĩa vụ quân sự cho công dân cư trú tại địa phương.

- Ban chỉ huy quân sự cơ quan, tổ chức ở cơ sở thực hiện đăng ký nghĩa vụ quân sự cho công dân làm việc, học tập tại cơ quan, tổ chức và tổng hợp báo cáo Ủy ban nhân dân cấp xã nơi cơ quan, tổ chức đặt trụ sở; trường hợp cơ quan, tổ chức không có Ban chỉ huy quân sự ở cơ sở thì người đứng đầu hoặc người đại diện hợp pháp của cơ quan, tổ chức có trách nhiệm tổ chức cho công dân thực hiện đăng ký nghĩa vụ quân sự tại nơi cư trú.

Căn cứ theo Điều 13  Luật Nghĩa vụ quân sự 2015  được sửa đổi bởi khoản 3 Điều 4  Luật Sửa đổi 11 Luật về quân sự, quốc phòng 2025  quy định:

Điều 13. Đối tượng không được đăng ký nghĩa vụ quân sự

1. Công dân thuộc một trong các trường hợp sau đây không được đăng ký nghĩa vụ quân sự:

a) Đang bị truy cứu trách nhiệm hình sự; đang chấp hành hình phạt tù, cải tạo không giam giữ, quản chế hoặc đã chấp hành xong hình phạt tù nhưng chưa được xóa án tích;

b) Đang bị áp dụng biện pháp giáo dục tại cấp xã hoặc đưa vào trường giáo dưỡng, cơ sở giáo dục bắt buộc, cơ sở cai nghiện bắt buộc;

c) Bị tước quyền phục vụ trong lực lượng vũ trang nhân dân.

2. Khi hết thời hạn áp dụng các biện pháp quy định tại khoản 1 Điều này, công dân được đăng ký nghĩa vụ quân sự.

Như vậy, công dân thuộc một trong các trường hợp sau đây không được đăng ký nghĩa vụ quân sự:

- Đang bị truy cứu trách nhiệm hình sự; đang chấp hành hình phạt tù, cải tạo không giam giữ, quản chế hoặc đã chấp hành xong hình phạt tù nhưng chưa được xóa án tích;

- Đang bị áp dụng biện pháp giáo dục tại cấp xã hoặc đưa vào trường giáo dưỡng, cơ sở giáo dục bắt buộc, cơ sở cai nghiện bắt buộc;

- Bị tước quyền phục vụ trong lực lượng vũ trang nhân dân.

Lưu ý:  Khi hết thời hạn áp dụng các biện pháp nêu trên, công dân được đăng ký nghĩa vụ quân sự.","nghia-vu-quan-su","","","","2025-09-06T16:47:00","https://thuvienphapluat.vn/hoi-dap-phap-luat/muc-ho-tro-chi-phi-dieu-tri-tat-khuc-xa-mat-doi-voi-cong-dan-dang-ky-thuc-hien-nvqs-nghia-vu-tham-g-138062606.html","2026-04-21T04:43:08.829895+00:00"
"138060208","Năm 2025, không thực hiện đăng ký nghĩa vụ quân sự tạm vắng bị phạt bao nhiêu tiền?","Căn cứ điểm đ khoản 2 Điều 8  Nghị định 218/2025/NĐ-CP  quy định về vi phạm các quy định về đăng ký nghĩa vụ quân sự như sau:

Điều 8. Vi phạm các quy định về đăng ký nghĩa vụ quân sự

[...]

2. Phạt tiền từ 8.000.000 đồng đến 10.000.000 đồng đối với một trong các hành vi sau:

[...]

đ) Không thực hiện đăng ký nghĩa vụ quân sự tạm vắng khi đi khỏi nơi cư trú hoặc nơi làm việc, học tập từ 03 tháng trở lên, hoặc không đăng ký lại khi trở về nơi cư trú hoặc nơi làm việc, học tập trong thời hạn 05 ngày làm việc, kể từ ngày trở về sau thời gian tạm vắng.

[...]

6. Biện pháp khắc phục hậu quả:

a) Buộc thực hiện thủ tục đăng ký nghĩa vụ quân sự lần đầu; đăng ký phục vụ trong ngạch dự bị; đăng ký nghĩa vụ quân sự bổ sung; đăng ký khi thay đổi nơi cư trú hoặc nơi làm việc, học tập; đăng ký tạm vắng đối với hành vi vi phạm định tại khoản 1; các điểm a, b, c, d và đ khoản 2 Điều này;

b) Buộc thực hiện việc báo cáo theo quy định đối với hành vi vi phạm quy định tại khoản 5 Điều này.

Như vậy, người không đăng ký nghĩa vụ quân sự tạm vắng có thể bị tiền từ 8.000.000 đồng đến 10.000.000 đồng và bị buộc đăng ký nghĩa vụ quân sự tạm vắng .

Lưu ý: Đối với tổ chức có cùng hành vi vi phạm, mức phạt tiền bằng 02 lần mức phạt tiền đối với cá nhân. (Theo khoản 2 Điều 7  Nghị định 218/2025/NĐ-CP )

Năm 2025, không thực hiện đăng ký nghĩa vụ quân sự tạm vắng bị phạt bao nhiêu tiền? (Hình từ Internet)

Căn cứ khoản 4 Điều 4  Luật Nghĩa vụ quân sự 2015  được sửa đổi bởi khoản 2 Điều 4  Luật Sửa đổi 11 Luật về quân sự, quốc phòng 2025  quy định về nghĩa vụ quân sự như sau:

Điều 4. Nghĩa vụ quân sự

[...]

4. Công dân thuộc một trong các trường hợp sau đây được công nhận hoàn thành nghĩa vụ quân sự tại ngũ trong thời bình:

a) Dân quân thường trực có ít nhất 24 tháng phục vụ thì được công nhận hoàn thành thực hiện nghĩa vụ quân sự trong thời bình do Tư lệnh Bộ Tư lệnh Thủ đô Hà Nội, Tư lệnh Bộ Tư lệnh Thành phố Hồ Chí Minh, Chỉ huy trưởng Bộ chỉ huy quân sự cấp tỉnh (sau đây gọi là Chỉ huy trưởng Bộ chỉ huy quân sự cấp tỉnh) quyết định theo đề nghị của Chủ tịch Ủy ban nhân dân cấp xã, người đứng đầu cơ quan, tổ chức

b) Hoàn thành nhiệm vụ tham gia Công an xã liên tục từ đủ 36 tháng trở lên;

c) Cán bộ, công chức, viên chức, sinh viên tốt nghiệp đại học trở lên, đã được đào tạo và phong quân hàm sĩ quan dự bị;

d) Thanh niên đã tốt nghiệp đại học, cao đẳng, trung cấp tình nguyện phục vụ tại đoàn kinh tế - quốc phòng từ đủ 24 tháng trở lên theo Đề án do Thủ tướng Chính phủ quyết định;

đ) Công dân phục vụ trên tàu kiểm ngư từ đủ 24 tháng trở lên.

Như vậy, công dân thuộc một trong các trường hợp sau đây được công nhận hoàn thành nghĩa vụ quân sự tại ngũ trong thời bình:

- Dân quân thường trực có ít nhất 24 tháng phục vụ thì được công nhận hoàn thành thực hiện nghĩa vụ quân sự trong thời bình do Tư lệnh Bộ Tư lệnh Thủ đô Hà Nội, Tư lệnh Bộ Tư lệnh Thành phố Hồ Chí Minh, Chỉ huy trưởng Bộ chỉ huy quân sự cấp tỉnh (sau đây gọi là Chỉ huy trưởng Bộ chỉ huy quân sự cấp tỉnh) quyết định theo đề nghị của Chủ tịch Ủy ban nhân dân cấp xã, người đứng đầu cơ quan, tổ chức

- Hoàn thành nhiệm vụ tham gia Công an xã liên tục từ đủ 36 tháng trở lên;

- Cán bộ, công chức, viên chức, sinh viên tốt nghiệp đại học trở lên, đã được đào tạo và phong quân hàm sĩ quan dự bị;

- Thanh niên đã tốt nghiệp đại học, cao đẳng, trung cấp tình nguyện phục vụ tại đoàn kinh tế - quốc phòng từ đủ 24 tháng trở lên theo Đề án do Thủ tướng Chính phủ quyết định;

- Công dân phục vụ trên tàu kiểm ngư từ đủ 24 tháng trở lên.

Căn cứ khoản 1 Điều 13  Luật Nghĩa vụ quân sự 2015  được sửa đổi bởi khoản 3 Điều 4  Luật Sửa đổi 11 Luật về quân sự, quốc phòng 2025  quy định về đối tượng không được đăng ký nghĩa vụ quân sự như sau:

Điều 13. Đối tượng không được đăng ký nghĩa vụ quân sự

1. Công dân thuộc một trong các trường hợp sau đây không được đăng ký nghĩa vụ quân sự:

a) Đang bị truy cứu trách nhiệm hình sự; đang chấp hành hình phạt tù, cải tạo không giam giữ, quản chế hoặc đã chấp hành xong hình phạt tù nhưng chưa được xóa án tích;

b) Đang bị áp dụng biện pháp giáo dục tại cấp xã hoặc đưa vào trường giáo dưỡng, cơ sở giáo dục bắt buộc, cơ sở cai nghiện bắt buộc;

c) Bị tước quyền phục vụ trong lực lượng vũ trang nhân dân.

Như vậy, công dân thuộc một trong các trường hợp sau đây không được đăng ký nghĩa vụ quân sự:

- Đang bị truy cứu trách nhiệm hình sự; đang chấp hành hình phạt tù, cải tạo không giam giữ, quản chế hoặc đã chấp hành xong hình phạt tù nhưng chưa được xóa án tích;

- Đang bị áp dụng biện pháp giáo dục tại cấp xã hoặc đưa vào trường giáo dưỡng, cơ sở giáo dục bắt buộc, cơ sở cai nghiện bắt buộc;

- Bị tước quyền phục vụ trong lực lượng vũ trang nhân dân.

Căn cứ Điều 11  Luật Nghĩa vụ quân sự 2015  quy định về nguyên tắc đăng ký nghĩa vụ quân sự và quản lý công dân trong độ tuổi thực hiện nghĩa vụ quân sự như sau:

Điều 11. Nguyên tắc đăng ký nghĩa vụ quân sự và quản lý công dân trong độ tuổi thực hiện nghĩa vụ quân sự

1. Đúng đối tượng, trình tự thủ tục, chế độ chính sách theo quy định của pháp luật.

2. Thống nhất, công khai, minh bạch, thuận lợi cho công dân.

3. Quản lý chặt chẽ, nắm chắc số lượng, chất lượng, nhân thân của công dân trong độ tuổi thực hiện nghĩa vụ quân sự.

4. Mọi thay đổi về cư trú của công dân trong độ tuổi thực hiện nghĩa vụ quân sự phải được đăng ký và quản lý theo quy định của pháp luật.

Như vậy, nguyên tắc đăng ký nghĩa vụ quân sự và quản lý công dân trong độ tuổi thực hiện nghĩa vụ quân sự như sau:

- Đúng đối tượng, trình tự thủ tục, chế độ chính sách theo quy định của pháp luật.

- Thống nhất, công khai, minh bạch, thuận lợi cho công dân.

- Quản lý chặt chẽ, nắm chắc số lượng, chất lượng, nhân thân của công dân trong độ tuổi thực hiện nghĩa vụ quân sự.

- Mọi thay đổi về cư trú của công dân trong độ tuổi thực hiện nghĩa vụ quân sự phải được đăng ký và quản lý theo quy định của pháp luật.","nghia-vu-quan-su","","","","2025-08-18T09:45:00","https://thuvienphapluat.vn/hoi-dap-phap-luat/nam-2025-khong-thuc-hien-dang-ky-nghia-vu-quan-su-tam-vang-bi-phat-bao-nhieu-tien-138060208.html","2026-04-21T04:43:12.756654+00:00"
"138060168","Dân quân thường trực phải phục vụ bao nhiêu tháng thì được công nhận hoàn thành thực hiện nghĩa vụ quân sự?","Căn cứ khoản 3 Điều 13  Luật Dân quân tự vệ 2019  quy định về hoàn thành nghĩa vụ tham gia Dân quân tự vệ như sau:

Điều 13. Hoàn thành nghĩa vụ tham gia Dân quân tự vệ

[...]

3. Dân quân thường trực được công nhận hoàn thành thực hiện nghĩa vụ quân sự tại ngũ trong thời bình theo quy định của Luật Nghĩa vụ quân sự.

Căn cứ điểm a khoản 4 Điều 4  Luật Nghĩa vụ quân sự 2015  được sửa đổi bởi khoản 2 Điều 4 Luật sửa đổi 11 Luật về quân sự, quốc phòng 2025 quy định về nghĩa vụ quân sự như sau:

Điều 4. Nghĩa vụ quân sự

[...]

4. Công dân thuộc một trong các trường hợp sau đây được công nhận hoàn thành nghĩa vụ quân sự tại ngũ trong thời bình:

a) Dân quân thường trực có ít nhất 24 tháng phục vụ  thì được công nhận hoàn thành thực hiện nghĩa vụ quân sự trong thời bình do Tư lệnh Bộ Tư lệnh Thủ đô Hà Nội, Tư lệnh Bộ Tư lệnh Thành phố Hồ Chí Minh, Chỉ huy trưởng Bộ chỉ huy quân sự cấp tỉnh (sau đây gọi là Chỉ huy trưởng Bộ chỉ huy quân sự cấp tỉnh) quyết định theo đề nghị của Chủ tịch Ủy ban nhân dân cấp xã, người đứng đầu cơ quan, tổ chức;

[...]

Như vậy, dân quân thường trực phải phục vụ ít nhất 24 tháng thì được công nhận hoàn thành thực hiện nghĩa vụ quân sự.

Dân quân thường trực phải phục vụ bao nhiêu tháng thì được công nhận hoàn thành thực hiện nghĩa vụ quân sự? (Hình từ Internet)

Căn cứ khoản 1 Điều 34  Luật Dân quân tự vệ 2019  quy định về chế độ, chính sách đối với Dân quân tự vệ khi làm nhiệm vụ như sau:

Điều 34. Chế độ, chính sách đối với Dân quân tự vệ khi làm nhiệm vụ

1. Chế độ, chính sách đối với dân quân khi làm nhiệm vụ được quy định như sau:

a) Đối với dân quân tại chỗ, dân quân cơ động, dân quân phòng không, pháo binh, trinh sát, thông tin, công binh, phòng hóa, y tế được trợ cấp ngày công lao động, bảo đảm tiền ăn; được hưởng chế độ khi làm nhiệm vụ từ 22 giờ đến 06 giờ sáng ngày hôm sau, ngày nghỉ, ngày lễ, khi thực hiện công việc nặng nhọc, độc hại, nguy hiểm hoặc đặc biệt nặng nhọc, độc hại, nguy hiểm theo quy định của pháp luật về lao động; được trợ cấp ngày công lao động tăng thêm trong trường hợp được kéo dài thời hạn thực hiện nghĩa vụ tham gia Dân quân tự vệ.

Khi làm nhiệm vụ trên biển được hưởng phụ cấp đặc thù đi biển; khi làm nhiệm vụ cách xa nơi cư trú, không có điều kiện đi, về hằng ngày thì được bố trí nơi nghỉ, bảo đảm phương tiện, chi phí đi lại hoặc thanh toán tiền tàu, xe một lần đi và về;

b) Đối với dân quân biển được hưởng chế độ, chính sách quy định tại điểm a khoản này; khi làm nhiệm vụ đấu tranh bảo vệ hải đảo, vùng biển được hưởng trợ cấp ngày công lao động, tiền ăn tăng thêm; trường hợp là thuyền trưởng, máy trưởng được hưởng phụ cấp trách nhiệm tính theo ngày thực tế hoạt động trên biển;

c) Đối với dân quân thường trực được hưởng chế độ, chính sách quy định tại điểm a khoản này; được hưởng trợ cấp một lần khi được công nhận hoàn thành nghĩa vụ quân sự tại ngũ trong thời bình; được hưởng chế độ bảo hiểm xã hội, bảo hiểm y tế như hạ sĩ quan, binh sĩ Quân đội nhân dân Việt Nam đang tại ngũ; được bảo đảm nơi ăn, nghỉ.

[...]

Như vậy, dân quân thường trực được hưởng chế độ, chính sách như sau:

- Được trợ cấp ngày công lao động, bảo đảm tiền ăn;

- Được hưởng chế độ khi làm nhiệm vụ từ 22 giờ đến 06 giờ sáng ngày hôm sau, ngày nghỉ, ngày lễ, khi thực hiện công việc nặng nhọc, độc hại, nguy hiểm hoặc đặc biệt nặng nhọc, độc hại, nguy hiểm theo quy định của pháp luật về lao động;

- Được trợ cấp ngày công lao động tăng thêm trong trường hợp được kéo dài thời hạn thực hiện nghĩa vụ tham gia Dân quân tự vệ;

- Được hưởng trợ cấp một lần khi được công nhận hoàn thành nghĩa vụ quân sự tại ngũ trong thời bình;

- Được hưởng chế độ bảo hiểm xã hội, bảo hiểm y tế như hạ sĩ quan, binh sĩ Quân đội nhân dân Việt Nam đang tại ngũ; được bảo đảm nơi ăn, nghỉ.

Căn cứ khoản 1 Điều 28  Luật Dân quân tự vệ 2019  quy định về huấn luyện quân sự, giáo dục chính trị, pháp luật, hội thi, hội thao, diễn tập cho Dân quân tự vệ như sau:

Điều 28. Huấn luyện quân sự, giáo dục chính trị, pháp luật, hội thi, hội thao, diễn tập cho Dân quân tự vệ

1. Trong thời bình, thời gian huấn luyện quân sự, giáo dục chính trị, pháp luật hằng năm được quy định như sau:

a) Dân quân tự vệ năm thứ nhất là 15 ngày, trừ dân quân thường trực;

b) Dân quân tự vệ từ năm thứ hai trở đi là 12 ngày đối với Dân quân tự vệ cơ động, Dân quân tự vệ biển, Dân quân tự vệ phòng không, pháo binh, trinh sát, thông tin, công binh, phòng hóa, y tế; 07 ngày đối với Dân quân tự vệ tại chỗ;

c) Dân quân thường trực là 60 ngày.

[...]

Theo đó, thời gian huấn luyện quân sự, giáo dục chính trị, pháp luật, hội thi, hội thao, diễn tập cho dân quân thường trực là 60 ngày.","nghia-vu-quan-su","","","","2025-08-16T15:50:00","https://thuvienphapluat.vn/hoi-dap-phap-luat/dan-quan-thuong-truc-phai-phuc-vu-bao-nhieu-thang-thi-duoc-cong-nhan-hoan-thanh-thuc-hien-nghia-vu--138060168.html","2026-04-21T04:43:20.217607+00:00"
"138059688","Tiêu chuẩn đi nghĩa vụ quân sự 2026 cần đáp ứng là gì?","Căn cứ theo Điều 4  Thông tư 148/2018/TT-BQP  được sửa đổi bởi khoản 1 Điều 1  Thông tư 68/2025/TT-BQP  quy định về tiêu chuẩn đi nghĩa vụ quân sự cần đáp ứng như sau:

(1) Tuổi đời

- Công dân từ đủ 18 tuổi đến hết 25 tuổi.

- Công dân nam được đào tạo trình độ cao đẳng, đại học đã được tạm hoãn gọi nhập ngũ trong thời gian một khóa đào tạo của một trình độ đào tạo thì tuyển chọn và gọi nhập ngũ đến hết 27 tuổi.

(2) Tiêu chuẩn chính trị

- Thực hiện theo quy định tiêu chuẩn chính trị tuyển chọn công dân vào phục vụ trong Quân đội nhân dân Việt Nam.

- Thực hiện theo quy định của Bộ Quốc phòng đối với các cơ quan sau:

+ Cơ quan, đơn vị và vị trí trọng yếu cơ mật trong Quân đội;

+ Lực lượng Tiêu binh, Nghi lễ;

+ Lực lượng Vệ binh và Kiểm soát quân sự chuyên nghiệp;

(3) Tiêu chuẩn sức khỏe

- Tuyển chọn những công dân đạt sức khỏe loại 1, loại 2 và loại 3 theo quy định tại Điều 5  Thông tư 105/2023/TT-BQP , Điều 6  Thông tư 105/2023/TT-BQP .

- Đối với các cơ quan, đơn vị và vị trí trọng yếu cơ mật trong Quân đội; lực lượng Tiêu binh, Nghi lễ; lực lượng Vệ binh và Kiểm soát quân sự chuyên nghiệp thực hiện tuyển chọn theo quy định của Bộ Quốc phòng.

- Không gọi nhập ngũ vào Quân đội những công dân mắc tật khúc xạ cận thị lớn hơn 1.5 diop trở lên, viễn thị các mức độ; chỉ số BMI nhỏ hơn 18.0 hoặc lớn hơn 29.9.

(5) Tiêu chuẩn văn hóa

- Tuyển chọn và gọi nhập ngũ những công dân có trình độ văn hóa lớp 8 trở lên, lấy từ cao xuống thấp.

- Những địa phương có khó khăn không đảm bảo đủ chỉ tiêu giao quân thì báo cáo cấp có thẩm quyền xem xét, quyết định được tuyển chọn số công dân có trình độ văn hóa lớp 7.

- Các xã thuộc vùng sâu, vùng xa, vùng điều kiện kinh tế - xã hội đặc biệt khó khăn theo quy định của pháp luật;

- Đồng bào dân tộc thiểu số dưới 10.000 người thì được tuyển không quá 25% công dân có trình độ văn hóa cấp tiểu học, còn lại là trung học cơ sở trở lên.

Trên đây là thông tin: Tiêu chuẩn đi nghĩa vụ quân sự 2026 cần đáp ứng là gì?

Tiêu chuẩn đi nghĩa vụ quân sự 2026 cần đáp ứng là gì? (Hình từ Internet)

Căn cứ tại điểm a khoản 5 Điều 9  Nghị định 218/2025/NĐ-CP  quy định vi phạm quy định về sơ tuyển sức khỏe; khám sức khỏe thực hiện nghĩa vụ quân sự, nghĩa vụ tham gia Công an nhân dân như sau:

Điều 9. Vi phạm quy định về sơ tuyển sức khỏe; khám sức khỏe thực hiện nghĩa vụ quân sự, nghĩa vụ tham gia Công an nhân dân

[...]

5. Phạt tiền từ 30.000.000 đồng đến 40.000.000 đồng đối với một trong các hành vi sau:

a) Người được khám sức khỏe có hành vi gian dối làm sai lệch kết quả phân loại sức khỏe của mình nhằm trốn tránh nghĩa vụ quân sự; nghĩa vụ tham gia Công an nhân dân;

b) Đưa hoặc nhận tiền, tài sản, hoặc lợi ích vật chất khác trị giá đến dưới 2.000.000 đồng cho cán bộ, nhân viên y tế hoặc người khác để làm sai lệch kết quả phân loại sức khỏe của người được kiểm tra hoặc người được khám sức khỏe nghĩa vụ quân sự; khám sức khỏe nghĩa vụ tham gia Công an nhân dân nhằm trốn tránh nghĩa vụ quân sự, nghĩa vụ tham gia Công an nhân dân.

6. Phạt tiền từ 50.000.000 đồng đến 75.000.000 đồng đối với hành vi không chấp hành quyết định gọi kiểm tra, khám sức khỏe nghĩa vụ quân sự, nghĩa vụ tham gia Công an nhân dân.

Như vậy, người có hành vi gian dối làm sai lệch kết quả phân loại sức khỏe của mình nhằm trốn tránh nghĩa vụ quân sự có thể bị xử phạt vi phạm hành chính với mức phạt tiền từ 30.000.000 đồng đến 40.000.000 đồng.

Lưu ý:  Mức phạt tiền quy định trên là mức phạt được áp dụng đối với hành vi vi phạm hành chính của cá nhân. Đối với tổ chức có cùng hành vi vi phạm, mức phạt tiền bằng 02 lần mức phạt tiền đối với cá nhân. (Căn cứ tại khoản 2 Điều 7  Nghị định 218/2025/NĐ-CP )

Căn cứ theo Điều 13  Luật Nghĩa vụ quân sự 2015  được sửa đổi bởi khoản 3 Điều 4  Luật Sửa đổi 11 Luật về quân sự, quốc phòng 2025  quy định công dân thuộc một trong các trường hợp sau đây không được đăng ký nghĩa vụ quân sự:

- Đang bị truy cứu trách nhiệm hình sự; đang chấp hành hình phạt tù, cải tạo không giam giữ, quản chế hoặc đã chấp hành xong hình phạt tù nhưng chưa được xóa án tích;

- Đang bị áp dụng biện pháp giáo dục tại cấp xã hoặc đưa vào trường giáo dưỡng, cơ sở giáo dục bắt buộc, cơ sở cai nghiện bắt buộc;

- Bị tước quyền phục vụ trong lực lượng vũ trang nhân dân.

Lưu ý:  Khi hết thời hạn áp dụng các biện pháp nêu trên, công dân được đăng ký nghĩa vụ quân sự.","nghia-vu-quan-su","","","","2025-08-15T09:00:00","https://thuvienphapluat.vn/hoi-dap-phap-luat/tieu-chuan-di-nghia-vu-quan-su-2026-can-dap-ung-la-gi-138059688.html","2026-04-21T04:43:25.522515+00:00"
"138059413","Luật Nghĩa vụ quân sự mới nhất 2025 và văn bản hướng dẫn Luật Nghĩa vụ quân sự thế nào?","Ngày 19/6/2015, Quốc hội đã thông qua  Luật Nghĩa vụ quân sự 2015  và chính thức có hiệu lực thi hành từ ngày 01/01/2016.

Tính đến tháng 8/2025, hiện chưa có văn bản nào được ban hành nhằm thay thế  Luật Nghĩa vụ quân sự 2015 . Như vậy, Luật Nghĩa vụ quân sự mới nhất 2025 vẫn là  Luật Nghĩa vụ quân sự 2015 .

Dưới đây là Tổng hợp văn bản hướng dẫn Luật Nghĩa vụ quân sự mới nhất 2025:

-  Thông tư 07/2016/TT-BQP  quy định phong, thăng, giáng cấp bậc quân hàm; bổ nhiệm chức vụ, giáng chức, cách chức; chức vụ tương đương và cấp bậc quân hàm cao nhất đối với chức vụ hạ sĩ quan, binh sĩ Quân đội nhân dân Việt Nam.

-  Nghị định 13/2016/NĐ-CP  quy định trình tự, thủ tục đăng ký và chế độ, chính sách của công dân trong thời gian đăng ký, khám, kiểm tra sức khỏe nghĩa vụ quân sự.

-  Nghị định 14/2016/NĐ-CP  quy định ngành, nghề chuyên môn phù hợp yêu cầu của Quân đội nhân dân đối với công dân nữ trong độ tuổi thực hiện nghĩa vụ quân sự; công dân thuộc diện miễn gọi nhập ngũ trong thời chiến và việc huấn luyện binh sĩ dự bị hạng hai.

-  Nghị định 27/2016/NĐ-CP  quy định chế độ, chính sách đối với hạ sĩ quan, binh sĩ phục vụ tại ngũ, xuất ngũ và thân nhân của hạ sĩ quan, binh sĩ tại ngũ.

-  Thông tư liên tịch 20/2016/TTLT-BGDĐT-BQP  hướng dẫn thực hiện pháp luật về nghĩa vụ quân sự và đào tạo nhân viên chuyên môn kỹ thuật cho quân đội.

-  Thông tư 220/2016/TT-BQP  quy định hạ sĩ quan, binh sĩ có trình độ chuyên môn, kỹ thuật khi thực hiện nghĩa vụ quân sự được ưu tiên sử dụng vào vị trí công tác phù hợp với nhu cầu của Quân đội.

-  Thông tư 279/2017/TT-BQP  về quy định việc thực hiện xuất ngũ đối với hạ sĩ quan, binh sĩ phục vụ tại ngũ trong Quân đội nhân dân.

-  Thông tư 148/2018/TT-BQP  quy định về tuyển chọn và gọi công dân nhập ngũ.

-  Thông tư 105/2023/TT-BQP  quy định về tiêu chuẩn sức khỏe, khám sức khỏe cho các đối tượng thuộc phạm vi quản lý của Bộ Quốc phòng.

-  Thông tư 143/2023/TT-BQP  quy định xử lý kỷ luật trong Quân đội nhân dân Việt Nam.

-  Thông tư 65/2025/TT-BQP  sửa đổi Thông tư của Bộ trưởng Bộ Quốc phòng về tính tuổi quân; cấp, quản lý, sử dụng Giấy chứng minh, Thẻ; tuyển chọn, tuyển dụng quân nhân chuyên nghiệp, công nhân và viên chức quốc phòng; phong, thăng, giáng cấp, bổ nhiệm, giáng chức, cách chức và thực hiện xuất ngũ đối với hạ sĩ quan, binh sĩ; hình thức, nội dung, thời gian sinh hoạt của quân nhân dự bị.

-  Thông tư 68/2025/TT-BQP  sửa đổi Thông tư 148/2018/TT-BQP quy định tuyển chọn và gọi công dân nhập ngũ.

Trên đây là thông tin: Luật Nghĩa vụ quân sự mới nhất 2025 và văn bản hướng dẫn Luật Nghĩa vụ quân sự thế nào?

Luật Nghĩa vụ quân sự mới nhất 2025 và văn bản hướng dẫn Luật Nghĩa vụ quân sự thế nào? (Hình từ Internet)

Căn cứ theo Điều 30  Luật Nghĩa vụ quân sự 2015  quy định về độ tuổi đi nghĩa vụ quân sự như sau:

Điều 30. Độ tuổi gọi nhập ngũ

Công dân đủ 18 tuổi được gọi nhập ngũ; độ tuổi gọi nhập ngũ từ đủ 18 tuổi đến hết 25 tuổi; công dân được đào tạo trình độ cao đẳng, đại học đã được tạm hoãn gọi nhập ngũ thì độ tuổi gọi nhập ngũ đến hết 27 tuổi.

Như vậy, độ tuổi gọi công dân nhập ngũ trong thời bình là đủ 18 tuổi.

Độ tuổi gọi nhập ngũ từ đủ 18 tuổi đến hết 25 tuổi; công dân được đào tạo trình độ cao đẳng, đại học đã được tạm hoãn gọi nhập ngũ thì độ tuổi gọi nhập ngũ đến hết 27 tuổi.

Căn cứ theo Điều 4  Thông tư 148/2018/TT-BQP  được sửa đổi bởi khoản 1 Điều 1  Thông tư 68/2025/TT-BQP  quy định về tiêu chuẩn đi nghĩa vụ quân sự cần đáp ứng như sau:

(1) Tuổi đời

- Công dân từ đủ 18 tuổi đến hết 25 tuổi.

- Công dân nam được đào tạo trình độ cao đẳng, đại học đã được tạm hoãn gọi nhập ngũ trong thời gian một khóa đào tạo của một trình độ đào tạo thì tuyển chọn và gọi nhập ngũ đến hết 27 tuổi.

(2) Tiêu chuẩn chính trị

- Thực hiện theo quy định tiêu chuẩn chính trị tuyển chọn công dân vào phục vụ trong Quân đội nhân dân Việt Nam.

- Thực hiện theo quy định của Bộ Quốc phòng đối với các cơ quan sau:

+ Cơ quan, đơn vị và vị trí trọng yếu cơ mật trong Quân đội;

+ Lực lượng Tiêu binh, Nghi lễ;

+ Lực lượng Vệ binh và Kiểm soát quân sự chuyên nghiệp;

(3) Tiêu chuẩn sức khỏe

- Tuyển chọn những công dân đạt sức khỏe loại 1, loại 2 và loại 3 theo quy định tại Điều 5  Thông tư 105/2023/TT-BQP , Điều 6  Thông tư 105/2023/TT-BQP .

- Đối với các cơ quan, đơn vị và vị trí trọng yếu cơ mật trong Quân đội; lực lượng Tiêu binh, Nghi lễ; lực lượng Vệ binh và Kiểm soát quân sự chuyên nghiệp thực hiện tuyển chọn theo quy định của Bộ Quốc phòng.

- Không gọi nhập ngũ vào Quân đội những công dân mắc tật khúc xạ cận thị lớn hơn 1.5 diop trở lên, viễn thị các mức độ; chỉ số BMI nhỏ hơn 18.0 hoặc lớn hơn 29.9.

(5) Tiêu chuẩn văn hóa

- Tuyển chọn và gọi nhập ngũ những công dân có trình độ văn hóa lớp 8 trở lên, lấy từ cao xuống thấp.

- Những địa phương có khó khăn không đảm bảo đủ chỉ tiêu giao quân thì báo cáo cấp có thẩm quyền xem xét, quyết định được tuyển chọn số công dân có trình độ văn hóa lớp 7.

- Các xã thuộc vùng sâu, vùng xa, vùng điều kiện kinh tế - xã hội đặc biệt khó khăn theo quy định của pháp luật;

- Đồng bào dân tộc thiểu số dưới 10.000 người thì được tuyển không quá 25% công dân có trình độ văn hóa cấp tiểu học, còn lại là trung học cơ sở trở lên.","nghia-vu-quan-su","","","","2025-08-07T17:45:00","https://thuvienphapluat.vn/hoi-dap-phap-luat/luat-nghia-vu-quan-su-moi-nhat-2025-va-van-ban-huong-dan-luat-nghia-vu-quan-su-the-nao-138059413.html","2026-04-21T04:43:30.423852+00:00"
"138059442","Phạt cảnh cáo đối với hành vi không đăng ký nghĩa vụ quân sự lần đầu từ 5/8/2025 theo Nghị định 218 đúng không?","Căn cứ theo khoản 1 Điều 8  Nghị định 218/2025/NĐ-CP  quy định như sau:

Điều 8. Vi phạm các quy định về đăng ký nghĩa vụ quân sự

1.  Phạt cảnh cáo đối với hành vi không đăng ký nghĩa vụ quân sự lần đầu đối với công dân nam đủ 17 tuổi trong năm thuộc diện phải đăng ký nghĩa vụ quân sự.

2. Phạt tiền từ 8.000.000 đồng đến 10.000.000 đồng đối với một trong các hành vi sau:

a)  Tái phạm đối với hành vi vi phạm hành chính quy định tại khoản 1 Điều này;

b) Không thực hiện đăng ký phục vụ trong ngạch dự bị theo quy định;

c) Không đăng ký nghĩa vụ quân sự bổ sung khi có sự thay đổi về chức vụ công tác, trình độ học vấn, trình độ chuyên môn, tình trạng sức khỏe và thông tin khác có liên quan đến nghĩa vụ quân sự theo quy định;

d) Không thực hiện đăng ký nghĩa vụ quân sự chuyển đến khi thay đổi nơi cư trú hoặc nơi làm việc, học tập trong thời hạn 05 ngày làm việc, kể từ ngày đến nơi cư trú hoặc nơi làm việc, học tập mới;

đ) Không thực hiện đăng ký nghĩa vụ quân sự tạm vắng khi đi khỏi nơi cư trú hoặc nơi làm việc, học tập từ 03 tháng trở lên, hoặc không đăng ký lại khi trở về nơi cư trú hoặc nơi làm việc, học tập trong thời hạn 05 ngày làm việc, kể từ ngày trở về sau thời gian tạm vắng.

[...]

6. Biện pháp khắc phục hậu quả:

a) Buộc thực hiện thủ tục đăng ký nghĩa vụ quân sự lần đầu; đăng ký phục vụ trong ngạch dự bị; đăng ký nghĩa vụ quân sự bổ sung; đăng ký khi thay đổi nơi cư trú hoặc nơi làm việc, học tập; đăng ký tạm vắng đối với hành vi vi phạm định tại khoản 1; các điểm a, b, c, d và đ khoản 2 Điều này;

b) Buộc thực hiện việc báo cáo theo quy định đối với hành vi vi phạm quy định tại khoản 5 Điều này.

Theo đó, phạt cảnh cáo đối với hành vi không đăng ký nghĩa vụ quân sự lần đầu đối với công dân nam đủ 17 tuổi trong năm thuộc diện phải đăng ký nghĩa vụ quân sự. Trường hợp tái phạm sẽ bị phạt tiền từ 8 đến10 triệu đồng.

Ngoài ra, cá nhân có hành vi vi phạm còn phải thực hiện biện pháp khắc phục hậu quả buộc thực hiện thủ tục đăng ký nghĩa vụ quân sự lần đầu.

Lưu ý: Đối với tổ chức có cùng hành vi vi phạm, mức phạt tiền bằng 02 lần mức phạt tiền đối với cá nhân. (Theo khoản 2 Điều 7  Nghị định 218/2025/NĐ-CP )

Phạt cảnh cáo đối với hành vi không đăng ký nghĩa vụ quân sự lần đầu từ 5/8/2025 theo Nghị định 218 đúng không? (Hình từ Internet)

Căn cứ theo khoản 2 Điều 16  Luật Nghĩa vụ quân sự 2015  được sửa đổi bởi khoản 5 Điều 4  Luật Sửa đổi 11 Luật về quân sự, quốc phòng 2025  quy định như sau:

Điều 16. Đăng ký nghĩa vụ quân sự lần đầu

1. Tháng một hằng năm, Chỉ huy trưởng Ban chỉ huy quân sự cấp xã, người đứng đầu hoặc người đại diện hợp pháp của cơ quan, tổ chức báo cáo Chủ tịch Ủy ban nhân dân cấp xã danh sách công dân nam đủ 17 tuổi trong năm và công dân nam trong độ tuổi thực hiện nghĩa vụ quân sự chưa đăng ký nghĩa vụ quân sự.

2. Tháng tư hằng năm, Chủ tịch Ủy ban nhân dân cấp xã quyết định gọi công dân quy định tại khoản 1 Điều này để đăng ký nghĩa vụ quân sự lần đầu.

3. Công dân phải đăng ký nghĩa vụ quân sự lần đầu bằng hình thức trực tuyến hoặc trực tiếp tại cơ quan đăng ký nghĩa vụ quân sự quy định tại Điều 15 của Luật này.

Theo đó, Chủ tịch Ủy ban nhân dân cấp xã quyết định gọi công dân nam đủ 17 tuổi trong năm và công dân nam trong độ tuổi thực hiện nghĩa vụ quân sự chưa đăng ký nghĩa vụ quân sự đăng ký nghĩa vụ quân sự lần đầu vào tháng tư hằng năm.

Căn cứ theo Điều 13  Luật Nghĩa vụ quân sự 2015  được sửa đổi bởi khoản 3 Điều 4  Luật Sửa đổi 11 Luật về quân sự, quốc phòng 2025  quy định công dân thuộc một trong các trường hợp sau đây không được đăng ký nghĩa vụ quân sự:

- Đang bị truy cứu trách nhiệm hình sự; đang chấp hành hình phạt tù, cải tạo không giam giữ, quản chế hoặc đã chấp hành xong hình phạt tù nhưng chưa được xóa án tích;

- Đang bị áp dụng biện pháp giáo dục tại cấp xã hoặc đưa vào trường giáo dưỡng, cơ sở giáo dục bắt buộc, cơ sở cai nghiện bắt buộc;

- Bị tước quyền phục vụ trong lực lượng vũ trang nhân dân.

Lưu ý:  Khi hết thời hạn áp dụng các biện pháp nêu trên, công dân được đăng ký nghĩa vụ quân sự.","nghia-vu-quan-su","","","","2025-08-07T17:20:00","https://thuvienphapluat.vn/hoi-dap-phap-luat/phat-canh-cao-doi-voi-hanh-vi-khong-dang-ky-nghia-vu-quan-su-lan-dau-tu-582025-theo-nghi-dinh-218-d-138059442.html","2026-04-21T04:43:34.980932+00:00"
"138059418","Vi phạm quy định về đăng ký nghĩa vụ quân sự bị xử phạt bao nhiêu tiền từ 5/8/2025 theo Nghị định 218?","Căn cứ theo Điều 8  Nghị định 218/2025/NĐ-CP  quy định mức xử phạt vi phạm hành chính đối với các hành vi vi phạm các quy định về đăng ký nghĩa vụ quân sự từ 5/8/2025 như sau:

(1)  Phạt cảnh cáo đối với hành vi không đăng ký nghĩa vụ quân sự lần đầu đối với công dân nam đủ 17 tuổi trong năm thuộc diện phải đăng ký nghĩa vụ quân sự.

(2)  Phạt tiền từ 8.000.000 đồng đến 10.000.000 đồng đối với một trong các hành vi sau:

- Tái phạm đối với hành vi vi phạm hành chính quy định tại khoản 1 Điều 8  Nghị định 218/2025/NĐ-CP ;

- Không thực hiện đăng ký phục vụ trong ngạch dự bị theo quy định;

- Không đăng ký nghĩa vụ quân sự bổ sung khi có sự thay đổi về chức vụ công tác, trình độ học vấn, trình độ chuyên môn, tình trạng sức khỏe và thông tin khác có liên quan đến nghĩa vụ quân sự theo quy định;

- Không thực hiện đăng ký nghĩa vụ quân sự chuyển đến khi thay đổi nơi cư trú hoặc nơi làm việc, học tập trong thời hạn 05 ngày làm việc, kể từ ngày đến nơi cư trú hoặc nơi làm việc, học tập mới;

- Không thực hiện đăng ký nghĩa vụ quân sự tạm vắng khi đi khỏi nơi cư trú hoặc nơi làm việc, học tập từ 03 tháng trở lên, hoặc không đăng ký lại khi trở về nơi cư trú hoặc nơi làm việc, học tập trong thời hạn 05 ngày làm việc, kể từ ngày trở về sau thời gian tạm vắng.

(3)  Phạt tiền từ 10.000.000 đồng đến 15.000.000 đồng đối với một trong các hành vi sau:

- Báo cáo không đầy đủ danh sách công dân nam đủ 17 tuổi trong năm, công dân nữ có ngành nghề chuyên môn phù hợp với yêu cầu của Quân đội nhân dân trong độ tuổi thực hiện nghĩa vụ quân sự từ đủ 18 tuổi đến hết 40 tuổi;

- Báo cáo không đầy đủ số lượng quân nhân dự bị và công dân nam trong độ tuổi thực hiện nghĩa vụ quân sự ở cơ quan, tổ chức mình theo quy định.

(4)  Phạt tiền từ 15.000.000 đồng đến 20.000.000 đồng đối với một trong các hành vi sau:

- Báo cáo không chính xác danh sách công dân nam đủ 17 tuổi trong năm, công dân nữ có ngành nghề chuyên môn phù hợp với yêu cầu của Quân đội nhân dân trong độ tuổi thực hiện nghĩa vụ quân sự từ đủ 18 tuổi đến hết 40 tuổi;

- Báo cáo không chính xác số lượng quân nhân dự bị và công dân nam trong độ tuổi thực hiện nghĩa vụ quân sự ở cơ quan, tổ chức mình theo quy định.

(5)  Phạt tiền từ 20.000.000 đồng đến 30.000.000 đồng đối với một trong các hành vi sau:

- Không báo cáo danh sách công dân nam đủ 17 tuổi trong năm, công dân nữ có ngành nghề chuyên môn phù hợp với yêu cầu của Quân đội nhân dân từ đủ 18 tuổi đến hết 40 tuổi;

- Không báo cáo số lượng quân nhân dự bị và công dân nam trong độ tuổi thực hiện nghĩa vụ quân sự ở cơ quan, tổ chức mình theo quy định.

(6)  Biện pháp khắc phục hậu quả:

- Buộc thực hiện thủ tục đăng ký nghĩa vụ quân sự lần đầu; đăng ký phục vụ trong ngạch dự bị; đăng ký nghĩa vụ quân sự bổ sung; đăng ký khi thay đổi nơi cư trú hoặc nơi làm việc, học tập; đăng ký tạm vắng đối với hành vi vi phạm định tại khoản 1; các điểm a, b, c, d và đ khoản 2 Điều 8  Nghị định 218/2025/NĐ-CP ;

- Buộc thực hiện việc báo cáo theo quy định đối với hành vi vi phạm quy định tại khoản 5 Điều 8  Nghị định 218/2025/NĐ-CP .

Lưu ý: Đối với tổ chức có cùng hành vi vi phạm, mức phạt tiền bằng 02 lần mức phạt tiền đối với cá nhân. (Theo khoản 2 Điều 7  Nghị định 218/2025/NĐ-CP )

Vi phạm quy định về đăng ký nghĩa vụ quân sự bị xử phạt bao nhiêu tiền từ 5/8/2025 theo Nghị định 218? (Hình từ Internet)

Căn cứ theo Điều 11  Luật Nghĩa vụ quân sự 2015  quy định nguyên tắc đăng ký nghĩa vụ quân sự và quản lý công dân trong độ tuổi thực hiện nghĩa vụ quân sự như sau:

- Đúng đối tượng, trình tự thủ tục, chế độ chính sách theo quy định của pháp luật.

- Thống nhất, công khai, minh bạch, thuận lợi cho công dân.

- Quản lý chặt chẽ, nắm chắc số lượng, chất lượng, nhân thân của công dân trong độ tuổi thực hiện nghĩa vụ quân sự.

- Mọi thay đổi về cư trú của công dân trong độ tuổi thực hiện nghĩa vụ quân sự phải được đăng ký và quản lý theo quy định của pháp luật.

Căn cứ theo Điều 12  Luật Nghĩa vụ quân sự 2015  quy định đối tượng đăng ký nghĩa vụ quân sự bao gồm:

- Công dân nam đủ 17 tuổi trở lên.

- Công dân nữ quy định tại khoản 2 Điều 7  Luật Nghĩa vụ quân sự 2015  đủ 18 tuổi trở lên.","nghia-vu-quan-su","","","","2025-08-07T16:00:00","https://thuvienphapluat.vn/hoi-dap-phap-luat/vi-pham-quy-dinh-ve-dang-ky-nghia-vu-quan-su-bi-xu-phat-bao-nhieu-tien-tu-582025-theo-nghi-dinh-218-138059418.html","2026-04-21T04:43:40.125202+00:00"
"138059410","Gian dối về sức khỏe nhằm trốn tránh nghĩa vụ quân sự bị phạt 30-40 triệu đồng đúng không?","Căn cứ khoản 5 Điều 9 Nghị định 218/2025/NĐ-CP   Tải về  có quy định xử phạt vi phạm quy định về sơ tuyển sức khỏe; khám sức khỏe thực hiện nghĩa vụ quân sự, nghĩa vụ tham gia Công an nhân dân như sau:

Điều 9. Vi phạm quy định về sơ tuyển sức khỏe; khám sức khỏe thực hiện nghĩa vụ quân sự, nghĩa vụ tham gia Công an nhân dân

[...]

5. Phạt tiền từ 30.000.000 đồng đến 40.000.000 đồng đối với một trong các hành vi sau:

a) Người được khám sức khỏe có hành vi gian dối làm sai lệch kết quả phân loại sức khỏe của mình nhằm trốn tránh nghĩa vụ quân sự; nghĩa vụ tham gia Công an nhân dân;

b) Đưa hoặc nhận tiền, tài sản, hoặc lợi ích vật chất khác trị giá đến dưới 2.000.000 đồng cho cán bộ, nhân viên y tế hoặc người khác để làm sai lệch kết quả phân loại sức khỏe của người được kiểm tra hoặc người được khám sức khỏe nghĩa vụ quân sự; khám sức khỏe nghĩa vụ tham gia Công an nhân dân nhằm trốn tránh nghĩa vụ quân sự, nghĩa vụ tham gia Công an nhân dân.

6. Phạt tiền từ 50.000.000 đồng đến 75.000.000 đồng đối với hành vi không chấp hành quyết định gọi kiểm tra, khám sức khỏe nghĩa vụ quân sự, nghĩa vụ tham gia Công an nhân dân.

Như vậy, người có hành vi gian dối làm sai lệch kết quả phân loại sức khỏe của mình nhằm trốn tránh nghĩa vụ quân sự có thể bị phạt tiền từ 30.000.000 đồng đến 40.000.000 đồng.

Lưu ý: Mức phạt tiền trên áp dụng cho hành vi vi phạm do cá nhân thực hiện, mức phạt đối với tổ chức gấp hai lần cá nhân.

Gian dối về sức khỏe nhằm trốn tránh nghĩa vụ quân sự bị phạt 30-40 triệu đồng đúng không? (Hình từ Internet)

Căn cứ theo Điều 30  Luật Nghĩa vụ quân sự năm 2015  quy định về độ tuổi gọi nhập ngũ như sau:

Điều 30. Độ tuổi gọi nhập ngũ

Công dân đủ 18 tuổi được gọi nhập ngũ; độ tuổi gọi nhập ngũ từ đủ 18 tuổi đến hết 25 tuổi; công dân được đào tạo trình độ cao đẳng, đại học đã được tạm hoãn gọi nhập ngũ thì độ tuổi gọi nhập ngũ đến hết 27 tuổi.

Theo đó, độ tuổi đi nghĩa vụ quân sự là công dân từ đủ 18 đến hết 25 tuổi đối với trường hợp thông thường, còn đối với trường hợp đã được tạm hoãn gọi nhập ngũ do đang được đào tạo trình độ cao đẳng, đại học thì độ tuổi gọi nhập ngũ đến hết 27 tuổi.

Căn cứ tại khoản 3 Điều 50  Luật Nghĩa vụ quân sự 2015  về chế độ, chính sách đối người hoàn thành nghĩa vụ quân sự như sau:

- Được cấp tiền tàu xe, phụ cấp đi đường, trợ cấp xuất ngũ.

- Trước khi nhập ngũ đang học tập hoặc có giấy gọi vào học tập tại các trường thuộc cơ sở giáo dục nghề nghiệp, cơ sở giáo dục đại học thì được bảo lưu kết quả, được tiếp nhận vào học ở các trường đó.

- Được trợ cấp tạo việc làm.

- Trước khi nhập ngũ đang làm việc tại cơ quan nhà nước, tổ chức chính trị, tổ chức chính trị - xã hội thì khi xuất ngũ cơ quan, tổ chức đó phải có trách nhiệm tiếp nhận lại, bố trí việc làm và bảo đảm thu nhập không thấp hơn trước khi nhập ngũ; trường hợp cơ quan, tổ chức đó đã giải thể thì cơ quan, tổ chức cấp trên trực tiếp có trách nhiệm bố trí việc làm phù hợp.

- Trước khi nhập ngũ đang làm việc tại tổ chức kinh tế thi khi xuất ngũ tổ chức đó phải có trách nhiệm tiếp nhận lại, bố trí việc làm và bảo đảm tiền lương, tiền công tương xứng với vị trí việc làm và tiền lương, tiền công trước khi nhập ngũ; trường hợp tổ chức kinh tế đã chấm dứt hoạt động, giải thể hoặc phá sản thì việc giải quyết chế độ, chính sách đối với hạ sĩ quan, binh sĩ xuất ngũ được thực hiện như đối với người lao động của tổ chức kinh tế đó theo quy định của pháp luật.

- Được giải quyết quyền lợi về bảo hiểm xã hội theo quy định của  Luật Bảo hiểm xã hội 2024 .

- Đối với hạ sĩ quan, binh sĩ xuất ngũ theo quy định tại khoản 1 Điều 43  Luật Nghĩa vụ quân sự 2015  và khoản 1 Điều 48  Luật Nghĩa vụ quân sự 2015 , khi về địa phương được chính quyền các cấp, cơ quan, tổ chức ưu tiên sắp xếp việc làm và cộng điểm trong tuyển sinh, tuyển dụng công chức, viên chức; trong thời gian tập sự được hưởng 100% mức lương và phụ cấp của ngạch tuyển dụng tương ứng với trình độ đào tạo.","nghia-vu-quan-su","","","","2025-08-06T17:57:00","https://thuvienphapluat.vn/hoi-dap-phap-luat/gian-doi-ve-suc-khoe-nham-tron-tranh-nghia-vu-quan-su-bi-phat-3040-trieu-dong-dung-khong-138059410.html","2026-04-21T04:43:44.720198+00:00"
"138059411","Không chấp hành quyết định gọi nhập ngũ 2026 bị phạt bao nhiêu tiền?","Căn cứ Điều 10  Nghị định 218/2025/NĐ-CP  quy định như sau:

Điều 10. Vi phạm quy định về nhập ngũ; quy định thực hiện nghĩa vụ tham gia Công an nhân dân

1. Phạt tiền từ 30.000.000 đồng đến 40.000.000 đồng đối với hành vi không có mặt đúng thời gian hoặc địa điểm tập trung ghi trong quyết định gọi nhập ngũ; quyết định gọi thực hiện nghĩa vụ tham gia Công an nhân dân mà không có lý do chính đáng.

2. Phạt tiền từ 40.000.000 đồng đến 50.000.000 đồng đối với một trong các hành vi sau:

a) Cản trở công dân thực hiện quyết định gọi nhập ngũ; quyết định gọi thực hiện nghĩa vụ tham gia Công an nhân dân sau khi đã có kết quả khám tuyển sức khỏe nghĩa vụ quân sự đủ điều kiện nhập ngũ, điều kiện thực hiện nghĩa vụ tham gia Công an nhân dân theo quy định, nhưng chưa đến mức truy cứu trách nhiệm hình sự;

b) Gian dối nhằm trốn tránh thực hiện quyết định gọi nhập ngũ; quyết định gọi thực hiện nghĩa vụ tham gia Công an nhân dân sau khi đã có kết quả khám tuyển sức khỏe nghĩa vụ quân sự đủ điều kiện nhập ngũ, đủ điều kiện thực hiện nghĩa vụ tham gia Công an nhân dân theo quy định.

3. Phạt tiền từ 50.000.000 đồng đến 75.000.000 đồng đối với hành vi không chấp hành quyết định gọi nhập ngũ; quyết định gọi thực hiện nghĩa vụ tham gia Công an nhân dân, trừ trường hợp quy định tại khoản 1 và khoản 2 Điều này.

4. Biện pháp khắc phục hậu quả: Buộc thực hiện nghĩa vụ quân sự; nghĩa vụ tham gia Công an nhân dân đối với người có hành vi vi phạm quy định tại điểm b khoản 2 Điều này.

Như vậy, người có hành vi không chấp hành quyết định gọi nhập ngũ 2026, không chấp hành quyết định gọi thực hiện nghĩa vụ tham gia Công an nhân dân 2025 có thể bị phạt tiền từ 50.000.000 đồng đến 75.000.000.

Lưu ý: Mức phạt tiền trên áp dụng cho hành vi vi phạm do cá nhân thực hiện, mức phạt đối với tổ chức gấp hai lần cá nhân.

Không chấp hành quyết định gọi nhập ngũ 2026 bị phạt bao nhiêu tiền? (Hình từ Internet)

Căn cứ theo khoản 1 Điều 13  Luật Nghĩa vụ quân sự 2015  được sửa đổi bởi khoản 3 Điều 4  Luật Sửa đổi 11 Luật về quân sự, quốc phòng 2025  quy định như sau:

Điều 13. Đối tượng không được đăng ký nghĩa vụ quân sự

1. Công dân thuộc một trong các trường hợp sau đây không được đăng ký nghĩa vụ quân sự:

a) Đang bị truy cứu trách nhiệm hình sự; đang chấp hành hình phạt tù, cải tạo không giam giữ, quản chế hoặc đã chấp hành xong hình phạt tù nhưng chưa được xóa án tích;

b) Đang bị áp dụng biện pháp giáo dục tại cấp xã hoặc đưa vào trường giáo dưỡng, cơ sở giáo dục bắt buộc, cơ sở cai nghiện bắt buộc;

c) Bị tước quyền phục vụ trong lực lượng vũ trang nhân dân.

2. Khi hết thời hạn áp dụng các biện pháp quy định tại khoản 1 Điều này, công dân được đăng ký nghĩa vụ quân sự.

Theo đó, công dân thuộc một trong các trường hợp sau đây không được đăng ký nghĩa vụ quân sự 2026:

- Đang bị truy cứu trách nhiệm hình sự; đang chấp hành hình phạt tù, cải tạo không giam giữ, quản chế hoặc đã chấp hành xong hình phạt tù nhưng chưa được xóa án tích;

- Đang bị áp dụng biện pháp giáo dục tại cấp xã hoặc đưa vào trường giáo dưỡng, cơ sở giáo dục bắt buộc, cơ sở cai nghiện bắt buộc;

- Bị tước quyền phục vụ trong lực lượng vũ trang nhân dân.

Lưu ý:  Khi hết thời hạn áp dụng các biện pháp nêu trên, công dân được đăng ký nghĩa vụ quân sự.

Căn cứ theo khoản 1 Điều 19  Luật Nghĩa vụ quân sự 2015  quy định như sau:

Điều 19. Đưa ra khỏi danh sách đăng ký nghĩa vụ quân sự

1. Công dân được đưa ra khỏi danh sách đăng ký nghĩa vụ quân sự trong trường hợp sau đây:

a) Chết;

b) Hết độ tuổi phục vụ trong ngạch dự bị;

c) Trường hợp quy định tại khoản 1 Điều 13 hoặc Điều 14 của Luật này.

[...]

Theo đó, công dân được đưa ra khỏi danh sách đăng ký nghĩa vụ quân sự trong trường hợp sau đây:

- Chết;

- Hết độ tuổi phục vụ trong ngạch dự bị;

- Trường hợp quy định tại khoản 1 Điều 13 hoặc Điều 14  Luật Nghĩa vụ quân sự 2015 .","nghia-vu-quan-su","","","","2025-08-06T17:53:00","https://thuvienphapluat.vn/hoi-dap-phap-luat/khong-chap-hanh-quyet-dinh-goi-nhap-ngu-2025-bi-phat-bao-nhieu-tien-138059411.html","2026-04-21T04:43:48.803731+00:00"
"138059223","Năm sinh nào hết tuổi đi nghĩa vụ quân sự 2026?","Căn cứ theo khoản 4 Điều 40  Luật Nghĩa vụ quân sự 2015  quy định như sau:

Điều 40. Khám sức khỏe cho công dân gọi nhập ngũ và thực hiện nghĩa vụ tham gia Công an nhân dân

[...]

4. Thời gian khám sức khỏe từ ngày 01 tháng 11 đến hết ngày 31 tháng 12 hằng năm. Thời gian khám sức khỏe gọi công dân nhập ngũ và thực hiện nghĩa vụ tham gia Công an nhân dân lần thứ hai theo quy định tại Điều 33 của Luật này do Thủ tướng Chính phủ quyết định.

Đồng thời căn cứ theo Điều 30  Luật Nghĩa vụ quân sự 2015  quy định độ tuổi nhập ngũ như sau:

Điều 30. Độ tuổi gọi nhập ngũ

Công dân đủ 18 tuổi được gọi nhập ngũ; độ tuổi gọi nhập ngũ từ đủ 18 tuổi đến hết 25 tuổi; công dân được đào tạo trình độ cao đẳng, đại học đã được tạm hoãn gọi nhập ngũ thì độ tuổi gọi nhập ngũ đến hết 27 tuổi.

Theo đó, công dân sẽ được gọi nhập ngũ từ đủ 18 tuổi đến hết 25 tuổi; trường hợp được đào tạo trình độ cao đẳng, đại học đã được tạm hoãn gọi nhập ngũ thì độ tuổi gọi nhập ngũ đến hết 27 tuổi.

Điều này có nghĩa là công dân sinh từ năm 2000 đến năm 2007, công dân sinh năm 1999 vẫn còn trong độ tuổi 25 mà không theo học tại các trường cao đẳng hoặc đại học thì sẽ đáp ứng độ tuổi yêu cầu để nhập ngũ và sẽ phải thực hiện việc khám nghĩa vụ quân sự 2026 theo quy định.

Và những công dân sinh từ năm 1998 đến 2007, công dân sinh năm 1997 chưa hết 27 tuổi được đào tạo trình độ cao đẳng, đại học sẽ phải thực hiện việc khám nghĩa vụ quân sự trong năm 2026.

Như vậy, những năm sinh nào hết tuổi đi nghĩa vụ quân sự 2026 bao gồm:

- Công dân không tham gia đào tạo trình độ cao đẳng, đại học:  Công dân sinh năm 1998 trở về trước và công dân sinh năm 1998 đã hết 25 tuổi trước thời gian thực hiện việc khám nghĩa vụ quân sự 2025 từ ngày 01/11/2025 đến hết ngày 31/12/2025 sẽ hết tuổi đi nghĩa vụ quân sự 2026.

- Công dân tham gia đào tạo trình độ cao đẳng, đại học:  Công dân sinh năm 1996 trở về trước và công dân sinh năm 1997 đã hết 27 tuổi trước thời gian thực hiện việc khám nghĩa vụ quân sự từ ngày 01/11/2025 đến hết ngày 31/12/2025 sẽ hết tuổi đi nghĩa vụ quân sự 2026.

*Trên đây là thông tin Năm sinh nào hết tuổi đi nghĩa vụ quân sự 2026?

Năm sinh nào hết tuổi đi nghĩa vụ quân sự 2026? (Hình từ Internet)

Căn cứ theo khoản 1 Điều 13  Luật Nghĩa vụ quân sự 2015  được sửa đổi bởi khoản 3 Điều 4  Luật sửa đổi 11 Luật về quân sự, quốc phòng 2025  quy định như sau:

Điều 13. Đối tượng không được đăng ký nghĩa vụ quân sự

1. Công dân thuộc một trong các trường hợp sau đây không được đăng ký nghĩa vụ quân sự:

a) Đang bị truy cứu trách nhiệm hình sự; đang chấp hành hình phạt tù, cải tạo không giam giữ, quản chế hoặc đã chấp hành xong hình phạt tù nhưng chưa được xóa án tích;

b) Đang bị áp dụng biện pháp giáo dục tại cấp xã hoặc đưa vào trường giáo dưỡng, cơ sở giáo dục bắt buộc, cơ sở cai nghiện bắt buộc;

c) Bị tước quyền phục vụ trong lực lượng vũ trang nhân dân.

2. Khi hết thời hạn áp dụng các biện pháp quy định tại khoản 1 Điều này, công dân được đăng ký nghĩa vụ quân sự.

Theo đó, công dân thuộc một trong các trường hợp sau đây không được đăng ký nghĩa vụ quân sự:

- Đang bị truy cứu trách nhiệm hình sự; đang chấp hành hình phạt tù, cải tạo không giam giữ, quản chế hoặc đã chấp hành xong hình phạt tù nhưng chưa được xóa án tích;

- Đang bị áp dụng biện pháp giáo dục tại cấp xã hoặc đưa vào trường giáo dưỡng, cơ sở giáo dục bắt buộc, cơ sở cai nghiện bắt buộc;

- Bị tước quyền phục vụ trong lực lượng vũ trang nhân dân.

Lưu ý:  Khi hết thời hạn áp dụng các biện pháp nêu trên, công dân được đăng ký nghĩa vụ quân sự.

Căn cứ theo khoản 1 Điều 19  Luật Nghĩa vụ quân sự 2015  quy định như sau:

Điều 19. Đưa ra khỏi danh sách đăng ký nghĩa vụ quân sự

1. Công dân được đưa ra khỏi danh sách đăng ký nghĩa vụ quân sự trong trường hợp sau đây:

a) Chết;

b) Hết độ tuổi phục vụ trong ngạch dự bị;

c) Trường hợp quy định tại khoản 1 Điều 13 hoặc Điều 14 của Luật này.

[...]

Theo đó, công dân được đưa ra khỏi danh sách đăng ký nghĩa vụ quân sự trong trường hợp sau đây:

- Chết;

- Hết độ tuổi phục vụ trong ngạch dự bị;

- Trường hợp quy định tại khoản 1 Điều 13 hoặc Điều 14  Luật Nghĩa vụ quân sự 2015 .","nghia-vu-quan-su","","","","2025-08-05T15:35:00","https://thuvienphapluat.vn/hoi-dap-phap-luat/nam-sinh-nao-het-tuoi-di-nghia-vu-quan-su-2026-138059223.html","2026-04-21T04:43:53.332886+00:00"
"138059213","10 bệnh được miễn đăng ký nghĩa vụ quân sự năm 2026 gồm những bệnh nào?","Căn cứ theo Điều 14  Luật Nghĩa vụ quân sự 2015  quy định cụ thể về đối tượng miễn đăng ký nghĩa vụ quân sự bao gồm: Người khuyết tật, người mắc bệnh hiểm nghèo, bệnh tâm thần hoặc bệnh mãn tính theo quy định của pháp luật.

Đồng thời, theo Mục 3 Phụ lục 1 phân loại sức khỏe theo thể lực, bệnh, tật và các vấn đề sức khỏe ban hành kèm theo  Thông tư 105/2023/TT-BQP  quy định danh sách các bệnh miễn đăng ký nghĩa vụ quân sự là những bệnh thuộc diện miễn đăng ký nghĩa vụ quân sự, không nhận vào quân thường trực.

Trong đó, 10 bệnh được miễn đăng ký nghĩa vụ quân sự năm 2026 bao gồm:

TT

TÊN BỆNH

MÃ BỆNH ICD10

1

Tâm thần

F20 đến F29

2

Động kinh

G40

3

Bệnh Parkinson

G20

4

Mù một mắt

H54.4

5

Điếc

H90

6

Di chứng do lao xương khớp

B90.2

7

Di chứng do phong

B92

8

Các bệnh lý ác tính (U ác, bệnh máu ác tính)

C00 đến C97; D00 đến D09; D45 đến D47

9

Người nhiễm HIV

B20 đến B24; Z21

10

Người khuyết tật mức độ đặc biệt nặng và nặng

*Trên đây là thông tin 10 bệnh được miễn đăng ký nghĩa vụ quân sự năm 2026 gồm những bệnh nào?

10 bệnh được miễn đăng ký nghĩa vụ quân sự năm 2026 gồm những bệnh nào? (Hình từ Internet)

Căn cứ theo khoản 1 Điều 3  Thông tư 105/2023/TT-BQP  quy định như sau:

Điều 3. Giải thích từ ngữ

Trong Thông tư này, các từ ngữ dưới đây được hiểu như sau:

1.  Sơ tuyển sức khỏe nghĩa vụ quân sự  là việc thực hiện kiểm tra, đánh giá sơ bộ sức khỏe đối với công dân được gọi khám sức khỏe thực hiện nghĩa vụ quân sự trước mỗi đợt tuyển chọn và gọi công dân nhập ngũ theo quy định của pháp luật về nghĩa vụ quân sự.

2. Khám sức khỏe nghĩa vụ quân sự là việc thực hiện khám, phân loại, kết luận sức khỏe đối với công dân được gọi thực hiện nghĩa vụ quân sự do Hội đồng khám sức khỏe nghĩa vụ quân sự thực hiện sau khi sơ tuyển sức khỏe.

3. Hội đồng khám sức khỏe nghĩa vụ quân sự là Hội đồng chuyên môn, hoạt động theo chế độ kiêm nhiệm do Chủ tịch Ủy ban nhân dân quận, huyện, thị xã, thành phố thuộc tỉnh, thành phố thuộc thành phố trực thuộc Trung ương (sau đây gọi chung là cấp huyện) quyết định thành lập theo đề nghị của Phòng Y tế hoặc cơ quan giúp Ủy ban nhân dân cấp huyện thực hiện chức năng quản lý nhà nước về y tế trên địa bàn (sau đây gọi chung là cơ quan y tế cấp huyện).

4. Khám phúc tra sức khỏe nghĩa vụ quân sự là việc khám sức khỏe ngay sau khi công dân nhập ngũ do Hội đồng khám, phúc tra sức khỏe của đơn vị nhận quân thực hiện nhằm đánh giá lại sức khỏe công dân theo tiêu chuẩn sức khỏe thực hiện nghĩa vụ quân sự.

[...]

Theo đó, sơ tuyển sức khỏe nghĩa vụ quân sự là việc thực hiện kiểm tra, đánh giá sơ bộ sức khỏe đối với công dân được gọi khám sức khỏe thực hiện nghĩa vụ quân sự trước mỗi đợt tuyển chọn và gọi công dân nhập ngũ theo quy định của pháp luật về nghĩa vụ quân sự.

Căn cứ theo khoản 1 Điều 7  Thông tư 105/2023/TT-BQP  quy định như sau:

Điều 7. Sơ tuyển sức khỏe nghĩa vụ quân sự

1.  Trạm y tế cấp xã  thực hiện sơ tuyển sức khỏe nghĩa vụ quân sự dưới sự chỉ đạo, hướng dẫn về chuyên môn, nghiệp vụ của Trung tâm y tế cấp huyện hoặc Bệnh viện đa khoa cấp huyện; giám sát của Ban Chỉ huy quân sự cấp huyện.

2. Nội dung sơ tuyển sức khỏe

a) Khai thác tiền sử bệnh tật bản thân và gia đình;

b) Phát hiện những trường hợp không đủ sức khỏe về thể lực, dị tật, dị dạng quy định tại Mục I, Mục II Phụ lục I ban hành kèm theo Thông tư này; những bệnh thuộc diện miễn đăng ký nghĩa vụ quân sự quy định tại Mục III Phụ lục I ban hành kèm theo Thông tư này.

3. Quy trình sơ tuyển sức khỏe

a) Căn cứ kế hoạch tuyển chọn và gọi công dân nhập ngũ của Hội đồng nghĩa vụ quân sự cấp huyện, Ban Chỉ huy quân sự cấp xã lập danh sách và gọi khám sơ tuyển đối với công dân thuộc diện khám sức khỏe thực hiện nghĩa vụ quân sự trên địa bàn quản lý;

b) Tổ chức sơ tuyển sức khỏe theo quy định tại khoản 2 Điều này;

c) Hoàn chỉnh thông tin sức khỏe của công dân được gọi khám sơ tuyển sức khỏe thực hiện nghĩa vụ quân sự theo Mẫu 2 Phụ lục V ban hành kèm theo Thông tư này;

d) Lập danh sách công dân mắc các bệnh thuộc danh mục bệnh miễn đăng ký nghĩa vụ quân sự theo Mục III Phụ lục I ban hành kèm theo Thông tư này, báo cáo Hội đồng nghĩa vụ quân sự cấp xã;

đ) Tổng hợp, thống kê, báo cáo kết quả sơ tuyển sức khỏe theo Mẫu 2a; Mẫu 2k Phụ lục VI ban hành kèm theo Thông tư này.

Theo đó, trạm y tế cấp xã chịu trách nhiệm thực hiện sơ tuyển sức khỏe nghĩa vụ quân sự","nghia-vu-quan-su","","","","2025-08-05T15:30:00","https://thuvienphapluat.vn/hoi-dap-phap-luat/10-benh-duoc-mien-dang-ky-nghia-vu-quan-su-nam-2026-gom-nhung-benh-nao-138059213.html","2026-04-21T04:43:57.503280+00:00"
"138059125","Lịch đi nghĩa vụ quân sự 2026 của tỉnh Bắc Ninh là khi nào?","Ngày 31 tháng 7 năm 2025, Ủy ban nhân dân tỉnh Bắc Ninh ban hành Kế hoạch 11/KH-UBND năm 2025   Tải về  về tuyển chọn, gọi công dân nhập ngũ và thực hiện nghĩa vụ tham gia Công an nhân dân năm 2026.

Theo đó, tại Mục 3 Kế hoạch 11/KH-UBND năm 2025   Tải về  của Ủy ban nhân dân tỉnh Bắc Ninh có nêu như sau:

III. THỜI GIAN

1. Tổ chức tập huấn nghiệp vụ công tác tuyển quân xong trong tháng 8/2025 (có kế hoạch riêng).

2. Rà duyệt các thôn, tổ dân phố, khu phố; sơ tuyển các xã, phường từ ngày 01/9/2025 - 31/10/2025.

3. Tổ chức khám sức khỏe theo khu vực và các đoàn khám sức khỏe phù hợp với từng địa bàn từ ngày 01/11/2025 - 31/12/2025.

4. Bộ CHQS tỉnh hiệp đồng với các đơn vị cấp sư đoàn, lữ đoàn và tương đương (cấp dưới trực tiếp các đơn vị trực thuộc Bộ); Ban chỉ huy phòng thủ khu vực phối hợp với UBND các xã, phường hiệp đồng với cấp trung đoàn và tương đương xong trước ngày 31/12/2025.

5. Hoàn chỉnh hồ sơ công dân nhập ngũ xong trước ngày 05/02/2026.

6. Giao quyết định gọi công dân nhập ngũ xong trước ngày 15/02/2026.

7. Lễ giao nhận quân, dự kiến từ ngày 02/3/2026 - 05/3/2026 (thời gian cụ thể giao cho Bộ CHQS tỉnh thông báo sau).

8. Công tác kiểm tra của các thành viên Hội đồng NVQS tỉnh, cơ quan thường trực Hội đồng NVQS tỉnh.

-Kiểm tra công tác rà duyệt, sơ tuyển, khám sức khỏe; quyết định gọi công dân nhập ngũ, gặp mặt động viên và cấp phát quân trang cho tân binh, từ tháng 9/2025 đến hết tháng 02/2026;

Kiểm tra công tác chuẩn bị Lễ giao nhận quân (thời gian cụ thể giao Văn phòng UBND tỉnh, Bộ CHQS tỉnh thông báo sau).

9. Tổng hợp kết quả công tác tuyển quân năm 2026 báo cáo UBND tỉnh, Quân khu 1 xong trước ngày 10/4/2026.

Như vậy, dự kiến lịch đi nghĩa vụ quân sự 2026 của tỉnh Bắc Ninh cụ thể như sau:

- Tổ chức khám sức khỏe theo khu vực và các đoàn khám sức khỏe phù hợp với từng địa bàn từ ngày 01/11/2025 - 31/12/2025.

- Giao quyết định gọi công dân nhập ngũ xong trước ngày 15/02/2026.

- Lễ giao nhận quân, dự kiến từ ngày 02/3/2026 - 05/3/2026 (thời gian cụ thể giao cho Bộ CHQS tỉnh thông báo sau).

*Trên đây là nội dung thông tin về Lịch đi nghĩa vụ quân sự 2026 của tỉnh Bắc Ninh là khi nào?

Lịch đi nghĩa vụ quân sự 2026 của tỉnh Bắc Ninh là khi nào? (Hình từ Internet)

Căn cứ theo Điều 21  Luật Nghĩa vụ quân sự 2015  quy định về thời hạn phục vụ tại ngũ của hạ sĩ quan, binh sĩ như sau:

Điều 21. Thời hạn phục vụ tại ngũ của hạ sĩ quan, binh sĩ

1. Thời hạn phục vụ tại ngũ trong thời bình của hạ sĩ quan, binh sĩ là 24 tháng.

2. Bộ trưởng Bộ Quốc phòng được quyết định kéo dài thời hạn phục vụ tại ngũ của hạ sĩ quan, binh sĩ nhưng không quá 06 tháng trong trường hợp sau đây:

a) Để bảo đảm nhiệm vụ sẵn sàng chiến đấu;

b) Đang thực hiện nhiệm vụ phòng, chống thiên tai, dịch bệnh, cứu hộ, cứu nạn.

3. Thời hạn phục vụ của hạ sĩ quan, binh sĩ trong tình trạng chiến tranh hoặc tình trạng khẩn cấp về quốc phòng được thực hiện theo lệnh tổng động viên hoặc động viên cục bộ.

Như vậy, thời gian phục vụ tại ngũ trong thời bình của hạ sĩ quan là 24 tháng.

Căn cứ theo Điều 31  Luật Nghĩa vụ quân sự 2015  quy định về tiêu chuẩn công dân được gọi nhập ngũ và thực hiện nghĩa vụ tham gia Công an nhân dân như sau:

Điều 31. Tiêu chuẩn công dân được gọi nhập ngũ và thực hiện nghĩa vụ tham gia Công an nhân dân

1. Công dân được gọi nhập ngũ khi có đủ các tiêu chuẩn sau đây:

a) Lý lịch rõ ràng;

b) Chấp hành nghiêm đường lối, chủ trương của Đảng, chính sách, pháp luật của Nhà nước;

c) Đủ sức khỏe phục vụ tại ngũ theo quy định;

d) Có trình độ văn hóa phù hợp.

2. Tiêu chuẩn công dân được gọi thực hiện nghĩa vụ tham gia Công an nhân dân theo quy định tại Điều 7 của Luật Công an nhân dân.

Như vậy, công dân được gọi nhập ngũ khi có đầy đủ các tiêu chuẩn sau:

- Lý lịch rõ ràng;

- Chấp hành nghiêm đường lối, chủ trương của Đảng, chính sách, pháp luật của Nhà nước;

- Đủ sức khỏe phục vụ tại ngũ theo quy định;

- Có trình độ văn hóa phù hợp.","nghia-vu-quan-su","","","","2025-08-05T12:00:00","https://thuvienphapluat.vn/hoi-dap-phap-luat/lich-di-nghia-vu-quan-su-2026-cua-tinh-bac-ninh-la-khi-nao-138059125.html","2026-04-21T04:44:02.714252+00:00"
"138059192","Lịch đi nghĩa vụ quân sự 2026 của 34 tỉnh thành chi tiết thế nào?","Căn cứ Điều 33  Luật Nghĩa vụ quân sự 2015  thì hằng năm, gọi công dân nhập ngũ và thực hiện nghĩa vụ tham gia Công an nhân dân một lần vào tháng hai hoặc tháng ba; trường hợp cần thiết vì lý do quốc phòng, an ninh thì được gọi công dân nhập ngũ và thực hiện nghĩa vụ tham gia Công an nhân dân lần thứ hai. Đối với địa phương có thảm họa hoặc dịch bệnh nguy hiểm thì được điều chỉnh thời gian gọi nhập ngũ và thực hiện nghĩa vụ tham gia Công an nhân dân.

Có thể thấy, lịch đi nghĩa vụ quân sự 2026 sẽ rơi vào tháng hai hoặc tháng ba năm 2026.

Dưới đây là Lịch đi nghĩa vụ quân sự 2026 của 34 tỉnh thành chi tiết như sau:

[1] Tỉnh Bắc Ninh

Ngày 31 tháng 7 năm 2025, Ủy ban nhân dân tỉnh Bắc Ninh ban hành Kế hoạch 11/KH-UBND năm 2025   Tải về  về tuyển chọn, gọi công dân nhập ngũ và thực hiện nghĩa vụ tham gia Công an nhân dân năm 2026.

Theo đó, tại Mục 3 Kế hoạch 11/KH-UBND năm 2025   Tải về  của Ủy ban nhân dân tỉnh Bắc Ninh có nêu như sau:

III. THỜI GIAN

1. Tổ chức tập huấn nghiệp vụ công tác tuyển quân xong trong tháng 8/2025 (có kế hoạch riêng).

2. Rà duyệt các thôn, tổ dân phố, khu phố; sơ tuyển các xã, phường từ ngày 01/9/2025 - 31/10/2025.

3. Tổ chức khám sức khỏe theo khu vực và các đoàn khám sức khỏe phù hợp với từng địa bàn từ ngày 01/11/2025 - 31/12/2025.

4. Bộ CHQS tỉnh hiệp đồng với các đơn vị cấp sư đoàn, lữ đoàn và tương đương (cấp dưới trực tiếp các đơn vị trực thuộc Bộ); Ban chỉ huy phòng thủ khu vực phối hợp với UBND các xã, phường hiệp đồng với cấp trung đoàn và tương đương xong trước ngày 31/12/2025.

5. Hoàn chỉnh hồ sơ công dân nhập ngũ xong trước ngày 05/02/2026.

6. Giao quyết định gọi công dân nhập ngũ xong trước ngày 15/02/2026.

7. Lễ giao nhận quân, dự kiến từ ngày 02/3/2026 - 05/3/2026 (thời gian cụ thể giao cho Bộ CHQS tỉnh thông báo sau).

8. Công tác kiểm tra của các thành viên Hội đồng NVQS tỉnh, cơ quan thường trực Hội đồng NVQS tỉnh.

-Kiểm tra công tác rà duyệt, sơ tuyển, khám sức khỏe; quyết định gọi công dân nhập ngũ, gặp mặt động viên và cấp phát quân trang cho tân binh, từ tháng 9/2025 đến hết tháng 02/2026;

Kiểm tra công tác chuẩn bị Lễ giao nhận quân (thời gian cụ thể giao Văn phòng UBND tỉnh, Bộ CHQS tỉnh thông báo sau).

9. Tổng hợp kết quả công tác tuyển quân năm 2026 báo cáo UBND tỉnh, Quân khu 1 xong trước ngày 10/4/2026.

Như vậy, dự kiến lịch đi nghĩa vụ quân sự 2026 của tỉnh Bắc Ninh cụ thể như sau:

- Tổ chức khám sức khỏe theo khu vực và các đoàn khám sức khỏe phù hợp với từng địa bàn từ ngày 01/11/2025 - 31/12/2025.

- Giao quyết định gọi công dân nhập ngũ xong trước ngày 15/02/2026.

- Lễ giao nhận quân, dự kiến từ ngày 02/3/2026 - 05/3/2026 (thời gian cụ thể giao cho Bộ CHQS tỉnh thông báo sau).

(đang cập nhật...)

* Trên đây là Thông tin Lịch đi nghĩa vụ quân sự 2026 của 34 tỉnh thành chi tiết thế nào?

Lịch đi nghĩa vụ quân sự 2026 của 34 tỉnh thành chi tiết thế nào? (Hình từ Internet)

Căn cứ tại khoản 1 Điều 4  Nghị định 13/2016/NĐ-CP  quy định về đăng ký nghĩa vụ quân sự lần đầu như sau:

Điều 4. Đăng ký nghĩa vụ quân sự lần đầu

1. Chỉ huy trưởng Ban Chỉ huy quân sự huyện, quận, thị xã, thành phố thuộc tỉnh và đơn vị hành chính tương đương (sau đây gọi chung là Chỉ huy trưởng Ban Chỉ huy quân sự cấp huyện) ký Lệnh gọi đăng ký nghĩa vụ quân sự, Giấy chứng nhận đăng ký nghĩa vụ quân sự và giao cho Ban Chỉ huy quân sự xã, phường, thị trấn, cơ quan, tổ chức (sau đây gọi chung là Ban Chỉ huy quân sự cấp xã) thực hiện.

2. Hồ sơ

a) Phiếu tự khai sức khỏe nghĩa vụ quân sự;

b) Bản chụp giấy chứng minh nhân dân hoặc giấy khai sinh (mang theo bản chính để đối chiếu).

3. Trình tự thực hiện

a) Trước thời hạn 10 ngày, tính đến ngày đăng ký nghĩa vụ quân sự, Ban Chỉ huy quân sự cấp xã có trách nhiệm chuyển Lệnh gọi đăng ký nghĩa vụ quân sự đến công dân. Trường hợp cơ quan, tổ chức không có Ban Chỉ huy quân sự, thì người đứng đầu hoặc người đại diện hợp pháp của cơ quan, tổ chức có trách nhiệm chuyển Lệnh gọi đăng ký nghĩa vụ quân sự đến công dân;

[...]

Như vậy, Chỉ huy trưởng Ban Chỉ huy quân sự huyện, quận, thị xã, thành phố thuộc tỉnh và đơn vị hành chính tương đương là người có thẩm quyền ký lệnh gọi đăng ký nghĩa vụ quân sự.

Căn cứ tại khoản 2 Điều 3  Nghị định 13/2016/NĐ-CP , Bộ trưởng Bộ Quốc phòng quy định hệ thống mẫu biểu đăng ký nghĩa vụ quân sự gồm những nội dung sau đây:

- Lệnh gọi đăng ký nghĩa vụ quân sự;

- Phiếu tự khai sức khỏe nghĩa vụ quân sự;

- Phiếu quân nhân dự bị;

- Giấy chứng nhận đăng ký nghĩa vụ quân sự;

- Giấy chứng nhận đăng ký quân nhân dự bị;

- Giấy giới thiệu di chuyển đăng ký nghĩa vụ quân sự;

- Giấy giới thiệu di chuyển quân nhân dự bị;

- Sổ danh sách công dân nam đủ 17 tuổi trong năm;

- Sổ đăng ký công dân sẵn sàng nhập ngũ;

- Sổ đăng ký quân nhân dự bị.","nghia-vu-quan-su","","","","2025-08-05T10:29:00","https://thuvienphapluat.vn/hoi-dap-phap-luat/lich-di-nghia-vu-quan-su-2026-cua-34-tinh-thanh-chi-tiet-the-nao-138059192.html","2026-04-21T04:44:07.250521+00:00"
"138056197","Lịch nhập ngũ năm 2026 diễn ra vào thời gian nào?","Căn cứ tại khoản 4 Điều 40  Luật Nghĩa vụ quân sự 2015  được sửa đổi bởi khoản 16 Điều 4  Luật sửa đổi 11 Luật về quân sự, quốc phòng 2025  quy định như sau:

Điều 40. Sơ tuyển sức khỏe; khám sức khỏe cho công dân gọi nhập ngũ và thực hiện nghĩa vụ tham gia Công an nhân dân

[...]

5. Thời gian khám sức khoẻ  từ ngày 01 tháng 11 đến hết ngày 31 tháng 12 hằng năm.  Thời gian khám sức khỏe cho công dân trong diện gọi nhập ngũ và gọi thực hiện nghĩa vụ tham gia Công an nhân dân lần thứ hai theo quy định tại Điều 33 của Luật này do Thủ tướng Chính phủ quyết định.

[...]

Căn cứ theo Điều 33  Luật Nghĩa vụ quân sự 2015  quy định như sau:

Điều 33. Số lần, thời điểm gọi công dân nhập ngũ và thực hiện nghĩa vụ tham gia Công an nhân dân trong năm

Hằng năm, gọi công dân nhập ngũ và thực hiện nghĩa vụ tham gia Công an nhân dân một lần vào  tháng hai hoặc tháng ba ; trường hợp cần thiết vì lý do quốc phòng, an ninh thì được gọi công dân nhập ngũ và thực hiện nghĩa vụ tham gia Công an nhân dân lần thứ hai. Đối với địa phương có thảm họa hoặc dịch bệnh nguy hiểm thì được điều chỉnh thời gian gọi nhập ngũ và thực hiện nghĩa vụ tham gia Công an nhân dân.

Như vậy, lịch nhập ngũ năm 2026 diễn ra như sau:

- Thời gian khám sức khoẻ nghĩa vụ quân sự 2026 sẽ diễn ra từ ngày 01/11/2025 đến hết ngày 31/12/2025.

- Dự kiến công dân trong diện gọi nhập ngũ và thực hiện nghĩa vụ tham gia Công an nhân dân một lần vào tháng 2 hoặc tháng 3 năm 2026.

Lưu ý:  Trường hợp cần thiết vì lý do quốc phòng, an ninh thì được gọi công dân nhập ngũ và thực hiện nghĩa vụ tham gia Công an nhân dân lần thứ hai. Đối với địa phương có thảm họa hoặc dịch bệnh nguy hiểm thì được điều chỉnh thời gian gọi nhập ngũ và thực hiện nghĩa vụ tham gia Công an nhân dân

Trên đây là thông tin: Lịch nhập ngũ năm 2026 diễn ra vào thời gian nào?

Lịch nhập ngũ năm 2026 diễn ra vào thời gian nào? (Hình từ Internet)

Căn cứ theo Điều 4  Thông tư 148/2018/TT-BQP  được sửa đổi bởi khoản 1 Điều 1  Thông tư 68/2025/TT-BQP  quy định tiêu chuẩn đi nghĩa vụ quân sự 2026 như sau:

(1) Tuổi đời

- Công dân từ đủ 18 tuổi đến hết 25 tuổi.

- Công dân nam được đào tạo trình độ cao đẳng, đại học đã được tạm hoãn gọi nhập ngũ trong thời gian một khóa đào tạo của một trình độ đào tạo thì tuyển chọn và gọi nhập ngũ đến hết 27 tuổi.

(2) Tiêu chuẩn chính trị

- Thực hiện theo quy định tiêu chuẩn chính trị tuyển chọn công dân vào phục vụ trong Quân đội nhân dân Việt Nam.

- Thực hiện theo quy định của Bộ Quốc phòng đối với các cơ quan sau:

+ Cơ quan, đơn vị và vị trí trọng yếu cơ mật trong Quân đội;

+ Lực lượng Tiêu binh, Nghi lễ;

+ Lực lượng Vệ binh và Kiểm soát quân sự chuyên nghiệp;

(3) Tiêu chuẩn sức khỏe

- Tuyển chọn những công dân đạt sức khỏe loại 1, loại 2 và loại 3 theo quy định tại Điều 5  Thông tư 105/2023/TT-BQP , Điều 6  Thông tư 105/2023/TT-BQP  quy định tiêu chuẩn sức khỏe, khám sức khỏe cho các đối tượng thuộc phạm vi quản lý của Bộ Quốc phòng.

- Đối với các cơ quan, đơn vị và vị trí trọng yếu cơ mật trong Quân đội; lực lượng Tiêu binh, Nghi lễ; lực lượng Vệ binh và Kiểm soát quân sự chuyên nghiệp thực hiện tuyển chọn theo quy định của Bộ Quốc phòng.

- Không gọi nhập ngũ vào Quân đội những công dân mắc tật khúc xạ cận thị lớn hơn 1.5 diop trở lên, viễn thị các mức độ; chỉ số BMI nhỏ hơn 18.0 hoặc lớn hơn 29.9.

(4) Tiêu chuẩn văn hóa

- Tuyển chọn và gọi nhập ngũ những công dân có trình độ văn hóa lớp 8 trở lên, lấy từ cao xuống thấp.

- Những địa phương có khó khăn không đảm bảo đủ chỉ tiêu giao quân thì báo cáo cấp có thẩm quyền xem xét, quyết định được tuyển chọn số công dân có trình độ văn hóa lớp 7.

- Các xã thuộc vùng sâu, vùng xa, vùng điều kiện kinh tế - xã hội đặc biệt khó khăn theo quy định của pháp luật;

- Đồng bào dân tộc thiểu số dưới 10.000 người thì được tuyển không quá 25% công dân có trình độ văn hóa cấp tiểu học, còn lại là trung học cơ sở trở lên.

Căn cứ tại khoản 6 Điều 34  Luật Nghĩa vụ quân sự 2015  được sửa đổi bởi khoản 11 Điều 4  Luật sửa đổi 11 Luật về quân sự, quốc phòng 2025  quy định như sau:

Điều 34. Thẩm quyền quyết định việc gọi công dân nhập ngũ và thực hiện nghĩa vụ tham gia Công an nhân dân

[....]

4. Chỉ huy trưởng Bộ chỉ huy quân sự cấp tỉnh, Giám đốc Công an cấp tỉnh có trách nhiệm phối hợp, tham mưu cho Chủ tịch Ủy ban nhân dân cấp tỉnh trong việc giao số lượng gọi công dân nhập ngũ và thực hiện nghĩa vụ tham gia Công an nhân dân cho địa phương cấp xã và cơ quan, tổ chức trên địa bàn; chỉ đạo tuyển chọn công dân nhập ngũ và thực hiện nghĩa vụ tham gia Công an nhân dân.

6. Chủ tịch Ủy ban nhân dân cấp xã quyết định gọi từng công dân nhập ngũ và thực hiện nghĩa vụ tham gia Công an nhân dân. Quyết định gọi nhập ngũ, gọi thực hiện nghĩa vụ tham gia Công an nhân dân  phải được giao cho công dân trước thời gian ghi trong quyết định 15 ngày.

Như vậy, quyết định gọi nhập ngũ phải được giao cho công dân trước thời gian ghi trong quyết định 15 ngày.","nghia-vu-quan-su","","","","2025-07-19T14:55:00","https://thuvienphapluat.vn/hoi-dap-phap-luat/lich-nhap-ngu-nam-2026-dien-ra-vao-thoi-gian-nao-138056197.html","2026-04-21T04:44:11.895977+00:00"
"138056666","Thanh niên hoàn thành nghĩa vụ quân sự được vay vốn hỗ trợ tạo việc làm từ 01/01/2026 đúng không?","Căn cứ theo Điều 12  Luật Việc làm 2025  quy định về chính sách hỗ trợ việc làm cho người lao động là thanh niên như sau:

Điều 12. Chính sách hỗ trợ việc làm cho người lao động là thanh niên

1. Được hỗ trợ đào tạo nghề theo quy định của Chính phủ trong các trường hợp sau đây:

a) Thanh niên hoàn thành nghĩa vụ quân sự , nghĩa vụ tham gia Công an nhân dân;

b) Thanh niên tình nguyện hoàn thành nhiệm vụ thực hiện chương trình, dự án phát triển kinh tế - xã hội;

c) Trí thức trẻ tình nguyện sau khi hoàn thành nhiệm vụ công tác tại khu kinh tế - quốc phòng.

2. Được vay vốn hỗ trợ tạo việc làm,  duy trì, mở rộng việc làm và vay vốn hỗ trợ đi làm việc ở nước ngoài theo hợp đồng theo quy định của Luật này.

3. Được hỗ trợ lập nghiệp, khởi nghiệp theo quy định của pháp luật.

Như vậy, từ 01/01/2026, thanh niên hoàn thành nghĩa vụ quân sự được vay vốn hỗ trợ tạo việc làm.

Trên đây là thông tin: Thanh niên hoàn thành nghĩa vụ quân sự được vay vốn hỗ trợ tạo việc làm từ 01/01/2026 đúng không?

Thanh niên hoàn thành nghĩa vụ quân sự được vay vốn hỗ trợ tạo việc làm từ 01/01/2026 đúng không? (Hình từ Internet)

Căn cứ tại khoản 3 Điều 50  Luật Nghĩa vụ quân sự 2015  quy định về chế độ, chính sách đối người hoàn thành nghĩa vụ quân sự (xuất ngũ) như sau:

- Được cấp tiền tàu xe, phụ cấp đi đường, trợ cấp xuất ngũ.

- Trước khi nhập ngũ đang học tập hoặc có giấy gọi vào học tập tại các trường thuộc cơ sở giáo dục nghề nghiệp, cơ sở giáo dục đại học thì được bảo lưu kết quả, được tiếp nhận vào học ở các trường đó.

- Được trợ cấp tạo việc làm.

- Trước khi nhập ngũ đang làm việc tại cơ quan nhà nước, tổ chức chính trị, tổ chức chính trị - xã hội thì khi xuất ngũ cơ quan, tổ chức đó phải có trách nhiệm tiếp nhận lại, bố trí việc làm và bảo đảm thu nhập không thấp hơn trước khi nhập ngũ; trường hợp cơ quan, tổ chức đó đã giải thể thì cơ quan, tổ chức cấp trên trực tiếp có trách nhiệm bố trí việc làm phù hợp.

- Trước khi nhập ngũ đang làm việc tại tổ chức kinh tế thi khi xuất ngũ tổ chức đó phải có trách nhiệm tiếp nhận lại, bố trí việc làm và bảo đảm tiền lương, tiền công tương xứng với vị trí việc làm và tiền lương, tiền công trước khi nhập ngũ; trường hợp tổ chức kinh tế đã chấm dứt hoạt động, giải thể hoặc phá sản thì việc giải quyết chế độ, chính sách đối với hạ sĩ quan, binh sĩ xuất ngũ được thực hiện như đối với người lao động của tổ chức kinh tế đó theo quy định của pháp luật.

- Được giải quyết quyền lợi về bảo hiểm xã hội theo quy định của  Luật Bảo hiểm xã hội 2024 .

- Đối với hạ sĩ quan, binh sĩ xuất ngũ theo quy định tại khoản 1 Điều 43  Luật Nghĩa vụ quân sự 2015  và khoản 1 Điều 48  Luật Nghĩa vụ quân sự 2015 , khi về địa phương được chính quyền các cấp, cơ quan, tổ chức ưu tiên sắp xếp việc làm và cộng điểm trong tuyển sinh, tuyển dụng công chức, viên chức; trong thời gian tập sự được hưởng 100% mức lương và phụ cấp của ngạch tuyển dụng tương ứng với trình độ đào tạo.

Căn cứ tại khoản 4 Điều 4  Luật Nghĩa vụ quân sự 2015  được sửa đổi bởi khoản 2 Điều 4  Luật sửa đổi 11 Luật về quân sự, quốc phòng 2025  (hiệu lực từ ngày 01/07/2025) quy định những trường hợp hoàn thành  nghĩa vụ quân sự  trong thời bình bao gồm:

- Dân quân thường trực có ít nhất 24 tháng phục vụ thì được công nhận hoàn thành thực hiện nghĩa vụ quân sự trong thời bình do Tư lệnh Bộ Tư lệnh Thủ đô Hà Nội, Tư lệnh Bộ Tư lệnh Thành phố Hồ Chí Minh, Chỉ huy trưởng Bộ chỉ huy quân sự cấp tỉnh (sau đây gọi là Chỉ huy trưởng Bộ chỉ huy quân sự cấp tỉnh) quyết định theo đề nghị của Chủ tịch Ủy ban nhân dân cấp xã, người đứng đầu cơ quan, tổ chức;

- Hoàn thành nhiệm vụ tham gia Công an xã liên tục từ đủ 36 tháng trở lên;

- Cán bộ, công chức, viên chức, sinh viên tốt nghiệp đại học trở lên, đã được đào tạo và phong quân hàm sĩ quan dự bị;

- Thanh niên đã tốt nghiệp đại học, cao đẳng, trung cấp tình nguyện phục vụ tại đoàn kinh tế - quốc phòng từ đủ 24 tháng trở lên theo Đề án do Thủ tướng Chính phủ quyết định;

- Công dân phục vụ trên tàu kiểm ngư từ đủ 24 tháng trở lên.

Lưu ý:  Luật Việc làm 2025  có hiệu lực thi hành từ ngày 01/01/2026.","nghia-vu-quan-su","","","","2025-07-11T11:20:00","https://thuvienphapluat.vn/hoi-dap-phap-luat/thanh-nien-hoan-thanh-nghia-vu-quan-su-duoc-vay-von-ho-tro-tao-viec-lam-tu-01012026-dung-khong-138056666.html","2026-04-21T04:44:20.310463+00:00"
"138056315","Nghĩa vụ quân sự: Không gọi nhập ngũ công dân có chỉ số khối cơ thể nhỏ hơn 18,0 hoặc lớn hơn 29,9 đúng không?","Căn cứ tại khoản 3 Điều 4  Thông tư 148/2018/TT-BQP  được sửa đổi bởi khoản 1 Điều 1  Thông tư 68/2025/TT-BQP  quy định về tiêu chuẩn tuyển quân như sau:

Điều 4. Tiêu chuẩn tuyển quân

[...]

3. Tiêu chuẩn sức khỏe:

a) Tuyển chọn những công dân đạt sức khỏe loại 1, loại 2 và loại 3 theo quy định tại Điều 5, Điều 6 Thông tư số 105/2023/TT-BQP ngày 06 tháng 12 năm 2023 của Bộ trưởng Bộ Quốc phòng quy định tiêu chuẩn sức khỏe, khám sức khỏe cho các đối tượng thuộc phạm vi quản lý của Bộ Quốc phòng.

b) Đối với các cơ quan, đơn vị, vị trí quy định tại Điểm b, Khoản 2 Điều này, thực hiện tuyển chọn bảo đảm tiêu chuẩn riêng theo quy định của Bộ Quốc phòng.

c) Không gọi nhập ngũ vào Quân đội những công dân mắc tật khúc xạ cận thị lớn hơn 1.5 diop trở lên, viễn thị các mức độ;  chỉ số BMI nhỏ hơn 18.0 hoặc lớn hơn 29.9.

[...]

Như vậy, không gọi nhập ngũ vào Quân đội những công dân chỉ số khối cơ thể nhỏ hơn 18,0 hoặc lớn hơn 29,9.

Thông tin trên là: Nghĩa vụ quân sự: Không gọi nhập ngũ công dân có chỉ số khối cơ thể nhỏ hơn 18,0 hoặc lớn hơn 29,9 đúng không?

Nghĩa vụ quân sự: Không gọi nhập ngũ công dân có chỉ số khối cơ thể nhỏ hơn 18,0 hoặc lớn hơn 29,9 đúng không? (Hình từ Internet)

Căn cứ theo Điều 13  Luật Nghĩa vụ quân sự 2015  được sửa đổi bởi khoản 3 Điều 4  Luật sửa đổi 11 Luật về quân sự, quốc phòng 2025  quy định công dân thuộc một trong các trường hợp sau đây không được đăng ký nghĩa vụ quân sự như sau:

- Đang bị truy cứu trách nhiệm hình sự; đang chấp hành hình phạt tù, cải tạo không giam giữ, quản chế hoặc đã chấp hành xong hình phạt tù nhưng chưa được xóa án tích

- Đang bị áp dụng biện pháp giáo dục tại cấp xã hoặc đưa vào trường giáo dưỡng, cơ sở giáo dục bắt buộc, cơ sở cai nghiện bắt buộc;

- Bị tước quyền phục vụ trong lực lượng vũ trang nhân dân.

Lưu ý : Khi hết thời hạn áp dụng các biện pháp quy định trên thì công dân được đăng ký nghĩa vụ quân sự.

Căn cứ theo Điều 6  Nghị định 120/2013/NĐ-CP  được sửa đổi bởi khoản 8 Điều 1  Nghị định 37/2022/NĐ-CP  nếu không có mặt đúng thời gian hoặc địa điểm kiểm tra, khám sức khỏe ghi trong lệnh gọi kiểm tra hoặc khám sức khỏe nghĩa vụ quân sự của Chỉ huy trưởng Ban Chỉ huy quân sự cấp huyện theo quy định hoặc cố ý không nhận lệnh gọi kiểm tra, khám sức khỏe nghĩa vụ quân sự của Chỉ huy trưởng Ban Chỉ huy quân sự cấp huyện theo quy định mà không có lý do chính đáng sẽ bị xử phạt hành chính.

Căn cứ theo Điều 4  Thông tư 07/2023/TT-BQP  quy định những lý do sau đây được xem là lý do chính đáng sẽ không bị phạt khi bỏ khám nghĩa vụ quân sự:

(1)  Người phải thực hiện việc kiểm tra hoặc khám sức khỏe thực hiện nghĩa vụ quân sự; khám sức khỏe tuyển chọn sĩ quan dự bị; chấp hành lệnh gọi nhập ngũ; lệnh gọi đi đào tạo sĩ quan dự bị; lệnh gọi tập trung huấn luyện, diễn tập, kiểm tra sẵn sàng động viên, sẵn sàng chiến đấu (sau đây viết gọn là người thực hiện nghĩa vụ quân sự) nhưng bị ốm đau, tai nạn hoặc trên đường đi bị ốm đau, tai nạn phải điều trị tại cơ sở khám bệnh, chữa bệnh.

(2)  Thân nhân của người thực hiện nghĩa vụ quân sự, gồm: Cha đẻ, mẹ đẻ; cha vợ, mẹ vợ hoặc cha chồng, mẹ chồng; cha nuôi, mẹ nuôi; người nuôi dưỡng hợp pháp; vợ hoặc chồng; con đẻ, con nuôi hợp pháp bị ốm đau, tai nạn nặng đang điều trị tại cơ sở khám bệnh, chữa bệnh.

(3)  Thân nhân của người thực hiện nghĩa vụ quân sự quy định tại  (2)  chết nhưng chưa tổ chức tang lễ hoặc tang lễ chưa kết thúc.

(4)  Nhà ở của người thực hiện nghĩa vụ quân sự hoặc nhà ở của thân nhân người thực hiện nghĩa vụ quân sự quy định tại điểm b khoản này nằm trong vùng đang bị thiên tai, dịch bệnh, hỏa hoạn làm ảnh hưởng nghiêm trọng đến cuộc sống.

(5)  Người thực hiện nghĩa vụ quân sự không nhận được lệnh gọi kiểm tra hoặc khám sức khỏe thực hiện nghĩa vụ quân sự; khám sức khỏe tuyển chọn sĩ quan dự bị; lệnh gọi nhập ngũ; lệnh gọi đi đào tạo sĩ quan dự bị; lệnh gọi tập trung huấn luyện, diễn tập, kiểm tra sẵn sàng động viên, sẵn sàng chiến đấu; hoặc có nhận được lệnh, nhưng trong lệnh không ghi rõ thời gian, địa điểm do lỗi của người hoặc cơ quan có trách nhiệm, hoặc do người khác có hành vi cản trở được quy định tại Điều 7  Thông tư 07/2023/TT-BQP .

Lưu ý:

- Trường hợp quy định tại (1), (2) phải có xác nhận của Ủy ban nhân dân cấp xã nơi cư trú hoặc cơ sở khám bệnh, chữa bệnh đã điều trị hoặc trạm y tế cấp xã nơi cư trú.

- Trường hợp quy định tại (3), (4) phải có xác nhận của Ủy ban nhân dân cấp xã nơi cư trú.

- Trường hợp quy định tại (5) phải có xác nhận của Ủy ban nhân dân cấp xã nơi cư trú hoặc cơ quan có thẩm quyền.","nghia-vu-quan-su","","","","2025-07-10T15:32:00","https://thuvienphapluat.vn/hoi-dap-phap-luat/nghia-vu-quan-su-khong-goi-nhap-ngu-cong-dan-co-chi-so-khoi-co-the-nho-hon-180-hoac-lon-hon-299-dun-138056315.html","2026-04-21T04:44:25.410490+00:00"
"138056279","Từ 1/7/2025 không gọi nhập ngũ công dân cận thị trên 1.5 diop phải không?","Căn cứ theo điểm c khoản 3 Điều 4  Thông tư 148/2018/TT-BQP  hết hiệu lực từ ngày 01/7/2025 quy định như sau:

Điều 4. Tiêu chuẩn tuyển quân

[...]

3. Tiêu chuẩn sức khỏe:

[...]

c) Không gọi nhập ngũ vào Quân đội những công dân có sức khỏe loại 3 tật khúc xạ về mắt ( cận thị 1,5 diop trở lên , viễn thị các mức độ); nghiện ma túy, nhiễm HlV, AIDS.

[...]

Căn cứ theo điểm c khoản 3 Điều 4  Thông tư 148/2018/TT-BQP  được sửa đổi bởi khoản 1 Điều 1 Thông tư 68/2025/TT-BQP   Tải về  có hiệu lực từ ngày 01/7/2025) quy định như sau:

Điều 4. Tiêu chuẩn tuyển quân

[...]

3. Tiêu chuẩn sức khỏe:

[...]

c) Không gọi nhập ngũ vào Quân đội những công dân mắc tật khúc xạ  cận thị lớn hơn 1.5 diop trở lên , viễn thị các mức độ; chỉ số BMI nhỏ hơn 18.0 hoặc lớn hơn 29.9.

[....]

Như vậy, từ ngày 01/7/2025, trong độ tuổi gọi nhập ngũ, nếu công dân cận thị lớn hơn 1.5 diop trở lên thì không gọi nhập ngũ vào quân đội.

Trước đây, Bộ Quốc phòng quy định không gọi nhập ngũ vào Quân đội những công dân có sức khỏe loại 3 tật khúc xạ về mắt (cận thị 1,5 diop trở lên).

Từ 1/7/2025 không gọi nhập ngũ công dân cận thị trên 1.5 diop phải không? (Hình từ Internet)

Căn cứ theo khoản 2 Điều 5  Thông tư 148/2018/TT-BQP , những công dân được miễn gọi nhập ngũ trong thời bình, gồm:

- Con của liệt sĩ, con của thương binh hạng một.

- Một anh hoặc một em trai của liệt sĩ.

- Một con của thương binh hạng hai; một con của bệnh binh suy giảm khả năng lao động từ 81% trở lên; một con của người nhiễm chất độc da cam suy giảm khả năng lao động từ 81% trở lên.

- Người làm công tác cơ yếu không phải là quân nhân, Công an nhân dân.

- Cán bộ, công chức, viên chức, thanh niên xung phong được điều động đến công tác, làm việc ở vùng có điều kiện kinh tế - xã hội đặc biệt khó khăn theo quy định của pháp luật từ 24 tháng trở lên.

Lưu ý: Công dân thuộc diện được miễn gọi nhập ngũ, nếu tình nguyện thì được xem xét tuyển chọn và gọi nhập ngũ.

Căn cứ theo điểm c khoản 3 Điều 4  Thông tư 148/2018/TT-BQP  được sửa đổi bởi khoản 3 Điều 1 Thông tư 68/2025/TT-BQP   Tải về , trách nhiệm của Ủy ban nhân dân cấp xã trong công tác giao quân tuyển chọn và gọi nhập ngũ là:

- Thực hiện trách nhiệm theo quy định tại khoản 1 Điều 4  Thông tư 148/2018/TT-BQP  và chỉ đạo Hội đồng nghĩa vụ quân sự, các ban, ngành liên quan và các thôn thực hiện tuyển quân đúng quy định, bảo đảm đủ chỉ tiêu, chất lượng giao quân;

- Chỉ đạo các thôn tổ chức bình cử, đề xuất công dân nam trong độ tuổi thực hiện nghĩa vụ quân sự đi sơ tuyển thực hiện nghĩa vụ quân sự đúng quy định, bảo đảm dân chủ, công bằng, công khai, chất lượng, hiệu quả;

- Tổ chức sơ tuyển; lập danh sách gọi khám sức khỏe nghĩa vụ quân sự bàn giao cho Hội đồng khám sức khỏe và Ban Chỉ huy phòng thủ khu vực; gọi khám sức khỏe nghĩa vụ quân sự (sô lượng gọi khám không quá bôn lân so với chỉ tiêu gọi nhập ngũ); xét duyệt công dân nhập ngũ;

- Báo cáo Hội đồng nghĩa vụ quân sự cấp tỉnh qua Bộ Chỉ huy quân sự cấp tỉnh danh sách công dân đủ điều kiện gọi nhập ngũ, tạm hoãn gọi nhập ngũ và miễn gọi nhập ngũ. Lập, hoàn chỉnh đầy đủ hồ sơ nghĩa vụ quân sự và các thủ tục liên quan đối vái công dân đủ điều kiện gọi nhập ngũ để bàn giao cho Ban Chỉ huy phòng thủ khu vực;

- Thực hiện công khai trên cổng thông tin điện tử và niêm yết tại trụ sở ủy ban nhân dân cấp xã, cơ quan, tổ chức, nơi sinh hoạt cộng đồng của các thôn theo quy định những nội dung sau:

+ Chỉ tiêu tuyển quân tỉnh giao cho xã;

+ Điều kiện, tiêu chuẩn tuyển quân; trường hơp tạm hoãn gọi nhập ngũ và miễn gọi nhập ngũ;

+ Danh sách công dân trong diện gọi nhập ngũ;

- Danh sách công dân tạm hoãn gọi nhập ngũ, miễn gọi nhập ngũ;

- Danh sách công dân đủ điều kiện nhập ngũ;

- Kết quả sơ tuyển sức khỏe, phân loại sức khỏe theo kết luận của tổ sơ tuyển sức khỏe nghĩa vụ quân sự và Hội đồng khám sức khỏe thực hiện nghĩa vụ quân sự khu vực;

+ Danh sách công dân trúng tuyển nghĩa vụ quân sự sẵn sàng nhập ngũ.

- Phối hợp với Ban Chỉ huy phòng thủ khu vực và đơn vị nhận quân hiệp đồng giao nhận quân, thống nhất chốt quân số; quyết định gọi công dân nhập ngũ;

- Chỉ đạo Ban Chỉ huy quân sự cấp xã phối hợp với các ban, ngành liên quan hướng dẫn những công dân được nhận quyết định gọi nhập ngũ, lập tờ khai tham gia bảo hiểm y tế (theo mẫu), có xác nhận của ủ y ban nhân dân cấp xã để bàn giao cho Ban Chỉ huy phòng thủ khu vực cùng với hồ sơ nghĩa vụ quân sự;

- Chỉ đạo Hội đồng nghĩa vụ quân sự, khi khám sức khỏe tiến hành đăng ký cỡ số quân trang đôi với từng công dân và thông báo cho đơn vị nhận quân bảo đảm cấp phát theo quy định; trước Lễ giao nhận quân từ 03 ngày đến 05 ngày tô chức câp phát một sô mặt hàng quân trang cho chiến sĩ mới bảo đảm thống nhất, đúng quy định theo từng quân, binh chủng và đỉều kiện thời tiết, khí hậu vùng miền;

- Phối họp với Ban Chỉ huy phòng thủ khu vực thực hiện Lễ Giao nhận quân theo đúng quy định;

- Thường xuyên trao đổi thông tin về tình hình công dân được gọi nhập ngũ; phối họp với Ban Chỉ huy phòng thủ khu vực và đơn vị nhận quân thực hiện bù đổi tại đơn vị (nếu có) bảo đảm chất lượng, thời gian quy định;

- Chỉ đạo Ban Chỉ huy quân sự cấp xã phối hợp với Công an cấp xã và các ban, ngành, đoàn thể nắm chắc tiêu chuẩn chính trị, đạo đức và những vấn đề mới phát sinh của công dân chuẩn bị nhập ngũ, kịp thời thông tin và cung cấp để Ban Chỉ huy phòng thủ khu vực và đơn vị nhận quân biêt, quản lý. Phôi hợp vói đơn vị nhận quân và gia đình giải quyết quân nhân đào ngũ, bỏ ngũ theo quy định của pháp luật.","nghia-vu-quan-su","","","","2025-07-08T11:08:00","https://thuvienphapluat.vn/hoi-dap-phap-luat/tu-172025-khong-goi-nhap-ngu-cong-dan-can-thi-tren-15-diop-phai-khong-138056279.html","2026-04-21T04:44:29.930759+00:00"
"138027062","Con có phải đi nghĩa vụ quân sự khi gia đình có cha hoặc mẹ không còn khả năng lao động?","Căn cứ theo quy định tại Điều 5  Thông tư 148/2018/TT-BQP  về tạm hoãn gọi nhập ngũ và miễn gọi nhập ngũ:

Điều 5. Tạm hoãn gọi nhập ngũ và miễn gọi nhập ngũ

Việc tạm hoãn và miễn gọi nhập ngũ trong thời bình thực hiện theo quy định tại  Điều 41 Luật nghĩa vụ quân sự năm 2015 , như sau:

1. Tạm hoãn gọi nhập ngũ đối với những công dân sau đây:

a) Chưa đủ sức khỏe phục vụ tại ngũ theo kết luận của Hội đồng khám sức khỏe.

b) Là lao động duy nhất phải trực tiếp nuôi dưỡng thân nhân không còn khả năng lao động  hoặc chưa đến tuổi lao động; trong gia đình bị thiệt hại nặng về người và tài sản do tai nạn, thiên tai, dịch bệnh nguy hiểm gây ra được Ủy ban nhân dân xã, phường, thị trấn (sau đây gọi chung là cấp xã) xác nhận.

c) Một con của bệnh binh, người nhiễm chất độc da cam suy giảm khả năng lao động từ 61% đến 80%.

d) Có anh, chị hoặc em ruột là hạ sĩ quan, binh sĩ đang phục vụ tại ngũ; hạ sĩ quan, chiến sĩ thực hiện nghĩa vụ tham gia Công an nhân dân.

đ) Người thuộc diện di dân, giãn dân trong 03 năm đầu đến các xã đặc biệt khó khăn theo dự án phát triển kinh tế - xã hội của Nhà nước do Ủy ban nhân dân cấp tỉnh trở lên quyết định.

e) Cán bộ, công chức, viên chức, thanh niên xung phong được điều động đến công tác, làm việc ở vùng có điều kiện kinh tế - xã hội đặc biệt khó khăn theo quy định của pháp luật.

g) Đang học tại cơ sở giáo dục phổ thông; đang được đào tạo trình độ đại học hệ chính quy thuộc cơ sở giáo dục đại học, trình độ cao đẳng hệ chính quy thuộc cơ sở giáo dục nghề nghiệp trong thời gian một khóa đào tạo của một trình độ đào tạo.

2. Miễn gọi nhập ngũ đối với những công dân sau đây:

a) Con của liệt sĩ, con của thương binh hạng một.

b) Một anh hoặc một em trai của liệt sĩ.

c) Một con của thương binh hạng hai; một con của bệnh binh suy giảm khả năng lao động từ 81% trở lên; một con của người nhiễm chất độc da cam suy giảm khả năng lao động từ 81% trở lên.

d) Người làm công tác cơ yếu không phải là quân nhân, Công an nhân dân.

đ) Cán bộ, công chức, viên chức, thanh niên xung phong được điều động đến công tác, làm việc ở vùng có điều kiện kinh tế - xã hội đặc biệt khó khăn theo quy định của pháp luật từ 24 tháng trở lên.

3. Công dân thuộc diện tạm hoãn gọi nhập ngũ quy định tại Khoản 1 Điều này, nếu không còn lý do tạm hoãn thì được gọi nhập ngũ.

Công dân thuộc diện được tạm hoãn gọi nhập ngũ hoặc được miễn gọi nhập ngũ quy định tại Khoản 1 và Khoản 2 Điều này, nếu tình nguyện thì được xem xét tuyển chọn và gọi nhập ngũ.

4. Danh sách công dân thuộc diện được tạm hoãn gọi nhập ngũ và miễn gọi nhập ngũ phải được niêm yết công khai tại trụ sở Ủy ban nhân dân cấp xã, cơ quan, tổ chức trong thời hạn 20 ngày kể từ ngày Chủ tịch Ủy ban nhân dân cấp huyện ký Quyết định.

Như vậy, trong trường hợp gia đình có cha hoặc mẹ không còn khả năng lao động thì con sẽ được hoãn gọi nhập ngũ nếu con là lao động duy nhất phải trực tiếp nuôi dưỡng thân nhân không còn khả năng lao động. Tuy nhiên, nếu con thuộc diện tạm hoãn gọi nhập ngũ tình nguyện đi thì được xem xét tuyển chọn và gọi nhập ngũ.

Con có phải đi nghĩa vụ quân sự khi gia đình có cha hoặc mẹ không còn khả năng lao động? (Hình từ Internet)

Căn cứ tại Điều 30  Luật Nghĩa vụ quân sự 2015  quy định về số tuổi gọi nhập ngũ như sau:

Điều 30. Độ tuổi gọi nhập ngũ

Công dân đủ 18 tuổi được gọi nhập ngũ; độ tuổi gọi nhập ngũ từ đủ 18 tuổi đến hết 25 tuổi; công dân được đào tạo trình độ cao đẳng, đại học đã được tạm hoãn gọi nhập ngũ thì độ tuổi gọi nhập ngũ đến hết 27 tuổi.

Theo đó, đ ộ tuổi được gọi nhập ngũ đối với  công dân Việt Nam  là từ đủ 18 tuổi đến 25 tuổi. Đối với  công dân được đào tạo trình độ cao đẳng, đại học đã được tạm hoãn gọi nhập ngũ thì độ tuổi gọi nhập ngũ đến hết 27 tuổi.

Theo quy định tại Điều 13  Luật Nghĩa vụ quân sự 2015  về đối tượng không được đăng ký  nghĩa vụ quân sự  như sau:

Điều 13. Đối tượng không được đăng ký nghĩa vụ quân sự

1. Công dân thuộc một trong các trường hợp sau đây không được đăng ký nghĩa vụ quân sự:

a) Đang bị truy cứu trách nhiệm hình sự; đang chấp hành hình phạt tù, cải tạo không giam giữ, quản chế hoặc đã chấp hành xong hình phạt tù nhưng chưa được xóa án tích;

b) Đang bị áp dụng biện pháp giáo dục tại xã, phường, thị trấn (sau đây gọi chung là cấp xã) hoặc đưa vào trường giáo dưỡng, cơ sở giáo dục bắt buộc, cơ sở cai nghiện bắt buộc;

c) Bị tước quyền phục vụ trong lực lượng vũ trang nhân dân.

2. Khi hết thời hạn áp dụng các biện pháp quy định tại khoản 1 Điều này, công dân được đăng ký nghĩa vụ quân sự.

Theo đó, những đối tượng không được đăng ký nghĩa vụ quân sự bao gồm:

- Công dân đang bị truy cứu trách nhiệm hình sự; đang chấp hành hình phạt tù, cải tạo không giam giữ, quản chế hoặc đã chấp hành xong hình phạt tù nhưng chưa được xóa án tích;

- Công dân đang bị áp dụng biện pháp giáo dục tại xã, phường, thị trấn (sau đây gọi chung là cấp xã) hoặc đưa vào trường giáo dưỡng, cơ sở giáo dục bắt buộc, cơ sở cai nghiện bắt buộc;

- Công dân bị tước quyền phục vụ trong lực lượng vũ trang nhân dân.

Bên cạnh đó, khi hết thời hạn áp dụng các biện pháp quy định trên thì công dân vẫn được đăng ký nghĩa vụ quân sự.","nghia-vu-quan-su","","","","2025-06-18T01:40:00","https://thuvienphapluat.vn/hoi-dap-phap-luat/con-co-phai-di-nghia-vu-quan-su-khi-gia-dinh-co-cha-hoac-me-khong-con-kha-nang-lao-dong-138027062.html","2026-04-21T04:44:34.240983+00:00"
"138033103","Quy định về độ tuổi đi nghĩa vụ quân sự 2025 là bao nhiêu tuổi?","Căn cứ Điều 30  Luật Nghĩa vụ quân sự 2015  có quy định về độ tuổi đi nghĩa vụ quân sự như sau:

Điều 30. Độ tuổi gọi nhập ngũ

Công dân đủ 18 tuổi được gọi nhập ngũ; độ tuổi gọi nhập ngũ từ đủ 18 tuổi đến hết 25 tuổi; công dân được đào tạo trình độ cao đẳng, đại học đã được tạm hoãn gọi nhập ngũ thì độ tuổi gọi nhập ngũ đến hết 27 tuổi.

Căn cứ khoản 4 Điều 40  Luật Nghĩa vụ quân sự 2015  quy định như sau:

Điều 40. Khám sức khỏe cho công dân gọi nhập ngũ và thực hiện nghĩa vụ tham gia Công an nhân dân

[...]

4. Thời gian khám sức khỏe từ ngày 01 tháng 11 đến hết ngày 31 tháng 12 hằng năm. Thời gian khám sức khỏe gọi công dân nhập ngũ và thực hiện nghĩa vụ tham gia Công an nhân dân lần thứ hai theo quy định tại Điều 33 của Luật này do Thủ tướng Chính phủ quyết định.

Theo đó, độ tuổi đi nghĩa vụ quân sự 2024 là từ đủ 18 tuổi đến hết 25 tuổi. Đối với trường hợp công dân được đào tạo trình độ cao đẳng, đại học đã được tạm hoãn gọi nhập ngũ thì độ tuổi gọi nhập ngũ từ 18 tuổi đến hết 27 tuổi..

Theo đó năm 2024, những công dân sinh năm từ 2005 sẽ đủ tuổi tham gia nghĩa vụ quân sự.

Như vậy, độ tuổi gọi nhập ngũ năm 2025 khi không theo học đại học, cao đẳng là những công dân có năm sinh 2006, năm sinh 2005, 2004, 2003, 2002, 2001, 2000 và công dân sinh sau tháng 11 năm 1999.

Độ tuổi gọi nhập ngũ năm 2025 đối với công dân đã được tạm hoãn nghĩa vụ quân sự do theo học đại học, cao đẳng là những công dân sinh từ tháng 11 năm 1997 trở lại đây.

Quy định về độ tuổi đi nghĩa vụ quân sự 2025 là bao nhiêu tuổi? (Hình từ Internet)

Theo khoản 1 Điều 41  Luật Nghĩa vụ quân sự 2015  được bổ sung bởi điểm c khoản 1 Điều 49  Luật Dân quân tự vệ 2019  quy định về tạm hoãn đi nghĩa vụ quân sự gồm:

- Chưa đủ sức khỏe phục vụ tại ngũ theo kết luận của Hội đồng khám sức khỏe;

- Là lao động duy nhất phải trực tiếp nuôi dưỡng thân nhân không còn khả năng lao động hoặc chưa đến tuổi lao động; trong gia đình bị thiệt hại nặng về người và tài sản do tai nạn, thiên tai, dịch bệnh nguy hiểm gây ra được Ủy ban nhân dân cấp xã xác nhận;

- Một con của bệnh binh, người nhiễm chất độc da cam suy giảm khả năng lao động từ 61% đến 80%;

- Có anh, chị hoặc em ruột là hạ sĩ quan, binh sĩ đang phục vụ tại ngũ; hạ sĩ quan, chiến sĩ thực hiện nghĩa vụ tham gia Công an nhân dân;

- Người thuộc diện di dân, giãn dân trong 03 năm đầu đến các xã đặc biệt khó khăn theo dự án phát triển kinh tế - xã hội của Nhà nước do Ủy ban nhân dân cấp tỉnh trở lên quyết định;

- Cán bộ, công chức, viên chức, thanh niên xung phong được điều động đến công tác, làm việc ở vùng có điều kiện kinh tế - xã hội đặc biệt khó khăn theo quy định của pháp luật;

- Đang học tại cơ sở giáo dục phổ thông; đang được đào tạo trình độ đại học hệ chính quy thuộc cơ sở giáo dục đại học, trình độ cao đẳng hệ chính quy thuộc cơ sở giáo dục nghề nghiệp trong thời gian một khóa đào tạo của một trình độ đào tạo.

Theo Điều 4  Thông tư 148/2018/TT-BQP  quy định tiêu chuẩn tuyển quân 2025 như sau:

(1) Tuổi đời

- Công dân từ đủ 18 tuổi đến hết 25 tuổi.

- Công dân nam được đào tạo trình độ cao đẳng, đại học đã được tạm hoãn gọi nhập ngũ trong thời gian một khóa đào tạo của một trình độ đào tạo thì tuyển chọn và gọi nhập ngũ đến hết 27 tuổi.

(2) Tiêu chuẩn chính trị

- Thực hiện theo Thông tư liên tịch 50/2016/TTLT-BQP-BCA ngày 15/4/2016 của Bộ trưởng Bộ Quốc phòng - Bộ trưởng Bộ Công an quy định tiêu chuẩn chính trị tuyển chọn công dân vào phục vụ trong Quân đội nhân dân Việt Nam.

- Đối với các cơ quan, đơn vị và vị trí trọng yếu cơ mật trong Quân đội; lực lượng Tiêu binh, Nghi lễ; lực lượng Vệ binh và Kiểm soát quân sự chuyên nghiệp thực hiện tuyển chọn theo quy định của Bộ Quốc phòng.

(3) Tiêu chuẩn sức khỏe

- Tuyển chọn những công dân có sức khỏe loại 1, 2, 3 theo quy định tại  Thông tư liên tịch 16/2016/TTLT-BYT-BQP  ngày 30 tháng 6 năm 2016 của Bộ trưởng Bộ Y tế - Bộ trưởng Bộ Quốc phòng quy định việc khám sức khỏe thực hiện nghĩa vụ quân sự.

- Đối với các cơ quan, đơn vị, vị trí quy định tại Điểm b, Khoản 2 Điều 4  Thông tư 148/2018/TT-BQP , thực hiện tuyển chọn bảo đảm tiêu chuẩn riêng theo quy định của Bộ Quốc phòng.

- Không gọi nhập ngũ vào Quân đội những công dân có sức khỏe loại 3 tật khúc xạ về mắt (cận thị 1,5 diop trở lên, viễn thị các mức độ); nghiện ma túy, nhiễm HlV, AIDS.

(4) Tiêu chuẩn văn hóa

- Tuyển chọn và gọi nhập ngũ những công dân có trình độ văn hóa lớp 8 trở lên, lấy từ cao xuống thấp. Những địa phương có khó khăn không đảm bảo đủ chỉ tiêu giao quân thì báo cáo cấp có thẩm quyền xem xét, quyết định được tuyển chọn số công dân có trình độ văn hóa lớp 7.

- Các xã thuộc vùng sâu, vùng xa, vùng điều kiện kinh tế - xã hội đặc biệt khó khăn theo quy định của pháp luật; đồng bào dân tộc thiểu số dưới 10.000 người thì được tuyển không quá 25% công dân có trình độ văn hóa cấp tiểu học, còn lại là trung học cơ sở trở lên.","nghia-vu-quan-su","","","","2025-06-18T01:24:00","https://thuvienphapluat.vn/hoi-dap-phap-luat/quy-dinh-ve-do-tuoi-di-nghia-vu-quan-su-2025-la-bao-nhieu-tuoi-138033103.html","2026-04-21T04:44:39.101005+00:00"
"138043684","Nghĩa vụ quân sự 2025: Công dân bị gọi đến năm bao nhiêu tuổi?","Căn cứ theo Điều 30  Luật Nghĩa vụ quân sự năm 2015  quy định về độ tuổi gọi nhập ngũ như sau:

Điều 30. Độ tuổi gọi nhập ngũ

Công dân đủ 18 tuổi được gọi nhập ngũ; độ tuổi gọi nhập ngũ từ đủ 18 tuổi đến hết 25 tuổi; công dân được đào tạo trình độ cao đẳng, đại học đã được tạm hoãn gọi nhập ngũ thì độ tuổi gọi nhập ngũ đến hết 27 tuổi.

Theo đó, độ tuổi đi nghĩa vụ quân sự là công dân từ đủ 18 đến hết 25 tuổi đối với trường hợp thông thường, còn đối với trường hợp đã được tạm hoãn gọi nhập ngũ do đang được đào tạo trình độ cao đẳng, đại học thì độ tuổi gọi nhập ngũ đến hết 27 tuổi.

Bên cạnh đó, nam từ 18 đến 25 tuổi không theo học tại các trường cao đẳng hoặc đại học sẽ phải tham gia nghĩa vụ quân sự, có nghĩa là công dân sinh từ năm 2000 đến năm 2007 sẽ đủ điều kiện về tuổi tham gia nghĩa vụ quân sự 2025.

Đối với những nam được tạm hoãn gọi nhập ngũ đang theo học tại các trường cao đẳng hoặc đại học thì độ tuổi gọi nhập ngũ 27 tuổi, có nghĩa là những công dân sinh từ tháng 11 năm 1997 trở lại đủ điều kiện về tuổi tham gia nghĩa vụ quân sự 2025.

Đối với năm 2025, công dân sinh năm 1997 trở về trước và sinh năm 1997 đã đủ tuổi trước thời gian thực hiện khám nghĩa vụ quân sự từ ngày 01/11/2024 đến hết ngày 31/12/2024 sẽ hết tuổi đi nghĩa vụ quân sự.

Nghĩa vụ quân sự 2025: Công dân bị gọi đến năm bao nhiêu tuổi? (Hình từ Internet)

Căn cứ theo Điều 4  Thông tư 148/2018/TT-BQP  quy định về tiêu chuẩn đi nghĩa vụ quân sự năm 2025 như sau:

(1) Tuổi đời

- Công dân từ đủ 18 tuổi đến hết 25 tuổi.

- Công dân nam được đào tạo trình độ cao đẳng, đại học đã được tạm hoãn gọi nhập ngũ trong thời gian một khóa đào tạo của một trình độ đào tạo thì tuyển chọn và gọi nhập ngũ đến hết 27 tuổi.

(2) Tiêu chuẩn chính trị

- Thực hiện theo quy định tiêu chuẩn chính trị tuyển chọn công dân vào phục vụ trong Quân đội nhân dân Việt Nam.

- Thực hiện theo quy định của Bộ Quốc phòng đối với các cơ quan sau:

+ Cơ quan, đơn vị và vị trí trọng yếu cơ mật trong Quân đội;

+ Lực lượng Tiêu binh, Nghi lễ;

+ Lực lượng Vệ binh và Kiểm soát quân sự chuyên nghiệp;

(3) Tiêu chuẩn sức khỏe

- Tuyển chọn những công dân có sức khỏe loại 1, 2, 3 theo quy định.

- Đối với các cơ quan, đơn vị và vị trí trọng yếu cơ mật trong Quân đội; lực lượng Tiêu binh, Nghi lễ; lực lượng Vệ binh và Kiểm soát quân sự chuyên nghiệp thực hiện tuyển chọn theo quy định của Bộ Quốc phòng.

- Không gọi nhập ngũ vào Quân đội những công dân có sức khỏe loại 3 tật khúc xạ về mắt (cận thị 1,5 diop trở lên, viễn thị các mức độ); nghiện ma túy, nhiễm HlV, AIDS.

(5) Tiêu chuẩn văn hóa

- Tuyển chọn và gọi nhập ngũ những công dân có trình độ văn hóa lớp 8 trở lên, lấy từ cao xuống thấp.

- Những địa phương có khó khăn không đảm bảo đủ chỉ tiêu giao quân thì báo cáo cấp có thẩm quyền xem xét, quyết định được tuyển chọn số công dân có trình độ văn hóa lớp 7.

- Các xã thuộc vùng sâu, vùng xa, vùng điều kiện kinh tế - xã hội đặc biệt khó khăn theo quy định của pháp luật;

- Đồng bào dân tộc thiểu số dưới 10.000 người thì được tuyển không quá 25% công dân có trình độ văn hóa cấp tiểu học, còn lại là trung học cơ sở trở lên.

Căn cứ theo Điều 13  Luật Nghĩa vụ quân sự 2015  quy định về những đối tượng không được đăng ký tham gia nghĩa vụ quân sự, bao gồm:

- Đang bị truy cứu trách nhiệm hình sự; đang chấp hành hình phạt tù, cải tạo không giam giữ, quản chế hoặc đã chấp hành xong hình phạt tù nhưng chưa được xóa án tích;

- Đang bị áp dụng biện pháp giáo dục tại xã, phường, thị trấn (sau đây gọi chung là cấp xã) hoặc đưa vào trường giáo dưỡng, cơ sở giáo dục bắt buộc, cơ sở cai nghiện bắt buộc;

- Bị tước quyền phục vụ trong lực lượng vũ trang nhân dân.

Lưu ý:  Khi hết thời hạn áp dụng các biện pháp quy định trên, công dân được đăng ký nghĩa vụ quân sự.","nghia-vu-quan-su","","","","2025-02-14T02:50:00","https://thuvienphapluat.vn/hoi-dap-phap-luat/nghia-vu-quan-su-2025-cong-dan-bi-goi-den-nam-bao-nhieu-tuoi-138043684.html","2026-04-21T04:44:43.891572+00:00"
"138043761","3 tháng tân binh là gì? Hết 3 tháng tân binh có được sử dụng điện thoại không?","""3 tháng tân binh"" là thuật ngữ thường được dùng trong quân đội Việt Nam, ám chỉ giai đoạn huấn luyện tân binh kéo dài 3 tháng đầu sau khi nhập ngũ. Đây là thời gian đào tạo cơ bản dành cho những người mới nhập ngũ. Trong giai đoạn này, các tân binh sẽ được huấn luyện những kỹ năng cơ bản và rèn luyện kỷ luật cần thiết để thích nghi với môi trường quân ngũ.

* Thông tin 3 tháng tân binh là gì? chỉ mang tính chất tham khảo.

3 tháng tân binh là gì? Hết 3 tháng tân binh có được sử dụng điện thoại không? (Hình từ Internet)

Căn cứ Điều 10  Luật Nghĩa vụ quân sự 2015  quy định về các hành vi bị nghiêm cấm như sau:

Điều 10. Các hành vi bị nghiêm cấm

1. Trốn tránh thực hiện nghĩa vụ quân sự.

2. Chống đối, cản trở việc thực hiện nghĩa vụ quân sự.

3. Gian dối trong khám sức khỏe nghĩa vụ quân sự.

4. Lợi dụng chức vụ, quyền hạn làm trái quy định về nghĩa vụ quân sự.

5. Sử dụng hạ sĩ quan, binh sĩ trái quy định của pháp luật.

6. Xâm phạm thân thể, sức khỏe; xúc phạm danh dự, nhân phẩm của hạ sĩ quan, binh sĩ.

Theo đó, pháp luật Việt Nam không có quy định cụ thể về việc tân binh có được phép mang hoặc sử dụng điện thoại di động trong quân đội hay không. Tuy nhiên, vì lý do bảo mật và để tránh xao nhãng trong quá trình thực hiện nhiệm vụ, hầu hết các đơn vị quân đội đều có quy định riêng về việc hạn chế hoặc cấm sử dụng điện thoại di động đối với mỗi cá nhân.

Như vậy, sau 03 tháng huấn luyện tân binh, việc sử dụng điện thoại của binh sĩ vẫn phải tuân theo quy định của từng đơn vị quân đội.

Căn cứ theo khoản 4 Điều 4  Luật Nghĩa vụ quân sự 2015  được sửa đổi bởi điểm a khoản 1 Điều 49  Luật Dân quân tự vệ 2019  quy định nghĩa vụ quân sự như sau:

Điều 4. Nghĩa vụ quân sự

1. Nghĩa vụ quân sự là nghĩa vụ vẻ vang của công dân phục vụ trong Quân đội nhân dân. Thực hiện nghĩa vụ quân sự bao gồm phục vụ tại ngũ và phục vụ trong ngạch dự bị của Quân đội nhân dân.

2. Công dân trong độ tuổi thực hiện nghĩa vụ quân sự, không phân biệt dân tộc, thành phần xã hội, tín ngưỡng, tôn giáo, trình độ học vấn, nghề nghiệp, nơi cư trú phải thực hiện nghĩa vụ quân sự theo quy định của Luật này.

3. Công dân phục vụ trong lực lượng Cảnh sát biển và thực hiện nghĩa vụ tham gia Công an nhân dân được coi là thực hiện nghĩa vụ quân sự tại ngũ.

4. Công dân thuộc một trong các trường hợp sau đây được công nhận hoàn thành nghĩa vụ quân sự tại ngũ trong thời bình:

a) Dân quân thường trực có ít nhất 24 tháng phục vụ thì được công nhận hoàn thành thực hiện nghĩa vụ quân sự tại ngũ trong thời bình, do Chỉ huy trưởng Ban chỉ huy quân sự cấp huyện quyết định theo đề nghị của Chủ tịch Ủy ban nhân dân cấp xã hoặc trưởng thôn nơi không có đơn vị hành chính cấp xã, người đứng đầu cơ quan, tổ chức;

b) Hoàn thành nhiệm vụ tham gia Công an xã liên tục từ đủ 36 tháng trở lên;

c) Cán bộ, công chức, viên chức, sinh viên tốt nghiệp đại học trở lên, đã được đào tạo và phong quân hàm sĩ quan dự bị;

d) Thanh niên đã tốt nghiệp đại học, cao đẳng, trung cấp tình nguyện phục vụ tại đoàn kinh tế - quốc phòng từ đủ 24 tháng trở lên theo Đề án do Thủ tướng Chính phủ quyết định;

đ) Công dân phục vụ trên tàu kiểm ngư từ đủ 24 tháng trở lên.

Theo đó, những trường hợp hoàn thành nghĩa vụ quân sự trong thời bình bao gồm:

- Công dân là dân quân thường trực có ít nhất 24 tháng phục vụ;

- Công dân hoàn thành nhiệm vụ tham gia Công an xã liên tục từ đủ 36 tháng trở lên;

- Công dân là cán bộ, công chức, viên chức, sinh viên tốt nghiệp đại học trở lên, đã được đào tạo và phong quân hàm sĩ quan dự bị;

- Công dân là thanh niên đã tốt nghiệp đại học, cao đẳng, trung cấp tình nguyện phục vụ tại đoàn kinh tế - quốc phòng từ đủ 24 tháng trở lên do Thủ tướng Chính phủ quyết định.

- Công dân phục vụ trên tàu kiểm ngư từ đủ 24 tháng trở lên.","nghia-vu-quan-su","","","","2025-02-13T20:00:00","https://thuvienphapluat.vn/hoi-dap-phap-luat/3-thang-tan-binh-la-gi-het-3-thang-tan-binh-co-duoc-su-dung-dien-thoai-khong-138043761.html","2026-04-21T04:44:49.367764+00:00"
"138043661","2006 khi nào đi nghĩa vụ quân sự? Thời gian 2006 nhập ngũ ngày nào năm 2025?","Căn cứ Điều 30  Luật Nghĩa vụ quân sự 2015  quy định về độ tuổi gọi nhập ngũ như sau:

Điều 30. Độ tuổi gọi nhập ngũ

Công dân đủ 18 tuổi được gọi nhập ngũ; độ tuổi gọi nhập ngũ từ đủ 18 tuổi đến hết 25 tuổi; công dân được đào tạo trình độ cao đẳng, đại học đã được tạm hoãn gọi nhập ngũ thì độ tuổi gọi nhập ngũ đến hết 27 tuổi.

Theo đó, công dân sinh năm 2006 sẽ được gọi nhập ngũ khi công dân từ đủ 18 tuổi và đáp ứng đủ các tiêu chuẩn nhập ngũ sẽ đi nghĩa vụ quân sự.

Theo  Hướng dẫn 4705/HD-BQP năm 2024  về tuyển chọn và gọi công dân nhập ngũ năm 2025:

Thực hiện Luật Nghĩa vụ quân sự ngày 19 tháng 6 năm 2015; Quyết định số 102/QĐ-TTg ngày 20 tháng 9 năm 2024 của Thủ tướng Chính phủ về việc gọi công dân nhập ngũ năm 2025; cụ thể, năm 2025 tiến hành tuyển chọn và gọi công dân nhập ngũ (sau đây gọi chung là tuyển quân) một đợt; thời gian giao nhận quân từ ngày 13 đến hết ngày 15 tháng 02 năm 2025 (từ ngày 16 đến hết ngày 18 tháng Giêng năm Ất Tỵ).

Theo đó, năm 2025, công dân sinh 2006 đủ tiêu chuẩn đi nghĩa vụ quân sự sẽ tiến hành giao nhận quân từ  ngày 13 đến hết ngày 15 tháng 02 năm 2025 (từ ngày 16 đến hết ngày 18 tháng Giêng năm Ất Tỵ).

2006 khi nào đi nghĩa vụ quân sự? Thời gian 2006 nhập ngũ ngày nào năm 2025? (Hình từ Internet)

Theo Điều 4  Thông tư 148/2018/TT-BQP  quy định tiêu chuẩn đi nghĩa vụ quân sự 2025 như sau:

(1) Tuổi đời

- Công dân từ đủ 18 tuổi đến hết 25 tuổi.

- Công dân nam được đào tạo trình độ cao đẳng, đại học đã được tạm hoãn gọi nhập ngũ trong thời gian một khóa đào tạo của một trình độ đào tạo thì tuyển chọn và gọi nhập ngũ đến hết 27 tuổi.

(2) Tiêu chuẩn chính trị

- Thực hiện theo quy định tiêu chuẩn chính trị tuyển chọn công dân vào phục vụ trong Quân đội nhân dân Việt Nam.

- Thực hiện theo quy định của Bộ Quốc phòng đối với các cơ quan sau:

+ Cơ quan, đơn vị và vị trí trọng yếu cơ mật trong Quân đội;

+ Lực lượng Tiêu binh, Nghi lễ;

+ Lực lượng Vệ binh và Kiểm soát quân sự chuyên nghiệp;

(3) Tiêu chuẩn sức khỏe

- Tuyển chọn những công dân có sức khỏe loại 1, 2, 3 theo quy định.

- Đối với các cơ quan, đơn vị và vị trí trọng yếu cơ mật trong Quân đội; lực lượng Tiêu binh, Nghi lễ; lực lượng Vệ binh và Kiểm soát quân sự chuyên nghiệp thực hiện tuyển chọn theo quy định của Bộ Quốc phòng.

- Không gọi nhập ngũ vào Quân đội những công dân có sức khỏe loại 3 tật khúc xạ về mắt (cận thị 1,5 diop trở lên, viễn thị các mức độ); nghiện ma túy, nhiễm HlV, AIDS.

(5) Tiêu chuẩn văn hóa

- Tuyển chọn và gọi nhập ngũ những công dân có trình độ văn hóa lớp 8 trở lên, lấy từ cao xuống thấp.

- Những địa phương có khó khăn không đảm bảo đủ chỉ tiêu giao quân thì báo cáo cấp có thẩm quyền xem xét, quyết định được tuyển chọn số công dân có trình độ văn hóa lớp 7.

- Các xã thuộc vùng sâu, vùng xa, vùng điều kiện kinh tế - xã hội đặc biệt khó khăn theo quy định của pháp luật;

- Đồng bào dân tộc thiểu số dưới 10.000 người thì được tuyển không quá 25% công dân có trình độ văn hóa cấp tiểu học, còn lại là trung học cơ sở trở lên.

Theo khoản 5 Điều 40  Luật Nghĩa vụ quân sự 2015  quy định như sau:

Điều 40. Khám sức khỏe cho công dân gọi nhập ngũ và thực hiện nghĩa vụ tham gia Công an nhân dân

1. Chủ tịch Ủy ban nhân dân cấp huyện quyết định thành lập Hội đồng khám sức khỏe theo đề nghị của phòng y tế cùng cấp.

2. Chỉ huy trưởng Ban Chỉ huy quân sự cấp huyện ra lệnh gọi khám sức khỏe cho công dân trong diện gọi nhập ngũ; Trưởng Công an cấp huyện ra lệnh gọi khám sức khỏe cho công dân trong diện gọi thực hiện nghĩa vụ tham gia Công an nhân dân. Lệnh gọi khám sức khỏe phải được giao cho công dân trước thời điểm khám sức khỏe 15 ngày.

3. Hội đồng khám sức khỏe cấp huyện tổ chức khám sức khỏe cho công dân trong diện gọi nhập ngũ và gọi thực hiện nghĩa vụ tham gia Công an nhân dân; trường hợp cần thiết, quyết định việc xét nghiệm cận lâm sàng, bao gồm xét nghiệm phát hiện ma túy, HIV; bảo đảm chính xác và chịu trách nhiệm về kết quả khám sức khỏe nghĩa vụ quân sự.

4. Thời gian khám sức khỏe từ ngày 01 tháng 11 đến hết ngày 31 tháng 12 hằng năm. Thời gian khám sức khỏe gọi công dân nhập ngũ và thực hiện nghĩa vụ tham gia Công an nhân dân lần thứ hai theo quy định tại Điều 33 của Luật này do Thủ tướng Chính phủ quyết định.

5. Kết quả phân loại sức khỏe phải được niêm yết công khai tại trụ sở Ủy ban nhân dân cấp xã, cơ quan, tổ chức trong thời hạn 20 ngày.

Theo đó, kết quả phân loại sức khỏe nghĩa vụ quân sự phải được niêm yết công khai tại trụ sở Ủy ban nhân dân cấp xã, cơ quan, tổ chức trong thời hạn 20 ngày.","nghia-vu-quan-su","","","","2025-02-12T21:10:00","https://thuvienphapluat.vn/hoi-dap-phap-luat/2006-khi-nao-di-nghia-vu-quan-su-thoi-gian-2006-nhap-ngu-ngay-nao-nam-2025-138043661.html","2026-04-21T04:44:54.082933+00:00"
"138043642","Nghĩa vụ quân sự 2025: Không chấp hành lệnh điều động bị xử lý như thế nào?","(1)  Căn cứ theo Điều 6  Nghị định 120/2013/NĐ-CP  sửa đổi bởi khoản 8 Điều 1  Nghị định 37/2022/NĐ-CP  quy định về vi phạm quy định về kiểm tra, khám sức khỏe thực hiện nghĩa vụ quân sự như sau:

- Phạt tiền từ 10.000.000 đồng đến 12.000.000 đồng: Đối với hành vi không có mặt đúng thời gian hoặc địa điểm kiểm tra, khám sức khỏe ghi trong lệnh gọi kiểm tra hoặc khám sức khỏe nghĩa vụ quân sự của Chỉ huy trưởng Ban Chỉ huy quân sự cấp huyện theo quy định của  Luật Nghĩa vụ quân sự 2015  mà không có lý do chính đáng.

- Phạt tiền từ 12.000.000 đồng đến 15.000.000 đồng: Đối với hành vi cố ý không nhận lệnh gọi kiểm tra, khám sức khỏe nghĩa vụ quân sự của Chỉ huy trưởng Ban Chỉ huy quân sự cấp huyện theo quy định của  Luật Nghĩa vụ quân sự 2015  mà không có lý do chính đáng.

- Phạt tiền từ 15.000.000 đồng đến 20.000.000 đồng đối với một trong các hành vi sau:

+ Người được khám sức khỏe có hành vi gian dối làm sai lệch kết quả phân loại sức khỏe của mình nhằm trốn tránh nghĩa vụ quân sự;

+ Đưa tiền, tài sản, hoặc lợi ích vật chất khác trị giá đến dưới 2.000.000 đồng cho cán bộ, nhân viên y tế hoặc người khác để làm sai lệch kết quả phân loại sức khỏe của người được kiểm tra hoặc người được khám sức khỏe nghĩa vụ quân sự nhằm trốn tránh nghĩa vụ quân sự.

- Phạt tiền từ 25.000.000 đồng đến 35.000.000 đồng đối với hành vi không chấp hành lệnh gọi kiểm tra, khám sức khỏe nghĩa vụ quân sự.

(2)  Căn cứ theo Điều 7  Nghị định 120/2013/NĐ-CP  sửa đổi bởi khoản 9 Điều 1  Nghị định 37/2022/NĐ-CP  quy định về vi phạm quy định về nhập ngũ như sau:

- Phạt tiền từ 30.000.000 đồng đến 40.000.000 đồng đối với hành vi không có mặt đúng thời gian hoặc địa điểm tập trung ghi trong lệnh gọi nhập ngũ mà không có lý do chính đáng.

- Phạt tiền từ 40.000.000 đồng đến 50.000.000 đồng đối với hành vi gian dối nhằm trốn tránh thực hiện lệnh gọi nhập ngũ sau khi đã có kết quả khám tuyển sức khỏe nghĩa vụ quân sự đủ điều kiện nhập ngũ theo quy định.

- Phạt tiền từ 50.000.000 đồng đến 75.000.000 đồng đối với hành vi không chấp hành lệnh gọi nhập ngũ, trừ 02 trường hợp trên.

Vừa rồi là thông tin: Nghĩa vụ quân sự 2025: Không chấp hành lệnh điều động bị xử lý như thế nào?

Nghĩa vụ quân sự 2025: Không chấp hành lệnh điều động bị xử lý như thế nào? (Hình từ Internet)

Căn cứ Điều 41  Luật Nghĩa vụ quân sự 2015  được bổ sung bởi điểm c khoản 1 Điều 49  Luật Dân quân tự vệ 2019  quy định về tạm hoãn gọi nhập ngũ và miễn gọi nhập ngũ như sau:

Điều 41. Tạm hoãn gọi nhập ngũ và miễn gọi nhập ngũ

1. Tạm hoãn gọi nhập ngũ đối với những công dân sau đây:

[...]

2. Miễn gọi nhập ngũ đối với những công dân sau đây:

a) Con của liệt sĩ, con của thương binh hạng một;

b) Một anh hoặc một em trai của liệt sĩ;

c) Một con của thương binh hạng hai; một con của bệnh binh suy giảm khả năng lao động từ 81% trở lên; một con của người nhiễm chất độc da cam suy giảm khả năng lao động từ 81 % trở lên;

d) Người làm công tác cơ yếu không phải là quân nhân, Công an nhân dân;

đ) Cán bộ, công chức, viên chức, thanh niên xung phong được điều động đến công tác, làm việc ở vùng có điều kiện kinh tế - xã hội đặc biệt khó khăn theo quy định của pháp luật từ 24 tháng trở lên.

[...]

Căn cứ Điều 14  Luật Nghĩa vụ quân sự 2015  quy định về đối tượng miễn đăng ký  nghĩa vụ quân sự  như sau:

Điều 14. Đối tượng miễn đăng ký nghĩa vụ quân sự

Người khuyết tật, người mắc bệnh hiểm nghèo, bệnh tâm thần hoặc bệnh mãn tính theo quy định của pháp luật.

Theo đó, theo quy định hiện hành không quy định được tạm hoãn nghĩa vụ quân sự nhiều lần thì không phải đi nghĩa vụ quân sự.

Như vậy, người hoãn nghĩa vụ quân sự nhiều lần không mặc nhiên được miễn đi nghĩa vụ quân sự, chỉ những trường hợp sau được miễn đi nghĩa vụ quân sự:

- Miễn gọi nhập ngũ đối với những công dân sau đây:

+ Con của liệt sĩ, con của thương binh hạng một;

+ Một anh hoặc một em trai của liệt sĩ;

+ Một con của thương binh hạng hai; một con của bệnh binh suy giảm khả năng lao động từ 81% trở lên; một con của người nhiễm chất độc da cam suy giảm khả năng lao động từ 81 % trở lên;

+ Người làm công tác cơ yếu không phải là quân nhân, Công an nhân dân;

+ Cán bộ, công chức, viên chức, thanh niên xung phong được điều động đến công tác, làm việc ở vùng có điều kiện kinh tế - xã hội đặc biệt khó khăn theo quy định của pháp luật từ 24 tháng trở lên.

Lưu ý:   Công dân thuộc diện được miễn gọi nhập ngũ theo quy định, nếu tình nguyện thì được xem xét tuyển chọn và gọi nhập ngũ.

- Miễn đăng ký nghĩa vụ quân sự sau đây:

Người khuyết tật, người mắc bệnh hiểm nghèo, bệnh tâm thần hoặc bệnh mãn tính theo quy định của pháp luật.

Căn cứ theo Điều 30  Luật Nghĩa vụ quân sự 2015  quy định về độ tuổi đi nghĩa vụ quân sự như sau:

Điều 30. Độ tuổi gọi nhập ngũ

Công dân đủ 18 tuổi được gọi nhập ngũ; độ tuổi gọi nhập ngũ từ đủ 18 tuổi đến hết 25 tuổi; công dân được đào tạo trình độ cao đẳng, đại học đã được tạm hoãn gọi nhập ngũ thì độ tuổi gọi nhập ngũ đến hết 27 tuổi.

Như vậy, độ tuổi gọi công dân nhập ngũ trong thời bình là đủ 18 tuổi.

Độ tuổi gọi nhập ngũ từ đủ 18 tuổi đến hết 25 tuổi; công dân được đào tạo trình độ cao đẳng, đại học đã được tạm hoãn gọi nhập ngũ thì độ tuổi gọi nhập ngũ đến hết 27 tuổi.","nghia-vu-quan-su","","","","2025-02-12T01:00:00","https://thuvienphapluat.vn/hoi-dap-phap-luat/nghia-vu-quan-su-2025-khong-chap-hanh-lenh-dieu-dong-bi-xu-ly-nhu-the-nao-138043642.html","2026-04-21T04:44:58.735157+00:00"
"138043559","Mẫu Lời dẫn chương trình văn nghệ tiễn tân binh lên đường nhập ngũ 2025?","Dưới đây là Mẫu Lời dẫn chương trình văn nghệ tiễn tân binh lên đường nhập ngũ 2025:

I. PHẦN MỞ ĐẦU

1. Chào mừng khách mời

Kính thưa quý vị lãnh đạo, đại biểu các cơ quan ban ngành!

Kính thưa các bác cựu chiến binh, các bậc phụ huynh!

Thân ái chào tân binh và bà con nhân dân!

Hôm nay, trong không khí trang trọng và đắm tình quân dân, chúng ta hội tụ tại đây để gửi lời tri ân sâu sắc và những tình cảm tích cực nhất tới các thanh niên sắp lên đường nhập ngũ, góp phần vào sự nghiệp bảo vệ Tổ quốc!

Trong hơn nửa thế kỷ qua, dưới sự lãnh đạo của Đảng Cộng sản Việt Nam, nhân dân ta đã nhất tề đứng lên quyết tâm thực hiện lời kêu gọi của Bác Hồ vĩ đại: ""Không có gì quý hơn độc lập tự do"", ""Thà hy sinh tất cả, chứ nhất định không chịu mất nước, nhất định không làm nô lệ"". Nhân dân ta đã vượt qua biết bao khó khăn, gian khổ, hy sinh để đánh thắng các thế lực xâm lược, giành độc lập tự do, thống nhất Tổ quốc.

Để làm nên chiến thắng to lớn ấy, đã có hàng triệu chiến sĩ và đồng bào ta đã chiến đấu và anh dũng hy sinh trên những chiến trường, những trận địa. Cùng với đồng bào cả nước, nhân dân tỉnh ta đã tiễn đưa hơn ...... ngàn thanh niên đi nhập ngũ bảo vệ Tổ quốc.

2. Tên chương trình

Hôm nay, chúng ta tề tựu tại đây để cùng nhau chia sẻ khoảnh khắc đặc biệt, một dấu mốc quan trọng trong cuộc đời của những người con ưu tú của Tổ quốc - những tân binh sẵn sàng lên đường thực hiện nghĩa vụ thiêng liêng, bảo vệ non sông đất nước. Và không để quý vị đợi lâu, chương trình văn nghệ chào mừng các anh hùng của chúng ta sẽ chính thức bắt đầu ngay bây giờ.

II. PHẦN NỘI DUNG

1. Phát biểu khai mạc

Trước khi bắt đầu chương trình, xin trân trọng kính mời đồng chí [tên diễn giả] – [chức vụ] đại diện lãnh đạo lên phát biểu khai mạc.

2. Tiết mục văn nghệ

Tiết mục 1: Bài hát ""Hành khúc người lính""

Tiết mục 2: Thơ ""Tổ quốc gọi tên em""

Tiết mục 3: Kịch ngắn ""Ngày chia tay""

Tiết mục 4: Hát ""Lên đường""

[...]

3. Giao lưu với tân binh

Câu chuyện: Tân binh chia sẻ suy nghĩ, cảm xúc trước ngày lên đường.

Gặp gỡ gã gia đình: Cha mẹ, người thân động viên tân binh.

Cựu chiến binh kể chuyện đời lính, khích lệ tân binh hãy yên tâm phục vụ Tổ quốc.

4. Phát biểu của lãnh đạo

Trân trọng kính mời đồng chí [tên diễn giả] lên có đôi lời động viên và giao nhiệm vụ cho các tân binh trước khi nhập ngũ.

5. Trao quà tặng

Các đồng chí lãnh đạo, đại biểu trao quà tặng động viên tinh thần các tân binh.

III. PHẦN KẾT THÚC

1. Lời tri ân

Cảm ơn các đồng chí lãnh đạo, quý vị đại biểu.

Tri ân gia đình và bạn bè tân binh.

Gửi lời chúc tân binh hoàn thành xuất sắc nhiệm vụ.

2. Bế mạc chương trình

Chương trình xin kết thúc tại đây. Xin kính chúc quý vị sức khỏe, chúc các tân binh lên đường chân cứng đá mềm, hoàn thành xuất sắc nhiệm vụ thiêng liênh! Xin trân trọng cám ơn!

* Lưu ý: Mẫu Lời dẫn chương trình văn nghệ tiễn tân binh lên đường nhập ngũ 2025? chỉ mang tính chất tham khảo.

Mẫu Lời dẫn chương trình văn nghệ tiễn tân binh lên đường nhập ngũ 2025? (Hình từ Internet)

Căn cứ điểm g khoản 1 Điều 41  Luật Nghĩa vụ quân sự 2015  được bổ sung bởi điểm c khoản 1 Điều 49  Luật Dân quân tự vệ 2019  quy định như sau:

Điều 41. Tạm hoãn gọi nhập ngũ và miễn gọi nhập ngũ

1. Tạm hoãn gọi nhập ngũ đối với những công dân sau đây:

[....]

g)  Đang học tại cơ sở giáo dục phổ thông ; đang được đào tạo trình độ đại học hệ chính quy thuộc cơ sở giáo dục đại học,  trình độ cao đẳng hệ chính quy thuộc cơ sở giáo dục nghề nghiệp  trong thời gian một khóa đào tạo của một trình độ đào tạo.

h) Dân quân thường trực.

[...]

Đồng thời, căn cứ theo Điều 30  Luật Nghĩa vụ quân sự 2015  quy định như sau:

Điều 30. Độ tuổi gọi nhập ngũ

Công dân đủ 18 tuổi được gọi nhập ngũ; độ tuổi gọi nhập ngũ từ đủ 18 tuổi đến hết 25 tuổi; công dân được đào tạo trình độ cao đẳng, đại học đã được tạm hoãn gọi nhập ngũ thì độ tuổi gọi nhập ngũ đến hết 27 tuổi.

Theo đó, công dân đang được đào tạo trình độ đại học hệ chính quy thuộc cơ sở giáo dục đại học trong thời gian một khóa đào tạo của một trình độ đào tạo thì sẽ tạm hoãn gọi nhập ngũ theo quy định của pháp luật.

Trường hợp, sinh viên đã hoàn thành việc học hoặc không còn theo học nữa nhưng chưa hết 27 tuổi thì vẫn có thể được gọi nhập ngũ.

Căn cứ Điều 34  Luật Nghĩa vụ quân sự 2015  quy định cụ thể như sau:

Điều 34. Thẩm quyền quyết định việc gọi công dân nhập ngũ và thực hiện nghĩa vụ tham gia Công an nhân dân

[....]

3. Chủ tịch Ủy ban nhân dân cấp tỉnh quyết định giao số lượng gọi công dân nhập ngũ và thực hiện nghĩa vụ tham gia Công an nhân dân cho địa phương cấp huyện.

4. Chỉ huy trưởng cơ quan quân sự cấp tỉnh, cấp huyện, Giám đốc Công an cấp tỉnh, Trưởng Công an cấp huyện có trách nhiệm tham mưu cho Chủ tịch Ủy ban nhân dân cùng cấp trong việc giao số lượng gọi công dân nhập ngũ và thực hiện nghĩa vụ tham gia Công an nhân dân cho địa phương cấp huyện, cấp xã và cơ quan, tổ chức trên địa bàn; chỉ đạo tuyển chọn công dân nhập ngũ và thực hiện nghĩa vụ tham gia Công an nhân dân.

5. Chủ tịch Ủy ban nhân dân cấp huyện quyết định giao số lượng gọi công dân nhập ngũ và thực hiện nghĩa vụ tham gia Công an nhân dân cho địa phương cấp xã và cơ quan, tổ chức trên địa bàn; quyết định danh sách công dân gọi nhập ngũ và thực hiện nghĩa vụ tham gia Công an nhân dân theo đề nghị của Hội đồng nghĩa vụ quân sự cùng cấp.

6. Chỉ huy trưởng Ban Chỉ huy quân sự cấp huyện ra lệnh gọi từng công dân nhập ngũ; Trưởng Công an cấp huyện ra lệnh gọi từng công dân thực hiện nghĩa vụ tham gia Công an nhân dân.  Lệnh gọi nhập ngũ, gọi thực hiện nghĩa vụ tham gia Công an nhân dân phải được giao cho công dân trước thời gian ghi trong lệnh 15 ngày.

Như vậy, lệnh gọi nhập ngũ phải được giao cho công dân trước thời gian ghi trong lệnh 15 ngày.","nghia-vu-quan-su","","","","2025-02-09T08:20:00","https://thuvienphapluat.vn/hoi-dap-phap-luat/mau-loi-dan-chuong-trinh-van-nghe-tien-tan-binh-len-duong-nhap-ngu-2025-138043559.html","2026-04-21T04:45:02.509938+00:00"
"138043466","Năm 2025, thay đổi nơi học tập, làm việc có phải đăng ký lại NVQS không?","Theo khoản 2 Điều 17  Luật Nghĩa vụ quân sự 2015  quy định đăng ký nghĩa vụ quân sự bổ sung; khi thay đổi nơi cư trú hoặc nơi làm việc, học tập; tạm vắng; đăng ký miễn gọi nhập ngũ trong thời chiến như sau:

Điều 17. Đăng ký nghĩa vụ quân sự bổ sung; khi thay đổi nơi cư trú hoặc nơi làm việc, học tập; tạm vắng; đăng ký miễn gọi nhập ngũ trong thời chiến

1. Đăng ký nghĩa vụ quân sự bổ sung:

Công dân đã đăng ký nghĩa vụ quân sự khi thay đổi chức vụ công tác, trình độ học vấn, trình độ chuyên môn, tình trạng sức khỏe và thông tin khác có liên quan đến nghĩa vụ quân sự phải đăng ký bổ sung tại cơ quan đăng ký nghĩa vụ quân sự.

2. Đăng ký nghĩa vụ quân sự khi  thay đổi nơi cư trú hoặc nơi làm việc, học tập:

a) Công dân đã đăng ký nghĩa vụ quân sự khi thay đổi nơi cư trú hoặc nơi làm việc, học tập phải đến cơ quan đã đăng ký nghĩa vụ quân sự làm thủ tục chuyển đăng ký nghĩa vụ quân sự; trong thời hạn 10 ngày làm việc, kể từ ngày đến nơi cư trú hoặc nơi làm việc, học tập mới phải đến cơ quan đăng ký nghĩa vụ quân sự để đăng ký chuyển đến;

b) Công dân đã đăng ký nghĩa vụ quân sự được gọi vào học tập tại các trường thuộc cơ sở giáo dục nghề nghiệp, cơ sở giáo dục đại học thuộc hệ thống giáo dục quốc dân phải đến cơ quan đã đăng ký nghĩa vụ quân sự làm thủ tục chuyển đăng ký nghĩa vụ quân sự đến cơ sở giáo dục; sau khi thôi học phải làm thủ tục chuyển đăng ký nghĩa vụ quân sự về nơi cư trú hoặc nơi làm việc mới. Người đứng đầu cơ sở giáo dục có trách nhiệm tổ chức cho công dân đăng ký nghĩa vụ quân sự và chuyển đăng ký nghĩa vụ quân sự.

[....]

Như vậy, người đã đăng ký nghĩa vụ quân sự khi thay đổi nơi học tập, làm việc phải đến cơ quan đã đăng ký nghĩa vụ quân sự làm thủ tục chuyển đăng ký nghĩa vụ quân sự.

Trong thời hạn 10 ngày làm việc, kể từ ngày đến nơi làm việc, học tập mới phải đến cơ quan đăng ký nghĩa vụ quân sự để đăng ký chuyển đến.

Năm 2025, thay đổi nơi học tập, làm việc có phải đăng ký lại nghĩa vụ quân sự không? (Hình từ Internet)

Căn cứ tại khoản 2 Điều 5  Thông tư 07/2023/TT-BQP  thì hành vi  “Không thực hiện đăng ký nghĩa vụ quân sự khi thay đổi nơi cư trú hoặc nơi làm việc, học tập”  quy định tại điểm d khoản 2 Điều 4  Nghị định 120/2013/NĐ-CP  (sửa đổi tại khoản 7 Điều 1  Nghị định 37/2022/NĐ-CP ) là việc công dân đã đăng ký nghĩa vụ quân sự, khi đi khỏi phạm vi đơn vị hành chính cấp huyện nơi cư trú hoặc nơi làm việc, học tập từ 03 tháng liên tục trở lên không trực tiếp đến Ban Chỉ huy quân sự cấp xã làm thủ tục đăng ký nghĩa vụ quân sự chuyển đi hoặc chuyển đến theo quy định tại Điều 7  Nghị định 13/2016/NĐ-CP.

Dẫn chiếu tại điểm d khoản 2 Điều 4  Nghị định 120/2013/NĐ-CP  được sửa đổi tại khoản 7 Điều 1  Nghị định 37/2022/NĐ-CP  quy định:

Điều 4. Vi phạm các quy định về đăng ký nghĩa vụ quân sự

[...]

2. Phạt tiền từ 8.000.000 đồng đến 10.000.000 đồng đối với một trong các hành vi sau:

a) Không đăng ký nghĩa vụ quân sự lần đầu, trừ trường hợp quy định tại khoản 1 Điều này;

b) Không thực hiện đăng ký phục vụ trong ngạch dự bị theo quy định;

c) Không đăng ký nghĩa vụ quân sự bổ sung khi có sự thay đổi về chức vụ công tác, trình độ học vấn, trình độ chuyên môn, tình trạng sức khỏe và thông tin khác có liên quan đến nghĩa vụ quân sự theo quy định;

d) Không thực hiện đăng ký nghĩa vụ quân sự khi thay đổi nơi cư trú hoặc nơi làm việc, học tập theo quy định;

[....]

Như vậy, không thực hiện đăng ký nghĩa vụ quân sự khi thay đổi nơi học tập, làm việc sẽ bị phạt tiền từ 8.000.000 đồng đến 10.000.000 đồng theo quy định của pháp luật.

Căn cứ Điều 15  Luật Nghĩa vụ quân sự 2015  quy định cơ quan thực hiện đăng ký nghĩa vụ quân sự như sau:

- Ban Chỉ huy quân sự cấp xã thực hiện đăng ký nghĩa vụ quân sự cho công dân cư trú tại địa phương.

- Ban Chỉ huy quân sự cơ quan, tổ chức ở cơ sở thực hiện đăng ký nghĩa vụ quân sự cho công dân làm việc, học tập tại cơ quan, tổ chức và tổng hợp báo cáo Ban Chỉ huy quân sự huyện, quận, thị xã, thành phố thuộc tỉnh và đơn vị hành chính tương đương (sau đây gọi chung là cấp huyện) nơi cơ quan, tổ chức đặt trụ sở; trường hợp cơ quan, tổ chức không có Ban Chỉ huy quân sự ở cơ sở thì người đứng đầu hoặc người đại diện hợp pháp của cơ quan, tổ chức có trách nhiệm tổ chức cho công dân thực hiện đăng ký nghĩa vụ quân sự tại nơi cư trú.","nghia-vu-quan-su","","","","2025-02-07T14:25:00","https://thuvienphapluat.vn/hoi-dap-phap-luat/nam-2025-thay-doi-noi-hoc-tap-lam-viec-co-phai-dang-ky-lai-nvqs-khong-138043466.html","2026-04-21T04:45:07.017510+00:00"
"138043416","05 nhiệm vụ của Hội đồng nghĩa vụ quân sự cấp xã 2025?","Căn cứ Điều 39  Luật Nghĩa vụ quân sự 2015  quy định cụ thể như sau:

Điều 39. Nhiệm vụ của Hội đồng nghĩa vụ quân sự cấp xã

1. Giúp Ủy ban nhân dân cấp xã tổ chức tuyên truyền, phổ biến pháp luật về nghĩa vụ quân sự; tổ chức cho công dân đăng ký nghĩa vụ quân sự và khám sức khỏe.

2. Báo cáo Ủy ban nhân dân cấp xã và Hội đồng nghĩa vụ quân sự cấp huyện danh sách công dân được gọi nhập ngũ, tạm hoãn gọi nhập ngũ, miễn gọi nhập ngũ và thực hiện nghĩa vụ tham gia Công an nhân dân.

3. Tổ chức cho công dân thực hiện lệnh gọi nhập ngũ và thực hiện nghĩa vụ tham gia Công an nhân dân; lệnh gọi tập trung huấn luyện, diễn tập, lệnh kiểm tra sẵn sàng động viên, sẵn sàng chiến đấu.

4. Giúp Ủy ban nhân dân cấp xã kiểm tra, hướng dẫn cơ quan, tổ chức liên quan trong việc thực hiện chính sách hậu phương quân đội và quản lý công dân trong diện thực hiện nghĩa vụ quân sự ở địa phương.

5. Giúp Chủ tịch Ủy ban nhân dân cấp xã xem xét, giải quyết khiếu nại, tố cáo trong việc thực hiện pháp luật về nghĩa vụ quân sự.

Như vậy, 05 nhiệm vụ của Hội đồng nghĩa vụ quân sự cấp xã 2025 bao gồm:

- Giúp Ủy ban nhân dân cấp xã tổ chức tuyên truyền, phổ biến pháp luật về nghĩa vụ quân sự; tổ chức cho công dân đăng ký nghĩa vụ quân sự và khám sức khỏe.

- Báo cáo Ủy ban nhân dân cấp xã và Hội đồng nghĩa vụ quân sự cấp huyện danh sách công dân được gọi nhập ngũ, tạm hoãn gọi nhập ngũ, miễn gọi nhập ngũ và thực hiện nghĩa vụ tham gia Công an nhân dân.

- Tổ chức cho công dân thực hiện lệnh gọi nhập ngũ và thực hiện nghĩa vụ tham gia Công an nhân dân; lệnh gọi tập trung huấn luyện, diễn tập, lệnh kiểm tra sẵn sàng động viên, sẵn sàng chiến đấu.

- Giúp Ủy ban nhân dân cấp xã kiểm tra, hướng dẫn cơ quan, tổ chức liên quan trong việc thực hiện chính sách hậu phương quân đội và quản lý công dân trong diện thực hiện nghĩa vụ quân sự ở địa phương.

- Giúp Chủ tịch Ủy ban nhân dân cấp xã xem xét, giải quyết khiếu nại, tố cáo trong việc thực hiện pháp luật về nghĩa vụ quân sự.

05 nhiệm vụ của Hội đồng nghĩa vụ quân sự cấp xã 2025? (Hình từ Internet)

Tại điểm b khoản 2 Điều 36  Luật Nghĩa vụ quân sự 2015  quy định cụ thể:

Điều 36. Hội đồng nghĩa vụ quân sự

1. Ủy ban nhân dân các cấp thành lập Hội đồng nghĩa vụ quân sự để giúp Ủy ban nhân dân cùng cấp thực hiện pháp luật về nghĩa vụ quân sự.

2. Thành phần của Hội đồng nghĩa vụ quân sự các cấp:

a) Hội đồng nghĩa vụ quân sự cấp tỉnh, cấp huyện gồm:

Chủ tịch Hội đồng nghĩa vụ quân sự là Chủ tịch Ủy ban nhân dân cấp tỉnh, cấp huyện;

Phó Chủ tịch thường trực Hội đồng nghĩa vụ quân sự là Chỉ huy trưởng cơ quan quân sự cấp tỉnh, cấp huyện;

Phó Chủ tịch Hội đồng nghĩa vụ quân sự là Giám đốc Công an cấp tỉnh, Trưởng Công an cấp huyện;

Các ủy viên Hội đồng nghĩa vụ quân sự là người đứng đầu Ủy ban Mặt trận Tổ quốc Việt Nam, Liên đoàn lao động Việt Nam, Đoàn thanh niên cộng sản Hồ Chí Minh, Hội liên hiệp phụ nữ Việt Nam, Hội nông dân Việt Nam, Hội cựu chiến binh Việt Nam và một số cơ quan chuyên môn thuộc Ủy ban nhân dân do Chủ tịch Ủy ban nhân dân cùng cấp quyết định;

b) Hội đồng nghĩa vụ quân sự cấp xã gồm:

Chủ tịch Hội đồng nghĩa vụ quân sự là Chủ tịch Ủy ban nhân dân;

Phó Chủ tịch thường trực Hội đồng nghĩa vụ quân sự là Chỉ huy trưởng Ban chỉ huy quân sự;

Phó Chủ tịch Hội đồng nghĩa vụ quân sự là Trưởng Công an;

Các ủy viên Hội đồng nghĩa vụ quân sự là người đứng đầu Ủy ban Mặt trận Tổ quốc Việt Nam, Đoàn thanh niên cộng sản Hồ Chí Minh, Hội liên hiệp phụ nữ Việt Nam, Hội cựu chiến binh Việt Nam, Y tế; công chức tư pháp - hộ tịch, tài chính - kế toán và một số thành viên khác do Chủ tịch Ủy ban nhân dân quyết định.

[....]

Theo đó, hội đồng nghĩa vụ quân sự cấp xã gồm:

- Chủ tịch Hội đồng nghĩa vụ quân sự là Chủ tịch Ủy ban nhân dân;

- Phó Chủ tịch thường trực Hội đồng nghĩa vụ quân sự là Chỉ huy trưởng Ban chỉ huy quân sự;

- Phó Chủ tịch Hội đồng nghĩa vụ quân sự là Trưởng Công an;

- Các ủy viên Hội đồng nghĩa vụ quân sự là người đứng đầu Ủy ban Mặt trận Tổ quốc Việt Nam, Đoàn thanh niên cộng sản Hồ Chí Minh, Hội liên hiệp phụ nữ Việt Nam, Hội cựu chiến binh Việt Nam, Y tế; công chức tư pháp - hộ tịch, tài chính - kế toán và một số thành viên khác do Chủ tịch Ủy ban nhân dân quyết định.

Căn cứ Điều 15  Luật Nghĩa vụ quân sự 2015  quy định cơ quan thực hiện đăng ký nghĩa vụ quân sự như sau:

- Ban Chỉ huy quân sự cấp xã thực hiện đăng ký nghĩa vụ quân sự cho công dân cư trú tại địa phương.

- Ban Chỉ huy quân sự cơ quan, tổ chức ở cơ sở thực hiện đăng ký nghĩa vụ quân sự cho công dân làm việc, học tập tại cơ quan, tổ chức và tổng hợp báo cáo Ban Chỉ huy quân sự huyện, quận, thị xã, thành phố thuộc tỉnh và đơn vị hành chính tương đương (sau đây gọi chung là cấp huyện) nơi cơ quan, tổ chức đặt trụ sở; trường hợp cơ quan, tổ chức không có Ban Chỉ huy quân sự ở cơ sở thì người đứng đầu hoặc người đại diện hợp pháp của cơ quan, tổ chức có trách nhiệm tổ chức cho công dân thực hiện đăng ký nghĩa vụ quân sự tại nơi cư trú.","nghia-vu-quan-su","","","","2025-02-06T15:30:00","https://thuvienphapluat.vn/hoi-dap-phap-luat/05-nhiem-vu-cua-hoi-dong-nghia-vu-quan-su-cap-xa-2025-138043416.html","2026-04-21T04:45:11.666592+00:00"
"138043318","Bài phát biểu tiễn tân binh lên đường nhập ngũ 2025 ngắn gọn, ý nghĩa nhất?","Dưới đây là Bài phát biểu tiễn tân binh lên đường nhập ngũ 2025 ngắn gọn, ý nghĩa nhất:

Kính thưa các vị đại biểu!

Thưa toàn thể các đồng chí!

Hôm nay, trong bầu khí vui tươi, phấn khởi, chúng ta long trọng tổ chức buổi lễ giao lệnh tuyển chọn và gọi công dân nhập ngũ năm 2025.

Thay mặt Hội đồng Nghĩa vụ Quân sự xã, tôi xin nhiệt liệt chào mừng và gửi lời chúc sức khỏe, thành công tới các vị đại biểu, các đồng chí tân binh và toàn thể các đồng chí!

Kính thưa các vị đại biểu!

Thưa toàn thể các đồng chí!

Trong những năm qua, công tác tuyển chọn và gọi công dân nhập ngũ luôn nhận được sự quan tâm sâu sát của các cấp ủy đảng, chính quyền, đoàn thể và nhân dân. Hội đồng Nghĩa vụ Quân sự xã đã chủ động phối hợp với các ban, ngành, đoàn thể địa phương đẩy mạnh tuyên truyền, giáo dục quốc phòng - an ninh. Nhờ vậy, nhận thức về nghĩa vụ quân sự, về trách nhiệm bảo vệ Tổ quốc đã ngày càng được nâng cao.

Nhờ có sự hỗ trợ tích cực của các cơ quan chức năng, quy trình tuyển chọn được thực hiện chặt chẽ, dân chủ, công khai, minh bạch. Kết quả, xã đã hoàn thành công tác khám tuyển với tỷ lệ đạt yêu cầu cao, đảm bảo chất lượng tân binh.

Các tân binh thân mến,

Quê hương....tự hào là vùng đất anh hùng, nơi nhiều thế hệ cha anh đã hiến dâng tuổi xuân cho sự nghiệp bảo vệ Tổ quốc. Ngày hôm nay, những người con nơi đây sẽ tiếp bước cha anh, sẵn sàng lên đường nhập ngũ, gánh vác trách nhiệm thiêng liêng với đất nước.

Ngày hôm nay, các bạn không chỉ khoác lên mình bộ quân phục thiêng liêng, mà còn mang theo hành trang quý giá: đó là ý chí kiên cường, nghị lực phi thường và lòng yêu nước nồng nàn. Ba lô và quân trang có thể sờ, có thể thấy, nhưng ý chí, nghị lực và lòng yêu nước lại là ngọn lửa cháy bỏng trong tim, là sức mạnh tiềm tàng giúp các bạn vượt qua mọi thử thách.

Hãy luôn ghi nhớ lời dạy bất hủ của Bác Hồ kính yêu, vị cha già kính yêu của dân tộc: “Quân đội ta trung với Đảng, hiếu với dân, sẵn sàng chiến đấu hy sinh vì độc lập tự do của Tổ quốc, vì chủ nghĩa xã hội. Nhiệm vụ nào cũng hoàn thành, khó khăn nào cũng vượt qua, kẻ thù nào cũng đánh thắng.” Lời dạy của Bác là kim chỉ nam, là ngọn cờ dẫn đường cho mỗi chúng ta trên con đường bảo vệ Tổ quốc.

Tôi xin nhắn nhủ các đồng chí tân binh hãy quân tâm rèn luyện, phát huy truyền thống quê hương, hoàn thành xuất sắc nhiệm vụ được giao. Mong các gia đình, các ban, ngành, đoàn thể tiếp tục đồng hành, quan tâm động viên để các đồng chí yên tâm công tác.

Chúng tôi tin tưởng rằng, với tinh thần quyết tâm và lòng yêu nước, các bạn sẽ phát huy truyền thống anh dũng của quân đội nhân dân Việt Nam, hoàn thành xuất sắc mọi nhiệm vụ được giao, góp phần viết tiếp những trang sử hào hùng của dân tộc.

Cuối cùng, xin kính chúc các vị đại biểu, các bậc phụ huynh sức khỏe dồi dào, hạnh phúc viên mãn. Chúc các tân binh lên đường với tinh thần phấn khởi, hoàn thành tốt nhiệm vụ và sớm trở về trong vòng tay yêu thương của gia đình và quê hương.

Xin kính chúc các vị đại biểu, các đồng chí tân binh dồi dào sức khỏe, gặp nhiều may mắn và thành công.

Xin trân trọng cảm ơn!

* Bài phát biểu tiễn tân binh lên đường nhập ngũ 2025 ngắn gọn, ý nghĩa nhất? chỉ mang tính chất tham khảo.

Xem thêm:  Mẫu Lời dẫn chương trình văn nghệ tiễn tân binh lên đường nhập ngũ 2025?

Tổng hợp lời chúc thanh niên lên đường nhập ngũ 2025 ngắn gọn, ý nghĩa?

Bài phát biểu tiễn tân binh lên đường nhập ngũ 2025 ngắn gọn, ý nghĩa nhất? (Hình từ Internet)

Căn cứ Điều 30  Luật Nghĩa vụ quân sự 2015  có quy định về độ tuổi đi nghĩa vụ quân sự như sau:

Điều 30. Độ tuổi gọi nhập ngũ

Công dân đủ 18 tuổi được gọi nhập ngũ; độ tuổi gọi nhập ngũ từ đủ 18 tuổi đến hết 25 tuổi; công dân được đào tạo trình độ cao đẳng, đại học đã được tạm hoãn gọi nhập ngũ thì độ tuổi gọi nhập ngũ đến hết 27 tuổi.

Theo đó, độ tuổi gọi công dân nhập ngũ trong thời bình là đủ 18 tuổi. Độ tuổi gọi nhập ngũ từ đủ 18 tuổi đến hết 25 tuổi; công dân được đào tạo trình độ cao đẳng, đại học đã được tạm hoãn gọi nhập ngũ thì độ tuổi gọi nhập ngũ đến hết 27 tuổi.

Như vậy, trong trường hợp công dân không học đại học thì đội tuổi gọi nhập ngũ là từ đủ 18 tuổi đến hết 25 tuổi.

Căn cứ Điều 31  Luật Nghĩa vụ quân sự 2015  có quy định về tiêu chuẩn công dân được gọi nhập ngũ và thực hiện nghĩa vụ tham gia Công an nhân dân như sau:

(1) Công dân được gọi nhập ngũ khi có đủ các tiêu chuẩn sau đây:

- Lý lịch rõ ràng;

- Chấp hành nghiêm đường lối, chủ trương của Đảng, chính sách, pháp luật của Nhà nước;

- Đủ sức khỏe phục vụ tại ngũ theo quy định;

- Có trình độ văn hóa phù hợp.

(2) Tiêu chuẩn công dân được gọi thực hiện nghĩa vụ tham gia Công an nhân dân theo quy định tại Điều 7  Luật Công an nhân dân 2018.","nghia-vu-quan-su","","","","2025-02-06T09:15:00","https://thuvienphapluat.vn/hoi-dap-phap-luat/bai-phat-bieu-tien-tan-binh-len-duong-nhap-ngu-2025-ngan-gon-y-nghia-nhat-138043318.html","2026-04-21T04:45:19.777276+00:00"
