"id","title","content","category","doc_type","doc_number","agency","published_date","url","crawled_at"
"138034216","Mức trợ cấp thôi việc đối với công chức là bao nhiêu? Nguồn kinh phí chi trả trợ cấp thôi việc đối với công chức được quy định như thế nào?","Căn cứ theo Điều 5  Nghị định 46/2010/NĐ-CP  quy định về trợ cấp thôi việc như sau:

Điều 5. Trợ cấp thôi việc

Công chức thôi việc được hưởng trợ cấp thôi việc như sau: cứ mỗi năm làm việc được tính bằng 1/2 (một phần hai) tháng lương hiện hưởng, gồm: mức lương theo ngạch, bậc, phụ cấp chức vụ lãnh đạo, phụ cấp thâm niên vượt khung, phụ cấp thâm niên nghề và hệ số chênh lệch bảo lưu lương (nếu có). Mức trợ cấp thấp nhất bằng 01 (một) tháng lương hiện hưởng.

Theo đó, công chức thôi việc được hưởng trợ cấp thôi việc như sau:

- Cứ mỗi năm làm việc được tính bằng 1/2 tháng lương hiện hưởng, gồm:

+ Mức lương theo ngạch, bậc, phụ cấp chức vụ lãnh đạo

+ Phụ cấp thâm niên vượt khung, phụ cấp thâm niên nghề và hệ số chênh lệch bảo lưu lương (nếu có).

- Mức trợ cấp thấp nhất bằng 01 tháng lương hiện hưởng.

Mức trợ cấp thôi việc đối với công chức là bao nhiêu? Nguồn kinh phí chi trả trợ cấp thôi việc đối với công chức được quy định như thế nào? (Hình từ Internet)

Căn cứ theo Điều 6  Nghị định 46/2010/NĐ-CP , thì thời gian làm việc được tính trợ cấp thôi việc đối với công chức là tổng thời gian tính theo năm có đóng bảo hiểm xã hội (nếu đứt quãng thì được cộng dồn) chưa nhận trợ cấp thôi việc hoặc trợ cấp phục viên, bao gồm:

- Thời gian làm việc trong các cơ quan, tổ chức, đơn vị của Đảng Cộng sản Việt Nam, Nhà nước, tổ chức chính trị - xã hội;

- Thời gian làm việc trong quân đội nhân dân và công an nhân dân;

- Thời gian làm việc trong công ty nhà nước theo quy định của  Luật Doanh nghiệp 2020 ;

- Thời gian làm việc theo chỉ tiêu biên chế được cơ quan có thẩm quyền giao trong tổ chức chính trị xã hội - nghề nghiệp, tổ chức xã hội, tổ chức xã hội - nghề nghiệp;

- Thời gian được cơ quan, tổ chức, đơn vị cử đi đào tạo, bồi dưỡng;

- Thời gian nghỉ được hưởng lương theo pháp luật về lao động;

- Thời gian nghỉ được hưởng chế độ ốm đau, thai sản, tai nạn lao động, bệnh nghề nghiệp, dưỡng sức phục hồi sức khỏe theo quy định của pháp luật về bảo hiểm xã hội;

- Thời gian bị xử lý kỷ luật hoặc truy cứu trách nhiệm hình sự mà đã được cơ quan, tổ chức có thẩm quyền kết luận là oan, sai;

- Thời gian bị tạm đình chỉ công tác theo quy định tại Điều 81 của Luật Cán bộ, công chức;

- Thời gian được bố trí làm việc khi hưởng án treo, cải tạo không giam giữ theo bản án hoặc quyết định của Tòa án.

Lưu ý,  thời gian làm việc nếu có tháng lẻ thì được tính như sau:

- Dưới 03 tháng thì không tính;

- Từ đủ 03 tháng đến đủ 06 tháng thì được tính bằng 1/2 năm làm việc;

- Từ trên 06 tháng đến 12 tháng thì được tính bằng 01 năm làm việc.

Căn cứ theo Điều 7  Nghị định 46/2010/NĐ-CP , thì nguồn kinh phí chi trả trợ cấp thôi việc đối với công chức được quy định như sau:

- Đối với công chức trong cơ quan của Đảng Cộng sản Việt Nam, Nhà nước, tổ chức chính trị - xã hội ở Trung ương, ở tỉnh, thành phố trực thuộc Trung ương, ở huyện, quận, thị xã, thành phố thuộc tỉnh; trong cơ quan, đơn vị thuộc quân đội nhân dân và công an nhân dân thì nguồn kinh phí chi trả trợ cấp thôi việc được bố trí trong dự toán chi hoạt động thường xuyên được cơ quan có thẩm quyền giao hàng năm.

- Đối với công chức trong bộ máy lãnh đạo, quản lý của đơn vị sự nghiệp công lập thì nguồn kinh phí chi trả trợ cấp thôi việc được thực hiện như sau:

+ Trường hợp thuộc đơn vị sự nghiệp công lập do ngân sách nhà nước bảo đảm toàn bộ chi phí hoạt động thường xuyên hoặc đơn vị sự nghiệp công lập tự bảo đảm một phần chi phí hoạt động thường xuyên: nguồn kinh phí chi trả trợ cấp thôi việc lấy từ kinh phí bảo đảm hoạt động thường xuyên được cấp có thẩm quyền giao hàng năm và từ nguồn thu hoạt động sự nghiệp của đơn vị theo quy định của pháp luật;

+ Trường hợp thuộc đơn vị sự nghiệp công lập tự bảo đảm toàn bộ chi phí hoạt động thường xuyên: nguồn kinh phí chi trả trợ cấp thôi việc lấy từ nguồn thu hoạt động sự nghiệp của đơn vị theo quy định của pháp luật.","tro-cap-thoi-viec","","","","2024-09-18T11:05:00","https://thuvienphapluat.vn/hoi-dap-phap-luat/muc-tro-cap-thoi-viec-doi-voi-cong-chuc-la-bao-nhieu-nguon-kinh-phi-chi-tra-tro-cap-thoi-viec-doi-v-138034216.html","2026-04-24T06:51:30.396790+00:00"
"138032540","Người lao động nghỉ việc không báo trước khi bị quấy rối tình dục tại nơi làm việc thì có được hưởng trợ cấp thôi việc không?","Căn cứ theo điểm d khoản 2 Điều 35  Bộ luật Lao động 2019  quy định về quyền đơn phương chấm dứt hợp đồng lao động của người lao động như sau:

Điều 35. Quyền đơn phương chấm dứt hợp đồng lao động của người lao động

[...]

2. Người lao động có quyền đơn phương chấm dứt hợp đồng lao động không cần báo trước trong trường hợp sau đây:

a) Không được bố trí theo đúng công việc, địa điểm làm việc hoặc không được bảo đảm điều kiện làm việc theo thỏa thuận, trừ trường hợp quy định tại Điều 29 của Bộ luật này;

b) Không được trả đủ lương hoặc trả lương không đúng thời hạn, trừ trường hợp quy định tại khoản 4 Điều 97 của Bộ luật này;

c) Bị người sử dụng lao động ngược đãi, đánh đập hoặc có lời nói, hành vi nhục mạ, hành vi làm ảnh hưởng đến sức khỏe, nhân phẩm, danh dự; bị cưỡng bức lao động;

d) Bị quấy rối tình dục tại nơi làm việc;

đ) Lao động nữ mang thai phải nghỉ việc theo quy định tại khoản 1 Điều 138 của Bộ luật này;

e) Đủ tuổi nghỉ hưu theo quy định tại Điều 169 của Bộ luật này, trừ trường hợp các bên có thỏa thuận khác;

g) Người sử dụng lao động cung cấp thông tin không trung thực theo quy định tại khoản 1 Điều 16 của Bộ luật này làm ảnh hưởng đến việc thực hiện hợp đồng lao động.

Theo quy định nêu trên, thì người lao động khi bị quấy rối tình dục tại nơi làm việc thì người lao động được nghỉ việc và không cần báo trước cho người sử dụng lao động biết.

Người lao động nghỉ việc không báo trước khi bị quấy rối tình dục tại nơi làm việc thì có được hưởng trợ cấp thôi việc không? (Hình từ Internet)

Căn cứ theo khoản 1 Điều 46  Bộ luật Lao động 2019  quy định về trợ cấp thôi việc như sau:

Điều 46. Trợ cấp thôi việc

1. Khi hợp đồng lao động chấm dứt theo quy định tại các khoản 1, 2, 3, 4, 6, 7, 9 và 10 Điều 34 của Bộ luật này thì người sử dụng lao động có trách nhiệm trả trợ cấp thôi việc cho người lao động đã làm việc thường xuyên cho mình từ đủ 12 tháng trở lên, mỗi năm làm việc được trợ cấp một nửa tháng tiền lương, trừ trường hợp đủ điều kiện hưởng lương hưu theo quy định của pháp luật về bảo hiểm xã hội và trường hợp quy định tại điểm e khoản 1 Điều 36 của Bộ luật này.

[...]

Căn cứ tại khoản 9 Điều 34  Bộ luật Lao động 2019  quy định về các trường hợp chấm dứt hợp đồng lao động như sau:

Điều 34. Các trường hợp chấm dứt hợp đồng lao động

[...]

9. Người lao động đơn phương chấm dứt hợp đồng lao động theo quy định tại Điều 35 của Bộ luật này.

[...]

Căn cứ theo điểm d khoản 2 Điều 35  Bộ luật Lao động 2019  quy định về quyền đơn phương chấm dứt hợp đồng lao động của người lao động như sau:

Điều 35. Quyền đơn phương chấm dứt hợp đồng lao động của người lao động

[...]

2. Người lao động có quyền đơn phương chấm dứt hợp đồng lao động không cần báo trước trong trường hợp sau đây:

a) Không được bố trí theo đúng công việc, địa điểm làm việc hoặc không được bảo đảm điều kiện làm việc theo thỏa thuận, trừ trường hợp quy định tại Điều 29 của Bộ luật này;

b) Không được trả đủ lương hoặc trả lương không đúng thời hạn, trừ trường hợp quy định tại khoản 4 Điều 97 của Bộ luật này;

c) Bị người sử dụng lao động ngược đãi, đánh đập hoặc có lời nói, hành vi nhục mạ, hành vi làm ảnh hưởng đến sức khỏe, nhân phẩm, danh dự; bị cưỡng bức lao động;

d) Bị quấy rối tình dục tại nơi làm việc;

[...]

Theo quy định nêu trên, thì người lao động đơn phương chấm dứt hợp đồng lao động việc không báo trước khi bị quấy rối tình dục tại nơi làm việc thuộc trường hợp được hưởng trợ cấp thôi việc.

Căn cứ theo khoản 3 Điều 11  Nghị định 12/2022/NĐ-CP  quy định như sau:

Điều 11. Vi phạm quy định về thực hiện hợp đồng lao động

[...]

3. Phạt tiền từ 15.000.000 đồng đến 30.000.000 đồng đối với hành vi quấy rối tình dục tại nơi làm việc nhưng chưa đến mức truy cứu trách nhiệm hình sự.

4. Phạt tiền từ 50.000.000 đồng đến 75.000.000 đồng đối với người sử dụng lao động có một trong các hành vi sau đây:

a) Cưỡng bức lao động hoặc ngược đãi người lao động nhưng chưa đến mức truy cứu trách nhiệm hình sự;

b) Buộc người lao động thực hiện hợp đồng lao động để trả nợ cho người sử dụng lao động.

[...]

Như vậy, người nào thực hiện hành vi quấy rối tình dục tại nơi làm việc nhưng chưa đến mức truy cứu trách nhiệm hình sự sẽ bị p hạt tiền từ 15.000.000 đồng đến 30.000.000 đồng.

Lưu ý,  mức phạt tiền trên là mức phạt đối với cá nhân. Mức phạt tiền đối với tổ chức sẽ bằng 02 lần mức phạt đối với cá nhân. (theo khoản 1 Điều 6  Nghị định 12/2022/NĐ-CP )","tro-cap-thoi-viec","","","","2024-08-26T05:35:00","https://thuvienphapluat.vn/hoi-dap-phap-luat/nguoi-lao-dong-nghi-viec-khong-bao-truoc-khi-bi-quay-roi-tinh-duc-tai-noi-lam-viec-thi-co-duoc-huon-138032540.html","2026-04-24T06:51:35.343789+00:00"
"138024546","Trường hợp nào người lao động không được hưởng trợ cấp thôi việc?","Căn cứ theo quy định tại khoản 1 Điều 8  Nghị định 145/2020/NĐ-CP  về các trường hợp người sử dụng không cần chi trả  trợ cấp thôi việc  cho người lao động, cụ thể:

Điều 8. Trợ cấp thôi việc, trợ cấp mất việc làm

1. Người sử dụng lao động có trách nhiệm chi trả trợ cấp thôi việc theo quy định tại Điều 46 của Bộ luật Lao động đối với người lao động đã làm việc thường xuyên cho mình từ đủ 12 tháng trở lên khi hợp đồng lao động chấm dứt theo quy định tại các khoản 1, 2, 3, 4, 6, 7, 9 và 10 Điều 34 của Bộ luật Lao động, trừ các trường hợp sau:

a) Người lao động đủ điều kiện hưởng lương hưu theo quy định tại Điều 169 của Bộ luật Lao động và pháp luật về bảo hiểm xã hội;

b) Người lao động tự ý bỏ việc mà không có lý do chính đáng từ 05 ngày làm việc liên tục trở lên quy định tại điểm e khoản 1 Điều 36 của Bộ luật Lao động. Trường hợp được coi là có lý do chính đáng theo quy định tại khoản 4 Điều 125 của Bộ luật Lao động.

...

Căn cứ theo quy định tại khoản 5, khoản 12, khoản 13 Điều 34  Bộ luật Lao động 2019

Điều 34. Các trường hợp chấm dứt hợp đồng lao động

...

5. Người lao động là người nước ngoài làm việc tại Việt Nam bị trục xuất theo bản án, quyết định của Tòa án đã có hiệu lực pháp luật, quyết định của cơ quan nhà nước có thẩm quyền.

...

12. Giấy phép lao động hết hiệu lực đối với người lao động là người nước ngoài làm việc tại Việt Nam theo quy định tại Điều 156 của Bộ luật này.

13. Trường hợp thỏa thuận nội dung thử việc ghi trong hợp đồng lao động mà thử việc không đạt yêu cầu hoặc một bên hủy bỏ thỏa thuận thử việc.

Căn cứ theo quy định tại khoản 5 Điều 42  Bộ luật Lao động 2019

Điều 42. Nghĩa vụ của người sử dụng lao động trong trường hợp thay đổi cơ cấu, công nghệ hoặc vì lý do kinh tế

...

5. Trong trường hợp người sử dụng lao động không thể giải quyết được việc làm mà phải cho người lao động thôi việc thì phải trả trợ cấp mất việc làm theo quy định tại Điều 47 của Bộ luật này.

...

Căn cứ theo quy định tại khoản 3 Điều 43  Bộ luật Lao động 2019

Điều 43. Nghĩa vụ của người sử dụng lao động khi chia, tách, hợp nhất, sáp nhập; bán, cho thuê, chuyển đổi loại hình doanh nghiệp; chuyển nhượng quyền sở hữu, quyền sử dụng tài sản của doanh nghiệp, hợp tác xã

...

3. Người lao động bị thôi việc thì được nhận trợ cấp mất việc làm theo quy định tại Điều 47 của Bộ luật này.

...

Như vậy, từ các căn cứ pháp lý trên, các trường hợp không được nhận  trợ cấp thôi việc  bao gồm:

[1]  Người lao động làm việc chưa đủ 12 tháng.

[2]  Người lao động là người nước ngoài làm việc tại Việt Nam thuộc các trường hợp bị trục xuất theo bản án, quyết định của Tòa án đã có hiệu lực pháp luật, quyết định của cơ quan nhà nước có thẩm quyền, giấy phép lao động hết hiệu lực hoặc thỏa thuận nội dung thử việc ghi trong hợp đồng lao động mà thử việc không đạt yêu cầu hoặc một bên hủy bỏ thỏa thuận thử việc.

[3]  Người lao động bị xử lý kỷ luật với hình thức sa thải.

[4]  Người lao động đơn phương chấm dứt hợp đồng lao động trái pháp luật.

[5]  Người lao động bị chấm dứt hợp đồng lao động trong trường hợp sau:

- Công ty thay đổi cơ cấu, công nghệ hoặc vì lý do kinh tế.

- Công ty chia, tách, hợp nhất, sáp nhập; bán, cho thuê, chuyển đổi loại hình doanh nghiệp; chuyển nhượng quyền sở hữu, quyền sử dụng tài sản của doanh nghiệp, hợp tác xã

[6]  Người lao động có toàn bộ thời gian làm việc tham gia bảo hiểm tự nguyện.

[7]  Người lao động đủ điều kiện nhận lương hưu

Trường hợp nào người lao động không được hưởng trợ cấp thôi việc? (Hình từ Internet)

Theo khoản 1 Điều 46  Bộ luật Lao động 2019 , mức hưởng trợ cấp thôi việc của người lao động như sau:

Điều 46: Trợ cấp thôi việc

1. Khi hợp đồng lao động chấm dứt theo quy định tại các khoản 1, 2, 3, 4, 6, 7, 9 và 10 Điều 34 của Bộ luật này thì người sử dụng lao động có trách nhiệm trả trợ cấp thôi việc cho người lao động đã làm việc thường xuyên cho mình từ đủ 12 tháng trở lên, mỗi năm làm việc được trợ cấp một nửa tháng tiền lương, trừ trường hợp đủ điều kiện hưởng lương hưu theo quy định của pháp luật về bảo hiểm xã hội và trường hợp quy định tại điểm e khoản 1 Điều 36 của Bộ luật này.

2. Thời gian làm việc để tính trợ cấp thôi việc là tổng thời gian người lao động đã làm việc thực tế cho người sử dụng lao động trừ đi thời gian người lao động đã tham gia bảo hiểm thất nghiệp theo quy định của pháp luật về bảo hiểm thất nghiệp và thời gian làm việc đã được người sử dụng lao động chi trả trợ cấp thôi việc, trợ cấp mất việc làm.

3. Tiền lương để tính trợ cấp thôi việc là tiền lương bình quân của 06 tháng liền kề theo hợp đồng lao động trước khi người lao động thôi việc.

4. Chính phủ quy định chi tiết Điều này.

Theo quy định trên, người lao động nghỉ việc, đủ điều kiện hưởng trợ cấp thôi việc, mỗi năm làm việc sẽ được trợ cấp nửa tháng tiền lương. Cụ thể:

Trợ cấp thôi việc = 1/2 x Thời gian làm việc để tính trợ cấp thôi việc x Tiền lương để tính trợ cấp thôi việc.

Tiền lương để tính trợ cấp thôi việc là tiền lương bình quân của 06 tháng liền kề theo hợp đồng lao động trước khi người lao động thôi việc.

Căn cứ vào khoản 1 Điều 45  Bộ luật Lao động 2019  về các trường hợp không cần thông báo bằng văn bản cho người lao động về việc chấm dứt hợp động lao động, bao gồm:

- Người lao động bị kết án phạt tù nhưng không được hưởng án treo hoặc không thuộc trường hợp được trả tự do vì thời hạn phạt tù bằng hoặc ngắn hơn thời gian bị cáo đã bị tạm giam, tử hình hoặc bị cấm làm công việc ghi trong hợp đồng lao động theo bản án, quyết định của Tòa án đã có hiệu lực pháp luật.

- Người lao động là người nước ngoài làm việc tại Việt Nam bị trục xuất theo bản án, quyết định của Tòa án đã có hiệu lực pháp luật, quyết định của cơ quan nhà nước có thẩm quyền.

- Người lao động chết; bị Tòa án tuyên bố mất năng lực hành vi dân sự, mất tích hoặc đã chết.

- Người sử dụng lao động là cá nhân chết; bị Tòa án tuyên bố mất năng lực hành vi dân sự, mất tích hoặc đã chết.

Người sử dụng lao động không phải là cá nhân chấm dứt hoạt động hoặc bị cơ quan chuyên môn về đăng ký kinh doanh thuộc Ủy ban nhân dân cấp tỉnh ra thông báo không có người đại diện theo pháp luật, người được ủy quyền thực hiện quyền và nghĩa vụ của người đại diện theo pháp luật.

- Người lao động bị xử lý kỷ luật sa thải.

Trân trọng!","tro-cap-thoi-viec","","","","2024-05-29T22:05:00","https://thuvienphapluat.vn/hoi-dap-phap-luat/truong-hop-nao-nguoi-lao-dong-khong-duoc-huong-tro-cap-thoi-viec-138024546.html","2026-04-24T06:51:39.680112+00:00"
"138021677","Người lao động bị kết án phạt tù thì có được hưởng trợ cấp thôi việc không?","Căn cứ quy định khoản 1 Điều 46  Bộ luật Lao động 2019  quy định về trợ cấp thôi việc như sau:

Điều 46. Trợ cấp thôi việc

1. Khi hợp đồng lao động chấm dứt theo quy định tại các khoản 1, 2, 3, 4, 6, 7, 9 và 10 Điều 34 của Bộ luật này thì người sử dụng lao động có trách nhiệm trả trợ cấp thôi việc cho người lao động đã làm việc thường xuyên cho mình từ đủ 12 tháng trở lên, mỗi năm làm việc được trợ cấp một nửa tháng tiền lương, trừ trường hợp đủ điều kiện hưởng lương hưu theo quy định của pháp luật về bảo hiểm xã hội và trường hợp quy định tại điểm e khoản 1 Điều 36 của Bộ luật này.

Căn cứ quy định Điều 34  Bộ luật Lao động 2019  quy định về các trường hợp chấm dứt hợp đồng lao động như sau:

Điều 34. Các trường hợp chấm dứt hợp đồng lao động

....

3. Hai bên thỏa thuận chấm dứt hợp đồng lao động.

4. Người lao động bị kết án phạt tù nhưng không được hưởng án treo hoặc không thuộc trường hợp được trả tự do theo quy định tại khoản 5 Điều 328 của Bộ luật Tố tụng hình sự, tử hình hoặc bị cấm làm công việc ghi trong hợp đồng lao động theo bản án, quyết định của Tòa án đã có hiệu lực pháp luật.

5. Người lao động là người nước ngoài làm việc tại Việt Nam bị trục xuất theo bản án, quyết định của Tòa án đã có hiệu lực pháp luật, quyết định của cơ quan nhà nước có thẩm quyền.

....

Như vậy, theo quy định thì trong trường hợp người lao động bị kết án phạt tù nhưng không được hưởng án treo hoặc không thuộc trường hợp được trả tự do theo quy định mà người lao động đã làm thường xuyên đủ 12 tháng trở lên cho người sử dụng lao động thì được trợ cấp một nửa tháng tiền lương.

Người lao động bị kết án phạt tù thì có được hưởng trợ cấp thôi việc không? (Hình từ Internet)

Căn cứ quy định khoản 3 Điều 46  Bộ luật Lao động 2019  quy định về trợ cấp thôi việc như sau:

Điều 46. Trợ cấp thôi việc

.....

3. Tiền lương để tính trợ cấp thôi việc là tiền lương bình quân của 06 tháng liền kề theo hợp đồng lao động trước khi người lao động thôi việc.

4. Chính phủ quy định chi tiết Điều này.

Như vậy, theo quy định thì tiền lương để tính trợ cấp thôi việc là tiền lương bình quân của 06 tháng liền kề theo hợp đồng lao động trước khi người lao động thôi việc.

Căn cứ quy định Điều 48  Bộ luật Lao động 2019  quy định về trách nhiệm khi chấm dứt hợp đồng lao động như sau:

Trách nhiệm khi chấm dứt hợp đồng lao động

1. Trong thời hạn 14 ngày làm việc kể từ ngày chấm dứt hợp đồng lao động, hai bên có trách nhiệm thanh toán đầy đủ các khoản tiền có liên quan đến quyền lợi của mỗi bên, trừ trường hợp sau đây có thể kéo dài nhưng không được quá 30 ngày:

a) Người sử dụng lao động không phải là cá nhân chấm dứt hoạt động;

b) Người sử dụng lao động thay đổi cơ cấu, công nghệ hoặc vì lý do kinh tế;

c) Chia, tách, hợp nhất, sáp nhập; bán, cho thuê, chuyển đổi loại hình doanh nghiệp; chuyển nhượng quyền sở hữu, quyền sử dụng tài sản của doanh nghiệp, hợp tác xã;

d) Do thiên tai, hỏa hoạn, địch họa hoặc dịch bệnh nguy hiểm.

....

Theo như quy định thì thời gian nhận tiền trợ cấp thôi việc 14 ngày ngày làm việc kể từ ngày chấm dứt hợp đồng lao động. Trừ các trường hợp sau đây có thể kéo dài nhưng không được quá 30 ngày:

- Người sử dụng lao động không phải là cá nhân chấm dứt hoạt động;

- Người sử dụng lao động thay đổi cơ cấu, công nghệ hoặc vì lý do kinh tế;

- Chia, tách, hợp nhất, sáp nhập; bán, cho thuê, chuyển đổi loại hình doanh nghiệp; chuyển nhượng quyền sở hữu, quyền sử dụng tài sản của doanh nghiệp, hợp tác xã;

- Do thiên tai, hỏa hoạn, địch họa hoặc dịch bệnh nguy hiểm.

Trân trọng!","tro-cap-thoi-viec","","","","2024-03-28T20:15:00","https://thuvienphapluat.vn/hoi-dap-phap-luat/nguoi-lao-dong-bi-ket-an-phat-tu-thi-co-duoc-huong-tro-cap-thoi-viec-khong-138021677.html","2026-04-24T06:51:44.023889+00:00"
"138012800","Thời gian làm việc được tính trợ cấp thôi việc của công chức nếu có tháng lẻ thì được tính như thế nào?","Tại Điều 6  Nghị định 46/2010/NĐ-CP  có quy định thời gian làm việc được tính trợ cấp thôi việc như sau:

Thời gian làm việc được tính  trợ cấp thôi việc

1. Thời gian làm việc được tính trợ cấp thôi việc là tổng thời gian tính theo năm có đóng bảo hiểm xã hội (nếu đứt quãng thì được cộng dồn) chưa nhận trợ cấp thôi việc hoặc trợ cấp phục viên, bao gồm:

a) Thời gian làm việc trong các cơ quan, tổ chức, đơn vị của Đảng Cộng sản Việt Nam, Nhà nước, tổ chức chính trị - xã hội;

b) Thời gian làm việc trong quân đội nhân dân và công an nhân dân;

c) Thời gian làm việc trong công ty nhà nước theo quy định của Luật Doanh nghiệp;

d) Thời gian làm việc theo chỉ tiêu biên chế được cơ quan có thẩm quyền giao trong tổ chức chính trị xã hội - nghề nghiệp, tổ chức xã hội, tổ chức xã hội - nghề nghiệp;

đ) Thời gian được cơ quan, tổ chức, đơn vị cử đi đào tạo, bồi dưỡng;

e) Thời gian nghỉ được hưởng lương theo pháp luật về lao động;

g) Thời gian nghỉ được hưởng chế độ ốm đau, thai sản, tai nạn lao động, bệnh nghề nghiệp, dưỡng sức phục hồi sức khỏe theo quy định của pháp luật về bảo hiểm xã hội;

h) Thời gian bị xử lý kỷ luật hoặc truy cứu trách nhiệm hình sự mà đã được cơ quan, tổ chức có thẩm quyền kết luận là oan, sai;

i) Thời gian bị tạm đình chỉ công tác theo quy định tại Điều 81 của Luật Cán bộ, công chức;

k) Thời gian được bố trí làm việc khi hưởng án treo, cải tạo không giam giữ theo bản án hoặc quyết định của Tòa án.

2. Thời gian làm việc quy định tại khoản 1 Điều này, nếu có tháng lẻ thì được tính như sau:

a) Dưới 03 (ba) tháng thì không tính;

b) Từ đủ 03 (ba) tháng đến đủ 06 (sáu) tháng thì được tính bằng 1/2 (một phần hai) năm làm việc;

c) Từ trên 06 (sáu) tháng đến 12 (mười hai) tháng thì được tính bằng 01 (một) năm làm việc.

Như vậy, thời gian làm việc được tính  trợ cấp thôi việc  của công chức nếu có tháng lẻ thì được tính như sau:

- Dưới 03 tháng thì không tính;

- Từ đủ 03 tháng đến đủ 06 tháng thì được tính bằng 1/2 năm làm việc;

- Từ trên 06 tháng đến 12 tháng thì được tính bằng 01 năm làm việc.

Thời gian làm việc được tính trợ cấp thôi việc của công chức nếu có tháng lẻ thì được tính như thế nào?  (Hình từ Internet)

Tại Điều 4  Nghị định 46/2010/NĐ-CP  có quy định về thủ tục giải quyết thôi việc như sau:

Trường hợp 1: Thủ tục giải quyết thôi việc theo nguyện vọng

Bước 1:  Công chức phải làm đơn gửi cơ quan, tổ chức, đơn vị có thẩm quyền;

Bước 2:  Nếu đồng ý cho công chức thôi việc thì cơ quan, tổ chức, đơn vị có thẩm quyền ra quyết định thôi việc bằng văn bản trong thời hạn 30 ngày, kể từ ngày nhận đơn.

Nếu không đồng ý cho công chức thôi việc thì trả lời công chức bằng văn bản và nêu rõ lý do theo quy định tại điểm c khoản này;

Lưu ý: Không giải quyết thôi việc của công chức với những lý do sau:

- Công chức đang trong thời gian thực hiện việc luân chuyển, biệt phái, đang bị xem xét kỷ luật hoặc bị truy cứu trách nhiệm hình sự;

- Công chức chưa phục vụ đủ thời gian theo cam kết với cơ quan, tổ chức, đơn vị khi được xét tuyển;

- Công chức chưa hoàn thành việc thanh toán các khoản tiền, tài sản thuộc trách nhiệm của cá nhân đối với cơ quan, tổ chức, đơn vị;

- Do yêu cầu công tác của cơ quan, tổ chức, đơn vị hoặc chưa bố trí được người thay thế.

Trường hợp 2: Thủ tục giải quyết thôi việc trong trường hợp 02 năm liên tiếp không hoàn thành nhiệm vụ

Bước 1:  Trong thời hạn 30 ngày, kể từ ngày có kết quả phân loại đánh giá công chức, cơ quan, tổ chức, đơn vị có thẩm quyền thông báo bằng văn bản đến công chức về việc giải quyết thôi việc, trừ trường hợp  tại  khoản 4 Điều 59 Luật Cán bộ, công chức 2010.

Bước 2:  Trong thời hạn 30 ngày, kể từ ngày có thông báo bằng văn bản, cơ quan, tổ chức, đơn vị có thẩm quyền ra quyết định thôi việc.

Lưu ý: Thời gian thanh toán trợ cấp thôi việc đối với công chức là: trong vòng 30 ngày, kể từ ngày quyết định thôi việc được ban hành.

Tại Điều 3  Nghị định 46/2010/NĐ-CP  có quy định công chức được hưởng chế độ thôi việc trong trường hợp:

Trường hợp 1: Theo nguyện vọng và được cơ quan, tổ chức, đơn vị có thẩm quyền đồng ý.

Trường hợp 2: Do 02 năm liên tiếp không hoàn thành nhiệm vụ theo quy định tại khoản 3 Điều 58  Luật Cán bộ, công chức 2008 .

Trân trọng!","tro-cap-thoi-viec","","","","2023-11-30T01:55:00","https://thuvienphapluat.vn/hoi-dap-phap-luat/thoi-gian-lam-viec-duoc-tinh-tro-cap-thoi-viec-cua-cong-chuc-neu-co-thang-le-thi-duoc-tinh-nhu-the--138012800.html","2026-04-24T06:51:48.804900+00:00"
"138010048","Người lao động xin nghỉ việc có được hưởng trợ cấp thôi việc không?","Căn cứ theo Điều 46  Bộ luật Lao động 2019  quy định về trợ cấp thôi việc như sau:

Trợ cấp thôi việc

1. Khi hợp đồng lao động chấm dứt theo quy định tại các khoản 1, 2, 3, 4, 6, 7, 9 và 10 Điều 34 của Bộ luật này thì người sử dụng lao động có trách nhiệm trả trợ cấp thôi việc cho người lao động đã làm việc thường xuyên cho mình từ đủ 12 tháng trở lên, mỗi năm làm việc được trợ cấp một nửa tháng tiền lương, trừ trường hợp đủ điều kiện hưởng lương hưu theo quy định của pháp luật về bảo hiểm xã hội và trường hợp quy định tại điểm e khoản 1 Điều 36 của Bộ luật này.

...

Theo đó, điều kiện để được nhận trợ cấp thôi việc là khi người lao động chấm dứt hợp đồng lao động trong các trường hợp sau:

- Hết hạn hợp đồng lao động, trừ trường hợp phải gia hạn hợp đồng đến hết nhiệm kỳ cho người lao động là thành viên ban lãnh đạo của tổ chức đại diện người lao động tại cơ sở.

- Đã hoàn thành công việc theo hợp đồng lao động.

- Hai bên thỏa thuận chấm dứt hợp đồng lao động.

- Người lao động bị kết án phạt tù nhưng không được hưởng án treo hoặc không thuộc trường hợp được trả tự do, tử hình hoặc bị cấm làm công việc ghi trong hợp đồng lao động theo bản án, quyết định của Tòa án đã có hiệu lực pháp luật.

- Người lao động chết; bị Tòa án tuyên bố mất năng lực hành vi dân sự, mất tích hoặc đã chết.

- Người sử dụng lao động là cá nhân chết; bị Tòa án tuyên bố mất năng lực hành vi dân sự, mất tích hoặc đã chết. Người sử dụng lao động không phải là cá nhân chấm dứt hoạt động hoặc bị cơ quan chuyên môn về đăng ký kinh doanh thuộc Ủy ban nhân dân cấp tỉnh ra thông báo không có người đại diện theo pháp luật, người được ủy quyền thực hiện quyền và nghĩa vụ của người đại diện theo pháp luật.

- Người lao động đơn phương chấm dứt hợp đồng lao động theo đúng quy định pháp luật.

- Người sử dụng lao động đơn phương chấm dứt hợp đồng lao động theo quy định pháp luật.

Đồng thời tại Điều 40  Bộ luật Lao động 2019  quy định về nghĩa vụ của người lao động khi đơn phương chấm dứt hợp đồng lao động như sau:

Nghĩa vụ của người lao động khi đơn phương chấm dứt hợp đồng lao động trái pháp luật

1. Không được trợ cấp thôi việc.

...

Theo đó khi người lao động xin nghỉ việc do hết hạn hợp đồng lao động mà không tái ký hoặc đơn phương chấm dứt hợp đồng lao động theo quy định pháp luật hoặc hoàn thành công việc theo hợp đồng lao động sẽ được hưởng trợ cấp thôi việc.

Tuy nhiên nếu người lao động đơn phương chấm dứt hợp đồng lao động trái pháp luật thì sẽ không được trợ cấp thôi việc.

Ngoài ra điều kiện để được hưởng  trợ cấp thôi việc  là người lao động phải làm việc cho 01 người sử dụng lao động từ 12 tháng trở lên.

Người lao động xin nghỉ việc có được hưởng trợ cấp thôi việc không? (hình từ Internet)

Căn cứ theo Điều 39  Bộ luật Lao động 2019  quy định về đơn phương chấm dứt hợp đồng trái pháp luật như sau:

Đơn phương chấm dứt hợp đồng lao động trái pháp luật

Đơn phương chấm dứt hợp đồng lao động trái pháp luật là trường hợp chấm dứt hợp đồng lao động không đúng quy định tại các điều 35, 36 và 37 của Bộ luật này.

Theo đó, người lao động sẽ được xem là đơn phương chấm dứt hợp đồng trái pháp luật khi:

- Vi phạm về thời gian báo trước về việc chấm dứt hợp đồng với người sử dụng lao động;

- Chấm dứt hợp đồng lao động không tuân thủ theo các trường hợp được quyền đơn phương chấm dứt hợp đồng lao động.

Căn cứ theo khoản 5 Điều 8  Nghị định 145/2020/NĐ-CP  quy định về trợ cấp thôi việc, trợ cấp mất việc làm như sau:

Trợ cấp thôi việc ,  trợ cấp mất việc làm

...

5. Tiền lương để tính trợ cấp thôi việc, trợ cấp mất việc làm được quy định như sau:

a) Tiền lương để tính trợ cấp thôi việc, trợ cấp mất việc làm là tiền lương bình quân của 06 tháng liền kề theo hợp đồng lao động trước khi người lao động thôi việc, mất việc làm.

b) Trường hợp người lao động làm việc cho người sử dụng lao động theo nhiều hợp đồng lao động kế tiếp nhau theo quy định tại khoản 2 Điều 20 của Bộ luật Lao động thì tiền lương để tính trợ cấp thôi việc, trợ cấp mất việc làm là tiền lương bình quân của 06 tháng liền kề theo hợp đồng lao động trước khi chấm dứt hợp đồng lao động cuối cùng. Trường hợp hợp đồng lao động cuối cùng bị tuyên bố vô hiệu vì có nội dung tiền lương thấp hơn mức lương tối thiểu vùng do Chính phủ công bố hoặc mức lương ghi trong thỏa ước lao động tập thể thì tiền lương làm căn cứ tính trợ cấp thôi việc do hai bên thỏa thuận nhưng không thấp hơn mức lương tối thiểu vùng hoặc mức lương ghi trong thỏa ước lao động tập thể.

...

Theo đó, cách tính trợ cấp thôi việc cho người lao động đủ điều kiện hưởng là:

- Tiền lương tính trợ cấp thôi việc là tiền lương bình quân của 06 tháng liền kề theo hợp đồng lao động trước khi người lao động thôi việc;

- Trường hợp người lao động làm việc cho người sử dụng lao động theo nhiều hợp đồng lao động kế tiếp nhau thì tiền lương tính trợ cấp thôi việc là tiền lương bình quân của 06 tháng liền kề theo hợp đồng lao động trước khi chấm dứt hợp đồng lao động cuối cùng.

Nếu hợp đồng lao động cuối cùng bị tuyên bố vô hiệu do tiền lương thấp hơn tiền lương tối thiểu vùng hoặc mức lương ghi tỏng thỏa ước lao động tập thể thì tiền lương làm căn cứ tính trợ cấp thôi việc do hai bên thỏa thuận nhưng không thấp hơn mức lương tối thiểu vùng hoặc mức lương ghi trong thỏa ước lao động tập thể.

Trân trọng!","tro-cap-thoi-viec","","","","2023-09-12T20:15:00","https://thuvienphapluat.vn/hoi-dap-phap-luat/nguoi-lao-dong-xin-nghi-viec-co-duoc-huong-tro-cap-thoi-viec-khong-138010048.html","2026-04-24T06:51:52.886023+00:00"
"138010005","Khi nào được hưởng trợ cấp thôi việc? Tiền lương để tính trợ cấp thôi việc được xác định như thế nào?","Tại Điều 46  Bộ luật Lao động 2019  có quy định về trợ cấp thôi việc như sau:

Trợ cấp thôi việc

1. Khi hợp đồng lao động chấm dứt theo quy định tại các khoản 1, 2, 3, 4, 6, 7, 9 và 10 Điều 34 của Bộ luật này thì người sử dụng lao động có trách nhiệm trả trợ cấp thôi việc cho người lao động đã làm việc thường xuyên cho mình từ đủ 12 tháng trở lên,  mỗi năm làm việc được trợ cấp một nửa tháng tiền lương, trừ trường hợp đủ điều kiện hưởng lương hưu theo quy định của pháp luật về bảo hiểm xã hội và trường hợp quy định tại điểm e khoản 1 Điều 36 của Bộ luật này.

2. Thời gian làm việc để tính trợ cấp thôi việc là tổng thời gian người lao động đã làm việc thực tế cho người sử dụng lao động trừ đi thời gian người lao động đã tham gia bảo hiểm thất nghiệp theo quy định của pháp luật về bảo hiểm thất nghiệp và thời gian làm việc đã được người sử dụng lao động chi trả trợ cấp thôi việc, trợ cấp mất việc làm.

3. Tiền lương để tính trợ cấp thôi việc là tiền lương bình quân của 06 tháng liền kề theo hợp đồng lao động trước khi người lao động thôi việc.

4. Chính phủ quy định chi tiết Điều này.

Như vậy, người lao động được hưởng trợ cấp thôi việc khi đáp ứng đầy đủ các điều kiện sau:

- Đã làm việc thường xuyên cho một người sử dụng lao động từ đủ 12 tháng trở lên;

- Chấm dứt hợp đồng lao động thuộc các trường hợp:

+ Hết hạn hợp đồng lao động, trừ trường hợp quy định tại khoản 4 Điều 177  Bộ luật Lao động 2019 .

+ Đã hoàn thành công việc theo hợp đồng lao động.

+ Hai bên thỏa thuận chấm dứt hợp đồng lao động.

+ Người lao động bị kết án phạt tù nhưng không được hưởng án treo hoặc không thuộc trường hợp được trả tự do theo quy định tại khoản 5 Điều 328  Bộ luật Tố tụng hình sự 2015 , tử hình hoặc bị cấm làm công việc ghi trong hợp đồng lao động theo bản án, quyết định của Tòa án đã có hiệu lực pháp luật.

+ Người lao động chết; bị Tòa án tuyên bố mất năng lực hành vi dân sự, mất tích hoặc đã chết.

+ Người sử dụng lao động là cá nhân chết; bị Tòa án tuyên bố mất năng lực hành vi dân sự, mất tích hoặc đã chết.

Người sử dụng lao động không phải là cá nhân chấm dứt hoạt động hoặc bị cơ quan chuyên môn về đăng ký kinh doanh thuộc Ủy ban nhân dân cấp tỉnh ra thông báo không có người đại diện theo pháp luật, người được ủy quyền thực hiện quyền và nghĩa vụ của người đại diện theo pháp luật.

+ Người lao động đơn phương chấm dứt hợp đồng lao động theo quy định tại Điều 35  Bộ luật Lao động 2019 .

+ Người sử dụng lao động đơn phương chấm dứt hợp đồng lao động theo quy định tại Điều 36  Bộ luật Lao động 2019 .

Lưu ý: Người lao động nghỉ việc không được hưởng trợ cấp thôi việc trong 2 trường hợp sau:

- Người lao động đủ điều kiện hưởng lương hưu theo quy định tại Điều 169 của  Bộ luật Lao động 2019  và pháp luật về bảo hiểm xã hội;

- Người lao động tự ý bỏ việc mà không có lý do chính đáng từ 05 ngày làm việc liên tục trở lên quy định tại điểm e khoản 1 Điều 36  Bộ luật Lao động 2019 . Trường hợp được coi là có lý do chính đáng theo quy định tại khoản 4 Điều 125 của  Bộ luật Lao động 2019 .

Khi nào được hưởng trợ cấp thôi việc? Tiền lương để tính trợ cấp thôi việc được xác định như thế nào? (Hình từ Internet)

Tại Điều 40  Bộ luật Lao động 2019  có quy định về nghĩa vụ của người lao động khi đơn phương chấm dứt hợp đồng lao động trái pháp luật như sau:

Nghĩa vụ của người lao động khi đơn phương chấm dứt hợp đồng lao động trái pháp luật

1. Không được trợ cấp thôi việc.

2. Phải bồi thường cho người sử dụng lao động nửa tháng tiền lương theo hợp đồng lao động và một khoản tiền tương ứng với tiền lương theo hợp đồng lao động trong những ngày không báo trước.

3. Phải hoàn trả cho người sử dụng lao động chi phí đào tạo quy định tại Điều 62 của Bộ luật này.

Tại Điều 41  Bộ luật Lao động 2019  có quy định về trợ cấp thôi việc như sau:

Trợ cấp thôi việc

1. Khi hợp đồng lao động chấm dứt theo quy định tại các khoản 1, 2, 3, 4, 6, 7, 9 và 10 Điều 34 của Bộ luật này thì người sử dụng lao động có trách nhiệm trả trợ cấp thôi việc cho người lao động đã làm việc thường xuyên cho mình từ đủ 12 tháng trở lên,  mỗi năm làm việc được trợ cấp một nửa tháng tiền lương, trừ trường hợp đủ điều kiện hưởng lương hưu theo quy định của pháp luật về bảo hiểm xã hội và trường hợp quy định tại điểm e khoản 1 Điều 36 của Bộ luật này.

...

Tại khoản 9 Điều 34  Bộ luật Lao động 2019  có quy định về các trường hợp chấm dứt hợp đồng lao động như sau:

Các trường hợp chấm dứt hợp đồng lao động

...

9. Người lao động đơn phương chấm dứt hợp đồng lao động theo quy định tại Điều 35 của Bộ luật này.

Như vậy, trường hợp người lao động đơn phương chấm dứt hợp đồng đúng với quy định thì vẫn được hưởng trợ cấp thôi việc. Ngược lại nếu đơn phương chấm dứt hợp đồng trái pháp luật thì người lao động sẽ không được trợ cấp thôi việc.

Tại khoản 5 Điều 8  Nghị định 145/2020/NĐ-CP  có quy định về tiền lương để tính trợ cấp thôi việc được xác định như sau:

- Tiền lương để tính trợ cấp thôi việc, trợ cấp mất việc làm là tiền lương bình quân của 06 tháng liền kề theo hợp đồng lao động trước khi người lao động thôi việc, mất việc làm.

- Trường hợp người lao động làm việc cho người sử dụng lao động theo nhiều hợp đồng lao động kế tiếp nhau theo quy định tại khoản 2 Điều 20  Bộ luật Lao động 2019  thì tiền lương để tính trợ cấp thôi việc là tiền lương bình quân của 06 tháng liền kề theo hợp đồng lao động trước khi chấm dứt hợp đồng lao động cuối cùng.

Trường hợp hợp đồng lao động cuối cùng bị tuyên bố vô hiệu vì có nội dung tiền lương thấp hơn mức lương tối thiểu vùng do Chính phủ công bố hoặc mức lương ghi trong thỏa ước lao động tập thể thì tiền lương làm căn cứ tính trợ cấp thôi việc do hai bên thỏa thuận nhưng không thấp hơn mức lương tối thiểu vùng hoặc mức lương ghi trong thỏa ước lao động tập thể.

Trân trọng!","tro-cap-thoi-viec","","","","2023-09-11T14:45:00","https://thuvienphapluat.vn/hoi-dap-phap-luat/khi-nao-duoc-huong-tro-cap-thoi-viec-tien-luong-de-tinh-tro-cap-thoi-viec-duoc-xac-dinh-nhu-the-nao-138010005.html","2026-04-24T06:51:57.254102+00:00"
"138007602","Chưa đủ điều kiện hưởng lương hưu có được hưởng trợ cấp thôi việc không?","Tại Điều 46  Bộ luật Lao động 2019  có quy định trợ cấp thôi việc như sau:

Trợ cấp thôi việc

1. Khi hợp đồng lao động chấm dứt theo quy định tại các khoản 1, 2, 3, 4, 6, 7, 9 và 10 Điều 34 của Bộ luật này thì người sử dụng lao động có trách nhiệm trả trợ cấp thôi việc cho người lao động đã làm việc thường xuyên cho mình từ đủ 12 tháng trở lên, mỗi năm làm việc được trợ cấp một nửa tháng tiền lương,  trừ trường hợp đủ điều kiện hưởng lương hưu theo quy định của pháp luật về bảo hiểm xã hội  và trường hợp quy định tại điểm e khoản 1 Điều 36 của Bộ luật này.

2. Thời gian làm việc để tính trợ cấp thôi việc là tổng thời gian người lao động đã làm việc thực tế cho người sử dụng lao động trừ đi thời gian người lao động đã tham gia bảo hiểm thất nghiệp theo quy định của pháp luật về bảo hiểm thất nghiệp và thời gian làm việc đã được người sử dụng lao động chi trả trợ cấp thôi việc, trợ cấp mất việc làm.

3. Tiền lương để tính trợ cấp thôi việc là tiền lương bình quân của 06 tháng liền kề theo hợp đồng lao động trước khi người lao động thôi việc.

4. Chính phủ quy định chi tiết Điều này.

Như vậy, nếu chưa đủ điều kiện hưởng lương hưu thì  người lao động  vẫn có thể được hưởng trợ cấp thôi việc nếu đáp ứng đủ các điều kiện còn lại theo quy định.

Người lao động đã làm việc thường xuyên cho người sử dụng lao động từ đủ 12 tháng trở lên thì mỗi năm làm việc sẽ được trợ cấp một nửa tháng tiền lương.

Chưa đủ điều kiện hưởng lương hưu có được hưởng trợ cấp thôi việc không? (Hình từ Internet)

Tại khoản 3 Điều 8  Nghị định 145/2020/NĐ-CP  có quy định trợ cấp thôi việc, trợ cấp mất việc làm như sau:

Trợ cấp thôi việc, trợ cấp mất việc làm

...

3. Thời gian làm việc để tính trợ cấp thôi việc, trợ cấp mất việc làm là tổng thời gian người lao động đã làm việc thực tế cho người sử dụng lao động trừ đi thời gian người lao động đã tham gia bảo hiểm thất nghiệp theo quy định của pháp luật về bảo hiểm thất nghiệp và thời gian làm việc đã được người sử dụng lao động chi trả trợ cấp thôi việc, trợ cấp mất việc làm, trong đó:

a) Tổng thời gian người lao động đã làm việc thực tế cho người sử dụng lao động bao gồm: thời gian người lao động đã trực tiếp làm việc; thời gian thử việc; thời gian được người sử dụng lao động cử đi học;  thời gian nghỉ hưởng chế độ ốm đau, thai sản theo quy định của pháp luật về bảo hiểm xã hội ; thời gian nghỉ việc để điều trị, phục hồi chức năng lao động khi bị tai nạn lao động, bệnh nghề nghiệp mà được người sử dụng lao động trả lương theo quy định của pháp luật về an toàn, vệ sinh lao động; thời gian nghỉ việc để thực hiện nghĩa vụ công dân theo quy định của pháp luật mà được người sử dụng lao động trả lương; thời gian ngừng việc không do lỗi của người lao động; thời gian nghỉ hằng tuần theo Điều 111, nghỉ việc hưởng nguyên lương theo Điều 112, Điều 113, Điều 114, khoản 1 Điều 115; thời gian thực hiện nhiệm vụ của tổ chức đại diện người lao động theo quy định tại khoản 2, khoản 3 Điều 176 và thời gian bị tạm đình chỉ công việc theo Điều 128 của Bộ luật Lao động.

...

Như vậy, thời gian nghỉ hưởng chế độ ốm đau, thai sản vẫn được tính vào thời gian người lao động đã làm việc thực tế. Do đó. thời gian này vẫn được tính vào thời gian làm việc để tính trợ cấp thôi việc.

Tại khoản 5 Điều 8  Nghị định 145/2020/NĐ-CP  có quy định về tiền lương để tính trợ cấp thôi việc được xác định như sau:

- Tiền lương để tính trợ cấp thôi việc, trợ cấp mất việc làm là tiền lương bình quân của 06 tháng liền kề theo hợp đồng lao động trước khi người lao động thôi việc, mất việc làm.

- Trường hợp người lao động làm việc cho người sử dụng lao động theo nhiều hợp đồng lao động kế tiếp nhau theo quy định tại khoản 2 Điều 20  Bộ luật Lao động 2019  thì tiền lương để tính trợ cấp thôi việc là tiền lương bình quân của 06 tháng liền kề theo hợp đồng lao động trước khi chấm dứt hợp đồng lao động cuối cùng.

Trường hợp hợp đồng lao động cuối cùng bị tuyên bố vô hiệu vì có nội dung tiền lương thấp hơn mức lương tối thiểu vùng do Chính phủ công bố hoặc mức lương ghi trong thỏa ước lao động tập thể thì tiền lương làm căn cứ tính trợ cấp thôi việc do hai bên thỏa thuận nhưng không thấp hơn mức lương tối thiểu vùng hoặc mức lương ghi trong thỏa ước lao động tập thể.

Trân trọng!","tro-cap-thoi-viec","","","","2023-07-25T20:00:00","https://thuvienphapluat.vn/hoi-dap-phap-luat/chua-du-dieu-kien-huong-luong-huu-co-duoc-huong-tro-cap-thoi-viec-khong-138007602.html","2026-04-24T06:52:01.201863+00:00"
"138006978","Người lao động được hưởng trợ cấp thôi việc khi tạm hoãn hợp đồng lao động không?","Căn cứ tại Điều 30  Bộ luật Lao động 2019  quy định về việc tạm hoãn thực hiện hợp đồng lao động cụ thể như sau:

Tạm hoãn thực hiện hợp đồng lao động

1. Các trường hợp tạm hoãn thực hiện hợp đồng lao động bao gồm:

a) Người lao động thực hiện nghĩa vụ quân sự, nghĩa vụ tham gia Dân quân tự vệ;

b) Người lao động bị tạm giữ, tạm giam theo quy định của pháp luật về tố tụng hình sự;

c) Người lao động phải chấp hành quyết định áp dụng biện pháp đưa vào trường giáo dưỡng, cơ sở cai nghiện bắt buộc hoặc cơ sở giáo dục bắt buộc;

d) Lao động nữ mang thai theo quy định tại Điều 138 của Bộ luật này;

đ) Người lao động được bổ nhiệm làm người quản lý doanh nghiệp của công ty trách nhiệm hữu hạn một thành viên do Nhà nước nắm giữ 100% vốn điều lệ;

e) Người lao động được ủy quyền để thực hiện quyền, trách nhiệm của đại diện chủ sở hữu nhà nước đối với phần vốn nhà nước tại doanh nghiệp;

g) Người lao động được ủy quyền để thực hiện quyền, trách nhiệm của doanh nghiệp đối với phần vốn của doanh nghiệp đầu tư tại doanh nghiệp khác;

h) Trường hợp khác do hai bên thỏa thuận.

2. Trong thời gian tạm hoãn thực hiện hợp đồng lao động, người lao động không được hưởng lương và quyền, lợi ích đã giao kết trong hợp đồng lao động, trừ trường hợp hai bên có thỏa thuận hoặc pháp luật có quy định khác.

Như vậy, đối với các trường hợp được nếu trên thì người lao động sẽ không được hưởng lương khi tạm hoãn thực hiện hợp đồng lao động. Căn bản trong trường hợp này lỗi không phải nằm ở người sử dụng lao động.

Người lao động chỉ được trả lương khi tạm hoãn thực hiện hợp đồng lao động trong trường hợp khi xác lập giao kết hợp đồng thì hai bên có thỏa thuận trong hợp đồng lao động.

Người lao động được hưởng trợ cấp thôi việc khi tạm hoãn hợp đồng lao động không? (Hình từ Internet)

Tại Điều 46  Bộ luật Lao động 2019  có quy định:

Trợ cấp thôi việc

1. Khi hợp đồng lao động chấm dứt theo quy định tại các khoản 1, 2, 3, 4, 6, 7, 9 và 10 Điều 34 của Bộ luật này thì người sử dụng lao động có trách nhiệm trả trợ cấp thôi việc cho người lao động đã làm việc thường xuyên cho mình từ đủ 12 tháng trở lên, mỗi năm làm việc được trợ cấp một nửa tháng tiền lương, trừ trường hợp đủ điều kiện hưởng lương hưu theo quy định của pháp luật về bảo hiểm xã hội và trường hợp quy định tại điểm e khoản 1 Điều 36 của Bộ luật này.

2. Thời gian làm việc để tính trợ cấp thôi việc là tổng thời gian người lao động đã làm việc thực tế cho người sử dụng lao động trừ đi thời gian người lao động đã tham gia bảo hiểm thất nghiệp theo quy định của pháp luật về bảo hiểm thất nghiệp và thời gian làm việc đã được người sử dụng lao động chi trả trợ cấp thôi việc, trợ cấp mất việc làm.

3. Tiền lương để tính trợ cấp thôi việc là tiền lương bình quân của 06 tháng liền kề theo hợp đồng lao động trước khi người lao động thôi việc.

4. Chính phủ quy định chi tiết Điều này.

Theo quy định tại khoản 3 Điều 8  Nghị định 145/2020/NĐ-CP  quy định về  trợ cấp thôi việc , trợ cấp mất việc làm như sau:

Trợ cấp thôi việc, trợ cấp mất việc làm

…

3. Thời gian làm việc để tính trợ cấp thôi việc, trợ cấp mất việc làm là tổng thời gian người lao động đã làm việc thực tế cho người sử dụng lao động trừ đi thời gian người lao động đã tham gia bảo hiểm thất nghiệp theo quy định của pháp luật về bảo hiểm thất nghiệp và thời gian làm việc đã được người sử dụng lao động chi trả trợ cấp thôi việc, trợ cấp mất việc làm, trong đó:

a) Tổng thời gian người lao động đã làm việc thực tế cho người sử dụng lao động bao gồm: thời gian người lao động đã trực tiếp làm việc; thời gian thử việc; thời gian được người sử dụng lao động cử đi học; thời gian nghỉ hưởng chế độ ốm đau, thai sản theo quy định của pháp luật về bảo hiểm xã hội; thời gian nghỉ việc để điều trị, phục hồi chức năng lao động khi bị tai nạn lao động, bệnh nghề nghiệp mà được người sử dụng lao động trả lương theo quy định của pháp luật về an toàn, vệ sinh lao động; thời gian nghỉ việc để thực hiện nghĩa vụ công dân theo quy định của pháp luật mà được người sử dụng lao động trả lương; thời gian ngừng việc không do lỗi của người lao động; thời gian nghỉ hằng tuần theo Điều 111, nghỉ việc hưởng nguyên lương theo Điều 112, Điều 113, Điều 114, khoản 1 Điều 115; thời gian thực hiện nhiệm vụ của tổ chức đại diện người lao động theo quy định tại khoản 2, khoản 3 Điều 176 và thời gian bị tạm đình chỉ công việc theo Điều 128 của Bộ luật Lao động.

b) Thời gian người lao động đã tham gia bảo hiểm thất nghiệp bao gồm: thời gian người lao động đã tham gia bảo hiểm thất nghiệp theo quy định của pháp luật và thời gian người lao động thuộc diện không phải tham gia bảo hiểm thất nghiệp theo quy định của pháp luật nhưng được người sử dụng lao động chi trả cùng với tiền lương của người lao động một khoản tiền tương đương với mức người sử dụng lao động đóng bảo hiểm thất nghiệp cho người lao động theo quy định của pháp luật về lao động, bảo hiểm thất nghiệp.

c) Thời gian làm việc để tính trợ cấp thôi việc, trợ cấp mất việc làm của người lao động được tính theo năm (đủ 12 tháng); trường hợp có tháng lẻ ít hơn hoặc bằng 06 tháng được tính bằng 1/2 năm, trên 06 tháng được tính bằng 01 năm làm việc.

…

Như vậy, việc hưởng trợ cấp thôi việc chỉ áp dụng đối với các trường hợp chấm dứt hợp đồng lao động được quy định tại khoản 1, 2, 3, 4, 6, 7, 9 và 10 Điều 34  Bộ luật Lao động 2019 .

Chính vì vậy, trường hợp người lao động bị tạm hoãn hợp đồng lao động sẽ không được hưởng trợ cấp thôi việc.

Theo Khoản 2 Điều 138  Bộ luật Lao động 2019  quy định về quyền đơn phương chấm dứt, tạm hoãn hợp đồng lao động của lao động nữ mang thai như sau:

Quyền đơn phương chấm dứt, tạm hoãn hợp đồng lao động của lao động nữ mang thai

...

2. Trường hợp tạm hoãn thực hiện hợp đồng lao động, thời gian tạm hoãn do người lao động thỏa thuận với người sử dụng lao động nhưng tối thiểu phải bằng thời gian do cơ sở khám bệnh, chữa bệnh có thẩm quyền chỉ định tạm nghỉ. Trường hợp không có chỉ định của cơ sở khám bệnh, chữa bệnh có thẩm quyền về thời gian tạm nghỉ thì hai bên thỏa thuận về thời gian tạm hoãn thực hiện hợp đồng lao động.

Như vậy, người lao động nữ mang thai được tạm hoãn thực hiện hợp đồng lao động trong thời hạn tối đa khi thỏa thuận với người sử dụng lao động và được đồng ý.

Trân trọng!","tro-cap-thoi-viec","","","","2023-07-16T19:25:00","https://thuvienphapluat.vn/hoi-dap-phap-luat/nguoi-lao-dong-duoc-huong-tro-cap-thoi-viec-khi-tam-hoan-hop-dong-lao-dong-khong-138006978.html","2026-04-24T06:52:05.945154+00:00"
"384554","Có hòa giải trước khởi kiện khi công ty không trả trợ cấp thôi việc cho người lao động không?","Điều 188 Bộ luật Lao động 2019  quy định về trình tự, thủ tục hòa giải tranh chấp lao động cá nhân của hòa giải viên lao động như sau:

Trình tự, thủ tục hòa giải tranh chấp lao động cá nhân của hòa giải viên lao động

1. Tranh chấp lao động cá nhân phải được giải quyết thông qua thủ tục hòa giải của hòa giải viên lao động trước khi yêu cầu Hội đồng trọng tài lao động hoặc Tòa án giải quyết, trừ các tranh chấp lao động sau đây không bắt buộc phải qua thủ tục hòa giải:

a) Về xử lý kỷ luật lao động theo hình thức sa thải hoặc về trường hợp bị đơn phương chấm dứt hợp đồng lao động;

b) Về bồi thường thiệt hại, trợ cấp khi chấm dứt hợp đồng lao động;

c) Giữa người giúp việc gia đình với người sử dụng lao động;

d) Về bảo hiểm xã hội theo quy định của pháp luật về bảo hiểm xã hội, về bảo hiểm y tế theo quy định của pháp luật về bảo hiểm y tế, về bảo hiểm thất nghiệp theo quy định của pháp luật về việc làm, về bảo hiểm tai nạn lao động, bệnh nghề nghiệp theo quy định của pháp luật về an toàn, vệ sinh lao động;

đ) Về bồi thường thiệt hại giữa người lao động với doanh nghiệp, tổ chức đưa người lao động đi làm việc ở nước ngoài theo hợp đồng;

e) Giữa người lao động thuê lại với người sử dụng lao động thuê lại.

2. Trong thời hạn 05 ngày làm việc kể từ ngày hòa giải viên lao động nhận được yêu cầu từ bên yêu cầu giải quyết tranh chấp hoặc từ cơ quan quy định tại khoản 3 Điều 181 của Bộ luật này, hòa giải viên lao động phải kết thúc việc hòa giải.

...

Pháp luật quy định tranh chấp lao động cá nhân về trợ cấp khi chấm dứt hợp đồng lao động thuộc trường hợp không bắt buộc phải thông qua thủ tục hòa giải trước khi yêu yêu Tòa án giải quyết.

Theo đó, khi bạn muốn giải quyết tranh chấp liên quan đến trợ cấp thôi việc bạn có thể yêu cầu Tòa án giải quyết mà không cần phải tiến hành hòa giải.

Có hòa giải trước khởi kiện khi công ty không trả trợ cấp thôi việc cho người lao động không? (Hình từ internet)

Điều 12 Nghị quyết 326/2016/UBTVQH14  quy định về miễn nộp tiền tạm ứng án phí, án phí như sau:

Miễn nộp tiền tạm ứng án phí, án phí, tạm ứng lệ phí Tòa án, lệ phí Tòa án

1. Những trường hợp sau đây được miễn nộp tiền tạm ứng án phí, án phí:

a) Người lao động khởi kiện đòi tiền lương, trợ cấp mất việc làm, trợ cấp thôi việc, bảo hiểm xã hội, tiền bồi thường về tai nạn lao động, bệnh nghề nghiệp; giải quyết những vấn đề bồi thường thiệt hại hoặc vì bị sa thải, chấm dứt hợp đồng lao động trái pháp luật;

b) Người yêu cầu cấp dưỡng, xin xác định cha, mẹ cho con chưa thành niên, con đã thành niên mất năng lực hành vi dân sự;

c) Người khiếu kiện quyết định hành chính, hành vi hành chính trong việc áp dụng hoặc thi hành biện pháp xử lý hành chính giáo dục tại xã, phường, thị trấn;

d) Người yêu cầu bồi thường về tính mạng, sức khỏe, danh dự, nhân phẩm, uy tín;

đ) Trẻ em; cá nhân thuộc hộ nghèo, cận nghèo; người cao tuổi; người khuyết tật; người có công với cách mạng; đồng bào dân tộc thiểu số ở các xã có điều kiện kinh tế - xã hội đặc biệt khó khăn; thân nhân liệt sĩ được cơ quan Nhà nước có thẩm quyền cấp Giấy chứng nhận gia đình liệt sĩ.

2. Những trường hợp quy định tại điểm đ khoản 1 Điều này được miễn các khoản tạm ứng lệ phí Tòa án, lệ phí Tòa án quy định tại khoản 1 Điều 4 của Nghị quyết này.

3. Trường hợp các đương sự thỏa thuận một bên chịu toàn bộ án phí hoặc một phần số tiền án phí phải nộp mà bên chịu toàn bộ án phí hoặc một phần số tiền án phí phải nộp thuộc trường hợp được miễn nộp tiền án phí thì Tòa án chỉ xem xét miễn án phí đối với phần mà người thuộc trường hợp được miễn phải chịu theo quy định, của Nghị quyết này. Phần án phí, lệ phí Tòa án mà người đó nhận nộp thay người khác thì không được miễn nộp.

Người lao động khởi kiện đòi trợ cấp thôi việc thuộc trường hợp được miễn tiền tạm ứng án phí.

Do đó, khi bạn khởi kiện đòi tiền trợ cấp thôi việc từ công ty bạn sẽ được miễn tiền tạm ứng án phí.

Điều 48 Bộ luật Lao động 2019  quy định về trách nhiệm khi chấm dứt hợp đồng lao động như sau:

Trách nhiệm khi chấm dứt hợp đồng lao động

1. Trong thời hạn 14 ngày làm việc kể từ ngày chấm dứt hợp đồng lao động, hai bên có trách nhiệm thanh toán đầy đủ các khoản tiền có liên quan đến quyền lợi của mỗi bên, trừ trường hợp sau đây có thể kéo dài nhưng không được quá 30 ngày:

a) Người sử dụng lao động không phải là cá nhân chấm dứt hoạt động;

b) Người sử dụng lao động thay đổi cơ cấu, công nghệ hoặc vì lý do kinh tế;

c) Chia, tách, hợp nhất, sáp nhập; bán, cho thuê, chuyển đổi loại hình doanh nghiệp; chuyển nhượng quyền sở hữu, quyền sử dụng tài sản của doanh nghiệp, hợp tác xã;

d) Do thiên tai, hỏa hoạn, địch họa hoặc dịch bệnh nguy hiểm.

2. Tiền lương, bảo hiểm xã hội, bảo hiểm y tế, bảo hiểm thất nghiệp, trợ cấp thôi việc và các quyền lợi khác của người lao động theo thỏa ước lao động tập thể, hợp đồng lao động được ưu tiên thanh toán trong trường hợp doanh nghiệp, hợp tác xã bị chấm dứt hoạt động, bị giải thể, phá sản.

3. Người sử dụng lao động có trách nhiệm sau đây:

a) Hoàn thành thủ tục xác nhận thời gian đóng bảo hiểm xã hội, bảo hiểm thất nghiệp và trả lại cùng với bản chính giấy tờ khác nếu người sử dụng lao động đã giữ của người lao động;

b) Cung cấp bản sao các tài liệu liên quan đến quá trình làm việc của người lao động nếu người lao động có yêu cầu. Chi phí sao, gửi tài liệu do người sử dụng lao động trả.

Theo quy định nói trên, công ty (người sử dụng lao động) có trách nhiệm thanh toán tiền trợ cấp thôi việc cho người lao động trong vòng 14 ngày làm việc kể từ ngày chấm dứt hợp đồng lao động, trong một số trường hợp đặc biệt mà thời hạn này có thể kéo dài nhưng không quá 30 ngày theo quy định nói trên.

Trân trọng!","tro-cap-thoi-viec","","","","2022-12-19T08:19:00","https://thuvienphapluat.vn/hoi-dap-phap-luat/cong-ty-khong-tra-tro-cap-thoi-viec-cho-nguoi-lao-dong-co-can-hoa-giai-truoc-khi-khoi-kien-khong-384554.html","2026-04-24T06:52:10.386157+00:00"
"380268","Thời gian thử việc của người lao động có được dùng để tính trợ cấp thôi việc hay không?","Căn cứ Khoản 3 Điều 8  Nghị định 145/2020/NĐ-CP  có quy định thời gian làm việc để tính trợ cấp thôi việc, trợ cấp mất việc làm là tổng thời gian người lao động đã làm việc thực tế cho người sử dụng lao động trừ đi thời gian người lao động đã tham gia bảo hiểm thất nghiệp theo quy định của pháp luật về bảo hiểm thất nghiệp và thời gian làm việc đã được người sử dụng lao động chi trả trợ cấp thôi việc, trợ cấp mất việc làm, trong đó:

a) Tổng thời gian người lao động đã làm việc thực tế cho người sử dụng lao động bao gồm: thời gian người lao động đã trực tiếp làm việc;  thời gian thử việc ; thời gian được người sử dụng lao động cử đi học; thời gian nghỉ hưởng chế độ ốm đau, thai sản theo quy định của pháp luật về bảo hiểm xã hội; thời gian nghỉ việc để điều trị, phục hồi chức năng lao động khi bị tai nạn lao động, bệnh nghề nghiệp mà được người sử dụng lao động trả lương theo quy định của pháp luật về an toàn, vệ sinh lao động; thời gian nghỉ việc để thực hiện nghĩa vụ công dân theo quy định của pháp luật mà được người sử dụng lao động trả lương; thời gian ngừng việc không do lỗi của người lao động; thời gian nghỉ hằng tuần theo Điều 111, nghỉ việc hưởng nguyên lương theo Điều 112, Điều 113, Điều 114, khoản 1 Điều 115; thời gian thực hiện nhiệm vụ của tổ chức đại diện người lao động theo quy định tại khoản 2, khoản 3 Điều 176 và thời gian bị tạm đình chỉ công việc theo Điều 128 của Bộ luật Lao động.

b) Thời gian người lao động đã tham gia bảo hiểm thất nghiệp bao gồm: thời gian người lao động đã tham gia bảo hiểm thất nghiệp theo quy định của pháp luật và thời gian người lao động thuộc diện không phải tham gia bảo hiểm thất nghiệp theo quy định của pháp luật nhưng được người sử dụng lao động chi trả cùng với tiền lương của người lao động một khoản tiền tương đương với mức người sử dụng lao động đóng bảo hiểm thất nghiệp cho người lao động theo quy định của pháp luật về lao động, bảo hiểm thất nghiệp.

c)  Thời gian làm việc để tính trợ cấp thôi việc, trợ cấp mất việc làm của người lao động được tính theo năm (đủ 12 tháng) ; trường hợp có tháng lẻ ít hơn hoặc bằng 06 tháng được tính bằng 1/2 năm, trên 06 tháng được tính bằng 01 năm làm việc.

Như vậy, theo quy định như trên, thời gian hai tháng thử việc cũng được xem là tổng thời gian làm việc để tính trợ cấp thôi việc. Cho nên, công ty của bạn phải chi trả trợ cấp thôi việc cho người lao động và phải tính hai tháng thử việc này khi tính trợ cấp thôi việc.

Thời gian thử việc của người lao động có được dùng để tính trợ cấp thôi việc hay không? (Hình từ Internet)

Tại Điều 46  Bộ luật Lao động 2019  quy định về trợ cấp thôi việc như sau:

1. Khi hợp đồng lao động chấm dứt theo quy định tại các khoản 1, 2, 3, 4, 6, 7, 9 và 10 Điều 34 của Bộ luật này thì người sử dụng lao động có trách nhiệm trả trợ cấp thôi việc cho người lao động đã làm việc thường xuyên cho mình từ đủ 12 tháng trở lên, mỗi năm làm việc được trợ cấp một nửa tháng tiền lương,  trừ trường hợp đủ điều kiện hưởng lương hưu theo quy định của pháp luật về bảo hiểm xã hội và trường hợp quy định tại điểm e khoản 1 Điều 36 của Bộ luật này.

2. Thời gian làm việc để tính trợ cấp thôi việc là tổng thời gian người lao động đã làm việc thực tế cho người sử dụng lao động trừ đi thời gian người lao động đã tham gia bảo hiểm thất nghiệp theo quy định của pháp luật về bảo hiểm thất nghiệp và thời gian làm việc đã được người sử dụng lao động chi trả trợ cấp thôi việc, trợ cấp mất việc làm.

3. Tiền lương để tính trợ cấp thôi việc là tiền lương bình quân của 06 tháng liền kề theo hợp đồng lao động trước khi người lao động thôi việc.

4. Chính phủ quy định chi tiết Điều này.

Theo đó, người lao động làm việc thường xuyên cho công ty của bạn từ đủ 12 tháng trở lên thì công ty của bạn phải có trách nhiệm chi trả trợ cấp thôi việc cho người lao động, cứ mỗi năm làm việc thì được trợ cấp một nửa tháng tiền lương.

Tại Điều 40  Bộ luật Lao động 2019  quy định nghĩa vụ của người lao động khi đơn phương chấm dứt hợp đồng lao động trái pháp luật như sau:

1. Không được trợ cấp thôi việc.

2. Phải bồi thường cho người sử dụng lao động nửa tháng tiền lương theo hợp đồng lao động và một khoản tiền tương ứng với tiền lương theo hợp đồng lao động trong những ngày không báo trước.

3. Phải hoàn trả cho người sử dụng lao động chi phí đào tạo quy định tại Điều 62 của Bộ luật này.

Như vậy, theo quy định như trên, nếu người lao động đơn phương chấm dứt hợp đồng lao động trái pháp luật thì sẽ không được hưởng trợ cấp thôi việc.

Trân trọng!","tro-cap-thoi-viec","","","","2022-11-05T10:47:00","https://thuvienphapluat.vn/hoi-dap-phap-luat/thoi-gian-thu-viec-co-duoc-coi-la-thoi-gian-lam-viec-de-tinh-tro-cap-thoi-viec-hay-khong-380268.html","2026-04-24T06:52:55.575416+00:00"
"378611","Công chức xin thôi việc ngay khi vừa nhận được quyết định bổ nhiệm có được không?","Tại Điều 59  Luật cán bộ, công chức 2008  có quy định về các trường hợp xin thôi việc đối với công chức như sau:

1. Công chức được hưởng chế độ thôi việc nếu thuộc một trong các trường hợp sau đây:

a) Do sắp xếp tổ chức;

b) Theo nguyện vọng và được cấp có thẩm quyền đồng ý;

c) Theo quy định tại khoản 3 Điều 58 của Luật này.

2. Công chức xin thôi việc theo nguyện vọng thì phải làm đơn gửi cơ quan, tổ chức, đơn vị có thẩm quyền xem xét, quyết định. Trong thời hạn 30 ngày, kể từ ngày nhận đơn, cơ quan, tổ chức, đơn vị có thẩm quyền phải trả lời bằng văn bản, nếu không đồng ý cho thôi việc thì phải nêu rõ lý do; trường hợp chưa được cơ quan, tổ chức, đơn vị có thẩm quyền đồng ý mà tự ý bỏ việc thì không được hưởng chế độ thôi việc và phải bồi thường chi phí đào tạo, bồi dưỡng theo quy định của pháp luật.

3. Không giải quyết thôi việc đối với công chức đang trong thời gian xem xét kỷ luật hoặc truy cứu trách nhiệm hình sự.

4. Không giải quyết thôi việc đối với công chức nữ đang mang thai hoặc nuôi con dưới 36 tháng tuổi, trừ trường hợp xin thôi việc theo nguyện vọng.

Căn cứ theo quy định hiện hành, công chức có thể xin thôi việc ngay khi nhận chức. Tuy nhiên, cần phải có sự chấp thuận từ cấp có thẩm quyền.

Công chức xin thôi việc ngay khi vừa nhận được quyết định bổ nhiệm có được không? (Hình từ Internet)

Tại Điều 3  Nghị định 46/2010/NĐ-CP  có quy định về trường hợp công chức được hưởng chế độ thôi việc như sau:

Công chức được hưởng chế độ thôi việc quy định tại Nghị định này trong các trường hợp sau:

1. Theo nguyện vọng và được cơ quan, tổ chức, đơn vị có thẩm quyền đồng ý.

2. Do 02 năm liên tiếp không hoàn thành nhiệm vụ theo quy định tại khoản 3 Điều 58 Luật Cán bộ, công chức.

Tại Điều 5  Nghị định 46/2010/NĐ-CP  có quy định về trợ cấp thôi việc như sau:

Công chức thôi việc được hưởng trợ cấp thôi việc như sau: cứ mỗi năm làm việc được tính bằng 1/2 (một phần hai) tháng lương hiện hưởng, gồm: mức lương theo ngạch, bậc, phụ cấp chức vụ lãnh đạo, phụ cấp thâm niên vượt khung, phụ cấp thâm niên nghề và hệ số chênh lệch bảo lưu lương (nếu có). Mức trợ cấp thấp nhất bằng 01 (một) tháng lương hiện hưởng.

Theo đó, trong trường hợp công chức thôi việc theo nguyện vọng thì mức trợ cấp thôi việc sẽ tính trên số năm làm việc, cứ mỗi năm sẽ tính bằng 1/2 tháng lương hiện hưởng và mức hưởng thấp nhất sẽ là 01 tháng lương hiện hưởng.

Tại Điều 4  Nghị định 46/2010/NĐ-CP  có quy định về thủ tục giải quyết thôi việc của công chức nư sau:

1. Trường hợp thôi việc theo nguyện vọng:

a) Công chức phải làm đơn gửi cơ quan, tổ chức, đơn vị có thẩm quyền;

b) Trong thời hạn 30 ngày, kể từ ngày nhận đơn, nếu đồng ý cho công chức thôi việc thì cơ quan, tổ chức, đơn vị có thẩm quyền ra quyết định thôi việc bằng văn bản; nếu không đồng ý cho công chức thôi việc thì trả lời công chức bằng văn bản và nêu rõ lý do theo quy định tại điểm c khoản này;

c) Các lý do không giải quyết thôi việc:

Công chức đang trong thời gian thực hiện việc luân chuyển, biệt phái, đang bị xem xét kỷ luật hoặc bị truy cứu trách nhiệm hình sự;

Công chức chưa phục vụ đủ thời gian theo cam kết với cơ quan, tổ chức, đơn vị khi được xét tuyển;

Công chức chưa hoàn thành việc thanh toán các khoản tiền, tài sản thuộc trách nhiệm của cá nhân đối với cơ quan, tổ chức, đơn vị;

Do yêu cầu công tác của cơ quan, tổ chức, đơn vị hoặc chưa bố trí được người thay thế.

2. Trường hợp thôi việc do 02 năm liên tiếp không hoàn thành nhiệm vụ:

a) Trong thời hạn 30 ngày, kể từ ngày có kết quả phân loại đánh giá công chức, cơ quan, tổ chức, đơn vị có thẩm quyền thông báo bằng văn bản đến công chức về việc giải quyết thôi việc, trừ trường hợp quy định tại khoản 4 Điều 59 Luật Cán bộ, công chức.

b) Trong thời hạn 30 ngày, kể từ ngày có thông báo bằng văn bản, cơ quan, tổ chức, đơn vị có thẩm quyền ra quyết định thôi việc.

3. Trong thời hạn 30 ngày, kể từ ngày quyết định thôi việc được ban hành, cơ quan, tổ chức, đơn vị có thẩm quyền phải thanh toán trợ cấp thôi việc đối với công chức.

Như vậy, thủ tục giải quyết thôi việc của công chức sẽ được thực hiện theo quy định trên,

Trân trọng!","tro-cap-thoi-viec","","","","2022-10-19T10:54:00","https://thuvienphapluat.vn/hoi-dap-phap-luat/cong-chuc-co-duoc-xin-thoi-viec-ngay-khi-vua-nhan-duoc-quyet-dinh-bo-nhiem-378611.html","2026-04-24T06:53:00.697466+00:00"
"377250","Cơ quan chưa bố trí được người thay thế thì viên chức có được thôi việc không?","Tại Khoản 2 Điều 57  Nghị định 115/2020/NĐ-CP  quy định viên chức chưa được giải quyết thôi việc nếu thuộc một trong các trường hợp sau:

a) Đang trong thời hạn xử lý kỷ luật, đang bị điều tra, truy tố, xét xử;

b) Chưa làm việc đủ thời gian cam kết với đơn vị sự nghiệp công lập khi được cử đi đào tạo;

c) Chưa hoàn thành việc thanh toán các khoản tiền, tài sản thuộc trách nhiệm của viên chức đối với đơn vị sự nghiệp công lập;

d) Do yêu cầu công tác và chưa bố trí được người thay thế.

Như vậy, theo quy định trên viên chức chưa được giải quyết thôi việc nếu như cơ quan chưa bố trí được người thay thế. Mặc dù bạn đã báo trước cho cơ quan 30 ngày đúng theo quy định của luật nhưng cơ quan vẫn chưa bố trí được người thay thế vị trí của bạn thì bạn vẫn không thể thôi việc. Nếu bạn nghỉ việc bạn sẽ vi phạm pháp luật.

Viên chức có được thôi việc khi cơ quan chưa bố trí được người thay thế không? (Hình từ Internet)

Giải quyết thôi việc cho viên chức có thủ tục như thế nào?

Theo Khoản 3 Điều 57  Nghị định 115/2020/NĐ-CP  quy định thủ tục giải quyết thôi việc như sau:

a) Trường hợp viên chức đơn phương chấm dứt hợp đồng làm việc thì phải thông báo bằng văn bản gửi cho người đứng đầu đơn vị sự nghiệp công lập biết theo quy định tại khoản 6 Điều 29 Luật Viên chức.

Trong thời hạn 05 ngày làm việc kể từ ngày nhận được văn bản đề nghị của viên chức, nếu đồng ý cho viên chức thôi việc thì người đứng đầu đơn vị sự nghiệp công lập chấm dứt hợp đồng làm việc và giải quyết chế độ thôi việc cho viên chức theo quy định. Trường hợp không đồng ý cho viên chức thôi việc thì phải trả lời viên chức bằng văn bản và nêu rõ lý do theo quy định.

b) Trường hợp đơn vị sự nghiệp công lập đơn phương chấm dứt hợp đồng làm việc hoặc không ký tiếp hợp đồng làm việc với viên chức thì đồng thời phải giải quyết chế độ thôi việc cho viên chức theo quy định.

Do đó, khi giải quyết thôi việc cho viên chức sẽ thực hiện theo thủ tục được nêu trên.

Căn cứ Khoản 1 và Khoản 2 Điều 58  Nghị định 115/2020/NĐ-CP  quy định trợ cấp thôi việc đối với viên chức thôi việc như sau:

1. Đối với thời gian công tác của viên chức từ ngày 31 tháng 12 năm 2008 trở về trước được tính như sau:

a) Cứ mỗi năm làm việc được tính bằng 1/2 tháng lương hiện hưởng, gồm: Mức lương theo chức danh nghề nghiệp, phụ cấp chức vụ quản lý, phụ cấp thâm niên vượt khung, phụ cấp thâm niên nghề và hệ số chênh lệch bảo lưu lương (nếu có);

b) Mức trợ cấp thấp nhất bằng 01 tháng lương hiện hưởng;

c) Trường hợp viên chức được tuyển dụng trước ngày 01 tháng 7 năm 2003, thời gian làm việc được tính trợ cấp thôi việc là tổng thời gian làm việc (cộng dồn) kể từ khi viên chức có quyết định tuyển dụng đến hết ngày 31 tháng 12 năm 2008;

d) Trường hợp viên chức được tuyển dụng từ ngày 01 tháng 7 năm 2003 trở về sau, thời gian làm việc được tính trợ cấp thôi việc là tổng thời gian làm việc theo hợp đồng làm việc (cộng dồn) kể từ khi viên chức có quyết định tuyển dụng đến hết ngày 31 tháng 12 năm 2008.

2. Đối với thời gian công tác của viên chức từ ngày 01 tháng 01 năm 2009 đến nay được thực hiện theo quy định của pháp luật về trợ cấp thất nghiệp.

Theo đó, trợ cấp thôi việc của viên chức sẽ phụ thuộc vào thời gian công tác của viên chức đấy. Trợ cấp thôi việc của viên chức tính theo thời gian công tác được tính theo những quy định cụ thể ở trên.

Trân trọng!","tro-cap-thoi-viec","","","","2022-10-06T15:58:00","https://thuvienphapluat.vn/hoi-dap-phap-luat/vien-chuc-co-duoc-thoi-viec-khi-co-quan-chua-bo-tri-duoc-nguoi-thay-the-khong-377250.html","2026-04-24T06:53:05.529377+00:00"
"377080","Chấm dứt hợp đồng lao động với người lao động nước ngoài có cần phải chi trả trợ cấp thôi việc không?","Tại Điều 2  Bộ luật Lao động 2019  quy định đối tượng áp dụng như sau:

1. Người lao động, người học nghề, người tập nghề và người làm việc không có quan hệ lao động.

2. Người sử dụng lao động.

3. Người lao động nước ngoài làm việc tại Việt Nam.

4. Cơ quan, tổ chức, cá nhân khác có liên quan trực tiếp đến quan hệ lao động.

Căn cứ Khoản 1 Điều 8  Nghị định 145/2020/NĐ-CP  quy định trợ cấp thôi việc, trợ cấp mất việc làm như sau:

1. Người sử dụng lao động có trách nhiệm chi trả trợ cấp thôi việc theo quy định tại Điều 46 của Bộ luật Lao động đối với người lao động đã làm việc thường xuyên cho mình từ đủ 12 tháng trở lên khi hợp đồng lao động chấm dứt theo quy định tại các khoản 1, 2, 3, 4, 6, 7, 9 và 10 Điều 34 của Bộ luật Lao động, trừ các trường hợp sau:

a) Người lao động đủ điều kiện hưởng lương hưu theo quy định tại Điều 169 của Bộ luật Lao độngvà pháp luật về bảo hiểm xã hội;

b) Người lao động tự ý bỏ việc mà không có lý do chính đáng từ 05 ngày làm việc liên tục trở lên quy định tại điểm e khoản 1 Điều 36 của Bộ luật Lao động. Trường hợp được coi là có lý do chính đáng theo quy định tại khoản 4 Điều 125 của Bộ luật Lao động.

Theo Điều 34  Bộ luật Lao động 2019  quy định các trường hợp chấm dứt hợp đồng lao động như sau:

1. Hết hạn hợp đồng lao động, trừ trường hợp quy định tại khoản 4 Điều 177 của Bộ luật này.

2. Đã hoàn thành công việc theo hợp đồng lao động.

3. Hai bên thỏa thuận chấm dứt hợp đồng lao động.

4. Người lao động bị kết án phạt tù nhưng không được hưởng án treo hoặc không thuộc trường hợp được trả tự do theo quy định tạikhoản 5 Điều 328 của Bộ luật Tố tụng hình sự, tử hình hoặc bị cấm làm công việc ghi trong hợp đồng lao động theo bản án, quyết định của Tòa án đã có hiệu lực pháp luật.

5. Người lao động là người nước ngoài làm việc tại Việt Nam bị trục xuất theo bản án, quyết định của Tòa án đã có hiệu lực pháp luật, quyết định của cơ quan nhà nước có thẩm quyền.

6. Người lao động chết; bị Tòa án tuyên bố mất năng lực hành vi dân sự, mất tích hoặc đã chết.

…

Như vậy, theo quy định trên người lao động nước ngoài vẫn thuộc đối tượng được hưởng trợ cấp thôi việc.

Trường hợp của chồng bạn đã làm việc tại Công ty trách nhiệm hữu hạn M được 18 tháng và đã kết thúc hợp đồng vì lý do hết hạn hợp đồng thì chồng bạn vẫn sẽ được nhận trợ cấp thôi việc nếu như không thuộc 1 trong 2 trường hợp mà luật quy định tại Nghị định 145/2020/NĐ-CP.

Chấm dứt hợp đồng lao động với người lao động nước ngoài có cần phải chi trả trợ cấp thôi việc không? (Hình từ Internet)

Tại Điều 43  Luật việc làm 2013  quy định đối tượng bắt buộc tham gia bảo hiểm thất nghiệp như sau:

1. Người lao động phải tham gia bảo hiểm thất nghiệp khi làm việc theo hợp đồng lao động hoặc hợp đồng làm việc như sau:

a) Hợp đồng lao động hoặc hợp đồng làm việc không xác định thời hạn;

b) Hợp đồng lao động hoặc hợp đồng làm việc xác định thời hạn;

c) Hợp đồng lao động theo mùa vụ hoặc theo một công việc nhất định có thời hạn từ đủ 03 tháng đến dưới 12 tháng.

Trong trường hợp người lao động giao kết và đang thực hiện nhiều hợp đồng lao động quy định tại khoản này thì người lao động và người sử dụng lao động của hợp đồng lao động giao kết đầu tiên có trách nhiệm tham gia bảo hiểm thất nghiệp.

2. Người lao động theo quy định tại khoản 1 Điều này đang hưởng lương hưu, giúp việc gia đình thì không phải tham gia bảo hiểm thất nghiệp.

3. Người sử dụng lao động tham gia bảo hiểm thất nghiệp bao gồm cơ quan nhà nước, đơn vị sự nghiệp công lập, đơn vị vũ trang nhân dân; tổ chức chính trị, tổ chức chính trị - xã hội, tổ chức chính trị xã hội - nghề nghiệp, tổ chức xã hội, tổ chức xã hội - nghề nghiệp; cơ quan, tổ chức nước ngoài, tổ chức quốc tế hoạt động trên lãnh thổ Việt Nam; doanh nghiệp, hợp tác xã, hộ gia đình, hộ kinh doanh, tổ hợp tác, tổ chức khác và cá nhân có thuê mướn, sử dụng lao động theo hợp đồng làm việc hoặc hợp đồng lao động quy định tại khoản 1 Điều này.

Căn cứ Khoản 3 Điều 168  Bộ luật Lao động 2019  quy định tham gia bảo hiểm xã hội, bảo hiểm y tế, bảo hiểm thất nghiệp như sau:

3. Đối với người lao động không thuộc đối tượng tham gia bảo hiểm xã hội bắt buộc, bảo hiểm y tế, bảo hiểm thất nghiệp thì người sử dụng lao động có trách nhiệm chi trả thêm cùng lúc với kỳ trả lương một khoản tiền cho người lao động tương đương với mức người sử dụng lao động đóng bảo hiểm xã hội bắt buộc, bảo hiểm y tế, bảo hiểm thất nghiệp cho người lao động theo quy định của pháp luật về bảo hiểm xã hội, bảo hiểm y tế, bảo hiểm thất nghiệp.

Do đó, theo quy định trên người lao động nước ngoài nếu thuộc đối tượng tham gia bảo hiểm thất nghiệp bắt buộc thì khi kết thúc hợp đồng lao động người nước ngoài sẽ được hưởng bảo hiểm thất nghiệp.

Trường hợp người nước ngoài không thuộc đối tượng tham gia bảo hiểm thất nghiệp bắt buộc thì khi kết thúc hợp đồng lao động, người sử dụng lao động có trách nhiệm chi trả thêm cùng lúc với kỳ trả lương một khoản tiền tương đương với mức đóng bảo hiểm thất nghiệp.

Trân trọng!","tro-cap-thoi-viec","","","","2022-10-04T10:13:00","https://thuvienphapluat.vn/hoi-dap-phap-luat/nguoi-lao-dong-nuoc-ngoai-khi-bi-cham-dut-hop-dong-lao-dong-co-duoc-chi-tra-tro-cap-thoi-viec-khong-377080.html","2026-04-24T06:53:10.542768+00:00"
"374383","Có được hưởng trợ cấp thôi việc khi viên chức đơn phương chấm dứt hợp đồng làm việc?","Tại Khoản 2 Điều 45  Luật viên chức 2010  có quy định viên chức không được hưởng trợ cấp thôi việc nếu thuộc một trong các trường hợp sau:

a) Bị buộc thôi việc;

b) Đơn phương chấm dứt hợp đồng làm việc mà vi phạm quy định tại các khoản 4, 5 và 6 Điều 29 của Luật này;

c) Chấm dứt hợp đồng làm việc theo quy định tại khoản 5 Điều 28 của Luật này.

Tại khoản 4, 5 và 6 Điều 29  Luật viên chức 2010  có quy định như sau:

4. Viên chức làm việc theo hợp đồng làm việc không xác định thời hạn có quyền đơn phương chấm dứt hợp đồng nhưng phải thông báo bằng văn bản cho người đứng đầu đơn vị sự nghiệp công lập biết trước ít nhất 45 ngày; trường hợp viên chức ốm đau hoặc bị tai nạn đã điều trị 06 tháng liên tục thì phải báo trước ít nhất 03 ngày.

5. Viên chức làm việc theo hợp đồng làm việc xác định thời hạn có quyền đơn phương chấm dứt hợp đồng trong các trường hợp sau:

a) Không được bố trí theo đúng vị trí việc làm, địa điểm làm việc hoặc không được bảo đảm các điều kiện làm việc đã thỏa thuận trong hợp đồng làm việc;

b) Không được trả lương đầy đủ hoặc không được trả lương đúng thời hạn theo hợp đồng làm việc;

c) Bị ngược đãi; bị cưỡng bức lao động;

d) Bản thân hoặc gia đình thật sự có hoàn cảnh khó khăn không thể tiếp tục thực hiện hợp đồng;

đ) Viên chức nữ có thai phải nghỉ việc theo chỉ định của cơ sở chữa bệnh;

e) Viên chức ốm đau hoặc bị tai nạn đã điều trị từ 03 tháng liên tục mà khả năng làm việc chưa hồi phục.

6. Viên chức phải thông báo bằng văn bản về việc đơn phương chấm dứt hợp đồng làm việc cho người đứng đầu đơn vị sự nghiệp công lập biết trước ít nhất 03 ngày đối với các trường hợp quy định tại các điểm a, b, c, đ và e khoản 5 Điều này; ít nhất 30 ngày đối với trường hợp quy định tại điểm d khoản 5 Điều này.

Như vậy, nếu bạn đơn phương chấm dứt hợp đồng làm việc mà đảm bảo việc báo trước với số ngày theo quy định hoặc đảm bảo các quy định của pháp luật theo quy định như trên thì sẽ được hưởng trợ cấp thôi việc.

Có được hưởng trợ cấp thôi việc khi viên chức đơn phương chấm dứt hợp đồng làm việc? (Hình từ Internet)

Tại Điều 58  Nghị định 115/2020/NĐ-CP  có quy định về trợ cấp thôi việc đối với viên chức thôi việc tình như sau:

1. Đối với thời gian công tác của viên chức từ ngày 31 tháng 12 năm 2008 trở về trước được tính như sau:

a) Cứ mỗi năm làm việc được tính bằng 1/2 tháng lương hiện hưởng, gồm: Mức lương theo chức danh nghề nghiệp, phụ cấp chức vụ quản lý, phụ cấp thâm niên vượt khung, phụ cấp thâm niên nghề và hệ số chênh lệch bảo lưu lương (nếu có);

b) Mức trợ cấp thấp nhất bằng 01 tháng lương hiện hưởng;

c) Trường hợp viên chức được tuyển dụng trước ngày 01 tháng 7 năm 2003, thời gian làm việc được tính trợ cấp thôi việc là tổng thời gian làm việc (cộng dồn) kể từ khi viên chức có quyết định tuyển dụng đến hết ngày 31 tháng 12 năm 2008;

d) Trường hợp viên chức được tuyển dụng từ ngày 01 tháng 7 năm 2003 trở về sau, thời gian làm việc được tính trợ cấp thôi việc là tổng thời gian làm việc theo hợp đồng làm việc (cộng dồn) kể từ khi viên chức có quyết định tuyển dụng đến hết ngày 31 tháng 12 năm 2008.

2. Đối với thời gian công tác của viên chức từ ngày 01 tháng 01 năm 2009 đến nay được thực hiện theo quy định của pháp luật về trợ cấp thất nghiệp.

3. Kinh phí chi trả trợ cấp thôi việc:

a) Đối với đơn sự nghiệp công lập tự bảo đảm về chi thường xuyên, chi đầu tư và đơn vị sự nghiệp công lập tự bảo đảm về chi thường xuyên: Nguồn kinh phí chi trả trợ cấp thôi việc được lấy từ nguồn tài chính của đơn vị, kể cả thời gian trước đó viên chức đã làm việc tại các cơ quan, tổ chức, đơn vị khác trong hệ thống chính trị.

b) Đối với đơn sự nghiệp công lập tự bảo đảm một phần chi thường xuyên và đơn vị sự nghiệp công lập do ngân sách nhà nước bảo đảm chi thường xuyên: Nguồn kinh phí chi trả được lấy từ nguồn tài chính của đơn vị sự nghiệp công lập, kể cả thời gian trước đó viên chức đã làm việc tại các cơ quan, tổ chức, đơn vị khác trong hệ thống chính trị. Trường hợp nguồn tài chính của đơn vị sự nghiệp công lập không đáp ứng đủ phần kinh phí chi trả cho thời gian viên chức trước đó đã làm việc tại các cơ quan, tổ chức, đơn vị khác trong hệ thống chính trị thì ngân sách nhà nước hỗ trợ.

4. Viên chức thôi việc được hưởng trợ cấp thôi việc quy định tại khoản 1 và khoản 2 Điều này và được xác nhận thời gian có đóng bảo hiểm xã hội theo quy định của pháp luật.

Theo đó, trợ cấp thôi việc đối với viên chức sẽ được tính theo quy định như trên, tùy thuộc vào thời gian công tác của viên chức sẽ có cách tính khác nhau.

Trân trọng!","tro-cap-thoi-viec","","","","2022-09-06T11:07:00","https://thuvienphapluat.vn/hoi-dap-phap-luat/vien-chuc-don-phuong-cham-dut-hop-dong-lam-viec-thi-co-duoc-huong-tro-cap-thoi-viec-374383.html","2026-04-24T06:53:15.295849+00:00"
"364880","Phải trả tiền trợ cấp thôi việc ít nhất bao nhiêu tháng lương đối với người lao động làm việc dưới 16 tháng?","Căn cứ Khoản 2, Khoản 3 Điều 8 Nghị định 145/2020/NĐ-CP quy định về việc trợ cấp thôi việc, trợ cấp mất việc làm như sau: ... 2. Người sử dụng lao động có trách nhiệm chi trả trợ cấp mất việc làm theo quy định tại Điều 47 của Bộ luật Lao động đối với người lao động đã làm việc thường xuyên cho mình từ đủ 12 tháng trở lên mà bị mất việc làm theo quy định tại khoản 11 Điều 34 của Bộ luật Lao động. Trường hợp người lao động có thời gian làm việc thường xuyên cho người sử dụng lao động từ đủ 12 tháng trở lên mất việc làm nhưng thời gian làm việc để tính trợ cấp mất việc làm quy định tại khoản 3 Điều này ít hơn 24 tháng thì người sử dụng lao động có trách nhiệm chi trả trợ cấp mất việc làm cho người lao động ít nhất bằng 02 tháng tiền lương.

Theo Khoản 3 Điều này quy định:

3. Thời gian làm việc để tính trợ cấp thôi việc, trợ cấp mất việc làm là tổng thời gian người lao động đã làm việc thực tế cho người sử dụng lao động trừ đi thời gian người lao động đã tham gia bảo hiểm thất nghiệp theo quy định của pháp luật về bảo hiểm thất nghiệp và thời gian làm việc đã được người sử dụng lao động chi trả trợ cấp thôi việc, trợ cấp mất việc làm, trong đó: a) Tổng thời gian người lao động đã làm việc thực tế cho người sử dụng lao động bao gồm: thời gian người lao động đã trực tiếp làm việc; thời gian thử việc; thời gian được người sử dụng lao động cử đi học; thời gian nghỉ hưởng chế độ ốm đau, thai sản theo quy định của pháp luật về bảo hiểm xã hội; thời gian nghỉ việc để điều trị, phục hồi chức năng lao động khi bị tai nạn lao động, bệnh nghề nghiệp mà được người sử dụng lao động trả lương theo quy định của pháp luật về an toàn, vệ sinh lao động; thời gian nghỉ việc để thực hiện nghĩa vụ công dân theo quy định của pháp luật mà được người sử dụng lao động trả lương; thời gian ngừng việc không do lỗi của người lao động; thời gian nghỉ hằng tuần theo Điều 111, nghỉ việc hưởng nguyên lương theo Điều 112, Điều 113, Điều 114, khoản 1 Điều 115; thời gian thực hiện nhiệm vụ của tổ chức đại diện người lao động theo quy định tại khoản 2, khoản 3 Điều 176 và thời gian bị tạm đình chỉ công việc theo Điều 128 của Bộ luật Lao động. b) Thời gian người lao động đã tham gia bảo hiểm thất nghiệp bao gồm: thời gian người lao động đã tham gia bảo hiểm thất nghiệp theo quy định của pháp luật và thời gian người lao động thuộc diện không phải tham gia bảo hiểm thất nghiệp theo quy định của pháp luật nhưng được người sử dụng lao động chi trả cùng với tiền lương của người lao động một khoản tiền tương đương với mức người sử dụng lao động đóng bảo hiểm thất nghiệp cho người lao động theo quy định của pháp luật về lao động, bảo hiểm thất nghiệp. c) Thời gian làm việc để tính trợ cấp thôi việc, trợ cấp mất việc làm của người lao động được tính theo năm (đủ 12 tháng); trường hợp có tháng lẻ ít hơn hoặc bằng 06 tháng được tính bằng 1/2 năm, trên 06 tháng được tính bằng 01 năm làm việc.

Như vậy,  theo quy định hiện hành người sử dụng lao động có thời gian làm việc là 16 tháng thì sẽ được tính 1,5 năm làm việc. Và sẽ được người lao động chi trả ít nhất 02 tháng lương.

Theo Điểm a Khoản 5 Điều này cũng quy định về tiền lương để tính trợ cấp thôi việc, trợ cấp mất việc làm được quy định như sau:

a) Tiền lương để tính trợ cấp thôi việc, trợ cấp mất việc làm là tiền lương bình quân của 06 tháng liền kề theo hợp đồng lao động trước khi người lao động thôi việc, mất việc làm.

b) Trường hợp người lao động làm việc cho người sử dụng lao động theo nhiều hợp đồng lao động kế tiếp nhau theo quy định tại khoản 2 Điều 20 của Bộ luật Lao động thì tiền lương để tính trợ cấp thôi việc, trợ cấp mất việc làm là tiền lương bình quân của 06 tháng liền kề theo hợp đồng lao động trước khi chấm dứt hợp đồng lao động cuối cùng. Trường hợp hợp đồng lao động cuối cùng bị tuyên bố vô hiệu vì có nội dung tiền lương thấp hơn mức lương tối thiểu vùng do Chính phủ công bố hoặc mức lương ghi trong thỏa ước lao động tập thể thì tiền lương làm căn cứ tính trợ cấp thôi việc do hai bên thỏa thuận nhưng không thấp hơn mức lương tối thiểu vùng hoặc mức lương ghi trong thỏa ước lao động tập thể.

Theo đó,  việc chị có lương 06 tháng liên tiếp là 08 triệu thì đây sẽ là căn cứ để tính trợ cấp.

Trân trọng!","tro-cap-thoi-viec","","","","2022-06-30T15:50:00","https://thuvienphapluat.vn/hoi-dap-phap-luat/phai-tra-tien-tro-cap-thoi-viec-it-nhat-bao-nhieu-doi-voi-nguoi-lao-dong-lam-viec-duoi-16-thang-364880.html","2026-04-24T06:53:20.299060+00:00"
"366297","Người lao động ở tù có được nhận trợ cấp thôi việc không?","Tại Khoản 1 Điều 46 Bộ luật Lao động 2019 có quy định về các đối tượng được nhận trợ cấp thôi việc như sau:

1.  Khi hợp đồng lao động chấm dứt theo quy định tại các khoản 1, 2, 3, 4, 6, 7, 9 và 10 Điều 34 của Bộ luật này thì người sử dụng lao động có trách nhiệm trả trợ cấp thôi việc cho người lao động đã làm việc thường xuyên cho mình từ đủ 12 tháng trở lên , mỗi năm làm việc được trợ cấp một nửa tháng tiền lương, trừ trường hợp đủ điều kiện hưởng lương hưu theo quy định của pháp luật về bảo hiểm xã hội và trường hợp quy định tại điểm e khoản 1 Điều 36 của Bộ luật này.

Tại Điều 34 Bộ luật Lao động 2019 có quy định như sau:

1. Hết hạn hợp đồng lao động, trừ trường hợp quy định tại khoản 4 Điều 177 của Bộ luật này.

2. Đã hoàn thành công việc theo hợp đồng lao động.

3. Hai bên thỏa thuận chấm dứt hợp đồng lao động.

4. Người lao động bị kết án phạt tù nhưng không được hưởng án treo hoặc không thuộc trường hợp được trả tự do theo quy định tại khoản 5 Điều 328 của Bộ luật Tố tụng hình sự, tử hình hoặc bị cấm làm công việc ghi trong hợp đồng lao động theo bản án, quyết định của Tòa án đã có hiệu lực pháp luật.

Căn cứ theo quy định hiện hành, trong trường hợp con của bạn phải chấp hành án phạt tù và có thời gian làm việc thường xuyên từ đủ 12 tháng trở lên thì sẽ được hưởng trợ cấp thôi việc.

Tại Điều 37 Bộ luật Lao động 2019 có quy định về trường hợp người sử dụng lao động không được thực hiện quyền đơn phương chấm dứt hợp đồng lao động như sau:

1. Người lao động ốm đau hoặc bị tai nạn, bệnh nghề nghiệp đang điều trị, điều dưỡng theo chỉ định của cơ sở khám bệnh, chữa bệnh có thẩm quyền, trừ trường hợp quy định tại điểm b khoản 1 Điều 36 của Bộ luật này.

2. Người lao động đang nghỉ hằng năm, nghỉ việc riêng và trường hợp nghỉ khác được người sử dụng lao động đồng ý.

3. Người lao động nữ mang thai; người lao động đang nghỉ thai sản hoặc nuôi con dưới 12 tháng tuổi.

Trân trọng!","tro-cap-thoi-viec","","","","2022-06-07T14:13:00","https://thuvienphapluat.vn/hoi-dap-phap-luat/nguoi-lao-dong-o-tu-co-duoc-nhan-tro-cap-thoi-viec-hay-khong-366297.html","2026-04-24T06:53:24.787143+00:00"
"366170","Chủ tịch Hội Cựu chiến binh hưởng chế độ thương binh thì có được hưởng trợ cấp thôi công tác hội khi thôi việc hay không?","Căn cứ Điều 3 Pháp lệnh ưu đãi người có công với Cách mạng 2020 quy định về đối tượng hưởng chế độ ưu đãi người có công với cách mạng như sau:

1. Người có công với cách mạng bao gồm:

a) Người hoạt động cách mạng trước ngày 01 tháng 01 năm 1945;

b) Người hoạt động cách mạng từ ngày 01 tháng 01 năm 1945 đến ngày khởi nghĩa tháng Tám năm 1945;

c) Liệt sĩ;

d) Bà mẹ Việt Nam anh hùng;

đ) Anh hùng Lực lượng vũ trang nhân dân;

e) Anh hùng Lao động trong thời kỳ kháng chiến;

g)  Thương binh , bao gồm cả thương binh loại B được công nhận trước ngày 31 tháng 12 năm 1993; người hưởng chính sách như thương binh;

h) Bệnh binh;

i) Người hoạt động kháng chiến bị nhiễm chất độc hoá học;

k) Người hoạt động cách mạng, kháng chiến, bảo vệ Tổ quốc, làm nghĩa vụ quốc tế bị địch bắt tù, đày;

l) Người hoạt động kháng chiến giải phóng dân tộc, bảo vệ Tổ quốc, làm nghĩa vụ quốc tế;

m) Người có công giúp đỡ cách mạng.

2. Thân nhân của người có công với cách mạng bao gồm cha đẻ, mẹ đẻ, vợ hoặc chồng, con (con đẻ, con nuôi), người có công nuôi liệt sĩ.

Căn cứ Điểm 5 Khoản 5 Điều 1 Nghị định 157/2016/NĐ-CP quy định về chính sách, chế độ đối với Cựu chiến binh đang làm công tác Hội Cựu chiến binh như sau:

5. Cựu chiến binh đang hưởng lương hưu, trợ cấp bảo hiểm xã hội, trợ cấp ưu đãi người có công với cách mạng đảm nhiệm chức danh Chủ tịch, Phó Chủ tịch Hội Cựu chiến binh cấp xã; cựu chiến binh tham gia công tác tại cơ quan Hội Cựu chiến binh từ cấp huyện trở lên khi thôi làm công tác hội thì được hưởng chế độ, chính sách như sau:

a) Ở cấp xã: Đối với Chủ tịch cứ mỗi năm tham gia công tác hội được hưởng trợ cấp một lần bằng nửa (1/2) tháng lương hiện hưởng (gồm mức lương theo chức danh và phụ cấp chức vụ lãnh đạo); đối với Phó Chủ tịch cứ mỗi năm công tác được hưởng trợ cấp một lần bằng nửa (1/2) tháng phụ cấp hiện hưởng; thời gian công tác để tính trợ cấp được thực hiện theo các quy định hiện hành của Nhà nước.

b) Ở cấp huyện trở lên: Cứ mỗi năm tham gia công tác hội được hưởng trợ cấp một lần bằng nửa (1/2) tháng lương hiện hưởng (gồm mức lương theo chức danh và phụ cấp chức vụ lãnh đạo, nếu có); thời gian công tác để tính trợ cấp được thực hiện theo các quy định hiện hành của Nhà nước.

Theo Khoản 1 Điều 4 Thông tư 03/2020/TT-BLĐTBXH quy định về chế độ trợ cấp khi thôi công tác Hội cựu chiến binh như sau:

1. Đối tượng hưởng trợ cấp thôi công tác Hội:

Cựu Chiến binh đang hưởng lương hưu, trợ cấp bảo hiểm xã hội, trợ cấp ưu đãi người có công với cách mạng hàng tháng, khi thôi làm công tác Hội được hưởng trợ cấp thôi công tác Hội, gồm các đối tượng sau:

a) Cựu chiến binh được bầu cử, bổ nhiệm, tuyển dụng tham gia công tác tại cơ quan Hội Cựu chiến binh từ Trung ương đến cấp huyện;

b) Cựu chiến binh là Chủ tịch Hội Cựu chiến binh cấp xã;

c) Cựu chiến binh là Phó Chủ tịch Hội Cựu chiến binh cấp xã;

Theo đó, ông bạn là người có công với cách mạng được hưởng trợ cấp thương binh nên ông nên được hưởng trợ cấp thôi công tác Hội theo quy định nêu trên.

Theo Khoản 3 Điều 4 Thông tư 03/2020/TT-BLĐTBXH quy định về thẩm quyền ra quyết định thôi công tác Hội như sau:

3. Thẩm quyền ra quyết định thôi công tác Hội:

a) Căn cứ ý kiến (bằng văn bản) của cấp ủy có thẩm quyền (theo phân cấp) về việc bổ nhiệm, tuyển dụng, nghỉ hưu, nghỉ công tác đối với Cựu chiến binh tham gia công tác Hội. Ban Chấp hành Hội Cựu chiến binh (hoặc Thường trực Hội Cựu chiến binh) cấp có thẩm quyền chuẩn y kết quả bầu cử, bổ nhiệm, tuyển dụng cán bộ tham gia công tác Hội thì Chủ tịch Hội Cựu chiến binh cấp đó ra quyết định thôi công tác Hội đối với cán bộ.

b) Tổ chức Hội Cựu chiến binh các cấp có trách nhiệm chi trả trợ cấp thôi công tác Hội cho cán bộ cấp mình quản lý khi Cựu chiến binh có quyết định thôi công tác Hội của cấp có thẩm quyền.

Trân trọng!","tro-cap-thoi-viec","","","","2022-06-04T16:46:00","https://thuvienphapluat.vn/hoi-dap-phap-luat/chu-tich-hoi-cuu-chien-binh-huong-che-do-thuong-binh-thi-co-duoc-huong-tro-cap-thoi-cong-tac-hoi-khi-thoi-viec-khong-366170.html","2026-04-24T06:53:29.802920+00:00"
"359862","Những lý do chính đáng để nhận trợ cấp thôi việc? Đi làm sau khi nghỉ hưu có được trợ cấp thôi việc?","Quy định về trợ cấp thôi việc từ năm 2021 Theo Bộ luật Lao động hiện hành nếu làm đủ 1 năm mà không tham gia BHTN thì được trợ cấp thôi việc. Vậy theo quy định mới tại Bộ luật lao động 2019 thì trợ cấp thôi việc được quy định thế nào?

Theo Bộ luật Lao động hiện hành nếu làm đủ 1 năm mà không tham gia BHTN thì được trợ cấp thôi việc. Vậy theo quy định mới tại Bộ luật lao động 2019 thì trợ cấp thôi việc được quy định thế nào?

Trả lời:  Tại Điều 46 Bộ luật Lao động 2019 quy định:

1. Khi hợp đồng lao động chấm dứt theo quy định tại các khoản 1, 2, 3, 4, 6, 7, 9 và 10 Điều 34 của Bộ luật này thì người sử dụng lao động có trách nhiệm trả trợ cấp thôi việc cho người lao động đã làm việc thường xuyên cho mình từ đủ 12 tháng trở lên, mỗi năm làm việc được trợ cấp một nửa tháng tiền lương, trừ trường hợp đủ điều kiện hưởng lương hưu theo quy định của pháp luật về bảo hiểm xã hội và trường hợp quy định tại điểm e khoản 1 Điều 36 của Bộ luật này.

2. Thời gian làm việc để tính trợ cấp thôi việc là tổng thời gian người lao động đã làm việc thực tế cho người sử dụng lao động trừ đi thời gian người lao động đã tham gia bảo hiểm thất nghiệp theo quy định của pháp luật về bảo hiểm thất nghiệp và thời gian làm việc đã được người sử dụng lao động chi trả trợ cấp thôi việc, trợ cấp mất việc làm.

3. Tiền lương để tính trợ cấp thôi việc là tiền lương bình quân của 06 tháng liền kề theo hợp đồng lao động trước khi người lao động thôi việc.

4. Chính phủ quy định chi tiết Điều này.

Đi làm sau khi nghỉ hưu có được trợ cấp thôi việc? Chuyên viên đơn vị chúng tôi có quyết định hưởng lương hưu từ ngày 01/01/2021 nhưng hiện tại vẫn vừa hưởng lương hưu vừa đi làm tiếp cho đơn vị. Nếu sau này người này nghỉ, đơn vị có phải trả trợ cấp thôi việc không vì họ đã có lương hưu rồi.

Chuyên viên đơn vị chúng tôi có quyết định hưởng lương hưu từ ngày 01/01/2021 nhưng hiện tại vẫn vừa hưởng lương hưu vừa đi làm tiếp cho đơn vị. Nếu sau này người này nghỉ, đơn vị có phải trả trợ cấp thôi việc không vì họ đã có lương hưu rồi.

Trả lời:  Căn cứ quy định tại Điều 34 và Khoản 1  Điều 46 Bộ luật Lao động 2019  thì khi người lao động đã làm việc thường xuyên cho mình từ đủ 12 tháng trở lên chấm dứt hợp đồng lao động theo các trường hợp sau, họ được nhận trợ cấp thôi việc:

- Hết hạn hợp đồng lao động, trừ trường hợp gia hạn hợp đồng lao động đã giao kết đến hết nhiệm kỳ cho người lao động là thành viên ban lãnh đạo của tổ chức đại diện người lao động tại cơ sở đang trong nhiệm kỳ mà hết hạn hợp đồng lao động.

- Đã hoàn thành công việc theo hợp đồng lao động.

- Hai bên thỏa thuận chấm dứt hợp đồng lao động.

- Người lao động bị kết án phạt tù nhưng không được hưởng án treo hoặc không thuộc trường hợp được trả tự do theo quy định tại Khoản 5 Điều 328 của Bộ luật Tố tụng hình sự 2015, tử hình hoặc bị cấm làm công việc ghi trong hợp đồng lao động theo bản án, quyết định của Tòa án đã có hiệu lực pháp luật.

- Người lao động chết; bị Tòa án tuyên bố mất năng lực hành vi dân sự, mất tích hoặc đã chết.

- Người sử dụng lao động là cá nhân chết; bị Tòa án tuyên bố mất năng lực hành vi dân sự, mất tích hoặc đã chết. Người sử dụng lao động không phải là cá nhân chấm dứt hoạt động hoặc bị cơ quan chuyên môn về đăng ký kinh doanh thuộc Ủy ban nhân dân cấp tỉnh ra thông báo không có người đại diện theo pháp luật, người được ủy quyền thực hiện quyền và nghĩa vụ của người đại diện theo pháp luật.

- Người lao động đơn phương chấm dứt hợp đồng lao động.

- Người sử dụng lao động đơn phương chấm dứt hợp đồng lao động.

Khoản 2 Điều 46 Bộ luật này đồng thời xác định:

Thời gian làm việc để tính trợ cấp thôi việc là tổng thời gian người lao động đã làm việc thực tế cho người sử dụng lao động trừ đi thời gian người lao động đã tham gia bảo hiểm thất nghiệp theo quy định của pháp luật về bảo hiểm thất nghiệp và thời gian làm việc đã được người sử dụng lao động chi trả trợ cấp thôi việc, trợ cấp mất việc làm.

Tuy nhiên, theo quy định tại Khoản 2 Điều 43 Luật Việc làm 2013 thì người lao động làm việc theo hợp đồng lao động nhưng đang hưởng lương hưu thì không phải tham gia bảo hiểm thất nghiệp.

Kết hợp các quy định trên, ta thấy người lao động đang hưởng lương hưu mà làm việc cho đơn vị chị thì không thuộc đối tượng tham gia bảo hiểm thất nghiệp.

Do đó, khi họ chấm dứt hợp đồng lao động thuộc một trong những trường hợp trên thì đơn vị mình phải chi trả trợ cấp thôi việc cho họ, mỗi năm làm việc trả trợ cấp một nửa tháng tiền lương. Thời gian để tính năm làm việc được xác định từ thời điểm tiếp tục làm việc cho đơn vị chị sau khi nghỉ hưu.

Quy định về lý do chính đáng để nhận trợ cấp thôi việc theo quy định mới Theo BLLĐ 2019 thì NLĐ tự ý bỏ việc mà không có lý do chính đáng từ 05 ngày làm việc liên tục trở lên thì sẽ không được chi trả trợ cấp thôi việc. Không rõ đã có hướng dẫn như thế nào thì được coi là lý do chính đáng để nhận trợ cấp này?

Theo BLLĐ 2019 thì NLĐ tự ý bỏ việc mà không có lý do chính đáng từ 05 ngày làm việc liên tục trở lên thì sẽ không được chi trả trợ cấp thôi việc. Không rõ đã có hướng dẫn như thế nào thì được coi là lý do chính đáng để nhận trợ cấp này?

Trả lời:  Tại Khoản 4  Điều 125 Bộ luật Lao động 2019  thì:

Trường hợp được coi là có lý do chính đáng bao gồm thiên tai, hỏa hoạn, bản thân, thân nhân bị ốm có xác nhận của cơ sở khám bệnh, chữa bệnh có thẩm quyền và trường hợp khác được quy định trong nội quy lao động.

Trân trọng.","tro-cap-thoi-viec","","","","2022-03-01T09:22:00","https://thuvienphapluat.vn/hoi-dap-phap-luat/quy-dinh-ve-tro-cap-thoi-viec-nhung-ly-do-chinh-dang-de-nhan-tro-cap-thoi-viec-359862.html","2026-04-24T06:53:34.861586+00:00"
"359937","Người lao động không muốn quay trở lại làm việc thì có cần trả trợ cấp thôi việc không? NLĐ chết có được nhận trợ cấp thôi việc?","Người lao động không muốn quay trở lại làm việc thì có cần trả trợ cấp thôi việc không? Em muốn hỏi, tuần trước bên em có đơn phương chấm dứt hợp đồng lao động không đúng với quy định pháp luật. Bên em cũng liên hệ nhân viên đi làm lại nhưng bạn ấy không đi. Bây giờ chỗ em có cần phải trả trợ cấp thôi việc không?

Em muốn hỏi, tuần trước bên em có đơn phương chấm dứt hợp đồng lao động không đúng với quy định pháp luật. Bên em cũng liên hệ nhân viên đi làm lại nhưng bạn ấy không đi. Bây giờ chỗ em có cần phải trả trợ cấp thôi việc không?

Căn cứ Khoản 1, Khoản 2  Điều 41 Bộ luật lao động 2019  quy định về nghĩa vụ của người sử dụng lao động khi đơn phương chấm dứt hợp đồng lao động trái pháp luật như sau:

1. Phải nhận người lao động trở lại làm việc theo hợp đồng lao động đã giao kết; phải trả tiền lương, đóng bảo hiểm xã hội, bảo hiểm y tế, bảo hiểm thất nghiệp trong những ngày người lao động không được làm việc và phải trả thêm cho người lao động một khoản tiền ít nhất bằng 02 tháng tiền lương theo hợp đồng lao động.

Sau khi được nhận lại làm việc, người lao động hoàn trả cho người sử dụng lao động các khoản tiền trợ cấp thôi việc, trợ cấp mất việc làm nếu đã nhận của người sử dụng lao động.

Trường hợp không còn vị trí, công việc đã giao kết trong hợp đồng lao động mà người lao động vẫn muốn làm việc thì hai bên thỏa thuận để sửa đổi, bổ sung hợp đồng lao động.

Trường hợp vi phạm quy định về thời hạn báo trước quy định tại khoản 2 Điều 36 của Bộ luật này thì phải trả một khoản tiền tương ứng với tiền lương theo hợp đồng lao động trong những ngày không báo trước.

2. Trường hợp người lao động không muốn tiếp tục làm việc thì ngoài khoản tiền phải trả quy định tại khoản 1 Điều này người sử dụng lao động phải trả trợ cấp thôi việc theo quy định tại Điều 46 của Bộ luật này để chấm dứt hợp đồng lao động.

Như vậy, đối với trường hợp mà bạn đề cập mặc dù nhân viên của bạn không muốn làm việc khi công ty bạn đơn phương chấm dứt hợp đồng thì bạn vẫn phải trả khoản trợ cấp thôi việc bạn nhé (nếu đủ điều kiện). Bạn căn cứ quy định để thực hiện đúng.

Thời gian thử việc có được tính hưởng trợ cấp thôi việc không? NLĐ có 2 tháng thử việc mà đã làm việc cho công ty đủ 12 tháng trở lên, khi nghỉ việc có được hưởng trợ cấp thôi việc cho 2 tháng thử việc đó không? Phía công ty đóng đầy đủ BHXH, BHTN ạ. Nếu có thì cách tính thế nào? Nhờ luật sư giải đáp giúp. Xin cảm ơn.

NLĐ có 2 tháng thử việc mà đã làm việc cho công ty đủ 12 tháng trở lên, khi nghỉ việc có được hưởng trợ cấp thôi việc cho 2 tháng thử việc đó không? Phía công ty đóng đầy đủ BHXH, BHTN ạ. Nếu có thì cách tính thế nào? Nhờ luật sư giải đáp giúp. Xin cảm ơn.

Theo Điều 46 Bộ luật lao động 2019 quy định về trợ cấp thôi việc như sau:

Người lao động sẽ được nhận trợ cấp thôi việc nếu đáp ứng đủ các điều kiện sau:

1. Chấm dứt hợp đồng lao động thuộc một trong các trường hợp

+ Hết hạn hợp đồng lao động;

+ Đã hoàn thành công việc theo hợp đồng lao động;

+ Hai bên thỏa thuận chấm dứt hợp đồng lao động;

+ Người lao động đơn phương chấm dứt hợp đồng lao động hợp pháp;

....

2. Làm việc thường xuyên đủ 12 tháng trở lên cho người sử dụng lao động;

3. Không thuộc trường hợp đủ điều kiện nhận lương hưu;

4. Không thuộc trường hợp bị sa thải.

Theo Điểm a Khoản 3 Điều 8 Nghị định 145/2020/NĐ-CP thì tổng thời gian người lao động đã làm việc thực tế cho người sử dụng lao động bao gồm: thời gian thử việc.

**Về cách tính: Cứ mỗi năm làm việc được trợ cấp một nửa tháng tiền lương

(1) Thời gian làm việc để tính trợ cấp thôi việc = Tổng thời gian NLĐ đã làm việc - Thời gian NLĐ đã tham gia BHTN

Tiền trợ cấp thôi việc = 1/2 x Tiền lương để tính trợ cấp thôi việc x (1) Thời gian làm việc để tính trợ cấp thôi việc

Lưu ý: Thời gian làm việc để tính trợ cấp thôi việc, trợ cấp mất việc làm của người lao động được tính theo năm (đủ 12 tháng);

- Trường hợp có tháng lẻ ít hơn hoặc bằng 06 tháng được tính bằng 1/2 năm;

- Trên 06 tháng được tính bằng 01 năm làm việc.

Do đó, khi nghỉ việc thì thời gian thử việc 02 tháng cũng sẽ được tính để hưởng TCTV trừ đi thời gian đã tham gia BHTN.

NLĐ chết do Covid-19 thì có phải trả trợ cấp thôi việc? Bên mình có nhân sự đã làm cho công ty hơn 15 năm nay. Một một khoảng thời gian họ không đóng bảo hiểm thất nghiệp. Mới rồi do dịch bệnh covid, nhân sự này mắc bệnh và đã mất. Trường hợp này công ty có phải trả trợ cấp thôi việc cho khoảng thời gian nhân sự này không được đóng BHTN không?

Bên mình có nhân sự đã làm cho công ty hơn 15 năm nay. Một một khoảng thời gian họ không đóng bảo hiểm thất nghiệp. Mới rồi do dịch bệnh covid, nhân sự này mắc bệnh và đã mất. Trường hợp này công ty có phải trả trợ cấp thôi việc cho khoảng thời gian nhân sự này không được đóng BHTN không?

Tại Điều 46 Bộ luật Lao động 2019 có quy định về trợ cấp thôi việc như sau:

1. Khi hợp đồng lao động chấm dứt theo quy định tại các khoản 1, 2, 3, 4, 6, 7, 9 và 10 Điều 34 của Bộ luật này thì người sử dụng lao động có trách nhiệm trả trợ cấp thôi việc cho người lao động đã làm việc thường xuyên cho mình từ đủ 12 tháng trở lên, mỗi năm làm việc được trợ cấp một nửa tháng tiền lương, trừ trường hợp đủ điều kiện hưởng lương hưu theo quy định của pháp luật về bảo hiểm xã hội và trường hợp quy định tại điểm e khoản 1 Điều 36 của Bộ luật này.

2. Thời gian làm việc để tính trợ cấp thôi việc là tổng thời gian người lao động đã làm việc thực tế cho người sử dụng lao động trừ đi thời gian người lao động đã tham gia bảo hiểm thất nghiệp theo quy định của pháp luật về bảo hiểm thất nghiệp và thời gian làm việc đã được người sử dụng lao động chi trả trợ cấp thôi việc, trợ cấp mất việc làm.

...

Người lao động chết là một trong các trường hợp hợp đồng lao động chấm dứt (Khoản 7 Điều 34 Bộ luật này).

Cho nên, NLĐ chết do Covid-19 nếu đủ điều kiện hưởng trợ cấp thôi việc theo quy định trên thì phía công ty của bạn có trách nhiệm trả trợ cấp thôi việc cho thân nhân người lao động này theo đúng quy định.

Trân trọng!","tro-cap-thoi-viec","","","","2022-02-17T11:43:00","https://thuvienphapluat.vn/hoi-dap-phap-luat/thoi-gian-thu-viec-co-duoc-tinh-huong-tro-cap-thoi-viec-khong-nld-chet-co-duoc-nhan-tro-cap-thoi-viec-359937.html","2026-04-24T06:53:40.002506+00:00"
"350685","Thời gian thử việc thì có được tính hưởng trợ cấp thôi việc không?","Theo Điều 46  Bộ luật lao động 2019  quy định về trợ cấp thôi việc như sau:

Điều 46. Trợ cấp thôi việc

1. Khi hợp đồng lao động chấm dứt theo quy định tại các khoản 1, 2, 3, 4, 6, 7, 9 và 10 Điều 34 của Bộ luật này thì người sử dụng lao động có trách nhiệm trả trợ cấp thôi việc cho người lao động đã làm việc thường xuyên cho mình từ đủ 12 tháng trở lên, mỗi năm làm việc được trợ cấp một nửa tháng tiền lương, trừ trường hợp đủ điều kiện hưởng lương hưu theo quy định của pháp luật về bảo hiểm xã hội và trường hợp quy định tại điểm e khoản 1 Điều 36 của Bộ luật này.

2. Thời gian làm việc để tính trợ cấp thôi việc là tổng thời gian người lao động đã làm việc thực tế cho người sử dụng lao động trừ đi thời gian người lao động đã tham gia bảo hiểm thất nghiệp theo quy định của pháp luật về bảo hiểm thất nghiệp và thời gian làm việc đã được người sử dụng lao động chi trả trợ cấp thôi việc, trợ cấp mất việc làm.

3. Tiền lương để tính trợ cấp thôi việc là tiền lương bình quân của 06 tháng liền kề theo hợp đồng lao động trước khi người lao động thôi việc.

4. Chính phủ quy định chi tiết Điều này.

Theo Điểm a Khoản 3 Điều 8  Nghị định 145/2020/NĐ-CP  thì tổng thời gian người lao động đã làm việc thực tế cho người sử dụng lao động bao gồm: thời gian thử việc.

**Về cách tính: Cứ mỗi năm làm việc được trợ cấp một nửa tháng tiền lương

(1) Thời gian làm việc để tính trợ cấp thôi việc = Tổng thời gian NLĐ đã làm việc - Thời gian NLĐ đã tham gia BHTN

Tiền trợ cấp thôi việc = 1/2 x Tiền lương để tính trợ cấp thôi việc x (1) Thời gian làm việc để tính trợ cấp thôi việc

Lưu ý : Thời gian làm việc để tính trợ cấp thôi việc, trợ cấp mất việc làm của người lao động được tính theo năm (đủ 12 tháng);

- Trường hợp có tháng lẻ ít hơn hoặc bằng 06 tháng được tính bằng 1/2 năm;

- Trên 06 tháng được tính bằng 01 năm làm việc.

Do đó, khi nghỉ việc thì thời gian thử việc 02 tháng cũng sẽ được tính để hưởng TCTV trừ đi thời gian đã tham gia BHTN.

Từ đó, có thể tính như sau:

Thời gian tính hưởng trợ cấp thôi việc = 02 tháng thử việc (tính 1/2 năm).

Mức trợ cấp thôi việc = 1/2 x Tiền lương để tính trợ cấp thôi việc x 1/2 năm .

*Trong một số trường hợp người lao động thử việc được đóng BHTN thì không được tính trợ cấp thôi việc.

Thời gian thử việc thì có được tính hưởng trợ cấp thôi việc không? (Hình từ Internet)","tro-cap-thoi-viec","","","","2021-12-20T09:19:00","https://thuvienphapluat.vn/hoi-dap-phap-luat/thoi-gian-thu-viec-co-duoc-tinh-huong-tro-cap-thoi-viec-khong-350685.html","2026-04-24T06:53:45.269175+00:00"
"350857","Có giấy quyết định thôi việc thì có được hỗ trợ theo Nghị quyết 116 hay không?","Theo Mục II Nghị quyết 116/NQ-CP năm 2021 có quy định về hỗ trợ bằng tiền cho người lao động bị ảnh hưởng bởi đại dịch COVID-19 từ kết dư Quỹ bảo hiểm thất nghiệp, trong đó đối tượng áp dụng bao gồm:

- Người lao động đang tham gia bảo hiểm thất nghiệp tại thời điểm ngày 30 tháng 9 năm 2021 (không bao gồm người lao động đang làm việc tại cơ quan nhà nước, tổ chức chính trị, tổ chức chính trị - xã hội, đơn vị vũ trang nhân dân và đơn vị sự nghiệp công lập do ngân sách nhà nước bảo đảm chi thường xuyên).

- Người lao động đã dừng tham gia bảo hiểm thất nghiệp do chấm dứt hợp đồng lao động hoặc hợp đồng làm việc trong khoảng thời gian từ ngày 01 tháng 01 năm 2020 đến hết ngày 30 tháng 9 năm 2021 có thời gian đóng bảo hiểm thất nghiệp được bảo lưu theo quy định của pháp luật về việc làm, không bao gồm người hưởng lương hưu hàng tháng.

Căn cứ quy định trên thì trường hợp NLĐ đã dừng tham gia BHTN do chấm dứt HĐLĐ trong khoảng thời gian từ 01/01/2020 đến hết ngày 30/9/2021; có thời gian đóng BHTN được bảo lưu thì được hưởng hỗ trợ.

Do đó, vì anh nghỉ việc vào 3/2021 (năm trong khoảng thời gian nêu trên) nếu anh có thời gian đóng BHTN được bảo lưu (nghĩa là thời gian đóng BHTN chưa hưởng TCTN) thì anh có thể làm hồ sơ để nhận tiền hỗ trợ. Do đó, anh có thể kiểm tra trên app VSSID về số tháng bảo lưu này.

Mời anh tham khảo một số bài viết sau:

-  Thời hạn bắt đầu nhận hồ sơ hưởng hỗ trợ của Quỹ BHTN là khi nào?

-  Đang làm hồ sơ nhận TCTN thì có được hưởng hỗ trợ theo Nghị quyết 116 không?

-  Bảo hiểm thất nghiệp 2021: Điều kiện, cách tính, thủ tục chi tiết

Trân trọng!","tro-cap-thoi-viec","","","","2021-10-23T14:21:00","https://thuvienphapluat.vn/hoi-dap-phap-luat/co-giay-quyet-dinh-thoi-viec-thi-co-duoc-ho-tro-theo-nghi-quyet-116-khong-350857.html","2026-04-24T06:53:54.244645+00:00"
"349250","Người lao động không muốn quay trở lại làm việc thì có cần trả trợ cấp thôi việc hay không?","Căn cứ Khoản 1, Khoản 2 Điều 41 Bộ luật lao động 2019 quy định về nghĩa vụ của người sử dụng lao động khi đơn phương chấm dứt hợp đồng lao động trái pháp luật như sau:

1. Phải nhận người lao động trở lại làm việc theo hợp đồng lao động đã giao kết; phải trả tiền lương, đóng bảo hiểm xã hội, bảo hiểm y tế, bảo hiểm thất nghiệp trong những ngày người lao động không được làm việc và phải trả thêm cho người lao động một khoản tiền ít nhất bằng 02 tháng tiền lương theo hợp đồng lao động.

Sau khi được nhận lại làm việc, người lao động hoàn trả cho người sử dụng lao động các khoản tiền trợ cấp thôi việc, trợ cấp mất việc làm nếu đã nhận của người sử dụng lao động.

Trường hợp không còn vị trí, công việc đã giao kết trong hợp đồng lao động mà người lao động vẫn muốn làm việc thì hai bên thỏa thuận để sửa đổi, bổ sung hợp đồng lao động.

Trường hợp vi phạm quy định về thời hạn báo trước quy định tại khoản 2 Điều 36 của Bộ luật này thì phải trả một khoản tiền tương ứng với tiền lương theo hợp đồng lao động trong những ngày không báo trước.

2. Trường hợp người lao động không muốn tiếp tục làm việc thì ngoài khoản tiền phải trả quy định tại khoản 1 Điều này  người sử dụng lao động phải trả trợ cấp thôi việc  theo quy định tại Điều 46 của Bộ luật này để chấm dứt hợp đồng lao động.

Như vậy, đối với trường hợp mà bạn đề cập mặc dù nhân viên của bạn không muốn làm việc khi công ty bạn đơn phương chấm dứt hợp đồng thì bạn vẫn phải trả khoản trợ cấp thôi việc bạn nhé (nếu đủ điều kiện). Bạn căn cứ quy định để thực hiện đúng.

Trân trọng!","tro-cap-thoi-viec","","","","2021-10-08T10:27:00","https://thuvienphapluat.vn/hoi-dap-phap-luat/nguoi-lao-dong-khong-muon-quay-tro-lai-lam-viec-thi-co-can-tra-tro-cap-thoi-viec-khong-349250.html","2026-04-24T06:53:58.490044+00:00"
"349427","Có phải trả tiền tàu xe đi đường cho người giúp việc gia đình thôi việc về quê hay không?","Căn cứ Điểm b Khoản 1 Điều 29 Nghị định 28/2020/NĐ-CP quy định như sau:

Phạt cảnh cáo đối với người sử dụng lao động có một trong các hành vi sau đây:

Không trả tiền tàu xe đi đường khi người giúp việc gia đình thôi việc về nơi cư trú, trừ trường hợp người giúp việc gia đình chấm dứt hợp đồng lao động trước thời hạn.

Như vậy, về nguyên tắc bạn phải trả tiền đi đường cho người giúp việc trong trường hợp thôi việc, trừ trường hợp người giúp việc gia đình chấm dứt hợp đồng lao động trước thời hạn. Bên cạnh đó, hình phạt bổ sung áp dụng là buộc trả đủ tiền tàu xe đi đường cho người giúp việc gia đình đối với hành vi vi phạm nêu trên.

Trân trọng!","tro-cap-thoi-viec","","","","2021-09-24T09:47:00","https://thuvienphapluat.vn/hoi-dap-phap-luat/co-phai-tra-tien-tau-xe-di-duong-cho-nguoi-giup-viec-gia-dinh-thoi-viec-ve-que-khong-349427.html","2026-04-24T06:54:02.607848+00:00"
"344339","Làm việc 3 năm sau đó xin nghỉ việc thì có nhận được trợ cấp thôi việc?","Theo Điều 46 Bộ luật lao động 2019 quy định về trợ cấp thôi việc như sau:

1. Người lao động sẽ được nhận trợ cấp thôi việc nếu đáp ứng đủ các điều kiện sau:

- Chấm dứt hợp đồng lao động thuộc một trong các trường hợp

+ Hết hạn hợp đồng lao động;

+ Đã hoàn thành công việc theo hợp đồng lao động;

+ Hai bên thỏa thuận chấm dứt hợp đồng lao động;

+ Người lao động đơn phương chấm dứt hợp đồng lao động hợp pháp;

+ Người sử dụng lao động đơn phương chấm dứt hợp đồng lao động hợp pháp;

....

2. Làm việc thường xuyên đủ 12 tháng trở lên cho người sử dụng lao động;

3. Không thuộc trường hợp đủ điều kiện nhận lương hưu;

4. Không thuộc trường hợp bị sa thải.

**Về cách tính:  Cứ mỗi năm làm việc được trợ cấp một nửa tháng tiền lương

(1) Thời gian làm việc để tính trợ cấp thôi việc = Tổng thời gian NLĐ đã làm việc - Thời gian NLĐ đã tham gia BHTN

Tiền trợ cấp thôi việc  = 1/2 x Tiền lương để tính trợ cấp thôi việc x (1) Thời gian làm việc để tính trợ cấp thôi việc

Từ thông tin chị cung cấp , xét thấy NLĐ từ 03/03/2018 đã tham gia BHXH, BHYT, BHTN. Do đó, công ty không phải trả trợ cấp thôi việc cho NLĐ này.

Hiểu một cách đơn giản, trợ cấp thôi việc sẽ bù đắp một phần cho khoảng thời gian mà NLĐ chưa được đóng BHTN (12 tháng chưa đóng thì sẽ được trả 1 nửa tháng tiền lương). Tuy nhiên, công ty đã thực hiện đúng nghĩa vụ của mình, sau khi ký kết hợp đồng chính thức đã tham gia đóng BHXH, BHTN, BHYT cho NLĐ. Cho nên, 30/6/2021 NLĐ nghỉ việc thì bên mình không phải trả khoản trợ cấp này mà chỉ thực hiện trách nhiệm theo Điều 48 BLLĐ 2019. Trân trọng!","tro-cap-thoi-viec","","","","2021-07-06T13:46:00","https://thuvienphapluat.vn/hoi-dap-phap-luat/lam-viec-3-nam-sau-do-xin-nghi-thi-co-nhan-duoc-tro-cap-thoi-viec-344339.html","2026-04-24T06:54:07.231533+00:00"
"344302","Trường hợp nào thì được nhận trợ cấp thôi việc?","Theo Điều 46 Bộ luật lao động 2019 quy định về trợ cấp thôi việc như sau:

Người lao động sẽ được nhận trợ cấp thôi việc nếu đáp ứng đủ các điều kiện sau:

1. Chấm dứt hợp đồng lao động thuộc một trong các trường hợp:

+ Hết hạn hợp đồng lao động;

+ Đã hoàn thành công việc theo hợp đồng lao động;

+ Hai bên thỏa thuận chấm dứt hợp đồng lao động;

+ Người lao động chết; bị Tòa án tuyên bố mất năng lực hành vi dân sự, mất tích hoặc đã chết.

+ Người sử dụng lao động là cá nhân chết; bị Tòa án tuyên bố mất năng lực hành vi dân sự, mất tích hoặc đã chết. Người sử dụng lao động không phải là cá nhân chấm dứt hoạt động hoặc bị cơ quan chuyên môn về đăng ký kinh doanh thuộc Ủy ban nhân dân cấp tỉnh ra thông báo không có người đại diện theo pháp luật, người được ủy quyền thực hiện quyền và nghĩa vụ của người đại diện theo pháp luật.

+ Người lao động đơn phương chấm dứt hợp đồng lao động hợp pháp;

+ Người sử dụng lao động đơn phương chấm dứt hợp đồng lao động hợp pháp;

2. Làm việc thường xuyên đủ 12 tháng trở lên cho người sử dụng lao động;

3. Không thuộc trường hợp đủ điều kiện nhận lương hưu;

4. Không thuộc trường hợp bị sa thải. Như vậy, nếu đáp ứng đủ các điều kiện nêu trên thì sẽ được nhận trợ cấp thôi việc. Theo đó, sẽ được tính như sau:

Thời gian làm việc để tính trợ cấp thôi việc là tổng thời gian người lao động đã làm việc thực tế cho người sử dụng lao động trừ đi thời gian người lao động đã tham gia bảo hiểm thất nghiệp theo quy định của pháp luật về bảo hiểm thất nghiệp và thời gian làm việc đã được người sử dụng lao động chi trả trợ cấp thôi việc, trợ cấp mất việc làm.

(A) Thời gian làm việc để được tính trợ cấp thôi việc = (1) Tổng thời gian người lao động làm việc trên thực tế - (2) Thời gian đã tham gia BHTN

Tiền trợ cấp thôi việc  =  (A) Thời gian làm việc được tính trợ cấp thôi việc * Tiền lương bình quân của 06 tháng liền kề theo hợp đồng lao động trước khi thôi việc * 1/2. Trân trọng!","tro-cap-thoi-viec","","","","2021-07-02T11:00:00","https://thuvienphapluat.vn/hoi-dap-phap-luat/truong-hop-nao-duoc-nhan-tro-cap-thoi-viec-344302.html","2026-04-24T06:54:11.925988+00:00"
"334532","Công ty phá sản có trả trợ cấp thôi việc cho NLĐ?","Khi công ty phá sản thì hai bên sẽ chấm dứt hợp đồng lao động (Khoản 7 Điều 34 Bộ luật Lao động 2019).

Và theo Điều 48 Bộ luật Lao động 2019 thì:

Tiền lương, bảo hiểm xã hội, bảo hiểm y tế, bảo hiểm thất nghiệp, trợ cấp thôi việc và các quyền lợi khác của người lao động theo thỏa ước lao động tập thể, hợp đồng lao động được ưu tiên thanh toán trong trường hợp doanh nghiệp, hợp tác xã bị chấm dứt hoạt động, bị giải thể, phá sản...

Ngoài ra theo Điều 46 Luật này thì:

1. Khi hợp đồng lao động chấm dứt theo quy định tại các khoản 1, 2, 3, 4, 6, 7, 9 và 10 Điều 34 của Bộ luật này thì người sử dụng lao động có trách nhiệm trả trợ cấp thôi việc cho người lao động đã làm việc thường xuyên cho mình từ đủ 12 tháng trở lên, mỗi năm làm việc được trợ cấp một nửa tháng tiền lương, trừ trường hợp đủ điều kiện hưởng lương hưu theo quy định của pháp luật về bảo hiểm xã hội và trường hợp quy định tại điểm e khoản 1 Điều 36 của Bộ luật này.

2. Thời gian làm việc để tính trợ cấp thôi việc là tổng thời gian người lao động đã làm việc thực tế cho người sử dụng lao động trừ đi thời gian người lao động đã tham gia bảo hiểm thất nghiệp theo quy định của pháp luật về bảo hiểm thất nghiệp và thời gian làm việc đã được người sử dụng lao động chi trả trợ cấp thôi việc, trợ cấp mất việc làm.

3. Tiền lương để tính trợ cấp thôi việc là tiền lương bình quân của 06 tháng liền kề theo hợp đồng lao động trước khi người lao động thôi việc.

4. Chính phủ quy định chi tiết Điều này.

Như vậy, theo quy định này thì khi phá sản công ty có trách nhiệm trả trợ cấp thôi việc cho người lao động đã làm việc thường xuyên cho mình từ đủ 12 tháng trở lên, mỗi năm làm việc được trợ cấp một nửa tháng tiền lương.

Cũng lưu ý thêm: Thứ tự phân chia tài sản sẽ thực hiện theo Điều 54 Luật Phá sản 2014. Nếu giá trị tài sản không đủ để thanh toán theo quy định tại Khoản 1 Điều này thì từng đối tượng cùng một thứ tự ưu tiên được thanh toán theo tỷ lệ phần trăm tương ứng với số nợ.

Trân trọng!","tro-cap-thoi-viec","","","","2021-01-11T10:55:00","https://thuvienphapluat.vn/hoi-dap-phap-luat/cong-ty-pha-san-co-tra-tro-cap-thoi-viec-cho-nld-khong-334532.html","2026-04-24T06:54:16.542738+00:00"
"334295","Những trường hợp không được chi trả trợ cấp thôi việc từ tháng 2/2021","Khoản 1 Điều 8 Nghị định 145/2020/NĐ-CP (Có hiệu lực từ 01/02/2021) quy định về việc trả trợ cấp thôi việc như sau:

Người sử dụng lao động có trách nhiệm chi trả trợ cấp thôi việc theo quy định tại Điều 46 của Bộ luật Lao động đối với người lao động đã làm việc thường xuyên cho mình từ đủ 12 tháng trở lên khi hợp đồng lao động chấm dứt theo quy định tại các khoản 1, 2, 3, 4, 6, 7, 9 và 10 Điều 34 của Bộ luật Lao động,  trừ các trường hợp sau:

- Người lao động đủ điều kiện hưởng lương hưu theo quy định tại Điều 169 của Bộ luật Lao động và pháp luật về bảo hiểm xã hội;

- Người lao động tự ý bỏ việc mà không có lý do chính đáng từ 05 ngày làm việc liên tục trở lên quy định tại điểm e khoản 1 Điều 36 của Bộ luật Lao động. Trường hợp được coi là có lý do chính đáng theo quy định tại khoản 4 Điều 125 của Bộ luật Lao động.

Trên đây là 02 trường hợp không được chi trả trợ cấp thôi việc từ 01/02/2021.

Trân trọng!","tro-cap-thoi-viec","","","","2021-01-09T16:08:00","https://thuvienphapluat.vn/hoi-dap-phap-luat/truong-hop-khong-duoc-nhan-tro-cap-thoi-viec-tu-thang-2-2021-334295.html","2026-04-24T06:54:21.057713+00:00"
"334296","Quy định về lý do chính đáng để nhận trợ cấp thôi việc từ tháng 2/2021","Điểm b Khoản 1 Điều 8 Nghị định 145/2020/NĐ-CP (Có hiệu lực từ 01/02/2021) quy định về việc trả trợ cấp thôi việc như sau:

""1. Người sử dụng lao động có trách nhiệm chi trả trợ cấp thôi việc theo quy định tại Điều 46 của Bộ luật Lao động đối với người lao động đã làm việc thường xuyên cho mình từ đủ 12 tháng trở lên khi hợp đồng lao động chấm dứt theo quy định tại các khoản 1, 2, 3, 4, 6, 7, 9 và 10 Điều 34 của Bộ luật Lao động, trừ các trường hợp sau:

b) Người lao động tự ý bỏ việc mà không có lý do chính đáng từ 05 ngày làm việc liên tục trở lên quy định tại điểm e khoản 1 Điều 36 của Bộ luật Lao động.  Trường hợp được coi là có lý do chính đáng theo quy định tại khoản 4 Điều 125 của Bộ luật Lao động "".

Dẫn chiếu đến Khoản 4 Điều 125 Bộ luật Lao động 2019 thì:

Trường hợp được coi là có lý do chính đáng bao gồm thiên tai, hỏa hoạn, bản thân, thân nhân bị ốm có xác nhận của cơ sở khám bệnh, chữa bệnh có thẩm quyền và trường hợp khác được quy định trong nội quy lao động.

Trân trọng!","tro-cap-thoi-viec","","","","2021-01-09T16:08:00","https://thuvienphapluat.vn/hoi-dap-phap-luat/quy-dinh-ve-ly-do-chinh-dang-de-nhan-tro-cap-thoi-viec-theo-quy-dinh-moi-334296.html","2026-04-24T06:54:26.070082+00:00"
"334873","Có được trợ cấp thôi việc nếu đi làm sau khi nghỉ hưu?","Căn cứ quy định tại Điều 34 và Khoản 1 Điều 46 Bộ luật Lao động 2019 thì khi người lao động đã làm việc thường xuyên cho mình từ đủ 12 tháng trở lên chấm dứt hợp đồng lao động theo các trường hợp sau, họ được nhận trợ cấp thôi việc:

-  Hết hạn hợp đồng lao động, trừ trường hợp gia hạn hợp đồng lao động đã giao kết đến hết nhiệm kỳ cho người lao động là thành viên ban lãnh đạo của tổ chức đại diện người lao động tại cơ sở đang trong nhiệm kỳ mà hết hạn hợp đồng lao động.

- Đã hoàn thành công việc theo hợp đồng lao động.

- Hai bên thỏa thuận chấm dứt hợp đồng lao động.

- Người lao động bị kết án phạt tù nhưng không được hưởng án treo hoặc không thuộc trường hợp được trả tự do theo quy định tại Khoản 5 Điều 328 của Bộ luật Tố tụng hình sự 2015, tử hình hoặc bị cấm làm công việc ghi trong hợp đồng lao động theo bản án, quyết định của Tòa án đã có hiệu lực pháp luật.

- Người lao động chết; bị Tòa án tuyên bố mất năng lực hành vi dân sự, mất tích hoặc đã chết.

- Người sử dụng lao động là cá nhân chết; bị Tòa án tuyên bố mất năng lực hành vi dân sự, mất tích hoặc đã chết. Người sử dụng lao động không phải là cá nhân chấm dứt hoạt động hoặc bị cơ quan chuyên môn về đăng ký kinh doanh thuộc Ủy ban nhân dân cấp tỉnh ra thông báo không có người đại diện theo pháp luật, người được ủy quyền thực hiện quyền và nghĩa vụ của người đại diện theo pháp luật.

- Người lao động đơn phương chấm dứt hợp đồng lao động.

- Người sử dụng lao động đơn phương chấm dứt hợp đồng lao động.

Khoản 2 Điều 46 Bộ luật này đồng thời xác định:

Thời gian làm việc để tính trợ cấp thôi việc là tổng thời gian người lao động đã làm việc thực tế cho người sử dụng lao động trừ đi thời gian người lao động đã tham gia bảo hiểm thất nghiệp theo quy định của pháp luật về bảo hiểm thất nghiệp và thời gian làm việc đã được người sử dụng lao động chi trả trợ cấp thôi việc, trợ cấp mất việc làm.

Tuy nhiên, theo quy định tại Khoản 2 Điều 43 Luật Việc làm 2013 thì người lao động làm việc theo hợp đồng lao động nhưng đang hưởng lương hưu thì không phải tham gia bảo hiểm thất nghiệp.

Kết hợp các quy định trên, ta thấy người lao động đang hưởng lương hưu mà làm việc cho đơn vị chị thì không thuộc đối tượng tham gia bảo hiểm thất nghiệp.

Do đó, khi họ chấm dứt hợp đồng lao động thuộc một trong những trường hợp trên thì đơn vị mình phải chi trả trợ cấp thôi việc cho họ, mỗi năm làm việc trả trợ cấp một nửa tháng tiền lương. Thời gian để tính năm làm việc được xác định từ thời điểm tiếp tục làm việc cho đơn vị chị sau khi nghỉ hưu.

Trân trọng!","tro-cap-thoi-viec","","","","2021-01-09T14:50:00","https://thuvienphapluat.vn/hoi-dap-phap-luat/di-lam-sau-khi-nghi-huu-co-duoc-tro-cap-thoi-viec-334873.html","2026-04-24T06:54:33.085786+00:00"
"330953","Viên chức có được nhận trợ cấp thôi việc nếu nghỉ việc không thông báo?","Điều 45 Luật Viên chức 2010  quy định:

- Khi chấm dứt hợp đồng làm việc, viên chức được hưởng trợ cấp thôi việc, trợ cấp mất việc làm hoặc chế độ bảo hiểm thất nghiệp theo quy định của pháp luật về lao động và pháp luật về bảo hiểm xã hội, trừ trường hợp quy định tại khoản 2 Điều này.

- Viên chức không được hưởng trợ cấp thôi việc nếu thuộc một trong các trường hợp sau:

+ Bị buộc thôi việc;

+ Đơn phương chấm dứt hợp đồng làm việc mà vi phạm quy định tại các khoản 4, 5 và 6 Điều 29 của Luật này;

+ Chấm dứt hợp đồng làm việc theo quy định tại khoản 5 Điều 28 của Luật này.

Và theo Điều 38 Nghị định 115/2020/NĐ-CP thì thủ tục giải quyết thôi việc:

- Trường hợp viên chức đơn phương chấm dứt hợp đồng làm việc thì phải thông báo bằng văn bản gửi cho người đứng đầu đơn vị sự nghiệp công lập biết theo quy định tại khoản 6 Điều 29 Luật Viên chức.

Trong thời hạn 05 ngày làm việc kể từ ngày nhận được văn bản đề nghị của viên chức, nếu đồng ý cho viên chức thôi việc thì người đứng đầu đơn vị sự nghiệp công lập chấm dứt hợp đồng làm việc và giải quyết chế độ thôi việc cho viên chức theo quy định. Trường hợp không đồng ý cho viên chức thôi việc thì phải trả lời viên chức bằng văn bản và nêu rõ lý do theo quy định.

- Trường hợp đơn vị sự nghiệp công lập đơn phương chấm dứt hợp đồng làm việc hoặc không ký tiếp hợp đồng làm việc với viên chức thì đồng thời phải giải quyết chế độ thôi việc cho viên chức theo quy định.

...

Như vậy, trường hợp viên chức muốn nghỉ việc thì phải thông báo bằng văn bản gửi cho người đứng đầu đơn vị sự nghiệp công lập biết theo quy định tại khoản 6 Điều 29 Luật Viên chức 2010. Nếu nghỉ ngang thì không được giải quyết chế độ này.

Trân trọng!","tro-cap-thoi-viec","","","","2020-11-07T15:49:00","https://thuvienphapluat.vn/hoi-dap-phap-luat/nghi-viec-khong-thong-bao-vien-chuc-co-duoc-nhan-tro-cap-thoi-viec-330953.html","2026-04-24T06:54:41.403223+00:00"
"326489","Người làm địa chính xã nghỉ việc có được trợ cấp thôi việc không?","Theo Khoản 2d Điều 3 Nghị định 92/2009/NĐ-CP thì bố bạn giữ chức danh địa chính – nông nghiệp – xây dựng và môi trường (đối với xã) được xác định là công chức cấp xã, không phải là cán bộ xã.

Tại Khoản 1 Điều 29 Nghị định 112/2011/NĐ-CP quy định công chức cấp xã được hưởng chế độ thôi việc trong các trường hợp sau:

- Theo nguyện vọng và được Ủy ban nhân dân cấp huyện đồng ý;

- Do 02 năm liên tiếp không hoàn thành nhiệm vụ theo quy định tại khoản 3 Điều 58 Luật Cán bộ, công chức;

- Chỉ huy trưởng Quân sự cấp xã, Trưởng Công an xã, ngoài các trường hợp quy định tại điểm a và điểm b khoản 1 Điều này, khi bị xử lý kỷ luật bằng hình thức giáng chức, cách chức mà không sắp xếp được chức danh công chức khác ở cấp xã thì cũng được giải quyết chế độ thôi việc trong thời hạn 30 ngày kể từ ngày quyết định kỷ luật có hiệu lực thi hành.

Như vậy bố bạn được hưởng chế độ thôi việc trong trường hợp thôi việc theo nguyện vọng và được Ủy ban nhân dân cấp huyện đồng ý.

Theo Điều 5 Nghị định 46/2010/NĐ-CP thì khi bố bạn thôi việc sẽ được hưởng trợ cấp thôi việc: mỗi năm làm việc được tính 1/2 (một phần hai) tháng lương hiện hưởng, gồm: mức lương theo ngạch, bậc, phụ cấp chức vụ lãnh đạo, phụ cấp thâm niên vượt khung, phụ cấp thâm niên nghề và hệ số chênh lệch bảo lưu lương (nếu có).

Nguồn kinh phí chi trả trợ cấp thôi việc được bố trí trong dự toán chi hoạt động thường xuyên được giao hàng năm của UBND xã nơi bố bạn thôi việc.

Trân trọng!","tro-cap-thoi-viec","","","","2020-08-04T14:04:00","https://thuvienphapluat.vn/hoi-dap-phap-luat/dia-chinh-xa-nghi-viec-co-duoc-huong-tro-cap-thoi-viec-326489.html","2026-04-24T06:54:46.545531+00:00"
"324458","Trợ cấp thôi việc căn cứ mức lương của thời điểm nào để xác định?","Theo Khoản 1 Điều 140 Luật bảo hiểm xã hội 2006 quy định người lao động đóng BHTN từ ngày 01 tháng 01 năm 2009.

Măt khác, tại Khoản 2, Khoản 3 Điều 48 Bộ luật lao động 2012 quy định thời gian và mức hưởng trợ cấp thôi việc như sau:

- Thời gian làm việc để tính trợ cấp thôi việc là tổng thời gian người lao động đã làm việc thực tế cho người sử dụng lao động trừ đi thời gian người lao động đã tham gia bảo hiểm thất nghiệp theo quy định của Luật bảo hiểm xã hội và thời gian làm việc đã được người sử dụng lao động chi trả trợ cấp thôi việc.

- Tiền lương để tính trợ cấp thôi việc là tiền lương bình quân theo hợp đồng lao động của  06 tháng liền kề trước khi người lao động thôi việc.

Như vậy, bạn sẽ được nhận trợ cấp thôi việc từ tháng 4/1983 đến 12/2003 còn giai đoạn từ 8/2009 đến 1/2010 bạn là đối tượng đóng BHTN bắt buộc nên công ty không trả tiền trợ cấp thôi việc trong khoảng thời gian này.

Do câu hỏi của bạn chúng tôi chưa nắm rõ được thời gian 6/2020 bạn thôi việc cho tất cả giai đoạn làm việc hay thôi việc cho giai đoạn 2.

Theo quy định mức trợ cấp thôi việc căn cứ vào tiền lương bình quân theo hợp đồng lao động của 06 tháng liền kề trước khi người lao động thôi việc.

Trân trọng!","tro-cap-thoi-viec","","","","2020-06-11T14:36:00","https://thuvienphapluat.vn/hoi-dap-phap-luat/thoi-gian-nao-de-tinh-muc-luong-trung-binh-de-tinh-tro-cap-thoi-viec-324458.html","2026-04-24T06:54:51.025581+00:00"
"323917","Từ 01/7/2020, trợ cấp thôi việc của viên chức có thay đổi gì?","Khoản 1 Điều 45 Luật Viên chức 2010 quy định:

- Khi chấm dứt hợp đồng làm việc, viên chức được hưởng trợ cấp thôi việc, trợ cấp mất việc làm hoặc chế độ bảo hiểm thất nghiệp theo quy định của pháp luật về lao động và pháp luật về bảo hiểm xã hội, trừ trường hợp quy định tại khoản 2 Điều này.

Khoản này được sửa đổi bởi Khoản 6 Điều 2 Luật Cán bộ, công chức và Luật Viên chức sửa đổi 2019 (Có hiệu lực từ 1/7/2020), theo đó:

- Viên chức được hưởng trợ cấp thôi việc, trợ cấp mất việc làm hoặc chế độ bảo hiểm thất nghiệp theo quy định của pháp luật về lao động và pháp luật về bảo hiểm khi đơn vị sự nghiệp công lập đơn phương chấm dứt hợp đồng làm việc với viên chức, hết thời hạn của hợp đồng nhưng người sử dụng lao động không ký kết tiếp hợp đồng làm việc, viên chức đơn phương chấm dứt hợp đồng do ốm đau, bị tai nạn theo quy định tại khoản 4 Điều 29 hoặc đơn phương chấm dứt hợp đồng theo quy định tại khoản 5 Điều 29 của Luật này, trừ trường hợp quy định tại khoản 2 Điều này.

Như vậy, có thể thấy, từ 01/7/2020 khi Luật sửa đổi chính thức có hiệu lực, việc hưởng trợ cấp thôi việc của viên chức đã được quy định cụ thể, rõ ràng hơn, không chỉ gồm trường hợp ""khi chấm dứt hợp đồng làm việc"" như quy định hiện hành.

Trân trọng!","tro-cap-thoi-viec","","","","2020-06-05T15:06:00","https://thuvienphapluat.vn/hoi-dap-phap-luat/tu-01-7-2020-tro-cap-thoi-viec-cua-vien-chuc-co-thay-doi-gi-khong-323917.html","2026-04-24T06:54:56.136901+00:00"
"323052","Có được lãnh tiền BHTN khi mất quyết định thôi việc không?","Theo Điều 16 Nghị định 28/2015/NĐ-CP quy định hồ sơ hưởng trợ cấp thất nghiệp, cụ thể như sau:

- Đề nghị hưởng trợ cấp thất nghiệp theo mẫu do Bộ trưởng Bộ Lao động - Thương binh và Xã hội quy định.

- Bản chính hoặc bản sao có chứng thực của một trong các giấy tờ sau đây xác nhận về việc chấm dứt hợp đồng lao động hoặc hợp đồng làm việc:

+ Hợp đồng lao động hoặc hợp đồng làm việc đã hết hạn hoặc đã hoàn thành công việc theo hợp đồng lao động;

+ Quyết định thôi việc;

+ Quyết định sa thải;

+ Quyết định kỷ luật buộc thôi việc;

+ Thông báo hoặc thỏa thuận chấm dứt hợp đồng lao động hoặc hợp đồng làm việc.

Trường hợp người lao động tham gia bảo hiểm thất nghiệp theo quy định tại Điểm c Khoản 1 Điều 43 Luật Việc làm thì giấy tờ xác nhận về việc chấm dứt hợp đồng lao động theo mùa vụ hoặc theo một công việc nhất định có thời hạn từ đủ 03 tháng đến dưới 12 tháng là bản chính hoặc bản sao có chứng thực của hợp đồng đó.

- Sổ bảo hiểm xã hội.

Tổ chức bảo hiểm xã hội thực hiện xác nhận về việc đóng bảo hiểm thất nghiệp và trả sổ bảo hiểm xã hội cho người lao động trong thời hạn 05 ngày làm việc kể từ ngày nhận được đề nghị của người sử dụng lao động.

Đối với người sử dụng lao động là các cơ quan, đơn vị, doanh nghiệp thuộc Bộ Quốc phòng, Bộ Công an thì trong thời hạn 30 ngày, Bảo hiểm xã hội Bộ Quốc phòng, Bảo hiểm xã hội Công an nhân dân thực hiện xác nhận về việc đóng bảo hiểm thất nghiệp và trả sổ bảo hiểm xã hội cho người lao động kể từ ngày nhận được đề nghị của người sử dụng lao động.

Như vậy, bạn mất quyết định thôi việc thì bạn không đủ hồ sơ đề nghị hưởng BHTN nên bạn không được lãnh tiền BHTN đối với đợt nghỉ này.

Lưu ý:  Nếu bạn không nhận được trợ cấp thất nghiệp đợt này thì thời gian đóng BHTN của bạn sẽ được bảo lưu cho đợt hưởng lần sau nếu có đủ điều kiện.

Trân trọng!","tro-cap-thoi-viec","","","","2020-05-14T14:20:00","https://thuvienphapluat.vn/hoi-dap-phap-luat/mat-quyet-dinh-thoi-viec-co-duoc-lanh-tien-bhtn-khong-323052.html","2026-04-24T06:55:01.539178+00:00"
"322714","Ai không bị áp dụng hình thức kỷ luật tước danh hiệu quân nhân và buộc thôi việc?","Khoản 5 Điều 4 Thông tư 16/2020/TT-BQP quy định về nguyên tắc xử lý kỷ luật, trong đó có nguyên tắc:

- Không áp dụng hình thức kỷ luật tước danh hiệu quân nhân và buộc thôi việc đối với nữ quân nhân, công chức, công nhân và viên chức quốc phòng khi mang thai, nghỉ thai sản, nuôi con dưới 12 tháng tuổi.

Như vây, hình thức kỷ luật tước danh hiệu quân nhân và buộc thôi việc không áp dụng đối với những đối tượng sau đây:

- Nữ quân nhân, công chức, công nhân và viên chức quốc phòng khi mang thai, nghỉ thai sản, nuôi con dưới 12 tháng tuổi.

Trân trọng!","tro-cap-thoi-viec","","","","2020-05-12T08:40:00","https://thuvienphapluat.vn/hoi-dap-phap-luat/doi-tuong-khong-bi-ap-dung-hinh-thuc-ky-luat-tuoc-danh-hieu-quan-nhan-va-buoc-thoi-viec-322714.html","2026-04-24T06:55:06.254606+00:00"
"322419","Có được hưởng trợ cấp do dịch nếu chấm dứt HDLĐ ngày 30 tháng 3 không?","Theo Điều 5 Quyết định 15/2020/QĐ-TTg quy định điều kiện hỗ trợ cho người lao động chấm dứt HĐLĐ do dịch, cụ thể như sau:

Có giao kết hợp đồng lao động hoặc hợp đồng làm việc trước thời điểm ngày 01 tháng 4 năm 2020 và đang tham gia bảo hiểm xã hội bắt buộc;

- Chấm dứt hợp đồng lao động hoặc hợp đồng làm việc trong khoảng thời gian từ ngày 01 tháng 4 năm 2020 đến hết ngày 15 tháng 6 năm 2020 nhưng không đủ điều kiện hưởng trợ cấp thất nghiệp theo quy định;

- Không có thu nhập hoặc có thu nhập thấp hơn mức chuẩn cận nghèo quy định tại Quyết định số 59/2015/QĐ-TTg ngày 19 tháng 11 năm 2015 của Thủ tướng Chính phủ.

Theo thông tin bạn cung cấp thì bạn chấm dứt HĐLĐ vào ngày 30 tháng 3 nên bạn không đủ điều kiện để hưởng trợ cấp do dịch theo Quyết định 15.

Ban biên tập phản hồi đến bạn.","tro-cap-thoi-viec","","","","2020-05-05T14:32:00","https://thuvienphapluat.vn/hoi-dap-phap-luat/cham-dut-hdld-ngay-30-thang-3-co-duoc-huong-tro-cap-do-dich-khong-322419.html","2026-04-24T06:55:10.640367+00:00"
"320560","Mức xử phạt khi không trả hoặc trả không đủ tiền trợ cấp thôi việc cho người lao động theo quy định của pháp luật","Theo quy định tại Khoản 1 Điều 11 Nghị định 28/2020/NĐ-CP (Có hiệu lực từ ngày 15/04/2020) thì không trả hoặc trả không đủ tiền trợ cấp thôi việc, trợ cấp mất việc làm cho người lao động theo quy định của pháp luật thì người sử dụng lao động bị xử lý như sau:

a) Từ 1.000.000 đồng đến 2.000.000 đồng với vi phạm từ 01 người đến 10 người lao động;

b) Từ 2.000.000 đồng đến 5.000.000 đồng với vi phạm từ 11 người đến 50 người lao động;

c) Từ 5.000.000 đồng đến 10.000.000 đồng với vi phạm từ 51 người đến 100 người lao động;

d) Từ 10.000.000 đồng đến 15.000.000 đồng với vi phạm từ 101 người đến 300 người lao động;

đ) Từ 15.000.000 đồng đến 20.000.000 đồng với vi phạm từ 301 người lao động trở lên.

Ngoài ra tại Khoản 3 Điều này còn quy định về biện pháp khắc phục hậu quả như sau:

a) Buộc trả đủ tiền trợ cấp thôi việc, trợ cấp mất việc làm cho người lao động cộng với khoản tiền lãi của số tiền chưa trả tính theo mức lãi suất tiền gửi không kỳ hạn cao nhất của các ngân hàng thương mại nhà nước công bố tại thời điểm xử phạt đối với hành vi không trả hoặc trả không đủ tiền trợ cấp thôi việc, trợ cấp mất việc làm cho người lao động quy định tại khoản 1 Điều này;

b) Buộc hoàn thành thủ tục xác nhận và trả lại những giấy tờ khác đã giữ cho người lao động đối với hành vi không hoàn thành thủ tục xác nhận, trả lại những giấy tờ khác đã giữ của người lao động sau khi chấm dứt hợp đồng lao động quy định tại khoản 1 Điều này.

Để biết thêm thông tin về vấn đề trên bạn có thể tham khảo tại Nghị định 28/2020/NĐ-CP.

Trân trọng!","tro-cap-thoi-viec","","","","2020-03-30T15:57:00","https://thuvienphapluat.vn/hoi-dap-phap-luat/khong-tra-hoac-tra-khong-du-tien-tro-cap-thoi-viec-cho-nguoi-lao-dong-theo-quy-dinh-cua-phap-luat-thi-bi-xu-ly-ra-sao-320560.html","2026-04-24T06:55:15.438217+00:00"
"315697","Nguồn kinh phí nào chi trả trợ cấp thôi việc của đơn vị sự nghiệp công lập","Theo Khoản 1 Mục I Thông tư 89/2006/TT-BTC quy định nguồn kinh phí chi trả trợ cấp thôi việc của đơn vị sự nghiệp, cụ thể như sau:

- Đơn vị sự nghiệp được ngân sách nhà nước cấp toàn bộ chi phí hoạt động thường xuyên và đơn vị sự nghiệp có thu tự bảo đảm một phần chi phí hoạt động thường xuyên chi trả trợ cấp thôi việc từ nguồn chi phí hoạt động thường xuyên của đơn vị, bao gồm chi phí hoạt động được cơ quan có thẩm quyền giao và nguồn thu từ hoạt động sự nghiệp theo quy định của pháp luật.

- Đơn vị sự nghiệp có thu tự bảo đảm chi phí hoạt động thường xuyên chi trả trợ cấp thôi việc từ nguồn chi phí hoạt động thường xuyên của đơn vị.

Như vậy, tùy thuộc vào mỗi đơn vị sự nghiệp (tự chủ tài chính, tự chủ 1 phần tài chính hoặc không tự chủ tài chính) thì nguồn kinh phí để trả trợ cấp thôi việc sẽ khác nhau. Bạn tham khảo nguồn kinh phí cho trợ cấp thôi việc đối với từng đơn vị sự nghiệp tại quy định trên.

Ban biên tập phản hồi đến bạn.","tro-cap-thoi-viec","","","","2020-01-20T08:02:00","https://thuvienphapluat.vn/hoi-dap-phap-luat/tro-cap-thoi-viec-cua-don-vi-su-nghiep-cong-lap-lay-tu-nguon-kinh-phi-nao-315697.html","2026-04-24T06:55:19.250531+00:00"
"314328","Trợ cấp thôi việc được quy định thế nào trong Bộ luật Lao động 2019","Điều 46 Bộ luật Lao động 2019 (Có hiệu lực từ 1/1/2021) quy định:

1. Khi hợp đồng lao động chấm dứt theo quy định tại các khoản 1, 2, 3, 4, 6, 7, 9 và 10 Điều 34 của Bộ luật này thì người sử dụng lao động có trách nhiệm trả trợ cấp thôi việc cho người lao động đã làm việc thường xuyên cho mình từ đủ 12 tháng trở lên, mỗi năm làm việc được trợ cấp một nửa tháng tiền lương, trừ trường hợp đủ điều kiện hưởng lương hưu theo quy định của pháp luật về bảo hiểm xã hội và trường hợp quy định tại điểm e khoản 1 Điều 36 của Bộ luật này.

2. Thời gian làm việc để tính trợ cấp thôi việc là tổng thời gian người lao động đã làm việc thực tế cho người sử dụng lao động trừ đi thời gian người lao động đã tham gia bảo hiểm thất nghiệp theo quy định của pháp luật về bảo hiểm thất nghiệp và thời gian làm việc đã được người sử dụng lao động chi trả trợ cấp thôi việc, trợ cấp mất việc làm.

3. Tiền lương để tính trợ cấp thôi việc là tiền lương bình quân của 06 tháng liền kề theo hợp đồng lao động trước khi người lao động thôi việc.

4. Chính phủ quy định chi tiết Điều này.

Trân trọng!","tro-cap-thoi-viec","","","","2019-12-24T15:14:00","https://thuvienphapluat.vn/hoi-dap-phap-luat/quy-dinh-ve-tro-cap-thoi-viec-tu-nam-2021-314328.html","2026-04-24T06:55:22.677378+00:00"
"307649","Khiếu nại hành vi không trả lương sau khi thôi việc của công ty có được không?","Căn cứ Khoản 1 Điều 7 Luật khiếu nại 2011 có quy định về trình tự khiếu nại quyết định và hành vi hành chính trái pháp luật cụ thể như sau:

- Khi có căn cứ cho rằng quyết định hành chính, hành vi hành chính là trái pháp luật, xâm phạm trực tiếp đến quyền, lợi ích hợp pháp của mình thì người khiếu nại khiếu nại lần đầu đến người đã ra quyết định hành chính hoặc cơ quan có người có hành vi hành chính hoặc khởi kiện vụ án hành chính tại Tòa án theo quy định của Luật tố tụng hành chính.

- Trường hợp người khiếu nại không đồng ý với quyết định giải quyết lần đầu hoặc quá thời hạn quy định mà khiếu nại không được giải quyết thì có quyền khiếu nại lần hai đến Thủ trưởng cấp trên trực tiếp của người có thẩm quyền giải quyết khiếu nại lần đầu hoặc khởi kiện vụ án hành chính tại Tòa án theo quy định của Luật tố tụng hành chính.

- Trường hợp người khiếu nại không đồng ý với quyết định giải quyết khiếu nại lần hai hoặc hết thời hạn quy định mà khiếu nại không được giải quyết thì có quyền khởi kiện vụ án hành chính tại Tòa án theo quy định của Luật tố tụng hành chính.

Mặt khác căn cứ Khoản 2 Điều 47 Bộ luật lao động 2012 quy định về trách nhiệm của người sử dụng lao động khi chấm dứt hợp đồng lao động theo đó:

...

2. Trong thời hạn 07 ngày làm việc, kể từ ngày chấm dứt hợp đồng lao động, hai bên có trách nhiệm thanh toán đầy đủ các khoản có liên quan đến quyền lợi của mỗi bên; trường hợp đặc biệt, có thể kéo dài nhưng không được quá 30 ngày.

Như vậy theo quy định pháp luật thì công ty có trách nhiệm phải thanh toán đầy đủ các khoản có liên quan đến quyền lợi cho người lao động.

Đối với trường hợp này bạn có thể làm đơn khiếu nại lần đầu đến người đứng đầu công ty cũ của bạn để yêu cầu được phản hồi cụ thể về trường hợp của mình, nếu không đồng ý với quyết định giải quyết khiếu nại lần đầu hoặc không được giải quyết thì bạn có thể khiếu nại trực tiếp lên Chánh thanh tra sở lao động thương binh xã hội nơi công ty đặt trụ sở hoặc khởi kiện vụ án hành chính tại tòa án theo quy định của Luật tố tụng hành chính.

Trên đây là nội dung tư vấn của chúng tôi về vấn đề mà bạn thắc mắc.

Trân trọng!","tro-cap-thoi-viec","","","","2019-10-14T11:45:00","https://thuvienphapluat.vn/hoi-dap-phap-luat/khieu-nai-hanh-vi-khong-tra-luong-sau-khi-thoi-viec-cua-cong-ty-co-duoc-khong-307649.html","2026-04-24T06:55:26.611948+00:00"
"307015","Chỉ có giấy thông báo cho nghỉ không có quyết định thôi việc có được hưởng TCTN không?","Căn cứ Điều 16 Nghị định 28/2015/NĐ-CP quy định như sau:

“Điều 16. Hồ sơ đề nghị hưởng trợ cấp thất nghiệp

1. Đề nghị hưởng trợ cấp thất nghiệp theo mẫu do Bộ trưởng Bộ Lao động – Thương binh và Xã hội quy định.

2. Bản chính hoặc bản sao có chứng thực của một trong các giấy tờ sau đây xác nhận về việc chấm dứt hợp đồng lao động hoặc hợp đồng làm việc:

a) Hợp đồng lao động hoặc hợp đồng làm việc đã hết hạn hoặc đã hoàn thành công việc theo hợp đồng lao động;

b) Quyết định thôi việc;

c) Quyết định sa thải;

d) Quyết định kỷ luật buộc thôi việc;

đ) Thông báo hoặc thỏa thuận chấm dứt hợp đồng lao động hoặc hợp đồng làm việc.

Trường hợp người lao động tham gia bảo hiểm thất nghiệp theo quy định tại Điểm c Khoản 1 Điều 43 Luật Việc làm thì giấy tờ xác nhận về việc chấm dứt hợp đồng lao động theo mùa vụ hoặc theo một công việc nhất định có thời hạn từ đủ 03 tháng đến dưới 12 tháng là bản chính hoặc bản sao có chứng thực của hợp đồng đó.

3. Sổ bảo hiểm xã hội.”

Như vậy,theo thông tin bạn cung cấp, khi bạn nghỉ việc, công ty bạn không cho bạn quyết định thôi việc mà chỉ gửi một giấy thông báo về việc cho bạn nghỉ việc thì bạn vẫn được hưởng trợ cấp thất nghiệp.

Mặt khác Căn cứ Khoản 1 Điều 17 Nghị định 28/2015/NĐ-CP quy định như sau:

“Điều 17. Nộp hồ sơ đề nghị hưởng trợ cấp thất nghiệp

1. Trong thời hạn 03 tháng kể từ ngày chấm dứt hợp đồng lao động hoặc hợp đồng làm việc, người lao động chưa có việc làm và có nhu cầu hưởng trợ cấp thất nghiệp phải trực tiếp nộp 01 bộ hồ sơ đề nghị hưởng trợ cấp thất nghiệp theo đúng quy định tại Điều 16 của Nghị định này cho trung tâm dịch vụ việc làm tại địa phương nơi người lao động muốn nhận trợ cấp thất nghiệp.”

Như vậy, dẫn chiếu đến trường hợp của bạn, bạn làm việc ở TP. Hồ Chí Minh nhưng khi nghỉ việc lại muốn về quê nhận trợ cấp thất nghiệp thì bạn chỉ cần nộp trực tiếp hồ sơ đề nghị hưởng trợ cấp thất nghiệp theo quy định trên cho trung tâm dịch vụ việc làm tại quê bạn.

Trên đây là nội dung tư vấn của chúng tôi về vấn đề mà bạn thắc mắc.

Trân trọng!","tro-cap-thoi-viec","","","","2019-10-02T09:38:00","https://thuvienphapluat.vn/hoi-dap-phap-luat/chi-co-giay-thong-bao-cho-nghi-khong-co-quyet-dinh-thoi-viec-co-duoc-huong-tctn-khong-307015.html","2026-04-24T06:55:30.996956+00:00"
"298933","Lao động nước ngoài nghỉ việc công ty có phải trả trợ cấp thôi việc cho họ?","Căn cứ pháp lý:

Luật Việc làm 2013

Bộ luật Lao động 2012

Điều 48 Bộ luật Lao động 2012 quy định:

1. Khi hợp đồng lao động chấm dứt theo quy định tại các khoản 1, 2, 3, 5, 6, 7, 9 và 10 Điều 36 của Bộ luật này thì người sử dụng lao động có trách nhiệm chi trả trợ cấp thôi việc cho người lao động đã làm việc thường xuyên từ đủ 12 tháng trở lên, mỗi năm làm việc được trợ cấp một nửa tháng tiền lương.

2. Thời gian làm việc để tính trợ cấp thôi việc là tổng thời gian người lao động đã làm việc thực tế cho người sử dụng lao động trừ đi thời gian người lao động đã tham gia bảo hiểm thất nghiệp theo quy định của Luật bảo hiểm xã hội và thời gian làm việc đã được người sử dụng lao động chi trả trợ cấp thôi việc.

3. Tiền lương để tính trợ cấp thôi việc là tiền lương bình quân theo hợp đồng lao động của 06 tháng liền kề trước khi người lao động thôi việc.

Ngoài ra, theo Luật Việc làm 2013 thì: Người nước ngoài không thuộc đối tượng tham gia bảo hiểm thất nghiệp. Bởi vậy, khi chấm dứt hợp đồng lao động, người nước ngoài không được hưởng các chế độ của bảo hiểm thất nghiệp cũng như trợ cấp thất nghiệp.

Như vậy, trường hợp này khi giáo viên nước ngoài ký HĐLĐ 2 năm, nếu hết HĐ thì nhà trường có trách nhiệm chi trả trợ cấp thôi việc cho người này là 1 tháng tiền lương (bình quân theo hợp đồng lao động của 06 tháng liền kề trước khi nghỉ việc).

Trân trọng!","tro-cap-thoi-viec","","","","2019-07-19T16:08:00","https://thuvienphapluat.vn/hoi-dap-phap-luat/lao-dong-nuoc-ngoai-nghi-viec-cong-ty-co-phai-tra-tro-cap-thoi-viec-cho-ho-298933.html","2026-04-24T06:55:34.918190+00:00"
"298987","Khi nào được nhận trợ cấp thôi việc?","Theo Điều 46 Luật lao động 2014 quy định các trường hợp nhận được trợ cấp thôi việc tại các Khoản 1, 2, 3, 5, 6, 7, 9 Điều 36 Luật lao động 2014. Cho nên trường hợp thuộc vào Khoản 3 Điều 36 Luật lao động 2014, vậy nên bạn được nhận được trợ cấp lao động theo quy định pháp luật.

Theo quy định tại Điều 48 Bộ luật lao động 2014 thì mức trợ cấp thôi việc công ty phải trả cụ thể như sau:

""1. Khi hợp đồng lao động chấm dứt theo quy định tại các khoản 1, 2, 3, 5, 6, 7, 9 và 10 Điều 36 của Bộ luật này thì người sử dụng lao động có trách nhiệm chi trả trợ cấp thôi việc cho người lao động đã làm việc thường xuyên từ đủ 12 tháng trở lên, mỗi năm làm việc được trợ cấp một nửa tháng tiền lương.

2. Thời gian làm việc để tính trợ cấp thôi việc là tổng thời gian người lao động đã làm việc thực tế cho người sử dụng lao động trừ đi thời gian người lao động đã tham gia bảo hiểm thất nghiệp theo quy định của Luật bảo hiểm xã hội và thời gian làm việc đã được người sử dụng lao động chi trả trợ cấp thôi việc.

3. Tiền lương để tính trợ cấp thôi việc là tiền lương bình quân theo hợp đồng lao động của 06 tháng liền kề trước khi người lao động thôi việc.""

Như vậy, thời gian bạn làm việc tại công ty là 1 năm 8 tháng (Theo Khoản 5 Điều 1 Nghị định 148/2018/NĐ-CP quy định thời gian 1 năm 8 tháng sẽ được làm tròn là 2 năm làm việc).

Cho nên, số tiền trợ cấp thôi việc của bạn sẽ theo công thức là (6.000.000 x 1/2) x 2 (tháng) = 6.000.000 đồng.

Ban biên tập gửi phản hồi đến bạn!","tro-cap-thoi-viec","","","","2019-07-19T15:54:00","https://thuvienphapluat.vn/hoi-dap-phap-luat/khi-nao-duoc-nhan-tro-cap-thoi-viec-298987.html","2026-04-24T06:55:38.366365+00:00"
"295622","Các chế độ chính sách dành cho công nhân công an thôi việc?","Căn cứ khoản 2 Điều 13 Nghị định 49/2019/NĐ-CP (có hiệu lực từ ngày 25/07/2019) hướng dẫn thi hành Luật Công an nhân dân có quy định về Chế độ, chính sách đối với công nhân công an thôi việc cụ thể như sau:

- Được hưởng chế độ bảo hiểm xã hội và các chế độ khác theo quy định của pháp luật;

- Được hưởng trợ cấp một lần theo quy định tại điểm b khoản 2 Điều 5 Nghị định này.

Trên đây là nội dung tư vấn của chúng tôi về vấn đề mà bạn thắc mắc.

Trân trọng!","tro-cap-thoi-viec","","","","2019-06-15T08:19:00","https://thuvienphapluat.vn/hoi-dap-phap-luat/cac-che-do-chinh-sach-danh-cho-cong-nhan-cong-an-thoi-viec-295622.html","2026-04-24T06:56:41.983710+00:00"
"294522","Làm việc theo hợp đồng 68 nghỉ việc có được trợ cấp thôi việc?","Theo quy định tại Điều 48 Bộ luật Lao động 2012 thì:

1. Khi hợp đồng lao động chấm dứt theo quy định tại các khoản 1, 2, 3, 5, 6, 7, 9 và 10 Điều 36 của Bộ luật này thì người sử dụng lao động có trách nhiệm chi trả trợ cấp thôi việc cho người lao động đã làm việc thường xuyên từ đủ 12 tháng trở lên, mỗi năm làm việc được trợ cấp một nửa tháng tiền lương.

2. Thời gian làm việc để tính trợ cấp thôi việc là tổng thời gian người lao động đã làm việc thực tế cho người sử dụng lao động trừ đi thời gian người lao động đã tham gia bảo hiểm thất nghiệp theo quy định của Luật bảo hiểm xã hội và thời gian làm việc đã được người sử dụng lao động chi trả trợ cấp thôi việc.

3. Tiền lương để tính trợ cấp thôi việc là tiền lương bình quân theo hợp đồng lao động của 06 tháng liền kề trước khi người lao động thôi việc.

==> Người làm việc theo hợp đồng 68 tại đơn vị sự nghiệp công lập sẽ được hưởng chế độ như đối với người lao động. Do đó khi thôi việc người làm việc theo hợp đồng 68 sẽ được hưởng trợ cấp thôi việc theo quy định tại Bộ luật lao động 2012 đối với thời gian làm việc trước năm 2009. Mỗi năm làm việc được trợ cấp một nửa tháng tiền lương đối với khoảng thời gian chị làm việc từ 2005 đến 2009.

Mong rằng những tư vấn của chúng tôi sẽ giúp giải đáp được những vướng mắc của chị.

Chúc sức khỏe và thành công!","tro-cap-thoi-viec","","","","2019-06-04T08:26:00","https://thuvienphapluat.vn/hoi-dap-phap-luat/lam-viec-theo-hop-dong-68-nghi-viec-co-duoc-tro-cap-thoi-viec-294522.html","2026-04-24T06:56:45.791234+00:00"
"292225","Đã nộp đơn thôi việc nhưng không muốn nghỉ việc nữa được không?","Theo quy định tại Điều 40 Bộ luật Lao động 2012 thì mỗi bên đều có quyền huỷ bỏ việc đơn phương chấm dứt hợp đồng lao động trước khi hết thời hạn báo trước nhưng phải thông báo bằng văn bản và phải được bên kia đồng ý.

==> Như vậy theo quy định trên đây thì thì có thể hủy bỏ việc chấm dứt hợp đồng lao động trước khi hết thời hạn báo trước. Như bạn trình bày thì bạn đã nộp đơn nghỉ việc và hiện tại thì không muốn nghỉ việc nữa. Nếu như vẫn còn trong thời hạn báo trước thì bạn có thể thông báo bằng văn bản với công ty hủy bỏ việc đơn phương chấm dứt hợp đồng lao động và phải được công ty đồng ý thì bạn có thể vẫn tiếp tục làm việc như bình thường.

Nếu như đã hết thời hạn báo trước mà bạn thông báo hủy bỏ việc đơn phương chấm dứt hợp đồng lao động thì việc hủy bỏ đó sẽ không có giá trị. Hoặc nếu như vẫn còn trong thời hạn báo trước mà công ty không đồng ý hủy bỏ việc đơn phương chấm dứt hợp đồng lao động của bạn thì bạn vẫn sẽ nghỉ việc.

Mong rằng những tư vấn của chúng tôi sẽ giúp giải đáp được những vướng mắc của bạn.

Chúc sức khỏe và thành công!","tro-cap-thoi-viec","","","","2019-05-10T14:16:00","https://thuvienphapluat.vn/hoi-dap-phap-luat/da-nop-don-thoi-viec-nhung-khong-muon-nghi-viec-nua-duoc-khong-292225.html","2026-04-24T06:56:48.850560+00:00"
"291437","Bị buộc thôi việc sẽ không được nhận tiền trợ cấp thôi việc?","Theo quy định tại Luật Cán bộ, công chức 2008 thì công chức vi phạm quy định của Luật Cán bộ, công chức 2008 và các quy định khác của pháp luật có liên quan thì tuỳ theo tính chất, mức độ vi phạm mà công chức vi phạm phải chịu một trong những hình thức kỷ luật sau đây: Khiển trách; Cảnh cáo; Hạ bậc lương; Giáng chức; Cách chức; hoặc buộc thôi việc.

Trong đó,  theo quy định tại Điều 14 Nghị định 34/2011/NĐ-CP thì hình thức kỷ luật buộc thôi việc áp dụng đối với công chức có một trong các hành vi vi phạm pháp luật sau đây:

- Bị phạt tù mà không được hưởng án treo;

- Sử dụng giấy tờ không hợp pháp để được tuyển dụng vào cơ quan, tổ chức, đơn vị;

- Nghiện ma túy có xác nhận của cơ quan y tế có thẩm quyền;

- Tự ý nghỉ việc, tổng số từ 07 ngày làm việc trở lên trong một tháng hoặc từ 20 ngày làm việc trở lên trong một năm mà đã được cơ quan sử dụng công chức thông báo bằng văn bản 03 lần liên tiếp;

- Vi phạm ở mức độ đặc biệt nghiêm trọng quy định của pháp luật về phòng, chống tham nhũng; thực hành tiết kiệm, chống lãng phí; kỷ luật lao động; phòng, chống tệ nạn mại dâm và các quy định khác của pháp luật liên quan đến công chức.

Như vậy:  Căn cứ quy định được trích dẫn trên đây thì công chức sử dụng giấy tờ không hợp pháp để được tuyển dụng vào cơ quan, tổ chức, đơn vị thì có thể bị xử lý kỷ luật với hình thức xử lý là buộc thôi việc.

Do đó:  Đối với trường hợp bạn trước đây có sử dụng bằng tốt nghiệp cấp 3 giả để thi vào công chức - thuộc trường hợp sử dụng giấy tờ không hợp pháp để được tuyển dụng, nên bị xử lý kỷ luật với hình thức xử lý buộc thôi việc là phù hợp với quy định của pháp luật kể trên.

Mặt khác,  Tại Điểm a Khoản 2 Điều 23 Nghị định 34/2011/NĐ-CP có quy định:

""Điều 23. Các quy định liên quan đến việc thi hành quyết định kỷ luật

2. Công chức bị xử lý kỷ luật buộc thôi việc:

a) Công chức bị xử lý kỷ luật buộc thôi việc thì không được hưởng chế độ thôi việc nhưng được cơ quan bảo hiểm xã hội xác nhận thời gian làm việc đã đóng bảo hiểm xã hội để thực hiện chế độ bảo hiểm xã hội theo quy định của pháp luật;""

Như vậy:  Căn cứ quy định trên thì trường hợp công chức bị kỷ luật buộc thôi việc thì không được hưởng chế độ trợ cấp thôi việc.

Do đó:  Trường hợp bạn có sử dụng bằng tốt nghiệp cấp 3 giả để thi vào công chức, nay bạn đã làm việc được hơn 10 năm, bị cơ quan phát hiện về hành vi trên nên kỷ luật buộc thôi việc - thuộc trường hợp không được hưởng chế độ trợ cấp thôi việc.

Việc cơ quan không chi trả trợ cấp thôi việc cho bạn trong trường hợp này là phù hợp với quy định của pháp luật kể trên.

Trên đây là quan điểm tư vấn của chúng tôi đối với vấn đề mà bạn đang thắc mắc.

Trân trọng!","tro-cap-thoi-viec","","","","2019-05-02T16:12:00","https://thuvienphapluat.vn/hoi-dap-phap-luat/bi-buoc-thoi-viec-se-khong-duoc-nhan-tien-tro-cap-thoi-viec-291437.html","2026-04-24T06:56:52.771331+00:00"
"290964","Công ty không trả trợ cấp thôi việc phải làm thế nào?","Theo quy định tại Bộ luật lao động 2012 thì trường hợp người lao động và người sử dụng lao động thỏa thuận chấm dứt hợp đồng lao động là một trong các trường hợp chấm dứt hợp đồng lao động theo quy định của pháp luật.

Khi hợp đồng lao động chấm dứt do theo thỏa thuận của người lao động và người sử dụng lao động thì người sử dụng lao động có trách nhiệm chi trả trợ cấp thôi việc cho người lao động đã làm việc thường xuyên từ đủ 12 tháng trở lên theo quy định của pháp luật.

Trong đó,  thời gian làm việc để tính trợ cấp thôi việc là tổng thời gian người lao động đã làm việc thực tế cho người sử dụng lao động trừ đi thời gian người lao động đã tham gia bảo hiểm thất nghiệp và thời gian làm việc đã được người sử dụng lao động chi trả trợ cấp thôi việc. Còn tiền lương để tính trợ cấp thôi việc là tiền lương bình quân theo hợp đồng lao động của 06 tháng liền kề trước khi người lao động thôi việc.

Mà theo như thông tin bạn cung cấp cho chúng tôi thì bạn được công ty tham gia bảo hiểm thất nghiệp từ năm 2009.

Như vậy:  Công ty có trách nhiệm phải chi trả trợ cấp thôi việc cho bạn đối với thời gian làm việc trước năm 2009 (thời điểm công ty tham gia bảo hiểm thất nghiệp cho bạn).

Tuy nhiên,  theo như thông tin bạn cung cấp thì khi nghỉ việc ở công ty, bạn chỉ nhận được quyết định thôi việc và chốt sổ bảo hiểm, nhưng không được công ty chi trả trợ cấp thôi việc cho bạn đối với thời gian làm việc trước năm 2009 là không phù hợp với quy định của pháp luật.

Do đó:  Để bảo vệ quyền và lợi ích hợp pháp của mình, bạn có thể khiếu nại đến Ban giám đốc của công ty để yêu cầu công ty giải quyết chi trả trợ cấp thôi việc cho bạn đối với thời gian làm việc trước năm 2009 theo quy định của pháp luật.

Trường hợp không được công ty không giải quyết hoặc có giải quyết nhưng giải quyết không thỏa đáng thì bạn có thể gửi đơn khiếu nại đến Chánh Thanh tra thuộc Sở Lao động - Thương binh và Xã hội hoặc khởi kiện ra Tòa án nhân dân nơi công ty đang đặt trụ sở chính để được giải quyết theo thẩm quyền.

Trên đây là quan điểm tư vấn của chúng tôi đối với vấn đề mà bạn đang thắc mắc.

Trân trọng!","tro-cap-thoi-viec","","","","2019-04-22T16:43:00","https://thuvienphapluat.vn/hoi-dap-phap-luat/cong-ty-khong-tra-tro-cap-thoi-viec-phai-lam-the-nao-290964.html","2026-04-24T06:56:56.806743+00:00"
"290912","Có được quay lại công ty đòi trợ cấp thôi việc?","Điều 48 Bộ luật Lao động 2012 quy định:

1. Khi hợp đồng lao động chấm dứt theo quy định tại các khoản 1, 2, 3, 5, 6, 7, 9 và 10 Điều 36 của Bộ luật này thì người sử dụng lao động có trách nhiệm chi trả trợ cấp thôi việc cho người lao động đã làm việc thường xuyên từ đủ 12 tháng trở lên, mỗi năm làm việc được trợ cấp một nửa tháng tiền lương.

2. Thời gian làm việc để tính trợ cấp thôi việc là tổng thời gian người lao động đã làm việc thực tế cho người sử dụng lao động trừ đi thời gian người lao động đã tham gia bảo hiểm thất nghiệp theo quy định của Luật bảo hiểm xã hội và thời gian làm việc đã được người sử dụng lao động chi trả trợ cấp thôi việc.

3. Tiền lương để tính trợ cấp thôi việc là tiền lương bình quân theo hợp đồng lao động của 06 tháng liền kề trước khi người lao động thôi việc.

Đồng thời, theo Điều 47.2 Bộ luật này thì: Trong thời hạn 07 ngày làm việc, kể từ ngày chấm dứt hợp đồng lao động, hai bên có trách nhiệm thanh toán đầy đủ các khoản có liên quan đến quyền lợi của mỗi bên; trường hợp đặc biệt, có thể kéo dài nhưng không được quá 30 ngày.

Như vậy, trường hợp này bạn sẽ được công ty trả trợ cấp cho thời gian làm việc từ khi vào công ty đến 31/12/2008. Trường hợp này bạn có thể quay lại công ty để đòi lại số tiền đó, tuy nhiên sự việc cũng đã lâu sẽ rất bất lợi cho bạn.

Tại Điều 202 Bộ luật Lao động 2012 quy định: Thời hiệu yêu cầu Toà án giải quyết tranh chấp lao động cá nhân là 01 năm, kể từ ngày phát hiện ra hành vi mà mỗi bên tranh chấp cho rằng quyền, lợi ích hợp pháp của mình bị vi phạm.

Do đó, nếu công ty không giải quyết thì bạn cũng có quyền khởi kiện, nếu thời điểm bạn phát hiện công ty vi phạm cho đến giai đoạn này là không quá 1 năm.

Trân trọng!","tro-cap-thoi-viec","","","","2019-04-20T08:16:00","https://thuvienphapluat.vn/hoi-dap-phap-luat/co-duoc-quay-lai-cong-ty-doi-tro-cap-thoi-viec-290912.html","2026-04-24T06:57:00.682635+00:00"
"290868","Công ty không chi trả trợ cấp thôi việc là đúng hay sai?","Theo quy định tại Bộ luật lao động 2012 thì khi hợp đồng lao động sẽ bị chấm dứt trong các trường hợp sau đây thì người sử dụng lao động có trách nhiệm chi trả trợ cấp thôi việc cho người lao động đã làm việc thường xuyên từ đủ 12 tháng trở lên:

- Hết hạn hợp đồng lao động (trừ trường hợp người lao động là cán bộ công đoàn không chuyên trách đang trong nhiệm kỳ công đoàn mà hết hạn hợp đồng lao động thì được gia hạn hợp đồng lao động đã giao kết đến hết nhiệm kỳ).

- Đã hoàn thành công việc theo hợp đồng lao động.

- Hai bên thoả thuận chấm dứt hợp đồng lao động.

- ...

(Xem nội dung đầy đủ được quy định tại Điều 48 Bộ luật lao động 2012)

Như vậy:  Căn cứ quy định được trích dẫn trên đây thì trường hợp người lao động thỏa thuận chấm dứt hợp đồng lao động với người sử dụng lao động mà có thời gian làm việc cho người sử dụng lao động đó thường xuyên từ đủ 12 tháng trở lên.

Trong đó, thời gian làm việc để tính trợ cấp thôi việc là tổng thời gian người lao động đã làm việc thực tế cho người sử dụng lao động trừ đi thời gian người lao động đã tham gia bảo hiểm thất nghiệp và thời gian làm việc đã được người sử dụng lao động chi trả trợ cấp thôi việc. Còn tiền lương để tính trợ cấp thôi việc là tiền lương bình quân theo hợp đồng lao động của 06 tháng liền kề trước khi người lao động thôi việc.

Mặt khác,  theo quy định tại Điều 188 Luật Doanh nghiệp 2014 thì tập đoàn kinh tế, tổng công ty thuộc các thành phần kinh tế là nhóm công ty có mối quan hệ với nhau thông qua sở hữu cổ phần, phần vốn góp hoặc liên kết khác. Tập đoàn kinh tế, tổng công ty không phải là một loại hình doanh nghiệp, không có tư cách pháp nhân, không phải đăng ký thành lập theo quy định của pháp luật.

Tập đoàn kinh tế, tổng công ty có công ty mẹ, công ty con và các công ty thành viên khác. Công ty mẹ, công ty con và mỗi công ty thành viên trong tập đoàn kinh tế, tổng công ty có quyền và nghĩa vụ của doanh nghiệp độc lập theo quy định của pháp luật.

Như vậy:  Căn cứ quy định được trích dẫn trên đây thì có thể thấy công ty mẹ, công ty con là các pháp nhân độc lập, có quyền và nghĩa vụ của doanh nghiệp độc lập với nhau theo quy định của pháp luật, trong đó bao gồm quy định của pháp luật về lao động được quy định cụ thể tại Bộ luật lao động 2012 và các quy định pháp luật khác hướng dẫn liên quan.

Đồng nghĩa, có thể xác định rằng các công ty con dù có hạch toán phụ thuộc hay không hạch toán phụ thuộc công ty mẹ đều bình đẳng với công ty mẹ như các doanh nghiệp độc lập khác trong việc sử dụng lao động, giao kết hợp đồng lao động và thực hiện quyền, nghĩa vụ, trách nhiệm của người sử dụng lao động theo quy định của pháp luật về lao động.

Do đó:  Trường hợp người lao động làm việc chông công ty con mà thỏa thuận chấm dứt hợp đồng lao động với công ty con theo đúng quy định của pháp luật thì công ty con có trách nhiệm phải chi trả trợ cấp thôi việc cho người lao động đó theo quy định của pháp luật về lao động.

Mà theo như thông tin bạn cung cấp cho chúng tôi thì bạn làm việc cho công ty A là công ty con hoạch toán phụ thuộc của công ty mẹ là công ty AB, sau này tôi thỏa thuận chấm dứt hợp đồng lao động với công ty A để chuyển sang làm việc cho công ty B cũng là công ty con hoạch toán phụ thuộc của công ty mẹ là công ty AB.

Qua đó, có thể thấy bạn đã thỏa thuận chấm dứt hợp đồng lao động với công ty A, nên công ty A có trách nhiệm phải chi trả trợ cấp thôi việc cho bạn theo quy định của pháp luật về lao động nếu bạn đã làm việc cho công ty A thường xuyên từ đủ 12 tháng trở lên.

Việc công ty A không chi trả trợ cấp thôi việc cho bạn với lý do bạn chấm dứt hợp đồng lao động với công ty A để chuyển sang làm việc cho công ty B cũng là công ty con hoạch toán phụ thuộc của công ty mẹ là công ty AB, và khi nào bạn chấm dứt hoàn toàn hợp đồng với các đơn vị hạch toán phụ thuộc của công ty AB thì mới trợ cấp thôi việc cho là không phù hợp với các quy định của pháp luật.

Do đó:  Để bảo vệ quyền và lợi ích hợp pháp của mình, bạn có thể khiếu nại đến Ban giám đốc của công ty A để yêu cầu công ty A giải quyết chi trả trợ cấp thôi việc cho bạn theo quy định của pháp luật.

Trường hợp không được công ty A giải quyết hoặc công ty A có giải quyết nhưng không giải quyết không thỏa đáng thì bạn có thể Khiếu nại đến Chánh Thanh tra thuộc Sở Lao động - Thương binh và Xã hội hoặc khởi kiện ra Tòa án nhân dân nơi công ty A đặt trụ sở chính để được giải quyết theo thẩm quyền.

Trên đây là quan điểm tư vấn của chúng tôi đối với vấn đề mà bạn đang thắc mắc.

Trân trọng!","tro-cap-thoi-viec","","","","2019-04-19T16:39:00","https://thuvienphapluat.vn/hoi-dap-phap-luat/cong-ty-khong-chi-tra-tro-cap-thoi-viec-la-dung-hay-sai-290868.html","2026-04-24T06:57:04.472006+00:00"
"290169","Làm việc sau khi nghỉ hưu có được trợ cấp thôi việc khi nghỉ việc?","Theo quy định tại Điều 167 Bộ luật lao động 2012 thì người lao động cao tuổi là người tiếp tục lao động sau độ tuổi nghỉ hưu. Khi có nhu cầu, người sử dụng lao động có thể thoả thuận với người lao động cao tuổi có đủ sức khỏe kéo dài thời hạn hợp đồng lao động hoặc giao kết hợp đồng lao động mới. Khi đã nghỉ hưu, nếu làm việc theo hợp đồng lao động mới, thì ngoài quyền lợi đang hưởng theo chế độ hưu trí, người lao động cao tuổi vẫn được hưởng quyền lợi đã thoả thuận theo hợp đồng lao động.

Theo quy định tại Điều 48 Bộ luật lao động 2012 thì khi người lao động chấm dứt hợp đồng lao động thì người sử dụng lao động có trách nhiệm chi trả trợ cấp thôi việc cho người lao động đã làm việc thường xuyên từ đủ 12 tháng trở lên, mỗi năm làm việc được trợ cấp một nửa tháng tiền lương. Thời gian làm việc để tính trợ cấp thôi việc là tổng thời gian người lao động đã làm việc thực tế cho người sử dụng lao động trừ đi thời gian người lao động đã tham gia bảo hiểm thất nghiệp và thời gian làm việc đã được người sử dụng lao động chi trả trợ cấp thôi việc.

Tuy nhiên,  trường hợp chấm dứt hợp đồng lao động do người lao động đủ điều kiện về thời gian đóng bảo hiểm xã hội và tuổi hưởng lương hưu thì người sử dụng lao động không có trách nhiệm chi trả trợ cấp thôi việc cho người lao động.

Như vậy:  Căn cứ quy định được trích dẫn trên đây thì có thể xác định pháp luật hiện hành không phân biệt về việc chi trả trợ cấp thôi việc khi chấm dứt hợp đồng lao động đối với người lao động đã nghỉ hưu hoặc chưa nghỉ hưu.

Đồng nghĩa, người lao động làm việc cho người sử dụng lao động sau khi nghỉ hưu thì vẫn thuộc đối tượng được giải quyết chế độ trợ cấp thôi việc khi chấm dứt hợp đồng lao động với người sử dụng lao động.

Mặt khác,  Theo quy định tại Luật Việc làm 2013 thì người lao động cao tuổi không thuộc trường hợp phải tham gia bảo hiểm thất nghiệp.

Do đó:  Trường hợp bố bạn sau khi nghỉ hưu có làm việc cho công ty trong được 4 năm tính đến thời điểm chấm dứt hợp đồng lao động, thì công ty có trách nhiệm chi trả trợ cấp thất nghiệp cho bố của bạn đối với toàn bộ thời gian làm việc thực tế tại công ty sau khi nghỉ việc (tức là 4 năm) - cụ thể mức trợ cấp thôi việc là 2 tháng bình quân tiền lương theo hợp đồng lao động của 06 tháng liền kề trước khi người lao động thôi việc.

Việc công ty không chi trả trợ cấp thôi việc cho bố của bạn trong trường hợp này là trái với quy định của pháp luật. Để bảo vệ quyền và lợi ích hợp pháp của mình, bố của bạn có thể khiếu nại lên Ban Giám đốc công ty. Trường hợp không được giải quyết hoặc có giải quyết nhưng không thảo đáng thì bố của bạn có quyền khiếu nại đến Chánh Thanh tra Sở Lao động - Thương binh và Xã hội hoặc khởi kiện ra Tòa án nhân dân nơi công ty đặt trụ sở để được giải quyết theo thẩm quyền.

Trên đây là quan điểm tư vấn của chúng tôi đối với vấn đề mà bạn đang thắc mắc.

Trân trọng!","tro-cap-thoi-viec","","","","2019-04-09T16:05:00","https://thuvienphapluat.vn/hoi-dap-phap-luat/lam-viec-sau-khi-nghi-huu-co-duoc-tro-cap-thoi-viec-khi-nghi-viec-290169.html","2026-04-24T06:57:10.006063+00:00"
"288674","Công chức nghiện ma túy có được trợ cấp thôi việc?","Theo quy định tại Luật Cán bộ, công chức 2008 thì cán bộ, công chức phải chấp hành nghiêm chỉnh đường lối, chủ trương, chính sách của Đảng và pháp luật của Nhà nước.

Do đó:  Việc bạn sử dụng trái phép chất ma tuy dẫn đến nghiện ma túy là trái với quy định của pháp luật. Đồng nghĩa, bạn đã nghĩa vụ của cán bộ, công chức theo quy định của pháp luật.

Theo quy định tại Điều 79 Luật Cán bộ, công chức 2008 thì công chức vi phạm quy định của Luật Cán bộ, công chức 2008 và các quy định khác của pháp luật có liên quan thì tuỳ theo tính chất, mức độ vi phạm phải chịu một trong những hình thức kỷ luật khiển trách; cảnh cáo; hạ bậc lương; giáng chức; cách chức; hoặc buộc thôi việc.

Trong đó,  theo quy định tại Điều 14 Nghị định 34/2011/NĐ-CP thì hình thức kỷ luật buộc thôi việc áp dụng đối với công chức có một trong các hành vi vi phạm pháp luật sau đây:

- Bị phạt tù mà không được hưởng án treo;

- Sử dụng giấy tờ không hợp pháp để được tuyển dụng vào cơ quan, tổ chức, đơn vị;

- Nghiện ma túy có xác nhận của cơ quan y tế có thẩm quyền;

- Tự ý nghỉ việc, tổng số từ 07 ngày làm việc trở lên trong một tháng hoặc từ 20 ngày làm việc trở lên trong một năm mà đã được cơ quan sử dụng công chức thông báo bằng văn bản 03 lần liên tiếp;

- Vi phạm ở mức độ đặc biệt nghiêm trọng quy định của pháp luật về phòng, chống tham nhũng; thực hành tiết kiệm, chống lãng phí; kỷ luật lao động; phòng, chống tệ nạn mại dâm và các quy định khác của pháp luật liên quan đến công chức.

Như vậy:  Căn cứ quy định được trích dẫn trên đây thì công chức nghiện ma túy có xác nhận của cơ quan y tế có thẩm quyền thì bị xử lý kỷ luật với hình thức buộc thôi việc.

Mặt khác,  theo quy định tại Điểm a Khoản 2 Điều 23 Nghị định 34/2011/NĐ-CP thì công chức bị xử lý kỷ luật buộc thôi việc thì không được hưởng chế độ thôi việc nhưng được cơ quan bảo hiểm xã hội xác nhận thời gian làm việc đã đóng bảo hiểm xã hội để thực hiện chế độ bảo hiểm xã hội theo quy định của pháp luật;

Như vậy:  Căn cứ quy định trên thì trường hợp công chức bị kỷ luật buộc thôi việc thì không được hưởng chế độ trợ cấp thôi việc.

Do đó:  Trường hợp bạn bị kết luận của cơ quan y tế có thẩm quyền là nghiện ma túy thì có thể bị xử lý kỷ luật buộc thôi việc và không được giải quyết chế độ trợ cấp thôi việc nếu bị xử lý kỷ luật theo hình thức trên.

Nếu trường hợp bạn không bị xử lý kỷ luật buộc thôi việc mà bạn xin thôi việc theo nguyện vọng và được sự đồng ý  của cơ quan, tổ chức, đơn vị có thẩm quyền thì bạn được sẽ giải quyết chế độ trợ cấp thôi việc. Tuy nhiên, nếu trường hợp bạn đang trong thời gian xem xét kỷ luật thì sẽ không được giải quyết cho thôi việc.

Trên đây là quan điểm tư vấn của chúng tôi đối với vấn đề mà bạn đang thắc mắc.

Trân trọng!","tro-cap-thoi-viec","","","","2019-03-28T16:56:00","https://thuvienphapluat.vn/hoi-dap-phap-luat/cong-chuc-nghien-ma-tuy-co-duoc-tro-cap-thoi-viec-288674.html","2026-04-24T06:57:15.072775+00:00"
"287877","Giải quyết chế độ khi người lao động nghỉ việc","CCPL:  Bộ luật Lao động 2012, Luật Việc làm 2013

Khi nghỉ việc bạn sẽ nhận được các chế độ sau:

1. Trợ cấp thôi việc

Khi hợp đồng lao động chấm dứt theo quy định tại các khoản 1, 2, 3, 5, 6, 7, 9 và 10 Điều 36 của Bộ luật này thì người sử dụng lao động có trách nhiệm chi trả trợ cấp thôi việc cho người lao động đã làm việc thường xuyên từ đủ 12 tháng trở lên, mỗi năm làm việc được trợ cấp một nửa tháng tiền lương.

Thời gian làm việc từ năm 2004 đến 31/8/2008 bạn sẽ nhận trợ cấp thôi việc, mỗi năm làm việc được trợ cấp một nửa tháng tiền lương. Tiền này do công ty chi trả.

2. Tiền lương, tiền phép năm

- Người lao động do thôi việc, bị mất việc làm hoặc vì các lý do khác mà chưa nghỉ hằng năm hoặc chưa nghỉ hết số ngày nghỉ hằng năm thì được thanh toán bằng tiền những ngày chưa nghỉ.

- Người lao động được trả lương trực tiếp, đầy đủ và đúng thời hạn.

Khi nghỉ làm thì bạn sẽ được công ty thanh toán tiền lương những ngày làm việc thực tế và tiền phép năm.

3. Trợ cấp thất nghiệp

Người lao động đang đóng bảo hiểm thất nghiệp được hưởng trợ cấp thất nghiệp khi có đủ các điều kiện tại Điều 49 Luật Việc làm 2013.

Mức hưởng trợ cấp thất nghiệp hằng tháng bằng 60% mức bình quân tiền lương tháng đóng bảo hiểm thất nghiệp của 06 tháng liền kề trước khi thất nghiệp nhưng tối đa không quá 05 lần mức lương cơ sở đối với người lao động thuộc đối tượng thực hiện chế độ tiền lương do Nhà nước quy định hoặc không quá 05 lần mức lương tối thiểu vùng theo quy định.

Thời gian hưởng trợ cấp thất nghiệp được tính theo số tháng đóng bảo hiểm thất nghiệp, cứ đóng đủ 12 tháng đến đủ 36 tháng thì được hưởng 03 tháng trợ cấp thất nghiệp, sau đó, cứ đóng đủ thêm 12 tháng thì được hưởng thêm 01 tháng trợ cấp thất nghiệp nhưng tối đa không quá 12 tháng.

Như vậy, bạn cần kiểm tra xem mình đã đóng BHTN bao nhiêu năm, nếu theo thông tin bạn cung cấp thì từ năm 2009 đến 1/2019 là bạn có khoảng 8 năm đóng BHTN, thì bạn được hưởng 8 tháng trợ cấp, mức hưởng không quá 05 lần mức lương tối thiểu vùng theo quy định.

4. Bảo hiểm xã hội 1 lần

Bạn nghỉ việc từ tháng 1/2019 thì sau 1 năm tính từ thời điểm nghỉ việc là đến tháng 1/2020 bạn có yêu cầu thì được nhận bảo hiểm xã hội một lần. Mức hưởng tiền bảo hiểm xã hội 1 lần phụ thuộc vào số tiền lương tháng đóng bảo hiểm xã hội.

Ở đây nếu không nhận BHXH một l lần thì bạn cũng có thể đóng BHXH tự nguyện cho những năm còn thiếu để đủ điều kiện hưởng lương hưu.

Trân trọng!","tro-cap-thoi-viec","","","","2019-03-22T17:07:00","https://thuvienphapluat.vn/hoi-dap-phap-luat/giai-quyet-che-do-khi-nguoi-lao-dong-nghi-viec-287877.html","2026-04-24T06:57:19.772362+00:00"
"286754","Đơn vị nào chi trả trợ cấp thôi việc cho viên chức qua nhiều nơi công tác?","1/  Theo quy định tại Khoản 1 Điều 38 Nghị định 29/2012/NĐ-CP thì viên chức được giải quyết thôi việc trong các trường hợp sau:

a) Viên chức có đơn tự nguyện xin thôi việc được cơ quan, đơn vị có thẩm quyền đồng ý bằng văn bản;

b) Viên chức đơn phương chấm dứt hợp đồng làm việc theo quy định tại Khoản 4 và Khoản 5 Điều 29 Luật viên chức;

c) Đơn vị sự nghiệp công lập đơn phương chấm dứt hợp đồng làm việc với viên chức khi có một trong các trường hợp quy định tại Điểm c, Điểm d và Điểm đ Khoản 1 Điều 29 Luật viên chức.

( 1. Đơn vị sự nghiệp công lập được đơn phương chấm dứt hợp đồng làm việc với viên chức trong các trường hợp sau:

...

c) Viên chức làm việc theo hợp đồng làm việc không xác định thời hạn bị ốm đau đã điều trị 12 tháng liên tục, viên chức làm việc theo hợp đồng làm việc xác định thời hạn bị ốm đau đã điều trị 06 tháng liên tục mà khả năng làm việc chưa hồi phục. Khi sức khỏe của viên chức bình phục thì được xem xét để ký kết tiếp hợp đồng làm việc;

d) Do thiên tai, hỏa hoạn hoặc những lý do bất khả kháng khác theo quy định của Chính phủ làm cho đơn vị sự nghiệp công lập buộc phải thu hẹp quy mô, khiến vị trí việc làm mà viên chức đang đảm nhận không còn;

đ) Khi đơn vị sự nghiệp công lập chấm dứt hoạt động theo quyết định của cơ quan có thẩm quyền. )

Và theo hướng dẫn tại Điều 14, Điều 15 Thông tư 15/2012/TT-BNV thì khi viên chức chuyển công tác đến cơ quan, đơn vị khác thì phải chấm dứt hợp đồng làm việc với đơn vị sự nghiệp công lập đang làm việc. Việc chấm dứt hợp đồng làm việc phải được thể hiện bằng văn bản có xác nhận của viên chức và người đứng đầu đơn vị sự nghiệp công lập hoặc cơ quan có thẩm quyền ký kết hợp đồng làm việc. Văn bản chấm dứt hợp đồng làm việc được lập thành hai bản, mỗi bên giữ một bản.

Khi viên chức chuyển đến đơn vị sự nghiệp công lập mới, người đứng đầu đơn vị sự nghiệp công lập hoặc cơ quan có thẩm quyền tuyển dụng viên chức phải ký kết hợp đồng làm việc với viên chức và thực hiện chế độ tiền lương phù hợp trên cơ sở căn cứ vào năng lực, trình độ đào tạo, quá trình công tác, diễn biến tiền lương và thời gian đóng BHXH của viên chức.

2/  Tuy nhiên, theo quy định tại Khoản 15 Điều 2 Nghị định 161/2018/NĐ-CP thì viên chức sẽ không được giải quyết chế độ thôi việc nếu như được cơ quan, đơn vị có thẩm quyền đồng ý chuyển đến làm việc tại cơ quan, tổ chức, đơn vị khác trong hệ thống chính trị.

Căn cứ theo quy định trên và đối chiếu với trường hợp của Anh/Chị  thì nếu Anh/Chị đã nộp đơn xin thôi việc và được cơ quan, đơn vị có thẩm quyền đồng ý bằng văn bản (ở đây là đơn vị B). Như vậy, Anh/Chị thuộc trường hợp được giải quyết thôi việc theo quy định tại Điểm a Khoản 1 Điều 38 Nghị định 29/2012/NĐ-CP nêu trên.

Tức là thời điểm Anh/Chị nghỉ việc, cơ quan phải trả trợ cấp thôi việc cho Anh/Chị là cơ quan mà Anh/Chị đã ký hợp đồng làm việc (có thể là đơn vị B vì sau này Anh/Chị được điều động sang từ đơn vị A hoặc cơ quan chủ quản của cả hai đơn vị này; Anh/Chị cần xem lại hợp đồng của Anh/Chị ký với đơn vị nào thì đơn vị đó phải chi trả).

Còn nếu trường hợp đơn vị B chấm dứt hoạt động theo quyết định của cơ quan có thẩm quyền (Điểm đ Khoản 1 Điều 29 Luật viên chức) và đơn phương chấm dứt hợp đồng làm việc với Anh/Chị thì trường hợp này Anh/Chị cũng được giải quyết thôi việc. Và cơ quan chi trả trợ cấp thôi việc khi Anh/Chị nghỉ việc cũng là cơ quan mà Anh/Chị đã ký hợp đồng làm việc.

Trường hợp Anh/Chị được cơ quan, đơn vị có thẩm quyền đồng ý chuyển đến làm việc tại cơ quan, tổ chức, đơn vị khác trong hệ thống chính trị thì không giải quyết chế độ thôi việc. Tức là đơn vị B và C phải trong hệ thống chính trị và Anh/Chị được đơn vị B thuyên chuyển đến đơn vị C thì Anh/Chị mới không được giải quyết chế độ thôi việc. Mặt khác thì đơn vị B hoặc cơ quan chủ quản của đơn vị B phải chi trả trợ cấp thôi việc cho Anh/Chị.

Ban biên tập thông tin đến Anh/Chị!

Trân trọng!","tro-cap-thoi-viec","","","","2019-03-15T16:25:00","https://thuvienphapluat.vn/hoi-dap-phap-luat/don-vi-nao-chi-tra-tro-cap-thoi-viec-cho-vien-chuc-qua-nhieu-noi-cong-tac-286754.html","2026-04-24T06:57:29.101330+00:00"
"286389","Bị sa thải có được công ty trợ cấp thôi việc?","Theo quy định tại Bộ luật lao động 2012 thì hình thức xử lý kỷ luật sa thải được người sử dụng lao động áp dụng trong những trường hợp sau đây:

- Người lao động có hành vi trộm cắp, tham ô, đánh bạc, cố ý gây thương tích, sử dụng ma tuý trong phạm vi nơi làm việc, tiết lộ bí mật kinh doanh, bí mật công nghệ, xâm phạm quyền sở hữu trí tuệ của người sử dụng lao động, có hành vi gây thiệt hại nghiêm trọng hoặc đe doạ gây thiệt hại đặc biệt nghiêm trọng về tài sản, lợi ích của người sử dụng lao động;

- Người lao động bị xử lý kỷ luật kéo dài thời hạn nâng lương mà tái phạm trong thời gian chưa xoá kỷ luật hoặc bị xử lý kỷ luật cách chức mà tái phạm.

Tái phạm là trường hợp người lao động lặp lại hành vi vi phạm đã bị xử lý kỷ luật mà chưa được xóa kỷ luật;

- Người lao động tự ý bỏ việc 05 ngày cộng dồn trong 01 tháng hoặc 20 ngày cộng dồn trong 01 năm mà không có lý do chính đáng.

Các trường hợp được coi là có lý do chính đáng bao gồm: thiên tai, hoả hoạn, bản thân, thân nhân bị ốm có xác nhận của cơ sở khám bệnh, chữa bệnh có thẩm quyền và các trường hợp khác được quy định trong nội quy lao động.

Như vậy:  Căn cứ quy định được trích dẫn trên đây thì người lao động đã bị xử lý kỷ luật kéo dài thời hạn nâng lương mà tái phạm trong thời gian chưa xoá kỷ luật thì người sử dụng lao động có thể áp dụng hình thức xử lý kỷ luật sa thải đối với người lao động đó theo quy định.

Do đó:  Đối với trường hợp trước đây bạn đã bị công ty xử lý kỷ luật với hình thức kéo dài thời hạn nâng lương 06 tháng do vi phạm quy định của công ty nay lại tiếp tục tái phạm, thì việc công ty áp dụng hình thức xử lý kỷ luật sa thải đối với bạn là có cơ sở.

Theo quy định tại Điều 48 Bộ luật lao động 2012 thì người sử dụng lao động trả trợ cấp thôi việc cho người lao động đã làm việc thường xuyên cho mình từ 12 tháng trở lên mà bị khi hợp đồng lao động chấm dứt trong các trường hợp sau đây:

- Hết hạn hợp đồng lao động, trừ trường hợp quy định tại khoản 6 Điều 192 của Bộ luật này.

- Đã hoàn thành công việc theo hợp đồng lao động.

- Hai bên thoả thuận chấm dứt hợp đồng lao động.

- Người lao động bị kết án tù giam, tử hình hoặc bị cấm làm công việc ghi trong hợp đồng lao động theo bản án, quyết định có hiệu lực pháp luật của Toà án.

- Người lao động chết, bị Toà án tuyên bố mất năng lực hành vi dân sự, mất tích hoặc là đã chết.

- Người sử dụng lao động là cá nhân chết, bị Toà án tuyên bố mất năng lực hành vi dân sự, mất tích hoặc là đã chết; người sử dụng lao động không phải là cá nhân chấm dứt hoạt động.

- Người lao động đơn phương chấm dứt hợp đồng lao động theo quy định tại Điều 37 Bộ luật lao động 2012.

- Người sử dụng lao động đơn phương chấm dứt hợp đồng lao động; người sử dụng lao động cho người lao động thôi việc do thay đổi cơ cấu, công nghệ hoặc vì lý do kinh tế hoặc do sáp nhập, hợp nhất, chia tách doanh nghiệp, hợp tác xã.

Như vậy:  Căn cứ quy định được trích dẫn trên đây thì có thể xác định trường hợp người lao động bị kỷ luật sa thải thì không được người sử dụng lao động trợ cấp thôi việc.

Do đó:  Đối với trường hợp bạn bị công ty quyết định xử lý kỷ luật sa thải do đã bị xử lý kỷ luật kéo dài thời hạn nâng lương mà tái phạm trong thời gian chưa xoá kỷ luật thì bạn không được công ty chi trả trợ thôi việc.

Trên đây là quan điểm tư vấn của chúng tôi đối với vấn đề mà bạn đang thắc mắc.

Trân trọng!","tro-cap-thoi-viec","","","","2019-03-15T15:30:00","https://thuvienphapluat.vn/hoi-dap-phap-luat/bi-sa-thai-co-duoc-cong-ty-tro-cap-thoi-viec-286389.html","2026-04-24T06:57:33.927131+00:00"
"285997","Viên chức được trợ cấp thôi việc như thế nào?","Pháp luật nước ta có quy định:  Viên chức là   công dân Việt Nam được tuyển dụng theo vị trí việc làm, làm việc tại đơn vị sự nghiệp công lập theo chế độ hợp đồng làm việc, hưởng lương từ quỹ lương của đơn vị sự nghiệp công lập theo quy định của pháp luật.

Theo đó,  khi chấm dứt hợp đồng làm việc, viên chức có thể được hưởng trợ cấp thôi việc , trợ cấp mất việc làm hoặc chế độ bảo hiểm thất nghiệp theo quy định của pháp luật về lao động và pháp luật về bảo hiểm xã hội.

Cụ thể,  việc trợ cấp thôi việc đối với viên chức được quy định  tại Điều 39 Nghị định 29/2012/NĐ-CP về tuyển dụng, sử dụng và quản lý viên chức do Thủ tướng Chính phủ ban hành với nội dung như sau:

-  Trợ cấp thôi việc đối với thời gian công tác của viên chức từ ngày 31 tháng 12 năm 2008 trở về trước được tính như sau:

+ Cứ mỗi năm làm việc được tính bằng 1/2 (một phần hai) tháng lương hiện hưởng, gồm: Mức lương theo chức danh nghề nghiệp, phụ cấp chức vụ lãnh đạo, phụ cấp thâm niên vượt khung, phụ cấp thâm niên nghề và hệ số chênh lệch bảo lưu lương (nếu có);

Lưu ý:   Mức trợ cấp thấp nhất bằng 01 (một) tháng lương hiện hưởng;

+  Trường hợp viên chức được tuyển dụng trước ngày 01 tháng 7 năm 2003, thời gian làm việc được tính trợ cấp thôi việc là  tổng thời gian làm việc (cộng dồn) kể từ khi viên chức có quyết định tuyển dụng đến hết ngày 31 tháng 12 năm 2008.

+  Trường hợp viên chức được tuyển dụng từ ngày 01 tháng 7 năm 2003 trở về sau , thời gian làm việc được tính trợ cấp thôi việc là tổng thời gian làm việc theo hợp đồng làm việc (cộng dồn) kể từ khi viên chức có quyết định tuyển dụng đến hết ngày 31 tháng 12 năm 2008.

-  Trợ cấp thôi việc đối với thời gian công tác của viên chức từ ngày 01 tháng 01 năm 2009 đến nay  được thực hiện theo quy định của pháp luật về trợ cấp thất nghiệp.

Bên cạnh đó, nguồn kinh phí chi trả trợ cấp thôi việc được lấy từ nguồn tài chính của đơn vị sự nghiệp công lập.

Ngoài ra, viên chức thôi việc được hưởng trợ cấp thôi việc trước ngày 01/01/2009 và được xác nhận thời gian có đóng bảo hiểm xã hội theo quy định của pháp luật.

Trên đây là nội dung giải đáp về việc trợ cấp thôi việc đối với viên chức.

Trân trọng!","tro-cap-thoi-viec","","","","2019-03-09T16:14:00","https://thuvienphapluat.vn/hoi-dap-phap-luat/vien-chuc-duoc-tro-cap-thoi-viec-nhu-the-nao-285997.html","2026-04-24T06:57:38.661175+00:00"
"285882","Nghỉ hưu rồi có được nhận trợ cấp thôi việc nếu tiếp tục đi làm không?","Theo quy định tại Điều 48 Bộ luật Lao động 2012 thì:

1. Khi hợp đồng lao động chấm dứt theo quy định tại các khoản 1, 2, 3, 5, 6, 7, 9 và 10 Điều 36 của Bộ luật này thì người sử dụng lao động có trách nhiệm chi trả trợ cấp thôi việc cho người lao động đã làm việc thường xuyên từ đủ 12 tháng trở lên, mỗi năm làm việc được trợ cấp một nửa tháng tiền lương.

2. Thời gian làm việc để tính trợ cấp thôi việc là tổng thời gian người lao động đã làm việc thực tế cho người sử dụng lao động trừ đi thời gian người lao động đã tham gia bảo hiểm thất nghiệp theo quy định của Luật bảo hiểm xã hội và thời gian làm việc đã được người sử dụng lao động chi trả trợ cấp thôi việc.

Khoản 1, 2, 3, 5, 6, 7, 9 và 10 Điều 36 Bộ luật Lao động 2012 quy định về các trường hợp chấm dứt hợp đồng lao động:

1. Hết hạn hợp đồng lao động, trừ trường hợp quy định tại khoản 6 Điều 192 của Bộ luật này.

2. Đã hoàn thành công việc theo hợp đồng lao động.

3. Hai bên thoả thuận chấm dứt hợp đồng lao động.

5. Người lao động bị kết án tù giam, tử hình hoặc bị cấm làm công việc ghi trong hợp đồng lao động theo bản án, quyết định có hiệu lực pháp luật của Toà án.

6. Người lao động chết, bị Toà án tuyên bố mất năng lực hành vi dân sự, mất tích hoặc là đã chết.

7. Người sử dụng lao động là cá nhân chết, bị Toà án tuyên bố mất năng lực hành vi dân sự, mất tích hoặc là đã chết; người sử dụng lao động không phải là cá nhân chấm dứt hoạt động.

9. Người lao động đơn phương chấm dứt hợp đồng lao động theo quy định tại Điều 37 của Bộ luật này.

10. Người sử dụng lao động đơn phương chấm dứt hợp đồng lao động theo quy định tại Điều 38 của Bộ luật này; người sử dụng lao động cho người lao động thôi việc do thay đổi cơ cấu, công nghệ hoặc vì lý do kinh tế hoặc do sáp nhập, hợp nhất, chia tách doanh nghiệp, hợp tác xã.

Theo quy định tại Khoản 1 Điều 43 Luật Việc làm 2013 thì người lao động đang hưởng lương hưu không thuộc đối tượng tham gia bảo hiểm thất nghiệp.

==> Như bạn trình bày thì công ty bạn có người lao động đang hưởng lương hưu nhưng vẫn tiếp tục làm việc thêm 2 năm tại công ty. Vì đang hưởng lương hưu nên người lao động không thuộc đối tượng tham gia bảo hiểm thất nghiệp. Nên thời gian làm việc 2 năm đó sẽ được tính là thời gian hưởng trợ cấp thôi việc. Như vậy, không phân biệt người lao động đã nghỉ hưu hay chưa, nếu người lao động chấm dứt hợp đồng đúng quy định pháp luật, có thời gian làm việc thường xuyên từ đủ 12 tháng trở lên thì khi nghỉ việc vẫn được hưởng trợ cấp thôi việc.

Mong rằng những tư vấn của chúng tôi sẽ giúp giải đáp được những vướng mắc của bạn.

Chúc sức khỏe và thành công!","tro-cap-thoi-viec","","","","2019-03-09T14:03:00","https://thuvienphapluat.vn/hoi-dap-phap-luat/nghi-huu-roi-co-duoc-nhan-tro-cap-thoi-viec-neu-tiep-tuc-di-lam-khong-285882.html","2026-04-24T06:57:44.141328+00:00"
"284492","Nghỉ hưu thì có được nhận trợ cấp thôi việc không?","Theo quy định tại Khoản 1 Điều 48 Bộ luật Lao động 2012 thì các trường hợp được nhận trợ cấp thôi việc khi chấm dứt hợp đồng lao động gồm:

- Hết hạn hợp đồng lao động, trừ trường hợp quy định tại khoản 6 Điều 192 của Bộ luật này.

- Đã hoàn thành công việc theo hợp đồng lao động.

- Hai bên thoả thuận chấm dứt hợp đồng lao động.

- Người lao động bị kết án tù giam, tử hình hoặc bị cấm làm công việc ghi trong hợp đồng lao động theo bản án, quyết định có hiệu lực pháp luật của Toà án.

- Người lao động chết, bị Toà án tuyên bố mất năng lực hành vi dân sự, mất tích hoặc là đã chết.

- Người sử dụng lao động là cá nhân chết, bị Toà án tuyên bố mất năng lực hành vi dân sự, mất tích hoặc là đã chết; người sử dụng lao động không phải là cá nhân chấm dứt hoạt động.

- Người lao động đơn phương chấm dứt hợp đồng lao động theo quy định.

- Người sử dụng lao động đơn phương chấm dứt hợp đồng lao động theo quy định tại; người sử dụng lao động cho người lao động thôi việc do thay đổi cơ cấu, công nghệ hoặc vì lý do kinh tế hoặc do sáp nhập, hợp nhất, chia tách doanh nghiệp, hợp tác xã.

==> Trong các trường hợp trên đây thì không có trường hợp nào quy định người lao động nghỉ hưu sẽ được nhận trợ cấp thôi việc. Do vậy khi nghỉ hưu bác sẽ không được nhận trợ cấp thôi việc. Trợ cấp thôi việc là để hỗ trợ một phần cho người lao động trong thời gian tìm kiếm việc làm mới. Khi nghỉ hưu thì bác sẽ được hưởng lương hưu nên sẽ không cần khoản trợ cấp thôi việc đó nữa.

Mong rằng những tư vấn của chúng tôi sẽ giúp giải đáp được những vướng mắc của bác.

Chúc sức khỏe và thành công!","tro-cap-thoi-viec","","","","2019-03-01T13:46:00","https://thuvienphapluat.vn/hoi-dap-phap-luat/nghi-huu-thi-co-duoc-nhan-tro-cap-thoi-viec-khong-284492.html","2026-04-24T06:57:48.587918+00:00"
"281976","06 trường hợp người lao động sẽ không nhận được trợ cấp thôi việc","1/ Người lao động đủ điều kiện về thời gian đóng bảo hiểm xã hội và tuổi hưởng lương hưu:

- Đủ tuổi nghỉ hưu: nam đủ 60 tuổi, nữ đủ 55 tuổi

- Đủ điều kiện về thời gian đóng BHXH: Đủ 20 năm trở lên

2/ Người lao động bị xử lý kỷ luật sa thải thuộc các trường hợp sau:

- Người lao động có hành vi trộm cắp, tham ô, đánh bạc, cố ý gây thương tích, sử dụng ma tuý trong phạm vi nơi làm việc, tiết lộ bí mật kinh doanh, bí mật công nghệ, xâm phạm quyền sở hữu trí tuệ của người sử dụng lao động, có hành vi gây thiệt hại nghiêm trọng hoặc đe doạ gây thiệt hại đặc biệt nghiêm trọng về tài sản, lợi ích của người sử dụng lao động;

- Tái phạm trong thời gian chưa xoá kỷ luật hoặc bị xử lý kỷ luật cách chức;

- Người lao động tự ý bỏ việc 05 ngày cộng dồn trong 01 tháng hoặc 20 ngày cộng dồn trong 01 năm mà không có lý do chính đáng.

3/ Người lao động đơn phương chấm dứt hợp đồng trái luật:

- Không thuộc các trường hợp được phép đơn phương chấm dứt hợp đồng lao động quy định tại Khoản 1 Điều 37 Bộ luật lao động 2012;

- Không báo trước cho người sử dụng lao động đúng thời hạn theo quy định tại Khoản 2 Điều 37 Bộ luật lao động 2012.

4/ Người lao động không làm việc thường xuyên từ đủ 12 tháng trở lên

5/ Người lao động đã nhận trợ cấp mất việc làm

6/ Người lao động có thời gian làm việc bằng với thời gian đóng bảo hiểm thất nghiệp:

Theo quy định tại Khoản 2 Điều 48 Bộ luật lao động 2012 thì:

Thời gian làm việc để tính trợ cấp thôi việc là tổng thời gian người lao động đã làm việc thực tế cho người sử dụng lao động trừ đi thời gian người lao động đã tham gia bảo hiểm thất nghiệp theo quy định của Luật bảo hiểm xã hội và thời gian làm việc đã được người sử dụng lao động chi trả trợ cấp thôi việc.

Tức là người lao động bắt đầu làm việc và tham gia bảo hiểm thất nghiệp từ ngày 01/01/2009 thì sẽ không được nhận trợ cấp thôi việc mà chỉ có thể được nhận bảo hiểm thất nghiệp khi nghỉ việc.

Ban biên tập thông tin đến bạn!

Trân trọng!","tro-cap-thoi-viec","","","","2019-01-31T08:11:00","https://thuvienphapluat.vn/hoi-dap-phap-luat/06-truong-hop-nguoi-lao-dong-se-khong-nhan-duoc-tro-cap-thoi-viec-281976.html","2026-04-24T06:57:53.156133+00:00"
"279198","Có được trợ cấp thôi việc, mất việc khi chấm dứt hợp đồng thử việc?","Theo quy định tại Bộ luật lao động 2012 thì người sử dụng lao động và người lao động có thể thoả thuận về việc làm thử, quyền, nghĩa vụ của hai bên trong thời gian thử việc. Nếu có thoả thuận về việc làm thử thì các bên có thể giao kết hợp đồng thử việc.

Thời gian thử việc căn cứ vào tính chất và mức độ phức tạp của công việc nhưng chỉ được thử việc 01 lần đối với một công việc và bảo đảm các điều kiện sau đây:

- Không quá 60 ngày đối với công việc có chức danh nghề cần trình độ chuyên môn, kỹ thuật từ cao đẳng trở lên;

- Không quá 30 ngày đối với công việc có chức danh nghề cần trình độ chuyên môn kỹ thuật trung cấp nghề, trung cấp chuyên nghiệp, công nhân kỹ thuật, nhân viên nghiệp vụ.

- Không quá 6 ngày làm việc đối với công việc khác.

Tiền lương của người lao động trong thời gian thử việc do hai bên thoả thuận nhưng ít nhất phải bằng 85% mức lương của công việc đó.

Tại Điều 29 Bộ luật lao động 2012 có quy định:

""Điều 29. Kết thúc thời gian thử việc

1. Khi việc làm thử đạt yêu cầu thì người sử dụng lao động phải giao kết hợp đồng lao động với người lao động.

2. Trong thời gian thử việc, mỗi bên có quyền huỷ bỏ thoả thuận thử việc mà không cần báo trước và không phải bồi thường nếu việc làm thử không đạt yêu cầu mà hai bên đã thoả thuận.""

Mặt khác, tại Điều 7 Nghị định 05/2015/NĐ-CP có quy định:

""Điều 7. Thông báo kết quả về việc làm thử

1. Trong thời hạn 03 ngày trước khi kết thúc thời gian thử việc đối với người lao động làm công việc có thời gian thử việc quy định tại Khoản 1 và 2 Điều 27 của Bộ luật Lao động, người sử dụng lao động phải thông báo cho người lao động kết quả công việc người lao động đã làm thử; trường hợp công việc làm thử đạt yêu cầu thì khi kết thúc thời gian thử việc, người sử dụng lao động phải giao kết ngay hợp đồng lao động với người lao động.

2. Khi kết thúc thời gian thử việc đối với người lao động làm công việc có thời gian thử việc quy định tại Khoản 3 Điều 27 của Bộ luật Lao động, người sử dụng lao động phải thông báo cho người lao động kết quả công việc người lao động đã làm thử; trường hợp công việc làm thử đạt yêu cầu thì người sử dụng lao động phải giao kết ngay hợp đồng lao động với người lao động.""

Như vậy:  Căn cứ quy định được trích dẫn trên đây thì trong thời gian thử việc người sử dụng lao động và người lao động có quyền huỷ bỏ thoả thuận thử việc bất kỳ lúc nào.

Do đó:  Việc bạn thông báo và nghỉ việc tại công ty vào ngày 31/12/2018 (thời điểm chấm dứt hợp đồng thử việc) là phù hợp với quy định của pháp luật.

Tại Điều 48 và Điều 49 Bộ luật lao động 2012 có quy định như sau:

""Điều 48. Trợ cấp thôi việc

1. Khi hợp đồng lao động chấm dứt theo quy định tại các khoản 1, 2, 3, 5, 6, 7, 9 và 10 Điều 36 của Bộ luật này thì người sử dụng lao động có trách nhiệm chi trả trợ cấp thôi việc cho người lao động đã làm việc thường xuyên từ đủ 12 tháng trở lên, mỗi năm làm việc được trợ cấp một nửa tháng tiền lương.

...

Điều 49. Trợ cấp mất việc làm

1. Người sử dụng lao động trả trợ cấp mất việc làm cho người lao động đã làm việc thường xuyên cho mình từ 12 tháng trở lên mà bị mất việc làm theo quy định tại Điều 44 và Điều 45 của Bộ luật này, mỗi năm làm việc trả 01 tháng tiền lương nhưng ít nhất phải bằng 02 tháng tiền lương.

...""

Như vậy:  Căn cứ quy định được trích dẫn trên đây thì chế độ trợ cấp thôi việc và chế độ trợ cấp mất việc chỉ áp dụng đối với trường hợp chấm dứt hợp đồng lao động, trong đó không bao gồm hợp đồng thử việc.

Do đó:  Với thông tin bạn cung cấp cho chúng tôi thì hợp đồng của bạn là hợp đồng thử việc. Nên không thuộc trường hợp được hưởng trợ cấp thôi việc, trợ cấp mất việc theo quy định tại Điều 48 và Điều 49 Bộ luật lao động 2012 khi hợp đồng thử việc chấm dứt. Trừ trường hợp hợp đồng thử việc giữa bạn và công ty có thỏa thuận khác thì thực hiện theo thỏa thuận trong hợp đồng.

Trên đây là quan điểm tư vấn của chúng tôi đối với vấn đề mà bạn đang thắc mắc.

Trân trọng!","tro-cap-thoi-viec","","","","2019-01-12T07:51:00","https://thuvienphapluat.vn/hoi-dap-phap-luat/co-duoc-tro-cap-thoi-viec-mat-viec-khi-cham-dut-hop-dong-thu-viec-279198.html","2026-04-24T06:57:57.560133+00:00"
"276266","Thời hạn thanh toán trợ cấp thôi việc cho người lao động","Theo quy định tại Điều 14 Nghị định 05/2015/NĐ-CP hướng dẫn Bộ luật Lao động 2012, có quy định thời hạn thanh toán trợ cấp thôi việc được quy định như sau

- Trong thời hạn 07 ngày làm việc, kể từ ngày chấm dứt hợp đồng lao động, người sử dụng lao động phải thanh toán đầy đủ trợ cấp thôi việc cho người lao động.

- Thời hạn thanh toán có thể kéo dài nhưng không quá 30 ngày, kể từ ngày chấm dứt hợp đồng lao động thuộc một trong các trường hợp: Người sử dụng lao động không phải là cá nhân chấm dứt hoạt động; Người sử dụng lao động thay đổi cơ cấu, công nghệ hoặc lý do kinh tế.

Như vậy,  theo quy định trên thì khi chấm dứt hợp đồng lao động trong thời hạn 7 ngày người sử dụng lao động có trách nhiệm thanh toán trợ cấp thôi việc cho người lao động. Và trong một số trường hợp đặc biệt thời hạn thanh toán trợ cấp thôi việc có thể kéo dài nhưng không quá 30 ngày.

Ban biên tập phản hồi thông tin đến bạn.","tro-cap-thoi-viec","","","","2018-12-27T14:11:00","https://thuvienphapluat.vn/hoi-dap-phap-luat/thoi-han-thanh-toan-tro-cap-thoi-viec-cho-nguoi-lao-dong-276266.html","2026-04-24T06:58:02.892766+00:00"
"269865","Khi thôi việc có được thanh toán hết số ngày phép trong năm chưa nghỉ?","Theo quy định tại Khoản 1 Điều 114 Bộ luật lao động 2012 thì:

Người lao động do thôi việc, bị mất việc làm hoặc vì các lý do khác mà chưa nghỉ hằng năm hoặc chưa nghỉ hết số ngày nghỉ hằng năm thì được thanh toán bằng tiền những ngày chưa nghỉ.

Như vậy, bạn nghỉ việc mà chưa nghỉ hết số ngày nghỉ hằng năm, bạn sẽ được thanh toán bằng tiền những ngày chưa nghỉ.

Số tiền thanh toán cho những ngày nghỉ này sẽ được tính theo quy định tại Khoản 3 và Khoản 4 Điều 26 Nghị định 05/2015/NĐ-CP, cụ thể:

3. Tiền lương làm căn cứ trả cho người lao động trong những ngày chưa nghỉ hằng năm hoặc chưa nghỉ hết số ngày nghỉ hằng năm tại Điều 114 của Bộ luật Lao động được quy định như sau:

a) Đối với người lao động đã làm việc từ đủ 06 tháng trở lên là tiền lương bình quân theo hợp đồng lao động của 06 tháng liền kề trước khi người lao động thôi việc, bị mất việc làm. Đối với người lao động chưa nghỉ hằng năm hoặc chưa nghỉ hết số ngày nghỉ hằng năm vì các lý do khác là tiền lương bình quân theo hợp đồng lao động của 06 tháng liền kề trước khi người sử dụng lao động tính trả bằng tiền những ngày chưa nghỉ hằng năm;

b) Đối với người lao động có thời gian làm việc dưới 06 tháng là tiền lương bình quân theo hợp đồng lao động của toàn bộ thời gian làm việc.

4. Tiền lương tính trả cho người lao động trong những ngày chưa nghỉ hằng năm hoặc chưa nghỉ hết số ngày nghỉ hằng năm là tiền lương quy định tại Khoản 3 Điều này chia cho số ngày làm việc bình thường theo quy định của người sử dụng lao động của tháng trước liền kề trước thời điểm người sử dụng lao động tính trả, nhân với số ngày chưa nghỉ hoặc chưa nghỉ hết số ngày nghỉ hằng năm.

Ban biên tập thông tin đến bạn!

Trân trọng!","tro-cap-thoi-viec","","","","2018-11-12T14:23:00","https://thuvienphapluat.vn/hoi-dap-phap-luat/khi-thoi-viec-co-duoc-thanh-toan-het-so-ngay-phep-trong-nam-chua-nghi-269865.html","2026-04-24T06:58:06.872273+00:00"
"264424","Chính sách thôi việc sau khi đi học nghề đối với các đối tượng tinh giản biên chế theo Nghị định 108","Chính sách thôi việc sau khi đi học nghề đối với các đối tượng tinh giản biên chế theo Nghị định 108 được quy định tại Điều 8 Thông tư liên tịch 01/2015/TTLT-BNV-BTC hướng dẫn Nghị định 108/2014/NĐ-CP về chính sách tinh giản biên chế do Bộ trưởng Bộ Nội vụ - Bộ Tài chính ban hành như sau:

Những người thuộc đối tượng tinh giản biên chế quy định tại Điều 6 Nghị định số 108/2014/NĐ-CP có tuổi đời dưới 45 tuổi, có sức khỏe, tinh thần trách nhiệm và ý thức tổ chức kỷ luật, có nguyện vọng đi học nghề để tự tìm việc làm mới, thì được hưởng các chế độ sau:

1. Được hưởng nguyên tiền lương tháng hiện hưởng và được cơ quan, đơn vị đóng bảo hiểm xã hội, bảo hiểm y tế trong thời gian đi học nghề, nhưng thời gian hưởng tối đa là 06 tháng.

2. Được trợ cấp một khoản kinh phí học nghề bằng chi phí cho khóa học nghề tối đa là 06 tháng tiền lương hiện hưởng để đóng cho cơ sở dạy nghề.

3. Sau khi kết thúc học nghề được trợ cấp 03 tháng lương hiện hưởng tại thời điểm đi học để tìm việc làm.

4. Được trợ cấp 1/2 tháng tiền lương cho mỗi năm công tác có đóng bảo hiểm xã hội (đủ 12 tháng).

5. Trong thời gian đi học nghề được tính thời gian công tác liên tục nhưng không được tính là thời gian thâm niên để nâng lương hàng năm.

Ví dụ 7:  Ông Nguyễn Văn Q, 35 tuổi, có hệ số lương ngạch, bậc hiện hưởng theo mã ngạch 01.003, bậc 3 (3,00) từ ngày 01/5/2013, có thời gian công tác đóng bảo hiểm xã hội 8 năm 9 tháng. Ông Q thuộc diện tinh giản biên chế, nhưng có nguyện vọng đi học nghề trong 5 tháng, lệ phí học nghề là 9.000.000 đồng từ ngày 01/02/2015. Sau khi học xong, ngày 01/7/2015, ông Q được giải quyết cho thôi việc.

- Tiền lương tháng hiện hưởng là: 3,00 x 1.150.000 đồng = 3.450.000 đồng.

- Tiền lương tháng để tính trợ cấp thôi việc theo thâm niên công tác cho ông Q được tính bằng bình quân tiền lương thực lĩnh của 5 năm cuối (60 tháng) kể từ 01/7/2010 đến 30/6/2015.

- Diễn biến hệ số lương, mức tiền lương theo ngạch, bậc của ông Q từ 01/7/2010 đến 30/6/2015 như sau:

+ Từ ngày 01/7/2010 đến 30/4/2011 (10 tháng), hệ số lương mã ngạch 01.003 bậc 2 (2,67). Mức tiền lương theo ngạch, bậc là 1.949.100 đồng;

+ Từ ngày 01/5/2011 đến 30/4/2012 (12 tháng), hệ số lương mã ngạch 01.003 bậc 2 (2,67). Mức tiền lương theo ngạch, bậc là 2.216.100 đồng;

+ Từ ngày 01/5/2012 đến 30/4/2013 (12 tháng), hệ số lương mã ngạch 01.003 bậc 2 (2,67). Mức tiền lương theo ngạch, bậc là 2.803.500 đồng;

+ Từ ngày 01/5/2013 đến 30/6/2013 (02 tháng), hệ số lương mã ngạch 01.003 bậc 3 (3,0). Mức tiền lương theo ngạch, bậc là 3.150.000 đồng;

+ Từ ngày 01/7/2013 đến 30/6/2015 (24 tháng), hệ số lương mã ngạch 01.003 bậc 3 (3,0). Mức tiền lương theo ngạch, bậc là 3.450.000 đồng.

- Tiền lương thực lĩnh của 05 năm cuối (60 tháng) trước khi tinh giản biên chế là: (1.949.100 đồng x 10 tháng + 2.216.100 đồng x 12 + 2.803.500 đồng x 12 tháng + 3.150.000 đồng x 2 tháng + 3.450.000 đồng x 24 tháng)/60 = 2.813.770 đồng.

- Số năm đóng bảo hiểm xã hội để tính trợ cấp là 8 năm 9 tháng + 5 tháng đi học nghề = 9 năm 2 tháng, làm tròn là 9 năm.

- Ông Q được hưởng các khoản trợ cấp sau:

+ Được hưởng 5 tháng tiền lương hiện hưởng trong thời gian đi học nghề: 5 x 3.450.000 đồng = 17.250.000 đồng;

+ Trợ cấp 9.000.000 đồng để đóng phí học nghề cho cơ sở dạy nghề;

+ Sau khi kết thúc học nghề, ông Q được trợ cấp:

03 tháng tiền lương hiện hưởng để tìm việc: 3 tháng x 3.450.000 đồng = 10.350.000 đồng;

Trợ cấp thôi việc theo thời gian làm việc có đóng bảo hiểm xã hội: 1/2 x 2.813.770 đồng x 9 năm = 12.661.965 đồng.

Trên đây là nội dung quy định về chính sách thôi việc sau khi đi học nghề đối với các đối tượng tinh giản biên chế theo Nghị định 108. Để hiểu rõ hơn về vấn đề này, bạn nên tham khảo thêm tại Thông tư liên tịch 01/2015/TTLT-BNV-BTC.

Trân trọng!","tro-cap-thoi-viec","","","","2018-10-13T08:16:00","https://thuvienphapluat.vn/hoi-dap-phap-luat/chinh-sach-thoi-viec-sau-khi-di-hoc-nghe-doi-voi-cac-doi-tuong-tinh-gian-bien-che-theo-nghi-dinh-108-264424.html","2026-04-24T06:58:11.157301+00:00"
"264422","Chính sách thôi việc ngay đối với các đối tượng tinh giản biên chế của Nghị định 108","Chính sách thôi việc ngay đối với các đối tượng tinh giản biên chế của Nghị định 108 được quy định tại Điều 7 Thông tư liên tịch 01/2015/TTLT-BNV-BTC hướng dẫn Nghị định 108/2014/NĐ-CP về chính sách tinh giản biên chế do Bộ trưởng Bộ Nội vụ - Bộ Tài chính ban hành như sau:

1. Những người thuộc đối tượng tinh giản biên chế quy định tại Điều 6 Nghị định số 108/2014/NĐ-CP có tuổi đời dưới 53 tuổi đối với nam, dưới 48 tuổi đối với nữ và không đủ điều kiện để hưởng chính sách về hưu trước tuổi theo quy định tại Khoản 1 Điều 5 Thông tư liên tịch này, nếu thôi việc ngay thì được hưởng các khoản trợ cấp sau:

a) Được trợ cấp 03 tháng tiền lương hiện hưởng để tìm việc làm;

b) Được trợ cấp 1,5 tháng tiền lương cho mỗi năm công tác có đóng bảo hiểm xã hội (đủ 12 tháng).

2. Những người thuộc đối tượng tinh giản biên chế quy định tại Điều 6 Nghị định số 108/2014/NĐ-CP có tuổi đời dưới 58 tuổi đối với nam, dưới 53 tuổi đối với nữ và không đủ điều kiện để hưởng chính sách về hưu trước tuổi theo quy định tại Khoản 2 Điều 5 Thông tư liên tịch này, nếu thôi việc ngay thì được hưởng các khoản trợ cấp quy định tại Điểm a, b Khoản 1 Điều này.

Ví dụ 6:  Bà Nguyễn Thị C 47 tuổi, nhân viên đánh máy thuộc diện tinh giản biên chế, được giải quyết thôi việc ngay từ ngày 01/02/2015, có hệ số lương ngạch, bậc hiện hưởng theo ngạch công chức loại D, ngạch nhân viên, mã ngạch 01.005, bậc 8 (2,76) từ ngày 01/5/2013, có thời gian công tác đóng bảo hiểm xã hội là 18 năm 9 tháng.

- Tiền lương tháng hiện hưởng của bà C là: 2,76 x 1.150.000 đồng = 3.174.000 đồng.

- Tiền lương tháng để tính trợ cấp thôi việc theo thời gian làm việc có đóng bảo hiểm xã hội cho bà C được tính bằng bình quân tiền lương tháng theo ngạch, bậc thực lĩnh của 5 năm cuối (60 tháng), kể từ ngày 01/02/2010 đến ngày 31/01/2015.

- Diễn biến hệ số lương, mức tiền lương theo ngạch, bậc của bà C từ ngày 01/02/2010 đến 31/01/2015 như sau:

+ Từ 01/02/2010 đến 30/4/2010 (03 tháng), hệ số lương ngạch nhân viên loại C2, bậc 6 (2,40). Mức tiền lương theo ngạch, bậc là 1.560.000 đồng;

+ Từ 01/5/2010 đến 30/4/2011 (12 tháng), hệ số lương ngạch nhân viên loại C2, bậc 6 (2,40). Mức tiền lương theo ngạch, bậc là 1.752.000 đồng;

+ Từ 01/5/2011 đến 30/4/2012 (12 tháng), hệ số lương ngạch nhân viên loại C2, bậc 7 (2,58). Mức tiền lương theo ngạch, bậc là 2.141.400 đồng;

+ Từ 01/5/2012 đến 30/4/2013 (12 tháng), hệ số lương ngạch nhân viên loại C2, bậc 7 (2,58). Mức tiền lương theo ngạch, bậc là 2.709.000 đồng;

+ Từ 01/5/2013 đến 30/6/2013 (02 tháng), hệ số lương ngạch nhân viên loại C2, bậc 8 (2,76). Mức tiền lương theo ngạch, bậc là 2.898.000 đồng;

+ Từ 01/7/2013 đến tháng 31/01/2015 (19 tháng), hệ số lương ngạch nhân viên loại C2, bậc 8 (2,76). Mức tiền lương theo ngạch, bậc là 3.174.000 đồng.

- Tiền lương bình quân của 05 năm cuối (60 tháng) trước khi tinh giản là: [(1.560.000 đồng x 03 tháng) + (1.752.000 đồng x 12 tháng) + (2.141.400 đồng x 12 tháng) + (2.709.000 đồng x 12 tháng) + (2.898.000 đồng x 02 tháng) + (3.174.000 đồng x 19 tháng)]/60 = 2.500.180 đồng/tháng.

Tiền lương tháng để tính trợ cấp theo thời gian làm việc có đóng bảo hiểm xã hội cho bà C là: 2.500.180 đồng.

- Số năm đóng bảo hiểm xã hội để tính trợ cấp làm tròn là 19 năm.

- Bà C được hưởng các khoản trợ cấp sau:

+ Trợ cấp tìm việc: 03 x 3.174.000 đồng = 9.522.000 đồng;

+ Trợ cấp thôi việc: 1,5 x 2.500.180 đồng x 19 năm = 71.255.130 đồng.

Tổng số tiền bà C được nhận khi thôi việc là: 9.522.000 đồng + 71.255.130 đồng = 80.777.130 đồng.

Trên đây là nội dung quy định về chính sách thôi việc ngay đối với các đối tượng tinh giản biên chế của Nghị định 108. Để hiểu rõ hơn về vấn đề này, bạn nên tham khảo thêm tại Thông tư liên tịch 01/2015/TTLT-BNV-BTC.

Trân trọng!","tro-cap-thoi-viec","","","","2018-10-11T11:24:00","https://thuvienphapluat.vn/hoi-dap-phap-luat/chinh-sach-thoi-viec-ngay-doi-voi-cac-doi-tuong-tinh-gian-bien-che-cua-nghi-dinh-108-264422.html","2026-04-24T06:58:20.009998+00:00"
"263798","Có phải trả trợ cấp thôi việc cho người lao động cao tuổi?","Theo quy định tại Khoản 1 Điều 14 Nghị định 05/2015/NĐ-CP hướng dẫn Bộ luật Lao động:

""1. Người sử dụng lao động có trách nhiệm chi trả trợ cấp thôi việc theo quy định tại Điều 48 của Bộ luật Lao động cho người lao động đã làm việc thường xuyên cho mình từ đủ 12 tháng trở lên khi hợp đồng lao động chấm dứt theo quy định tại các Khoản 1, 2, 3, 5, 6, 7, 9 Điều 36 và người sử dụng lao động đơn phương chấm dứt hợp đồng lao động theo quy định tại Điều 38 của Bộ luật Lao động.""

Theo quy định tại Khoản 2 Điều 43 Luật việc làm năm 2013 thì:

"" Người lao động theo quy định tại Khoản 1 Điều này đang hưởng lương hưu, giúp việc gia đình thì không phải tham gia bảo hiểm thất nghiệp.""

Như vậy, người lao động đang hưởng lương hưu thì không phải đóng bảo hiểm thất nghiệp, do đó, khi người lao động cao tuổi nghỉ việc thì người sử dụng lao động phải có trách nhiệm chi trả tiền trợ cấp thôi việc trong thời gian không đóng bảo hiểm thất nghiệp.

Trên đây là nội dung tư vấn về trợ cấp thôi việc cho người lao động cao tuổi.

Trân trọng!","tro-cap-thoi-viec","","","","2018-10-08T16:23:00","https://thuvienphapluat.vn/hoi-dap-phap-luat/co-phai-tra-tro-cap-thoi-viec-cho-nguoi-lao-dong-cao-tuoi-263798.html","2026-04-24T06:58:24.122503+00:00"
"262008","Người lao động được hưởng trợ cấp thôi việc trong các trường hợp nào?","Theo quy định tại Khoản 1 Điều 48 Bộ Luật lao động 2012, có quy định về các trường hợp hưởng trợ cấp nghỉ việc như sau:

- Hết hạn hợp đồng lao động, trừ trường hợp quy định tại khoản 6 Điều 192 của Bộ luật này.

- Đã hoàn thành công việc theo hợp đồng lao động.

- Hai bên thoả thuận chấm dứt hợp đồng lao động.

- Người lao động bị kết án tù giam, tử hình hoặc bị cấm làm công việc ghi trong hợp đồng lao động theo bản án, quyết định có hiệu lực pháp luật của Toà án.

- Người lao động chết, bị Toà án tuyên bố mất năng lực hành vi dân sự, mất tích hoặc là đã chết.

- Người sử dụng lao động là cá nhân chết, bị Toà án tuyên bố mất năng lực hành vi dân sự, mất tích hoặc là đã chết; người sử dụng lao động không phải là cá nhân chấm dứt hoạt động.

- Người lao động đơn phương chấm dứt hợp đồng lao động theo quy định tại Điều 37 của Bộ luật này.

- Người sử dụng lao động đơn phương chấm dứt hợp đồng lao động theo quy định tại Điều 38 của Bộ luật này; người sử dụng lao động cho người lao động thôi việc do thay đổi cơ cấu, công nghệ hoặc vì lý do kinh tế hoặc do sáp nhập, hợp nhất, chia tách doanh nghiệp, hợp tác xã.

Nếu người lao động nghỉ việc thuộc một trong các trường hợp trên, thì người sử dụng lao động có trách nhiệm chi trả trợ cấp thôi việc cho người lao động đã làm việc thường xuyên từ đủ 12 tháng trở lên,  m ỗi năm làm việc được trợ cấp một nửa tháng tiền lương .

Ban biên tập phản hồi thông tin đến bạn.","tro-cap-thoi-viec","","","","2018-09-21T13:49:00","https://thuvienphapluat.vn/hoi-dap-phap-luat/nguoi-lao-dong-duoc-huong-tro-cap-thoi-viec-trong-cac-truong-hop-nao-262008.html","2026-04-24T06:58:28.378405+00:00"
"259690","Mức trợ cấp thôi việc đối với công chức","Theo quy định pháp luật hiện hành thì công chức được giải quyết thôi việc và cho hưởng chế độ thôi việc trong các trường hợp sau:

- Theo nguyện vọng và được cơ quan, tổ chức, đơn vị có thẩm quyền đồng ý.

- Do 02 năm liên tiếp không hoàn thành nhiệm vụ theo quy định.

Theo đó, trường hợp công chức được giải quyết thôi việc thì được trợ cấp theo việc theo mức được quy định tại Điều 5 Nghị định 46/2010/NĐ-CP, cụ thể là:

Công chức thôi việc được hưởng trợ cấp thôi việc như sau: cứ mỗi năm làm việc được tính bằng 1/2 (một phần hai) tháng lương hiện hưởng, gồm: mức lương theo ngạch, bậc, phụ cấp chức vụ lãnh đạo, phụ cấp thâm niên vượt khung, phụ cấp thâm niên nghề và hệ số chênh lệch bảo lưu lương (nếu có). Mức trợ cấp thấp nhất bằng 01 (một) tháng lương hiện hưởng.

Trên đây là quan điểm tư vấn của chúng tôi đối với vấn đề mà bạn đang thắc mắc.

Trân trọng!","tro-cap-thoi-viec","","","","2018-09-08T16:35:00","https://thuvienphapluat.vn/hoi-dap-phap-luat/muc-tro-cap-thoi-viec-doi-voi-cong-chuc-259690.html","2026-04-24T06:58:32.955552+00:00"
"259693","Thời gian làm việc được tính trợ cấp thôi việc đối với công chức","Theo quy định pháp luật hiện hành thì công chức được giải quyết thôi việc và cho hưởng chế độ thôi việc trong các trường hợp sau:

- Theo nguyện vọng và được cơ quan, tổ chức, đơn vị có thẩm quyền đồng ý.

- Do 02 năm liên tiếp không hoàn thành nhiệm vụ theo quy định.

Theo đó, trường hợp công chức được giải quyết thôi việc theo quy định pháp luật hiện nay và được trợ cấp thôi việc theo thời gian thực tế công tác thì thời gian làm việc được tính trợ cấp thôi việc đối với công chức được xác định theo quy định tại Điều 6 Nghị định 46/2010/NĐ-CP, cụ thể là:

Thời gian làm việc được tính trợ cấp thôi việc là tổng thời gian tính theo năm có đóng bảo hiểm xã hội (nếu đứt quãng thì được cộng dồn) chưa nhận trợ cấp thôi việc hoặc trợ cấp phục viên, bao gồm:

- Thời gian làm việc trong các cơ quan, tổ chức, đơn vị của Đảng Cộng sản Việt Nam, Nhà nước, tổ chức chính trị - xã hội;

- Thời gian làm việc trong quân đội nhân dân và công an nhân dân;

- Thời gian làm việc trong công ty nhà nước theo quy định của Luật Doanh nghiệp;

- Thời gian làm việc theo chỉ tiêu biên chế được cơ quan có thẩm quyền giao trong tổ chức chính trị xã hội - nghề nghiệp, tổ chức xã hội, tổ chức xã hội - nghề nghiệp;

- Thời gian được cơ quan, tổ chức, đơn vị cử đi đào tạo, bồi dưỡng;

- Thời gian nghỉ được hưởng lương theo pháp luật về lao động;

- Thời gian nghỉ được hưởng chế độ ốm đau, thai sản, tai nạn lao động, bệnh nghề nghiệp, dưỡng sức phục hồi sức khỏe theo quy định của pháp luật về bảo hiểm xã hội;

- Thời gian bị xử lý kỷ luật hoặc truy cứu trách nhiệm hình sự mà đã được cơ quan, tổ chức có thẩm quyền kết luận là oan, sai;

- Thời gian bị tạm đình chỉ công tác theo quy định tại Điều 81 của Luật Cán bộ, công chức;

- Thời gian được bố trí làm việc khi hưởng án treo, cải tạo không giam giữ theo bản án hoặc quyết định của Tòa án.

Trường hợp nếu có tháng lẻ thì được tính như sau:

- Dưới 03 (ba) tháng thì không tính;

- Từ đủ 03 (ba) tháng đến đủ 06 (sáu) tháng thì được tính bằng 1/2 (một phần hai) năm làm việc;

- Từ trên 06 (sáu) tháng đến 12 (mười hai) tháng thì được tính bằng 01 (một) năm làm việc.

Trên đây là quan điểm tư vấn của chúng tôi đối với vấn đề mà bạn đang thắc mắc.

Trân trọng!","tro-cap-thoi-viec","","","","2018-09-08T16:34:00","https://thuvienphapluat.vn/hoi-dap-phap-luat/thoi-gian-lam-viec-duoc-tinh-tro-cap-thoi-viec-doi-voi-cong-chuc-259693.html","2026-04-24T06:58:37.164170+00:00"
"259697","Cách làm tròn thời gian làm việc được tính trợ cấp thôi việc đối với công chức","Pháp luật hiện hành quy định thời gian làm việc được tính trợ cấp thôi việc đối với công chức là tổng thời gian tính theo năm có đóng bảo hiểm xã hội (nếu đứt quãng thì được cộng dồn) chưa nhận trợ cấp thôi việc hoặc trợ cấp phục viên, bao gồm:

- Thời gian làm việc trong các cơ quan, tổ chức, đơn vị của Đảng Cộng sản Việt Nam, Nhà nước, tổ chức chính trị - xã hội;

- Thời gian làm việc trong quân đội nhân dân và công an nhân dân;

- Thời gian làm việc trong công ty nhà nước theo quy định của Luật Doanh nghiệp;

- Thời gian làm việc theo chỉ tiêu biên chế được cơ quan có thẩm quyền giao trong tổ chức chính trị xã hội - nghề nghiệp, tổ chức xã hội, tổ chức xã hội - nghề nghiệp;

- Thời gian được cơ quan, tổ chức, đơn vị cử đi đào tạo, bồi dưỡng;

- Thời gian nghỉ được hưởng lương theo pháp luật về lao động;

- Thời gian nghỉ được hưởng chế độ ốm đau, thai sản, tai nạn lao động, bệnh nghề nghiệp, dưỡng sức phục hồi sức khỏe theo quy định của pháp luật về bảo hiểm xã hội;

- Thời gian bị xử lý kỷ luật hoặc truy cứu trách nhiệm hình sự mà đã được cơ quan, tổ chức có thẩm quyền kết luận là oan, sai;

- Thời gian bị tạm đình chỉ công tác theo quy định tại Điều 81 của Luật Cán bộ, công chức;

- Thời gian được bố trí làm việc khi hưởng án treo, cải tạo không giam giữ theo bản án hoặc quyết định của Tòa án.

Trường hợp khi xác định thời gian làm việc được tính trợ cấp thôi việc đối với công chức mà có tháng lẻ thì làm tròn theo quy định tại Khoản 2 Điều 6 Nghị định 46/2010/NĐ-CP, cụ thể là:

- Dưới 03 (ba) tháng thì không tính;

- Từ đủ 03 (ba) tháng đến đủ 06 (sáu) tháng thì được tính bằng 1/2 (một phần hai) năm làm việc;

- Từ trên 06 (sáu) tháng đến 12 (mười hai) tháng thì được tính bằng 01 (một) năm làm việc.

Trên đây là quan điểm tư vấn của chúng tôi đối với vấn đề mà bạn đang thắc mắc.

Trân trọng!","tro-cap-thoi-viec","","","","2018-09-08T16:33:00","https://thuvienphapluat.vn/hoi-dap-phap-luat/cach-lam-tron-thoi-gian-lam-viec-duoc-tinh-tro-cap-thoi-viec-doi-voi-cong-chuc-259697.html","2026-04-24T06:58:41.508774+00:00"
"259266","Phân biệt trợ cấp mất việc và trợ cấp thôi việc","Căn cứ pháp lý: Điều 48 và Điều 49 Bộ Luật lao động 2012

Trợ cấp

Điều kiện chi trả

Thời gian làm việc để tính trợ cấp

Tiền lương để tính trợ cấp

Thôi việc

Người sử dụng lao động có trách nhiệm chi trả trợ cấp thôi việc cho người lao động đã làm việc thường xuyên từ đủ 12 tháng trở lên, mỗi năm làm việc được trợ cấp một nửa tháng tiền lương khi chấm dứt hợp đồng trong các trường hợp sau:

- Hết hạn hợp đồng lao động, trừ trường hợp người lao động là cán bộ công đoàn không chuyên trách đang trong nhiệm kỳ công đoàn mà hết hạn hợp đồng lao động;

- Đã hoàn thành công việc theo hợp đồng lao động.

- Hai bên thoả thuận chấm dứt hợp đồng lao động.

- Người lao động bị kết án tù giam, tử hình hoặc bị cấm làm công việc ghi trong hợp đồng lao động theo bản án, quyết định có hiệu lực pháp luật của Toà án.

- Người lao động chết, bị Toà án tuyên bố mất năng lực hành vi dân sự, mất tích hoặc là đã chết.

- Người sử dụng lao động là cá nhân chết, bị Toà án tuyên bố mất năng lực hành vi dân sự, mất tích hoặc là đã chết; người sử dụng lao động không phải là cá nhân chấm dứt hoạt động.

- Người lao động đơn phương chấm dứt hợp đồng lao động theo quy định tại Điều 37 của Bộ luật này.

- Người sử dụng lao động đơn phương chấm dứt hợp đồng lao động theo quy định tại Điều 38 của Bộ luật này; người sử dụng lao động cho người lao động thôi việc do thay đổi cơ cấu, công nghệ hoặc vì lý do kinh tế hoặc do sáp nhật, hợp nhất, chia tách doanh nghiệp, hợp tác xã.

Thời gian làm việc để tính trợ cấp thôi việc là tổng thời gian người lao động đã làm việc thực tế cho người sử dụng lao động trừ đi thời gian người lao động đã tham gia bảo hiểm thất nghiệp theo quy định của Luật bảo hiểm xã hội và thời gian làm việc đã được người sử dụng lao động chi trả trợ cấp thôi việc.

Tiền lương để tính trợ cấp thôi việc là tiền lương bình quân theo hợp đồng lao động của 06 tháng liền kề trước khi người lao động thôi việc.

Mất việc

Người sử dụng lao động trả trợ cấp mất việc làm cho người lao động đã làm việc thường xuyên cho mình từ 12 tháng trở lên mà bị mất việc làm, mỗi năm làm việc trả 01 tháng tiền lương nhưng ít nhất phải bằng 02 tháng tiền lương trong các trường hợp sau:

- Thay đổi cơ cấu, công nghệ mà ảnh hưởng đến việc làm của nhiều người lao động mà người sử dụng lao động không thể giải quyết được việc làm mới, phải cho người lao động thôi việc;

- Sáp nhập, hợp nhất, chia, tách doanh nghiệp, hợp tác xã mà người sử dụng lao động kế tiếp không sử dụng hết số lao động hiện có và cho người lao động thôi việc;

- Chuyển quyền sở hữu hoặc quyền sử dụng tài sản của doanh nghiệp mà cho người lao động thôi việc.

Thời gian làm việc để tính trợ cấp thôi việc là tổng thời gian người lao động đã làm việc thực tế cho người sử dụng lao động trừ đi thời gian người lao động đã tham gia bảo hiểm thất nghiệp theo quy định của Luật bảo hiểm xã hội và thời gian làm việc đã được người sử dụng lao động chi trả trợ cấp thôi việc.

Tiền lương để tính trợ cấp mất việc làm là tiền lương bình quân theo hợp đồng lao động của 06 tháng liền kề trước khi người lao động mất việc làm.

Trên đây là nội dung tư vấn về việc phân biệt trợ cấp mất việc và trợ cấp thôi việc. Để hiểu rõ hơn về vấn đề này bạn nên tham khảo thêm tại Bộ Luật lao động 2012.

Trân trọng!","tro-cap-thoi-viec","","","","2018-09-05T15:21:00","https://thuvienphapluat.vn/hoi-dap-phap-luat/phan-biet-tro-cap-mat-viec-va-tro-cap-thoi-viec-259266.html","2026-04-24T06:58:46.207530+00:00"
"258190","Thành phần hồ sơ đối với người nghỉ hưu, nghỉ mất sức, thôi việc tại phòng Nông nghiệp","Căn cứ theo quy định tại Khoản 3 Điều 4 Quyết định 2693/QĐ-BNN-TCCB năm 2013 về Quy chế Quản lý hồ sơ cán bộ, công chức, viên chức và người lao động của Bộ Nông nghiệp và Phát triển nông thôn, thành phần hồ sơ đối với người nghỉ hưu, nghỉ mất sức, thôi việc được quy định như sau:

Hồ sơ bao gồm:

- Quyển lý lịch do cá nhân tự khai được cơ quan có thẩm quyền quản lý thẩm tra, xác minh và chứng nhận;

- Bản Sơ yếu lý lịch;

- Bản sao giấy khai sinh có chứng thực;

- Giấy khám sức khỏe do đơn vị y tế có thẩm quyền cấp;

- Các giấy tờ có liên quan khác: văn bằng, chứng chỉ, bảng điểm về trình độ đào tạo chuyên môn, lý luận chính trị, ngoại ngữ, tin học, bồi dưỡng... có xác nhận của cơ quan có thẩm quyền. Trường hợp văn bằng chứng chỉ được cấp bằng tiếng nước ngoài phải được dịch sang tiếng Việt theo quy định của pháp luật;

- Quyết định tuyển dụng;

- Hợp đồng làm việc/Hợp đồng lao động.

- Phiếu bổ sung lý lịch;

- Các quyết định: tuyển dụng, bổ nhiệm, nâng lương, nâng ngạch, thăng hạng, điều động, luân chuyển, khen thưởng, kỷ luật (nếu có), hợp đồng lao động, hợp đồng làm việc ...;

- Bản tự kiểm điểm, nhận xét đánh giá hàng năm;

- Bản nhận xét, đánh giá của cơ quan quản lý, sử dụng công chức, viên chức;

- Bản kê khai tài sản đối với các đối tượng có nghĩa vụ kê khai tài sản, thu nhập;

- Đơn, thư kèm theo các văn bản thẩm tra, xác minh, biên bản, kết luận của cơ quan có thẩm quyền về những vấn đề liên quan (nếu có);

- Quyết định nghỉ hưu/nghỉ mất sức/nghỉ thôi việc của cơ quan có thẩm quyền;

- Quyết định hưởng Bảo hiểm xã hội của cơ quan Bảo hiểm xã hội.

Trên đây là nội dung tư vấn về Thành phần hồ sơ đối với người nghỉ hưu, nghỉ mất sức, thôi việc tại phòng Nông nghiệp. Để hiểu rõ và chi tiết hơn vui lòng tìm hiểu thêm tại Quyết định 2693/QĐ-BNN-TCCB năm 2013.

Trân trọng!","tro-cap-thoi-viec","","","","2018-08-28T16:11:00","https://thuvienphapluat.vn/hoi-dap-phap-luat/thanh-phan-ho-so-doi-voi-nguoi-nghi-huu-nghi-mat-suc-thoi-viec-tai-phong-nong-nghiep-258190.html","2026-04-24T06:58:50.272499+00:00"
"251555","Công chức xin nghỉ việc được hưởng trợ cấp thôi việc không?","Căn cứ theo quy định tại Điều 3 Nghị định 46/2010/NĐ-CP quy định về thôi việc và thủ tục nghỉ hưu đối với công chức, trường hợp công chức được hưởng chế độ thôi việc:

- Công chức được hưởng chế độ thôi việc quy định tại Nghị định này trong các trường hợp sau:

+ Theo nguyện vọng và được cơ quan, tổ chức, đơn vị có thẩm quyền đồng ý.

+ Do 02 năm liên tiếp không hoàn thành nhiệm vụ theo quy định tại khoản 3 Điều 58 Luật Cán bộ, công chức.

=> Việc bạn nghỉ việc theo nguyện vọng và được cơ quan đồng ý thì bạn thuộc đối tượng được hưởng trợ cấp thôi việc.

- Bên cạnh đó, tại Điều 5 Nghị định 46/2010/NĐ-CP có quy định công chức thôi việc được hưởng trợ cấp thôi việc như sau: cứ mỗi năm làm việc được tính bằng 1/2 (một phần hai) tháng lương hiện hưởng, gồm: mức lương theo ngạch, bậc, phụ cấp chức vụ lãnh đạo, phụ cấp thâm niên vượt khung, phụ cấp thâm niên nghề và hệ số chênh lệch bảo lưu lương (nếu có). Mức trợ cấp thấp nhất bằng 01 (một) tháng lương hiện hưởng.

=> Theo như thông tin bạn cung cấp, bạn đã làm công chức được 3 năm nên được hưởng mức trợ cấp tương đương là 1,5 tháng lương hiện hưởng.

- Căn cứ theo quy định tại Khoản 1 Điều 60 Luật bảo hiểm xã hội 2014, người lao động quy định tại khoản 1 Điều 2 của Luật này mà có yêu cầu thì được hưởng bảo hiểm xã hội một lần nếu thuộc một trong các trường hợp sau đây:

+ Đủ tuổi hưởng lương hưu theo quy định tại các khoản 1, 2 và 4 Điều 54 của Luật này mà chưa đủ 20 năm đóng bảo hiểm xã hội hoặc theo quy định tại khoản 3 Điều 54 của Luật này mà chưa đủ 15 năm đóng bảo hiểm xã hội và không tiếp tục tham gia bảo hiểm xã hội tự nguyện;

+ Ra nước ngoài để định cư;

+ Người đang bị mắc một trong những bệnh nguy hiểm đến tính mạng như ung thư, bại liệt, xơ gan cổ chướng, phong, lao nặng, nhiễm HIV đã chuyển sang giai đoạn AIDS và những bệnh khác theo quy định của Bộ Y tế;

+ Trường hợp người lao động quy định tại điểm đ và điểm e khoản 1 Điều 2 của Luật này khi phục viên, xuất ngũ, thôi việc mà không đủ điều kiện để hưởng lương hưu.

=> Bạn xin nghỉ việc để ra làm cho công ty tư nhân thì bạn không thuộc trường hợp thuộc hưởng bảo hiểm xã hội 1 lần.

Trên đây là nội dung tư vấn về hưởng trợ cấp thôi việc của công chức xin nghỉ việc. Để hiểu rõ và chi tiết hơn vui lòng xem thêm tại Nghị định 46/2010/NĐ-CP và Luật bảo hiểm xã hội 2014. Mong là những thông tin chia sẻ trên đây sẽ giúp ích cho bạn.

Trân trọng!","tro-cap-thoi-viec","","","","2018-07-17T16:23:00","https://thuvienphapluat.vn/hoi-dap-phap-luat/cong-chuc-xin-nghi-viec-duoc-huong-tro-cap-thoi-viec-khong-251555.html","2026-04-24T06:58:55.216243+00:00"
"247636","Chế độ trợ cấp thôi việc đối với viên chức","Theo quy định tại Điều 39 Nghị định 29/2012/NĐ-CP về tuyển dụng, sử dụng và quản lý viên chức thì Chế độ trợ cấp thôi việc đối với viên chức được quy định cụ thể như sau:

1. Trợ cấp thôi việc đối với thời gian công tác của viên chức từ ngày 31 tháng 12 năm 2008 trở về trước được tính như sau:

a) Cứ mỗi năm làm việc được tính bằng 1/2 (một phần hai) tháng lương hiện hưởng, gồm: Mức lương theo chức danh nghề nghiệp, phụ cấp chức vụ lãnh đạo, phụ cấp thâm niên vượt khung, phụ cấp thâm niên nghề và hệ số chênh lệch bảo lưu lương (nếu có);

b) Mức trợ cấp thấp nhất bằng 01 (một) tháng lương hiện hưởng;

c) Trường hợp viên chức được tuyển dụng trước ngày 01 tháng 7 năm 2003, thời gian làm việc được tính trợ cấp thôi việc là tổng thời gian làm việc (cộng dồn) kể từ khi viên chức có quyết định tuyển dụng đến hết ngày 31 tháng 12 năm 2008.

d) Trường hợp viên chức được tuyển dụng từ ngày 01 tháng 7 năm 2003 trở về sau, thời gian làm việc được tính trợ cấp thôi việc là tổng thời gian làm việc theo hợp đồng làm việc (cộng dồn) kể từ khi viên chức có quyết định tuyển dụng đến hết ngày 31 tháng 12 năm 2008.

2. Trợ cấp thôi việc đối với thời gian công tác của viên chức từ ngày 01 tháng 01 năm 2009 đến nay được thực hiện theo quy định của pháp luật về trợ cấp thất nghiệp.

3. Nguồn kinh phí chi trả trợ cấp thôi việc được lấy từ nguồn tài chính của đơn vị sự nghiệp công lập.

4. Viên chức thôi việc được hưởng trợ cấp thôi việc quy định tại Khoản 1, Khoản 2 Điều này và được xác nhận thời gian có đóng bảo hiểm xã hội theo quy định của pháp luật.

Trên đây là nội dung tư vấn về Chế độ trợ cấp thôi việc đối với viên chức. Để biết thêm thông tin chi tiết, bạn nên tham khảo thêm tại Nghị định 29/2012/NĐ-CP.

Trân trọng!","tro-cap-thoi-viec","","","","2018-06-21T07:57:00","https://thuvienphapluat.vn/hoi-dap-phap-luat/che-do-tro-cap-thoi-viec-doi-voi-vien-chuc-247636.html","2026-04-24T06:59:00.114334+00:00"
"244704","Các trường hợp viên chức không được hưởng trợ cấp thôi việc","Theo quy định tại Khoản 2 Điều 45 Luật viên chức 2010 thì các trường hợp viên chức không được hưởng trợ cấp thôi việc được quy định cụ thể như sau:

Viên chức không được hưởng trợ cấp thôi việc nếu thuộc một trong các trường hợp sau:

a) Bị buộc thôi việc;

b) Đơn phương chấm dứt hợp đồng làm việc mà vi phạm quy định tại các khoản 4, 5 và 6 Điều 29 của Luật này;

c) Chấm dứt hợp đồng làm việc theo quy định tại khoản 5 Điều 28 của Luật này.

Chế độ thôi việc của viên chức được hướng dẫn cụ thể tại Điều 38 và Điều 39 Nghị định 29/2012/NĐ-CP

Trên đây là nội dung tư vấn về các trường hợp viên chức không được hưởng trợ cấp thôi việc. Để biết thêm thông tin chi tiết, bạn nên tham khảo thêm tại Luật viên chức 2010.

Trân trọng!","tro-cap-thoi-viec","","","","2018-06-01T14:32:00","https://thuvienphapluat.vn/hoi-dap-phap-luat/cac-truong-hop-vien-chuc-khong-duoc-huong-tro-cap-thoi-viec-244704.html","2026-04-24T06:59:04.659555+00:00"
"242087","Trợ cấp thôi việc theo Bộ Luật lao động 2012","Theo quy định tại Điều 48 Bộ Luật lao động 2012 thì trợ cấp thôi việc được quy định cụ thể như sau:

1. Khi hợp đồng lao động chấm dứt theo quy định tại các khoản 1, 2, 3, 5, 6, 7, 9 và 10 Điều 36 của Bộ luật này thì người sử dụng lao động có trách nhiệm chi trả trợ cấp thôi việc cho người lao động đã làm việc thường xuyên từ đủ 12 tháng trở lên, mỗi năm làm việc được trợ cấp một nửa tháng tiền lương.

2. Thời gian làm việc để tính trợ cấp thôi việc là tổng thời gian người lao động đã làm việc thực tế cho người sử dụng lao động trừ đi thời gian người lao động đã tham gia bảo hiểm thất nghiệp theo quy định của Luật bảo hiểm xã hội và thời gian làm việc đã được người sử dụng lao động chi trả trợ cấp thôi việc.

3. Tiền lương để tính trợ cấp thôi việc là tiền lương bình quân theo hợp đồng lao động của 06 tháng liền kề trước khi người lao động thôi việc.

Trên đây là nội dung tư vấn về trợ cấp thôi việc theo Bộ Luật lao động 2012. Để biết thêm thông tin chi tiết, bạn nên tham khảo thêm tại Bộ Luật lao động 2012.

Trân trọng!","tro-cap-thoi-viec","","","","2018-05-21T07:54:00","https://thuvienphapluat.vn/hoi-dap-phap-luat/tro-cap-thoi-viec-theo-bo-luat-lao-dong-2012-242087.html","2026-04-24T06:59:09.093254+00:00"
"242088","Trợ cấp thôi việc theo Bộ Luật lao động 1994","Theo quy định tại Điều 42 Bộ Luật lao động 1994 thì trợ cấp thôi việc được quy định cụ thể như sau:

1- Khi chấm dứt hợp đồng lao động đối với người lao động đã làm việc thường xuyên trong doanh nghiệp, cơ quan, tổ chức từ một năm trở lên, người sử dụng lao động có trách nhiệm trợ cấp thôi việc, cứ mỗi năm làm việc là nửa tháng lương, cộng với phụ cấp lương, nếu có.

2- Khi chấm dứt hợp đồng lao động theo quy định tại Điểm a và Điểm b Khoản 1 Điều 85 của Bộ luật này, người lao động không được trợ cấp thôi việc.

Trên đây là nội dung tư vấn về trợ cấp thôi việc theo Bộ Luật lao động 1994. Để biết thêm thông tin chi tiết, bạn nên tham khảo thêm tại Bộ Luật lao động 1994.

Trân trọng!","tro-cap-thoi-viec","","","","2018-05-21T07:53:00","https://thuvienphapluat.vn/hoi-dap-phap-luat/tro-cap-thoi-viec-theo-bo-luat-lao-dong-1994-242088.html","2026-04-24T06:59:18.753948+00:00"
"110959","Trợ cấp thôi việc","Theo luật sư, việc bạn xác định mức lương bình quân 6 tháng trước khi nghỉ việc như vậy là chưa hợp lý. Hợp lý sẽ là: 4.000.000đ x 2 tháng + 6.090.000đ x 4 tháng   = 5.393.000đ 6 tháng Tính trợ cấp thôi việc (mỗi năm làm việc hưởng trợ cấp  1/2  tháng lương chứ ko phải hưởng 1 tháng lương): 5,5 năm x 5.393.000đ x 0,5 =  14.830.750đ","tro-cap-thoi-viec","","","","2017-07-05T17:10:00","https://thuvienphapluat.vn/hoi-dap-phap-luat/tro-cap-thoi-viec-110959.html","2026-04-24T06:59:23.264137+00:00"
"190766","Người lao động đơn phương xin nghỉ việc có được hưởng trợ cấp thôi việc không?","Theo quy định tại Điều 48 Bộ luật lao động 2012 thì bạn được hưởng trợ cấp thôi việc trong những trường hợp sau:

- Hết hạn hợp đồng lao động.

- Đã hoàn thành công việc theo hợp đồng lao động.

- Hai bên thoả thuận chấm dứt hợp đồng lao động.

- Người lao động bị kết án tù giam, tử hình hoặc bị cấm làm công việc ghi trong hợp đồng lao động theo bản án, quyết định có hiệu lực pháp luật của Toà án.

- Người lao động chết, bị Toà án tuyên bố mất năng lực hành vi dân sự, mất tích hoặc là đã chết.

- Người sử dụng lao động là cá nhân chết, bị Toà án tuyên bố mất năng lực hành vi dân sự, mất tích hoặc là đã chết; người sử dụng lao động không phải là cá nhân chấm dứt hoạt động.

- Người lao động đơn phương chấm dứt hợp đồng lao động theo quy định của Bộ luật lao động.

- Người sử dụng lao động đơn phương chấm dứt hợp đồng lao động theo quy định của Bộ luật lao động; người sử dụng lao động cho người lao động thôi việc do thay đổi cơ cấu, công nghệ hoặc vì lý do kinh tế hoặc do sáp nhật, hợp nhất, chia tách doanh nghiệp, hợp tác xã.

Căn cứ vào quy định trên bạn thuộc đối tượng được hưởng trợ cấp thôi việc và người sử dụng lao động có trách nhiệm chi trả trợ cấp thôi việc cho người lao động đã làm việc thường xuyên từ đủ 12 tháng trở lên, mỗi năm làm việc được trợ cấp một nửa tháng tiền lương.

Tuy nhiên, nếu bạn và công ty của bạn đã tham gia bảo hiểm thất nghiệp thì tiền trợ cấp thôi việc sẽ do cơ quan bảo hiểm chi trả. Trong trường hợp bạn vừa có thời gian làm việc không đóng bảo hiểm thất nghiệp và có cả thời gian đóng bảo hiểm thất nghiệp thì thời gian làm việc để tính trợ cấp thôi việc là tổng thời gian người lao động đã làm việc thực tế cho người sử dụng lao động trừ đi thời gian người lao động đã tham gia bảo hiểm thất nghiệp theo quy định của Luật Bảo hiểm xã hội 2014 và thời gian làm việc đã được người sử dụng lao động chi trả trợ cấp thôi việc.

Trên đây là nội dung tư vấn của Ban biên tập Thư Ký Luật về việc hưởng trợ cấp thôi việc khi người lao động đơn phương xin nghỉ việc. Bạn nên tham khảo chi tiết Bộ luật lao động 2012 để hiểu rõ nội dung này.

Trân trọng!","tro-cap-thoi-viec","","","","2017-07-03T22:03:00","https://thuvienphapluat.vn/hoi-dap-phap-luat/nguoi-lao-dong-don-phuong-xin-nghi-viec-co-duoc-huong-tro-cap-thoi-viec-khong-190766.html","2026-04-24T06:59:28.208268+00:00"
"190476","Thời gian làm việc tính trợ cấp thôi việc với viên chức giúp việc cho Bộ Trưởng tuyển dụng trước 1/7/2003","Thời gian làm việc tính trợ cấp thôi việc với viên chức giúp việc cho Bộ Trưởng, Thủ trưởng cơ quan ngang Bộ tuyển dụng trước 1/7/2003 được quy định tại Đoạn 1 Tiểu mục 2.1 Mục II Thông tư 130/2005/TT-BNV hướng dẫn thực hiện Nghị định 54/2005/NĐ-CP về chế độ thôi việc, chế độ bồi thường chi phí đào tạo đối với cán bộ, công chức. Cụ thể là:

Thời gian làm việc được tính trợ cấp thôi việc đối với công chức thực hiện theo quy định tại Khoản 1 Điều 9 Nghị định số 54/2005/NĐ-CP, đối với viên chức được tuyển dụng trước ngày 01 tháng 7 năm 2003 thực hiện theo quy định tại điểm a khoản 2 Điều 9 Nghị định số 54/2005/NĐ-CP.

Điểm a Khoản 2 Điều 9 Nghị định 54/2005/NĐ-CP quy định như sau:

Thời gian làm việc được tính trợ cấp thôi việc đối với viên chức quy định tại Nghị định này:

a) Viên chức được tuyển dụng trước ngày 01 tháng 7 năm 2003: là tổng thời gian làm việc (cộng dồn) kể từ khi có quyết định tuyển dụng đến khi viên chức có quyết định thôi việc của cơ quan, đơn vị có thẩm quyền;

Tổng thời gian làm việc bao gồm thời gian quy định tại các điểm a, b, c, d, đ, e, g, h, i và k khoản 1 Điều 9 của Nghị định này;

Như vậy, thời gian làm việc để tính trợ cấp thôi việc đối với viên chức giúp việc cho Bộ Trưởng, Thủ trưởng cơ quan ngang Bộ tuyển dụng trước 1/7/2003 là tổng thời gian làm việc theo hợp đồng làm việc (cộng dồn) tại đơn vị đó đến khi viên chức có quyết định thôi việc của cơ quan, đơn vị có thẩm quyền.

Đơn vị tuyển dụng có trách nhiệm chi trả trợ cấp thôi việc cho người lao động đã làm việc thường xuyên từ đủ 12 tháng trở lên, mỗi năm làm việc được trợ cấp một nửa tháng tiền lương. Tiền lương để tính trợ cấp thôi việc là tiền lương bình quân theo hợp đồng lao động của 06 tháng liền kề trước khi người lao động thôi việc.

Trên đây là nội dung tư vấn của Ban biên tập Thư Ký Luật về thời gian làm việc được tính trợ cấp thôi việc đối với viên chức giúp việc cho Bộ Trưởng, Thủ trưởng cơ quan ngang Bộ tuyển dụng trước 1/7/2003. Để biết thêm thông tin chi tiết bạn nên tham khảo quy định tại Thông tư 130/2005/TT-BNV.

Trân trọng!","tro-cap-thoi-viec","","","","2017-06-28T10:28:00","https://thuvienphapluat.vn/hoi-dap-phap-luat/thoi-gian-lam-viec-tinh-tro-cap-thoi-viec-voi-vien-chuc-giup-viec-cho-bo-truong-tuyen-dung-truoc-1-7-2003-190476.html","2026-04-24T06:59:32.543457+00:00"
"189869","Ai là người có quyền nhận trợ cấp thôi việc của người lao động đã mất?","Theo quy định của pháp luật về thừa kế thì anh Sơn đã mất. Do đó, số tiền công ty trợ cấp thôi việc 31.395.000 đồng trở thành di sản thừa kế. Số tiền này anh Sơn không để lại di chúc nên được chia thừa kế theo pháp luật.

Theo Điểm a Khoản 1 Điều 651 Bộ luật dân sự 2015 thì hàng thừa kế thứ nhất gồm: vợ, chồng, cha đẻ, mẹ đẻ, cha nuôi, mẹ nuôi, con đẻ, con nuôi của người chết.

+| Do người vợ thứ nhất đã li hôn nên không còn quan hệ hôn nhân với anh Sơn, không thuộc hàng thừa kế.  + Người vợ thứ 02 không đăng ký kết hôn, do đó không được pháp luật thừa nhận nên không thuộc hàng thừa kế.

Như vậy, những người còn lại trong hàng thừa kế thứ nhất này sẽ được nhận phần di sản thừa kế của anh Sơn. Bao gồm: Cha đẻ, mẹ đẻ, con ruột của anh Sơn hoặc cha nuôi, mẹ nuôi, con nuôi (nếu có của anh ấy). Trường hợp nếu không có ai ở hàng thừa kế thứ nhất hưởng thì sẽ xét đến các hàng thừa kế tiếp theo được quy định tại Điều 651 Bộ luật này.

Theo Khoản 2 Điều 651 Bộ luật dân sự 2015 quy định thì những người thừa kế cùng hàng được hưởng phần di sản bằng nhau.

Như vậy, trong trường hợp của đơn vị bạn thì cha, mẹ của anh Sơn (nếu còn sống) và con anh Sơn phải cùng nhau hoặc ủy quyền cho 01 người (có thể ủy quyền cho 1 người khác ngoài 3 người này) lên công ty bạn để nhận số tiền nêu trên.

Trên đây là nội dung tư vấn của Ban biên tập Thư Ký Luật về vấn đề nhận trợ cấp thôi việc của người lao động đã chết. Để hiểu rõ hơn về nội dung này, bạn vui lòng tham khảo chi tiết Bộ luật dân sự 2015.

Trân trọng!","tro-cap-thoi-viec","","","","2017-06-26T10:37:00","https://thuvienphapluat.vn/hoi-dap-phap-luat/ai-la-nguoi-co-quyen-nhan-tro-cap-thoi-viec-cua-nguoi-lao-dong-da-mat-189869.html","2026-04-24T06:59:36.769223+00:00"
"189408","Tự ý nghỉ việc có được nhận trợ cấp thôi việc hay không?","Bạn đọc thân mến!

Trong quan hệ lao động thường nảy sinh nhiều mâu thuẫn không mong muốn, có thể là giữa người sử dụng lao động với người lao động hoặc giữa những người lao động với nhau. Khi đó, để chấm dứt mâu thuẫn nói trên rất nhiều trường hợp người lao động tự ý nghỉ việc mà không báo trước với người sử dụng lao động. Người lao động khi nghỉ việc thường có nhiều vướng mắc pháp lý liên quan đến các khoản trợ cấp, phụ cấp gửi đến cho chúng tôi. Với trường hợp của bạn, chúng tôi xin tư vấn cho bạn như sau:

Khoản 2 Điều 37 Bộ Luật lao động 2012 quy định về nghĩa vụ báo trước của người lao động khi đơn phương chấm dứt hợp đồng:

a) Ít nhất 3 ngày làm việc đối với các trường hợp quy định tại các điểm a, b, c và g khoản 1 Điều này;

b) Ít nhất 30 ngày nếu là hợp đồng lao động xác định thời hạn; ít nhất 03 ngày làm việc nếu là hợp đồng lao động theo mùa vụ hoặc theo một công việc nhất định có thời hạn dưới 12 tháng đối với các trường hợp quy định tại điểm d và điểm đ khoản 1 Điều này;

c) Đối với trường hợp quy định tại điểm e khoản 1 Điều này thời hạn báo trước cho người sử dụng lao động được thực hiện theo thời hạn quy định tại Điều 156 của Bộ luật này.

Như vậy, vì hợp đồng lao động của bạn là hợp đồng xác định thời hạn (1 năm) nên khi đơn phương chấm dứt hợp đồng bạn phải có nghĩa vụ báo trước cho công ty ít nhất là ba mươi ngày. Việc bạn tự ý nghỉ việc nửa chừng mà không báo trước là vi phạm quy định nêu trên, có nghĩa là bạn đã đơn phương chấm dứt hợp đồng lao động trái pháp luật. Khi đó, căn cứ quy định tại Điều 43 Bộ Luật lao động 2012 thì bạn sẽ:

1. Không được trợ cấp thôi việc và phải bồi thường cho người sử dụng lao động nửa tháng tiền lương theo hợp đồng lao động.

2. Nếu vi phạm quy định về thời hạn báo trước thì phải bồi thường cho người sử dụng lao động một khoản tiền tương ứng với tiền lương của người lao động trong những ngày không báo trước.

3. Phải hoàn trả chi phí đào tạo cho người sử dụng lao động theo quy định tại Điều 62 của Bộ luật này.

Tóm lại: Việc bạn nghỉ việc mà không báo trước cho Công ty là bạn đã vi phạm quy định của pháp luật lao động và sẽ không được hưởng trợ cấp thôi việc. Ngoài ra, bạn còn phải bồi thường cho Công ty nửa tháng tiền lương theo hợp đồng lao động và một khoản tiền tương ứng với tiền lương của những ngày không báo trước.

Trân trọng!","tro-cap-thoi-viec","","","","2017-06-16T11:33:00","https://thuvienphapluat.vn/hoi-dap-phap-luat/tu-y-nghi-viec-co-duoc-nhan-tro-cap-thoi-viec-hay-khong-189408.html","2026-04-24T06:59:41.697212+00:00"
"183365","Hướng dẫn tính trợ cấp thôi việc","Điều 48 Bộ luật Lao động 2012 quy định, khi hợp đồng lao động chấm dứt theo quy định tại các Khoản 1, 2, 3, 5, 6, 7, 9 và 10 Điều 36 của Bộ luật này (trong đó có trường hợp hai bên thoả thuận chấm dứt hợp đồng lao động theo khoản 3 Điều này) thì người sử dụng lao động có trách nhiệm chi trả trợ cấp thôi việc cho người lao động đã làm việc thường xuyên từ đủ 12 tháng trở lên, mỗi năm làm việc được trợ cấp một nửa tháng tiền lương.

Thời gian làm việc để tính trợ cấp thôi việc là tổng thời gian người lao động đã làm việc thực tế cho người sử dụng lao động trừ đi thời gian người lao động đã tham gia bảo hiểm thất nghiệp theo quy định của Luật BHXH và thời gian làm việc đã được người sử dụng lao động chi trả trợ cấp thôi việc.

Tiền lương để tính trợ cấp thôi việc là tiền lương bình quân theo hợp đồng lao động của 6 tháng liền kề trước khi người lao động thôi việc.

Điều 14 Nghị định 05/2015/NĐ-CP ngày 12/1/2015 của Chính phủ quy định chi tiết như sau:

Thời gian làm việc để tính trợ cấp thôi việc, trợ cấp mất việc làm là tổng thời gian người lao động đã làm việc thực tế cho người sử dụng lao động trừ đi thời gian người lao động đã tham gia bảo hiểm thất nghiệp theo quy định của pháp luật và thời gian làm việc đã được người sử dụng lao động chi trả trợ cấp thôi việc. Trong đó:

Thời gian người lao động đã làm việc thực tế cho người sử dụng lao động bao gồm: thời gian người lao động đã làm việc cho người sử dụng lao động; thời gian thử việc, học nghề, tập nghề để làm việc cho người sử dụng lao động; thời gian được người sử dụng lao động cử đi học; thời gian nghỉ hưởng chế độ theo quy định của Luật BHXH ; thời gian nghỉ hằng tuần theo Điều 110, nghỉ việc hưởng nguyên lương theo các Điều 111, Điều 112, Điều 115 và Khoản 1 Điều 116 của Bộ luật Lao động; thời gian nghỉ để hoạt động công đoàn theo quy định của pháp luật về công đoàn; thời gian phải ngừng việc, nghỉ việc không do lỗi của người lao động; thời gian nghỉ vì bị tạm đình chỉ công việc và thời gian bị tạm giữ, tạm giam nhưng được trở lại làm việc do được cơ quan nhà nước có thẩm quyền kết luận không phạm tội;

Thời gian người lao động đã tham gia bảo hiểm thất nghiệp bao gồm: Thời gian người sử dụng lao động đã đóng bảo hiểm thất nghiệp theo quy định của pháp luật và thời gian người sử dụng lao động đã chi trả cùng lúc với kỳ trả lương của người lao động một khoản tiền tương đương với mức đóng bảo hiểm thất nghiệp theo quy định của pháp luật;

Thời gian làm việc để tính trợ cấp thôi việc, trợ cấp mất việc làm của người lao động được tính theo năm (đủ 12 tháng), trường hợp có tháng lẻ thì từ đủ 1 tháng đến dưới 6 tháng được tính bằng 1/2 năm; từ đủ 6 tháng trở lên được tính bằng 1 năm làm việc.

Cụ thể trường hợp ông Vương Đình An, theo ông An phản ánh, ông là công nhân quốc phòng làm việc tại một doanh nghiệp quốc phòng từ năm 2007 (không nêu rõ bắt đầu từ tháng nào của năm 2007), đến tháng 3/2017 ông có đơn xin thôi việc và được doanh nghiệp đồng ý cho thôi việc. Đây là trường hợp hai bên thoả thuận chấm dứt hợp đồng lao động theo quy định tại Khoản 3 Điều 36 Bộ luật lao động, nên ông An được hưởng trợ cấp thôi việc khi thôi việc.

Nếu ông An bắt đầu làm việc tại doanh nghiệp từ tháng 1/2007 và thôi việc vào cuối tháng 3/2017, thì tổng thời gian làm việc thực tế tại doanh nghiệp này là 10 năm 3 tháng, trừ đi thời gian tham gia bảo hiểm thất nghiệp (kể từ ngày Nghị định 127/2008/NĐ-CP về bảo hiểm thất nghiệp có hiệu lực 1/1/2009 cho đến khi thôi việc) là 8 năm 3 tháng, còn lại thời gian được hưởng trợ cấp thôi việc là 2 năm.

Nếu ông An bắt đầu làm việc tại doanh nghiệp từ sau tháng 1/2007 đến tháng 6/2007, thôi việc vào tháng 3/2017 thì sau khi lấy tổng thời gian làm việc thực tế tại doanh nghiệp, trừ đi thời gian tham gia bảo hiểm thất nghiệp là 8 năm 3 tháng, mà thời gian còn lại để tính hưởng trợ cấp thôi việc là 1 năm lẻ 6 tháng trở lên thì được tính bằng 2 năm.

Tiền lương để tính trợ cấp thôi việc là tiền lương bình quân theo hợp đồng lao động của 6 tháng liền kề trước khi ông An thôi việc.

Nếu 6 tháng liền kề trước khi thôi việc ông An đang hưởng mức lương hệ số 3,89 (bậc 6/8 thang lương chuyên viên, kỹ sư, Bảng lương chuyên môn nghiệp vụ ở các Công ty Nhà nước ban hành kèm theo Nghị định 205/2004/NĐ-CP), thì doanh nghiệp có trách nhiệm chi trả trợ cấp thôi việc cho ông An như sau: ½ tháng lương hệ số 3,89 x 2 năm = 1 tháng tiền lương hệ số 3,89.","tro-cap-thoi-viec","","","","2017-06-12T14:17:00","https://thuvienphapluat.vn/hoi-dap-phap-luat/huong-dan-tinh-tro-cap-thoi-viec-183365.html","2026-04-24T06:59:46.556797+00:00"
"188546","Cho thôi việc trái pháp luật","Căn cứ vào hướng dẫn tại điểm a Khoản 1 Điều 13 Nghị định 05/2015/ NĐ-CP thì việc công ty thực hiện giải thể văn phòng 2 với mục đích tổ chức lại lao động nhằm tinh gọn bộ máy, cơ quan thuộc trường hợp thay đổi cơ cấu, công nghệ tại Khoản 1 Điều 44 BLLĐ 2012. Theo quy định tại Khoản 10 Điều 36 BLLD 2012 thì người sử dụng lao động có quyền cho người lao động thôi việc vì lý do thay đổi cơ cấu, công nghệ. Khi đó, theo quy định tại Khoản 1 và Khoản 3 Điều 44, Điều 46 BLLĐ 2012 thì người sử dụng lao động phải thực hiện những nghĩa vụ sau: -Trong trường hợp thay đổi cơ cấu, công nghệ mà ảnh hưởng đến việc làm của nhiều người lao động thì người sử dụng lao động có trách nhiệm xây dựng và thực hiện phương án sử dụng lao động; trường hợp có chỗ làm việc mới thì ưu tiên đào tạo lại người lao động để tiếp tục sử dụng. -Việc cho thôi việc đối với nhiều người lao động chỉ được tiến hành sau khi đã trao đổi với tổ chức đại diện tập thể lao động tại cơ sở và thông báo trước 30 ngày cho cơ quan quản lý nhà nước về lao động cấp tỉnh. Căn cứ vào nội dung câu hỏi và những phân tích nêu trên, công ty trong trường hợp này phải thực hiện các bước như sau: Một là, công ty phải lên phương án sử dụng lao động, có sự tham gia của công đoàn cơ sở, gồm các nội dung chủ yếu là: -Danh sách và số lượng người lao động tiếp tục được sử dụng, người lao động đưa đi đào tạo lại để tiếp tục sử dụng. -Danh sách và số lượng người lao động nghỉ hưu. -Danh sách và số lượng người lao động được chuyển sang làm việc không trọn thời gian, người lao động phải chấm dứt hợp đồng lao động. -Biện pháp và nguồn tài chính bảo đảm thực hiện phương án. Hai là, khi người lao động không muốn tiếp tục công việc thì công ty sẽ yêu cầu người lao động trình bày rõ lý do bằng văn bản.  Ba là, nếu như không thể giải quyết được việc làm và phải cho người lao động thôi việc thì công ty phải trao đổi với công đoàn cơ sở, sau đó phải gửi thông báo trước 30 ngày cho Sở lao động Thương binh - Xã hội.  Bốn là, công ty phải trả trợ cấp mất việc làm cho người lao động theo quy định tại Điều 49 BLLĐ 2012.  Như vậy, trong tình huống nêu trên nếu như công ty ra thông báo cho thôi việc chị A nhưng không lên phương án sử dụng lao động, không trao đổi với công đoàn cơ sở và gửi thông báo trước 30 ngày cho Sở lao động Thương binh - Xã hội thì công ty đã ra thông báo cho thôi việc trái pháp luật.

Trên đây là nội dung tư vấn của Ban biên tập Thư Ký Luật về việc cho thôi việc người lao động trái pháp luật. Để hiểu rõ chi tiết hơn về điều này bạn nên tham khảo thêm tại Bộ Luật Lao động 2012.

Trân trọng!","tro-cap-thoi-viec","","","","2017-06-09T08:57:00","https://thuvienphapluat.vn/hoi-dap-phap-luat/cho-thoi-viec-trai-phap-luat-188546.html","2026-04-24T06:59:51.131042+00:00"
"184494","Nghỉ việc để hưởng lương hưu thì có được hưởng trợ cấp thôi việc không?","Trừ trường hợp NLĐ chấm dứt HĐLĐ và đủ điều kiện hưởng lương hưu, hay nghỉ việc trái pháp luật hoặc bị kỷ luật sa thải, khi chấm dứt HĐLĐ thì NSDLĐ có trách nhiệm chi trả trợ cấp thôi việc cho NLĐ đã làm việc thường xuyên từ đủ 12 tháng trở lên, mỗi năm làm việc được trợ cấp một nửa tháng tiền lương. Thời gian làm việc để tính trợ cấp thôi việc là tổng thời gian NLĐ đã làm việc thực tế cho NSDLĐ trừ đi thời gian NLĐ đã tham gia bảo hiểm thất nghiệp theo quy định của Luật BHXH và thời gian làm việc đã được NSDLĐ chi trả trợ cấp thôi việc. Tiền lương để tính trợ cấp thôi việc là tiền lương bình quân theo HĐLĐ của 6 tháng liền kề trước khi NLĐ thôi việc.

Như vậy, với bạn đọc nghỉ việc để hưởng lương hưu thì sẽ không được hưởng trợ cấp thôi việc do NSDLĐ chi trả.","tro-cap-thoi-viec","","","","2017-05-31T17:09:00","https://thuvienphapluat.vn/hoi-dap-phap-luat/nghi-viec-de-huong-luong-huu-thi-co-duoc-huong-tro-cap-thoi-viec-khong-184494.html","2026-04-24T06:59:56.105061+00:00"
"181450","Phải làm sao khi bị buộc thôi việc trong lúc mang thai?","Vì bạn không nêu lý do vì sao công ty buộc bạn nghỉ việc nên chúng tôi sẽ tư vấn các trường hợp để bạn đối chiếu:

1. Trường hợp công ty đơn phương chấm dứt HĐLĐ:

Theo quy định tại Điều 39 và Điều 155 Bộ luật lao động 2012 thì người sử dụng lao động không được thực hiện quyền đơn phương chấm dứt hợp đồng lao động đối với lao động nữ vì lý do mang thai trừ trường hợp người sử dụng lao động là cá nhân chết, bị Tòa án tuyên bố mất năng lực hành vi dân sự, mất tích hoặc là đã chết hoặc người sử dụng lao động không phải là cá nhân chấm dứt hoạt động. Vì vậy, việc công ty bạn đơn phương chấm dứt hợp đồng lao động trong khi bạn đang mang thai hơn 5 tháng là không phù hợp với quy định trên.

2. Trường hợp bạn bị xử lý kỉ luật lao động bằng hình thức sa thải

Theo quy định  tại điểm d khoản 4 điều 123 Bộ Luật Lao động thì người sử dụng lao động không được xử lý kỷ luât lao động với người lao động trong thời gian mang thai, nghỉ thai sản, nuôi con nhỏ dưới 12 tháng tuổi.

Tuy bạn chưa nêu rõ lý do vì sao công ty cho bạn nghỉ việc nhưng trong mọi trường hợp, công ty  buộc bạn nghỉ việc trong thời gian mang thai đều trái quy định pháp luật. Bạn có thể khiếu nại đến công ty hoặc đến phòng LĐTBXH, thậm chí khởi kiện công ty ra tòa.","tro-cap-thoi-viec","","","","2017-05-22T08:29:00","https://thuvienphapluat.vn/hoi-dap-phap-luat/phai-lam-sao-khi-bi-buoc-thoi-viec-trong-luc-mang-thai-181450.html","2026-04-24T07:00:01.510954+00:00"
"180344","Chế độ, chính sách đối với người làm công tác cơ yếu không phải là quân nhân, Công an nhân dân khi thôi việc nhưng chưa đủ điều kiện nghỉ hưu","Chế độ, chính sách đối với người làm công tác cơ yếu không phải là quân nhân, Công an nhân dân khi thôi việc nhưng chưa đủ điều kiện nghỉ hưu được quy định tại Khoản 3 Điều 35 Luật Cơ yếu 2011 như sau:

Người làm công tác cơ yếu không phải là quân nhân, Công an nhân dân khi thôi việc nhưng chưa đủ điều kiện nghỉ hưu được hưởng quyền lợi sau đây:

a) Được hưởng trợ cấp tạo việc làm, trợ cấp thôi việc một lần và chế độ bảo hiểm xã hội theo quy định của pháp luật;

b) Được chính quyền địa phương nơi cư trú tạo điều kiện ổn định cuộc sống;

c) Trường hợp có đủ 15 năm phục vụ trong lực lượng cơ yếu trở lên khi khám bệnh, chữa bệnh tại các cơ sở y tế của Quân đội được miễn hoặc giảm viện phí theo quy định của Bộ trưởng Bộ Quốc phòng.

- Ngoài ra, nội dung quy định tại Điều này còn được hướng dẫn bởi Điều 17 Nghị định 32/2013/NĐ-CP như sau:

1. Người làm công tác cơ yếu thôi làm việc trong tổ chức cơ yếu không đủ điều kiện để nghỉ hưu hoặc không chuyển ngành thì được giải quyết thôi việc và được hưởng các quyền lợi như sau: a) Được hưởng trợ cấp tạo việc làm bằng 06 tháng tiền lương tối thiểu chung theo quy định của Chính phủ; được ưu tiên học nghề hoặc giới thiệu việc làm; b) Được hưởng trợ cấp thôi việc một lần, cứ mỗi năm công tác được trợ cấp bằng 01 tháng tiền lương; c) Được hưởng chế độ bảo hiểm xã hội và các chế độ khác theo quy định của pháp luật. 2. Người làm công tác cơ yếu đã thôi việc trong thời gian không quá 01 năm, kể từ ngày quyết định thôi việc có hiệu lực, nếu được tuyển dụng vào cơ quan, đơn vị của Nhà nước quy định tại Khoản 1 Điều 15 Nghị định này thì được thực hiện chế độ chuyển ngành. Khi thực hiện chế độ chuyển ngành phải hoàn trả khoản trợ cấp thôi việc một lần quy định tại Điểm b Khoản 1 Điều này và hoàn trả quỹ bảo hiểm xã hội khoản trợ cấp bảo hiểm xã hội một lần đã nhận. Cơ quan, đơn vị của Nhà nước ra quyết định chuyển ngành có trách nhiệm thu lại số tiền trợ cấp thôi việc. 3. Người làm công tác cơ yếu đã thôi việc trong thời gian không quá một năm, kể từ ngày quyết định thôi việc có hiệu lực, nếu được tuyển dụng vào làm việc tại doanh nghiệp, tổ chức, đơn vị không hưởng lương từ ngân sách nhà nước, nếu muốn tính nối thời gian đóng bảo hiểm xã hội thì phải hoàn trả quỹ bảo hiểm xã hội khoản trợ cấp bảo hiểm xã hội đã nhận.

Trên đây là nội dung tư vấn của Ban biên tập Thư Ký Luật về chế độ, chính sách đối với người làm công tác cơ yếu không phải là quân nhân, Công an nhân dân khi thôi việc nhưng chưa đủ điều kiện nghỉ hưu. Để hiểu rõ chi tiết hơn về điều này bạn nên tham khảo thêm tại Luật Cơ yếu 2011.

Trân trọng!","tro-cap-thoi-viec","","","","2017-04-25T14:04:00","https://thuvienphapluat.vn/hoi-dap-phap-luat/che-do-chinh-sach-doi-voi-nguoi-lam-cong-tac-co-yeu-khong-phai-la-quan-nhan-cong-an-nhan-dan-khi-thoi-viec-nhung-chua-du-dieu-kien-nghi-huu-180344.html","2026-04-24T07:00:06.782467+00:00"
"179194","Thôi việc mà chưa nghỉ phép thì được thanh toán bằng tiền","Trường hợp bà Trương Thị Tú, tháng 2/2017 có quyết định tiếp nhận viên chức và ký hợp đồng làm việc với 1 đơn vị sự nghiệp công lập, trên thực tế bà Tú đã làm việc tại đơn vị sự nghiệp từ tháng 2/2017 thì việc nhận tiền lương tại đơn vị sự nghiệp đó từ tháng 2/2017 là đúng quy định, không phải trả lại đơn vị.

Theo bà Tú phản ánh, thực tế từ tháng 2/2017 bà Tú không làm việc tại đơn vị cũ (là doanh nghiệp), nhưng do còn ngày nghỉ phép (ngày nghỉ hàng năm) chưa nghỉ, nên đến hết tháng 2/2017 bà mới chấm dứt hợp đồng lao động để nhận tiền lương của những ngày nghỉ phép đó.

Căn cứ quy định tại Khoản 1 Điều 114 Bộ Luật lao động 2012, người lao động do thôi việc mà chưa nghỉ hằng năm hoặc chưa nghỉ hết số ngày nghỉ hằng năm thì được thanh toán bằng tiền những ngày chưa nghỉ.

Bà Tú có thể đề nghị đơn vị cũ làm thủ tục chấm dứt hợp đồng lao động từ ngày 31/1/2017. Khoản tiền bà Tú đã nhận từ việc thanh toán ngày nghỉ phép không phải trả lại đơn vị cũ.","tro-cap-thoi-viec","","","","2017-04-13T08:04:00","https://thuvienphapluat.vn/hoi-dap-phap-luat/thoi-viec-ma-chua-nghi-phep-thi-duoc-thanh-toan-bang-tien-179194.html","2026-04-24T07:00:10.690040+00:00"
"174920","Mức lương để tính trợ cấp thôi việc","Điều 48 Bộ Luật lao động 2012 quy định, khi HĐLĐ chấm dứt theo quy định tại Khoản 1, 2, 3, 5, 6, 7, 9 và 10 Điều 36 của Bộ luật này (trong đó có quy định thỏa thuận chấm dứt HĐLĐ theo Khoản 3) thì người sử dụng lao động có trách nhiệm chi trả trợ cấp thôi việc cho người lao động đã làm việc thường xuyên từ đủ 12 tháng trở lên, mỗi năm làm việc được trợ cấp một nửa tháng tiền lương.

Thời gian làm việc để tính trợ cấp thôi việc là tổng thời gian người lao động đã làm việc thực tế cho người sử dụng lao động trừ đi thời gian người lao động đã tham gia bảo hiểm thất nghiệp theo quy định của Luật BHXH và thời gian làm việc đã được người sử dụng lao động chi trả trợ cấp thôi việc.

Tiền lương để tính trợ cấp thôi việc là tiền lương bình quân theo HĐLĐ của 6 tháng liền kề trước khi người lao động thôi việc.

Điểm c, Khoản 2 và Khoản 5, Điều 14 Nghị định số 05/2015/NĐ-CP ngày 12/1/2015 của Chính phủ quy định, thời gian làm việc để tính trợ cấp thôi việc, trợ cấp mất việc làm của người lao động được tính theo năm (đủ 12 tháng), trường hợp có tháng lẻ thì từ đủ 1 tháng đến dưới 6 tháng được tính bằng 1/2 năm làm việc; từ đủ 6 tháng trở lên được tính bằng 1 năm làm việc.

Trong thời hạn 7 ngày làm việc, kể từ ngày chấm dứt HĐLĐ, người sử dụng lao động có trách nhiệm thanh toán đầy đủ trợ cấp thôi việc hoặc trợ cấp mất việc làm cho người lao động.

Căn cứ các quy định nêu trên, trường hợp bà Trương Thị Thanh, làm việc liên tục cho một công ty (có vốn đầu tư nước ngoài tại Việt Nam) từ năm 2003 theo HĐLĐ không xác định thời hạn. Đến hết tháng 6/2016 bà có đơn xin thôi việc, được người sử dụng lao động đồng ý. Đây là trường hợp thỏa thuận chấm dứt HĐLĐ quy định tại Khoản 3, Điều 36 Bộ luật Lao động và thuộc một trong các trường hợp người sử dụng lao động có trách nhiệm trả trợ cấp thôi việc theo quy định tại Điều 48 Bộ luật Lao động.

Thực hiện quy định của pháp luật về bảo hiểm thất nghiệp, từ ngày 1/1/2009 đến khi thôi việc (tháng 6/2016) bà Thanh đã tham gia bảo hiểm thất nghiệp. Do đó, thời gian làm việc để tính trợ cấp thôi việc là thời gian bà Thanh đã làm việc cho công ty đó từ năm 2003 đến hết tháng 12/2008.

Trợ cấp thôi việc được tính theo năm (đủ 12 tháng), trường hợp có tháng lẻ thì từ đủ 1 tháng đến dưới 6 tháng được tính bằng 1/2 năm làm việc; từ đủ 6 tháng trở lên được tính bằng 1 năm làm việc.

Nếu bà Thanh bắt đầu làm việc trong khoảng 6 tháng đầu năm 2003, thì tính đến hết tháng 12/2008, công ty có nghĩa vụ trả trợ cấp thôi việc cho bà Thanh bằng 8 năm.

Nếu bà Thanh bắt đầu làm việc trong khoảng 6 tháng cuối năm 2003, thì tính đến hết tháng 12/2008, công ty có nghĩa vụ trả trợ cấp thôi việc cho bà Thanh bằng 7 năm 6 tháng. Cứ mỗi năm bà Thanh được trợ cấp một nửa tháng tiền lương.

Tiền lương để tính trợ cấp thôi việc là tiền lương bình quân theo HĐLĐ của 6 tháng liền kề trước khi bà Thanh thôi việc (cụ thể là tiền lương bình quân của 6 tháng, từ tháng 1/2016 đến hết tháng 6/2016).

Nếu sự việc đúng như phản ánh thì việc công ty không trả trợ cấp thôi việc cho bà Thanh là trái pháp luật. Bà Thanh cần có yêu cầu bằng văn bản gửi người đại diện theo pháp luật của công ty đề nghị công ty thực hiện nghĩa vụ trả trợ cấp thôi việc cho bà theo quy định.

Trường hợp công ty không thực hiện nghĩa vụ trả trợ cấp thôi việc, căn cứ quy định tại Điều 200 và Điểm b, Khoản 1, Điều 201 Bộ luật Lao động, bà Thanh có quyền làm đơn khởi kiện gửi TAND cấp huyện nơi công ty đặt trụ sở chính để yêu cầu công ty thực hiện nghĩa vụ.

Bà Thanh cần lưu ý về thời hiệu khởi kiện, theo quy định tại Khoản 2, Điều 202 Bộ luật Lao động, thời hiệu yêu cầu Toà án giải quyết tranh chấp lao động cá nhân là 1 năm, kể từ ngày phát hiện ra hành vi mà mỗi bên tranh chấp cho rằng quyền, lợi ích hợp pháp của mình bị vi phạm.","tro-cap-thoi-viec","","","","2017-03-24T08:36:00","https://thuvienphapluat.vn/hoi-dap-phap-luat/muc-luong-de-tinh-tro-cap-thoi-viec-174920.html","2026-04-24T07:00:20.052376+00:00"
"175003","Làm 10 năm, tự ý thôi việc có được trợ cấp?","Pháp luật về lao động cho phép các bên thỏa thuận chấm dứt hợp đồng lao động hoặc tùy thuộc vào loại hợp đồng lao động đã ký mà đơn phương chấm dứt hợp đồng lao động. Tuy bạn không nói rõ loại hợp đồng lao động mà bạn đã giao kết với công ty nhưng nếu bạn làm việc liên tục gần 10 năm ở đây thì loại hợp đồng lao động của bạn là loại hợp đồng không thời hạn. Do đó, bạn có thể thỏa thuận chấm dứt hợp đồng lao động với người sử dụng lao động theo khoản 3 Điều 36 Bộ luật Lao động năm 2012 (BLLĐ) hoặc đơn phương chấm dứt hợp đồng lao động theo khoản 3 Điều 37 BLLĐ. Khi đơn phương bạn phải báo cho người sử dụng lao động biết trước ít nhất 45 ngày, trừ trường hợp quy định tại Điều 156 của BLLĐ.

Với khoảng thời gian mà bạn không tham gia bảo hiểm thất nghiệp thì công ty sẽ có trách nhiệm trả tiền trợ cấp thôi việc cho bạn theo quy định tại Điều 48 BLLĐ. Thời gian làm việc để tính trợ cấp thôi việc là tổng thời gian bạn đã làm việc thực tế cho công ty trừ đi thời gian bạn đã tham gia bảo hiểm thất nghiệp theo quy định của Luật Bảo hiểm xã hội và thời gian làm việc đã được công ty chi trả trợ cấp thôi việc. Tiền lương để tính trợ cấp thôi việc là tiền lương bình quân theo hợp đồng lao động của sáu tháng liền kề trước khi bạn thôi việc. Cứ mỗi năm được nửa tháng tiền lương.

Còn thời gian bạn tham gia bảo hiểm thất nghiệp thì bạn sẽ được hưởng trợ cấp thất nghiệp theo quy định tại Luật Việc làm năm 2013. Thời gian đóng bảo hiểm thất nghiệp để xét hưởng bảo hiểm thất nghiệp là tổng các khoảng thời gian đã đóng bảo hiểm thất nghiệp liên tục hoặc không liên tục được cộng dồn từ khi bắt đầu đóng bảo hiểm thất nghiệp cho đến khi người lao động chấm dứt hợp đồng lao động hoặc hợp đồng làm việc theo quy định của pháp luật mà chưa hưởng trợ cấp thất nghiệp.","tro-cap-thoi-viec","","","","2017-03-24T08:35:00","https://thuvienphapluat.vn/hoi-dap-phap-luat/lam-10-nam-tu-y-thoi-viec-co-duoc-tro-cap-175003.html","2026-04-24T07:00:24.716854+00:00"
"174566","Chế độ, chính sách đối với người làm công tác cơ yếu thôi việc","Chế độ, chính sách đối với người làm công tác cơ yếu thôi việc được quy định tại Điều 17 Nghị định 32/2013/NĐ-CP hướng dẫn Luật cơ yếu về chế độ, chính sách đối với người làm công tác cơ yếu như sau:

1. Người làm công tác cơ yếu thôi làm việc trong tổ chức cơ yếu không đủ điều kiện để nghỉ hưu hoặc không chuyển ngành thì được giải quyết thôi việc và được hưởng các quyền lợi như sau:

a) Được hưởng trợ cấp tạo việc làm bằng 06 tháng tiền lương tối thiểu chung theo quy định của Chính phủ; được ưu tiên học nghề hoặc giới thiệu việc làm;

b) Được hưởng trợ cấp thôi việc một lần, cứ mỗi năm công tác được trợ cấp bằng 01 tháng tiền lương;

c) Được hưởng chế độ bảo hiểm xã hội và các chế độ khác theo quy định của pháp luật.

2. Người làm công tác cơ yếu đã thôi việc trong thời gian không quá 01 năm, kể từ ngày quyết định thôi việc có hiệu lực, nếu được tuyển dụng vào cơ quan, đơn vị của Nhà nước quy định tại Khoản 1 Điều 15 Nghị định này thì được thực hiện chế độ chuyển ngành. Khi thực hiện chế độ chuyển ngành phải hoàn trả khoản trợ cấp thôi việc một lần quy định tại Điểm b Khoản 1 Điều này và hoàn trả quỹ bảo hiểm xã hội khoản trợ cấp bảo hiểm xã hội một lần đã nhận. Cơ quan, đơn vị của Nhà nước ra quyết định chuyển ngành có trách nhiệm thu lại số tiền trợ cấp thôi việc.

3. Người làm công tác cơ yếu đã thôi việc trong thời gian không quá một năm, kể từ ngày quyết định thôi việc có hiệu lực, nếu được tuyển dụng vào làm việc tại doanh nghiệp, tổ chức, đơn vị không hưởng lương từ ngân sách nhà nước, nếu muốn tính nối thời gian đóng bảo hiểm xã hội thì phải hoàn trả quỹ bảo hiểm xã hội khoản trợ cấp bảo hiểm xã hội đã nhận.

- Ngoài ra, nội dung quy định tại Điều này còn được hướng dẫn bởi Thông tư liên tịch 11/2014/TTLT-BQP-BNV-BLĐTBXH-BTC

Trên đây là nội dung tư vấn của Ban biên tập Thư Ký Luật về chế độ, chính sách đối với người làm công tác cơ yếu thôi việc. Để hiểu rõ chi tiết hơn về điều này bạn nên tham khảo thêm tại Nghị định 32/2013/NĐ-CP.

Trân trọng!","tro-cap-thoi-viec","","","","2017-02-28T15:57:00","https://thuvienphapluat.vn/hoi-dap-phap-luat/che-do-chinh-sach-doi-voi-nguoi-lam-cong-tac-co-yeu-thoi-viec-174566.html","2026-04-24T07:00:29.233060+00:00"
"170928","Nghỉ hưu có được trả trợ cấp thôi việc không?","Căn cứ Điều 55 Luật bảo hiểm xã hội 2014 quy định Điều kiện hưởng lương hưu khi suy giảm khả năng lao động như sau:

""1. Người lao động quy định tại các điểm a, b, c, d, g, h và i khoản 1 Điều 2 của Luật này khi nghỉ việc có đủ 20 năm đóng bảo hiểm xã hội trở lên được hưởng lương hưu với mức thấp hơn so với người đủ điều kiện hưởng lương hưu quy định tại điểm a và điểm b khoản 1 Điều 54 của Luật này nếu thuộc một trong các trường hợp sau đây:

a) Từ ngày 01 tháng 01 năm 2016, nam đủ 51 tuổi, nữ đủ 46 tuổi và bị suy giảm khả năng lao động từ 61% trở lên thì đủ điều kiện hưởng lương hưu khi suy giảm khả năng lao động. Sau đó mỗi năm tăng thêm một tuổi cho đến năm 2020 trở đi, nam đủ 55 tuổi và nữ đủ 50 tuổi thì mới đủ điều kiện hưởng lương hưu khi suy giảm khả năng lao động từ 61% trở lên;

b) Nam đủ 50 tuổi, nữ đủ 45 tuổi và bị suy giảm khả năng lao động từ 81% trở lên;

c) Bị suy giảm khả năng lao động từ 61% trở lên và có đủ 15 năm trở lên làm nghề hoặc công việc đặc biệt nặng nhọc, độc hại, nguy hiểm thuộc danh mục do Bộ Lao động - Thương binh và Xã hội, Bộ Y tế ban hành.

2. Người lao động quy định tại điểm đ và điểm e khoản 1 Điều 2 của Luật này khi nghỉ việc có đủ 20 năm đóng bảo hiểm xã hội trở lên, bị suy giảm khả năng lao động từ 61% trở lên được hưởng lương hưu với mức thấp hơn so với người đủ điều kiện hưởng lương hưu quy định tại điểm a và điểm b khoản 2 Điều 54 của Luật này khi thuộc một trong các trường hợp sau đây:

a) Nam đủ 50 tuổi, nữ đủ 45 tuổi trở lên;

b) Có đủ 15 năm trở lên làm nghề hoặc công việc đặc biệt nặng nhọc, độc hại, nguy hiểm thuộc danh mục do Bộ Lao động - Thương binh và Xã hội, Bộ Y tế ban hành.”

Theo như bạn trình bày, cơ quan bạn giải quyết chế độ hưu trí cho lao động nam. Sinh năm 1958, tính đến nay là 59 tuổi, bị suy giảm khả năng lao động 61% thì người này đủ điều kiện nghỉ hưu do bị suy giảm khả năng lao động.

Điều 48 Bộ luật lao động 2012 quy định Trợ cấp thôi việc như sau:

""1. Khi hợp đồng lao động chấm dứt theo quy định tại các khoản 1, 2, 3, 5, 6, 7, 9 và 10 Điều 36 của Bộ luật này thì người sử dụng lao động có trách nhiệm chi trả trợ cấp thôi việc cho người lao động đã làm việc thường xuyên từ đủ 12 tháng trở lên, mỗi năm làm việc được trợ cấp một nửa tháng tiền lương.

2. Thời gian làm việc để tính trợ cấp thôi việc là tổng thời gian người lao động đã làm việc thực tế cho người sử dụng lao động trừ đi thời gian người lao động đã tham gia bảo hiểm thất nghiệp theo quy định của Luật bảo hiểm xã hội và thời gian làm việc đã được người sử dụng lao động chi trả trợ cấp thôi việc.

3. Tiền lương để tính trợ cấp thôi việc là tiền lương bình quân theo hợp đồng lao động của 06 tháng liền kề trước khi người lao động thôi việc.”

Điều 36 Bộ luật lao động 2012 quy định Các trường hợp chấm dứt hợp đồng lao động:

""1. Hết hạn hợp đồng lao động, trừ trường hợp quy định tại khoản 6 Điều 192 của Bộ luật này.

2. Đã hoàn thành công việc theo hợp đồng lao động.

3. Hai bên thoả thuận chấm dứt hợp đồng lao động.

4. Người lao động đủ điều kiện về thời gian đóng bảo hiểm xã hội và tuổi hưởng lương hưu theo quy định tại Điều 187 của Bộ luật này.

5. Người lao động bị kết án tù giam, tử hình hoặc bị cấm làm công việc ghi trong hợp đồng lao động theo bản án, quyết định có hiệu lực pháp luật của Toà án.

6. Người lao động chết, bị Toà án tuyên bố mất năng lực hành vi dân sự, mất tích hoặc là đã chết.

7. Người sử dụng lao động là cá nhân chết, bị Toà án tuyên bố mất năng lực hành vi dân sự, mất tích hoặc là đã chết; người sử dụng lao động không phải là cá nhân chấm dứt hoạt động.

8. Người lao động bị xử lý kỷ luật sa thải theo quy định tại khoản 3 Điều 125 của Bộ luật này.

9. Người lao động đơn phương chấm dứt hợp đồng lao động theo quy định tại Điều 37 của Bộ luật này.

10. Người sử dụng lao động đơn phương chấm dứt hợp đồng lao động theo quy định tại Điều 38 của Bộ luật này; người sử dụng lao động cho người lao động thôi việc do thay đổi cơ cấu, công nghệ hoặc vì lý do kinh tế hoặc do sáp nhật, hợp nhất, chia tách doanh nghiệp, hợp tác xã.”

Theo quy định trên, người lao động của đơn vị bạn thuộc vào trường hợp là đủ điều kiện về thời gian đóng bảo hiểm xã hội và tuổi hưởng lương hưu theo quy định tại Điều 187 Bộ luật lao động 2012 do đó, người lao động của đơn vị bạn sẽ không được hưởng trợ cấp thôi việc.

Trên đây là tư vấn của Ban biên tập Thư Ký Luật về việc trả trợ cấp thôi việc khi nghỉ hưu. Bạn nên tham khảo chi tiết Bộ luật lao động 2012 để nắm rõ quy định này.

Trân trọng!","tro-cap-thoi-viec","","","","2017-02-17T11:40:00","https://thuvienphapluat.vn/hoi-dap-phap-luat/nghi-huu-co-duoc-tra-tro-cap-thoi-viec-khong-170928.html","2026-04-24T07:00:33.465991+00:00"
"170469","Rút lại đơn xin thôi việc có được không?","Căn cứ Điều 29 Luật viên chức 2010 quy định về đơn phương chấm dứt hợp đồng làm việc như sau:

1. Đơn vị sự nghiệp công lập được đơn phương chấm dứt hợp đồng làm việc với viên chức trong các trường hợp sau:

a) Viên chức có 02 năm liên tiếp bị phân loại đánh giá ở mức độ không hoàn thành nhiệm vụ;

b) Viên chức bị buộc thôi việc theo quy định tại điểm d khoản 1 Điều 52 và khoản 1 Điều 57 của Luật này;

c) Viên chức làm việc theo hợp đồng làm việc không xác định thời hạn bị ốm đau đã điều trị 12 tháng liên tục, viên chức làm việc theo hợp đồng làm việc xác định thời hạn bị ốm đau đã điều trị 06 tháng liên tục mà khả năng làm việc chưa hồi phục. Khi sức khỏe của viên chức bình phục thì được xem xét để ký kết tiếp hợp đồng làm việc;

d) Do thiên tai, hỏa hoạn hoặc những lý do bất khả kháng khác theo quy định của Chính phủ làm cho đơn vị sự nghiệp công lập buộc phải thu hẹp quy mô, khiến vị trí việc làm mà viên chức đang đảm nhận không còn;

đ) Khi đơn vị sự nghiệp công lập chấm dứt hoạt động theo quyết định của cơ quan có thẩm quyền.

2. Khi đơn phương chấm dứt hợp đồng làm việc, trừ trường hợp quy định tại điểm b khoản 1 Điều này, người đứng đầu đơn vị sự nghiệp công lập phải báo cho viên chức biết trước ít nhất 45 ngày đối với hợp đồng làm việc không xác định thời hạn hoặc ít nhất 30 ngày đối với hợp đồng làm việc xác định thời hạn. Đối với viên chức do cơ quan quản lý đơn vị sự nghiệp công lập thực hiện tuyển dụng, việc đơn phương chấm dứt hợp đồng làm việc do người đứng đầu đơn vị sự nghiệp công lập quyết định sau khi có sự đồng ý bằng văn bản của cơ quan quản lý đơn vị sự nghiệp công lập.

3. Người đứng đầu đơn vị sự nghiệp công lập không được đơn phương chấm dứt hợp đồng làm việc với viên chức trong các trường hợp sau:

a) Viên chức ốm đau hoặc bị tai nạn, đang điều trị bệnh nghề nghiệp theo quyết định của cơ sở chữa bệnh, trừ trường hợp quy định tại điểm c khoản 1 Điều này;

b) Viên chức đang nghỉ hàng năm, nghỉ về việc riêng và những trường hợp nghỉ khác được người đứng đầu đơn vị sự nghiệp công lập cho phép;

c) Viên chức nữ đang trong thời gian có thai, nghỉ thai sản, nuôi con dưới 36 tháng tuổi, trừ trường hợp đơn vị sự nghiệp công lập chấm dứt hoạt động.

4. Viên chức làm việc theo hợp đồng làm việc không xác định thời hạn có quyền đơn phương chấm dứt hợp đồng nhưng phải thông báo bằng văn bản cho người đứng đầu đơn vị sự nghiệp công lập biết trước ít nhất 45 ngày; trường hợp viên chức ốm đau hoặc bị tai nạn đã điều trị 06 tháng liên tục thì phải báo trước ít nhất 03 ngày.

5. Viên chức làm việc theo hợp đồng làm việc xác định thời hạn có quyền đơn phương chấm dứt hợp đồng trong các trường hợp sau:

a) Không được bố trí theo đúng vị trí việc làm, địa điểm làm việc hoặc không được bảo đảm các điều kiện làm việc đã thỏa thuận trong hợp đồng làm việc;

b) Không được trả lương đầy đủ hoặc không được trả lương đúng thời hạn theo hợp đồng làm việc;

c) Bị ngược đãi; bị cưỡng bức lao động;

d) Bản thân hoặc gia đình thật sự có hoàn cảnh khó khăn không thể tiếp tục thực hiện hợp đồng;

đ) Viên chức nữ có thai phải nghỉ việc theo chỉ định của cơ sở chữa bệnh;

e) Viên chức ốm đau hoặc bị tai nạn đã điều trị từ 03 tháng liên tục mà khả năng làm việc chưa hồi phục.

6. Viên chức phải thông báo bằng văn bản về việc đơn phương chấm dứt hợp đồng làm việc cho người đứng đầu đơn vị sự nghiệp công lập biết trước ít nhất 03 ngày đối với các trường hợp quy định tại các điểm a, b, c, đ và e khoản 5 Điều này; ít nhất 30 ngày đối với trường hợp quy định tại điểm d khoản 5 Điều này.""

Như vậy, trong trường hợp bạn là viên chức thì theo quy định tại Điều 29 Luật viên chức năm 2010, khi đơn phương chấm dứt hợp đồng làm việc thì phải thông báo cho người đứng đầu đơn vị sự nghiệp công lập biết tước ít nhất 30 ngày làm việc nếu lý do xin thôi việc không thuộc các trường hợp quy định tại Điểm a, b, c, đ và e Khoản 5 Điều 29 Luật viên chức năm 2010. Luật viên chức năm 2010 chỉ quy định về thời gian viên chức phải thông báo trước cho người đứng đầu đơn vị sự nghiệp công lập mà không có quy định về thời gian giải quyết đơn xin thôi việc.

Do đó, trong trường hợp của bạn, khi bạn làm đơn xin thôi việc và được đơn vị công tác giải quyết đơn xin thôi việc ngay trong ngày là hoàn toàn đúng quy định của pháp luật. Về vấn đề xỉn rút lại đơn xin thôi việc do bên phía cơ quan đơn vị bạn đang công tác xem xét, giải quyết, pháp luật không có quy định về vấn đề này.

Trên đây là tư vấn của Ban biên tập Thư Ký Luật về việc rút lại đơn xin thôi việc. Bạn nên tham khảo chi tiết Luật viên chức 2010 để nắm rõ quy định này.

Trân trọng!","tro-cap-thoi-viec","","","","2017-02-16T10:39:00","https://thuvienphapluat.vn/hoi-dap-phap-luat/rut-lai-don-xin-thoi-viec-co-duoc-khong-170469.html","2026-04-24T07:00:38.316727+00:00"
"147662","Bị cho thôi việc vì tự ý về sớm?","Căn cứ Điều 38 Bộ luật lao động 2012 quy định quyền đơn phương chấm dứt hợp đồng lao động của người sử dụng lao động như sau:

""1. Người sử dụng lao động có quyền đơn phương chấm dứt hợp đồng lao động trong những trường hợp sau đây:

a) Người lao động thường xuyên không hoàn thành công việc theo hợp đồng lao động;

b) Người lao động bị ốm đau, tai nạn đã điều trị 12 tháng liên tục đối với người làm theo hợp đồng lao động không xác định thời hạn, đã điều trị 06 tháng liên tục, đối với người lao động làm theo hợp đồng lao động xác định thời hạn và quá nửa thời hạn hợp đồng lao động đối với người làm theo hợp đồng lao động theo mùa vụ hoặc theo một công việc nhất định có thời hạn dưới 12 tháng mà khả năng lao động chưa hồi phục.

Khi sức khỏe của người lao động bình phục, thì người lao động được xem xét để tiếp tục giao kết hợp đồng lao động;

c) Do thiên tai, hỏa hoạn hoặc những lý do bất khả kháng khác theo quy định của pháp luật, mà người sử dụng lao động đã tìm mọi biện pháp khắc phục nhưng vẫn buộc phải thu hẹp sản xuất, giảm chỗ làm việc;

d) Người lao động không có mặt tại nơi làm việc sau thời hạn quy định tại Điều 33 của Bộ luật này.

2. Khi đơn phương chấm dứt hợp đồng lao động người sử dụng lao động phải báo cho người lao động biết trước:

a) Ít nhất 45 ngày đối với hợp đồng lao động không xác định thời hạn;

b) Ít nhất 30 ngày đối với hợp đồng lao động xác định thời hạn;

c) Ít nhất 03 ngày làm việc đối với trường hợp quy định tại điểm b khoản 1 Điều này và đối với hợp đồng lao động theo mùa vụ hoặc theo một công việc nhất định có thời hạn dưới 12 tháng.""

Theo như bạn trình bày, công ty cho bạn thôi việc với lý do tự ý về sớm 30 phút. Nếu nội quy lao động có quy định về việc người lao động tự ý về sớm sẽ bị cho thôi việc thì công ty cho thôi việc là có căn cứ và hợp pháp. Việc bồi thường thực hiện theo quy định tại nội quy lao động hoặc do 02 bên thỏa thuận.

Nếu công ty bạn không có quy định về việc tự ý bỏ về sẽ buộc thôi việc, thì việc công ty đơn phương chấm dứt hợp đồng lao động với lý do trên là không đúng theo quy định tại Điều 38 Bộ luật lao động 2012. Như vậy công ty đơn phương chấm dứt hợp đồng lao động trái pháp luật.

Khi đơn phương chấm dứt hợp đồng lao động trái pháp luật, người sử dụng lao động phải thực hiện các nghĩa vụ quy định tại Điều 42 Bộ luật lao động 2012 như sau:

""1. Phải nhận người lao động trở lại làm việc theo hợp đồng lao động đã giao kết và phải trả tiền lương, bảo hiểm xã hội, bảo hiểm y tế trong những ngày người lao động không được làm việc cộng với ít nhất 02 tháng tiền lương theo hợp đồng lao động.

2. Trường hợp người lao động không muốn tiếp tục làm việc, thì ngoài khoản tiền bồi thường quy định tại khoản 1 Điều này người sử dụng lao động phải trả trợ cấp thôi việc theo quy định tại Điều 48 của Bộ luật này.

3. Trường hợp người sử dụng lao động không muốn nhận lại người lao động và người lao động đồng ý, thì ngoài khoản tiền bồi thường quy định tại khoản 1 Điều này và trợ cấp thôi việc theo quy định tại Điều 48 của Bộ luật này, hai bên thỏa thuận khoản tiền bồi thường thêm nhưng ít nhất phải bằng 02 tháng tiền lương theo hợp đồng lao động để chấm dứt hợp đồng lao động.

4. Trường hợp không còn vị trí, công việc đã giao kết trong hợp đồng lao động mà người lao động vẫn muốn làm việc thì ngoài khoản tiền bồi thường quy định tại khoản 1 Điều này, hai bên thương lượng để sửa đổi, bổ sung hợp đồng lao động.

5. Trường hợp vi phạm quy định về thời hạn báo trước thì phải bồi thường cho người lao động một khoản tiền tương ứng với tiền lương của người lao động trong những ngày không báo trước.""

Bạn có quyền yêu cầu công ty bồi thường các khoản như trên. Nếu công ty không bồi thường cho bạn, bạn có quyền làm đơn khiếu nại tới Phòng lao động thương binh xã hội cấp huyện hoặc khởi kiện tới Tòa án nhân dân cấp huyện nơi công ty có trụ sở để yêu cầu giải quyết.

Trên đây là tư vấn của Ban biên tập Thư Ký Luật về trường hợp bị cho thôi việc vì tự ý về sớm. Bạn nên tham khảo chi tiết Bộ luật lao động 2012 để nắm rõ quy định này.

Trân trọng!","tro-cap-thoi-viec","","","","2017-02-14T08:20:00","https://thuvienphapluat.vn/hoi-dap-phap-luat/bi-cho-thoi-viec-vi-tu-y-ve-som-147662.html","2026-04-24T07:00:43.173523+00:00"
"149553","Việc giải quyết lương sau khi thôi việc","Điều 96 Bộ luật lao động 2012 quy định: Người lao động được trả lương trực tiếp, đầy đủ và đúng thời hạn. Trường hợp đặc biệt không thể trả lương đúng thời hạn thì không được chậm quá 01 tháng và người sử dụng lao động phải trả thêm cho người lao động một khoản tiền ít nhất bằng lãi suất huy động tiền gửi do Ngân hàng Nhà nước Việt Nam công bố tại thời điểm trả lương.

Điều 101 Bộ luật lao động 2012 cũng quy định:

1. Người sử dụng lao động chỉ được khấu trừ tiền lương của người lao động để bồi thường thiệt hại do làm hư hỏng dụng cụ, thiết bị của người sử dụng lao động theo quy định tại Điều 130 của Bộ luật này.

2. Người lao động có quyền được biết lý do khấu trừ tiền lương của mình.

3. Mức khấu trừ tiền lương hằng tháng không được quá 30% tiền lương hằng tháng của người lao động sau khi trích nộp các khoản bảo hiểm xã hội bắt buộc, bảo hiểm y tế, bảo hiểm thất nghiệp, thuế thu nhập”.

Như vậy, về nguyên tắc, công ty không được phép giữ lương của nhân viên, phải thanh toán đầy đủ và đúng hạn, nếu có khấu trừ cũng phải thông báo.

Nếu đến hạn mà công ty không thanh toán, bạn hãy trực tiếp yêu cầu công ty trả đủ tiền lương và trả sổ BHXH  theo đúng quy định pháp luật. Nếu không được, bạn có thể yêu cầu Cơ quan BHXH giải quyết quyền lợi cho mình.

Trên đây là tư vấn của Ban biên tập Thư Ký Luật về việc giải quyết lương sau khi thôi việc. Bạn nên tham khảo chi tiết Bộ luật lao động 2012 để nắm rõ quy định này.

Trân trọng!","tro-cap-thoi-viec","","","","2017-02-14T08:20:00","https://thuvienphapluat.vn/hoi-dap-phap-luat/viec-giai-quyet-luong-sau-khi-thoi-viec-149553.html","2026-04-24T07:00:47.663905+00:00"
"155389","Trợ cấp thôi việc tại công ty nước ngoài","Trước năm 2008 do em bạn làm việc cho văn phòng đại diện của công ty A ở Singapore, vậy nên bạn cần phải xem lại trong hợp đồng lao động của em bạn với Văn phòng đại diện phần quy định về trợ cấp thôi việc do pháp luật nước nào quy định.

Nếu trong hợp đồng lao động quy định áp dụng pháp luật Singapore thì bạn phải xem các quy định của pháp luật Singapore về vấn đề này.

Nếu trong hợp đồng lao động quy định áp dụng pháp luật Việt Nam thì khi đó mới có thể áp dụng luật Việt Nam. Trường hợp này, em bạn sẽ được hưởng trợ cấp thôi việc theo quy định tại Điều 48 Bộ luật Lao động 2012:

""Điều 48. Trợ cấp thôi việc

1. Khi hợp đồng lao động chấm dứt theo quy định tại các khoản 1, 2, 3, 5, 6, 7, 9 và 10 Điều 36 của Bộ luật này thì người sử dụng lao động có trách nhiệm chi trả trợ cấp thôi việc cho người lao động đã làm việc thường xuyên từ đủ 12 tháng trở lên, mỗi năm làm việc được trợ cấp một nửa tháng tiền lương.

2. Thời gian làm việc để tính trợ cấp thôi việc là tổng thời gian người lao động đã làm việc thực tế cho người sử dụng lao động trừ đi thời gian người lao động đã tham gia bảo hiểm thất nghiệp theo quy định của Luật bảo hiểm xã hội và thời gian làm việc đã được người sử dụng lao động chi trả trợ cấp thôi việc.

3. Tiền lương để tính trợ cấp thôi việc là tiền lương bình quân theo hợp đồng lao động của 06 tháng liền kề trước khi người lao động thôi việc.”

Và được hướng dẫn cụ thể tại Điều 14 Nghị định 05/2015/NĐ-CP. Lúc này, bên phải trả trợ cấp thôi việc cho em bạn là Văn phòng đại diện của công ty A bên Singapore. Công ty A tại Việt Nam (do được nâng cấp từ văn phòng đại diện) không có trách nhiệm chi trả khoản trợ cấp thôi việc này.

Trên đây là tư vấn của Ban biên tập Thư Ký Luật về trợ cấp thôi việc tại công ty nước ngoài. Bạn nên tham khảo chi tiết Bộ luật Lao động 2012 để nắm rõ quy định này.

Trân trọng!","tro-cap-thoi-viec","","","","2017-02-14T08:20:00","https://thuvienphapluat.vn/hoi-dap-phap-luat/tro-cap-thoi-viec-tai-cong-ty-nuoc-ngoai-155389.html","2026-04-24T07:00:52.004144+00:00"
"154451","Làm 3 tháng có được hưởng trợ cấp thôi việc?","Theo quy định của Bộ Luật Lao động 2012, khi HĐLĐ chấm dứt đúng quy định thì người sử dụng lao động có trách nhiệm chi trả trợ cấp thôi việc cho người lao động đã làm việc thường xuyên từ đủ 12 tháng trở lên, mỗi năm làm việc được trợ cấp nửa tháng tiền lương. Do vậy, những người làm việc chưa đủ 12 tháng sẽ không được hưởng trợ cấp thôi việc. Theo phản ánh của anh, công ty đã có dấu hiệu vi phạm pháp luật lao động về thời gian thử việc (tối đa 2 tháng), không ký HĐLĐ với người lao động sau thời gian thử việc và đơn phương chấm dứt HĐLĐ trái pháp luật. Anh có thể gửi đơn khiếu nại đến các cơ quan chức năng để được hỗ trợ giải quyết.","tro-cap-thoi-viec","","","","2017-02-14T08:20:00","https://thuvienphapluat.vn/hoi-dap-phap-luat/lam-3-thang-co-duoc-huong-tro-cap-thoi-viec-154451.html","2026-04-24T07:00:56.663200+00:00"
"157677","Trợ cấp thôi việc cho viên chức được quy định như thế nào?","Trợ cấp thôi việc cho viên chức đã được quy định cụ thể tại Điều 39 Nghị định 29/2012/NĐ-CP về tuyển dụng, sử dụng và quản lý viên chức.

Theo đó, trợ cấp thôi việc cho viên chức được quy định như sau:

1. Trợ cấp thôi việc đối với thời gian công tác của viên chức từ ngày 31 tháng 12 năm 2008 trở về trước được tính như sau:

a) Cứ mỗi năm làm việc được tính bằng 1/2 (một phần hai) tháng lương hiện hưởng, gồm: Mức lương theo chức danh nghề nghiệp, phụ cấp chức vụ lãnh đạo, phụ cấp thâm niên vượt khung, phụ cấp thâm niên nghề và hệ số chênh lệch bảo lưu lương (nếu có);

b) Mức trợ cấp thấp nhất bằng 01 (một) tháng lương hiện hưởng;

c) Trường hợp viên chức được tuyển dụng trước ngày 01 tháng 7 năm 2003, thời gian làm việc được tính trợ cấp thôi việc là tổng thời gian làm việc (cộng dồn) kể từ khi viên chức có quyết định tuyển dụng đến hết ngày 31 tháng 12 năm 2008.

d) Trường hợp viên chức được tuyển dụng từ ngày 01 tháng 7 năm 2003 trở về sau, thời gian làm việc được tính trợ cấp thôi việc là tổng thời gian làm việc theo hợp đồng làm việc (cộng dồn) kể từ khi viên chức có quyết định tuyển dụng đến hết ngày 31 tháng 12 năm 2008.

2. Trợ cấp thôi việc đối với thời gian công tác của viên chức từ ngày 01 tháng 01 năm 2009 đến nay được thực hiện theo quy định của pháp luật về trợ cấp thất nghiệp.

3. Nguồn kinh phí chi trả trợ cấp thôi việc được lấy từ nguồn tài chính của đơn vị sự nghiệp công lập.

4. Viên chức thôi việc được hưởng trợ cấp thôi việc quy định tại Khoản 1, Khoản 2 Điều này và được xác nhận thời gian có đóng bảo hiểm xã hội theo quy định của pháp luật.

Trên đây là nội dung tư vấn của Ban biên tập Thư Ký Luật về trợ cấp thôi việc cho viên chức. Nếu muốn tìm hiểu rõ hơn, bạn có thể tham khảo quy định tại Nghị định 29/2012/NĐ-CP.

Trân trọng!","tro-cap-thoi-viec","","","","2017-02-14T08:19:00","https://thuvienphapluat.vn/hoi-dap-phap-luat/tro-cap-thoi-viec-cho-vien-chuc-duoc-quy-dinh-nhu-the-nao-157677.html","2026-04-24T07:01:01.143409+00:00"
"165592","Cho nhân viên thôi việc vì không có tiền trả lương được không?","Theo quy định tại Khoản 1 Điều 38 Bộ luật lao động 2012 thì:

Người sử dụng lao động có quyền đơn phương chấm dứt hợp đồng lao động trong những trường hợp sau đây:

a) Người lao động thường xuyên không hoàn thành công việc theo hợp đồng lao động;

b) Người lao động bị ốm đau, tai nạn đã điều trị 12 tháng liên tục đối với người làm theo hợp đồng lao động không xác định thời hạn, đã điều trị 06 tháng liên tục, đối với người lao động làm theo hợp đồng lao động xác định thời hạn và quá nửa thời hạn hợp đồng lao động đối với người làm theo hợp đồng lao động theo mùa vụ hoặc theo một công việc nhất định có thời hạn dưới 12 tháng mà khả năng lao động chưa hồi phục.

Khi sức khỏe của người lao động bình phục, thì người lao động được xem xét để tiếp tục giao kết hợp đồng lao động;

c) Do thiên tai, hỏa hoạn hoặc những lý do bất khả kháng khác theo quy định của pháp luật, mà người sử dụng lao động đã tìm mọi biện pháp khắc phục nhưng vẫn buộc phải thu hẹp sản xuất, giảm chỗ làm việc;

d) Người lao động không có mặt tại nơi làm việc sau thời hạn quy định tại Điều 33 của Bộ luật này.

Như vậy, công ty cho bạn thôi việc vì không trả đủ lương là trái pháp luật. Do đó, công ty phải chịu nghĩa vụ theo Điều 42 Bộ luật lao động 2012:

1. Phải nhận người lao động trở lại làm việc theo hợp đồng lao động đã giao kết và phải trả tiền lương, bảo hiểm xã hội, bảo hiểm y tế trong những ngày người lao động không được làm việc cộng với ít nhất 02 tháng tiền lương theo hợp đồng lao động.

2. Trường hợp người lao động không muốn tiếp tục làm việc, thì ngoài khoản tiền bồi thường quy định tại khoản 1 Điều này người sử dụng lao động phải trả trợ cấp thôi việc theo quy định tại Điều 48 của Bộ luật này.

3. Trường hợp người sử dụng lao động không muốn nhận lại người lao động và người lao động đồng ý, thì ngoài khoản tiền bồi thường quy định tại khoản 1 Điều này và trợ cấp thôi việc theo quy định tại Điều 48 của Bộ luật này, hai bên thỏa thuận khoản tiền bồi thường thêm nhưng ít nhất phải bằng 02 tháng tiền lương theo hợp đồng lao động để chấm dứt hợp đồng lao động.

4. Trường hợp không còn vị trí, công việc đã giao kết trong hợp đồng lao động mà người lao động vẫn muốn làm việc thì ngoài khoản tiền bồi thường quy định tại khoản 1 Điều này, hai bên thương lượng để sửa đổi, bổ sung hợp đồng lao động.

5. Trường hợp vi phạm quy định về thời hạn báo trước thì phải bồi thường cho người lao động một khoản tiền tương ứng với tiền lương của người lao động trong những ngày không báo trước.

Trên đây là tư vấn của Ban biên tập Thư Ký Luật về xử lý khi cho nhân viên thôi việc vì không có tiền trả lương. Bạn nên tham khảo chi tiết Bộ luật lao động 2012 để nắm rõ quy định này.

Trân trọng!","tro-cap-thoi-viec","","","","2017-02-14T08:17:00","https://thuvienphapluat.vn/hoi-dap-phap-luat/cho-nhan-vien-thoi-viec-vi-khong-co-tien-tra-luong-duoc-khong-165592.html","2026-04-24T07:01:05.670531+00:00"
"168747","Được trợ cấp thôi việc","Khoản 1 Điều 48 Bộ luật Lao động 2012 (BLLĐ) quy định khi hợp đồng lao động (HĐLĐ) chấm dứt theo quy định tại khoản 1, 2, 3, 5, 6, 7, 9 và 10 của điều 36 thì người sử dụng lao động có trách nhiệm chi trả TCTV cho người lao động (NLĐ) đã làm việc thường xuyên từ đủ 12 tháng trở lên, mỗi năm làm việc nửa tháng lương. Bên cạnh đó, khoản 2, điều 167 BLLĐ quy định khi đã nghỉ hưu, nếu làm việc theo HĐLĐ mới thì ngoài quyền lợi đang hưởng theo chế độ hưu trí, NLĐ cao tuổi được hưởng các quyền lợi đã thỏa thuận theo HĐLĐ. Vì vậy, khi ông chấm dứt HĐLĐ đúng pháp luật thì công ty có trách nhiệm chi trả TCTV cho ông theo quy định.","tro-cap-thoi-viec","","","","2017-02-14T08:16:00","https://thuvienphapluat.vn/hoi-dap-phap-luat/duoc-tro-cap-thoi-viec-168747.html","2026-04-24T07:01:10.380669+00:00"
"124838","Quy định về hình thức chi trả tiền trợ cấp thôi việc","Căn cứ theo Điều 48. Trợ cấp thôi việc

1. Khi hợp đồng lao động chấm dứt theo quy định tại các khoản 1, 2, 3, 5, 6, 7, 9 và 10 Điều 36 của Bộ luật này thì người sử dụng lao động có trách nhiệm chi trả trợ cấp thôi việc cho người lao động đã làm việc thường xuyên từ đủ 12 tháng trở lên, mỗi năm làm việc được trợ cấp một nửa tháng tiền lương.

2. Thời gian làm việc để tính trợ cấp thôi việc là tổng thời gian người lao động đã làm việc thực tế cho người sử dụng lao động trừ đi thời gian người lao động đã tham gia bảo hiểm thất nghiệp theo quy định của Luật bảo hiểm xã hội và thời gian làm việc đã được người sử dụng lao động chi trả trợ cấp thôi việc.

3. Tiền lương để tính trợ cấp thôi việc là tiền lương bình quân theo hợp đồng lao động của 06 tháng liền kề trước khi người lao động thôi việc.

Việc cơ quan chuyển tiền trợ cấp thôi việc bằng chuyển khoản hay tiền mặt là do hai bên tự thỏa thuận, không có hình thức nào bắt buộc.","tro-cap-thoi-viec","","","","2017-02-13T11:15:00","https://thuvienphapluat.vn/hoi-dap-phap-luat/quy-dinh-ve-hinh-thuc-chi-tra-tien-tro-cap-thoi-viec-124838.html","2026-04-24T07:01:19.118756+00:00"
"41400","Bị điều chuyển nhân sự có được nhận trợ cấp thôi việc không?","Công ty luật Cương Lĩnh xin trả lời câu hỏi như sau:

Khoản 1 Điều 48 Bộ luật lao động 2012 quy định:

“Khi hợp đồng lao động chấm dứt theo quy định tại các khoản 1, 2, 3, 5, 6, 7, 9 và 10 Điều 36 của Bộ luật này thì người sử dụng lao động có trách nhiệm chi trả trợ cấp thôi việc cho người lao động đã làm việc thường xuyên từ đủ 12 tháng trở lên, mỗi năm làm việc được trợ cấp một nửa tháng tiền lương.”

Như vậy, nếu hợp đồng lao động được chấm dứt theo các trường hợp quy định tại Điều 36 BLLĐ thì người lao động làm việc thường xuyên từ đủ 12 tháng trở lên được hưởng trợ cấp lao động.

Điều 36. Các trường hợp chấm dứt hợp đồng lao động

1. Hết hạn hợp đồng lao động, trừ trường hợp quy định tại khoản 6 Điều 192 của Bộ luật này.

2. Đã hoàn thành công việc theo hợp đồng lao động.

3. Hai bên thoả thuận chấm dứt hợp đồng lao động.

4. Người lao động đủ điều kiện về thời gian đóng bảo hiểm xã hội và tuổi hưởng lương hưu theo quy định tại Điều 187 của Bộ luật này.

5. Người lao động bị kết án tù giam, tử hình hoặc bị cấm làm công việc ghi trong hợp đồng lao động theo bản án, quyết định có hiệu lực pháp luật của Toà án.

6. Người lao động chết, bị Toà án tuyên bố mất năng lực hành vi dân sự, mất tích hoặc là đã chết.

7. Người sử dụng lao động là cá nhân chết, bị Toà án tuyên bố mất năng lực hành vi dân sự, mất tích hoặc là đã chết; người sử dụng lao động không phải là cá nhân chấm dứt hoạt động.

8. Người lao động bị xử lý kỷ luật sa thải theo quy định tại khoản 3 Điều 125 của Bộ luật này.

9. Người lao động đơn phương chấm dứt hợp đồng lao động theo quy định tại Điều 37 của Bộ luật này.

10. Người sử dụng lao động đơn phương chấm dứt hợp đồng lao động theo quy định tại Điều 38 của Bộ luật này; người sử dụng lao động cho người lao động thôi việc do thay đổi cơ cấu, công nghệ hoặc vì lý do kinh tế hoặc do sáp nhật, hợp nhất, chia tách doanh nghiệp, hợp tác xã.

Như vậy:

Thứ nhất, nếu bạn đã phải làm việc thường xuyên từ đủ 12 tháng trở lên. Nếu không thỏa mãn điều kiện đầu tiên này thì công ty không phải chi trả trợ cấp thôi việc.

Thứ hai, người lao động đã viết đơn xin thôi việc và đã được người sử dụng lao động đồng ý. Tức là việc chấm dứt hợp đồng lao động này là theo sự thỏa thuận của cả hai bên. Đây là trường hợp quy định tại khoản 3 Điều 36 BLLĐ. Ngay cả khi không được sự đồng ý của người sử dụng lao động thì khi đơn phương chấm dứt hợp đồng lao động, người lao động vẫn có thể được nhận trợ cấp thôi việc.

+ Nếu là hợp đồng xác định thời hạn thì người lao động có quyền đơn phương chấm dứt hợp đồng lao động do  không được bố trí theo đúng công việc, địa điểm làm việc hoặc không được bảo đảm điều kiện làm việc đã thỏa thuận trong hợp đồng lao động (điểm a, khoản 1 Điều 37 BLLĐ). Đây là trường hợp chấm dứt hợp đồng lao động theo khoản 9 Điều 36 BLLĐ nên vẫn được nhận trợ cấp thôi việc.

+ Nếu là hợp đồng không xác định thời hạn thì người lao động chỉ cần thông báo trước ít nhất 45 ngày (theo khoản 3 Điều 37 BLLĐ).

Như vậy, Công ty bạn phải trả trợ cấp thôi việc cho bạn nếu bạn đã làm việc thường xuyên từ đủ 12 tháng trở lên.","tro-cap-thoi-viec","","","","2017-02-11T14:32:00","https://thuvienphapluat.vn/hoi-dap-phap-luat/bi-dieu-chuyen-nhan-su-co-duoc-nhan-tro-cap-thoi-viec-khong-41400.html","2026-04-24T07:01:24.132512+00:00"
"123546","Phụ nữ đang mang thai, người sử dung lao động có quyền buộc thôi việc không?","Luật lao động cấm Người sử dụng lao động chấm dứt HĐLĐ người lao động đang mang thai hoặc nuôi con nhỏ dưới 12 tháng tuổi.

Như vậy công ty là làm sai làm ảnh hưởng tâm lý người vợ mang thai và chồng, có thể là nguyên nhân khủng hoảng về tâm lý này dẫn đến tai nạn thương tâm cho hai vợ chồng mà người vợ lại đang mang thai đã chết cùng đứa con trong bụng mẹ, như vậy nếu có thể người nhà có quyền khởi kiện về việc chấm dứt hợp đồng trái pháp luật gây thiệt hại cho người lao động và yêu cầu bồi thường mọi chi phí tiền lương theo điều 41 luật lao động và bồi thường về thiệt hại về tính mạng và sức khỏe về mặt dân sự quy định do hành vi có lỗi là nguyên nhân dẫn đến hậu quả là cái chết thương tâm của hai vợ chồng này.","tro-cap-thoi-viec","","","","2017-02-11T07:55:00","https://thuvienphapluat.vn/hoi-dap-phap-luat/phu-nu-dang-mang-thai-nguoi-su-dung-lao-dong-co-quyen-buoc-thoi-viec-khong-123546.html","2026-04-24T07:01:28.845106+00:00"
"104154","Thôi việc do không hoàn thành nhiệm vụ vẫn được trợ cấp","Điều 29 Luật Viên chức nêu trên thì Điều 45 của luật này quy định về chế độ thôi việc. Cụ thể, khi chấm dứt hợp đồng làm việc, viên chức được hưởng trợ cấp thôi việc, trợ cấp mất việc làm hoặc chế độ bảo hiểm thất nghiệp theo quy định của pháp luật về lao động và pháp luật về bảo hiểm xã hội.

Khoản 2 Điều 45 Luật Viên chức cũng quy định rõ ba trường hợp không được hưởng trợ cấp thôi việc. Đó là những trường hợp bị buộc thôi việc, tức là những viên chức bị hình thức kỷ luật buộc thôi việc. Thứ hai là những trường hợp viên chức đơn phương chấm dứt hợp đồng nhưng không thông báo bằng văn bản cho người đứng đầu đơn vị sự nghiệp công lập biết trước. Trường hợp thứ ba không được hưởng trợ cấp thôi việc là những viên chức chấm dứt hợp đồng làm việc khi viên chức đó được cấp có thẩm quyền bổ nhiệm giữ chức vụ được pháp luật quy định là công chức tại đơn vị sự nghiệp công lập hoặc có quyết định nghỉ hưu thì hợp đồng làm việc đương nhiên chấm dứt.

Trường hợp viên chức bị chấm dứt hợp đồng do hai năm không hoàn thành nhiệm vụ không nằm trong ba trường hợp không được hưởng trợ cấp thôi việc quy định trong Luật Viên chức. Nó cũng không nằm trong các trường hợp viên chức được giải quyết thôi việc tại Nghị định 29/2012. Do đó có thể khẳng định mặc dù luật và nghị định chưa quy định cụ thể đối với trường hợp này nhưng như vậy có thể hiểu viên chức bị chấm dứt hợp đồng do hai năm không hoàn thành nhiệm vụ vẫn đương nhiên được hưởng trợ cấp thôi việc theo Điều 45 của luật đã nói ở trên.","tro-cap-thoi-viec","","","","2017-02-10T14:04:00","https://thuvienphapluat.vn/hoi-dap-phap-luat/thoi-viec-do-khong-hoan-thanh-nhiem-vu-van-duoc-tro-cap-104154.html","2026-04-24T07:01:33.734133+00:00"
"105634","Chưa có quyết định thôi việc nên không được hưởng BHTN","Trường hợp của bạn chưa có quyết định thôi việc, nên không có căn cứ để làm thủ tục hưởng bảo hiểm thất nghiệp","tro-cap-thoi-viec","","","","2017-02-10T09:30:00","https://thuvienphapluat.vn/hoi-dap-phap-luat/chua-co-quyet-dinh-thoi-viec-nen-khong-duoc-huong-bhtn-105634.html","2026-04-24T07:01:38.257655+00:00"
"109102","Có đơn xin nghỉ nhưng không có quyết định thôi việc","Trường hợp quá cụ thể trên, Trung tâm GTVL không thể cho bạn đăng ký hưởng trợ cấp thất nghiệp vì không có quyết định. Bạn có thể kiện công ty ra tòa án huyện thị, tuy nhiên bạn xem lại HĐLĐ hết hạn lúc nào, nếu trùng thời gian nghỉ thì thay quyết định bằng HĐLĐ vừa hết hạn","tro-cap-thoi-viec","","","","2017-02-10T09:30:00","https://thuvienphapluat.vn/hoi-dap-phap-luat/co-don-xin-nghi-nhung-khong-co-quyet-dinh-thoi-viec-109102.html","2026-04-24T07:01:43.125834+00:00"
"115431","Cty không trả quyết định thôi việc","Có hai vấn đề cần trao đổi với bạn như sau:

1/ Hợp đồng của bạn là hợp đồng không xác định nên nếu lý do đơn phương chấm dứt đúng luật thì công ty phải thông báo trước cho bạn 45 ngày.

Về lý do đơn phương chấm dứt của công ty áp dụng cho bạn là hoàn toàn sai luật: Người lao động bị ốm có làm đơn xin nghỉ 2,5 ngày nhưng công ty lại lấy lý do này để chấm dứt là sai. Theo quy định khi bị ốm thì người lao động có quyền xin nghỉ ốm để điều trị bệnh, trong trường hợp nghỉ ốm hưởng BHXH thì cần phải có chỉ định của bác sĩ về nghỉ ốm. Công ty cho nghỉ trong trường hợp này là phi nhân bản, cần xem lại.

Vì lý do chấm dứy\t và không tuân thủ thời gian báo trước nên việc đơn phương chấm dứt là hoàn toàn trái luật. Bạn không cần thông qua hòa giải cấp cơ sở mà có quyền khởi kiện công ty đến tòa án để yêu cầu giải quyết.

2/ Việc công ty đơn phương chấm dứt bạn sai pháp luật là việc cơ bản cần giải quyết và làm rõ để bảo vệ quyền và lợi ích hợp pháp của mình chứ không nên cam chịu cho qua và chỉ chú ý vào việc chỉ cần lấy được quyết định thôi việc để bổ túc hồ sơ xin hưởng trợ cấp thất nghiệp, vì quyền lợi này không là bao so với việc cần giải quyết việc đơn phương chấm dứt sai luật sẽ mang đến cho bạn quyền lợi đảm bảo hơn nhiều lần","tro-cap-thoi-viec","","","","2017-02-10T09:29:00","https://thuvienphapluat.vn/hoi-dap-phap-luat/cty-khong-tra-quyet-dinh-thoi-viec-115431.html","2026-04-24T07:01:48.437491+00:00"
"86735","Đơn vị nào có trách nhiệm chi trả trợ cấp thôi việc?","Theo quy định tại Khoản 2 Điều 38 Nghị định số 05/2015/NĐ-CP ngày 12/1/2015 của Chính phủ và Khoản 3 Điều 8 Thông tư số 47/2015/TT-BLĐTBXH ngày 16/11/2015 của Bộ Lao động – Thương binh và Xã hội thì đối với doanh nghiệp 100% vốn nhà nước hoặc doanh nghiệp cổ phần hóa từ doanh nghiệp nhà nước khi chấm dứt hợp đồng lao động mà người lao động có thời gian làm việc ở các cơ quan, tổ chức, đơn vị, doanh nghiệp thuộc khu vực nhà nước và chuyển đến làm việc tại doanh nghiệp nhà nước trước ngày 1/1/1995 nhưng chưa nhận trợ cấp thôi việc hoặc trợ cấp mất việc làm hoặc trợ cấp một lần trước khi phục viên, trợ cấp xuất ngũ đối với người lao động có thời gian làm việc ở đơn vị thuộc lực lượng vũ trang thì người sử dụng lao động có trách nhiệm chi trả trợ cấp thôi việc hoặc trợ cấp mất việc làm đối với thời gian người lao động đã làm việc cho mình và chi trả trợ cấp thôi việc đối với thời gian người lao động đã làm việc cho các cơ quan tổ chức, đơn vị, doanh nghiệp thuộc khu vực nhà nước trước đó.

Thời gian làm việc tại các cơ quan, tổ chức, đơn vị, doanh nghiệp khu vực nhà nước trước ngày 1/1/1995 bao gồm: Thời gian người lao động làm việc thực tế tại các cơ quan hành chính Nhà nước, đơn vị sự nghiệp Nhà nước, tổ chức chính trị, tổ chức chính trị - xã hội, đơn vị thuộc lực lượng vũ trang hưởng lương từ ngân sách Nhà nước, thời gian làm việc tại doanh nghiệp Nhà nước khác.

Căn cứ quy định nêu trên, trường hợp bà Nguyễn Thị Ngân có thời gian từ tháng 11/1984 đến tháng 5/1988 làm việc tại Công ty Xây dựng đường miền Đông (là doanh nghiệp 100% vốn nhà nước nay đã cổ phần hóa thành Công ty cổ phần Cầu đường bộ II); từ tháng 6/1988 (trước ngày 1/1/1995) đến tháng 10/2015 bà làm việc tại Công ty Than cọc 6 – Vinacomin (doanh nghiệp 100% vốn nhà nước), khi chấm dứt hợp đồng lao động đúng pháp luật thì Công ty Than cọc 6 – Vinacomin có trách nhiệm chi trả trợ cấp thôi việc cho bà Ngân đối với thời gian bà làm việc tại Công ty Than cọc 6 – Vinacomin và Công ty Xây dựng đường miền Đông.","tro-cap-thoi-viec","","","","2017-02-10T08:05:00","https://thuvienphapluat.vn/hoi-dap-phap-luat/don-vi-nao-co-trach-nhiem-chi-tra-tro-cap-thoi-viec-86735.html","2026-04-24T07:01:53.073630+00:00"
"45126","Đơn vị nào chi trả trợ cấp thôi việc khi làm việc ở nhiều nơi?","Cám ơn bạn đã gửi câu hỏi của mình đến trang Tư Vấn của báo Đời Sống & Pháp Luật. Với thắc mắc của bạn, xin được đưa ra quan điểm tư vấn như sau:

Vấn đề liên quan tới chi trả trợ cấp thôi việc khi chấm dứt hợp đồng lao động đối với người lao động làm việc tại nhiều công ty Nhà nước, trước đây tại Thông tư 17/2009/TT – BLĐTBXH có quy định người lao động làm việc ở nhiều công ty nhà nước do chuyển công tác trước ngày 01 tháng 01 năm 1995, thì trợ cấp thôi việc được tính theo thời gian làm việc ở từng công ty nhà nước. Tiền lương làm căn cứ tính trợ cấp thôi việc cho người lao động ở từng doanh nghiệp là tiền lương, tiền công theo hợp đồng lao động được tính bình quân của 6 tháng liền kề trước khi chấm dứt hợp đồng lao động ở công ty nhà nước cuối cùng. Công ty nhà nước cuối cùng có trách nhiệm chi trả toàn bộ số tiền trợ cấp thôi việc cho người lao động, kể cả phần trợ cấp thôi việc thuộc trách nhiệm chi trả của công ty nhà nước mà người lao động đã làm việc trước khi chuyển công tác trước ngày 01 tháng 01 năm 1995, sau đó gửi thông báo theo mẫu số 3 ban hành kèm theo Thông tư này để yêu cầu hoàn trả số tiền đã được chi trả hộ. Trường hợp công ty nhà nước được chi trả hộ đã chấm dứt hoạt động thì ngân sách nhà nước hoàn trả số tiền trợ cấp thôi việc đã được chi trả hộ theo hướng dẫn của Bộ Tài chính.

Tuy nhiên, Thông tư trên đã hết hiệu lực, hiện tại sẽ áp dụng theo quy định tại khoản 2 Điều 38 Nghị định 05/2015/NĐ – CP, theo đó “Đối với doanh nghiệp 100% vốn nhà nước hoặc doanh nghiệp cổ phần hóa từ doanh nghiệp nhà nước khi chấm dứt hợp đồng lao động mà người lao động có thời gian làm việc ở các cơ quan, tổ chức, đơn vị, doanh nghiệp thuộc khu vực nhà nước và chuyển đến làm việc tại doanh nghiệp trước ngày 01 tháng 01 năm 1995 nhưng chưa nhận trợ cấp thôi việc hoặc trợ cấp mất việc làm thì người sử dụng lao động có trách nhiệm chi trả trợ cấp thôi việc hoặc trợ cấp mất việc làm đối với thời gian người lao động đã làm việc cho mình và chi trả trợ cấp thôi việc đối với thời gian người lao động đã làm việc cho các cơ quan, tổ chức, đơn vị, doanh nghiệp thuộc khu vực nhà nước trước đó”.

Anh Nguyễn Thanh B chuyển đến làm việc tại công ty C bắt đầu từ năm 2003, như vậy không áp dụng quy định tại Điều 38 Nghị định 05/2015/NĐ – CP. Căn cứ theo quy định của Bộ luật lao động năm 2012, công ty bạn chỉ có nghĩa vụ chi trả trợ cấp thôi việc cho người lao động trong khoảng thời gian làm việc tại công ty bạn.

Hy vọng rằng sự tư vấn sẽ giúp bạn lựa chọn phương án thích hợp nhất để giải quyết những vướng mắc của bạn. Nếu còn bất cứ thắc mắc gì xin gửi về báo Đời sống & Pháp luật.

Luật gia Đồng Xuân Thuận","tro-cap-thoi-viec","","","","2017-02-10T08:03:00","https://thuvienphapluat.vn/hoi-dap-phap-luat/don-vi-nao-chi-tra-tro-cap-thoi-viec-khi-lam-viec-o-nhieu-noi-45126.html","2026-04-24T07:01:58.073459+00:00"
"119276","Về chế độ chi trả trợ cấp thôi việc","1/ Trường hợp này Bưu điện Yên Bái chỉ trả trợ cấp thôi việc cho bạn trong thời gian bạn làm việc tại Bưu điện Yên Bái, các đơn vị bạn làm trước đó bạn phải liên hệ hoặc yêu cầu ngay khi thời điểm bạn nghỉ để được đơn vị đó thanh toán phần trợ cấp nghỉ việc cho bạn.

2/ Bạn nên chấp nhận.

3/ Việc chưa nhận tiền vì bạn chưa đồng ý nên Bưu điện Yên Bái chưa thống nhất cách giải quyết cho bạn. Bạn nên trả lời chấp thuận để được lãnh tiền trợ cấp thôi việc nhe bạn.","tro-cap-thoi-viec","","","","2017-02-10T08:01:00","https://thuvienphapluat.vn/hoi-dap-phap-luat/ve-che-do-chi-tra-tro-cap-thoi-viec-119276.html","2026-04-24T07:02:02.434984+00:00"
"124356","Thủ tục chi trả trợ cấp thôi việc","Cách chị nêu về điều kiện và trả trợ cấp thôi việc là đúng rồi.

Về thủ tục cần là :

- Quyết định thôi việc hoặc thỏa thuận chấm dứt hợp đồng lao động.

- Đơn xin hưởng trợ cấp thôi việc ( nộp cho công ty )và trợ cấp thất nghiệp .( nộp Trung tâm GTVL tỉnh TP)

- Kèm sổ BHXH đã được chốt sổ thời điểm em nghỉ việc công ty.","tro-cap-thoi-viec","","","","2017-02-10T08:00:00","https://thuvienphapluat.vn/hoi-dap-phap-luat/thu-tuc-chi-tra-tro-cap-thoi-viec-124356.html","2026-04-24T07:02:07.114764+00:00"
"127203","Chi trả trợ cấp thôi việc như thế nào?","Theo tôi trường hợp đặc biệt là doanh nghiệp gặp khăn về tài chính mà không thể kiểm sóat được hoặc các trường hợp khác như bộ máy cơ cấu tổ chức trục trặc... thiên tai, hỏa hoạn, thay đổi của pháp luật... miễn là doanh nghiệp không hoạt động được bình thường thì có thể gọi là ĐẶC BIỆT rồi. Tuy nhiên, nếu họ không rơi vào trường hợp đặc biệt mà cứ tự cho mình là đang thuộc trường hợp đặc biệt thì xử lý thế nào? Tiền trợ cấp thôi việc của NLD là số tiền không lớn nên thực tế ít ai đưa ra Tòa để giải quyết đòi tiền TCTV. Còn nếu khi Tòa án giải quyết thì phải tuân theo pháp luật, khi đó doanh nghiệp có trách nhiệm chứng minh là mình rơi vào trường hợp đặc biệt. Nếu không chứng minh được thì doanh nghiệp đó làm sai và NLĐ có quyền yêu cầu bồi thường thiệt hại. Còn thiệt hại đáng bao nhiêu thì chắc bạn biết rồi! Thực tế có lẽ chưa diễn ra những vụ án lao động thế này bởi ít ai có thời gian để theo kiện!","tro-cap-thoi-viec","","","","2017-02-10T08:00:00","https://thuvienphapluat.vn/hoi-dap-phap-luat/chi-tra-tro-cap-thoi-viec-nhu-the-nao-127203.html","2026-04-24T07:02:11.779289+00:00"
"151162","Nguồn kinh phí chi trả trợ cấp thôi việc cho công chức được quy định như thế nào?","Nguồn kinh phí chi trả trợ cấp thôi việc cho công chức đã được quy định cụ thể tại Điều 7 Nghị định 46/2010/NĐ-CP quy định về thôi việc và thủ tục nghỉ hưu đối với công chức.

Theo đó, nguồn kinh phí chi trả trợ cấp thôi việc cho công chức được quy định như sau:

1. Đối với công chức trong cơ quan của Đảng Cộng sản Việt Nam, Nhà nước, tổ chức chính trị - xã hội ở Trung ương, ở tỉnh, thành phố trực thuộc Trung ương, ở huyện, quận, thị xã, thành phố thuộc tỉnh; trong cơ quan, đơn vị thuộc quân đội nhân dân và công an nhân dân thì nguồn kinh phí chi trả trợ cấp thôi việc được bố trí trong dự toán chi hoạt động thường xuyên được cơ quan có thẩm quyền giao hàng năm.

2. Đối với công chức trong bộ máy lãnh đạo, quản lý của đơn vị sự nghiệp công lập thì nguồn kinh phí chi trả trợ cấp thôi việc được thực hiện như sau:

a) Trường hợp thuộc đơn vị sự nghiệp công lập do ngân sách nhà nước bảo đảm toàn bộ chi phí hoạt động thường xuyên hoặc đơn vị sự nghiệp công lập tự bảo đảm một phần chi phí hoạt động thường xuyên: nguồn kinh phí chi trả trợ cấp thôi việc lấy từ kinh phí bảo đảm hoạt động thường xuyên được cấp có thẩm quyền giao hàng năm và từ nguồn thu hoạt động sự nghiệp của đơn vị theo quy định của pháp luật;

b) Trường hợp thuộc đơn vị sự nghiệp công lập tự bảo đảm toàn bộ chi phí hoạt động thường xuyên: nguồn kinh phí chi trả trợ cấp thôi việc lấy từ nguồn thu hoạt động sự nghiệp của đơn vị theo quy định của pháp luật.

Trên đây là nội dung tư vấn của Ban biên tập Thư Ký Luật về nguồn kinh phí chi trả trợ cấp thôi việc cho công chức. Nếu muốn tìm hiểu rõ hơn, bạn có thể tham khảo quy định tại Nghị định 46/2010/NĐ-CP.

Trân trọng!","tro-cap-thoi-viec","","","","2017-02-10T07:58:00","https://thuvienphapluat.vn/hoi-dap-phap-luat/nguon-kinh-phi-chi-tra-tro-cap-thoi-viec-cho-cong-chuc-duoc-quy-dinh-nhu-the-nao-151162.html","2026-04-24T07:02:17.314062+00:00"
"155395","Điều kiện, cách xác định và đơn vị chi trả trợ cấp thôi việc","Chiếu theo quy định của Bộ luật lao động 2012 và Luật Bảo hiểm xã hội 2014 thì: Có hai trường hợp với vấn đề của bạn như sau:

Trường hợp 1: Bạn nghỉ việc tại công ty theo quyết định nghỉ hưu. Trường hợp này, bạn làm thủ tục về hưu trước tuổi thông qua đơn vị sử dụng lao động, khi đủ điều kiện về hưu, công ty không có nghĩa vụ phải thanh toán trợ cấp thôi việc.

Trường hợp 2: Bạn nghỉ việc tại công ty theo hướng đơn phương chấm dứt hợp đồng. Sau đó bạn tự làm thủ tục giám định sức khỏe để về hưu trước tuổi. Trường hợp này bạn được công ty thanh toán trợ cấp thôi việc.

Trên đây là tư vấn của Ban biên tập Thư Ký Luật về điều kiện, cách xác định và đơn vị chi trả trợ cấp thôi việc. Bạn nên tham khảo chi tiết Bộ luật lao động 2012 để nắm rõ quy định này.

Trân trọng!","tro-cap-thoi-viec","","","","2017-02-10T07:57:00","https://thuvienphapluat.vn/hoi-dap-phap-luat/dieu-kien-cach-xac-dinh-va-don-vi-chi-tra-tro-cap-thoi-viec-155395.html","2026-04-24T07:02:28.236229+00:00"
"168456","Thực hiện chi trả trợ cấp thôi việc cho người lao động","Hiện nay, Bộ luật Lao động 1994 đã hết hiệu lực thi hành do bị thay thế bởi Bộ Luật lao động 2012. Về nguyên tắc chung thì khi Luật năm 2012 có hiệu lực thì các vấn đề liên quan đên lao động được thực hiện theo quy định tại Luật này. Tuy nhiên, căn cứ Điều 79, Điều 83 Luật ban hành văn bản quy phạm pháp luật 2008 thì vẫn có trường hợp áp dụng Hiệu lực trở về trước của văn bản quy phạm pháp luật. Nội dung Công văn 2231/LĐTBXH-LĐTL năm 2015 về chi trả trợ cấp thôi việc cho người lao động do Bộ Lao động - Thương binh và Xã hội ban hành thuộc trường hợp này Tại Khoản 2 Điều 38 Nghị định số 05/2015/NĐ-CP có quy định chuyển tiếp liên quan đến việc giải quyết các chế độ cho người lao động làm việc trong cơ quan đơn vị sự nghiệp, ... trước 01/01/1995 chưa được trả trợ cấp thôi việc. Trường hợp, người lao động thôi việc từ sau 01/01/1995 - 01/05/2013, đã thực hiện trả trợ cấp thôi việc theo quy định tại Điều 42 Bộ luật Lao động 1994 nên không xét đến nữa. Từ sau 01/05/2013, khi thôi việc đúng quy định thì thực hiện chi trả trợ cấp thôi viêc theo quy định tại Điều 48 Bộ Luật lao động 2012. Trên đây là tư vấn về thực hiện chi trả trợ cấp thôi việc. Để biết thêm chi tiết bạn có thể tham khảo tại Bộ Luật lao động 2012. Trân trọng!","tro-cap-thoi-viec","","","","2017-02-10T07:56:00","https://thuvienphapluat.vn/hoi-dap-phap-luat/thuc-hien-chi-tra-tro-cap-thoi-viec-cho-nguoi-lao-dong-168456.html","2026-04-24T07:02:33.623990+00:00"
"168501","Không đóng bảo hiểm thì có cần trả trợ cấp thôi việc cho nhân viên nghỉ việc không?","Chào chị, Nghị định 05/2015/NĐ-CP có hướng dẫn về trợ cấp thôi việc, cụ thể như sau: a) Thời gian người lao động đã làm việc thực tế cho người sử dụng lao động bao gồm: thời gian người lao động đã làm việc cho người sử dụng lao động; thời gian thử việc, học nghề, tập nghề để làm việc cho người sử dụng lao động; thời gian được người sử dụng lao động cử đi học; thời gian nghỉ hưởng chế độ theo quy định của Luật Bảo hiểm xã hội; thời gian nghỉ hằng tuần theo Điều 110, nghỉ việc hưởng nguyên lương theo các Điều 111, Điều 112, Điều 115 và Khoản 1 Điều 116 của Bộ luật Lao động; thời gian nghỉ để hoạt động công đoàn theo quy định của pháp luật về công đoàn; thời gian phải ngừng việc, nghỉ việc không do lỗi của người lao động; thời gian nghỉ vì bị tạm đình chỉ công việc và thời gian bị tạm giữ, tạm giam nhưng được trở lại làm việc do được cơ quan nhà nước có thẩm quyền kết luận không phạm tội; b) Thời gian người lao động đã tham gia bảo hiểm thất nghiệp bao gồm: Thời gian người sử dụng lao động đã đóng bảo hiểm thất nghiệp theo quy định của pháp luật và thời gian người sử dụng lao động đã chi trả cùng lúc với kỳ trả lương của người lao động một khoản tiền tương đương với mức đóng bảo hiểm thất nghiệp theo quy định của pháp luật; Như vậy trong thời gian người này làm việc theo HĐLĐ có thơi hạn dưới 3 tháng, doanh nghiệp không tham gia các khoản BH, nhưng có chi trả các khoản BH này trực tiếp vào lương cho người lao động thì thời gian này cũng sẽ được trừ khi tính chi trả trợ cấp thôi việc, doanh nghiệp không phải chi trả trợ cấp thôi việc khi đã trả tiền trợ cấp thất nghiêp vào lương.","tro-cap-thoi-viec","","","","2017-02-07T10:23:00","https://thuvienphapluat.vn/hoi-dap-phap-luat/khong-dong-bao-hiem-thi-co-can-tra-tro-cap-thoi-viec-cho-nhan-vien-nghi-viec-khong-168501.html","2026-04-24T07:02:39.427522+00:00"
"167993","Làm việc sau nghỉ hưu có được trợ cấp khi thôi việc?","Theo quy định tại Khoản 1 Điều 48 Bộ luật Lao động 2012, khi hợp đồng lao động chấm dứt theo quy định tại Khoản 1,2,3,5,6,7,9 và 10 Điều 36 của Bộ luật này thì người sử dụng lao động có trách nhiệm chi trả trợ cấp thôi việc cho người lao động đã làm việc thường xuyên từ đủ 12 tháng trở lên, mỗi năm làm việc được trợ cấp một nửa tháng tiền lương.

Khoản 2, Điều 167 Bộ luật Lao động quy định, khi đã nghỉ hưu, nếu làm việc theo hợp đồng lao động mới, thì ngoài quyền lợi đang hưởng theo chế độ hưu trí, người lao động cao tuổi được hưởng các quyền lợi đã thỏa thuận theo hợp đồng lao động.

Theo đó, Bộ luật Lao động và các văn bản hướng dẫn thi hành về việc chi trả trợ cấp thôi việc không phân biệt đối với người lao động đã hoặc chưa nghỉ chế độ hưu trí.

Vì vậy, trường hợp người lao động cao tuổi (người lao động tiếp tục lao động sau độ tuổi nghỉ hưu hưởng hưu trí) mà làm việc từ đủ 12 tháng trở lên theo chế độ hợp đồng lao động, khi chấm dứt hợp đồng lao động đúng pháp luật thì người sử dụng lao động có trách nhiệm chi trả trợ cấp thôi việc cho người lao động cao tuổi đối với thời gian làm việc sau khi nghỉ hưu theo đúng quy định.","tro-cap-thoi-viec","","","","2017-02-04T10:41:00","https://thuvienphapluat.vn/hoi-dap-phap-luat/lam-viec-sau-nghi-huu-co-duoc-tro-cap-khi-thoi-viec-167993.html","2026-04-24T07:02:45.254402+00:00"
"166705","Viên chức chấm dứt làm việc tại cơ sở công lập có được hưởng trợ cấp thôi việc?","Viên chức theo Điều 2 Luật viên chức 2010:

Viên chức là công dân Việt Nam được tuyển dụng theo vị trí việc làm, làm việc tại đơn vị sự nghiệp công lập theo chế độ hợp đồng làm việc, hưởng lương từ quỹ lương của đơn vị sự nghiệp công lập theo quy định của pháp luật.

Trong trường hợp này, bạn làm tại một bệnh viện công lập và đã vào biên chế được 10 năm. Với thông tin đó, có thể xác định bạn là viên chức theo Luật viên chức 2010.

Khi bạn vi phạm các quy định của pháp luật trong quá trình thực hiện công việc hoặc nhiệm vụ thì tùy tính chất, mức độ vi phạm phải chịu những hình thức xử lý kỷ luật theo Điều 52 Luật viên chức 2010 bao gồm:

- Khiển trách;

- Cảnh cáo;

- Cách chức;

- Buộc thôi việc;

Việc buộc thôi việc được áp dụng khi viên chức có một trong các hành vi theo Điều 13 Nghị định 27/2012/NĐ-CP như sau:

1. Bị phạt tù mà không được hưởng án treo hoặc bị Tòa án kết án về hành vi tham nhũng;

2. Không tuân thủ quy trình, quy định chuyên môn, nghiệp vụ, đạo đức nghề nghiệp và quy tắc ứng xử trong khi thực hiện hoạt động nghề nghiệp gây hậu quả đặc biệt nghiêm trọng;

3. Sử dụng giấy tờ không hợp pháp để được tuyển dụng vào đơn vị sự nghiệp công lập;

4. Nghiện ma túy có xác nhận của cơ quan y tế có thẩm quyền;

5. Tự ý nghỉ việc, tổng số từ 07 ngày làm việc trở lên trong một tháng hoặc từ 20 ngày làm việc trở lên trong một năm mà không có lý do chính đáng được tính trong tháng dương lịch; năm dương lịch;

6. Vi phạm ở mức độ đặc biệt nghiêm trọng quy định của pháp luật về phòng, chống tham nhũng, nhưng chưa đến mức bị truy cứu trách nhiệm hình sự; quy định của pháp luật về thực hành tiết kiệm, chống lãng phí; kỷ luật lao động; phòng, chống tệ nạn xã hội và các quy định khác của pháp luật liên quan đến viên chức.

Việc xác định hình thức xử lý kỷ luật buộc thôi việc phải thực hiện đúng trình tự, thủ tục theo Mục 4 Nghị định 27/2012/NĐ-CP.

Nếu bạn bị xử lý kỷ luật buộc thôi việc thì bạn không được hưởng chế độ thôi việc nhưng được cơ quan bảo hiểm xã hội xác nhận thời gian làm việc đã đóng bảo hiểm xã hội để thực hiện chế độ bảo hiểm xã hội theo quy định của pháp luật.

Tuy nhiên, việc bạn nghỉ việc không phải do bạn bị buộc thôi việc mà do bạn viết đơn xin nghỉ việc dưới sự ép buộc của lãnh đạo bệnh viện.

Khi đơn phương chấm dứt hợp đồng làm việc bạn được hưởng chế độ thôi việc khi việc đơn phương chấm dứt hợp đồng làm việc không vi phạm Khoản 4 Điều 29 Luật viên chức 2010:

Viên chức làm việc theo hợp đồng làm việc không xác định thời hạn có quyền đơn phương chấm dứt hợp đồng nhưng phải thông báo bằng văn bản cho người đứng đầu đơn vị sự nghiệp công lập biết trước ít nhất 45 ngày; trường hợp viên chức ốm đau hoặc bị tai nạn đã điều trị 06 tháng liên tục thì phải báo trước ít nhất 03 ngày.

Ngoài chế độ này, tất cả những chế độ lương, thưởng, nghỉ hàng năm...mà bạn chưa được hưởng thì bạn sẽ được hưởng các chế độ trên.

Việc đơn phương chấm dứt hợp đồng là quyền của bạn, do ý chí của bạn. Nếu bạn có chứng cứ chứng minh lãnh đạo bệnh viện có hành vi ép buộc bạn phải thôi việc thì bạn có quyền tố cáo hành vi vi phạm nói trên đến người đứng đầu của cơ quan trực tiếp của bệnh viện của bạn theo nguyên tắc xác định thẩm quyền giải quyết tố cáo theo Điều 12 Luật tố cáo 2011 để được giải quyết.

Trên đây là tư vấn của Ban biên tập Thư Ký Luật về hưởng trợ cấp của viên chức chấm dứt làm việc tại cơ sở công lập. Bạn nên tham khảo chi tiết Luật viên chức 2010 để nắm rõ quy định này.

Trân trọng!","tro-cap-thoi-viec","","","","2017-01-19T07:31:00","https://thuvienphapluat.vn/hoi-dap-phap-luat/vien-chuc-cham-dut-lam-viec-tai-co-so-cong-lap-co-duoc-huong-tro-cap-thoi-viec-166705.html","2026-04-24T07:02:50.070815+00:00"
"159141","Thôi việc để làm ở đơn vị mới có cần quyết định chuyển công tác?","Theo quy định tại Khoản 3 Điều 36 Bộ luật Lao động 2012, hợp đồng lao động (HĐLĐ) được chấm dứt khi người lao động và người sử dụng lao động thoả thuận chấm dứt HĐLĐ.

Trường hợp bà Nguyễn Thị Thư có đơn xin thôi việc, đã được lãnh đạo Công ty ký đồng ý, đồng nghĩa với việc hai bên gồm người lao động và người sử dụng lao động đã thỏa thuận việc chấm dứt HĐLĐ. Giám đốc Công ty có thể ra Quyết định chấm dứt HĐLĐ; hoặc cùng người lao động ký Biên bản chấm dứt HĐLĐ.

Theo quy định tại Điều 48 Bộ luật Lao động, khi HĐLĐ chấm dứt theo quy định tại các Khoản 1, 2, 3, 5, 6, 7, 9 và 10 Điều 36 của Bộ luật này (trong đó có việc hai bên thỏa thuận chấm dứt HĐLĐ) thì người sử dụng lao động có trách nhiệm chi trả trợ cấp thôi việc cho người lao động đã làm việc thường xuyên từ đủ 12 tháng trở lên, mỗi năm làm việc được trợ cấp một nửa tháng tiền lương.

Thời gian làm việc để tính trợ cấp thôi việc là tổng thời gian người lao động đã làm việc thực tế cho người sử dụng lao động trừ đi thời gian người lao động đã tham gia bảo hiểm thất nghiệp theo quy định của Luật Bảo hiểm xã hội 2014 và thời gian làm việc đã được người sử dụng lao động chi trả trợ cấp thôi việc.

Tiền lương để tính trợ cấp thôi việc là tiền lương bình quân theo hợp đồng lao động của 6 tháng liền kề trước khi người lao động thôi việc.

Theo quy định tại Khoản 2, Khoản 3 Điều 47 Bộ luật Lao động, trong thời hạn 7 ngày làm việc, kể từ ngày chấm dứt hợp đồng lao động, hai bên có trách nhiệm thanh toán đầy đủ các khoản có liên quan đến quyền lợi của mỗi bên (như thanh toán tiền lương, giải quyết trợ cấp thôi việc theo Điều 48 Bộ luật Lao động); người sử dụng lao động có trách nhiệm hoàn thành thủ tục xác nhận và trả lại sổ bảo hiểm xã hội và những giấy tờ khác mà người sử dụng lao động đã giữ lại của người lao động.

Kể từ ngày 1/1/1995, khi Bộ luật Lao động năm 1994 (Bộ luật Lao động đầu tiên của nước ta) có hiệu lực, pháp luật về lao động không còn quy định khi người lao động thôi việc ở doanh nghiệp này, đến làm việc ở doanh nghiệp, cơ quan, đơn vị sự nghiệp nhà nước khác phải có Đơn xin chuyển công tác cùng xác nhận của đơn vị tiếp nhận, để doanh nghiệp ra Quyết định chuyển công tác cho người lao động.

Tuy nhiên, nếu bà Thư cần các thủ tục đó theo yêu cầu của đơn vị mới thì Công ty có thể hỗ trợ, tạo điều kiện cho bà Thư tìm công việc mới, nhưng vẫn phải đảm bảo các quyền lợi của người lao động khi thôi việc quy định tại Điều 47 Bộ luật Lao động.

Sau khi chấm dứt HĐLĐ với Công ty, bà Thư có thể giao kết HĐLĐ, hoặc thi tuyển, xét tuyển viên chức với đơn vị sự nghiệp công lập mà không cần thiết phải có Quyết định chuyển công tác.

Nếu bà Thư thi tuyển hoặc xét tuyển viên chức, ký kết hợp đồng làm việc với đơn vị sự nghiệp công lập thực hiện theo quy định của Luật Viên chức, Nghị định số 29/2012/NĐ-CP ngày 12/4/2012 của Chính phủ về tuyển dụng, sử dụng và quản lý viên chức; Thông tư số 15/2012/TT-BNV ngày 25/12/2012 của Bộ Nội vụ hướng dẫn về tuyển dụng, ký kết hợp đồng làm việc và đền bù chi phí đào tạo, bồi dưỡng đối với viên chức.

Nếu bà Thư giao kết HĐLĐ với đơn vị sự nghiệp, thực hiện theo quy định của Bộ luật lao động và Nghị định số Nghị định số 68/2000/NĐ-CPngày 17/11/2000 của Chính phủ về thực hiện chế độ hợp đồng một số loại công việc trong cơ quan hành chính Nhà nước, đơn vị sự nghiệp.","tro-cap-thoi-viec","","","","2016-12-10T09:56:00","https://thuvienphapluat.vn/hoi-dap-phap-luat/thoi-viec-de-lam-o-don-vi-moi-co-can-quyet-dinh-chuyen-cong-tac-159141.html","2026-04-24T07:02:56.639237+00:00"
"155399","Trả lương cho nhân viên trong thời gian đã có thông báo thôi việc","Theo quy định của Điều 47 Bộ luật lao động 2012 về trách nhiệm người sử dụng lao động khi chấm dứt hợp đồng lao động. Cụ thể:

1. Ít nhất 15 ngày trước ngày hợp đồng lao động xác định thời hạn hết hạn, người sử dụng lao động phải thông báo bằng văn bản cho người lao động biết thời điểm chấm dứt hợp đồng lao động.

2. Trong thời hạn 07 ngày làm việc, kể từ ngày chấm dứt hợp đồng lao động, hai bên có trách nhiệm thanh toán đầy đủ các khoản có liên quan đến quyền lợi của mỗi bên; trường hợp đặc biệt, có thể kéo dài nhưng không được quá 30 ngày.

3. Người sử dụng lao động có trách nhiệm hoàn thành thủ tục xác nhận và trả lại sổ bảo hiểm xã hội và những giấy tờ khác mà người sử dụng lao động đã giữ lại của người lao động.

Đồng thời, Điều 96 Bộ luật lao động 2012 cũng quy định về Nguyên tắc trả lương như sau:

Người lao động được trả lương trực tiếp, đầy đủ và đúng thời hạn.

Trường hợp đặc biệt không thể trả lương đúng thời hạn thì không được chậm quá 01 tháng và người sử dụng lao động phải trả thêm cho người lao động một khoản tiền ít nhất bằng lãi suất huy động tiền gửi do Ngân hàng Nhà nước Việt Nam công bố tại thời điểm trả lương.

Như vậy, đối chiếu với quy định trên thì đơn vị người sử dụng lao động có trách nhiệm thanh toán đầy đủ tiền lương đúng thời hạn cho người lao động theo thỏa thuận cam kết trong hợp đồng lao động đã ký kết. Trường hợp khi chấm dứt hợp đồng lao động thì phải có trách nhiệm trả đầy đủ tiền lương, chế độ khác cho người lao động. Theo đó, pháp luật không có quy định về việc đơn vị có quyền giữ lương của người lao động. Trường hợp đơn vị giữ lương - tức hành vi vi phạm pháp luật về lao động thì để đảm bảo quyền lợi của mình thì bạn có quyền làm đơn khiếu nại gửi Phòng lao động thương binh xã hội để giải quyết.

Đồng thời, với hành vi vi phạm trên đơn vị sẽ bị áp dụng hình thức xử phạt vi phạm hành chính theo Khoản 3, Điều 13 Nghị định 88/2015/NĐ-CP sửa đổi, bổ sung một số Điều Nghị định 95/2013/NĐ-CP về xử phạt vi phạm hành chính trong lĩnh vực lao động, bảo hiểm xã hội...Cụ thể:

Điều 13. Vi phạm quy định về tiền lương

3. Phạt tiền người sử dụng lao động có một trong các hành vi: Trả lương không đúng hạn; trả lương thấp hơn mức quy định tại thang lương, bảng lương đã gửi cho cơ quan quản lý nhà nước về lao động cấp huyện; không trả hoặc trả không đủ tiền lương làm thêm giờ, tiền lương làm việc ban đêm, tiền lương ngừng việc cho người lao động theo quy định của pháp luật; khấu trừ tiền lương của người lao động không đúng quy định của pháp luật; trả lương không đúng quy định cho người lao động khi tạm thời chuyển người lao động sang làm công việc khác so với hợp đồng lao động, trong thời gian tạm đình chỉ công việc, trong thời gian đình công, những ngày người lao động chưa nghỉ hàng năm theo một trong các mức sau đây:  Từ 5.000.000 đồng đến 10.000.000 đồng với vi phạm từ 01 người đến 10 người lao động.

Trên đây là tư vấn của Ban biên tập Thư Ký Luật về trả lương cho nhân viên trong thời gian đã có thông báo thôi việc. Bạn nên tham khảo chi tiết Bộ luật lao động 2012 để nắm rõ quy định này.

Trân trọng!","tro-cap-thoi-viec","","","","2016-11-25T10:11:00","https://thuvienphapluat.vn/hoi-dap-phap-luat/tra-luong-cho-nhan-vien-trong-thoi-gian-da-co-thong-bao-thoi-viec-155399.html","2026-04-24T07:03:01.862702+00:00"
"155405","Tính trợ cấp thôi việc của viên chức","Căn cứ quy định tại khoản 1 Điều 45 Luật Viên chức 2010:

Khi chấm dứt hợp đồng làm việc, viên chức được hưởng trợ cấp thôi việc, trợ cấp mất việc làm hoặc chế độ bảo hiểm thất nghiệp theo quy định của pháp luật về lao động và pháp luật về bảo hiểm xã hội, trừ trường hợp quy định tại khoản 2 Điều này.

Vấn đề này được hướng dẫn bởi Điều 39 Nghị định 29/2012/NĐ-CP:

1. Trợ cấp thôi việc đối với thời gian công tác của viên chức từ ngày 31 tháng 12 năm 2008 trở về trước được tính như sau: a) Cứ mỗi năm làm việc được tính bằng 1/2 (một phần hai) tháng lương hiện hưởng, gồm: Mức lương theo chức danh nghề nghiệp, phụ cấp chức vụ lãnh đạo, phụ cấp thâm niên vượt khung, phụ cấp thâm niên nghề và hệ số chênh lệch bảo lưu lương (nếu có); b) Mức trợ cấp thấp nhất bằng 01 (một) tháng lương hiện hưởng; c) Trường hợp viên chức được tuyển dụng trước ngày 01 tháng 7 năm 2003, thời gian làm việc được tính trợ cấp thôi việc là tổng thời gian làm việc (cộng dồn) kể từ khi viên chức có quyết định tuyển dụng đến hết ngày 31 tháng 12 năm 2008. d) Trường hợp viên chức được tuyển dụng từ ngày 01 tháng 7 năm 2003 trở về sau, thời gian làm việc được tính trợ cấp thôi việc là tổng thời gian làm việc theo hợp đồng làm việc (cộng dồn) kể từ khi viên chức có quyết định tuyển dụng đến hết ngày 31 tháng 12 năm 2008. 2. Trợ cấp thôi việc đối với thời gian công tác của viên chức từ ngày 01 tháng 01 năm 2009 đến nay được thực hiện theo quy định của pháp luật về trợ cấp thất nghiệp. 3. Nguồn kinh phí chi trả trợ cấp thôi việc được lấy từ nguồn tài chính của đơn vị sự nghiệp công lập. 4. Viên chức thôi việc được hưởng trợ cấp thôi việc quy định tại Khoản 1, Khoản 2 Điều này và được xác nhận thời gian có đóng bảo hiểm xã hội theo quy định của pháp luật.""

Theo đó, thời gian công tác để tính trợ cấp thôi việc được xác định từ ngày có quyết định tuyển dụng đến hết ngày 31/12/2008. Theo thông tin bạn cung cấp, bạn ký hợp đồng vào tháng 12/2008 (tạm xem là 1 tháng), như vậy thời gian công tác được tính trợ cấp thôi việc là một tháng. Theo điểm b, khoản 1 Điều 39 Nghị định 29/2012/NĐ-CP thì bạn được trợ cấp một tháng lương hiện hưởng.

Trên đây là tư vấn của Ban biên tập Thư Ký Luật về tính trợ cấp thôi việc của viên chức. Bạn nên tham khảo chi tiết Luật Viên chức 2010 để nắm rõ quy định này.

Trân trọng!","tro-cap-thoi-viec","","","","2016-11-25T10:10:00","https://thuvienphapluat.vn/hoi-dap-phap-luat/tinh-tro-cap-thoi-viec-cua-vien-chuc-155405.html","2026-04-24T07:03:07.683652+00:00"
"155090","Trợ cấp thôi việc trường hợp viên chức chết được quy định như thế nào?","Viên chức thuộc đối tượng điều chỉnh của Luật Viên chức 2010. Luật Viên chức 2010 và các văn bản hướng dẫn thực hiện Luật Viên chức hiện hành không quy định chế độ trợ cấp thôi việc đối với viên chức mắc bệnh hiểm nghèo chết.

Tuy nhiên, Bộ luật Lao động 2012 áp dụng chung đối với người lao động có quy định tại Khoản 6, Điều 36, ""người lao động chết, bị Tòa án tuyên bố mất năng lực hành vi dân sự, mất tích hoặc là đã chết"" thì được hưởng trợ cấp thôi việc theo quy định tại Khoản 1, Điều 48.

Đồng thời, Khoản 3, Điều 240 Bộ luật Lao động 2012 quy định, ""Chế độ lao động đối với cán bộ, công chức, viên chức, người thuộc lực lượng quân đội nhân dân, công an nhân dân, tổ chức xã hội khác và xã viên hợp tác xã do các văn bản pháp luật khác quy định nhưng tùy từng đối tượng mà được áp dụng một số quy định trong Bộ luật này"".

Vì vậy, căn cứ quy định tại Bộ luật Lao động 2012 và trường hợp cụ thể để đơn vị sự nghiệp xem xét áp dụng thực hiện.","tro-cap-thoi-viec","","","","2016-11-24T08:07:00","https://thuvienphapluat.vn/hoi-dap-phap-luat/tro-cap-thoi-viec-truong-hop-vien-chuc-chet-duoc-quy-dinh-nhu-the-nao-155090.html","2026-04-24T07:03:13.111996+00:00"
"154622","Công ty cho thôi việc khi sinh con có đúng không?","Theo quy định tại khoản 3 Điều 155 Bộ luật Lao động 2012 thì Người sử dụng lao động không được sa thải hoặc đơn phương chấm dứt hợp đồng lao động đối với lao động nữ vì lý do kết hôn, mang thai, nghỉ thai sản, nuôi con dưới 12 tháng tuổi, trừ trường hợp người sử dụng lao động là cá nhân chết, bị Tòa án tuyên bố mất năng lực hành vi dân sự, mất tích hoặc là đã chết hoặc người sử dụng lao động không phải là cá nhân chấm dứt hoạt động.

Như vậy, việc Công ty cho chị nghỉ việc vì lý do nghỉ sinh con là trái với quy định của pháp luật. Công ty còn có thể bị phạt tiền từ 5.000.000 đồng đến 10.000.000 đồng do hành vi vi phạm này (Điều 8 Nghị định số 55/2009/NĐ-CP ngày 10/6/2009 quy định về xử phạt vi phạm hành chính về bình đẳng giới). Người sử dụng lao động đơn phương chấm dứt hợp đồng lao động trái pháp luật phải nhận người lao động trở lại làm công việc theo hợp đồng đã ký và phải bồi thường một khoản tiền tương ứng với tiền lương và phụ cấp lương (nếu có) trong những ngày người lao động không được làm việc, cộng với ít nhất hai tháng tiền lương và phụ cấp lương (nếu có). Vì vậy, chị có quyền yêu cầu Công ty nhận chị trở lại làm việc và trả cho chị khoản tiền bồi thường trên. Nếu chị không muốn quay trở lại làm việc thì ngoài khoản tiền bồi thường nói trên, Công ty còn phải trả cho chị trợ cấp thôi việc , cứ mỗi năm làm việc là nửa tháng lương cộng với phụ cấp lương (nếu có). Trường hợp Công ty không muốn nhận chị trở lại làm việc và chị cũng không muốn quay lại làm việc thì ngoài tiền bồi thường và tiền trợ cấp thôi việc thì chị và Công ty thỏa thuận về khoản tiền bồi thường để chấm dứt hợp động lao động.

Trên đây là tư vấn của Ban biên tập Thư Ký Luật về trường hợp bị thôi việc khi sinh con. Bạn nên tham khảo chi tiết Bộ luật Lao động 2012 để nắm rõ quy định này.

Trân trọng!","tro-cap-thoi-viec","","","","2016-11-22T16:52:00","https://thuvienphapluat.vn/hoi-dap-phap-luat/cong-ty-cho-thoi-viec-khi-sinh-con-co-dung-khong-154622.html","2026-04-24T07:03:18.428579+00:00"
"151155","Trợ cấp thôi việc cho công chức được quy định như thế nào?","Trợ cấp thôi việc cho công chức đã được quy định cụ thể tại Điều 5 Nghị định 46/2010/NĐ-CP quy định về thôi việc và thủ tục nghỉ hưu đối với công chức.

Theo đó, trợ cấp thôi việc cho công chức được quy định như sau: Công chức thôi việc được hưởng trợ cấp thôi việc như sau: cứ mỗi năm làm việc được tính bằng 1/2 (một phần hai) tháng lương hiện hưởng, gồm: mức lương theo ngạch, bậc, phụ cấp chức vụ lãnh đạo, phụ cấp thâm niên vượt khung, phụ cấp thâm niên nghề và hệ số chênh lệch bảo lưu lương (nếu có). Mức trợ cấp thấp nhất bằng 01 (một) tháng lương hiện hưởng.

Trên đây là nội dung tư vấn của Ban biên tập Thư Ký Luật về trợ cấp thôi việc cho công chức. Nếu muốn tìm hiểu rõ hơn, bạn có thể tham khảo quy định tại Nghị định 46/2010/NĐ-CP.

Trân trọng!","tro-cap-thoi-viec","","","","2016-11-09T09:25:00","https://thuvienphapluat.vn/hoi-dap-phap-luat/tro-cap-thoi-viec-cho-cong-chuc-duoc-quy-dinh-nhu-the-nao-151155.html","2026-04-24T07:03:24.073646+00:00"
"147390","Thi hành bản án hành chính về quyết định kỷ luật buộc thôi việc","Thi hành bản án hành chính về quyết định kỷ luật buộc thôi việc được quy định tại Điều 15 Nghị định 71/2016/NĐ-CP Quy định thời hạn, trình tự, thủ tục thi hành án hành chính và xử lý trách nhiệm đối với người không thi hành bản án, quyết định của Tòa án, theo đó:

1. Trường hợp bản án, quyết định của Tòa án về việc không chấp nhận yêu cầu khởi kiện quyết định hành chính, quyết định kỷ luật buộc thôi việc, quyết định giải quyết khiếu nại về quyết định xử lý vụ việc cạnh tranh, danh sách cử tri mà quyết định đó chưa được thi hành hoặc mới thi hành được một phần thì các bên đương sự phải tiếp tục thi hành quyết định đó.

2. Cơ quan có thẩm quyền có quyền áp dụng biện pháp cưỡng chế hành chính để thi hành quyết định hành chính có hiệu lực theo quy định của pháp luật.

Việc thi hành quyết định giải quyết khiếu nại về quyết định xử lý vụ việc cạnh tranh được thực hiện theo quy định của pháp luật về cạnh tranh.

Trên đây là quy định về việc thi hành bản án hành chính về quyết định kỷ luật buộc thôi việc. Để hiểu rõ hơn về điều này bạn nên tham khảo thêm tại Nghị định 71/2016/NĐ-CP.

Trân trọng!","tro-cap-thoi-viec","","","","2016-10-25T14:24:00","https://thuvienphapluat.vn/hoi-dap-phap-luat/thi-hanh-ban-an-hanh-chinh-ve-quyet-dinh-ky-luat-buoc-thoi-viec-147390.html","2026-04-24T07:03:31.841065+00:00"
"145996","Cam kết không được làm việc cho công ty khác sau khi thôi việc có trái luật?","Khoản 2 Điều 23 Bộ luật Lao động năm 2012 (BLLĐ) quy định: “1. NLĐ có các quyền sau đây: a) Làm việc, tự do lựa chọn việc làm, nghề nghiệp, học nghề, nâng cao trình độ nghề nghiệp và không bị phân biệt đối xử” (điểm a khoản 1 Điều 5) “Khi NLĐ làm việc có liên quan trực tiếp đến bí mật kinh doanh, bí mật công nghệ theo quy định của pháp luật, thì người sử dụng lao động (NSDLĐ) có quyền thỏa thuận bằng văn bản với NLĐ về nội dung, thời hạn bảo vệ bí mật kinh doanh, bí mật công nghệ, quyền lợi và việc bồi thường trong trường hợp NLĐ vi phạm”.

Điều 171 Bộ luật Hình sự năm 1999 đã được sửa đổi, bổ sung (BLHS) quy định: Tội xâm phạm quyền sở hữu công nghiệp: “1. Người nào vì mục đích kinh doanh mà chiếm đoạt, sử dụng bất hợp pháp sáng chế, giải pháp hữu ích, kiểu dáng công nghiệp, nhãn hiệu hàng hoá, tên gọi, xuất xứ hàng hoá hoặc các đối tượng sở hữu công nghiệp khác đang được bảo hộ tại Việt Nam gây hậu quả nghiêm trọng hoặc đã bị xử phạt hành chính về hành vi này hoặc đã bị kết án về tội này, chưa được xoá án tích mà còn vi phạm…” Căn cứ các quy định chúng tôi viện dẫn trên, trường hợp một người có hành vi xâm phạm quyền sở hữu công nghiệp đã được quy định tại Điều 171 BLHS phải chịu trách nhiệm hình sự về hành vi này (mà không cần các bên thỏa thuận). Người sử dụng lao động có quyền: “thỏa thuận bằng văn bản về nội dung, thời hạn bảo vệ bí mật kinh doanh, bí mật công nghệ, quyền lợi và việc bồi thường trong trường hợp NLĐ vi phạm” với NLĐ thuộc đối tượng “làm việc có liên quan trực tiếp đến bí mật kinh doanh, bí mật công nghệ” nhưng phải “theo quy định của pháp luật”. Nếu NLĐ không thuộc đối tượng này thì thỏa thuận hoặc cam kết liên quan có thể coi là vi phạm quyền “tự do lựa chọn việc làm, nghề nghiệp” của NLĐ hoặc quyền “tự chủ kinh doanh” của doanh nghiệp.

Trên đây là tư vấn của Ban biên tập Thư Ký Luật về giải quyết việc cam kết không được làm việc cho công ty khác sau khi thôi việc. Bạn nên tham khảo chi tiết Bộ luật Lao động năm 2012 để nắm rõ quy định này.

Trân trọng!","tro-cap-thoi-viec","","","","2016-10-21T08:11:00","https://thuvienphapluat.vn/hoi-dap-phap-luat/cam-ket-khong-duoc-lam-viec-cho-cong-ty-khac-sau-khi-thoi-viec-co-trai-luat-145996.html","2026-04-24T07:03:37.528505+00:00"
"141910","Tạm đình chỉ việc thi hành quyết định kỷ luật buộc thôi việc","Biện pháp tạm đình chỉ việc thi hành quyết định kỷ luật buộc thôi việc đã được quy định cụ thể tại Điều 69 Luật Tố tụng Hành chính 2015.

Theo đó, biện pháp tạm đình chỉ việc thi hành quyết định kỷ luật buộc thôi việc được áp dụng trong trường hợp: nếu trong quá trình giải quyết vụ án có căn cứ cho rằng việc thi hành quyết định đó sẽ dẫn đến hậu quả nghiêm trọng không thể khắc phục.

Trên đây là nội dung tư vấn của Ban biên tập Thư Ký Luật về trường hợp áp dụng biện pháp tạm đình chỉ việc thi hành quyết định kỷ luật buộc thôi việc. Nếu muốn tìm hiểu rõ hơn, bạn có thể tham khảo quy định tại Luật Tố tụng Hành chính 2015.

Trân trọng!","tro-cap-thoi-viec","","","","2016-09-28T15:54:00","https://thuvienphapluat.vn/hoi-dap-phap-luat/tam-dinh-chi-viec-thi-hanh-quyet-dinh-ky-luat-buoc-thoi-viec-141910.html","2026-04-24T07:03:42.652078+00:00"
"141481","Quyết định kỷ luật buộc thôi việc là gì?","Khái niệm quyết định kỷ luật buộc thôi việc đã được Khoản 5 Điều 3 Luật Tố tụng Hành chính 2015 quy định cụ thể.

Căm cứ vào đó, quyết định kỷ luật buộc thôi việc được hiểu là: quyết định bằng văn bản của người đứng đầu cơ quan, tổ chức để áp dụng hình thức kỷ luật buộc thôi việc đối với công chức thuộc quyền quản lý của mình.

Như vậy, quyết định kỷ luật buộc thôi việc có đặc điểm sau:

- Bằng văn bản;

- Do người đứng đầu cơ quan, tổ chức ban hành;

- Áp dụng hình thức kỷ luật buộc thôi việc đối với công chức thuộc quyền quản lý của mình.

Trên đây là nội dung tư vấn của Ban biên tập Thư Ký Luật về quyết định kỷ luật buộc thôi việc. Nếu muốn tìm hiểu rõ hơn, bạn có thể tham khảo quy định tại Luật Tố tụng Hành chính 2015.

Trân trọng!","tro-cap-thoi-viec","","","","2016-09-28T08:22:00","https://thuvienphapluat.vn/hoi-dap-phap-luat/quyet-dinh-ky-luat-buoc-thoi-viec-la-gi-141481.html","2026-04-24T07:03:46.749451+00:00"
"140904","Mức trợ cấp hằng tháng từ ngày 01/01/2016 đối với quân nhân đã thôi việc","Nội dung mà bạn hỏi liên quan tới việc điều chỉnh trợ cấp hằng tháng đối với quân nhân, người làm công tác cơ yếu hưởng lương như đối với quân nhân đã phục viên, xuất ngũ, thôi việc được quy định tại Thông tư 130/2016/TT-BQP hướng dẫn điều chỉnh trợ cấp hằng tháng đối với quân nhân, người làm công tác cơ yếu hưởng lương như đối với quân nhân đã phục viên, xuất ngũ, thôi việc do Bộ trưởng Bộ Quốc phòng ban hành ( Có hiệu lực từ ngày 25/10/2016).

Theo đó, điều chỉnh tăng thêm 150.000 đồng/người/tháng đối với đối tượng hướng dẫn tại Khoản 1, 2 Điều 2 Thông tư 130/2016/TT-BQP theo công thức sau:

Mức trợ cấp hằng tháng được hưởng từ ngày 01/01/2016

= Mức trợ cấp được hưởng tại thời Điểm tháng 12/2015 + 150.000 đồng

Cụ thể như sau:

- Từ đủ 15 năm đến dưới 16 năm, mức trợ cấp bằng 1.535.000 đồng/tháng;

- Từ đủ 16 năm đến dưới 17 năm, mức trợ cấp bằng 1.605.000 đồng/tháng;

- Từ đủ 17 năm đến dưới 18 năm, mức trợ cấp bằng 1.674.000 đồng/tháng;

- Từ đủ 18 năm đến dưới 19 năm, mức trợ cấp bằng 1.743.000 đồng/tháng;

- Từ đủ 19 năm đến dưới 20 năm, mức trợ cấp bằng 1.812.000 đồng/tháng.

(Điều 3 Thông tư 130/2016/TT-BQP)

Nếu bạn thuộc đối tượng điều chỉnh là quân nhân, người làm công tác cơ yếu hưởng lương như đối với quân nhân đã phục viên, xuất ngũ, thôi việc như trên thì sẽ được điều chỉnh tăng mức trợ cấp hằng tháng kể từ ngày 01 tháng 01 năm 2016.

Trên đây là trả lời của Ban biên tập Thư Ký Luật về Mức trợ cấp hằng tháng từ ngày 01/01/2016 đối với quân nhân đã thôi việc được quy định tại Thông tư 130/2016/TT-BQP. Bạn vui lòng tham khảo văn bản này để có thể hiểu rõ hơn.

Trân trọng!","tro-cap-thoi-viec","","","","2016-09-24T16:13:00","https://thuvienphapluat.vn/hoi-dap-phap-luat/muc-tro-cap-hang-thang-tu-ngay-01-01-2016-doi-voi-quan-nhan-da-thoi-viec-140904.html","2026-04-24T07:03:52.039677+00:00"
"140909","Mức trợ cấp hằng tháng từ ngày 01/01/2016 đối với người làm công tác cơ yếu hưởng lương như đối với quân nhân đã thôi việc","Nội dung mà bạn hỏi liên quan tới việc điều chỉnh trợ cấp hằng tháng đối với quân nhân, người làm công tác cơ yếu hưởng lương như đối với quân nhân đã phục viên, xuất ngũ, thôi việc được quy định tại Thông tư 130/2016/TT-BQP hướng dẫn điều chỉnh trợ cấp hằng tháng đối với quân nhân, người làm công tác cơ yếu hưởng lương như đối với quân nhân đã phục viên, xuất ngũ, thôi việc do Bộ trưởng Bộ Quốc phòng ban hành ( Có hiệu lực từ ngày 25/10/2016).

Theo đó, điều chỉnh tăng thêm 150.000 đồng/người/tháng đối với đối tượng hướng dẫn tại Khoản 1, 2 Điều 2 Thông tư 130/2016/TT-BQP theo công thức sau:

Mức trợ cấp hằng tháng được hưởng từ ngày 01/01/2016

= Mức trợ cấp được hưởng tại thời Điểm tháng 12/2015 + 150.000 đồng

Cụ thể như sau:

- Từ đủ 15 năm đến dưới 16 năm, mức trợ cấp bằng 1.535.000 đồng/tháng;

- Từ đủ 16 năm đến dưới 17 năm, mức trợ cấp bằng 1.605.000 đồng/tháng;

- Từ đủ 17 năm đến dưới 18 năm, mức trợ cấp bằng 1.674.000 đồng/tháng;

- Từ đủ 18 năm đến dưới 19 năm, mức trợ cấp bằng 1.743.000 đồng/tháng;

- Từ đủ 19 năm đến dưới 20 năm, mức trợ cấp bằng 1.812.000 đồng/tháng.

( Điều 3 Thông tư 130/2016/TT-BQP)

Nếu bạn thuộc đối tượng điều chỉnh là quân nhân, người làm công tác cơ yếu hưởng lương như đối với quân nhân đã phục viên, xuất ngũ, thôi việc như trên thì sẽ được điều chỉnh tăng mức trợ cấp hằng tháng kể từ ngày 01 tháng 01 năm 2016.

Trên đây là trả lời của Ban biên tập Thư Ký Luật về Mức trợ cấp hằng tháng từ ngày 01/01/2016 đối với người làm công tác cơ yếu hưởng lương như đối với quân nhân đã thôi việc được quy định tại Thông tư 130/2016/TT-BQP. Bạn vui lòng tham khảo văn bản này để có thể hiểu rõ hơn.

Trân trọng!","tro-cap-thoi-viec","","","","2016-09-24T16:13:00","https://thuvienphapluat.vn/hoi-dap-phap-luat/muc-tro-cap-hang-thang-tu-ngay-01-01-2016-doi-voi-nguoi-lam-cong-tac-co-yeu-huong-luong-nhu-doi-voi-quan-nhan-da-thoi-viec-140909.html","2026-04-24T07:03:56.557416+00:00"
"139792","Các trường hợp được giải quyết thôi việc","Với những thông tin mà bạn cung cấp trong thư, chúng tôi không đủ cơ sở để khẳng định việc hiệu trưởng không đồng ý giải quyết cho bạn thôi việc là đúng hay sai.

Vì vậy, chúng tôi xin được viện dẫn văn bản quy phạm pháp luật sau để bạn tham khảo. Từ đó xác định mình có thuộc trường hợp được giải quyết thôi việc hay không.

Cụ thể, theo Điều 38 Nghị định số:29/2012/NĐ-CP ngày 12/4/2012 của Chính phủ về tuyển dụng, sử dụng và quản lý viên chức như sau:

* Viên chức được giải quyết thôi việc trong các trường hợp sau:

- Viên chức có đơn tự nguyện xin thôi việc được cơ quan, đơn vị có thẩm quyền đồng ý bằng văn bản;

- Viên chức đơn phương chấm dứt hợp đồng làm việc theo quy định tại Khoản 4 và Khoản 5 Điều 29 Luật Viên chức;

- Đơn vị sự nghiệp công lập đơn phương chấm dứt hợp đồng làm việc với viên chức khi có một trong các trường hợp quy định tại Điểm c, Điểm d và Điểm đ Khoản 1 Điều 29 Luật Viên chức.

* Viên chức chưa được giải quyết thôi việc nếu thuộc một trong các trường hợp sau:

- Đang bị xem xét xử lý kỷ luật hoặc bị truy cứu trách nhiệm hình sự;

- Chưa làm việc đủ thời gian cam kết với đơn vị sự nghiệp công lập khi được cử đi đào tạo hoặc khi được xét tuyển;

- Chưa hoàn thành việc thanh toán các khoản tiền, tài sản thuộc trách nhiệm của viên chức đối với đơn vị sự nghiệp công lập;

- Do yêu cầu công tác và chưa bố trí được người thay thế.

* Thủ tục giải quyết thôi việc:

- Viên chức có nguyện vọng thôi việc có văn bản gửi người đứng đầu đơn vị sự nghiệp công lập.

- Trong thời hạn 20 ngày làm việc, kể từ ngày nhận đơn, nếu đồng ý cho viên chức thôi việc thì người đứng đầu đơn vị sự nghiệp công lập ra quyết định chấm dứt hợp đồng làm việc; nếu không đồng ý cho viên chức thôi việc thì trả lời viên chức bằng văn bản và nêu rõ lý do theo quy định tại Khoản 2 Điều này.

- Trường hợp đơn vị sự nghiệp công lập đơn phương chấm dứt hợp đồng làm việc với viên chức quy định tại Điểm c Khoản 1 Điều này và đồng thời giải quyết chế độ thôi việc cho viên chức theo quy định tại Nghị định này.","tro-cap-thoi-viec","","","","2016-09-20T11:33:00","https://thuvienphapluat.vn/hoi-dap-phap-luat/cac-truong-hop-duoc-giai-quyet-thoi-viec-139792.html","2026-04-24T07:04:01.699117+00:00"
"97447","Cty giải quyết đề nghị thôi việc như vậy có đúng?","1. Theo quy định tại khoản 1, Điều 91 Luật BHXH (có hiệu lực từ 1.1.2007) thì hằng tháng, người làm việc theo HĐLĐ không xác định thời hạn, HĐLĐ có thời hạn từ đủ ba tháng trở lên đóng bằng 5% mức tiền lương, tiền công vào quỹ hưu trí và tử tuất; từ năm 2010 trở đi, cứ hai năm một lần đóng thêm 1% cho đến khi đạt mức đóng là 8%. Theo quy định tại điểm a khoản 1, Điều 13 Luật BHYT, thì mức đóng hằng tháng của NLĐ làm việc theo HĐLĐ không xác định thời hạn, HĐLĐ có thời hạn từ đủ 3 tháng trở lên này tối đa bằng 2% mức tiền lương, tiền công tháng của NLĐ (áp dụng từ ngày 1.7.2009). Nếu thuộc đối tượng tham gia bảo hiểm thất nghiệp (BHTN), theo quy định tại khoản 1, Điều 102 Luật BHXH, thì NLĐ còn phải đóng 1% tiền lương, tiền công tháng cho quỹ BHTN (áp dụng từ ngày 1.1.2009). Căn cứ vào các quy định trên, việc Cty trích tới 28,5% tiền lương, tiền công tháng của ông để nộp BHXH, BHYT là trái với quy định của pháp luật về BHXH và BHYT. 2. Theo quy định tại khoản 3, Điều 37 Bộ luật Lao động đã được sửa đổi, bổ sung: NLĐ làm theo HĐLĐ không xác định thời hạn có quyền đơn phương chấm dứt HĐLĐ, nhưng phải báo cho người sử dụng LĐ biết trước 45 ngày, NLĐ bị ốm đau, tai nạn đã điều trị sáu tháng liền thì phải báo trước ít nhất 3 ngày. Tại điểm b khoản 1, mục III thông tư số 21/2003/TT-BLĐTBXH của Bộ LĐTBXH ngày 22.9.2003 hướng dẫn thi hành một số điều của Nghị định số 44/2003/NĐ-CP ngày 9.5.2003 của Chính phủ về HĐLĐ, thì việc báo trước thực hiện bằng văn bản và số ngày báo trước của NLĐ trong trường hợp này là ngày làm việc. Như vậy, nếu ông đã có văn bản thông báo nghỉ việc gửi người sử dụng LĐ, thì khi hết thời hạn 45 ngày làm việc kể từ thời điểm gửi đơn, ông có quyền đơn phương chấm dứt HĐLĐ.","tro-cap-thoi-viec","","","","2016-09-15T10:48:00","https://thuvienphapluat.vn/hoi-dap-phap-luat/cty-giai-quyet-de-nghi-thoi-viec-nhu-vay-co-dung-97447.html","2026-04-24T07:04:06.962409+00:00"
"88565","Không được hưởng lương kể từ ngày nộp đơn thôi việc đúng hay sai","Theo quy định tại Điều 4 Nghị định 46/2010/NĐ-CP của chính phủ quy định về thôi việc và thủ tục nghỉ hưu đối với công chức nêu tại Nghị định số 06/2010/NĐ-CP ngày 25 tháng 01 năm 2010 của Chính phủ quy định những người là công chức. Thf trong thời hạn 30 ngày kể từ khi nhận đơn xin thôi việc của Công chức nếu đồng ý thì cơ quan, đơn vị ra quyết định đồng ý bằng văn bản, nếu không đồng ý thì cũng ra quyết định nêu rõ lý do.Nếu chưa có quyết định cho công chức thôi việc thì có bạn của bạn vẫn được nhận lương đến khi có quyết định thôi việc.","tro-cap-thoi-viec","","","","2016-09-15T09:27:00","https://thuvienphapluat.vn/hoi-dap-phap-luat/khong-duoc-huong-luong-ke-tu-ngay-nop-don-thoi-viec-dung-hay-sai-88565.html","2026-04-24T07:04:11.763220+00:00"
"81983","Bị thôi việc trong thời gian mang thai","1/ Nếu bạn trình bày yêu cầu nghỉ phép các ngày phép đã được duyệt thì có nghĩa là công ty chấp nhận yêu cầu tiếp tục làm việc của bạn. Do đó, sau khi bạn nghỉ phép vào công ty, công ty phải tiếp tục giao kết hợp đồng với bạn theo quy định chứ ko thể cho bạn nghỉ việc. 2/ Luật pháp nghiêm cấm hành vi đơn phương chấm dứt hợp đồng lao động với người lao động đang mang thai hoặc nuôi con  nhỏ dưới 12 tháng tuổi","tro-cap-thoi-viec","","","","2016-09-15T08:41:00","https://thuvienphapluat.vn/hoi-dap-phap-luat/bi-thoi-viec-trong-thoi-gian-mang-thai-81983.html","2026-04-24T07:04:16.553517+00:00"
"85753","Cho thôi việc có phải thông báo trước 30 ngày?","Theo Khoản 3, Điều 44 của Bộ luật Lao động; Khoản 1, Điều 7 Thông tư số 47/2015/TT-BLĐTBXH ngày 16/11/2015 của Bộ Lao động – Thương binh và Xã hội thì người sử dụng lao động chỉ được tiến hành cho người lao động thôi việc đối với nhiều người lao động theo quy định tại Khoản 3, Điều 44 của Bộ luật Lao động sau khi đã trao đổi với tổ chức đại diện tập thể lao động tại cơ sở và thông báo trước 30 ngày bằng văn bản cho cơ quan quản lý Nhà nước về lao động cấp tỉnh biết.

Vì vậy, đề nghị bà Bình căn cứ các quy định nêu trên để biết và thực hiện.","tro-cap-thoi-viec","","","","2016-09-15T08:09:00","https://thuvienphapluat.vn/hoi-dap-phap-luat/cho-thoi-viec-co-phai-thong-bao-truoc-30-ngay-85753.html","2026-04-24T07:04:25.466619+00:00"
"92880","Quy định về xin thôi việc","Theo quy định của Luật Cán bộ, công chức quy định: Cán bộ có thể xin thôi làm nhiệm vụ hoặc từ chức, miễn nhiệm trong các trường hợp sau đây: Không đủ sức khỏe; không đủ năng lực, uy tín; theo yêu cầu nhiệm vụ; vì lý do khác. Thẩm quyền, trình tự, thủ tục xin thôi làm nhiệm vụ, từ chức, miễn nhiệm được thực hiện theo quy định của pháp luật và của cơ quan có thẩm quyền. Công chức được hưởng chế độ thôi việc nếu thuộc một trong các trường hợp sau đây: Do sắp xếp tổ chức; theo nguyện vọng và được cấp có thẩm quyền đồng ý; theo quy định tại khoản 3 điều 58 của Luật Cán bộ, công chức (công chức 2 năm liên tiếp hoàn thành nhiệm vụ nhưng còn hạn chế về năng lực hoặc có 2 năm liên tiếp, trong đó 1 năm hoàn thành nhiệm vụ nhưng còn hạn chế về năng lực và 1 năm không hoàn thành nhiệm vụ thì cơ quan, tổ chức, đơn vị có thẩm quyền bố trí công tác khác. Công chức 2 năm liên tiếp không hoàn thành nhiệm vụ thì cơ quan, tổ chức, đơn vị có thẩm quyền giải quyết thôi việc). Công chức xin thôi việc theo nguyện vọng thì phải làm đơn gửi cơ quan, tổ chức, đơn vị có thẩm quyền xem xét, quyết định. Trong thời hạn 30 ngày, kể từ ngày nhận đơn, cơ quan, tổ chức, đơn vị có thẩm quyền phải trả lời bằng văn bản, nếu không đồng ý cho thôi việc thì phải nêu rõ lý do; trường hợp chưa được cơ quan, tổ chức, đơn vị có thẩm quyền đồng ý mà tự ý bỏ việc thì không được hưởng chế độ thôi việc và phải bồi thường chi phí đào tạo, bồi dưỡng theo quy định của pháp luật. Không giải quyết thôi việc đối với công chức đang trong thời gian xem xét kỷ luật hoặc truy cứu trách nhiệm hình sự. Không giải quyết thôi việc đối với công chức nữ đang mang thai hoặc nuôi con dưới 36 tháng tuổi, trừ trường hợp xin thôi việc theo nguyện vọng. Từ quy định trên thì bạn anh đã nộp đơn xin thôi việc đã được 40 ngày mà cơ quan chưa giải quyết là không đúng với quy định của pháp luật. Vì vậy anh nên khuyên bạn anh vẫn phải tiếp tục làm việc đồng thời có đơn đề nghị cơ quan tiếp tục giải quyết theo quy định của pháp luật.","tro-cap-thoi-viec","","","","2016-09-14T16:11:00","https://thuvienphapluat.vn/hoi-dap-phap-luat/quy-dinh-ve-xin-thoi-viec-92880.html","2026-04-24T07:04:31.044925+00:00"
"45072","Chính sách thôi việc khi tinh giản biên chế","Sở Nội vụ tỉnh Hậu Giang trả lời:

Bà Huỳnh Phương Loan sinh ngày 10/6/1969, hiện là nhân viên văn thư tại trường Mẫu giáo Hoa Phượng, thời gian tham gia BHXH là 28 năm 2 tháng.

Bà Loan có đơn xin được tinh giản biên chế theo Nghị định số 108/2014/NĐ-CP ngày 20/11/2014 của Chính phủ về chính sách tinh giản biên chế. UBND thị xã Ngã Bảy thống nhất cho bà Loan được tinh giản biên chế theo chính sách thôi việc ngay kể từ ngày 31/12/2015.

Hiện nay, Sở Nội vụ tỉnh Hậu Giang đã tổng hợp các đối tượng tinh giản biên chế theo Nghị định số 108/2014/NĐ-CP trên địa bàn tỉnh trình UBND tỉnh gửi Bộ Nội vụ, Bộ Tài chính thẩm tra cấp kinh phí (trong đó có trường hợp hưởng chính sách thôi việc ngay của bà Loan).

Chế độ, chính sách của những đối tượng thôi việc ngay thực hiện theo Điều 10 Nghị định số 108/2014/NĐ-CP.

Theo Báo Điện tử Chính phủ","tro-cap-thoi-viec","","","","2016-09-14T14:48:00","https://thuvienphapluat.vn/hoi-dap-phap-luat/chinh-sach-thoi-viec-khi-tinh-gian-bien-che-45072.html","2026-04-24T07:04:35.995660+00:00"
"109426","Báo trước 45 ngày, nhưng DN không đồng ý cho thôi việc phải làm sao?","Theo Điều 37 BLLĐ

""1- Người lao động làm việc theo hợp đồng lao động xác định thời hạn từ đủ 12 tháng đến 36 tháng, hợp đồng lao động theo mùa vụ hoặc theo một công việc nhất định có thời hạn dưới 12 tháng có quyền đơn phương chấm dứt hợp đồng trước thời hạn trong những trường hợp sau đây:

a) Không được bố trí theo đúng công việc, địa điểm làm việc hoặc không được bảo đảm các điều kiện làm việc đã thỏa thuận trong hợp đồng;

b) Không được trả công đầy đủ hoặc trả công không đúng thời hạn đã thỏa thuận trong hợp đồng;

c) Bị ngược đãi; bị cưỡng bức lao động;

d) Bản thân hoặc gia đình thật sự có hoàn cảnh khó khăn không thể tiếp tục thực hiện hợp đồng;

đ) Được bầu làm nhiệm vụ chuyên trách ở các cơ quan dân cử hoặc được bổ nhiệm giữ chức vụ trong bộ máy nhà nước;

e) Người lao động nữ có thai phải nghỉ việc theo chỉ định của thầy thuốc;

g) Người lao động bị ốm đau, tai nạn đã điều trị ba tháng liền đối với người làm việc theo hợp đồng lao động xác định thời hạn từ đủ 12 tháng đến 36 tháng và một phần tư thời hạn hợp đồng đối với người làm việc theo hợp đồng lao động theo mùa vụ hoặc theo một công việc nhất định có thời hạn dưới 12 tháng mà khả năng lao động chưa được hồi phục.

2 - Khi đơn phương chấm dứt hợp đồng lao động theo quy định tại khoản 1 Điều này, người lao động phải báo cho người sử dụng lao động biết trước:

a) Đối với các trường hợp quy định tại các điểm a, b, c và g: ít nhất ba ngày;

b) Đối với các trường hợp quy định tại điểm d và điểm đ; ít nhất 30 ngày nếu là hợp đồng xác định thời hạn từ đủ 12 tháng đến 36 tháng; ít nhất ba ngày nếu là hợp đồng theo mùa vụ hoặc theo một công việc nhất định có thời hạn dưới 12 tháng;

c) Đối với trường hợp quy định tại điểm e: theo thời hạn quy định tại Điều 112 của Bộ luật này.""

Như vậy, nếu bạn không có những lý do nêu trên thì bạn không được quyền đơn phương chấm dứt hợp đồng lao động tại công ty này.","tro-cap-thoi-viec","","","","2016-09-14T10:17:00","https://thuvienphapluat.vn/hoi-dap-phap-luat/bao-truoc-45-ngay-nhung-dn-khong-dong-y-cho-thoi-viec-phai-lam-sao-109426.html","2026-04-24T07:04:41.488877+00:00"
"114129","Bi cho thôi việc","Trong trường hợp bạn thấy việc đơn phương chấm dứt hợp đồng của Người sử dụng lao động là sai thì có thể gửi đơn đến Cơ quan lao động cấp huyện yêu cầu giải quyết tranh chấp hoặc gửi đơn khởi kiện đến Tòa án cấp huyện yêu cầu giải quyết. Việc đơn phương chấm dứt hợp đồng của Người sử dụng lao động phải tuân thủ quy định tại Điều 38 Bộ luật lao động 1994 (Sửa đổi bổ sung năm 2002), nếu không đáp ứng điều kiện theo quy định tại Điều 38 nêu trên thì Người sử dụng lao động phải tiếp nhận Người lao động trở lại làm việc.","tro-cap-thoi-viec","","","","2016-09-14T09:23:00","https://thuvienphapluat.vn/hoi-dap-phap-luat/bi-cho-thoi-viec-114129.html","2026-04-24T07:04:47.188361+00:00"
"123138","Hỏi về việc giải quyết lương sau khi thôi việc","Điều 96 BLLĐ 2012 quy định: Người lao động được trả lương trực tiếp, đầy đủ và đúng thời hạn. Trường hợp đặc biệt không thể trả lương đúng thời hạn thì không được chậm quá 01 tháng và người sử dụng lao động phải trả thêm cho người lao động một khoản tiền ít nhất bằng lãi suất huy động tiền gửi do Ngân hàng Nhà nước Việt Nam công bố tại thời điểm trả lương.

Điều 101 BLLĐ cũng quy định:

1. Người sử dụng lao động chỉ được khấu trừ tiền lương của người lao động để bồi thường thiệt hại do làm hư hỏng dụng cụ, thiết bị của người sử dụng lao động theo quy định tại Điều 130 của Bộ luật này.

2. Người lao động có quyền được biết lý do khấu trừ tiền lương của mình.

3. Mức khấu trừ tiền lương hằng tháng không được quá 30% tiền lương hằng tháng của người lao động sau khi trích nộp các khoản bảo hiểm xã hội bắt buộc, bảo hiểm y tế, bảo hiểm thất nghiệp, thuế thu nhập”.

Khoản 4 Điều 7 Nghị định số 152/2006/NĐ-CP của Chính phủ ngày 22/12/2006 hướng dẫn một số điều của Luật BHXH về BHXH bắt buộc quy định các hành vi bị nghiêm cấm theo Điều 14 Luật BHXH trong việc gây phiền hà, trở ngại, làm thiệt hại đến quyền và lợi ích hợp pháp của người lao động bao gồm:

- Cố tình gây khó khăn, cản trở, làm chậm việc đóng, hưởng các chế độ BHXH của người lao động;

- Không cấp sổ BHXH hoặc không trả sổ BHXH cho người lao động theo quy định.

Như vậy, về nguyên tắc, công ty không được phép giữ lương của nhân viên, phải thanh toán đầy đủ và đúng hạn, nếu có khấu trừ cũng phải thông báo.

Nếu đến hạn mà công ty không thanh toán, bạn hãy trực tiếp yêu cầu công ty trả đủ tiền lương và trả sổ BHXH  theo đúng quy định pháp luật. Nếu không được, bạn có thể yêu cầu Cơ quan BHXH giải quyết quyền lợi cho mình.","tro-cap-thoi-viec","","","","2016-09-13T16:28:00","https://thuvienphapluat.vn/hoi-dap-phap-luat/hoi-ve-viec-giai-quyet-luong-sau-khi-thoi-viec-123138.html","2026-04-24T07:04:52.667539+00:00"
"127363","Thời gian nhận quyết định thôi việc","Nếu hợp đồng bạn ký với công ty là hợp đồng không xác định thời hạn thì bạn báo trước 45 ngày trước khi nghỉ , phải hoàn tất việc bàn giao trước khi nghỉ. Nếu công ty chấp nhận cho bạn nghỉ trước thì căn cứ quyết định nghỉ việc công ty ban hành nhe bạn.

Trong luật lao động không quy định bao lâu người sử dụng lao động phải ra quyết định thôi việc . Nhưng trong vòng 7 ngày chấp nhận người lao động nghỉ viêc người sử dụng LĐ phải giải quyết các chế độ nghỉ việc cho NLĐ.","tro-cap-thoi-viec","","","","2016-09-13T15:16:00","https://thuvienphapluat.vn/hoi-dap-phap-luat/thoi-gian-nhan-quyet-dinh-thoi-viec-127363.html","2026-04-24T07:04:57.693390+00:00"
"129633","Giải quyết thôi việc","Chào bạn.

Theo quy định thì trong thời gian 7 ngày kể từ ngày thôi việc, người sử dụng lao động có trách nhiệm giải quyết mọi chế độ, quyền lợi iên quan cho người lao động. Trong trường hợp cần thời gian thì thời gian này cũng không được quá 30 ngày. Do vậy, bạn phải đến trực tiếp gặp giám đốc công ty đề nghị giải quyết cho bạn.

Thân chào","tro-cap-thoi-viec","","","","2016-09-13T14:53:00","https://thuvienphapluat.vn/hoi-dap-phap-luat/giai-quyet-thoi-viec-129633.html","2026-04-24T07:05:02.771741+00:00"
"130913","Tư vấn về thôi việc tại bệnh viện","Chào bạn,

1/ Về vấn đề bạn nghỉ việc tại Trung tâm phòng chống HIV tỉnh Bình Thuận thì không bàn đến nữa vì bạn đã chấp nhận ký biên bản, chấp nhận hoàn trả tiền và đã nghỉ việc qua làm tại Bệnh viện huyện Tuy Phong nên không còn gì để gọi là khiếu nại vấn đề cũ.

2./ Về việc bạn đang công tác tại Bệnh viện huyện Tuy Phong. Theo quy định của Luật viên chức thì nếu bệnh viện Huyện Tuy Phong đồng ý nhận bạn vào làm việc thì hai bên sẽ giao kết hợp đồng làm việc chứ không có quyết định tuyển dụng viên chức như thời trước đây. Các vấn đề vế vị trí làm việc, chế độ chính sách và quyền cũng như như nghĩa vụ của hai bên đều được thoản thuận đầy đủ trong hợp đồng làm việc.

3/ Việc khiếu nại nếu có là khiếu nại vì sao đã hết thời gian tập sự mà Bệnh viện huyện Tuy Phong chưa ký kết hợp đồng làm việc với bạn thì bạn phải khiếu nại trực tiếp đến Giám đốc B6e5nh viện huyện Tuy Phong . Nếu việc giải quyết không thỏa đáng thì bạn có quyền khiếu nại tiếp đến Sở y tế tỉnh Bình Thuận. Việc viết đơn khiếu nại gởi đến UBND tỉnh Bình Thuận như vậy gọi là kiếu nại vượt cấp nên sẽ không được giải quyết bạn nhé.

Thân chào","tro-cap-thoi-viec","","","","2016-09-13T14:48:00","https://thuvienphapluat.vn/hoi-dap-phap-luat/tu-van-ve-thoi-viec-tai-benh-vien-130913.html","2026-04-24T07:05:07.513086+00:00"
"94462","Chế độ thôi việc khi chuyển công tác","Theo đó, kể từ ngày 1/1/1995 khi Bộ luật Lao động có hiệu lực thi hành, không còn chế độ chuyển công tác đối với người lao động làm việc theo hợp đồng lao động từ doanh nghiệp này sang doanh nghiệp khác. Khi người lao động thôi việc ở doanh nghiệp nào thì thực hiện chấm dứt hợp đồng lao động ở doanh nghiệp đó, sau đó chuyển sang doanh nghiệp khác làm việc thì thực hiện giao kết hợp đồng lao động mới.

Trường hợp bà Nguyễn Thị Lộc có thời gian làm việc ở Công ty cổ phần Hải Nam từ tháng 5/2008 đến tháng 9/2011 chấm dứt hợp đồng lao động thì Công ty cổ phần May Hải Nam có trách nhiệm thanh toán trợ cấp thôi việc đối với thời gian bà Lộc thực tế làm việc tại Công ty này. Cách tính trả trợ cấp thôi việc cụ thể thực hiện theo quy định tại Nghị định số 44/2003/NĐ-CP ngày 9/5/2003, Nghị định 127/2008/NĐ-CP ngày 12/12/2008 của Chính phủ và Thông tư số 17/2009/TT-BLĐTBXH ngày 26/5/2009 của Bộ Lao động-Thương binh và Xã hội.

Đối với thời gian từ tháng 1/1997 đến tháng 4/2008 (trước khi làm việc tại Công ty cổ phần May Hải Nam), bà Lộc làm việc tại 3 doanh nghiệp khác nhau thì khi thôi việc ở từng doanh nghiệp, hai bên có trách nhiệm giải quyết chế độ trợ cấp thôi việc theo quy định tại thời điểm thôi việc. Công ty cổ phần May Hải Nam không có trách nhiệm giải quyết chế độ trợ cấp thôi việc đối với thời gian trên.","tro-cap-thoi-viec","","","","2016-09-13T14:18:00","https://thuvienphapluat.vn/hoi-dap-phap-luat/che-do-thoi-viec-khi-chuyen-cong-tac-94462.html","2026-04-24T07:05:12.533022+00:00"
"44423","Để mất tài sản của nhà trường có bị buộc thôi việc?","Theo Điều 13 Nghị định số: 27/2012/NĐ-CP ngày 6/4/2012 của Chính phủ quy định về xử lý kỷ luật viên chức và trách nhiệm bồi thường, hoàn trả của viên chức quy định: Hình thức kỷ luật buộc thôi việc áp dụng đối với viên chức có một trong các hành vi vi phạm pháp luật sau đây:

- Bị phạt tù mà không được hưởng án treo hoặc bị Tòa án kết án về hành vi tham nhũng;

- Không tuân thủ quy trình, quy định chuyên môn, nghiệp vụ, đạo đức nghề nghiệp và quy tắc ứng xử trong khi thực hiện hoạt động nghề nghiệp gây hậu quả đặc biệt nghiêm trọng;

- Sử dụng giấy tờ không hợp pháp để được tuyển dụng vào đơn vị sự nghiệp công lập;

- Nghiện ma túy có xác nhận của cơ quan y tế có thẩm quyền;

- Tự ý nghỉ việc, tổng số từ 07 ngày làm việc trở lên trong một tháng hoặc từ 20 ngày làm việc trở lên trong một năm mà không có lý do chính đáng được tính trong tháng dương lịch; năm dương lịch;

- Vi phạm ở mức độ đặc biệt nghiêm trọng quy định của pháp luật về phòng, chống tham nhũng, nhưng chưa đến mức bị truy cứu trách nhiệm hình sự; quy định của pháp luật về thực hành tiết kiệm, chống lãng phí; kỷ luật lao động; phòng, chống tệ nạn xã hội và các quy định khác của pháp luật liên quan đến viên chức.

Căn cứ vào quy định nêu trên, và theo thư bạn viết việc bạn để mất tài sản của nhà trường do lỗi không cố ý sẽ không bị xem xét để buộc thôi việc. Tuy nhiên bạn phải có trách nhiệm bồi thường theo quy định tại Điều 24 Nghị định trên. Cụ thể như sau:

- Viên chức làm mất, hư hỏng trang bị, thiết bị hoặc có hành vi khác gây hại tài sản của đơn vị sự nghiệp công lập thì phải có nghĩa vụ bồi thường theo quy định tại Nghị định này.

- Viên chức khi thực hiện công việc hoặc nhiệm vụ được phân công có lỗi gây thiệt hại cho người khác thì đơn vị sự nghiệp công lập phải bồi thường thiệt hại do viên chức thuộc quyền quản lý gây ra theo quy định của pháp luật dân sự về trách nhiệm bồi thường thiệt hại ngoài hợp đồng. Viên chức có lỗi gây thiệt hại cho người khác mà đơn vị sự nghiệp công lập đã bồi thường phải có nghĩa vụ hoàn trả cho đơn vị sự nghiệp công lập theo quy định tại Nghị định này.

Nguyên tắc xử lý trách nhiệm bồi thường, hoàn trả được áp dụng theo Điều 25 Nghị định số: 27/2012/NĐ-CP.

Sỹ Điền","tro-cap-thoi-viec","","","","2016-09-12T10:59:00","https://thuvienphapluat.vn/hoi-dap-phap-luat/de-mat-tai-san-cua-nha-truong-co-bi-buoc-thoi-viec-44423.html","2026-04-24T07:05:18.193860+00:00"
"133139","Chị M đã bị cho thôi việc vì lý do có thai và nghỉ đẻ có đúng pháp luật không?","Khoản 3 Điều 111 Bộ luật Lao động quy định: ""Người sử dụng lao động không được sa thải hoặc đơn phương chấm dứt hợp đồng lao động đối với người lao động nữ vì lý do kết hôn, có thai, nghỉ thai sản, nuôi con dưới 12 tháng tuổi, trừ trường doanh nghiệp chấm dứt hoạt động"" Như vậy, nếu doanh nghiệp vẫn đang tồn tại, người sử dụng lao động không được viện vào 1 trong 4 lý do sau để sa thải hoặc đơn phương chấm dứt hợp đồng lao động đối với người lao động nữ:

- Người lao động nữ kết hôn;

- Người lao động nữ có thai ;

- Người lao động nữ nghỉ thai sản;

- Người lao động nữ nuôi con dưới 12 tháng tuổi.

""Sa thải"" và ""đơn phương chấm dứt hợp đồng lao động"" đều là hành vi pháp lý đơn phương của người sử dụng lao động. Tuy nhiên, sa thải khác đơn phương chấm dứt hợp đồng lao động ở chỗ: Sa thải là một hình thức xử lý kỷ luật đối với người lao động (Điều 85 BLLĐ). Việc sa thải được áp dụng hạn chế hơn. Quyết định sa thải là một căn cứ để người sử dụng lao động thực hiện quyền đơn phương chấm dứt hợp đồng lao động (điểm b, khoản 1 Điều 38 BLLĐ). Như vậy, trong trường hợp nêu trên, công ty TNHH giầy da X vẫn đang tồn tại, quyết định cho thôi việc mà thực chất là hành vi đơn phương chấm dứt hợp đồng lao động của giám đốc công ty TNHH giầy da X đối với chị M dựa vào lý do chị có thai là trái pháp luật.","tro-cap-thoi-viec","","","","2016-09-10T16:20:00","https://thuvienphapluat.vn/hoi-dap-phap-luat/chi-m-da-bi-cho-thoi-viec-vi-ly-do-co-thai-va-nghi-de-co-dung-phap-luat-khong-133139.html","2026-04-24T07:05:27.907998+00:00"
"131329","Thanh toán BH sau khi thôi việc.","Chào bạn,

Các vấn đề bạn hỏi được luật sư trả lời lần lượt như sau:

1/ Khi bạn chấm dứt làm việc tại công ty A thì công ty phải có quyết định chấm dứt hợp đồng lao động cho bạn và thực hiện chốt sổ BHXH trả cho bạn để bạn mang sổ sang công ty B tham gia BHXH và các chế độ tiếp theo.

2/ Trong thời gian thử việc tại công ty B vì chưa ký hợp đồng lao động chính thức nên công ty B chưa thể tham gia BHXH cho bạn nên bạn phải chấp nhận tạm gián đoạn việc tham gia chế độ trong thời gian thử việc.

3/ Bạn muốn nhận trợ cấp BHXH một lần thì phải sau một năn nghỉ việc không đi làm, không tham gia BHXH chù trong trường hợp này bạn đã có việc làm tại công ty và sẽ tiếp tục tham gia BHXH sau thời gian thử việc thì không thể xin nhận trợ cấp BHXH một lần được.

Thân chào","tro-cap-thoi-viec","","","","2016-09-10T15:12:00","https://thuvienphapluat.vn/hoi-dap-phap-luat/thanh-toan-bh-sau-khi-thoi-viec-131329.html","2026-04-24T07:05:33.015106+00:00"
"131139","Xin hỏi về chế độ thanh toán khi thôi việc","Chào bạn

Vì người lao động này chưa đủ điều kiện hưởng chế độ hưu trí nên khi chấm dứt thì phải trợ cấp thôi việc cho thời giam làm việc đến ngày 31/12/2008. Thời gian làm việc từ ngày 1/1/2009 đến nay giải quyết bằng trợ cấp BHTN. Sau đó, người lao động chờ khi đủ tuổi thì giả quyết chế độ hưu trí hoặc xin hưởng trợ cấp BHXH một lần.

Thân chào","tro-cap-thoi-viec","","","","2016-09-10T15:12:00","https://thuvienphapluat.vn/hoi-dap-phap-luat/xin-hoi-ve-che-do-thanh-toan-khi-thoi-viec-131139.html","2026-04-24T07:05:37.883867+00:00"
"42259","Trường hợp nào được trợ cấp thôi việc?","* Trả lời: Ngày 27/4/2010, Chính phủ đã ban hành Nghị định số 46/2010/NĐ-CP quy định về thôi việc và thủ tục nghỉ hưu đối với công chức.

Nghị định này có hiệu lực thi hành kể từ ngày 1/7/2010. Trợ cấp thôi việc quy định tại Nghị định này được tính hưởng kể từ ngày 1/1/2010.

Theo Điều 3 Nghị định này quy định trường hợp công chức được hưởng chế độ thôi việc như sau:

1. Theo nguyện vọng và được cơ quan, tổ chức, đơn vị có thẩm quyền đồng ý.

2. Do 02 năm liên tiếp không hoàn thành nhiệm vụ theo quy định tại khoản 3 Điều 58 Luật Cán bộ, công chức.

Mức hưởng trợ cấp thôi việc; thời gian làm việc được tính trợ cấp thôi việc; nguồn kinh phí để trả trợ cấp thôi việc được quy định tại Điều 5, Điều 6 và Điều 7 Nghị định số 46/2010/NĐ-CP.

Theo đó, công chức thôi việc được hưởng trợ cấp thôi việc như sau: Cứ mỗi năm làm việc được tính bằng 1/2 tháng lương hiện hưởng, gồm: Mức lương theo ngạch, bậc, phụ cấp chức vụ lãnh đạo, phụ cấp thâm niên vượt khung, phụ cấp thâm niên nghề và hệ số chênh lệch bảo lưu lương (nếu có). Mức trợ cấp thấp nhất bằng một tháng lương hiện hưởng.

Căn cứ vào các quy định trên bạn có thể làm đơn đề nghị cơ quan đã đồng ý cho bạn thôi việc, giải quyết để bạn được truy lĩnh chế độ trợ cấp thôi việc đối với công chức.

Trong trường hợp bạn được giải quyết chế độ trợ cấp thôi việc, nguồn kinh phí sẽ được căn cứ vào khoản 1 Điều 7 Nghị định số 46/2010/NĐ-CP để thực hiện chi trả cho bạn.

Cụ thể: Với trường hợp của bạn thì nguồn kinh phí chi trả trợ cấp thôi việc được bố trí trong dự toán chi hoạt động thường xuyên được cơ quan có thẩm quyền giao hàng năm.

Sỹ Điền","tro-cap-thoi-viec","","","","2016-09-09T16:00:00","https://thuvienphapluat.vn/hoi-dap-phap-luat/truong-hop-nao-duoc-tro-cap-thoi-viec-42259.html","2026-04-24T07:05:43.297694+00:00"
"42778","Quy định về trợ cấp thôi việc","* Trả lời:

Theo thư bạn viết, căn cứ vào bộ Luật Lao động, trường hợp của bạn sẽ được hưởng trợ cấp thôi việc. Cụ thể tại Điều 48 Luật Lao động quy định về trợ cấp thôi việc như sau:

Khi hợp đồng lao động chấm dứt theo quy định tại các khoản 1, 2, 3, 5, 6, 7, 9 và 10 Điều 36 của Bộ luật này thì người sử dụng lao động có trách nhiệm chi trả trợ cấp thôi việc cho người lao động đã làm việc thường xuyên từ đủ 12 tháng trở lên, mỗi năm làm việc được trợ cấp một nửa tháng tiền lương.

Thời gian làm việc để tính trợ cấp thôi việc là tổng thời gian người lao động đã làm việc thực tế cho người sử dụng lao động trừ đi thời gian người lao động đã tham gia bảo hiểm thất nghiệp theo quy định của Luật bảo hiểm xã hội và thời gian làm việc đã được người sử dụng lao động chi trả trợ cấp thôi việc.

Tiền lương để tính trợ cấp thôi việc là tiền lương bình quân theo hợp đồng lao động của 06 tháng liền kề trước khi người lao động thôi việc.

Sỹ Điền","tro-cap-thoi-viec","","","","2016-09-09T16:00:00","https://thuvienphapluat.vn/hoi-dap-phap-luat/quy-dinh-ve-tro-cap-thoi-viec-42778.html","2026-04-24T07:05:48.174677+00:00"
"44027","Các trường hợp không được hưởng trợ cấp thôi việc","* Trả lời:

Theo Khoản 2 Điều 45 Luật Viên chức quy định viên chức không được hưởng trợ cấp thôi việc nếu thuộc một trong các trường hợp sau: Bị buộc thôi việc; Đơn phương chấm dứt hợp đồng làm việc mà vi phạm quy định tại các Khoản 4, 5 và 6 Điều 29 của Luật này; Chấm dứt hợp đồng làm việc theo quy định tại Khoản 5 Điều 28 của Luật này. Cụ thể như sau:

Theo Khoản 4, 5 và 6 Điều 29 của Luật Viên chức quy định: Viên chức làm việc theo hợp đồng làm việc không xác định thời hạn có quyền đơn phương chấm dứt hợp đồng nhưng phải thông báo bằng văn bản cho người đứng đầu đơn vị sự nghiệp công lập biết trước ít nhất 45 ngày; trường hợp viên chức ốm đau hoặc bị tai nạn đã điều trị 06 tháng liên tục thì phải báo trước ít nhất 3 ngày.

Viên chức làm việc theo hợp đồng làm việc xác định thời hạn có quyền đơn phương chấm dứt hợp đồng trong các trường hợp sau:

- Không được bố trí theo đúng vị trí việc làm, địa điểm làm việc hoặc không được bảo đảm các điều kiện làm việc đã thỏa thuận trong hợp đồng làm việc;

- Không được trả lương đầy đủ hoặc không được trả lương đúng thời hạn theo hợp đồng làm việc;

- Bị ngược đãi; bị cưỡng bức lao động;

- Bản thân hoặc gia đình thật sự có hoàn cảnh khó khăn không thể tiếp tục thực hiện hợp đồng;

- Viên chức nữ có thai phải nghỉ việc theo chỉ định của cơ sở chữa bệnh;

- Viên chức ốm đau hoặc bị tai nạn đã điều trị từ 3 tháng liên tục mà khả năng làm việc chưa hồi phục.

Viên chức phải thông báo bằng văn bản về việc đơn phương chấm dứt hợp đồng làm việc cho người đứng đầu đơn vị sự nghiệp công lập biết trước ít nhất 03 ngày đối với các trường hợp quy định tại các điểm a, b, c, đ và e khoản 5 Điều này; ít nhất 30 ngày đối với trường hợp quy định tại điểm d khoản 5 Điều này.

Còn tại Khoản 5 Điều 28 Luật Viên chức quy định: Khi viên chức được cấp có thẩm quyền bổ nhiệm giữ chức vụ được pháp luật quy định là công chức tại đơn vị sự nghiệp công lập hoặc có quyết định nghỉ hưu thì hợp đồng làm việc đương nhiên chấm dứt.

Căn cứ vào quy định nêu trên và theo thư bạn viết, trường hợp của bạn sẽ không đủ điều kiện để được hưởng trợ cấp thôi việc.

Sỹ Điền","tro-cap-thoi-viec","","","","2016-09-09T16:00:00","https://thuvienphapluat.vn/hoi-dap-phap-luat/cac-truong-hop-khong-duoc-huong-tro-cap-thoi-viec-44027.html","2026-04-24T07:05:53.772928+00:00"
"44396","Quy định về các trường hợp không được hưởng trợ cấp thôi việc","Theo Điều 45 Luật Viên chức quy định về chế độ thôi việc như sau: Khi chấm dứt hợp đồng làm việc, viên chức được hưởng trợ cấp thôi việc, trợ cấp mất việc làm hoặc chế độ bảo hiểm thất nghiệp theo quy định của pháp luật về lao động và pháp luật về bảo hiểm xã hội, trừ trường hợp quy định tại khoản 2 Điều này.

Viên chức không được hưởng trợ cấp thôi việc nếu thuộc một trong các trường hợp sau: Bị buộc thôi việc; Đơn phương chấm dứt hợp đồng làm việc mà vi phạm quy định tại các khoản 4, 5 và 6 Điều 29 của Luật này; Chấm dứt hợp đồng làm việc theo quy định tại khoản 5 Điều 28 của Luật này.

Cụ thể, Khoản 5 Điều 28 Luật viên chức quy định: Khi viên chức được cấp có thẩm quyền bổ nhiệm giữ chức vụ được pháp luật quy định là công chức tại đơn vị sự nghiệp công lập hoặc có quyết định nghỉ hưu thì hợp đồng làm việc đương nhiên chấm dứt.

Còn tại Khoản 4,5,6 Điều 29 Luật này quy định: Viên chức làm việc theo hợp đồng làm việc không xác định thời hạn có quyền đơn phương chấm dứt hợp đồng nhưng phải thông báo bằng văn bản cho người đứng đầu đơn vị sự nghiệp công lập biết trước ít nhất 45 ngày; trường hợp viên chức ốm đau hoặc bị tai nạn đã điều trị 06 tháng liên tục thì phải báo trước ít nhất 03 ngày.

Viên chức làm việc theo hợp đồng làm việc xác định thời hạn có quyền đơn phương chấm dứt hợp đồng trong các trường hợp sau:

- Không được bố trí theo đúng vị trí việc làm, địa điểm làm việc hoặc không được bảo đảm các điều kiện làm việc đã thỏa thuận trong hợp đồng làm việc;

- Không được trả lương đầy đủ hoặc không được trả lương đúng thời hạn theo hợp đồng làm việc;

- Bị ngược đãi; bị cưỡng bức lao động;

- Bản thân hoặc gia đình thật sự có hoàn cảnh khó khăn không thể tiếp tục thực hiện hợp đồng;

- Viên chức nữ có thai phải nghỉ việc theo chỉ định của cơ sở chữa bệnh;

- Viên chức ốm đau hoặc bị tai nạn đã điều trị từ 03 tháng liên tục mà khả năng làm việc chưa hồi phục.

Viên chức phải thông báo bằng văn bản về việc đơn phương chấm dứt hợp đồng làm việc cho người đứng đầu đơn vị sự nghiệp công lập biết trước ít nhất 3 ngày đối với các trường hợp quy định tại các điểm a, b, c, đ và e khoản 5 Điều này; ít nhất 30 ngày đối với trường hợp quy định tại điểm d khoản 5 Điều này.

Căn cứ vào các quy định nêu trên, nếu bạn không thuộc trường hợp được quy định tại Khoản 2 Điều Điều 45 Luật Viên chức thì bạn sẽ được hưởng chế độ trợ cấp thôi việc theo quy định hiện hành của Bảo hiểm xã hội.

Sỹ Điền","tro-cap-thoi-viec","","","","2016-09-09T16:00:00","https://thuvienphapluat.vn/hoi-dap-phap-luat/quy-dinh-ve-cac-truong-hop-khong-duoc-huong-tro-cap-thoi-viec-44396.html","2026-04-24T07:05:59.285860+00:00"
"97536","Cách tính trợ cấp thôi việc cho nhân viên","Đối với câu hỏi liên quan đến chị A

Chị A và công ty của bạn thống nhất chấm dứt hợp đồng lao động từ ngày 30.6.2013. Thời điểm chị A chấm dứt hợp đồng lao động sau khi Bộ luật Lao động 2012 có hiệu lực. Như vậy việc chị A chấm dứt hợp đồng lao động được quy định tại khoản 3, Điều 36, Bộ luật Lao động 2012. Điều 48, Bộ luật Lao động 2012 quy định về trợ cấp thôi việc, như sau: Điều 48. Trợ cấp thôi việc 1. Khi hợp đồng lao động chấm dứt theo quy định tại các khoản 1, 2, 3, 5, 6, 7, 9 và 10 Điều 36 của bộ luật này thì người sử dụng lao động có trách nhiệm chi trả trợ cấp thôi việc cho người lao động đã làm việc thường xuyên từ đủ 12 tháng trở lên, mỗi năm làm việc được trợ cấp một nửa tháng tiền lương. 2. Thời gian làm việc để tính trợ cấp thôi việc là tổng thời gian người lao động đã làm việc thực tế cho người sử dụng lao động trừ đi thời gian người lao động đã tham gia bảo hiểm thất nghiệp theo quy định của Luật Bảo hiểm xã hội và thời gian làm việc đã được người sử dụng lao động chi trả trợ cấp thôi việc. 3. Tiền lương để tính trợ cấp thôi việc là tiền lương bình quân theo hợp đồng lao động của 6 tháng liền kề trước khi người lao động thôi việc. Theo quy định nêu trên chị A được hưởng trợ cấp thôi việc từ năm 2004 - 2008 theo quy định của khoản 1, 2 Điều 48, Bộ luật Lao động. Lương tính trợ cấp thôi việc là bình quân lương 6 tháng liền kề trước khi chị A nghỉ việc (từ tháng 1 – 6.2013), theo quy định của khoản 3, Điều 48 Bộ luật Lao động. Theo quy định của pháp luật hiện hành không quy định chị A có việc làm ngay sau khi chấm dứt hợp đồng lao động một cách hợp pháp không được hưởng trợ cấp thôi việc. Do đó, chị A đi làm ở cơ quan mới ngay sau khi chấm dứt hợp đồng lao động với công ty của bạn, chị A vẫn được hưởng trợ cấp thôi việc. Đối với câu hỏi liên quan đến 5 người khác. Việc trả trợ cấp thôi việc chỉ phát sinh khi chấm dứt hợp đồng lao động theo quy định của pháp luật. Do đó, khi 5 người lao động và công ty chưa chấm dứt hợp đồng lao động thì chưa có căn cứ để trả trợ cấp thôi việc. Không có cách nào để trả trợ cấp thôi việc đúng pháp luật khi hợp đồng lao động đang có hiệu lực.","tro-cap-thoi-viec","","","","2016-09-09T16:00:00","https://thuvienphapluat.vn/hoi-dap-phap-luat/cach-tinh-tro-cap-thoi-viec-cho-nhan-vien-97536.html","2026-04-24T07:06:04.519400+00:00"
"42824","Giải quyết chế độ trợ cấp thôi việc cho viên chức","* Trả lời:

Theo Khoản 1 Điều 38 Nghị định số: 29/2012/NĐ-CP ngày 12/4/2012 của Chính phủ vè tuyển dụng, sử dụng và quản lý viên chức; viên chức được giải quyết thôi việc trong các trường hợp sau:

- Viên chức có đơn tự nguyện xin thôi việc được cơ quan, đơn vị có thẩm quyền đồng ý bằng văn bản; Viên chức đơn phương chấm dứt hợp đồng làm việc theo quy định tại Khoản 4 và Khoản 5 Điều 29 Luật Viên chức;

- Đơn vị sự nghiệp công lập đơn phương chấm dứt hợp đồng làm việc với viên chức khi có một trong các trường hợp quy định tại Điểm c, Điểm d và Điểm đ Khoản 1 Điều 29 Luật Viên chức.

Căn cứ vào quy định nêu trên và theo thư bạn viết, trường hợp của bạn sẽ được giải quyết thôi việc và được áp dụng trợ cấp theo Điều 39 Nghị định này.

Cụ thể, trợ cấp thôi việc đối với thời gian công tác của viên chức từ ngày 31/12/2008 trở về trước được tính như sau:

Cứ mỗi năm làm việc được tính bằng 1/2 tháng lương hiện hưởng, gồm: Mức lương theo chức danh nghề nghiệp, phụ cấp chức vụ lãnh đạo, phụ cấp thâm niên vượt khung, phụ cấp thâm niên nghề và hệ số chênh lệch bảo lưu lương (nếu có);

Mức trợ cấp thấp nhất bằng 01 tháng lương hiện hưởng;

Trường hợp viên chức được tuyển dụng trước ngày 01/7/2003, thời gian làm việc được tính trợ cấp thôi việc là tổng thời gian làm việc (cộng dồn) kể từ khi viên chức có quyết định tuyển dụng đến hết ngày 31/12/2008.

Trường hợp viên chức được tuyển dụng từ ngày 01/7/2003 trở về sau, thời gian làm việc được tính trợ cấp thôi việc là tổng thời gian làm việc theo hợp đồng làm việc (cộng dồn) kể từ khi viên chức có quyết định tuyển dụng đến hết ngày 31/12/2008.

Trợ cấp thôi việc đối với thời gian công tác của viên chức từ ngày 01/01/2009 đến nay được thực hiện theo quy định của pháp luật về trợ cấp thất nghiệp.

Nguồn kinh phí chi trả trợ cấp thôi việc được lấy từ nguồn tài chính của đơn vị sự nghiệp công lập.

Viên chức thôi việc được hưởng trợ cấp thôi việc quy định tại Khoản 1, Khoản 2 Điều này và được xác nhận thời gian có đóng bảo hiểm xã hội theo quy định của pháp luật.

Sỹ Điền","tro-cap-thoi-viec","","","","2016-09-09T13:58:00","https://thuvienphapluat.vn/hoi-dap-phap-luat/giai-quyet-che-do-tro-cap-thoi-viec-cho-vien-chuc-42824.html","2026-04-24T07:06:10.222154+00:00"
"43035","Tự ý nghỉ việc có được hưởng trợ cấp thôi việc?","* Trả lời:

Theo Khoản 3 Điều 38 Nghị định số: 29/2012/NĐ-CP ngày 12/4/2012 của Chính phủ về tuyển dụng, sử dụng và quản lý viên chức quy định về thủ tục giải quyết thôi việc như sau:

Viên chức có nguyện vọng thôi việc có văn bản gửi người đứng đầu đơn vị sự nghiệp công lập.

Trong thời hạn 20 ngày làm việc, kể từ ngày nhận đơn, nếu đồng ý cho viên chức thôi việc thì người đứng đầu đơn vị sự nghiệp công lập ra quyết định chấm dứt hợp đồng làm việc; nếu không đồng ý cho viên chức thôi việc thì trả lời viên chức bằng văn bản và nêu rõ lý do theo quy định tại Khoản 2 Điều này.

Trường hợp đơn vị sự nghiệp công lập đơn phương chấm dứt hợp đồng làm việc với viên chức quy định tại Điểm c Khoản 1 Điều này và đồng thời giải quyết chế độ thôi việc cho viên chức theo quy định tại Nghị định này.

Tại Khoản 1 Điều 38, Nghị định này quy định viên chức được giải quyết thôi việc trong các trường hợp sau:

- Viên chức có đơn tự nguyện xin thôi việc được cơ quan, đơn vị có thẩm quyền đồng ý bằng văn bản;

- Viên chức đơn phương chấm dứt hợp đồng làm việc theo quy định tại Khoản 4 và Khoản 5 Điều 29 Luật Viên chức;

- Đơn vị sự nghiệp công lập đơn phương chấm dứt hợp đồng làm việc với viên chức khi có một trong các trường hợp quy định tại Điểm c, Điểm d và Điểm đ Khoản 1 Điều 29 Luật Viên chức.

Còn tại Khoản 2 Điều 38 Nghị định này quy định các trường hợp viên chức chưa được giải quyết thôi việc như sau:

- Đang bị xem xét xử lý kỷ luật hoặc bị truy cứu trách nhiệm hình sự;

- Chưa làm việc đủ thời gian cam kết với đơn vị sự nghiệp công lập khi được cử đi đào tạo hoặc khi được xét tuyển;

- Chưa hoàn thành việc thanh toán các khoản tiền, tài sản thuộc trách nhiệm của viên chức đối với đơn vị sự nghiệp công lập;

- Do yêu cầu công tác và chưa bố trí được người thay thế.

Căn cứ vào các quy định nêu trên và theo thư bạn viết, khi chưa được hiệu trưởng nhà trường đồng ý bằng văn bản cho bạn nghỉ việc mà bạn đã tự ý nghỉ việc thì trường hợp của bạn sẽ không được hưởng chế độ trợ cấp thôi việc.

Sỹ Điền","tro-cap-thoi-viec","","","","2016-09-09T10:44:00","https://thuvienphapluat.vn/hoi-dap-phap-luat/tu-y-nghi-viec-co-duoc-huong-tro-cap-thoi-viec-43035.html","2026-04-24T07:06:15.972180+00:00"
"133829","Bồi thường chi phí đào tạo khi xin thôi việc","Tại khoản 3 Điều 41 Bộ luật Lao động quy định: “Trong trường hợp người lao động đơn phương chấm dứt hợp đồng lao động thì phải bồi thường chi phí đào tạo (nếu có) theo quy định của Chính phủ”.

Theo quy định tại khoản 4 Điều 18 Nghị định số 139/2006/NĐ-CP quy định cụ thể như sau:

“Trư­ờng hợp doanh nghiệp tuyển ngư­ời vào học nghề để sau đó làm việc tại doanh nghiệp, nếu người học nghề không làm việc theo cam kết thì phải bồi thường chi phí dạy nghề. Mức bồi thường do hai bên thoả thuận, xác định trong hợp đồng học nghề.

Chi phí dạy nghề gồm các khoản chi phí hợp lý cho ngư­ời dạy, tài liệu, vật liệu thực hành, chi phí khấu hao nhà xưởng, máy móc thiết bị và các chi phí khác đã chi cho người học.”

Điều 37 Bộ luật Lao động sửa đổi, bổ sung quy định về các trường hợp được đơn phương chấm dứt hợp đồng lao động. Vì bạn không nói rõ bạn làm việc tại Công ty theo loại hợp đồng nào? Xác định thời hạn hay không xác định thời hạn vì mỗi loại hợp đồng khi đơn phương chấm dứt phải tuân theo những quy định riêng. Cụ thể đối với hợp đồng không xác định bạn chỉ cần tuân thủ thời gian báo trước là 45 ngày theo quy định tại khoản 3 Điều 37 Bộ luật Lao động.

Nếu bạn làm việc theo hợp đồng có xác định thời hạn thì ngoài việc chấp hành về thời gian báo trước theo quy định bạn còn phải có lý do đơn phương chấm dứt hợp đồng, cụ thể Điều 37 quy định:

“1- Người lao động làm việc theo hợp đồng lao động xác định thời hạn từ đủ 12 tháng đến 36 tháng, hợp đồng lao động theo mùa vụ hoặc theo một công việc nhất định có thời hạn dưới 12 tháng có quyền đơn phương chấm dứt hợp đồng trước thời hạn trong những trường hợp sau đây:

a) Không được bố trí theo đúng công việc, địa điểm làm việc hoặc không được bảo đảm các điều kiện làm việc đã thoả thuận trong hợp đồng;

b) Không được trả công đầy đủ hoặc trả công không đúng thời hạn đã thoả thuận trong hợp đồng;

c) Bị ngược đãi; bị cưỡng bức lao động;

d) Bản thân hoặc gia đình thật sự có hoàn cảnh khó khăn không thể tiếp tục thực hiện hợp đồng;

đ) Được bầu làm nhiệm vụ chuyên trách ở các cơ quan dân cử hoặc được bổ nhiệm giữ chức vụ trong bộ máy nhà nước;

e) Người lao động nữ có thai phải nghỉ việc theo chỉ định của thầy thuốc;

g) Người lao động bị ốm đau, tai nạn đã điều trị ba tháng liền đối với người làm việc theo hợp đồng lao động xác định thời hạn từ đủ 12 tháng đến 36 tháng và một phần tư thời hạn hợp đồng đối với người làm việc theo hợp đồng lao động theo mùa vụ hoặc theo một công việc nhất định có thời hạn dưới 12 tháng mà khả năng lao động chưa được hồi phục.

2- Khi đơn phương chấm dứt hợp đồng lao động theo quy định tại khoản 1 Điều này, người lao động phải báo cho người sử dụng lao động biết trước:

a) Đối với các trường hợp quy định tại các điểm a, b, c và g: ít nhất ba ngày;

b) Đối với các trường hợp quy định tại điểm d và điểm đ: ít nhất 30 ngày nếu là hợp đồng xác định thời hạn từ đủ 12 tháng đến 36 tháng; ít nhất ba ngày nếu là hợp đồng theo mùa vụ hoặc theo một công việc nhất định có thời hạn dưới 12 tháng”.","tro-cap-thoi-viec","","","","2016-09-08T16:56:00","https://thuvienphapluat.vn/hoi-dap-phap-luat/boi-thuong-chi-phi-dao-tao-khi-xin-thoi-viec-133829.html","2026-04-24T07:06:21.781597+00:00"
"66314","Trợ cấp thôi việc có phải nộp thuế TNCN không","Chào Bạn, Theo Luật lao động trợ cấp thôi việc một năm 1/2 tháng lương là đúng quy định. Kể từ ngày 01/01/2009 thì:

Thời gian người lao động đóng bảo hiểm thất nghiệp theo quy định tại Luật  BHXH không được tính để hưởng trợ cấp mất việc làm hoặc trợ cấp thôi việc theo quy định của pháp luật về lao động, pháp luật về cán bộ, công chức. Theo Thông tư 84/2008/TT_BTC thì tiền trợ cấp thôi việc không phải chịu thuế TNCN (Khỏan 2.2.d, mục II.). Thân ái","tro-cap-thoi-viec","","","","2016-09-08T14:59:00","https://thuvienphapluat.vn/hoi-dap-phap-luat/tro-cap-thoi-viec-co-phai-nop-thue-tncn-khong-66314.html","2026-04-24T07:06:47.452888+00:00"
"63213","Hỏi về trợ cấp thôi việc cho cán bộ phường.","Theo quy định tại điểm b khoản 1 Điều 1 Pháp lệnh Cán bộ công chức và khoản 1 Điều 2 Nghị định 54/2005/NĐ-CP thì người được giao nhiệm vụ thường xuyên làm việc tại tổ chức chính trị được xem là cán bộ, công chức và sẽ được xem xét hưởng trợ cấp thôi việc khi xin nghỉ việc. Căn cứ trên thông tin mà ông cung cấp, tôi nhận thấy rằng từ năm 2004 đến nay, ông đảm nhiệm chức vụ phó Bí thư Đảng ủy, vì thế theo quy định nêu trên, ông được xem là một công chức. Khi nghỉ việc, ông cũng đã có đơn xin nghỉ việc và đã được sự đồng ý bằng văn bản của quận ủy. Nghĩa là, ông thuộc trường hợp công chức được hưởng chế độ thôi việc theo Điều 5 Nghị định 54/2005/NĐ-CP. Công chức thôi việc theo quy định tại Nghị định 54/2005/NĐ-CP sẽ được hưởng trợ cấ thôi việc: cứ mỗi năm được tính bằng ½ tháng lương và các khoản phụ cấp hiện hưởng – Điều 8 Nghị định 54/2005/NĐ-CP. Vì thế, việc UBND quận không cho ông hưởng trợ cấp thôi việc là không đúng với quy định pháp luật hiện hành. Để đảm bảo quyền lợi của mình, ông có thể khiếu nại vụ việc lên UBND quận để được giải quyết một cách thỏa đáng. Thân ái chào ông. Luật sư HUỲNH VĂN NÔNG (www.shlaw.vn)","tro-cap-thoi-viec","","","","2016-09-08T10:03:00","https://thuvienphapluat.vn/hoi-dap-phap-luat/hoi-ve-tro-cap-thoi-viec-cho-can-bo-phuong-63213.html","2026-04-24T07:06:52.830604+00:00"
"92254","Trợ cấp thôi việc với NLĐ đã nghỉ hưu vẫn tham gia làm việc","Điều 48 Bộ luật Lao động năm 2012 quy định, khi chấm dứt HĐLĐ, người sử dụng lao động có trách nhiệm trả trợ cấp thôi việc đối với người lao động đã làm việc thường xuyên từ đủ 12 tháng trở lên trong các trường hợp chấm dứt HĐLĐ quy định tại các khoản 1, 2, 3, 5, 6, 7, 9 và 10 Điều 36 Bộ luật Lao động năm 2012. Bộ luật Lao động năm 2012 không có quy định phân biệt đối với người lao động đã hoặc chưa nghỉ hưởng chế độ hưu trí.

Vì vậy, đối với trường hợp người lao động đã nghỉ hưởng chế độ hưu trí mà làm việc thường xuyên từ đủ 12 tháng trở lên theo chế độ HĐLĐ, khi chấm dứt HĐLĐ đúng pháp luật thì người sử dụng lao động có trách nhiệm giải quyết chế độ trợ cấp thôi việc theo đúng quy định.","tro-cap-thoi-viec","","","","2016-09-07T11:00:00","https://thuvienphapluat.vn/hoi-dap-phap-luat/tro-cap-thoi-viec-voi-nld-da-nghi-huu-van-tham-gia-lam-viec-92254.html","2026-04-24T07:06:58.623104+00:00"
"90356","Nhận trợ cấp thôi việc ở đâu?","Ban Quản lý Lao động Việt Nam tại Hàn Quốc trả lời: Theo quy định tại Luật Tuyển dụng lao động nước ngoài sửa đổi của Hàn Quốc, từ ngày 29-7, tiền bảo hiểm mãn hạn về nước (hay còn được gọi là tiền trợ cấp thôi việc) được chi trả trong vòng14 ngày kể từ ngày người lao động về nước (hoặc trong vòng 14 ngày kể từ ngày nộp thủ tục xin nhận bảo hiểm sau khi về nước). Đơn vị chi trả bảo hiểm là Công ty Bảo hiểm Samsung (Hàn Quốc), chi trả qua tài khoản hoặc bằng tiền mặt tại sân bay sau khi người lao động làm thủ tục xuất cảnh. Về thủ tục, người lao động làm đơn xin nhận bảo hiểm (theo mẫu của Công ty Bảo hiểm Samsung), đính kèm giấy khai báo dự định về nước (làm 1 tháng trước khi kết thúc hợp đồng lao động) và bản sao giấy chứng minh người nước ngoài hoặc hộ chiếu. Hồ sơ nhận bảo hiểm gửi về công ty này.","tro-cap-thoi-viec","","","","2016-09-07T11:00:00","https://thuvienphapluat.vn/hoi-dap-phap-luat/nhan-tro-cap-thoi-viec-o-dau-90356.html","2026-04-24T07:07:03.947984+00:00"
"93361","Trợ cấp thôi việc của người tự ý bỏ việc","Điểm c Khoản 1 Điều 85 Bộ luật Lao động quy định: hình thức kỷ luật sa thải được áp dụng khi “người lao động tự ý bỏ việc năm ngày cộng dồn trong một tháng hoăc 20 ngày cộng dồn trong một năm mà không có lý do chính đáng”. Và khoản 1 Điều 42 Bộ luật Lao động đã được sử đổi, bổ sung qui định “khi chấm dứt hợp đồng lao động theo qui định tại diểm a và điểm b khoản 1 Điều 85 Bộ luật Lao động, người lao động không được trợ cấp thôi việc”. Trường hợp của bạn, bị xử lý kỷ luật lao động theo điểm c Điều 85 Bộ luật, nên bạn vẫn được hưởng trợ cấp thôi việc, cứ mỗi năm làm việc là nửa tháng lương cộng với phụ cấp nếu có. Công ty không trả trợ cấp thôi việc cho bạn là sai qui định.","tro-cap-thoi-viec","","","","2016-09-07T11:00:00","https://thuvienphapluat.vn/hoi-dap-phap-luat/tro-cap-thoi-viec-cua-nguoi-tu-y-bo-viec-93361.html","2026-04-24T07:07:09.694235+00:00"
"94497","Thời gian tính trợ cấp thôi việc","Theo hướng dẫn của Bộ Lao động-Thương binh và Xã hội, đối tượng khi chuyển ngành đã được giải quyết chế độ chuyển ngành theo quy định thì thời gian phục vụ trong quân đội không được tính là thời gian để trả trợ cấp thôi việc.

Giải đáp về việc giải quyết chế độ trợ cấp thôi việc đối với trường hợp ông Hoàng Văn Thiện (tỉnh Bình Định), Bộ Lao động-Thương binh và Xã hội hướng dẫn như sau:

Theo quy định tại khoản 1, Điều 42 Bộ luật Lao động thì khi chấm dứt hợp đồng lao động đối với người lao động đã làm việc thường xuyên trong doanh nghiệp từ đủ 12 tháng trở lên, người sử dụng lao động có trách nhiệm trả trợ cấp thôi việc cho người lao động, cứ mỗi năm làm việc là nửa tháng lương cộng phụ cấp lương (nếu có).

Trường hợp ông Hoàng Văn Thiện từ tháng 11/1981 đến tháng 11/2011 làm việc tại Xí nghiệp Khảo sát xây dựng số 3 (nay là Chi nhánh Công ty trách nhiệm hữu hạn nhà nước một thành viên Khảo sát và Xây dựng Miền Trung) khi chấm dứt hợp đồng lao động, Công ty trách nhiệm hữu hạn nhà nước một thành viên Khảo sát và Xây dựng Miền Trung có trách nhiệm giải quyết chế độ trợ cấp thôi việc đối với thời gian ông Thiện thực tế làm việc tại Công ty trách nhiệm hữu hạn nhà nước một thành viên Khảo sát và Xây dựng Miền Trung.

Theo quy định tại điểm c, khoản 3 Điều 14 Nghị định số 44/2003/NĐ-CP ngày 9/5/2003 của Chính phủ quy định chi tiết và hướng dẫn thi hành một số điều của Bộ luật Lao động về hợp đồng lao động thì trường hợp người lao động trước khi làm việc cho doanh nghiệp nhà nước đã có thời gian làm việc ở các đơn vị khác thuộc khu vực nhà nước nhưng chưa được trợ cấp thôi việc thì doanh nghiệp nơi người lao động chấm dứt hợp đồng lao động có trách nhiệm chi trả trợ cấp thôi việc cho người lao động đó theo quy định của pháp luật.

Trường hợp ông Thiện có thời gian làm việc tại Bộ Chỉ huy quân sự tỉnh Nghĩa Bình từ tháng 3/1975 đến tháng 10/1981, theo Công văn số 149/BCH-TC ngày 16/2/2012 của Bộ Chỉ huy quân sự tỉnh Bình Định và Quyết định số 320/KS-TC ngày 28/10/1981 của Giám đốc Xí nghiệp Khảo sát xây dựng số 3 thì khi chuyển ngành ông Thiện đã được giải quyết chế độ chuyển ngành theo Quyết định số 178/CP ngày 20/7/1974 của Chính phủ về việc sửa đổi chính sách đối với quân nhân chuyển ngành và phục viên đối với thời gian phục vụ trong quân đội. Do đó, thời gian phục vụ trong quân đội của ông Thiện không được tính là thời gian để trả trợ cấp thôi việc theo khoản 1, Điều 42 Bộ luật Lao động nêu trên.","tro-cap-thoi-viec","","","","2016-09-07T10:59:00","https://thuvienphapluat.vn/hoi-dap-phap-luat/thoi-gian-tinh-tro-cap-thoi-viec-94497.html","2026-04-24T07:07:14.850171+00:00"
"96283","Giải đáp vướng mắc về trợ cấp thôi việc","Kể từ ngày 1/1/1995, khi Bộ luật Lao động có hiệu lực thi hành, người lao động thôi việc ở cơ quan, đơn vị thì thực hiện chấm dứt hợp đồng lao động, doanh nghiệp có trách nhiệm chi trả trợ cấp thôi việc theo quy định của Nhà nước, sau đó chuyển sang doanh nghiệp khác làm việc thì thực hiện giao kết hợp đồng lao động mới.

Theo quy định tại điểm c, khoản 3 Điều 14 Nghị định số 44/2003/NĐ-CP ngày 9/5/2003 của Chính phủ quy định chi tiết và hướng dẫn thi hành một số điều của Bộ luật Lao động về hợp đồng lao động và hướng dẫn tại Thông tư số 21/2003/TT-BLĐTBXH ngày 22/9/2003 đã được sửa đổi, bổ sung tại Thông tư số 17/2009/TT-BLĐTBXH ngày 26/5/2009 của Bộ Lao động-Thương binh và Xã hội chỉ quy định đối với trường hợp người lao động làm việc ở nhiều công ty nhà nước chuyển công tác trước ngày 1/1/1995 (ngày Bộ luật Lao động có hiệu lực thi hành) thì trợ cấp thôi việc được tính theo thời gian làm việc ở từng doanh nghiệp, công ty nhà nước cuối cùng có trách nhiệm chi trả toàn bộ tiền trợ cấp thôi việc cho người lao động, kể cả phần trợ cấp thôi việc thuộc trách nhiệm chi trả của công ty nhà nước mà người lao động đã làm việc trước khi chuyển công tác trước ngày 1/1/1995, sau đó gửi thông báo để yêu cầu hoàn trả số tiền đã được chi trả hộ.

Do vậy, Bộ Lao động-Thương binh và Xã hội khẳng định, trường hợp ông Nguyễn Văn Toản và Trịnh Hồng Mỹ chuyển về làm việc tại Ngân hàng Phát triển nhà đồng bằng sông Cửu Long từ tháng 9/2005 và tháng 4/2002 (sau ngày 1/1/1995) không thuộc đối tượng áp dụng quy định nêu trên. Ngân hàng chỉ phải thanh toán tiền trợ cấp thôi việc cho ông Toản và bà Mỹ trong thời gian làm việc tại Ngân hàng. Trường hợp Ngân hàng đã trả hộ khoản trợ cấp thôi việc cho thời gian ông Toản và bà Mỹ làm việc tại các đơn vị trước kia thì đề nghị Ngân hàng làm việc cụ thể với các đơn vị liên quan và ông Toản, bà Mỹ để giải quyết.","tro-cap-thoi-viec","","","","2016-09-07T10:59:00","https://thuvienphapluat.vn/hoi-dap-phap-luat/giai-dap-vuong-mac-ve-tro-cap-thoi-viec-96283.html","2026-04-24T07:07:20.319537+00:00"
"82921","Hỏi về chế độ trợ cấp thôi việc","Bạn tham khảo quy định tại khoản 3 điều 14 Nghị định số 44/2003 của Chính phủ hướng dẫn về hợp đồng lao động để biết nhé:

""3. Thời gian làm việc để tính trợ cấp thôi việc:

a) Thời gian làm việc để tính trợ cấp thôi việc là tổng thời gian đã làm việc theo các bản hợp đồng lao động đã giao kết (kể cả hợp đồng giao kết bằng miệng) mà người lao động thực tế làm việc cho người sử dụng lao động đó;

b) Người lao động trước đây đã là công nhân, viên chức nhà nước nay vẫn làm việc ở đơn vị, thì thời gian làm việc để tính trợ cấp thôi việc là tổng thời gian làm việc ở đơn vị đó;

c) Trường hợp người lao động trước khi làm việc cho doanh nghiệp nhà nước mà đã có thời gian làm việc ở các đơn vị khác thuộc khu vực nhà nước, nhưng chưa được trợ cấp thôi việc, thì doanh nghiệp nơi người lao động chấm dứt hợp đồng lao động có trách nhiệm chi trả trợ cấp thôi việc cho người lao động đó theo quy định của pháp luật. Các đơn vị sử dụng lao động trước đây có trách nhiệm chuyển trả cho doanh nghiệp đã chi trả, nếu đơn vị cũ đã chấm dứt hoạt động thì ngân sách nhà nước sẽ hoàn trả.

Trường hợp sau khi sáp nhập, hợp nhất, chia, tách doanh nghiệp, chuyển quyền sở hữu, quyền quản lý hoặc quyền sử dụng tài sản của doanh nghiệp theo quy định tại Điều 31 của Bộ luật Lao động đã sửa đổi, bổ sung mà người lao động chấm dứt hợp đồng lao động, thì người sử dụng lao động kế tiếp có trách nhiệm chi trả trợ cấp thôi việc cho người lao động kể cả thời gian người lao động làm việc cho người sử dụng lao động liền kề trước đó.

d) Ngoài thời gian nêu trên, nếu có những thời gian sau đây cũng được tính là thời gian làm việc cho người sử dụng lao động:

Thời gian thử việc hoặc tập sự (nếu có) tại doanh nghiệp, cơ quan, tổ chức;

Thời gian doanh nghiệp, cơ quan, tổ chức nâng cao trình độ nghề nghiệp hoặc cử đi đào tạo nghề cho người lao động;

Thời gian người lao động nghỉ theo chế độ bảo hiểm xã hội, thời gian nghỉ ngơi theo quy định của Bộ luật Lao động;

Thời gian chờ việc khi hết hạn tạm hoãn hợp đồng lao động hoặc người lao động phải ngừng việc có hưởng lương;

Thời gian học nghề, tập nghề tại doanh nghiệp, cơ quan, tổ chức;

Thời gian tạm hoãn thực hiện hợp đồng lao động do hai bên thoả thuận;

Thời gian bị xử lý sai về kỷ luật sa thải hoặc về đơn phương chấm dứt hợp đồng lao động;

Thời gian người lao động bị tạm đình chỉ công việc theo quy định tại Điều 92 của Bộ luật Lao động.""","tro-cap-thoi-viec","","","","2016-09-07T10:59:00","https://thuvienphapluat.vn/hoi-dap-phap-luat/hoi-ve-che-do-tro-cap-thoi-viec-82921.html","2026-04-24T07:07:26.169670+00:00"
"108210","Cách tính trợ cấp thôi việc như thế nào?","Các thắc mắc của bạn được luật sư trao đổi như sau:

1/ Bạn được trợ cấp thôi việc cho thời gian làm việc từ 1988 đến ngày 31/12/2008. Cứ mỗi năn làm việc bạn được trợ cấp thôi việc 1/2 tháng lương. tiền lương làm cơ sở trợ cấp là tiền lương hợp đồng lao động bình quân 6 tháng trước khi nghỉ việc. Thời gian làm việc từ ngày 1/1/2009 đến thời điểm nghỉ việc sẽ do BHXH thanh thanh toán theo chế BHTN .

2/ Công ty thực hiệnchốtt sổ BHXH trả cho bạn và khi bạn làm việc tại nơi khác thì sẽ được tiếp tục tham gia BHXH và cộng dồn cho thời gian tiếp theo.

3/ Nếru công ty không trợ cấp thôi việc hti bạn có quyền khiếu nại đền cơ quan lao động thương binh xã hội hoặc khởi kiện ra toa án yêu cầu giải quyết.","tro-cap-thoi-viec","","","","2016-09-07T10:59:00","https://thuvienphapluat.vn/hoi-dap-phap-luat/cach-tinh-tro-cap-thoi-viec-nhu-the-nao-108210.html","2026-04-24T07:07:31.489257+00:00"
"111774","Làm việc chưa đầy một năm có được trợ cấp thôi việc không?","","tro-cap-thoi-viec","","","","2016-09-07T10:59:00","https://thuvienphapluat.vn/hoi-dap-phap-luat/lam-viec-chua-day-mot-nam-co-duoc-tro-cap-thoi-viec-khong-111774.html","2026-04-24T07:07:38.542719+00:00"
"114154","Mức lương tính trợ cấp thôi việc","Về trường hợp của chị được chia làm hai giai đoạn.

1. Từ năm 1995 đến ngày 1.1.2009 thì chị sẽ được hưởng trợ cấp thôi việc cho thời gian này với cách tính mỗi năm làm việc được hưởng 1/2 tháng lương.

2. Từ ngày 1.1.2009 đến nay thì chị được hưởng trợ cấp thất nghiệp mức hưởng trợ cấp thất nghiệp = 60% tiền lương tháng của chị. Nếu chị tham gia bảo hiểm với mức lương như hiện tại thì khi nghỉ lương hiện tại của chị sẽ được sử dụng làm căn cứ tính các khoản trợ cấp cho chị.","tro-cap-thoi-viec","","","","2016-09-07T10:58:00","https://thuvienphapluat.vn/hoi-dap-phap-luat/muc-luong-tinh-tro-cap-thoi-viec-114154.html","2026-04-24T07:07:44.392546+00:00"
"129130","Hỏi về trợ cấp thôi việc và trở cấp thất nghiệp","Theo quy định của Bộ luật lao động thì:

Thời gian làm việc để tính trợ cấp thôi việc là tổng thời gian người lao động đã làm việc thực tế cho người sử dụng lao động trừ đi thời gian người lao động đã tham gia bảo hiểm thất nghiệp theo quy định của Luật bảo hiểm xã hội và thời gian làm việc đã được người sử dụng lao động chi trả trợ cấp thôi việc.

Tiền lương để tính trợ cấp thôi việc là tiền lương bình quân theo hợp đồng lao động của 6 tháng liền kề trước khi người lao động thôi việc, kể từ khi bạn tham gia bảo hiểm thất nghiệp.

Như vậy, tiền lương bình quân 6 tháng làm việc cuối cùng của bạn phụ thuộc và thời điểm bạn tham gia bảo hiểm thất nghiệp. Nếu bạn tham gia bảo hiểm thất nghiệp từ năm 2009 thì tiền lương làm căn cứ tính trợ cấp thôi việc là tiền lương, tiền công theo HĐLĐ, được tính bình quân của 6 tháng liền kề cuối cùng của năm 2008.","tro-cap-thoi-viec","","","","2016-09-07T10:58:00","https://thuvienphapluat.vn/hoi-dap-phap-luat/hoi-ve-tro-cap-thoi-viec-va-tro-cap-that-nghiep-129130.html","2026-04-24T07:07:50.094929+00:00"
"130314","Hỏi về trợ cấp thôi việc","Chào bạn.

1/ Bạn đã được trợ cấp thôi việc cho thời gian làm việc từ năm 1995 đến năm 2008 nên khi nghỉ việc tiếp theo nhưng chưa đủ điều kiện hưởng chế độ hưu trí thì bạn được giải quyết BHTN cho thời gian LÀM VIỆC TỪ NĂM 2009 ĐẾN khi nghỉ việc.

2/ Tiền lương hư sẽ được tính theo quy định của pháp luật tại thời điểm bạn được giải quyết chế độ hưu trí.

Thân mến","tro-cap-thoi-viec","","","","2016-09-07T10:57:00","https://thuvienphapluat.vn/hoi-dap-phap-luat/hoi-ve-tro-cap-thoi-viec-130314.html","2026-04-24T07:07:55.645276+00:00"
"87405","Chi trả trợ cấp thôi việc theo quy định nào?","Hiện nay, Bộ Lao động – Thương binh và Xã hội đang dự thảo Thông tư hướng dẫn thực hiện một số điều về hợp đồng lao động, kỷ luật lao động, trách nhiệm vật chất của Nghị định số 05/2015/NĐ-CP ngày 12/1/2015 của Chính phủ quy định chi tiết và hướng dẫn thi hành một số nội dung của Bộ luật lao động. Vì vậy, trong thời gian Thông tư nêu trên chưa ban hành, đề nghị doanh nghiệp thực hiện chi trả trợ cấp thôi việc cho người lao động theo đúng quy định của Bộ luật Lao động và Nghị định số 05/2015/NĐ-CP nêu trên.","tro-cap-thoi-viec","","","","2016-09-07T10:52:00","https://thuvienphapluat.vn/hoi-dap-phap-luat/chi-tra-tro-cap-thoi-viec-theo-quy-dinh-nao-87405.html","2026-04-24T07:08:00.967654+00:00"
"87805","Có được trợ cấp thôi việc cho thời gian làm ở đơn vị cũ?","Theo nội dung câu hỏi của ông Nguyễn Văn Triều thì Công ty TNHH MTV Cấp nước và Xây dựng tỉnh Quảng Trị đã thực hiện giải quyết chế độ chính sách đối với lao động dôi dư do sắp xếp lại doanh nghiệp nhà nước theo Nghị định số 41/2002/NĐ-CP cho nên không thuộc phạm vi điều chỉnh tại Điều 1 Nghị định số 91/2010/NĐ-CP của Chính phủ quy định chính sách đối với lao động dôi dư khi sắp xếp lại công ty TNHH MTV do Nhà nước làm chủ sở hữu.

Khi thực hiện cổ phần hóa Công ty TNHH MTV Cấp nước và Xây dựng tỉnh Quảng Trị (năm 2015) thì công ty có trách nhiệm chi trả trợ cấp thôi việc, trợ cấp mất việc làm cho người lao động thôi việc, mất việc làm theo quy định tại Điều 48, 49 Bộ luật Lao động năm 2012 và hướng dẫn thực hiện tại Nghị định số 05/2015/NĐ-CP ngày 12/1/2015 của Chính phủ. Theo đó, trường hợp người lao động có thời gian làm việc ở các cơ quan, tổ chức, đơn vị, doanh nghiệp thuộc khu vực nhà nước và chuyển đến làm việc tại công ty từ trước ngày 1/1/1995 mà chưa nhận trợ cấp thôi việc hoặc trợ cấp mất việc làm, nay bị mất việc làm thì công ty có trách nhiệm trả trợ cấp mất việc làm cho thời gian người lao động đã làm việc cho mình và trả trợ cấp thôi việc đối với thời gian người lao động đã làm việc tại cơ quan, tổ chức, đơn vị, doanh nghiệp thuộc khu vực nhà nước trước đó. Trường hợp người lao động chuyển đến làm việc tại công ty sau ngày 1/1/1995, nay bị mất việc làm thì công ty có trách nhiệm trả trợ cấp mất việc làm cho thời gian người lao động làm việc cho mình.

Đối với thời gian người lao động làm việc ở cơ quan cũ thì cơ quan cũ có trách nhiệm chi trả trợ cấp thôi việc cho người lao động theo quy định tại các văn bản nêu trên. Tuy nhiên, do sự việc xảy ra đã lâu, đến nay cơ quan cũ đã giải thể nên không còn pháp nhân để thực hiện chi trả trợ cấp thôi việc theo quy định của pháp luật.","tro-cap-thoi-viec","","","","2016-09-07T10:52:00","https://thuvienphapluat.vn/hoi-dap-phap-luat/co-duoc-tro-cap-thoi-viec-cho-thoi-gian-lam-o-don-vi-cu-87805.html","2026-04-24T07:08:07.575100+00:00"
"89428","Bộ LĐTBXH trả lời về trách nhiệm chi trả trợ cấp thôi việc","Về vụ việc nêu trên, Sở Lao động - Thương binh và Xã hội tỉnh Lào Cai cũng đã có văn bản xin ý kiến của Bộ Lao động - Thương binh và Xã hội. Ngày 1/10/2014, Bộ Lao động - Thương binh và Xã hội đã có Công văn số 3622/LĐTBXH-LĐTL trả lời Sở Lao động - Thương binh và Xã hội với nội dung như sau:

Bộ Luật Lao động năm 1994 có hiệu lực thi hành kể từ ngày 1/1/1995, theo đó, kể từ ngày này, người lao động thôi việc ở doanh nghiệp nào thì thực hiện chấm dứt hợp đồng lao động ở doanh nghiệp đó; khi người lao động thực hiện chấm dứt hợp đồng lao động đúng pháp luật thì người sử dụng lao động phải có trách nhiệm chi trả trợ cấp thôi việc cho người lao động.

Tại Điều 31 Bộ Luật lao động năm 1994 quy định trong trường hợp sáp nhập, hợp nhất, chia, tách doanh nghiệp, chuyển quyền sở hữu, quyền quản lý hoặc quyền sử dụng tài sản của doanh nghiệp thì người sử dụng lao động kế tiếp phải chịu trách nhiệm tiếp tục thực hiện hợp đồng lao động với người lao động.

Trường hợp Công ty Du lịch Lào Cai (nay là Công ty TNHH một thành viên Du lịch Lào Cai) góp vốn bằng tài sản, quyền sử dụng đất đối với công ty khác để thành lập công ty cổ phần là một pháp nhân mới, không thuộc các trường hợp quy định tại Điều 31 Bộ Luật lao động năm 1994 nêu trên. Do đó, Công ty Du lịch Lào Cai thực hiện chấm dứt hợp đồng lao động và tính trả trợ cấp thôi việc đối với thời gian người lao động đã làm việc trong công ty.","tro-cap-thoi-viec","","","","2016-09-07T10:51:00","https://thuvienphapluat.vn/hoi-dap-phap-luat/bo-ldtbxh-tra-loi-ve-trach-nhiem-chi-tra-tro-cap-thoi-viec-89428.html","2026-04-24T07:08:13.748239+00:00"
"89699","Sẽ có quy định về trợ cấp thôi việc cho thời gian trước 1/1/1995","Theo khoản 1, 2 Điều 48 Bộ luật Lao động năm 2012 thì khi hợp đồng lao động chấm dứt theo quy định tại các khoản 1, 2, 3, 5, 6, 9 và 10 Điều 36 của Bộ luật này, người sử dụng lao động có trách nhiệm chi trả trợ cấp thôi việc cho người lao động đã làm việc thường xuyên từ đủ 12 tháng trở lên, mỗi năm làm việc được trợ cấp một nửa tháng tiền lương.

Thời gian làm việc để tính trợ cấp thôi việc là tổng thời gian người lao động đã làm việc thực tế cho người sử dụng lao động trừ đi thời gian người lao động đã tham gia bảo hiểm thất nghiệp theo quy định củaLuật Bảo hiểm xã hội và thời gian làm việc đã được người sử dụng lao động chi trả trợ cấp thôi việc.

Hiện nay, Bộ Lao động - Thương binh và Xã hội đang trình Chính phủ Nghị định quy định chi tiết và hướng dẫn thi hành một số nội dung của Bộ luật Lao động, trong đó có quy định về việc chi trả trợ cấp thôi việc cho người lao động có thời gian làm việc ở các cơ quan, tổ chức, đơn vị, doanh nghiệp thuộc khu vực nhà nước và chuyển đến làm việc tại doanh nghiệp trước ngày 1/1/1995.

Vì vậy, trong khi chờ Nghị định này ban hành, người sử dụng lao động có trách nhiệm chi trả trợ cấp thôi việc cho người lao động đối với thời gian người lao động đã làm việc thực tế cho người sử dụng lao động theo quy định tại Điều 48 Bộ luật Lao động nêu trên và ghi nhận thời gian người lao động làm việc tại các cơ quan, tổ chức, đơn vị, doanh nghiệp thuộc khu vực nhà nước chuyển đến làm việc tại doanh nghiệp trước ngày 1/1/1995 để chi trả trợ cấp thôi việc khi có quy định mới.

Theo quy định tại khoản 3 Điều 48 Bộ luật Lao động thì tiền lương để tính trợ cấp thôi việc là tiền lương bình quân theo hợp đồng lao động của 6 tháng liền kề trước khi người lao động thôi việc. Tiền lương do hai bên thỏa thuận và ghi trong hợp đồng lao động theo quy định tại khoản 1, Điều 90 của Bộ luật Lao động.","tro-cap-thoi-viec","","","","2016-09-07T10:51:00","https://thuvienphapluat.vn/hoi-dap-phap-luat/se-co-quy-dinh-ve-tro-cap-thoi-viec-cho-thoi-gian-truoc-1-1-1995-89699.html","2026-04-24T07:08:19.406496+00:00"
"130638","Tự làm đơn xin nghỉ việc có được hưởng trợ cấp thôi việc hay không?","Bạn không nên chứ chăm chăm vào chế độ được giải quyết như thế nào mà hãy nên lưu ý việc công ty đang làm với mình là đúng hay sai?

1/ Theo như bạn cho biết thì luật sư cho rằng giữa bạn và công ty đang tồn tại hợp đồng lao động không xác định thời hạn và đây là cơ sở pháp lý xác lập mối quan hệ lao động giữa hai bên.

Theo quy định của pháp luật lao động thì nếu vì tình hình sản xuất kinh doanh gặp khó khăn, công ty buột phải cắt giảm nhân sự thì công ty buộc phải thực hiện các nghĩa vụ sau đây: Xây dựng và thực hiện phương án sử dụng lao động, tái đào tạo, bố trí người lao động phù hợp tình hình mới... Khi đã thực hiện những trách nhiệm này mà vẫn không thể bố trí công việc cho bạn được thì mới tính đến chuyện thông báo cho bạn nghỉ việc nhưng phải thông báo trước 45 ngày để bạn chuẩn bị và tìm việc khác, phải trao đổi với công đoàn cơ sở, phải gơi văn bản báo trước 30 ngày cho cơ quan quản lý nhà nước về lao động và trong trường hợp cho bạn nghỉ việc như vậy thì phải trợ cấp mất việc (không phải trợ cấp thôi việc nhé) theo mức: mỗi năm làm việc bạn được hưởng 1 tháng lương (chứ không phải 1/2 tháng lương).

2/ Công ty muốn bạn viết đơn là có ly do hoàn toàn có lợi cho công ty:  Bạn viết đơn xin nghỉ việc là ý chí xuất phát từ bạn chứ không phải từ công ty nên công ty sẽ mau chóng cho bạn"" toại nguyện"" bằng một quyết định nghỉ việc có ghi ""nghỉ việc vì nguyện vọng cá nhân"" và như thế thì công ty chỉ chi trả trợ cấp thôi việc cho bạn: mỗi năm làm việc chỉ được 1/2 tháng lương (thấp hơn 1/2 so với chế độ trợ cấp mất việc) và công ty không phải thực hiện hàng loạt trách nhiệm nói trên mà vẫn có thể đàng hoàng cho bạn nghỉ việc và như thế thì bạn đâu có cơ sở gì để khởi kiện công ty này ra tòa để yêu cầu giải quyết quyền và lợi ích hợp pháp cho mình vì bạn đã tự""chui"" vào cái bẫy của công ty rồi.

Tóm lại, qua phân tích của luật sư thì bạn đã hiểu mình nên làm gì: Yêu cầu công ty nếu kho khăn phải cắt giảm nhân sự thì phải tái bố trì công việc khác cho bạn, tuyệt đối không viết đơn xin nghỉ việc. Trường hợp công ty cứ muốn cho nghỉ thì xin mời công ty cứ có quyết định cho nghỉ và bạn bàn giao co6g việc theo quyết định, có biên bản bàn giao cùng quyết định là đủ cơ sở để đưa công ty ra tòa đòi quyền lợi chính đáng vì đơn phương chấm dứt hợp đồng lao động trái pháp luật (dĩ nhiên bạn phải thủ chứng cứ và không nên mách nước để công ty hợp thức hóa toàn bộ thủ tục cho bạn nghỉ việc theo quy đinh).","tro-cap-thoi-viec","","","","2016-09-07T10:51:00","https://thuvienphapluat.vn/hoi-dap-phap-luat/tu-lam-don-xin-nghi-viec-co-duoc-huong-tro-cap-thoi-viec-hay-khong-130638.html","2026-04-24T07:08:24.585987+00:00"
"134099","Tiền trợ cấp thôi việc tính như thế nào?","Căn cứ khoản 1 Điều 42 Bộ luật Lao động được sửa đổi, bổ sung các năm 2002, 2006, 2007 quy định: “Khi chấm dứt hợp đồng lao động đối với người lao động đã làm việc thường xuyên trong doanh nghiệp, cơ quan, tổ chức từ đủ 12 tháng trở lên, người sử dụng lao động có trách nhiệm trợ cấp thôi việc, cứ mỗi năm làm việc là nửa tháng lương, cộng với phụ cấp lương, nếu có.”

Như vậy từ 12/2005 đến nay anh đã làm việc được 4 năm 10 tháng nên khi nghỉ việc anh được trợ cấp thôi việc.

Căn cứ Điều 15 Nghị định số 114/2002/NĐ-CP ngày 31/12/2002 quy định chi tiết và hướng dẫn thi hành một số điều của Bộ luật Lao động về tiền lương như sau: “Tiền lương làm căn cứ tính các chế độ trợ cấp thôi việc, trợ cấp mất việc làm,bồi thường do đơn phương chấm dứt hợp đồng lao động trái pháp luật, bồi thường tai nạn lao động, bệnh nghề nghiệp là tiền lương theo hợp đồng lao động, được tính bình quân của 6 tháng liền kề trước khi sự việc xảy ra, gồm tiền lương cấp bậc, chức vụ, phụ cấp khu vực, phụ cấp chức vụ (nếu có)”.

Căn cứ Điều 2 Thông tư 17/2009/TT-BLĐTBXH ngày 26/5/2009 sửa đổi, bổ sung một số điểm của Thông tư số 21/2003/TT-BLĐTBXH ngày 22/9/2003 hướng dẫn thi hành một số điểm của Nghị định 44/2003/NĐ-CP ngày 9/5/2003 của Chính phủ về hợp đồng lao động về sửa đổi khoản 3, mục III, Thông tư số 21/2003/TT-BLĐTBXH như sau:

Công thức tính trợ cấp thôi việc ở từng doanh nghiệp:

Tiền trợ cấp thôi việc

=

Tổng thời gian làm việc tại doanh nghiệp tính trợ cấp thôi việc

x

Tiền lương làm căn cứ tính trợ cấp thôi việc

x 1/2

Trường hợp, tổng thời gian làm việc tại doanh nghiệp tính trợ cấp thôi việc có tháng lẻ (kể cả trường hợp người lao động có thời gian làm việc tại doanh nghiệp từ đủ 12 tháng trở lên nhưng tổng thời gian làm việc tại doanh nghiệp tính trợ cấp thôi việc dưới 12 tháng) thì được làm tròn như sau:

Từ đủ 01 tháng đến dưới 06 tháng làm tròn thành 1/2 năm.

Từ đủ 06 tháng đến dưới 12 tháng làm tròn thành 01 năm.

Tiền lương làm căn cứ tính trợ cấp thôi việc là tiền lương, tiền công theo hợp đồng lao động, được tính bình quân của 6 tháng liền kề trước khi chấm dứt hợp đồng lao động, gồm tiền công hoặc tiền lương cấp bậc, chức vụ, phụ cấp khu vực, phụ cấp chức vụ (nếu có).

Theo quy định nêu trên tổng thời gian anh làm việc tại doanh nghiệp được làm tròn thành 5 năm, tiền trợ cấp thôi việc là 5 năm x tiền lương theo hợp đồng lao động trong 6 tháng liền kề trước khi chấm dứt hợp đồng lao động x 1/2.

Như vậy, doanh nghiệp của anh tính tiền trợ cấp thôi việc cho anh là sai vì tiền lương làm căn cứ tính trợ cấp thôi việc là tiền lương, tiền công theo hợp đồng lao động chứ không phải tính theo số tiền lương anh nhận (ba tháng nghỉ không lương bằng 0 đồng).","tro-cap-thoi-viec","","","","2016-09-07T10:51:00","https://thuvienphapluat.vn/hoi-dap-phap-luat/tien-tro-cap-thoi-viec-tinh-nhu-the-nao-134099.html","2026-04-24T07:08:30.734023+00:00"
"138735","Chế độ trợ cấp thôi việc với viên chức","Theo Điều 45, Luật Viên chức 2010, khi chấm dứt hợp đồng làm việc, viên chức được hưởng trợ cấp thôi việc, trợ cấp mất việc làm hoặc chế độ bảo hiểm thất nghiệp theo quy định của pháp luật về lao động và pháp luật về bảo hiểm xã hội. Theo quy định, thì các khoản trên được tính theo quy định về pháp luật lao động và bảo hiểm xã hội.

Tuy nhiên, đối với viên chức nói chung, dù hình thức ký kết vẫn là hợp đồng lao động (giống người lao động bình thường) nhưng khi thôi việc, trợ cấp thôi việc sẽ được áp dụng theo quy định riêng đối với viên chức. Theo đó, viên chức vẫn được hưởng trợ cấp thôi việc, thời gian tính sẽ áp dụng theo Nghị định số 29. Trong khi đó, người lao động bình thường khác sẽ được áp dụng theo Bộ luật Lao động và Nghị định 05.

Theo Nghị định số 29 ngày 12-4-2012, thời gian công tác của viên chức để tính trợ cấp thôi việc như sau: 1. Từ ngày 31-12-2008: cứ mỗi năm làm việc được tính bằng 1/2 tháng lương hiện hưởng gồm: mức lương, phụ cấp chức vụ, phụ cấp thâm niên vượt khung, phụ cấp thâm niên nghề và hệ số chênh lệch bảo lưu lương (nếu có). Theo đó:

+ Nếu được tuyển dụng trước ngày 1-7-2003, thời gian làm việc là tổng thời gian làm việc (cộng dồn) kể từ khi viên chức có quyết định tuyển dụng đến hết ngày 31-12-2008.

+ Nếu được tuyển dụng từ ngày 1-7-2003 trở về sau, thời gian làm việc được tính trợ cấp thôi việc là tổng thời gian làm việc từ khi viên chức có quyết định tuyển dụng đến hết ngày 31-12-2008.

2. Từ ngày 1-1-2009 đến nay, mức trợ cấp thôi việc được thực hiện theo quy định của pháp luật về trợ cấp thất nghiệp.

Chế độ trợ cấp thôi việc là tổng của 2 khoản 1 và 2 nói trên.","tro-cap-thoi-viec","","","","2016-09-07T10:50:00","https://thuvienphapluat.vn/hoi-dap-phap-luat/che-do-tro-cap-thoi-viec-voi-vien-chuc-138735.html","2026-04-24T07:08:36.075186+00:00"
"99444","Nuôi con nhỏ dưới 12 tháng tuổi có được quyền lợi gì khi thôi việc?","Nội dung 1:  Điều 49 Luật Việc làm quy định điều kiện để hưởng trợ cấp thất nghiệp như sau:

Người lao động quy định tại khoản 1 Điều 43 của Luật này đang đóng bảo hiểm thất nghiệp được hưởng trợ cấp thất nghiệp khi có đủ các điều kiện sau đây:

1. Chấm dứt hợp đồng lao động hoặc hợp đồng làm việc, trừ các trường hợp sau đây:

a) Người lao động đơn phương chấm dứt hợp đồng lao động, hợp đồng làm việc trái pháp luật;

b) Hưởng lương hưu, trợ cấp mất sức lao động hằng tháng;

2. Đã đóng bảo hiểm thất nghiệp từ đủ 12 tháng trở lên trong thời gian 24 tháng trước khi chấm dứt hợp đồng lao động hoặc hợp đồng làm việc đối với trường hợp quy định tại điểm a và điểm b khoản 1 Điều 43 của Luật này; đã đóng bảo hiểm thất nghiệp từ đủ 12 tháng trở lên trong thời gian 36 tháng trước khi chấm dứt hợp đồng lao động đối với trường hợp quy định tại điểm c khoản 1 Điều 43 của Luật này;

3. Đã nộp hồ sơ hưởng trợ cấp thất nghiệp tại trung tâm dịch vụ việc làm theo quy định tại khoản 1 Điều 46 của Luật này;

4. Chưa tìm được việc làm sau 15 ngày, kể từ ngày nộp hồ sơ hưởng bảo hiểm thất nghiệp, trừ các trường hợp sau đây:

a) Thực hiện nghĩa vụ quân sự, nghĩa vụ công an;

b) Đi học tập có thời hạn từ đủ 12 tháng trở lên;

c) Chấp hành quyết định áp dụng biện pháp đưa vào trường giáo dưỡng, cơ sở giáo dục bắt buộc, cơ sở cai nghiện bắt buộc;

d) Bị tạm giam; chấp hành hình phạt tù;

đ) Ra nước ngoài định cư; đi lao động ở nước ngoài theo hợp đồng;

e) Chết.

Nếu Bạn đảm bảo các điều kiện nêu trên thì Bạn nộp hồ sơ hưởng BHTN đến Trung tâm dịch vụ việc làm thuộc Sở Lao động Thương binh và Xã hội để được xem xét giải quyết trợ cấp thất nghiệp.     Nội dung 2:  Luật Bảo hiểm xã hội không có quy định nào về chế độ BHXH đối với người lao động nghỉ viêc khi có con nhỏ dưới 12 tháng tuổi.","tro-cap-thoi-viec","","","","2016-09-06T13:49:00","https://thuvienphapluat.vn/hoi-dap-phap-luat/nuoi-con-nho-duoi-12-thang-tuoi-co-duoc-quyen-loi-gi-khi-thoi-viec-99444.html","2026-04-24T07:08:41.265240+00:00"
"82670","Công ty cho thôi việc, giải quyết chế độ như thế nào","Điều 38 BLLĐ quy định: ""Điều 38

1- Người sử dụng lao động có quyền đơn phương chấm dứt hợp đồng lao động trong những trường hợp sau đây:

a) Người lao động thường xuyên không hoàn thành công việc theo hợp đồng;

b) Người lao động bị xử lý kỷ luật sa thải theo quy định tại Điều 85 của Bộ luật này;

c) Người lao động làm theo hợp đồng lao động không xác định thời hạn ốm đau đã điều trị 12 tháng liền, người lao động làm theo hợp đồng lao động xác định thời hạn từ đủ 12 tháng đến 36 tháng ốm đau đã điều trị sáu tháng liền và người lao động làm theo hợp đồng lao động theo mùa vụ hoặc theo một công việc nhất định có thời hạn dưới 12 tháng ốm đau đã điều trị quá nửa thời hạn hợp đồng lao động, mà khả năng lao động chưa hồi phục. Khi sức khoẻ của người lao động bình phục, thì được xem xét để giao kết tiếp hợp đồng lao động;

d) Do thiên tai, hoả hoạn hoặc những lý do bất khả kháng khác theo quy định của Chính phủ, mà người sử dụng lao động đã tìm mọi biện pháp khắc phục nhưng vẫn buộc phải thu hẹp sản xuất, giảm chỗ làm việc;

đ) Doanh nghiệp, cơ quan, tổ chức chấm dứt hoạt động.

2- Trước khi đơn phương chấm dứt hợp đồng lao động theo các điểm a, b và c khoản 1 Điều này, người sử dụng lao động phải trao đổi, nhất trí với Ban chấp hành công đoàn cơ sở. Trong trường hợp không nhất trí, hai bên phải báo cáo với cơ quan, tổ chức có thẩm quyền. Sau 30 ngày, kể từ ngày báo cho cơ quan quản lý nhà nước về lao động địa phương biết, người sử dụng lao động mới có quyền quyết định và phải chịu trách nhiệm về quyết định của mình. Trường hợp không nhất trí với quyết định của người sử dụng lao động, Ban chấp hành công đoàn cơ sở và người lao động có quyền yêu cầu giải quyết tranh chấp lao động theo trình tự do pháp luật quy định.

3- Khi đơn phương chấm dứt hợp đồng lao động, trừ trường hợp quy định tại điểm b khoản 1 Điều này, người sử dụng lao động phải báo cho người lao động biết trước:

a) ít nhất 45 ngày đối với hợp đồng lao động không xác định thời hạn;

b) ít nhất 30 ngày đối với hợp đồng lao động xác định thời hạn từ đủ 12 tháng đến 36 tháng;

c) ít nhất ba ngày đối với hợp đồng lao động theo mùa vụ hoặc theo một công việc nhất định có thời hạn dưới 12 tháng."" Như vậy, DN chưa đủ điều kiện để cho các bạn nghỉ việc. Nếu DN đơn phương chấm dứt HDLD trái pháp luật thì phải bồi thường cho NLD (theo điều 41) nếu vụ việc được đưa ra toà

""Điều 41

1- Trong trường hợp người sử dụng lao động đơn phương chấm dứt hợp đồng lao động trái pháp luật thì phải nhận người lao động trở lại làm công việc theo hợp đồng đã ký và phải bồi thường một khoản tiền tương ứng với tiền lương và phụ cấp lương (nếu có) trong những ngày người lao động không được làm việc cộng với ít nhất hai tháng tiền lương và phụ cấp lương (nếu có).

Trong trường hợp người lao động không muốn trở lại làm việc, thì ngoài khoản tiền được bồi thường quy định tại đoạn 1 khoản này, người lao động còn được trợ cấp theo quy định tại Điều 42 của Bộ luật này.

Trong trường hợp người sử dụng lao động không muốn nhận người lao động trở lại làm việc và người lao động đồng ý thì ngoài khoản tiền bồi thường  quy định tại đoạn 1 khoản này và trợ cấp quy định tại Điều 42 của Bộ luật này, hai bên thỏa thuận về khoản tiền bồi thường thêm cho người lao động để chấm dứt hợp đồng lao động.""","tro-cap-thoi-viec","","","","2016-09-05T15:51:00","https://thuvienphapluat.vn/hoi-dap-phap-luat/cong-ty-cho-thoi-viec-giai-quyet-che-do-nhu-the-nao-82670.html","2026-04-24T07:08:47.516931+00:00"
"88995","Chế độ trợ cấp thôi việc","Chế độ trợ cấp thôi việc trong trường hợp Người sử dụng lao động đơn phương chấm dứt hợp đồng lao động được quy định tại Điều 42 Luật sửa đổi, bổ sung một số Điều của Bộ Luật Lao động ngày 02/04/2002. Đề nghị Bà liên hệ với Sở Lao động Thương binh và xã hội TP Đà Nẵng để được xem xét trả lời cụ thể.","tro-cap-thoi-viec","","","","2016-09-05T15:51:00","https://thuvienphapluat.vn/hoi-dap-phap-luat/che-do-tro-cap-thoi-viec-88995.html","2026-04-24T07:08:52.748408+00:00"
"93323","Công ty cho thôi việc khi đang mang thai","Công ty đơn phương cho vợ bạn thôi việc là không đúng với pháp luật: Điều 39 Bộ luật Lao động quy định người sử dụng lao động không được đơn phương chấm dứt hợp đồng lao động trong những trường hợp sau đây: 1- Người lao động ốm đau hoặc bị tại nạn lao động, bệnh nghề nghiệp đang điều trị, điều dưỡng theo quyết định của thầy thuốc, trừ trường hợp quy định tại điểm c và điểm đ khoản 1 Điều 38 của Bộ luật này; 2- Người lao động đang nghỉ hàng năm, nghỉ về việc riêng và những trường hợp khác được người sử dụng lao động cho phép; 3- Người lao động là nữ trong các trường hợp quy định tại khoản 3 Điều 111 của Bộ luật này. - Theo khoản 3 Điều 111 Bộ luật Lâo động thì Người sử dụng lao động không được sa thải hoặc đơn phương chấm dứt hợp đồng lao động đối với người lao động nữ vì lý do kết hôn, có thai, nghỉ thai sản, nuôi con dưới 12 tháng tuổi, trừ trường hợp doaoh nghiệp chấm dứt hoạt động, Trong thời gian có thai, nghỉ thai sản, nuôi con nhỏ dưới 12 tháng tuổi, người lao động nữ được tạm hoãn việc đơn phương chấm dứt hợp đồng lao động, kéo dài thời hiệu xem xét xử lý kỷ luật lao động trừ trường hợp doanh nghiệp chấm dứt hoạt động.","tro-cap-thoi-viec","","","","2016-09-05T15:49:00","https://thuvienphapluat.vn/hoi-dap-phap-luat/cong-ty-cho-thoi-viec-khi-dang-mang-thai-93323.html","2026-04-24T07:08:58.559177+00:00"
"133783","Xin thôi việc khi đang nghỉ không lương","Do ông không nói rõ ông ký loại hợp đồng nào với cơ quan nên chúng tôi tư vấn cho ông như sau:

Theo quy định tại khoản 3 điều 38 của Bộ luật Lao động thời gian báo trước là 45 ngày với hợp đồng lao động không xác định thời hạn, 30 ngày với hợp đồng có thời hạn.

Người lao động đơn phương chấm dứt hợp đồng lao động không trái với quy định của pháp luật thì được trợ cấp thôi việc.

Khoản 3 điều 14 Nghị định 44/2003/NĐ-CP ngày 09/5/2003 hướng dẫn chi tiết một số điều của bộ luật lao động về hợp đồng lao động. “Thời gian làm việc để tính trợ cấp thôi việc là tổng thời gian đã làm việc theo các bản hợp đồng lao động đã giao kết (kể cả hợp đồng giao kết bằng miệng) mà người lao động thực tế làm việc cho người sử dụng lao động đó”

Như vậy theo quy định nêu trên khi ông muốn chấm dứt Hợp đồng lao động ông phải báo trước cho người sử dụng lao động, thời gian báo trước phụ thuộc vào loại Hợp đồng lao động ông đã ký.

Thời gian ông nghỉ không hưởng luơng sẽ không được người sử dụng lao động tính để trả trợ cấp thôi việc mà chỉ tính thời gian thực tế ông đã làm việc cho người sử dụng lao động.

Thời gian được tính tiền trợ cấp thôi việc là thời gian trước khi ông bắt đầu nghỉ không lương.","tro-cap-thoi-viec","","","","2016-09-05T15:48:00","https://thuvienphapluat.vn/hoi-dap-phap-luat/xin-thoi-viec-khi-dang-nghi-khong-luong-133783.html","2026-04-24T07:09:04.354188+00:00"
"97445","Trợ cấp thôi việc cho người làm việc tại nhiều DN nhà nước","Theo quy định tại điều 2 thông tư số 17/2009/ TT- BLĐTBXH của Bộ LĐTBXH ngày 26.05.2009 sửa đổi bổ sung một số điều của thông tư 21/2003/TT-BLĐTBXH - ngày 22.9.2003 hướng dẫn thi hành Nghị định số 44/2003/NĐ-CP thì: - NLĐ làm việc ở nhiều Cty nhà nước, do chuyển công tác trước ngày 1.1.1995, thì trợ cấp thôi việc được tính theo thời gian làm việc ở từng Cty nhà nước. Tiền lương làm căn cứ tính trợ cấp thôi việc cho NLĐ ở từng DN là tiền lương, tiền công theo HĐLĐ được tính bình quân của 6 tháng liền kề trước khi chấm dứt HĐLĐ ở Cty nhà nước cuối cùng. Cty nhà nước cuối cùng có trách nhiệm chi trả toàn bộ số tiền trợ cấp thôi việc cho NLĐ, kể cả phần trợ cấp thôi việc thuộc trách nhiệm chi trả của Cty nhà nước mà NLĐ đã làm việc trước khi chuyển công tác trước ngày 1.1.1995, sau đó gửi thông báo (theo mẫu ban hành kèm theo thông tư số 17/2009/ TT- BLĐTBXH) để yêu cầu hoàn trả số tiền đã được chi trả hộ. Trường hợp Cty nhà nước được chi trả hộ đã chấm dứt hoạt động thì ngân sách nhà nước hoàn trả số tiền trợ cấp thôi việc đã được chi trả hộ theo hướng dẫn của Bộ Tài chính. - Trường hợp sau khi sáp nhập, chia, tách DN, chuyển quyền sở hữu, quyền quản lý hoặc quyền sử dụng tài sản DN mà NLĐ chấm dứt HĐLĐ, thì người sử dụng lao động kế tiếp có trách nhiệm cộng cả thời gian NLĐ làm việc cho mình và thời gian làm việc cho người sử dụng lao động liền kề trước đó, để tính trả trợ cấp thôi việc cho NLĐ. Tiền lương làm căn cứ tính trợ cấp thôi việc là tiền lương, tiền công theo HĐLĐ được tính bình quân của 6 tháng liền kề trước khi chấm dứt HĐLĐ cuối cùng. Đối với Cty nhà nước thực hiện phương án sắp xếp lại hoặc chuyển đổi hình thức sở hữu  thì áp dụng theo quy định của Nhà nước đối với các trường hợp này. Như vậy, theo đúng quy định nêu trên, Cty D có trách nhiệm trả trợ cấp thôi việc cho ông được tính theo toàn bộ thời gian làm việc ở Cty C và Cty D.","tro-cap-thoi-viec","","","","2016-09-05T15:45:00","https://thuvienphapluat.vn/hoi-dap-phap-luat/tro-cap-thoi-viec-cho-nguoi-lam-viec-tai-nhieu-dn-nha-nuoc-97445.html","2026-04-24T07:09:10.104680+00:00"
"110057","Trường hợp thôi việc và được công ty giải quyết cho nghỉ sớm hoặc nghỉ ngay lập tức ?","Nếu công việc bạn đang làm là thường xuyên liên tục thì dạng hơp đồng lao động là hợp đồng xác định thời hạn mà Người sử dung lao động ký từ 12 tháng đến 36 tháng.

Khi người lao động đơn phương chấm dứt HĐLĐ theo điều 37 Bộ luật lao động 2012 thì báo trước 30 ngày đối với trường hợp bạn. Nếu thực hiện đủ và đúng quy định bạn hưởng trợ cấp thất nghiệp.

Trường hợp đơn xin nghỉ việc của bạn được công ty chấp thuận thì bạn có thể nghỉ trước thời hạn nếu trong quyết định thôi việc có ghi thời hạn chấm dứt sớm hơn thời hạn 30 ngày báo trước.

Trường hợp không thống nhất nội dung HĐLĐ trước khi ký Người lao động có quyền yêu cầu chỉnh sửa , bổ sung nếu không đồng ý phải thể hiện ý chí bằng văn bản, hoặc không ký HĐ này cho đến khi sửa đổi lại cho phù hợp.","tro-cap-thoi-viec","","","","2016-09-05T15:44:00","https://thuvienphapluat.vn/hoi-dap-phap-luat/truong-hop-thoi-viec-va-duoc-cong-ty-giai-quyet-cho-nghi-som-hoac-nghi-ngay-lap-tuc-110057.html","2026-04-24T07:09:15.408773+00:00"
"119969","Công ty đơn phương buộc thôi việc không có lý do chính đáng","Xin tóm tắt những ý bạn hỏi và trả lời như sau:

1. Việc thỏa thuận bằng văn bản ban đầu là có nhiều điểm trái quy định luật lao động, như giữ bằng cấp không ký hợp đồng và giao hợp đồng cho người LĐ.

2. Việc chấm dứt HĐ do một bên đơn phương phải có lý do quy định tại điều  37,  38 Bộ Luật lao động trường hợp nếu không có lý do mà chấm dứt hợp đồng là trái pháp luật thì theo điều 41 Bộ Luật lao động thì Người sử dụng LĐ phải nhận NLĐ trở lại làm việc, trả lương cho những ngày NLĐ không được làm việc và bồi thường 2 tháng tiền lương ....

3. Bạn có quyền khiếu nại Phòng LDTBXH để hòa giải cơ sở sau đó nếu không thỏa đáng bạn có quyền khởi kiện ra Tòa án nơi công ty đặt trụ sở. Án phí trong trường hợp này là không phải đóng nhe bạn.","tro-cap-thoi-viec","","","","2016-09-05T15:43:00","https://thuvienphapluat.vn/hoi-dap-phap-luat/cong-ty-don-phuong-buoc-thoi-viec-khong-co-ly-do-chinh-dang-119969.html","2026-04-24T07:09:20.360451+00:00"
"125657","Làm trong công ty bao lâu khi nghỉ việc thi sẽ được trợ cấp thôi việc","Trợ cấp thôi việc được trả cho người lao động khi người sử dụng lao động chấm dứt hợp đồng lao động đối với người lao động đã làm việc thường xuyên trong doanh nghiệp, cơ quan, tổ chức từ một năm trở lên, người sử dụng lao động có trách nhiệm trợ cấp thôi việc, cứ mỗi năm làm việc là nửa tháng lương, cộng với phụ cấp lương, nếu có (Theo Điều 42 Bộ luật lao động)","tro-cap-thoi-viec","","","","2016-09-05T15:43:00","https://thuvienphapluat.vn/hoi-dap-phap-luat/lam-trong-cong-ty-bao-lau-khi-nghi-viec-thi-se-duoc-tro-cap-thoi-viec-125657.html","2026-04-24T07:09:26.919707+00:00"
"127422","Công ty nợ trợ cấp thôi việc","Theo quy định tại điều 43 Bộ luật lao động thì trong thời hạn 7 ngày kể từ ngày chấm dứt HĐLĐ, người sử dụng lao động phải chi trả mọi chế độ cho người lao động. Trường hợp đặc biệt cũng ko kéo dài quá 30 ngày. Như vậy, nếu đơn vị cố tình ko thanh toán chế độ cho em thì em phải làm đơn khởi kiện yêu cầu tòa án giải quyết.","tro-cap-thoi-viec","","","","2016-09-05T15:43:00","https://thuvienphapluat.vn/hoi-dap-phap-luat/cong-ty-no-tro-cap-thoi-viec-127422.html","2026-04-24T07:09:32.892793+00:00"
"130164","Trợ cấp thôi việc khi người đó đã đủ điều kiện hưởng hưu trí","Người lao động tuy hơn 59 tuổi nhưng vẫn chưa đủ 60 tuổi (nam), chưa đủ điều kiện hưởng chế độ hưu trí thi khi họ đơn phương chấm dứt hợp đồng lao động vẫn được hưởng trợ cấp thôi việc cho thời gian làm việc trước thời điểm ngày 1/1/2009 và đơn vị sử dụng lao động vẫn phải chi trả chế độ này cho họ. Đây là một hình thức lách luật của người lao động.","tro-cap-thoi-viec","","","","2016-09-05T15:43:00","https://thuvienphapluat.vn/hoi-dap-phap-luat/tro-cap-thoi-viec-khi-nguoi-do-da-du-dieu-kien-huong-huu-tri-130164.html","2026-04-24T07:09:38.693101+00:00"
"130220","Hỏi về việc Công ty tự ý cho nhân việc thôi việc thì phải bồi thường thế nào?","Chào em.

Luật sư mời em tự tham khảo điều luật sau đây để biết được trách nhiệm cũa công ty khi đơn phương chấm dứt hợp đồng lao động trái luật nhé:

Điều 42. Nghĩa vụ của người sử dụng lao động khi đơn phương chấm dứt hợp đồng lao động trái pháp luật

1. Phải nhận người lao động trở lại làm việc theo hợp đồng lao động đã giao kết và phải trả tiền lương, bảo hiểm xã hội, bảo hiểm y tế trong những ngày người lao động không được làm việc cộng với ít nhất 02 tháng tiền lương theo hợp đồng lao động.

2. Trường hợp người lao động không muốn tiếp tục làm việc, thì ngoài khoản tiền bồi thường quy định tại khoản 1 Điều này người sử dụng lao động phải trả trợ cấp thôi việc theo quy định tại Điều 48 của Bộ luật này.

3. Trường hợp người sử dụng lao động không muốn nhận lại người lao động và người lao động đồng ý, thì ngoài khoản tiền bồi thường quy định tại khoản 1 Điều này và trợ cấp thôi việc theo quy định tại Điều 48 của Bộ luật này, hai bên thỏa thuận khoản tiền bồi thường thêm nhưng ít nhất phải bằng 02 tháng tiền lương theo hợp đồng lao động để chấm dứt hợp đồng lao động.

4. Trường hợp không còn vị trí, công việc đã giao kết trong hợp đồng lao động mà người lao động vẫn muốn làm việc thì ngoài khoản tiền bồi thường quy định tại khoản 1 Điều này, hai bên thương lượng để sửa đổi, bổ sung hợp đồng lao động.

5. Trường hợp vi phạm quy định về thời hạn báo trước thì phải bồi thường cho người lao động một khoản tiền tương ứng với tiền lương của người lao động trong những ngày không báo trước.

Thân mế","tro-cap-thoi-viec","","","","2016-09-05T15:43:00","https://thuvienphapluat.vn/hoi-dap-phap-luat/hoi-ve-viec-cong-ty-tu-y-cho-nhan-viec-thoi-viec-thi-phai-boi-thuong-the-nao-130220.html","2026-04-24T07:09:44.048552+00:00"
"130254","Công ty cho thôi việc nhưng không thông báo trước","Theo trường hợp bạn nêu ra thì Công ty đã vi phạm quy định tại Điều 38 Bộ luật lao động về thời hạn báo trước. Vì vậy, công ty của bạn có nghĩa vụ thực hiện bồi thường cho bạn theo quy định tại Điều 42 Bộ luật lao động như sau:

""1. Phải nhận người lao động trở lại làm việc theo hợp đồng lao động đã giao kết và phải trả tiền lương, bảo hiểm xã hội, bảo hiểm y tế trong những ngày người lao động không được làm việc cộng với ít nhất 02 tháng tiền lương theo hợp đồng lao động""

Như vậy, nếu bạn không muốn làm việc tiếp tại công ty thì ngoài tiền trợ cấp thôi việc theo quy định chung, công ty còn phải bồi thường cho bạn như trên.","tro-cap-thoi-viec","","","","2016-09-05T15:43:00","https://thuvienphapluat.vn/hoi-dap-phap-luat/cong-ty-cho-thoi-viec-nhung-khong-thong-bao-truoc-130254.html","2026-04-24T07:09:50.193577+00:00"
"131382","Thời gian viết đơn xin thôi việc khi kết thúc hợp đồng","Chào em,

Nếu đã qua 30 ngày kể từ ngày hết hạn hợp đồng lao động mà công ty vẫn chưa ký hợp đồng lao động mới vói em thì hợp đồng cũ trở thành hợp đồng không xác định thời hạn và em muốn chấm dứt thì phải thực hiện báo trước 45 ngày. Hoặc nếu hai bên ký lại hợp đồng mới là xác định thời gian từ 1 năm đến 3 năm thì em phải đơn phương chấm dứt báo trước 30 ngày.

Trường hợp của e là mới quan 20 ngày và hai bên chưa ký kết lại hợp đồng thì nếu không tiếp tục làm thì em chỉ cần báo trước và nghỉ ngay vì trong trường hợp này luật không bắt buộc người lao động phải báo trước bao nhiêui ngày vì hai bên chưa tái ký hợp đồng mới làm cơ sở ràng buộc nhau..

Thân chào","tro-cap-thoi-viec","","","","2016-09-05T15:42:00","https://thuvienphapluat.vn/hoi-dap-phap-luat/thoi-gian-viet-don-xin-thoi-viec-khi-ket-thuc-hop-dong-131382.html","2026-04-24T07:09:56.141953+00:00"
"135440","Quy định về trợ cấp mất việc và trợ cấp thôi việc theo Bộ luật Lao động năm 2012","Điều 48 Bộ luật Lao động năm 2012 có quy định về trợ cấp thôi việc như sau:

“1. Khi hợp đồng lao động chấm dứt theo quy định tại các khoản 1, 2, 3, 5, 6, 7, 9 và 10 Điều 36 của Bộ luật này thì người sử dụng lao động có trách nhiệm chi trả trợ cấp thôi việc cho người lao động đã làm việc thường xuyên từ đủ 12 tháng trở lên, mỗi năm làm việc được trợ cấp một nửa tháng tiền lương.

2. Thời gian làm việc để tính trợ cấp thôi việc là tổng thời gian người lao động đã làm việc thực tế cho người sử dụng lao động trừ đi thời gian người lao động đã tham gia bảo hiểm thất nghiệp theo quy định của Luật bảo hiểm xã hội và thời gian làm việc đã được người sử dụng lao động chi trả trợ cấp thôi việc.

3. Tiền lương để tính trợ cấp thôi việc là tiền lương bình quân theo hợp đồng lao động của 06 tháng liền kề trước khi người lao động thôi việc.”

Căn cứ vào quy định nói trên, đối với những người lao động làm việc thường xuyên từ đủ 12 tháng trở lên, nếu bị chấm dứt hợp đồng lao động vì các lý do được nêu tại khoản 1, 2, 3, 5, 6, 7, 9, 10 Điều 36 thì người sử dụng lao động phải trả trợ cấp thôi việc cho người lao động.

Theo như bạn trình bày, bạn muốn hỏi về trường hợp người lao động bị chấm dứt hợp đồng theo khoản 10 Điều 36 Bộ luật Lao động năm 2012.

Khoản 10 Điều 36 Bộ luật Lao động 2012 có quy định như sau: “Người sử dụng lao động đơn phương chấm dứt hợp đồng lao động theo quy định tại Điều 38 của Bộ luật này; người sử dụng lao động cho người lao động thôi việc do thay đổi cơ cấu, công nghệ hoặc vì lý do kinh tế hoặc do sáp nhật, hợp nhất, chia tách doanh nghiệp, hợp tác xã.” Như vậy, theo quy định này, hợp đồng lao động được chấm dứt trong hai trường hợp sau: thứ nhất là trường hợp người sử dụng lao động đơn phương chấm dứt hợp đồng lao động theo quy định tại Điều 38 Bộ luật lao động 2012, thứ hai là trường hợp người sử dụng lao động cho người lao động thôi việc do thay đổi cơ cấu, công nghệ hoặc vì lý do kinh tế hoặc do sáp nhập, hợp nhất, chia tách, doanh nghiệp, hợp tác xã.

Đối với trường hợp thứ nhất, khi người sử dụng lao động đơn phương chấm dứt hợp đồng lao động theo quy định tại Điều 38 Bộ luật Lao động 2012 thì người sử dụng lao động chỉ phải trả cho người lao động trợ cấp thôi việc theo quy định của Điều 48 Bộ luật Lao động năm 2012.

Đối với trường hợp thứ hai, trong trường hợp thay đổi cơ cấu, công nghệ hoặc vì lý do kinh tế hoặc do sáp nhập, hợp nhất, chia tách, doanh nghiệp, hợp tác xã, người sử dụng lao động phải tuân thủ các nghĩa vụ của pháp luật tại Điều 44 và Điều 45 của Bộ luật Lao động năm 2012.

Theo đó, Điều 44 và Điều 45 Bộ luật Lao động năm 2012 có nội dung cụ thể như sau:

“Điều 44. Nghĩa vụ của người sử dụng lao động trong trường hợp thay đổi cơ cấu, công nghệ hoặc vì lý do kinh tế

1. Trường hợp thay đổi cơ cấu, công nghệ mà ảnh hưởng đến việc làm của nhiều người lao động, thì người sử dụng lao động có trách nhiệm xây dựng và thực hiện phương án sử dụng lao động theo quy định tại Điều 46 của Bộ luật này; trường hợp có chỗ làm việc mới thì ưu tiên đào tạo lại người lao động để tiếp tục sử dụng.

Trong trường hợp người sử dụng lao động không thể giải quyết được việc làm mới mà phải cho người lao động thôi việc thì phải trả trợ cấp mất việc làm cho người lao động theo quy định tại Điều 49 của Bộ luật này.

2. Trong trường hợp vì lý do kinh tế mà nhiều người lao động có nguy cơ mất việc làm, phải thôi việc, thì người sử dụng lao động phải xây dựng và thực hiện phương án sử dụng lao động theo quy định tại Điều 46 của Bộ luật này.

Trong trường hợp người sử dụng lao động không thể giải quyết được việc làm mà phải cho người lao động thôi việc thì phải trả trợ cấp mất việc làm cho người lao động theo quy định tại Điều 49 của Bộ luật này.

3. Việc cho thôi việc đối với nhiều người lao động theo quy định tại Điều này chỉ được tiến hành sau khi đã trao đổi với tổ chức đại diện tập thể lao động tại cơ sở và thông báo trước 30 ngày cho cơ quan quản lý nhà nước về lao động cấp tỉnh.

“Điều 45. Nghĩa vụ của người sử dụng lao động khi sáp nhập, hợp nhất, chia, tách doanh nghiệp, hợp tác xã

1. Trong trường hợp sáp nhập, hợp nhất, chia, tách doanh nghiệp, hợp tác xã thì người sử dụng lao động kế tiếp phải chịu trách nhiệm tiếp tục sử dụng số lao động hiện có và tiến hành việc sửa đổi, bổ sung hợp đồng lao động.

Trong trường hợp không sử dụng hết số lao động hiện có, thì người sử dụng lao động kế tiếp có trách nhiệm xây dựng và thực hiện phương án sử dụng lao động theo quy định tại Điều 46 của Bộ luật này.

2. Trong trường hợp chuyển quyền sở hữu hoặc quyền sử dụng tài sản của doanh nghiệp, thì người sử dụng lao động trước đó phải lập phương án sử dụng lao động theo quy định tại Điều 46 của Bộ luật này.

3. Trong trường hợp người sử dụng lao động cho người lao động thôi việc theo quy định tại Điều này, thì phải trả trợ cấp mất việc làm cho người lao động theo quy định tại Điều 49 của Bộ luật này”.

Căn cứ vào các quy định trên, về cơ bản, khi có sự thay đổi về cơ cấu, công nghệ hoặc khi sáp nhập, chia, tách doanh nghiệp, người sử dụng lao động có trách nhiệm tiếp tục sử dụng người lao động. Trong trường hợp không thể giải quyết được việc làm mới hoặc không thể sử dụng hết số lao động hiện có mà phải cho người lao động thôi việc thì người sử dụng lao động phải trợ trợ cấp mất việc làm cho người lao động theo quy định tại Điều 49 Bộ luật Lao động năm 2012, cụ thể là:

“1. Người sử dụng lao động trả trợ cấp mất việc làm cho người lao động đã làm việc thường xuyên cho mình từ 12 tháng trở lên mà bị mất việc làm theo quy định tại Điều 44 và Điều 45 của Bộ luật này, mỗi năm làm việc trả 01 tháng tiền lương nhưng ít nhất phải bằng 02 tháng tiền lương.

2. Thời gian làm việc để tính trợ cấp mất việc làm là tổng thời gian người lao động đã làm việc thực tế cho người sử dụng lao động trừ đi thời gian người lao động đã tham gia bảo hiểm thất nghiệp theo quy định của Luật bảo hiểm xã hội và thời gian làm việc đã được người sử dụng lao động chi trả trợ cấp thôi việc.

3. Tiền lương để tính trợ cấp mất việc làm là tiền lương bình quân theo hợp đồng lao động của 06 tháng liền kề trước khi người lao động mất việc làm.”

Như vậy, người lao động khi phải nghỉ việc do thay đổi về cơ cấu, công nghệ hoặc vì lý do kinh tế hoặc khi sáp nhập, chia, tách doanh nghiệp thì được nhận trợ cấp mất việc làm thay cho trợ cấp thôi việc. Ngoài ra, căn cứ vào quy định tại khoản 2 Điều 49 Bộ luật Lao động năm 2012 thì thời gian mà người lao động đã được chi trả trợ thôi việc và thời gian đóng bảo hiệm thất nghiệp không được tính vào thời gian để tính trợ cấp mất việc làm. Vì vậy, trong trường hợp người lao động được bị mất việc do thay đổi cơ cấu, công nghệ hoặc vì lý do kinh tế hoặc do sáp nhập, hợp nhất, chia tách doanh nghiệp, hợp tác xã, người lao động không được hưởng cả hai chế độ trợ cấp mất việc làm và trợ cấp thôi việc cùng một lúc.","tro-cap-thoi-viec","","","","2016-09-05T15:42:00","https://thuvienphapluat.vn/hoi-dap-phap-luat/quy-dinh-ve-tro-cap-mat-viec-va-tro-cap-thoi-viec-theo-bo-luat-lao-dong-nam-2012-135440.html","2026-04-24T07:10:02.331874+00:00"
"136801","Hỏi về hướng dẫn cách tính trợ cấp khi thôi việc đối với Công an xã","Để thống nhất thực hiện việc chi trả tiền trợ cấp một lần cho Công an xã theo Điều 7, Nghị định số 73/2009/NĐ-CP của Chính phủ quy định chi tiết thi hành một số điều của Pháp lệnh Công an xã theo đề nghị của công dân Ngọc Mai và một số địa phương như: Phú Thọ, Vĩnh Phúc, Khánh Hòa, Cao Bằng… Hiện nay, Bộ Công an đã có văn bản đề nghị Bộ Lao động- Thương binh và Xã hội, Bộ Tài chính, Bộ Nội vụ, Bảo hiểm xã hội Việt Nam có ý kiến về nội dung Công an xã nghỉ việc vì lý do chính đáng và cách tính trợ cấp đối với Công an xã để thống nhất hướng dẫn các địa phương trong toàn quốc thược hiện.","tro-cap-thoi-viec","","","","2016-09-05T15:42:00","https://thuvienphapluat.vn/hoi-dap-phap-luat/hoi-ve-huong-dan-cach-tinh-tro-cap-khi-thoi-viec-doi-voi-cong-an-xa-136801.html","2026-04-24T07:10:08.277768+00:00"
"137411","Công ty không trả trợ cấp thôi việc có đúng luật?","Theo quy định tại Bộ luật lao động 2012 quy định về trợ cấp thôi việc như sau:

“Điều 48. Trợ cấp thôi việc

1. Khi hợp đồng lao động chấm dứt theo quy định tại các khoản 1, 2, 3, 5, 6, 7, 9 và 10 Điều 36 của Bộ luật này thì người sử dụng lao động có trách nhiệm chi trả trợ cấp thôi việc cho người lao động đã làm việc thường xuyên từ đủ 12 tháng trở lên, mỗi năm làm việc được trợ cấp một nửa tháng tiền lương.

2. Thời gian làm việc để tính trợ cấp thôi việc là tổng thời gian người lao động đã làm việc thực tế cho người sử dụng lao động trừ đi thời gian người lao động đã tham gia bảo hiểm thất nghiệp theo quy định của Luật bảo hiểm xã hội và thời gian làm việc đã được người sử dụng lao động chi trả trợ cấp thôi việc.

Căn cứ quy định tại khoản 3 Nghị định 05/2015/NĐ-CP hướng dẫn chi tiết Bộ luật lao động 2012 “thời gian người lao động đã làm việc thực tế cho người sử dụng lao động bao gồm cả thời gian thử việc.

Vì bạn không nói rõ bạn đã đóng bảo hiểm thất nghiệp được bao lâu, nên nếu tổng thời gian làm việc thực tế cho người sử dụng lao động trừ đi thời gian mà bạn tham gia bảo hiểm thất nghiệp mà ra thời gian làm việc để tính trợ cấp thôi việc từ đủ 1 tháng đến dưới 6 tháng thì sẽ được tính là ½ năm làm việc, từ đủ 6 tháng trở lên được tính 1 năm làm việc để tính thời gian hưởng trợ cấp thôi việc.

Có hai trường hợp nếu bạn chấm dứt hợp đồng lao động theo quy định tại khoản 1 điều 48 bộ luật lao động 2012, hướng dẫn bổ sung tại khoản 1 điều 14 nghị định 05/2015/NĐ-CP thì sẽ không được hưởng trợ cấp thôi việc là đủ điều kiện nghỉ hưu và bị kỷ luật sa thải. Tuy nhiên bạn cần lưu ý, việc chi trả trợ cấp thôi việc được tiến hành cho người lao động đã làm việc thường xuyên từ đủ 12 tháng trở lên. Bạn giao kết hợp đồng với công ty từ 2/7/2015 thì phải đến 2/7/2016 mới đủ 12 tháng, thời điểm này bạn đã chấm dứt hợp đồng (tháng 3/2016) thì chưa làm việc đủ 12 tháng để thuộc vào đối tượng được hưởng trợ cấp thôi việc.","tro-cap-thoi-viec","","","","2016-09-05T15:42:00","https://thuvienphapluat.vn/hoi-dap-phap-luat/cong-ty-khong-tra-tro-cap-thoi-viec-co-dung-luat-137411.html","2026-04-24T07:10:14.644815+00:00"
"137495","Trợ cấp mất việc và trợ cấp thôi việc theo Bộ luật Lao động năm 2012","Điều 48 Bộ luật Lao động năm 2012 có quy định về trợ cấp thôi việc như sau:

“1. Khi hợp đồng lao động chấm dứt theo quy định tại các khoản 1, 2, 3, 5, 6, 7, 9 và 10 Điều 36 của Bộ luật này thì người sử dụng lao động có trách nhiệm chi trả trợ cấp thôi việc cho người lao động đã làm việc thường xuyên từ đủ 12 tháng trở lên, mỗi năm làm việc được trợ cấp một nửa tháng tiền lương.

2. Thời gian làm việc để tính trợ cấp thôi việc là tổng thời gian người lao động đã làm việc thực tế cho người sử dụng lao động trừ đi thời gian người lao động đã tham gia bảo hiểm thất nghiệp theo quy định của Luật bảo hiểm xã hội và thời gian làm việc đã được người sử dụng lao động chi trả trợ cấp thôi việc.

3. Tiền lương để tính trợ cấp thôi việc là tiền lương bình quân theo hợp đồng lao động của 06 tháng liền kề trước khi người lao động thôi việc.”

Căn cứ vào quy định nói trên, đối với những người lao động làm việc thường xuyên từ đủ 12 tháng trở lên, nếu bị chấm dứt hợp đồng lao động vì các lý do được nêu tại khoản 1, 2, 3, 5, 6, 7, 9, 10 Điều 36 thì người sử dụng lao động phải trả trợ cấp thôi việc cho người lao động.

Theo như bạn trình bày, bạn muốn hỏi về trường hợp người lao động bị chấm dứt hợp đồng theo khoản 10 Điều 36 Bộ luật Lao động năm 2012.

Khoản 10 Điều 36 Bộ luật Lao động 2012 có quy định như sau: “Người sử dụng lao động đơn phương chấm dứt hợp đồng lao động theo quy định tại Điều 38 của Bộ luật này; người sử dụng lao động cho người lao động thôi việc do thay đổi cơ cấu, công nghệ hoặc vì lý do kinh tế hoặc do sáp nhật, hợp nhất, chia tách doanh nghiệp, hợp tác xã.” Như vậy, theo quy định này, hợp đồng lao động được chấm dứt trong hai trường hợp sau: thứ nhất là trường hợp người sử dụng lao động đơn phương chấm dứt hợp đồng lao động theo quy định tại Điều 38 Bộ luật lao động 2012, thứ hai là trường hợp người sử dụng lao động cho người lao động thôi việc do thay đổi cơ cấu, công nghệ hoặc vì lý do kinh tế hoặc do sáp nhập, hợp nhất, chia tách, doanh nghiệp, hợp tác xã.

Đối với trường hợp thứ nhất, khi người sử dụng lao động đơn phương chấm dứt hợp đồng lao động theo quy định tại Điều 38 Bộ luật Lao động 2012 thì người sử dụng lao động chỉ phải trả cho người lao động trợ cấp thôi việc theo quy định của Điều 48 Bộ luật Lao động năm 2012.

Đối với trường hợp thứ hai, trong trường hợp thay đổi cơ cấu, công nghệ hoặc vì lý do kinh tế hoặc do sáp nhập, hợp nhất, chia tách, doanh nghiệp, hợp tác xã, người sử dụng lao động phải tuân thủ các nghĩa vụ của pháp luật tại Điều 44 và Điều 45 của Bộ luật Lao động năm 2012.

Theo đó, Điều 44 và Điều 45 Bộ luật Lao động năm 2012 có nội dung cụ thể như sau:

“Điều 44. Nghĩa vụ của người sử dụng lao động trong trường hợp thay đổi cơ cấu, công nghệ hoặc vì lý do kinh tế

1. Trường hợp thay đổi cơ cấu, công nghệ mà ảnh hưởng đến việc làm của nhiều người lao động, thì người sử dụng lao động có trách nhiệm xây dựng và thực hiện phương án sử dụng lao động theo quy định tại Điều 46 của Bộ luật này; trường hợp có chỗ làm việc mới thì ưu tiên đào tạo lại người lao động để tiếp tục sử dụng.

Trong trường hợp người sử dụng lao động không thể giải quyết được việc làm mới mà phải cho người lao động thôi việc thì phải trả trợ cấp mất việc làm cho người lao động theo quy định tại Điều 49 của Bộ luật này.

2. Trong trường hợp vì lý do kinh tế mà nhiều người lao động có nguy cơ mất việc làm, phải thôi việc, thì người sử dụng lao động phải xây dựng và thực hiện phương án sử dụng lao động theo quy định tại Điều 46 của Bộ luật này.

Trong trường hợp người sử dụng lao động không thể giải quyết được việc làm mà phải cho người lao động thôi việc thì phải trả trợ cấp mất việc làm cho người lao động theo quy định tại Điều 49 của Bộ luật này.

3. Việc cho thôi việc đối với nhiều người lao động theo quy định tại Điều này chỉ được tiến hành sau khi đã trao đổi với tổ chức đại diện tập thể lao động tại cơ sở và thông báo trước 30 ngày cho cơ quan quản lý nhà nước về lao động cấp tỉnh.

“Điều 45. Nghĩa vụ của người sử dụng lao động khi sáp nhập, hợp nhất, chia, tách doanh nghiệp, hợp tác xã

1. Trong trường hợp sáp nhập, hợp nhất, chia, tách doanh nghiệp, hợp tác xã thì người sử dụng lao động kế tiếp phải chịu trách nhiệm tiếp tục sử dụng số lao động hiện có và tiến hành việc sửa đổi, bổ sung hợp đồng lao động.

Trong trường hợp không sử dụng hết số lao động hiện có, thì người sử dụng lao động kế tiếp có trách nhiệm xây dựng và thực hiện phương án sử dụng lao động theo quy định tại Điều 46 của Bộ luật này.

2. Trong trường hợp chuyển quyền sở hữu hoặc quyền sử dụng tài sản của doanh nghiệp, thì người sử dụng lao động trước đó phải lập phương án sử dụng lao động theo quy định tại Điều 46 của Bộ luật này.

3. Trong trường hợp người sử dụng lao động cho người lao động thôi việc theo quy định tại Điều này, thì phải trả trợ cấp mất việc làm cho người lao động theo quy định tại Điều 49 của Bộ luật này”.

Căn cứ vào các quy định trên, về cơ bản, khi có sự thay đổi về cơ cấu, công nghệ hoặc khi sáp nhập, chia, tách doanh nghiệp, người sử dụng lao động có trách nhiệm tiếp tục sử dụng người lao động. Trong trường hợp không thể giải quyết được việc làm mới hoặc không thể sử dụng hết số lao động hiện có mà phải cho người lao động thôi việc thì người sử dụng lao động phải trợ trợ cấp mất việc làm cho người lao động theo quy định tại Điều 49 Bộ luật Lao động năm 2012, cụ thể là:

“1. Người sử dụng lao động trả trợ cấp mất việc làm cho người lao động đã làm việc thường xuyên cho mình từ 12 tháng trở lên mà bị mất việc làm theo quy định tại Điều 44 và Điều 45 của Bộ luật này, mỗi năm làm việc trả 01 tháng tiền lương nhưng ít nhất phải bằng 02 tháng tiền lương.

2. Thời gian làm việc để tính trợ cấp mất việc làm là tổng thời gian người lao động đã làm việc thực tế cho người sử dụng lao động trừ đi thời gian người lao động đã tham gia bảo hiểm thất nghiệp theo quy định của Luật bảo hiểm xã hội và thời gian làm việc đã được người sử dụng lao động chi trả trợ cấp thôi việc.

3. Tiền lương để tính trợ cấp mất việc làm là tiền lương bình quân theo hợp đồng lao động của 06 tháng liền kề trước khi người lao động mất việc làm.”

Như vậy, người lao động khi phải nghỉ việc do thay đổi về cơ cấu, công nghệ hoặc vì lý do kinh tế hoặc khi sáp nhập, chia, tách doanh nghiệp thì được nhận trợ cấp mất việc làm thay cho trợ cấp thôi việc. Ngoài ra, căn cứ vào quy định tại khoản 2 Điều 49 Bộ luật Lao động năm 2012 thì thời gian mà người lao động đã được chi trả trợ thôi việc và thời gian đóng bảo hiệm thất nghiệp không được tính vào thời gian để tính trợ cấp mất việc làm. Vì vậy, trong trường hợp người lao động được bị mất việc do thay đổi cơ cấu, công nghệ hoặc vì lý do kinh tế hoặc do sáp nhập, hợp nhất, chia tách doanh nghiệp, hợp tác xã, người lao động không được hưởng cả hai chế độ trợ cấp mất việc làm và trợ cấp thôi việc cùng một lúc.","tro-cap-thoi-viec","","","","2016-09-05T15:42:00","https://thuvienphapluat.vn/hoi-dap-phap-luat/tro-cap-mat-viec-va-tro-cap-thoi-viec-theo-bo-luat-lao-dong-nam-2012-137495.html","2026-04-24T07:10:20.736601+00:00"
"138218","Tôi sẽ được hưởng trợ cấp thôi việc thế nào?","- Theo qui định của pháp luật hiện hành, sau khi doanh nghiệp nhà nước chuyển thành công ty cổ phần, nếu do nhu cầu tổ chức lại hoạt động kinh doanh, thay đổi công nghệ dẫn đến người lao động (NLĐ) ở doanh nghiệp nhà nước chuyển sang bị mất việc, kể cả trường hợp NLĐ tự nguyện thôi việc, thì được giải quyết như sau: (a) Trong 12 tháng kể từ ngày công ty cổ phần được cấp giấy chứng nhận đăng ký kinh doanh, nếu NLĐ bị mất việc do cơ cấu lại thuộc đối tượng hưởng chính sách lao động dôi dư thì được Quĩ hỗ trợ lao động dôi dư hỗ trợ. Các trường hợp mất việc, thôi việc còn lại được hưởng trợ cấp mất việc, thôi việc theo qui định pháp luật lao động hiện hành và được Quĩ hỗ trợ sắp xếp cổ phần hóa doanh nghiệp nhà nước hỗ trợ. (b) Trường hợp NLĐ bị mất việc, thôi việc trong bốn năm tiếp theo thì công ty cổ phần có trách nhiệm thanh toán 50% tổng mức trợ cấp, số còn lại được Quĩ hỗ trợ sắp xếp và cổ phần hóa doanh nghiệp nhà nước thanh toán. Hết thời hạn trên, công ty cổ phần chịu trách nhiệm thanh toán toàn bộ trợ cấp cho NLĐ, tính cả thời gian làm việc cho doanh nghiệp nhà nước trước đó. Như vậy, trường hợp của ông công ty cổ phần phải trả toàn bộ trợ cấp thôi việc tính cả thời gian làm việc ở doanh nghiệp nhà nước như phần (b) nêu trên.","tro-cap-thoi-viec","","","","2016-09-05T15:41:00","https://thuvienphapluat.vn/hoi-dap-phap-luat/toi-se-duoc-huong-tro-cap-thoi-viec-the-nao-138218.html","2026-04-24T07:10:26.463089+00:00"
"94025","Trợ cấp thôi việc khi chấm dứt hợp đồng lao động","Theo quy định của Bộ luật lao động, khi chấm dứt hợp đồng lao động đối với người lao động đã làm việc thường xuyên trong doanh nghiệp, cơ quan, tổ chức từ đủ 12 tháng trở lên thì người sử dụng lao động có trách nhiệm trợ cấp thôi việc, cứ mỗi năm làm việc là nửa tháng lương, cộng phụ cấp lương nếu có.","tro-cap-thoi-viec","","","","2016-09-05T09:50:00","https://thuvienphapluat.vn/hoi-dap-phap-luat/tro-cap-thoi-viec-khi-cham-dut-hop-dong-lao-dong-94025.html","2026-04-24T07:10:32.600276+00:00"
"82003","Thôi việc","Nếu bạn thuộc trường hợp ký họp đồng lao động không xác định thời hạn/    Thì việc bạn thông báo trước 45 ngày làm việc ( chứ không phải 45 ngày) bạn có thể đơn phương chấm dứt hợp đồng lao động.    Việc công ty bạn yêu cầu bạn phải giải quyết công nợ của công ty trước khi nghỉ việc là không chính đáng.","tro-cap-thoi-viec","","","","2016-09-01T11:28:00","https://thuvienphapluat.vn/hoi-dap-phap-luat/thoi-viec-82003.html","2026-04-24T07:10:39.334110+00:00"
"384244","","","tro-cap-thoi-viec","","","","","https://thuvienphapluat.vn/hoi-dap-phap-luat/nguoi-lao-dong-don-phuong-cham-dut-hop-dong-lao-dong-trai-phap-luat-co-duoc-huong-tro-cap-thoi-viec-khong-384244.html","2026-04-24T06:52:51.149370+00:00"
"295619","","","tro-cap-thoi-viec","","","","","https://thuvienphapluat.vn/hoi-dap-phap-luat/cac-truong-hop-thoi-viec-cua-cong-nhan-cong-an-295619.html","2026-04-24T06:56:15.419525+00:00"
