"id","title","content","category","doc_type","doc_number","agency","published_date","url","crawled_at"
"138051494","Lịch Vạn niên 2026 - Lịch âm 2026 - Lịch dương 2026 chi tiết, đầy đủ 365 ngày tương ứng âm và dương?","Lịch Vạn niên 2026 - Lịch âm 2026 - Lịch dương 2026 chi tiết, đầy đủ 365 ngày tương ứng âm và dương?

Năm 2026, người lao động được nghỉ các ngày lễ, tết nào trong năm?

Người lao động có các quyền và nghĩa vụ gì?

Xem mới:

>>> Hướng dẫn sinh hoạt chi bộ tháng 6 năm 2026 đầy đủ ra sao?

Theo Lịch Vạn niên 2026 - Lịch âm 2026 - Lịch dương 2026, tết Âm lịch 2026 sẽ rơi vào các ngày sau:

- 29 tháng Chạp năm Ất Tỵ (29 Tết): Thứ hai, ngày 16/02/2026 dương lịch

- Mùng 1 tháng Giêng năm Bính Ngọ (Mùng 1 Tết): Thứ ba, ngày 17/02/2026 dương lịch

- Mùng 2 tháng Giêng năm Bính Ngọ (Mùng 2 Tết): Thứ tư, ngày 18/02/2026 dương lịch

- Mùng 3 tháng Giêng năm Bính Ngọ (Mùng 3 Tết): Thứ năm, ngày 19/02/2026 dương lịch

Dưới đây là Lịch Vạn niên 2026 - Lịch âm 2026 - Lịch dương 2026 chi tiết, đầy đủ 365 ngày tương ứng âm và dương:

Lịch Tháng 1 năm 2026

Lịch Tháng 2 năm 2026

Lịch Tháng 3 năm 2026

Lịch Tháng 4 năm 2026

Lịch Tháng 5 năm 2026

Lịch Tháng 6 năm 2026

Lịch Tháng 7 năm 2026

Lịch Tháng 8 năm 2026

Lịch Tháng 9 năm 2026

Lịch Tháng 10 năm 2026

Lịch Tháng 11 năm 2026

Lịch Tháng 12 năm 2026

XEM ĐẦY ĐỦ:

THÁNG 1/2026

>>> Xem lịch âm tháng 1 năm 2026 - Lịch vạn niên tháng 1 năm 2026 đầy đủ, chi tiết, mới nhất

>>> Lịch Dương Tháng 1 2026 chi tiết, chính xác nhất

THÁNG 2/2026

>>> Xem lịch âm tháng 2 năm 2026 - Lịch vạn niên tháng 2 năm 2026 đầy đủ, chi tiết, mới nhất

>>> Lịch Dương Tháng 2 2026 chi tiết, chính xác nhất

THÁNG 3/2026

>>> Xem lịch âm tháng 3 năm 2026 - Lịch vạn niên tháng 3 năm 2026 đầy đủ, chi tiết, mới nhất

>>> Lịch Dương Tháng 3 2026 chi tiết, chính xác nhất

THÁNG 4/2026

>>> Xem lịch âm tháng 4 năm 2026 - Lịch vạn niên tháng 4 năm 2026 đầy đủ, chi tiết, mới nhất

>>> Lịch Dương Tháng 4 2026 chi tiết, chính xác nhất

THÁNG 5/2026

>>> Xem lịch âm tháng 5 năm 2026 - Lịch vạn niên tháng 5 năm 2026 đầy đủ, chi tiết, mới nhất

>>> Lịch Dương Tháng 5 2026 chi tiết, chính xác nhất

THÁNG 6/2026

>>> Xem lịch âm tháng 6 năm 2026 - Lịch vạn niên tháng 6 năm 2026 đầy đủ, chi tiết, mới nhất

>>> Lịch Dương Tháng 6 2026 chi tiết, chính xác nhất

THÁNG 7/2026

>>> Xem lịch âm tháng 7 năm 2026 - Lịch vạn niên tháng 7 năm 2026 đầy đủ, chi tiết, mới nhất

>>> Lịch Dương Tháng 7 2026 chi tiết, chính xác nhất

THÁNG 8/2026

>>> Xem lịch âm tháng 8 năm 2026 - Lịch vạn niên tháng 8 năm 2026 đầy đủ, chi tiết, mới nhất

>>> Lịch Dương Tháng 8 2026 chi tiết, chính xác nhất

THÁNG 9/2026

>>> Xem lịch âm tháng 9 năm 2026 - Lịch vạn niên tháng 9 năm 2026 đầy đủ, chi tiết, mới nhất

>>> Lịch Dương Tháng 9 2026 chi tiết, chính xác nhất

THÁNG 10/2026

>>> Xem lịch âm tháng 10 năm 2026 - Lịch vạn niên tháng 10 năm 2026 đầy đủ, chi tiết, mới nhất

>>> Lịch Dương Tháng 10 2026 chi tiết, chính xác nhất

THÁNG 11/2026

>>> Xem lịch âm tháng 11 năm 2026 - Lịch vạn niên tháng 11 năm 2026 đầy đủ, chi tiết, mới nhất

>>> Lịch Dương Tháng 11 2026 chi tiết, chính xác nhất

THÁNG 12/2026

>>> Xem lịch âm tháng 12 năm 2026 - Lịch vạn niên tháng 12 năm 2026 đầy đủ, chi tiết, mới nhất

>>> Lịch Dương Tháng 12 2026 chi tiết, chính xác nhất

* Trên đây là Thông tin Lịch Vạn niên 2026 - Lịch âm 2026 - Lịch dương 2026 chi tiết, đầy đủ 365 ngày tương ứng âm và dương?

Lịch Vạn niên 2026 - Lịch âm 2026 - Lịch dương 2026 chi tiết, đầy đủ 365 ngày tương ứng âm và dương? (Hình từ Internet)

Căn cứ Điều 112 Bộ luật Lao động 2019 quy định về nghỉ lễ, tết như sau:

Như vậy, năm 2026 người lao động được nghỉ các ngày lễ, tết sau đây:

(1) Tết Dương lịch: 01 ngày (ngày 01 tháng 01 dương lịch);

(2) Tết Âm lịch: 05 ngày;

(3) Ngày Chiến thắng: 01 ngày (ngày 30 tháng 4 dương lịch);

(4) Ngày Quốc tế lao động: 01 ngày (ngày 01 tháng 5 dương lịch);

(5) Quốc khánh: 02 ngày (ngày 02 tháng 9 dương lịch và 01 ngày liền kề trước hoặc sau);

(6) Ngày Giỗ Tổ Hùng Vương: 01 ngày (ngày 10 tháng 3 âm lịch).

Ngoài ra, người lao động là người nước ngoài làm việc tại Việt Nam ngoài các ngày nghỉ nêu trên còn được nghỉ thêm 01 ngày Tết cổ truyền dân tộc và 01 ngày Quốc khánh của nước họ.

Lưu ý: Hằng năm, căn cứ vào điều kiện thực tế, Thủ tướng Chính phủ quyết định cụ thể ngày nghỉ quy định tại điểm b và điểm đ khoản 1 Điều 112 Bộ luật Lao động 2019

Căn cứ Điều 5 Bộ luật Lao động 2019 quy định cụ thể như sau:

Như vậy, người lao động có các quyền và nghĩa vụ như sau:

[1] Người lao động có các quyền sau đây:

- Làm việc; tự do lựa chọn việc làm, nơi làm việc, nghề nghiệp, học nghề, nâng cao trình độ nghề nghiệp; không bị phân biệt đối xử, cưỡng bức lao động, quấy rối tình dục tại nơi làm việc

- Hưởng lương phù hợp với trình độ, kỹ năng nghề trên cơ sở thỏa thuận với người sử dụng lao động; được bảo hộ lao động, làm việc trong điều kiện bảo đảm về an toàn, vệ sinh lao động; nghỉ theo chế độ, nghỉ hằng năm có hưởng lương và được hưởng phúc lợi tập thể

- Thành lập, gia nhập, hoạt động trong tổ chức đại diện người lao động, tổ chức nghề nghiệp và tổ chức khác theo quy định của pháp luật; yêu cầu và tham gia đối thoại, thực hiện quy chế dân chủ, thương lượng tập thể với người sử dụng lao động và được tham vấn tại nơi làm việc để bảo vệ quyền và lợi ích hợp pháp, chính đáng của mình; tham gia quản lý theo nội quy của người sử dụng lao động

- Từ chối làm việc nếu có nguy cơ rõ ràng đe dọa trực tiếp đến tính mạng, sức khỏe trong quá trình thực hiện công việc

- Đơn phương chấm dứt hợp đồng lao động

- Đình công

- Các quyền khác theo quy định của pháp luật

[2] Người lao động có các nghĩa vụ sau đây:

- Thực hiện hợp đồng lao động, thỏa ước lao động tập thể và thỏa thuận hợp pháp khác

- Chấp hành kỷ luật lao động, nội quy lao động; tuân theo sự quản lý, điều hành, giám sát của người sử dụng lao động

- Thực hiện quy định của pháp luật về lao động, việc làm, giáo dục nghề nghiệp, bảo hiểm xã hội, bảo hiểm y tế, bảo hiểm thất nghiệp và an toàn, vệ sinh lao động

Điều 112. Nghỉ lễ, tết

1. Người lao động được nghỉ làm việc, hưởng nguyên lương trong những ngày lễ, tết sau đây:

a) Tết Dương lịch: 01 ngày (ngày 01 tháng 01 dương lịch);

b) Tết Âm lịch: 05 ngày;

c) Ngày Chiến thắng: 01 ngày (ngày 30 tháng 4 dương lịch);

d) Ngày Quốc tế lao động: 01 ngày (ngày 01 tháng 5 dương lịch);

đ) Quốc khánh: 02 ngày (ngày 02 tháng 9 dương lịch và 01 ngày liền kề trước hoặc sau);

e) Ngày Giỗ Tổ Hùng Vương: 01 ngày (ngày 10 tháng 3 âm lịch).

2. Lao động là người nước ngoài làm việc tại Việt Nam ngoài các ngày nghỉ theo quy định tại khoản 1 Điều này còn được nghỉ thêm 01 ngày Tết cổ truyền dân tộc và 01 ngày Quốc khánh của nước họ.

3. Hằng năm, căn cứ vào điều kiện thực tế, Thủ tướng Chính phủ quyết định cụ thể ngày nghỉ quy định tại điểm b và điểm đ khoản 1 Điều này.

Điều 5. Quyền và nghĩa vụ của người lao động

1. Người lao động có các quyền sau đây:

a) Làm việc; tự do lựa chọn việc làm, nơi làm việc, nghề nghiệp, học nghề, nâng cao trình độ nghề nghiệp; không bị phân biệt đối xử, cưỡng bức lao động, quấy rối tình dục tại nơi làm việc;

b) Hưởng lương phù hợp với trình độ, kỹ năng nghề trên cơ sở thỏa thuận với người sử dụng lao động; được bảo hộ lao động, làm việc trong điều kiện bảo đảm về an toàn, vệ sinh lao động; nghỉ theo chế độ, nghỉ hằng năm có hưởng lương và được hưởng phúc lợi tập thể;

c) Thành lập, gia nhập, hoạt động trong tổ chức đại diện người lao động, tổ chức nghề nghiệp và tổ chức khác theo quy định của pháp luật; yêu cầu và tham gia đối thoại, thực hiện quy chế dân chủ, thương lượng tập thể với người sử dụng lao động và được tham vấn tại nơi làm việc để bảo vệ quyền và lợi ích hợp pháp, chính đáng của mình; tham gia quản lý theo nội quy của người sử dụng lao động;

d) Từ chối làm việc nếu có nguy cơ rõ ràng đe dọa trực tiếp đến tính mạng, sức khỏe trong quá trình thực hiện công việc;

[....]","vung-nuoc-cang-bien","","","","2026-05-26T00:00:00","https://thuvienphapluat.vn/hoi-dap-phap-luat/lich-van-nien-2026--lich-am-2026--lich-duong-2026-chi-tiet-day-du-365-ngay-tuong-ung-am-va-duong-138051494.html","2026-05-27T08:54:44.270986+00:00"
"138051550","Lịch nghỉ lễ 2026 - Tổng hợp các ngày lễ 2026 ở Việt Nam chi tiết ra sao?","Lịch nghỉ lễ 2026 - Tổng hợp các ngày lễ 2026 ở Việt Nam chi tiết ra sao?

Tổ chức làm việc theo ca phải bố trí ít nhất mấy người?

Người lao động làm việc chưa đủ 12 tháng thì số ngày nghỉ hằng năm được xác định như thế nào?

Mới nhất:

>>> Tổng hợp các ngày nghỉ làm hưởng nguyên lương trong năm 2026

>>> Lịch nghỉ lễ Ngày Văn hoá Việt Nam 2026 chi tiết ra sao rơi vào thứ mấy?

Xem mới:

>>> Tết âm lịch 2026 đếm ngược? Giao thừa 2026 đếm ngược? Năm bính ngọ 2026 có bao nhiêu ngày?

Xem mới:

>>> Tháng 1 2026 có ngày lễ sự kiện gì? Tổng hợp các ngày lễ, sự kiện tháng 1/2026 trong nước và quốc tế ra sao?

>>> Chính thức: Lịch nghỉ Tết dương lịch 2026 của cán bộ, công chức, viên chức, người lao động và học sinh

>>> Lịch nghỉ Tết Dương lịch 2026 chính thức 4 ngày

>>> Công văn 12729/VPCP-KGVX Chính thức nghỉ Tết Dương lịch 2026 4 ngày đối với công chức, viên chức

>>> Lịch nghỉ Tết Dương lịch chính thức 2026 nếu được thông qua

>>> Tết dương lịch 2026 được nghỉ 1 ngày hay 4 ngày?

>>> Tại sao Tết Dương lịch 2026 được nghỉ 4 ngày liên tục?

>>> Bộ Nội vụ đề xuất hoán đổi ngày làm việc để Tết Dương lịch 2026 được nghỉ 4 ngày

Lịch nghỉ lễ 2026 - Tổng hợp các ngày lễ 2026 ở Việt Nam chi tiết dưới đây:

Các ngày nghỉ lễ được hưởng nguyên lương trong năm 2026

Căn cứ Điều 112 Bộ luật Lao động 2019 quy định về nghỉ lễ, tết, năm 2026 người lao động được nghỉ các ngày lễ, tết sau đây:

(1) Tết Dương lịch: 01 ngày (ngày 01 tháng 01 dương lịch);

(2) Tết Âm lịch: 05 ngày;

(3) Ngày Chiến thắng: 01 ngày (ngày 30 tháng 4 dương lịch);

(4) Ngày Quốc tế lao động: 01 ngày (ngày 01 tháng 5 dương lịch);

(5) Quốc khánh: 02 ngày (ngày 02 tháng 9 dương lịch và 01 ngày liền kề trước hoặc sau);

(6) Ngày Giỗ Tổ Hùng Vương: 01 ngày (ngày 10 tháng 3 âm lịch).

Lưu ý: Hằng năm, căn cứ vào điều kiện thực tế, Thủ tướng Chính phủ quyết định cụ thể ngày nghỉ Tết Âm lịch và Quốc khánh.

Các ngày lễ, sự kiện khác trong năm tại Việt Nam và quốc tế

Danh sách các ngày lễ Dương lịch 2026

Thứ

Dương lịch

Âm lịch

Tên ngày lễ

Thứ Năm

1/1/2026

13/11/2025

Tết Dương lịch năm 2026

Thứ Ba

6/1/2026

18/11/2025

Tổng tuyển cử quốc hội khóa đầu tiên của nước Việt Nam năm 2026

Thứ Sáu

9/1/2026

21/11/2025

Ngày Học sinh - Sinh viên Việt Nam năm 2026

Chủ Nhật

11/1/2026

23/11/2025

Việt Nam chính thức gia nhập WTO năm 2026

Thứ Ba

27/1/2026

9/12/2025

Ký Hiệp định Pari chấm dứt chiến tranh ở Việt Nam năm 2026

Thứ Ba

3/2/2026

16/12/2025

Ngày thành lập Đảng Cộng sản Việt Nam năm 2026

Thứ Tư

4/2/2026

17/12/2025

Ngày thống nhất các tổ chức mặt trận thành mặt trận Tổ quốc Việt Nam năm 2026

Thứ Bảy

14/2/2026

27/12/2025

Ngày lễ tình nhân (Valentine) năm 2026

Thứ Sáu

20/2/2026

4/1/2026

Ngày Công bằng xã hội thế giới năm 2026

Thứ Bảy

21/2/2026

5/1/2026

Ngày Ngôn ngữ mẹ đẻ Quốc tế năm 2026

Thứ Sáu

27/2/2026

11/1/2026

Ngày thầy thuốc Việt Nam năm 2026

Chủ Nhật

8/3/2026

20/1/2026

Ngày Quốc tế Phụ nữ năm 2026

Thứ Năm

19/3/2026

1/2/2026

Ngày toàn quốc chống Mỹ năm 2026

Thứ Sáu

20/3/2026

2/2/2026

Ngày Quốc Tế hạnh phúc năm 2026

Thứ Bảy

21/3/2026

3/2/2026

Ngày Hội chứng Down thế giới và Ngày Quốc tế xóa bỏ phân biệt chủng tộc năm 2026

Chủ Nhật

22/3/2026

4/2/2026

Ngày Nước sạch Thế giới năm 2026

Thứ Hai

23/3/2026

5/2/2026

Ngày Khí tượng Thế giới năm 2026

Thứ Năm

26/3/2026

8/2/2026

Ngày thành lập Đoàn TNCS Hồ Chí Minh năm 2026

Thứ Sáu

27/3/2026

9/2/2026

Ngày Thể Thao Việt Nam năm 2026

Thứ Tư

1/4/2026

14/2/2026

Ngày Cá tháng Tư năm 2026

Thứ Bảy

4/4/2026

17/2/2026

Ngày Quốc tế Nhận thức bom mìn và Hỗ trợ bằng hành động chống bom mìn năm 2026

Chủ Nhật

5/4/2026

18/2/2026

Tết Thanh minh năm 2026

Thứ Ba

7/4/2026

20/2/2026

Ngày Y tế Thế giới năm 2026

Thứ Ba

14/4/2026

27/2/2026

Tết Dân tộc Khmer Nam Bộ năm 2026

Thứ Tư

22/4/2026

6/3/2026

Ngày Trái đất năm 2026

Thứ Năm

23/4/2026

7/3/2026

Ngày Sách và Bản quyền Thế giới năm 2026

Chủ Nhật

26/4/2026

10/3/2026

Ngày Sở hữu trí tuệ thế giới năm 2026

Thứ Năm

30/4/2026

14/3/2026

Ngày giải phóng miền Nam năm 2026

Thứ Sáu

1/5/2026

15/3/2026

Ngày Quốc tế Lao động năm 2026

Chủ Nhật

3/5/2026

17/3/2026

Ngày Tự do Báo chí thế giới năm 2026

Thứ Ba

5/5/2026

19/3/2026

Ngày sinh Các - Mác năm 2026

Thứ Năm

7/5/2026

21/3/2026

Ngày chiến thắng Điện Biên Phủ năm 2026

Thứ Sáu

15/5/2026

29/3/2026

Ngày thành lập Đội Thiếu niên Tiền phong Hồ Chí Minh năm 2026

Chủ Nhật

17/5/2026

1/4/2026

Ngày Xã hội Thông tin Thế giới năm 2026

Thứ Ba

19/5/2026

3/4/2026

Ngày sinh chủ tịch Hồ Chí Minh năm 2026

Thứ Năm

21/5/2026

5/4/2026

Ngày Thế giới về Đa dạng Văn hóa vì Đối thoại và Phát triển năm 2026

Thứ Sáu

22/5/2026

6/4/2026

Ngày quốc tế Đa dạng sinh học năm 2026

Thứ Sáu

29/5/2026

13/4/2026

Ngày Quốc tế Gìn giữ hòa bình Liên Hiệp Quốc năm 2026

Chủ Nhật

31/5/2026

15/4/2026

Ngày Thế giới không thuốc lá năm 2026

Thứ Hai

1/6/2026

16/4/2026

Ngày Quốc tế thiếu nhi năm 2026

Thứ Năm

4/6/2026

19/4/2026

Ngày Quốc tế của trẻ em vô tội và là nạn nhân bị xâm lược năm 2026

Thứ Sáu

5/6/2026

20/4/2026

Ngày Môi trường Thế giới năm 2026

Thứ Tư

17/6/2026

3/5/2026

Ngày Thế giới chống sa mạc hóa và hạn hán năm 2026

Thứ Bảy

20/6/2026

6/5/2026

Ngày Tị nạn Thế giới năm 2026

Chủ Nhật

21/6/2026

7/5/2026

Ngày báo chí Việt Nam năm 2026

Thứ Ba

23/6/2026

9/5/2026

Ngày Dịch vụ Công cộng Liên Hiệp Quốc năm 2026

Chủ Nhật

28/6/2026

14/5/2026

Ngày gia đình Việt Nam năm 2026

Thứ Năm

2/7/2026

18/5/2026

Quốc hội Khóa VI quyết nghị lấy tên nước là Cộng hòa Xã hội Chủ nghĩa Việt Nam năm 2026

Thứ Hai

6/7/2026

22/5/2026

Ngày Hôn thế giới năm 2026

Thứ Bảy

11/7/2026

27/5/2026

Ngày dân số thế giới năm 2026

Thứ Tư

15/7/2026

2/6/2026

Ngày truyền thống Thanh niên xung phong năm 2026

Thứ Hai

27/7/2026

14/6/2026

Ngày Thương binh liệt sĩ năm 2026

Thứ Ba

28/7/2026

15/6/2026

Ngày thành lập công đoàn Việt Nam năm 2026

Chủ Nhật

9/8/2026

27/6/2026

Ngày Quốc tế của người thổ dân thế giới năm 2026

Thứ Tư

12/8/2026

30/6/2026

Ngày Quốc tế Thanh Thiếu niên năm 2026

Thứ Tư

19/8/2026

7/7/2026

Ngày tổng khởi nghĩa năm 2026

Chủ Nhật

23/8/2026

11/7/2026

Ngày Quốc tế tưởng niệm việc buôn bán nô lệ và việc hủy bỏ nó năm 2026

Thứ Ba

25/8/2026

13/7/2026

Bảo Đại thoái vị năm 2026

Chủ Nhật

30/8/2026

18/7/2026

Ngày sinh tỷ phú Warren Edward Buffett năm 2026

Thứ Ba

1/9/2026

20/7/2026

Chiến tranh thế giới thứ hai bùng nổ năm 2026

Thứ Tư

2/9/2026

21/7/2026

Ngày Quốc Khánh năm 2026

Thứ Năm

10/9/2026

29/7/2026

Ngày thành lập Mặt trận Tổ quốc Việt Nam năm 2026

Thứ Bảy

12/9/2026

2/8/2026

Chiến dịch Xô Viết Nghệ Tĩnh năm 2026

Thứ Ba

15/9/2026

5/8/2026

Ngày Quốc tế Dân chủ năm 2026

Thứ Tư

16/9/2026

6/8/2026

Ngày Quốc tế Bảo vệ Tầng ôzôn năm 2026

Chủ Nhật

20/9/2026

10/8/2026

Việt Nam gia nhập Liên Hiệp Quốc năm 2026

Thứ Hai

21/9/2026

11/8/2026

Ngày Quốc tế Hòa bình năm 2026

Thứ Tư

23/9/2026

13/8/2026

Ngày Nam Bộ kháng chiến năm 2026

Chủ Nhật

27/9/2026

17/8/2026

Khởi nghĩa Bắc Sơn năm 2026

Thứ Năm

1/10/2026

21/8/2026

Ngày quốc tế người cao tuổi năm 2026

Thứ Sáu

2/10/2026

22/8/2026

Ngày Quốc tế bất bạo động năm 2026

Chủ Nhật

4/10/2026

24/8/2026

Ngày Động vật thế giới năm 2026

Thứ Hai

5/10/2026

25/8/2026

Ngày Nhà giáo thế giới năm 2026

Thứ Sáu

9/10/2026

29/8/2026

Ngày Bưu chính Thế giới năm 2026

Thứ Ba

13/10/2026

4/9/2026

Ngày doanh nhân Việt Nam năm 2026

Thứ Tư

14/10/2026

5/9/2026

Ngày thành lập Hội Nông dân Việt Nam năm 2026

Thứ Năm

15/10/2026

6/9/2026

Ngày truyền thống Hội liên hiệp Thanh niên Việt Nam năm 2026

Thứ Sáu

16/10/2026

7/9/2026

Ngày Lương thực thế giới năm 2026

Thứ Bảy

17/10/2026

8/9/2026

Ngày quốc tế xóa nghèo năm 2026

Thứ Ba

20/10/2026

11/9/2026

Ngày Phụ nữ Việt Nam năm 2026

Thứ Bảy

31/10/2026

22/9/2026

Ngày Hallowen năm 2026

Thứ Hai

9/11/2026

1/10/2026

Ngày pháp luật Việt Nam năm 2026

Thứ Sáu

20/11/2026

12/10/2026

Ngày Nhà giáo Việt Nam năm 2026

Thứ Hai

23/11/2026

15/10/2026

Ngày thành lập Hội chữ thập đỏ Việt Nam năm 2026

Thứ Bảy

28/11/2026

20/10/2026

Ngày Lâm nghiệp Việt Nam năm 2026

Thứ Ba

1/12/2026

23/10/2026

Ngày thế giới phòng chống AIDS năm 2026

Thứ Tư

2/12/2026

24/10/2026

Ngày Quốc tế Giải phóng Nô lệ năm 2026

Thứ Hai

7/12/2026

29/10/2026

Ngày Hàng không Dân dụng Quốc tế năm 2026

Thứ Tư

9/12/2026

1/11/2026

Ngày Quốc tế chống Tham nhũng năm 2026

Thứ Bảy

19/12/2026

11/11/2026

Ngày toàn quốc kháng chiến năm 2026

Thứ Ba

22/12/2026

14/11/2026

Ngày thành lập quân đội nhân dân Việt Nam năm 2026

Thứ Năm

24/12/2026

16/11/2026

Lễ Giáng sinh (Noen) năm 2026

Danh sách các ngày lễ Âm lịch 2026

Thứ

Âm lịch

Dương lịch

Tên ngày lễ

Thứ Ba

1/1/2026

17/2/2026

Tết Nguyên Đán năm 2026

Thứ Sáu

4/1/2026

20/2/2026

Lễ hội Đồng Kỵ (Bắc Ninh) năm 2026

Thứ Bảy

5/1/2026

21/2/2026

Lễ hội gò Đống Đa năm 2026

Chủ Nhật

6/1/2026

22/2/2026

Hội Gióng Sóc Sơn (Hà Nội), Khai hội chùa Hương năm 2026

Thứ Hai

7/1/2026

23/2/2026

Hội chợ Viềng (Nam Định), Lễ hội đầm Ô Loan (Phú Yên) năm 2026

Thứ Ba

8/1/2026

24/2/2026

Lễ hội đền Vua Bà (Hòa Bình) năm 2026

Thứ Tư

9/1/2026

25/2/2026

Lễ hội Đức Chí Tôn (Tây Ninh) năm 2026

Thứ Năm

10/1/2026

26/2/2026

Khai hội Yên Tử (Quảng Ninh) năm 2026

Chủ Nhật

13/1/2026

1/3/2026

Hội Lim (Tiên Du - Bắc Ninh) năm 2026

Thứ Hai

14/1/2026

2/3/2026

Lễ hội Bà Chúa Kho (Bắc Ninh) năm 2026

Thứ Ba

15/1/2026

3/3/2026

Tết Nguyên tiêu năm 2026

Thứ Năm

17/1/2026

5/3/2026

Lễ hội chọi trâu (Vĩnh Phúc) năm 2026

Chủ Nhật

27/1/2026

15/3/2026

Lễ Cầu tháng Giêng (Phú Thọ) năm 2026

Thứ Hai

28/1/2026

16/3/2026

Hội làng Bùi (Bắc Ninh) năm 2026

Thứ Sáu

2/2/2026

20/3/2026

Lễ hội Chùa Trầm năm 2026

Thứ Năm

8/2/2026

26/3/2026

Hội làng Long Khám (Bắc Ninh) năm 2026

Thứ Bảy

10/2/2026

28/3/2026

Lễ hội đình Yên Phụ (Hà Nội) năm 2026

Thứ Hai

12/2/2026

30/3/2026

Hội chọi trâu Phù Ninh (Phú Thọ), Lễ hội Làng rèn Tây Phương Danh (Bình Định) năm 2026

Thứ Ba

13/2/2026

31/3/2026

Lễ hội Hoa Ban (Lai Châu) năm 2026

Thứ Tư

14/2/2026

1/4/2026

Lễ hội chùa Vĩnh Nghiêm (Bắc Giang) năm 2026

Thứ Hai

19/2/2026

6/4/2026

Lễ hội Quan Thế Âm (Đà Nẵng) năm 2026

Thứ Năm

22/2/2026

9/4/2026

Hội đình Trúc Tay (Bắc Giang) năm 2026

Thứ Ba

27/2/2026

14/4/2026

Hội chùa Sàn (Lục Nam, Bắc Giang) năm 2026

Chủ Nhật

3/3/2026

19/4/2026

Tết Hàn thực năm 2026

Thứ Tư

6/3/2026

22/4/2026

Lễ hội Cố đô Hoa Lư (Ninh Bình) năm 2026

Thứ Năm

7/3/2026

23/4/2026

Lễ hội chùa Thầy (Hà Nội) năm 2026

Thứ Bảy

9/3/2026

25/4/2026

Lễ hội Nam Trì (Hưng Yên) năm 2026

Chủ Nhật

10/3/2026

26/4/2026

Giỗ tổ Hùng Vương năm 2026

Thứ Sáu

15/3/2026

1/5/2026

Hội làng Đông Hồ (Bắc Ninh) năm 2026

Thứ Hai

18/3/2026

4/5/2026

Hội Đậu (Bắc Ninh) năm 2026

Thứ Bảy

23/3/2026

9/5/2026

Hội chùa Bút Tháp (Bắc Ninh) năm 2026

Thứ Tư

27/3/2026

13/5/2026

Hội thả chim bồ câu (Bắc Ninh) năm 2026

Chủ Nhật

1/4/2026

17/5/2026

Lễ hội làng cá Cát Bà (Hải Phòng) năm 2026

Chủ Nhật

8/4/2026

24/5/2026

Lễ hội chùa Dâu (Bắc Ninh) năm 2026

Thứ Hai

9/4/2026

25/5/2026

Hội Gióng Phù Đổng (Hà Nội) năm 2026

Thứ Ba

10/4/2026

26/5/2026

Hội làng Cựu Ấp (Vĩnh Phúc) năm 2026

Thứ Bảy

14/4/2026

30/5/2026

Tết Dân tộc Khmer năm 2026

Chủ Nhật

15/4/2026

31/5/2026

Lễ Phật Đản năm 2026

Thứ Sáu

5/5/2026

19/6/2026

Tết Đoan Ngọ năm 2026

Thứ Ba

9/5/2026

23/6/2026

Lễ hội đình Châu Phú (An Giang) năm 2026

Thứ Tư

10/5/2026

24/6/2026

Lễ hội cúng biển Mỹ Long (Trà Vinh) năm 2026

Chủ Nhật

14/5/2026

28/6/2026

Lễ hội đình – đền Chèm (Hà Nội) năm 2026

Thứ Ba

1/6/2026

14/7/2026

Lễ hội đình Trà Cổ (Quảng Ninh) năm 2026

Thứ Năm

10/6/2026

23/7/2026

Hội kéo ngựa gỗ (Hải Phòng) năm 2026

Thứ Tư

7/7/2026

19/8/2026

Lễ Thất Tịch năm 2026

Thứ Năm

15/7/2026

27/8/2026

Lễ Vu Lan, Tết Trung nguyên năm 2026

Thứ Sáu

1/8/2026

11/9/2026

Tết Katê năm 2026

Thứ Hai

4/8/2026

14/9/2026

Lễ hội Đình Châm Khê (Bắc Ninh) năm 2026

Thứ Bảy

9/8/2026

19/9/2026

Lễ hội chọi trâu (Đồ Sơn, Hải Phòng) năm 2026

Chủ Nhật

10/8/2026

20/9/2026

Hội Thị Cầu (Bắc Ninh) năm 2026

Thứ Sáu

15/8/2026

25/9/2026

Tết Trung Thu năm 2026

Chủ Nhật

9/9/2026

18/10/2026

Tết Trùng Cửu năm 2026

Thứ Năm

13/9/2026

22/10/2026

Lễ hội chùa Keo (Thái Bình) năm 2026

Thứ Năm

20/9/2026

29/10/2026

Hội đền Bắc Lệ (Lạng Sơn) năm 2026

Thứ Bảy

29/9/2026

7/11/2026

Hội Đại Bái (Bắc Ninh) năm 2026

Thứ Tư

10/10/2026

18/11/2026

Tết Trùng Thập năm 2026

Thứ Hai

15/10/2026

23/11/2026

Tết Hạ Nguyên (Tết cơm mới) năm 2026

Thứ Tư

8/11/2026

16/12/2026

Hội chùa Canh Bầu (Bắc Giang) năm 2026

Thứ Sáu

10/11/2026

18/12/2026

Tết cơm mới của người La Hủ (Lai Châu) năm 2026

Thứ Ba

14/11/2026

22/12/2026

Lễ hội đền Nguyễn Công Trứ (Ninh Bình) năm 2026

Thứ Tư

15/11/2026

23/12/2026

Hội Đình Phường Bông (Nam Định) năm 2026

Thứ Bảy

25/11/2026

2/1/2027

Hội Vân Lệ (Thanh Hóa) năm 2026

Thứ Ba

12/12/2026

19/1/2027

Hội Mậu Lân (Vĩnh Phúc) năm 2026

Thứ Bảy

23/12/2026

30/1/2027

Ông Táo chầu trời năm 2026

Thứ Năm

28/12/2026

4/2/2027

Hội Bạch Lưu (Vĩnh Phúc) năm 2026

* Trên đây là Thông tin Lịch nghỉ lễ 2026 - Tổng hợp các ngày lễ 2026 ở Việt Nam chi tiết ra sao?

Lịch nghỉ lễ 2026 - Tổng hợp các ngày lễ 2026 ở Việt Nam chi tiết ra sao? (Hình từ Internet)

Căn cứ khoản 3 Điều 63 Nghị định 145/2020/NĐ-CP có quy định về ca làm việc và tổ chức làm việc theo ca như sau:

Như vậy, tổ chức làm việc theo ca là việc bố trí ít nhất 02 người hoặc 02 nhóm người thay phiên nhau làm việc trên cùng một vị trí làm việc, tính trong thời gian 01 ngày (24 giờ liên tục).

Căn cứ theo khoản 2 Điều 113 Bộ luật Lao động 2019 quy định về nghỉ hằng năm như sau:

Như vậy, theo quy định trên thì người lao động làm việc chưa đủ 12 tháng thì số ngày nghỉ hằng năm được tính theo tỷ lệ tương ứng với số tháng làm việc.

Điều 63. Ca làm việc và tổ chức làm việc theo ca

1. Ca làm việc là khoảng thời gian làm việc của người lao động từ khi bắt đầu nhận nhiệm vụ cho đến khi kết thúc và bàn giao nhiệm vụ cho người khác, bao gồm cả thời gian làm việc và thời gian nghỉ giữa giờ.

2. Tổ chức làm việc theo ca là việc bố trí ít nhất 02 người hoặc 02 nhóm người thay phiên nhau làm việc trên cùng một vị trí làm việc, tính trong thời gian 01 ngày (24 giờ liên tục).

[....]

Điều 113. Nghỉ hằng năm

[.....]

2. Người lao động làm việc chưa đủ 12 tháng cho một người sử dụng lao động thì số ngày nghỉ hằng năm theo tỷ lệ tương ứng với số tháng làm việc.

[....]","vung-nuoc-cang-bien","","","","2026-05-26T00:00:00","https://thuvienphapluat.vn/hoi-dap-phap-luat/lich-nghi-le-2026--tong-hop-cac-ngay-le-2026-o-viet-nam-chi-tiet-ra-sao-138051550.html","2026-05-27T08:54:57.090698+00:00"
"138057531","Lịch Vạn niên 2027 - Lịch âm 2027 - Lịch dương 2027 chi tiết, đầy đủ 365 ngày tương ứng âm và dương?","Lịch Vạn niên 2027 - Lịch âm 2027 - Lịch dương 2027 chi tiết, đầy đủ 365 ngày tương ứng âm và dương?

Người lao động được nghỉ việc riêng mà vẫn hưởng nguyên lương khi nào?

Chính sách của Nhà nước về lao động cụ thể ra sao?

Căn cứ Điều 112 Bộ luật Lao động 2019 quy định về nghỉ lễ, tết như sau:

Theo Bộ luật Lao động 2019, người lao động được nghỉ Tết Âm lịch tối thiểu 5 ngày. Hằng năm, căn cứ vào tình hình thực tế, Thủ tướng Chính phủ sẽ quyết định cụ thể lịch nghỉ Tết.

Lịch Vạn niên 2027 - Lịch âm 2027 - Lịch dương 2027, tết Âm lịch 2027 sẽ rơi vào các ngày sau:

- Mùng 1 Tết Nguyên Đán 2027 sẽ rơi vào Thứ bảy, ngày 06 tháng 02 năm 2027 dương lịch.

- Mùng 2 Tết Nguyên Đán 2027 sẽ rơi vào Chủ nhật, ngày 07 tháng 02 năm 2027 dương lịch.

- Mùng 3 Tết Nguyên Đán 2027 sẽ rơi vào Thứ hai, ngày 08 tháng 02 năm 2027 dương lịch.

Dưới đây là Lịch Vạn niên 2027 - Lịch âm 2027 - Lịch dương 2027 chi tiết, đầy đủ 365 ngày tương ứng âm và dương:

Lịch Tháng 1 năm 2027

Lịch Tháng 2 năm 2027

Lịch Tháng 3 năm 2027

Lịch Tháng 4 năm 2027

Lịch Tháng 5 năm 2027

Lịch Tháng 6 năm 2027

Lịch Tháng 7 năm 2027

Lịch Tháng 8 năm 2027

Lịch Tháng 9 năm 2027

Lịch Tháng 10 năm 2027

Lịch Tháng 11 năm 2027

Lịch Tháng 12 năm 2027

* Trên đây là Thông tin Lịch Vạn niên 2027 - Lịch âm 2027 - Lịch dương 2027 chi tiết, đầy đủ 365 ngày tương ứng âm và dương?

Lịch Vạn niên 2027 - Lịch âm 2027 - Lịch dương 2027 chi tiết, đầy đủ 365 ngày tương ứng âm và dương? (Hình từ Internet)

Căn cứ Điều 115 Bộ luật Lao động 2019 quy định nghỉ việc riêng, nghỉ không hưởng lương:

Theo quy định trên, người lao động được nghỉ việc riêng mà vẫn hưởng nguyên lương các ngày sau:

- Kết hôn: nghỉ 03 ngày

- Con đẻ, con nuôi kết hôn: nghỉ 01 ngày

- Cha đẻ, mẹ đẻ, cha nuôi, mẹ nuôi; cha đẻ, mẹ đẻ, cha nuôi, mẹ nuôi của vợ hoặc chồng; vợ hoặc chồng; con đẻ, con nuôi chết: nghỉ 03 ngày

Lưu ý: Người lao động phải báo cáo lý do nghỉ việc riêng cho người sử dụng lao động biết và được người sử dụng lao động đồng ý.

Người sử dụng lao động không bảo đảm cho người lao động nghỉ việc riêng thì có thể bị phạt tiền.

Căn cứ Điều 4 Bộ luật Lao động 2019 quy định chính sách của Nhà nước về lao động như sau:

- Bảo đảm quyền và lợi ích hợp pháp, chính đáng của người lao động, người làm việc không có quan hệ lao động; khuyến khích những thỏa thuận bảo đảm cho người lao động có điều kiện thuận lợi hơn so với quy định của pháp luật về lao động.

- Bảo đảm quyền và lợi ích hợp pháp của người sử dụng lao động, quản lý lao động đúng pháp luật, dân chủ, công bằng, văn minh và nâng cao trách nhiệm xã hội.

- Tạo điều kiện thuận lợi đối với hoạt động tạo việc làm, tự tạo việc làm, dạy nghề và học nghề để có việc làm; hoạt động sản xuất, kinh doanh thu hút nhiều lao động; áp dụng một số quy định của Bộ luật này đối với người làm việc không có quan hệ lao động.

- Có chính sách phát triển, phân bố nguồn nhân lực; nâng cao năng suất lao động; đào tạo, bồi dưỡng và nâng cao trình độ, kỹ năng nghề cho người lao động; hỗ trợ duy trì, chuyển đổi nghề nghiệp, việc làm cho người lao động; ưu đãi đối với người lao động có trình độ chuyên môn, kỹ thuật cao đáp ứng yêu cầu của cách mạng công nghiệp, sự nghiệp công nghiệp hóa, hiện đại hóa đất nước.

- Có chính sách phát triển thị trường lao động, đa dạng các hình thức kết nối cung, cầu lao động.

- Thúc đẩy người lao động và người sử dụng lao động đối thoại, thương lượng tập thể, xây dựng quan hệ lao động tiến bộ, hài hòa và ổn định.

- Bảo đảm bình đẳng giới; quy định chế độ lao động và chính sách xã hội nhằm bảo vệ lao động nữ, lao động là người khuyết tật, người lao động cao tuổi, lao động chưa thành niên.

Điều 112. Nghỉ lễ, tết

1. Người lao động được nghỉ làm việc, hưởng nguyên lương trong những ngày lễ, tết sau đây:

a) Tết Dương lịch: 01 ngày (ngày 01 tháng 01 dương lịch);

b) Tết Âm lịch: 05 ngày;

[...]

Điều 115. Nghỉ việc riêng, nghỉ không hưởng lương

1. Người lao động được nghỉ việc riêng mà vẫn hưởng nguyên lương và phải thông báo với người sử dụng lao động trong trường hợp sau đây:

a) Kết hôn: nghỉ 03 ngày;

b) Con đẻ, con nuôi kết hôn: nghỉ 01 ngày;

c) Cha đẻ, mẹ đẻ, cha nuôi, mẹ nuôi; cha đẻ, mẹ đẻ, cha nuôi, mẹ nuôi của vợ hoặc chồng; vợ hoặc chồng; con đẻ, con nuôi chết: nghỉ 03 ngày.

2. Người lao động được nghỉ không hưởng lương 01 ngày và phải thông báo với người sử dụng lao động khi ông nội, bà nội, ông ngoại, bà ngoại, anh, chị, em ruột chết; cha hoặc mẹ kết hôn; anh, chị, em ruột kết hôn.

3. Ngoài quy định tại khoản 1 và khoản 2 Điều này, người lao động có thể thỏa thuận với người sử dụng lao động để nghỉ không hưởng lương.","vung-nuoc-cang-bien","","","","2026-05-26T00:00:00","https://thuvienphapluat.vn/hoi-dap-phap-luat/lich-van-nien-2027--lich-am-2027--lich-duong-2027-chi-tiet-day-du-365-ngay-tuong-ung-am-va-duong-138057531.html","2026-05-27T08:55:01.427224+00:00"
"138066888","Chính thức đã có lịch nghỉ lễ Quốc khánh 2/9/2026 cho người lao động?","Chính thức đã có lịch nghỉ lễ Quốc khánh 2/9/2026 cho người lao động?

Năm 2026 kỷ niệm bao nhiêu năm Quốc khánh nước Cộng hòa XHCN Việt Nam?

Người lao động được nghỉ hưởng nguyên lương mấy ngày vào dịp lễ Quốc khánh 2 tháng 9?

Xem thêm:

>>> Kéo dài lịch nghỉ Giỗ tổ hùng vương, 30/4 và 1/5 9 ngày liên tục năm 2026 khi nào?

Căn cứ theo Thông báo 9441/TB-BNV năm 2025 về việc nghỉ tết Âm lịch, nghỉ lễ Quốc khánh năm 2026 đối với cán bộ, công chức viên chức và người lao động như sau:

Như vậy, lịch nghỉ lễ Quốc Khánh 2/9/2026 cho người lao động cụ thể như sau:

- Đối với cán bộ, công chức, viên chức và người lao động của các cơ quan hành chính, sự nghiệp, tổ chức chính trị, tổ chức chính trị - xã hội:

+ 05 ngày từ thứ Bảy ngày 29/8/2026 đến hết thứ Tư ngày 2/9/2026.

- Đối với người lao động ngoài khu vực nhà nước (không thuộc đối tượng nêu tại khoản 1 Thông báo 9441/TB-BNV năm 2025):

+ Người sử dụng lao động quyết định lựa chọn 01 trong 02 phương án nghỉ lễ Quốc khánh 2026 sau:

[1] Nghỉ thứ Tư ngày 02/9/2026 và thứ Ba ngày 01/9/2026

[2] Nghỉ thứ Tư ngày 02/9/2026 và thứ Năm ngày 03/9/2026 Dương lịch.

Xem thêm:

>>> Kỷ niệm 100 năm Quốc khánh nước Cộng hòa XHCN Việt Nam là năm bao nhiêu?

>>> Chính thức lịch nghỉ lễ Quốc khánh 2026 kéo dài 5 ngày liên tiếp đúng không?

*Trên đây là nội dung thông tin về Chính thức đã có lịch nghỉ lễ Quốc khánh 2 9 2026 cho người lao động?

Chính thức đã có lịch nghỉ lễ Quốc khánh 2 9 2026 cho người lao động? (Hình từ Internet)

Căn cứ theo Điều 4 Nghị định 145/2013/NĐ-CP quy định về các ngày lễ lớn như sau:

Theo đó, ngày 2 tháng 9 năm 1945 là Ngày Quốc khánh nước Cộng hòa xã hội chủ nghĩa Việt Nam.

Như vậy, năm 2026 kỷ niệm 81 năm Quốc khánh nước Cộng hòa XHCN Việt Nam.

Căn cứ theo Điều 112 Bộ luật Lao động 2019 quy định về nghỉ lễ, tết như sau:

Như vậy, người lao động được nghỉ hưởng nguyên lương 02 ngày vào dịp lễ Quốc khánh 2 tháng 9 (ngày 02 tháng 9 dương lịch và 01 ngày liền kề trước hoặc sau).

[...]

2. Công chức, viên chức được nghỉ dịp lễ Quốc khánh năm 2026 như sau: Nghỉ 02 ngày theo quy định gồm ngày 02/9/2026 Dương lịch và 01 ngày liền kề trước là ngày 01/9/2026 Dương lịch; Hoán đổi từ ngày làm việc thứ Hai ngày 31/8/2026 Dương lịch sang ngày nghỉ hằng tuần thứ Bảy ngày 22/8/2026 Dương lịch (nghỉ thứ Hai ngày 31/8/2026 và làm bù vào ngày thứ Bảy ngày 22/8/2026).

[...]

6. Đối với người lao động không thuộc đối tượng quy định tại khoản 1 Thông báo này, người sử dụng lao động quyết định lựa chọn phương án nghỉ tết Âm lịch, nghỉ lễ Quốc khánh năm 2026 như sau:

- Dịp tết Âm lịch: Lựa chọn nghỉ 01 ngày cuối năm Ất Tỵ và 04 ngày đầu năm Bính Ngọ hoặc 02 ngày cuối năm Ất Tỵ và 03 ngày đầu năm Bính Ngọ hoặc 03 ngày cuối năm Ất Tỵ và 02 ngày đầu năm Bính Ngọ.

- Dịp lễ Quốc khánh: Nghỉ thứ Tư ngày 02/9/2026 Dương lịch và lựa chọn nghỉ 01 trong 02 ngày: thứ Ba ngày 01/9/2026 hoặc thứ Năm ngày 03/9/2026 Dương lịch.

- Thông báo phương án nghỉ tết Âm lịch và nghỉ lễ Quốc khánh năm 2026 cho người lao động trước khi thực hiện ít nhất 30 ngày.

- Nếu ngày nghỉ hằng tuần trùng với ngày nghỉ lễ, tết quy định tại khoản 1 Điều 112 của Bộ luật Lao động thì người lao động được nghỉ bù ngày nghỉ hằng tuần vào ngày làm việc kế tiếp theo quy định tại khoản 3 Điều 111 Bộ luật Lao động.

- Khuyến khích người sử dụng lao động áp dụng thời gian nghỉ tết Âm lịch, nghỉ lễ Quốc khánh năm 2026 cho người lao động như quy định đối với công chức, viên chức; Khuyến khích những thỏa thuận có lợi hơn cho người lao động.

[...]

Điều 4. Các ngày lễ lớn

Các ngày lễ lớn trong nước bao gồm:

1. Ngày Tết Nguyên đán (01 tháng Giêng Âm lịch).

2. Ngày thành lập Đảng Cộng sản Việt Nam (03-02-1930).

3. Ngày Giỗ Tổ Hùng Vương (10-3 Âm lịch).

4. Ngày Giải phóng miền Nam, thống nhất đất nước (30-4-1975).

5. Ngày Chiến thắng Điện Biên Phủ (07-5-1954).

6. Ngày sinh Chủ tịch Hồ Chí Minh (19-5-1890).

7. Ngày Cách mạng Tháng Tám (19-8-1945) và Ngày Quốc khánh nước Cộng hòa xã hội chủ nghĩa Việt Nam (02-9-1945).

Điều 112. Nghỉ lễ, tết

1. Người lao động được nghỉ làm việc, hưởng nguyên lương trong những ngày lễ, tết sau đây:

a) Tết Dương lịch: 01 ngày (ngày 01 tháng 01 dương lịch);

b) Tết Âm lịch: 05 ngày;

c) Ngày Chiến thắng: 01 ngày (ngày 30 tháng 4 dương lịch);

d) Ngày Quốc tế lao động: 01 ngày (ngày 01 tháng 5 dương lịch);

đ) Quốc khánh: 02 ngày (ngày 02 tháng 9 dương lịch và 01 ngày liền kề trước hoặc sau);

e) Ngày Giỗ Tổ Hùng Vương: 01 ngày (ngày 10 tháng 3 âm lịch).

2. Lao động là người nước ngoài làm việc tại Việt Nam ngoài các ngày nghỉ theo quy định tại khoản 1 Điều này còn được nghỉ thêm 01 ngày Tết cổ truyền dân tộc và 01 ngày Quốc khánh của nước họ.

3. Hằng năm, căn cứ vào điều kiện thực tế, Thủ tướng Chính phủ quyết định cụ thể ngày nghỉ quy định tại điểm b và điểm đ khoản 1 Điều này.","vung-nuoc-cang-bien","","","","2026-05-26T00:00:00","https://thuvienphapluat.vn/hoi-dap-phap-luat/chinh-thuc-da-co-lich-nghi-le-quoc-khanh-292026-cho-nguoi-lao-dong-138066888.html","2026-05-27T08:55:06.133425+00:00"
"138059892","Lịch thi THPT quốc gia 2026: diễn ra vào ngày 11/6-12/6/2026 (dự kiến) đúng không?","Lịch thi THPT quốc gia 2026: diễn ra vào ngày 11/6-12/6/2026 (dự kiến) đúng không?

Đối tượng dự thi THPT quốc gia gồm những ai?

Đối tượng được đặc cách thi THPT quốc gia gồm những ai?

Căn cứ Điều 1 Quyết định 2269/QĐ-BGDĐT năm 2025 TẢI VỀ như sau:

Như vậy, lịch thi THPT quốc gia 2026 dự kiến diễn ra trong ngày 11 và ngày 12 tháng 6 năm 2026.

Căn cứ tại Tiểu mục 1 Mục 1 Công văn 1257/BGDĐT-QLCL năm 2026 kỳ thi tốt nghiệp THPT 2026 chính thức sẽ diễn ra vào ngày 11/6/2026 và ngày 12/6/2026.

Trên đây là thông tin về ""Lịch thi THPT quốc gia 2026: diễn ra vào ngày 11/6-12/6/2026 (dự kiến) đúng không?"".

Hệ thống Group Hỗ Trợ thi THPT 2026: Cập nhật thủ tục + thông tin + đề ôn + đề thi:

- Nhóm Tổng hợp + Tỉnh, thành: Tại đây

- Nhóm Môn Thi: Tại đây

- Nhóm Ôn Thi Theo Khối: Tại đây

- Nhóm Điểm Chuẩn: Tại đây

Lịch thi THPT quốc gia 2026: diễn ra vào ngày 11/6-12/6/2026 (dự kiến) đúng không? (Hình từ Internet)

Theo khoản 1 Điều 19 Quy chế thi tốt nghiệp trung học phổ thông ban hành kèm theo Thông tư 24/2024/TT-BGDĐT quy định như sau:

Theo đó, đối tượng dự thi THPT quốc gia gồm:

- Người đã hoàn thành Chương trình GDPT/GDTX trong năm tổ chức kỳ thi;

- Người đã hoàn thành Chương trình GDPT/GDTX nhưng chưa tốt nghiệp THPT ở những năm trước;

- Người đã có Bằng tốt nghiệp THPT dự thi để lấy kết quả làm cơ sở đăng ký xét tuyển sinh;

- Người đã có Bằng tốt nghiệp trung cấp dự thi để lấy kết quả làm cơ sở đăng ký xét tuyển sinh.

Theo Điều 40 Quy chế thi tốt nghiệp trung học phổ thông ban hành kèm theo Thông tư 24/2024/TT-BGDĐT quy định về đối tượng được đặc cách thi THPT quốc gia như sau:

(1) Người học được xét đặc cách tốt nghiệp THPT trong trường hợp bị tai nạn, bị ốm hoặc có việc đột xuất đặc biệt trước ngày thi không quá 10 ngày hoặc ngay trong buổi thi đầu tiên, không thể dự thi và thuộc các đối tượng dưới đây:

- Người đã hoàn thành Chương trình GDPT/GDTX trong năm tổ chức kỳ thi;

- Người đã hoàn thành Chương trình GDPT/GDTX nhưng chưa tốt nghiệp THPT ở những năm trước;

(2) Người học được xét đặc cách tốt nghiệp THPT trong trường hợp bị tai nạn, bị ốm hay có việc đột xuất đặc biệt sau khi đã thi ít nhất một bài thi và không thể tiếp tục dự thi hoặc sau khi bị tai nạn, bị ốm hay có việc đột xuất đặc biệt tự nguyện dự thi số bài thi còn lại và thuộc các đối tượng dưới đây:

- Người đã hoàn thành Chương trình GDPT/GDTX trong năm tổ chức kỳ thi;

- Người đã hoàn thành Chương trình GDPT/GDTX nhưng chưa tốt nghiệp THPT ở những năm trước;

(3) Các đối tượng là vận động viên đủ điều kiện được xét đặc cách tốt nghiệp THPT:

- Vận động viên đang học tập tại các cơ sở giáo dục, cơ sở giáo dục nghề nghiệp được triệu tập vào đội tuyển thể thao quốc gia, đội tuyển thể thao của các tỉnh, thành phố trực thuộc trung ương, các ngành để tập huấn và thi đấu thì được cơ quan sử dụng vận động viên chi trả học phí theo quy định của pháp luật.

- Vận động viên đạt thành tích xuất sắc trong các giải thi đấu thể thao quốc gia hoặc quốc tế được xét đặc cách tốt nghiệp trung học cơ sở, trung học phổ thông nếu thời gian thi trùng với thời gian vận động viên tập huấn ở nước ngoài hoặc tham dự thi đấu tại các giải thể thao quốc tế.

Điều 1. Ban hành khung kế hoạch thời gian năm học 2025 - 2026 đối với giáo dục mầm non, giáo dục phổ thông và giáo dục thường xuyên áp dụng trong toàn quốc như sau:

1. Tựu trường sớm nhất trước 01 tuần so với ngày tổ chức khai giảng. Riêng đối với lớp 1, lớp 9, lớp 12 tựu trường sớm nhất trước 02 tuần so với ngày tổ chức khai giảng.

2. Tổ chức khai giảng vào ngày 05 tháng 9 năm 2025.

3. Kết thúc học kỳ I trước ngày 18 tháng 01 năm 2026, hoàn thành chương trình và kết thúc năm học trước ngày 31 tháng 5 năm 2026.

4. Xét công nhận hoàn thành chương trình tiểu học và xét công nhận tốt nghiệp trung học cơ sở trước ngày 30 tháng 6 năm 2026.

5. Hoàn thành tuyển sinh các lớp đầu cấp trước ngày 31 tháng 7 năm 2026.

6. Thi tốt nghiệp trung học phổ thông năm 2026 dự kiến diễn ra trong ngày 11 và ngày 12 tháng 6 năm 2026.

7. Các kỳ thi cấp quốc gia khác được tổ chức theo quy định và hướng dẫn của Bộ Giáo dục và Đào tạo.

[...]

Điều 19. Đối tượng, điều kiện dự thi

1. Đối tượng dự thi gồm:

a) Người đã hoàn thành Chương trình GDPT/GDTX trong năm tổ chức kỳ thi;

b) Người đã hoàn thành Chương trình GDPT/GDTX nhưng chưa tốt nghiệp THPT ở những năm trước;

c) Người đã có Bằng tốt nghiệp THPT dự thi để lấy kết quả làm cơ sở đăng ký xét tuyển sinh;

d) Người đã có Bằng tốt nghiệp trung cấp dự thi để lấy kết quả làm cơ sở đăng ký xét tuyển sinh.

2. Điều kiện dự thi:

a) Các đối tượng dự thi phải ĐKDT và nộp đầy đủ các giấy tờ đúng thời hạn;

b) Đối tượng quy định tại điểm d khoản 1 Điều này phải bảo đảm đã học và thi đạt yêu cầu đủ khối lượng kiến thức văn hóa THPT theo quy định của Luật Giáo dục và các văn bản hướng dẫn hiện hành của Bộ GDĐT.","vung-nuoc-cang-bien","","","","2026-05-26T00:00:00","https://thuvienphapluat.vn/hoi-dap-phap-luat/lich-thi-thpt-quoc-gia-2026-dien-ra-vao-ngay-1161262026-du-kien-dung-khong-138059892.html","2026-05-27T08:55:15.820721+00:00"
"138062956","Lịch nghỉ lễ 2027 - Tổng hợp các ngày lễ 2027 ở Việt Nam chi tiết ra sao?","Lịch nghỉ lễ 2027 - Tổng hợp các ngày lễ 2027 ở Việt Nam chi tiết ra sao?

Nghỉ giải lao theo tính chất của công việc có được tính vào thời giờ làm việc được hưởng lương không?

Cách tính ngày nghỉ hằng năm trong một số trường hợp đặc biệt được quy định cụ thể ra sao?

Lịch nghỉ lễ 2027 - Tổng hợp các ngày lễ 2027 ở Việt Nam chi tiết dưới đây:

Các ngày nghỉ lễ được hưởng nguyên lương trong năm 2027

Căn cứ Điều 112 Bộ luật Lao động 2019 quy định về nghỉ lễ, tết, năm 2027 người lao động được nghỉ các ngày lễ, tết sau đây:

(1) Tết Dương lịch: 01 ngày (ngày 01 tháng 01 dương lịch);

(2) Tết Âm lịch: 05 ngày;

(3) Ngày Chiến thắng: 01 ngày (ngày 30 tháng 4 dương lịch);

(4) Ngày Quốc tế lao động: 01 ngày (ngày 01 tháng 5 dương lịch);

(5) Quốc khánh: 02 ngày (ngày 02 tháng 9 dương lịch và 01 ngày liền kề trước hoặc sau);

(6) Ngày Giỗ Tổ Hùng Vương: 01 ngày (ngày 10 tháng 3 âm lịch).

Lưu ý: Hằng năm, căn cứ vào điều kiện thực tế, sẽ có quyết định cụ thể ngày nghỉ Tết Âm lịch và Quốc khánh.

Các ngày lễ, sự kiện khác trong năm tại Việt Nam và quốc tế

Tên ngày lễ

Ngày

Ông Táo chầu trời

30 tháng 1, 2027

Chiến thắng Ngọc Hồi - Đống Đa

10 tháng 2, 2027

Ngày thành lập Đảng

3 tháng 2, 2027

Tết Nguyên Tiêu

20 tháng 2, 2027

Quốc tế Phụ nữ

8 tháng 3, 2027

Ngày Sách Việt Nam

21 tháng 4, 2027

Ngày Chiến thắng Điện Biện Phủ

7 tháng 5, 2027

Lễ Phật đản

20 tháng 5, 2027

Ngày sinh Chủ tịch Hồ Chí Minh

19 tháng 5, 2027

Tết Đoan ngọ

9 tháng 6, 2027

Ngày quốc tế Thiếu nhi

1 tháng 6, 2027

Ngày Gia đình Việt Nam

28 tháng 6, 2027

Ngày Thương Binh Liệt Sĩ

27 tháng 7, 2027

Ngày cách mạng Tháng Tám

19 tháng 8, 2027

Rằm Tháng Bảy, Vu Lan

16 tháng 8, 2027

Tết Trung thu

15 tháng 9, 2027

Ngày giải phóng Thủ Đô

10 tháng 10, 2027

Ngày Phụ nữ Việt Nam

20 tháng 10, 2027

Ngày Nhà giáo Việt Nam

20 tháng 11, 2027

Ngày hội Quốc phòng Toàn dân

22 tháng 12, 2027

[...]

* Trên đây là Thông tin Lịch nghỉ lễ 2027 - Tổng hợp các ngày lễ 2027 ở Việt Nam chi tiết ra sao?

Lịch nghỉ lễ 2027 - Tổng hợp các ngày lễ 2027 ở Việt Nam chi tiết ra sao? (Hình từ Internet)

Căn cứ Điều 58 Nghị định 145/2020/NĐ-CP có quy định thời giờ được tính vào thời giờ làm việc được hưởng lương như sau:

Như vậy, theo quy định, nghỉ giải lao theo tính chất của công việc thuộc một trong những trường hợp được tính vào thời giờ làm việc được hưởng lương.

Căn cứ Điều 66 Nghị định 145/2020/NĐ-CP, cách tính ngày nghỉ hằng năm trong một số trường hợp đặc biệt như sau:

- Số ngày nghỉ hằng năm của người lao động làm việc chưa đủ 12 tháng theo quy định tại khoản 2 Điều 113 Bộ luật Lao động 2019 được tính như sau: lấy số ngày nghỉ hằng năm cộng với số ngày được nghỉ tăng thêm theo thâm niên (nếu có), chia cho 12 tháng, nhân với số tháng làm việc thực tế trong năm để tính thành số ngày được nghỉ hằng năm.

- Trường hợp người lao động làm việc chưa đủ tháng, nếu tổng số ngày làm việc và ngày nghỉ có hưởng lương của người lao động (nghỉ lễ, tết, nghỉ hằng năm, nghỉ việc riêng có hưởng lương theo Điều 112, Điều 113, Điều 114 và Điều 115 Bộ luật Lao động 2019) chiếm tỷ lệ từ 50% số ngày làm việc bình thường trong tháng theo thỏa thuận thì tháng đó được tính là 01 tháng làm việc để tính ngày nghỉ hằng năm.

- Toàn bộ thời gian người lao động làm việc tại các cơ quan, tổ chức, đơn vị thuộc khu vực nhà nước và doanh nghiệp nhà nước được tính là thời gian làm việc để tính ngày nghỉ hằng năm tăng thêm theo quy định tại Điều 114 Bộ luật Lao động 2019 nếu người lao động tiếp tục làm việc tại các cơ quan, tổ chức, đơn vị thuộc khu vực nhà nước và doanh nghiệp nhà nước.

Điều 58. Thời giờ được tính vào thời giờ làm việc được hưởng lương

1. Nghỉ giữa giờ quy định khoản 2 Điều 64 Nghị định này.

2. Nghỉ giải lao theo tính chất của công việc.

3. Nghỉ cần thiết trong quá trình lao động đã được tính trong định mức lao động cho nhu cầu sinh lý tự nhiên của con người.

4. Thời giờ nghỉ đối với lao động nữ khi mang thai hoặc nuôi con dưới 12 tháng tuổi, trong thời gian hành kinh theo quy định tại khoản 2 và khoản 4 Điều 137 của Bộ luật Lao động.

5. Thời giờ phải ngừng việc không do lỗi của người lao động.

6. Thời giờ hội họp, học tập, tập huấn do yêu cầu của người sử dụng lao động hoặc được người sử dụng lao động đồng ý.

7. Thời giờ người học nghề, tập nghề trực tiếp hoặc tham gia lao động theo quy định tại khoản 5 Điều 61 của Bộ luật Lao động.

8. Thời giờ mà người lao động là thành viên ban lãnh đạo của tổ chức đại diện người lao động tại cơ sở được sử dụng để thực hiện nhiệm vụ theo quy định tại khoản 2 và khoản 3 Điều 176 của Bộ luật Lao động.

9. Thời giờ khám sức khỏe, khám phát hiện bệnh nghề nghiệp, giám định y khoa để xác định mức độ suy giảm khả năng lao động do tai nạn lao động, bệnh nghề nghiệp, nếu thời giờ đó được thực hiện theo sự bố trí hoặc do yêu cầu của người sử dụng lao động.

10. Thời giờ đăng ký, khám, kiểm tra sức khỏe nghĩa vụ quân sự, nếu thời giờ đó được hưởng nguyên lương theo quy định của pháp luật về nghĩa vụ quân sự.","vung-nuoc-cang-bien","","","","2026-05-26T00:00:00","https://thuvienphapluat.vn/hoi-dap-phap-luat/lich-nghi-le-2027--tong-hop-cac-ngay-le-2027-o-viet-nam-chi-tiet-ra-sao-138062956.html","2026-05-27T08:55:36.856587+00:00"
"138090921","Chính thức bỏ kê khai thuế TNCN tháng 4/2026 chuyển sang kê khai quý 2 ra sao?","Chính thức bỏ kê khai thuế TNCN tháng 4/2026 chuyển sang kê khai quý 2 ra sao?

Tải mẫu tờ khai thuế TNCN tháng/quý Mẫu 05 KK TNCN ở đâu?

Mức giảm trừ gia cảnh áp dụng khi quyết toán thuế TNCN trong năm 2026 là bao nhiêu?

>>> Hiểu thế nào bỏ kê khai thuế TNCN theo tháng từ năm 2026?

>>> Bỏ tờ khai thuế TNCN tháng 5/2026 thay bằng tờ khai quý 2/2026 đúng không?

>>> THÔNG TIN quan trọng về Tờ khai 05/KK-TNCN theo TT80 khi bỏ kê khai theo tháng chuyển sang quý thế nào?

>>> Tờ khai 05/KK-TNCN tháng 4, 5, 6/2026 chính thức bỏ khai theo tháng chuyển sang kê khai quý 2/2026 ra sao?

>>> Quyết định 1109/QĐ-BTC năm 2026 bỏ kê khai thuế TNCN tháng 4/2026 chuyển sang kê khai quý 2 quy định cụ thể ra sao?

>>> Hạn nộp tờ khai thuế TNCN quý 2 năm 2026 là khi nào?

>>> Doanh thu bao nhiêu thì khai thuế TNCN tháng theo thủ tục tại Quyết định 1109 năm 2026?

***

>>> Kê khai thuế TNCN theo quý thì có khai thuế GTGT theo quý không?

>>> Đã nộp tiền thuế tháng 4 2026 thì xử lý như thế nào khi bỏ khai thuế TNCN theo tháng?

>>> Xử lý tờ khai thuế TNCN tháng 4/2026 đã nộp khi bỏ kê khai thuế TNCN theo tháng như thế nào?

***

>>> Hiểu thế nào về bỏ TTHC 2002235 khai thuế TNCN tháng theo quy định mới nhất?

Xem thêm:

>>> Bỏ TTHC 2.002235 kê khai quý/tháng bỏ kê khai tháng thì kê khai thuế TNCN theo trình tự nào?

>>> CHÍNH THỨC bỏ tờ khai thuế TNCN tháng 4-5-6/2026 thay bằng tờ khai quý 2/2026 đúng hay không?

>>> Hướng dẫn thủ tục khai thuế TNCN tháng 4-5-6/2026 theo thủ tục mới sau khi bỏ khai tháng ra sao?

>>> Hướng dẫn sửa lỗi kỳ kê khai tháng không được phép nộp tờ khai, vui lòng chọn lại kỳ kê khai phù hợp ra sao?

>>> Chính thức bỏ kê khai thuế TNCN tháng 4/2026 chuyển sang kê khai quý 2 ra sao?

Căn cứ Quyết định 1109/QĐ-BTC năm 2026 của Bộ Tài chính về việc công bố thủ tục hành chính được sửa đổi, bổ sung, bãi bỏ trong lĩnh vực quản lý thuế, hải quan thuộc phạm vi chức năng quản lý của Bộ Tài chính.

Đối với thủ tục hành chính nộp tờ khai thuế TNCN tháng Tờ khai 05 KK TNCN Mã [2.002235] được sửa đổi như sau:

Khai thuế thu nhập cá nhân quý của tổ chức, cá nhân trả thu nhập khấu trừ thuế đối với tiền lương, tiền công (Mã số TTHC 2.002235)

- Trình tự thực hiện:

+Bước 1.

++ Tổ chức, cá nhân trả thu nhập có phát sinh khấu trừ thuế chuẩn bị hồ sơ khai thuế, gửi đến cơ quan Thuế. Thời hạn nộp hồ sơ khai thuế quý chậm nhất là ngày cuối cùng của tháng đầu tiên của quý tiếp theo quý phát sinh nghĩa vụ thuế. Nếu ngày cuối cùng trùng ngày nghi/lễ, hạn cuối cùng được chuyển sang ngày làm việc tiếp theo.

(Thủ tục đăng ký chứng từ khấu trừ thuế TNCN được thực hiện riêng theo quy định tại Nghị định 70/2025/NĐ-CP của Chính phủ).

+ Bước 2. Cơ quan thuế tiếp nhận:

++ Trường hợp hồ sơ được nộp trực tiếp tại cơ quan thuế hoặc hồ sơ được gửi qua đường bưu chính: cơ quan thuế thực hiện tiếp nhận, giải quyết hồ sơ theo quy định.

++ Trường hợp hồ sơ được nộp thông qua giao dịch điện tử, việc tiếp nhận, kiểm tra, chấp nhận, giải quyết hồ sơ (và trả kết quả nếu có kết quả) thông qua hệ thống xử lý dữ liệu điện tử của cơ quan thuế

- Cách thức thực hiện:

+ Trực tiếp: Tại TTPVHCC cấp tỉnh, xã

+Thông qua dịch vụ bưu chính công ích theo quy định của Thủ tướng Chính phủ, qua thuê dịch vụ của doanh nghiệp, cá nhân hoặc qua ủy quyền theo quy định của pháp luật;

+ Trực tuyến: Qua Cổng dịch vụ công quốc gia

- Thành phần, số lượng hồ sơ:

+ Thành phần hồ sơ gồm:

++ Tờ khai thuế thu nhập cá nhân (áp dụng đối với tổ chức, cá nhân trả các khoản thu nhập từ tiền lương, tiền công) mẫu số 05/KK-TNCN theo Phụ lục I - Danh mục hồ sơ khai thuế ban hành kèm theo Nghị định số 126/2020/NĐ-CP ngày 19/10/2020 của Chính phủ và Phụ lục II - Mẫu biểu hồ sơ khai thuế ban hành kèm theo Thông tư số 80/2021/TT-BTC ngày 29/9/2021/TT-BTC của Bộ trưởng Bộ Tài chính.

++ Phụ lục bảng xác định số thuế thu nhập cá nhân phải nộp cho các địa phương được hưởng nguồn thu mẫu số 05-1/PBT-KK-TNCN theo Phụ lục I - Danh mục hồ sơ khai thuế ban hành kèm theo Nghị định số 126/2020/NĐ-CP ngày 19/10/2020 của Chính phủ và Phụ lục II - Mẫu biểu hồ sơ khai thuế ban hành theo Thông tư 80/2021/TT-BTC

>> Như vậy, theo nội dung sửa đổi tại Quyết định 1109/QĐ-BTC năm 2026, việc kê khai thuế TNCN theo tháng đối với Tờ khai mẫu 05/KK-TNCN đã được chuyển sang thực hiện theo quý. Theo đó, doanh nghiệp, tổ chức trả thu nhập phát sinh khấu trừ thuế trong tháng 4/2026 sẽ thực hiện kê khai gộp vào quý II/2026 và nộp hồ sơ khai thuế chậm nhất vào ngày cuối cùng của tháng đầu tiên của quý tiếp theo theo quy định.

Chính thức bỏ kê khai thuế TNCN tháng 4/2026 chuyển sang kê khai quý 2 ra sao? (Hình từ Internet)

Tờ khai thuế thu nhập cá nhân với thu nhập từ tiền lương, tiền công hiện đang áp dụng Mẫu 05/KK-TNCN ban hành kèm theo Thông tư 80/2021/TT-BTC được sửa đổi bởi điểm g khoản 7 Điều 1 Thông tư 40/2025/TT-BTC, có dạng như sau:

>> Tải mẫu tờ khai thuế TNCN Tờ khai 05 KK TNCN: TẢI VỀ

Ghi chú:

- Tờ khai này chỉ áp dụng đối với tổ chức, cá nhân phát sinh trả thu nhập từ tiền lương, tiền công cho cá nhân trong tháng/quý, không phân biệt có phát sinh khấu trừ thuế hay không phát sinh khấu trừ thuế.

- Kỳ khai thuế theo tháng áp dụng đối với tổ chức, cá nhân trả thu nhập có tổng doanh thu bán hàng hóa và cung cấp dịch vụ của năm trước liền kề trên 50 tỷ đồng hoặc trường hợp tổ chức, cá nhân trả thu nhập lựa chọn khai thuế theo tháng.

- Kỳ khai thuế theo quý áp dụng đối với tổ chức, cá nhân trả thu nhập có tổng doanh thu bán hàng hóa và cung cấp dịch vụ của năm trước liền kề từ 50 tỷ đồng trở xuống, bao gồm cả tổ chức, cá nhân trả thu nhập không phát sinh doanh thu bán hàng hóa và cung cấp dịch vụ.

Tại tiểu mục 1 Mục A Công văn 1296/CT-NVT năm 2026 có hướng dẫn mức giảm trừ gia cảnh như sau:

Đối với kỳ quyết toán 2025 người nộp thuế thực hiện quyết toán TNCN trong năm 2026 áp dụng mức giảm trừ gia cảnh được xác định theo quy định tại Nghị quyết 954/2020/UBTVQH14 năm 2020 của Ủy ban Thường vụ Quốc hội, cụ thể như sau:

+ Mức giảm trừ đối với đối tượng nộp thuế là 11 triệu đồng/tháng (132 triệu đồng/năm);

+ Mức giảm trừ đối với mỗi người phụ thuộc là 4,4 triệu đồng/tháng.

Tại kỳ tính thuế này người nộp thuế chưa được áp dụng mức giảm trừ gia cảnh theo Nghị quyết 110/2025/UBTVQH15 năm 2026 (Mức 15,5 triệu đồng/tháng đối với NTT và 6,2 triệu đồng/tháng đối với người phụ thuộc)","vung-nuoc-cang-bien","","","","2026-05-22T00:00:00","https://thuvienphapluat.vn/hoi-dap-phap-luat/chinh-thuc-bo-ke-khai-thue-tncn-thang-42026-chuyen-sang-ke-khai-quy-2-ra-sao-138090921.html","2026-05-27T08:55:11.501530+00:00"
"138091384","CHÍNH THỨC bỏ tờ khai thuế TNCN tháng 4-5-6/2026 thay bằng tờ khai quý 2/2026 đúng hay không?","CHÍNH THỨC bỏ tờ khai thuế TNCN tháng 4-5-6/2026 thay bằng tờ khai quý 2/2026 đúng hay không?

Hạn chót nộp tờ khai thuế TNCN tháng 4 2026 là khi nào?

Hạn chót nộp tờ khai thuế TNCN quý 2 2026 là khi nào?

>>> Hiểu thế nào về bỏ TTHC 2002235 khai thuế TNCN tháng theo quy định mới nhất?

Xem thêm:

>>> Bỏ TTHC 2.002235 kê khai quý/tháng bỏ kê khai tháng thì kê khai thuế TNCN theo trình tự nào?

>>> Tờ khai 05/KK-TNCN tháng 4, 5, 6/2026 chính thức bỏ khai theo tháng chuyển sang kê khai quý 2/2026 ra sao?

>>> CHÍNH THỨC bỏ tờ khai thuế TNCN tháng 4-5-6/2026 thay bằng tờ khai quý 2/2026 đúng hay không?

>>> Hướng dẫn thủ tục khai thuế TNCN tháng 4-5-6/2026 theo thủ tục mới sau khi bỏ khai tháng ra sao?

>>> Hướng dẫn sửa lỗi kỳ kê khai tháng không được phép nộp tờ khai, vui lòng chọn lại kỳ kê khai phù hợp ra sao?

>>> Chính thức bỏ kê khai thuế TNCN tháng 4/2026 chuyển sang kê khai quý 2 ra sao?

Ngày 08/05/2026 Bộ Tài chính đã ban hành Quyết định 1109/QĐ-BTC năm 2026 công bố thủ tục hành chính được sửa đổi, bổ sung, bãi bỏ trong lĩnh vực quản lý thuế, hải quan

Theo đó đã sửa đổi bổ sung Thủ tục hành chính 2.002235 Khai thuế thu nhập cá nhân tháng/quý của tỔ chức, cá nhân trả thu nhập khấu trừ thuế đối với tiền lương, tiền công

Theo thủ tục trên thì không còn kê khai theo tháng, theo đó CHÍNH THỨC bỏ tờ khai thuế TNCN tháng và thay bằng tờ khai quý từ ngày 8/5/2026.

Như vậy đối với khai thuế TNCN tháng 4-5-6 năm 2026 sẽ được chuyển sang thành khai thuế TNCN quý 2 năm 2026.

*Bài viết CHÍNH THỨC bỏ tờ khai thuế TNCN tháng 4-5-6/2026 thay bằng tờ khai quý 2/2026 đúng hay không?

CHÍNH THỨC bỏ tờ khai thuế TNCN tháng 4 5 6 2026 thay bằng tờ khai quý 2 2026 đúng hay không? (Hình từ Internet)

Căn cứ tại khoản 1 Điều 44 Luật Quản lý thuế 2019 quy định về thời hạn nộp hồ sơ khai thuế cụ thể như sau:

Như vậy, hạn chót nộp tờ khai thuế TNCN tháng 4 2026 là ngày 20/5/2026.

Căn cứ tại điểm b khoản 1 Điều 44 Luật Quản lý thuế 2019 quy định về thời hạn nộp hồ sơ khai thuế cụ thể như sau:

Hạn chót nộp tờ khai thuế TNCN quý 2 2026 là 31/7/2026.

*Bài viết CHÍNH THỨC bỏ tờ khai thuế TNCN tháng 4 5 6 2026 thay bằng tờ khai quý 2 2026 đúng hay không?

6. Khai thuế thu nhập cá nhân quý của tổ chức, cá nhân trả thu nhập khấu trừ thuế đối với tiền lương, tiền công (Mã số TTHC 2.002235)

- Trình tự thực hiện:

+Bước 1.

++ Tổ chức, cá nhân trả thu nhập có phát sinh khấu trừ thuế chuẩn bị hồ sơ khai thuế, gửi đến cơ quan Thuế. Thời hạn nộp hồ sơ khai thuế quý chậm nhất là ngày cuối cùng của tháng đầu tiên của quý tiếp theo quý phát sinh nghĩa vụ thuế. Nếu ngày cuối cùng trùng ngày nghỉ lễ, hạn cuối cùng được chuyển sang ngày làm việc tiếp theo.

(Thủ tục đăng ký chứng từ khấu trừ thuế TNCN được thực hiện riêng theo quy định tại Nghị định 70/2025/NĐ-CP của Chính phủ).

[...]

Điều 44. Thời hạn nộp hồ sơ khai thuế

1. Thời hạn nộp hồ sơ khai thuế đối với loại thuế khai theo tháng, theo quý được quy định như sau:

a) Chậm nhất là ngày thứ 20 của tháng tiếp theo tháng phát sinh nghĩa vụ thuế đối với trường hợp khai và nộp theo tháng;

b) Chậm nhất là ngày cuối cùng của tháng đầu của quý tiếp theo quý phát sinh nghĩa vụ thuế đối với trường hợp khai và nộp theo quý.

2. Thời hạn nộp hồ sơ khai thuế đối với loại thuế có kỳ tính thuế theo năm được quy định như sau:

a) Chậm nhất là ngày cuối cùng của tháng thứ 3 kể từ ngày kết thúc năm dương lịch hoặc năm tài chính đối với hồ sơ quyết toán thuế năm; chậm nhất là ngày cuối cùng của tháng đầu tiên của năm dương lịch hoặc năm tài chính đối với hồ sơ khai thuế năm;

b) Chậm nhất là ngày cuối cùng của tháng thứ 4 kể từ ngày kết thúc năm dương lịch đối với hồ sơ quyết toán thuế thu nhập cá nhân của cá nhân trực tiếp quyết toán thuế;

c) Chậm nhất là ngày 15 tháng 12 của năm trước liền kề đối với hồ sơ khai thuế khoán của hộ kinh doanh, cá nhân kinh doanh nộp thuế theo phương pháp khoán; trường hợp hộ kinh doanh, cá nhân kinh doanh mới kinh doanh thì thời hạn nộp hồ sơ khai thuế khoán chậm nhất là 10 ngày kể từ ngày bắt đầu kinh doanh.

[...]

Điều 44. Thời hạn nộp hồ sơ khai thuế

1. Thời hạn nộp hồ sơ khai thuế đối với loại thuế khai theo tháng, theo quý được quy định như sau:

a) Chậm nhất là ngày thứ 20 của tháng tiếp theo tháng phát sinh nghĩa vụ thuế đối với trường hợp khai và nộp theo tháng;

b) Chậm nhất là ngày cuối cùng của tháng đầu của quý tiếp theo quý phát sinh nghĩa vụ thuế đối với trường hợp khai và nộp theo quý.

2. Thời hạn nộp hồ sơ khai thuế đối với loại thuế có kỳ tính thuế theo năm được quy định như sau:

a) Chậm nhất là ngày cuối cùng của tháng thứ 3 kể từ ngày kết thúc năm dương lịch hoặc năm tài chính đối với hồ sơ quyết toán thuế năm; chậm nhất là ngày cuối cùng của tháng đầu tiên của năm dương lịch hoặc năm tài chính đối với hồ sơ khai thuế năm;

b) Chậm nhất là ngày cuối cùng của tháng thứ 4 kể từ ngày kết thúc năm dương lịch đối với hồ sơ quyết toán thuế thu nhập cá nhân của cá nhân trực tiếp quyết toán thuế;

c) Chậm nhất là ngày 15 tháng 12 của năm trước liền kề đối với hồ sơ khai thuế khoán của hộ kinh doanh, cá nhân kinh doanh nộp thuế theo phương pháp khoán; trường hợp hộ kinh doanh, cá nhân kinh doanh mới kinh doanh thì thời hạn nộp hồ sơ khai thuế khoán chậm nhất là 10 ngày kể từ ngày bắt đầu kinh doanh.

[...]","vung-nuoc-cang-bien","","","","2026-05-20T00:00:00","https://thuvienphapluat.vn/hoi-dap-phap-luat/chinh-thuc-bo-to-khai-thue-tncn-thang-4562026-thay-bang-to-khai-quy-22026-dung-hay-khong-138091384.html","2026-05-27T08:55:31.170721+00:00"
"138091134","Từ 16/5/2026, quy định mới nhất về phí công đoàn theo Nghị định 105 cần phải lưu ý ra sao?","Từ 16/5/2026, quy định mới nhất về phí công đoàn theo Nghị định 105 cần phải lưu ý ra sao? Mức đóng phí công đoàn hiện nay là bao nhiêu?

Nguồn đóng kinh phí công đoàn được lấy từ đâu?

Hồ sơ gia nhập Công đoàn Việt Nam bao gồm những giấy tờ gì?

>>> Xem thêm:

Chính thức giảm 20% mức đóng kinh phí công đoàn từ ngày 16/5/2026 đối với những doanh nghiệp nào?

Doanh nghiệp có từ bao nhiêu lao động thì phải áp dụng phí công đoàn mới từ 16/5/2026?

Năm 2026, điều kiện để doanh nghiệp được áp dụng mức giảm 20% đóng kinh phí công đoàn xuống còn 1,6% là gì?

Hướng dẫn trích nộp kinh phí công đoàn mới nhất 2026 cho doanh nghiệp như thế nào?

Ngày 31/03/2026, Chính phủ đã ban hành Nghị định 105/2026/NĐ-CP quy định chi tiết và hướng dẫn thi hành một số điều của Luật Công đoàn về tài chính công đoàn.

Lưu ý: Nghị định 105/2026/NĐ-C chính thức có hiệu lực thi hành từ ngày 16/5/2026.

Theo đó, một số quy định mới nhất về phí công đoàn cần phải lưu ý như sau:

[1] Đối tượng phải đóng phí công đoàn

Căn cứ theo Điều 2 Nghị định 105/2026/NĐ-CP có nêu rõ về đối tượng phải đóng phí công đoàn từ 16/5/2026 như sau:

(1). Đối tượng đóng kinh phí công đoàn do doanh nghiệp, đơn vị sự nghiệp không hưởng 100% lương từ ngân sách nhà nước, hợp tác xã, liên hiệp hợp tác xã và cơ quan, tổ chức, đơn vị khác có sử dụng lao động theo quy định của pháp luật đóng bằng 2% quỹ tiền lương làm căn cứ đóng bảo hiểm xã hội bắt buộc cho người lao động

Bao gồm: Doanh nghiệp, đơn vị sự nghiệp không hưởng 100% lương từ ngân sách nhà nước, hợp tác xã, liên hiệp hợp tác xã và cơ quan, tổ chức, đơn vị khác có sử dụng lao động theo quy định của pháp luật.

(2). Cơ quan, tổ chức, các cấp công đoàn, cá nhân có liên quan đến quản lý và sử dụng tài chính công đoàn theo quy định của Luật Công đoàn 2024

(3). Tổ chức của người lao động tại doanh nghiệp được cấp đăng ký theo Điều 172 Bộ luật Lao động năm 2019.

Theo đó, đối tượng đóng kinh phí công đoàn bao gồm: doanh nghiệp, đơn vị sự nghiệp không hưởng 100% lương từ ngân sách nhà nước, hợp tác xã, liên hiệp hợp tác xã và cơ quan, tổ chức, đơn vị khác có sử dụng lao động theo quy định của pháp luật.

Như vậy, doanh nghiệp không thành lập công đoàn vẫn phải đóng kinh phí công đoàn 2%, trừ trường hợp thuộc đối tượng Miễn đóng kinh phí công đoàn tại Điều 11 Nghị định 105/2026/NĐ-CP.

(Quy định này đã được ghi nhận tại Nghị định 191/2013/NĐ-CP và tiếp tục được kế thừa tại Nghị định 105/2026/NĐ-CP áp dụng từ ngày 16/5/2026.)

[2] Đối tượng được miễn đóng phí công đoàn

Căn cứ theo Điều 11 Nghị định 105/2026/NĐ-CP quy định về đối tượng được miễn đóng phí công đoàn cụ thể như sau:

- Doanh nghiệp, hợp tác xã, liên hiệp hợp tác xã thực hiện giải thể theo quy định của Luật Doanh nghiệp 2020, Luật Hợp tác xã 2023 được Tổng Liên đoàn Lao động Việt Nam hoặc Liên đoàn Lao động cấp tỉnh xem xét và ban hành quyết định miễn số tiền chưa đóng kinh phí công đoàn theo quy định phân cấp của Tổng Liên đoàn Lao động Việt Nam khi công đoàn tham gia phương án giải quyết nợ (trong đó có nợ đóng kinh phí công đoàn) của doanh nghiệp, hợp tác xã, liên hiệp hợp tác xã thực hiện giải thể.

- Doanh nghiệp, hợp tác xã, liên hiệp hợp tác xã thực hiện phá sản theo quy định của Luật Doanh nghiệp 2020, Luật Hợp tác xã 2023, Luật Phá sản 2014, Luật Phục hồi, Phá sản 2025 được Tổng Liên đoàn Lao động Việt Nam hoặc Liên đoàn Lao động cấp tỉnh xem xét và ban hành quyết định miễn số tiền chưa đóng kinh phí công đoàn theo quy định phân cấp của Tổng Liên đoàn Lao động Việt Nam khi công đoàn nộp đơn yêu cầu áp dụng thủ tục phá sản đối với doanh nghiệp, hợp tác xã, liên hiệp hợp tác xã.

[3] Thời hạn đóng phí công đoàn

Căn cứ theo khoản 2 Điều 4 Nghị định 105/2026/NĐ-CP có quy định về thời hạn đóng phí công đoàn như sau:

- Thời hạn đóng kinh phí công đoàn chậm nhất là ngày cuối cùng của tháng tiếp theo đối với cơ quan, tổ chức, đơn vị, doanh nghiệp, hợp tác xã, liên hiệp hợp tác xã đóng kinh phí công đoàn theo tháng.

- Thời hạn đóng kinh phí công đoàn chậm nhất là ngày cuối cùng của tháng tiếp theo ngay sau chu kỳ đối với phương thức đóng 03 tháng một lần đối với tổ chức, doanh nghiệp nông nghiệp, lâm nghiệp, ngư nghiệp, diêm nghiệp trả tiền lương theo chu kỳ sản xuất, kinh doanh đóng kinh phí công đoàn theo phương thức 03 tháng một lần.

[4] Mức đóng phí công đoàn hiện nay

Căn cứ tại khoản 1 Điều 29 Luật Công đoàn 2024 có nội dung bị thay thế bởi khoản 8 Điều 2 Luật sửa đổi Luật Mặt trận Tổ quốc Việt Nam, Luật Công đoàn, Luật Thanh niên và Luật Thực hiện dân chủ ở cơ sở 2025 quy định:

Như vậy, Mức đóng phí công đoàn hiện nay được quy định như sau:

Mức đóng Kinh phí công đoàn = 2% quỹ tiền lương làm căn cứ đóng bảo hiểm xã hội bắt buộc cho người lao động

* Trên đây là Thông tin về Từ 16/5/2026, quy định mới nhất về phí công đoàn theo Nghị định 105 cần phải lưu ý ra sao? Mức đóng phí công đoàn hiện nay là bao nhiêu?

Từ 16/5/2026, quy định mới nhất về phí công đoàn theo Nghị định 105 cần phải lưu ý ra sao? Mức đóng phí công đoàn hiện nay là bao nhiêu? (Hình từ Internet)

Căn cứ theo Điều 5 Nghị định 105/2026/NĐ-CP quy định nguồn đóng kinh phí công đoàn như sau:

- Đối với đơn vị sự nghiệp công lập tự bảo đảm một phần chi thường xuyên: Nguồn đóng kinh phí công đoàn từ nguồn ngân sách nhà nước, nguồn thu sự nghiệp và nguồn thu hợp pháp khác (nếu có) và được hạch toán vào chi phí của đơn vị.

- Đối với đơn vị sự nghiệp công lập tự bảo đảm chỉ thường xuyên và chi đầu tư, đơn vị sự nghiệp công lập tự bảo đảm chi thường xuyên: Nguồn kinh phí công đoàn đơn vị tự bảo đảm từ nguồn thu hoạt động sự nghiệp, nguồn thu khác (nếu có) và được hạch toán vào chi phí của đơn vị.

- Đối với cơ quan, đơn vị, tổ chức còn lại, doanh nghiệp, liên hiệp hợp tác xã, hợp tác xã: Nguồn đóng kinh phí công đoàn từ nguồn tài chính của cơ quan, đơn vị, tổ chức khác, doanh nghiệp, liên hiệp hợp tác xã, hợp tác xã và được hạch toán vào chi phí hoạt động sản xuất, kinh doanh, dịch vụ trong kỳ theo quy định của pháp luật.

Căn cứ theo khoản 1 Điều 6 Luật Công đoàn 2024 quy định như sau:

Theo đó, hồ sơ gia nhập Công đoàn Việt Nam bao gồm:

- Văn bản đề nghị gia nhập Công đoàn Việt Nam;

- Bản sao các văn bản thể hiện tính hợp pháp của tổ chức của người lao động tại doanh nghiệp;

- Văn bản thể hiện việc tổ chức của người lao động tại doanh nghiệp quyết định gia nhập Công đoàn Việt Nam; thể thức thông qua quyết định gia nhập Công đoàn Việt Nam thực hiện theo quy định của pháp luật về lao động;

- Danh sách có chữ ký của thành viên tự nguyện gia nhập Công đoàn Việt Nam;

- Văn bản, thỏa thuận theo quy định của pháp luật có liên quan về việc giải quyết các quyền, nghĩa vụ của tổ chức của người lao động tại doanh nghiệp và thành viên của tổ chức mình có liên quan đến tổ chức của người lao động tại doanh nghiệp;

Trên đây là Thông tin về Từ 16/5/2026, quy định mới nhất về phí công đoàn theo Nghị định 105 cần phải lưu ý ra sao? Mức đóng phí công đoàn hiện nay là bao nhiêu?

Điều 29. Tài chính công đoàn

1. Nguồn tài chính công đoàn bao gồm:

a) Đoàn phí công đoàn do đoàn viên công đoàn đóng theo quy định của Điều lệ Công đoàn Việt Nam;

b) Kinh phí công đoàn do doanh nghiệp, đơn vị sự nghiệp không hưởng 100% lương từ ngân sách nhà nước, hợp tác xã, liên hiệp hợp tác xã và cơ quan, tổ chức, đơn vị khác có sử dụng lao động theo quy định của pháp luật đóng bằng 2% quỹ tiền lương làm căn cứ đóng bảo hiểm xã hội bắt buộc cho người lao động;

c) Ngân sách nhà nước cấp hỗ trợ;

d) Nguồn thu khác từ hoạt động văn hóa, thể thao, hoạt động kinh tế của Công đoàn; từ đề án, dự án do Nhà nước giao; từ viện trợ, tài trợ hợp pháp của tổ chức, cá nhân trong nước và nước ngoài theo quy định của pháp luật.

Điều 6. Việc gia nhập Công đoàn Việt Nam của tổ chức của người lao động tại doanh nghiệp

Tổ chức của người lao động tại doanh nghiệp được thành lập và hoạt động hợp pháp mà tự nguyện, tán thành Điều lệ Công đoàn Việt Nam thì có quyền gia nhập Công đoàn Việt Nam; việc gia nhập Công đoàn Việt Nam được quy định như sau:

1. Hồ sơ gia nhập Công đoàn Việt Nam bao gồm:

a) Văn bản đề nghị gia nhập Công đoàn Việt Nam;

b) Bản sao các văn bản thể hiện tính hợp pháp của tổ chức của người lao động tại doanh nghiệp;

c) Văn bản thể hiện việc tổ chức của người lao động tại doanh nghiệp quyết định gia nhập Công đoàn Việt Nam; thể thức thông qua quyết định gia nhập Công đoàn Việt Nam thực hiện theo quy định của pháp luật về lao động;

d) Danh sách có chữ ký của thành viên tự nguyện gia nhập Công đoàn Việt Nam;

đ) Văn bản, thỏa thuận theo quy định của pháp luật có liên quan về việc giải quyết các quyền, nghĩa vụ của tổ chức của người lao động tại doanh nghiệp và thành viên của tổ chức mình có liên quan đến tổ chức của người lao động tại doanh nghiệp;

[....]","vung-nuoc-cang-bien","","","","2026-05-19T00:00:00","https://thuvienphapluat.vn/hoi-dap-phap-luat/tu-1652026-quy-dinh-moi-nhat-ve-phi-cong-doan-theo-nghi-dinh-105-can-phai-luu-y-ra-sao-138091134.html","2026-05-27T08:55:26.320777+00:00"
"138070046","Xem lịch âm tháng 3 năm 2026 - Lịch vạn niên tháng 3 năm 2026 đầy đủ, chi tiết, mới nhất ra sao? Tháng 3 2026 có ngày lễ lớn nào không?","Xem lịch âm tháng 3 năm 2026 - Lịch vạn niên tháng 3 năm 2026 đầy đủ, chi tiết, mới nhất ra sao? Tháng 3 2026 có ngày lễ lớn nào không?

Người lao động được kiểm tra, giám sát việc trích nộp kinh phí công đoàn tại nơi làm việc không?

Người lao động được tham gia ý kiến về những nội dung nào?

Xem lịch âm tháng 3 năm 2026 - Lịch vạn niên tháng 3 năm 2026 đầy đủ, chi tiết, mới nhất dưới đây:

Lịch Tháng 3 năm 2026

Lịch Tháng 4 năm 2026

Lịch Tháng 5 năm 2026

Có thể thấy:

Theo lịch vạn niên, Tháng 3 năm 2026 âm lịch bao gồm 30 ngày. Trong đó:

- Ngày 01/3/2026 âm lịch sẽ rơi vào ngày 17/4/2026 dương lịch (Thứ sáu)

- Ngày 30/3/2026 âm lịch là ngày 16/5/2026 dương lịch (Thứ bảy).

Ngoài ra, Tháng 3 năm 2026 dương lịch bao gồm 31 ngày, cụ thể:

- Ngày 01/3/2026 dương lịch rơi vào Chủ nhật nhằm ngày 13/1/2026 âm lịch.

- Ngày 31/3/2026 dương lịch rơi vào Thứ ba nhằm ngày 13/2/2026 âm lịch.

Ngoài ra, tại Điều 4 Nghị định 145/2013/NĐ-CP có quy định về các ngày lễ lớn như sau:

Như vậy, trong tháng 3 năm 2026 theo dương lịch, nước ta không có ngày lễ lớn nào. Tuy nhiên, theo lịch âm, nước ta có Ngày Giỗ Tổ Hùng Vương (10-3 Âm lịch) là ngày lễ lớn.

* Trên đây là Thông tin Xem lịch âm tháng 2 năm 2026 - Lịch vạn niên tháng 2 năm 2026 đầy đủ, chi tiết, mới nhất ra sao? Tháng 2 2026 có ngày lễ lớn nào không?

Xem thêm:

>>> Lịch Vạn niên 2026 - Lịch âm 2026 - Lịch dương 2026 chi tiết, đầy đủ 365 ngày tương ứng âm và dương?

>>> Xem lịch âm tháng 1 năm 2026 - Lịch vạn niên tháng 1 năm 2026 đầy đủ, chi tiết, mới nhất ra sao? Tháng 1 2026 có ngày lễ lớn nào không?

Xem lịch âm tháng 3 năm 2026 - Lịch vạn niên tháng 3 năm 2026 đầy đủ, chi tiết, mới nhất ra sao? Tháng 3 2026 có ngày lễ lớn nào không? (Hình từ Internet)

Căn cứ theo Điều 46 Nghị định 145/2020/NĐ-CP quy định nội dung, hình thức người lao động được kiểm tra, giám sát như sau:

Như vậy, theo quy định, người lao động có quyền kiểm tra, giám sát việc trích nộp kinh phí công đoàn tại nơi làm việc.

Tại khoản 1 Điều 44 Nghị định 145/2020/NĐ-CP quy định người lao động được tham gia ý kiến về những nội dung sau:

- Xây dựng, sửa đổi, bổ sung nội quy, quy chế và các văn bản quy định khác của người sử dụng lao động liên quan đến quyền, nghĩa vụ và lợi ích của người lao động;

- Xây dựng, sửa đổi, bổ sung thang lương, bảng lương, định mức lao động; đề xuất nội dung thương lượng tập thể;

- Đề xuất, thực hiện giải pháp tiết kiệm chi phí, nâng cao năng suất lao động, cải thiện điều kiện làm việc, bảo vệ môi trường, phòng chống cháy nổ;

- Nội dung khác liên quan đến quyền, nghĩa vụ và lợi ích của người lao động theo quy định của pháp luật.

Đồng thời, những nội dung quy định tại khoản 1 Điều 44 Nghị định 145/2020/NĐ-CP mà pháp luật quy định cụ thể hình thức người lao động tham gia ý kiến thì thực hiện theo quy định đó; trường hợp pháp luật không quy định cụ thể hình thức thì người lao động căn cứ vào đặc điểm sản xuất, kinh doanh, tổ chức lao động, nội dung người lao động được tham gia ý kiến và quy chế dân chủ ở cơ sở tại nơi làm việc để lựa chọn hình thức sau đây:

- Tham gia ý kiến trực tiếp hoặc thông qua tổ chức đại diện người lao động tại cơ sở, nhóm đại diện đối thoại của người lao động tại hội nghị người lao động, đối thoại tại nơi làm việc;

- Gửi góp ý, kiến nghị trực tiếp;

- Hình thức khác mà pháp luật không cấm.

Điều 4. Các ngày lễ lớn

Các ngày lễ lớn trong nước bao gồm:

1. Ngày Tết Nguyên đán (01 tháng Giêng Âm lịch).

2. Ngày thành lập Đảng Cộng sản Việt Nam (03-02-1930).

3. Ngày Giỗ Tổ Hùng Vương (10-3 Âm lịch).

4. Ngày Giải phóng miền Nam, thống nhất đất nước (30-4-1975).

5. Ngày Chiến thắng Điện Biên Phủ (07-5-1954).

6. Ngày sinh Chủ tịch Hồ Chí Minh (19-5-1890).

7. Ngày Cách mạng Tháng Tám (19-8-1945) và Ngày Quốc khánh nước Cộng hòa xã hội chủ nghĩa Việt Nam (02-9-1945).

Điều 46. Nội dung, hình thức người lao động được kiểm tra, giám sát

1. Người lao động được kiểm tra, giám sát những nội dung sau:

a) Việc thực hiện hợp đồng lao động và thỏa ước lao động tập thể;

b) Việc thực hiện nội quy lao động, quy chế và các văn bản quy định khác của người sử dụng lao động liên quan đến quyền, nghĩa vụ và lợi ích của người lao động;

c) Việc sử dụng quỹ khen thưởng, quỹ phúc lợi, các quỹ do người lao động đóng góp;

d) Việc trích nộp kinh phí công đoàn, đóng bảo hiểm xã hội, bảo hiểm y tế, bảo hiểm thất nghiệp của người sử dụng lao động;

đ) Việc thực hiện thi đua, khen thưởng, kỷ luật, giải quyết khiếu nại, tố cáo liên quan đến quyền, nghĩa vụ và lợi ích của người lao động.

2. Hình thức kiểm tra, giám sát của người lao động thực hiện theo quy định của pháp luật.","vung-nuoc-cang-bien","","","","2026-05-18T00:00:00","https://thuvienphapluat.vn/hoi-dap-phap-luat/xem-lich-am-thang-3-nam-2026--lich-van-nien-thang-3-nam-2026-day-du-chi-tiet-moi-nhat-ra-sao-thang--138070046.html","2026-05-27T08:55:21.200897+00:00"
"357059","Lập quy hoạch chi tiết phát triển vùng nước cảng biển cần bảo đảm yêu cầu kỹ thuật nào?","Lập quy hoạch chi tiết phát triển vùng nước cảng biển cần bảo đảm yêu cầu kỹ thuật nào?

Nhiệm vụ, quyền hạn của Cảng vụ hàng hải về quản lý công trình hàng hải và công trình khác trong vùng nước cảng biển

Hệ số để tính tịnh mức cho hoạt động trực tiếp lập quy hoạch vùng đất, vùng nước cảng biển được tính cho cảng biển loại 1 được quy định như thế nào?

Căn cứ Mục I Phụ lục VI Ban hành kèm theo Thông tư số 33/2021/TT-BGTVT quy định về yêu cầu kỹ thuật lập quy hoạch chi tiết phát triển vùng đất, vùng nước cảng biển như sau:

Khi lập quy hoạch chi tiết phát triển vùng nước cảng biển cần đảm bảo các yêu cầu theo quy định tại Mục I Phụ lục VI Ban hành kèm theo Thông tư số 33/2021/TT-BGTVT.

Các yêu cầu cần đảm bảo khi lập quy hoạch chi tiết phát triển vùng nước cảng biển là gì? (Hình từ Intrenet)

Căn cứ Khoản 5 Điều 4 Thông tư 19/2021/TT-BGTVT có quy định về nhiệm vụ, quyền hạn của Cảng vụ hảng hải như sau:

Vây, nhiệm vụ quản lý công trình hàng hải và công trình khác trong vùng nước cảng biển sẽ là:

a) Quản lý, bảo trì tài sản kết cấu hạ tầng hàng hải được giao quản lý theo quy định của pháp luật;

b) Tổ chức kiểm tra, giám sát việc thực hiện quá trình xây dựng, khai thác, bảo trì, bảo vệ công trình hàng hải và công trình khác trong vùng nước cảng biển.

Căn cứ Tiểu mục 1 Mục II Phụ lục VI Ban hành kèm theo Thông tư 33/2021/TT-BGTVT quy định về định mức cho hoạt động trực tiếp lập quy hoạch chi tiết phát triển vùng đất, vùng nước cảng biển như sau:

Vậy, định mức cho hoạt động trực tiếp lập quy hoạch vùng đất, vùng nước cảng biển được tính cho cảng biển loại 1, đối với các loại cảng biển khác được nhân hệ số H1, H2, H3.

Trân trọng!

I. Yêu cầu kỹ thuật

Quy hoạch chi tiết phát triển vùng đất, vùng nước cảng biển cụ thể hóa quy hoạch tổng thể phát triển hệ thống cảng biển (quy hoạch ngành quốc gia) trong cùng thời kỳ lập quy hoạch. Nội dung quy hoạch theo quy định tại Luật sửa đổi, bổ sung một số điều của 37 luật có liên quan đến quy hoạch số 35/2018/QH14 ngày 20/11/2018.

1. Đánh giá hiện trạng vùng đất, vùng nước cảng biển.

a) Thực trạng hạ tầng bến cảng, cầu cảng, cỡ tàu, kho bãi, bến phao, khu neo đậu, khu chuyển tải, vùng nước cảng, luồng hàng hải, công trình phụ trợ về bảo đảm hàng hải;

b) Thực trạng khối lượng hàng hóa, hành khách thông qua cảng, số lượng phương tiện qua cảng, năng suất xếp dỡ của cảng biển; khu bến cảng, công tác quản lý thực hiện quy hoạch và các chính sách khác…;

c) Đánh giá xu thế phát triển giao thông vận tải khu vực vùng đất, vùng nước cảng biển.

2. Phân tích, đánh giá thực hiện các chiến lược, quy hoạch và các dự án đầu tư có liên quan.

3. Phân tích, đánh giá kết nối giao thông đối với vùng đất, vùng nước cảng biển.

4. Khảo sát, điều tra giao thông khu vực vùng đất, vùng nước cảng biển; dự báo nhu cầu vận tải.

5. Phương án quy hoạch vùng đất, vùng nước cảng biển.

a) Xác định vị trí, quy mô, công năng, diện tích vùng đất; vùng nước, diện tích kho bãi, khu vực hậu cần bến cảng, phân bố các khu công năng của cảng biển trong phạm vi vùng đất, vùng nước được quy hoạch; công suất thiết kế của các cầu cảng, bến cảng; xác định các thông số kỹ thuật cơ bản luồng tàu, cỡ tàu chuẩn hàng hải trên luồng;

b) Xác định vị trí, thông số kỹ thuật cơ bản cầu cảng, bến cảng, các công trình hạ tầng hàng hải công cộng; xác định quy mô vị trí các công trình phục vụ quản lý nhà nước.

6. Phương án kết nối vùng đất, vùng nước cảng biển với các phương thức vận tải, kết nối với cảng cạn, kết nối với khu kinh tế, khu công nghiệp….

7. Định hướng, nhu cầu sử dụng đất.

8. Nhu cầu vốn đầu tư, lộ trình thực hiện quy hoạch.

9. Giải pháp, tổ chức thực hiện quy hoạch.

10. Bản đồ, bản vẽ

a) Bản đồ hiện trạng, bản đồ quy hoạch vùng đất, vùng nước cảng biển được xây dựng trên cơ sở bản đồ nền địa hình do cơ quan có thẩm quyền phát hành (hệ tọa độ chuẩn quốc gia VN2000);

b) Tỷ lệ bản đồ tối thiểu 1: 5.000, 1: 10.000 ở các khu vực nghiên cứu quy hoạch vùng đất, vùng nước cảng biển;

c) Tích hợp cơ sở dữ liệu bản đồ vào hệ thống thông tin và cơ sở dữ liệu quốc gia về quy hoạch.

Nhiệm vụ và quyền hạn

...

5. Về quản lý công trình hàng hải và công trình khác trong vùng nước cảng biển:

a) Quản lý, bảo trì tài sản kết cấu hạ tầng hàng hải được giao quản lý theo quy định của pháp luật;

b) Tổ chức kiểm tra, giám sát việc thực hiện quá trình xây dựng, khai thác, bảo trì, bảo vệ công trình hàng hải và công trình khác trong vùng nước cảng biển.

Định mức cho hoạt động trực tiếp lập quy hoạch

Định mức cho hoạt động trực tiếp lập quy hoạch vùng đất, vùng nước cảng biển được tính cho cảng biển loại 1, đối với các loại cảng biển khác được nhân hệ số H1, H2, H3, cụ thể như sau:

1. Các hệ số

a) Định mức trực tiếp cho quy hoạch vùng đất, vùng nước cảng biển loại đặc biệt được tính bằng trị số định mức trực tiếp cho quy hoạch vùng đất, vùng nước cảng biển đối với cảng biển loại 1 nhân với hệ số H1= 1,2;

b) Định mức trực tiếp cho quy hoạch vùng đất, vùng nước cảng biển đối với cảng biển loại 2 được tính bằng trị số bằng định mức trực tiếp cho quy hoạch vùng đất, vùng nước cảng biển loại cảng biển loại 1 nhân với hệ số H2= 0,9;

c) Định mức trực tiếp cho quy hoạch vùng đất, vùng nước cảng biển đối với cảng biển loại 3 được tính bằng trị số bằng định mức trực tiếp cho quy hoạch vùng đất, vùng nước cảng biển loại cảng biển loại 1 nhân với hệ số H3= 0,8.","vung-nuoc-cang-bien","","","","2021-12-28T00:00:00","https://thuvienphapluat.vn/hoi-dap-phap-luat/yeu-cau-ky-thuat-lap-quy-hoach-chi-tiet-phat-trien-vung-dat-vung-nuoc-cang-bien-357059.html","2026-05-27T08:52:56.811904+00:00"
"357060","Định mức cho hoạt động trực tiếp lập quy hoạch chi tiết phát triển vùng đất, vùng nước cảng biển được quy định như nào?","Căn cứ Mục II Phụ lục VI Ban hành kèm theo Thông tư số 33/2021/TT-BGTVT quy định về định mức cho hoạt động trực tiếp lập quy hoạch chi tiết phát triển vùng đất, vùng nước cảng biển như sau:

Định mức cho hoạt động trực tiếp lập quy hoạch vùng đất, vùng nước cảng biển được tính cho cảng biển loại 1, đối với các loại cảng biển khác được nhân hệ số H1, H2, H3, cụ thể như sau:

1. Các hệ số

a) Định mức trực tiếp cho quy hoạch vùng đất, vùng nước cảng biển loại đặc biệt được tính bằng trị số định mức trực tiếp cho quy hoạch vùng đất, vùng nước cảng biển đối với cảng biển loại 1 nhân với hệ số H1= 1,2;

b) Định mức trực tiếp cho quy hoạch vùng đất, vùng nước cảng biển đối với cảng biển loại 2 được tính bằng trị số bằng định mức trực tiếp cho quy hoạch vùng đất, vùng nước cảng biển loại cảng biển loại 1 nhân với hệ số H2= 0,9;

c) Định mức trực tiếp cho quy hoạch vùng đất, vùng nước cảng biển đối với cảng biển loại 3 được tính bằng trị số bằng định mức trực tiếp cho quy hoạch vùng đất, vùng nước cảng biển loại cảng biển loại 1 nhân với hệ số H3= 0,8.

2. Định mức lao động trực tiếp lập quy hoạch vùng đất, vùng nước cảng biển, đối với cảng biển loại 1.

Đơn vị tính: vùng đất, vùng nước cảng biển cho cảng biển loại 1

TT

Nội dung

Mức chuyên gia

Ngày công quy đổi

A

ĐỊNH MỨC CHO LẬP NHIỆM VỤ QUY HOẠCH

1

Thu thập thông tin, dữ liệu ban đầu

CG3, CG4

15

2

Xây dựng nhiệm vụ lập quy hoạch

CG1, CG2 CG3

50

a

Khảo sát phục vụ nhiệm vụ lập quy hoạch

b

Xây dựng các yêu cầu về nội dung nhiệm vụ lập quy hoạch

b.1

Phạm vi, ranh giới, thời kỳ lập quy hoạch

b.2

Quan điểm, mục tiêu, nguyên tắc lập quy hoạch

b.3

Dự báo triển vọng và nhu cầu phát triển trong thời kỳ quy hoạch

b.4

Nội dung chính của quy hoạch và các nội dung đề xuất

b.5

Đánh giá môi trường

b.6

Thành phần, số lượng, tiêu chuẩn, quy cách hồ sơ quy hoạch

c

Xây dựng các yêu cầu tính quy hoạch, tính thực tiễn độ tin cậy của phương pháp tiếp cận và phương pháp lập quy hoạch

d

Xây dựng yêu cầu về kế hoạch, tiến độ lập quy hoạch

3

Xây dựng dự toán lập quy hoạch và các nội dung đề xuất

CG1,CG3

15

4

Xây dựng các dự thảo văn bản trình phê duyệt

CG1, CG3

5

B

ĐỊNH MỨC CHO LẬP QUY HOẠCH

1

Điều tra, thu thập thông tin dữ liệu

a

Công tác chuẩn bị điều tra, thu thập số liệu, tài liệu (xây dựng kế hoạch, chuẩn bị bản đồ, sơ đồ, xây dựng mẫu phiếu điều tra…)

CG2, CG3 CG4

10

b

Thu thập số liệu, dữ liệu ban đầu về vùng đất, vùng nước cảng biển

CG2, CG3 CG4

10

c

Thu thập số liệu, dữ liệu bổ sung

CG2, CG3 CG4

10

d

Xử lý thông tin, tài liệu, dữ liệu

CG2, CG3 CG4

5

2

Thu thập số liệu, tài liệu về các yếu tố tự nhiên và môi trường cho phát triển vùng đất, vùng nước cảng biển

a

Thu thập số liệu, tài liệu về các yếu tố tự nhiên và môi trường cho phát triển vùng đất, vùng nước cảng biển

CG2, CG3 CG4

10

b

Thu thập số liệu, tài liệu các yếu tố kinh tế - xã hội cho phát triển vùng đất, vùng nước cảng biển

CG2, CG3 CG4

10

3

Phân tích đánh giá về các yếu tố, điều kiện tự nhiên, nguồn lực, bối cảnh, thực trạng phân bố và sử dụng không gian vùng đất, vùng nước cảng biển

a

Phân tích, đánh giá các yếu tố, điều kiện tự nhiên có ảnh hưởng đến phát triển vùng đất, vùng nước cảng biển

CG2, CG3, CG4

15

b

Phân tích, đánh giá các yếu tố về nguồn lực cho phát triển vùng đất, vùng nước cảng biển

CG2, CG3, CG4

15

c

Phân tích, đánh giá thực trạng phân bố, sử dụng không gian nhóm cảng biển

CG2, CG3, CG4

10

4

Xu thế phát triển giao thông vận tải khu vực vùng đất, vùng nước cảng biển

CG1, CG2, CG3, CG4

25

5

Đánh giá hiện trạng vùng đất, vùng nước cảng biển; kết nối giao thông vùng đất, vùng nước cảng biển

a

Phân tích, đánh giá thực hiện các chiến lược, quy hoạch và các dự án đầu tư có liên quan

CG1, CG2, CG3

20

b

Phân tích, đánh giá hiện trạng về hạ tầng bến cảng, cầu cảng, cỡ tàu, kho bãi, bến phao, khu neo đậu, khu chuyển tải, vùng nước cảng, luồng hàng hải, công trình phụ trợ bảo đảm hàng hải; hiện trạng về khối lượng hàng hóa, hành khách thông qua cảng, lượt tàu, phương tiện thủy nội địa qua cảng, năng suất xếp dỡ của cảng biển; khu bến cảng, công tác quản lý thực hiện quy hoạch và các chính sách khác

CG1, CG2, CG3, CG4

50

c

Đánh giá các tác động của biến đổi khí hậu và nước biển dâng

CG2, CG3, CG4

20

d

Phân tích, đánh giá sự liên kết, đồng bộ của vùng đất, vùng nước cảng biển với các chuyên ngành khác trong khu vực

CG1, CG2

12

e

Phân tích, đánh giá sự liên kết giữa vùng đất, vùng nước cảng biển với kết cấu hạ tầng của các ngành, lĩnh vực khác

CG1, CG2

13

6

Xác định, đánh giá tác động phát triển kinh tế - xã hội của vùng đối với vùng đất, vùng nước cảng biển, những cơ hội và thách thức đối với phát triển vùng đất, vùng nước cảng biển

a

Xác định, đánh giá tác động phát triển kinh tế - xã hội đối với vùng đất, vùng nước cảng biển

CG1, CG2, CG3

10

b

Phân tích, đánh giá những cơ hội, thách thức phát triển vùng đất, vùng nước cảng biển trong thời kỳ quy hoạch.

CG1, CG2, CG3

10

7

Dự báo khối lượng hàng hóa thông qua cảng

a

Phương pháp, phạm vi, căn cứ dự báo

CG1, CG2

15

b

Dự báo nhu cầu hàng hóa thông qua cảng biển, khu bến/bến cảng biển phân theo: xuất nhập khẩu, nội địa; theo mặt hàng/nhóm mặt hàng

CG1, CG2

50

c

Dự báo nhu cầu hành khách thông qua cảng biển, khu bến/bến cảng biển phân theo: quốc tế, nội địa

CG1, CG2

50

d

Dự báo phương tiện (đội tàu) đến nhóm cảng biển theo cảng biển/khu bến cảng biển

CG1, CG2

50

e

Dự báo lưu lượng phương tiện đến cảng biển, khu bến/bến cảng biển phân theo: loại hình phương tiện (đường biển, đường thủy nội địa); chủng loại phương tiện (tàu container, tàu hàng rời, tàu hàng bách hóa, tàu hàng lỏng), cỡ phương tiện (trọng tải, dung tích)

CG1, CG2

50

8

Xác định quan điểm và mục tiêu phát triển vùng đất, vùng nước cảng biển

a

Xác định quan điểm phát triển

CG1, CG2

15

b

Xác định mục tiêu phát triển

CG1, CG2

25

9

Xây dựng phương án phát triển vùng đất, vùng nước cảng biển

a

Phương án quy hoạch chi tiết vùng đất, vùng nước cảng biển

a.1

Xác định vị trí, quy mô, công năng, diện tích vùng đất; vùng nước, diện tích kho bãi, khu vực hậu cần bến cảng, phân bố các khu công năng của cảng biển trong phạm vi vùng đất, vùng nước được quy hoạch; công suất thiết kế của các cầu cảng, bến cảng; xác định các thông số kỹ thuật cơ bản luồng tàu, cỡ tàu chuẩn hàng hải trên luồng

CG1, CG2 CG3

130

a.2

Xác định vị trí, thông số kỹ thuật cơ bản cầu cảng, bến cảng, các công trình hạ tầng hàng hải công cộng; xác định quy mô vị trí các công trình phục vụ quản lý nhà nước

CG1, CG2 CG3

130

a.3

Phương án kết nối vùng đất vùng nước cảng biển với các phương thức vận tải, kết nối với cảng cạn, với khu kinh tế, khu công nghiệp

CG1, CG2

90

b

Công nghệ khai thác cảng

CG1, CG2

30

10

Định hướng bố trí sử dụng đất, nước cho phát triển vùng đất, vùng nước cảng biển

CG1, CG2, CG3

50

11

Xác định hoạt động bảo vệ môi trường, ứng phó với biến đổi khí hậu và bảo tồn sinh thái, cảnh quan, di tích đã xếp hạng quốc gia có liên quan quy hoạch vùng đất, vùng nước cảng biển

CG1, CG2, CG3

30

12

Xác định nhu cầu vốn, danh mục các dự án quan trọng, dự án ưu tiên đầu tư, thứ tự ưu tiên thực hiện

a

Xác định nhu cầu vốn

CG1, CG2 CG3

15

b

Xây dựng tiêu chí xác định dự án ưu tiên đầu tư

CG1, CG2 CG3

10

c

Đề xuất thứ tự ưu tiên thực hiện và phương án phân kỳ đầu tư

CG1, CG2 CG3

15

13

Xác định giải pháp, nguồn lực thực hiện quy hoạch

CG1, CG2 CG3

20

14

Xây dựng hệ thống sơ đồ, bản đồ số và bản đồ in

a

Xây dựng hệ thống bản đồ được tích hợp theo hệ thống bản đồ ngành hàng hải, nhóm cảng biển, vùng đất vùng nước cảng biển

a.1

Nghiên cứu, xử lý tổng hợp các loại bản đồ hiện trạng và định hướng ngành hàng hải, nhóm cảng biển, vùng đất vùng nước cảng biển

CG1, CG2 CG3, CG4

15

a.2

Xử lý, chồng lớp bản đồ theo các đối tượng không gian vùng đất, vùng nước cảng biển

CG1, CG2 CG3, CG4

15

b

Biên tập hệ thống sơ đồ, bản đồ số và bản đồ in ấn sản phẩm cuối cùng

b.1

Sơ đồ vị trí địa lý và mối quan hệ vùng đất, vùng nước cảng biển

CG2, CG3 CG4

10

b.2

Bản đồ hiện trạng vùng đất, vùng nước cảng biển

CG2, CG3 CG4

30

b.3

Bản đồ định hướng phát triển vùng đất ,vùng nước cảng biển

CG1, CG2 CG3, CG4

55

b.4

Bản đồ bố trí không gian các dự án ưu tiên đầu tư trong khu vực vùng đất, vùng nước cảng biển

CG1, CG2 CG3, CG5

15

b.5

Bản đồ hiện trạng sử dụng đất sử dụng nước khu vực vùng đất, vùng nước cảng biển

CG2, CG3 CG4

25

b.6

Bản đồ định hướng sử dụng đất, sử dụng nước khu vực vùng đất, vùng nước cảng biển

CG1, CG2 CG3

35

15

Xây dựng báo cáo quy hoạch

a

Xây dựng báo cáo tổng hợp

CG1, CG2

40

b

Xây dựng báo cáo tóm tắt

CG1, CG2

15

16

Đánh giá môi trường trong báo cáo quy hoạch

a

Đánh giá môi trường trong báo cáo quy hoạch

CG2, CG3 CG4

30

17

Xây dựng cơ sở dữ liệu về quy hoạch

a

Xây dựng cơ sở dữ liệu của quy hoạch theo yêu cầu chung của hệ thống thông tin và cơ sở dữ liệu quốc gia về quy hoạch

CG1, CG2 CG3, CG4

30

b

Thể hiện nội dung của quy hoạch trên bản đồ GIS để tích hợp vào hệ thống thông tin và cơ sở dữ liệu quốc gia về quy hoạch

CG1, CG2 CG3, CG4

60

Trân trọng!","vung-nuoc-cang-bien","","","","2021-12-28T00:00:00","https://thuvienphapluat.vn/hoi-dap-phap-luat/dinh-muc-cho-hoat-dong-truc-tiep-lap-quy-hoach-chi-tiet-phat-trien-vung-dat-vung-nuoc-cang-bien-357060.html","2026-05-27T08:53:07.502043+00:00"
"357061","Định mức lao động trực tiếp lập quy hoạch vùng đất, vùng nước cảng biển, đối với cảng biển loại 1 là bao nhiêu?","Căn cứ Phần 2 Mục II Phụ lục VI Ban hành kèm theo Thông tư số 33/2021/TT-BGTVT quy định về định mức lao động trực tiếp lập quy hoạch vùng đất, vùng nước cảng biển, đối với cảng biển loại 1 như sau:

Đơn vị tính: vùng đất, vùng nước cảng biển cho cảng biển loại 1

TT

Nội dung

Mức chuyên gia

Ngày công quy đổi

A

ĐỊNH MỨC CHO LẬP NHIỆM VỤ QUY HOẠCH

1

Thu thập thông tin, dữ liệu ban đầu

CG3, CG4

15

2

Xây dựng nhiệm vụ lập quy hoạch

CG1, CG2 CG3

50

a

Khảo sát phục vụ nhiệm vụ lập quy hoạch

b

Xây dựng các yêu cầu về nội dung nhiệm vụ lập quy hoạch

b.1

Phạm vi, ranh giới, thời kỳ lập quy hoạch

b.2

Quan điểm, mục tiêu, nguyên tắc lập quy hoạch

b.3

Dự báo triển vọng và nhu cầu phát triển trong thời kỳ quy hoạch

b.4

Nội dung chính của quy hoạch và các nội dung đề xuất

b.5

Đánh giá môi trường

b.6

Thành phần, số lượng, tiêu chuẩn, quy cách hồ sơ quy hoạch

c

Xây dựng các yêu cầu tính quy hoạch, tính thực tiễn độ tin cậy của phương pháp tiếp cận và phương pháp lập quy hoạch

d

Xây dựng yêu cầu về kế hoạch, tiến độ lập quy hoạch

3

Xây dựng dự toán lập quy hoạch và các nội dung đề xuất

CG1,CG3

15

4

Xây dựng các dự thảo văn bản trình phê duyệt

CG1, CG3

5

B

ĐỊNH MỨC CHO LẬP QUY HOẠCH

1

Điều tra, thu thập thông tin dữ liệu

a

Công tác chuẩn bị điều tra, thu thập số liệu, tài liệu (xây dựng kế hoạch, chuẩn bị bản đồ, sơ đồ, xây dựng mẫu phiếu điều tra…)

CG2, CG3 CG4

10

b

Thu thập số liệu, dữ liệu ban đầu về vùng đất, vùng nước cảng biển

CG2, CG3 CG4

10

c

Thu thập số liệu, dữ liệu bổ sung

CG2, CG3 CG4

10

d

Xử lý thông tin, tài liệu, dữ liệu

CG2, CG3 CG4

5

2

Thu thập số liệu, tài liệu về các yếu tố tự nhiên và môi trường cho phát triển vùng đất, vùng nước cảng biển

a

Thu thập số liệu, tài liệu về các yếu tố tự nhiên và môi trường cho phát triển vùng đất, vùng nước cảng biển

CG2, CG3 CG4

10

b

Thu thập số liệu, tài liệu các yếu tố kinh tế - xã hội cho phát triển vùng đất, vùng nước cảng biển

CG2, CG3 CG4

10

3

Phân tích đánh giá về các yếu tố, điều kiện tự nhiên, nguồn lực, bối cảnh, thực trạng phân bố và sử dụng không gian vùng đất, vùng nước cảng biển

a

Phân tích, đánh giá các yếu tố, điều kiện tự nhiên có ảnh hưởng đến phát triển vùng đất, vùng nước cảng biển

CG2, CG3, CG4

15

b

Phân tích, đánh giá các yếu tố về nguồn lực cho phát triển vùng đất, vùng nước cảng biển

CG2, CG3, CG4

15

c

Phân tích, đánh giá thực trạng phân bố, sử dụng không gian nhóm cảng biển

CG2, CG3, CG4

10

4

Xu thế phát triển giao thông vận tải khu vực vùng đất, vùng nước cảng biển

CG1, CG2, CG3, CG4

25

5

Đánh giá hiện trạng vùng đất, vùng nước cảng biển; kết nối giao thông vùng đất, vùng nước cảng biển

a

Phân tích, đánh giá thực hiện các chiến lược, quy hoạch và các dự án đầu tư có liên quan

CG1, CG2, CG3

20

b

Phân tích, đánh giá hiện trạng về hạ tầng bến cảng, cầu cảng, cỡ tàu, kho bãi, bến phao, khu neo đậu, khu chuyển tải, vùng nước cảng, luồng hàng hải, công trình phụ trợ bảo đảm hàng hải; hiện trạng về khối lượng hàng hóa, hành khách thông qua cảng, lượt tàu, phương tiện thủy nội địa qua cảng, năng suất xếp dỡ của cảng biển; khu bến cảng, công tác quản lý thực hiện quy hoạch và các chính sách khác

CG1, CG2, CG3, CG4

50

c

Đánh giá các tác động của biến đổi khí hậu và nước biển dâng

CG2, CG3, CG4

20

d

Phân tích, đánh giá sự liên kết, đồng bộ của vùng đất, vùng nước cảng biển với các chuyên ngành khác trong khu vực

CG1, CG2

12

e

Phân tích, đánh giá sự liên kết giữa vùng đất, vùng nước cảng biển với kết cấu hạ tầng của các ngành, lĩnh vực khác

CG1, CG2

13

6

Xác định, đánh giá tác động phát triển kinh tế - xã hội của vùng đối với vùng đất, vùng nước cảng biển, những cơ hội và thách thức đối với phát triển vùng đất, vùng nước cảng biển

a

Xác định, đánh giá tác động phát triển kinh tế - xã hội đối với vùng đất, vùng nước cảng biển

CG1, CG2, CG3

10

b

Phân tích, đánh giá những cơ hội, thách thức phát triển vùng đất, vùng nước cảng biển trong thời kỳ quy hoạch.

CG1, CG2, CG3

10

7

Dự báo khối lượng hàng hóa thông qua cảng

a

Phương pháp, phạm vi, căn cứ dự báo

CG1, CG2

15

b

Dự báo nhu cầu hàng hóa thông qua cảng biển, khu bến/bến cảng biển phân theo: xuất nhập khẩu, nội địa; theo mặt hàng/nhóm mặt hàng

CG1, CG2

50

c

Dự báo nhu cầu hành khách thông qua cảng biển, khu bến/bến cảng biển phân theo: quốc tế, nội địa

CG1, CG2

50

d

Dự báo phương tiện (đội tàu) đến nhóm cảng biển theo cảng biển/khu bến cảng biển

CG1, CG2

50

e

Dự báo lưu lượng phương tiện đến cảng biển, khu bến/bến cảng biển phân theo: loại hình phương tiện (đường biển, đường thủy nội địa); chủng loại phương tiện (tàu container, tàu hàng rời, tàu hàng bách hóa, tàu hàng lỏng), cỡ phương tiện (trọng tải, dung tích)

CG1, CG2

50

8

Xác định quan điểm và mục tiêu phát triển vùng đất, vùng nước cảng biển

a

Xác định quan điểm phát triển

CG1, CG2

15

b

Xác định mục tiêu phát triển

CG1, CG2

25

9

Xây dựng phương án phát triển vùng đất, vùng nước cảng biển

a

Phương án quy hoạch chi tiết vùng đất, vùng nước cảng biển

a.1

Xác định vị trí, quy mô, công năng, diện tích vùng đất; vùng nước, diện tích kho bãi, khu vực hậu cần bến cảng, phân bố các khu công năng của cảng biển trong phạm vi vùng đất, vùng nước được quy hoạch; công suất thiết kế của các cầu cảng, bến cảng; xác định các thông số kỹ thuật cơ bản luồng tàu, cỡ tàu chuẩn hàng hải trên luồng

CG1, CG2 CG3

130

a.2

Xác định vị trí, thông số kỹ thuật cơ bản cầu cảng, bến cảng, các công trình hạ tầng hàng hải công cộng; xác định quy mô vị trí các công trình phục vụ quản lý nhà nước

CG1, CG2 CG3

130

a.3

Phương án kết nối vùng đất vùng nước cảng biển với các phương thức vận tải, kết nối với cảng cạn, với khu kinh tế, khu công nghiệp

CG1, CG2

90

b

Công nghệ khai thác cảng

CG1, CG2

30

10

Định hướng bố trí sử dụng đất, nước cho phát triển vùng đất, vùng nước cảng biển

CG1, CG2, CG3

50

11

Xác định hoạt động bảo vệ môi trường, ứng phó với biến đổi khí hậu và bảo tồn sinh thái, cảnh quan, di tích đã xếp hạng quốc gia có liên quan quy hoạch vùng đất, vùng nước cảng biển

CG1, CG2, CG3

30

12

Xác định nhu cầu vốn, danh mục các dự án quan trọng, dự án ưu tiên đầu tư, thứ tự ưu tiên thực hiện

a

Xác định nhu cầu vốn

CG1, CG2 CG3

15

b

Xây dựng tiêu chí xác định dự án ưu tiên đầu tư

CG1, CG2 CG3

10

c

Đề xuất thứ tự ưu tiên thực hiện và phương án phân kỳ đầu tư

CG1, CG2 CG3

15

13

Xác định giải pháp, nguồn lực thực hiện quy hoạch

CG1, CG2 CG3

20

14

Xây dựng hệ thống sơ đồ, bản đồ số và bản đồ in

a

Xây dựng hệ thống bản đồ được tích hợp theo hệ thống bản đồ ngành hàng hải, nhóm cảng biển, vùng đất vùng nước cảng biển

a.1

Nghiên cứu, xử lý tổng hợp các loại bản đồ hiện trạng và định hướng ngành hàng hải, nhóm cảng biển, vùng đất vùng nước cảng biển

CG1, CG2 CG3, CG4

15

a.2

Xử lý, chồng lớp bản đồ theo các đối tượng không gian vùng đất, vùng nước cảng biển

CG1, CG2 CG3, CG4

15

b

Biên tập hệ thống sơ đồ, bản đồ số và bản đồ in ấn sản phẩm cuối cùng

b.1

Sơ đồ vị trí địa lý và mối quan hệ vùng đất, vùng nước cảng biển

CG2, CG3 CG4

10

b.2

Bản đồ hiện trạng vùng đất, vùng nước cảng biển

CG2, CG3 CG4

30

b.3

Bản đồ định hướng phát triển vùng đất ,vùng nước cảng biển

CG1, CG2 CG3, CG4

55

b.4

Bản đồ bố trí không gian các dự án ưu tiên đầu tư trong khu vực vùng đất, vùng nước cảng biển

CG1, CG2 CG3, CG5

15

b.5

Bản đồ hiện trạng sử dụng đất sử dụng nước khu vực vùng đất, vùng nước cảng biển

CG2, CG3 CG4

25

b.6

Bản đồ định hướng sử dụng đất, sử dụng nước khu vực vùng đất, vùng nước cảng biển

CG1, CG2 CG3

35

15

Xây dựng báo cáo quy hoạch

a

Xây dựng báo cáo tổng hợp

CG1, CG2

40

b

Xây dựng báo cáo tóm tắt

CG1, CG2

15

16

Đánh giá môi trường trong báo cáo quy hoạch

a

Đánh giá môi trường trong báo cáo quy hoạch

CG2, CG3 CG4

30

17

Xây dựng cơ sở dữ liệu về quy hoạch

a

Xây dựng cơ sở dữ liệu của quy hoạch theo yêu cầu chung của hệ thống thông tin và cơ sở dữ liệu quốc gia về quy hoạch

CG1, CG2 CG3, CG4

30

b

Thể hiện nội dung của quy hoạch trên bản đồ GIS để tích hợp vào hệ thống thông tin và cơ sở dữ liệu quốc gia về quy hoạch

CG1, CG2 CG3, CG4

60

Trân trọng!","vung-nuoc-cang-bien","","","","2021-12-28T00:00:00","https://thuvienphapluat.vn/hoi-dap-phap-luat/dinh-muc-lao-dong-truc-tiep-lap-quy-hoach-vung-dat-vung-nuoc-cang-bien-doi-voi-cang-bien-loai-1-357061.html","2026-05-27T08:53:16.036791+00:00"
"349595","Trong hợp đồng dự án nạo vét vùng nước cảng biển giá hợp đồng bao gồm những nội dung gì?","Trong hợp đồng dự án nạo vét vùng nước cảng biển giá hợp đồng bao gồm những nội dung gì?

Yêu cầu về kỹ thuật, chất lượng thi công dự án và nghiệm thu, bàn giao dự án được thể hiện như thế nào trong hợp đồng dự án nạo vét vùng nước cảng biển?

Trong hợp đồng dự án nạo vét vùng nước cảng biển nội dung về bảo đảm thực hiện hợp đồng được thể hiện như thế nào?

Khoản 5 Điều 28 Thông tư 35/2019/TT-BGTVT được sửa đổi bởi Điều 1 Thông tư 27/2021/TT-BGTVT quy định về các nôi dung có trong phần giá hợp đồng dự án nạo vét vùng nước cảng biển như sau:

Trong hợp đồng dự án nạo vét vùng nước cảng biển, giá hợp đồng bao gồm các nội dung như:

- Kinh phí thực hiện nạo vét bao gồm: kinh phí nạo vét; kinh phí hoàn trả cho nhà nước đã thực hiện các công việc quy định tại các điểm a, b, c khoản 1 Điều 25 Nghị định số 159/2018/NĐ-CP; kinh phí bồi thường, giải phóng mặt bằng; thuế, phí, tiền cấp quyền khai thác khoáng sản của dự án, chi phí khác;

- Giá trị sản phẩm thu hồi;

- Giá trị thanh toán phần chênh lệch giữa kinh phí thực hiện nạo vét và giá trị sản phẩm thu hồi;

- Điều chỉnh kinh phí nạo vét, giá trị sản phẩm thu hồi và giá trị thanh toán phần chênh lệch.

Trong hợp đồng dự án nạo vét vùng nước cảng biển giá hợp đồng bao gồm những nội dung gì? (Hình từ Internet)

Khoản 7 Điều 28 Thông tư 35/2019/TT-BGTVT quy định nội dung về yêu cầu về kỹ thuật, chất lượng thi công dự án và nghiệm thu, bàn giao dự án trong hợp đồng dự án nạo vét vùng nước cảng biển như sau:

Yêu cầu về kỹ thuật, chất lượng thi công dự án và nghiệm thu, bàn giao dự án trong hợp đồng dự án nạo vét vùng nước cảng biển gồm các nội dung như:

- Các yêu cầu về kỹ thuật, chất lượng thi công dự án;

- Điều kiện nghiệm thu, căn cứ nghiệm thu, thành phần nghiệm thu;

- Hồ sơ nghiệm thu, bàn giao.

Khoản 10 Điều 28 Thông tư 35/2019/TT-BGTVT quy định nôi dung về bảo đảm thực hiện hợp đồng dự án nạo vét vùng nước cảng biển như sau:

Nội dung liên quan đến bảo đảm thực hiện hợp đồng trong dự án nạo vét vùng nước cảng biển được thực hiện tuân theo quy định tại khoản 10 Điều 28 Thông tư 35/2019/TT-BGTVT.

Trân trọng!

Các nội dung cần thiết của hợp đồng dự án

Hợp đồng dự án xã hội hóa nạo vét vùng nước cảng biển được thực hiện theo quy định tại Điều 35 của Nghị định số 159/2018/NĐ-CP và hướng dẫn của Bộ Xây dựng về hợp đồng thi công xây dựng, ngoài ra bao gồm một số nội dung cụ thể sau đây:

5. Giá hợp đồng bao gồm các nội dung:

a) Kinh phí thực hiện nạo vét bao gồm: kinh phí nạo vét; kinh phí hoàn trả cho nhà nước đã thực hiện các công việc quy định tại các điểm a, b, c khoản 1 Điều 25 Nghị định số 159/2018/NĐ-CP; kinh phí bồi thường, giải phóng mặt bằng; thuế, phí, tiền cấp quyền khai thác khoáng sản của dự án, chi phí khác;

b) Giá trị sản phẩm thu hồi;

c) Giá trị thanh toán phần chênh lệch giữa kinh phí thực hiện nạo vét và giá trị sản phẩm thu hồi;

d) Điều chỉnh kinh phí nạo vét, giá trị sản phẩm thu hồi và giá trị thanh toán phần chênh lệch.

Các nội dung cần thiết của hợp đồng dự án

Hợp đồng dự án xã hội hóa nạo vét vùng nước cảng biển được thực hiện theo quy định tại Điều 35 của Nghị định số 159/2018/NĐ-CP và hướng dẫn của Bộ Xây dựng về hợp đồng thi công xây dựng, ngoài ra bao gồm một số nội dung cụ thể sau đây:

7. Yêu cầu về kỹ thuật, chất lượng thi công dự án và nghiệm thu, bàn giao dự án

a) Các yêu cầu về kỹ thuật, chất lượng thi công dự án;

b) Điều kiện nghiệm thu, căn cứ nghiệm thu, thành phần nghiệm thu;

c) Hồ sơ nghiệm thu, bàn giao.

Chi phí chuẩn bị đầu tư

Căn cứ danh mục khu vực nạo vét được Bộ Giao thông vận tải phê duyệt, Cục Hàng hải Việt Nam lập chi phí chuẩn bị đầu tư bao gồm các chi phí quy định tại điểm a, điểm b và điểm c, khoản 1 Điều 25 Nghị định số 159/2018/NĐ-CP, trình Bộ Giao thông vận tải xem xét, thẩm định, tổng hợp chi phí chuẩn bị đầu tư vào kế hoạch bảo trì công trình hàng hải hàng năm.

10. Bảo đảm thực hiện hợp đồng

a) Trước thời điểm hợp đồng có hiệu lực, Bên B phải nộp bảo đảm thực hiện hợp đồng cho Bên A, mức bảo đảm hợp đồng trong khoảng từ 01% đến 03% tổng mức đầu tư của dự án, hình thức bảo đảm hợp đồng có thể lựa chọn một trong các hình thức đặt cọc hoặc ký quỹ hoặc thư bảo lãnh của ngân hàng hoặc tổ chức tài chính tại Việt Nam.

Trường hợp Bên B là nhà thầu liên danh thì từng thành viên phải nộp bảo đảm thực hiện hợp đồng cho Bên A, mức bảo đảm tương ứng với phần giá trị hợp đồng mà mỗi thành viên thực hiện. Nếu liên danh có thỏa thuận nhà đầu tư đứng đầu liên danh nộp bảo đảm thực hiện hợp đồng thì nhà đầu tư đứng đầu liên danh nộp bảo đảm cho Bên A, từng thành viên nộp bảo đảm thực hiện hợp đồng cho nhà đầu tư đứng đầu liên danh tương ứng với giá trị hợp đồng do mình thực hiện.

Bảo đảm thực hiện hợp đồng phải có giá trị và có hiệu lực tới khi Bên B đã thi công, hoàn thành dự án tương ứng với hợp đồng đã ký kết được Bên A nghiệm thu. Nếu các điều khoản của bảo đảm thực hiện hợp đồng nêu rõ ngày hết hạn và Bên B chưa hoàn thành các nghĩa vụ của hợp đồng vào thời điểm 10 ngày trước ngày hết hạn, Bên B sẽ phải gia hạn giá trị của bảo đảm thực hiện hợp đồng cho tới khi công việc đã được hoàn thành và mọi sai sót đã được sửa chữa xong;

b) Bên B sẽ không được nhận lại bảo đảm thực hiện hợp đồng trong trường hợp từ chối thực hiện hợp đồng đã có hiệu lực và các trường hợp khác (do các bên thỏa thuận). Bên A phải hoàn trả cho Bên B bảo đảm thực hiện hợp đồng khi Bên B đã hoàn thành các công việc theo hợp đồng.","vung-nuoc-cang-bien","","","","2021-10-02T00:00:00","https://thuvienphapluat.vn/hoi-dap-phap-luat/nhiem-vu-cua-cang-vu-hang-hai-ve-quan-ly-cong-trinh-hang-hai-va-cong-trinh-khac-trong-vung-nuoc-cang-bien-349595.html","2026-05-27T08:53:20.348025+00:00"
"307731","Phạm vi vùng nước cảng biển Quảng Ngãi tại khu vực Dung Quất theo hệ tọa độ WGS-84 và VN 2000","Căn cứ Phụ lục Thông tư 37/2019/TT-BGTVT có hiệu lực ngày 03/10/2019 quy định phạm vi vùng nước cảng biển Quảng Ngãi tại khu vực Dung Quất gồm các vị trí có tọa độ như sau:

Điểm

Hệ tọa độ WGS-84

Hệ tọa độ VN 2000

Vĩ độ (N)

Kinh độ (E)

Vĩ độ (N)

Kinh độ (E)

DQ1

15°23’50.0”

108°44’30.0”

15°23’53.7”

108°44’23.5”

DQ2

15°27’00.0”

108°43’30.0”

15°27’03.7”

108°43’23.4”

DQ3

15°29’56.3”

108°43’30.0”

15°30’00.0”

108°43’23.4”

DQ4

15°29’56.3”

108°55’06.5”

15°30’00.0”

108°55’00.0”

DQ5

15°21’02.6”

108°55’06.5”

15°21’06.3”

108°55’00.0”

DQ6

15°21’02.6”

108°52’13.5”

15°21’06.3”

108°52’07.0”

Chúng tôi phản hồi thông tin đến bạn.

Trân trọng!","vung-nuoc-cang-bien","","","","2019-10-18T00:00:00","https://thuvienphapluat.vn/hoi-dap-phap-luat/pham-vi-vung-nuoc-cang-bien-quang-ngai-tai-khu-vuc-dung-quat-theo-he-toa-do-wgs-84-va-vn-2000-307731.html","2026-05-27T08:53:24.966798+00:00"
"307732","Phạm vi vùng nước cảng biển Quảng Ngãi tại khu vực Sa Kỳ theo hệ tọa độ WGS-84 và VN 2000","Căn cứ Phụ lục Thông tư 37/2019/TT-BGTVT có hiệu lực ngày 03/10/2019 quy định phạm vi vùng nước cảng biển Quảng Ngãi tại khu vực Sa kỳ gồm các vị trí có tọa độ như sau:

Điểm

Hệ tọa độ WGS-84

Hê tọa độ VN 2000

Vĩ độ (N)

Kinh độ (E)

Vĩ độ (N)

Kinh độ (E)

SK1

15°12’37.0”

108°55’41.0”

15°12’40.7”

108°55’34.5”

SK2

15°12’32.0”

108°56’13.0”

15°12’35.7”

108°56’06.5”

SK3

15°11’33.0”

108°56’13.0”

15°11’36.7”

108°56’06.5”

SK4

15°12’04.5”

108°55’08.0”

15°12’08.2”

108°55’01.5”

SK5

15°13’00.0”

108°54’42.0”

15°13’03.7”

108°54’35.5”

SK6

15°13’03.0”

108°54’47.0”

15°13’06.7”

108°54’40.5”

Chúng tôi phản hồi thông tin đến bạn.

Trân trọng!","vung-nuoc-cang-bien","","","","2019-10-17T00:00:00","https://thuvienphapluat.vn/hoi-dap-phap-luat/pham-vi-vung-nuoc-cang-bien-quang-ngai-tai-khu-vuc-sa-ky-theo-he-toa-do-wgs-84-va-vn-2000-307732.html","2026-05-27T08:53:29.561333+00:00"
"307733","Phạm vi vùng nước cảng biển Quảng Ngãi tại khu vực đảo Lý Sơn theo hệ tọa độ WGS-84 và VN 2000","Căn cứ Phụ lục Thông tư 37/2019/TT-BGTVT có hiệu lực ngày 03/10/2019 quy định phạm vi vùng nước cảng biển Quảng Ngãi tại khu vực đảo Lý Sơn gồm các vị trí có tọa độ như sau:

Điểm

Hệ tọa độ WGS-84

Hê tọa độ VN 2000

Vĩ độ (N)

Kinh độ (E)

Vĩ độ (N)

Kinh độ (E)

LS1

15°22’29”

109°06’07”

15°22’32.7”

109°06’00.5”

LS2

15°20’32”

109°05’35”

15°20’35.7”

109°05’28.5”

LS3

15°20’10”

109°07’06”

15°20’13.7”

109°06’59.5”

LS4

15°22’24”

109°07’43”

15°22’27.7”

109°07’36.5”

Chúng tôi phản hồi thông tin đến bạn.

Trân trọng!","vung-nuoc-cang-bien","","","","2019-10-17T00:00:00","https://thuvienphapluat.vn/hoi-dap-phap-luat/pham-vi-vung-nuoc-cang-bien-quang-ngai-tai-khu-vuc-dao-ly-son-theo-he-toa-do-wgs-84-va-vn-2000-307733.html","2026-05-27T08:53:34.858286+00:00"
"307721","Những vùng nước cảng biển nào thuộc địa phận tỉnh Quảng Ngãi?","Địa phận tỉnh Quảng Ngãi gồm những vùng nước cảng biển nào?

Phạm vi vùng nước cảng biển Quảng Ngãi tại khu vực Dung Quất?

Phạm vi vùng nước cảng biển Quảng Ngãi tại khu vực đảo Lý Sơn?

Phạm vi vùng nước cảng biển Quảng Ngãi tại khu vực Sa Kỳ?

Căn cứ Điều 1 Thông tư 37/2019/TT-BGTVT quy định về các vùng nước cảng biển thuộc tỉnh Quảng Ngãi như sau:

Vậy, vùng nước cảng biển thuộc địa phận tỉnh Quảng Ngãi bao gồm các vùng nước sau:

- Vùng nước cảng biển Quảng Ngãi tại khu vực Dung Quất.

- Vùng nước cảng biển Quảng Ngãi tại khu vực Sa Kỳ.

- Vùng nước cảng biển Quảng Ngãi tại khu vực đảo Lý Sơn.

Những vùng nước cảng biển nào thuộc địa phận tỉnh Quảng Ngãi? (Hình từ Internet)

Căn cứ Khoản 1 Điều 2 Thông tư 37/2019/TT-BGTVT quy định phạm vi vùng nước cảng biển Quảng Ngãi tại khu vực Dung Quất như sau:

Vậy, phạm vi vùng nước cảng biển Quảng Ngãi tại khu vực Dung Quất gồm:

- Ranh giới về phía biển: được giới hạn bởi các đoạn thẳng nối lần lượt các điểm DQ1, DQ2, DQ3, DQ4, DQ5 và DQ6, có vị trí tọa độ sau đây:

+ DQ1: 15°23’50.0”N, 108°144’30.0”E.

+ DQ2: 15°27’00.0”N, 108°43’30.0”E.

+ DQ3: 15°29’56.3”N, 108°43’30.0”E.

+ DQ4: 15°29’56.3”N, 108°55’06.5”E.

+ DQ5: 15°21’02.6”N, 108°55’06.5”E.

+ DQ6: 15°21’02.6”N, 108°55’13.5”E; (mũi Phước Thiện).

- Ranh giới về phía đất liền: từ điểm DQ1 chạy dọc theo bờ biển về phía Đông Nam qua cửa sông Trà Bồng chạy tiếp đến điểm DQ6 (mũi Phước Thiện).

Căn cứ Khoản 3 Điều 2 Thông tư 37/2019/TT-BGTVT có hiệu lực ngày 01/12/2019 quy định phạm vi vùng nước cảng biển Quảng Ngãi tại khu vực đảo Lý Sơn như sau:

Vậy, phạm vi vùng nước cảng biển Quảng Ngãi tại khu vực đảo Lý Sơn gồm:

- Ranh giới về phía biển: được giới hạn bởi các đoạn thẳng nối lần lượt các điểm LS1, LS2, LS3 và LS4 có vị trí tọa độ sau đây:

+ LS1: 15°22’29”N, 109°06’07”E.

+ LS2: 15°20’32”N; 109°05’35”E.

+ LS3: 15°20’10”N; 109°07’06”E.

+ LS4: 15°22’24”N; 109°07’43”E.

- Ranh giới về phía đất liền: từ điểm LS1 chạy dọc theo bờ biển về phía Tây Đông đến điểm LS4.

Căn cứ Khoản 2 Điều 2 Thông tư 37/2019/TT-BGTVT quy định phạm vi vùng nước cảng biển Quảng Ngãi tại khu vực Sa Kỳ như sau:

Vậy, phạm vi vùng nước cảng biển Quảng Ngãi tại khu vực Sa Kỳ gồm:

- Ranh giới về phía biên: được giới hạn bởi các đoạn thẳng nối lần lượt các điểm SK1, SK2, SK3 và SK4, có vị trí tọa độ sau đây:

SK1: 15°12’37.0”N, 108°55’41.0”E.

SK2: 15°12’32.0”N, 108°56’13.0”E.

SK3: 15°11’33.0”N, 108°56’13.0”E.

SK4: 15°12’04.5”N, 108°55’08.0”E.

- Ranh giới về phía đất liền: từ hai điểm SK1 và SK4 chạy dọc theo bờ biển về phía cửa sông Sa Kỳ đến đường thẳng cắt ngang sông Sa Kỳ, nối hai điểm SK5 và SK6, có vị trí tọa độ sau đây:

SK5: 15°13’00.0”N, 108°54’42.0” E.

SK6: 15°13’03.0”N, 108°54’47.0” E.

Trân trọng!

Công bố vùng nước cảng biển thuộc địa phận tỉnh Quảng Ngãi

Vùng nước cảng biển Quảng Ngãi thuộc địa phận tỉnh Quảng Ngãi bao gồm các vùng nước sau:

1. Vùng nước cảng biển Quảng Ngãi tại khu vực Dung Quất.

2. Vùng nước cảng biển Quảng Ngãi tại khu vực Sa Kỳ.

3. Vùng nước cảng biển Quảng Ngãi tại khu vực đảo Lý Sơn.

Phạm vi vùng nước các cảng biển thuộc địa phận tỉnh Quảng Ngãi

Phạm vi vùng nước cảng biển thuộc địa phận tỉnh Quảng Ngãi tính theo mực nước thủy triều lớn nhất được quy định cụ thể như sau:

1. Phạm vi vùng nước cảng biển Quảng Ngãi tại khu vực Dung Quất:

a) Ranh giới về phía biển: được giới hạn bởi các đoạn thẳng nối lần lượt các điểm DQ1, DQ2, DQ3, DQ4, DQ5 và DQ6, có vị trí tọa độ sau đây:

DQ1: 15°23’50.0”N, 108°144’30.0”E;

DQ2: 15°27’00.0”N, 108°43’30.0”E;

DQ3: 15°29’56.3”N, 108°43’30.0”E;

DQ4: 15°29’56.3”N, 108°55’06.5”E;

DQ5: 15°21’02.6”N, 108°55’06.5”E;

DQ6: 15°21’02.6”N, 108°55’13.5”E; (mũi Phước Thiện).

b) Ranh giới về phía đất liền: từ điểm DQ1 chạy dọc theo bờ biển về phía Đông Nam qua cửa sông Trà Bồng chạy tiếp đến điểm DQ6 (mũi Phước Thiện)

Phạm vi vùng nước các cảng biển thuộc địa phận tỉnh Quảng Ngãi

Phạm vi vùng nước cảng biển thuộc địa phận tỉnh Quảng Ngãi tính theo mực nước thủy triều lớn nhất được quy định cụ thể như sau:

3. Phạm vi vùng nước cảng biển Quảng Ngãi tại khu vực đảo Lý Sơn:

a) Ranh giới về phía biển: được giới hạn bởi các đoạn thẳng nối lần lượt các điểm LS1, LS2, LS3 và LS4 có vị trí tọa độ sau đây:

LS1: 15°22’29”N, 109°06’07”E;

LS2: 15°20’32”N; 109°05’35”E.

LS3: 15°20’10”N; 109°07’06”E;

LS4: 15°22’24”N; 109°07’43”E;

b) Ranh giới về phía đất liền: từ điểm LS1 chạy dọc theo bờ biển về phía Tây Đông đến điểm LS4.

Phạm vi vùng nước các cảng biển thuộc địa phận tỉnh Quảng Ngãi

Phạm vi vùng nước cảng biển thuộc địa phận tỉnh Quảng Ngãi tính theo mực nước thủy triều lớn nhất được quy định cụ thể như sau:

2. Phạm vi vùng nước cảng biển Quảng Ngãi tại khu vực Sa Kỳ:

a) Ranh giới về phía biên: được giới hạn bởi các đoạn thẳng nối lần lượt các điểm SK1, SK2, SK3 và SK4, có vị trí tọa độ sau đây:

SK1: 15°12’37.0”N, 108°55’41.0”E;

SK2: 15°12’32.0”N, 108°56’13.0”E;

SK3: 15°11’33.0”N, 108°56’13.0”E;

SK4: 15°12’04.5”N, 108°55’08.0”E.

b) Ranh giới về phía đất liền: từ hai điểm SK1 và SK4 chạy dọc theo bờ biển về phía cửa sông Sa Kỳ đến đường thẳng cắt ngang sông Sa Kỳ, nối hai điểm SK5 và SK6, có vị trí tọa độ sau đây:

SK5: 15°13’00.0”N, 108°54’42.0” E;

SK6: 15°13’03.0”N, 108°54’47.0” E.","vung-nuoc-cang-bien","","","","2019-10-16T00:00:00","https://thuvienphapluat.vn/hoi-dap-phap-luat/dia-phan-tinh-quang-ngai-gom-nhung-vung-nuoc-cang-bien-nao-307721.html","2026-05-27T08:53:40.023334+00:00"
"307722","Phạm vi vùng nước cảng biển Quảng Ngãi tại khu vực Dung Quất","Căn cứ Khoản 1 Điều 2 Thông tư 37/2019/TT-BGTVT có hiệu lực ngày 01/12/2019 quy định phạm vi vùng nước cảng biển Quảng Ngãi tại khu vực Dung Quất như sau:

- Ranh giới về phía biển: được giới hạn bởi các đoạn thẳng nối lần lượt các điểm DQ1, DQ2, DQ3, DQ4, DQ5 và DQ6, có vị trí tọa độ sau đây:

DQ1: 15°23’50.0”N, 108°144’30.0”E.

DQ2: 15°27’00.0”N, 108°43’30.0”E.

DQ3: 15°29’56.3”N, 108°43’30.0”E.

DQ4: 15°29’56.3”N, 108°55’06.5”E.

DQ5: 15°21’02.6”N, 108°55’06.5”E.

DQ6: 15°21’02.6”N, 108°55’13.5”E; (mũi Phước Thiện).

- Ranh giới về phía đất liền: từ điểm DQ1 chạy dọc theo bờ biển về phía Đông Nam qua cửa sông Trà Bồng chạy tiếp đến điểm DQ6 (mũi Phước Thiện).

Chúng tôi phản hồi thông tin đến bạn.

Trân trọng!","vung-nuoc-cang-bien","","","","2019-10-16T00:00:00","https://thuvienphapluat.vn/hoi-dap-phap-luat/pham-vi-vung-nuoc-cang-bien-quang-ngai-tai-khu-vuc-dung-quat-307722.html","2026-05-27T08:53:44.604729+00:00"
"307723","Phạm vi vùng nước cảng biển Quảng Ngãi tại khu vực Sa Kỳ","Căn cứ Khoản 2 Điều 2 Thông tư 37/2019/TT-BGTVT có hiệu lực ngày 03/10/2019 quy định phạm vi vùng nước cảng biển Quảng Ngãi tại khu vực Sa Kỳ như sau:

- Ranh giới về phía biên: được giới hạn bởi các đoạn thẳng nối lần lượt các điểm SK1, SK2, SK3 và SK4, có vị trí tọa độ sau đây:

SK1: 15°12’37.0”N, 108°55’41.0”E.

SK2: 15°12’32.0”N, 108°56’13.0”E.

SK3: 15°11’33.0”N, 108°56’13.0”E.

SK4: 15°12’04.5”N, 108°55’08.0”E.

- Ranh giới về phía đất liền: từ hai điểm SK1 và SK4 chạy dọc theo bờ biển về phía cửa sông Sa Kỳ đến đường thẳng cắt ngang sông Sa Kỳ, nối hai điểm SK5 và SK6, có vị trí tọa độ sau đây:

SK5: 15°13’00.0”N, 108°54’42.0” E.

SK6: 15°13’03.0”N, 108°54’47.0” E.

Chúng tôi phản hồi thông tin đến bạn.

Trân trọng!","vung-nuoc-cang-bien","","","","2019-10-16T00:00:00","https://thuvienphapluat.vn/hoi-dap-phap-luat/pham-vi-vung-nuoc-cang-bien-quang-ngai-tai-khu-vuc-sa-ky-307723.html","2026-05-27T08:53:49.992440+00:00"
"307724","Trong hợp đồng dự án nạo vét vùng nước cảng biển thông tin về các bên trong hợp đồng được quy định như thế nào?","Thông tin về các bên trong hợp đồng dự án nạo vét vùng nước cảng biển được quy định như thế nào?

Thời gian và tiến độ thực hiện hợp đồng dự án nạo vét vùng nước cảng biển được quy định như thế nào khi thể hiện vào hợp đồng?

Nội dung về quy mô, giải pháp thi công được thể hiện trong hợp đồng dự án nạo vét vùng nước cảng biển được quy định như thế nào?

Khoản 1 Điều 28 Thông tư 35/2019/TT-BGTVT quy định về việc thể hiện thông tin các bên trong hợp đồng dự án nạo vét vùng nước cảng biển như sau:

Vậy, trong hợp đồng dự án nạo vét vùng nước cảng biển, các bên trong hợp đồng gồm có bên A là cơ quan nhà nước có thẩm quyền và bên B là nhà đầu tư.

Các thông tin về các bên bao gồm: thông tin về người đại diện theo pháp luật, chức vụ, địa chỉ, điện thoại, số tài khoản, số fax, mã số thuế của từng bên tham gia hợp đồng.

Trong hợp đồng dự án nạo vét vùng nước cảng biển thông tin về các bên trong hợp đồng được quy định như thế nào? (Hình từ Internet)

Khoản 3 Điều 28 Thông tư 35/2019/TT-BGTVT quy định về việc thể hiện thông tin liên quan đến thời gian và tiến độ thực hiện hợp đồng được thể hiện trong dự án như sau:

Vậy, trong hợp đồng dự án xã hội hóa nạo vét vùng nước cảng biển:

- Thời gian thực hiện hợp đồng bao gồm thời gian giải phóng mặt bằng, thời điểm khởi công xây dựng và tiến độ thực hiện từng hạng mục, từng khu vực thuộc dự án, thời điểm hoàn thành công trình được lập thành phụ lục chi tiết, quy định cụ thể tiến độ và thời gian thực hiện từng hạng mục, từng khu vực;

- Quy định các trường hợp và điều kiện được gia hạn hoặc rút ngắn thời hạn

Khoản 4 Điều 28 Thông tư 35/2019/TT-BGTVT quy định nội dung về quy mô, giải pháp thi công được thể hiện trong hợp đồng dự án nạo vét vùng nước cảng biển như sau:

Vậy, trong hợp đồng dự án xã hội hóa nạo vét vùng nước cảng biển, quy mô, giải pháp thi công dự án được thể hiện như sau:

- Quy mô dự án: mô tả cụ thể (hạng mục, chuẩn tắc, khối lượng, phạm vi, trang thiết bị phục vụ thi công, tính năng phương tiện thi công, thiết bị giám sát phương tiện thi công…);

- Biện pháp thi công, trình tự thi công, kế hoạch thi công.

Trân trọng!

Các nội dung cần thiết của hợp đồng dự án

Hợp đồng dự án xã hội hóa nạo vét vùng nước cảng biển được thực hiện theo quy định tại Điều 35 của Nghị định số 159/2018/NĐ-CP và hướng dẫn của Bộ Xây dựng về hợp đồng thi công xây dựng, ngoài ra bao gồm một số nội dung cụ thể sau đây:

1. Thông tin về các bên trong hợp đồng

Bên A: Cơ quan nhà nước có thẩm quyền theo Điều 24 của Nghị định số 159/2018/NĐ-CP.

Bên B: Nhà đầu tư

Các thông tin về các bên bao gồm: thông tin về người đại diện theo pháp luật, chức vụ, địa chỉ, điện thoại, số tài khoản, số fax, mã số thuế của từng bên tham gia hợp đồng.

Các nội dung cần thiết của hợp đồng dự án

Hợp đồng dự án xã hội hóa nạo vét vùng nước cảng biển được thực hiện theo quy định tại Điều 35 của Nghị định số 159/2018/NĐ-CP và hướng dẫn của Bộ Xây dựng về hợp đồng thi công xây dựng, ngoài ra bao gồm một số nội dung cụ thể sau đây:

...

3. Thời gian và tiến độ thực hiện hợp đồng

a) Thời gian thực hiện hợp đồng bao gồm thời gian giải phóng mặt bằng, thời điểm khởi công xây dựng và tiến độ thực hiện từng hạng mục, từng khu vực thuộc dự án, thời điểm hoàn thành công trình được lập thành phụ lục chi tiết, quy định cụ thể tiến độ và thời gian thực hiện từng hạng mục, từng khu vực;

b) Quy định các trường hợp và điều kiện được gia hạn hoặc rút ngắn thời hạn

Các nội dung cần thiết của hợp đồng dự án

Hợp đồng dự án xã hội hóa nạo vét vùng nước cảng biển được thực hiện theo quy định tại Điều 35 của Nghị định số 159/2018/NĐ-CP và hướng dẫn của Bộ Xây dựng về hợp đồng thi công xây dựng, ngoài ra bao gồm một số nội dung cụ thể sau đây:

...

4. Quy mô, giải pháp thi công

a) Mô tả quy mô dự án (hạng mục, chuẩn tắc, khối lượng, phạm vi, trang thiết bị phục vụ thi công, tính năng phương tiện thi công, thiết bị giám sát phương tiện thi công…);

b) Biện pháp thi công, trình tự thi công, kế hoạch thi công.","vung-nuoc-cang-bien","","","","2019-10-16T00:00:00","https://thuvienphapluat.vn/hoi-dap-phap-luat/pham-vi-vung-nuoc-cang-bien-quang-ngai-tai-khu-vuc-dao-ly-son-307724.html","2026-05-27T08:53:55.231307+00:00"
"307725","Ranh giới vùng nước cảng biển thuộc địa phận tỉnh Quãng Ngãi được xác định dựa vào đâu?","Ranh giới vùng nước cảng biển thuộc địa phận tỉnh Quãng Ngãi được xác định dựa vào đâu?

Phạm vi vùng nước cảng biển Quảng Ngãi tại khu vực đảo Lý Sơn?

Phạm vi vùng nước cảng biển Quảng Ngãi tại khu vực Sa Kỳ?

Căn cứ Khoản 4 Điều 2 Thông tư 37/2019/TT-BGTVT có hiệu lực ngày 01/12/2019 quy định ranh giới vùng nước cảng biển thuộc địa phận tỉnh Quãng Ngãi được xác định như sau:

Như vậy, ranh giới vùng nước cảng biển thuộc địa phận tỉnh Quảng Ngãi được xác định trên Hải đồ số VN50023, VN50024, VN30014 do Xí nghiệp khảo sát Bảo đảm an toàn hàng hải miền Bắc, Tổng Công ty Bảo đảm an toàn hàng hải miền Bắc xuất bản năm 2015.

Ranh giới vùng nước cảng biển thuộc địa phận tỉnh Quãng Ngãi được xác định dựa vào đâu? (Hình từ Internet)

Căn cứ Khoản 3 Điều 2 Thông tư 37/2019/TT-BGTVT có hiệu lực ngày 01/12/2019 quy định phạm vi vùng nước cảng biển Quảng Ngãi tại khu vực đảo Lý Sơn như sau:

Vậy, phạm vi vùng nước cảng biển Quảng Ngãi tại khu vực đảo Lý Sơn gồm:

- Ranh giới về phía biển: được giới hạn bởi các đoạn thẳng nối lần lượt các điểm LS1, LS2, LS3 và LS4 có vị trí tọa độ sau đây:

+ LS1: 15°22’29”N, 109°06’07”E;

+ LS2: 15°20’32”N; 109°05’35”E.

+ LS3: 15°20’10”N; 109°07’06”E;

+ LS4: 15°22’24”N; 109°07’43”E;

- Ranh giới về phía đất liền: từ điểm LS1 chạy dọc theo bờ biển về phía Tây Đông đến điểm LS4

Căn cứ Khoản 2 Điều 2 Thông tư 37/2019/TT-BGTVT có hiệu lực ngày 03/10/2019 quy định phạm vi vùng nước cảng biển Quảng Ngãi tại khu vực Sa Kỳ như sau:

Vậy, phạm vi vùng nước cảng biển Quảng Ngãi tại khu vực Sa Kỳ gồm:

- Ranh giới về phía biên: được giới hạn bởi các đoạn thẳng nối lần lượt các điểm SK1, SK2, SK3 và SK4, có vị trí tọa độ sau đây:

+ SK1: 15°12’37.0”N, 108°55’41.0”E;

+ SK2: 15°12’32.0”N, 108°56’13.0”E;

+ SK3: 15°11’33.0”N, 108°56’13.0”E;

+ SK4: 15°12’04.5”N, 108°55’08.0”E.

- Ranh giới về phía đất liền: từ hai điểm SK1 và SK4 chạy dọc theo bờ biển về phía cửa sông Sa Kỳ đến đường thẳng cắt ngang sông Sa Kỳ, nối hai điểm SK5 và SK6, có vị trí tọa độ sau đây:

+ SK5: 15°13’00.0”N, 108°54’42.0” E;

+ SK6: 15°13’03.0”N, 108°54’47.0” E.

Trân trọng!

Phạm vi vùng nước các cảng biển thuộc địa phận tỉnh Quảng Ngãi

...

Phạm vi vùng nước cảng biển thuộc địa phận tỉnh Quảng Ngãi tính theo mực nước thủy triều lớn nhất được quy định cụ thể như sau:

...

4. Ranh giới vùng nước cảng biển quy định tại Thông tư này được xác định trên Hải đồ số VN50023, VN50024, VN30014 do Xí nghiệp khảo sát Bảo đảm an toàn hàng hải miền Bắc, Tổng Công ty Bảo đảm an toàn hàng hải miền Bắc xuất bản năm 2015. Tọa độ các điểm quy định trong Thông tư này được áp dụng theo Hệ tọa độ WGS-84 và được chuyển đổi sang Hệ tọa độ VN-2000 tại Phụ lục ban hành kèm theo Thông tư này.

Phạm vi vùng nước các cảng biển thuộc địa phận tỉnh Quảng Ngãi

...

Phạm vi vùng nước cảng biển thuộc địa phận tỉnh Quảng Ngãi tính theo mực nước thủy triều lớn nhất được quy định cụ thể như sau:

...

3. Phạm vi vùng nước cảng biển Quảng Ngãi tại khu vực đảo Lý Sơn:

a) Ranh giới về phía biển: được giới hạn bởi các đoạn thẳng nối lần lượt các điểm LS1, LS2, LS3 và LS4 có vị trí tọa độ sau đây:

LS1: 15°22’29”N, 109°06’07”E;

LS2: 15°20’32”N; 109°05’35”E.

LS3: 15°20’10”N; 109°07’06”E;

LS4: 15°22’24”N; 109°07’43”E;

b) Ranh giới về phía đất liền: từ điểm LS1 chạy dọc theo bờ biển về phía Tây Đông đến điểm LS4.

Phạm vi vùng nước các cảng biển thuộc địa phận tỉnh Quảng Ngãi

...

Phạm vi vùng nước cảng biển thuộc địa phận tỉnh Quảng Ngãi tính theo mực nước thủy triều lớn nhất được quy định cụ thể như sau:

...

2. Phạm vi vùng nước cảng biển Quảng Ngãi tại khu vực Sa Kỳ:

a) Ranh giới về phía biên: được giới hạn bởi các đoạn thẳng nối lần lượt các điểm SK1, SK2, SK3 và SK4, có vị trí tọa độ sau đây:

SK1: 15°12’37.0”N, 108°55’41.0”E;

SK2: 15°12’32.0”N, 108°56’13.0”E;

SK3: 15°11’33.0”N, 108°56’13.0”E;

SK4: 15°12’04.5”N, 108°55’08.0”E.

b) Ranh giới về phía đất liền: từ hai điểm SK1 và SK4 chạy dọc theo bờ biển về phía cửa sông Sa Kỳ đến đường thẳng cắt ngang sông Sa Kỳ, nối hai điểm SK5 và SK6, có vị trí tọa độ sau đây:

SK5: 15°13’00.0”N, 108°54’42.0” E;

SK6: 15°13’03.0”N, 108°54’47.0” E.","vung-nuoc-cang-bien","","","","2019-10-16T00:00:00","https://thuvienphapluat.vn/hoi-dap-phap-luat/ranh-gioi-vung-nuoc-cang-bien-thuoc-dia-phan-tinh-quang-ngai-duoc-xac-dinh-dua-vao-dau-307725.html","2026-05-27T08:54:00.444501+00:00"
"306284","Lập và công bố danh mục khu vực nạo vét vùng nước cảng biển","Lập và công bố danh mục khu vực nạo vét vùng nước cảng biển được quy định tại Điều 26 Thông tư 35/2019/TT-BGTVT (có hiệu lực từ 01/11/2019), cụ thể như sau:

1. Hàng năm, Cục Hàng hải Việt Nam tổ chức lập mới hoặc sửa đổi, bổ sung danh mục khu vực nạo vét trên cơ sở các thông tin quy định tại khoản 2, Điều 4 Thông tư này và các thông tin sau:

a) Tên địa điểm, thông số kỹ thuật, chuẩn tắc thiết kế của khu vực nạo vét;

b) Dự kiến khối lượng sản phẩm tận thu, chủng loại sản phẩm tận thu, thời gian thực hiện;

b) Dự kiến chi phí chuẩn bị đầu tư và thực hiện dự án.

2. Danh mục khu vực nạo vét phải có những nội dung chủ yếu theo quy định của khoản 3 Điều 26 Nghị định số 159/2018/NĐ-CP.

3. Trình tự phê duyệt danh mục khu vực nạo vét

a) Cục Hàng hải Việt Nam tổng hợp, lập danh mục khu vực nạo vét, trình Bộ Giao thông vận tải trước ngày 15 tháng 6 hàng năm;

b) Bộ Giao thông vận tải tổ chức lấy ý kiến Ủy ban nhân dân tỉnh, thành phố nơi có khu vực nạo vét (nếu cần) trước ngày 01 tháng 7 hàng năm;

c) Bộ Giao thông vận tải thẩm định, phê duyệt danh mục khu vực nạo vét.

4. Việc công bố danh mục khu vực nạo vét thực hiện theo quy định tại Điều 27 Nghị định số 159/2018/NĐ-CP . Trên đây là nội dung quy định về vấn đề bạn thắc mắc. Trân trọng!","vung-nuoc-cang-bien","","","","2019-09-26T00:00:00","https://thuvienphapluat.vn/hoi-dap-phap-luat/lap-va-cong-bo-danh-muc-khu-vuc-nao-vet-vung-nuoc-cang-bien-306284.html","2026-05-27T08:54:04.614067+00:00"
"306286","Chi phí chuẩn bị đầu tư nạo vét vùng nước cảng biển","Chi phí chuẩn bị đầu tư nạo vét vùng nước cảng biển được quy định tại Điều 27 Thông tư 35/2019/TT-BGTVT (có hiệu lực từ 01/11/2019), cụ thể như sau:

Căn cứ danh mục khu vực nạo vét được Bộ Giao thông vận tải phê duyệt, Cục Hàng hải Việt Nam lập chi phí chuẩn bị đầu tư bao gồm các chi phí quy định tại điểm a, điểm b và điểm c, khoản 1 Điều 25 Nghị định số 159/2018/NĐ- CP, trình Bộ Giao thông vận tải xem xét, thẩm định, tổng hợp chi phí chuẩn bị đầu tư vào kế hoạch bảo trì công trình hàng hải hàng năm. Trên đây là nội dung quy định về vấn đề bạn thắc mắc. Trân trọng!","vung-nuoc-cang-bien","","","","2019-09-26T00:00:00","https://thuvienphapluat.vn/hoi-dap-phap-luat/chi-phi-chuan-bi-dau-tu-nao-vet-vung-nuoc-cang-bien-306286.html","2026-05-27T08:54:08.914926+00:00"
"306288","Các nội dung cần thiết của hợp đồng dự án nạo vét vùng nước cảng biển","Các nội dung cần thiết của hợp đồng dự án nạo vét vùng nước cảng biển được quy định tại Điều 28 Thông tư 35/2019/TT-BGTVT (có hiệu lực từ 01/11/2019), cụ thể như sau:

Hợp đồng dự án xã hội hóa nạo vét vùng nước cảng biển được thực hiện theo quy định tại Điều 35 của Nghị định số 159/2018/NĐ-CP và hướng dẫn của Bộ Xây dựng về hợp đồng thi công xây dựng, ngoài ra bao gồm một số nội dung cụ thể sau đây:

1. Thông tin về các bên trong hợp đồng

Bên A: Cơ quan nhà nước có thẩm quyền theo Điều 24 của Nghị định số 159/2018/NĐ-CP .

Bên B: Nhà đầu tư

Các thông tin về các bên bao gồm: thông tin về người đại diện theo pháp luật, chức vụ, địa chỉ, điện thoại, số tài khoản, số fax, mã số thuế của từng bên tham gia hợp đồng.

2. Mục tiêu, địa điểm thực hiện dự án

a) Mô tả mục tiêu dự án;

b) Mô tả địa điểm thực hiện dự án.

3. Thời gian và tiến độ thực hiện hợp đồng

a) Thời gian thực hiện hợp đồng bao gồm thời gian giải phóng mặt bằng, thời điểm khởi công xây dựng và tiến độ thực hiện từng hạng mục, từng khu vực thuộc dự án, thời điểm hoàn thành công trình được lập thành phụ lục chi tiết, quy định cụ thể tiến độ và thời gian thực hiện từng hạng mục, từng khu vực;

b) Quy định các trường hợp và điều kiện được gia hạn hoặc rút ngắn thời hạn.

4. Quy mô, giải pháp thi công

a) Mô tả quy mô dự án (hạng mục, chuẩn tắc, khối lượng, phạm vi, trang thiết bị phục vụ thi công, tính năng phương tiện thi công, thiết bị giám sát phương tiện thi công...);

b) Biện pháp thi công, trình tự thi công, kế hoạch thi công.

5. Giá hợp đồng bao gồm các nội dung:

a) Kinh phí thực hiện nạo vét (bao gồm cả kinh phí hoàn trả cho nhà nước đã thực hiện các công việc quy định tại các điểm a, b, c khoản 1 Điều 25 của Nghị định số 159/2018/NĐ-CP ; kinh phí bồi thường, giải phóng mặt bằng);

b) Giá trị sản phẩm thu hồi;

c) Giá trị thanh toán phần chênh lệch giữa kinh phí thực hiện nạo vét và giá trị sản phẩm thu hồi;

d) Điều chỉnh kinh phí nạo vét, giá trị sản phẩm thu hồi và giá trị thanh toán phần chênh lệch.

6. Bàn giao mặt bằng xây dựng

Cục Hàng hải Việt Nam chủ trì tổ chức thực hiện bàn giao mặt bằng hiện trường thi công cho nhà đầu tư trước thời điểm thực hiện thi công nạo vét.

7. Yêu cầu về kỹ thuật, chất lượng thi công dự án và nghiệm thu, bàn giao dự án

a) Các yêu cầu về kỹ thuật, chất lượng thi công dự án;

b) Điều kiện nghiệm thu, căn cứ nghiệm thu, thành phần nghiệm thu;

c) Hồ sơ nghiệm thu, bàn giao.

8. Chuyển nhượng và chuyển giao dự án

Nhà đầu tư không được phép chuyển nhượng và chuyển giao dự án.

9. Trước khi ký hợp đồng thầu thi công, Bên B phải thực hiện theo các quy định sau:

a) Ban hành quy chế lựa chọn nhà thầu tư vấn, cung cấp hàng hóa, thi công và nhà thầu khác để áp dụng thống nhất trong quá trình thực hiện dự án trên cơ sở đảm bảo công bằng, minh bạch, hiệu quả kinh tế;

b) Gửi danh sách nhà thầu thi công kèm theo hồ sơ năng lực của nhà thầu thi công tới Bên A để được chấp thuận;

c) Bên B phải chịu trách nhiệm trước Bên A về tiến độ, chất lượng, an toàn lao động, bảo vệ môi trường và sai sót của mình và các công việc do các nhà thầu thi công thực hiện;

d) Bên B không được giao khối lượng công việc theo hợp đồng cho nhà thầu thi công thực hiện quá tỷ lệ quy định trong hồ sơ mời thầu lựa chọn nhà đầu tư và quy định của pháp luật liên quan.

10. Bảo đảm thực hiện hợp đồng

a) Trước thời điểm hợp đồng có hiệu lực, Bên B phải nộp bảo đảm thực hiện hợp đồng cho Bên A, mức bảo đảm hợp đồng trong khoảng từ 01% đến 03% tổng mức đầu tư của dự án, hình thức bảo đảm hợp đồng có thể lựa chọn một trong các hình thức đặt cọc hoặc ký quỹ hoặc thư bảo lãnh của ngân hàng hoặc tổ chức tài chính tại Việt Nam.

Trường hợp Bên B là nhà thầu liên danh thì từng thành viên phải nộp bảo đảm thực hiện hợp đồng cho Bên A, mức bảo đảm tương ứng với phần giá trị hợp đồng mà mỗi thành viên thực hiện. Nếu liên danh có thỏa thuận nhà đầu tư đứng đầu liên danh nộp bảo đảm thực hiện hợp đồng thì nhà đầu tư đứng đầu liên danh nộp bảo đảm cho Bên A, từng thành viên nộp bảo đảm thực hiện hợp đồng cho nhà đầu tư đứng đầu liên danh tương ứng với giá trị hợp đồng do mình thực hiện.

Bảo đảm thực hiện hợp đồng phải có giá trị và có hiệu lực tới khi Bên B đã thi công, hoàn thành dự án tương ứng với hợp đồng đã ký kết được Bên A nghiệm thu. Nếu các điều khoản của bảo đảm thực hiện hợp đồng nêu rõ ngày hết hạn và Bên B chưa hoàn thành các nghĩa vụ của hợp đồng vào thời điểm 10 ngày trước ngày hết hạn, Bên B sẽ phải gia hạn giá trị của bảo đảm thực hiện hợp đồng cho tới khi công việc đã được hoàn thành và mọi sai sót đã được sửa chữa xong;

b) Bên B sẽ không được nhận lại bảo đảm thực hiện hợp đồng trong trường hợp từ chối thực hiện hợp đồng đã có hiệu lực và các trường hợp khác (do các bên thỏa thuận). Bên A phải hoàn trả cho Bên B bảo đảm thực hiện hợp đồng khi Bên B đã hoàn thành các công việc theo hợp đồng.

11. Quyền và nghĩa vụ của Bên A:

a) Tổ chức bàn giao mốc giới, mặt bằng thi công công trình phục vụ thi công theo hợp đồng cho Bên B.

b) Tổ chức kiểm tra, giám sát quá trình thực hiện dự án theo quy định của pháp luật hiện hành.

c) Hướng dẫn nhà đầu tư tiến hành lựa chọn đơn vị tư vấn giám sát độc lập đủ Điều kiện để giám sát quá trình thực hiện dự án theo quy định về quản lý đầu tư xây dựng công trình và quy định pháp luật hiện hành

d) Tổ chức kiểm tra, giám sát, đánh giá việc tuân thủ các nghĩa vụ của nhà đầu tư trong việc thực hiện các yêu cầu về quy mô, tiêu chuẩn kỹ thuật, chất lượng công trình, tiến độ thực hiện dự án, bảo vệ môi trường, phòng cháy, chữa cháy.

đ) Nghiệm thu hoàn thành đưa công trình vào sử dụng và tiếp nhận công trình do Bên B bàn giao ,

e) Hỗ trợ Bên B liên hệ với các cơ quan địa phương để giải quyết những vấn đề phát sinh (nếu có).

g) Xem xét các đề xuất thay đổi hợp lý của Bên B về tổng vốn đầu tư, thiết kế kỹ thuật và các điều kiện khác để đảm bảo hiệu quả Dự án và trình cấp thẩm quyền quyết định.

h) Các quyền, nghĩa vụ khác theo quy định của pháp luật.

12. Quyền và nghĩa vụ của Bên B:

a) Hoàn thành đầy đủ các thủ tục về tài nguyên, môi trường, phòng cháy, chữa cháy và các thủ tục liên quan theo quy định của pháp luật.

b) Lập, trình duyệt Phương án bảo đảm an toàn giao thông theo quy định tại Điều 6 Nghị định số 159/2018/NĐ-CP .

c) Lựa chọn, ký hợp đồng với đơn vị tư vấn giám sát độc lập có năng lực (bằng kinh phí của Bên B) sau khi có ý kiến của Bên A để giám sát quá trình thực hiện dự án, đồng thời tiến hành nghiệm thu, thanh quyết toán hợp đồng, theo quy định về quản lý đầu tư xây dựng công trình và quy định pháp luật hiện hành.

d) Tổ chức tiếp nhận, bàn giao mốc giới, mặt bằng thi công nạo vét.

đ) Tổ chức quản lý hoặc lựa chọn, ký kết hợp đồng với đơn vị tư vấn độc lập có năng lực (bằng kinh phí của Bên B) để quản lý thi công xây dựng, thực hiện công tác khảo sát đo đạc định kỳ, đồng thời tiến hành nghiệm thu đưa công trình vào sử dụng, thanh quyết toán hợp đồng, theo quy định về quản lý đầu tư xây dựng công trình và quy định của pháp luật.

e) Thực hiện dự án theo đúng các nội dung của Báo cáo nghiên cứu khả thi, Hồ sơ thiết kế bản vẽ thi công được duyệt và hợp đồng này.

g) Thực hiện đầy đủ các quy định về bảo vệ môi trường, phòng cháy, chữa cháy, phương án bảo đảm an toàn hàng hải trong quá trình thi công. Tự chịu trách nhiệm về an toàn thiết bị và nhân công lao động trong quá trình thực hiện dự án.

h) Thực hiện đầy đủ chế độ thuế, phí, lệ phí và các nghĩa vụ tài chính khác theo quy định.

i) Thực hiện Bảo đảm thực hiện Hợp đồng theo quy định tại khoản 10 Điều này.

k) Thực hiện khảo sát đo đạc định kỳ kết quả thực hiện dự án (căn cứ thời gian và tiến độ thi công chi tiết của dự án để quy định cụ thể thời gian khảo sát đo đạc định kỳ) với sự tham gia giám sát của đại diện Bộ Giao thông vận tải, Cục Hàng hải Việt Nam. Cảng vụ Hàng hải khu vực và cơ quan, đơn vị liên quan khác do Cục Hàng hải Việt Nam lựa chọn, số liệu khảo sát đo đạc định kỳ sau khi hoàn thành, Bên B phải gửi ngay đến cơ quan, tổ chức có thẩm quyền công bố thông báo hàng hải để thực hiện công bố thông báo hàng hải theo quy định tại Nghị định số 58/2017/NĐ-CP ngày 10 tháng 5 năm 2017 của Chính phủ.

l) Báo cáo định kỳ hàng tuần với Cảng vụ Hàng hải khu vực và hàng tháng với Cục Hàng hải Việt Nam về tình hình, kết quả thực hiện Dự án, kèm theo bản chụp nhật ký thi công (các tuần báo cáo). Nhật ký thi công phải được ghi theo mẫu được quy định tại Phụ lục 1 ban hành kèm theo Thông tư này. Tư vấn giám sát có trách nhiệm kiểm tra, đôn đốc nhà thầu thi công ghi chép nhật ký thi công nạo vét theo mẫu quy định tại Phụ lục I ban hành kèm theo Thông tư này.

m) Yêu cầu tổ chức tư vấn giám sát Báo cáo định kỳ hàng tháng kết quả thực hiện Dự án của nhà đầu tư, tư vấn giám sát theo mẫu quy định tại Phụ lục II ban hành kèm theo Thông tư này, kèm theo bản chụp nhật ký thi công (trong tuần báo cáo) về Cảng vụ Hàng hải khu vực, Cục Hàng hải Việt Nam.

n) Các quyền, nghĩa vụ khác theo quy định của pháp luật.

13. Phạt vi phạm hợp đồng

a) Bên A vi phạm bất cứ điều khoản nào của hợp đồng dẫn đến hợp đồng phải chấm dứt trước thời hạn thì Bên A chịu trách nhiệm bồi thường cho Bên B các chi phí hợp lý mà Bên B đã thực hiện tính đến thời điểm dừng hợp đồng nhưng không quá 3% (ba phần trăm) kinh phí nạo vét. Khoản tiền bồi thường sẽ được Bên A bảo cáo cấp thẩm quyền xem xét phê duyệt nguồn chi trả cho Bên B;

b) Bên B thi công chậm tiến độ (căn cứ từng dự án để quy định cụ thể về thời gian và mức phạt), khoản tiền này sẽ được lấy từ Bảo đảm thực hiện Hợp đồng, nếu không đủ nhà đầu tư phải nộp bổ sung;

c) Bên B vi phạm bất cứ Điều khoản nào của hợp đồng gây hậu quả trực tiếp tới tiến độ, chất lượng của dự án hoặc do lỗi của Bên B dẫn đến hợp đồng phải chấm dứt trước thời hạn (trừ trường hợp bất khả kháng được quy định tại Hợp đồng này) thì Bên B chịu phạt hợp đồng (căn cứ từng dự án để quy định cụ thể mức phạt), khoản tiền này sẽ được lấy từ Bảo đảm thực hiện hợp đồng, nếu không đủ nhà đầu tư phải nộp bổ sung.

14. Chấm dứt hợp đồng

a) Chấm dứt vào ngày hết hạn của hợp đồng nếu không có yêu cầu gia hạn được hai bên thống nhất và được cấp có thẩm quyền chấp thuận hoặc khi Bên B hoàn thành dự án và bàn giao công trình cho Bên A (tùy theo trường hợp nào đến trước);

b) Bên A được quyền chấm dứt hợp đồng trước thời hạn nếu: Bên B không thực hiện bảo đảm thực hiện hợp đồng; Bên B bỏ dở công trình hoặc không tiếp tục thực hiện nghĩa vụ theo hợp đồng; Bên B không có lý do chính đáng mà 15 ngày liên tục không thực hiện công việc theo hợp đồng; Bên B giao thầu phụ toàn bộ công trình, hoặc chuyển nhượng hợp đồng mà không có sự thỏa thuận của Bên A; Bên B bị phá sản hoặc vỡ nợ, bị thu hồi đăng ký kinh doanh, bị quản lý tài sản.

c) Bên B được quyền chấm dứt hợp đồng trước thời hạn nếu: Bên A không thực hiện nghĩa vụ theo hợp đồng; Việc tạm ngừng dự án do lỗi của Bên A hoặc do quy định của Chính phủ bị kéo dài quá 45 ngày;

d) Trong trường hợp chấm dứt hợp đồng trước thời hạn, bên yêu cầu chấm dứt phải gửi cho bên kia thông báo về việc chấm dứt trước 10 ngày và tiến hành thủ tục chấm dứt hợp đồng, ngoại trừ trường hợp một bên bị phá sản hoặc vỡ nợ, bị thu hồi đăng ký kinh doanh, bị quản lý tài sản thì có thể thực hiện chấm dứt hợp đồng ngay lập tức.

đ) Việc chấm dứt hợp đồng sẽ không ảnh hưởng hoặc giải phóng bên nào khỏi bất cứ khoản nợ, nghĩa vụ hay trách nhiệm nào xảy ra hay phát sinh trước ngày chấm dứt hợp đồng.

15. Quyết toán hợp đồng

a) Sau khi Biên bản nghiệm thu hoàn thành toàn bộ nội dung công việc theo quy định của hợp đồng được các bên ký kết, Bên B sẽ trình cho Bên A hồ sơ quyết toán hợp đồng với các tài liệu bao gồm: Biên bản nghiệm thu hoàn thành toàn bộ công việc thuộc phạm vi hợp đồng; Bảng tính giá trị quyết toán hợp đồng (gọi là quyết toán A-B), trong đó nêu rõ chi phí thực hiện nạo vét, giá trị sản phẩm thu hồi, giá trị thanh toán hợp đồng; hồ sơ hoàn công, nhật ký thi công xây dựng công trình; các Tài liệu khác theo thỏa thuận trong hợp đồng (nếu có).

b) Trường hợp có thay đổi khối lượng nạo vét giữa biên bản nghiệm thu hoàn thành và khối lượng trong hợp đồng, thực hiện tính toán bù, trừ giá trị thanh toán hợp đồng theo Phương án tài chính trong Báo cáo nghiên cứu khả thi, trình Bộ Giao thông vận tải phê duyệt trước khi thanh toán.

16. Thanh lý hợp đồng

a) Hợp đồng được thanh lý trong trường hợp: các bên hoàn thành các nghĩa vụ theo hợp đồng đã ký; hợp đồng bị chấm dứt (hủy bỏ) theo quy định của khoản 14 Điều này.

b) Việc thanh lý hợp đồng phải được hoàn tất trong thời hạn 30 ngày kể từ ngày các bên tham gia hợp đồng hoàn thành các nghĩa vụ theo hợp đồng hoặc hợp đồng bị chấm dứt theo quy định tại khoản 13 Điều này. Trừ trường hợp Bên A hoặc Bên B bị phá sản, vỡ nợ, bị thu hồi đăng ký kinh doanh thì hợp đồng tự động hết hiệu lực mà không cần tiến hành thanh lý.

17. Khi một bên bị rơi vào tình trạng bất khả kháng, thì phải thông báo bằng văn bản cho bên kia trong thời gian sớm nhất có thể và được miễn trừ trách nhiệm do bất khả kháng gây ra.

18. Các tài liệu kèm theo hợp đồng

a) Các tài liệu kèm theo của hợp đồng là một bộ phận không tách rời của hợp đồng, bao gồm: văn bản thông báo trúng thầu hoặc chỉ định thầu; điều kiện cụ thể của hợp đồng; điều kiện chung của hợp đồng; Hồ sơ mời thầu hoặc hồ sơ yêu cầu của Bên A; các bản vẽ thiết kế và các chỉ dẫn kỹ thuật; Hồ sơ dự thầu hoặc hồ sơ đề xuất của Bên B; Biên bản đàm phán hợp đồng, các văn bản sửa đổi, bổ sung hợp đồng; các phụ lục của hợp đồng; các tài liệu khác có liên quan.

b) Thứ tự ưu tiên áp dụng các tài liệu kèm theo hợp đồng

Thứ tự ưu tiên áp dụng các tài liệu kèm theo hợp đồng do các bên thỏa thuận. Trong trường hợp các bên không thỏa thuận thì áp dụng theo thứ tự quy định tại điểm a khoản này.

19. Giải quyết tranh chấp

a) Hợp đồng được điều chỉnh và giải thích theo pháp luật Việt Nam;

b) Trong quá trình thực hiện hợp đồng, nếu có vấn đề vướng mắc phát sinh, hai bên phải tích cực phối hợp và ưu tiên giải quyết bằng thương lượng trong vòng 30 ngày từ ngày phát sinh tranh chấp;

c) Trong trường hợp hai bên không thương lượng được thì báo cáo cơ quan phê duyệt thực hiện dự án xem xét. Trường hợp vẫn chưa thống nhất thì tranh chấp sẽ được giải quyết bằng trọng tài tại Trung tâm Trọng tài quốc tế Việt Nam. Trên đây là nội dung quy định về vấn đề bạn thắc mắc. Trân trọng!","vung-nuoc-cang-bien","","","","2019-09-26T00:00:00","https://thuvienphapluat.vn/hoi-dap-phap-luat/cac-noi-dung-can-thiet-cua-hop-dong-du-an-nao-vet-vung-nuoc-cang-bien-306288.html","2026-05-27T08:54:16.070826+00:00"
"303153","Trách nhiệm của Bộ giao thông vận tải trong công tác nạo vét vùng nước cảng biển","Theo quy định tại Điều 43 Nghị định 159/2018/NĐ-CP thì Trách nhiệm của Bộ Giao thông vận tải như sau:

1. Bộ Giao thông vận tải hướng dẫn và tổ chức thực hiện quản lý nhà nước chuyên ngành đối với hoạt động nạo vét trong vùng nước cảng biển và vùng nước đường thủy nội địa theo quy định.

2. Đối với công tác nạo vét duy tu luồng hàng hải công cộng và luồng đường thủy nội địa từ nguồn ngân sách nhà nước:

- Chỉ đạo, tổ chức thực hiện công tác nạo vét duy tu luồng hàng hải và luồng đường thủy nội địa quốc gia;

- Chủ trì, phối hợp với Bộ Xây dựng, Bộ Tài chính và Ủy ban nhân dân cấp tỉnh, thành phố xây dựng và ban hành định mức, đơn giá cho việc tiếp nhận và xử lý chất nạo vét tại các vị trí đổ thải trên bờ;

- Thanh tra, kiểm tra và xử lý vi phạm theo quy định của pháp luật.

3. Đối với nạo vét vùng nước cảng biển và vùng nước đường thủy nội địa kết hợp thu hồi sản phẩm:

- Phối hợp với Bộ Tài chính hướng dẫn sử dụng chi phí do nhà đầu tư được lựa chọn thực hiện dự án hoàn trả; sử dụng khoản tiền thưởng, phạt theo hợp đồng đối với các dự án nạo vét kết hợp tận thu sản phẩm.

- Chủ trì, phối hợp với các Ủy ban nhân dân cấp tỉnh giải quyết kịp thời những khó khăn, vướng mắc trong quá trình thực hiện.

4. Bộ Giao thông vận tải có trách nhiệm tổng hợp và cung cấp khối lượng chất nạo vét dự kiến thu hồi trên phạm vi toàn quốc để phục vụ nhu cầu bồi lắp, san lấp những khu vực bờ biển bị xâm thực, công trình lấn biển, chống biến đổi khí hậu theo yêu cầu (nếu có) của Bộ Nông nghiệp và Phát triển nông thôn.

5. Rà soát, hoàn thiện hệ thống tiêu chuẩn, quy chuẩn kỹ thuật, định mức kinh tế kỹ thuật liên quan đến chuẩn tắc, công tác thiết kế thi công nạo vét trong vùng nước cảng biển, vùng nước đường thủy nội địa.

Trên đây là nội dung tư vấn của chúng tôi.

Trân trọng!","vung-nuoc-cang-bien","","","","2019-08-28T00:00:00","https://thuvienphapluat.vn/hoi-dap-phap-luat/trach-nhiem-cua-bo-giao-thong-van-tai-trong-cong-tac-nao-vet-vung-nuoc-cang-bien-303153.html","2026-05-27T08:54:21.178109+00:00"
"302905","Lập danh mục khu vực nạo vét vùng nước cảng biển","Theo quy định tại Điều 26 Nghị định 159/2018/NĐ-CP thì lập danh mục khu vực nạo vét như sau:

1. Đối với vùng nước đường thủy nội địa quốc gia: Hàng năm, Bộ Giao thông vận tải chủ trì tổ chức lập mới hoặc sửa đổi, bổ sung danh mục khu vực nạo vét trên cơ sở thống nhất với Ủy ban nhân dân cấp tỉnh có liên quan.

Đối với vùng nước cảng biển: Hàng năm, Bộ Giao thông vận tải chủ trì tổ chức lập mới hoặc sửa đổi, bổ sung danh mục khu vực nạo vét.

2. Đối với vùng nước đường thủy nội địa địa phương: Hàng năm, Ủy ban nhân dân cấp tỉnh chủ trì tổ chức lập mới hoặc sửa đổi, bổ sung danh mục khu vực nạo vét.

3. Danh mục khu vực nạo vét phải có những nội dung chủ yếu sau:

- Tên địa điểm, khu vực nạo vét;

- Tóm tắt các thông số kỹ thuật, chuẩn tắc thiết kế chủ yếu của khu vực nạo vét;

- Thời gian thực hiện.

Trên đây là quy định về lập danh mục khu vực nạo vét vùng nước cảng biển.

Trân trọng!","vung-nuoc-cang-bien","","","","2019-08-27T00:00:00","https://thuvienphapluat.vn/hoi-dap-phap-luat/lap-danh-muc-khu-vuc-nao-vet-vung-nuoc-cang-bien-302905.html","2026-05-27T08:54:26.459218+00:00"
"302908","Công bố danh mục khu vực nạo vét vùng nước cảng biển","Theo quy định tại Điều 27 Nghị định 159/2018/NĐ-CP thì công bố danh mục khu vực nạo vét như sau:

1. Trong thời hạn 07 ngày làm việc kể từ ngày danh mục khu vực nạo vét được phê duyệt, Bộ Giao thông vận tải, Ủy ban nhân dân cấp tỉnh và các cơ quan quản lý chuyên ngành hàng hải, đường thủy nội địa thực hiện công bố danh mục khu vực nạo vét trên Trang thông tin điện tử của cơ quan theo quy định. Danh mục khu vực nạo vét được công bố phải có những nội dung chủ yếu quy định tại khoản 3 Điều 26 của Nghị định này.

2. Khi danh mục khu vực nạo vét được sửa đổi, bổ sung hoặc có sự thay đổi, Bộ Giao thông vận tải, Ủy ban nhân dân cấp tỉnh và các cơ quan quản lý chuyên ngành hàng hải, đường thủy nội địa thực hiện đăng tải trên Trang thông tin điện tử của cơ quan.

Trên đây là quy định về công bố danh mục khu vực nạo vét vùng nước cảng biển.

Trân trọng!","vung-nuoc-cang-bien","","","","2019-08-27T00:00:00","https://thuvienphapluat.vn/hoi-dap-phap-luat/cong-bo-danh-muc-khu-vuc-nao-vet-vung-nuoc-cang-bien-302908.html","2026-05-27T08:54:30.917935+00:00"
"302912","Trách nhiệm lập báo cáo nghiên cứu khả thi dự án nạo vét vùng nước cảng biển","Theo quy định tại Điều 28 Nghị định 159/2018/NĐ-CP thì Trách nhiệm lập báo cáo nghiên cứu khả thi dự án vùng nước cảng biển như sau:

1. Sở Giao thông vận tải các địa phương tổ chức lập báo cáo nghiên cứu khả thi dự án xã hội hóa nạo vét vùng nước đường thủy nội địa quốc gia, nạo vét vùng nước đường thủy nội địa địa phương làm cơ sở để lập hồ sơ mời thầu lựa chọn nhà đầu tư và đàm phán hợp đồng dự án, trình Ủy ban nhân dân cấp tỉnh.

2. Cục Hàng hải Việt Nam tổ chức lập báo cáo nghiên cứu khả thi dự án xã hội hóa nạo vét vùng nước cảng biển làm cơ sở để lập hồ sơ mời thầu lựa chọn nhà đầu tư và đàm phán hợp đồng dự án, trình Bộ Giao thông vận tải.

Trên đây là quy định về trách nhiệm lập báo cáo nghiên cứu khả thi dự án vùng nước cảng biển.

Trân trọng!","vung-nuoc-cang-bien","","","","2019-08-27T00:00:00","https://thuvienphapluat.vn/hoi-dap-phap-luat/trach-nhiem-lap-bao-cao-nghien-cuu-kha-thi-du-an-nao-vet-vung-nuoc-cang-bien-302912.html","2026-05-27T08:54:35.606264+00:00"
"302929","Thẩm định tổ chức thẩm định báo cáo nghiên cứu khả thi dự án nạo vét vùng nước cảng biển","Theo quy định tại Điều 30 Nghị định 159/2018/NĐ-CP thì Thẩm định tổ chức thẩm định báo cáo nghiên cứu khả thi dự án như sau:

- Ủy ban nhân dân cấp tỉnh tổ chức thẩm định báo cáo nghiên cứu khả thi dự án xã hội hóa nạo vét vùng nước đường thủy nội địa quốc gia, dự án xã hội hóa nạo vét vùng nước đường thủy nội địa địa phương theo quy định pháp luật hiện hành.

- Bộ Giao thông vận tải tổ chức thẩm định báo cáo nghiên cứu khả thi dự án xã hội hóa nạo vét vùng nước cảng biển theo quy định pháp luật hiện hành.

Trên đây là quy định về nội dung báo cáo nghiên cứu khả thi dự án nạo vét vùng nước cảng biển.

Trân trọng!","vung-nuoc-cang-bien","","","","2019-08-27T00:00:00","https://thuvienphapluat.vn/hoi-dap-phap-luat/tham-dinh-to-chuc-tham-dinh-bao-cao-nghien-cuu-kha-thi-du-an-nao-vet-vung-nuoc-cang-bien-302929.html","2026-05-27T08:54:40.507358+00:00"
"302959","Điều chỉnh báo cáo nghiên cứu khả thi dự án nạo vét vùng nước cảng biển","Theo quy định tại Điều 32 Nghị định 159/2018/NĐ-CP thì điều chỉnh báo cáo nghiên cứu khả thi dự án như sau:

1. Báo cáo nghiên cứu khả thi dự án được xem xét điều chỉnh trong trường hợp sau đây:

- Dự án bị ảnh hưởng bởi thiên tai hoặc các sự kiện bất khả kháng khác;

- Xuất hiện các yếu tố đem lại hiệu quả cao hơn cho dự án;

- Điều chỉnh quy mô, thiết kế của dự án;

- Quy hoạch thay đổi gây ảnh hưởng trực tiếp đến mục tiêu, địa điểm, quy mô của dự án;

- Dự án không lựa chọn được nhà đầu tư sau khi tổ chức đấu thầu lựa chọn nhà đầu tư;

- Yêu cầu của Chính phủ liên quan đến mục tiêu phát triển kinh tế - xã hội, quốc phòng, an ninh;

- Các quy định khác có liên quan.

2. Thủ tục thẩm định, phê duyệt, điều chỉnh báo cáo nghiên cứu khả thi dự án thực hiện theo quy định tại Điều 30, Điều 31 Nghị định này.

Trên đây là quy định về điều chỉnh báo cáo nghiên cứu khả thi dự án nạo vét vùng nước cảng biển.

Trân trọng!","vung-nuoc-cang-bien","","","","2019-08-27T00:00:00","https://thuvienphapluat.vn/hoi-dap-phap-luat/dieu-chinh-bao-cao-nghien-cuu-kha-thi-du-an-nao-vet-vung-nuoc-cang-bien-302959.html","2026-05-27T08:55:41.231397+00:00"
"302971","Lựa chọn nhà đầu tư dự án nạo vét vùng nước cảng biển","Theo quy định tại Điều 33 Nghị định 159/2018/NĐ-CP thì lựa chọn nhà đầu tư dự án nạo vét vùng nước cảng biển như sau:

1. Cơ quan nhà nước có thẩm quyền theo quy định tại Điều 24 Nghị định này tổ chức lựa chọn nhà đầu tư theo hình thức đấu thầu rộng rãi theo quy định của pháp luật về đấu thầu.

2. Điều kiện, thủ tục lựa chọn nhà đầu tư và ưu đãi đối với nhà đầu tư trong quá trình đấu thầu lựa chọn nhà đầu tư thực hiện theo quy định của pháp luật về đấu thầu.

3. Trường hợp không lựa chọn được nhà đầu tư để thực hiện dự án, Bộ Giao thông vận tải, Ủy ban nhân dân cấp tỉnh theo thẩm quyền căn cứ mức độ cần thiết của dự án để bố trí ngân sách nhà nước thực hiện, trình tự thủ tục thực hiện theo quy định tại Chương III Nghị định này.

Trên đây là quy định về lựa chọn nhà đầu tư dự án nạo vét vùng nước cảng biển.

Trân trọng!","vung-nuoc-cang-bien","","","","2019-08-27T00:00:00","https://thuvienphapluat.vn/hoi-dap-phap-luat/lua-chon-nha-dau-tu-du-an-nao-vet-vung-nuoc-cang-bien-302971.html","2026-05-27T08:55:46.276512+00:00"
"302979","Nội dung hợp đồng dự án nạo vét vùng nước cảng biển","Theo quy định tại Điều 35 Nghị định 159/2018/NĐ-CP thì nội dung hợp đồng dự án nạo vét vùng nước cảng biển như sau:

1. Hợp đồng dự án phải có các nội dung cơ bản sau:

- Thông tin về các bên trong hợp đồng;

- Mục tiêu, quy mô, địa điểm, thời hạn và tiến độ thực hiện dự án;

- Yêu cầu kỹ thuật, chất lượng công trình dự án;

- Kinh phí thực hiện nạo vét, giá trị sản phẩm thu hồi; giá trị thanh toán hợp đồng; điều chỉnh kinh phí và giá trị sản phẩm thu hồi;

- Bàn giao mặt bằng xây dựng, bồi thường, giải phóng mặt bằng (nếu có);

- Thi công xây dựng, kiểm tra, giám sát, quản lý chất lượng, nghiệm thu, quyết toán dự án;

- Chuyển giao dự án;

- Bảo đảm thực hiện hợp đồng;

- Quyền và nghĩa vụ của các bên tham gia hợp đồng;

- Xử lý vi phạm trong quá trình thực hiện dự án; phạt hợp đồng;

- Sự kiện bất khả kháng và nguyên tắc xử lý;

- Các hình thức ưu đãi và bảo đảm đầu tư (nếu có);

- Khiếu nại và giải quyết tranh chấp hợp đồng;

- Hiệu lực và thời hạn hợp đồng dự án; thanh lý hợp đồng;

- Các nội dung khác theo thỏa thuận giữa các bên ký kết.

2. Các tài liệu kèm theo hợp đồng dự án bao gồm phụ lục, tài liệu và giấy tờ khác là bộ phận không tách rời của hợp đồng dự án.

3. Bộ Giao thông vận tải hướng dẫn chi tiết nội dung hợp đồng dự án xã hội hóa nạo vét vùng nước cảng biển và vùng nước đường thủy nội địa.

4. Bộ Tài chính hướng dẫn chi tiết sử dụng khoản tiền phạt hợp đồng dự án.

Trên đây là quy định về nội dung hợp đồng dự án nạo vét vùng nước cảng biển.

Trân trọng!","vung-nuoc-cang-bien","","","","2019-08-27T00:00:00","https://thuvienphapluat.vn/hoi-dap-phap-luat/noi-dung-hop-dong-du-an-nao-vet-vung-nuoc-cang-bien-302979.html","2026-05-27T08:55:51.132265+00:00"
"302925","Nội dung báo cáo nghiên cứu khả thi dự án nạo vét vùng nước cảng biển","Theo quy định tại Điều 29 Nghị định 159/2018/NĐ-CP thì Báo cáo nghiên cứu khả thi dự án bao gồm các nội dung chủ yếu sau đây:

1. Phân tích chi tiết về sự cần thiết đầu tư và những lợi thế của việc thực hiện dự án so với hình thức đầu tư khác; loại hợp đồng dự án.

2. Đánh giá sự phù hợp của dự án với quy hoạch, kế hoạch phát triển kinh tế, xã hội của ngành, địa phương.

3. Mục tiêu, quy mô và địa điểm thực hiện dự án; khối lượng nạo vét; mục đích và nhu cầu sử dụng sản phẩm nạo vét thu hồi.

4. Tiến độ, thời hạn thực hiện dự án; thời gian xây dựng, khai thác công trình; phương án tổ chức quản lý, phương án thi công, phương tiện thi công, vị trí đổ thải đối với sản phẩm không thu hồi.

5. Thiết kế cơ sở theo quy định hiện hành.

6. Phương án tổng thể bồi thường, giải phóng mặt bằng (nếu có).

7. Kinh phí nạo vét (bao gồm cả kinh phí hoàn trả cho Nhà nước đã thực hiện các công việc quy định tại các điểm a, b, c khoản 1 Điều 25 Nghị định này); giá trị sản phẩm thu hồi; phương án thanh toán phần chênh lệch giữa kinh phí nạo vét và giá trị sản phẩm thu hồi.

8. Các chi phí khác như thuế, phí, tiền cấp quyền khai thác khoáng sản liên quan đến dự án.

9. Khả năng huy động vốn để thực hiện dự án.

10. Phân tích rủi ro, trách nhiệm của các bên về quản lý rủi ro trong quá trình thực hiện dự án.

11. Kiến nghị ưu đãi, hỗ trợ chuyên môn (nếu có).

12. Hiệu quả kinh tế - xã hội và tác động của dự án đối với môi trường, xã hội.

Trên đây là quy định về nội dung báo cáo nghiên cứu khả thi dự án nạo vét vùng nước cảng biển.

Trân trọng!","vung-nuoc-cang-bien","","","","2019-08-26T00:00:00","https://thuvienphapluat.vn/hoi-dap-phap-luat/noi-dung-bao-cao-nghien-cuu-kha-thi-du-an-nao-vet-vung-nuoc-cang-bien-302925.html","2026-05-27T08:55:55.258254+00:00"
"303076","Lập thiết kế xây dựng dự án nạo vét vùng nước cảng biển","Theo quy định tại Điều 40 Nghị định 159/2018/NĐ-CP thì lập thiết kế xây dựng dự án nạo vét vùng nước cảng biển như sau:

1. Căn cứ báo cáo nghiên cứu khả thi dự án được duyệt và quy định của hợp đồng dự án, nhà đầu tư lập thiết kế bản vẽ thi công gửi cơ quan nhà nước có thẩm quyền theo quy định tại Điều 24 Nghị định này để thống nhất trước khi phê duyệt và gửi sau khi phê duyệt xong để giám sát, kiểm tra. Việc thay đổi thiết kế bản vẽ thi công làm ảnh hưởng đến quy mô, tiêu chuẩn kỹ thuật, tiến độ thực hiện dự án phải được sự chấp thuận bằng văn bản của cơ quan nhà nước có thẩm quyền.

2. Việc lập, thẩm tra, phê duyệt thiết kế bản vẽ thi công thực hiện theo quy định của pháp luật về xây dựng.

Trên đây là nội dung tư vấn của chúng tôi.

Trân trọng!","vung-nuoc-cang-bien","","","","2019-08-26T00:00:00","https://thuvienphapluat.vn/hoi-dap-phap-luat/lap-thiet-ke-xay-dung-du-an-nao-vet-vung-nuoc-cang-bien-303076.html","2026-05-27T08:56:00.401702+00:00"
"303077","Giám sát thực hiện hợp đồng dự án nạo vét vùng nước cảng biển","Theo quy định tại Điều 41 Nghị định 159/2018/NĐ-CP thì giám sát thực hiện hợp đồng dự án nạo vét vùng nước cảng biển như sau:

1. Nhà đầu tư chịu trách nhiệm về chất lượng công trình, tiến độ của dự án; tổ chức lựa chọn tư vấn độc lập để giám sát thi công xây dựng, nghiệm thu các hạng mục và toàn bộ công trình theo thiết kế, phương án thi công quy định tại hợp đồng dự án; phê duyệt kết quả lựa chọn tư vấn để giám sát sau khi có ý kiến thống nhất của cơ quan nhà nước có thẩm quyền.

2. Cơ quan nhà nước có thẩm quyền tổ chức giám sát việc tuân thủ các nghĩa vụ của nhà đầu tư theo quy định tại hợp đồng dự án và quy định tại Nghị định này. Trong trường hợp cần thiết, cơ quan nhà nước có thẩm quyền tổ chức lựa chọn tư vấn đủ năng lực để hỗ trợ giám sát thực hiện hợp đồng dự án.

3. Kinh phí cho công tác tư vấn giám sát, tư vấn hỗ trợ giám sát quy định tại khoản 1, khoản 2 Điều này được tính trong tổng mức đầu tư dự án, được nhà đầu tư chuyển vào tài khoản của cơ quan nhà nước có thẩm quyền để thực hiện thanh toán cho tư vấn giám sát, tư vấn hỗ trợ giám sát.

4. Bộ Tài chính hướng dẫn chi tiết khoản 3 Điều này.

Trên đây là nội dung tư vấn của chúng tôi.

Trân trọng!","vung-nuoc-cang-bien","","","","2019-08-26T00:00:00","https://thuvienphapluat.vn/hoi-dap-phap-luat/giam-sat-thuc-hien-hop-dong-du-an-nao-vet-vung-nuoc-cang-bien-303077.html","2026-05-27T08:56:04.956877+00:00"
"303086","Bàn giao dự án nạo vét vùng nước cảng biển","Theo quy định tại Điều 42 Nghị định 159/2018/NĐ-CP thì Bàn giao dự án nạo vét vùng nước cảng biển như sau:

1. Sau khi hoàn thành thực hiện dự án, nhà đầu tư báo cáo cơ quan nhà nước có thẩm quyền theo quy định tại Điều 24 Nghị định này để tổ chức đo đạc, nghiệm thu hoàn thành, bàn giao đưa công trình vào sử dụng.

2. Trách nhiệm tổ chức nghiệm thu, bàn giao dự án:

- Ủy ban nhân dân cấp tỉnh có trách nhiệm tổ chức nghiệm thu kết quả thực hiện dự án và nhận bàn giao từ nhà đầu tư; thanh quyết toán theo hợp đồng dự án; thanh lý hợp đồng dự án đối với dự án xã hội hóa nạo vét vùng nước đường thủy nội địa quốc gia, dự án xã hội hóa nạo vét vùng nước đường thủy nội địa địa phương và bàn giao cho Cục Đường thủy nội địa Việt Nam tổ chức quản lý, khai thác;

- Cục Hàng hải Việt Nam theo ủy quyền có trách nhiệm tổ chức nghiệm thu kết quả thực hiện dự án xã hội hóa nạo vét vùng nước cảng biển và nhận bàn giao từ nhà đầu tư; thanh quyết toán theo hợp đồng dự án; thanh lý hợp đồng dự án.

3. Sau khi tiếp nhận dự án, Cục Hàng hải Việt Nam, Cục Đường thủy nội địa Việt Nam tổ chức quản lý, vận hành công trình theo chức năng, thẩm quyền.

Trên đây là nội dung tư vấn của chúng tôi

Trân trọng!","vung-nuoc-cang-bien","","","","2019-08-26T00:00:00","https://thuvienphapluat.vn/hoi-dap-phap-luat/ban-giao-du-an-nao-vet-vung-nuoc-cang-bien-303086.html","2026-05-27T08:56:09.269764+00:00"
"302686","Trình tự thực hiện dự án nạo vét vùng nước cảng biển","Theo quy định tại Điều 23 Nghị định 159/2018/NĐ-CP thì trình tự thực hiện dự án nạo vét vùng nước cảng biển như sau:

Công tác nạo vét vùng nước cảng biển và vùng nước đường thủy nội địa kết hợp thu hồi sản phẩm phải được lập thành dự án và thực hiện theo các bước sau:

1. Lập và công bố danh mục khu vực nạo vét theo quy định tại Mục 2 Chương IV Nghị định này.

2. Lập, thẩm định, phê duyệt báo cáo nghiên cứu khả thi dự án theo quy định tại Mục 3 Chương IV Nghị định này.

3. Tổ chức lựa chọn nhà đầu tư và ký kết hợp đồng dự án theo quy định tại Mục 4 Chương IV Nghị định này.

4. Triển khai thực hiện dự án và bàn giao dự án theo quy định tại Mục 5 Chương IV Nghị định này.

Trên đây là quy định về trình tự thực hiện dự án nạo vét vùng nước cảng biển.

Trân trọng!","vung-nuoc-cang-bien","","","","2019-08-22T00:00:00","https://thuvienphapluat.vn/hoi-dap-phap-luat/trinh-tu-thuc-hien-du-an-nao-vet-vung-nuoc-cang-bien-302686.html","2026-05-27T08:56:13.882595+00:00"
"302691","Cơ quan nhà nước có thẩm quyền thực hiện dự án nạo vét vùng nước cảng biển","Theo quy định tại Điều 24 Nghị định 159/2018/NĐ-CP thì cơ quan nhà nước có thẩm quyền thực hiện dự án như sau:

1. Đối với các dự án xã hội hóa nạo vét vùng nước đường thủy nội địa quốc gia: Bộ Giao thông vận tải phân cấp cho Ủy ban nhân dân cấp tỉnh thực hiện quyền hạn và trách nhiệm đối với các nhiệm vụ theo quy định tại khoản 2, 3, 4 Điều 23 Nghị định này.

2. Đối với các dự án xã hội hóa nạo vét vùng nước đường thủy nội địa địa phương: Ủy ban nhân dân cấp tỉnh thực hiện quyền hạn và trách nhiệm đối với các nhiệm vụ theo quy định tại Điều 23 Nghị định này.

3. Đối với các dự án xã hội hóa nạo vét vùng nước cảng biển, căn cứ chức năng, nhiệm vụ, quyền hạn và điều kiện quản lý cụ thể, Bộ Giao thông vận tải ủy quyền cho Cục Hàng hải Việt Nam thực hiện một số hoặc toàn bộ các nhiệm vụ quy định tại Điều 23 Nghị định này.

4. Việc phân cấp hoặc ủy quyền quy định tại các khoản 1 và 3 Điều này phải được thực hiện bằng văn bản, trong đó xác định cụ thể nội dung, phạm vi, quyền hạn và trách nhiệm của cơ quan được phân cấp hoặc được ủy quyền.

5. Cơ quan nhà nước có thẩm quyền, cơ quan được ủy quyền hoặc được phân cấp theo quy định tại Điều này chịu trách nhiệm tổ chức thực hiện và quản lý dự án theo quy định.

Trên đây là quy định về cơ quan nhà nước có thẩm quyền thực hiện dự án nạo vét vùng nước cảng biển.

Trân trọng!","vung-nuoc-cang-bien","","","","2019-08-22T00:00:00","https://thuvienphapluat.vn/hoi-dap-phap-luat/co-quan-nha-nuoc-co-tham-quyen-thuc-hien-du-an-nao-vet-vung-nuoc-cang-bien-302691.html","2026-05-27T08:56:17.817364+00:00"
"302696","Chi phí chuẩn bị đầu tư và thực hiện dự án nạo vét vùng nước cảng biển","Theo quy định tại Điều 25 Nghị định 159/2018/NĐ-CP thì Chi phí chuẩn bị đầu tư và thực hiện dự án nạo vét vùng nước cảng biển như sau:

1. Chi phí chuẩn bị đầu tư và thực hiện dự án, bao gồm:

- Chi phí lập, thẩm định, phê duyệt báo cáo nghiên cứu khả thi dự án;

- Chi phí lập, thẩm định phê duyệt báo cáo đánh giá tác động môi trường;

- Chi phí tổ chức lựa chọn nhà đầu tư;

- Chi phí hoạt động của cơ quan nhà nước có thẩm quyền, đại diện cơ quan nhà nước có thẩm quyền và cơ quan quản lý dự án; chi phí giám sát dự án, chất lượng công trình;

- Chi phí công bố dự án;

- Chi phí thuê tư vấn hỗ trợ thực hiện một số hoạt động thuộc trách nhiệm của cơ quan quản lý dự án;

- Chi phí tổ chức hội nghị, hội thảo, đàm phán hợp đồng dự án và các hợp đồng có liên quan;

- Chi phí khác.

2. Chi phí quy định tại các điểm a, b, c khoản 1 Điều này được bố trí từ các nguồn vốn sau:

- Nguồn vốn ngân sách nhà nước cấp trong kế hoạch hàng năm của Bộ Giao thông vận tải, địa phương;

b) Nguồn thu từ việc bán hồ sơ mời thầu lựa chọn nhà đầu tư;

- Nguồn vốn do nhà đầu tư được lựa chọn thực hiện dự án hoàn trả;

- Các nguồn vốn hợp pháp khác.

3. Chi phí quy định tại các điểm d, đ, e và g khoản 1 Điều này được bố trí từ nguồn ngân sách nhà nước trong kế hoạch chi sự nghiệp, nguồn đầu tư xây dựng cơ bản của bộ, ngành, Ủy ban nhân dân cấp tỉnh.

Trên đây là quy định về chi phí chuẩn bị đầu tư và thực hiện dự án nạo vét vùng nước cảng biển.

Trân trọng!","vung-nuoc-cang-bien","","","","2019-08-22T00:00:00","https://thuvienphapluat.vn/hoi-dap-phap-luat/chi-phi-chuan-bi-dau-tu-va-thuc-hien-du-an-nao-vet-vung-nuoc-cang-bien-302696.html","2026-05-27T08:56:22.392361+00:00"
"296849","Quy định vùng nước cảng biển thuộc tỉnh Khánh Hòa, vịnh Phan Rang","Căn cứ Điều 1 Thông tư 20/2019/TT-BGTVT có hiệu lực từ ngày 01/08/2019 thì vùng nước cảng biển thuộc địa phận tỉnh Khánh Hòa, vùng nước cảng biển Ninh Thuận tại khu vực vịnh Phan Rang được quy định như sau:

1. Vùng nước cảng biển Khánh Hòa thuộc địa phận tỉnh Khánh Hòa bao gồm các vùng nước sau:

a) Vùng nước cảng biển Khánh Hòa tại khu vực vịnh Vân Phong;

b) Vùng nước cảng biển Khánh Hòa tại khu vực vịnh Nha Trang;

c) Vùng nước cảng biển Khánh Hòa tại khu vực vịnh Cam Ranh;

d) Vùng nước cảng biển Khánh Hòa tại Trường Sa.

2. Vùng nước càng biển Ninh Thuận tại khu vực vịnh Phan Rang.

Trên đây là nội dung tư vấn.","vung-nuoc-cang-bien","","","","2019-06-28T00:00:00","https://thuvienphapluat.vn/hoi-dap-phap-luat/quy-dinh-vung-nuoc-cang-bien-thuoc-tinh-khanh-hoa-vinh-phan-rang-296849.html","2026-05-27T08:56:26.345718+00:00"
"296854","Phạm vi vùng nước cảng biển Khánh Hòa tại khu vực vịnh Vân Phong","Căn cứ Điểm a Khoản 1 Điều 2 Thông tư 20/2019/TT-BGTVT có hiệu lực từ ngày 01/08/2019 thì phạm vi vùng nước cảng biển Khánh Hòa tại khu vực vịnh Vân Phong được quy định như sau:

Ranh giới về phía biển: được giới hạn bởi các đoạn thẳng nối lần lượt các điểm theo thứ tự VP1, VP2 và VP3 có tọa độ sau đây:

VP1: 12°33’36,0”N, 109°26’00,0”E (mũi Gành-phía Nam bán đảo Hòn Gốm);

VP2: 12°28’00,”N, 109°26’00,0”E;

VP3: 12°24’00,0”N, 109°20’30,0”E (mũi Bàn Thang).

Ranh giới về phía đất liền: từ điểm VP1 (mũi Gành) chạy dọc theo đường bờ biển phía Tây của bán đảo Hòn Gốm lên phía Bắc qua mũi Cô Cổ, mũi Đa Sơn và dọc theo đường bờ biển đến cực Bắc của vũng Bến Gôi, chạy men theo đường bờ biển của các xã thuộc huyện Vạn Ninh qua mũi Hòn Giang, mũi Hòn Khơi tới điểm VP3 (mũi Bàn Thang).

Trên đây là nội dung tư vấn.","vung-nuoc-cang-bien","","","","2019-06-27T00:00:00","https://thuvienphapluat.vn/hoi-dap-phap-luat/pham-vi-vung-nuoc-cang-bien-khanh-hoa-tai-khu-vuc-vinh-van-phong-296854.html","2026-05-27T08:56:30.678176+00:00"
"296856","Phạm vi vùng nước cảng biển Khánh Hòa tại khu vực vịnh Nha Trang","Căn cứ Điểm b Khoản 1 Điều 2 Thông tư 20/2019/TT-BGTVT có hiệu lực từ ngày 01/08/2019 thì phạm vi vùng nước cảng biển Khánh Hòa tại khu vực vịnh Nha Trang được quy định như sau:

Ranh giới về phía biển:

Được giới hạn bởi các đoạn thẳng nối lần lượt các điểm theo thứ tự NT1, NT2, NT3 và NT4 có tọa độ sau đây:

NT1: 12°14’14,0”N, 109°16’00,0”E (mũi Ba Cơ - Bắc Hòn Tre);

NT2: 12°16’00,0”N, 109°13’42,0”E;

NT3: 12°16’00,0”N, 109°13’04,0”E (hòn Cứt Chim);

NT4: 12°12’58,0”N, 109°12’32,0”E (Trường Tây, phường Vĩnh Nguyên).

Được giới hạn bởi các đoạn thẳng nối lần lượt các điểm theo thứ tự NT5, NT6 và NT7 có tọa độ sau đây:

NT5: 12°09’17,0”N, 109°13’21,0”E;

NT6: 12°09’17,0”N, 109°16’48,0”E;

NT7: 12°11’03,0”N, 109°16’48,0”E.

Ranh giới về phía đất liền: từ điểm NT4 chạy theo đường bờ biển xuống phía Nam đến khu vực sông Tắc, chạy theo đường bờ tả ngạn cửa sông Tắc đến hành lang an toàn phía hạ lưu cầu đường bộ Bình Tân tới điểm BT1 có tọa độ 12°12’27,9”N, 109°11’18,8”E (theo quy định hiện hành về hành lang an toàn đường bộ), chạy dọc hành lang an toàn phía hạ lưu cầu Bình Tân sang đến đường bờ hữu ngạn của sông Tắc đến điểm BT2 có tọa độ 12°12’18,4”N, 109°11’18,4”E, chạy theo đường bờ sông về phía cửa sông Tắc, tiếp tục chạy dọc theo đường bờ biển xuống phía Nam tới điểm NT5.

Từ điểm NT7, chạy theo bờ phía Tây đảo Hòn Tre lên phía Bắc, qua mũi Nam, đến mũi Lang và nối với điểm NT1.

Trên đây là nội dung tư vấn.","vung-nuoc-cang-bien","","","","2019-06-27T00:00:00","https://thuvienphapluat.vn/hoi-dap-phap-luat/pham-vi-vung-nuoc-cang-bien-khanh-hoa-tai-khu-vuc-vinh-nha-trang-296856.html","2026-05-27T08:56:35.151256+00:00"
"296857","Phạm vi vùng nước cảng biển Khánh Hòa tại khu vực vịnh Cam Ranh","Căn cứ Điểm c Khoản 1 Điều 2 Thông tư 20/2019/TT-BGTVT có hiệu lực từ ngày 01/08/2019 thì phạm vi vùng nước cảng biển Khánh Hòa tại khu vực vịnh Cam Ranh được quy định như sau:

Ranh giới về phía biển: được giới hạn bởi các đoạn thẳng nối lần lượt các điểm theo thứ tự C1, C2, C3, C4, C5, C6, C7, TC, C8, C9, C10 và C11 có tọa độ sau đây:

C1: 11°58’08,8”N, 109°12’24,9”E;

C2: 11°56’51,3”N, 109°11’46,5”E;

C3: 11°55’32,9”N, 109°11’30,6”E;

C4: 11°54’40,8”N, 109°11’09,5”E;

C5: 11°53’56,3”N, 109°10’27,8”E;

C6: 11°52’56,7”N, 109°11’46,2”E;

C7: 11°52’14,3”N, 109°12’13,5”E;

C8: 11°51’40,2”N, 109°13’37,3”E;

C9: 11°51’06,0”N, 109°13’16,0”E (Mũi Nam);

C10: 11°50’34,0”N, 109°12’52,0”E;

C11: 11°48’10,0”N, 109°13’46,0”E;

C12: 11°46’54,0”N, 109°12’00,0”E.

Ranh giới về phía đất liền: từ điểm C12 chạy dọc theo đường bờ biển lên phía Bắc qua mũi Bà Tiên và mũi Sộp, chạy theo đường bờ của vịnh Cam Ranh xuống phía Nam qua mũi Ong Định lên phía Bắc của vịnh đến hành lang an toàn cầu Long Hồ, chạy dọc hành lang an toàn cầu đến điểm giữa hành lang an toàn cầu Long Hồ và nối với điểm C1.

Trên đây là nội dung tư vấn.","vung-nuoc-cang-bien","","","","2019-06-27T00:00:00","https://thuvienphapluat.vn/hoi-dap-phap-luat/pham-vi-vung-nuoc-cang-bien-khanh-hoa-tai-khu-vuc-vinh-cam-ranh-296857.html","2026-05-27T08:56:39.435265+00:00"
"296858","Phạm vi vùng nước cảng biển Khánh Hòa tại Trường Sa","Căn cứ Điểm d Khoản 1 Điều 2 Thông tư 20/2019/TT-BGTVT có hiệu lực từ ngày 01/08/2019 thì phạm vi vùng nước cảng biển Khánh Hòa tại Trường Sa: được giới hạn bởi các đoạn thẳng khép kín nối lần lượt các điểm TS1, TS2, TS3, TS4 và TS5 có tọa độ sau đây:

TS1: 08°50’58,6”N, 112°11’01,5”E (Đảo Đá Tây);

TS2: 08°56’04,6”N, 112°20’55,5”E (Đảo Trường Sa Đông);

TS3: 08°49’40,6”N, 112°35’49,5”E (Đảo Đá Đông);

TS4: 07°44’58,6”N, 113°00’01,5”E (Đảo An Bang);

TS5: 08°40’40,6”N, 111°40’13,5”E (Đảo Đá Lát).

Trên đây là nội dung tư vấn.","vung-nuoc-cang-bien","","","","2019-06-27T00:00:00","https://thuvienphapluat.vn/hoi-dap-phap-luat/pham-vi-vung-nuoc-cang-bien-khanh-hoa-tai-truong-sa-296858.html","2026-05-27T08:56:43.692491+00:00"
"296860","Phạm vi vùng nước cảng biển Ninh Thuận tại khu vực vịnh Phan Rang","Căn cứ Khoản 2 Điều 2 Thông tư 20/2019/TT-BGTVT có hiệu lực từ ngày 01/08/2019 thì phạm vi vùng nước cảng biển Ninh Thuận tại khu vực vịnh Phan Rang được quy định như sau:

a) Ranh giới về phía biển: được giới hạn bởi các đoạn thẳng nối lần lượt các điểm theo thứ tự PR1, PR2 và PR3, có tọa độ sau đây:

PR1: 11°33’45,0”N, 109°07’42,0”E (Mũi Hòn Đỏ);

PR2: 11°29’09,0”N, 109°05’54,0”E;

PR3: 11°29’09,0”N, 109°00’48,0”E.

b) Ranh giới về phía đất liền:

Từ điểm PR1 chạy dọc theo đường bờ biển của vịnh Phan Rang xuống phía Nam đến khu vực cửa luồng vào lạch Tri Hải (luồng vào bến cảng Ninh Chữ), chạy theo đường bờ tả ngạn lạch Tri Hải đến hành lang an toàn phía hạ lưu cầu đường bộ Ninh Chữ tại điểm NC1 có tọa độ 11°35’33,40’’N, 109°02’52,20”E (theo quy định hiện hành về hành lang an toàn đường bộ), chạy dọc hành lang an toàn phía hạ lưu cầu Ninh Chữ sang đến bờ hữu ngạn của lạch Tri Hải đến điểm NC2 có tọa độ 11°35’29,90”N, 109°02’48,20”E, chạy theo đường bờ về phía cửa lạch Tri Hải, tiếp tục chạy dọc theo đường bờ biển tới điểm SD1 có tọa độ 11°32’16,10”N, 109°01’44,30”E (phía bờ tả ngạn cửa sông Dinh).

Từ điểm SD1, chạy băng ngang cửa sông Dinh về phía bờ hữu ngạn và nối với điểm SD2 có tọa độ 11°32’05,0”N, 109°01’36,20”E (phía bờ hữu ngạn cửa sông Dinh). Từ điểm SD2, tiếp tục chạy dọc theo đường bờ biển của vịnh Phan Rang về phía Nam đến điểm PR3.

Trên đây là nội dung tư vấn.","vung-nuoc-cang-bien","","","","2019-06-27T00:00:00","https://thuvienphapluat.vn/hoi-dap-phap-luat/pham-vi-vung-nuoc-cang-bien-ninh-thuan-tai-khu-vuc-vinh-phan-rang-296860.html","2026-05-27T08:56:47.960284+00:00"
"296862","Ranh giới vùng nước cảng biển Khánh Hòa, Phan Rang","Căn cứ Khoản 3 Điều 2 Thông tư 20/2019/TT-BGTVT có hiệu lực từ ngày 01/08/2019 thì ranh giới vùng nước cảng biển Ninh Thuận tại khu vực vịnh Phan Rang được quy định như sau:

Ranh giới vùng nước cảng biển Khánh Hòa thuộc địa phận tỉnh Khánh Hòa và ranh giới vùng nước cảng biển Ninh Thuận tại khu vực vịnh Phan Rang quy định tại khoản 1, khoản 2 Điều này được xác định trên các Hải đồ số I-1000-04 do Hải quân nhân dân Việt Nam tái bản năm 2001 và các Hải đồ số: VN300021, VN4BN001, VN4NT001, VN300020, VN3KH001 do Tổng công ty Bảo đảm An toàn hàng hải miền Nam xuất bản lần 1 năm 2016. Tọa độ các điểm quy định trong Thông tư này được áp dụng theo Hệ tọa độ WGS 84 và được chuyển đổi sang Hệ tọa độ VN-2000 tại Phụ lục ban hành kèm theo Thông tư này.

Trên đây là nội dung tư vấn.","vung-nuoc-cang-bien","","","","2019-06-27T00:00:00","https://thuvienphapluat.vn/hoi-dap-phap-luat/ranh-gioi-vung-nuoc-cang-bien-khanh-hoa-phan-rang-296862.html","2026-05-27T08:56:53.042261+00:00"
"296875","Tọa độ các điểm giới hạn ranh giới vùng nước cảng biển Khánh Hòa","Tọa độ các điểm giới hạn ranh giới vùng nước cảng biển Khánh Hòa tại các khu vực: vịnh Vân Phong, vịnh Nha Trang, vịnh Cam Ranh được quy định trong phụ lục ban hành kèm theo Thông tư 20/2019/TT-BGTVT có hiệu lực từ ngày 01/08/2019 như sau:

Điểm

Hệ WGS - 84

Hệ VN - 2000

Vĩ độ (N)

Kinh độ (E)

Vĩ độ (N)

Kinh độ (E)

VP1

12°33’36,0”

109°26’00,0”

12°33’39,7”

109°25’53,6”

VP2

12°28’00,0”

109°26’00,0”

12°28’03,7”

109°25’53,6”

VP3

12°24’00,0”

109°20’30,0”

12°24’03,7”

109°20’23,6”

NT1

12°14’14,0”

109°16’00,0”

12°14’17,7”

109°15’53,6”

NT2

12°16’00,0”

109°13’42,0”

12°16’03,7”

109°13’35,6”

NT3

12°16’00,0”

109°13’04,0”

12°16’03,7”

109°12’57,6”

NT4

12°12’58,0”

109°12’32,0”

12°13’01,7”

109°12’25,6”

BT1

12°12’27,9”

109°11’18,8”

12°12’31,6”

109°11’12,4”

BT2

12°12’18,4”

109°11’18,4”

12°12’22,1”

109°11’12,0”

NT5

12°09’17,0”

109°13’21,0”

12°09’20,7”

109°13’14,6”

NT6

12°09’17,0”

109°16’48,0”

12°09’20,7”

109°16’41,6”

NT7

12°11’03,0”

109°16’48,0”

12°11’06,7”

109°16’41,6”

C1

11°58’08,8”

109°12’24,9”

11°58’12,5”

109°12’18,4”

C2

11°56’51,3”

109°11’46,5”

11°56’55,0”

109°11’40,0”

C3

11°55’32,9”

109°11’30,6”

11°55’36,6”

109°11’24,1”

C4

11°54’40,8”

109°11’09,5”

11°54’44,5”

109°11’03,0”

C5

11°53’56,3”

109°10’27,8”

11°54’00,0”

109°10’21,3”

C6

11°52’56,7”

109°11’46,2”

11°53’00,4”

109°11’39,7”

C7

11°52’14,3”

109°12’13,5”

11°52’18,0”

109°12’07,0”

C8

11°51’40,2”

109°13’37,3”

11°51’43,9”

109°13’30,9”

C9

11°51’06,0”

109°13’16,0”

11°51’09,7”

109°13’09,6”

C10

11°50’34,0”

109°12’52,0”

11°50’37,7”

109°12’45,6”

C11

11°48’10,0”

109°13’46,0”

11°48’13,7”

109°13’39,6”

C12

11°46’54,0”

109°12’00,0”

11°46’57,7”

109°11’53,5”

Trên đây là nội dung tư vấn.","vung-nuoc-cang-bien","","","","2019-06-27T00:00:00","https://thuvienphapluat.vn/hoi-dap-phap-luat/toa-do-cac-diem-gioi-han-ranh-gioi-vung-nuoc-cang-bien-khanh-hoa-296875.html","2026-05-27T08:56:59.327136+00:00"
"296876","Tọa độ các điểm giới hạn ranh giới vùng nước cảng biển Khánh Hòa tại Trường Sa","Tọa độ các điểm giới hạn ranh giới vùng nước cảng biển Khánh Hòa tại Trường Sa được quy định tại Phụ lục ban hành kèm theo Thông tư 20/2019/TT-BGTVT có hiệu lực từ ngày 01/08/2019 như sau:

Điểm

Hệ WGS - 84

Hệ VN - 2000

Hệ tọa độ Hải đồ sử dụng

Vĩ độ (N)

Kinh độ (E)

Vĩ độ (N)

Kinh độ (E)

Vĩ độ (N)

Kinh độ (E)

TS1

08°50’58,6”

112°11’01,5”

08°51’02,3”

112°10’55,0”

08°51’00,0”

112°11’00,0”

TS2

08°56’04,6”

112°20’55,5”

08°56’08,3”

112°20’49,0”

08°56’06,0”

112°20’54,0”

TS3

08°49’40,6”

112°35’49,5”

08°49’44,3”

112°35’43,0”

08°49’42,0”

112°35’48,0”

TS4

07°44’58,6”

113°00’01,5”

07°45’02,3”

112°59’55,0”

07°45’00,0”

113°00’00,0”

TS5

08°40’40,6”

111°40’13,5”

08°40’44,3”

111°40’07,0”

08°40’42,0”

111°40’12,0”

Trên đây là nội dung tư vấn.","vung-nuoc-cang-bien","","","","2019-06-27T00:00:00","https://thuvienphapluat.vn/hoi-dap-phap-luat/toa-do-cac-diem-gioi-han-ranh-gioi-vung-nuoc-cang-bien-khanh-hoa-tai-truong-sa-296876.html","2026-05-27T08:57:04.378237+00:00"
"296877","Tọa độ các điểm giới hạn ranh giới vùng nước cảng biển Ninh Thuận","Tọa độ các điểm giới hạn ranh giới vùng nước cảng biển Ninh Thuận tại khu vực vịnh Phan Rang được quy định tại Phụ lục ban hành kèm theo Thông tư 20/2019/TT-BGTVT có hiệu lực từ ngày 01/08/2019 như sau:

Điểm

Hệ WGS - 84

Hệ VN - 2000

Vĩ độ (N)

Kinh độ (E)

Vĩ độ (N)

Kinh độ (E)

PR1

11°33’45,0”

109°07’42,0”

11°33’48,7”

109°07’35,6”

PR2

11°29’09,0”

109°05’54,0”

11°29’12,7”

109°05’47,6”

PR3

11°29’09,0”

109°00’48,0”

11°29’12,7”

109°00’41,6”

NC1

11°35’33,40”

109°02’52,20”

11°35’37,1”

109°02’45,8”

NC2

11°35’29,90”

109°02’48,20”

11°25’33,6”

109°02’41,8”

SD1

11°32’16,10”

109°01’44,30”

11°32’19,8”

109°01’37,9”

SD2

11°32’05,0”

109°01’36,20”

11°32’08,7”

109°01’29,8”

Trên đây là nội dung tư vấn.","vung-nuoc-cang-bien","","","","2019-06-27T00:00:00","https://thuvienphapluat.vn/hoi-dap-phap-luat/toa-do-cac-diem-gioi-han-ranh-gioi-vung-nuoc-cang-bien-ninh-thuan-296877.html","2026-05-27T08:57:10.499942+00:00"
"296878","Quy định vùng nước cảng biển thuộc địa phận tỉnh Bình Thuận, Ninh Thuận","Căn cứ Điều 1 Thông tư 21/2019/TT-BGTVT có hiệu lực từ ngày 01/08/2019 thì vùng nước cảng biển thuộc địa phận tỉnh Bình Thuận, vùng nước cảng biển Bình Thuận - Ninh Thuận tại khu vực Vĩnh Tân - Cà Ná được quy định như sau:

Vùng nước cảng biển Bình Thuận thuộc địa phận tỉnh Bình Thuận, vùng nước cảng biển Bình Thuận - Ninh Thuận tại khu vực Vĩnh Tân - Cà Ná bao gồm các vùng nước sau:

1. Vùng nước cảng biển Bình Thuận tại khu vực Hòa Phú.

2. Vùng nước cảng biển Bình Thuận tại khu vực Phan Thiết.

3. Vùng nước cảng biển Bình Thuận tại khu vực đảo Phú Quý.

4. Vùng nước cảng biển Bình Thuận tại khu vực dầu khí ngoài khơi mỏ Hồng Ngọc.

5. Vùng nước cảng biển Bình Thuận tại khu vực dầu khí ngoài khơi mỏ Sư Tử Đen.

6. Vùng nước cảng biển Bình Thuận tại khu vực dầu khí ngoài khơi mỏ Sư Tử Vàng.

7. Vùng nước cảng biển Bình Thuận tại khu vực dầu khí ngoài khơi mỏ Thăng Long - Đông Đô.

8. Vùng nước cảng biển Bình Thuận - Ninh Thuận tại khu vực Vĩnh Tân - Cà Ná.

Trên đây là nội dung tư vấn.","vung-nuoc-cang-bien","","","","2019-06-27T00:00:00","https://thuvienphapluat.vn/hoi-dap-phap-luat/quy-dinh-vung-nuoc-cang-bien-thuoc-dia-phan-tinh-binh-thuan-ninh-thuan-296878.html","2026-05-27T08:57:15.471265+00:00"
"296882","Phạm vi vùng nước cảng biển Bình Thuận tại khu vực Hòa Phú","Căn cứ Khoản 1 Điều 2 Thông tư 21/2019/TT-BGTVT có hiệu lực từ ngày 01/08/2019 thì phạm vi vùng nước cảng biển Bình Thuận tại khu vực Hòa Phú được quy định như sau:

Ranh giới về phía biển: được giới hạn bởi các đoạn thẳng nối lần lượt các điểm HP1, HP2, HP3, HP4, HP5 và HP6 có tọa độ sau đây:

HP1: 11°09’13,3”N; 108°31’29,4”E;

HP2: 11°08’43,3”N; 108°32’39,4”E;

HP3: 11°08’18,3”N; 108°33’08,4”E;

HP4: 11°07’09,3”N; 108°33’59,4”E;

HP5: 11°06’57,3”N; 108°33’48,4”E;

HP6: 11°09’01,3”N; 108°31’19,4”E.

Ranh giới về phía đất liền: từ điểm HP1 chạy dọc theo đường bờ biển xuống phía Nam đến điểm HP6.

Trên đây là nội dung tư vấn.","vung-nuoc-cang-bien","","","","2019-06-27T00:00:00","https://thuvienphapluat.vn/hoi-dap-phap-luat/pham-vi-vung-nuoc-cang-bien-binh-thuan-tai-khu-vuc-hoa-phu-296882.html","2026-05-27T08:57:20.317950+00:00"
"296887","Phạm vi vùng nước cảng biển Bình Thuận tại khu vực Phan Thiết","Căn cứ Khoản 2 Điều 2 Thông tư 21/2019/TT-BGTVT có hiệu lực từ ngày 01/08/2019 thì phạm vi vùng nước cảng biển Bình Thuận tại khu vực Phan Thiết được quy định như sau:

Ranh giới về phía biển: được giới hạn bởi các đoạn thẳng nối lần lượt các điểm PT1, PT2, PT3, PT4, PT5, PT6 và PT7 có tọa độ sau đây:

PT1: 10°54’59,3”N; 108°06’22,4”E (Đầu kè Đông Bắc);

PT2: 10°53’48,3”N; 108°10’14,4”E;

PT3: 10°53’00,3”N; 108°10’14,4”E;

PT4: 10°53’00,3”N; 108°08’14,4”E;

PT5: 10°53’54,3”N; 108°05’45,4”E;

PT6: 10°54’39,3”N; 108°05’55,4”E (Bãi cạn);

PT7: 10°54’57,3”N; 108°06’08,4”E (Đầu kè Tây Nam).

Ranh giới về phía đất liền: từ hai điểm PT1, PT7 chạy dọc theo hai bờ sông Cà Ty đến đường vĩ tuyến 10°55’13,3”N cắt ngang sông.

Trên đây là nội dung tư vấn.","vung-nuoc-cang-bien","","","","2019-06-27T00:00:00","https://thuvienphapluat.vn/hoi-dap-phap-luat/pham-vi-vung-nuoc-cang-bien-binh-thuan-tai-khu-vuc-phan-thiet-296887.html","2026-05-27T08:57:24.258897+00:00"
"296889","Phạm vi vùng nước cảng biển Bình Thuận tại khu vực đảo Phú Quý","Căn cứ Khoản 3 Điều 2 Thông tư 21/2019/TT-BGTVT có hiệu lực từ ngày 01/08/2019 thì phạm vi vùng nước cảng biển Bình Thuận tại khu vực đảo Phú Quý được quy định như sau:

Ranh giới về phía biển: được giới hạn bởi các đoạn thẳng nối các điểm PQ1, PQ2, PQ3, PQ4, PQ5, PQ6 và PQ7 có tọa độ sau đây:

PQ1: 10°30’12,3”N; 108°57’10,4”E;

PQ2: 10°30’02,3”N; 108°57’15,4”E;

PQ3: 10°29’38,3”N; 108°57’12,4”E;

PQ4: 10°29’23,3”N; 108°55’08,4”E;

PQ5: 10°30’40,3”N; 108°55’01,4”E;

PQ6: 10°30’00,3”N; 108°57’01,4”E;

PQ7: 10°30’11,3”N; 108°57’04,4”E.

Ranh giới về phía đất liền: từ điểm PQ1 chạy dọc theo đường bờ xuống phía Tây đến điểm PQ7.

Trên đây là nội dung tư vấn.","vung-nuoc-cang-bien","","","","2019-06-27T00:00:00","https://thuvienphapluat.vn/hoi-dap-phap-luat/pham-vi-vung-nuoc-cang-bien-binh-thuan-tai-khu-vuc-dao-phu-quy-296889.html","2026-05-27T08:57:28.848700+00:00"
"296893","Phạm vi vùng nước cảng biển khu vực dầu khí thuộc tỉnh Bình Thuận","Căn cứ Khoản 4, 5, 6 , 7 Điều 2 Thông tư 21/2019/TT-BGTVT có hiệu lực từ ngày 01/08/2019 thì phạm vi vùng nước cảng biển khu vực dầu khí thuộc tỉnh Bình Thuận được quy định như sau:

- Phạm vi vùng nước cảng biển Bình Thuận tại khu vực dầu khí ngoài khơi mỏ Hồng Ngọc: được giới hạn bởi đường tròn có bán kính 01 hải lý, với tâm tại vị trí HN có tọa độ sau đây:

HN: 10°22’28,3”N; 108°30’07,4”E.

- Phạm vi vùng nước cảng biển Bình Thuận tại khu vực dầu khí ngoài khơi mỏ Sư Tử Đen: được giới hạn bởi đường tròn có bán kính 01 hải lý, với tâm tại vị trí STĐ có tọa độ sau đây:

STĐ: 10°25’20,3”N; 108°23’44,4”E.

- Phạm vi vùng nước cảng biển Bình Thuận tại khu vực dầu khí ngoài khơi mỏ Sư Tử Vàng: được giới hạn bởi đường tròn có bán kính 01 hải lý, với tâm tại vị trí STV có tọa độ sau đây:

STV: 10°21’49,3”N; 108°22’37,4”E.

- Phạm vi vùng nước cảng biển Bình Thuận tại khu vực dầu khí ngoài khơi mỏ Thăng Long - Đông Đô: được giới hạn bởi đường tròn có bán kính 03 hải lý, với tâm tại vị trí TL - ĐĐ có tọa độ sau đây:

TL - ĐĐ: 10°08’02,3”N; 108°34’03,4”E.

Trên đây là nội dung tư vấn.","vung-nuoc-cang-bien","","","","2019-06-27T00:00:00","https://thuvienphapluat.vn/hoi-dap-phap-luat/pham-vi-vung-nuoc-cang-bien-khu-vuc-dau-khi-thuoc-tinh-binh-thuan-296893.html","2026-05-27T08:57:33.598890+00:00"
"296894","Phạm vi vùng nước cảng biển Bình Thuận - Ninh Thuận tại khu vực Vĩnh Tân - Cà Ná","Căn cứ Khoản 8 Điều 2 Thông tư 21/2019/TT-BGTVT có hiệu lực từ ngày 01/08/2019 thì phạm vi vùng nước cảng biển Bình Thuận - Ninh Thuận tại khu vực Vĩnh Tân - Cà Ná được quy định như sau:

Ranh giới về phía biển: được giới hạn bởi các đoạn thẳng nối lần lượt các điểm CN1, CN2 và VT1 có tọa độ sau đây:

CN1: 11°18’22,2”N; 108°54’53,4”E (Mũi Sừng Trâu);

CN2: 11°16’43,2”N; 108°54’24,4”E;

VT1: 11°17’17,2”N; 108°46’35,4”E.

Ranh giới về phía đất liền: từ điểm CN1 chạy dọc theo đường bờ biển xuống phía Nam đến điểm VT1.

Trên đây là nội dung tư vấn.","vung-nuoc-cang-bien","","","","2019-06-27T00:00:00","https://thuvienphapluat.vn/hoi-dap-phap-luat/pham-vi-vung-nuoc-cang-bien-binh-thuan-ninh-thuan-tai-khu-vuc-vinh-tan-ca-na-296894.html","2026-05-27T08:57:37.618534+00:00"
"296896","Phạm vi vùng nước cảng biển thuộc tỉnh Bình Thuận được xác định theo hải đồ nào?","Căn cứ Khoản 9 Điều 2 Thông tư 21/2019/TT-BGTVT có hiệu lực từ ngày 01/08/2019 thì phạm vi vùng nước cảng biển thuộc tỉnh Bình Thuận được xác định theo những hải đồ sau:

Phạm vi vùng nước các cảng biển quy định tại Thông tư này được xác định trên Hải đồ số IA-200-10 tái bản năm 2007, IA-200-11 tái bản năm 2009 của Hải quân nhân dân Việt Nam; Hải đồ VN4VT00; VN4PT001, VN4PQ001, VN4HP001 của Tổng công ty Bảo đảm an toàn hàng hải Miền Nam sản xuất năm 2016 và các hải đồ liên quan khác. Tọa độ các điểm quy định tại Điều này được áp dụng theo Hệ tọa độ WGS 84 và được chuyển đổi sang Hệ tọa độ VN 2000 tương ứng tại Phụ lục ban hành kèm theo Thông tư này.

Trên đây là nội dung tư vấn.","vung-nuoc-cang-bien","","","","2019-06-27T00:00:00","https://thuvienphapluat.vn/hoi-dap-phap-luat/pham-vi-vung-nuoc-cang-bien-thuoc-tinh-binh-thuan-duoc-xac-dinh-theo-hai-do-nao-296896.html","2026-05-27T08:57:41.705090+00:00"
"287752","Yêu cầu về phòng ngừa thiên tai đối với công trình đang xây dựng trong vùng nước cảng biển","Tại Điều 14 Thông tư 10/2019/TT-BGTVT quy định về phòng, chống thiên tai trong lĩnh vực hàng hải do Bộ trưởng Bộ Giao thông vận tải ban hành, có hiệu lực từ 01/05/2019, có quy định yêu cầu về phòng ngừa thiên tai đối với công trình đang xây dựng trong vùng nước cảng biển như sau:

1. Đối với các công trình đang xây dựng có thời gian thi công kéo dài qua mùa bão lũ, chủ đầu tư phải xây dựng phương án ứng phó thiên tai phù hợp.

2. Chủ đầu tư xây dựng phương án ứng phó thiên tai cụ thể cho công trường và công trình xây dựng và gửi Cảng vụ hàng hải để phối hợp kiểm tra, chỉ đạo khi xảy ra thiên tai.

3. Đối với trang thiết bị, máy móc thi công lớn như giá búa, cần cẩu, sà lan, phao nổi và các trang thiết bị khác, chủ đầu tư phải có phương án sơ tán, chằng buộc trước khi thiên tai xảy ra.

Trên đây là nội dung tư vấn.

Trân trọng và chúc sức khỏe!","vung-nuoc-cang-bien","","","","2019-03-22T00:00:00","https://thuvienphapluat.vn/hoi-dap-phap-luat/yeu-cau-ve-phong-ngua-thien-tai-doi-voi-cong-trinh-dang-xay-dung-trong-vung-nuoc-cang-bien-287752.html","2026-05-27T08:57:46.426042+00:00"
"278782","Quy hoạch chi tiết nhóm cảng biển, bến cảng, bến phao, vùng nước, quy hoạch chi tiết phát triển vùng đất, vùng nước cảng biển","Quy hoạch chi tiết nhóm cảng biển, bến cảng, cầu cảng, bến phao, khu nước, vùng nước, quy hoạch chi tiết phát triển vùng đất, vùng nước cảng biển được quy định tại Khoản 6 Điều 2 Luật sửa đổi, bổ sung một số Điều của 37 Luật có liên quan đến quy hoạch 2018 như sau:

1. Quy hoạch chi tiết nhóm cảng biển, bến cảng, cầu cảng, bến phao, khu nước, vùng nước, quy hoạch chi tiết phát triển vùng đất, vùng nước cảng biển là quy hoạch có tính chất kỹ thuật, chuyên ngành, cụ thể hóa quy hoạch tổng thể phát triển hệ thống cảng biển.

2. Quy hoạch chi tiết nhóm cảng biển, bến cảng, cầu cảng, bến phao, khu nước, vùng nước bao gồm các nội dung chủ yếu sau đây:

a) Dự báo nhu cầu hàng hóa thông qua, phân bổ lượng hàng hóa cho từng bến cảng, khu bến cảng trong nhóm cảng biển;

b) Xác định loại cảng; phương án điều tiết hợp lý luồng hàng hóa; hỗ trợ phát triển các khu kinh tế, khu du lịch, khu công nghiệp, khu chế xuất;

c) Xác định theo giai đoạn quy hoạch về số lượng cầu cảng, bến cảng, khu bến cảng, dự án ưu tiên đầu tư;

d) Bố trí sơ bộ mặt bằng bến cảng, khu bến cảng trong nhóm cảng biển;

đ) Giải pháp tổ chức thực hiện quy hoạch.

3. Quy hoạch chi tiết phát triển vùng đất, vùng nước cảng biển bao gồm các nội dung chủ yếu sau đây:

a) Dự báo nhu cầu hàng hóa thông qua, phân bổ lượng hàng hóa cho từng bến cảng, khu bến cảng trong cảng biển;

b) Xác định vị trí, quy mô, công năng, diện tích vùng đất, vùng nước, diện tích kho bãi, khu vực hậu cần bến cảng; phân bổ các khu công năng của cảng biển trong phạm vi vùng đất, vùng nước được quy hoạch; công suất thiết kế của các cầu cảng, bến cảng; xác định thông số kỹ thuật cơ bản luồng tàu, cỡ tàu chuẩn hàng hải trên luồng;

c) Xác định vị trí, thông số kỹ thuật cơ bản cầu cảng, bến cảng, các công trình hạ tầng hàng hải công cộng; xác định quy mô, vị trí các công trình phục vụ quản lý nhà nước;

d) Xác định nhu cầu sử dụng đất, nhu cầu vốn đầu tư, lộ trình thực hiện quy hoạch theo thứ tự ưu tiên đầu tư;

đ) Giải pháp tổ chức thực hiện quy hoạch, quản lý thực hiện quy hoạch; dự kiến nguồn vốn đầu tư luồng tuyến, bến cảng.

4. Bộ Giao thông vận tải tổ chức lập quy hoạch chi tiết nhóm cảng biển, bến cảng, cầu cảng, bến phao, khu nước, vùng nước trình Thủ tướng Chính phủ phê duyệt. Bộ trưởng Bộ Giao thông vận tải phê duyệt quy hoạch chi tiết phát triển vùng đất, vùng nước cảng biển.

5. Việc công bố công khai quy hoạch chi tiết nhóm cảng biển, bến cảng, cầu cảng, bến phao, khu nước, vùng nước, quy hoạch chi tiết phát triển vùng đất, vùng nước cảng biển được thực hiện theo quy định của pháp luật về quy hoạch và pháp luật về hàng hải.

6. Chính phủ quy định chi tiết việc lập, thẩm định, phê duyệt, công bố, thực hiện, đánh giá và điều chỉnh quy hoạch chi tiết nhóm cảng biển, bến cảng, cầu cảng, bến phao, khu nước, vùng nước, quy hoạch chi tiết phát triển vùng đất, vùng nước cảng biển.

Trên đây là nội dung quy định về việc quy hoạch chi tiết nhóm cảng biển, bến cảng, cầu cảng, bến phao, khu nước, vùng nước, quy hoạch chi tiết phát triển vùng đất, vùng nước cảng biển. Để hiểu rõ hơn về vấn đề này, bạn nên tham khảo thêm tại Luật sửa đổi, bổ sung một số Điều của 37 Luật có liên quan đến quy hoạch 2018.

Trân trọng!","vung-nuoc-cang-bien","","","","2019-01-10T00:00:00","https://thuvienphapluat.vn/hoi-dap-phap-luat/quy-hoach-chi-tiet-nhom-cang-bien-ben-cang-ben-phao-vung-nuoc-quy-hoach-chi-tiet-phat-trien-vung-dat-vung-nuoc-cang-bien-278782.html","2026-05-27T08:57:51.793357+00:00"
