"id","title","content","category","doc_type","doc_number","agency","published_date","url","crawled_at"
"138051494","Lịch Vạn niên 2026 - Lịch âm 2026 - Lịch dương 2026 chi tiết, đầy đủ 365 ngày tương ứng âm và dương?","Lịch Vạn niên 2026 - Lịch âm 2026 - Lịch dương 2026 chi tiết, đầy đủ 365 ngày tương ứng âm và dương?

Năm 2026, người lao động được nghỉ các ngày lễ, tết nào trong năm?

Người lao động có các quyền và nghĩa vụ gì?

Xem mới:

>>> Kịch bản sinh hoạt chi bộ tháng 5 2026 chi tiết ra sao?

>>> Tài liệu sinh hoạt chi bộ tháng 5/2026 chi tiết như thế nào?

>>> Nội dung trọng tâm sinh hoạt chi bộ Tháng 5/2026 chi tiết thế nào?

>>> Mẫu nội dung sinh hoạt chi bộ Tháng 5 năm 2026 chi tiết ra sao?

>>> Hướng dẫn sinh hoạt chi bộ tháng 5/2026 đầy đủ như thế nào?

Theo Lịch Vạn niên 2026 - Lịch âm 2026 - Lịch dương 2026, tết Âm lịch 2026 sẽ rơi vào các ngày sau:

- 29 tháng Chạp năm Ất Tỵ (29 Tết): Thứ hai, ngày 16/02/2026 dương lịch

- Mùng 1 tháng Giêng năm Bính Ngọ (Mùng 1 Tết): Thứ ba, ngày 17/02/2026 dương lịch

- Mùng 2 tháng Giêng năm Bính Ngọ (Mùng 2 Tết): Thứ tư, ngày 18/02/2026 dương lịch

- Mùng 3 tháng Giêng năm Bính Ngọ (Mùng 3 Tết): Thứ năm, ngày 19/02/2026 dương lịch

Dưới đây là Lịch Vạn niên 2026 - Lịch âm 2026 - Lịch dương 2026 chi tiết, đầy đủ 365 ngày tương ứng âm và dương:

Lịch Tháng 1 năm 2026

Lịch Tháng 2 năm 2026

Lịch Tháng 3 năm 2026

Lịch Tháng 4 năm 2026

Lịch Tháng 5 năm 2026

Lịch Tháng 6 năm 2026

Lịch Tháng 7 năm 2026

Lịch Tháng 8 năm 2026

Lịch Tháng 9 năm 2026

Lịch Tháng 10 năm 2026

Lịch Tháng 11 năm 2026

Lịch Tháng 12 năm 2026

XEM ĐẦY ĐỦ:

THÁNG 1/2026

>>> Xem lịch âm tháng 1 năm 2026 - Lịch vạn niên tháng 1 năm 2026 đầy đủ, chi tiết, mới nhất

>>> Lịch Dương Tháng 1 2026 chi tiết, chính xác nhất

THÁNG 2/2026

>>> Xem lịch âm tháng 2 năm 2026 - Lịch vạn niên tháng 2 năm 2026 đầy đủ, chi tiết, mới nhất

>>> Lịch Dương Tháng 2 2026 chi tiết, chính xác nhất

THÁNG 3/2026

>>> Xem lịch âm tháng 3 năm 2026 - Lịch vạn niên tháng 3 năm 2026 đầy đủ, chi tiết, mới nhất

>>> Lịch Dương Tháng 3 2026 chi tiết, chính xác nhất

THÁNG 4/2026

>>> Xem lịch âm tháng 4 năm 2026 - Lịch vạn niên tháng 4 năm 2026 đầy đủ, chi tiết, mới nhất

>>> Lịch Dương Tháng 4 2026 chi tiết, chính xác nhất

THÁNG 5/2026

>>> Xem lịch âm tháng 5 năm 2026 - Lịch vạn niên tháng 5 năm 2026 đầy đủ, chi tiết, mới nhất

>>> Lịch Dương Tháng 5 2026 chi tiết, chính xác nhất

THÁNG 6/2026

>>> Xem lịch âm tháng 6 năm 2026 - Lịch vạn niên tháng 6 năm 2026 đầy đủ, chi tiết, mới nhất

>>> Lịch Dương Tháng 6 2026 chi tiết, chính xác nhất

THÁNG 7/2026

>>> Xem lịch âm tháng 7 năm 2026 - Lịch vạn niên tháng 7 năm 2026 đầy đủ, chi tiết, mới nhất

>>> Lịch Dương Tháng 7 2026 chi tiết, chính xác nhất

THÁNG 8/2026

>>> Xem lịch âm tháng 8 năm 2026 - Lịch vạn niên tháng 8 năm 2026 đầy đủ, chi tiết, mới nhất

>>> Lịch Dương Tháng 8 2026 chi tiết, chính xác nhất

THÁNG 9/2026

>>> Xem lịch âm tháng 9 năm 2026 - Lịch vạn niên tháng 9 năm 2026 đầy đủ, chi tiết, mới nhất

>>> Lịch Dương Tháng 9 2026 chi tiết, chính xác nhất

THÁNG 10/2026

>>> Xem lịch âm tháng 10 năm 2026 - Lịch vạn niên tháng 10 năm 2026 đầy đủ, chi tiết, mới nhất

>>> Lịch Dương Tháng 10 2026 chi tiết, chính xác nhất

THÁNG 11/2026

>>> Xem lịch âm tháng 11 năm 2026 - Lịch vạn niên tháng 11 năm 2026 đầy đủ, chi tiết, mới nhất

>>> Lịch Dương Tháng 11 2026 chi tiết, chính xác nhất

THÁNG 12/2026

>>> Xem lịch âm tháng 12 năm 2026 - Lịch vạn niên tháng 12 năm 2026 đầy đủ, chi tiết, mới nhất

>>> Lịch Dương Tháng 12 2026 chi tiết, chính xác nhất

* Trên đây là Thông tin Lịch Vạn niên 2026 - Lịch âm 2026 - Lịch dương 2026 chi tiết, đầy đủ 365 ngày tương ứng âm và dương?

Lịch Vạn niên 2026 - Lịch âm 2026 - Lịch dương 2026 chi tiết, đầy đủ 365 ngày tương ứng âm và dương? (Hình từ Internet)

Căn cứ Điều 112 Bộ luật Lao động 2019 quy định về nghỉ lễ, tết như sau:

Như vậy, năm 2026 người lao động được nghỉ các ngày lễ, tết sau đây:

(1) Tết Dương lịch: 01 ngày (ngày 01 tháng 01 dương lịch);

(2) Tết Âm lịch: 05 ngày;

(3) Ngày Chiến thắng: 01 ngày (ngày 30 tháng 4 dương lịch);

(4) Ngày Quốc tế lao động: 01 ngày (ngày 01 tháng 5 dương lịch);

(5) Quốc khánh: 02 ngày (ngày 02 tháng 9 dương lịch và 01 ngày liền kề trước hoặc sau);

(6) Ngày Giỗ Tổ Hùng Vương: 01 ngày (ngày 10 tháng 3 âm lịch).

Ngoài ra, người lao động là người nước ngoài làm việc tại Việt Nam ngoài các ngày nghỉ nêu trên còn được nghỉ thêm 01 ngày Tết cổ truyền dân tộc và 01 ngày Quốc khánh của nước họ.

Lưu ý: Hằng năm, căn cứ vào điều kiện thực tế, Thủ tướng Chính phủ quyết định cụ thể ngày nghỉ quy định tại điểm b và điểm đ khoản 1 Điều 112 Bộ luật Lao động 2019

Căn cứ Điều 5 Bộ luật Lao động 2019 quy định cụ thể như sau:

Như vậy, người lao động có các quyền và nghĩa vụ như sau:

[1] Người lao động có các quyền sau đây:

- Làm việc; tự do lựa chọn việc làm, nơi làm việc, nghề nghiệp, học nghề, nâng cao trình độ nghề nghiệp; không bị phân biệt đối xử, cưỡng bức lao động, quấy rối tình dục tại nơi làm việc

- Hưởng lương phù hợp với trình độ, kỹ năng nghề trên cơ sở thỏa thuận với người sử dụng lao động; được bảo hộ lao động, làm việc trong điều kiện bảo đảm về an toàn, vệ sinh lao động; nghỉ theo chế độ, nghỉ hằng năm có hưởng lương và được hưởng phúc lợi tập thể

- Thành lập, gia nhập, hoạt động trong tổ chức đại diện người lao động, tổ chức nghề nghiệp và tổ chức khác theo quy định của pháp luật; yêu cầu và tham gia đối thoại, thực hiện quy chế dân chủ, thương lượng tập thể với người sử dụng lao động và được tham vấn tại nơi làm việc để bảo vệ quyền và lợi ích hợp pháp, chính đáng của mình; tham gia quản lý theo nội quy của người sử dụng lao động

- Từ chối làm việc nếu có nguy cơ rõ ràng đe dọa trực tiếp đến tính mạng, sức khỏe trong quá trình thực hiện công việc

- Đơn phương chấm dứt hợp đồng lao động

- Đình công

- Các quyền khác theo quy định của pháp luật

[2] Người lao động có các nghĩa vụ sau đây:

- Thực hiện hợp đồng lao động, thỏa ước lao động tập thể và thỏa thuận hợp pháp khác

- Chấp hành kỷ luật lao động, nội quy lao động; tuân theo sự quản lý, điều hành, giám sát của người sử dụng lao động

- Thực hiện quy định của pháp luật về lao động, việc làm, giáo dục nghề nghiệp, bảo hiểm xã hội, bảo hiểm y tế, bảo hiểm thất nghiệp và an toàn, vệ sinh lao động

Điều 112. Nghỉ lễ, tết

1. Người lao động được nghỉ làm việc, hưởng nguyên lương trong những ngày lễ, tết sau đây:

a) Tết Dương lịch: 01 ngày (ngày 01 tháng 01 dương lịch);

b) Tết Âm lịch: 05 ngày;

c) Ngày Chiến thắng: 01 ngày (ngày 30 tháng 4 dương lịch);

d) Ngày Quốc tế lao động: 01 ngày (ngày 01 tháng 5 dương lịch);

đ) Quốc khánh: 02 ngày (ngày 02 tháng 9 dương lịch và 01 ngày liền kề trước hoặc sau);

e) Ngày Giỗ Tổ Hùng Vương: 01 ngày (ngày 10 tháng 3 âm lịch).

2. Lao động là người nước ngoài làm việc tại Việt Nam ngoài các ngày nghỉ theo quy định tại khoản 1 Điều này còn được nghỉ thêm 01 ngày Tết cổ truyền dân tộc và 01 ngày Quốc khánh của nước họ.

3. Hằng năm, căn cứ vào điều kiện thực tế, Thủ tướng Chính phủ quyết định cụ thể ngày nghỉ quy định tại điểm b và điểm đ khoản 1 Điều này.

Điều 5. Quyền và nghĩa vụ của người lao động

1. Người lao động có các quyền sau đây:

a) Làm việc; tự do lựa chọn việc làm, nơi làm việc, nghề nghiệp, học nghề, nâng cao trình độ nghề nghiệp; không bị phân biệt đối xử, cưỡng bức lao động, quấy rối tình dục tại nơi làm việc;

b) Hưởng lương phù hợp với trình độ, kỹ năng nghề trên cơ sở thỏa thuận với người sử dụng lao động; được bảo hộ lao động, làm việc trong điều kiện bảo đảm về an toàn, vệ sinh lao động; nghỉ theo chế độ, nghỉ hằng năm có hưởng lương và được hưởng phúc lợi tập thể;

c) Thành lập, gia nhập, hoạt động trong tổ chức đại diện người lao động, tổ chức nghề nghiệp và tổ chức khác theo quy định của pháp luật; yêu cầu và tham gia đối thoại, thực hiện quy chế dân chủ, thương lượng tập thể với người sử dụng lao động và được tham vấn tại nơi làm việc để bảo vệ quyền và lợi ích hợp pháp, chính đáng của mình; tham gia quản lý theo nội quy của người sử dụng lao động;

d) Từ chối làm việc nếu có nguy cơ rõ ràng đe dọa trực tiếp đến tính mạng, sức khỏe trong quá trình thực hiện công việc;

[....]","chung-khoan","","","","2026-05-20T00:00:00","https://thuvienphapluat.vn/hoi-dap-phap-luat/lich-van-nien-2026--lich-am-2026--lich-duong-2026-chi-tiet-day-du-365-ngay-tuong-ung-am-va-duong-138051494.html","2026-05-21T19:20:51.519876+00:00"
"138051550","Lịch nghỉ lễ 2026 - Tổng hợp các ngày lễ 2026 ở Việt Nam chi tiết ra sao?","Lịch nghỉ lễ 2026 - Tổng hợp các ngày lễ 2026 ở Việt Nam chi tiết ra sao?

Tổ chức làm việc theo ca phải bố trí ít nhất mấy người?

Người lao động làm việc chưa đủ 12 tháng thì số ngày nghỉ hằng năm được xác định như thế nào?

Mới nhất:

>>> Tổng hợp các ngày nghỉ làm hưởng nguyên lương trong năm 2026

>>> Lịch nghỉ lễ Ngày Văn hoá Việt Nam 2026 chi tiết ra sao rơi vào thứ mấy?

Xem mới:

>>> Tết âm lịch 2026 đếm ngược? Giao thừa 2026 đếm ngược? Năm bính ngọ 2026 có bao nhiêu ngày?

Xem mới:

>>> Tháng 1 2026 có ngày lễ sự kiện gì? Tổng hợp các ngày lễ, sự kiện tháng 1/2026 trong nước và quốc tế ra sao?

>>> Chính thức: Lịch nghỉ Tết dương lịch 2026 của cán bộ, công chức, viên chức, người lao động và học sinh

>>> Lịch nghỉ Tết Dương lịch 2026 chính thức 4 ngày

>>> Công văn 12729/VPCP-KGVX Chính thức nghỉ Tết Dương lịch 2026 4 ngày đối với công chức, viên chức

>>> Lịch nghỉ Tết Dương lịch chính thức 2026 nếu được thông qua

>>> Tết dương lịch 2026 được nghỉ 1 ngày hay 4 ngày?

>>> Tại sao Tết Dương lịch 2026 được nghỉ 4 ngày liên tục?

>>> Bộ Nội vụ đề xuất hoán đổi ngày làm việc để Tết Dương lịch 2026 được nghỉ 4 ngày

Lịch nghỉ lễ 2026 - Tổng hợp các ngày lễ 2026 ở Việt Nam chi tiết dưới đây:

Các ngày nghỉ lễ được hưởng nguyên lương trong năm 2026

Căn cứ Điều 112 Bộ luật Lao động 2019 quy định về nghỉ lễ, tết, năm 2026 người lao động được nghỉ các ngày lễ, tết sau đây:

(1) Tết Dương lịch: 01 ngày (ngày 01 tháng 01 dương lịch);

(2) Tết Âm lịch: 05 ngày;

(3) Ngày Chiến thắng: 01 ngày (ngày 30 tháng 4 dương lịch);

(4) Ngày Quốc tế lao động: 01 ngày (ngày 01 tháng 5 dương lịch);

(5) Quốc khánh: 02 ngày (ngày 02 tháng 9 dương lịch và 01 ngày liền kề trước hoặc sau);

(6) Ngày Giỗ Tổ Hùng Vương: 01 ngày (ngày 10 tháng 3 âm lịch).

Lưu ý: Hằng năm, căn cứ vào điều kiện thực tế, Thủ tướng Chính phủ quyết định cụ thể ngày nghỉ Tết Âm lịch và Quốc khánh.

Các ngày lễ, sự kiện khác trong năm tại Việt Nam và quốc tế

Danh sách các ngày lễ Dương lịch 2026

Thứ

Dương lịch

Âm lịch

Tên ngày lễ

Thứ Năm

1/1/2026

13/11/2025

Tết Dương lịch năm 2026

Thứ Ba

6/1/2026

18/11/2025

Tổng tuyển cử quốc hội khóa đầu tiên của nước Việt Nam năm 2026

Thứ Sáu

9/1/2026

21/11/2025

Ngày Học sinh - Sinh viên Việt Nam năm 2026

Chủ Nhật

11/1/2026

23/11/2025

Việt Nam chính thức gia nhập WTO năm 2026

Thứ Ba

27/1/2026

9/12/2025

Ký Hiệp định Pari chấm dứt chiến tranh ở Việt Nam năm 2026

Thứ Ba

3/2/2026

16/12/2025

Ngày thành lập Đảng Cộng sản Việt Nam năm 2026

Thứ Tư

4/2/2026

17/12/2025

Ngày thống nhất các tổ chức mặt trận thành mặt trận Tổ quốc Việt Nam năm 2026

Thứ Bảy

14/2/2026

27/12/2025

Ngày lễ tình nhân (Valentine) năm 2026

Thứ Sáu

20/2/2026

4/1/2026

Ngày Công bằng xã hội thế giới năm 2026

Thứ Bảy

21/2/2026

5/1/2026

Ngày Ngôn ngữ mẹ đẻ Quốc tế năm 2026

Thứ Sáu

27/2/2026

11/1/2026

Ngày thầy thuốc Việt Nam năm 2026

Chủ Nhật

8/3/2026

20/1/2026

Ngày Quốc tế Phụ nữ năm 2026

Thứ Năm

19/3/2026

1/2/2026

Ngày toàn quốc chống Mỹ năm 2026

Thứ Sáu

20/3/2026

2/2/2026

Ngày Quốc Tế hạnh phúc năm 2026

Thứ Bảy

21/3/2026

3/2/2026

Ngày Hội chứng Down thế giới và Ngày Quốc tế xóa bỏ phân biệt chủng tộc năm 2026

Chủ Nhật

22/3/2026

4/2/2026

Ngày Nước sạch Thế giới năm 2026

Thứ Hai

23/3/2026

5/2/2026

Ngày Khí tượng Thế giới năm 2026

Thứ Năm

26/3/2026

8/2/2026

Ngày thành lập Đoàn TNCS Hồ Chí Minh năm 2026

Thứ Sáu

27/3/2026

9/2/2026

Ngày Thể Thao Việt Nam năm 2026

Thứ Tư

1/4/2026

14/2/2026

Ngày Cá tháng Tư năm 2026

Thứ Bảy

4/4/2026

17/2/2026

Ngày Quốc tế Nhận thức bom mìn và Hỗ trợ bằng hành động chống bom mìn năm 2026

Chủ Nhật

5/4/2026

18/2/2026

Tết Thanh minh năm 2026

Thứ Ba

7/4/2026

20/2/2026

Ngày Y tế Thế giới năm 2026

Thứ Ba

14/4/2026

27/2/2026

Tết Dân tộc Khmer Nam Bộ năm 2026

Thứ Tư

22/4/2026

6/3/2026

Ngày Trái đất năm 2026

Thứ Năm

23/4/2026

7/3/2026

Ngày Sách và Bản quyền Thế giới năm 2026

Chủ Nhật

26/4/2026

10/3/2026

Ngày Sở hữu trí tuệ thế giới năm 2026

Thứ Năm

30/4/2026

14/3/2026

Ngày giải phóng miền Nam năm 2026

Thứ Sáu

1/5/2026

15/3/2026

Ngày Quốc tế Lao động năm 2026

Chủ Nhật

3/5/2026

17/3/2026

Ngày Tự do Báo chí thế giới năm 2026

Thứ Ba

5/5/2026

19/3/2026

Ngày sinh Các - Mác năm 2026

Thứ Năm

7/5/2026

21/3/2026

Ngày chiến thắng Điện Biên Phủ năm 2026

Thứ Sáu

15/5/2026

29/3/2026

Ngày thành lập Đội Thiếu niên Tiền phong Hồ Chí Minh năm 2026

Chủ Nhật

17/5/2026

1/4/2026

Ngày Xã hội Thông tin Thế giới năm 2026

Thứ Ba

19/5/2026

3/4/2026

Ngày sinh chủ tịch Hồ Chí Minh năm 2026

Thứ Năm

21/5/2026

5/4/2026

Ngày Thế giới về Đa dạng Văn hóa vì Đối thoại và Phát triển năm 2026

Thứ Sáu

22/5/2026

6/4/2026

Ngày quốc tế Đa dạng sinh học năm 2026

Thứ Sáu

29/5/2026

13/4/2026

Ngày Quốc tế Gìn giữ hòa bình Liên Hiệp Quốc năm 2026

Chủ Nhật

31/5/2026

15/4/2026

Ngày Thế giới không thuốc lá năm 2026

Thứ Hai

1/6/2026

16/4/2026

Ngày Quốc tế thiếu nhi năm 2026

Thứ Năm

4/6/2026

19/4/2026

Ngày Quốc tế của trẻ em vô tội và là nạn nhân bị xâm lược năm 2026

Thứ Sáu

5/6/2026

20/4/2026

Ngày Môi trường Thế giới năm 2026

Thứ Tư

17/6/2026

3/5/2026

Ngày Thế giới chống sa mạc hóa và hạn hán năm 2026

Thứ Bảy

20/6/2026

6/5/2026

Ngày Tị nạn Thế giới năm 2026

Chủ Nhật

21/6/2026

7/5/2026

Ngày báo chí Việt Nam năm 2026

Thứ Ba

23/6/2026

9/5/2026

Ngày Dịch vụ Công cộng Liên Hiệp Quốc năm 2026

Chủ Nhật

28/6/2026

14/5/2026

Ngày gia đình Việt Nam năm 2026

Thứ Năm

2/7/2026

18/5/2026

Quốc hội Khóa VI quyết nghị lấy tên nước là Cộng hòa Xã hội Chủ nghĩa Việt Nam năm 2026

Thứ Hai

6/7/2026

22/5/2026

Ngày Hôn thế giới năm 2026

Thứ Bảy

11/7/2026

27/5/2026

Ngày dân số thế giới năm 2026

Thứ Tư

15/7/2026

2/6/2026

Ngày truyền thống Thanh niên xung phong năm 2026

Thứ Hai

27/7/2026

14/6/2026

Ngày Thương binh liệt sĩ năm 2026

Thứ Ba

28/7/2026

15/6/2026

Ngày thành lập công đoàn Việt Nam năm 2026

Chủ Nhật

9/8/2026

27/6/2026

Ngày Quốc tế của người thổ dân thế giới năm 2026

Thứ Tư

12/8/2026

30/6/2026

Ngày Quốc tế Thanh Thiếu niên năm 2026

Thứ Tư

19/8/2026

7/7/2026

Ngày tổng khởi nghĩa năm 2026

Chủ Nhật

23/8/2026

11/7/2026

Ngày Quốc tế tưởng niệm việc buôn bán nô lệ và việc hủy bỏ nó năm 2026

Thứ Ba

25/8/2026

13/7/2026

Bảo Đại thoái vị năm 2026

Chủ Nhật

30/8/2026

18/7/2026

Ngày sinh tỷ phú Warren Edward Buffett năm 2026

Thứ Ba

1/9/2026

20/7/2026

Chiến tranh thế giới thứ hai bùng nổ năm 2026

Thứ Tư

2/9/2026

21/7/2026

Ngày Quốc Khánh năm 2026

Thứ Năm

10/9/2026

29/7/2026

Ngày thành lập Mặt trận Tổ quốc Việt Nam năm 2026

Thứ Bảy

12/9/2026

2/8/2026

Chiến dịch Xô Viết Nghệ Tĩnh năm 2026

Thứ Ba

15/9/2026

5/8/2026

Ngày Quốc tế Dân chủ năm 2026

Thứ Tư

16/9/2026

6/8/2026

Ngày Quốc tế Bảo vệ Tầng ôzôn năm 2026

Chủ Nhật

20/9/2026

10/8/2026

Việt Nam gia nhập Liên Hiệp Quốc năm 2026

Thứ Hai

21/9/2026

11/8/2026

Ngày Quốc tế Hòa bình năm 2026

Thứ Tư

23/9/2026

13/8/2026

Ngày Nam Bộ kháng chiến năm 2026

Chủ Nhật

27/9/2026

17/8/2026

Khởi nghĩa Bắc Sơn năm 2026

Thứ Năm

1/10/2026

21/8/2026

Ngày quốc tế người cao tuổi năm 2026

Thứ Sáu

2/10/2026

22/8/2026

Ngày Quốc tế bất bạo động năm 2026

Chủ Nhật

4/10/2026

24/8/2026

Ngày Động vật thế giới năm 2026

Thứ Hai

5/10/2026

25/8/2026

Ngày Nhà giáo thế giới năm 2026

Thứ Sáu

9/10/2026

29/8/2026

Ngày Bưu chính Thế giới năm 2026

Thứ Ba

13/10/2026

4/9/2026

Ngày doanh nhân Việt Nam năm 2026

Thứ Tư

14/10/2026

5/9/2026

Ngày thành lập Hội Nông dân Việt Nam năm 2026

Thứ Năm

15/10/2026

6/9/2026

Ngày truyền thống Hội liên hiệp Thanh niên Việt Nam năm 2026

Thứ Sáu

16/10/2026

7/9/2026

Ngày Lương thực thế giới năm 2026

Thứ Bảy

17/10/2026

8/9/2026

Ngày quốc tế xóa nghèo năm 2026

Thứ Ba

20/10/2026

11/9/2026

Ngày Phụ nữ Việt Nam năm 2026

Thứ Bảy

31/10/2026

22/9/2026

Ngày Hallowen năm 2026

Thứ Hai

9/11/2026

1/10/2026

Ngày pháp luật Việt Nam năm 2026

Thứ Sáu

20/11/2026

12/10/2026

Ngày Nhà giáo Việt Nam năm 2026

Thứ Hai

23/11/2026

15/10/2026

Ngày thành lập Hội chữ thập đỏ Việt Nam năm 2026

Thứ Bảy

28/11/2026

20/10/2026

Ngày Lâm nghiệp Việt Nam năm 2026

Thứ Ba

1/12/2026

23/10/2026

Ngày thế giới phòng chống AIDS năm 2026

Thứ Tư

2/12/2026

24/10/2026

Ngày Quốc tế Giải phóng Nô lệ năm 2026

Thứ Hai

7/12/2026

29/10/2026

Ngày Hàng không Dân dụng Quốc tế năm 2026

Thứ Tư

9/12/2026

1/11/2026

Ngày Quốc tế chống Tham nhũng năm 2026

Thứ Bảy

19/12/2026

11/11/2026

Ngày toàn quốc kháng chiến năm 2026

Thứ Ba

22/12/2026

14/11/2026

Ngày thành lập quân đội nhân dân Việt Nam năm 2026

Thứ Năm

24/12/2026

16/11/2026

Lễ Giáng sinh (Noen) năm 2026

Danh sách các ngày lễ Âm lịch 2026

Thứ

Âm lịch

Dương lịch

Tên ngày lễ

Thứ Ba

1/1/2026

17/2/2026

Tết Nguyên Đán năm 2026

Thứ Sáu

4/1/2026

20/2/2026

Lễ hội Đồng Kỵ (Bắc Ninh) năm 2026

Thứ Bảy

5/1/2026

21/2/2026

Lễ hội gò Đống Đa năm 2026

Chủ Nhật

6/1/2026

22/2/2026

Hội Gióng Sóc Sơn (Hà Nội), Khai hội chùa Hương năm 2026

Thứ Hai

7/1/2026

23/2/2026

Hội chợ Viềng (Nam Định), Lễ hội đầm Ô Loan (Phú Yên) năm 2026

Thứ Ba

8/1/2026

24/2/2026

Lễ hội đền Vua Bà (Hòa Bình) năm 2026

Thứ Tư

9/1/2026

25/2/2026

Lễ hội Đức Chí Tôn (Tây Ninh) năm 2026

Thứ Năm

10/1/2026

26/2/2026

Khai hội Yên Tử (Quảng Ninh) năm 2026

Chủ Nhật

13/1/2026

1/3/2026

Hội Lim (Tiên Du - Bắc Ninh) năm 2026

Thứ Hai

14/1/2026

2/3/2026

Lễ hội Bà Chúa Kho (Bắc Ninh) năm 2026

Thứ Ba

15/1/2026

3/3/2026

Tết Nguyên tiêu năm 2026

Thứ Năm

17/1/2026

5/3/2026

Lễ hội chọi trâu (Vĩnh Phúc) năm 2026

Chủ Nhật

27/1/2026

15/3/2026

Lễ Cầu tháng Giêng (Phú Thọ) năm 2026

Thứ Hai

28/1/2026

16/3/2026

Hội làng Bùi (Bắc Ninh) năm 2026

Thứ Sáu

2/2/2026

20/3/2026

Lễ hội Chùa Trầm năm 2026

Thứ Năm

8/2/2026

26/3/2026

Hội làng Long Khám (Bắc Ninh) năm 2026

Thứ Bảy

10/2/2026

28/3/2026

Lễ hội đình Yên Phụ (Hà Nội) năm 2026

Thứ Hai

12/2/2026

30/3/2026

Hội chọi trâu Phù Ninh (Phú Thọ), Lễ hội Làng rèn Tây Phương Danh (Bình Định) năm 2026

Thứ Ba

13/2/2026

31/3/2026

Lễ hội Hoa Ban (Lai Châu) năm 2026

Thứ Tư

14/2/2026

1/4/2026

Lễ hội chùa Vĩnh Nghiêm (Bắc Giang) năm 2026

Thứ Hai

19/2/2026

6/4/2026

Lễ hội Quan Thế Âm (Đà Nẵng) năm 2026

Thứ Năm

22/2/2026

9/4/2026

Hội đình Trúc Tay (Bắc Giang) năm 2026

Thứ Ba

27/2/2026

14/4/2026

Hội chùa Sàn (Lục Nam, Bắc Giang) năm 2026

Chủ Nhật

3/3/2026

19/4/2026

Tết Hàn thực năm 2026

Thứ Tư

6/3/2026

22/4/2026

Lễ hội Cố đô Hoa Lư (Ninh Bình) năm 2026

Thứ Năm

7/3/2026

23/4/2026

Lễ hội chùa Thầy (Hà Nội) năm 2026

Thứ Bảy

9/3/2026

25/4/2026

Lễ hội Nam Trì (Hưng Yên) năm 2026

Chủ Nhật

10/3/2026

26/4/2026

Giỗ tổ Hùng Vương năm 2026

Thứ Sáu

15/3/2026

1/5/2026

Hội làng Đông Hồ (Bắc Ninh) năm 2026

Thứ Hai

18/3/2026

4/5/2026

Hội Đậu (Bắc Ninh) năm 2026

Thứ Bảy

23/3/2026

9/5/2026

Hội chùa Bút Tháp (Bắc Ninh) năm 2026

Thứ Tư

27/3/2026

13/5/2026

Hội thả chim bồ câu (Bắc Ninh) năm 2026

Chủ Nhật

1/4/2026

17/5/2026

Lễ hội làng cá Cát Bà (Hải Phòng) năm 2026

Chủ Nhật

8/4/2026

24/5/2026

Lễ hội chùa Dâu (Bắc Ninh) năm 2026

Thứ Hai

9/4/2026

25/5/2026

Hội Gióng Phù Đổng (Hà Nội) năm 2026

Thứ Ba

10/4/2026

26/5/2026

Hội làng Cựu Ấp (Vĩnh Phúc) năm 2026

Thứ Bảy

14/4/2026

30/5/2026

Tết Dân tộc Khmer năm 2026

Chủ Nhật

15/4/2026

31/5/2026

Lễ Phật Đản năm 2026

Thứ Sáu

5/5/2026

19/6/2026

Tết Đoan Ngọ năm 2026

Thứ Ba

9/5/2026

23/6/2026

Lễ hội đình Châu Phú (An Giang) năm 2026

Thứ Tư

10/5/2026

24/6/2026

Lễ hội cúng biển Mỹ Long (Trà Vinh) năm 2026

Chủ Nhật

14/5/2026

28/6/2026

Lễ hội đình – đền Chèm (Hà Nội) năm 2026

Thứ Ba

1/6/2026

14/7/2026

Lễ hội đình Trà Cổ (Quảng Ninh) năm 2026

Thứ Năm

10/6/2026

23/7/2026

Hội kéo ngựa gỗ (Hải Phòng) năm 2026

Thứ Tư

7/7/2026

19/8/2026

Lễ Thất Tịch năm 2026

Thứ Năm

15/7/2026

27/8/2026

Lễ Vu Lan, Tết Trung nguyên năm 2026

Thứ Sáu

1/8/2026

11/9/2026

Tết Katê năm 2026

Thứ Hai

4/8/2026

14/9/2026

Lễ hội Đình Châm Khê (Bắc Ninh) năm 2026

Thứ Bảy

9/8/2026

19/9/2026

Lễ hội chọi trâu (Đồ Sơn, Hải Phòng) năm 2026

Chủ Nhật

10/8/2026

20/9/2026

Hội Thị Cầu (Bắc Ninh) năm 2026

Thứ Sáu

15/8/2026

25/9/2026

Tết Trung Thu năm 2026

Chủ Nhật

9/9/2026

18/10/2026

Tết Trùng Cửu năm 2026

Thứ Năm

13/9/2026

22/10/2026

Lễ hội chùa Keo (Thái Bình) năm 2026

Thứ Năm

20/9/2026

29/10/2026

Hội đền Bắc Lệ (Lạng Sơn) năm 2026

Thứ Bảy

29/9/2026

7/11/2026

Hội Đại Bái (Bắc Ninh) năm 2026

Thứ Tư

10/10/2026

18/11/2026

Tết Trùng Thập năm 2026

Thứ Hai

15/10/2026

23/11/2026

Tết Hạ Nguyên (Tết cơm mới) năm 2026

Thứ Tư

8/11/2026

16/12/2026

Hội chùa Canh Bầu (Bắc Giang) năm 2026

Thứ Sáu

10/11/2026

18/12/2026

Tết cơm mới của người La Hủ (Lai Châu) năm 2026

Thứ Ba

14/11/2026

22/12/2026

Lễ hội đền Nguyễn Công Trứ (Ninh Bình) năm 2026

Thứ Tư

15/11/2026

23/12/2026

Hội Đình Phường Bông (Nam Định) năm 2026

Thứ Bảy

25/11/2026

2/1/2027

Hội Vân Lệ (Thanh Hóa) năm 2026

Thứ Ba

12/12/2026

19/1/2027

Hội Mậu Lân (Vĩnh Phúc) năm 2026

Thứ Bảy

23/12/2026

30/1/2027

Ông Táo chầu trời năm 2026

Thứ Năm

28/12/2026

4/2/2027

Hội Bạch Lưu (Vĩnh Phúc) năm 2026

* Trên đây là Thông tin Lịch nghỉ lễ 2026 - Tổng hợp các ngày lễ 2026 ở Việt Nam chi tiết ra sao?

Lịch nghỉ lễ 2026 - Tổng hợp các ngày lễ 2026 ở Việt Nam chi tiết ra sao? (Hình từ Internet)

Căn cứ khoản 3 Điều 63 Nghị định 145/2020/NĐ-CP có quy định về ca làm việc và tổ chức làm việc theo ca như sau:

Như vậy, tổ chức làm việc theo ca là việc bố trí ít nhất 02 người hoặc 02 nhóm người thay phiên nhau làm việc trên cùng một vị trí làm việc, tính trong thời gian 01 ngày (24 giờ liên tục).

Căn cứ theo khoản 2 Điều 113 Bộ luật Lao động 2019 quy định về nghỉ hằng năm như sau:

Như vậy, theo quy định trên thì người lao động làm việc chưa đủ 12 tháng thì số ngày nghỉ hằng năm được tính theo tỷ lệ tương ứng với số tháng làm việc.

Điều 63. Ca làm việc và tổ chức làm việc theo ca

1. Ca làm việc là khoảng thời gian làm việc của người lao động từ khi bắt đầu nhận nhiệm vụ cho đến khi kết thúc và bàn giao nhiệm vụ cho người khác, bao gồm cả thời gian làm việc và thời gian nghỉ giữa giờ.

2. Tổ chức làm việc theo ca là việc bố trí ít nhất 02 người hoặc 02 nhóm người thay phiên nhau làm việc trên cùng một vị trí làm việc, tính trong thời gian 01 ngày (24 giờ liên tục).

[....]

Điều 113. Nghỉ hằng năm

[.....]

2. Người lao động làm việc chưa đủ 12 tháng cho một người sử dụng lao động thì số ngày nghỉ hằng năm theo tỷ lệ tương ứng với số tháng làm việc.

[....]","chung-khoan","","","","2026-05-20T00:00:00","https://thuvienphapluat.vn/hoi-dap-phap-luat/lich-nghi-le-2026--tong-hop-cac-ngay-le-2026-o-viet-nam-chi-tiet-ra-sao-138051550.html","2026-05-21T19:21:03.261763+00:00"
"138057531","Lịch Vạn niên 2027 - Lịch âm 2027 - Lịch dương 2027 chi tiết, đầy đủ 365 ngày tương ứng âm và dương?","Lịch Vạn niên 2027 - Lịch âm 2027 - Lịch dương 2027 chi tiết, đầy đủ 365 ngày tương ứng âm và dương?

Người lao động được nghỉ việc riêng mà vẫn hưởng nguyên lương khi nào?

Chính sách của Nhà nước về lao động cụ thể ra sao?

Căn cứ Điều 112 Bộ luật Lao động 2019 quy định về nghỉ lễ, tết như sau:

Theo Bộ luật Lao động 2019, người lao động được nghỉ Tết Âm lịch tối thiểu 5 ngày. Hằng năm, căn cứ vào tình hình thực tế, Thủ tướng Chính phủ sẽ quyết định cụ thể lịch nghỉ Tết.

Lịch Vạn niên 2027 - Lịch âm 2027 - Lịch dương 2027, tết Âm lịch 2027 sẽ rơi vào các ngày sau:

- Mùng 1 Tết Nguyên Đán 2027 sẽ rơi vào Thứ bảy, ngày 06 tháng 02 năm 2027 dương lịch.

- Mùng 2 Tết Nguyên Đán 2027 sẽ rơi vào Chủ nhật, ngày 07 tháng 02 năm 2027 dương lịch.

- Mùng 3 Tết Nguyên Đán 2027 sẽ rơi vào Thứ hai, ngày 08 tháng 02 năm 2027 dương lịch.

Dưới đây là Lịch Vạn niên 2027 - Lịch âm 2027 - Lịch dương 2027 chi tiết, đầy đủ 365 ngày tương ứng âm và dương:

Lịch Tháng 1 năm 2027

Lịch Tháng 2 năm 2027

Lịch Tháng 3 năm 2027

Lịch Tháng 4 năm 2027

Lịch Tháng 5 năm 2027

Lịch Tháng 6 năm 2027

Lịch Tháng 7 năm 2027

Lịch Tháng 8 năm 2027

Lịch Tháng 9 năm 2027

Lịch Tháng 10 năm 2027

Lịch Tháng 11 năm 2027

Lịch Tháng 12 năm 2027

* Trên đây là Thông tin Lịch Vạn niên 2027 - Lịch âm 2027 - Lịch dương 2027 chi tiết, đầy đủ 365 ngày tương ứng âm và dương?

Lịch Vạn niên 2027 - Lịch âm 2027 - Lịch dương 2027 chi tiết, đầy đủ 365 ngày tương ứng âm và dương? (Hình từ Internet)

Căn cứ Điều 115 Bộ luật Lao động 2019 quy định nghỉ việc riêng, nghỉ không hưởng lương:

Theo quy định trên, người lao động được nghỉ việc riêng mà vẫn hưởng nguyên lương các ngày sau:

- Kết hôn: nghỉ 03 ngày

- Con đẻ, con nuôi kết hôn: nghỉ 01 ngày

- Cha đẻ, mẹ đẻ, cha nuôi, mẹ nuôi; cha đẻ, mẹ đẻ, cha nuôi, mẹ nuôi của vợ hoặc chồng; vợ hoặc chồng; con đẻ, con nuôi chết: nghỉ 03 ngày

Lưu ý: Người lao động phải báo cáo lý do nghỉ việc riêng cho người sử dụng lao động biết và được người sử dụng lao động đồng ý.

Người sử dụng lao động không bảo đảm cho người lao động nghỉ việc riêng thì có thể bị phạt tiền.

Căn cứ Điều 4 Bộ luật Lao động 2019 quy định chính sách của Nhà nước về lao động như sau:

- Bảo đảm quyền và lợi ích hợp pháp, chính đáng của người lao động, người làm việc không có quan hệ lao động; khuyến khích những thỏa thuận bảo đảm cho người lao động có điều kiện thuận lợi hơn so với quy định của pháp luật về lao động.

- Bảo đảm quyền và lợi ích hợp pháp của người sử dụng lao động, quản lý lao động đúng pháp luật, dân chủ, công bằng, văn minh và nâng cao trách nhiệm xã hội.

- Tạo điều kiện thuận lợi đối với hoạt động tạo việc làm, tự tạo việc làm, dạy nghề và học nghề để có việc làm; hoạt động sản xuất, kinh doanh thu hút nhiều lao động; áp dụng một số quy định của Bộ luật này đối với người làm việc không có quan hệ lao động.

- Có chính sách phát triển, phân bố nguồn nhân lực; nâng cao năng suất lao động; đào tạo, bồi dưỡng và nâng cao trình độ, kỹ năng nghề cho người lao động; hỗ trợ duy trì, chuyển đổi nghề nghiệp, việc làm cho người lao động; ưu đãi đối với người lao động có trình độ chuyên môn, kỹ thuật cao đáp ứng yêu cầu của cách mạng công nghiệp, sự nghiệp công nghiệp hóa, hiện đại hóa đất nước.

- Có chính sách phát triển thị trường lao động, đa dạng các hình thức kết nối cung, cầu lao động.

- Thúc đẩy người lao động và người sử dụng lao động đối thoại, thương lượng tập thể, xây dựng quan hệ lao động tiến bộ, hài hòa và ổn định.

- Bảo đảm bình đẳng giới; quy định chế độ lao động và chính sách xã hội nhằm bảo vệ lao động nữ, lao động là người khuyết tật, người lao động cao tuổi, lao động chưa thành niên.

Điều 112. Nghỉ lễ, tết

1. Người lao động được nghỉ làm việc, hưởng nguyên lương trong những ngày lễ, tết sau đây:

a) Tết Dương lịch: 01 ngày (ngày 01 tháng 01 dương lịch);

b) Tết Âm lịch: 05 ngày;

[...]

Điều 115. Nghỉ việc riêng, nghỉ không hưởng lương

1. Người lao động được nghỉ việc riêng mà vẫn hưởng nguyên lương và phải thông báo với người sử dụng lao động trong trường hợp sau đây:

a) Kết hôn: nghỉ 03 ngày;

b) Con đẻ, con nuôi kết hôn: nghỉ 01 ngày;

c) Cha đẻ, mẹ đẻ, cha nuôi, mẹ nuôi; cha đẻ, mẹ đẻ, cha nuôi, mẹ nuôi của vợ hoặc chồng; vợ hoặc chồng; con đẻ, con nuôi chết: nghỉ 03 ngày.

2. Người lao động được nghỉ không hưởng lương 01 ngày và phải thông báo với người sử dụng lao động khi ông nội, bà nội, ông ngoại, bà ngoại, anh, chị, em ruột chết; cha hoặc mẹ kết hôn; anh, chị, em ruột kết hôn.

3. Ngoài quy định tại khoản 1 và khoản 2 Điều này, người lao động có thể thỏa thuận với người sử dụng lao động để nghỉ không hưởng lương.","chung-khoan","","","","2026-05-20T00:00:00","https://thuvienphapluat.vn/hoi-dap-phap-luat/lich-van-nien-2027--lich-am-2027--lich-duong-2027-chi-tiet-day-du-365-ngay-tuong-ung-am-va-duong-138057531.html","2026-05-21T19:21:09.588941+00:00"
"138066888","Chính thức đã có lịch nghỉ lễ Quốc khánh 2/9/2026 cho người lao động?","Chính thức đã có lịch nghỉ lễ Quốc khánh 2/9/2026 cho người lao động?

Năm 2026 kỷ niệm bao nhiêu năm Quốc khánh nước Cộng hòa XHCN Việt Nam?

Người lao động được nghỉ hưởng nguyên lương mấy ngày vào dịp lễ Quốc khánh 2 tháng 9?

Xem thêm:

>>> Kéo dài lịch nghỉ Giỗ tổ hùng vương, 30/4 và 1/5 9 ngày liên tục năm 2026 khi nào?

Căn cứ theo Thông báo 9441/TB-BNV năm 2025 về việc nghỉ tết Âm lịch, nghỉ lễ Quốc khánh năm 2026 đối với cán bộ, công chức viên chức và người lao động như sau:

Như vậy, lịch nghỉ lễ Quốc Khánh 2/9/2026 cho người lao động cụ thể như sau:

- Đối với cán bộ, công chức, viên chức và người lao động của các cơ quan hành chính, sự nghiệp, tổ chức chính trị, tổ chức chính trị - xã hội:

+ 05 ngày từ thứ Bảy ngày 29/8/2026 đến hết thứ Tư ngày 2/9/2026.

- Đối với người lao động ngoài khu vực nhà nước (không thuộc đối tượng nêu tại khoản 1 Thông báo 9441/TB-BNV năm 2025):

+ Người sử dụng lao động quyết định lựa chọn 01 trong 02 phương án nghỉ lễ Quốc khánh 2026 sau:

[1] Nghỉ thứ Tư ngày 02/9/2026 và thứ Ba ngày 01/9/2026

[2] Nghỉ thứ Tư ngày 02/9/2026 và thứ Năm ngày 03/9/2026 Dương lịch.

Xem thêm:

>>> Kỷ niệm 100 năm Quốc khánh nước Cộng hòa XHCN Việt Nam là năm bao nhiêu?

>>> Chính thức lịch nghỉ lễ Quốc khánh 2026 kéo dài 5 ngày liên tiếp đúng không?

*Trên đây là nội dung thông tin về Chính thức đã có lịch nghỉ lễ Quốc khánh 2 9 2026 cho người lao động?

Chính thức đã có lịch nghỉ lễ Quốc khánh 2 9 2026 cho người lao động? (Hình từ Internet)

Căn cứ theo Điều 4 Nghị định 145/2013/NĐ-CP quy định về các ngày lễ lớn như sau:

Theo đó, ngày 2 tháng 9 năm 1945 là Ngày Quốc khánh nước Cộng hòa xã hội chủ nghĩa Việt Nam.

Như vậy, năm 2026 kỷ niệm 81 năm Quốc khánh nước Cộng hòa XHCN Việt Nam.

Căn cứ theo Điều 112 Bộ luật Lao động 2019 quy định về nghỉ lễ, tết như sau:

Như vậy, người lao động được nghỉ hưởng nguyên lương 02 ngày vào dịp lễ Quốc khánh 2 tháng 9 (ngày 02 tháng 9 dương lịch và 01 ngày liền kề trước hoặc sau).

[...]

2. Công chức, viên chức được nghỉ dịp lễ Quốc khánh năm 2026 như sau: Nghỉ 02 ngày theo quy định gồm ngày 02/9/2026 Dương lịch và 01 ngày liền kề trước là ngày 01/9/2026 Dương lịch; Hoán đổi từ ngày làm việc thứ Hai ngày 31/8/2026 Dương lịch sang ngày nghỉ hằng tuần thứ Bảy ngày 22/8/2026 Dương lịch (nghỉ thứ Hai ngày 31/8/2026 và làm bù vào ngày thứ Bảy ngày 22/8/2026).

[...]

6. Đối với người lao động không thuộc đối tượng quy định tại khoản 1 Thông báo này, người sử dụng lao động quyết định lựa chọn phương án nghỉ tết Âm lịch, nghỉ lễ Quốc khánh năm 2026 như sau:

- Dịp tết Âm lịch: Lựa chọn nghỉ 01 ngày cuối năm Ất Tỵ và 04 ngày đầu năm Bính Ngọ hoặc 02 ngày cuối năm Ất Tỵ và 03 ngày đầu năm Bính Ngọ hoặc 03 ngày cuối năm Ất Tỵ và 02 ngày đầu năm Bính Ngọ.

- Dịp lễ Quốc khánh: Nghỉ thứ Tư ngày 02/9/2026 Dương lịch và lựa chọn nghỉ 01 trong 02 ngày: thứ Ba ngày 01/9/2026 hoặc thứ Năm ngày 03/9/2026 Dương lịch.

- Thông báo phương án nghỉ tết Âm lịch và nghỉ lễ Quốc khánh năm 2026 cho người lao động trước khi thực hiện ít nhất 30 ngày.

- Nếu ngày nghỉ hằng tuần trùng với ngày nghỉ lễ, tết quy định tại khoản 1 Điều 112 của Bộ luật Lao động thì người lao động được nghỉ bù ngày nghỉ hằng tuần vào ngày làm việc kế tiếp theo quy định tại khoản 3 Điều 111 Bộ luật Lao động.

- Khuyến khích người sử dụng lao động áp dụng thời gian nghỉ tết Âm lịch, nghỉ lễ Quốc khánh năm 2026 cho người lao động như quy định đối với công chức, viên chức; Khuyến khích những thỏa thuận có lợi hơn cho người lao động.

[...]

Điều 4. Các ngày lễ lớn

Các ngày lễ lớn trong nước bao gồm:

1. Ngày Tết Nguyên đán (01 tháng Giêng Âm lịch).

2. Ngày thành lập Đảng Cộng sản Việt Nam (03-02-1930).

3. Ngày Giỗ Tổ Hùng Vương (10-3 Âm lịch).

4. Ngày Giải phóng miền Nam, thống nhất đất nước (30-4-1975).

5. Ngày Chiến thắng Điện Biên Phủ (07-5-1954).

6. Ngày sinh Chủ tịch Hồ Chí Minh (19-5-1890).

7. Ngày Cách mạng Tháng Tám (19-8-1945) và Ngày Quốc khánh nước Cộng hòa xã hội chủ nghĩa Việt Nam (02-9-1945).

Điều 112. Nghỉ lễ, tết

1. Người lao động được nghỉ làm việc, hưởng nguyên lương trong những ngày lễ, tết sau đây:

a) Tết Dương lịch: 01 ngày (ngày 01 tháng 01 dương lịch);

b) Tết Âm lịch: 05 ngày;

c) Ngày Chiến thắng: 01 ngày (ngày 30 tháng 4 dương lịch);

d) Ngày Quốc tế lao động: 01 ngày (ngày 01 tháng 5 dương lịch);

đ) Quốc khánh: 02 ngày (ngày 02 tháng 9 dương lịch và 01 ngày liền kề trước hoặc sau);

e) Ngày Giỗ Tổ Hùng Vương: 01 ngày (ngày 10 tháng 3 âm lịch).

2. Lao động là người nước ngoài làm việc tại Việt Nam ngoài các ngày nghỉ theo quy định tại khoản 1 Điều này còn được nghỉ thêm 01 ngày Tết cổ truyền dân tộc và 01 ngày Quốc khánh của nước họ.

3. Hằng năm, căn cứ vào điều kiện thực tế, Thủ tướng Chính phủ quyết định cụ thể ngày nghỉ quy định tại điểm b và điểm đ khoản 1 Điều này.","chung-khoan","","","","2026-05-20T00:00:00","https://thuvienphapluat.vn/hoi-dap-phap-luat/chinh-thuc-da-co-lich-nghi-le-quoc-khanh-292026-cho-nguoi-lao-dong-138066888.html","2026-05-21T19:21:16.221743+00:00"
"138090921","Chính thức bỏ kê khai thuế TNCN tháng 4/2026 chuyển sang kê khai quý 2 ra sao?","Chính thức bỏ kê khai thuế TNCN tháng 4/2026 chuyển sang kê khai quý 2 ra sao?

Tải mẫu tờ khai thuế TNCN tháng/quý Mẫu 05 KK TNCN ở đâu?

Mức giảm trừ gia cảnh áp dụng khi quyết toán thuế TNCN trong năm 2026 là bao nhiêu?

>>> Hiểu thế nào bỏ kê khai thuế TNCN theo tháng từ năm 2026?

>>> Bỏ tờ khai thuế TNCN tháng 5/2026 thay bằng tờ khai quý 2/2026 đúng không?

>>> THÔNG TIN quan trọng về Tờ khai 05/KK-TNCN theo TT80 khi bỏ kê khai theo tháng chuyển sang quý thế nào?

>>> Tờ khai 05/KK-TNCN tháng 4, 5, 6/2026 chính thức bỏ khai theo tháng chuyển sang kê khai quý 2/2026 ra sao?

>>> Quyết định 1109/QĐ-BTC năm 2026 bỏ kê khai thuế TNCN tháng 4/2026 chuyển sang kê khai quý 2 quy định cụ thể ra sao?

>>> Hạn nộp tờ khai thuế TNCN quý 2 năm 2026 là khi nào?

>>> Doanh thu bao nhiêu thì khai thuế TNCN tháng theo thủ tục tại Quyết định 1109 năm 2026?

***

>>> Kê khai thuế TNCN theo quý thì có khai thuế GTGT theo quý không?

>>> Đã nộp tiền thuế tháng 4 2026 thì xử lý như thế nào khi bỏ khai thuế TNCN theo tháng?

>>> Xử lý tờ khai thuế TNCN tháng 4/2026 đã nộp khi bỏ kê khai thuế TNCN theo tháng như thế nào?

***

>>> Hiểu thế nào về bỏ TTHC 2002235 khai thuế TNCN tháng theo quy định mới nhất?

Xem thêm:

>>> Bỏ TTHC 2.002235 kê khai quý/tháng bỏ kê khai tháng thì kê khai thuế TNCN theo trình tự nào?

>>> CHÍNH THỨC bỏ tờ khai thuế TNCN tháng 4-5-6/2026 thay bằng tờ khai quý 2/2026 đúng hay không?

>>> Hướng dẫn thủ tục khai thuế TNCN tháng 4-5-6/2026 theo thủ tục mới sau khi bỏ khai tháng ra sao?

>>> Hướng dẫn sửa lỗi kỳ kê khai tháng không được phép nộp tờ khai, vui lòng chọn lại kỳ kê khai phù hợp ra sao?

>>> Chính thức bỏ kê khai thuế TNCN tháng 4/2026 chuyển sang kê khai quý 2 ra sao?

Căn cứ Quyết định 1109/QĐ-BTC năm 2026 của Bộ Tài chính về việc công bố thủ tục hành chính được sửa đổi, bổ sung, bãi bỏ trong lĩnh vực quản lý thuế, hải quan thuộc phạm vi chức năng quản lý của Bộ Tài chính.

Đối với thủ tục hành chính nộp tờ khai thuế TNCN tháng Tờ khai 05 KK TNCN Mã [2.002235] được sửa đổi như sau:

Khai thuế thu nhập cá nhân quý của tổ chức, cá nhân trả thu nhập khấu trừ thuế đối với tiền lương, tiền công (Mã số TTHC 2.002235)

- Trình tự thực hiện:

+Bước 1.

++ Tổ chức, cá nhân trả thu nhập có phát sinh khấu trừ thuế chuẩn bị hồ sơ khai thuế, gửi đến cơ quan Thuế. Thời hạn nộp hồ sơ khai thuế quý chậm nhất là ngày cuối cùng của tháng đầu tiên của quý tiếp theo quý phát sinh nghĩa vụ thuế. Nếu ngày cuối cùng trùng ngày nghi/lễ, hạn cuối cùng được chuyển sang ngày làm việc tiếp theo.

(Thủ tục đăng ký chứng từ khấu trừ thuế TNCN được thực hiện riêng theo quy định tại Nghị định 70/2025/NĐ-CP của Chính phủ).

+ Bước 2. Cơ quan thuế tiếp nhận:

++ Trường hợp hồ sơ được nộp trực tiếp tại cơ quan thuế hoặc hồ sơ được gửi qua đường bưu chính: cơ quan thuế thực hiện tiếp nhận, giải quyết hồ sơ theo quy định.

++ Trường hợp hồ sơ được nộp thông qua giao dịch điện tử, việc tiếp nhận, kiểm tra, chấp nhận, giải quyết hồ sơ (và trả kết quả nếu có kết quả) thông qua hệ thống xử lý dữ liệu điện tử của cơ quan thuế

- Cách thức thực hiện:

+ Trực tiếp: Tại TTPVHCC cấp tỉnh, xã

+Thông qua dịch vụ bưu chính công ích theo quy định của Thủ tướng Chính phủ, qua thuê dịch vụ của doanh nghiệp, cá nhân hoặc qua ủy quyền theo quy định của pháp luật;

+ Trực tuyến: Qua Cổng dịch vụ công quốc gia

- Thành phần, số lượng hồ sơ:

+ Thành phần hồ sơ gồm:

++ Tờ khai thuế thu nhập cá nhân (áp dụng đối với tổ chức, cá nhân trả các khoản thu nhập từ tiền lương, tiền công) mẫu số 05/KK-TNCN theo Phụ lục I - Danh mục hồ sơ khai thuế ban hành kèm theo Nghị định số 126/2020/NĐ-CP ngày 19/10/2020 của Chính phủ và Phụ lục II - Mẫu biểu hồ sơ khai thuế ban hành kèm theo Thông tư số 80/2021/TT-BTC ngày 29/9/2021/TT-BTC của Bộ trưởng Bộ Tài chính.

++ Phụ lục bảng xác định số thuế thu nhập cá nhân phải nộp cho các địa phương được hưởng nguồn thu mẫu số 05-1/PBT-KK-TNCN theo Phụ lục I - Danh mục hồ sơ khai thuế ban hành kèm theo Nghị định số 126/2020/NĐ-CP ngày 19/10/2020 của Chính phủ và Phụ lục II - Mẫu biểu hồ sơ khai thuế ban hành theo Thông tư 80/2021/TT-BTC

>> Như vậy, theo nội dung sửa đổi tại Quyết định 1109/QĐ-BTC năm 2026, việc kê khai thuế TNCN theo tháng đối với Tờ khai mẫu 05/KK-TNCN đã được chuyển sang thực hiện theo quý. Theo đó, doanh nghiệp, tổ chức trả thu nhập phát sinh khấu trừ thuế trong tháng 4/2026 sẽ thực hiện kê khai gộp vào quý II/2026 và nộp hồ sơ khai thuế chậm nhất vào ngày cuối cùng của tháng đầu tiên của quý tiếp theo theo quy định.

Chính thức bỏ kê khai thuế TNCN tháng 4/2026 chuyển sang kê khai quý 2 ra sao? (Hình từ Internet)

Tờ khai thuế thu nhập cá nhân với thu nhập từ tiền lương, tiền công hiện đang áp dụng Mẫu 05/KK-TNCN ban hành kèm theo Thông tư 80/2021/TT-BTC được sửa đổi bởi điểm g khoản 7 Điều 1 Thông tư 40/2025/TT-BTC, có dạng như sau:

>> Tải mẫu tờ khai thuế TNCN Tờ khai 05 KK TNCN: TẢI VỀ

Ghi chú:

- Tờ khai này chỉ áp dụng đối với tổ chức, cá nhân phát sinh trả thu nhập từ tiền lương, tiền công cho cá nhân trong tháng/quý, không phân biệt có phát sinh khấu trừ thuế hay không phát sinh khấu trừ thuế.

- Kỳ khai thuế theo tháng áp dụng đối với tổ chức, cá nhân trả thu nhập có tổng doanh thu bán hàng hóa và cung cấp dịch vụ của năm trước liền kề trên 50 tỷ đồng hoặc trường hợp tổ chức, cá nhân trả thu nhập lựa chọn khai thuế theo tháng.

- Kỳ khai thuế theo quý áp dụng đối với tổ chức, cá nhân trả thu nhập có tổng doanh thu bán hàng hóa và cung cấp dịch vụ của năm trước liền kề từ 50 tỷ đồng trở xuống, bao gồm cả tổ chức, cá nhân trả thu nhập không phát sinh doanh thu bán hàng hóa và cung cấp dịch vụ.

Tại tiểu mục 1 Mục A Công văn 1296/CT-NVT năm 2026 có hướng dẫn mức giảm trừ gia cảnh như sau:

Đối với kỳ quyết toán 2025 người nộp thuế thực hiện quyết toán TNCN trong năm 2026 áp dụng mức giảm trừ gia cảnh được xác định theo quy định tại Nghị quyết 954/2020/UBTVQH14 năm 2020 của Ủy ban Thường vụ Quốc hội, cụ thể như sau:

+ Mức giảm trừ đối với đối tượng nộp thuế là 11 triệu đồng/tháng (132 triệu đồng/năm);

+ Mức giảm trừ đối với mỗi người phụ thuộc là 4,4 triệu đồng/tháng.

Tại kỳ tính thuế này người nộp thuế chưa được áp dụng mức giảm trừ gia cảnh theo Nghị quyết 110/2025/UBTVQH15 năm 2026 (Mức 15,5 triệu đồng/tháng đối với NTT và 6,2 triệu đồng/tháng đối với người phụ thuộc)","chung-khoan","","","","2026-05-20T00:00:00","https://thuvienphapluat.vn/hoi-dap-phap-luat/chinh-thuc-bo-ke-khai-thue-tncn-thang-42026-chuyen-sang-ke-khai-quy-2-ra-sao-138090921.html","2026-05-21T19:21:22.864776+00:00"
"138059892","Lịch thi THPT quốc gia 2026: diễn ra vào ngày 11/6-12/6/2026 (dự kiến) đúng không?","Lịch thi THPT quốc gia 2026: diễn ra vào ngày 11/6-12/6/2026 (dự kiến) đúng không?

Đối tượng dự thi THPT quốc gia gồm những ai?

Đối tượng được đặc cách thi THPT quốc gia gồm những ai?

Căn cứ Điều 1 Quyết định 2269/QĐ-BGDĐT năm 2025 TẢI VỀ như sau:

Như vậy, lịch thi THPT quốc gia 2026 dự kiến diễn ra trong ngày 11 và ngày 12 tháng 6 năm 2026.

Căn cứ tại Tiểu mục 1 Mục 1 Công văn 1257/BGDĐT-QLCL năm 2026 kỳ thi tốt nghiệp THPT 2026 chính thức sẽ diễn ra vào ngày 11/6/2026 và ngày 12/6/2026.

Trên đây là thông tin về ""Lịch thi THPT quốc gia 2026: diễn ra vào ngày 11/6-12/6/2026 (dự kiến) đúng không?"".

Hệ thống Group Hỗ Trợ thi THPT 2026: Cập nhật thủ tục + thông tin + đề ôn + đề thi:

- Nhóm Tổng hợp + Tỉnh, thành: Tại đây

- Nhóm Môn Thi: Tại đây

- Nhóm Ôn Thi Theo Khối: Tại đây

- Nhóm Điểm Chuẩn: Tại đây

Lịch thi THPT quốc gia 2026: diễn ra vào ngày 11/6-12/6/2026 (dự kiến) đúng không? (Hình từ Internet)

Theo khoản 1 Điều 19 Quy chế thi tốt nghiệp trung học phổ thông ban hành kèm theo Thông tư 24/2024/TT-BGDĐT quy định như sau:

Theo đó, đối tượng dự thi THPT quốc gia gồm:

- Người đã hoàn thành Chương trình GDPT/GDTX trong năm tổ chức kỳ thi;

- Người đã hoàn thành Chương trình GDPT/GDTX nhưng chưa tốt nghiệp THPT ở những năm trước;

- Người đã có Bằng tốt nghiệp THPT dự thi để lấy kết quả làm cơ sở đăng ký xét tuyển sinh;

- Người đã có Bằng tốt nghiệp trung cấp dự thi để lấy kết quả làm cơ sở đăng ký xét tuyển sinh.

Theo Điều 40 Quy chế thi tốt nghiệp trung học phổ thông ban hành kèm theo Thông tư 24/2024/TT-BGDĐT quy định về đối tượng được đặc cách thi THPT quốc gia như sau:

(1) Người học được xét đặc cách tốt nghiệp THPT trong trường hợp bị tai nạn, bị ốm hoặc có việc đột xuất đặc biệt trước ngày thi không quá 10 ngày hoặc ngay trong buổi thi đầu tiên, không thể dự thi và thuộc các đối tượng dưới đây:

- Người đã hoàn thành Chương trình GDPT/GDTX trong năm tổ chức kỳ thi;

- Người đã hoàn thành Chương trình GDPT/GDTX nhưng chưa tốt nghiệp THPT ở những năm trước;

(2) Người học được xét đặc cách tốt nghiệp THPT trong trường hợp bị tai nạn, bị ốm hay có việc đột xuất đặc biệt sau khi đã thi ít nhất một bài thi và không thể tiếp tục dự thi hoặc sau khi bị tai nạn, bị ốm hay có việc đột xuất đặc biệt tự nguyện dự thi số bài thi còn lại và thuộc các đối tượng dưới đây:

- Người đã hoàn thành Chương trình GDPT/GDTX trong năm tổ chức kỳ thi;

- Người đã hoàn thành Chương trình GDPT/GDTX nhưng chưa tốt nghiệp THPT ở những năm trước;

(3) Các đối tượng là vận động viên đủ điều kiện được xét đặc cách tốt nghiệp THPT:

- Vận động viên đang học tập tại các cơ sở giáo dục, cơ sở giáo dục nghề nghiệp được triệu tập vào đội tuyển thể thao quốc gia, đội tuyển thể thao của các tỉnh, thành phố trực thuộc trung ương, các ngành để tập huấn và thi đấu thì được cơ quan sử dụng vận động viên chi trả học phí theo quy định của pháp luật.

- Vận động viên đạt thành tích xuất sắc trong các giải thi đấu thể thao quốc gia hoặc quốc tế được xét đặc cách tốt nghiệp trung học cơ sở, trung học phổ thông nếu thời gian thi trùng với thời gian vận động viên tập huấn ở nước ngoài hoặc tham dự thi đấu tại các giải thể thao quốc tế.

Điều 1. Ban hành khung kế hoạch thời gian năm học 2025 - 2026 đối với giáo dục mầm non, giáo dục phổ thông và giáo dục thường xuyên áp dụng trong toàn quốc như sau:

1. Tựu trường sớm nhất trước 01 tuần so với ngày tổ chức khai giảng. Riêng đối với lớp 1, lớp 9, lớp 12 tựu trường sớm nhất trước 02 tuần so với ngày tổ chức khai giảng.

2. Tổ chức khai giảng vào ngày 05 tháng 9 năm 2025.

3. Kết thúc học kỳ I trước ngày 18 tháng 01 năm 2026, hoàn thành chương trình và kết thúc năm học trước ngày 31 tháng 5 năm 2026.

4. Xét công nhận hoàn thành chương trình tiểu học và xét công nhận tốt nghiệp trung học cơ sở trước ngày 30 tháng 6 năm 2026.

5. Hoàn thành tuyển sinh các lớp đầu cấp trước ngày 31 tháng 7 năm 2026.

6. Thi tốt nghiệp trung học phổ thông năm 2026 dự kiến diễn ra trong ngày 11 và ngày 12 tháng 6 năm 2026.

7. Các kỳ thi cấp quốc gia khác được tổ chức theo quy định và hướng dẫn của Bộ Giáo dục và Đào tạo.

[...]

Điều 19. Đối tượng, điều kiện dự thi

1. Đối tượng dự thi gồm:

a) Người đã hoàn thành Chương trình GDPT/GDTX trong năm tổ chức kỳ thi;

b) Người đã hoàn thành Chương trình GDPT/GDTX nhưng chưa tốt nghiệp THPT ở những năm trước;

c) Người đã có Bằng tốt nghiệp THPT dự thi để lấy kết quả làm cơ sở đăng ký xét tuyển sinh;

d) Người đã có Bằng tốt nghiệp trung cấp dự thi để lấy kết quả làm cơ sở đăng ký xét tuyển sinh.

2. Điều kiện dự thi:

a) Các đối tượng dự thi phải ĐKDT và nộp đầy đủ các giấy tờ đúng thời hạn;

b) Đối tượng quy định tại điểm d khoản 1 Điều này phải bảo đảm đã học và thi đạt yêu cầu đủ khối lượng kiến thức văn hóa THPT theo quy định của Luật Giáo dục và các văn bản hướng dẫn hiện hành của Bộ GDĐT.","chung-khoan","","","","2026-05-20T00:00:00","https://thuvienphapluat.vn/hoi-dap-phap-luat/lich-thi-thpt-quoc-gia-2026-dien-ra-vao-ngay-1161262026-du-kien-dung-khong-138059892.html","2026-05-21T19:21:29.746602+00:00"
"138062956","Lịch nghỉ lễ 2027 - Tổng hợp các ngày lễ 2027 ở Việt Nam chi tiết ra sao?","Lịch nghỉ lễ 2027 - Tổng hợp các ngày lễ 2027 ở Việt Nam chi tiết ra sao?

Nghỉ giải lao theo tính chất của công việc có được tính vào thời giờ làm việc được hưởng lương không?

Cách tính ngày nghỉ hằng năm trong một số trường hợp đặc biệt được quy định cụ thể ra sao?

Lịch nghỉ lễ 2027 - Tổng hợp các ngày lễ 2027 ở Việt Nam chi tiết dưới đây:

Các ngày nghỉ lễ được hưởng nguyên lương trong năm 2027

Căn cứ Điều 112 Bộ luật Lao động 2019 quy định về nghỉ lễ, tết, năm 2027 người lao động được nghỉ các ngày lễ, tết sau đây:

(1) Tết Dương lịch: 01 ngày (ngày 01 tháng 01 dương lịch);

(2) Tết Âm lịch: 05 ngày;

(3) Ngày Chiến thắng: 01 ngày (ngày 30 tháng 4 dương lịch);

(4) Ngày Quốc tế lao động: 01 ngày (ngày 01 tháng 5 dương lịch);

(5) Quốc khánh: 02 ngày (ngày 02 tháng 9 dương lịch và 01 ngày liền kề trước hoặc sau);

(6) Ngày Giỗ Tổ Hùng Vương: 01 ngày (ngày 10 tháng 3 âm lịch).

Lưu ý: Hằng năm, căn cứ vào điều kiện thực tế, sẽ có quyết định cụ thể ngày nghỉ Tết Âm lịch và Quốc khánh.

Các ngày lễ, sự kiện khác trong năm tại Việt Nam và quốc tế

Tên ngày lễ

Ngày

Ông Táo chầu trời

30 tháng 1, 2027

Chiến thắng Ngọc Hồi - Đống Đa

10 tháng 2, 2027

Ngày thành lập Đảng

3 tháng 2, 2027

Tết Nguyên Tiêu

20 tháng 2, 2027

Quốc tế Phụ nữ

8 tháng 3, 2027

Ngày Sách Việt Nam

21 tháng 4, 2027

Ngày Chiến thắng Điện Biện Phủ

7 tháng 5, 2027

Lễ Phật đản

20 tháng 5, 2027

Ngày sinh Chủ tịch Hồ Chí Minh

19 tháng 5, 2027

Tết Đoan ngọ

9 tháng 6, 2027

Ngày quốc tế Thiếu nhi

1 tháng 6, 2027

Ngày Gia đình Việt Nam

28 tháng 6, 2027

Ngày Thương Binh Liệt Sĩ

27 tháng 7, 2027

Ngày cách mạng Tháng Tám

19 tháng 8, 2027

Rằm Tháng Bảy, Vu Lan

16 tháng 8, 2027

Tết Trung thu

15 tháng 9, 2027

Ngày giải phóng Thủ Đô

10 tháng 10, 2027

Ngày Phụ nữ Việt Nam

20 tháng 10, 2027

Ngày Nhà giáo Việt Nam

20 tháng 11, 2027

Ngày hội Quốc phòng Toàn dân

22 tháng 12, 2027

[...]

* Trên đây là Thông tin Lịch nghỉ lễ 2027 - Tổng hợp các ngày lễ 2027 ở Việt Nam chi tiết ra sao?

Lịch nghỉ lễ 2027 - Tổng hợp các ngày lễ 2027 ở Việt Nam chi tiết ra sao? (Hình từ Internet)

Căn cứ Điều 58 Nghị định 145/2020/NĐ-CP có quy định thời giờ được tính vào thời giờ làm việc được hưởng lương như sau:

Như vậy, theo quy định, nghỉ giải lao theo tính chất của công việc thuộc một trong những trường hợp được tính vào thời giờ làm việc được hưởng lương.

Căn cứ Điều 66 Nghị định 145/2020/NĐ-CP, cách tính ngày nghỉ hằng năm trong một số trường hợp đặc biệt như sau:

- Số ngày nghỉ hằng năm của người lao động làm việc chưa đủ 12 tháng theo quy định tại khoản 2 Điều 113 Bộ luật Lao động 2019 được tính như sau: lấy số ngày nghỉ hằng năm cộng với số ngày được nghỉ tăng thêm theo thâm niên (nếu có), chia cho 12 tháng, nhân với số tháng làm việc thực tế trong năm để tính thành số ngày được nghỉ hằng năm.

- Trường hợp người lao động làm việc chưa đủ tháng, nếu tổng số ngày làm việc và ngày nghỉ có hưởng lương của người lao động (nghỉ lễ, tết, nghỉ hằng năm, nghỉ việc riêng có hưởng lương theo Điều 112, Điều 113, Điều 114 và Điều 115 Bộ luật Lao động 2019) chiếm tỷ lệ từ 50% số ngày làm việc bình thường trong tháng theo thỏa thuận thì tháng đó được tính là 01 tháng làm việc để tính ngày nghỉ hằng năm.

- Toàn bộ thời gian người lao động làm việc tại các cơ quan, tổ chức, đơn vị thuộc khu vực nhà nước và doanh nghiệp nhà nước được tính là thời gian làm việc để tính ngày nghỉ hằng năm tăng thêm theo quy định tại Điều 114 Bộ luật Lao động 2019 nếu người lao động tiếp tục làm việc tại các cơ quan, tổ chức, đơn vị thuộc khu vực nhà nước và doanh nghiệp nhà nước.

Điều 58. Thời giờ được tính vào thời giờ làm việc được hưởng lương

1. Nghỉ giữa giờ quy định khoản 2 Điều 64 Nghị định này.

2. Nghỉ giải lao theo tính chất của công việc.

3. Nghỉ cần thiết trong quá trình lao động đã được tính trong định mức lao động cho nhu cầu sinh lý tự nhiên của con người.

4. Thời giờ nghỉ đối với lao động nữ khi mang thai hoặc nuôi con dưới 12 tháng tuổi, trong thời gian hành kinh theo quy định tại khoản 2 và khoản 4 Điều 137 của Bộ luật Lao động.

5. Thời giờ phải ngừng việc không do lỗi của người lao động.

6. Thời giờ hội họp, học tập, tập huấn do yêu cầu của người sử dụng lao động hoặc được người sử dụng lao động đồng ý.

7. Thời giờ người học nghề, tập nghề trực tiếp hoặc tham gia lao động theo quy định tại khoản 5 Điều 61 của Bộ luật Lao động.

8. Thời giờ mà người lao động là thành viên ban lãnh đạo của tổ chức đại diện người lao động tại cơ sở được sử dụng để thực hiện nhiệm vụ theo quy định tại khoản 2 và khoản 3 Điều 176 của Bộ luật Lao động.

9. Thời giờ khám sức khỏe, khám phát hiện bệnh nghề nghiệp, giám định y khoa để xác định mức độ suy giảm khả năng lao động do tai nạn lao động, bệnh nghề nghiệp, nếu thời giờ đó được thực hiện theo sự bố trí hoặc do yêu cầu của người sử dụng lao động.

10. Thời giờ đăng ký, khám, kiểm tra sức khỏe nghĩa vụ quân sự, nếu thời giờ đó được hưởng nguyên lương theo quy định của pháp luật về nghĩa vụ quân sự.","chung-khoan","","","","2026-05-20T00:00:00","https://thuvienphapluat.vn/hoi-dap-phap-luat/lich-nghi-le-2027--tong-hop-cac-ngay-le-2027-o-viet-nam-chi-tiet-ra-sao-138062956.html","2026-05-21T19:21:54.401356+00:00"
"138091384","CHÍNH THỨC bỏ tờ khai thuế TNCN tháng 4-5-6/2026 thay bằng tờ khai quý 2/2026 đúng hay không?","CHÍNH THỨC bỏ tờ khai thuế TNCN tháng 4-5-6/2026 thay bằng tờ khai quý 2/2026 đúng hay không?

Hạn chót nộp tờ khai thuế TNCN tháng 4 2026 là khi nào?

Hạn chót nộp tờ khai thuế TNCN quý 2 2026 là khi nào?

>>> Hiểu thế nào về bỏ TTHC 2002235 khai thuế TNCN tháng theo quy định mới nhất?

Xem thêm:

>>> Bỏ TTHC 2.002235 kê khai quý/tháng bỏ kê khai tháng thì kê khai thuế TNCN theo trình tự nào?

>>> Tờ khai 05/KK-TNCN tháng 4, 5, 6/2026 chính thức bỏ khai theo tháng chuyển sang kê khai quý 2/2026 ra sao?

>>> CHÍNH THỨC bỏ tờ khai thuế TNCN tháng 4-5-6/2026 thay bằng tờ khai quý 2/2026 đúng hay không?

>>> Hướng dẫn thủ tục khai thuế TNCN tháng 4-5-6/2026 theo thủ tục mới sau khi bỏ khai tháng ra sao?

>>> Hướng dẫn sửa lỗi kỳ kê khai tháng không được phép nộp tờ khai, vui lòng chọn lại kỳ kê khai phù hợp ra sao?

>>> Chính thức bỏ kê khai thuế TNCN tháng 4/2026 chuyển sang kê khai quý 2 ra sao?

Ngày 08/05/2026 Bộ Tài chính đã ban hành Quyết định 1109/QĐ-BTC năm 2026 công bố thủ tục hành chính được sửa đổi, bổ sung, bãi bỏ trong lĩnh vực quản lý thuế, hải quan

Theo đó đã sửa đổi bổ sung Thủ tục hành chính 2.002235 Khai thuế thu nhập cá nhân tháng/quý của tỔ chức, cá nhân trả thu nhập khấu trừ thuế đối với tiền lương, tiền công

Theo thủ tục trên thì không còn kê khai theo tháng, theo đó CHÍNH THỨC bỏ tờ khai thuế TNCN tháng và thay bằng tờ khai quý từ ngày 8/5/2026.

Như vậy đối với khai thuế TNCN tháng 4-5-6 năm 2026 sẽ được chuyển sang thành khai thuế TNCN quý 2 năm 2026.

*Bài viết CHÍNH THỨC bỏ tờ khai thuế TNCN tháng 4-5-6/2026 thay bằng tờ khai quý 2/2026 đúng hay không?

CHÍNH THỨC bỏ tờ khai thuế TNCN tháng 4 5 6 2026 thay bằng tờ khai quý 2 2026 đúng hay không? (Hình từ Internet)

Căn cứ tại khoản 1 Điều 44 Luật Quản lý thuế 2019 quy định về thời hạn nộp hồ sơ khai thuế cụ thể như sau:

Như vậy, hạn chót nộp tờ khai thuế TNCN tháng 4 2026 là ngày 20/5/2026.

Căn cứ tại điểm b khoản 1 Điều 44 Luật Quản lý thuế 2019 quy định về thời hạn nộp hồ sơ khai thuế cụ thể như sau:

Hạn chót nộp tờ khai thuế TNCN quý 2 2026 là 31/7/2026.

*Bài viết CHÍNH THỨC bỏ tờ khai thuế TNCN tháng 4 5 6 2026 thay bằng tờ khai quý 2 2026 đúng hay không?

6. Khai thuế thu nhập cá nhân quý của tổ chức, cá nhân trả thu nhập khấu trừ thuế đối với tiền lương, tiền công (Mã số TTHC 2.002235)

- Trình tự thực hiện:

+Bước 1.

++ Tổ chức, cá nhân trả thu nhập có phát sinh khấu trừ thuế chuẩn bị hồ sơ khai thuế, gửi đến cơ quan Thuế. Thời hạn nộp hồ sơ khai thuế quý chậm nhất là ngày cuối cùng của tháng đầu tiên của quý tiếp theo quý phát sinh nghĩa vụ thuế. Nếu ngày cuối cùng trùng ngày nghỉ lễ, hạn cuối cùng được chuyển sang ngày làm việc tiếp theo.

(Thủ tục đăng ký chứng từ khấu trừ thuế TNCN được thực hiện riêng theo quy định tại Nghị định 70/2025/NĐ-CP của Chính phủ).

[...]

Điều 44. Thời hạn nộp hồ sơ khai thuế

1. Thời hạn nộp hồ sơ khai thuế đối với loại thuế khai theo tháng, theo quý được quy định như sau:

a) Chậm nhất là ngày thứ 20 của tháng tiếp theo tháng phát sinh nghĩa vụ thuế đối với trường hợp khai và nộp theo tháng;

b) Chậm nhất là ngày cuối cùng của tháng đầu của quý tiếp theo quý phát sinh nghĩa vụ thuế đối với trường hợp khai và nộp theo quý.

2. Thời hạn nộp hồ sơ khai thuế đối với loại thuế có kỳ tính thuế theo năm được quy định như sau:

a) Chậm nhất là ngày cuối cùng của tháng thứ 3 kể từ ngày kết thúc năm dương lịch hoặc năm tài chính đối với hồ sơ quyết toán thuế năm; chậm nhất là ngày cuối cùng của tháng đầu tiên của năm dương lịch hoặc năm tài chính đối với hồ sơ khai thuế năm;

b) Chậm nhất là ngày cuối cùng của tháng thứ 4 kể từ ngày kết thúc năm dương lịch đối với hồ sơ quyết toán thuế thu nhập cá nhân của cá nhân trực tiếp quyết toán thuế;

c) Chậm nhất là ngày 15 tháng 12 của năm trước liền kề đối với hồ sơ khai thuế khoán của hộ kinh doanh, cá nhân kinh doanh nộp thuế theo phương pháp khoán; trường hợp hộ kinh doanh, cá nhân kinh doanh mới kinh doanh thì thời hạn nộp hồ sơ khai thuế khoán chậm nhất là 10 ngày kể từ ngày bắt đầu kinh doanh.

[...]

Điều 44. Thời hạn nộp hồ sơ khai thuế

1. Thời hạn nộp hồ sơ khai thuế đối với loại thuế khai theo tháng, theo quý được quy định như sau:

a) Chậm nhất là ngày thứ 20 của tháng tiếp theo tháng phát sinh nghĩa vụ thuế đối với trường hợp khai và nộp theo tháng;

b) Chậm nhất là ngày cuối cùng của tháng đầu của quý tiếp theo quý phát sinh nghĩa vụ thuế đối với trường hợp khai và nộp theo quý.

2. Thời hạn nộp hồ sơ khai thuế đối với loại thuế có kỳ tính thuế theo năm được quy định như sau:

a) Chậm nhất là ngày cuối cùng của tháng thứ 3 kể từ ngày kết thúc năm dương lịch hoặc năm tài chính đối với hồ sơ quyết toán thuế năm; chậm nhất là ngày cuối cùng của tháng đầu tiên của năm dương lịch hoặc năm tài chính đối với hồ sơ khai thuế năm;

b) Chậm nhất là ngày cuối cùng của tháng thứ 4 kể từ ngày kết thúc năm dương lịch đối với hồ sơ quyết toán thuế thu nhập cá nhân của cá nhân trực tiếp quyết toán thuế;

c) Chậm nhất là ngày 15 tháng 12 của năm trước liền kề đối với hồ sơ khai thuế khoán của hộ kinh doanh, cá nhân kinh doanh nộp thuế theo phương pháp khoán; trường hợp hộ kinh doanh, cá nhân kinh doanh mới kinh doanh thì thời hạn nộp hồ sơ khai thuế khoán chậm nhất là 10 ngày kể từ ngày bắt đầu kinh doanh.

[...]","chung-khoan","","","","2026-05-20T00:00:00","https://thuvienphapluat.vn/hoi-dap-phap-luat/chinh-thuc-bo-to-khai-thue-tncn-thang-4562026-thay-bang-to-khai-quy-22026-dung-hay-khong-138091384.html","2026-05-21T19:22:00.420523+00:00"
"138070046","Xem lịch âm tháng 3 năm 2026 - Lịch vạn niên tháng 3 năm 2026 đầy đủ, chi tiết, mới nhất ra sao? Tháng 3 2026 có ngày lễ lớn nào không?","Xem lịch âm tháng 3 năm 2026 - Lịch vạn niên tháng 3 năm 2026 đầy đủ, chi tiết, mới nhất ra sao? Tháng 3 2026 có ngày lễ lớn nào không?

Người lao động được kiểm tra, giám sát việc trích nộp kinh phí công đoàn tại nơi làm việc không?

Người lao động được tham gia ý kiến về những nội dung nào?

Xem lịch âm tháng 3 năm 2026 - Lịch vạn niên tháng 3 năm 2026 đầy đủ, chi tiết, mới nhất dưới đây:

Lịch Tháng 3 năm 2026

Lịch Tháng 4 năm 2026

Lịch Tháng 5 năm 2026

Có thể thấy:

Theo lịch vạn niên, Tháng 3 năm 2026 âm lịch bao gồm 30 ngày. Trong đó:

- Ngày 01/3/2026 âm lịch sẽ rơi vào ngày 17/4/2026 dương lịch (Thứ sáu)

- Ngày 30/3/2026 âm lịch là ngày 16/5/2026 dương lịch (Thứ bảy).

Ngoài ra, Tháng 3 năm 2026 dương lịch bao gồm 31 ngày, cụ thể:

- Ngày 01/3/2026 dương lịch rơi vào Chủ nhật nhằm ngày 13/1/2026 âm lịch.

- Ngày 31/3/2026 dương lịch rơi vào Thứ ba nhằm ngày 13/2/2026 âm lịch.

Ngoài ra, tại Điều 4 Nghị định 145/2013/NĐ-CP có quy định về các ngày lễ lớn như sau:

Như vậy, trong tháng 3 năm 2026 theo dương lịch, nước ta không có ngày lễ lớn nào. Tuy nhiên, theo lịch âm, nước ta có Ngày Giỗ Tổ Hùng Vương (10-3 Âm lịch) là ngày lễ lớn.

* Trên đây là Thông tin Xem lịch âm tháng 2 năm 2026 - Lịch vạn niên tháng 2 năm 2026 đầy đủ, chi tiết, mới nhất ra sao? Tháng 2 2026 có ngày lễ lớn nào không?

Xem thêm:

>>> Lịch Vạn niên 2026 - Lịch âm 2026 - Lịch dương 2026 chi tiết, đầy đủ 365 ngày tương ứng âm và dương?

>>> Xem lịch âm tháng 1 năm 2026 - Lịch vạn niên tháng 1 năm 2026 đầy đủ, chi tiết, mới nhất ra sao? Tháng 1 2026 có ngày lễ lớn nào không?

Xem lịch âm tháng 3 năm 2026 - Lịch vạn niên tháng 3 năm 2026 đầy đủ, chi tiết, mới nhất ra sao? Tháng 3 2026 có ngày lễ lớn nào không? (Hình từ Internet)

Căn cứ theo Điều 46 Nghị định 145/2020/NĐ-CP quy định nội dung, hình thức người lao động được kiểm tra, giám sát như sau:

Như vậy, theo quy định, người lao động có quyền kiểm tra, giám sát việc trích nộp kinh phí công đoàn tại nơi làm việc.

Tại khoản 1 Điều 44 Nghị định 145/2020/NĐ-CP quy định người lao động được tham gia ý kiến về những nội dung sau:

- Xây dựng, sửa đổi, bổ sung nội quy, quy chế và các văn bản quy định khác của người sử dụng lao động liên quan đến quyền, nghĩa vụ và lợi ích của người lao động;

- Xây dựng, sửa đổi, bổ sung thang lương, bảng lương, định mức lao động; đề xuất nội dung thương lượng tập thể;

- Đề xuất, thực hiện giải pháp tiết kiệm chi phí, nâng cao năng suất lao động, cải thiện điều kiện làm việc, bảo vệ môi trường, phòng chống cháy nổ;

- Nội dung khác liên quan đến quyền, nghĩa vụ và lợi ích của người lao động theo quy định của pháp luật.

Đồng thời, những nội dung quy định tại khoản 1 Điều 44 Nghị định 145/2020/NĐ-CP mà pháp luật quy định cụ thể hình thức người lao động tham gia ý kiến thì thực hiện theo quy định đó; trường hợp pháp luật không quy định cụ thể hình thức thì người lao động căn cứ vào đặc điểm sản xuất, kinh doanh, tổ chức lao động, nội dung người lao động được tham gia ý kiến và quy chế dân chủ ở cơ sở tại nơi làm việc để lựa chọn hình thức sau đây:

- Tham gia ý kiến trực tiếp hoặc thông qua tổ chức đại diện người lao động tại cơ sở, nhóm đại diện đối thoại của người lao động tại hội nghị người lao động, đối thoại tại nơi làm việc;

- Gửi góp ý, kiến nghị trực tiếp;

- Hình thức khác mà pháp luật không cấm.

Điều 4. Các ngày lễ lớn

Các ngày lễ lớn trong nước bao gồm:

1. Ngày Tết Nguyên đán (01 tháng Giêng Âm lịch).

2. Ngày thành lập Đảng Cộng sản Việt Nam (03-02-1930).

3. Ngày Giỗ Tổ Hùng Vương (10-3 Âm lịch).

4. Ngày Giải phóng miền Nam, thống nhất đất nước (30-4-1975).

5. Ngày Chiến thắng Điện Biên Phủ (07-5-1954).

6. Ngày sinh Chủ tịch Hồ Chí Minh (19-5-1890).

7. Ngày Cách mạng Tháng Tám (19-8-1945) và Ngày Quốc khánh nước Cộng hòa xã hội chủ nghĩa Việt Nam (02-9-1945).

Điều 46. Nội dung, hình thức người lao động được kiểm tra, giám sát

1. Người lao động được kiểm tra, giám sát những nội dung sau:

a) Việc thực hiện hợp đồng lao động và thỏa ước lao động tập thể;

b) Việc thực hiện nội quy lao động, quy chế và các văn bản quy định khác của người sử dụng lao động liên quan đến quyền, nghĩa vụ và lợi ích của người lao động;

c) Việc sử dụng quỹ khen thưởng, quỹ phúc lợi, các quỹ do người lao động đóng góp;

d) Việc trích nộp kinh phí công đoàn, đóng bảo hiểm xã hội, bảo hiểm y tế, bảo hiểm thất nghiệp của người sử dụng lao động;

đ) Việc thực hiện thi đua, khen thưởng, kỷ luật, giải quyết khiếu nại, tố cáo liên quan đến quyền, nghĩa vụ và lợi ích của người lao động.

2. Hình thức kiểm tra, giám sát của người lao động thực hiện theo quy định của pháp luật.","chung-khoan","","","","2026-05-18T00:00:00","https://thuvienphapluat.vn/hoi-dap-phap-luat/xem-lich-am-thang-3-nam-2026--lich-van-nien-thang-3-nam-2026-day-du-chi-tiet-moi-nhat-ra-sao-thang--138070046.html","2026-05-21T19:21:45.878710+00:00"
"138090358","Văn bản hợp nhất Luật Chứng khoán số 102/VBHN-VPQH 2026 chi tiết ra sao?","Văn bản hợp nhất Luật Chứng khoán số 102/VBHN-VPQH 2026 chi tiết ra sao?

Chính sách phát triển thị trường chứng khoán như thế nào?

Những hành vi bị nghiêm cấm trong hoạt động về chứng khoán và thị trường chứng khoán?

Ngày 22/04/2026, Văn phòng Chính phủ đã ban hành Văn bản hợp nhất Luật Chứng khoán số 102/VBHN-VPQH năm 2026.

TẢI VỀVăn bản hợp nhất Luật Chứng khoán

Trong đó, Luật Chứng khoán 2019 số 54/2019/QH14 ngày 26 tháng 11 năm 2019 của Quốc hội, có hiệu lực kể từ ngày 01 tháng 01 năm 2021, được sửa đổi, bổ sung bởi:

- Luật Sửa đổi, bổ sung một số điều của Luật Chứng khoán, Luật Kế toán, Luật Kiểm toán độc lập, Luật Ngân sách nhà nước, Luật Quản lý, sử dụng tài sản công, Luật Quản lý thuế, Luật Thuế thu nhập cá nhân, Luật Dự trữ quốc gia, Luật Xử lý vi phạm hành chính 2024 số 56/2024/QH15 ngày 29 tháng 11 năm 2024 của Quốc hội, có hiệu lực kể từ ngày 01 tháng 01 năm 2025;

- Luật Phục hồi, phá sản 2025 số 142/2025/QH15 ngày 11 tháng 12 năm 2025 của Quốc hội, có hiệu lực kể từ ngày 01 tháng 3 năm 2026.

*Trên đây là thông tin Văn bản hợp nhất Luật Chứng khoán số 102/VBHN-VPQH 2026 chi tiết ra sao?

Văn bản hợp nhất Luật Chứng khoán số 102/VBHN-VPQH 2026 chi tiết ra sao? (Hình từ Internet)

Căn cứ theo Điều 6 Luật Chứng khoán 2019 quy định như sau;

Theo đó, chính sách phát triển thị trường chứng khoán như sau:

- Nhà nước có chính sách khuyến khích, tạo điều kiện thuận lợi để tổ chức, cá nhân trong nước, nước ngoài tham gia đầu tư và hoạt động trên thị trường chứng khoán nhằm huy động các nguồn vốn trung hạn và dài hạn cho đầu tư phát triển.

- Nhà nước có chính sách quản lý, giám sát bảo đảm thị trường chứng khoán hoạt động công bằng, công khai, minh bạch, an toàn và hiệu quả.

- Nhà nước có chính sách đầu tư hiện đại hóa cơ sở hạ tầng, công nghệ thông tin cho hoạt động của thị trường chứng khoán, phát triển nguồn nhân lực cho ngành chứng khoán, tuyên truyền, phổ biến kiến thức về chứng khoán và thị trường chứng khoán.

Căn cứ theo Điều 12 Luật Chứng khoán 2019 được sửa đổi bởi khoản 5 Điều 1 Luật Sửa đổi Luật Chứng khoán, Luật Kế toán, Luật Kiểm toán độc lập, Luật Ngân sách Nhà nước, Luật Quản lý, sử dụng tài sản công, Luật Quản lý thuế, Luật Thuế thu nhập cá nhân, Luật Dự trữ quốc gia, Luật Xử lý vi phạm hành chính 2024 quy định các hành vi bị nghiêm cấm trong hoạt động về chứng khoán và thị trường chứng khoán bao gồm:

- Trực tiếp hoặc gián tiếp thực hiện hành vi gian lận, lừa đảo, làm giả tài liệu, tạo dựng thông tin sai sự thật hoặc công bố thông tin sai lệch hoặc che giấu thông tin hoặc bỏ sót thông tin cần thiết gây hiểu nhầm nghiêm trọng làm ảnh hưởng đến hoạt động chào bán, niêm yết, giao dịch, kinh doanh, đầu tư chứng khoán, cung cấp dịch vụ về chứng khoán.

- Sử dụng thông tin nội bộ để mua, bán chứng khoán cho chính mình hoặc cho người khác; tiết lộ, cung cấp thông tin nội bộ hoặc tư vấn cho người khác mua, bán chứng khoán trên cơ sở thông tin nội bộ.

- Thực hiện hành vi thao túng thị trường chứng khoán.

- Thực hiện hoạt động kinh doanh chứng khoán, cung cấp dịch vụ về chứng khoán khi chưa được Ủy ban Chứng khoán Nhà nước cấp giấy phép, cấp giấy chứng nhận hoặc chấp thuận.

- Sử dụng tài khoản, tài sản của khách hàng khi không được khách hàng ủy thác hoặc trái quy định của pháp luật hoặc lạm dụng tín nhiệm để chiếm đoạt tài sản của khách hàng.

- Cho người khác mượn tài khoản để giao dịch chứng khoán, đứng tên sở hữu chứng khoán hộ người khác dẫn đến hành vi thao túng giá chứng khoán.

- Tổ chức thị trường giao dịch chứng khoán trái quy định của Luật Chứng khoán 2019.

Điều 6. Chính sách phát triển thị trường chứng khoán

1. Nhà nước có chính sách khuyến khích, tạo điều kiện thuận lợi để tổ chức, cá nhân trong nước, nước ngoài tham gia đầu tư và hoạt động trên thị trường chứng khoán nhằm huy động các nguồn vốn trung hạn và dài hạn cho đầu tư phát triển.

2. Nhà nước có chính sách quản lý, giám sát bảo đảm thị trường chứng khoán hoạt động công bằng, công khai, minh bạch, an toàn và hiệu quả.

3. Nhà nước có chính sách đầu tư hiện đại hóa cơ sở hạ tầng, công nghệ thông tin cho hoạt động của thị trường chứng khoán, phát triển nguồn nhân lực cho ngành chứng khoán, tuyên truyền, phổ biến kiến thức về chứng khoán và thị trường chứng khoán.","chung-khoan","","","","2026-05-12T00:00:00","https://thuvienphapluat.vn/hoi-dap-phap-luat/van-ban-hop-nhat-luat-chung-khoan-so-102vbhnvpqh-2026-chi-tiet-ra-sao-138090358.html","2026-05-21T19:18:38.848540+00:00"
"138074267","Hướng dẫn quyết toán thuế TNCN 2026 trên eTax Mobile chi tiết thế nào?","Hướng dẫn quyết toán thuế TNCN 2026 trên eTax Mobile chi tiết thế nào?

Hồ sơ khai thuế đối với loại thuế có kỳ tính thuế theo năm bao gồm những gì?

Thời hạn nộp hồ sơ khai thuế đối với loại thuế có kỳ tính thuế theo năm là khi nào?

Tại khoản 2 Điều 44 Luật Quản lý thuế 2019 có quy định về thời hạn nộp quyết toán thuế TNCN 2025 như sau:

- Trường hợp 1: Cá nhân ủy quyền cho tổ chức thực hiện quyết toán thuế TNCN thay cho mình

Thời gian quyết toán thuế TNCN 2025 trong năm 2026 chậm nhất là ngày cuối cùng của tháng thứ 3 kể từ ngày kết thúc năm dương lịch tức chậm nhất là ngày 31/03/2026.

- Trường hợp 2: Cá nhân tự quyết toán thuế TNCN

Thời gian quyết toán thuế TNCN 2025 trong năm 2026 chậm nhất là ngày cuối cùng của tháng thứ 4 kể từ ngày kết thúc năm dương lịch tức ngày 30/4/2026.

Tuy nhiên, căn cứ theo Điều 86 Thông tư 80/2021/TT-BTC quy định trường hợp thời hạn nộp hồ sơ khai thuế, thời hạn nộp thuế trùng với ngày nghỉ theo quy định thì thời hạn nộp hồ sơ khai thuế, thời hạn nộp thuế được tính là ngày làm việc tiếp theo của ngày nghỉ đó theo quy định tại khoản 5 Điều 148 Bộ luật Dân sự 2015.

Theo đó, ngày 30/4/2026 là ngày nghỉ lễ liên tiếp với ngày nghỉ lễ 01/5/2026 và sau đó rơi vào thứ bảy ngày 02/5/2026 và chủ nhật ngày 03/05/2026, do đó thời hạn được kéo dài đến ngày 04/5/2026.

Như vậy, đối với trường hợp cá nhân tự quyết toán thuế TNCN, thời gian quyết toán thuế TNCN 2025 trong năm 2026 chậm nhất là ngày 04/5/2026.

>>> Dưới đây là Hướng dẫn quyết toán thuế TNCN 2026 trên eTax Mobile chi tiết như sau:

Bước 1: Tải ứng dụng eTax Mobile phiên bản 3.2.3 mới nhất

- Đối với hệ điều hành Android: tải ứng dụng trên Google Play.

- Đối với hệ điều hành IOS: tải ứng dụng trên App Store.

Bước 2: Đăng nhập vào eTax Mobile

Bước 3: Chọn menu Hỗ trợ quyết toán thuế TNCN => Hỗ trợ lập tờ khai quyết toán.

Hệ thống sẽ hiển thị màn hình Hỗ trợ lập tờ khai quyết toán gồm:

- Mã số thuế: Hiển thị mặc định mã số thuế đăng nhập, không cho sửa.

- Năm quyết toán: Hiển thị list danh sách năm từ năm 2021 đến năm hiện tại.

Bước 5: Nhấn Tạo tờ khai 02/QTTTNCN gợi ý, hệ thống hiển thị màn hình Tạo tờ khai 02/QTT-TNC gợi ý gồm các thông tin sau:

- Loại tờ khai: Mặc định hiển thị: Chính thức, không cho sửa.

- Năm kê khai: Hiển thị theo năm tra cứu quyết toán, không cho sửa.

- Trường hợp quyết toán: Hiển thị mặc định Quyết toán theo năm dương lịch, không cho sửa.

- Từ tháng: Tự động hiển thị theo năm quyết toán, cho phép sửa.

- Đến tháng: Tự động hiển thị tháng cuối của năm quyết toán

Bước 6: Nhấn Tiếp tục, hệ thống thực hiện xác định cơ quan thuế nộp tờ khai.

- Trường hợp 1: Cá nhân cư trú không ký hợp đồng lao động, hoặc ký hợp đồng lao động dưới 03 tháng, hoặc ký hợp đồng cung cấp dịch vụ có thu nhập tại một nơi hoặc nhiều nơi đã khấu trừ 10%, hệ thống hỗ trợ hiển thị màn hình chọn Tỉnh/Thành phố, Quận/Huyện.

- Trường hợp 2: Cá nhân cư trú có thu nhập tiền lương, tiền công tại một nơi và thuộc diện tự khai thuế trong năm, hệ thống hỗ trợ hiển thị luôn cơ quan thuế nơi cá nhân nộp hồ sơ khai QTT (theo cơ quan thuế nơi cá nhân nộp hồ sơ khai thuế trong năm tờ khai 02/KK). Cá nhân không phải tích chọn hoặc điền bất kỳ thông tin gì.

- Trường hợp 3: Cá nhân:

+ Chỉ có 02KK-TNCN có nhiều CQT khác sau thì hệ thống thực hiện so sánh hiển thị luôn CQT nơi có nguồn thu nhập lớn nhất.

+ Đồng thời có 05QTT và 02KK thì hệ thống so sánh lấy nơi có nguồn thu nhập lớn nhất trong năm.

Lưu ý: Trường hợp các nơi có nguồn thu nhập bằng nhau thì hệ thống hiển thị danh sách Cơ quan thuế để NNT tự chọn.

Các trường hợp khác (ngoài 3 trường hợp trên) hệ thống hiển thị theo các câu hỏi để người nộp thuế chọn và nhập.

Bước 7: Sau khi xác định cơ quan thuế, hệ thống hiển thị màn hình Thông tin chung gồm:

- Cơ quan thuế quyết toán.

- Tên người nộp thuế: Tự động hiển thị tên của NNT, không cho phép sửa.

- Mã số thuế: Tự động hiển thị MST của NNT, không cho phép sửa.

- Địa chỉ: Tự động hiển thị theo thông tin ĐKT, cho phép sửa.

- Tỉnh/Thành phố: Tự động hiển thị theo thông tin ĐKT, cho phép chọn lại.

- Quận/Huyện: Tự động hiển thị theo thông tin ĐKT, cho phép chọn lại.

- Điện thoại: Tự động hiển thị, không cho sửa.

- Fax: Tự động hiển thị, không cho sửa.

- Email: Tự động hiển thị, không cho sửa.

- Mã số thuế tổ chức trả thu nhập: Tự động hiển thị, không cho sửa.

- Tên tổ chức trả thu nhập: Tự động hiển thị, không cho sửa.

- Địa chỉ: Tự động hiển thị theo đăng ký thuế của MST tổ chức trả thu nhập, không cho phép sửa.

- Quận/Huyện: Tự động hiển thị theo đăng ký thuế của MST tổ chức trả thu nhập, không cho phép sửa.

- Tỉnh/Thành phố: Tự động hiển thị theo đăng ký thuế của MST tổ chức trả thu nhập, không cho sửa.

Bước 8: Nhấn Tiếp tục, hệ thống hiển thị màn kê khai các chỉ tiêu trên tờ khai từ [20] đến [48], cho phép sửa dữ liệu.

Lưu ý: Chỉ tiêu [24] = Tổng số dòng trên bảng kê 02-1/BK-QTT-TNCN.

8.1. Trường hợp NNT nhấn Bảng kê 02-1/BK-QTT-TNCN, hệ thống hiển thị màn hình bảng kê 02-1/BK-QTTTNCN để NNT nhập:

Chọn Thêm mới người phụ thuộc, hệ thống hiển thị màn hình thông tin người phụ thuộc gồm các thông tin:

- Họ và tên [10]: Mặc định trống, bắt buộc nhập.

- Mã số thuế [11]: Mặc định trống, bắt buộc nhập/chọn 1 trong 2 chỉ tiêu [11] hoặc [12].

- Loại giấy tờ [12]: Mặc định trống, cho chọn trong danh sách.

- Số giấy tờ [13]: Mặc định trống, bắt buộc nhập nếu NSD chọn Loại giấy tờ.

- Ngày sinh [14]: Hiển thị mặc định ngày hiện tại, cho phép chọn lại.

- Quan hệ với người nộp thuế [15]: Mặc định trống, cho chọn trong danh sách.

Mục Thời gian được tính giảm trừ trong năm

- Từ tháng [16]: Mặc định trống, bắt buộc nhập.

- Đến tháng [17]: Mặc định trống, bắt buộc nhập.

Sau đó chọn Tiếp tục, hệ thống hiển thị Thông tin người phụ thuộc đã thêm.

NNT nhấn Xem chi tiết người phụ thuộc, hệ thống hiển thị màn hình Thông tin chi tiết.

Chọn Tiếp tục, hệ thống chuyển sang màn hình Thông tin hỗ trợ quyết toán thuế và lưu thông tin người phụ thuộc tại bảng kê 02-1/BK-QTTTNCN.

8.2 Trường hợp chỉ tiêu [46] > 0, hệ thống hiển thị Nhập thông tin hoàn trả:

Nhập thông tin hoàn trả, hệ thống hiển thị màn hình nhập thông tin hoàn trả gồm các thông tin:

- Số tiền hoàn trả: Hiển thị theo số tiền tại chỉ tiêu [46], không cho sửa

- Hình thức hoàn trả: Mặc định Chuyển khoản, cho chọn lại Tiền mặt.

Tại màn hình chọn Chuyển khoản điền các thông tin sau:

- Tên chủ tài khoản: Tự động hiển thị tên NNT, không cho sửa.

- Số tài khoản: Mặc định trống, bắt buộc nhập.

- Tỉnh/Thành phố: Mặc định trống, bắt buộc chọn trong danh sách.

- Tại ngân hàng/KBNN: Mặc định trống, bắt buộc chọn trong danh sách.

Tại màn hình chọn Tiền mặt hiển thị thông tin như sau:

- Tên người nhận tiền: Mặc định trống, bắt buộc nhập.

- Loại giấy tờ: Mặc định trống, bắt buộc chọn.

- CMND/CCCD/HC số: Mặc định trống, bắt buộc nhập.

- Ngày cấp: Mặc định ngày hiện tại, cho chọn lại.

- Nơi cấp: Mặc định trống, bắt buộc nhập.

- Nơi nhận hoàn tiền thuế: Mặc định trống, bắt buộc nhập.

Lưu ý: Chỉ hỗ trợ hoàn trả Tiền mặt trong trường hợp số tiền nhỏ hơn hoặc bằng 5.000.000 VND.

Sau đó chọn Tiếp tục, hệ thống chuyển sang màn hình Thông tin hỗ trợ quyết toán thuế và lưu thông tin hoàn trả NNT đã nhập.

8.3. Trường hợp chỉ tiêu [47] > 0, hệ thống hiển thị button Đề nghị bù trừ.

NNT nhấn Đề nghị bù trừ, hệ thống tự động hiển thị tất cả các khoản nộp đã quá hạn của NNT.

Lưu ý: NNT kê khai chỉ tiêu [47] Số thuế bù trừ cho khoản phải nộp ngân sách nhà nước khác = Tổng chỉ tiêu (12) Tổng Số tiền còn phải nộp đề nghị bù trừ với số tiền nộp thừa.

Sau đó chọn Tiếp tục, hệ thống chuyển sang màn hình Thông tin hỗ trợ quyết toán thuế và lưu thông tin đề nghị bù trừ đã nhập.

Bước 9: Tiếp tục, hệ thống hiển thị màn hình hoàn thành tờ khai 02 QTT.

Bước 10: Nộp tờ khai, hệ thống hiển thị màn hình Đính kèm phụ lục, bắt buộc đính kèm ít nhất 1 tài liệu.

Bước 11: Tiếp tục, hệ thống hiển thị màn nhập OTP được gửi về số điện thoại của NNT.

Bước 12: Chọn Xác nhận, hệ thống hiển thị màn thông báo Nộp tờ khai thành công.

Trên đây là Thông tin về Hướng dẫn quyết toán thuế TNCN 2025 trên eTax Mobile chi tiết thế nào?

Hướng dẫn quyết toán thuế TNCN 2026 trên eTax Mobile chi tiết thế nào? (Hình từ Internet)

Căn cứ theo khoản 3 Điều 43 Luật Quản lý thuế 2019 quy định hồ sơ khai thuế đối với loại thuế có kỳ tính thuế theo năm bao gồm:

- Hồ sơ khai thuế năm gồm tờ khai thuế năm và các tài liệu khác có liên quan đến xác định số tiền thuế phải nộp;

- Hồ sơ khai quyết toán thuế khi kết thúc năm gồm tờ khai quyết toán thuế năm, báo cáo tài chính năm, tờ khai giao dịch liên kết; các tài liệu khác có liên quan đến quyết toán thuế.

Căn cứ theo khoản 2 Điều 44 Luật Quản lý thuế 2019 quy định về thời hạn nộp hồ sơ khai thuế đối với loại thuế có kỳ tính thuế theo năm như sau:

- Chậm nhất là ngày cuối cùng của tháng thứ 3 kể từ ngày kết thúc năm dương lịch hoặc năm tài chính đối với hồ sơ quyết toán thuế năm; chậm nhất là ngày cuối cùng của tháng đầu tiên của năm dương lịch hoặc năm tài chính đối với hồ sơ khai thuế năm;

- Chậm nhất là ngày cuối cùng của tháng thứ 4 kể từ ngày kết thúc năm dương lịch đối với hồ sơ quyết toán thuế thu nhập cá nhân của cá nhân trực tiếp quyết toán thuế;

- Chậm nhất là ngày 15 tháng 12 của năm trước liền kề đối với hồ sơ khai thuế khoán của hộ kinh doanh, cá nhân kinh doanh nộp thuế theo phương pháp khoán; trường hợp hộ kinh doanh, cá nhân kinh doanh mới kinh doanh thì thời hạn nộp hồ sơ khai thuế khoán chậm nhất là 10 ngày kể từ ngày bắt đầu kinh doanh.

Trên đây là Thông tin về Hướng dẫn quyết toán thuế TNCN 2026 trên eTax Mobile chi tiết thế nào?","chung-khoan","","","","2026-05-09T00:00:00","https://thuvienphapluat.vn/hoi-dap-phap-luat/huong-dan-quyet-toan-thue-tncn-2026-tren-etax-mobile-chi-tiet-the-nao-138074267.html","2026-05-21T19:21:38.723112+00:00"
"138089824","Toàn văn Nghị định 145/2026/NĐ-CP về cơ chế quản lý tài chính đối với Sở Giao dịch chứng khoán Việt Nam, Tổng công ty Lưu ký và Bù trừ chứng khoán Việt Nam thế nào?","Toàn văn Nghị định 145 2026 NĐ CP về cơ chế quản lý tài chính đối với Sở Giao dịch chứng khoán Việt Nam, Tổng công ty Lưu ký và Bù trừ chứng khoán Việt Nam thế nào?

Vốn điều lệ của Sở giao dịch Chứng khoán Việt Nam là bao nhiêu?

Sở giao dịch Chứng khoán Việt Nam có nhiệm vụ chính gì?

Ngày 5/5/2026, Chính phủ đã ban hành Nghị định 145/2026/NĐ-CP quy định một số nội dung về cơ chế quản lý tài chính, đánh giá, xếp loại doanh nghiệp đối với Sở Giao dịch chứng khoán Việt Nam, Tổng công ty Lưu ký và Bù trừ chứng khoán Việt Nam.

TẢI VỀ Nghị định 145/2026/NĐ-CP

Nghị định 145/2026/NĐ-CP quy định một số nội dung về cơ chế quản lý tài chính, đánh giá, xếp loại doanh nghiệp đối với Sở Giao dịch Chứng khoán Việt Nam, Tổng công ty Lưu ký và Bù trừ chứng khoán Việt Nam.

Đối tượng áp dụng gồm:

- Sở Giao dịch Chứng khoán Việt Nam.

- Tổng công ty Lưu ký và Bù trừ chứng khoán Việt Nam.

- Bộ Tài chính là cơ quan đại diện chủ sở hữu đối với phần vốn nhà nước tại Sở Giao dịch Chứng khoán Việt Nam và Tổng công ty Lưu ký và Bù trừ chứng khoán Việt Nam.

- Tổ chức và cá nhân khác có liên quan đến cơ chế quản lý tài chính và đánh giá, xếp loại doanh nghiệp của Sở Giao dịch Chứng khoán Việt Nam và Tổng công ty Lưu ký và Bù trừ chứng khoán Việt Nam.

Nghị định 145/2026/NĐ-CP có hiệu lực từ ngày 22/6/2026 và áp dụng từ năm tài chính 2026.

Nghị định 59/2021/NĐ-CP quy định một số nội dung đặc thù về cơ chế quản lý tài chính, đánh giá hiệu quả hoạt động đối với Sở Giao dịch Chứng khoán Việt Nam, Tổng công ty Lưu ký và Bù trừ chứng khoán Việt Nam hết hiệu lực thi hành kể từ ngày Nghị định 145/2026/NĐ-CP có hiệu lực thi hành.

Toàn văn Nghị định 145 2026 NĐ CP về cơ chế quản lý tài chính đối với Sở Giao dịch chứng khoán Việt Nam, Tổng công ty Lưu ký và Bù trừ chứng khoán Việt Nam thế nào? (Hình từ Internet)

Căn cứ theo khoản 1 Điều 3 Quyết định 37/2020/QĐ-TTg quy định như sau:

Như vậy, vốn điều lệ của Sở giao dịch Chứng khoán Việt Nam là 3.000 tỷ đồng, bao gồm:

- Vốn điều lệ tại thời điểm bắt đầu hoạt động: được xác định bằng tổng vốn chủ sở hữu của Sở giao dịch Chứng khoán. Hà Nội và Sở giao dịch Chứng khoán thành phố Hồ Chí Minh theo báo cáo tài chính đã được kiểm toán tại thời điểm trước ngày Sở giao dịch Chứng khoán Việt Nam được cấp Giấy chứng nhận đăng ký doanh nghiệp.

- Vốn bổ sung trong quá trình hoạt động theo quy định của pháp luật.

Căn cứ theo khoản 2 Điều 2 Quyết định 37/2020/QĐ-TTg, Sở giao dịch Chứng khoán Việt Nam có nhiệm vụ chính sau đây:

- Xây dựng chiến lược, kế hoạch đầu tư phát triển, kế hoạch sản xuất kinh doanh 05 năm và kế hoạch sản xuất kinh doanh hàng năm để trình cấp có thẩm quyền phê duyệt theo quy định;

- Xây dựng và ban hành các quy chế về niêm yết chứng khoán, giao dịch chứng khoán, công bố thông tin, thành viên của Sở giao dịch Chứng khoán Việt Nam và các quy chế nghiệp vụ khác liên quan đến tổ chức và hoạt động thị trường giao dịch chứng khoán; ban hành tiêu chí giám sát giao dịch; ban hành chỉ tiêu báo cáo giám sát giao dịch áp dụng cho thành viên của Sở giao dịch Chứng khoán Việt Nam sau khi được Ủy ban Chứng khoán Nhà nước chấp thuận;

- Chấp thuận, hủy bỏ tư cách thành viên của Sở giao dịch Chứng khoán Việt Nam; quản lý, giám sát, kiểm tra, xử lý vi phạm của thành viên theo quy định của pháp luật chứng khoán và làm trung gian hòa giải theo yêu cầu của thành viên khi phát sinh tranh chấp liên quan đến hoạt động giao dịch chứng khoán;

- Giám sát Sở giao dịch Chứng khoán Hà Nội, Sở giao dịch Chứng khoán thành phố Hồ Chí Minh thực hiện các quy chế hoạt động nghiệp vụ quy định tại điểm b khoản 2 Điều 2 Quyết định 37/2020/QĐ-TTg và thực hiện nhiệm vụ giám sát quy định tại điểm b khoản 3 và điểm b khoản 4 Điều 2 Quyết định 37/2020/QĐ-TTg; giám sát chung hoạt động giao dịch chứng khoán, hoạt động công bố thông tin của tổ chức niêm yết, tổ chức đăng ký giao dịch và nhà đầu tư thuộc đối tượng công bố thông tin; giám sát tổ chức niêm yết, tổ chức đăng ký giao dịch và nhà đầu tư hoạt động trên các thị trường giao dịch chứng khoán theo quy định của pháp luật;

- Xây dựng kế hoạch phát triển hệ thống công nghệ thông tin, công nghệ mới, sản phẩm mới; trực tiếp triển khai thực hiện hoặc giao Sở giao dịch Chứng khoán Hà Nội, Sở giao dịch Chứng khoán thành phố Hồ Chí Minh triển khai thực hiện;

- Hỗ trợ phát triển thị trường chứng khoán thông qua việc đào tạo, tuyên truyền, phổ biến kiến thức; cung cấp dịch vụ về thông tin thị trường và thông tin liên quan đến chứng khoán niêm yết, chứng khoán đăng ký giao dịch; cung cấp dịch vụ phát triển hạ tầng công nghệ cho thị trường chứng khoán và các dịch vụ liên quan khác theo quy định tại Điều lệ tổ chức và hoạt động;

- Hợp tác quốc tế về chứng khoán và thị trường chứng khoán với các Sở giao dịch Chứng khoán trên thế giới, các tổ chức quốc tế;

- Quản lý, giám sát Sở giao dịch Chứng khoán Hà Nội và Sở giao dịch Chứng khoán thành phố Hồ Chí Minh theo quy định của pháp luật chứng khoán, pháp luật doanh nghiệp, pháp luật quản lý, sử dụng vốn nhà nước đầu tư vào sản xuất, kinh doanh tại doanh nghiệp và Điều lệ tổ chức và hoạt động;

- Báo cáo, kiến nghị Ủy ban Chứng khoán Nhà nước các biện pháp ứng phó, khắc phục sự cố, sự kiện, biến động ảnh hưởng đến an toàn, ổn định và tính toàn vẹn của thị trường giao dịch chứng khoán; vi phạm của thành viên của Sở giao dịch Chứng khoán Việt Nam; vi phạm của nhà đầu tư, tổ chức niêm yết, tổ chức đăng ký giao dịch theo quy định của pháp luật;

- Các nhiệm vụ khác theo quy định của pháp luật và Điều lệ tổ chức và hoạt động của Sở giao dịch Chứng khoán Việt Nam.

Điều 3. Vốn điều lệ

1. Vốn điều lệ của Sở giao dịch Chứng khoán Việt Nam là 3.000 tỷ đồng, bao gồm:

a) Vốn điều lệ tại thời điểm bắt đầu hoạt động: được xác định bằng tổng vốn chủ sở hữu của Sở giao dịch Chứng khoán. Hà Nội và Sở giao dịch Chứng khoán thành phố Hồ Chí Minh theo báo cáo tài chính đã được kiểm toán tại thời điểm trước ngày Sở giao dịch Chứng khoán Việt Nam được cấp Giấy chứng nhận đăng ký doanh nghiệp.

b) Vốn bổ sung trong quá trình hoạt động theo quy định của pháp luật.

2. Thủ tướng Chính phủ quyết định điều chỉnh vốn điều lệ của Sở giao dịch Chứng khoán Việt Nam.

3. Sở giao dịch Chứng khoán Việt Nam quyết định mức vốn điều lệ của Sở giao dịch Chứng khoán Hà Nội và Sở giao dịch Chứng khoán thành phố Hồ Chí Minh sau khi có ý kiến chấp thuận của Bộ Tài chính.","chung-khoan","","","","2026-05-07T00:00:00","https://thuvienphapluat.vn/hoi-dap-phap-luat/toan-van-nghi-dinh-1452026ndcp-ve-co-che-quan-ly-tai-chinh-doi-voi-so-giao-dich-chung-khoan-viet-na-138089824.html","2026-05-21T19:18:44.172530+00:00"
"138088371","Lịch nghỉ Giỗ tổ Hùng Vương và 30/4 Sở Giao dịch Chứng khoán Hà Nội năm 2026 chính thức như thế nào?","Lịch nghỉ Giỗ tổ Hùng Vương và 30/4 Sở Giao dịch Chứng khoán Hà Nội năm 2026 chính thức như thế nào?

Chi tiết thông tin doanh nghiệp của Sở Giao dịch Chứng khoán Hà Nội như thế nào?

Mục tiêu và chức năng hoạt động của Sở Giao dịch Chứng khoán Hà Nội như thế nào?

Căn cứ tại Thông báo 5305/TB-SGDHN năm 2025 TẢI VỀ của Sở Giao dịch Chứng khoán việc công bố lịch nghỉ giao dịch trong năm 2026. Theo đó lịch nghỉ Giỗ tổ Hùng vương và 30/4 - 01/5 như sau:

- Giỗ Tổ Hùng Vương (Mùng 10/3 âm lịch): Nghỉ 01 ngày (Nghỉ thứ Hai ngày 27/04/2026)

- Giải phóng miền Nam 30/4 và Quốc tế Lao động 1/5: Nghỉ 02 ngày (Nghit từ thứ Năm ngày 30/04/2026 đến hết thứ Sáu ngày 01/05/2026)

Xem thêm:

>> Đã có Thông tư 34/2026/TT-BTC quy định đặc điểm kinh tế kỹ thuật của dịch vụ trong lĩnh vực chứng khoán ra sao?

>> Doanh thu tính thuế TNDN đối với chuyển nhượng chứng khoán, chứng chỉ tiền gửi của doanh nghiệp nước ngoài là khoản nào?

Lịch nghỉ Giỗ tổ Hùng Vương và 30/4 Sở Giao dịch Chứng khoán Hà Nội năm 2026 chính thức như thế nào? (Hình từ Internet)

Tại Điều 1 Điều lệ tổ chức và hoạt động của Sở Giao dịch Chứng khoán Hà Nội ban hành kèm theo Quyết định 2398/QĐ-BTC năm 2017 nêu về thông tin doanh nghiệp như sau:

(1) Sở Giao dịch Chứng khoán Hà Nội được thành lập theo Quyết định số 01/2009/QĐ-TTg ngày 02/01/2009 của Thủ tướng Chính phủ và được tổ chức theo mô hình công ty trách nhiệm hữu hạn một thành viên do Nhà nước nắm giữ 100% vốn điều lệ.

(2) Sở Giao dịch Chứng khoán Hà Nội hoạt động theo Luật Chứng khoán, Luật Doanh nghiệp, Luật Quản lý, sử dụng vốn nhà nước đầu tư vào sản xuất, kinh doanh tại doanh nghiệp; và quy định tại Điều lệ này.

(3) Tên doanh nghiệp:

- Tên tiếng Việt: Sở Giao dịch Chứng khoán Hà Nội.

- Tên giao dịch quốc tế: Hanoi Stock Exchange.

- Tên viết tắt: HNX.

- Địa chỉ trụ sở chính: Số 2, Đường Phan Chu Trinh, Phường Tràng Tiền, Quận Hoàn Kiếm, Thành phố Hà Nội, Việt Nam.

- Điện thoại: 024-39412626; Fax: 024-39347818.

- Địa chỉ trang thông tin điện tử: www.hnx.vn.

(4) Sở Giao dịch Chứng khoán Hà Nội có tư cách pháp nhân theo pháp luật Việt Nam, hạch toán kinh tế độc lập, có con dấu riêng, được mở tài khoản bằng đồng Việt Nam và ngoại tệ tại Kho bạc Nhà nước, các tổ chức tín dụng trong nước, nước ngoài theo quy định của pháp luật.

(5) Người đại diện theo pháp luật của Sở Giao dịch Chứng khoán Hà Nội là Tổng giám đốc hoặc người được cơ quan đại diện chủ sở hữu giao phụ trách bộ máy điều hành hoặc giao quyền Tổng giám đốc.

Mục tiêu và chức năng hoạt động của Sở Giao dịch Chứng khoán Hà Nội đuọc quy định tại Điều 2 Điều lệ tổ chức và hoạt động của Sở Giao dịch Chứng khoán Hà Nội ban hành kèm theo Quyết định 2398/QĐ-BTC năm 2017 như sau:

(1) Mục tiêu hoạt động của Sở Giao dịch Chứng khoán Hà Nội (sau đây gọi tắt là Sở Giao dịch Chứng khoán):

- Đảm bảo hoạt động giao dịch chứng khoán được thực hiện công khai, công bằng, minh bạch và hiệu quả.

- Bảo vệ quyền và lợi ích hợp pháp của nhà đầu tư.

(2) Chức năng của Sở Giao dịch Chứng khoán:

- Tổ chức hoạt động niêm yết, đăng ký giao dịch, giao dịch chứng khoán, đấu giá chứng khoán, đấu thầu trái phiếu theo quy định của pháp luật và phân công của cơ quan đại diện chủ sở hữu.

- Giám sát việc chấp hành quy định của pháp luật về chứng khoán và thị trường chứng khoán của thành viên giao dịch, thành viên giao dịch đặc biệt, thành viên giao dịch chứng khoán phái sinh, thành viên đấu thầu, tổ chức niêm yết, tổ chức đăng ký giao dịch và hoạt động giao dịch của nhà đầu tư tham gia giao dịch chứng khoán tại Sở Giao dịch Chứng khoán theo quy định của pháp luật và phân cấp của Ủy ban Chứng khoán Nhà nước.

- Giải quyết hoặc làm đầu mối giải quyết các tranh chấp liên quan đến hoạt động giao dịch chứng khoán của thành viên giao dịch thông qua thương lượng, hòa giải khi có yêu cầu của thành viên giao dịch.

- Hỗ trợ phát triển thị trường thông qua việc cung cấp các dịch vụ cơ sở hạ tầng, kỹ thuật, thông tin, đào tạo, tuyên truyền và phổ biến kiến thức.

* Trên đây là toàn bộ Lịch nghỉ Giỗ tổ Hùng Vương và 30/4 Sở Giao dịch Chứng khoán Hà Nội năm 2026 chính thức","chung-khoan","","","","2026-04-23T00:00:00","https://thuvienphapluat.vn/hoi-dap-phap-luat/lich-nghi-gio-to-hung-vuong-va-304-so-giao-dich-chung-khoan-ha-noi-nam-2026-chinh-thuc-nhu-the-nao-138088371.html","2026-05-21T19:18:49.374480+00:00"
"138088343","Lịch nghỉ giao dịch chứng khoán Giỗ tổ Hùng Vương 2026 và 30/4 chính xác vào các ngày nào?","Lịch nghỉ giao dịch chứng khoán Giỗ tổ Hùng Vương 2026 và 30/4 chính xác vào các ngày nào?

Cơ cấu tổ chức quản lý của Sở giao dịch chứng khoán Việt Nam như thế nào?

Sở giao dịch chứng khoán Việt Nam có quyền và nghĩa vụ gì?

(1) Lịch nghỉ giao dịch chứng khoán Giỗ tổ Hùng Vương 2026 và 30/4 TPHCM

Căn cứ vào Thông báo 2294/TB-SGDHCM năm 2025 TẢI VỀ của Sở Giao dịch Chứng khoán Thành phố Hồ Chí Minh công bố lịch nghỉ giao dịch trong năm 2026, theo đó lịch nghỉ như sau:

- Giỗ tổ Hùng Vương (Mùng 10/3 Âm lịch): Nghỉ 01 ngày

Nghỉ thứ Hai ngày 27/04/2026 (Nghỉ bù theo Luật Lao động). Tổng số ngày nghỉ là 03 ngày, trong đó có 02 ngày cuối tuần.

- Nghỉ lễ 30/4 Giải phóng miền Nam và Quốc tế Lao động 01/5: Nghỉ 02 ngày lễ và 2 ngày cuối tuần.

Tổng số ngày nghỉ là 04 ngày. Nghỉ từ thứ Năm ngày 30/04/2026 đến hết thứ Hai ngày 04/05/2026.

(2) Lịch nghỉ giao dịch chứng khoán Giỗ tổ Hùng Vương 2026 và 30/4 TP Hà Nội

Căn cứ tại Thông báo 5305/TB-SGDHN năm 2025 TẢI VỀ của Sở Giao dịch Chứng khoán việc công bố lịch nghỉ giao dịch trong năm 2026. Theo đó lịch nghỉ Giỗ tổ Hùng vương và 30/4/2026 như sau:

- Giỗ Tổ Hùng Vương (Mùng 10/3 âm lịch): Nghỉ 01 ngày

Nghỉ thứ Hai ngày 27/04/2026

- Giải phóng miền Nam 30/4 và Quốc tế Lao động 1/5: Nghỉ 02 ngày

Nghỉ từ thứ Năm ngày 30/04/2026 đến hết thứ Sáu ngày 01/05/2026

Lịch nghỉ giao dịch chứng khoán Giỗ tổ Hùng Vương 2026 và 30/4 chính xác vào các ngày nào? (Hình từ Internet)

Theo Điều 44 Luật Chứng khoán 2019 quy định cơ cấu tổ chức quản lý của Sở giao dịch chứng khoán Việt Nam như sau:

(1) Thủ tướng Chính phủ quyết định cơ cấu tổ chức quản lý của Sở giao dịch chứng khoán Việt Nam theo quy định của Luật này, Luật Doanh nghiệp và quy định khác của pháp luật có liên quan.

(2) Chủ tịch Hội đồng thành viên hoặc Chủ tịch Hội đồng quản trị, Tổng giám đốc (Giám đốc) Sở giao dịch chứng khoán Việt Nam do Bộ trưởng Bộ Tài chính phê chuẩn hoặc bổ nhiệm, miễn nhiệm theo đề nghị của Hội đồng thành viên hoặc Hội đồng quản trị Sở giao dịch chứng khoán Việt Nam và ý kiến của Chủ tịch Ủy ban Chứng khoán Nhà nước.

(3) Quyền và nhiệm vụ của Hội đồng thành viên hoặc Hội đồng quản trị, Tổng giám đốc (Giám đốc), Ban kiểm soát (Kiểm soát viên) thực hiện theo quy định của pháp luật và Điều lệ Sở giao dịch chứng khoán Việt Nam.

Tại Điều 46 Luật Chứng khoán 2019 quy định quyền và nghĩa vụ của Sở giao dịch chứng khoán Việt Nam như sau:

(1) Sở giao dịch chứng khoán Việt Nam có các quyền sau đây:

- Ban hành các quy chế về niêm yết chứng khoán, giao dịch chứng khoán, công bố thông tin, thành viên của Sở giao dịch chứng khoán Việt Nam và các quy chế nghiệp vụ khác liên quan đến tổ chức và hoạt động thị trường giao dịch chứng khoán sau khi được Ủy ban Chứng khoán Nhà nước chấp thuận;

- Tổ chức, vận hành thị trường giao dịch chứng khoán;

- Cảnh báo, kiểm soát, hạn chế giao dịch chứng khoán theo quy định của pháp luật và quy chế của Sở giao dịch chứng khoán Việt Nam;

- Tạm ngừng, đình chỉ giao dịch đối với một hoặc một số chứng khoán trong trường hợp giá, khối lượng giao dịch chứng khoán có biến động bất thường, tổ chức niêm yết, tổ chức đăng ký giao dịch không có biện pháp khắc phục nguyên nhân dẫn đến việc chứng khoán bị đưa vào diện cảnh báo, kiểm soát, hạn chế giao dịch hoặc trong trường hợp cần thiết để bảo vệ quyền, lợi ích hợp pháp của nhà đầu tư và bảo đảm ổn định, an toàn của thị trường chứng khoán;

- Chấp thuận, thay đổi, hủy bỏ niêm yết, đăng ký giao dịch chứng khoán và giám sát việc duy trì điều kiện niêm yết chứng khoán của các tổ chức niêm yết;

- Chấp thuận, hủy bỏ tư cách thành viên của Sở giao dịch chứng khoán Việt Nam;

- Cung cấp dịch vụ đấu giá, đấu thầu; dịch vụ về thông tin thị trường và thông tin liên quan đến chứng khoán niêm yết, đăng ký giao dịch; dịch vụ phát triển hạ tầng công nghệ cho thị trường chứng khoán và các dịch vụ liên quan khác theo quy định tại Điều lệ Sở giao dịch chứng khoán Việt Nam;

- Làm trung gian hòa giải theo yêu cầu của thành viên của Sở giao dịch chứng khoán Việt Nam khi phát sinh tranh chấp liên quan đến hoạt động giao dịch chứng khoán;

- Kiểm tra, xử lý vi phạm đối với thành viên của Sở giao dịch chứng khoán Việt Nam, tổ chức niêm yết, tổ chức đăng ký giao dịch theo quy chế của Sở giao dịch chứng khoán Việt Nam;

- Đề nghị cơ quan quản lý nhà nước cung cấp thông tin liên quan đến thành viên của Sở giao dịch chứng khoán Việt Nam, tổ chức niêm yết, tổ chức đăng ký giao dịch để phục vụ công bố thông tin theo quy định của pháp luật;

- Quyền khác theo quy định của pháp luật và Điều lệ Sở giao dịch chứng khoán Việt Nam.

(2) Sở giao dịch chứng khoán Việt Nam có các nghĩa vụ sau đây:

- Bảo đảm hoạt động giao dịch chứng khoán trên thị trường chứng khoán được tiến hành công khai, công bằng, trật tự, an toàn và hiệu quả;

- Thực hiện chế độ kế toán, kiểm toán, thống kê, nghĩa vụ tài chính, báo cáo, công bố thông tin theo quy định của pháp luật;

- Giám sát hoạt động giao dịch chứng khoán, việc tuân thủ nghĩa vụ của thành viên của Sở giao dịch chứng khoán Việt Nam, hoạt động công bố thông tin của tổ chức niêm yết, tổ chức đăng ký giao dịch và nhà đầu tư thuộc đối tượng công bố thông tin quy định tại Điều 118 của Luật này;

- Ban hành tiêu chí giám sát giao dịch, chỉ tiêu báo cáo giám sát giao dịch áp dụng cho thành viên của Sở giao dịch chứng khoán Việt Nam sau khi được Ủy ban Chứng khoán Nhà nước chấp thuận;

- Báo cáo, kiến nghị Ủy ban Chứng khoán Nhà nước các biện pháp ứng phó, khắc phục sự cố, sự kiện, biến động ảnh hưởng đến an toàn, ổn định và tính toàn vẹn của thị trường giao dịch chứng khoán; vi phạm của nhà đầu tư, thành viên của Sở giao dịch chứng khoán Việt Nam, tổ chức niêm yết, tổ chức đăng ký giao dịch;

- Phối hợp thực hiện công tác tuyên truyền, phổ biến kiến thức về chứng khoán và thị trường chứng khoán cho nhà đầu tư;

- Cung cấp thông tin và phối hợp với Tổng công ty lưu ký và bù trừ chứng khoán Việt Nam trong hoạt động nghiệp vụ chứng khoán và cơ quan có thẩm quyền trong công tác điều tra, phòng, chống vi phạm pháp luật về chứng khoán và thị trường chứng khoán;

- Nghĩa vụ khác theo quy định của pháp luật và Điều lệ Sở giao dịch chứng khoán Việt Nam.","chung-khoan","","","","2026-04-23T00:00:00","https://thuvienphapluat.vn/hoi-dap-phap-luat/lich-nghi-giao-dich-chung-khoan-gio-to-hung-vuong-2026-va-304-chinh-xac-vao-cac-ngay-nao-138088343.html","2026-05-21T19:18:55.265994+00:00"
"138088366","Lịch nghỉ Giỗ tổ Hùng Vương và 30/4, 1/5 Sở Giao dịch Chứng khoán TPHCM năm 2026 như thế nào?","Lịch nghỉ Giỗ tổ Hùng Vương và 30/4, 1/5 Sở Giao dịch Chứng khoán TPHCM năm 2026 như thế nào?

Thông tin thành lập Sở Giao dịch Chứng khoán thành phố Hồ Chí Minh như thế nào?

Nghĩa vụ của Sở Giao dịch Chứng khoán TPHCM là gì?

Sở Giao dịch Chứng khoán TPHCM đã ra Thông báo 2294/TB-SGDHCM năm 2025 TẢI VỀ về việc công bố lịch nghỉ giao dịch trong năm 2026.

Theo đó lịch nghỉ Giỗ tổ Hùng Vương và 30/4, 1/5 Sở Giao dịch Chứng khoán TPHCM năm 2026 như sau:

(1) Lịch nghỉ Giỗ Tổ Hùng Vương (Mùng 10/3 Âm lịch)

- Nghỉ 01 ngày

- Nghỉ thứ Hai ngày 27/04/2026 (Nghỉ bù theo Luật Lao động). Tổng số ngày nghỉ là 03 ngày, trong đó có 02 ngày cuối tuần.

(2) Lịch nghỉ Giải phóng miền Nam 30/4 và Quốc tế lao động 01/5

- Nghỉ 02 ngày

- Nghỉ từ thứ Năm ngày 30/04/2026 đến hết thứ Sáu ngày 01/05/2026 . Tổng số ngày nghỉ là 04 ngày, trong đó có 02 ngày cuối tuần.

Xem thêm:

>> Đã có Thông tư 34/2026/TT-BTC quy định đặc điểm kinh tế kỹ thuật của dịch vụ trong lĩnh vực chứng khoán ra sao?

>> Doanh thu tính thuế TNDN đối với chuyển nhượng chứng khoán, chứng chỉ tiền gửi của doanh nghiệp nước ngoài là khoản nào?

Lịch nghỉ Giỗ tổ Hùng Vương và 30/4, 1/5 Sở Giao dịch Chứng khoán TPHCM năm 2026 như thế nào? (Hình từ Internet)

Theo Điều 1 Điều lệ tổ chức và hoạt động của Sở Giao dịch Chứng khoán thành phố Hồ Chí Minh ban hành kèm theo Quyết định 2399/QĐ-BTC năm 2017 có nội dung về thông tin thành lập như sau:

(1) Sở Giao dịch Chứng khoán thành phố Hồ Chí Minh được thành lập theo Quyết định số 599/2007/QĐ-TTg ngày 11/05/2007, Quyết định số 21/2015/QĐ-TTg ngày 18/6/2015 của Thủ tướng Chính phủ và được tổ chức theo mô hình công ty trách nhiệm hữu hạn một thành viên do Nhà nước nắm giữ 100% vốn điều lệ.

(2) Sở Giao dịch Chứng khoán thành phố Hồ Chí Minh hoạt động theo Luật Chứng khoán, Luật Doanh nghiệp, Luật Quản lý, sử dụng vốn nhà nước đầu tư vào sản xuất, kinh doanh tại doanh nghiệp; và quy định tại Điều lệ này.

(3) Tên doanh nghiệp:

- Tên tiếng Việt: Sở Giao dịch Chứng khoán thành phố Hồ Chí Minh.

- Tên giao dịch quốc tế : Hochiminh Stock Exchange.

- Tên viết tắt: HOSE.

(i) Địa chỉ trụ sở chính: số 16, Đường Võ Văn Kiệt, Phường Nguyễn Thái Bình, Quận 1, Thành phố Hồ Chí Minh, Việt Nam.

(ii) Điện thoại: (84-28) 38217713; Fax: (84-28) 38217452.

(iii) Địa chỉ trang thông tin điện tử: www.hsx.vn.

(4) Sở Giao dịch Chứng khoán thành phố Hồ Chí Minh có tư cách pháp nhân theo pháp luật Việt Nam, hạch toán kinh tế độc lập, có con dấu riêng, được mở tài khoản bằng đồng Việt Nam và ngoại tệ tại Kho bạc Nhà nước, các tổ chức tín dụng trong nước, nước ngoài theo quy định của pháp luật.

(5) Người đại diện theo pháp luật của Sở Giao dịch Chứng khoán thành phố Hồ Chí Minh là Tổng giám đốc hoặc người được cơ quan đại diện chủ sở hữu giao phụ trách bộ máy điều hành hoặc giao quyền Tổng giám đốc.

Theo Điều 9 Điều lệ tổ chức và hoạt động của Sở Giao dịch Chứng khoán thành phố Hồ Chí Minh ban hành kèm theo Quyết định 2399/QĐ-BTC năm 2017 quy định về nghĩa vụ của Sở Giao dịch Chứng khoán TPHCM gồm:

(1) Nghĩa vụ đối với vốn, tài sản và quản lý tài chính:

- Tiếp nhận, quản lý và sử dụng vốn, tài sản và các nguồn lực khác được cơ quan đại diện chủ sở hữu giao để thực hiện nhiệm vụ theo nguyên tắc có hiệu quả, bảo toàn, phát triển vốn nhà nước; chịu trách nhiệm trước pháp luật về việc làm tổn thất các nguồn vốn và tài sản của Sở Giao dịch Chứng khoán.

- Thực hiện chế độ tài chính, chế độ báo cáo, chế độ kế toán và kiểm toán theo quy định của pháp luật.

- Nộp các khoản thuế, phí, lệ phí theo quy định của pháp luật.

- Chịu sự giám sát, kiểm tra của chủ sở hữu, cơ quan đại diện chủ sở hữu, các cơ quan quản lý Nhà nước có liên quan; tuân thủ các quy định về thanh tra, kiểm tra của cơ quan tài chính và các cơ quan nhà nước có thẩm quyền theo quy định của pháp luật.

- Chịu trách nhiệm về các khoản nợ và nghĩa vụ tài sản khác của Sở Giao dịch Chứng khoán trong phạm vi vốn được giao theo quy định của pháp luật.

- Thực hiện các nghĩa vụ khác quy định tại chế độ tài chính của Sở Giao dịch Chứng khoán và quy định khác của pháp luật.

(2) Nghĩa vụ trong hoạt động nghiệp vụ:

- Bảo đảm hoạt động giao dịch chứng khoán trên thị trường được tiến hành công khai, công bằng, minh bạch và hiệu quả.

- Thực hiện công bố thông tin theo quy định tại Luật Chứng khoán và các văn bản quy định pháp luật có liên quan.

- Chịu sự giám sát của Ủy ban Chứng khoán Nhà nước đối với hoạt động nghiệp vụ theo quy định của pháp luật chứng khoán.

- Cung cấp thông tin cho Ủy ban Chứng khoán Nhà nước, Bộ Tài chính phục vụ công tác điều hành thị trường, phối hợp với các cơ quan chức năng trong công tác thanh tra, kiểm tra, và phòng, chống các hành vi vi phạm pháp luật về chứng khoán.

- Phối hợp tổ chức thực hiện công tác tuyên truyền, phổ biến kiến thức về chứng khoán và thị trường chứng khoán cho nhà đầu tư.

- Bồi thường thiệt hại cho thành viên giao dịch trong trường hợp Sở Giao dịch Chứng khoán gây thiệt hại cho thành viên giao dịch theo quy định của pháp luật chứng khoán và thị trường chứng khoán, trừ trường hợp bất khả kháng.

- Xử lý và trả lời những thắc mắc, tranh chấp của các nhà đầu tư, tổ chức niêm yết và thành viên giao dịch.","chung-khoan","","","","2026-04-22T00:00:00","https://thuvienphapluat.vn/hoi-dap-phap-luat/lich-nghi-gio-to-hung-vuong-va-304-15-so-giao-dich-chung-khoan-tphcm-nam-2026-nhu-the-nao-138088366.html","2026-05-21T19:19:00.380157+00:00"
"138085436","Thời điểm xác định thu nhập đối với chuyển nhượng tài sản mã hóa 2026 là khi nào?","Thời điểm xác định thu nhập đối với chuyển nhượng tài sản mã hóa 2026 là khi nào?

Thu nhập từ lãi trái phiếu chính phủ được miễn thuế TNCN đúng không?

Thuế suất thuế TNCN đối với thu nhập từ phân phối, cung cấp hàng hoá của cá nhân không cư trú là bao nhiêu?

Căn cứ theo Điều 6 Thông tư 32/2026/TT-BTC quy định về thời điểm xác định doanh thu, thu nhập như sau:

Như vậy, thời điểm xác định thu nhập đối với chuyển nhượng tài sản mã hóa 2026 thực hiện như quy định của pháp luật thuế thu nhập doanh nghiệp, thuế thu nhập cá nhân về thời điểm xác định thu nhập chuyển nhượng chứng khoán.

[1] Thời điểm xác định thu nhập tính thuế TNDN đối với chuyển nhượng chứng khoán:

Thời điểm xác định doanh thu tính thuế thu nhập doanh nghiệp trong một số trường hợp đối với doanh nghiệp nước ngoài như sau:

- Đối với chuyển nhượng chứng khoán, chứng chỉ tiền gửi, thời điểm xác định doanh thu tính thuế thu nhập doanh nghiệp là thời điểm chuyển nhượng;

- Đối với chuyển nhượng chứng khoán phái sinh là hợp đồng tương lai, thời điểm xác định doanh thu tính thuế thu nhập doanh nghiệp là thời điểm khớp lệnh mua, bán hợp đồng tương lai của nhà đầu tư trên hệ thống giao dịch của Sở Giao dịch chứng khoán hoặc thời điểm hợp đồng tương lai đáo hạn.

(Theo khoản 2 Điều 5 Thông tư 20/2026/TT-BTC)

[2] Thời điểm xác định thu nhập tính thuế TNCN đối với chuyển nhượng chứng khoán:

- Đối với cá nhân cư trú: Thời điểm xác định thu nhập tính thuế là thời điểm giao dịch hoàn thành theo quy định của pháp luật. (Theo Điều 13 Luật Thuế thu nhập cá nhân 2025)

Thời điểm xác định thu nhập đối với chuyển nhượng tài sản mã hóa 2026 là khi nào? (Hình từ Internet)

Theo Điều 4 Luật Thuế thu nhập cá nhân 2025 quy định về thu nhập được miễn thuế như sau:

Thông qua quy định trên, thu nhập từ lãi trái phiếu chính phủ được miễn thuế TNCN.

Theo Điều 20 Luật Thuế thu nhập cá nhân 2025 quy định về thuế thu nhập cá nhân đối với thu nhập từ kinh doanh như sau:

Theo đó, thuế suất thuế TNCN đối với thu nhập từ phân phối, cung cấp hàng hoá của cá nhân không cư trú là 1%.

Điều 6. Thời điểm xác định doanh thu, thu nhập

Thời điểm xác định doanh thu, thu nhập đối với chuyển nhượng tài sản mã hóa thực hiện như quy định của pháp luật thuế thu nhập doanh nghiệp, thuế thu nhập cá nhân về thời điểm xác định doanh thu, thu nhập đối với chuyển nhượng chứng khoán và pháp luật về tài sản mã hóa.

Điều 4. Thu nhập được miễn thuế

1. Thu nhập từ chuyển nhượng, nhận thừa kế, quà tặng là bất động sản giữa vợ với chồng; cha đẻ, mẹ đẻ với con đẻ; cha nuôi, mẹ nuôi với con nuôi; cha chồng, mẹ chồng với con dâu; cha vợ, mẹ vợ với con rể; ông nội, bà nội với cháu nội; ông ngoại, bà ngoại với cháu ngoại; anh, chị, em ruột với nhau.

2. Thu nhập từ chuyển nhượng nhà ở, quyền sử dụng đất ở và tài sản gắn liền với đất ở của cá nhân trong trường hợp cá nhân chỉ có một nhà ở, đất ở duy nhất tại Việt Nam.

3. Thu nhập từ giá trị quyền sử dụng đất của cá nhân được Nhà nước giao đất.

4. Thu nhập của hộ gia đình, cá nhân trực tiếp sản xuất sản phẩm cây trồng, rừng trồng, chăn nuôi, thủy sản nuôi trồng, đánh bắt chưa qua chế biến thành các sản phẩm khác hoặc chỉ qua sơ chế thông thường; sản xuất muối; thu nhập từ lợi tức cổ phần của thành viên hợp tác xã, liên hiệp hợp tác xã nông nghiệp, cá nhân là nông dân ký kết hợp đồng với doanh nghiệp tham gia “Cánh đồng lớn”, trồng rừng sản xuất, nuôi trồng thủy sản.

5. Thu nhập từ chuyển đổi đất nông nghiệp của hộ gia đình, cá nhân được Nhà nước giao để sản xuất.

6. Thu nhập từ lãi trái phiếu chính phủ, lãi trái phiếu chính quyền địa phương, lãi tiền gửi tại tổ chức tín dụng, lãi từ hợp đồng bảo hiểm nhân thọ.

7. Thu nhập từ kiều hối.

[...]

Điều 20. Thuế thu nhập cá nhân đối với thu nhập từ kinh doanh

1. Thuế thu nhập cá nhân đối với thu nhập từ kinh doanh của cá nhân không cư trú được xác định bằng doanh thu từ hoạt động kinh doanh quy định tại khoản 2 Điều này nhân (x) với thuế suất quy định tại khoản 3 Điều này.

2. Doanh thu là toàn bộ tiền bán hàng, tiền gia công, tiền cung ứng dịch vụ kể cả trợ giá, phụ thu, phụ trội mà cá nhân được hưởng, không phân biệt đã thu được tiền hay chưa thu được tiền, bao gồm cả chi phí do bên mua hàng hoá, dịch vụ trả thay cho cá nhân không cư trú mà không được hoàn trả.

Trường hợp thoả thuận hợp đồng không bao gồm thuế thu nhập cá nhân thì doanh thu tính thuế phải quy đổi là toàn bộ số tiền mà cá nhân không cư trú nhận được dưới bất kỳ hình thức nào từ việc cung cấp hàng hoá, dịch vụ tại Việt Nam không phụ thuộc vào địa điểm tiến hành các hoạt động kinh doanh.

3. Thuế suất:

a) Phân phối, cung cấp hàng hoá: 1%;

b) Dịch vụ, xây dựng không bao thầu nguyên vật liệu: 5%;

c) Sản xuất, vận tải, dịch vụ có gắn với hàng hoá, xây dựng có bao thầu nguyên vật liệu: 2%;

d) Hoạt động cung cấp sản phẩm và dịch vụ nội dung thông tin số về giải trí, trò chơi điện tử, phim số, ảnh số, nhạc số, quảng cáo: 5%;

đ) Hoạt động kinh doanh khác: 2%.","chung-khoan","","","","2026-04-02T00:00:00","https://thuvienphapluat.vn/hoi-dap-phap-luat/thoi-diem-xac-dinh-thu-nhap-doi-voi-chuyen-nhuong-tai-san-ma-hoa-2026-la-khi-nao-138085436.html","2026-05-21T19:19:10.794442+00:00"
"138085752","Đã có Thông tư 34/2026/TT-BTC quy định đặc điểm kinh tế kỹ thuật của dịch vụ trong lĩnh vực chứng khoán ra sao?","Đã có Thông tư 34/2026/TT-BTC quy định đặc điểm kinh tế kỹ thuật của dịch vụ trong lĩnh vực chứng khoán ra sao?

Những hành vi nào bị nghiêm cấm trong hoạt động về chứng khoán và thị trường chứng khoán?

Nguyên tắc hoạt động về chứng khoán và thị trường chứng khoán là gì?

Ngày 30/03/2026, Bộ trưởng Bộ Tài chính ban hành Thông tư 34/2026/TT-BTC quy định đặc điểm kinh tế kỹ thuật của dịch vụ trong lĩnh vực chứng khoán của Sở Giao dịch Chứng khoán Việt Nam và công ty con, Tổng công ty Lưu ký và Bù trừ chứng khoán Việt Nam và công ty con do Nhà nước định giá.

Xem toàn bộ Thông tư 34 2026 TT BTC quy định đặc điểm kinh tế kỹ thuật của dịch vụ trong lĩnh vực chứng khoán do Nhà nước định giá dưới đây:

Tại đây

Trên đây là thông tin: Đã có Thông tư 34 2026 TT BTC quy định đặc điểm kinh tế kỹ thuật của dịch vụ trong lĩnh vực chứng khoán ra sao?

Đã có Thông tư 34/2026/TT-BTC quy định đặc điểm kinh tế kỹ thuật của dịch vụ trong lĩnh vực chứng khoán ra sao? (Hình từ Internet)

Căn cứ theo Điều 12 Luật Chứng khoán 2019 được sửa đổi bởi khoản 5 Điều 1 Luật Sửa đổi Luật Chứng khoán, Luật Kế toán, Luật Kiểm toán độc lập, Luật Ngân sách Nhà nước, Luật Quản lý, sử dụng tài sản công, Luật Quản lý thuế, Luật Thuế thu nhập cá nhân, Luật Dự trữ quốc gia, Luật Xử lý vi phạm hành chính 2024 quy định các hành vi bị nghiêm cấm trong hoạt động về chứng khoán và thị trường chứng khoán gồm:

[1] Trực tiếp hoặc gián tiếp thực hiện hành vi gian lận, lừa đảo, làm giả tài liệu, tạo dựng thông tin sai sự thật hoặc công bố thông tin sai lệch hoặc che giấu thông tin hoặc bỏ sót thông tin cần thiết gây hiểu nhầm nghiêm trọng làm ảnh hưởng đến hoạt động chào bán, niêm yết, giao dịch, kinh doanh, đầu tư chứng khoán, cung cấp dịch vụ về chứng khoán.

[2] Sử dụng thông tin nội bộ để mua, bán chứng khoán cho chính mình hoặc cho người khác; tiết lộ, cung cấp thông tin nội bộ hoặc tư vấn cho người khác mua, bán chứng khoán trên cơ sở thông tin nội bộ.

[3] Thực hiện hành vi thao túng thị trường chứng khoán.

[4] Thực hiện hoạt động kinh doanh chứng khoán, cung cấp dịch vụ về chứng khoán khi chưa được Ủy ban Chứng khoán Nhà nước cấp giấy phép, cấp giấy chứng nhận hoặc chấp thuận.

[5] Sử dụng tài khoản, tài sản của khách hàng khi không được khách hàng ủy thác hoặc trái quy định của pháp luật hoặc lạm dụng tín nhiệm để chiếm đoạt tài sản của khách hàng.

[6] Cho người khác mượn tài khoản để giao dịch chứng khoán, đứng tên sở hữu chứng khoán hộ người khác dẫn đến hành vi thao túng giá chứng khoán.

[7] Tổ chức thị trường giao dịch chứng khoán trái quy định của Luật Chứng khoán 2019.

Căn cứ theo Điều 5 Luật Chứng khoán 2019 quy định nguyên tắc hoạt động về chứng khoán và thị trường chứng khoán như sau:

Như vậy, nguyên tắc hoạt động về chứng khoán và thị trường chứng khoán như sau:

- Tôn trọng quyền sở hữu, quyền khác đối với tài sản trong hoạt động về chứng khoán và thị trường chứng khoán; quyền tự do giao dịch, đầu tư, kinh doanh và cung cấp dịch vụ về chứng khoán của tổ chức, cá nhân.

- Công bằng, công khai, minh bạch.

- Bảo vệ quyền và lợi ích hợp pháp của nhà đầu tư.

- Tự chịu trách nhiệm về rủi ro.

Điều 5. Nguyên tắc hoạt động về chứng khoán và thị trường chứng khoán

1. Tôn trọng quyền sở hữu, quyền khác đối với tài sản trong hoạt động về chứng khoán và thị trường chứng khoán; quyền tự do giao dịch, đầu tư, kinh doanh và cung cấp dịch vụ về chứng khoán của tổ chức, cá nhân.

2. Công bằng, công khai, minh bạch.

3. Bảo vệ quyền và lợi ích hợp pháp của nhà đầu tư.

4. Tự chịu trách nhiệm về rủi ro.","chung-khoan","","","","2026-04-02T00:00:00","https://thuvienphapluat.vn/hoi-dap-phap-luat/da-co-thong-tu-342026ttbtc-quy-dinh-dac-diem-kinh-te-ky-thuat-cua-dich-vu-trong-linh-vuc-chung-khoa-138085752.html","2026-05-21T19:19:04.937377+00:00"
"138085279","Sàn HOSE nghỉ lễ 30 4 1 5 năm 2026 từ ngày nào?","Sàn HOSE nghỉ lễ 30 4 1 5 năm 2026 mấy ngày?

Mệnh giá cổ phiếu chào bán ra công chúng là bao nhiêu?

Cổ đông sở hữu bao nhiêu % số cổ phiếu có quyền biểu quyết thì được xem là cổ đông lớn?

Căn cứ theo Điều 2 Quyết định 599/2007/QĐ-TTg, HOSE là tên viết tắt của Sở Giao dịch chứng khoán thành phố Hồ Chí Minh.

Căn cứ theo Thông báo 2294/TB-SGDHCM năm 2025 của Sở Giao dịch Chứng khoán Thành phố Hồ Chí Minh TẢI VỀ có hướng dẫn lịch nghỉ lễ 30 4 1 5 năm 2026 sàn HOSE như sau:

STT

Sự kiện

Ngày nghỉ giao dịch

1

Tết Dương lịch

Nghỉ 01 ngày

Thứ Năm ngày 01/01/2026

2

Tết Nguyên Đán

Nghỉ 05 ngày

Nghỉ từ thứ Hai ngày 16/02/2026 (ngày 29/12/2025 Âm lịch) đến hết thứ Sáu ngày 20/02/2026 (Mùng 4 Tết Âm lịch).

Tổng số ngày nghỉ 09 ngày, trong đó có 04 ngày cuối tuần.

3

Giỗ Tổ Hùng Vương (Mùng 10/3 Âm lịch)

Nghỉ 01 ngày

Nghỉ thứ Hai ngày 27/04/2026 (Nghỉ bù theo Luật Lao động).

Tổng số ngày nghỉ là 03 ngày, trong đó có 02 ngày cuối tuần.

4

Giải phóng miền Nam 30/4 và Quốc tế Lao động 01/5

Nghỉ 02 ngày

Nghỉ từ thứ Năm ngày 30/04/2026 đến hết thứ Sáu ngày 01/05/2026.

Tổng số ngày nghỉ là 04 ngày, trong đó có 02 ngày cuối tuần.

5

Lễ Quốc khánh 2/9

Nghỉ 03 ngày

Nghỉ từ thứ Hai ngày 31/08/2026 đến hết thứ Tư ngày 02/09/2026.

(Hoán đổi ngày làm việc từ thứ Hai ngày 31/08/2026 sang thứ Bảy ngày 22/08/2026).

Tổng số ngày nghỉ là 05 ngày, trong đó có 02 ngày cuối tuần.

Như vậy, sàn HOSE thông báo nghỉ lễ 30/4 và 1/5 năm 2026 02 ngày, bắt đầu nghỉ từ thứ 5 ngày 30/04/2026 dương lịch đến hết thứ 6 ngày 01/5/2026.

Tổng số ngày nghỉ là 04 ngày, trong đó có 02 ngày cuối tuần.

Sàn HOSE nghỉ lễ 30 4 1 5 năm 2026 từ ngày nào? (Hình từ Internet)

Căn cứ theo khoản 2 Điều 13 Luật Chứng khoán 2019 quy định mệnh giá chứng khoán như sau:

Như vậy, mệnh giá cổ phiếu chào bán ra công chúng là 10 nghìn đồng.

Căn cứ theo khoản 18 Điều 4 Luật Chứng khoán 2019 được bổ sung bởi khoản 1 Điều 1 Luật sửa đổi Luật Chứng khoán, Luật Kế toán, Luật Kiểm toán độc lập, Luật Ngân sách Nhà nước, Luật Quản lý, sử dụng tài sản công, Luật Quản lý thuế, Luật Thuế thu nhập cá nhân, Luật Dự trữ quốc gia, Luật Xử lý vi phạm hành chính 2024 quy định như sau:

Như vậy, cổ đông sở hữu từ 5% trở lên số cổ phiếu có quyền biểu quyết của một tổ chức phát hành thì được xem là cổ đông lớn.

* Trên đây là nội dung Sàn HOSE nghỉ lễ 30 4 1 5 năm 2026 mấy ngày?

Điều 13. Mệnh giá chứng khoán

1. Mệnh giá chứng khoán chào bán trên lãnh thổ nước Cộng hòa xã hội chủ nghĩa Việt Nam được ghi bằng Đồng Việt Nam.

2. Mệnh giá cổ phiếu, chứng chỉ quỹ chào bán ra công chúng là 10 nghìn đồng. Mệnh giá của trái phiếu chào bán ra công chúng là 100 nghìn đồng và bội số của 100 nghìn đồng.

3. Trường hợp giá chứng khoán của tổ chức phát hành trên hệ thống giao dịch chứng khoán thấp hơn mệnh giá, tổ chức phát hành được chào bán chứng khoán với giá thấp hơn mệnh giá.

Điều 4. Giải thích từ ngữ

Trong Luật này, các từ ngữ dưới đây được hiểu như sau:

[...]

18. Cổ đông lớn là cổ đông sở hữu từ 5% trở lên số cổ phiếu có quyền biểu quyết của một tổ chức phát hành.

19. Chào bán chứng khoán ra công chúng là việc chào bán chứng khoán theo một trong các phương thức sau đây:

a) Chào bán thông qua phương tiện thông tin đại chúng;

b) Chào bán cho từ 100 nhà đầu tư trở lên, không kể nhà đầu tư chứng khoán chuyên nghiệp;

c) Chào bán cho các nhà đầu tư không xác định.

20. Chào bán chứng khoán riêng lẻ là việc chào bán chứng khoán không thuộc trường hợp quy định tại điểm a khoản 19 Điều này và theo một trong các phương thức sau đây:

a) Chào bán cho dưới 100 nhà đầu tư, không kể nhà đầu tư chứng khoán chuyên nghiệp;

b) Chỉ chào bán cho nhà đầu tư chứng khoán chuyên nghiệp.

21. Tổ chức phát hành là tổ chức thực hiện chào bán, phát hành chứng khoán.

22. Tổ chức kiểm toán được chấp thuận là tổ chức kiểm toán độc lập thuộc danh sách các tổ chức kiểm toán được Ủy ban Chứng khoán Nhà nước chấp thuận kiểm toán theo quy định của Luật này và pháp luật về kiểm toán độc lập.

23. Bản cáo bạch là tài liệu hoặc dữ liệu điện tử công khai những thông tin chính xác, trung thực, khách quan liên quan đến việc chào bán hoặc niêm yết chứng khoán của tổ chức phát hành.

24. Niêm yết chứng khoán là việc đưa chứng khoán có đủ điều kiện niêm yết vào giao dịch trên hệ thống giao dịch cho chứng khoán niêm yết.

25. Đăng ký giao dịch là việc đưa chứng khoán vào giao dịch trên hệ thống giao dịch cho chứng khoán chưa niêm yết.

26. Hệ thống giao dịch chứng khoán bao gồm hệ thống giao dịch cho chứng khoán niêm yết và hệ thống giao dịch cho chứng khoán chưa niêm yết, do Sở giao dịch chứng khoán Việt Nam và công ty con của Sở giao dịch chứng khoán Việt Nam (sau đây gọi là Sở giao dịch chứng khoán Việt Nam và công ty con) tổ chức, vận hành.

[...]","chung-khoan","","","","2026-04-01T00:00:00","https://thuvienphapluat.vn/hoi-dap-phap-luat/san-hose-nghi-le-30-4-1-5-nam-2026-tu-ngay-nao-138085279.html","2026-05-21T19:19:17.141245+00:00"
"138085280","Sàn HNX nghỉ lễ 30 4 1 5 năm 2026 mấy ngày?","Sàn HNX nghỉ lễ 30 4 1 5 năm 2026 mấy ngày?

Mệnh giá chứng khoán chào bán trên lãnh thổ nước Cộng hòa xã hội chủ nghĩa Việt Nam được ghi bằng đồng tiền nào?

Việc phân phối chứng khoán được thực hiện khi nào?

Sàn HNX là tên viết tắt của Sở Giao dịch chứng khoán Hà Nội.

Căn cứ theo Thông báo 5305/TB-SGDHN năm 2025 TẢI VỀ của Sở Giao dịch Chứng khoán Hà Nội có hướng dẫn lịch nghỉ lễ 30 4 1 5 năm 2026 sàn HNX như sau:

Như vậy, sàn HNX thông báo nghỉ lễ 30/4 và 1/5 năm 2026 02 ngày, nghỉ từ thứ 5 ngày 30/04/2026 dương lịch đến hết thứ 6 ngày 01/5/2026.

Sàn HNX nghỉ lễ 30 4 1 5 năm 2026 mấy ngày? (Hình từ Internet)

Căn cứ theo khoản 1 Điều 13 Luật Chứng khoán 2019 quy định mệnh giá chứng khoán như sau:

Như vậy, mệnh giá chứng khoán chào bán trên lãnh thổ nước Cộng hòa xã hội chủ nghĩa Việt Nam được ghi bằng Đồng Việt Nam.

Căn cứ theo khoản 1 Điều 26 Luật Chứng khoán 2019 quy định phân phối chứng khoán như sau:

Như vậy, việc phân phối chứng khoán chỉ được thực hiện sau khi tổ chức phát hành bảo đảm người mua chứng khoán tiếp cận Bản cáo bạch trong hồ sơ đăng ký chào bán chứng khoán ra công chúng được công bố tại các địa điểm ghi trong Bản thông báo phát hành.

* Trên đây là nội dung Sàn HNX nghỉ lễ 30 4 1 5 năm 2026 mấy ngày?

Điều 13. Mệnh giá chứng khoán

1. Mệnh giá chứng khoán chào bán trên lãnh thổ nước Cộng hòa xã hội chủ nghĩa Việt Nam được ghi bằng Đồng Việt Nam.

2. Mệnh giá cổ phiếu, chứng chỉ quỹ chào bán ra công chúng là 10 nghìn đồng. Mệnh giá của trái phiếu chào bán ra công chúng là 100 nghìn đồng và bội số của 100 nghìn đồng.

3. Trường hợp giá chứng khoán của tổ chức phát hành trên hệ thống giao dịch chứng khoán thấp hơn mệnh giá, tổ chức phát hành được chào bán chứng khoán với giá thấp hơn mệnh giá.

Điều 26. Phân phối chứng khoán

1. Việc phân phối chứng khoán chỉ được thực hiện sau khi tổ chức phát hành bảo đảm người mua chứng khoán tiếp cận Bản cáo bạch trong hồ sơ đăng ký chào bán chứng khoán ra công chúng được công bố tại các địa điểm ghi trong Bản thông báo phát hành.

2. Tổ chức phát hành, tổ chức bảo lãnh phát hành hoặc tổ chức đại lý phải phân phối chứng khoán công bằng, công khai và bảo đảm thời hạn đăng ký mua chứng khoán cho nhà đầu tư tối thiểu là 20 ngày; trừ trường hợp chứng khoán chào bán là chứng quyền có bảo đảm, thời hạn này phải được ghi trong Bản thông báo phát hành.

Trường hợp số lượng chứng khoán đăng ký mua vượt quá số lượng chứng khoán được phép phát hành thì tổ chức phát hành hoặc tổ chức bảo lãnh phát hành phải phân phối hết số chứng khoán được phép phát hành cho nhà đầu tư tương ứng với tỷ lệ đăng ký mua của từng nhà đầu tư.

3. Tiền mua chứng khoán phải được chuyển vào tài khoản phong tỏa mở tại ngân hàng, chi nhánh ngân hàng nước ngoài cho đến khi hoàn tất đợt chào bán và báo cáo Ủy ban Chứng khoán Nhà nước.

4. Tổ chức phát hành phải hoàn thành việc phân phối chứng khoán trong thời hạn 90 ngày kể từ ngày Giấy chứng nhận đăng ký chào bán chứng khoán ra công chúng có hiệu lực. Trường hợp tổ chức phát hành không thể hoàn thành việc phân phối chứng khoán ra công chúng trong thời hạn này, Ủy ban Chứng khoán Nhà nước xem xét gia hạn việc phân phối chứng khoán nhưng tối đa không quá 30 ngày. Trường hợp đăng ký chào bán chứng khoán cho nhiều đợt thì khoảng cách giữa đợt chào bán sau với đợt chào bán trước không quá 12 tháng.

5. Tổ chức phát hành hoặc tổ chức bảo lãnh phát hành phải báo cáo kết quả đợt chào bán cho Ủy ban Chứng khoán Nhà nước trong thời hạn 10 ngày kể từ ngày kết thúc đợt chào bán, kèm theo văn bản xác nhận của ngân hàng, chi nhánh ngân hàng nước ngoài nơi mở tài khoản phong tỏa về số tiền thu được từ đợt chào bán.

6. Tổ chức phát hành, tổ chức bảo lãnh phát hành hoặc tổ chức đại lý phải chuyển giao chứng khoán hoặc giấy chứng nhận quyền sở hữu chứng khoán cho người mua trong thời hạn 30 ngày kể từ ngày kết thúc đợt chào bán.","chung-khoan","","","","2026-04-01T00:00:00","https://thuvienphapluat.vn/hoi-dap-phap-luat/san-hnx-nghi-le-30-4-1-5-nam-2026-may-ngay-138085280.html","2026-05-21T19:19:23.132283+00:00"
"138084772","Sàn HNX nghỉ Giỗ Tổ Hùng Vương 2026 ngày nào?","Sàn HNX nghỉ Giỗ Tổ Hùng Vương 2026 ngày nào?

Công ty quản lý quỹ đầu tư chứng khoán phải chính thức hoạt động trong bao lâu từ ngày được cấp phép?

Công ty quản lý quỹ đầu tư chứng khoán phải công bố thông tin định kỳ về các nội dung nào của quỹ đại chúng?

Sàn HNX là tên viết tắt của Sở Giao dịch chứng khoán Hà Nội.

Căn cứ theo Thông báo 5305/TB-SGDHN năm 2025 TẢI VỀ của Sở Giao dịch Chứng khoán Hà Nội có hướng dẫn lịch nghỉ Giỗ tổ Hùng Vương 2026 sàn HNX như sau:

Như vậy, sàn HNX thông báo nghỉ giao dịch 01 ngày, dịp Giỗ Tổ Hùng Vương 2026, vào thứ 2 ngày 27/04/2026 dương lịch.

Nếu tính cả 02 ngày cuối tuần, lịch nghỉ Giỗ Tổ Hùng Vương 2026 sàn HNX kéo dài 03 ngày liên tiếp, từ thứ 7 ngày 25/04/2026 dương lịch đến hết thứ 2 ngày 27/04/2026 dương lịch.

Sàn HNX nghỉ Giỗ Tổ Hùng Vương 2026 ngày nào? (Hình từ Internet)

Căn cứ theo khoản 1 Điều 84 Luật Chứng khoán 2019 quy định như sau:

Như vậy, công ty quản lý quỹ đầu tư chứng khoán phải chính thức hoạt động trong thời hạn 12 tháng kể từ ngày được cấp phép.

Căn cứ theo khoản 1 Điều 124 Luật Chứng khoán 2019 quy định như sau:

Như vậy, công ty quản lý quỹ đầu tư chứng khoán phải công bố thông tin định kỳ về các nội dung sau của quỹ đại chúng:

- Báo cáo tài chính năm đã được kiểm toán, báo cáo tài chính 06 tháng đã được soát xét bởi tổ chức kiểm toán được chấp thuận, báo cáo tài chính quý;

- Báo cáo thay đổi giá trị tài sản ròng;

- Báo cáo hoạt động đầu tư;

- Báo cáo tổng kết hoạt động quản lý quỹ.

Điều 84. Ngày chính thức hoạt động

1. Công ty chứng khoán, công ty quản lý quỹ đầu tư chứng khoán, chi nhánh, văn phòng đại diện công ty chứng khoán, công ty quản lý quỹ nước ngoài tại Việt Nam phải chính thức hoạt động trong thời hạn 12 tháng kể từ ngày được cấp phép.

2. Công ty chứng khoán, công ty quản lý quỹ đầu tư chứng khoán, chi nhánh công ty chứng khoán và công ty quản lý quỹ nước ngoài tại Việt Nam không được tiến hành hoạt động kinh doanh chứng khoán trước ngày chính thức hoạt động.

3. Công ty chứng khoán, công ty quản lý quỹ đầu tư chứng khoán được chính thức hoạt động sau khi đáp ứng các quy định sau đây:

a) Thực hiện đăng ký doanh nghiệp theo quy định tại Điều 71 của Luật này;

b) Có quy trình hoạt động, quản lý rủi ro, kiểm soát nội bộ;

c) Điều lệ đã được Đại hội đồng cổ đông, Hội đồng thành viên hoặc chủ sở hữu công ty thông qua.

4. Chi nhánh công ty chứng khoán và công ty quản lý quỹ nước ngoài tại Việt Nam được chính thức hoạt động sau khi đáp ứng quy định tại điểm a và điểm b khoản 3 Điều này.

5. Công ty chứng khoán, công ty quản lý quỹ đầu tư chứng khoán, chi nhánh công ty chứng khoán và công ty quản lý quỹ nước ngoài tại Việt Nam được cấp giấy phép phải thông báo cho Ủy ban Chứng khoán Nhà nước về việc đáp ứng quy định tại khoản 3 và khoản 4 Điều này ít nhất là 15 ngày trước ngày chính thức hoạt động. Ủy ban Chứng khoán Nhà nước đình chỉ việc chính thức hoạt động khi công ty chứng khoán, công ty quản lý quỹ đầu tư chứng khoán, chi nhánh công ty chứng khoán và công ty quản lý quỹ nước ngoài tại Việt Nam không đáp ứng quy định tại khoản 3 và khoản 4 Điều này.

Điều 124. Công bố thông tin về quỹ đại chúng

1. Công ty quản lý quỹ đầu tư chứng khoán công bố thông tin định kỳ về các nội dung sau đây của quỹ đại chúng:

a) Báo cáo tài chính năm đã được kiểm toán, báo cáo tài chính 06 tháng đã được soát xét bởi tổ chức kiểm toán được chấp thuận, báo cáo tài chính quý;

b) Báo cáo thay đổi giá trị tài sản ròng;

c) Báo cáo hoạt động đầu tư;

d) Báo cáo tổng kết hoạt động quản lý quỹ.

2. Công ty quản lý quỹ đầu tư chứng khoán công bố thông tin bất thường về quỹ đại chúng khi xảy ra một trong các sự kiện sau đây:

a) Thông qua quyết định của Đại hội nhà đầu tư;

b) Quyết định thay đổi vốn điều lệ của quỹ đóng;

c) Bị thu hồi Giấy chứng nhận chào bán chứng chỉ quỹ đại chúng ra công chúng;

d) Bị đình chỉ, hủy bỏ đợt chào bán chứng chỉ quỹ đại chúng; quỹ đại chúng chào bán không thành công;

đ) Sửa đổi Điều lệ, Bản cáo bạch;

e) Thay đổi, bổ nhiệm mới người nội bộ của quỹ đại chúng; có quyết định khởi tố người nội bộ của quỹ đại chúng;

g) Quyết định hợp nhất, sáp nhập, chia, tách, giải thể, thay đổi thời hạn hoạt động, thanh lý tài sản của quỹ đại chúng;

h) Sự kiện khác theo quy định của Bộ trưởng Bộ Tài chính.

3. Công ty quản lý quỹ đầu tư chứng khoán công bố thông tin về quỹ đại chúng theo yêu cầu của Ủy ban Chứng khoán Nhà nước, Sở giao dịch chứng khoán Việt Nam và công ty con khi xảy ra một trong các sự kiện sau đây:

a) Có thông tin liên quan ảnh hưởng đến việc chào bán, giá chứng chỉ quỹ đại chúng;

b) Có thay đổi bất thường về giá, khối lượng giao dịch chứng chỉ quỹ đại chúng.","chung-khoan","","","","2026-03-25T00:00:00","https://thuvienphapluat.vn/hoi-dap-phap-luat/san-hnx-nghi-gio-to-hung-vuong-2026-ngay-nao-138084772.html","2026-05-21T19:19:29.343756+00:00"
"138084516","Sàn HOSE khi nào nghỉ Giỗ Tổ Hùng Vương 2026?","Sàn HOSE khi nào nghỉ Giỗ Tổ Hùng Vương 2026?

Đối tượng nào phải công bố thông tin trên thị trường chứng khoán?

Nguyên tắc công bố thông tin trên thị trường chứng khoán là gì?

Căn cứ theo Điều 2 Quyết định 599/2007/QĐ-TTg có quy định như sau:

Như vậy, HOSE là tên viết tắt của Sở Giao dịch chứng khoán thành phố Hồ Chí Minh.

Căn cứ theo Thông báo 2294/TB-SGDHCM năm 2025 của Sở Giao dịch Chứng khoán Thành phố Hồ Chí Minh TẢI VỀ có hướng dẫn lịch nghỉ Giỗ tổ Hùng Vương 2026 sàn HOSE như sau:

STT

Sự kiện

Ngày nghỉ giao dịch

1

Tết Dương lịch

Nghỉ 01 ngày

Thứ Năm ngày 01/01/2026

2

Tết Nguyên Đán

Nghỉ 05 ngày

Nghỉ từ thứ Hai ngày 16/02/2026 (ngày 29/12/2025 Âm lịch) đến hết thứ Sáu ngày 20/02/2026 (Mùng 4 Tết Âm lịch).

Tổng số ngày nghỉ 09 ngày, trong đó có 04 ngày cuối tuần.

3

Giỗ Tổ Hùng Vương (Mùng 10/3 Âm lịch)

Nghỉ 01 ngày

Nghỉ thứ Hai ngày 27/04/2026 (Nghỉ bù theo Luật Lao động).

Tổng số ngày nghỉ là 03 ngày, trong đó có 02 ngày cuối tuần.

4

Giải phóng miền Nam 30/4 và Quốc tế Lao động 01/5

Nghỉ 02 ngày

Nghỉ từ thứ Năm ngày 30/04/2026 đến hết thứ Sáu ngày 01/05/2026.

Tổng số ngày nghỉ là 04 ngày, trong đó có 02 ngày cuối tuần.

5

Lễ Quốc khánh 2/9

Nghỉ 03 ngày

Nghỉ từ thứ Hai ngày 31/08/2026 đến hết thứ Tư ngày 02/09/2026.

(Hoán đổi ngày làm việc từ thứ Hai ngày 31/08/2026 sang thứ Bảy ngày 22/08/2026).

Tổng số ngày nghỉ là 05 ngày, trong đó có 02 ngày cuối tuần.

Như vậy, sàn HOSE thông báo nghỉ giao dịch 01 ngày dịp Giỗ Tổ Hùng Vương 2026, vào thứ 2, ngày 27/04/2026 dương lịch.

Nếu tính cả 02 ngày cuối tuần, lịch nghỉ Giỗ Tổ Hùng Vương 2026 sàn HOSE kéo dài 03 ngày, từ thứ 7, 25/04/2026 dương lịch đến hết thứ 2, 27/04/2026 dương lịch.

Sàn HOSE khi nào nghỉ Giỗ Tổ Hùng Vương 2026? (Hình từ Internet)

Căn cứ theo quy định tại khoản 1 Điều 118 Luật Chứng khoán 2019, các phải công bố thông tin trên thị trường chứng khoán bao gồm:

- Công ty đại chúng;

- Tổ chức phát hành trái phiếu doanh nghiệp ra công chúng;

- Tổ chức niêm yết trái phiếu doanh nghiệp;

- Công ty chứng khoán, công ty quản lý quỹ đầu tư chứng khoán, chi nhánh công ty chứng khoán và công ty quản lý quỹ nước ngoài tại Việt Nam;

- Sở giao dịch chứng khoán Việt Nam và công ty con, Tổng công ty lưu ký và bù trừ chứng khoán Việt Nam;

- Cổ đông lớn, nhóm người có liên quan sở hữu từ 5% trở lên số cổ phiếu có quyền biểu quyết của công ty đại chúng; nhà đầu tư, nhóm người có liên quan sở hữu từ 5% trở lên chứng chỉ quỹ của quỹ đóng;

- Cổ đông sáng lập trong thời gian bị hạn chế chuyển nhượng của công ty đại chúng, công ty đầu tư chứng khoán đại chúng;

- Người nội bộ của công ty đại chúng, người nội bộ của quỹ đại chúng, công ty đầu tư chứng khoán đại chúng theo quy định tại khoản 45 Điều 4 Luật Chứng khoán 2019 và người có liên quan của người nội bộ;

- Nhóm nhà đầu tư nước ngoài có liên quan sở hữu từ 5% trở lên số cổ phiếu có quyền biểu quyết của 01 tổ chức phát hành hoặc từ 5% trở lên chứng chỉ quỹ của quỹ đóng;

- Đối tượng khác theo quy định của Bộ trưởng Bộ Tài chính.

Căn cứ theo quy định tại Điều 119 Luật Chứng khoán 2019, nguyên tắc công bố thông tin trên thị trường chứng khoán là:

- Việc công bố thông tin phải đầy đủ, chính xác, kịp thời.

- Đối tượng công bố thông tin phải chịu trách nhiệm trước pháp luật về nội dung thông tin công bố. Trường hợp có thay đổi nội dung thông tin đã công bố, đối tượng công bố thông tin phải công bố kịp thời, đầy đủ nội dung thay đổi và lý do thay đổi so với thông tin đã công bố trước đó.

- Đối tượng quy định tại Điều 118 Luật Chứng khoán 2019 khi công bố thông tin phải đồng thời báo cáo Ủy ban Chứng khoán Nhà nước và tổ chức nơi chứng khoán đó niêm yết, đăng ký giao dịch về nội dung thông tin công bố.

- Việc công bố thông tin của tổ chức phải do người đại diện theo pháp luật hoặc người được ủy quyền công bố thông tin thực hiện. Việc công bố thông tin của cá nhân do cá nhân tự thực hiện hoặc ủy quyền cho tổ chức hoặc cá nhân khác thực hiện.

- Đối tượng công bố thông tin có trách nhiệm bảo quản, lưu giữ thông tin đã công bố, báo cáo theo quy định của pháp luật.

* Trên đây là nội dung Sàn HOSE khi nào nghỉ Giỗ Tổ Hùng Vương 2026?

Điều 2. Sở Giao dịch chứng khoán thành phố Hồ Chí Minh là pháp nhân thuộc sở hữu Nhà nước, được tổ chức theo mô hình công ty trách nhiệm hữu hạn một thành viên, hoạt động theo Luật Chứng khoán, Luật Doanh nghiệp, Điều lệ của Sở Giao dịch chứng khoán và các quy định khác của pháp luật có liên quan.

- Tên gọi đầy đủ: Sở Giao dịch chứng khoán thành phố Hồ Chí Minh;

- Tên giao dịch quốc tế: Hochiminh Stock Exchange;

- Tên viết tắt: HOSE;","chung-khoan","","","","2026-03-23T00:00:00","https://thuvienphapluat.vn/hoi-dap-phap-luat/san-hose-khi-nao-nghi-gio-to-hung-vuong-2026-138084516.html","2026-05-21T19:19:35.464494+00:00"
"138082776","Mẫu báo cáo hoạt động chứng quyền có bảo đảm theo Thông tư 122 là mẫu nào?","Mẫu báo cáo hoạt động chứng quyền có bảo đảm theo Thông tư 122 là mẫu nào?

Hạn mức giá trị chứng quyền đăng ký chào bán được quy định thế nào?

Hoạt động giao dịch, thanh toán giao dịch chứng quyền có bảo đảm của nhà đầu tư cụ thể ra sao?

Căn cứ theo Phụ lục số 8 Mẫu báo cáo hoạt động chứng quyền có bảo đảm ban hành kèm theo Thông tư 122/2025/TT-BTC quy định mẫu báo cáo hoạt động chứng quyền có bảo đảm như sau:

Dưới đây là Mẫu Báo cáo hoạt động chứng quyền có bảo đảm:

Tải về Mẫu Báo cáo hoạt động chứng quyền có bảo đảm:

TẢI VỀ

Trên đây là thông tin: Mẫu báo cáo hoạt động chứng quyền có bảo đảm theo Thông tư 122 là mẫu nào?

Mẫu báo cáo hoạt động chứng quyền có bảo đảm theo Thông tư 122 là mẫu nào? ( Hình từ Internet)

Căn cứ tại khoản 4 Điều 5 Thông tư 122/2025/TT-BTC quy định về hạn mức giá trị chứng quyền đăng ký chào bán như sau:

(1) Tổng giá trị chứng quyền đã phát hành (không tính số lượng chứng quyền đã hủy bỏ niêm yết hoặc đã đáo hạn) và giá trị chứng quyền đăng ký chào bán của một tổ chức phát hành so với giá trị vốn khả dụng của tổ chức phát hành đó không được vượt quá các mức sau:

- 0% đối với tổ chức phát hành có tỷ lệ vốn khả dụng từ 180% đến 250%;

- 5% đối với tổ chức phát hành có tỷ lệ vốn khả dụng trên 250% đến 300%;

- 10% đối với tổ chức phát hành có tỷ lệ vốn khả dụng trên 300% đến 450%;

- 15% đối với tổ chức phát hành có tỷ lệ vốn khả dụng trên 450% đến 600%;

- 20% đối với tổ chức phát hành có tỷ lệ vốn khả dụng trên 600%.

(2) Tỷ lệ vốn khả dụng để xét hạn mức quy định tại (1) là tỷ lệ vốn khả dụng thấp nhất của 06 tháng gần nhất liền trước tháng nộp hồ sơ đăng ký chào bán chứng quyền, căn cứ trên báo cáo tỷ lệ an toàn tài chính hàng tháng của tổ chức phát hành gửi Ủy ban Chứng khoán Nhà nước.

Trường hợp hồ sơ hợp lệ được nộp trong thời hạn 7 ngày làm việc kể từ ngày kết thúc tháng, tỷ lệ vốn khả dụng để xét hạn mức quy định tại (1) được tính đến tháng trước đó liền kề.

(3) Tổng giá trị chứng quyền đã phát hành quy định tại (1) được tính như sau:

- Tổng giá trị chứng quyền đã phát hành = Giá chào bán (đối với chứng quyền chưa niêm yết) x Số lượng chứng quyền chưa niêm yết + Giá đóng cửa của chứng quyền tại ngày giao dịch gần nhất (đối với chứng quyền niêm yết) × Số lượng chứng quyền niêm yết.

- Trường hợp chưa xác lập giá giao dịch chứng quyền, giá trị chứng quyền được tính theo giá chào bán.

- Giá chào bán chứng quyền được xác định như sau:

+ Đối với chứng quyền chào bán lần đầu: Là giá chào bán được tổ chức phát hành thông báo tại Bản thông báo phát hành chứng quyền.

+ Đối với chứng quyền chào bán bổ sung: Là giá đóng cửa của chứng quyền vào ngày giao dịch liền trước ngày công bố Bản thông báo phát hành chứng quyền.

(4) Tổng giá trị chứng quyền đăng ký chào bán quy định tại (1) được tính bằng giá đăng ký chào bán nhân với số lượng chứng quyền đăng ký chào bán; trong đó giá đăng ký chào bán chứng quyền được xác định như sau:

- Đối với chứng quyền đăng ký chào bán lần đầu: Tổ chức phát hành có thể đăng ký một mức giá chào bán cụ thể hoặc đăng ký khoảng giá chào bán chứng quyền (bao gồm giá chào bán cao nhất dự kiến và giá chào bán thấp nhất dự kiến).

Trường hợp tổ chức phát hành đăng ký khoảng giá chào bán chứng quyền, giá đăng ký chào bán để tính tổng giá trị chứng quyền là mức giá chào bán cao nhất dự kiến.

- Đối với chứng quyền đăng ký chào bán bổ sung: Là giá đóng cửa của chứng quyền vào ngày giao dịch liền trước ngày nộp hồ sơ đăng ký chào bán bổ sung.

Căn cứ theo Điều 14 Thông tư 122/2025/TT-BTC quy định về hoạt động giao dịch, thanh toán giao dịch chứng quyền có bảo đảm của nhà đầu tư như sau:

- Chứng quyền chào bán ra công chúng được giao dịch thông qua hệ thống giao dịch của Sở giao dịch chứng khoán theo pháp luật về giao dịch chứng quyền có bảo đảm niêm yết trên hệ thống giao dịch chứng khoán và hướng dẫn tại quy chế của Sở giao dịch chứng khoán.

Ngoài các trường hợp chứng quyền bị tạm ngừng giao dịch theo quy định chung về tạm ngừng giao dịch chứng khoán, chứng quyền bị tạm ngừng giao dịch khi chứng khoán cơ sở của chứng quyền bị tạm ngừng giao dịch. Sở giao dịch chứng khoán có trách nhiệm xây dựng và ban hành quy chế hướng dẫn về giao dịch chứng quyền sau khi được Ủy ban Chứng khoán Nhà nước chấp thuận.

- Hoạt động thanh toán giao dịch chứng quyền thực hiện theo quy định của pháp luật về hoạt động thanh toán giao dịch chứng khoán và quy chế của Tổng công ty lưu ký và bù trừ chứng khoán Việt Nam.

- Sau khi hoàn tất thanh toán giao dịch mua chứng quyền, nhà đầu tư trở thành người sở hữu chứng quyền, tổ chức phát hành phải chịu trách nhiệm thực hiện các nghĩa vụ phát sinh từ chứng quyền mà nhà đầu tư sở hữu.

- Tổ chức phát hành chứng khoán cơ sở không được đầu tư, giao dịch chứng quyền dựa trên chứng khoán của tổ chức đó.

- Nhà đầu tư nước ngoài không bị hạn chế tỷ lệ sở hữu chứng quyền có bảo đảm.","chung-khoan","","","","2026-03-18T00:00:00","https://thuvienphapluat.vn/hoi-dap-phap-luat/mau-bao-cao-hoat-dong-chung-quyen-co-bao-dam-theo-thong-tu-122-la-mau-nao-138082776.html","2026-05-21T19:19:44.186147+00:00"
"138082784","Mẫu báo cáo kết quả phân phối chứng quyền có bảo đảm theo Thông tư 122 là mẫu nào?","Mẫu báo cáo kết quả phân phối chứng quyền có bảo đảm theo Thông tư 122 là mẫu nào?

Tổ chức phát hành chứng quyền có bảo đảm lập Bản cáo bạch, Bản thông báo phát hành và Báo cáo kết quả phân phối theo quy định thế nào?

Quy định chung về chứng quyền có bảo đảm như thế nào?

Căn cứ theo Phụ lục số 03 Mẫu báo cáo kết quả phân phối chứng quyền có bảo đảm ban hành kèm theo Thông tư 122/2025/TT-BTC quy định về mẫu báo cáo kết quả phân phối chứng quyền có bảo đảm như sau:

Dưới đây là Mẫu Báo cáo kết quả phân phối chứng quyền có bảo đảm:

Tải về Mẫu Báo cáo kết quả phân phối chứng quyền có bảo đảm:

TẢI VỀ

Trên đây là thông tin: Mẫu báo cáo kết quả phân phối chứng quyền có bảo đảm theo Thông tư 122 là mẫu nào?

Mẫu báo cáo kết quả phân phối chứng quyền có bảo đảm theo Thông tư 122 là mẫu nào? (Hình từ Internet)

Căn cứ theo Điều 7 Thông tư 122/2025/TT-BTC quy định về tổ chức phát hành chứng quyền có bảo đảm lập Bản cáo bạch, Bản thông báo phát hành và Báo cáo kết quả phân phối như sau:

(1) Bản cáo bạch theo Mẫu tại Phụ lục số 1 ban hành kèm theo Thông tư 122/2025/TT-BTC. Tổ chức phát hành phải chịu trách nhiệm thực hiện các nghĩa vụ đối với người sở hữu chứng quyền theo các nội dung tại Bản cáo bạch;

(2) Bản thông báo phát hành theo Mẫu tại Phụ lục số 2 ban hành kèm theo Thông tư 122/2025/TT-BTC;

(3) Báo cáo kết quả phân phối theo Mẫu tại Phụ lục số 3 ban hành kèm theo Thông tư 122/2025/TT-BTC.

(4) Tổ chức phát hành khi lập Bản cáo bạch theo mẫu tại (1) phải đảm bảo các quy định sau:

- Thông tin công bố trong Bản cáo bạch phải rõ ràng, chính xác, trung thực, không mâu thuẫn và có đầy đủ những nội dung có thể ảnh hưởng đến quyết định của nhà đầu tư; bao gồm các thông tin liên quan đến đợt phát hành chứng quyền, trong đó nêu rõ điều khoản về quyền của người sở hữu chứng quyền, phương án bảo đảm thực hiện các nghĩa vụ của tổ chức phát hành đối với người sở hữu chứng quyền trong các trường hợp đặc biệt;

- Các thông tin quan trọng, thông tin mang tính so sánh trong Bản cáo bạch phải được nêu rõ nguồn tham chiếu thông tin;

- Ngôn từ trong Bản cáo bạch phải đơn giản, dễ hiểu; trường hợp sử dụng từ viết tắt, thuật ngữ chuyên ngành, kỹ thuật phải kèm theo giải thích rõ ràng. Bản cáo bạch phải được lập với hình thức rõ ràng, phông chữ và cỡ chữ được trình bày đảm bảo dễ đọc.

Căn cứ theo Điều 3 Thông tư 122/2025/TT-BTC quy định về chứng quyền có bảo đảm như sau:

- Loại chứng quyền: chứng quyền mua.

- Kiểu chứng quyền: chứng quyền mà người sở hữu chứng quyền chỉ được thực hiện quyền tại ngày đáo hạn.

- Phương thức thực hiện chứng quyền: chứng quyền được thanh toán bằng tiền.

- Thời hạn của chứng quyền: được tính từ ngày phát hành đến ngày đáo hạn tối thiểu là 03 tháng và tối đa là 02 năm. Trong đó, ngày phát hành là ngày bắt đầu nhận đăng ký mua chứng quyền theo thông báo của tổ chức phát hành tại bản thông báo phát hành.

- Giá đăng ký chào bán chứng quyền: tối thiểu là 1.000 đồng/chứng quyền.

- Số lượng chứng quyền đăng ký chào bán tối thiểu là 1.000.000 đơn vị và là bội số của 10.

- Tên của chứng quyền không được trùng lặp hoặc gây hiểu nhầm với các loại chứng khoán khác đã phát hành, được viết bằng tiếng Việt, có thể kèm theo chữ số và kí hiệu, phát âm được và có ít nhất các thành tố sau đây:

+ Cụm từ “chứng quyền” kèm theo tên viết tắt của chứng khoán cơ sở và tên viết tắt của tổ chức phát hành;

+ Thời hạn của chứng quyền.","chung-khoan","","","","2026-03-17T00:00:00","https://thuvienphapluat.vn/hoi-dap-phap-luat/mau-bao-cao-ket-qua-phan-phoi-chung-quyen-co-bao-dam-theo-thong-tu-122-la-mau-nao-138082784.html","2026-05-21T19:19:52.828224+00:00"
"138082790","Mẫu thông báo phát hành chứng quyền có bảo đảm theo Thông tư 122 là mẫu nào?","Mẫu thông báo phát hành chứng quyền có bảo đảm theo Thông tư 122 là mẫu nào?

Sở giao dịch chứng khoán áp dụng biện pháp xử lý gì đối với tổ chức phát hành chứng quyền có bảo đảm không tuân thủ phương án phòng ngừa rủi ro?

Giá chào bán chứng quyền có bảo đảm được xác định ra sao?

Căn cứ theo Phụ lục số 02 Mẫu thông báo phát hành chứng quyền có bảo đảm ban hành kèm theo Thông tư 122/2025/TT-BTC quy định mẫu thông báo phát hành chứng quyền có bảo đảm.

Dưới đây là Mẫu Thông báo phát hành chứng quyền có bảo đảm:

Tải về Mẫu Thông báo phát hành chứng quyền có bảo đảm:

TẢI VỀ

Trên đây là thông tin: Mẫu thông báo phát hành chứng quyền có bảo đảm theo Thông tư 122 là mẫu nào?

Mẫu thông báo phát hành chứng quyền có bảo đảm theo Thông tư 122 là mẫu nào? (Hình từ Internet)

Căn cứ tại khoản 8 Điều 10 Thông tư 122/2025/TT-BTC quy định về Sở giao dịch chứng khoán áp dụng biện pháp xử lý đối với tổ chức phát hành chứng quyền có bảo đảm không tuân thủ phương án phòng ngừa rủi ro gồm:

(1) Gửi thông báo yêu cầu tổ chức phát hành điều chỉnh vị thế phòng ngừa rủi ro thực tế nếu chênh lệch giữa vị thế phòng ngừa rủi ro lý thuyết và vị thế phòng ngừa rủi ro thực tế trên 20% trong vòng 03 ngày làm việc liên tục và không thuộc trường hợp quy định tại (2).

Trong thời hạn 03 ngày làm việc kể từ ngày Sở giao dịch chứng khoán có thông báo, tổ chức phát hành phải thực hiện phòng ngừa rủi ro để giảm chênh lệch xuống bằng hoặc dưới 20%.

(2) Yêu cầu tổ chức phát hành điều chỉnh vị thế phòng ngừa rủi ro thực tế hoặc nộp tiền tương ứng với phần chênh lệch giữa vị thế phòng ngừa rủi ro lý thuyết và vị thế phòng ngừa rủi ro thực tế tính theo giá đóng cửa của chứng khoán cơ sở tại ngày tính toán nếu chênh lệch này vượt quá 50% trong 03 ngày làm việc liên tục.

- Trong thời hạn 03 ngày làm việc kể từ ngày Sở giao dịch chứng khoán có thông báo yêu cầu, tổ chức phát hành phải điều chỉnh vị thế phòng ngừa rủi ro thực tế hoặc nộp khoản tiền này vào tài khoản tự doanh.

- Trường hợp tổ chức phát hành nộp tiền vào tài khoản tự doanh, trong thời hạn 07 ngày làm việc kể từ nộp tiền vào tài khoản, tổ chức phát hành phải thực hiện điều chỉnh vị thế phòng ngừa rủi ro thực tế để giảm chênh lệch xuống bằng hoặc dưới 20%.

(3) Cảnh báo trên toàn thị trường nếu tổ chức phát hành không thực hiện phòng ngừa rủi ro theo yêu cầu của Sở giao dịch chứng khoán nêu tại (1) sau khi Sở giao dịch chứng khoán gửi thông báo yêu cầu đến lần thứ ba hoặc không thực hiện theo quy định tại (2).

(4) Chứng quyền được đưa ra khỏi diện cảnh báo nếu tổ chức phát hành duy trì được mức chênh lệch giữa vị thế phòng ngừa rủi ro lý thuyết và vị thế phòng ngừa rủi ro thực tế không vượt quá 20% trong vòng 30 ngày giao dịch liên tục kể từ ngày cảnh báo hoặc tổ chức phát hành đã nộp tiền theo quy định tại (2).

Căn cứ tại khoản 4 Điều 5 Thông tư 122/2025/TT-BTC quy định về hạn mức chào bán chứng quyền có bảo đảm như sau:

Như vậy, giá chào bán chứng quyền được xác định như sau:

- Đối với chứng quyền chào bán lần đầu: Là giá chào bán được tổ chức phát hành thông báo tại Bản thông báo phát hành chứng quyền.

- Đối với chứng quyền chào bán bổ sung: Là giá đóng cửa của chứng quyền vào ngày giao dịch liền trước ngày công bố Bản thông báo phát hành chứng quyền.

Điều 5. Hạn mức chào bán chứng quyền có bảo đảm

[...]

4. Hạn mức giá trị chứng quyền đăng ký chào bán

[...]

c) Tổng giá trị chứng quyền đã phát hành quy định tại điểm a khoản này được tính như sau:

- Tổng giá trị chứng quyền đã phát hành = Giá chào bán (đối với chứng quyền chưa niêm yết) x Số lượng chứng quyền chưa niêm yết + Giá đóng cửa của chứng quyền tại ngày giao dịch gần nhất (đối với chứng quyền niêm yết) × Số lượng chứng quyền niêm yết.

- Trường hợp chưa xác lập giá giao dịch chứng quyền, giá trị chứng quyền được tính theo giá chào bán.

- Giá chào bán chứng quyền được xác định như sau:

+ Đối với chứng quyền chào bán lần đầu: Là giá chào bán được tổ chức phát hành thông báo tại Bản thông báo phát hành chứng quyền.

+ Đối với chứng quyền chào bán bổ sung: Là giá đóng cửa của chứng quyền vào ngày giao dịch liền trước ngày công bố Bản thông báo phát hành chứng quyền.

[...]","chung-khoan","","","","2026-03-16T00:00:00","https://thuvienphapluat.vn/hoi-dap-phap-luat/mau-thong-bao-phat-hanh-chung-quyen-co-bao-dam-theo-thong-tu-122-la-mau-nao-138082790.html","2026-05-21T19:20:03.024470+00:00"
"138082775","Mẫu báo cáo về tài sản bảo đảm thanh toán của ngân hàng lưu ký theo Thông tư 122 là mẫu nào?","Mẫu báo cáo về tài sản bảo đảm thanh toán của ngân hàng lưu ký theo Thông tư 122 là mẫu nào?

Nguồn tài sản dùng để thanh toán cho người sở hữu chứng quyền bao gồm những nguồn nào?

Nghĩa vụ báo cáo của ngân hàng lưu ký được quy định thế nào?

Căn cứ theo Phụ lục số 10 Mẫu báo cáo về tài sản bảo đảm thanh toán ban hành kèm theo Thông tư 122/2025/TT-BTC quy định về mẫu báo cáo về tài sản bảo đảm thanh toán của ngân hàng lưu ký như sau:

Dưới đây là Mẫu Báo cáo về tài sản bảo đảm thanh toán của ngân hàng lưu ký:

Tải về Mẫu Báo cáo về tài sản bảo đảm thanh toán của ngân hàng lưu ký:

TẢI VỀ

Trên đây là thông tin: Mẫu báo cáo về tài sản bảo đảm thanh toán của ngân hàng lưu ký theo Thông tư 122 là mẫu nào?

Mẫu báo cáo về tài sản bảo đảm thanh toán của ngân hàng lưu ký theo Thông tư 122 là mẫu nào? (Hình từ Internet)

Căn cứ tại khoản 4 Điều 12 Thông tư 122/2025/TT-BTC quy định về thực hiện chứng quyền có bảo đảm như sau:

Như vậy, nguồn tài sản dùng để thanh toán cho người sở hữu chứng quyền bao gồm:

- Tài sản có trên tài khoản ký quỹ tại ngân hàng lưu ký;

- Tài sản phòng ngừa rủi ro và các tài sản khác có trên tài khoản tự doanh;

- Bảo lãnh thanh toán hoặc tài sản khác (nếu có).

Trường hợp không đủ tài sản để thanh toán thực hiện chứng quyền, việc giải quyết quyền lợi cho người sở hữu chứng quyền thực hiện theo quy định pháp luật liên quan áp dụng đối với chủ nợ có bảo đảm một phần.

Căn cứ theo Điều 18 Thông tư 122/2025/TT-BTC quy định về nghĩa vụ báo cáo của ngân hàng lưu ký như sau:

- Trong vòng 10 ngày kể từ ngày kết thúc tháng, ngân hàng lưu ký lập và gửi cho Ủy ban Chứng khoán Nhà nước báo cáo giám sát tháng về tài sản ký quỹ của tổ chức phát hành theo Phụ lục số 10 ban hành kèm theo Thông tư 122/2025/TT-BTC. Báo cáo giám sát của ngân hàng lưu ký phải đánh giá việc tuân thủ các quy định của pháp luật, quy định tại Bản cáo bạch như sau:

+ Đánh giá tính tuân thủ của tổ chức phát hành trong hoạt động ký quỹ;

+ Các vi phạm (nếu có) của tổ chức phát hành và kiến nghị hướng giải quyết, khắc phục.

- Phương thức gửi báo cáo và thời gian chốt số liệu thực hiện theo quy định tại khoản 1 và khoản 2 Điều 16 Thông tư 122/2025/TT-BTC.

- Ngân hàng lưu ký có nghĩa vụ báo cáo Ủy ban Chứng khoán Nhà nước trong thời hạn 24 giờ kể từ khi vi phạm của tổ chức phát hành được phát hiện hoặc các trường hợp khác theo yêu cầu của Ủy ban Chứng khoán Nhà nước.

Điều 12. Thực hiện chứng quyền có bảo đảm

[...]

3. Trên cơ sở văn bản thông báo của tổ chức phát hành, Tổng công ty lưu ký và bù trừ chứng khoán Việt Nam lập danh sách người sở hữu chứng quyền tại ngày đáo hạn, tính toán và phân bổ tiền theo phương thức thực hiện chứng quyền được quy định khoản 3 Điều 3 Thông tư này.

4. Nguồn tài sản dùng để thanh toán cho người sở hữu chứng quyền bao gồm:

a) Tài sản có trên tài khoản ký quỹ tại ngân hàng lưu ký;

b) Tài sản phòng ngừa rủi ro và các tài sản khác có trên tài khoản tự doanh;

c) Bảo lãnh thanh toán hoặc tài sản khác (nếu có).

Trường hợp không đủ tài sản để thanh toán thực hiện chứng quyền, việc giải quyết quyền lợi cho người sở hữu chứng quyền thực hiện theo quy định pháp luật liên quan áp dụng đối với chủ nợ có bảo đảm một phần.

5. Trong vòng 05 ngày làm việc kể từ ngày đáo hạn, công ty chứng khoán, thành viên lưu ký, tổ chức phát hành có trách nhiệm phối hợp với Tổng công ty lưu ký và bù trừ chứng khoán Việt Nam thực hiện thanh toán tiền cho nhà đầu tư theo quy chế của Tổng công ty lưu ký và bù trừ chứng khoán Việt Nam.

[...]","chung-khoan","","","","2026-03-16T00:00:00","https://thuvienphapluat.vn/hoi-dap-phap-luat/mau-bao-cao-ve-tai-san-bao-dam-thanh-toan-cua-ngan-hang-luu-ky-theo-thong-tu-122-la-mau-nao-138082775.html","2026-05-21T19:20:10.083156+00:00"
"138082780","Mẫu quy trình quản trị rủi ro của tổ chức phát hành chứng quyền có bảo đảm theo Thông tư 122 thế nào?","Mẫu quy trình quản trị rủi ro của tổ chức phát hành chứng quyền có bảo đảm theo Thông tư 122 thế nào?

Việc ban hành các quy trình, quy chế phòng ngừa rủi ro của tổ chức phát hành chứng quyền có bảo đảm được quy định ra sao?

Sở giao dịch chứng khoán áp dụng biện pháp xử lý gì đối với tổ chức phát hành chứng quyền có bảo đảm không tuân thủ phương án phòng ngừa rủi ro?

Căn cứ theo Phụ lục số 04 Mẫu quy trình quản trị rủi ro của tổ chức phát hành chứng quyền có bảo đảm ban hành kèm theo Thông tư 122/2025/TT-BTC quy định về mẫu quy trình quản trị rủi ro của tổ chức phát hành chứng quyền có bảo đảm.

Tải về Mẫu Quy trình quản trị rủi ro của tổ chức phát hành chứng quyền có bảo đảm:

TẢI VỀ

Trên đây là thông tin: Mẫu quy trình quản trị rủi ro của tổ chức phát hành chứng quyền có bảo đảm theo Thông tư 122 thế nào?

Mẫu quy trình quản trị rủi ro của tổ chức phát hành chứng quyền có bảo đảm theo Thông tư 122 thế nào? (Hình từ Internet)

Căn cứ tại khoản 1 Điều 10 Thông tư 122/2025/TT-BTC quy định về việc ban hành các quy trình, quy chế phòng ngừa rủi ro của tổ chức phát hành chứng quyền có bảo đảm như sau:

- Tổ chức phát hành chứng quyền có bảo đảm phải ban hành các quy trình nghiệp vụ (bao gồm quy trình về chào bán, lưu ký, niêm yết, tạo lập thị trường, phòng ngừa rủi ro, thực hiện chứng quyền) và quy trình kiểm soát nội bộ đảm bảo phù hợp với quy định pháp luật và đặc điểm hoạt động của công ty.

- Tổ chức phát hành phải có quy trình quản trị rủi ro được cấp có thẩm quyền thông qua theo quy định về hoạt động của công ty chứng khoán, Điều lệ công ty và bao gồm các nội dung tối thiểu theo Mẫu tại Phụ lục số 4 ban hành kèm theo Thông tư 122/2025/TT-BTC.

Tổ chức phát hành phải bố trí tối thiểu 01 nhân viên có chứng chỉ hành nghề phân tích tài chính hoặc chứng chỉ hành nghề quản lý quỹ hoặc chứng chỉ phân tích tài chính bậc II (CFA level II) tại vị trí quản lý rủi ro liên quan đến hoạt động phát hành chứng quyền.

- Sở giao dịch chứng khoán có trách nhiệm xây dựng và ban hành quy chế giám sát hoạt động phòng ngừa rủi ro của tổ chức phát hành sau khi đã được Ủy ban Chứng khoán Nhà nước chấp thuận, trong đó bao gồm các hình thức xử lý vi phạm trong trường hợp tổ chức không tuân thủ phương án phòng ngừa rủi ro theo quy định tại Thông tư 122/2025/TT-BTC.

Căn cứ tại khoản 8 Điều 10 Thông tư 122/2025/TT-BTC quy định về Sở giao dịch chứng khoán áp dụng biện pháp xử lý đối với tổ chức phát hành chứng quyền có bảo đảm không tuân thủ phương án phòng ngừa rủi ro gồm:

(1) Gửi thông báo yêu cầu tổ chức phát hành điều chỉnh vị thế phòng ngừa rủi ro thực tế nếu chênh lệch giữa vị thế phòng ngừa rủi ro lý thuyết và vị thế phòng ngừa rủi ro thực tế trên 20% trong vòng 03 ngày làm việc liên tục và không thuộc trường hợp quy định tại (2).

Trong thời hạn 03 ngày làm việc kể từ ngày Sở giao dịch chứng khoán có thông báo, tổ chức phát hành phải thực hiện phòng ngừa rủi ro để giảm chênh lệch xuống bằng hoặc dưới 20%.

(2) Yêu cầu tổ chức phát hành điều chỉnh vị thế phòng ngừa rủi ro thực tế hoặc nộp tiền tương ứng với phần chênh lệch giữa vị thế phòng ngừa rủi ro lý thuyết và vị thế phòng ngừa rủi ro thực tế tính theo giá đóng cửa của chứng khoán cơ sở tại ngày tính toán nếu chênh lệch này vượt quá 50% trong 03 ngày làm việc liên tục.

- Trong thời hạn 03 ngày làm việc kể từ ngày Sở giao dịch chứng khoán có thông báo yêu cầu, tổ chức phát hành phải điều chỉnh vị thế phòng ngừa rủi ro thực tế hoặc nộp khoản tiền này vào tài khoản tự doanh.

- Trường hợp tổ chức phát hành nộp tiền vào tài khoản tự doanh, trong thời hạn 07 ngày làm việc kể từ nộp tiền vào tài khoản, tổ chức phát hành phải thực hiện điều chỉnh vị thế phòng ngừa rủi ro thực tế để giảm chênh lệch xuống bằng hoặc dưới 20%.

(3) Cảnh báo trên toàn thị trường nếu tổ chức phát hành không thực hiện phòng ngừa rủi ro theo yêu cầu của Sở giao dịch chứng khoán nêu tại (1) sau khi Sở giao dịch chứng khoán gửi thông báo yêu cầu đến lần thứ ba hoặc không thực hiện theo quy định tại (2).

(4) Chứng quyền được đưa ra khỏi diện cảnh báo nếu tổ chức phát hành duy trì được mức chênh lệch giữa vị thế phòng ngừa rủi ro lý thuyết và vị thế phòng ngừa rủi ro thực tế không vượt quá 20% trong vòng 30 ngày giao dịch liên tục kể từ ngày cảnh báo hoặc tổ chức phát hành đã nộp tiền theo quy định tại (2).","chung-khoan","","","","2026-03-16T00:00:00","https://thuvienphapluat.vn/hoi-dap-phap-luat/mau-quy-trinh-quan-tri-rui-ro-cua-to-chuc-phat-hanh-chung-quyen-co-bao-dam-theo-thong-tu-122-the-na-138082780.html","2026-05-21T19:20:16.893523+00:00"
"138081925","Trụ sở Ủy ban Chứng khoán Nhà nước ở đâu?","Trụ sở Ủy ban Chứng khoán Nhà nước ở đâu?

Lãnh đạo Ủy ban Chứng khoán Nhà nước gồm những ai?

Ủy ban Chứng khoán Nhà nước thực hiện nhiệm vụ và quyền hạn gì?

Căn cứ theo Điều 1 Quyết định 686/QĐ-BTC năm 2025 quy định như sau:

Trụ sở Ủy ban Chứng khoán Nhà nước ở đâu? (Hình từ Internet)

Căn cứ theo khoản 1 Điều 4 Quyết định 686/QĐ-BTC năm 2025 quy định như sau:

Như vậy, lãnh đạo Ủy ban Chứng khoán Nhà nước gồm có Chủ tịch và một số Phó Chủ tịch.

Căn cứ theo Điều 2 Quyết định 686/QĐ-BTC năm 2025, Ủy ban Chứng khoán Nhà nước thực hiện các nhiệm vụ và quyền hạn sau:

- Trình Bộ trưởng Bộ Tài chính để trình cấp có thẩm quyền xem xét, quyết định:

+ Các dự án luật, dự thảo nghị quyết của Quốc hội, dự án pháp lệnh, dự thảo nghị quyết của Ủy ban Thường vụ Quốc hội; dự thảo nghị định của Chính phủ; dự thảo quyết định của Thủ tướng Chính phủ và các văn bản khác về chứng khoán và thị trường chứng khoán;

+ Chiến lược, kế hoạch, đề án, chính sách phát triển thị trường chứng khoán.

- Trình Bộ trưởng Bộ Tài chính xem xét ban hành Thông tư, quyết định, chỉ thị và các văn bản khác về chứng khoán và thị trường chứng khoán.

- Ban hành văn bản hướng dẫn chuyên môn, nghiệp vụ, văn bản khác thuộc phạm vi quản lý của Ủy ban Chứng khoán Nhà nước.

- Tổ chức thực hiện các văn bản quy phạm pháp luật về chứng khoán và thị trường chứng khoán, chiến lược, kế hoạch, đề án, chính sách và các văn bản khác thuộc lĩnh vực chứng khoán và thị trường chứng khoán sau khi được cấp có thẩm quyền ban hành hoặc phê duyệt.

- Tuyên truyền, phổ biến, giáo dục pháp luật; tuyên truyền, phổ biến kiến thức về chứng khoán và thị trường chứng khoán cho công chúng.

- Tổ chức, phát triển thị trường chứng khoán; trực tiếp quản lý, giám sát hoạt động về chứng khoán và thị trường chứng khoán, quản lý các hoạt động dịch vụ về chứng khoán và thị trường chứng khoán theo quy định của pháp luật.

-. Cấp, cấp lại, gia hạn, điều chỉnh, thu hồi giấy phép, chứng chỉ hành nghề chứng khoán và giấy chứng nhận liên quan đến hoạt động về chứng khoán và thị trường chứng khoán; chấp thuận những thay đổi, đình chỉ, hủy bỏ liên quan đến hoạt động về chứng khoán và thị trường chứng khoán theo quy định của pháp luật.

- Quản lý, thanh tra, kiểm tra, giám sát hoạt động nghiệp vụ chứng khoán của Sở giao dịch Chứng khoán Việt Nam và công ty con, Tổng công ty Lưu ký và Bù trừ chứng khoán Việt Nam và công ty con; chấp thuận các quy chế nghiệp vụ của Sở giao dịch Chứng khoán Việt Nam, Tổng công ty Lưu ký và Bù trừ chứng khoán Việt Nam; yêu cầu Sở giao dịch Chứng khoán Việt Nam, Tổng công ty Lưu ký và Bù trừ chứng khoán Việt Nam sửa đổi quy chế nghiệp vụ;

Đình chỉ, hủy bỏ quyết định liên quan đến hoạt động nghiệp vụ của Sở giao dịch Chứng khoán Việt Nam và công ty con, Tổng công ty Lưu ký và Bù trừ Chứng khoán Việt Nam và công ty con; chỉ đạo Sở giao dịch Chứng khoán Việt Nam và công ty con, Tổng công ty Lưu ký và Bù trừ chứng khoán Việt Nam và công ty con thực hiện các nhiệm vụ liên quan đến hoạt động nghiệp vụ trong trường hợp cần thiết để bảo vệ quyền và lợi ích hợp pháp của nhà đầu tư.

- Tham mưu, giúp Bộ trưởng Bộ Tài chính thực hiện một số quyền, trách nhiệm của đại diện chủ sở hữu nhà nước đối với Sở giao dịch Chứng khoán Việt Nam, Tổng công ty Lưu ký và Bù trừ chứng khoán Việt Nam theo quy định pháp luật và phân công của Bộ trưởng Bộ Tài chính;

Phối hợp với Vụ Tổ chức cán bộ thực hiện quyền, trách nhiệm của cơ quan đại diện chủ sở hữu về công tác cán bộ đối với người quản lý doanh nghiệp, Kiểm soát viên tại Sở giao dịch Chứng khoán Việt Nam, Tổng công ty Lưu ký và Bù trừ chứng khoán Việt Nam theo phân công của Bộ trưởng Bộ Tài chính.

- Chấp thuận việc đưa vào giao dịch các loại chứng khoán mới, thay đổi và áp dụng phương thức giao dịch mới, chấp thuận hệ thống giao dịch chứng khoán và đưa vào vận hành hệ thống giao dịch chứng khoán mới.

- Quản lý, giám sát hoạt động liên quan đến chứng khoán và thị trường chứng khoán của các tổ chức, cá nhân theo quy định của pháp luật chứng khoán và thị trường chứng khoán.

- Thanh tra, kiểm tra việc chấp hành quy định của pháp luật về chứng khoán và thị trường chứng khoán; tiếp công dân, giải quyết khiếu nại, tố cáo và phòng, chống tham nhũng, tiêu cực theo quy định pháp luật; xử lý vi phạm hành chính trong lĩnh vực chứng khoán và thị trường chứng khoán.

- Thực hiện theo thẩm quyền hoặc trình cấp có thẩm quyền thực hiện các biện pháp bảo đảm an ninh, an toàn thị trường chứng khoán theo quy định của pháp luật về chứng khoán và thị trường chứng khoán.

- Thực hiện chế độ báo cáo về chứng khoán và thị trường chứng khoán theo quy định của pháp luật và phân công, phân cấp của Bộ trưởng Bộ Tài chính.

- Thực hiện công tác thống kê, dự báo về hoạt động chứng khoán và thị trường chứng khoán; tổ chức quản lý và ứng dụng công nghệ thông tin, hiện đại hóa công nghệ thông tin và chuyển đổi số trong lĩnh vực chứng khoán và thị trường chứng khoán.

- Tổ chức nghiên cứu khoa học; tổ chức, phối hợp với các cơ quan, tổ chức liên quan đào tạo, bồi dưỡng, tập huấn người hành nghề chứng khoán.

- Thực hiện hợp tác quốc tế và làm đầu mối thực hiện các điều ước quốc tế, thỏa thuận quốc tế trong lĩnh vực chứng khoán và thị trường chứng khoán mà nước Cộng hòa xã hội chủ nghĩa Việt Nam là thành viên.

- Giám sát tổ chức xã hội - nghề nghiệp về chứng khoán trong việc thực hiện mục đích, tôn chỉ, Điều lệ hoạt động; chấp thuận bộ quy tắc đạo đức nghề nghiệp của tổ chức xã hội - nghề nghiệp chứng khoán; xử lý hoặc kiến nghị cơ quan nhà nước có thẩm quyền xử lý các vi phạm pháp luật của các tổ chức xã hội - nghề nghiệp theo phân cấp của Bộ trưởng Bộ Tài chính và quy định của pháp luật.

- Quản lý tổ chức bộ máy, biên chế công chức, số lượng người làm việc trong đơn vị sự nghiệp công lập; vị trí việc làm, cơ cấu công chức theo ngạch, cơ cấu viên chức theo chức danh nghề nghiệp; quyết định luân chuyển, điều động, biệt phái, bổ nhiệm, bổ nhiệm lại, miễn nhiệm, cách chức, nghỉ hưu, thôi việc, khen thưởng, kỷ luật; thực hiện chế độ tiền lương, chế độ chính sách, đào tạo, bồi dưỡng đối với công chức, viên chức, người lao động thuộc thẩm quyền quản lý của Ủy ban Chứng khoán Nhà nước theo phân cấp của Bộ trưởng Bộ Tài chính và quy định của pháp luật.

- Thực hiện công tác pháp chế theo quy định của pháp luật và phân công, phân cấp của Bộ trưởng Bộ Tài chính; thực hiện cải cách hành chính theo mục tiêu và nội dung chương trình cải cách hành chính được Bộ trưởng Bộ Tài chính phê duyệt.

- Quản lý kinh phí do ngân sách nhà nước cấp và các nguồn kinh phí khác; quản lý tài sản, các dự án đầu tư xây dựng được giao theo quy định của pháp luật và theo phân cấp của Bộ trưởng Bộ Tài chính;

Thực hiện chế độ tự chủ về sử dụng biên chế và kinh phí hoạt động theo quy định của cấp có thẩm quyền; thực hiện phòng, chống tham nhũng, tiêu cực và thực hành tiết kiệm, chống lãng phí trong việc sử dụng tài sản, kinh phí được giao theo quy định của pháp luật.

- Thực hiện các nhiệm vụ, quyền hạn khác theo quy định của Luật Chứng khoán 2019, pháp luật có liên quan và các nhiệm vụ, quyền hạn khác do Bộ trưởng Bộ Tài chính giao.

Điều 1. Vị trí và chức năng

Ủy ban Chứng khoán Nhà nước là đơn vị thuộc Bộ Tài chính, thực hiện chức năng tham mưu, giúp Bộ trưởng Bộ Tài chính quản lý nhà nước về chứng khoán và thị trường chứng khoán; tổ chức thực thi pháp luật về chứng khoán và thị trường chứng khoán theo quy định pháp luật và phân cấp, ủy quyền của Bộ trưởng Bộ Tài chính.

Ủy ban Chứng khoán Nhà nước có tư cách pháp nhân, con dấu hình Quốc huy, được mở tài khoản tại Kho bạc Nhà nước, có trụ sở tại thành phố Hà Nội.

Điều 4. Lãnh đạo Ủy ban Chứng khoán Nhà nước

1. Ủy ban Chứng khoán Nhà nước có Chủ tịch và một số Phó Chủ tịch.

2. Chủ tịch là người đứng đầu Ủy ban Chứng khoán Nhà nước, chịu trách nhiệm trước Bộ trưởng Bộ Tài chính và trước pháp luật về toàn bộ hoạt động của Ủy ban Chứng khoán Nhà nước. Các Phó Chủ tịch chịu trách nhiệm trước Chủ tịch và trước pháp luật về lĩnh vực công tác được phân công phụ trách.","chung-khoan","","","","2026-03-15T00:00:00","https://thuvienphapluat.vn/hoi-dap-phap-luat/tru-so-uy-ban-chung-khoan-nha-nuoc-o-dau-138081925.html","2026-05-21T19:20:23.523225+00:00"
"138081739","Quy định về sử dụng số hiệu tài khoản lưu ký để giao dịch chứng khoán ra sao?","Quy định về sử dụng số hiệu tài khoản lưu ký để giao dịch chứng khoán ra sao?

Thành viên lưu ký có phải tất toán tài khoản lưu ký chứng khoán khi bị thu hồi Giấy chứng nhận đăng ký hoạt động lưu ký chứng khoán?

Thanh toán chứng khoán được thực hiện ở đâu?

Tại Điều 15a Thông tư 121/2020/TT-BTC được sửa đổi bổ sung bởi Điều 12 Thông tư 08/2026/TT-BTC quy định về sử dụng số hiệu tài khoản lưu ký để giao dịch chứng khoán như sau:

(1) Tổ chức kinh doanh chứng khoán nước ngoài đại diện sử dụng số hiệu tài khoản lưu ký của nhà đầu tư nước ngoài để đặt lệnh giao dịch chứng khoán cho nhà đầu tư nước ngoài không cư trú tại công ty chứng khoán.

(2) Công ty chứng khoán phải thực hiện nhận biết nhà đầu tư nước ngoài, tổ chức kinh doanh chứng khoán nước ngoài đại diện theo quy định pháp luật về phòng, chống rửa tiền.

(3) Tổ chức kinh doanh chứng khoán nước ngoài đại diện sử dụng số hiệu tài khoản lưu ký của nhà đầu tư nước ngoài để thực hiện giao dịch mua, bán chứng khoán cho nhà đầu tư nước ngoài trên cơ sở hợp đồng giữa tổ chức kinh doanh chứng khoán nước ngoài đại diện và công ty chứng khoán.

(4) Tổ chức kinh doanh chứng khoán nước ngoài đại diện có trách nhiệm cung cấp thông tin của nhà đầu tư nước ngoài, thông tin về giao dịch chứng khoán của nhà đầu tư nước ngoài khi công ty chứng khoán, cơ quan nhà nước có yêu cầu.

(5) Hợp đồng giữa công ty chứng khoán và tổ chức kinh doanh chứng khoán nước ngoài đại diện phải bao gồm tối thiểu các nội dung sau:

- Thỏa thuận về việc nhận lệnh, đặt lệnh giao dịch chứng khoán;

- Thỏa thuận về giá dịch vụ giao dịch chứng khoán và chi phí khác phát sinh khi thực hiện giao dịch;

- Thỏa thuận về việc xác thực nhà đầu tư nước ngoài, xác thực tổ chức kinh doanh chứng khoán nước ngoài đại diện, xác nhận lệnh giao dịch trước khi nhập lệnh vào hệ thống giao dịch;

- Việc cung cấp thông tin của nhà đầu tư nước ngoài, thông tin về giao dịch chứng khoán của nhà đầu tư nước ngoài khi công ty chứng khoán, cơ quan nhà nước có yêu cầu;

- Việc xác nhận thực hiện nghĩa vụ thanh toán tiền của nhà đầu tư với công ty chứng khoán khi thực hiện giao dịch mua cổ phiếu không yêu cầu có đủ tiền khi đặt lệnh;

- Thỏa thuận về nghĩa vụ thanh toán giao dịch của nhà đầu tư nước ngoài là tổ chức trong trường hợp nhà đầu tư không có đủ tiền và các chi phí phát sinh khác (nếu có);

- Thỏa thuận về nghĩa vụ, quyền hạn, trách nhiệm của các bên tham gia hợp đồng và các bên có liên quan (nếu có).

(6) Khi nhận lệnh giao dịch chứng khoán của nhà đầu tư nước ngoài qua tổ chức kinh doanh chứng khoán nước ngoài đại diện, công ty chứng khoán, tổ chức kinh doanh chứng khoán nước ngoài đại diện phải thực hiện theo nguyên tắc sau:

- Công ty chứng khoán phải có biện pháp để xác định, đối chiếu đảm bảo lệnh được nhận từ tổ chức kinh doanh chứng khoán nước ngoài đại diện mà tổ chức này là một bên của hợp đồng theo quy định tại khoản 5 Điều này; đảm bảo ghi nhận đầy đủ thông tin tại thời điểm nhận lệnh, lưu giữ bằng chứng chứng minh về việc đặt lệnh, xác nhận lệnh do tổ chức kinh doanh chứng khoán nước ngoài đại diện đặt lệnh cho nhà đầu tư nước ngoài để tra cứu khi cần thiết;

- Tổ chức kinh doanh chứng khoán nước ngoài đại diện có biện pháp đảm bảo ghi nhận đầy đủ thông tin, bằng chứng về việc đặt lệnh của nhà đầu tư nước ngoài để tra cứu khi cần thiết.

Quy định về sử dụng số hiệu tài khoản lưu ký để giao dịch chứng khoán ra sao? (Hình từ Internet)

Tại Điều 60 Luật Chứng khoán 2019 quy định về đình chỉ hoạt động lưu ký chứng khoán, thu hồi Giấy chứng nhận đăng ký hoạt động lưu ký chứng khoán như sau:

Như vậy, thành viên lưu ký bị thu hồi Giấy chứng nhận đăng ký hoạt động lưu ký chứng khoán thì phải làm thủ tục tất toán tài khoản lưu ký chứng khoán.

Tại khoàn 2 Điều 63 Luật Chứng khoán 2019 quy định thanh toán chứng khoán được thực hiện trên hệ thống tài khoản lưu ký tại Tổng công ty lưu ký và bù trừ chứng khoán Việt Nam, thanh toán tiền giao dịch chứng khoán được thực hiện qua ngân hàng thanh toán và phải tuân thủ nguyên tắc chuyển giao chứng khoán đồng thời với thanh toán tiền.

Điều 60. Đình chỉ hoạt động lưu ký chứng khoán, thu hồi Giấy chứng nhận đăng ký hoạt động lưu ký chứng khoán

1. Tổng công ty lưu ký và bù trừ chứng khoán Việt Nam đình chỉ hoạt động lưu ký chứng khoán của thành viên lưu ký tối đa là 90 ngày trong các trường hợp sau đây:

a) Thường xuyên vi phạm nghĩa vụ của thành viên lưu ký theo quy định của Luật này và quy chế của Tổng công ty lưu ký và bù trừ chứng khoán Việt Nam;

b) Để xảy ra thiếu sót gây thiệt hại nghiêm trọng cho khách hàng.

2. Ủy ban Chứng khoán Nhà nước thu hồi Giấy chứng nhận đăng ký hoạt động lưu ký chứng khoán của công ty chứng khoán, ngân hàng thương mại, chi nhánh ngân hàng nước ngoài trong các trường hợp sau đây:

a) Hết thời hạn bị đình chỉ hoạt động lưu ký chứng khoán mà không khắc phục được các vi phạm, thiếu sót quy định tại khoản 1 Điều này;

b) Không tiến hành hoạt động lưu ký chứng khoán trong thời hạn 12 tháng kể từ ngày được cấp Giấy chứng nhận đăng ký hoạt động lưu ký chứng khoán;

c) Bị thu hồi Giấy phép thành lập và hoạt động;

d) Bị chấm dứt tồn tại, chuyển đổi loại hình doanh nghiệp theo quy định của Luật Doanh nghiệp;

đ) Tự nguyện chấm dứt hoạt động lưu ký chứng khoán sau khi được Ủy ban Chứng khoán Nhà nước chấp thuận;

e) Không đáp ứng các điều kiện đăng ký hoạt động lưu ký chứng khoán quy định tại Điều 57 của Luật này.

3. Khi bị thu hồi Giấy chứng nhận đăng ký hoạt động lưu ký chứng khoán, thành viên lưu ký phải làm thủ tục tất toán tài khoản lưu ký chứng khoán theo quy chế của Tổng công ty lưu ký và bù trừ chứng khoán Việt Nam.","chung-khoan","","","","2026-02-27T00:00:00","https://thuvienphapluat.vn/hoi-dap-phap-luat/quy-dinh-ve-su-dung-so-hieu-tai-khoan-luu-ky-de-giao-dich-chung-khoan-ra-sao-138081739.html","2026-05-21T19:20:29.156874+00:00"
"138078405","Công ty chứng khoán tham gia hệ thống lưu ký và thanh toán giao dịch các bon từ 19/01/2026 cần đáp ứng điều kiện gì?","Thành viên lưu ký các bon là gì?

Công ty chứng khoán tham gia hệ thống lưu ký và thanh toán giao dịch các bon từ 19/01/2026 cần đáp ứng điều kiện gì?

Quyền và nghĩa vụ của thành viên lưu ký các bon như thế nào?

Căn cứ tại khoản 9 Điều 3 Nghị định 29/2026/NĐ-CP quy định như sau:

Như vậy, thành viên lưu ký các bon (sau đây gọi tắt là thành viên lưu ký hạn ngạch phát thải khí nhà kính, tín chỉ các bon) là công ty chứng khoán được Tổng công ty lưu ký và bù trừ chứng khoán Việt Nam chấp thuận tham gia hệ thống lưu ký và thanh toán giao dịch các bon.

Trên đây là thông tin: Thành viên lưu ký các bon là gì?

Công ty chứng khoán tham gia hệ thống lưu ký và thanh toán giao dịch các bon từ 19/01/2026 cần đáp ứng điều kiện gì? (Hình từ Internet)

Căn cứ tại khoản 1 Điều 22 Nghị định 29/2026/NĐ-CP quy định như sau:

Như vậy, công ty chứng khoán tham gia hệ thống lưu ký và thanh toán giao dịch các bon cần đáp ứng điều kiện như sau:

- Là công ty chứng khoán đã được Tổng công ty lưu ký và bù trừ chứng khoán Việt Nam cấp Giấy chứng nhận thành viên lưu ký theo pháp luật chứng khoán;

- Không trong tình trạng cảnh báo, kiểm soát, kiểm soát đặc biệt, đình chỉ hoạt động theo quy định của pháp luật về chứng khoán;

- Đáp ứng yêu cầu về hạ tầng công nghệ thông tin, quy trình nghiệp vụ theo yêu cầu của Tổng công ty lưu ký và bù trừ chứng khoán Việt Nam.

Căn cứ theo Điều 23 Nghị định 29/2026/NĐ-CP quy định về quyền và nghĩa vụ của thành viên lưu ký các bon như sau:

- Quyền của thành viên lưu ký các-bon:

+ Cung cấp dịch vụ lưu ký và thanh toán giao dịch hạn ngạch phát thải khí nhà kính, tín chỉ các-bon cho khách hàng;

+ Thu tiền cung cấp dịch vụ từ khách hàng theo quy định của pháp luật.

- Nghĩa vụ của thành viên lưu ký các-bon:

+ Đảm bảo cơ sở vật chất, kỹ thuật phục vụ cho các hoạt động lưu ký và thanh toán giao dịch hạn ngạch phát thải khí nhà kính, tín chỉ các-bon;

+ Duy trì yêu cầu về hạ tầng công nghệ thông tin, quy trình nghiệp vụ theo yêu cầu của Tổng công ty lưu ký và bù trừ chứng khoán Việt Nam;

+ Lưu trữ, bảo mật tài khoản và hồ sơ của khách hàng theo quy định của pháp luật;

+ Cung cấp thông tin liên quan đến tài khoản của chủ thể tham gia giao dịch là khách hàng theo yêu cầu của cơ quan có thẩm quyền;

+ Tuân thủ nghĩa vụ báo cáo và nghĩa vụ khác theo quy định của pháp luật và quy chế của Tổng công ty lưu ký và bù trừ chứng khoán Việt Nam;

+ Quản lý tách biệt hạn ngạch phát thải khí nhà kính, tín chỉ các-bon với các loại tài sản khác của khách hàng và tài sản của thành viên lưu ký các-bon.

Điều 3. Giải thích từ ngữ

Trong Nghị định này, các từ ngữ dưới đây được hiểu như sau:

[...]

8. Thành viên giao dịch hạn ngạch phát thải khí nhà kính, tín chỉ các-bon (sau đây gọi tắt là thành viên giao dịch các-bon) là công ty chứng khoán được Sở Giao dịch chứng khoán Việt Nam chấp thuận tham gia hệ thống giao dịch các-bon.

9. Thành viên lưu ký hạn ngạch phát thải khí nhà kính, tín chỉ các-bon (sau đây gọi tắt là thành viên lưu ký các-bon) là công ty chứng khoán được Tổng công ty lưu ký và bù trừ chứng khoán Việt Nam chấp thuận tham gia hệ thống lưu ký và thanh toán giao dịch các bon.

[...]

Điều 22. Yêu cầu, hồ sơ, trình tự, thủ tục đăng ký tham gia hệ thống lưu ký và thanh toán giao dịch các-bon

1. Thành viên lưu ký các-bon phải đáp ứng các yêu cầu sau:

a) Là công ty chứng khoán đã được Tổng công ty lưu ký và bù trừ chứng khoán Việt Nam cấp Giấy chứng nhận thành viên lưu ký theo pháp luật chứng khoán;

b) Không trong tình trạng cảnh báo, kiểm soát, kiểm soát đặc biệt, đình chỉ hoạt động theo quy định của pháp luật về chứng khoán;

c) Đáp ứng yêu cầu về hạ tầng công nghệ thông tin, quy trình nghiệp vụ theo yêu cầu của Tổng công ty lưu ký và bù trừ chứng khoán Việt Nam.

[....]","chung-khoan","","","","2026-02-15T00:00:00","https://thuvienphapluat.vn/hoi-dap-phap-luat/cong-ty-chung-khoan-tham-gia-he-thong-luu-ky-va-thanh-toan-giao-dich-cac-bon-tu-19012026-can-dap-un-138078405.html","2026-05-21T19:20:37.302270+00:00"
"138080203","Nhà đầu tư mở tài khoản giao dịch chứng khoán cần tuân thủ quy định gì từ 03/02/2026?","Nhà đầu tư mở tài khoản giao dịch chứng khoán cần tuân thủ quy định gì từ 03/02/2026?

Nhà đầu tư có đủ tiền khi đặt lệnh mua chứng khoán, ngoại trừ trường hợp nào?

Chào bán chứng khoán ra công chúng phải đáp ứng điều kiện gì?

Căn cứ tại khoản 1 Điều 6 Thông tư 120/2020/TT-BTC được sửa đổi bởi khoản 1 Điều 4 Thông tư 08/2026/TT-BTC từ 03/02/2026, nhà đầu tư mở tài khoản giao dịch chứng khoán cần tuân thủ quy định như sau:

- Nhà đầu tư mở tài khoản giao dịch chứng khoán tại công ty chứng khoán là thành viên giao dịch để thực hiện giao dịch chứng khoán; đối với nhà đầu tư nước ngoài không cư trú, việc đặt lệnh giao dịch chứng khoán được thực hiện thông qua tổ chức kinh doanh chứng khoán nước ngoài đại diện bằng số hiệu tài khoản lưu ký của nhà đầu tư nước ngoài hoặc do nhà đầu tư nước ngoài trực tiếp thực hiện bằng tài khoản giao dịch của chính mình;

- Kể từ ngày hoạt động bù trừ, thanh toán giao dịch chứng khoán theo cơ chế đối tác bù trừ trung tâm được triển khai thực hiện, nhà đầu tư phải có tài khoản ký quỹ bù trừ tại thành viên bù trừ trước khi thực hiện giao dịch chứng khoán. Việc mở tài khoản ký quỹ bù trừ của nhà đầu tư thực hiện theo pháp luật về bù trừ, thanh toán giao dịch chứng khoán.

Trên đây là thông tin: Nhà đầu tư mở tài khoản giao dịch chứng khoán cần tuân thủ quy định gì từ 03/02/2026?

Nhà đầu tư mở tài khoản giao dịch chứng khoán cần tuân thủ quy định gì từ 03/02/2026? (Hình từ Internet)

Căn cứ tại điểm a khoản 1 Điều 7 Thông tư 120/2020/TT-BTC được sửa đổi bởi khoản 1 Điều 1 Thông tư 68/2024/TT-BTC quy định về trong thời gian chưa triển khai hoạt động bù trừ, thanh toán giao dịch chứng khoán theo cơ chế đối tác bù trừ trung tâm, giao dịch mua chứng khoán được nhà đầu tư phải có đủ tiền khi đặt lệnh mua chứng khoán, ngoại trừ các trường hợp sau:

- Nhà đầu tư giao dịch ký quỹ theo quy định tại Điều 9 Thông tư 120/2020/TT-BTC;

- Tổ chức thành lập theo pháp luật nước ngoài tham gia đầu tư trên thị trường chứng khoán Việt Nam (sau đây gọi là nhà đầu tư nước ngoài là tổ chức) mua cổ phiếu không yêu cầu có đủ tiền khi đặt lệnh theo quy định tại Điều 9a Thông tư 120/2020/TT-BTC”

Căn cứ theo Điều 15 Luật Chứng khoán 2019 được sửa đổi bởi khoản 6 Điều 1 Luật Sửa đổi Luật Chứng khoán, Luật Kế toán, Luật Kiểm toán độc lập, Luật Ngân sách Nhà nước, Luật Quản lý, sử dụng tài sản công, Luật Quản lý thuế, Luật Thuế thu nhập cá nhân, Luật Dự trữ quốc gia, Luật Xử lý vi phạm hành chính 2024 quy định chào bán chứng khoán ra công chúng phải đáp ứng điều kiện sau:

[1] Điều kiện chào bán cổ phiếu lần đầu ra công chúng của công ty cổ phần bao gồm:

- Mức vốn điều lệ đã góp tại thời điểm đăng ký chào bán từ 30 tỷ đồng trở lên tính theo giá trị ghi trên sổ kế toán;

- Hoạt động kinh doanh của 02 năm liên tục liền trước năm đăng ký chào bán phải có lãi, đồng thời không có lỗ lũy kế tính đến năm đăng ký chào bán;

- Có phương án phát hành và phương án sử dụng vốn thu được từ đợt chào bán cổ phiếu được Đại hội đồng cổ đông thông qua;

- Tối thiểu là 15% số cổ phiếu có quyền biểu quyết của tổ chức phát hành phải được bán cho ít nhất 100 nhà đầu tư không phải là cổ đông lớn; trường hợp vốn điều lệ của tổ chức phát hành từ 1.000 tỷ đồng trở lên, tỷ lệ tối thiểu là 10% số cổ phiếu có quyền biểu quyết của tổ chức phát hành;

- Cổ đông lớn trước thời điểm chào bán cổ phiếu lần đầu ra công chúng của tổ chức phát hành phải cam kết cùng nhau nắm giữ ít nhất 20% vốn điều lệ của tổ chức phát hành tối thiểu là 01 năm kể từ ngày kết thúc đợt chào bán;

- Tổ chức phát hành không thuộc trường hợp đang bị truy cứu trách nhiệm hình sự hoặc đã bị kết án về một trong các tội xâm phạm trật tự quản lý kinh tế mà chưa được xóa án tích;

- Có công ty chứng khoán tư vấn hồ sơ đăng ký chào bán cổ phiếu ra công chúng, trừ trường hợp tổ chức phát hành là công ty chứng khoán;

- Có cam kết và phải thực hiện niêm yết hoặc đăng ký giao dịch cổ phiếu trên hệ thống giao dịch chứng khoán sau khi kết thúc đợt chào bán;

- Tổ chức phát hành phải mở tài khoản phong tỏa nhận tiền mua cổ phiếu của đợt chào bán.

[2] Điều kiện chào bán thêm cổ phiếu ra công chúng của công ty đại chúng bao gồm:

- Mức vốn điều lệ đã góp tại thời điểm đăng ký chào bán từ 30 tỷ đồng trở lên tính theo giá trị ghi trên sổ kế toán

- Có phương án phát hành và phương án sử dụng vốn thu được từ đợt chào bán cổ phiếu được Đại hội đồng cổ đông thông qua

- Tổ chức phát hành không thuộc trường hợp đang bị truy cứu trách nhiệm hình sự hoặc đã bị kết án về một trong các tội xâm phạm trật tự quản lý kinh tế mà chưa được xóa án tích

- Có công ty chứng khoán tư vấn hồ sơ đăng ký chào bán cổ phiếu ra công chúng, trừ trường hợp tổ chức phát hành là công ty chứng khoán

- Có cam kết và phải thực hiện niêm yết hoặc đăng ký giao dịch cổ phiếu trên hệ thống giao dịch chứng khoán sau khi kết thúc đợt chào bán

- Tổ chức phát hành phải mở tài khoản phong tỏa nhận tiền mua cổ phiếu của đợt chào bán

- Hoạt động kinh doanh của năm liền trước năm đăng ký chào bán phải có lãi, đồng thời không có lỗ lũy kế tính đến năm đăng ký chào bán

- Giá trị cổ phiếu phát hành thêm theo mệnh giá không lớn hơn tổng giá trị cổ phiếu đang lưu hành tính theo mệnh giá, trừ trường hợp có bảo lãnh phát hành với cam kết nhận mua toàn bộ cổ phiếu của tổ chức phát hành để bán lại hoặc mua số cổ phiếu còn lại chưa được phân phối hết của tổ chức phát hành, phát hành tăng vốn từ nguồn vốn chủ sở hữu, phát hành để hoán đổi, hợp nhất, sáp nhập doanh nghiệp

- Đối với đợt chào bán ra công chúng nhằm mục đích huy động phần vốn để thực hiện dự án của tổ chức phát hành, số cổ phiếu được bán cho các nhà đầu tư phải đạt tối thiểu 70% số cổ phiếu dự kiến được chào bán, trừ trường hợp chào bán cho các cổ đông hiện hữu theo tỷ lệ sở hữu. Tổ chức phát hành phải có phương án bù đắp phần thiếu hụt vốn dự kiến huy động để thực hiện dự án

[3] Điều kiện chào bán trái phiếu ra công chúng bao gồm:

- Doanh nghiệp có mức vốn điều lệ đã góp tại thời điểm đăng ký chào bán từ 30 tỷ đồng trở lên tính theo giá trị ghi trên sổ kế toán;

- Hoạt động kinh doanh của năm liền trước năm đăng ký chào bán phải có lãi, đồng thời không có lỗ lũy kế tính đến năm đăng ký chào bán; không có các khoản nợ phải trả quá hạn trên 01 năm;

- Có phương án phát hành, phương án sử dụng và trả nợ vốn thu được từ đợt chào bán được Đại hội đồng cổ đông hoặc Hội đồng quản trị hoặc Hội đồng thành viên hoặc chủ sở hữu công ty thông qua;

- Có cam kết thực hiện nghĩa vụ của tổ chức phát hành đối với nhà đầu tư về điều kiện phát hành, thanh toán, bảo đảm quyền và lợi ích hợp pháp của nhà đầu tư và các điều kiện khác;

- Có công ty chứng khoán tư vấn hồ sơ đăng ký chào bán trái phiếu ra công chúng, trừ trường hợp tổ chức phát hành là công ty chứng khoán;

- Tổ chức phát hành không thuộc trường hợp đang bị truy cứu trách nhiệm hình sự hoặc đã bị kết án về một trong các tội xâm phạm trật tự quản lý kinh tế mà chưa được xóa án tích

- Đáp ứng quy định của Chính phủ về đại diện người sở hữu trái phiếu, hệ số nợ, giá trị phát hành trên vốn chủ sở hữu và xếp hạng tín nhiệm

Tổ chức phát hành phải mở tài khoản phong tỏa nhận tiền mua trái phiếu của đợt chào bán;

- Tổ chức phát hành có cam kết và phải thực hiện niêm yết trái phiếu trên hệ thống giao dịch chứng khoán sau khi kết thúc đợt chào bán.

[4] Điều kiện chào bán trái phiếu chuyển đổi ra công chúng

- Mức vốn điều lệ đã góp tại thời điểm đăng ký chào bán từ 30 tỷ đồng trở lên tính theo giá trị ghi trên sổ kế toán

- Có phương án phát hành và phương án sử dụng vốn thu được từ đợt chào bán cổ phiếu được Đại hội đồng cổ đông thông qua

- Tổ chức phát hành không thuộc trường hợp đang bị truy cứu trách nhiệm hình sự hoặc đã bị kết án về một trong các tội xâm phạm trật tự quản lý kinh tế mà chưa được xóa án tích

- Có công ty chứng khoán tư vấn hồ sơ đăng ký chào bán cổ phiếu ra công chúng, trừ trường hợp tổ chức phát hành là công ty chứng khoán

- Có cam kết và phải thực hiện niêm yết hoặc đăng ký giao dịch cổ phiếu trên hệ thống giao dịch chứng khoán sau khi kết thúc đợt chào bán

- Tổ chức phát hành phải mở tài khoản phong tỏa nhận tiền mua cổ phiếu của đợt chào bán

- Hoạt động kinh doanh của năm liền trước năm đăng ký chào bán phải có lãi, đồng thời không có lỗ lũy kế tính đến năm đăng ký chào bán

- Giá trị cổ phiếu phát hành thêm theo mệnh giá không lớn hơn tổng giá trị cổ phiếu đang lưu hành tính theo mệnh giá, trừ trường hợp có bảo lãnh phát hành với cam kết nhận mua toàn bộ cổ phiếu của tổ chức phát hành để bán lại hoặc mua số cổ phiếu còn lại chưa được phân phối hết của tổ chức phát hành, phát hành tăng vốn từ nguồn vốn chủ sở hữu, phát hành để hoán đổi, hợp nhất, sáp nhập doanh nghiệp

- Đối với đợt chào bán ra công chúng nhằm mục đích huy động phần vốn để thực hiện dự án của tổ chức phát hành, số cổ phiếu được bán cho các nhà đầu tư phải đạt tối thiểu 70% số cổ phiếu dự kiến được chào bán, trừ trường hợp chào bán cho các cổ đông hiện hữu theo tỷ lệ sở hữu. Tổ chức phát hành phải có phương án bù đắp phần thiếu hụt vốn dự kiến huy động để thực hiện dự án

- Có cam kết thực hiện nghĩa vụ của tổ chức phát hành đối với nhà đầu tư về điều kiện phát hành, thanh toán, bảo đảm quyền và lợi ích hợp pháp của nhà đầu tư và các điều kiện khác

[5] Điều kiện chào bán chứng chỉ quỹ lần đầu ra công chúng bao gồm:

- Tổng giá trị chứng chỉ quỹ đăng ký chào bán tối thiểu là 50 tỷ đồng;

- Có phương án phát hành và phương án đầu tư vốn thu được từ đợt chào bán chứng chỉ quỹ phù hợp với quy định của Luật này;

- Phải được giám sát bởi ngân hàng giám sát theo quy định của Luật này;

- Chứng chỉ quỹ chào bán ra công chúng phải được niêm yết trên hệ thống giao dịch chứng khoán sau khi kết thúc đợt chào bán, trừ trường hợp chào bán chứng chỉ quỹ mở.

Lưu ý: Chính phủ quy định điều kiện, hồ sơ chào bán chứng khoán ra công chúng để chuyển doanh nghiệp nhà nước, công ty trách nhiệm hữu hạn một thành viên do doanh nghiệp nhà nước nắm giữ 100% vốn điều lệ, đơn vị sự nghiệp công lập thành công ty cổ phần; chào bán cổ phiếu với giá thấp hơn mệnh giá; chào bán chứng khoán ra công chúng của cổ đông công ty đại chúng; chào bán chứng khoán ra công chúng của tổ chức tín dụng được kiểm soát đặc biệt; chào bán chứng khoán ra nước ngoài và các trường hợp chào bán, phát hành khác.

Lưu ý: Thông tư 08/2026/TT-BTC có hiệu lực thi hành kể từ ngày 03/02/2026.","chung-khoan","","","","2026-02-07T00:00:00","https://thuvienphapluat.vn/hoi-dap-phap-luat/nha-dau-tu-mo-tai-khoan-giao-dich-chung-khoan-can-tuan-thu-quy-dinh-gi-tu-03022026-138080203.html","2026-05-21T19:20:44.914348+00:00"
"138079543","Mức phòng vệ thanh khoản là gì? Nguyên tắc áp dụng mức phòng vệ thanh khoản là gì?","Mức phòng vệ thanh khoản là gì? Nguyên tắc áp dụng mức phòng vệ thanh khoản là gì?

Công ty quản lý quỹ phải hoàn thành việc phân phối chứng chỉ quỹ trong thời hạn bao lâu?

Chi phí của quỹ đầu tư chứng khoán là những khoản nào?

Tại khoản 9 Điều 33 Thông tư 98/2020/TT-BTC được bổ sung bởi khoản 2, 6 Điều 15 Thông tư 136/2025/TT-BTC (có hiệu lực thi hành từ ngày 12/2/2026) quy định về mức phòng vệ thanh khoản như sau:

Mức phòng vệ thanh khoản là mức áp dụng đối với nhà đầu tư khi thực hiện bán chứng chỉ quỹ mở trong điều kiện tính thanh khoản của quỹ mở sụt giảm do nguyên nhân bất khả kháng.

Việc áp dụng mức phòng vệ thanh khoản đảm bảo các nguyên tắc sau:

- Công ty quản lý quỹ phải xây dựng chính sách về việc áp dụng mức phòng vệ thanh khoản cho từng quỹ, trong đó tối thiểu bao gồm các nội dung về các trường hợp áp dụng mức phòng vệ thanh khoản, mức phòng vệ thanh khoản tối đa, ảnh hưởng của việc áp dụng mức phòng vệ thanh khoản đối với nhà đầu tư, các trường hợp dừng áp dụng mức phòng vệ thanh khoản. Chính sách này phải được Đại hội nhà đầu tư phê duyệt và cập nhật tại Bản cáo bạch. Việc áp dụng mức phòng vệ thanh khoản trong từng trường hợp cụ thể phải được Đại hội nhà đầu tư quyết định hoặc giao cho Ban đại diện quỹ quyết định theo quy định tại chính sách về việc áp dụng mức phòng vệ thanh khoản. Toàn bộ số tiền thu được từ mức phòng vệ thanh khoản nêu trên phải được tính vào thu nhập của quỹ.

- Mức phòng vệ thanh khoản tính theo tỷ lệ phần trăm của giá trị tài sản ròng trên một chứng chỉ quỹ tại ngày giao dịch chứng chỉ quỹ. Mức phòng vệ thanh khoản tối đa phải được quy định tại Điều lệ quỹ và Bản cáo bạch. Mức phòng vệ thanh khoản cụ thể được quy định tại Bản cáo bạch hoặc công bố trên trang thông tin điện tử của công ty quản lý quỹ, đại lý phân phối.

- Thời điểm áp dụng mức phòng vệ thanh khoản là 01 ngày làm việc kể từ ngày công ty quản lý quỹ công bố thông tin trên trang thông tin điện tử của Ủy ban Chứng khoán Nhà nước, công ty quản lý quỹ và thông báo tới đại lý phân phối, tổ chức cung cấp dịch vụ có liên quan về việc áp dụng mức phòng vệ thanh khoản. Nội dung công bố thông tin, thông báo bao gồm nguyên nhân áp dụng mức phòng vệ thanh khoản, thời điểm áp dụng, mức phòng vệ thanh khoản cụ thể, nguyên tắc xác định giá trị thanh toán cho nhà đầu tư khi áp dụng mức phòng vệ thanh khoản.

- Công ty quản lý quỹ phải dừng áp dụng mức phòng vệ thanh khoản, đồng thời công bố thông tin trên trang thông tin điện tử của Ủy ban Chứng khoán Nhà nước, công ty quản lý quỹ, thông báo tới đại lý phân phối, tổ chức cung cấp dịch vụ có liên quan về việc dừng áp dụng mức phòng vệ thanh khoản trong thời hạn 24 giờ kể từ khi sự kiện về tính thanh khoản bị sụt giảm của quỹ chấm dứt.

- Đại lý phân phối có trách nhiệm cung cấp thông tin cho nhà đầu tư về việc áp dụng, dừng áp dụng mức phòng vệ thanh khoản ngay sau khi nhận được thông báo của công ty quản lý quỹ.

Mức phòng vệ thanh khoản là gì? Nguyên tắc áp dụng mức phòng vệ thanh khoản là gì? (Hình từ Internet)

Tại Điều 14 Thông tư 98/2020/TT-BTC quy định như sau:

Như vậy, công ty quản lý quỹ phải hoàn thành việc phân phối chứng chỉ quỹ trong thời hạn 90 ngày kể từ ngày Giấy chứng nhận đăng ký chào bán chứng chỉ quỹ ra công chúng có hiệu lực.

Trường hợp không thể hoàn thành việc phân phối chứng chỉ quỹ trong thời hạn này, công ty quản lý quỹ được gia hạn thời gian phân phối chứng chỉ quỹ theo quy định.

Tại Điều 8 Thông tư 98/2020/TT-BTC quy định chi phí của quỹ đầu tư chứng khoán là các khoản sau:

- Chi phí quản lý quỹ trả cho công ty quản lý quỹ.

- Chi phí lưu ký tài sản quỹ, chi phí giám sát (nếu có) trả cho ngân hàng lưu ký hoặc ngân hàng giám sát.

- Chi phí kiểm toán trả cho tổ chức kiểm toán.

- Chi phí thẩm định giá trả cho các doanh nghiệp thẩm định giá (nếu có); chi phí dịch vụ tư vấn pháp lý, dịch vụ báo giá và các dịch vụ hợp lý khác, thù lao trả cho Ban đại diện quỹ.

- Chi phí dự thảo, in ấn, gửi Bản cáo bạch, Bản cáo bạch tóm tắt, báo cáo tài chính và các tài liệu khác cho thành viên góp vốn; chi phí công bố thông tin của quỹ; chi phí tổ chức họp Đại hội nhà đầu tư, Ban đại diện quỹ.

- Chi phí liên quan đến thực hiện các giao dịch tài sản của quỹ và các chi phí khác theo quy định của pháp luật.

- Chi phí liên quan đến việc chuyển đổi ngân hàng lưu ký, ngân hàng giám sát (nếu có) hoặc các tổ chức cung cấp dịch vụ khác.

Điều 14. Phân phối chứng chỉ quỹ

1. Công ty quản lý quỹ, đại lý phân phối, tổ chức bảo lãnh phát hành (nếu có) phải phân phối chứng chỉ quỹ một cách công bằng, công khai, bảo đảm thời hạn đăng ký mua chứng chỉ quỹ cho nhà đầu tư tối thiểu là 20 ngày; thời hạn này phải được ghi trong bản thông báo chào bán.

Trường hợp số lượng chứng chỉ quỹ đăng ký mua vượt quá số lượng chứng chỉ quỹ đăng ký chào bán, công ty quản lý quỹ phải phân phối hết số chứng chỉ quỹ được phép chào bán cho nhà đầu tư tương ứng với tỷ lệ đăng ký mua của từng nhà đầu tư.

2. Công ty quản lý quỹ phải hoàn thành việc phân phối chứng chỉ quỹ trong thời hạn 90 ngày kể từ ngày Giấy chứng nhận đăng ký chào bán chứng chỉ quỹ ra công chúng có hiệu lực. Trường hợp không thể hoàn thành việc phân phối chứng chỉ quỹ trong thời hạn này, công ty quản lý quỹ được gia hạn thời gian phân phối chứng chỉ quỹ theo quy định tại khoản 4 Điều 26 Luật Chứng khoán.

3. Trong thời hạn 03 ngày làm việc kể từ ngày kết thúc thời hạn chào bán, công ty quản lý quỹ công bố thông tin, báo cáo Ủy ban Chứng khoán Nhà nước, đồng thời chịu mọi phí tổn, nghĩa vụ tài chính phát sinh từ việc huy động vốn và hoàn trả cho nhà đầu tư mọi khoản tiền đã góp, bao gồm cả lãi suất (nếu có), khi xảy ra một trong các trường hợp dưới đây:

a) Không đáp ứng các điều kiện quy định tại khoản 1 Điều 108 Luật Chứng khoán;

b) Việc phân phối chứng chỉ quỹ không hoàn tất trong thời hạn dự kiến.

4. Trong thời hạn 15 ngày kể từ ngày kết thúc thời hạn chào bán, công ty quản lý quỹ phải hoàn tất việc trả tiền cho nhà đầu tư theo quy định tại khoản 3 Điều này, đồng thời chịu mọi chi phí phát sinh từ việc huy động vốn.

5. Việc đình chỉ, hủy bỏ đợt chào bán chứng chỉ quỹ thực hiện theo quy định tại Điều 27 và Điều 28 Luật Chứng khoán.

6. Trường hợp phát hành thêm chứng chỉ quỹ đóng để tăng vốn, trình tự, thủ tục thông báo phát hành, phân phối quyền mua thực hiện theo quy định tại Điều 13, khoản 1, 2 Điều này và các quy định khác có liên quan của pháp luật về chứng khoán áp dụng cho tổ chức niêm yết và của pháp luật về doanh nghiệp.","chung-khoan","","","","2026-02-06T00:00:00","https://thuvienphapluat.vn/hoi-dap-phap-luat/muc-phong-ve-thanh-khoan-la-gi-nguyen-tac-ap-dung-muc-phong-ve-thanh-khoan-la-gi-138079543.html","2026-05-21T19:22:09.650868+00:00"
"138080126","Lịch nghỉ tết nguyên đán 2026 sàn HNX thế nào?","Lịch nghỉ tết nguyên đán 2026 sàn HNX thế nào?

Điều kiện chào bán thêm cổ phiếu ra công chúng của công ty đại chúng là gì?

Công ty đại chúng có được mua lại cổ phiếu của chính mình không?

Sàn HNX hay còn có tên gọi khác là Sở Giao dịch Chứng khoán Hà Nội - HNX là tên viết tắt của cụm từ tiếng anh “Hanoi Stock Exchange”. HNX chính là sàn giao dịch chứng khoán cho các cổ phiếu của công ty đại chúng niêm yết do Sở Giao dịch Chứng khoán Hà Nội tổ chức và quản lý trực tiếp.

Sở Giao dịch Chứng khoán (GDCK) Hà Nội ban hành Thông báo 5305/TB-SGDHN về việc công bố lịch nghỉ giao dịch trong năm 2026

Xem chi tiết Thông báo 5305/TB-SGDHN năm 2025 TẢI VỀ

CHÍNH THỨC: Lịch nghỉ tết nguyên đán 2026 sàn HNX từ ngày 16/02/2026 (29/12/2025 Âm lịch) đến hết thứ Sáu ngày 20/02/2026 (Mùng 4 Tết Âm lịch)

Ngoài ra, Sở Giao dịch Chứng khoán (GDCK) Hà Nội thông báo lịch nghỉ giao dịch trong năm 2026, cụ thể như sau:

STT

Sự kiện

Ngày nghỉ giao dịch theo Luật Lao động

1

Tết Dương lịch

Nghỉ 01 ngày

Thứ Năm ngày 01/01/2026

2

Tết Nguyên Đán

Nghỉ 05 ngày

Nghỉ từ thứ Hai ngày 16/02/2026 (29/12/2025 Âm lịch) đến hết thứ Sáu ngày 20/02/2026 (Mùng 4 Tết Âm lịch)

3

Giỗ Tổ Hùng Vương (Mùng 10/3 âm lịch)

Nghỉ 01 ngày

Nghỉ thứ Hai ngày 27/04/2026

4

Giải phóng miền Nam 30/4 và Quốc tế Lao động 1/5

Nghỉ 02 ngày

Nghỉ từ thứ Năm ngày 30/04/2026 đến hết thứ Sáu ngày 01/05/2026

5

Lễ Quốc khánh 2/9

Nghỉ 03 ngày

Nghỉ từ thứ Hai ngày 31/08/2026 đến hết thứ Tư ngày 02/09/2026 (Hoán đổi ngày làm việc từ thứ Hai ngày 31/08/2026 sang thứ Bảy ngày 22/08/2026). Trong ngày đi làm bù, Sở GDCK Hà Nội không tổ chức giao dịch chứng khoán.

* Trên đây là thông tin về CHÍNH THỨC: Lịch nghỉ tết nguyên đán 2026 sàn HNX thế nào?

Lịch nghỉ tết nguyên đán 2026 sàn HNX thế nào? (Hình từ Internet)

Căn cứ Điều 15 Luật Chứng khoán 2019 được sửa đổi bởi khoản 6 Điều 1 Luật Sửa đổi Luật Chứng khoán, Luật Kế toán, Luật Kiểm toán độc lập, Luật Ngân sách Nhà nước, Luật Quản lý, sử dụng tài sản công, Luật Quản lý thuế, Luật Thuế thu nhập cá nhân, Luật Dự trữ quốc gia, Luật Xử lý vi phạm hành chính 2024 quy định điều kiện chào bán chứng khoán ra công chúng:

Như vậy, điều kiện chào bán thêm cổ phiếu ra công chúng của công ty đại chúng như sau:

- Mức vốn điều lệ đã góp tại thời điểm đăng ký chào bán từ 30 tỷ đồng trở lên tính theo giá trị ghi trên sổ kế toán

- Có phương án phát hành và phương án sử dụng vốn thu được từ đợt chào bán cổ phiếu được Đại hội đồng cổ đông thông qua

- Tổ chức phát hành không thuộc trường hợp đang bị truy cứu trách nhiệm hình sự hoặc đã bị kết án về một trong các tội xâm phạm trật tự quản lý kinh tế mà chưa được xóa án tích

- Có công ty chứng khoán tư vấn hồ sơ đăng ký chào bán cổ phiếu ra công chúng, trừ trường hợp tổ chức phát hành là công ty chứng khoán

- Có cam kết và phải thực hiện niêm yết hoặc đăng ký giao dịch cổ phiếu trên hệ thống giao dịch chứng khoán sau khi kết thúc đợt chào bán

- Tổ chức phát hành phải mở tài khoản phong tỏa nhận tiền mua cổ phiếu của đợt chào bán

- Hoạt động kinh doanh của năm liền trước năm đăng ký chào bán phải có lãi, đồng thời không có lỗ lũy kế tính đến năm đăng ký chào bán

- Giá trị cổ phiếu phát hành thêm theo mệnh giá không lớn hơn tổng giá trị cổ phiếu đang lưu hành tính theo mệnh giá, trừ trường hợp có bảo lãnh phát hành với cam kết nhận mua toàn bộ cổ phiếu của tổ chức phát hành để bán lại hoặc mua số cổ phiếu còn lại chưa được phân phối hết của tổ chức phát hành, phát hành tăng vốn từ nguồn vốn chủ sở hữu, phát hành để hoán đổi, hợp nhất, sáp nhập doanh nghiệp

- Đối với đợt chào bán ra công chúng nhằm mục đích huy động phần vốn để thực hiện dự án của tổ chức phát hành, số cổ phiếu được bán cho các nhà đầu tư phải đạt tối thiểu 70% số cổ phiếu dự kiến được chào bán, trừ trường hợp chào bán cho các cổ đông hiện hữu theo tỷ lệ sở hữu. Tổ chức phát hành phải có phương án bù đắp phần thiếu hụt vốn dự kiến huy động để thực hiện dự án

Căn cứ khoản 1 Điều 36 Luật Chứng khoán 2019 quy định công ty đại chúng mua lại cổ phiếu của chính mình phải đáp ứng các điều kiện sau:

[1] Có quyết định của Đại hội đồng cổ đông thông qua việc mua lại cổ phiếu để giảm vốn điều lệ, phương án mua lại, trong đó nêu rõ số lượng, thời gian thực hiện, nguyên tắc xác định giá mua lại

[2] Có đủ nguồn để mua lại cổ phiếu từ các nguồn sau đây: thặng dư vốn cổ phần, quỹ đầu tư phát triển, lợi nhuận sau thuế chưa phân phối, quỹ khác thuộc vốn chủ sở hữu được sử dụng để bổ sung vốn điều lệ theo quy định của pháp luật

[3] Có công ty chứng khoán được chỉ định thực hiện giao dịch, trừ trường hợp công ty chứng khoán là thành viên của Sở giao dịch chứng khoán Việt Nam mua lại cổ phiếu của chính mình

[4] Đáp ứng các điều kiện theo quy định của pháp luật trong trường hợp công ty đại chúng thuộc ngành, nghề đầu tư kinh doanh có điều kiện

[5] Không thuộc trường hợp sau:

- Đang có nợ phải trả quá hạn căn cứ vào báo cáo tài chính năm gần nhất được kiểm toán; trường hợp thời điểm dự kiến mua lại cổ phiếu quá 06 tháng kể từ thời điểm kết thúc năm tài chính, việc xác định nợ quá hạn được căn cứ vào báo cáo tài chính 06 tháng gần nhất được kiểm toán hoặc soát xét; trừ trường hợp công ty chứng khoán mua lại cổ phiếu của chính mình để sửa lỗi giao dịch hoặc mua lại cổ phiếu lô lẻ.

- Đang trong quá trình chào bán, phát hành cổ phiếu để huy động thêm vốn, trừ trường hợp công ty chứng khoán mua lại cổ phiếu của chính mình để sửa lỗi giao dịch hoặc mua lại cổ phiếu lô lẻ.

Điều 15. Điều kiện chào bán chứng khoán ra công chúng

[...]

2. Điều kiện chào bán thêm cổ phiếu ra công chúng của công ty đại chúng bao gồm:

a) Đáp ứng quy định tại các điểm a, c, e, g, h và i khoản 1 Điều này;

b) Hoạt động kinh doanh của năm liền trước năm đăng ký chào bán phải có lãi, đồng thời không có lỗ lũy kế tính đến năm đăng ký chào bán;

c) Giá trị cổ phiếu phát hành thêm theo mệnh giá không lớn hơn tổng giá trị cổ phiếu đang lưu hành tính theo mệnh giá, trừ trường hợp có bảo lãnh phát hành với cam kết nhận mua toàn bộ cổ phiếu của tổ chức phát hành để bán lại hoặc mua số cổ phiếu còn lại chưa được phân phối hết của tổ chức phát hành, phát hành tăng vốn từ nguồn vốn chủ sở hữu, phát hành để hoán đổi, hợp nhất, sáp nhập doanh nghiệp;

[...]","chung-khoan","","","","2026-02-05T00:00:00","https://thuvienphapluat.vn/hoi-dap-phap-luat/lich-nghi-tet-nguyen-dan-2026-san-hnx-the-nao-138080126.html","2026-05-21T19:22:18.713993+00:00"
"138080122","CHÍNH THỨC: Lịch nghỉ tết âm lịch 2026 sàn HOSE thế nào?","CHÍNH THỨC: Lịch nghỉ tết âm lịch 2026 sàn HOSE thế nào?

Điều kiện chào bán cổ phiếu lần đầu ra công chúng của công ty cổ phần thế nào?

Hồ sơ đăng ký chào bán cổ phiếu lần đầu ra công chúng của công ty cổ phần gồm những giấy tờ gì?

Sàn HOSE (Ho Chi Minh Stock Exchange) là từ viết tắt của Sở Giao dịch Chứng khoán Thành phố Hồ Chí Minh. Sàn HOSE hoạt động dưới sự quản lý của Ủy ban Chứng khoán Nhà nước Việt Nam.

Ngày 9/12/2025, Sở Giao dịch Chứng khoán Thành phố Hồ Chí Minh đã có Thông báo 2294/TB-SGDHCM năm 2025 về việc công bố lịch nghỉ giao dịch trong năm 2026.

Xem chi tiết Thông báo 2294/TB-SGDHCM năm 2025 TẢI VỀ

CHÍNH THỨC: Lịch nghỉ tết âm lịch 2026 sàn HOSE là từ ngày 16/02/2026 (29/12/2025 âm lịch) đến ngày 20/02/2026 (04/01/206 âm lịch)

* Trên đây là thông tin về CHÍNH THỨC: Lịch nghỉ tết âm lịch 2026 sàn HOSE thế nào?

CHÍNH THỨC: Lịch nghỉ tết âm lịch 2026 sàn HOSE thế nào? (Hình từ Internet)

Căn cứ khoản 1 Điều 15 Luật Chứng khoán 2019 quy định điều kiện chào bán cổ phiếu lần đầu ra công chúng của công ty cổ phần như sau:

- Mức vốn điều lệ đã góp tại thời điểm đăng ký chào bán từ 30 tỷ đồng trở lên tính theo giá trị ghi trên sổ kế toán;

- Hoạt động kinh doanh của 02 năm liên tục liền trước năm đăng ký chào bán phải có lãi, đồng thời không có lỗ lũy kế tính đến năm đăng ký chào bán;

- Có phương án phát hành và phương án sử dụng vốn thu được từ đợt chào bán cổ phiếu được Đại hội đồng cổ đông thông qua;

- Tối thiểu là 15% số cổ phiếu có quyền biểu quyết của tổ chức phát hành phải được bán cho ít nhất 100 nhà đầu tư không phải là cổ đông lớn; trường hợp vốn điều lệ của tổ chức phát hành từ 1.000 tỷ đồng trở lên, tỷ lệ tối thiểu là 10% số cổ phiếu có quyền biểu quyết của tổ chức phát hành;

- Cổ đông lớn trước thời điểm chào bán cổ phiếu lần đầu ra công chúng của tổ chức phát hành phải cam kết cùng nhau nắm giữ ít nhất 20% vốn điều lệ của tổ chức phát hành tối thiểu là 01 năm kể từ ngày kết thúc đợt chào bán;

- Tổ chức phát hành không thuộc trường hợp đang bị truy cứu trách nhiệm hình sự hoặc đã bị kết án về một trong các tội xâm phạm trật tự quản lý kinh tế mà chưa được xóa án tích;

- Có công ty chứng khoán tư vấn hồ sơ đăng ký chào bán cổ phiếu ra công chúng, trừ trường hợp tổ chức phát hành là công ty chứng khoán;

- Có cam kết và phải thực hiện niêm yết hoặc đăng ký giao dịch cổ phiếu trên hệ thống giao dịch chứng khoán sau khi kết thúc đợt chào bán;

- Tổ chức phát hành phải mở tài khoản phong tỏa nhận tiền mua cổ phiếu của đợt chào bán.

Căn cứ khoản 1 Điều 18 Luật Chứng khoán 2019 được bổ sung bởi điểm a khoản 7 Điều 1 Luật Sửa đổi Luật Chứng khoán, Luật Kế toán, Luật Kiểm toán độc lập, Luật Ngân sách Nhà nước, Luật Quản lý, sử dụng tài sản công, Luật Quản lý thuế, Luật Thuế thu nhập cá nhân, Luật Dự trữ quốc gia, Luật Xử lý vi phạm hành chính 2024 quy định hồ sơ đăng ký chào bán chứng khoán ra công chúng:

Theo quy định trên, hồ sơ đăng ký chào bán cổ phiếu lần đầu ra công chúng của công ty cổ phần gồm những giấy tờ sau:

- Giấy đăng ký chào bán cổ phiếu lần đầu ra công chúng

- Bản cáo bạch

- Điều lệ của tổ chức phát hành

- Quyết định của Đại hội đồng cổ đông thông qua phương án phát hành, phương án sử dụng vốn thu được từ đợt chào bán và văn bản cam kết niêm yết hoặc đăng ký giao dịch cổ phiếu trên hệ thống giao dịch chứng khoán

- Văn bản cam kết đáp ứng quy định sau:

+ Tối thiểu là 15% số cổ phiếu có quyền biểu quyết của tổ chức phát hành phải được bán cho ít nhất 100 nhà đầu tư không phải là cổ đông lớn; trường hợp vốn điều lệ của tổ chức phát hành từ 1.000 tỷ đồng trở lên, tỷ lệ tối thiểu là 10% số cổ phiếu có quyền biểu quyết của tổ chức phát hành

+ Tổ chức phát hành không thuộc trường hợp đang bị truy cứu trách nhiệm hình sự hoặc đã bị kết án về một trong các tội xâm phạm trật tự quản lý kinh tế mà chưa được xóa án tích

- Văn bản cam kết của các cổ đông lớn trước thời điểm chào bán cổ phiếu lần đầu ra công chúng của tổ chức phát hành về việc cùng nhau nắm giữ ít nhất 20% vốn điều lệ của tổ chức phát hành tối thiểu là 01 năm kể từ ngày kết thúc đợt chào bán

- Hợp đồng tư vấn hồ sơ đăng ký chào bán cổ phiếu ra công chúng với công ty chứng khoán

- Văn bản xác nhận của ngân hàng, chi nhánh ngân hàng nước ngoài về việc mở tài khoản phong tỏa nhận tiền mua cổ phiếu của đợt chào bán

- Cam kết bảo lãnh phát hành (nếu có).

- Báo cáo về vốn điều lệ đã góp tính đến thời điểm đăng ký chào bán cổ phiếu lần đầu ra công chúng được kiểm toán bởi tổ chức kiểm toán độc lập theo quy định của Bộ trưởng Bộ Tài chính

Điều 18. Hồ sơ đăng ký chào bán chứng khoán ra công chúng

1. Hồ sơ đăng ký chào bán cổ phiếu lần đầu ra công chúng của công ty cổ phần bao gồm:

a) Giấy đăng ký chào bán cổ phiếu lần đầu ra công chúng;

b) Bản cáo bạch;

c) Điều lệ của tổ chức phát hành;

d) Quyết định của Đại hội đồng cổ đông thông qua phương án phát hành, phương án sử dụng vốn thu được từ đợt chào bán và văn bản cam kết niêm yết hoặc đăng ký giao dịch cổ phiếu trên hệ thống giao dịch chứng khoán;

đ) Văn bản cam kết đáp ứng quy định tại điểm d và điểm e khoản 1 Điều 15 của Luật này;

e) Văn bản cam kết của các cổ đông lớn trước thời điểm chào bán cổ phiếu lần đầu ra công chúng của tổ chức phát hành về việc cùng nhau nắm giữ ít nhất 20% vốn điều lệ của tổ chức phát hành tối thiểu là 01 năm kể từ ngày kết thúc đợt chào bán;

[...]","chung-khoan","","","","2026-02-04T00:00:00","https://thuvienphapluat.vn/hoi-dap-phap-luat/chinh-thuc-lich-nghi-tet-am-lich-2026-san-hose-the-nao-138080122.html","2026-05-21T19:22:26.057515+00:00"
"138080019","Lịch nghỉ Tết Âm chứng khoán 2026 chi tiết như thế nào?","Lịch nghỉ Tết Âm chứng khoán 2026 chi tiết như thế nào?

Chứng khoán chỉ được chào bán ra công chúng khi nào?

Phân phối chứng khoán được thực hiện ra sao?

Lịch nghỉ Tết Âm chứng khoán 2026 chi tiết như sau:

Căn cứ vào Thông báo 2294/TB-SGDHCM năm 2025 TẢI VỀ của Sở Giao dịch Chứng khoán Thành phố Hồ Chí Minh công bố lịch nghỉ giao dịch trong năm 2026 như sau:

STT

Sự kiện

Ngày nghỉ giao dịch

1

Tết Dương lịch

Nghỉ 01 ngày

Thứ Năm ngày 01/01/2026

2

Tết Nguyên Đán

Nghỉ 05 ngày

Nghỉ từ thứ Hai ngày 16/02/2026 (ngày 29/12/2025 Âm lịch) đến hết thứ Sáu ngày 20/02/2026 (Mùng 4 Tết Âm lịch).

Tổng số ngày nghỉ 09 ngày, trong đó có 04 ngày cuối tuần.

3

Giỗ Tổ Hùng Vương (Mùng 10/3 Âm lịch)

Nghỉ 01 ngày

Nghỉ thứ Hai ngày 27/04/2026 (Nghỉ bù theo Luật Lao động).

Tổng số ngày nghỉ là 03 ngày, trong đó có 02 ngày cuối tuần.

4

Giải phóng miền Nam 30/4 và Quốc tế Lao động 01/5

Nghỉ 02 ngày

Nghỉ từ thứ Năm ngày 30/04/2026 đến hết thứ Sáu ngày 01/05/2026.

Tổng số ngày nghỉ là 04 ngày, trong đó có 02 ngày cuối tuần.

5

Lễ Quốc khánh 2/9

Nghỉ 03 ngày

Nghỉ từ thứ Hai ngày 31/08/2026 đến hết thứ Tư ngày 02/09/2026.

(Hoán đổi ngày làm việc từ thứ Hai ngày 31/08/2026 sang thứ Bảy ngày 22/08/2026).

Tổng số ngày nghỉ là 05 ngày, trong đó có 02 ngày cuối tuần.

Căn cứ tại Thông báo 5305/TB-SGDHN năm 2025 TẢI VỀ của Sở Giao dịch Chứng khoán việc công bố lịch nghỉ giao dịch trong năm 2026 như sau:

Như vậy, Lịch nghỉ Tết Âm chứng khoán 2026 chi tiết như sau:

- Sở Giao dịch Chứng khoán Thành phố Hồ Chí Minh: Nghỉ 05 ngày (từ thứ Hai ngày 16/02/2026 - 29 âm đến hết thứ Sáu ngày 20/02/2026- Mùng 4).

- Sở Giao dịch Chứng khoán Hà Nội: Nghỉ 05 ngày (từ thứ Hai ngày 16/02/2026 - 29 âm đến hết thứ Sáu ngày 20/02/2026- Mùng 4).

Vừa rồi là câu trả lời câu hỏi: ""Lịch nghỉ Tết Âm chứng khoán 2026 chi tiết như thế nào?""

Lịch nghỉ Tết Âm chứng khoán 2026 chi tiết như thế nào? (Hình từ Internet)

Tại Điều 25 Luật Chứng khoán 2019 quy định về cấp Giấy chứng nhận đăng ký chào bán chứng khoán ra công chúng như sau:

Thông qua quy định trên, chứng khoán chỉ được chào bán ra công chúng sau khi đã công bố Bản thông báo phát hành.

Tổ chức phát hành phải công bố Bản thông báo phát hành trên 01 tờ báo điện tử hoặc báo in trong 03 số liên tiếp trong thời hạn 07 ngày làm việc kể từ ngày Giấy chứng nhận đăng ký chào bán chứng khoán ra công chúng có hiệu lực.

Theo Điều 26 Luật Chứng khoán 2019 quy định việc phân phối chứng khoán như sau:

- Việc phân phối chứng khoán chỉ được thực hiện sau khi tổ chức phát hành bảo đảm người mua chứng khoán tiếp cận Bản cáo bạch trong hồ sơ đăng ký chào bán chứng khoán ra công chúng được công bố tại các địa điểm ghi trong Bản thông báo phát hành.

- Tổ chức phát hành, tổ chức bảo lãnh phát hành hoặc tổ chức đại lý phải phân phối chứng khoán công bằng, công khai và bảo đảm thời hạn đăng ký mua chứng khoán cho nhà đầu tư tối thiểu là 20 ngày; trừ trường hợp chứng khoán chào bán là chứng quyền có bảo đảm, thời hạn này phải được ghi trong Bản thông báo phát hành.

Trường hợp số lượng chứng khoán đăng ký mua vượt quá số lượng chứng khoán được phép phát hành thì tổ chức phát hành hoặc tổ chức bảo lãnh phát hành phải phân phối hết số chứng khoán được phép phát hành cho nhà đầu tư tương ứng với tỷ lệ đăng ký mua của từng nhà đầu tư.

- Tiền mua chứng khoán phải được chuyển vào tài khoản phong tỏa mở tại ngân hàng, chi nhánh ngân hàng nước ngoài cho đến khi hoàn tất đợt chào bán và báo cáo Ủy ban Chứng khoán Nhà nước.

- Tổ chức phát hành phải hoàn thành việc phân phối chứng khoán trong thời hạn 90 ngày kể từ ngày Giấy chứng nhận đăng ký chào bán chứng khoán ra công chúng có hiệu lực. Trường hợp tổ chức phát hành không thể hoàn thành việc phân phối chứng khoán ra công chúng trong thời hạn này, Ủy ban Chứng khoán Nhà nước xem xét gia hạn việc phân phối chứng khoán nhưng tối đa không quá 30 ngày. Trường hợp đăng ký chào bán chứng khoán cho nhiều đợt thì khoảng cách giữa đợt chào bán sau với đợt chào bán trước không quá 12 tháng.

- Tổ chức phát hành hoặc tổ chức bảo lãnh phát hành phải báo cáo kết quả đợt chào bán cho Ủy ban Chứng khoán Nhà nước trong thời hạn 10 ngày kể từ ngày kết thúc đợt chào bán, kèm theo văn bản xác nhận của ngân hàng, chi nhánh ngân hàng nước ngoài nơi mở tài khoản phong tỏa về số tiền thu được từ đợt chào bán.

- Tổ chức phát hành, tổ chức bảo lãnh phát hành hoặc tổ chức đại lý phải chuyển giao chứng khoán hoặc giấy chứng nhận quyền sở hữu chứng khoán cho người mua trong thời hạn 30 ngày kể từ ngày kết thúc đợt chào bán.

Điều 25. Cấp Giấy chứng nhận đăng ký chào bán chứng khoán ra công chúng

1. Trong thời hạn 30 ngày kể từ ngày nhận được hồ sơ đăng ký chào bán chứng khoán ra công chúng đầy đủ và hợp lệ, Ủy ban Chứng khoán Nhà nước cấp Giấy chứng nhận đăng ký chào bán chứng khoán ra công chúng; trường hợp từ chối, phải trả lời bằng văn bản và nêu rõ lý do.

2. Giấy chứng nhận đăng ký chào bán chứng khoán ra công chúng của Ủy ban Chứng khoán Nhà nước là văn bản xác nhận hồ sơ đăng ký chào bán chứng khoán ra công chúng đáp ứng đủ điều kiện, thủ tục theo quy định của pháp luật.

3. Trong thời hạn 07 ngày làm việc kể từ ngày Giấy chứng nhận đăng ký chào bán chứng khoán ra công chúng có hiệu lực, tổ chức phát hành phải công bố Bản thông báo phát hành trên 01 tờ báo điện tử hoặc báo in trong 03 số liên tiếp.

4. Chứng khoán chỉ được chào bán ra công chúng sau khi đã công bố theo quy định tại khoản 3 Điều này.","chung-khoan","","","","2026-02-04T00:00:00","https://thuvienphapluat.vn/hoi-dap-phap-luat/lich-nghi-tet-am-chung-khoan-2026-chi-tiet-nhu-the-nao-138080019.html","2026-05-21T19:22:33.413208+00:00"
"138080030","Mẫu báo cáo về việc thanh toán giao dịch mua cổ phiếu không yêu cầu có đủ tiền khi đặt lệnh của nhà đầu tư nước ngoài là tổ chức từ 3/2/2026 theo Thông tư 108 thế nào?","Mẫu báo cáo về việc thanh toán giao dịch mua cổ phiếu không yêu cầu có đủ tiền khi đặt lệnh của nhà đầu tư nước ngoài là tổ chức từ 3/2/2026 thế nào?

Sở giao dịch chứng khoán tổ chức giao dịch chứng khoán theo phương thức gì?

Công ty đại chúng mua lại cổ phiếu của chính mình trên hệ thống giao dịch chứng khoán phải tuân thủ các quy định nào?

Căn cứ Phụ lục 17 ban hành kèm Thông tư 96/2020/TT-BTC được sửa đổi, bổ sung bởi Điều 3 Thông tư 08/2026/TT-BTC TẢI VỀ quy định mẫu báo cáo về việc thanh toán giao dịch mua cổ phiếu không yêu cầu có đủ tiền khi đặt lệnh của nhà đầu tư nước ngoài là tổ chức từ 3/2/2026 có dạng:

Mẫu báo cáo về việc thanh toán giao dịch mua cổ phiếu không yêu cầu có đủ tiền khi đặt lệnh của nhà đầu tư nước ngoài là tổ chức từ 3/2/2026

TẢI VỀ

Trên đây là thông tin về Mẫu báo cáo về việc thanh toán giao dịch mua cổ phiếu không yêu cầu có đủ tiền khi đặt lệnh của nhà đầu tư nước ngoài là tổ chức từ 3/2/2026 thế nào?

Xem thêm:

TOÀN VĂN Thông tư 08/2026/TT-BTC sửa đổi các thông tư trong lĩnh vực chứng khoán và thị trường chứng khoán thế nào?

Mẫu báo cáo về việc thanh toán giao dịch mua cổ phiếu không yêu cầu có đủ tiền khi đặt lệnh của nhà đầu tư nước ngoài là tổ chức từ 3/2/2026 thế nào? (Hình từ Internet)

Theo Điều 3 Thông tư 120/2020/TT-BTC quy định:

Như vậy, Sở giao dịch chứng khoán tổ chức giao dịch chứng khoán theo phương thức khớp lệnh tập trung và phương thức giao dịch thỏa thuận.

Căn cứ khoản 1 Điều 8 Thông tư 120/2020/TT-BTC quy định Công ty đại chúng mua lại cổ phiếu của chính mình trên hệ thống giao dịch chứng khoán phải tuân thủ các quy định sau đây:

- Công ty đại chúng phải thực hiện giao dịch mua lại cổ phiếu của chính mình theo đúng nội dung đã công bố thông tin theo quy định tại khoản 4 Điều 37 Luật Chứng khoán 2017.

- Nguyên tắc xác định giá đặt mua lại cổ phiếu của chính mình của công ty đại chúng theo phương thức khớp lệnh hoặc thỏa thuận được quy định như sau:

+ Giá đặt mua ≤ Giá tham chiếu + (Giá tham chiếu x 50% Biên độ dao động giá cổ phiếu).

+ Khối lượng đặt mua: Trong mỗi ngày giao dịch, tổng khối lượng đặt mua tối thiểu là 3% và tối đa là 10% khối lượng giao dịch đã đăng ký với Ủy ban Chứng khoán Nhà nước (khối lượng đặt mua không bao gồm khối lượng hủy lệnh và quy định này được miễn trừ khi khối lượng mua còn lại ít hơn 3%).

Quy định này áp dụng cho tới khi công ty đại chúng hoàn tất giao dịch mua lại cổ phiếu của chính mình với khối lượng đã đăng ký với Ủy ban Chứng khoán Nhà nước.

Điều 3. Tổ chức giao dịch chứng khoán

1. Sở giao dịch chứng khoán tổ chức giao dịch chứng khoán theo phương thức khớp lệnh tập trung và phương thức giao dịch thỏa thuận theo nguyên tắc sau:

a) Phương thức khớp lệnh tập trung trên hệ thống giao dịch chứng khoán phải bảo đảm nguyên tắc ưu tiên về giá và thời gian;

b) Phương thức giao dịch thỏa thuận trên hệ thống giao dịch chứng khoán được thực hiện theo nguyên tắc các bên tham gia giao dịch tự thỏa thuận, thống nhất các nội dung giao dịch.

2. Chứng khoán quy định tại khoản 1 Điều 1 Thông tư này được giao dịch trên hệ thống giao dịch chứng khoán không bao gồm các trường hợp chuyển quyền sở hữu ngoài hệ thống giao dịch chứng khoán theo quy định pháp luật về đăng ký, lưu ký, bù trừ và thanh toán giao dịch chứng khoán. Sở giao dịch chứng khoán được tổ chức các phiên giao dịch mua bắt buộc (buy in) thông qua hệ thống giao dịch chứng khoán.

3. Sở giao dịch chứng khoán Việt Nam ban hành quy chế giao dịch chứng khoán bao gồm các nội dung cơ bản sau: phương thức giao dịch; thời gian giao dịch; cách xác định giá tham chiếu; biên độ dao động giá chứng khoán; cơ chế ngắt mạch thị trường (nếu có); các loại lệnh giao dịch; việc sửa lệnh, hủy lệnh giao dịch; việc xác lập giao dịch và loại bỏ giao dịch chứng khoán; việc tạm ngừng giao dịch, đình chỉ một phần hoặc toàn bộ giao dịch của một mã chứng khoán; việc công bố thông tin về kết quả giao dịch và các nội dung khác có liên quan.","chung-khoan","","","","2026-02-04T00:00:00","https://thuvienphapluat.vn/hoi-dap-phap-luat/mau-bao-cao-ve-viec-thanh-toan-giao-dich-mua-co-phieu-khong-yeu-cau-co-du-tien-khi-dat-lenh-cua-nha-138080030.html","2026-05-21T19:22:42.874728+00:00"
"138080029","TOÀN VĂN Thông tư 08/2026/TT-BTC sửa đổi các thông tư trong lĩnh vực chứng khoán và thị trường chứng khoán thế nào?","Ngày 3/2/2026, Bộ trưởng Bộ Tài chính ban hành Thông tư 08/2026/TT-BTC   Tải về  sửa đổi, bổ sung một số điều của  Thông tư 96/2020/TT-BTC  hướng dẫn công bố thông tin trên thị trường chứng khoán được sửa đổi, bổ sung bởi  Thông tư 68/2024/TT-BTC  và  Thông tư 18/2025/TT- BTC ,  Thông tư 120/2020/TT-BTC  quy định giao dịch cổ phiếu niêm yết, đăng ký giao dịch và chứng chỉ quỹ, trái phiếu doanh nghiệp, chứng quyền có bảo đảm niêm yết trên hệ thống giao dịch chứng khoán được sửa đổi, bổ sung bởi  Thông tư 68/2024/TT-BTC ,  Thông tư 121/2020/TT-BTC  quy định về hoạt động của công ty chứng khoán được sửa đổi, bổ sung bởi  Thông tư 68/2024/TT-BTC .

Xem chi tiết TOÀN VĂN Thông tư 08 2026 TT BTC sửa đổi các thông tư trong lĩnh vực chứng khoán và thị trường chứng khoán

Tải về

Trên đây là thông tin về TOÀN VĂN Thông tư 08 2026 TT BTC sửa đổi các thông tư trong lĩnh vực chứng khoán và thị trường chứng khoán thế nào?

Xem thêm:

TOÀN VĂN Thông tư 138/2025/TT-BTC sửa đổi Thông tư 95/2020/TT-BTC hướng dẫn giám sát giao dịch chứng khoán trên thị trường chứng khoán ra sao?

TOÀN VĂN Thông tư 115/2025/TT-BTC sửa đổi Thông tư 118/2020/TT-BTC về chào bán, phát hành chứng khoán, đăng ký, hủy tư cách công ty đại chúng ra sao?

Cách xác định thu nhập tính thuế TNDN từ chuyển nhượng chứng khoán theo Nghị định 320 chi tiết ra sao?

TOÀN VĂN Thông tư 08 2026 TT BTC sửa đổi các thông tư trong lĩnh vực chứng khoán và thị trường chứng khoán thế nào? (Hình từ Internet)

Căn cứ theo Điều 13  Luật Chứng khoán 2019  quy định mệnh giá chứng khoán:

Điều 13. Mệnh giá chứng khoán

1. Mệnh giá chứng khoán chào bán trên lãnh thổ nước Cộng hòa xã hội chủ nghĩa Việt Nam được ghi bằng Đồng Việt Nam.

2. Mệnh giá cổ phiếu, chứng chỉ quỹ chào bán ra công chúng là 10 nghìn đồng. Mệnh giá của trái phiếu chào bán ra công chúng là 100 nghìn đồng và bội số của 100 nghìn đồng.

3. Trường hợp giá chứng khoán của tổ chức phát hành trên hệ thống giao dịch chứng khoán thấp hơn mệnh giá, tổ chức phát hành được chào bán chứng khoán với giá thấp hơn mệnh giá.

Theo quy định trên, mệnh giá chứng khoán chào bán ở Việt Nam là Đồng Việt Nam.

Căn cứ Điều 11  Thông tư 95/2020/TT-BTC  quy định như sau:

Điều 11. Hệ thống cơ sở dữ liệu phục vụ công tác giám sát giao dịch chứng khoán

Sở giao dịch chứng khoán có trách nhiệm xây dựng hệ thống cơ sở dữ liệu phục vụ công tác giám sát giao dịch chứng khoán. Hệ thống cơ sở dữ liệu tối thiểu phải gồm các nội dung sau:

1. Các dữ liệu về kết quả giao dịch chứng khoán được thực hiện tại Sở giao dịch chứng khoán.

2. Danh sách và thông tin về các đối tượng thuộc phạm vi giám sát của Sở giao dịch chứng khoán vi phạm pháp luật về chứng khoán và thị trường chứng khoán, quy chế của Sở giao dịch chứng khoán Việt Nam.

3. Các báo cáo và thông tin liên quan đến giao dịch chứng khoán đã công bố qua hệ thống công bố thông tin của Sở giao dịch chứng khoán; các báo cáo, thông tin đã báo cáo Ủy ban Chứng khoán Nhà nước, Sở giao dịch chứng khoán Việt Nam.

4. Dữ liệu liên quan đến tài khoản giao dịch chứng khoán của nhà đầu tư.

5. Dữ liệu khác liên quan đến hoạt động giao dịch chứng khoán.

Như vậy, hệ thống cơ sở dữ liệu phục vụ công tác giám sát giao dịch chứng khoán như sau:

Sở giao dịch chứng khoán có trách nhiệm xây dựng hệ thống cơ sở dữ liệu phục vụ công tác giám sát giao dịch chứng khoán. Hệ thống cơ sở dữ liệu tối thiểu phải gồm các nội dung sau:

- Các dữ liệu về kết quả giao dịch chứng khoán được thực hiện tại Sở giao dịch chứng khoán.

- Danh sách và thông tin về các đối tượng thuộc phạm vi giám sát của Sở giao dịch chứng khoán vi phạm pháp luật về chứng khoán và thị trường chứng khoán, quy chế của Sở giao dịch chứng khoán Việt Nam.

- Các báo cáo và thông tin liên quan đến giao dịch chứng khoán đã công bố qua hệ thống công bố thông tin của Sở giao dịch chứng khoán; các báo cáo, thông tin đã báo cáo Ủy ban Chứng khoán Nhà nước, Sở giao dịch chứng khoán Việt Nam.

- Dữ liệu liên quan đến tài khoản giao dịch chứng khoán của nhà đầu tư.

- Dữ liệu khác liên quan đến hoạt động giao dịch chứng khoán.","","","","","2026-02-04","https://thuvienphapluat.vn/hoi-dap-phap-luat/toan-van-thong-tu-082026ttbtc-sua-doi-cac-thong-tu-trong-linh-vuc-chung-khoan-va-thi-truong-chung-k-138080029.html","2026-04-08T16:36:06.560619+00:00"
"138079139","Từ 22/1/2026, phân cấp thẩm quyền kiểm tra chuyên ngành trong lĩnh vực chứng khoán như thế nào?","Ngày 22/01/2026, Bộ Tài chính đã có  Thông tư 05/2026/TT-BTC  quy định về phân cấp trong hoạt động kiểm tra chuyên ngành trong số một lĩnh vực của Bộ Tài chính.

Lưu ý:   Thông tư 05/2026/TT-BTC  có hiệu lực thi hành từ ngày 22/01/2026.

Theo đó, tại Điều 5  Thông tư 05/2026/TT-BTC  quy định về phân cấp thẩm quyền kiểm tra chuyên ngành trong lĩnh vực chứng khoán như sau:

Chủ tịch Ủy ban Chứng khoán Nhà nước có thẩm quyền phê duyệt kế hoạch kiểm tra chuyên đề của Ủy ban Chứng khoán Nhà nước theo quy định tại khoản 2 Điều 7  Nghị định 217/2025/NĐ-CP .

Cụ thể, người đứng đầu đơn vị có thẩm quyền kiểm tra chuyên ngành thuộc bộ, cơ quan ngang bộ, người đứng đầu cơ quan chuyên môn thuộc Ủy ban nhân dân các cấp

- Kiểm tra chuyên ngành khi có dấu hiệu vi phạm hoặc được Bộ trưởng, Thủ trưởng cơ quan ngang bộ, Chủ tịch Ủy ban nhân dân tỉnh, thành phố giao.

Trường hợp cần thiết theo yêu cầu quản lý nhà nước thì xây dựng kế hoạch kiểm tra chuyên đề trình Bộ trưởng, Thủ trưởng cơ quan ngang bộ, Chủ tịch Ủy ban nhân dân cùng cấp phê duyệt; ban hành và tổ chức thực hiện kế hoạch.

Kế hoạch kiểm tra chuyên đề của bộ, cơ quan ngang bộ, của Ủy ban nhân dân tỉnh, thành phố phải gửi cho Thanh tra Chính phủ và cơ quan thanh tra có liên quan để xử lý chồng chéo, trùng lặp.

Kế hoạch kiểm tra chuyên đề của Ủy ban nhân dân cấp xã, của cơ quan chuyên môn thuộc Ủy ban nhân dân tỉnh, thành phố phải gửi cho Thanh tra tỉnh, thành phố và cơ quan thanh tra có liên quan để xử lý chồng chéo, trùng lặp;

- Tham mưu, phối hợp xử lý chồng chéo, trùng lặp giữa hoạt động kiểm tra chuyên ngành với hoạt động thanh tra; phối hợp trong xử lý chồng chéo, trùng lặp trong hoạt động kiểm tra với các cơ quan có thẩm quyền kiểm tra chuyên ngành khác;

- Xử lý vi phạm theo thẩm quyền hoặc kiến nghị cơ quan có thẩm quyền xử lý kịp thời đối với các cơ quan, tổ chức, cá nhân có hành vi vi phạm theo pháp luật về xử lý vi phạm hành chính; trường hợp có dấu hiệu tội phạm thì chuyển thông tin đến cơ quan điều tra để xem xét, xử lý theo quy định;

- Trường hợp qua kiểm tra chuyên ngành phát hiện hạn chế, bất cập của cơ chế, chính sách, pháp luật thì kiến nghị cơ quan, người có thẩm quyền sửa đổi, bổ sung cho phù hợp;

- Quyết định việc tạm dừng kiểm tra trong trường hợp bất khả kháng mà không thể tiếp tục thực hiện kiểm tra chuyên ngành; quyết định đình chỉ kiểm tra trong trường hợp đối tượng kiểm tra không còn, nội dung kiểm tra đã được thanh tra, đã có quyết định khởi tố hoặc theo yêu cầu của thủ trưởng cơ quan quản lý nhà nước có thẩm quyền;

- Ra văn bản yêu cầu chấn chỉnh, khắc phục các tồn tại, hạn chế sau kiểm tra chuyên ngành gửi đối tượng kiểm tra chuyên ngành;

- Tổng kết, tổng hợp, báo cáo về hoạt động kiểm tra chuyên ngành trong phạm vi quản lý nhà nước.

* Trên đây là Thông tin về Từ 22/1/2026, phân cấp thẩm quyền kiểm tra chuyên ngành trong lĩnh vực chứng khoán như thế nào?

Từ 22/1/2026, phân cấp thẩm quyền kiểm tra chuyên ngành trong lĩnh vực chứng khoán như thế nào? (Hình từ Internet)

Căn cứ Điều 13  Luật Chứng khoán 2019  quy định mệnh giá chứng khoán:

Điều 13. Mệnh giá chứng khoán

1. Mệnh giá chứng khoán chào bán trên lãnh thổ nước Cộng hòa xã hội chủ nghĩa Việt Nam được ghi bằng Đồng Việt Nam.

2. Mệnh giá cổ phiếu, chứng chỉ quỹ chào bán ra công chúng là 10 nghìn đồng. Mệnh giá của trái phiếu chào bán ra công chúng là 100 nghìn đồng và bội số của 100 nghìn đồng.

3. Trường hợp giá chứng khoán của tổ chức phát hành trên hệ thống giao dịch chứng khoán thấp hơn mệnh giá, tổ chức phát hành được chào bán chứng khoán với giá thấp hơn mệnh giá.

Theo quy định trên, mệnh giá chứng khoán chào bán ở Việt Nam là Đồng Việt Nam.

Căn cứ Điều 3a  Thông tư 95/2020/TT-BTC  được bổ sung bởi Điều 2  Thông tư 138/2025/TT-BTC  quy định nguyên tắc tổ chức công tác giám sát giao dịch chứng khoán như sau:

- Việc giám sát giao dịch chứng khoán được thực hiện thống nhất, thường xuyên, liên tục, kịp thời và phối hợp chặt chẽ giữa Ủy ban Chứng khoán Nhà nước, Sở giao dịch chứng khoán Việt Nam và công ty con, Tổng công ty lưu ký và bù trừ chứng khoán Việt Nam và công ty con, thành viên giao dịch nhằm bảo đảm thị trường chứng khoán hoạt động công khai, minh bạch, công bằng và hiệu quả.

- Ủy ban Chứng khoán Nhà nước thực hiện và tổ chức việc thực hiện giám sát giao dịch chứng khoán trên thị trường chứng khoán; làm rõ dấu hiệu vi phạm quy định pháp luật về chứng khoán và thị trường chứng khoán; xử lý các hành vi vi phạm về giao dịch theo quy định pháp luật về chứng khoán và thị trường chứng khoán.

- Sở giao dịch chứng khoán Việt Nam thực hiện giám sát hoạt động giao dịch chứng khoán, giám sát giao dịch liên thị trường trên cơ sở báo cáo của Sở giao dịch chứng khoán để kịp thời phát hiện, báo cáo Ủy ban Chứng khoán Nhà nước các giao dịch nghi vấn.

- Sở giao dịch chứng khoán thực hiện giám sát hoạt động giao dịch trên cơ sở dữ liệu từ hệ thống giao dịch chứng khoán do Sở giao dịch chứng khoán tổ chức, vận hành và thông tin, tài liệu của thành viên giao dịch, tổ chức, cá nhân khác để kịp thời phát hiện, báo cáo Ủy ban Chứng khoán Nhà nước các giao dịch nghi vấn, đồng thời báo cáo Sở giao dịch chứng khoán Việt Nam.

- Tổng công ty lưu ký và bù trừ chứng khoán Việt Nam và công ty con thực hiện giám sát, làm rõ các dấu hiệu vi phạm pháp luật đối với các nội dung về bù trừ, thanh toán; giới hạn vị thế, ký quỹ trong giao dịch chứng khoán để kịp thời phát hiện, báo cáo Ủy ban Chứng khoán Nhà nước theo quy định.

-Thành viên giao dịch có trách nhiệm giám sát hoạt động giao dịch của nhà đầu tư, kịp thời phát hiện, cảnh báo nhà đầu tư và báo cáo Sở giao dịch chứng khoán Việt Nam và công ty con theo quy định.

Trên đây là Thông tin về Từ 22/1/2026, phân cấp thẩm quyền kiểm tra chuyên ngành trong lĩnh vực chứng khoán như thế nào?","","","","","2026-01-28","https://thuvienphapluat.vn/hoi-dap-phap-luat/tu-2212026-phan-cap-tham-quyen-kiem-tra-chuyen-nganh-trong-linh-vuc-chung-khoan-nhu-the-nao-138079139.html","2026-04-08T16:36:12.487329+00:00"
"138077115","Lịch nghỉ tết Âm lịch 2026 của giao dịch chứng khoán TP Hồ Chí Minh như thế nào?","Ngày 9/12/2025, Sở Giao dịch Chứng khoán Thành phố Hồ Chí Minh đã có Thông báo 2294/TB-SGDHCM năm 2025 về việc công bố lịch nghỉ giao dịch trong năm 2026.

c

Như vậy, lịch nghỉ tết âm lịch 2026 của giao dịch chứng khoán TP Hồ Chí Minh là từ  ngày 16/02/2026 (29/12/2025 âm lịch) đến ngày 20/02/2026 (04/01/206 âm lịch)

Xem chi tiết Thông báo 2294/TB-SGDHCM năm 2025   Tải về

* Trên đây là thông tin về Lịch nghỉ tết Âm lịch 2026 của giao dịch chứng khoán TP Hồ Chí Minh như thế nào?

Lịch nghỉ tết Âm lịch 2026 của giao dịch chứng khoán TP Hồ Chí Minh như thế nào? (Hình từ Internet)

Căn cứ Điều 13  Luật Chứng khoán 2019  quy định mệnh giá chứng khoán:

Điều 13. Mệnh giá chứng khoán

1. Mệnh giá chứng khoán chào bán trên lãnh thổ nước Cộng hòa xã hội chủ nghĩa Việt Nam được ghi bằng Đồng Việt Nam.

2. Mệnh giá cổ phiếu, chứng chỉ quỹ chào bán ra công chúng là 10 nghìn đồng. Mệnh giá của trái phiếu chào bán ra công chúng là 100 nghìn đồng và bội số của 100 nghìn đồng.

3. Trường hợp giá chứng khoán của tổ chức phát hành trên hệ thống giao dịch chứng khoán thấp hơn mệnh giá, tổ chức phát hành được chào bán chứng khoán với giá thấp hơn mệnh giá.

Theo quy định trên, mệnh giá chứng khoán chào bán ở Việt Nam là Đồng Việt Nam.

Căn cứ Điều 15  Luật Chứng khoán 2019  được sửa đổi bởi khoản 6 Điều 1  Luật Sửa đổi Luật Chứng khoán, Luật Kế toán, Luật Kiểm toán độc lập, Luật Ngân sách Nhà nước, Luật Quản lý, sử dụng tài sản công, Luật Quản lý thuế, Luật Thuế thu nhập cá nhân, Luật Dự trữ quốc gia, Luật Xử lý vi phạm hành chính 2024  quy định chào bán chứng khoán ra công chúng phải đáp ứng điều kiện sau:

[1]  Điều kiện chào bán cổ phiếu lần đầu ra công chúng của công ty cổ phần bao gồm:

- Mức vốn điều lệ đã góp tại thời điểm đăng ký chào bán từ 30 tỷ đồng trở lên tính theo giá trị ghi trên sổ kế toán;

- Hoạt động kinh doanh của 02 năm liên tục liền trước năm đăng ký chào bán phải có lãi, đồng thời không có lỗ lũy kế tính đến năm đăng ký chào bán;

- Có phương án phát hành và phương án sử dụng vốn thu được từ đợt chào bán cổ phiếu được Đại hội đồng cổ đông thông qua;

- Tối thiểu là 15% số cổ phiếu có quyền biểu quyết của tổ chức phát hành phải được bán cho ít nhất 100 nhà đầu tư không phải là cổ đông lớn; trường hợp vốn điều lệ của tổ chức phát hành từ 1.000 tỷ đồng trở lên, tỷ lệ tối thiểu là 10% số cổ phiếu có quyền biểu quyết của tổ chức phát hành;

- Cổ đông lớn trước thời điểm chào bán cổ phiếu lần đầu ra công chúng của tổ chức phát hành phải cam kết cùng nhau nắm giữ ít nhất 20% vốn điều lệ của tổ chức phát hành tối thiểu là 01 năm kể từ ngày kết thúc đợt chào bán;

- Tổ chức phát hành không thuộc trường hợp đang bị truy cứu trách nhiệm hình sự hoặc đã bị kết án về một trong các tội xâm phạm trật tự quản lý kinh tế mà chưa được xóa án tích;

- Có công ty chứng khoán tư vấn hồ sơ đăng ký chào bán cổ phiếu ra công chúng, trừ trường hợp tổ chức phát hành là công ty chứng khoán;

- Có cam kết và phải thực hiện niêm yết hoặc đăng ký giao dịch cổ phiếu trên hệ thống giao dịch chứng khoán sau khi kết thúc đợt chào bán;

- Tổ chức phát hành phải mở tài khoản phong tỏa nhận tiền mua cổ phiếu của đợt chào bán.

[2]  Điều kiện chào bán thêm cổ phiếu ra công chúng của công ty đại chúng bao gồm:

- Mức vốn điều lệ đã góp tại thời điểm đăng ký chào bán từ 30 tỷ đồng trở lên tính theo giá trị ghi trên sổ kế toán

- Có phương án phát hành và phương án sử dụng vốn thu được từ đợt chào bán cổ phiếu được Đại hội đồng cổ đông thông qua

- Tổ chức phát hành không thuộc trường hợp đang bị truy cứu trách nhiệm hình sự hoặc đã bị kết án về một trong các tội xâm phạm trật tự quản lý kinh tế mà chưa được xóa án tích

- Có công ty chứng khoán tư vấn hồ sơ đăng ký chào bán cổ phiếu ra công chúng, trừ trường hợp tổ chức phát hành là công ty chứng khoán

- Có cam kết và phải thực hiện niêm yết hoặc đăng ký giao dịch cổ phiếu trên hệ thống giao dịch chứng khoán sau khi kết thúc đợt chào bán

- Tổ chức phát hành phải mở tài khoản phong tỏa nhận tiền mua cổ phiếu của đợt chào bán

- Hoạt động kinh doanh của năm liền trước năm đăng ký chào bán phải có lãi, đồng thời không có lỗ lũy kế tính đến năm đăng ký chào bán

- Giá trị cổ phiếu phát hành thêm theo mệnh giá không lớn hơn tổng giá trị cổ phiếu đang lưu hành tính theo mệnh giá, trừ trường hợp có bảo lãnh phát hành với cam kết nhận mua toàn bộ cổ phiếu của tổ chức phát hành để bán lại hoặc mua số cổ phiếu còn lại chưa được phân phối hết của tổ chức phát hành, phát hành tăng vốn từ nguồn vốn chủ sở hữu, phát hành để hoán đổi, hợp nhất, sáp nhập doanh nghiệp

- Đối với đợt chào bán ra công chúng nhằm mục đích huy động phần vốn để thực hiện dự án của tổ chức phát hành, số cổ phiếu được bán cho các nhà đầu tư phải đạt tối thiểu 70% số cổ phiếu dự kiến được chào bán, trừ trường hợp chào bán cho các cổ đông hiện hữu theo tỷ lệ sở hữu. Tổ chức phát hành phải có phương án bù đắp phần thiếu hụt vốn dự kiến huy động để thực hiện dự án

[3]  Điều kiện chào bán trái phiếu ra công chúng bao gồm:

- Doanh nghiệp có mức vốn điều lệ đã góp tại thời điểm đăng ký chào bán từ 30 tỷ đồng trở lên tính theo giá trị ghi trên sổ kế toán;

- Hoạt động kinh doanh của năm liền trước năm đăng ký chào bán phải có lãi, đồng thời không có lỗ lũy kế tính đến năm đăng ký chào bán; không có các khoản nợ phải trả quá hạn trên 01 năm;

- Có phương án phát hành, phương án sử dụng và trả nợ vốn thu được từ đợt chào bán được Đại hội đồng cổ đông hoặc Hội đồng quản trị hoặc Hội đồng thành viên hoặc chủ sở hữu công ty thông qua;

- Có cam kết thực hiện nghĩa vụ của tổ chức phát hành đối với nhà đầu tư về điều kiện phát hành, thanh toán, bảo đảm quyền và lợi ích hợp pháp của nhà đầu tư và các điều kiện khác;

- Có công ty chứng khoán tư vấn hồ sơ đăng ký chào bán trái phiếu ra công chúng, trừ trường hợp tổ chức phát hành là công ty chứng khoán;

- Tổ chức phát hành không thuộc trường hợp đang bị truy cứu trách nhiệm hình sự hoặc đã bị kết án về một trong các tội xâm phạm trật tự quản lý kinh tế mà chưa được xóa án tích

- Đáp ứng quy định của Chính phủ về đại diện người sở hữu trái phiếu, hệ số nợ, giá trị phát hành trên vốn chủ sở hữu và xếp hạng tín nhiệm

Tổ chức phát hành phải mở tài khoản phong tỏa nhận tiền mua trái phiếu của đợt chào bán;

- Tổ chức phát hành có cam kết và phải thực hiện niêm yết trái phiếu trên hệ thống giao dịch chứng khoán sau khi kết thúc đợt chào bán.

[4]  Điều kiện chào bán trái phiếu chuyển đổi ra công chúng

- Mức vốn điều lệ đã góp tại thời điểm đăng ký chào bán từ 30 tỷ đồng trở lên tính theo giá trị ghi trên sổ kế toán

- Có phương án phát hành và phương án sử dụng vốn thu được từ đợt chào bán cổ phiếu được Đại hội đồng cổ đông thông qua

- Tổ chức phát hành không thuộc trường hợp đang bị truy cứu trách nhiệm hình sự hoặc đã bị kết án về một trong các tội xâm phạm trật tự quản lý kinh tế mà chưa được xóa án tích

- Có công ty chứng khoán tư vấn hồ sơ đăng ký chào bán cổ phiếu ra công chúng, trừ trường hợp tổ chức phát hành là công ty chứng khoán

- Có cam kết và phải thực hiện niêm yết hoặc đăng ký giao dịch cổ phiếu trên hệ thống giao dịch chứng khoán sau khi kết thúc đợt chào bán

- Tổ chức phát hành phải mở tài khoản phong tỏa nhận tiền mua cổ phiếu của đợt chào bán

- Hoạt động kinh doanh của năm liền trước năm đăng ký chào bán phải có lãi, đồng thời không có lỗ lũy kế tính đến năm đăng ký chào bán

- Giá trị cổ phiếu phát hành thêm theo mệnh giá không lớn hơn tổng giá trị cổ phiếu đang lưu hành tính theo mệnh giá, trừ trường hợp có bảo lãnh phát hành với cam kết nhận mua toàn bộ cổ phiếu của tổ chức phát hành để bán lại hoặc mua số cổ phiếu còn lại chưa được phân phối hết của tổ chức phát hành, phát hành tăng vốn từ nguồn vốn chủ sở hữu, phát hành để hoán đổi, hợp nhất, sáp nhập doanh nghiệp

- Đối với đợt chào bán ra công chúng nhằm mục đích huy động phần vốn để thực hiện dự án của tổ chức phát hành, số cổ phiếu được bán cho các nhà đầu tư phải đạt tối thiểu 70% số cổ phiếu dự kiến được chào bán, trừ trường hợp chào bán cho các cổ đông hiện hữu theo tỷ lệ sở hữu. Tổ chức phát hành phải có phương án bù đắp phần thiếu hụt vốn dự kiến huy động để thực hiện dự án

- Có cam kết thực hiện nghĩa vụ của tổ chức phát hành đối với nhà đầu tư về điều kiện phát hành, thanh toán, bảo đảm quyền và lợi ích hợp pháp của nhà đầu tư và các điều kiện khác

[5]  Điều kiện chào bán chứng chỉ quỹ lần đầu ra công chúng bao gồm:

- Tổng giá trị chứng chỉ quỹ đăng ký chào bán tối thiểu là 50 tỷ đồng;

- Có phương án phát hành và phương án đầu tư vốn thu được từ đợt chào bán chứng chỉ quỹ phù hợp với quy định của Luật này;

- Phải được giám sát bởi ngân hàng giám sát theo quy định của Luật này;

- Chứng chỉ quỹ chào bán ra công chúng phải được niêm yết trên hệ thống giao dịch chứng khoán sau khi kết thúc đợt chào bán, trừ trường hợp chào bán chứng chỉ quỹ mở.

Lưu ý : Chính phủ quy định điều kiện, hồ sơ chào bán chứng khoán ra công chúng để chuyển doanh nghiệp nhà nước, công ty trách nhiệm hữu hạn một thành viên do doanh nghiệp nhà nước nắm giữ 100% vốn điều lệ, đơn vị sự nghiệp công lập thành công ty cổ phần; chào bán cổ phiếu với giá thấp hơn mệnh giá; chào bán chứng khoán ra công chúng của cổ đông công ty đại chúng; chào bán chứng khoán ra công chúng của tổ chức tín dụng được kiểm soát đặc biệt; chào bán chứng khoán ra nước ngoài và các trường hợp chào bán, phát hành khác.","","","","","2026-01-22","https://thuvienphapluat.vn/hoi-dap-phap-luat/lich-nghi-tet-am-lich-2026-cua-giao-dich-chung-khoan-tp-ho-chi-minh-nhu-the-nao-138077115.html","2026-04-08T16:36:17.753295+00:00"
"138077114","Lịch nghỉ tết Âm lịch 2026 của giao dịch chứng khoán TP Hà Nội thế nào?","Sở Giao dịch Chứng khoán (GDCK) Hà Nội ban hành Thông báo 5305/TB-SGDHN về việc công bố lịch nghỉ giao dịch trong năm 2026

Theo đó, Sở Giao dịch Chứng khoán (GDCK) Hà Nội thông báo lịch nghỉ giao dịch trong năm 2026, cụ thể như sau:

STT

Sự kiện

Ngày nghỉ giao dịch theo Luật Lao động

1

Tết Dương lịch

Nghỉ 01 ngày

Thứ Năm ngày 01/01/2026

2

Tết Nguyên Đán

Nghỉ 05 ngày

Nghỉ từ thứ Hai ngày 16/02/2026 (29/12/2025 Âm lịch) đến hết thứ Sáu ngày 20/02/2026 (Mùng 4 Tết Âm lịch)

3

Giỗ Tổ Hùng Vương (Mùng 10/3 âm lịch)

Nghỉ 01 ngày

Nghỉ thứ Hai ngày 27/04/2026

4

Giải phóng miền Nam 30/4 và Quốc tế Lao động 1/5

Nghỉ 02 ngày

Nghỉ từ thứ Năm ngày 30/04/2026 đến hết thứ Sáu ngày 01/05/2026

5

Lễ Quốc khánh 2/9

Nghỉ 03 ngày

Nghỉ từ thứ Hai ngày 31/08/2026 đến hết thứ Tư ngày 02/09/2026 (Hoán đổi ngày làm việc từ thứ Hai ngày 31/08/2026 sang thứ Bảy ngày 22/08/2026). Trong ngày đi làm bù, Sở GDCK Hà Nội không tổ chức giao dịch chứng khoán.

Như vậy, lịch nghỉ tết Dương lịch 2026 của giao dịch chứng khoán TP Hà Nội từ  ngày 16/02/2026 (29/12/2025 Âm lịch) đến hết thứ Sáu ngày 20/02/2026 (Mùng 4 Tết Âm lịch)

Xem chi tiết Thông báo 5305/TB-SGDHN năm 2025   Tải về

* Trên đây là thông tin về Lịch nghỉ tết Âm lịch 2026 của giao dịch chứng khoán TP Hà Nội thế nào?

Lịch nghỉ tết Âm lịch 2026 của giao dịch chứng khoán TP Hà Nội thế nào? (Hình từ Internet)

Căn cứ Điều 16  Luật Chứng khoán 2019  quy định các trường hợp không phải đăng ký chào bán chứng khoán ra công chúng bao gồm:

- Chào bán công cụ nợ của Chính phủ, trái phiếu được Chính phủ bảo lãnh do ngân hàng chính sách phát hành, trái phiếu chính quyền địa phương

- Chào bán trái phiếu của tổ chức tài chính quốc tế được Chính phủ Việt Nam chấp thuận

- Chào bán cổ phiếu ra công chúng để chuyển doanh nghiệp nhà nước, công ty trách nhiệm hữu hạn một thành viên do doanh nghiệp nhà nước nắm giữ 100% vốn điều lệ, đơn vị sự nghiệp công lập thành công ty cổ phần

- Việc bán chứng khoán theo bản án, quyết định của Tòa án đã có hiệu lực pháp luật, quyết định của Trọng tài hoặc việc bán chứng khoán của người quản lý hoặc người được nhận tài sản trong trường hợp phá sản hoặc mất khả năng thanh toán.

Căn cứ khoản 1 Điều 18  Luật Chứng khoán 2019  được bổ sung bởi điểm a khoản 7 Điều 1  Luật Sửa đổi Luật Chứng khoán, Luật Kế toán, Luật Kiểm toán độc lập, Luật Ngân sách Nhà nước, Luật Quản lý, sử dụng tài sản công, Luật Quản lý thuế, Luật Thuế thu nhập cá nhân, Luật Dự trữ quốc gia, Luật Xử lý vi phạm hành chính 2024  quy định hồ sơ đăng ký chào bán chứng khoán ra công chúng:

Điều 18. Hồ sơ đăng ký chào bán chứng khoán ra công chúng

1. Hồ sơ đăng ký chào bán cổ phiếu lần đầu ra công chúng của công ty cổ phần bao gồm:

a) Giấy đăng ký chào bán cổ phiếu lần đầu ra công chúng;

b) Bản cáo bạch;

c) Điều lệ của tổ chức phát hành;

d) Quyết định của Đại hội đồng cổ đông thông qua phương án phát hành, phương án sử dụng vốn thu được từ đợt chào bán và văn bản cam kết niêm yết hoặc đăng ký giao dịch cổ phiếu trên hệ thống giao dịch chứng khoán;

đ) Văn bản cam kết đáp ứng quy định tại điểm d và điểm e khoản 1 Điều 15 của Luật này;

e) Văn bản cam kết của các cổ đông lớn trước thời điểm chào bán cổ phiếu lần đầu ra công chúng của tổ chức phát hành về việc cùng nhau nắm giữ ít nhất 20% vốn điều lệ của tổ chức phát hành tối thiểu là 01 năm kể từ ngày kết thúc đợt chào bán;

g) Hợp đồng tư vấn hồ sơ đăng ký chào bán cổ phiếu ra công chúng với công ty chứng khoán;

h) Văn bản xác nhận của ngân hàng, chi nhánh ngân hàng nước ngoài về việc mở tài khoản phong tỏa nhận tiền mua cổ phiếu của đợt chào bán;

i) Cam kết bảo lãnh phát hành (nếu có).

[...]

Theo qu định trên, hồ sơ đăng ký chào bán cổ phiếu lần đầu ra công chúng của công ty cổ phần gồm những giấy tờ sau:

- Giấy đăng ký chào bán cổ phiếu lần đầu ra công chúng

- Bản cáo bạch

- Điều lệ của tổ chức phát hành

- Quyết định của Đại hội đồng cổ đông thông qua phương án phát hành, phương án sử dụng vốn thu được từ đợt chào bán và văn bản cam kết niêm yết hoặc đăng ký giao dịch cổ phiếu trên hệ thống giao dịch chứng khoán

- Văn bản cam kết đáp ứng quy định sau:

+ Tối thiểu là 15% số cổ phiếu có quyền biểu quyết của tổ chức phát hành phải được bán cho ít nhất 100 nhà đầu tư không phải là cổ đông lớn; trường hợp vốn điều lệ của tổ chức phát hành từ 1.000 tỷ đồng trở lên, tỷ lệ tối thiểu là 10% số cổ phiếu có quyền biểu quyết của tổ chức phát hành

+ Tổ chức phát hành không thuộc trường hợp đang bị truy cứu trách nhiệm hình sự hoặc đã bị kết án về một trong các tội xâm phạm trật tự quản lý kinh tế mà chưa được xóa án tích

- Văn bản cam kết của các cổ đông lớn trước thời điểm chào bán cổ phiếu lần đầu ra công chúng của tổ chức phát hành về việc cùng nhau nắm giữ ít nhất 20% vốn điều lệ của tổ chức phát hành tối thiểu là 01 năm kể từ ngày kết thúc đợt chào bán

- Hợp đồng tư vấn hồ sơ đăng ký chào bán cổ phiếu ra công chúng với công ty chứng khoán

- Văn bản xác nhận của ngân hàng, chi nhánh ngân hàng nước ngoài về việc mở tài khoản phong tỏa nhận tiền mua cổ phiếu của đợt chào bán

- Cam kết bảo lãnh phát hành (nếu có)

- Báo cáo về vốn điều lệ đã góp tính đến thời điểm đăng ký chào bán cổ phiếu lần đầu ra công chúng được kiểm toán bởi tổ chức kiểm toán độc lập theo quy định của Bộ trưởng Bộ Tài chính","","","","","2026-01-22","https://thuvienphapluat.vn/hoi-dap-phap-luat/lich-nghi-tet-am-lich-2026-cua-giao-dich-chung-khoan-tp-ha-noi-the-nao-138077114.html","2026-04-08T16:36:23.002739+00:00"
"138078265","TOÀN VĂN Quyết định 160/QĐ-BTP năm 2026 công bố thủ tục hành chính được sửa đổi, bổ sung trong lĩnh vực công chứng thế nào?","Ngày 16/1/2026, Bộ Tư pháp ban hành Quyết định 160/QĐ-BTP năm 2026 về việc công bố thủ tục hành chính được sửa đổi, bổ sung trong lĩnh vực công chứng thuộc phạm vi quản lý của Bộ Tư pháp.

Quyết định này có hiệu lực thi hành kể từ ngày 16/1/2026.

Nội dung công bố thủ tục hành chính tại mục 11, 17 phần B Phụ lục I ban hành kèm theo Quyết định 1859/QĐ-BTP ngày 23 tháng 6 năm 2025 của Bộ trưởng Bộ Tư pháp về việc công bố thủ tục hành chính mới ban hành, thủ tục hành chính bị bãi bỏ trong lĩnh vực công chứng thuộc phạm vi chức năng, quản lý nhà nước của Bộ Tư pháp hết hiệu lực kể từ ngày Quyết định này có hiệu lực thi hành.

Xem TOÀN VĂN Quyết định 160 QĐ BTP năm 2026 công bố thủ tục hành chính được sửa đổi, bổ sung trong lĩnh vực công chứng

Tải về

* Trên đây là Thông tin TOÀN VĂN Quyết định 160 QĐ BTP năm 2026 công bố thủ tục hành chính được sửa đổi, bổ sung trong lĩnh vực công chứng thế nào?

TOÀN VĂN Quyết định 160/QĐ-BTP năm 2026 công bố thủ tục hành chính được sửa đổi, bổ sung trong lĩnh vực công chứng thế nào? (Hình từ Internet)

Căn cứ tại khoản 1 Điều 12  Luật Công chứng 2024  quy định về tập sự hành nghề công chứng như sau:

Điều 12. Tập sự hành nghề công chứng

1. Người có giấy chứng nhận tốt nghiệp khóa đào tạo nghề công chứng liên hệ với tổ chức hành nghề công chứng theo quy định tại khoản 2 Điều này để tập sự hành nghề công chứng; trường hợp không liên hệ tập sự được thì đề nghị Sở Tư pháp bố trí tập sự.

Người tập sự phải đăng ký tập sự tại Sở Tư pháp ở địa phương nơi có tổ chức hành nghề công chứng nhận tập sự.

Thời gian tập sự hành nghề công chứng là 12 tháng, được tính từ ngày quyết định đăng ký tập sự có hiệu lực.

2. Tổ chức hành nghề công chứng nhận tập sự phải có công chứng viên đủ điều kiện hướng dẫn tập sự theo quy định tại khoản 3 Điều này và có cơ sở vật chất bảo đảm cho việc tập sự.

3. Công chứng viên được phân công hướng dẫn tập sự phải có từ đủ 02 năm kinh nghiệm hành nghề công chứng trở lên. Công chứng viên bị xử lý kỷ luật, xử phạt vi phạm hành chính trong hoạt động hành nghề công chứng thì sau 12 tháng kể từ ngày chấp hành xong quyết định kỷ luật, quyết định xử phạt vi phạm hành chính mới được hướng dẫn tập sự hành nghề công chứng. Công chứng viên đang hướng dẫn tập sự mà bị xử lý kỷ luật, xử phạt vi phạm hành chính trong hoạt động hành nghề công chứng, bị tạm đình chỉ hành nghề công chứng, chết hoặc bị Tòa án tuyên bố là đã chết, mất tích thì tổ chức hành nghề công chứng phân công công chứng viên khác đủ điều kiện tiếp tục hướng dẫn tập sự; trường hợp không còn công chứng viên đủ điều kiện hướng dẫn tập sự thì tổ chức hành nghề công chứng báo cáo Sở Tư pháp để chỉ định tổ chức hành nghề công chứng khác nhận người tập sự.

Tại cùng một thời điểm, 01 công chứng viên chỉ được hướng dẫn tối đa 02 người tập sự.

Công chứng viên hướng dẫn tập sự phải hướng dẫn và chịu trách nhiệm về các công việc do người tập sự thực hiện theo hướng dẫn của mình.

[...]

Như vậy, thời gian tập sự hành nghề công chứng là 12 tháng, được tính từ ngày quyết định đăng ký tập sự có hiệu lực.

Theo Điều 25  Luật Công chứng 2024  quy định đăng ký hoạt động của Văn phòng công chứng như sau:

[1] Trong thời hạn 90 ngày kể từ ngày quyết định cho phép thành lập có hiệu lực thi hành, Văn phòng công chứng phải đăng ký hoạt động tại Sở Tư pháp ở địa phương nơi đã ra quyết định.

[2] Nội dung đăng ký hoạt động của Văn phòng công chứng bao gồm:

- Tên, loại hình tổ chức của Văn phòng công chứng;

- Địa chỉ trụ sở của Văn phòng công chứng;

- Họ, tên, số định danh cá nhân, số quyết định bổ nhiệm công chứng viên của Trưởng Văn phòng công chứng;

- Họ, tên, số định danh cá nhân, số quyết định bổ nhiệm công chứng viên của các thành viên hợp danh đối với Văn phòng công chứng được tổ chức và hoạt động theo loại hình công ty hợp danh;

- Danh sách công chứng viên làm việc theo chế độ hợp đồng lao động của Văn phòng công chứng (nếu có).

[3] Văn phòng công chứng được hoạt động, công chứng viên của Văn phòng công chứng được hành nghề kể từ ngày Văn phòng công chứng được cấp giấy đăng ký hoạt động.

[4] Chính phủ quy định về hồ sơ, trình tự, thủ tục đăng ký hoạt động của Văn phòng công chứng.","","","","","2026-01-22","https://thuvienphapluat.vn/hoi-dap-phap-luat/toan-van-quyet-dinh-160qdbtp-nam-2026-cong-bo-thu-tuc-hanh-chinh-duoc-sua-doi-bo-sung-trong-linh-vu-138078265.html","2026-04-08T16:36:28.433755+00:00"
"Căn cứ theo Điều 12  Luật Chứng khoán 2019  được sửa đổi bởi khoản 5 Điều 1  Luật Sửa đổi Luật Chứng khoán"," Luật Kế toán"," Luật Kiểm toán độc lập"," Luật Ngân sách Nhà nước"," Luật Quản lý"," sử dụng tài sản công"," Luật Quản lý thuế"," Luật Thuế thu nhập cá nhân"," Luật Dự trữ quốc gia"," Luật Xử lý vi phạm hành chính 2024  quy định các hành vi bị nghiêm cấm trong hoạt động về chứng khoán và thị trường chứng khoán gồm:"
