"id","title","content","category","doc_type","doc_number","agency","published_date","url","crawled_at"
"138088096","Việc tiếp nhận hồ sơ và giải quyết các thủ tục liên quan đến hoạt động đầu tư của nhà đầu tư được thực hiện như thế nào?","Căn cứ tại khoản 1 Điều 6  Nghị định 96/2026/NĐ-CP  quy định việc tiếp nhận hồ sơ và giải quyết các thủ tục liên quan đến hoạt động đầu tư của nhà đầu tư được thực hiện như sau:

- Nhà đầu tư chịu trách nhiệm trước pháp luật về tính hợp pháp, chính xác, trung thực của nội dung hồ sơ và các văn bản gửi cơ quan nhà nước có thẩm quyền;

- Cơ quan tiếp nhận hồ sơ có trách nhiệm kiểm tra tính hợp lệ của hồ sơ, không được yêu cầu nhà đầu tư nộp thêm giấy tờ khác ngoài các giấy tờ trong hồ sơ theo quy định tại  Luật Đầu tư 2025  và  Nghị định 96/2026/NĐ-CP ;

- Đối với hồ sơ đề nghị chấp thuận chủ trương đầu tư của nhà đầu tư theo quy định tại điểm c và d khoản 6 Điều 30 hoặc hồ sơ đăng ký đầu tư theo quy định tại Điều 47  Nghị định 96/2026/NĐ-CP , trong thời gian 02 ngày làm việc kể từ ngày nhận được hồ sơ hợp lệ của nhà đầu tư đầu tiên, cơ quan đăng ký đầu tư có trách nhiệm thông báo việc tiếp nhận này tại Cổng thông tin điện tử và Bộ phận tiếp nhận, giải quyết thủ tục hành chính của cơ quan đăng ký đầu tư đó. Thông tin công khai bao gồm: tên dự án, mục tiêu, địa điểm thực hiện, tên nhà đầu tư và thời điểm tiếp nhận hồ sơ;

- Trường hợp có yêu cầu sửa đổi, bổ sung hồ sơ, cơ quan tiếp nhận hồ sơ thông báo 01 lần bằng văn bản cho nhà đầu tư về toàn bộ nội dung cần phải sửa đổi, bổ sung đối với mỗi một bộ hồ sơ. Thông báo phải nêu rõ căn cứ, nội dung và thời hạn sửa đổi, bổ sung hồ sơ. Nhà đầu tư có trách nhiệm sửa đổi, bổ sung hồ sơ trong thời hạn ghi tại văn bản thông báo của cơ quan tiếp nhận hồ sơ. Trường hợp nhà đầu tư không sửa đổi, bổ sung hồ sơ trong thời hạn đã được thông báo, Bộ Tài chính, cơ quan đăng ký đầu tư xem xét dừng giải quyết hồ sơ và thông báo bằng văn bản cho nhà đầu tư;

- Khi yêu cầu nhà đầu tư giải trình nội dung trong hồ sơ, Bộ Tài chính, cơ quan đăng ký đầu tư thông báo bằng văn bản cho nhà đầu tư và ghi rõ thời hạn giải trình. Trường hợp nhà đầu tư không giải trình theo yêu cầu, Bộ Tài chính, cơ quan đăng ký đầu tư xem xét thông báo bằng văn bản cho nhà đầu tư về việc dừng giải quyết hồ sơ;

- Thời gian sửa đổi, bổ sung hồ sơ hoặc giải trình của nhà đầu tư về nội dung có liên quan trong hồ sơ theo quy định tại các điểm d và đ khoản này và thời gian xử lý vi phạm hành chính trong lĩnh vực đầu tư (nếu có) không được tính vào thời gian giải quyết thủ tục theo quy định của Luật Đầu tư và  Nghị định 96/2026/NĐ-CP ;

- Trường hợp từ chối cấp, điều chỉnh Quyết định chấp thuận chủ trương đầu tư, Quyết định chấp thuận nhà đầu tư, Giấy chứng nhận đăng ký đầu tư và các văn bản hành chính khác về đầu tư theo quy định tại  Luật Đầu tư 2025  và  Nghị định 96/2026/NĐ-CP , Bộ Tài chính, cơ quan đăng ký đầu tư có trách nhiệm thông báo bằng văn bản cho nhà đầu tư và nêu rõ lý do.

Xem thêm:

>>>  03 hình thức lựa chọn nhà đầu tư thực hiện dự án đầu tư từ 01/03/2026 là những hình thức nào?

>>>  Bên mời thầu là bên nào theo quy định của Luật Đấu thầu mới nhất?

*Trên đây là thông tin Việc tiếp nhận hồ sơ và giải quyết các thủ tục liên quan đến hoạt động đầu tư của nhà đầu tư được thực hiện như thế nào?

Việc tiếp nhận hồ sơ và giải quyết các thủ tục liên quan đến hoạt động đầu tư của nhà đầu tư được thực hiện như thế nào? (Hình từ Internet)

Căn cứ tại khoản 1 Điều 41  Luật Đầu tư 2025  quy định ngành, nghề đầu tư ra nước ngoài có điều kiện bao gồm:

- Ngân hàng;

- Bảo hiểm;

- Chứng khoán;

- Báo chí, phát thanh, truyền hình;

- Kinh doanh bất động sản.

Căn cứ tại Điều 42  Luật Đầu tư 2025  quy định về cấp, điều chỉnh, chấm dứt hiệu lực của Giấy chứng nhận đăng ký đầu tư ra nước ngoài như sau:

[1] Bộ Tài chính cấp, điều chỉnh, chấm dứt hiệu lực của Giấy chứng nhận đăng ký đầu tư ra nước ngoài đối với các dự án có mức vốn đầu tư ra nước ngoài theo quy định của Chính phủ hoặc dự án đầu tư có lĩnh vực thuộc ngành, nghề đầu tư ra nước ngoài có điều kiện quy định tại khoản 1 Điều 41  Luật Đầu tư 2025 . Trong trường hợp cần thiết, Bộ Tài chính phân cấp thẩm quyền cấp, điều chỉnh, chấm dứt hiệu lực Giấy chứng nhận đăng ký đầu tư ra nước ngoài cho tổ chức thuộc Bộ.

[2] Đối với dự án đầu tư ra nước ngoài có quy mô vốn lớn hoặc dự án đề xuất áp dụng cơ chế chính sách hỗ trợ đặc biệt, Bộ Tài chính báo cáo Thủ tướng Chính phủ xem xét, chấp thuận trước khi cấp, điều chỉnh Giấy chứng nhận đăng ký đầu tư ra nước ngoài, trừ trường hợp quy định tại khoản 3 Điều 42  Luật Đầu tư 2025 .

[3] Nhà đầu tư thực hiện thủ tục đăng ký giao dịch ngoại hối theo quy định của pháp luật về quản lý ngoại hối mà không phải thực hiện thủ tục cấp Giấy chứng nhận đăng ký đầu tư ra nước ngoài trong các trường hợp sau đây:

- Dự án đầu tư ra nước ngoài có mức vốn đầu tư ra nước ngoài nhỏ hơn mức quy định của Chính phủ và không thuộc ngành, nghề đầu tư ra nước ngoài có điều kiện theo quy định tại khoản 1 Điều 41  Luật Đầu tư 2025 ;

- Dự án đầu tư ra nước ngoài gắn với quốc phòng, an ninh triển khai theo thỏa thuận giữa Chính phủ Việt Nam và Chính phủ các nước;

- Dự án đầu tư ra nước ngoài của các tập đoàn, tổng công ty nhà nước và tổ chức kinh tế khác theo quy định của Chính phủ.

[4] Chính phủ quy định chi tiết Điều này; quy định về điều kiện, hồ sơ, trình tự thủ tục cấp, điều chỉnh, chấm dứt hiệu lực của Giấy chứng nhận đăng ký đầu tư ra nước ngoài và nội dung Giấy chứng nhận đăng ký đầu tư ra nước ngoài.

*Trên đây là thông tin Việc tiếp nhận hồ sơ và giải quyết các thủ tục liên quan đến hoạt động đầu tư của nhà đầu tư được thực hiện như thế nào?","dau-tu","","","","2026-04-21T04:40:00","https://thuvienphapluat.vn/hoi-dap-phap-luat/viec-tiep-nhan-ho-so-va-giai-quyet-cac-thu-tuc-lien-quan-den-hoat-dong-dau-tu-cua-nha-dau-tu-duoc-t-138088096.html","2026-04-21T03:47:10.377296+00:00"
"138088054","Mẫu Văn bản đề nghị cấp tài khoản báo cáo tình hình hoạt động đầu tư ra nước ngoài từ 15/04/2026 là mẫu nào?","Mẫu Văn bản đề nghị cấp tài khoản báo cáo tình hình hoạt động đầu tư ra nước ngoài là Mẫu I.18 quy định tại Phụ lục ban hành kèm theo  Thông tư 38/2026/TT-BTC .

Xem thêm:

>>>  Toàn văn Thông tư 38/2026/TT-BTC quy định mẫu văn bản, báo cáo đầu tư ra nước ngoài ra sao?

>>>  Dự án đầu tư ra nước ngoài chấm dứt hoạt động trong trường hợp nào từ 03/4/2026?

Mẫu Văn bản đề nghị cấp tài khoản báo cáo tình hình hoạt động đầu tư ra nước ngoài từ 15/04/2026 có dạng như sau:

Tải Mẫu Văn bản đề nghị cấp tài khoản báo cáo tình hình hoạt động đầu tư ra nước ngoài từ 15/04/2026

Tải về

Mẫu Văn bản đề nghị cấp tài khoản báo cáo tình hình hoạt động đầu tư ra nước ngoài từ 15/04/2026 là mẫu nào?

Xem thêm:

>>>  Cơ quan nào có thẩm quyền thu hồi Giấy chứng nhận đăng ký đầu tư khi thay đổi địa điểm thực hiện dự án đầu tư từ 03/09/2025?

>>>  Nhà đầu tư nộp lại Giấy chứng nhận đăng ký đầu tư trong trường hợp nào?

Mẫu Văn bản đề nghị cấp tài khoản báo cáo tình hình hoạt động đầu tư ra nước ngoài từ 15/04/2026 là mẫu nào? (Hình từ Internet)

Căn cứ theo Điều 32  Nghị định 103/2026/NĐ-CP  quy định về chuyển vốn đầu tư ra nước ngoài như sau:

(1) Nhà đầu tư được chuyển vốn đầu tư ra nước ngoài để thực hiện hoạt động đầu tư khi đáp ứng các điều kiện sau đây:

- Đã được cấp Giấy chứng nhận đăng ký đầu tư ra nước ngoài đối với các dự án thuộc diện cấp Giấy chứng nhận đăng ký đầu tư ra nước ngoài;

- Hoạt động đầu tư đã được cơ quan có thẩm quyền của nước tiếp nhận đầu tư chấp thuận hoặc cấp phép (nếu có).

Trường hợp pháp luật của nước tiếp nhận đầu tư không quy định về việc cấp phép đầu tư hoặc chấp thuận đầu tư hoặc chỉ cấp phép sau khi nhà đầu tư đã thực hiện cam kết chuyển vốn đầu tư, nhà đầu tư phải cung cấp tài liệu chứng minh quyền hoạt động đầu tư tại nước tiếp nhận đầu tư;

- Có tài khoản vốn đầu tư ra nước ngoài theo quy định tại Điều 31  Nghị định 103/2026/NĐ-CP .

(2) Việc chuyển vốn đầu tư ra nước ngoài phải tuân thủ quy định của pháp luật về quản lý ngoại hối, xuất khẩu, chuyển giao công nghệ và quy định khác của pháp luật có liên quan.

(3) Nhà đầu tư được chuyển tiền, hàng hóa, máy móc, thiết bị ra nước ngoài trước khi được cấp Giấy chứng nhận đăng ký đầu tư ra nước ngoài hoặc xác nhận đăng ký giao dịch ngoại hối (đối với dự án không phải thực hiện thủ tục cấp Giấy chứng nhận đăng ký đầu tư ra nước ngoài) liên quan đến hoạt động đầu tư ra nước ngoài để đáp ứng các chi phí cho hoạt động hình thành dự án đầu tư, bao gồm:

- Nghiên cứu thị trường và cơ hội đầu tư;

- Khảo sát thực địa;

- Nghiên cứu tài liệu;

- Thu thập và mua tài liệu, thông tin có liên quan đến lựa chọn dự án đầu tư;

- Tổng hợp, đánh giá, thẩm định, kể cả việc lựa chọn và thuê chuyên gia tư vấn để đánh giá, thẩm định dự án đầu tư;

- Tổ chức hội thảo, hội nghị khoa học;

- Thành lập và hoạt động của văn phòng liên lạc ở nước ngoài liên quan đến việc hình thành dự án đầu tư;

- Tham gia đấu thầu quốc tế, đặt cọc, ký quỹ hoặc các hình thức bảo lãnh tài chính khác, thanh toán chi phí, lệ phí theo yêu cầu của bên mời thầu, quốc gia, vùng lãnh thổ tiếp nhận đầu tư liên quan đến điều kiện tham gia đấu thầu, điều kiện thực hiện dự án đầu tư;

- Tham gia mua bán, sáp nhập công ty, đặt cọc, ký quỹ hoặc các hình thức bảo lãnh tài chính khác, thanh toán chi phí, lệ phí theo yêu cầu của bên bán công ty hoặc theo quy định pháp luật của quốc gia, vùng lãnh thổ tiếp nhận đầu tư;

- Đàm phán hợp đồng;

- Mua hoặc thuê tài sản hỗ trợ cho việc hình thành dự án đầu tư ở nước ngoài.

(4) Việc chuyển tiền, hàng hóa, máy móc, thiết bị ra nước ngoài theo quy định tại khoản 3 Điều 32  Nghị định 103/2026/NĐ-CP  thực hiện theo quy định của pháp luật về ngoại hối, xuất khẩu, hải quan, công nghệ.

(5) Hạn mức chuyển tiền theo quy định tại khoản 3 Điều 32  Nghị định 103/2026/NĐ-CP  không vượt quá 5% tổng vốn đầu tư ra nước ngoài và không quá 300.000 đô la Mỹ được tính vào tổng vốn đầu tư ra nước ngoài, trừ trường hợp Chính phủ có quy định khác.

(6) Việc chuyển vốn bằng máy móc, thiết bị và hàng hóa ra nước ngoài và từ nước ngoài về Việt Nam để thực hiện dự án đầu tư ra nước ngoài phải thực hiện thủ tục hải quan theo quy định của pháp luật hải quan.

(7) Ngân hàng Nhà nước Việt Nam hướng dẫn chi tiết về quản lý ngoại hối đối với việc chuyển tiền ra nước ngoài để thực hiện hoạt động đầu tư theo quy định tại Điều 32  Nghị định 103/2026/NĐ-CP .

Căn cứ theo khoản 1 Điều 31  Nghị định 103/2026/NĐ-CP  quy định như sau:

Điều 31. Mở tài khoản vốn đầu tư ra nước ngoài

1. Nhà đầu tư mở tài khoản vốn đầu tư ra nước ngoài tại một tổ chức tín dụng được phép tại Việt Nam theo quy định của pháp luật về quản lý ngoại hối.

2. Mọi giao dịch chuyển tiền từ Việt Nam ra nước ngoài và từ nước ngoài về Việt Nam liên quan đến hoạt động đầu tư ra nước ngoài phải thực hiện thông qua tài khoản vốn đầu tư quy định tại khoản 1 Điều này theo quy định của pháp luật về quản lý ngoại hối.

Theo đó, nhà đầu tư phải mở tài khoản vốn đầu tư ra nước ngoài tại một tổ chức tín dụng được phép tại Việt Nam theo quy định của pháp luật về quản lý ngoại hối.","dau-tu","","","","2026-04-20T17:30:00","https://thuvienphapluat.vn/hoi-dap-phap-luat/mau-van-ban-de-nghi-cap-tai-khoan-bao-cao-tinh-hinh-hoat-dong-dau-tu-ra-nuoc-ngoai-tu-15042026-la-m-138088054.html","2026-04-21T03:47:14.777280+00:00"
"138088053","Mẫu Báo cáo tình hình hoạt động đầu tư ra nước ngoài cho năm tài chính từ 15/04/2026 là mẫu nào?","Mẫu Báo cáo tình hình hoạt động đầu tư ra nước ngoài cho năm tài chính là Mẫu I.17 quy định tại Phụ lục ban hành kèm theo  Thông tư 38/2026/TT-BTC .

Xem thêm:

>>>  Toàn văn Thông tư 38/2026/TT-BTC quy định mẫu văn bản, báo cáo đầu tư ra nước ngoài ra sao?

>>>  Dự án đầu tư ra nước ngoài chấm dứt hoạt động trong trường hợp nào từ 03/4/2026?

Mẫu Báo cáo tình hình hoạt động đầu tư ra nước ngoài cho năm tài chính từ 15/04/2026 có dạng như sau:

Tải mẫu Báo cáo tình hình hoạt động đầu tư ra nước ngoài cho năm tài chính từ 15/04/2026

Tải về

*Trên đây Mẫu Báo cáo tình hình hoạt động đầu tư ra nước ngoài cho năm tài chính từ 15/04/2026 là mẫu nào?

Xem thêm:

>>>  Cơ quan nào có thẩm quyền thu hồi Giấy chứng nhận đăng ký đầu tư khi thay đổi địa điểm thực hiện dự án đầu tư từ 03/09/2025?

>>>  Nhà đầu tư nộp lại Giấy chứng nhận đăng ký đầu tư trong trường hợp nào?

Mẫu Báo cáo tình hình hoạt động đầu tư ra nước ngoài cho năm tài chính từ 15/04/2026 là mẫu nào? (Hình từ Internet)

Căn cứ theo Điều 36  Nghị định 103/2026/NĐ-CP  quy định như sau:

Điều 36. Nghĩa vụ tài chính

1. Nhà đầu tư có trách nhiệm thực hiện đầy đủ các nghĩa vụ tài chính liên quan đến dự án đầu tư ra nước ngoài đối với Nhà nước Việt Nam theo quy định của pháp luật về thuế.

2. Nhà đầu tư là doanh nghiệp nhà nước có trách nhiệm thực hiện đầy đủ các nghĩa vụ tài chính liên quan đến dự án đầu tư ra nước ngoài đối với Nhà nước Việt Nam theo quy định của pháp luật về thuế, pháp luật về quản lý, sử dụng vốn nhà nước đầu tư vào sản xuất, kinh doanh tại doanh nghiệp.

3. Việc miễn thuế xuất khẩu, thuế nhập khẩu đối với phần vốn bằng hàng hóa, máy móc, thiết bị chuyển ra nước ngoài để thực hiện hoạt động đầu tư và chuyển từ nước ngoài về Việt Nam thực hiện theo quy định của pháp luật về thuế xuất khẩu, thuế nhập khẩu.

Theo đó, nghĩa vụ tài chính của nhà đầu tư trong hoạt động đầu tư ra nước ngoài như sau:

- Nhà đầu tư có trách nhiệm thực hiện đầy đủ các nghĩa vụ tài chính liên quan đến dự án đầu tư ra nước ngoài đối với Nhà nước Việt Nam theo quy định của pháp luật về thuế.

- Nhà đầu tư là doanh nghiệp nhà nước có trách nhiệm thực hiện đầy đủ các nghĩa vụ tài chính liên quan đến dự án đầu tư ra nước ngoài đối với Nhà nước Việt Nam theo quy định của pháp luật về thuế, pháp luật về quản lý, sử dụng vốn nhà nước đầu tư vào sản xuất, kinh doanh tại doanh nghiệp.

- Việc miễn thuế xuất khẩu, thuế nhập khẩu đối với phần vốn bằng hàng hóa, máy móc, thiết bị chuyển ra nước ngoài để thực hiện hoạt động đầu tư và chuyển từ nước ngoài về Việt Nam thực hiện theo quy định của pháp luật về thuế xuất khẩu, thuế nhập khẩu.

Căn cứ theo khoản 1 Điều 34  Luật Đầu tư 2025  quy định như sau:

Điều 34. Chuyển nhượng dự án đầu tư

1. Nhà đầu tư có quyền chuyển nhượng toàn bộ hoặc một phần dự án đầu tư cho nhà đầu tư khác khi đáp ứng các điều kiện sau đây:

a) Dự án đầu tư hoặc phần dự án đầu tư chuyển nhượng không bị chấm dứt hoạt động theo quy định tại khoản 1 và khoản 2 Điều 36 của Luật này;

b) Nhà đầu tư nước ngoài nhận chuyển nhượng dự án đầu tư, một phần dự án đầu tư phải đáp ứng điều kiện quy định tại khoản 2 Điều 21 của Luật này;

c) Điều kiện theo quy định của pháp luật về đất đai, nhà ở, kinh doanh bất động sản và quy định khác của pháp luật có liên quan (nếu có);

d) Điều kiện quy định tại văn bản chấp thuận chủ trương đầu tư, Giấy chứng nhận đăng ký đầu tư;

đ) Khi chuyển nhượng dự án đầu tư, ngoài việc thực hiện theo quy định tại Điều này, doanh nghiệp nhà nước có trách nhiệm thực hiện theo quy định của pháp luật về quản lý, sử dụng vốn nhà nước đầu tư vào sản xuất, kinh doanh tại doanh nghiệp trước khi thực hiện việc điều chỉnh dự án đầu tư.

[...]

Theo đó, nhà đầu tư có quyền chuyển nhượng toàn bộ hoặc một phần dự án đầu tư cho nhà đầu tư khác khi đáp ứng các điều kiện sau đây:

- Dự án đầu tư hoặc phần dự án đầu tư chuyển nhượng không bị chấm dứt hoạt động theo quy định tại khoản 1 và khoản 2 Điều 36  Luật Đầu tư 2025 ;

- Nhà đầu tư nước ngoài nhận chuyển nhượng dự án đầu tư, một phần dự án đầu tư phải đáp ứng điều kiện quy định tại khoản 2 Điều 21  Luật Đầu tư 2025 ;

- Điều kiện theo quy định của pháp luật về đất đai, nhà ở, kinh doanh bất động sản và quy định khác của pháp luật có liên quan (nếu có);

- Điều kiện quy định tại văn bản chấp thuận chủ trương đầu tư, Giấy chứng nhận đăng ký đầu tư;

- Khi chuyển nhượng dự án đầu tư, ngoài việc thực hiện theo quy định tại Điều 34  Luật Đầu tư 2025 , doanh nghiệp nhà nước có trách nhiệm thực hiện theo quy định của pháp luật về quản lý, sử dụng vốn nhà nước đầu tư vào sản xuất, kinh doanh tại doanh nghiệp trước khi thực hiện việc điều chỉnh dự án đầu tư.","dau-tu","","","","2026-04-20T16:45:00","https://thuvienphapluat.vn/hoi-dap-phap-luat/mau-bao-cao-tinh-hinh-hoat-dong-dau-tu-ra-nuoc-ngoai-cho-nam-tai-chinh-tu-15042026-la-mau-nao-138088053.html","2026-04-21T03:47:18.860486+00:00"
"138088051","Mẫu Báo cáo định kỳ năm tình hình hoạt động dự án đầu tư tại nước ngoài từ 15/04/2026 là mẫu nào?","Mẫu Báo cáo định kỳ năm tình hình hoạt động dự án đầu tư tại nước ngoài là Mẫu I.16 quy định tại Phụ lục ban hành kèm theo  Thông tư 38/2026/TT-BTC .

Mẫu Báo cáo định kỳ năm tình hình hoạt động dự án đầu tư tại nước ngoài từ 15/04/2026 có dạng như sau:

Xem thêm:

>>>  Toàn văn Thông tư 38/2026/TT-BTC quy định mẫu văn bản, báo cáo đầu tư ra nước ngoài ra sao?

>>>  Dự án đầu tư ra nước ngoài chấm dứt hoạt động trong trường hợp nào từ 03/4/2026?

Tải mẫu Báo cáo định kỳ năm tình hình hoạt động dự án đầu tư tại nước ngoài từ 15/04/2026

Tải về

*Trên đây là thông tin Mẫu Báo cáo định kỳ năm tình hình hoạt động dự án đầu tư tại nước ngoài từ 15/04/2026 là mẫu nào?

Xem thêm:

>>>  Cơ quan nào có thẩm quyền thu hồi Giấy chứng nhận đăng ký đầu tư khi thay đổi địa điểm thực hiện dự án đầu tư từ 03/09/2025?

>>>  Nhà đầu tư nộp lại Giấy chứng nhận đăng ký đầu tư trong trường hợp nào?

Mẫu Báo cáo định kỳ năm tình hình hoạt động dự án đầu tư tại nước ngoài từ 15/04/2026 là mẫu nào? (Hình từ Internet)

Căn cứ theo Điều 8  Nghị định 103/2026/NĐ-CP  hướng dẫn xử lý hồ sơ giả mạo trong hoạt động đầu tư ra nước ngoài như sau:

- Khi được cơ quan, tổ chức, người có thẩm quyền theo quy định của pháp luật xác định có nội dung giả mạo trong hồ sơ thực hiện thủ tục đầu tư ra nước ngoài, cơ quan tiếp nhận hồ sơ thông báo bằng văn bản cho nhà đầu tư về hành vi vi phạm.

- Trong thời hạn 15 ngày làm việc kể từ ngày nhận được thông báo về hành vi vi phạm, nhà đầu tư gửi báo cáo, giải trình làm rõ về hồ sơ.

- Việc xử lý hồ sơ giả mạo được thực hiện như sau:

+ Trường hợp phát hiện nội dung giả mạo trong quá trình giải quyết hồ sơ: cơ quan tiếp nhận hồ sơ dừng việc giải quyết hồ sơ; trường hợp nhà đầu tư không giải trình hoặc giải trình không thỏa đáng thì từ chối giải quyết hồ sơ và thông báo bằng văn bản cho nhà đầu tư, đồng thời xử lý theo quy định của pháp luật có liên quan;

+ Trường hợp phát hiện nội dung giả mạo sau khi đã được cấp Giấy chứng nhận đăng ký đầu tư ra nước ngoài hoặc văn bản có liên quan: cơ quan tiếp nhận hồ sơ hủy bỏ hoặc báo cáo cơ quan, người có thẩm quyền xem xét hủy bỏ toàn bộ hoặc một phần Giấy chứng nhận đăng ký đầu tư ra nước ngoài và các văn bản có liên quan đã được cấp trên cơ sở thông tin giả mạo.

- Cơ quan tiếp nhận hồ sơ khôi phục lại văn bản, giấy tờ được cấp trên cơ sở hồ sơ hợp lệ gần nhất, đồng thời xử lý hoặc báo cáo cơ quan, người có thẩm quyền để xử lý theo quy định của pháp luật.

- Nhà đầu tư chịu trách nhiệm theo quy định của pháp luật và mọi thiệt hại phát sinh đối với hành vi giả mạo nội dung hồ sơ, tài liệu.

Căn cứ theo Điều 27  Nghị định 103/2026/NĐ-CP  quy định trình tự cập nhật thông tin dự án đầu tư ra nước ngoài như sau:

(1) Trong vòng 01 tháng kể từ thời điểm dự án đầu tư ra nước ngoài có nội dung thay đổi mà không thuộc diện phải điều chỉnh Giấy chứng nhận đăng ký đầu tư ra nước ngoài hoặc dự án không thuộc diện cấp Giấy chứng nhận đăng ký đầu tư ra nước ngoài, nhà đầu tư phải cập nhật các nội dung thay đổi trên Hệ thống thông tin quốc gia về đầu tư.

Trường hợp Hệ thống thông tin quốc gia về đầu tư bị lỗi, không thể cập nhật được thông tin thay đổi, nếu có nhu cầu, nhà đầu tư gửi văn bản đề nghị xác nhận thông tin thay đổi, kèm theo các tài liệu liên quan cho Cục Đầu tư nước ngoài, Bộ Tài chính để được xác nhận các nội dung thay đổi.

Văn bản xác nhận nội dung thay đổi được gửi cho nhà đầu tư trong thời hạn 03 ngày làm việc kể từ ngày nhận được văn bản đề nghị của nhà đầu tư.

(2) Đối với các nội dung ghi trên Giấy chứng nhận đăng ký đầu tư ra nước ngoài đã được nhà đầu tư cập nhật, thay đổi theo quy định tại khoản 1 Điều 27  Nghị định 103/2026/NĐ-CP , Bộ Tài chính ghi nhận các nội dung đó vào Giấy chứng nhận đăng ký đầu tư ra nước ngoài điều chỉnh khi nhà đầu tư thực hiện thủ tục điều chỉnh Giấy chứng nhận đăng ký đầu tư ra nước ngoài.","dau-tu","","","","2026-04-20T16:30:00","https://thuvienphapluat.vn/hoi-dap-phap-luat/mau-bao-cao-dinh-ky-nam-tinh-hinh-hoat-dong-du-an-dau-tu-tai-nuoc-ngoai-tu-15042026-la-mau-nao-138088051.html","2026-04-21T03:47:23.235132+00:00"
"138088050","Mẫu Văn bản đề nghị điều chỉnh Giấy chứng nhận đăng ký đầu tư ra nước ngoài từ 15/04/2026 là mẫu nào?","Xem thêm:

>>>  Toàn văn Thông tư 38/2026/TT-BTC quy định mẫu văn bản, báo cáo đầu tư ra nước ngoài ra sao?

>>>  Dự án đầu tư ra nước ngoài chấm dứt hoạt động trong trường hợp nào từ 03/4/2026?

Mẫu Văn bản đề nghị điều chỉnh Giấy chứng nhận đăng ký đầu tư ra nước ngoài là Mẫu I.3 quy định tại Phụ lục 1 ban hành kèm theo  Thông tư 38/2026/TT-BTC .

Lưu ý:  Áp dụng cho tất cả hồ sơ đề nghị điều chỉnh Giấy chứng nhận đăng ký đầu tư ra nước ngoài

Mẫu Văn bản đề nghị điều chỉnh Giấy chứng nhận đăng ký đầu tư ra nước ngoài từ 15/04/2026 có dạng như sau:

Tải mẫu Văn bản đề nghị điều chỉnh Giấy chứng nhận đăng ký đầu tư ra nước ngoài từ 15/04/2026

Tải về

*Trên đây là thông tin Mẫu Văn bản đề nghị điều chỉnh Giấy chứng nhận đăng ký đầu tư ra nước ngoài từ 15/04/2026 là mẫu nào?

Xem thêm:

>>>  Cơ quan nào có thẩm quyền thu hồi Giấy chứng nhận đăng ký đầu tư khi thay đổi địa điểm thực hiện dự án đầu tư từ 03/09/2025?

>>>  Nhà đầu tư nộp lại Giấy chứng nhận đăng ký đầu tư trong trường hợp nào?

Mẫu Văn bản đề nghị điều chỉnh Giấy chứng nhận đăng ký đầu tư ra nước ngoài từ 15/04/2026 là mẫu nào? (Hình từ Internet)

Căn cứ theo khoản 1 Điều 17  Nghị định 103/2026/NĐ-CP  quy định về thẩm quyền cấp Giấy chứng nhận đăng ký đầu tư ra nước ngoài như sau:

- Bộ Tài chính cấp, điều chỉnh, chấm dứt hiệu lực của Giấy chứng nhận đăng ký đầu tư ra nước ngoài đối với các dự án có vốn đầu tư ra nước ngoài từ 7 tỷ đồng trở lên hoặc dự án có lĩnh vực thuộc ngành, nghề đầu tư ra nước ngoài có điều kiện quy định tại khoản 1 Điều 41  Luật Đầu tư 2025 , trừ các dự án quy định tại Điều 18  Nghị định 103/2026/NĐ-CP .

- Đối với dự án có vốn đầu tư ra nước ngoài từ 1.600 tỷ đồng trở lên hoặc dự án đề xuất áp dụng cơ chế chính sách hỗ trợ đặc biệt, Bộ Tài chính báo cáo Thủ tướng Chính phủ chấp thuận trước khi cấp, điều chỉnh Giấy chứng nhận đăng ký đầu tư ra nước ngoài, trừ các trường hợp quy định tại khoản 3 Điều 17  Nghị định 103/2026/NĐ-CP .

- Đối với dự án thuộc trường hợp quy định tại khoản 2 Điều 17  Nghị định 103/2026/NĐ-CP  đã được Thủ tướng Chính phủ chấp thuận, khi thực hiện điều chỉnh dự án thì không phải báo cáo Thủ tướng Chính phủ xem xét, chấp thuận lại đối với các trường hợp sau:

+ Thay đổi địa điểm đầu tư trong cùng một quốc gia, vùng lãnh thổ tiếp nhận đầu tư;

+ Tăng vốn đầu tư ra nước ngoài lần đầu với mức tăng không quá 10% tổng vốn đầu tư ra nước ngoài đã được chấp thuận và không làm thay đổi mục tiêu chính của dự án;

+ Sử dụng lợi nhuận thu được từ dự án đầu tư ở nước ngoài để tái đầu tư vào chính dự án đó theo quy định của pháp luật;

+ Giảm vốn đầu tư ra nước ngoài để chuyển vốn về nước;

+ Các trường hợp điều chỉnh khác không làm thay đổi mục tiêu chính, quy mô của dự án hoặc không thuộc trường hợp đề xuất áp dụng cơ chế, chính sách hỗ trợ đặc biệt.

Căn cứ theo Điều 16  Nghị định 103/2026/NĐ-CP  quy định về nội dung Giấy chứng nhận đăng ký đầu tư ra nước ngoài như sau:

Điều 16. Nội dung Giấy chứng nhận đăng ký đầu tư ra nước ngoài

1. Mã số dự án đầu tư.

2. Nhà đầu tư.

3. Tên dự án đầu tư, tên tổ chức kinh tế ở nước ngoài (nếu có).

4. Mục tiêu dự án, trong đó có mục tiêu chính và mục tiêu khác.

5. Địa điểm đầu tư đối với các dự án đầu tư yêu cầu phải có địa điểm đầu tư.

6. Hình thức đầu tư, vốn đầu tư, nguồn vốn đầu tư, hình thức vốn đầu tư, tiến độ thực hiện hoạt động đầu tư ra nước ngoài.

7. Quyền và nghĩa vụ của nhà đầu tư.

8. Ưu đãi và hỗ trợ đầu tư (nếu có).

Theo đó, nội dung Giấy chứng nhận đăng ký đầu tư ra nước ngoài bao gồm:

- Mã số dự án đầu tư.

- Nhà đầu tư.

- Tên dự án đầu tư, tên tổ chức kinh tế ở nước ngoài (nếu có).

- Mục tiêu dự án, trong đó có mục tiêu chính và mục tiêu khác.

- Địa điểm đầu tư đối với các dự án đầu tư yêu cầu phải có địa điểm đầu tư.

- Hình thức đầu tư, vốn đầu tư, nguồn vốn đầu tư, hình thức vốn đầu tư, tiến độ thực hiện hoạt động đầu tư ra nước ngoài.

- Quyền và nghĩa vụ của nhà đầu tư.

- Ưu đãi và hỗ trợ đầu tư (nếu có).","dau-tu","","","","2026-04-20T16:00:00","https://thuvienphapluat.vn/hoi-dap-phap-luat/mau-van-ban-de-nghi-dieu-chinh-giay-chung-nhan-dang-ky-dau-tu-ra-nuoc-ngoai-tu-15042026-la-mau-nao-138088050.html","2026-04-21T03:47:27.121021+00:00"
"138088021","Mẫu văn bản xác nhận thay đổi nội dung thông tin dự án đầu tư ra nước ngoài 2026 là mẫu nào?","Mẫu văn bản xác nhận thay đổi nội dung thông tin dự án đầu tư ra nước ngoài 2026 có ký hiệu là Mẫu II.8 được quy định tại Phụ lục ban hành kèm theo  Thông tư 38/2026/TT-BTC , mẫu có dạng như sau:

Tải Mẫu văn bản xác nhận thay đổi nội dung thông tin dự án đầu tư ra nước ngoài 2026

Tải về

* Trên đây là Thông tin Mẫu văn bản xác nhận thay đổi nội dung thông tin dự án đầu tư ra nước ngoài 2026 là mẫu nào?

>>  Mẫu văn bản đăng ký đầu tư ra nước ngoài từ 15/04/2026 ra sao?

>>  Mẫu đề xuất dự án đầu tư ra nước ngoài từ 15/04/2026 là mẫu nào?

Mẫu văn bản xác nhận thay đổi nội dung thông tin dự án đầu tư ra nước ngoài 2026 là mẫu nào? (Hình từ Internet)

Tại Điều 16  Nghị định 103/2026/NĐ-CP  quy định nội dung Giấy chứng nhận đăng ký đầu tư ra nước ngoài gồm:

- Mã số dự án đầu tư.

- Nhà đầu tư.

- Tên dự án đầu tư, tên tổ chức kinh tế ở nước ngoài (nếu có).

- Mục tiêu dự án, trong đó có mục tiêu chính và mục tiêu khác.

- Địa điểm đầu tư đối với các dự án đầu tư yêu cầu phải có địa điểm đầu tư.

- Hình thức đầu tư, vốn đầu tư, nguồn vốn đầu tư, hình thức vốn đầu tư, tiến độ thực hiện hoạt động đầu tư ra nước ngoài.

- Quyền và nghĩa vụ của nhà đầu tư.

- Ưu đãi và hỗ trợ đầu tư (nếu có).

Căn cứ theo Điều 18  Nghị định 103/2026/NĐ-CP  quy định nhà đầu tư thực hiện thủ tục đăng ký giao dịch ngoại hối theo quy định của pháp luật về quản lý ngoại hối mà không phải thực hiện thủ tục cấp Giấy chứng nhận đăng ký đầu tư ra nước ngoài đối với dự án thuộc một trong các trường hợp sau đây:

- Dự án đầu tư ra nước ngoài có mức vốn đầu tư ra nước ngoài nhỏ hơn 7 tỷ đồng và không thuộc ngành, nghề đầu tư ra nước ngoài có điều kiện theo quy định tại khoản 1 Điều 41  Luật Đầu tư 2025 ,

- Dự án đầu tư ra nước ngoài gắn với quốc phòng, an ninh triển khai theo thỏa thuận giữa Chính phủ Việt Nam và Chính phủ các nước theo quy định tại điểm b khoản 3 Điều 42  Luật Đầu tư 2025 . Thỏa thuận là hiệp định giữa hai Chính phủ hoặc các văn bản thỏa thuận giữa các cơ quan hai nước được Chính phủ phê duyệt.

- Dự án đầu tư ra nước ngoài của các tập đoàn, tổng công ty nhà nước thuộc danh mục các tập đoàn, tổng công ty nhà nước quy định tại Phụ lục I của  Nghị định 366/2025/NĐ-CP  ngày 31 tháng 12 năm 2025 của Chính phủ về quản lý và đầu tư vốn nhà nước tại doanh nghiệp.

- Dự án đầu tư ra nước ngoài không thuộc diện báo cáo Thủ tướng Chính phủ xem xét, chấp thuận theo quy định tại khoản 2 Điều 17  Nghị định 103/2026/NĐ-CP  của các tổ chức kinh tế khác theo quy định tại điểm c, khoản 3 Điều 42  Luật Đầu tư 2025  đáp ứng các điều kiện sau:

+ Doanh nghiệp có quy mô lớn theo quy định tại  Nghị định 90/2025/NĐ-CP  ngày 14 tháng 4 năm 2025 sửa đổi, bổ sung một số điều của  Nghị định 17/2012/NĐ-CP  ngày 13 tháng 3 năm 2012 của chính phủ quy định chi tiết và hướng dẫn thi hành một số điều của  Luật Kiểm toán độc lập 2011 ;

+ Sử dụng nguồn ngoại tệ tự có trong trường hợp chuyển vốn đầu tư bằng ngoại tệ và không sử dụng nguồn vốn vay để đầu tư ra nước ngoài;

+ Hoạt động kinh doanh có lãi trong 2 năm liên tiếp liền kề trước năm đầu tư. Kết quả hoạt động kinh doanh được xác định theo báo cáo tài chính hợp nhất của tổ chức kinh tế;

+ Đã có ít nhất 2 dự án đầu tư ra nước ngoài có lợi nhuận chuyển về nước.

- Đối với các dự án không thuộc diện cấp Giấy chứng nhận đăng ký đầu tư ra nước ngoài, nhà đầu tư kê khai thông tin về dự án đầu tư, bao gồm cả cơ cấu vốn đầu tư (gồm vốn bằng tiền và tài sản) trên Hệ thống thông tin quốc gia về đầu tư để được cấp mã số khai hồ sơ tự động trước khi thực hiện thủ tục đăng ký giao dịch ngoại hối theo quy định của pháp luật về quản lý ngoại hối.

Trường hợp dự án có nội dung thay đổi, nhà đầu tư cập nhật thông tin thay đổi trên Hệ thống thông tin quốc gia về đầu tư.

- Trường hợp nhà đầu tư có nhu cầu cấp Giấy chứng nhận đăng ký đầu tư ra nước ngoài đối với dự án đầu tư quy định tại khoản 1 và khoản 3 Điều 18  Nghị định 103/2026/NĐ-CP , nhà đầu tư thực hiện thủ tục cấp Giấy chứng nhận đăng ký đầu tư ra nước ngoài.

- Trong trường hợp cần thiết, Ngân hàng Nhà nước Việt Nam có thể lấy ý kiến các cơ quan liên quan về hồ sơ đăng ký giao dịch ngoại hối liên quan đến hoạt động đầu tư ra nước ngoài.

Cơ quan được lấy ý kiến có ý kiến trả lời Ngân hàng Nhà nước Việt Nam trong thời hạn 7 ngày làm việc kể từ ngày nhận được văn bản lấy ý kiến.

- Trường hợp dự án có mức vốn đầu tư ra nước ngoài không thuộc diện cấp Giấy chứng nhận đăng ký đầu tư ra nước ngoài khi điều chỉnh tăng vốn đầu tư dẫn đến dự án thuộc diện cấp Giấy chứng nhận đăng ký đầu tư ra nước ngoài thì phải làm thủ tục cấp Giấy chứng nhận đăng ký đầu tư ra nước ngoài theo quy định của  Nghị định 103/2026/NĐ-CP .

- Ngân hàng Nhà nước Việt Nam hướng dẫn chi tiết thủ tục đăng ký giao dịch ngoại hối đối với các dự án theo quy định tại Điều 18  Nghị định 103/2026/NĐ-CP .","dau-tu","","","","2026-04-20T10:30:00","https://thuvienphapluat.vn/hoi-dap-phap-luat/mau-van-ban-xac-nhan-thay-doi-noi-dung-thong-tin-du-an-dau-tu-ra-nuoc-ngoai-2026-la-mau-nao-138088021.html","2026-04-21T03:47:31.558048+00:00"
"138087802","Mẫu văn bản đăng ký đầu tư ra nước ngoài từ 15/04/2026 ra sao?","Xem thêm:

>>>  Toàn văn Thông tư 38/2026/TT-BTC quy định mẫu văn bản, báo cáo đầu tư ra nước ngoài ra sao?

>>>  Dự án đầu tư ra nước ngoài chấm dứt hoạt động trong trường hợp nào từ 03/4/2026?

Mẫu văn bản đăng ký đầu tư ra nước ngoài là Mẫu I.1 quy định tại Phụ lục 1 ban hành kèm theo  Thông tư 38/2026/TT-BTC .

Lưu ý:  Áp dụng cho tất cả hồ sơ đề nghị cấp Giấy chứng nhận đăng ký đầu tư ra nước ngoài

Mẫu văn bản đăng ký đầu tư ra nước ngoài từ 15/04/2026 có dạng như sau:

Tải mẫu văn bản đăng ký đầu tư ra nước ngoài từ 15/04/2026

Tải về

*Trên đây là thông tin Mẫu văn bản đăng ký đầu tư ra nước ngoài từ 15/04/2026 ra sao?

Xem thêm:

>>>  Cơ quan nào có thẩm quyền thu hồi Giấy chứng nhận đăng ký đầu tư khi thay đổi địa điểm thực hiện dự án đầu tư từ 03/09/2025?

>>>  Nhà đầu tư nộp lại Giấy chứng nhận đăng ký đầu tư trong trường hợp nào?

Mẫu văn bản đăng ký đầu tư ra nước ngoài từ 15/04/2026 ra sao? (Hình từ Internet)

Căn cứ theo Điều 18  Nghị định 103/2026/NĐ-CP  quy định nhà đầu tư thực hiện thủ tục đăng ký giao dịch ngoại hối theo quy định của pháp luật về quản lý ngoại hối mà không phải thực hiện thủ tục cấp Giấy chứng nhận đăng ký đầu tư ra nước ngoài đối với dự án thuộc một trong các trường hợp sau đây:

- Dự án đầu tư ra nước ngoài có mức vốn đầu tư ra nước ngoài nhỏ hơn 7 tỷ đồng và không thuộc ngành, nghề đầu tư ra nước ngoài có điều kiện theo quy định tại khoản 1 Điều 41  Luật Đầu tư 2025 ,

- Dự án đầu tư ra nước ngoài gắn với quốc phòng, an ninh triển khai theo thỏa thuận giữa Chính phủ Việt Nam và Chính phủ các nước theo quy định tại điểm b khoản 3 Điều 42  Luật Đầu tư 2025 . Thỏa thuận là hiệp định giữa hai Chính phủ hoặc các văn bản thỏa thuận giữa các cơ quan hai nước được Chính phủ phê duyệt.

- Dự án đầu tư ra nước ngoài của các tập đoàn, tổng công ty nhà nước thuộc danh mục các tập đoàn, tổng công ty nhà nước quy định tại Phụ lục I của  Nghị định 366/2025/NĐ-CP  ngày 31 tháng 12 năm 2025 của Chính phủ về quản lý và đầu tư vốn nhà nước tại doanh nghiệp.

- Dự án đầu tư ra nước ngoài không thuộc diện báo cáo Thủ tướng Chính phủ xem xét, chấp thuận theo quy định tại khoản 2 Điều 17  Nghị định 103/2026/NĐ-CP  của các tổ chức kinh tế khác theo quy định tại điểm c, khoản 3 Điều 42  Luật Đầu tư 2025  đáp ứng các điều kiện sau:

+ Doanh nghiệp có quy mô lớn theo quy định tại  Nghị định 90/2025/NĐ-CP  ngày 14 tháng 4 năm 2025 sửa đổi, bổ sung một số điều của  Nghị định 17/2012/NĐ-CP  ngày 13 tháng 3 năm 2012 của chính phủ quy định chi tiết và hướng dẫn thi hành một số điều của  Luật Kiểm toán độc lập 2011 ;

+ Sử dụng nguồn ngoại tệ tự có trong trường hợp chuyển vốn đầu tư bằng ngoại tệ và không sử dụng nguồn vốn vay để đầu tư ra nước ngoài;

+ Hoạt động kinh doanh có lãi trong 2 năm liên tiếp liền kề trước năm đầu tư. Kết quả hoạt động kinh doanh được xác định theo báo cáo tài chính hợp nhất của tổ chức kinh tế;

+ Đã có ít nhất 2 dự án đầu tư ra nước ngoài có lợi nhuận chuyển về nước.

- Đối với các dự án không thuộc diện cấp Giấy chứng nhận đăng ký đầu tư ra nước ngoài, nhà đầu tư kê khai thông tin về dự án đầu tư, bao gồm cả cơ cấu vốn đầu tư (gồm vốn bằng tiền và tài sản) trên Hệ thống thông tin quốc gia về đầu tư để được cấp mã số khai hồ sơ tự động trước khi thực hiện thủ tục đăng ký giao dịch ngoại hối theo quy định của pháp luật về quản lý ngoại hối.

Trường hợp dự án có nội dung thay đổi, nhà đầu tư cập nhật thông tin thay đổi trên Hệ thống thông tin quốc gia về đầu tư.

- Trường hợp nhà đầu tư có nhu cầu cấp Giấy chứng nhận đăng ký đầu tư ra nước ngoài đối với dự án đầu tư quy định tại khoản 1 và khoản 3 Điều 18  Nghị định 103/2026/NĐ-CP , nhà đầu tư thực hiện thủ tục cấp Giấy chứng nhận đăng ký đầu tư ra nước ngoài.

- Trong trường hợp cần thiết, Ngân hàng Nhà nước Việt Nam có thể lấy ý kiến các cơ quan liên quan về hồ sơ đăng ký giao dịch ngoại hối liên quan đến hoạt động đầu tư ra nước ngoài.

Cơ quan được lấy ý kiến có ý kiến trả lời Ngân hàng Nhà nước Việt Nam trong thời hạn 7 ngày làm việc kể từ ngày nhận được văn bản lấy ý kiến.

- Trường hợp dự án có mức vốn đầu tư ra nước ngoài không thuộc diện cấp Giấy chứng nhận đăng ký đầu tư ra nước ngoài khi điều chỉnh tăng vốn đầu tư dẫn đến dự án thuộc diện cấp Giấy chứng nhận đăng ký đầu tư ra nước ngoài thì phải làm thủ tục cấp Giấy chứng nhận đăng ký đầu tư ra nước ngoài theo quy định của  Nghị định 103/2026/NĐ-CP .

- Ngân hàng Nhà nước Việt Nam hướng dẫn chi tiết thủ tục đăng ký giao dịch ngoại hối đối với các dự án theo quy định tại Điều 18  Nghị định 103/2026/NĐ-CP .

Căn cứ theo khoản 1 Điều 21  Nghị định 103/2026/NĐ-CP  quy định hồ sơ điều chỉnh Giấy chứng nhận đăng ký đầu tư ra nước ngoài gồm các tài liệu sau:

- Văn bản đề nghị điều chỉnh Giấy chứng nhận đăng ký đầu tư ra nước ngoài (bản chính);

- Tài liệu về tư cách pháp lý của nhà đầu tư trong trường hợp thông tin về nhà đầu tư có thay đổi so với hồ sơ cấp, điều chỉnh Giấy chứng nhận đăng ký đầu tư ra nước ngoài lần gần nhất (bản sao hợp lệ);

- Báo cáo tình hình hoạt động của dự án đầu tư đến thời điểm nộp hồ sơ điều chỉnh Giấy chứng nhận đăng ký đầu tư ra nước ngoài (bản chính);

- Quyết định điều chỉnh hoạt động đầu tư ra nước ngoài theo quy định tại Điều 14  Nghị định 103/2026/NĐ-CP  (bản chính);

- Văn bản của cơ quan thuế xác nhận việc thực hiện nghĩa vụ nộp thuế của nhà đầu tư trong trường hợp điều chỉnh tăng vốn đầu tư ra nước ngoài. Thời điểm xác nhận của cơ quan thuế là không quá 03 tháng tính đến ngày nộp hồ sơ (bản chính hoặc bản sao hợp lệ);

- Các tài liệu khác có liên quan.","dau-tu","","","","2026-04-20T07:25:00","https://thuvienphapluat.vn/hoi-dap-phap-luat/mau-van-ban-dang-ky-dau-tu-ra-nuoc-ngoai-tu-15042026-ra-sao-138087802.html","2026-04-21T03:47:35.133776+00:00"
"138087869","Mẫu Thông báo thực hiện hoạt động đầu tư ở nước ngoài từ 15/04/2026 là mẫu nào?","Xem thêm:

>>>  Toàn văn Thông tư 38/2026/TT-BTC quy định mẫu văn bản, báo cáo đầu tư ra nước ngoài ra sao?

>>>  Dự án đầu tư ra nước ngoài chấm dứt hoạt động trong trường hợp nào từ 03/4/2026?

Mẫu Thông báo thực hiện hoạt động đầu tư ở nước ngoài là Mẫu I.10 quy định tại Phụ lục 1 ban hành kèm theo  Thông tư 38/2026/TT-BTC .

Mẫu Thông báo thực hiện hoạt động đầu tư ở nước ngoài từ 15/04/2026 có dạng như sau:

Tải mẫu Thông báo thực hiện hoạt động đầu tư ở nước ngoài từ 15/04/2026

Tải về

*Trên đây là thông tin Mẫu Thông báo thực hiện hoạt động đầu tư ở nước ngoài từ 15/04/2026 là mẫu nào?

Xem thêm:

>>>  Cơ quan nào có thẩm quyền thu hồi Giấy chứng nhận đăng ký đầu tư khi thay đổi địa điểm thực hiện dự án đầu tư từ 03/09/2025?

>>>  Nhà đầu tư nộp lại Giấy chứng nhận đăng ký đầu tư trong trường hợp nào?

Mẫu Thông báo thực hiện hoạt động đầu tư ở nước ngoài từ 15/04/2026 là mẫu nào? (Hình từ Internet)

Căn cứ theo Điều 11  Luật Đầu tư 2025  quy định sau khi thực hiện đầy đủ nghĩa vụ tài chính đối với Nhà nước Việt Nam theo quy định của pháp luật, nhà đầu tư nước ngoài được chuyển ra nước ngoài các tài sản sau đây:

- Vốn đầu tư, các khoản thanh lý đầu tư;

- Thu nhập từ hoạt động đầu tư kinh doanh;

- Tiền và tài sản khác thuộc sở hữu hợp pháp của nhà đầu tư.

Căn cứ theo Điều 44  Luật Đầu tư 2025  quy định trách nhiệm quản lý nhà nước về đầu tư như sau:

- Chính phủ thống nhất quản lý nhà nước về đầu tư tại Việt Nam và đầu tư từ Việt Nam ra nước ngoài.

- Bộ Tài chính giúp Chính phủ thống nhất quản lý nhà nước về đầu tư tại Việt Nam và đầu tư từ Việt Nam ra nước ngoài và có nhiệm vụ, quyền hạn sau đây:

+ Trình Chính phủ, Thủ tướng Chính phủ phê duyệt chiến lược, kế hoạch, chính sách về đầu tư tại Việt Nam và đầu tư từ Việt Nam ra nước ngoài;

+ Ban hành hoặc trình cơ quan có thẩm quyền ban hành văn bản quy phạm pháp luật về đầu tư tại Việt Nam và đầu tư từ Việt Nam ra nước ngoài;

+ Ban hành biểu mẫu thực hiện thủ tục đầu tư tại Việt Nam và đầu tư từ Việt Nam ra nước ngoài;

+ Hướng dẫn, phổ biến, tổ chức thực hiện, theo dõi, kiểm tra, đánh giá việc thực hiện văn bản quy phạm pháp luật về đầu tư;

+ Tổ chức thẩm định và trình Thủ tướng Chính phủ chấp thuận chủ trương đầu tư đối với các dự án đầu tư thuộc thẩm quyền chấp thuận chủ trương đầu tư của Thủ tướng Chính phủ theo quy định của  Luật Đầu tư 2025 ;

+ Cấp, điều chỉnh Giấy chứng nhận đăng ký đầu tư ra nước ngoài;

+ Xây dựng và trình cơ quan có thẩm quyền ban hành cơ chế giải quyết vướng mắc của nhà đầu tư, phòng ngừa tranh chấp giữa Nhà nước và nhà đầu tư;

+ Tổng hợp, đánh giá, báo cáo tình hình đầu tư tại Việt Nam và đầu tư từ Việt Nam ra nước ngoài;

+ Xây dựng, quản lý và vận hành Hệ thống thông tin quốc gia về đầu tư, cơ sở dữ liệu quốc gia về đầu tư;

+ Quản lý nhà nước về khu công nghiệp, khu chế xuất, khu kinh tế;

+ Quản lý nhà nước về xúc tiến đầu tư và điều phối hoạt động xúc tiến đầu tư tại Việt Nam và ở nước ngoài;

+ Kiểm tra, giám sát, đánh giá hoạt động đầu tư, quản lý và phối hợp quản lý hoạt động đầu tư theo thẩm quyền;

+ Đàm phán, ký kết điều ước quốc tế liên quan đến đầu tư theo thẩm quyền;

+ Nhiệm vụ, quyền hạn khác về quản lý nhà nước về đầu tư theo phân công của Chính phủ và Thủ tướng Chính phủ.

- Các Bộ, cơ quan ngang Bộ, trong phạm vi nhiệm vụ, quyền hạn của mình, có trách nhiệm phối hợp với Bộ Tài chính thực hiện nhiệm vụ quản lý nhà nước về đầu tư tại Việt Nam và đầu tư từ Việt Nam ra nước ngoài, bao gồm:

+ Phối hợp với Bộ Tài chính, các Bộ, cơ quan ngang Bộ trong việc xây dựng pháp luật, chính sách liên quan đến đầu tư;

+ Chủ trì, phối hợp với các Bộ, cơ quan ngang Bộ trong việc xây dựng và ban hành pháp luật, chính sách, tiêu chuẩn, quy chuẩn kỹ thuật và hướng dẫn thực hiện;

+ Trình Chính phủ ban hành theo thẩm quyền điều kiện đầu tư kinh doanh đối với ngành, nghề quy định tại Điều 7  Luật Đầu tư 2025 ;

+ Chủ trì, phối hợp với Bộ Tài chính xây dựng quy hoạch, kế hoạch, danh mục dự án thu hút vốn đầu tư của ngành; tổ chức vận động, xúc tiến đầu tư chuyên ngành;

+ Tham gia thẩm định các dự án đầu tư thuộc trường hợp chấp thuận chủ trương đầu tư theo quy định của  Luật Đầu tư 2025  và chịu trách nhiệm về nội dung thẩm định thuộc chức năng, nhiệm vụ của mình;

+ Giám sát, đánh giá, thanh tra việc đáp ứng điều kiện đầu tư và quản lý nhà nước đối với dự án đầu tư thuộc thẩm quyền;

+ Chủ trì, phối hợp với Ủy ban nhân dân cấp tỉnh và các Bộ, cơ quan ngang Bộ giải quyết khó khăn, vướng mắc của dự án đầu tư trong lĩnh vực quản lý nhà nước; hướng dẫn việc phân cấp, ủy quyền cho Ban quản lý khu công nghiệp, khu chế xuất, khu công nghệ cao, khu kinh tế thực hiện nhiệm vụ quản lý nhà nước trong khu công nghiệp, khu chế xuất, khu công nghệ cao, khu kinh tế;

+ Định kỳ đánh giá hiệu quả kinh tế - xã hội của dự án đầu tư thuộc phạm vi quản lý nhà nước và gửi Bộ Tài chính;

+ Cung cấp thông tin liên quan để xây dựng cơ sở dữ liệu quốc gia về đầu tư; duy trì, cập nhật hệ thống thông tin quản lý đầu tư đối với lĩnh vực được phân công và tích hợp vào Hệ thống thông tin quốc gia về đầu tư.

- Ủy ban nhân dân cấp tỉnh, cơ quan đăng ký đầu tư, trong phạm vi nhiệm vụ, quyền hạn của mình, có trách nhiệm thực hiện nhiệm vụ quản lý nhà nước về hoạt động đầu tư tại Việt Nam và đầu tư từ Việt Nam ra nước ngoài, bao gồm:

+ Phối hợp với các Bộ, cơ quan ngang Bộ lập và công bố Danh mục dự án thu hút đầu tư tại địa phương;

+ Chủ trì hoặc tham gia thẩm định các dự án đầu tư thuộc trường hợp chấp thuận chủ trương đầu tư theo quy định của  Luật Đầu tư 2025  và chịu trách nhiệm về nội dung thẩm định thuộc chức năng, nhiệm vụ của mình; chủ trì thực hiện thủ tục cấp, điều chỉnh và thu hồi Giấy chứng nhận đăng ký đầu tư;

+ Thực hiện chức năng quản lý nhà nước đối với dự án đầu tư tại địa phương;

+ Giải quyết theo thẩm quyền hoặc trình cấp có thẩm quyền giải quyết khó khăn, vướng mắc của nhà đầu tư;

+ Định kỳ đánh giá hiệu quả hoạt động đầu tư trên địa bàn và báo cáo Bộ Tài chính;

+ Cung cấp thông tin liên quan để xây dựng cơ sở dữ liệu quốc gia về đầu tư; duy trì, cập nhật Hệ thống thông tin quốc gia về đầu tư;

+ Chỉ đạo việc tổ chức, giám sát và đánh giá thực hiện chế độ báo cáo đầu tư.

- Cơ quan đại diện Việt Nam ở nước ngoài có trách nhiệm theo dõi, hỗ trợ hoạt động đầu tư và bảo vệ quyền, lợi ích hợp pháp của nhà đầu tư Việt Nam tại nước tiếp nhận đầu tư.","dau-tu","","","","2026-04-19T15:20:00","https://thuvienphapluat.vn/hoi-dap-phap-luat/mau-thong-bao-thuc-hien-hoat-dong-dau-tu-o-nuoc-ngoai-tu-15042026-la-mau-nao-138087869.html","2026-04-21T03:47:39.443176+00:00"
"138087810","Mẫu đề xuất dự án đầu tư ra nước ngoài từ 15/04/2026 là mẫu nào?","Xem thêm:

>>>  Toàn văn Thông tư 38/2026/TT-BTC quy định mẫu văn bản, báo cáo đầu tư ra nước ngoài ra sao?

>>>  Dự án đầu tư ra nước ngoài chấm dứt hoạt động trong trường hợp nào từ 03/4/2026?

Mẫu đề xuất dự án đầu tư ra nước ngoài là Mẫu I.2 quy định tại Phụ lục 1 ban hành kèm theo  Thông tư 38/2026/TT-BTC .

Lưu ý:  Áp dụng cho hồ sơ đề nghị cấp Giấy chứng nhận đăng ký đầu tư ra nước ngoài thuộc diện Thủ tướng Chính phủ chấp thuận

Mẫu đề xuất dự án đầu tư ra nước ngoài từ 15/04/2026 có dạng như sau:

Tải mẫu đề xuất dự án đầu tư ra nước ngoài từ 15/04/2026

Tải về

*Trên đây là thông tin Mẫu đề xuất dự án đầu tư ra nước ngoài từ 15/04/2026 là mẫu nào?

Xem thêm:

>>>  Cơ quan nào có thẩm quyền thu hồi Giấy chứng nhận đăng ký đầu tư khi thay đổi địa điểm thực hiện dự án đầu tư từ 03/09/2025?

>>>  Nhà đầu tư nộp lại Giấy chứng nhận đăng ký đầu tư trong trường hợp nào?

Mẫu đề xuất dự án đầu tư ra nước ngoài từ 15/04/2026 là mẫu nào? (Hình từ Internet)

Căn cứ theo khoản 1 Điều 28  Nghị định 103/2026/NĐ-CP  quy định như sau:

Điều 28. Chấm dứt hoạt động của dự án đầu tư ra nước ngoài

1. Dự án đầu tư ra nước ngoài chấm dứt hoạt động trong các trường hợp sau đây:

a) Nhà đầu tư quyết định chấm dứt hoạt động của dự án đầu tư;

b) Hết thời hạn hoạt động của dự án đầu tư theo quy định của pháp luật nước tiếp nhận đầu tư;

c) Theo các điều kiện chấm dứt hoạt động được quy định trong hợp đồng, điều lệ doanh nghiệp;

d) Nhà đầu tư chuyển nhượng toàn bộ vốn đầu tư ở nước ngoài cho nhà đầu tư nước ngoài;

đ) Quá thời hạn 24 tháng kể từ ngày được cấp Giấy chứng nhận đăng ký đầu tư ra nước ngoài hoặc cấp xác nhận đăng ký giao dịch ngoại hối liên quan đến hoạt động đầu tư ra nước ngoài mà nhà đầu tư không thực hiện hoặc không có khả năng thực hiện dự án đầu tư theo tiến độ đăng ký với cơ quan quản lý nhà nước và không thực hiện thủ tục điều chỉnh tiến độ thực hiện dự án đầu tư;

e) Tổ chức kinh tế ở nước ngoài bị giải thể hoặc phá sản theo quy định của pháp luật nước tiếp nhận đầu tư;

g) Theo bản án, quyết định của Tòa án, phán quyết trọng tài.

[...]

Theo đó, dự án đầu tư ra nước ngoài chấm dứt hoạt động trong các trường hợp sau đây:

- Nhà đầu tư quyết định chấm dứt hoạt động của dự án đầu tư;

- Hết thời hạn hoạt động của dự án đầu tư theo quy định của pháp luật nước tiếp nhận đầu tư;

- Theo các điều kiện chấm dứt hoạt động được quy định trong hợp đồng, điều lệ doanh nghiệp;

- Nhà đầu tư chuyển nhượng toàn bộ vốn đầu tư ở nước ngoài cho nhà đầu tư nước ngoài;

- Quá thời hạn 24 tháng kể từ ngày được cấp Giấy chứng nhận đăng ký đầu tư ra nước ngoài hoặc cấp xác nhận đăng ký giao dịch ngoại hối liên quan đến hoạt động đầu tư ra nước ngoài mà nhà đầu tư không thực hiện hoặc không có khả năng thực hiện dự án đầu tư theo tiến độ đăng ký với cơ quan quản lý nhà nước và không thực hiện thủ tục điều chỉnh tiến độ thực hiện dự án đầu tư;

- Tổ chức kinh tế ở nước ngoài bị giải thể hoặc phá sản theo quy định của pháp luật nước tiếp nhận đầu tư;

- Theo bản án, quyết định của Tòa án, phán quyết trọng tài.

Căn cứ theo Điều 4  Nghị định 103/2026/NĐ-CP  quy định như sau:

Điều 4. Ngôn ngữ sử dụng trong hồ sơ đầu tư ra nước ngoài

1. Hồ sơ dự án đầu tư, các văn bản, báo cáo gửi cơ quan nhà nước Việt Nam được làm bằng tiếng Việt.

2. Trường hợp hồ sơ dự án đầu tư có tài liệu được làm bằng tiếng nước ngoài thì hồ sơ phải có bản dịch tiếng Việt kèm theo tài liệu bằng tiếng nước ngoài.

3. Trường hợp giấy tờ, tài liệu trong hồ sơ thực hiện thủ tục đầu tư được làm bằng tiếng Việt và tiếng nước ngoài thì bản tiếng Việt được sử dụng để thực hiện thủ tục đầu tư.

4. Nhà đầu tư chịu trách nhiệm trong trường hợp có sự khác nhau giữa nội dung bản dịch hoặc bản sao với bản chính và trong trường hợp có sự khác nhau giữa bản tiếng Việt với bản tiếng nước ngoài.

Theo đó, ngôn ngữ sử dụng trong hồ sơ đầu tư ra nước ngoài như sau:

- Hồ sơ dự án đầu tư, các văn bản, báo cáo gửi cơ quan nhà nước Việt Nam được làm bằng tiếng Việt.

- Trường hợp hồ sơ dự án đầu tư có tài liệu được làm bằng tiếng nước ngoài thì hồ sơ phải có bản dịch tiếng Việt kèm theo tài liệu bằng tiếng nước ngoài.

- Trường hợp giấy tờ, tài liệu trong hồ sơ thực hiện thủ tục đầu tư được làm bằng tiếng Việt và tiếng nước ngoài thì bản tiếng Việt được sử dụng để thực hiện thủ tục đầu tư.

- Nhà đầu tư chịu trách nhiệm trong trường hợp có sự khác nhau giữa nội dung bản dịch hoặc bản sao với bản chính và trong trường hợp có sự khác nhau giữa bản tiếng Việt với bản tiếng nước ngoài.","dau-tu","","","","2026-04-19T14:45:00","https://thuvienphapluat.vn/hoi-dap-phap-luat/mau-de-xuat-du-an-dau-tu-ra-nuoc-ngoai-tu-15042026-la-mau-nao-138087810.html","2026-04-21T03:47:43.902465+00:00"
"138087592","Mã số dự án đầu tư ra nước ngoài là gì? Mỗi dự án đầu tư được cấp mấy mã số?","Căn cứ Điều 9  Nghị định 103/2026/NĐ-CP  quy định cụ thể như sau:

Điều 9. Mã số dự án đầu tư ra nước ngoài

1. Mã số dự án đầu tư là một dãy số gồm 09 chữ số, được tạo tự động bởi Hệ thống thông tin quốc gia về đầu tư ra nước ngoài và được ghi tại Giấy chứng nhận đăng ký đầu tư ra nước ngoài. Mã số dự án đầu tư được hình thành theo nguyên tắc 04 số đầu lấy theo năm cấp Giấy chứng nhận đăng ký đầu tư ra nước ngoài, 05 số tiếp theo cấp tịnh tiến tăng dần từ số 00001 trở đi.

2. Mỗi dự án đầu tư được cấp một mã số duy nhất, không thay đổi trong quá trình hoạt động của dự án và không được cấp cho dự án khác.

3. Cơ quan quản lý nhà nước thống nhất sử dụng mã số dự án đầu tư để quản lý và trao đổi thông tin về dự án đầu tư.

4. Đối với các dự án đầu tư thực hiện theo Giấy phép đầu tư, Giấy chứng nhận đầu tư ra nước ngoài hoặc các giấy tờ có giá trị tương đương khác, mã số dự án đầu tư là số Giấy phép đầu tư, số Giấy chứng nhận đầu tư ra nước ngoài hoặc số giấy tờ tương đương khác đã cấp cho dự án đầu tư.

5. Đối với dự án không thuộc diện cấp Giấy chứng nhận đăng ký đầu tư, mã số dự án là mã số khai hồ sơ tự động trên Hệ thống thông tin quốc gia về đầu tư theo quy định tại khoản 5 Điều 18 của Nghị định này. Trường hợp Hệ thống thông tin quốc gia về đầu tư bị lỗi, không thể cấp mã số khai hồ sơ tự động, nhà đầu tư gửi văn bản đề nghị cấp mã số khai hồ sơ cho cơ quan thuộc Bộ Tài chính được phân cấp thẩm quyền cấp, điều chỉnh Giấy chứng nhận đăng ký đầu tư ra nước ngoài để được cấp mã số khai hồ sơ.

Như vậy, mã số dự án đầu tư là một dãy số gồm 09 chữ số, được tạo tự động bởi Hệ thống thông tin quốc gia về đầu tư ra nước ngoài và được ghi tại Giấy chứng nhận đăng ký đầu tư ra nước ngoài. Mã số dự án đầu tư được hình thành theo nguyên tắc 04 số đầu lấy theo năm cấp Giấy chứng nhận đăng ký đầu tư ra nước ngoài, 05 số tiếp theo cấp tịnh tiến tăng dần từ số 00001 trở đi.

Bên cạnh đó, mỗi dự án đầu tư được cấp một mã số duy nhất, không thay đổi trong quá trình hoạt động của dự án và không được cấp cho dự án khác.

* Trên đây là Thông tin Mã số dự án đầu tư ra nước ngoài là gì? Mỗi dự án đầu tư được cấp mấy mã số?

>>  Nghĩa vụ tài chính của nhà đầu tư trong hoạt động đầu tư ra nước ngoài từ 03/4/2026 ra sao?

>>  Việc chuyển lợi nhuận thu từ đầu tư ở nước ngoài về nước từ 03/4/2026 thực hiện như thế nào?

Mã số dự án đầu tư ra nước ngoài là gì? Mỗi dự án đầu tư được cấp mấy mã số? (Hình từ Internet)

Căn cứ theo Điều 15  Nghị định 103/2026/NĐ-CP  quy định điều kiện đầu tư ra nước ngoài như sau:

- Hoạt động đầu tư ra nước ngoài phù hợp với nguyên tắc quy định tại Điều 38  Luật Đầu tư 2025 .

- Không thuộc ngành, nghề cấm đầu tư ra nước ngoài quy định tại Điều 40  Luật Đầu tư 2025  và đáp ứng điều kiện đầu tư ra nước ngoài đối với ngành, nghề đầu tư ra nước ngoài có điều kiện quy định tại Điều 11  Nghị định 103/2026/NĐ-CP .

- Có quyết định đầu tư ra nước ngoài theo quy định tại Điều 14  Nghị định 103/2026/NĐ-CP .

- Có văn bản của cơ quan thuế xác nhận việc hoàn thành nghĩa vụ nộp thuế của nhà đầu tư. Thời điểm xác nhận của cơ quan thuế không quá 03 tháng tỉnh đến ngày nộp hồ sơ dự án đầu tư.

- Đối với tổ chức kinh tế có nhà đầu tư nước ngoài nắm giữ trên 50% vốn điều lệ, ngoài các điều kiện quy định tại các khoản 1, 2, 3 và 4 Điều 15  Nghị định 103/2026/NĐ-CP , phải đáp ứng các điều kiện sau:

+ Sử dụng nguồn vốn thuộc vốn chủ sở hữu để đầu tư ra nước ngoài, trong đó không bao gồm phần vốn góp để thực hiện hoạt động đầu tư tại Việt Nam;

+ Có kết quả hoạt động kinh doanh có lãi trong 02 năm liên tiếp liền kề trước năm đăng ký đầu tư ra nước ngoài, được xác định theo báo cáo tài chính đã được kiểm toán (nếu có);

+ Trường hợp sử dụng vốn góp tăng thêm để đầu tư ra nước ngoài thì phải thực hiện thủ tục cấp Giấy chứng nhận đăng ký đầu tư ra nước ngoài theo quy định của  Nghị định 103/2026/NĐ-CP , sau đó thực hiện thủ tục tăng vốn và góp đủ vốn điều lệ tại Việt Nam trước khi chuyển vốn đầu tư ra nước ngoài.

Căn cứ theo Điều 8  Nghị định 103/2026/NĐ-CP  hướng dẫn xử lý hồ sơ giả mạo trong hoạt động đầu tư ra nước ngoài như sau:

- Khi được cơ quan, tổ chức, người có thẩm quyền theo quy định của pháp luật xác định có nội dung giả mạo trong hồ sơ thực hiện thủ tục đầu tư ra nước ngoài, cơ quan tiếp nhận hồ sơ thông báo bằng văn bản cho nhà đầu tư về hành vi vi phạm.

- Trong thời hạn 15 ngày làm việc kể từ ngày nhận được thông báo về hành vi vi phạm, nhà đầu tư gửi báo cáo, giải trình làm rõ về hồ sơ.

- Việc xử lý hồ sơ giả mạo được thực hiện như sau:

+ Trường hợp phát hiện nội dung giả mạo trong quá trình giải quyết hồ sơ: cơ quan tiếp nhận hồ sơ dừng việc giải quyết hồ sơ; trường hợp nhà đầu tư không giải trình hoặc giải trình không thỏa đáng thì từ chối giải quyết hồ sơ và thông báo bằng văn bản cho nhà đầu tư, đồng thời xử lý theo quy định của pháp luật có liên quan;

+ Trường hợp phát hiện nội dung giả mạo sau khi đã được cấp Giấy chứng nhận đăng ký đầu tư ra nước ngoài hoặc văn bản có liên quan: cơ quan tiếp nhận hồ sơ hủy bỏ hoặc báo cáo cơ quan, người có thẩm quyền xem xét hủy bỏ toàn bộ hoặc một phần Giấy chứng nhận đăng ký đầu tư ra nước ngoài và các văn bản có liên quan đã được cấp trên cơ sở thông tin giả mạo.

- Cơ quan tiếp nhận hồ sơ khôi phục lại văn bản, giấy tờ được cấp trên cơ sở hồ sơ hợp lệ gần nhất, đồng thời xử lý hoặc báo cáo cơ quan, người có thẩm quyền để xử lý theo quy định của pháp luật.

- Nhà đầu tư chịu trách nhiệm theo quy định của pháp luật và mọi thiệt hại phát sinh đối với hành vi giả mạo nội dung hồ sơ, tài liệu.","dau-tu","","","","2026-04-18T17:15:00","https://thuvienphapluat.vn/hoi-dap-phap-luat/ma-so-du-an-dau-tu-ra-nuoc-ngoai-la-gi-moi-du-an-dau-tu-duoc-cap-may-ma-so-138087592.html","2026-04-21T03:47:48.793603+00:00"
"138087788","Toàn văn Thông tư 38/2026/TT-BTC quy định mẫu văn bản, báo cáo đầu tư ra nước ngoài ra sao?","Ngày 31-03-2026, Bộ Tài chính đã ban hành Thông tư 38/2026/TT-BTC quy định mẫu văn bản, báo cáo về đầu tư ra nước ngoài.

Tải về

Trong đó, Thông tư 38/2026/TT-BTC quy định về các mẫu văn bản, báo cáo liên quan đến hoạt động đầu tư từ Việt Nam ra nước ngoài theo quy định tại  Luật Đầu tư 2025  số 143/2025/QH15 ngày 11 tháng 12 năm 2025 và  Nghị định 103/2026/NĐ-CP  ngày 31 tháng 3 năm 2026 quy định về đầu tư ra nước ngoài.

Đối tượng áp dụng Thông tư 38/2026/TT-BTC bao gồm:

- Nhà đầu tư thực hiện hoạt động đầu tư từ Việt Nam ra nước ngoài.

- Cơ quan quản lý nhà nước về hoạt động đầu tư từ Việt Nam ra nước ngoài.

- Tổ chức, cá nhân khác liên quan đến hoạt động đầu tư từ Việt Nam ra nước ngoài.

Đồng thời, Mẫu văn bản, báo cáo thực hiện thủ tục đầu tư ra nước ngoài ban hành kèm theo Thông tư 38/2026/TT-BTC bao gồm:

- Mẫu văn bản, báo cáo áp dụng đối với nhà đầu tư quy định tại Phụ lục I ban hành kèm theo Thông tư 38/2026/TT-BTC.

- Mẫu văn bản, báo cáo áp dụng đối với cơ quan quản lý nhà nước về đầu tư ra nước ngoài quy định tại Phụ lục II ban hành kèm theo Thông tư 38/2026/TT-BTC.

Xem thêm chi tiết Toàn văn Thông tư 38 2026 TT BTC quy định mẫu văn bản, báo cáo đầu tư ra nước ngoài

Tải về

*Trên đây là thông tin Toàn văn Thông tư 38 2026 TT BTC quy định mẫu văn bản, báo cáo đầu tư ra nước ngoài ra sao?

Toàn văn Thông tư 38/2026/TT-BTC quy định mẫu văn bản, báo cáo đầu tư ra nước ngoài ra sao? (Hình từ Internet)

Căn cứ theo Điều 15  Nghị định 103/2026/NĐ-CP  quy định điều kiện đầu tư ra nước ngoài từ 03/4/2026 như sau:

- Hoạt động đầu tư ra nước ngoài phù hợp với nguyên tắc quy định tại Điều 38  Luật Đầu tư 2025 .

- Không thuộc ngành, nghề cấm đầu tư ra nước ngoài quy định tại Điều 40  Luật Đầu tư 2025  và đáp ứng điều kiện đầu tư ra nước ngoài đối với ngành, nghề đầu tư ra nước ngoài có điều kiện quy định tại Điều 11  Nghị định 103/2026/NĐ-CP .

- Có quyết định đầu tư ra nước ngoài theo quy định tại Điều 14  Nghị định 103/2026/NĐ-CP .

- Có văn bản của cơ quan thuế xác nhận việc hoàn thành nghĩa vụ nộp thuế của nhà đầu tư. Thời điểm xác nhận của cơ quan thuế không quá 03 tháng tỉnh đến ngày nộp hồ sơ dự án đầu tư.

- Đối với tổ chức kinh tế có nhà đầu tư nước ngoài nắm giữ trên 50% vốn điều lệ, ngoài các điều kiện quy định tại các khoản 1, 2, 3 và 4 Điều 15  Nghị định 103/2026/NĐ-CP , phải đáp ứng các điều kiện sau:

+ Sử dụng nguồn vốn thuộc vốn chủ sở hữu để đầu tư ra nước ngoài, trong đó không bao gồm phần vốn góp để thực hiện hoạt động đầu tư tại Việt Nam;

+ Có kết quả hoạt động kinh doanh có lãi trong 02 năm liên tiếp liền kề trước năm đăng ký đầu tư ra nước ngoài, được xác định theo báo cáo tài chính đã được kiểm toán (nếu có);

+ Trường hợp sử dụng vốn góp tăng thêm để đầu tư ra nước ngoài thì phải thực hiện thủ tục cấp Giấy chứng nhận đăng ký đầu tư ra nước ngoài theo quy định của  Nghị định 103/2026/NĐ-CP  trước, sau đó thực hiện thủ tục tăng vốn và góp đủ vốn điều lệ tại Việt Nam trước khi chuyển vốn đầu tư ra nước ngoài.

Căn cứ theo Điều 38  Nghị định 103/2026/NĐ-CP  quy định trách nhiệm quản lý nhà nước về đầu tư ra nước ngoài như sau:

- Chính phủ thống nhất quản lý nhà nước về đầu tư ra nước ngoài trong phạm vi cả nước.

- Bộ Tài chính chịu trách nhiệm trước Chính phủ thực hiện quản lý nhà nước về đầu tư ra nước ngoài.

- Ngân hàng Nhà nước Việt Nam chịu trách nhiệm trước Chính phủ thực hiện quản lý nhà nước về hoạt động ngoại hối liên quan đến hoạt động đầu tư ra nước ngoài.

- Các bộ, cơ quan ngang bộ, Ủy ban nhân dân tỉnh, thành phố trực thuộc trung ương, cơ quan đại diện Việt Nam ở nước ngoài trong phạm vi nhiệm vụ, quyền hạn của mình có trách nhiệm thực hiện quản lý nhà nước về đầu tư ra nước ngoài trong lĩnh vực được phân công.","dau-tu","","","","2026-04-18T09:44:00","https://thuvienphapluat.vn/hoi-dap-phap-luat/toan-van-thong-tu-382026ttbtc-quy-dinh-mau-van-ban-bao-cao-dau-tu-ra-nuoc-ngoai-ra-sao-138087788.html","2026-04-21T03:47:53.645900+00:00"
"138086974","Tùy chọn mua thêm có ghi nhận vào giá gói thầu hay không?","Căn cứ theo Điều 39  Luật Đấu thầu 2023  quy định về nội dung kế hoạch lựa chọn nhà thầu như sau:

Điều 39. Nội dung kế hoạch lựa chọn nhà thầu

1. Tên gói thầu:

Tên gói thầu thể hiện tính chất, nội dung và phạm vi công việc của gói thầu. Trường hợp gói thầu gồm nhiều phần riêng biệt, kế hoạch lựa chọn nhà thầu cần nêu tên thể hiện nội dung cơ bản của từng phần.

2. Giá gói thầu:

a) Giá gói thầu là giá trị của gói thầu được phê duyệt trong kế hoạch lựa chọn nhà thầu. Giá gói thầu bao gồm toàn bộ chi phí để thực hiện gói thầu, kể cả chi phí dự phòng, phí, lệ phí và thuế. Giá gói thầu được cập nhật trong thời hạn 28 ngày trước ngày mở thầu nếu cần thiết;

b) Đối với gói thầu chia phần thì ghi rõ giá gói thầu và giá ước tính cho từng phần trong giá gói thầu;

c) Đối với gói thầu áp dụng tùy chọn mua thêm quy định tại khoản 8 Điều này, giá gói thầu không bao gồm giá trị của tùy chọn mua thêm.

Chính phủ quy định chi tiết về nội dung giá gói thầu trong kế hoạch lựa chọn nhà thầu.

[...]

Như vậy, gói thầu áp dụng tùy chọn mua thêm thì giá gói thầu không bao gồm giá trị của tùy chọn mua thêm (tức tùy chọn mua thêm có ghi nhận vào giá gói thầu).

Tùy chọn mua thêm có ghi nhận vào giá gói thầu hay không? (Hình từ Internet)

Căn cứ tại Điều 37  Luật Đấu thầu 2023  quy định về nguyên tắc lập kế hoạch lựa chọn nhà thầu như sau:

Điều 37. Nguyên tắc lập kế hoạch lựa chọn nhà thầu

1. Kế hoạch lựa chọn nhà thầu được lập cho toàn bộ dự án, dự toán mua sắm. Đối với dự toán mua sắm, kế hoạch lựa chọn nhà thầu có thể được lập trên cơ sở dự toán mua sắm của năm ngân sách và dự kiến dự toán mua sắm của các năm ngân sách tiếp theo. Trường hợp chưa đủ điều kiện lập kế hoạch lựa chọn nhà thầu cho toàn bộ dự án, dự toán mua sắm thì lập kế hoạch lựa chọn nhà thầu cho một hoặc một số gói thầu để thực hiện trước.

2. Trường hợp gói thầu có thời gian thực hiện dài hơn 01 năm, kế hoạch lựa chọn nhà thầu phải nêu rõ thời gian thực hiện gói thầu, giá gói thầu trên cơ sở toàn bộ thời gian thực hiện gói thầu.

3. Kế hoạch lựa chọn nhà thầu phải ghi rõ số lượng gói thầu và nội dung của từng gói thầu.

[...]

Thông qua quy định trên, kế hoạch lựa chọn nhà thầu phải ghi rõ số lượng gói thầu và nội dung của từng gói thầu.

Theo Điều 36  Luật Đấu thầu 2023  có quy định như sau:

Điều 36. Kế hoạch tổng thể lựa chọn nhà thầu cho dự án

1. Căn cứ quy mô, tính chất công tác đấu thầu của dự án, chủ đầu tư hoặc cơ quan chuẩn bị dự án có thể trình người có thẩm quyền xem xét, quyết định việc tổ chức lập, phê duyệt kế hoạch tổng thể lựa chọn nhà thầu.

2. Kế hoạch tổng thể lựa chọn nhà thầu được lập đồng thời hoặc độc lập với báo cáo nghiên cứu khả thi và được phê duyệt sau khi báo cáo nghiên cứu khả thi được phê duyệt.

3. Kế hoạch tổng thể lựa chọn nhà thầu bao gồm những nội dung chủ yếu sau đây:

a) Xem xét bối cảnh thực hiện dự án đối với công tác đấu thầu;

b) Đánh giá năng lực, nguồn lực và kinh nghiệm của chủ đầu tư đối với việc thực hiện các hoạt động đấu thầu của dự án;

c) Phân tích thị trường và xác định rủi ro trong đấu thầu;

[...]

Theo đó, kế hoạch tổng thể lựa chọn nhà thầu được lập đồng thời hoặc độc lập với báo cáo nghiên cứu khả thi và được phê duyệt sau khi báo cáo nghiên cứu khả thi được phê duyệt.","dau-tu","","","","2026-04-18T09:15:00","https://thuvienphapluat.vn/hoi-dap-phap-luat/tuy-chon-mua-them-co-ghi-nhan-vao-gia-goi-thau-hay-khong-138086974.html","2026-04-21T03:47:57.734006+00:00"
"138087440","Hướng dẫn thủ tục ngừng hoạt động dự án đầu tư 2026 thế nào?","Căn cứ khoản 3 Điều 65  Nghị định 96/2026/NĐ-CP  Việc ngừng hoạt động của dự án đầu tư thực hiện theo thủ tục sau:

- Trường hợp tự quyết định ngừng hoạt động của dự án đầu tư theo quy định tại khoản 1 Điều 35  Luật Đầu tư 2020 , nhà đầu tư gửi thông báo cho cơ quan đăng ký đầu tư trong thời hạn 05 ngày làm việc kể từ ngày quyết định. Trong thời gian 03 ngày làm việc kể từ ngày nhận được thông báo của nhà đầu tư, cơ quan đăng ký đầu tư tiếp nhận và thông báo việc ngừng hoạt động của dự án đầu tư cho các cơ quan liên quan;

- Trường hợp cơ quan quản lý nhà nước về đầu tư quyết định ngừng hoạt động của dự án đầu tư thì cơ quan đó căn cứ ý kiến của các cơ quan nhà nước có thẩm quyền đối với các trường hợp nêu tại khoản 2 Điều 35  Luật Đầu tư 2020  để quyết định ngừng toàn bộ hoặc ngừng một phần hoạt động của dự án đầu tư và thông báo cho các cơ quan liên quan và nhà đầu tư. Cơ quan quản lý nhà nước về đầu tư hoặc cơ quan có thẩm quyền về các lĩnh vực quy định tại các điểm a, b, c và đ khoản 2 Điều 35  Luật Đầu tư 2020  lập biên bản trước khi quyết định ngừng hoặc ngừng một phần hoạt động của dự án đầu tư.

Đối với việc ngừng hoạt động của dự án đầu tư theo bản án, quyết định của tòa án, phán quyết của trọng tài, cơ quan quản lý nhà nước về đầu tư căn cứ bản án, quyết định có hiệu lực pháp luật của tòa án, phán quyết có hiệu lực pháp luật của trọng tài để quyết định ngừng toàn bộ hoặc ngừng một phần của dự án đầu tư;

- Đối với dự án đầu tư gây phương hại hoặc có nguy cơ gây phương hại đến quốc phòng, an ninh quốc gia, môi trường, Ủy ban nhân dân cấp tỉnh thông báo bằng văn bản cho Bộ Tài chính.

Thông báo gồm các nội dung sau: nhà đầu tư thực hiện dự án; mục tiêu, địa điểm, nội dung dự án, quá trình thực hiện dự án; đánh giá tác động hoặc nguy cơ ảnh hưởng của dự án đối với quốc phòng, an ninh quốc gia; kiến nghị về việc ngừng toàn bộ hoặc ngừng một phần hoạt động của dự án đầu tư. Căn cứ đề nghị của Ủy ban nhân dân cấp tỉnh, Bộ Tài chính lấy ý kiến Bộ Quốc phòng, Bộ Công an (về nội dung quốc phòng, an ninh quốc gia), Bộ Nông nghiệp và Môi trường (về nội dung môi trường) để trình Thủ tướng Chính phủ quyết định ngừng toàn bộ hoặc ngừng một phần hoạt động của dự án đầu tư.

Hướng dẫn thủ tục ngừng hoạt động dự án đầu tư 2026 thế nào? (Hình từ Internet)

Căn cứ theo khoản 1 Điều 35  Luật Đầu tư 2025  quy định như sau:

Điều 35. Ngừng hoạt động của dự án đầu tư

1. Nhà đầu tư ngừng hoạt động của dự án đầu tư phải thông báo bằng văn bản cho cơ quan đăng ký đầu tư.   Trường hợp ngừng hoạt động của dự án đầu tư vì lý do bất khả kháng thì nhà đầu tư được Nhà nước miễn tiền thuê đất, giảm tiền sử dụng đất trong thời gian ngừng hoạt động để khắc phục hậu quả do bất khả kháng gây ra.

2. Cơ quan quản lý nhà nước về đầu tư quyết định ngừng hoặc ngừng một phần hoạt động của dự án đầu tư trong các trường hợp sau đây:

a) Để bảo vệ di tích, di vật, cổ vật, bảo vật quốc gia theo quy định của Luật Di sản văn hóa;

b) Để khắc phục vi phạm pháp luật về bảo vệ môi trường theo đề nghị của cơ quan quản lý nhà nước về môi trường;

c) Để thực hiện các biện pháp bảo đảm an toàn lao động theo đề nghị của cơ quan quản lý nhà nước về lao động;

d) Theo bản án, quyết định của Tòa án, phán quyết trọng tài;

[...]

Như vậy, dự án đầu tư ngừng hoạt động vì lý do bất khả kháng thì nhà đầu tư được Nhà nước miễn tiền thuê đất, giảm tiền sử dụng đất trong thời gian ngừng hoạt động để khắc phục hậu quả do bất khả kháng gây ra.

Căn cứ theo khoản 2 Điều 35  Luật Đầu tư 2025  quy định cơ quan quản lý nhà nước về đầu tư quyết định ngừng hoặc ngừng một phần hoạt động của dự án đầu tư trong các trường hợp sau đây:

- Để bảo vệ di tích, di vật, cổ vật, bảo vật quốc gia theo quy định của Luật Di sản văn hóa;

- Để khắc phục vi phạm pháp luật về bảo vệ môi trường theo đề nghị của cơ quan quản lý nhà nước về môi trường;

- Để thực hiện các biện pháp bảo đảm an toàn lao động theo đề nghị của cơ quan quản lý nhà nước về lao động;

- Theo bản án, quyết định của Tòa án, phán quyết trọng tài;

- Nhà đầu tư không thực hiện đúng nội dung chấp thuận chủ trương đầu tư, Giấy chứng nhận đăng ký đầu tư và đã bị xử phạt vi phạm hành chính hoặc đã có văn bản của cơ quan đăng ký đầu tư về việc không thực hiện đúng nội dung chấp thuận chủ trương đầu tư, Giấy chứng nhận đăng ký đầu tư nhưng tiếp tục vi phạm, trừ trường hợp không thực hiện theo đúng tiến độ tại văn bản chấp thuận chủ trương đầu tư, Giấy chứng nhận đăng ký đầu tư hoặc văn bản chấp thuận điều chỉnh chủ trương đầu tư, Giấy chứng nhận đăng ký đầu tư điều chỉnh.","dau-tu","","","","2026-04-15T16:10:00","https://thuvienphapluat.vn/hoi-dap-phap-luat/huong-dan-thu-tuc-ngung-hoat-dong-du-an-dau-tu-2026-the-nao-138087440.html","2026-04-21T03:48:02.492716+00:00"
"138085678","Thủ tục điều chỉnh dự án đầu tư đã được cấp Giấy chứng nhận đăng ký đầu tư và không thuộc diện chấp thuận điều chỉnh chủ trương đầu tư như thế nào?","Căn cứ Điều 56  Nghị định 96/2026/NĐ-CP  thủ tục điều chỉnh dự án đầu tư đã được cấp Giấy chứng nhận đăng ký đầu tư và không thuộc diện chấp thuận điều chỉnh chủ trương đầu tư như sau:

- Trường hợp điều chỉnh dự án đầu tư liên quan đến việc thay đổi tên dự án đầu tư, tên nhà đầu tư tại Giấy chứng nhận đăng ký đầu tư, tiến độ thực hiện, thời hạn hoạt động của dự án đầu tư theo quy định tại khoản 5 Điều 28 của  Nghị định 96/2026/NĐ-CP  hoặc nhà đầu tư có nhu cầu cập nhật thông tin về địa điểm thực hiện dự án đầu tư trên cơ sở sắp xếp đơn vị hành chính và tổ chức chính quyền địa phương hai cấp, nhà đầu tư thực hiện thủ tục điều chỉnh dự án như sau:

+ Nhà đầu tư nộp 01 bộ hồ sơ kèm theo bản điện tử của hồ sơ cho cơ quan đăng ký đầu tư:

Trường hợp thay đổi tên dự án đầu tư, tên nhà đầu tư tại Giấy chứng nhận đăng ký đầu tư, hồ sơ gồm: văn bản đề nghị điều chỉnh dự án đầu tư cho cơ quan đăng ký đầu tư kèm theo tài liệu liên quan đến việc thay đổi tên dự án đầu tư, tên nhà đầu tư.

Trường hợp điều chỉnh tiến độ thực hiện, thời hạn hoạt động của dự án đầu tư quy định tại khoản 5 Điều 28  Nghị định 96/2026/NĐ-CP , hồ sơ gồm: Văn bản đề nghị của nhà đầu tư; bản sao Quyết định giao đất, quyết định cho thuê đất, quyết định chuyển mục đích sử dụng đất hoặc bản sao văn bản bàn giao đất của cơ quan nhà nước có thẩm quyền.

Trường hợp cập nhật thông tin về địa điểm thực hiện dự án đầu tư trên cơ sở sắp xếp đơn vị hành chính và tổ chức chính quyền địa phương hai cấp, hồ sơ gồm: Văn bản đề nghị của nhà đầu tư, bao gồm nội dung thuyết minh về việc cập nhật thông tin này;

+ Trong thời hạn 03 ngày làm việc kể từ ngày nhận được văn bản đề nghị điều chỉnh Giấy chứng nhận đăng ký đầu tư và tài liệu liên quan (nếu có), cơ quan đăng ký đầu tư điều chỉnh Giấy chứng nhận đăng ký đầu tư cho nhà đầu tư.

- Trường hợp điều chỉnh dự án đầu tư không thuộc nội dung quy định tại khoản 1 Điều 56  Nghị định 96/2026/NĐ-CP , nhà đầu tư nộp 01 bộ hồ sơ quy định tại khoản 1 Điều 52 của  Nghị định 96/2026/NĐ-CP  cho cơ quan đăng ký đầu tư. Trong thời hạn 07 ngày làm việc kể từ ngày nhận được hồ sơ hợp lệ, cơ quan đăng ký đầu tư điều chỉnh Giấy chứng nhận đăng ký đầu tư cho nhà đầu tư.

Thủ tục điều chỉnh dự án đầu tư đã được cấp Giấy chứng nhận đăng ký đầu tư và không thuộc diện chấp thuận điều chỉnh chủ trương đầu tư như thế nào? (Hình từ Internet)

Căn cứ khoản 11 Điều 19  Nghị định 96/2026/NĐ-CP  quy định về đối tượng được hưởng ưu đãi đầu tư như sau:

Điều 19. Đối tượng được hưởng ưu đãi đầu tư

Đối tượng được hưởng ưu đãi đầu tư theo quy định tại khoản 1 Điều 14 của Luật Đầu tư bao gồm:

[...]

11. Dự án thành lập trung tâm nghiên cứu và phát triển.

12. Chuỗi phân phối sản phẩm của doanh nghiệp nhỏ và vừa là mạng lưới các trung gian thực hiện phân phối sản phẩm của doanh nghiệp nhỏ và vừa đến người tiêu dùng và đáp ứng các điều kiện sau:

a) Có ít nhất 80% số doanh nghiệp tham gia là doanh nghiệp nhỏ và vừa;

b) Có ít nhất 10 địa điểm phân phối hàng hóa đến người tiêu dùng;

c) Tối thiểu 50% doanh thu của chuỗi được tạo ra bởi các doanh nghiệp nhỏ và vừa tham gia trong chuỗi.

13. Cơ sở ươm tạo doanh nghiệp nhỏ và vừa; cơ sở kỹ thuật hỗ trợ doanh nghiệp nhỏ và vừa; khu làm việc chung hỗ trợ doanh nghiệp nhỏ và vừa khởi nghiệp sáng tạo là cơ sở được thành lập theo quy định pháp luật về hỗ trợ doanh nghiệp nhỏ và vừa.

[...]

Như vậy, dự án thành lập trung tâm nghiên cứu và phát triển được hưởng ưu đãi đầu tư.

Căn cứ khoản 5 Điều 20  Nghị định 96/2026/NĐ-CP  quy định về nguyên tắc áp dụng ưu đãi đầu tư như sau:

Điều 20. Nguyên tắc áp dụng ưu đãi đầu tư

[...]

5. Đối với dự án đầu tư đáp ứng điều kiện hưởng các mức ưu đãi đầu tư khác nhau trong cùng một thời gian thì nhà đầu tư được lựa chọn áp dụng mức ưu đãi cao nhất.

[...]

Như vậy, đối với dự án đầu tư đáp ứng điều kiện hưởng các mức ưu đãi đầu tư khác nhau trong cùng một thời gian thì nhà đầu tư được lựa chọn áp dụng mức ưu đãi cao nhất.","dau-tu","","","","2026-04-12T15:30:00","https://thuvienphapluat.vn/hoi-dap-phap-luat/thu-tuc-dieu-chinh-du-an-dau-tu-da-duoc-cap-giay-chung-nhan-dang-ky-dau-tu-va-khong-thuoc-dien-chap-138085678.html","2026-04-21T03:48:06.616973+00:00"
"138086476","Căn cứ đánh giá sự phù hợp của dự án trong chấp thuận hoặc phê duyệt chủ trương đầu tư có phụ thuộc vào quy hoạch tỉnh hay không?","Căn cứ theo Điều 56  Nghị định 70/2026/NĐ-CP  quy định về quy hoạch được sử dụng làm căn cứ đánh giá sự phù hợp của dự án trong chấp thuận hoặc phê duyệt chủ trương đầu tư theo quy định của pháp luật về đầu tư công, pháp luật về đầu tư, pháp luật về đầu tư theo phương thức đối tác công tư như sau:

Điều 56. Quy hoạch được sử dụng làm căn cứ đánh giá sự phù hợp của dự án trong chấp thuận hoặc phê duyệt chủ trương đầu tư theo quy định của pháp luật về đầu tư công, pháp luật về đầu tư, pháp luật về đầu tư theo phương thức đối tác công tư

1. Dự án liên quan đến phát triển kết cấu hạ tầng, dự án liên quan đến sử dụng tài nguyên, dự án liên quan đến bảo vệ môi trường, bảo tồn thiên nhiên và đa dạng sinh học cấp quốc gia, phạm vi liên vùng, liên tỉnh thì căn cứ vào quy hoạch cấp quốc gia hoặc quy hoạch vùng hoặc quy hoạch chi tiết ngành có liên quan để đánh giá sự phù hợp của dự án.

2. Dự án liên quan đến phát triển khu chức năng thì căn cứ vào quy hoạch ngành hoặc quy hoạch vùng hoặc quy hoạch tỉnh có liên quan để đánh giá sự phù hợp của dự án.

3. Dự án liên quan đến phát triển kết cấu hạ tầng cấp tỉnh, phạm vi liên xã thì căn cứ vào quy hoạch tỉnh hoặc quy hoạch đô thị và nông thôn hoặc quy hoạch chi tiết ngành có liên quan để đánh giá sự phù hợp của dự án.

[...]

Theo đó, căn cứ đánh giá sự phù hợp của dự án trong chấp thuận hoặc phê duyệt chủ trương đầu tư có thể phụ thuộc vào quy hoạch tỉnh nếu thuộc các dự án dưới đây:

- Dự án liên quan đến phát triển khu chức năng.

- Dự án liên quan đến phát triển kết cấu hạ tầng cấp tỉnh, phạm vi liên xã.

- Dự án liên quan đến sử dụng tài nguyên, dự án liên quan đến bảo vệ môi trường, bảo tồn thiên nhiên và đa dạng sinh học cấp tỉnh, phạm vi liên xã.

- Dự án liên quan đến phát triển kết cấu hạ tầng cấp xã.

- Quy hoạch khu chức năng chưa được phê duyệt.

- Dự án đầu tư xây dựng khu đô thị, dự án đầu tư xây dựng nhà ở

- Dự án không thuộc trường hợp: Dự án có sử dụng đất nhưng không thay đổi mục đích sử dụng đất và chỉ tiêu kinh tế-kỹ thuật trong quy hoạch đô thị và nông thôn, quy hoạch sử dụng đất có liên quan đến khu vực thực hiện dự án; dự án không sử dụng đất, tài nguyên khác thì không phải đánh giá sự phù hợp của dự án với quy hoạch;

Căn cứ đánh giá sự phù hợp của dự án trong chấp thuận hoặc phê duyệt chủ trương đầu tư có phụ thuộc vào quy hoạch tỉnh hay không? (Hình từ Internet)

Tại Điều 54  Nghị định 70/2026/NĐ-CP  quy định việc đánh giá đột xuất thực hiện quy hoạch bao gồm các nội dung chủ yếu như sau:

- Phân tích, đánh giá tình hình thực hiện định hướng phát triển các ngành, lĩnh vực và tổ chức không gian phát triển kinh tế - xã hội trong quy hoạch cấp quốc gia; phương hướng phát triển các ngành, lĩnh vực và tổ chức không gian phát triển kinh tế - xã hội trong quy hoạch vùng, quy hoạch tỉnh.

- Phân tích, đánh giá tình hình phát triển hệ thống kết cấu hạ tầng.

- Đánh giá tình hình sử dụng đất (nếu có).

- Đánh giá kết quả thực hiện các mục tiêu, chỉ tiêu trên thực tế so với các mục tiêu, chỉ tiêu đã đề ra trong quy hoạch; dự báo về mức độ đạt được so với mục tiêu, chỉ tiêu đề ra trong quy hoạch.

- Đánh giá kết quả triển khai một số dự án có vai trò quan trọng trong phát triển kinh tế - xã hội của quốc gia, ngành, vùng và địa phương đã triển khai thực hiện.

- Xác định những khó khăn, vướng mắc và nguyên nhân ảnh hưởng đến kết quả thực hiện quy hoạch.

- Đề xuất giải pháp nâng cao hiệu quả triển khai quy hoạch.

Theo Điều 60  Nghị định 70/2026/NĐ-CP  quy định hồ sơ gửi xin ý kiến phải được đăng tải trên hệ thống thông tin quốc gia về quy hoạch và trên trang thông tin điện tử của cơ quan lập quy hoạch đối với quy hoạch tổng thể quốc gia, quy hoạch không gian biển quốc gia và quy hoạch sử dụng đất quốc gia; trên trang thông tin điện tử của cơ quan tổ chức lập quy hoạch đối với quy hoạch ngành, quy hoạch vùng và quy hoạch tỉnh trong thời gian ít nhất 20 ngày làm việc kể từ ngày gửi hồ sơ lấy ý kiến, trừ các nội dung bí mật nhà nước theo quy định của pháp luật về bảo vệ bí mật nhà nước. Hồ sơ gửi xin ý kiến quy hoạch bao gồm:

- Báo cáo đánh giá thực hiện quy hoạch;

- Báo cáo thuyết minh điều chỉnh quy hoạch bao gồm báo cáo tổng hợp và báo cáo tóm tắt;

- Dự thảo văn bản quyết định hoặc phê duyệt điều chỉnh quy hoạch;

- Hệ thống sơ đồ, cơ sở dữ liệu có liên quan đến nội dung điều chỉnh quy hoạch.

Hồ sơ trình quyết định hoặc phê duyệt điều chỉnh quy hoạch bao gồm:

- Báo cáo đánh giá thực hiện quy hoạch;

- Báo cáo thuyết minh điều chỉnh quy hoạch bao gồm báo cáo tổng hợp và báo cáo tóm tắt;

- Tờ trình quyết định hoặc phê duyệt điều chỉnh quy hoạch;

- Dự thảo văn bản quyết định hoặc phê duyệt điều chỉnh quy hoạch;

- Báo cáo tiếp thu, giải trình ý kiến góp ý của các cơ quan có liên quan;

- Hệ thống sơ đồ, cơ sở dữ liệu có liên quan đến nội dung điều chỉnh quy hoạch.","dau-tu","","","","2026-04-12T14:35:00","https://thuvienphapluat.vn/hoi-dap-phap-luat/can-cu-danh-gia-su-phu-hop-cua-du-an-trong-chap-thuan-hoac-phe-duyet-chu-truong-dau-tu-co-phu-thuoc-138086476.html","2026-04-21T03:48:10.649953+00:00"
"138086146","Nghĩa vụ tài chính của nhà đầu tư trong hoạt động đầu tư ra nước ngoài từ 03/4/2026 ra sao?","Căn cứ theo Điều 36  Nghị định 103/2026/NĐ-CP  quy định nghĩa vụ tài chính của nhà đầu tư trong hoạt động đầu tư ra nước ngoài như sau:

- Nhà đầu tư có trách nhiệm thực hiện đầy đủ các nghĩa vụ tài chính liên quan đến dự án đầu tư ra nước ngoài đối với Nhà nước Việt Nam theo quy định của pháp luật về thuế.

- Nhà đầu tư là doanh nghiệp nhà nước có trách nhiệm thực hiện đầy đủ các nghĩa vụ tài chính liên quan đến dự án đầu tư ra nước ngoài đối với Nhà nước Việt Nam theo quy định của pháp luật về thuế, pháp luật về quản lý, sử dụng vốn nhà nước đầu tư vào sản xuất, kinh doanh tại doanh nghiệp.

- Việc miễn thuế xuất khẩu, thuế nhập khẩu đối với phần vốn bằng hàng hóa, máy móc, thiết bị chuyển ra nước ngoài để thực hiện hoạt động đầu tư và chuyển từ nước ngoài về Việt Nam thực hiện theo quy định của pháp luật về thuế xuất khẩu, thuế nhập khẩu.

*Trên đây là thông tin Nghĩa vụ tài chính của nhà đầu tư trong hoạt động đầu tư ra nước ngoài từ 03/4/2026 ra sao?

Nghĩa vụ tài chính của nhà đầu tư trong hoạt động đầu tư ra nước ngoài từ 03/4/2026 ra sao? (Hình từ Internet)

Căn cứ theo khoản 1 Điều 31  Nghị định 103/2026/NĐ-CP  quy định như sau:

Điều 31. Mở tài khoản vốn đầu tư ra nước ngoài

1. Nhà đầu tư mở tài khoản vốn đầu tư ra nước ngoài tại một tổ chức tín dụng được phép tại Việt Nam theo quy định của pháp luật về quản lý ngoại hối.

2. Mọi giao dịch chuyển tiền từ Việt Nam ra nước ngoài và từ nước ngoài về Việt Nam liên quan đến hoạt động đầu tư ra nước ngoài phải thực hiện thông qua tài khoản vốn đầu tư quy định tại khoản 1 Điều này theo quy định của pháp luật về quản lý ngoại hối.

Theo đó, nhà đầu tư phải mở tài khoản vốn đầu tư ra nước ngoài tại một tổ chức tín dụng được phép tại Việt Nam theo quy định của pháp luật về quản lý ngoại hối.

Căn cứ theo Điều 32  Nghị định 103/2026/NĐ-CP  quy định về chuyển vốn đầu tư ra nước ngoài như sau:

(1) Nhà đầu tư được chuyển vốn đầu tư ra nước ngoài để thực hiện hoạt động đầu tư khi đáp ứng các điều kiện sau đây:

- Đã được cấp Giấy chứng nhận đăng ký đầu tư ra nước ngoài đối với các dự án thuộc diện cấp Giấy chứng nhận đăng ký đầu tư ra nước ngoài;

- Hoạt động đầu tư đã được cơ quan có thẩm quyền của nước tiếp nhận đầu tư chấp thuận hoặc cấp phép (nếu có).

Trường hợp pháp luật của nước tiếp nhận đầu tư không quy định về việc cấp phép đầu tư hoặc chấp thuận đầu tư hoặc chỉ cấp phép sau khi nhà đầu tư đã thực hiện cam kết chuyển vốn đầu tư, nhà đầu tư phải cung cấp tài liệu chứng minh quyền hoạt động đầu tư tại nước tiếp nhận đầu tư;

- Có tài khoản vốn đầu tư ra nước ngoài theo quy định tại Điều 31  Nghị định 103/2026/NĐ-CP .

(2) Việc chuyển vốn đầu tư ra nước ngoài phải tuân thủ quy định của pháp luật về quản lý ngoại hối, xuất khẩu, chuyển giao công nghệ và quy định khác của pháp luật có liên quan.

(3) Nhà đầu tư được chuyển tiền, hàng hóa, máy móc, thiết bị ra nước ngoài trước khi được cấp Giấy chứng nhận đăng ký đầu tư ra nước ngoài hoặc xác nhận đăng ký giao dịch ngoại hối (đối với dự án không phải thực hiện thủ tục cấp Giấy chứng nhận đăng ký đầu tư ra nước ngoài) liên quan đến hoạt động đầu tư ra nước ngoài để đáp ứng các chi phí cho hoạt động hình thành dự án đầu tư, bao gồm:

- Nghiên cứu thị trường và cơ hội đầu tư;

- Khảo sát thực địa;

- Nghiên cứu tài liệu;

- Thu thập và mua tài liệu, thông tin có liên quan đến lựa chọn dự án đầu tư;

- Tổng hợp, đánh giá, thẩm định, kể cả việc lựa chọn và thuê chuyên gia tư vấn để đánh giá, thẩm định dự án đầu tư;

- Tổ chức hội thảo, hội nghị khoa học;

- Thành lập và hoạt động của văn phòng liên lạc ở nước ngoài liên quan đến việc hình thành dự án đầu tư;

- Tham gia đấu thầu quốc tế, đặt cọc, ký quỹ hoặc các hình thức bảo lãnh tài chính khác, thanh toán chi phí, lệ phí theo yêu cầu của bên mời thầu, quốc gia, vùng lãnh thổ tiếp nhận đầu tư liên quan đến điều kiện tham gia đấu thầu, điều kiện thực hiện dự án đầu tư;

- Tham gia mua bán, sáp nhập công ty, đặt cọc, ký quỹ hoặc các hình thức bảo lãnh tài chính khác, thanh toán chi phí, lệ phí theo yêu cầu của bên bán công ty hoặc theo quy định pháp luật của quốc gia, vùng lãnh thổ tiếp nhận đầu tư;

- Đàm phán hợp đồng;

- Mua hoặc thuê tài sản hỗ trợ cho việc hình thành dự án đầu tư ở nước ngoài.

(4) Việc chuyển tiền, hàng hóa, máy móc, thiết bị ra nước ngoài theo quy định tại khoản 3 Điều 32  Nghị định 103/2026/NĐ-CP  thực hiện theo quy định của pháp luật về ngoại hối, xuất khẩu, hải quan, công nghệ.

(5) Hạn mức chuyển tiền theo quy định tại khoản 3 Điều 32  Nghị định 103/2026/NĐ-CP  không vượt quá 5% tổng vốn đầu tư ra nước ngoài và không quá 300.000 đô la Mỹ được tính vào tổng vốn đầu tư ra nước ngoài, trừ trường hợp Chính phủ có quy định khác.

(6) Việc chuyển vốn bằng máy móc, thiết bị và hàng hóa ra nước ngoài và từ nước ngoài về Việt Nam để thực hiện dự án đầu tư ra nước ngoài phải thực hiện thủ tục hải quan theo quy định của pháp luật hải quan.

(7) Ngân hàng Nhà nước Việt Nam hướng dẫn chi tiết về quản lý ngoại hối đối với việc chuyển tiền ra nước ngoài để thực hiện hoạt động đầu tư theo quy định tại Điều 32  Nghị định 103/2026/NĐ-CP .","dau-tu","","","","2026-04-12T14:00:00","https://thuvienphapluat.vn/hoi-dap-phap-luat/nghia-vu-tai-chinh-cua-nha-dau-tu-trong-hoat-dong-dau-tu-ra-nuoc-ngoai-tu-0342026-ra-sao-138086146.html","2026-04-21T03:48:14.633119+00:00"
"138086673","Việc chuyển lợi nhuận thu từ đầu tư ở nước ngoài về nước từ 03/4/2026 thực hiện như thế nào?","Căn cứ theo Điều 34  Nghị định 103/2026/NĐ-CP  quy định về việc chuyển lợi nhuận thu từ đầu tư ở nước ngoài về nước như sau:

- Trừ trường hợp giữ lại lợi nhuận theo quy định tại Điều 33  Nghị định 103/2026/NĐ-CP , trong thời hạn 12 tháng kể từ ngày được chia lợi nhuận, nhà đầu tư phải chuyển toàn bộ lợi nhuận thu được và các khoản thu nhập khác từ hoạt động đầu tư ở nước ngoài về Việt Nam.

- Nhà đầu tư được sử dụng phần lợi nhuận được chia để hoán đổi nghĩa vụ phát sinh tại nước ngoài với đối tác đang có hoạt động tại Việt Nam. Việc thực hiện hoán đổi phải đáp ứng các điều kiện sau:

+ Đã thực hiện báo cáo với Ngân hàng Nhà nước Việt Nam và Bộ Tài chính theo quy định;

+ Tuân thủ quy định của pháp luật về quản lý ngoại hối, đầu tư và pháp luật có liên quan;

+ Thực hiện đầy đủ nghĩa vụ thuế phát sinh tại Việt Nam đối với giao dịch hoán đổi theo quy định của pháp luật về thuế, bao gồm nghĩa vụ thuế của nhà đầu tư và của đối tác nước ngoài (nếu có);

+ Không được sử dụng giao dịch hoán đổi để trốn thuế, tránh thuế hoặc thực hiện các hành vi vi phạm pháp luật về thuế, ngoại hối và pháp luật có liên quan.

- Trong thời hạn quy định tại khoản 1 Điều 34  Nghị định 103/2026/NĐ-CP  mà không chuyển lợi nhuận và các khoản thu nhập khác về Việt Nam thì nhà đầu tư phải thông báo trước bằng văn bản cho Bộ Tài chính và Ngân hàng Nhà nước Việt Nam.

Thời hạn chuyển lợi nhuận về nước được kéo dài không quá 12 tháng kể từ ngày hết thời hạn quy định tại khoản 1 Điều 34  Nghị định 103/2026/NĐ-CP .

- Trường hợp quá thời hạn quy định tại khoản 1 Điều 34  Nghị định 103/2026/NĐ-CP  mà chưa chuyển lợi nhuận về nước và không thông báo hoặc trường hợp quá thời hạn được kéo dài quy định tại khoản 3 Điều 34  Nghị định 103/2026/NĐ-CP  mà nhà đầu tư chưa chuyển lợi nhuận về nước thì bị xử phạt vi phạm hành chính theo quy định của pháp luật.

*Trên đây là thông tin Việc chuyển lợi nhuận thu từ đầu tư ở nước ngoài về nước từ 03/4/2026 thực hiện như thế nào?

Việc chuyển lợi nhuận thu từ đầu tư ở nước ngoài về nước từ 03/4/2026 thực hiện như thế nào? (Hình từ Internet)

Căn cứ theo Điều 15  Nghị định 103/2026/NĐ-CP  quy định điều kiện đầu tư ra nước ngoài như sau:

- Hoạt động đầu tư ra nước ngoài phù hợp với nguyên tắc quy định tại Điều 38  Luật Đầu tư 2025 .

- Không thuộc ngành, nghề cấm đầu tư ra nước ngoài quy định tại Điều 40  Luật Đầu tư 2025  và đáp ứng điều kiện đầu tư ra nước ngoài đối với ngành, nghề đầu tư ra nước ngoài có điều kiện quy định tại Điều 11  Nghị định 103/2026/NĐ-CP .

- Có quyết định đầu tư ra nước ngoài theo quy định tại Điều 14  Nghị định 103/2026/NĐ-CP .

- Có văn bản của cơ quan thuế xác nhận việc hoàn thành nghĩa vụ nộp thuế của nhà đầu tư. Thời điểm xác nhận của cơ quan thuế không quá 03 tháng tỉnh đến ngày nộp hồ sơ dự án đầu tư.

- Đối với tổ chức kinh tế có nhà đầu tư nước ngoài nắm giữ trên 50% vốn điều lệ, ngoài các điều kiện quy định tại các khoản 1, 2, 3 và 4 Điều 15  Nghị định 103/2026/NĐ-CP , phải đáp ứng các điều kiện sau:

+ Sử dụng nguồn vốn thuộc vốn chủ sở hữu để đầu tư ra nước ngoài, trong đó không bao gồm phần vốn góp để thực hiện hoạt động đầu tư tại Việt Nam;

+ Có kết quả hoạt động kinh doanh có lãi trong 02 năm liên tiếp liền kề trước năm đăng ký đầu tư ra nước ngoài, được xác định theo báo cáo tài chính đã được kiểm toán (nếu có);

+ Trường hợp sử dụng vốn góp tăng thêm để đầu tư ra nước ngoài thì phải thực hiện thủ tục cấp Giấy chứng nhận đăng ký đầu tư ra nước ngoài theo quy định của  Nghị định 103/2026/NĐ-CP , sau đó thực hiện thủ tục tăng vốn và góp đủ vốn điều lệ tại Việt Nam trước khi chuyển vốn đầu tư ra nước ngoài.

Căn cứ theo Điều 11  Luật Đầu tư 2025  quy định sau khi thực hiện đầy đủ nghĩa vụ tài chính đối với Nhà nước Việt Nam theo quy định của pháp luật, nhà đầu tư nước ngoài được chuyển ra nước ngoài các tài sản sau đây:

- Vốn đầu tư, các khoản thanh lý đầu tư;

- Thu nhập từ hoạt động đầu tư kinh doanh;

- Tiền và tài sản khác thuộc sở hữu hợp pháp của nhà đầu tư.","dau-tu","","","","2026-04-12T11:00:00","https://thuvienphapluat.vn/hoi-dap-phap-luat/viec-chuyen-loi-nhuan-thu-tu-dau-tu-o-nuoc-ngoai-ve-nuoc-tu-0342026-thuc-hien-nhu-the-nao-138086673.html","2026-04-21T03:48:18.456155+00:00"
"138086675","Hồ sơ cấp Giấy chứng nhận đăng ký đầu tư với dự án không thuộc diện báo cáo Thủ tướng Chính phủ chấp thuận gồm những gì?","Căn cứ theo khoản 1 Điều 22  Nghị định 103/2026/NĐ-CP  quy định hồ sơ cấp Giấy chứng nhận đăng ký đầu tư đối với dự án không thuộc diện báo cáo Thủ tướng Chính phủ chấp thuận gồm các tài liệu sau:

- Văn bản đăng ký đầu tư ra nước ngoài (bản chính);

- Tài liệu về tư cách pháp lý của nhà đầu tư (bản sao hợp lệ);

- Quyết định đầu tư ra nước ngoài theo quy định tại Điều 14  Nghị định 103/2026/NĐ-CP  (bản chính);

- Xác nhận của cơ quan thuế về việc nhà đầu tư đã hoàn thành nghĩa vụ thuế (bản chính hoặc bản sao hợp lệ);

- Tài liệu xác định địa điểm thực hiện dự án đầu tư ở nước ngoài đối với dự án thuộc diện phải xác định địa điểm theo quy định tại Điều 12  Nghị định 103/2026/NĐ-CP  (bản sao hợp lệ);

- Tài liệu xác định hình thức đầu tư ra nước ngoài đối với trường hợp quy định tại Điều 13  Nghị định 103/2026/NĐ-CP  (bản sao hợp lệ);

- Đối với trường hợp đầu tư theo hình thức quy định tại khoản 4 Điều 6  Nghị định 103/2026/NĐ-CP , nhà đầu tư nộp tài liệu liên quan đến giao dịch hoán đổi, bao gồm thỏa thuận hoặc hợp đồng và tài liệu xác định giá trị giao dịch (bản sao hợp lệ);

- Đối với dự án đầu tư ra nước ngoài trong các ngành, nghề đầu tư ra nước ngoài có điều kiện quy định tại khoản 1 Điều 41  Luật Đầu tư 2025 , nhà đầu tư nộp văn bản chấp thuận của cơ quan nhà nước có thẩm quyền về việc đáp ứng điều kiện đầu tư ra nước ngoài theo quy định của pháp luật có liên quan (bản sao hợp lệ).

*Trên đây là thông tin Hồ sơ cấp Giấy chứng nhận đăng ký đầu tư với dự án không thuộc diện báo cáo Thủ tướng Chính phủ chấp thuận gồm những gì?

Hồ sơ cấp Giấy chứng nhận đăng ký đầu tư với dự án không thuộc diện báo cáo Thủ tướng Chính phủ chấp thuận gồm những gì? (Hình từ Internet)

Căn cứ theo Điều 12  Nghị định 103/2026/NĐ-CP  quy định tài liệu xác định địa điểm thực hiện dự án đầu tư tại nước ngoài là những tài liệu như sau:

(1) Các dự án đầu tư sau đây phải có tài liệu xác định địa điểm thực hiện dự án đầu tư:

- Dự án thuộc diện Thủ tướng Chính phủ xem xét, chấp thuận trước khi cấp, điều chỉnh Giấy chứng nhận đăng ký đầu tư ra nước ngoài theo quy định tại khoản 2 Điều 42  Luật Đầu tư 2025 ;

- Dự án năng lượng;

- Dự án chăn nuôi, trồng trọt, trồng rừng, nuôi trồng thủy sản;

- Dự án khảo sát, thăm dò, khai thác và chế biến khoáng sản;

- Dự án có xây dựng nhà máy, cơ sở sản xuất, chế biến, chế tạo;

- Dự án đầu tư xây dựng công trình, cơ sở hạ tầng; dự án đầu tư kinh doanh bất động sản trừ các hoạt động cung cấp dịch vụ: môi giới bất động sản, sàn giao dịch bất động sản, tư vấn bất động sản, quản lý bất động sản.

(2) Tài liệu xác định địa điểm thực hiện dự án đầu tư là một trong các loại giấy tờ sau, trong đó có nội dung xác định địa điểm:

- Giấy phép đầu tư hoặc văn bản có giá trị tương đương của quốc gia, vùng lãnh thổ tiếp nhận đầu tư;

- Quyết định giao đất, cho thuê đất của cơ quan, tổ chức có thẩm quyền tại quốc gia, vùng lãnh thổ tiếp nhận đầu tư;

- Hợp đồng trúng thầu, thầu khoán; hợp đồng giao đất, cho thuê đất; hợp đồng hợp tác đầu tư, kinh doanh kèm theo tài liệu chứng minh thẩm quyền của bên liên quan trong hợp đồng đối với địa điểm;

- Thỏa thuận nguyên tắc về việc giao đất, cho thuê đất, thuê địa điểm kinh doanh, chuyển nhượng quyền sử dụng đất hoặc tài sản gắn liền với đất; thỏa thuận hợp tác đầu tư kinh doanh kèm theo tài liệu chứng minh thẩm quyền của bên liên quan trong thỏa thuận đối với địa điểm.

Căn cứ theo khoản 1 Điều 23  Nghị định 103/2026/NĐ-CP  quy định nhà đầu tư thực hiện thủ tục điều chỉnh Giấy chứng nhận đăng ký đầu tư ra nước ngoài trong các trường hợp sau đây:

- Thay đổi nhà đầu tư Việt Nam;

- Thay đổi hình thức đầu tư;

- Tăng vốn đầu tư ra nước ngoài; thay đổi nguồn vốn đầu tư, hình thức vốn đầu tư;

- Thay đổi địa điểm thực hiện hoạt động đầu tư đối với các dự án đầu tư yêu cầu phải có địa điểm đầu tư;

- Thay đổi mục tiêu chính của hoạt động đầu tư ở nước ngoài;

- Sử dụng lợi nhuận đầu tư ở nước ngoài để tăng vốn đầu tư.","dau-tu","","","","2026-04-12T10:20:00","https://thuvienphapluat.vn/hoi-dap-phap-luat/ho-so-cap-giay-chung-nhan-dang-ky-dau-tu-voi-du-an-khong-thuoc-dien-bao-cao-thu-tuong-chinh-phu-cha-138086675.html","2026-04-21T03:48:23.051550+00:00"
"138086674","Nhà đầu tư được giữ lại lợi nhuận thu từ đầu tư ở nước ngoài để tái đầu tư trong trường hợp nào từ 03/4/2026?","Căn cứ theo khoản 1 Điều 33  Nghị định 103/2026/NĐ-CP  quy định như sau:

Điều 33. Sử dụng lợi nhuận ở nước ngoài

1. Nhà đầu tư được giữ lại lợi nhuận thu từ đầu tư ở nước ngoài để tái đầu tư trong trường hợp sau đây:

a) Tiếp tục góp vốn đầu tư ở nước ngoài trong trường hợp chưa góp đủ vốn theo đăng ký;

b) Tăng vốn đầu tư ra nước ngoài;

c) Thực hiện dự án đầu tư mới ở nước ngoài.

2. Nhà đầu tư thực hiện thủ tục điều chỉnh Giấy chứng nhận đăng ký đầu tư ra nước ngoài đối với các trường hợp quy định tại điểm a và điểm b khoản 1 Điều này; thực hiện thủ tục cấp Giấy chứng nhận đăng ký đầu tư ra nước ngoài đối với trường hợp quy định tại điểm c khoản 1 Điều này.

Theo đó, nhà đầu tư được giữ lại lợi nhuận thu từ đầu tư ở nước ngoài để tái đầu tư trong trường hợp sau đây:

- Tiếp tục góp vốn đầu tư ở nước ngoài trong trường hợp chưa góp đủ vốn theo đăng ký;

- Tăng vốn đầu tư ra nước ngoài;

- Thực hiện dự án đầu tư mới ở nước ngoài.

*Trên đây là thông tin Nhà đầu tư được giữ lại lợi nhuận thu từ đầu tư ở nước ngoài để tái đầu tư trong trường hợp nào từ 03/4/2026?

Nhà đầu tư được giữ lại lợi nhuận thu từ đầu tư ở nước ngoài để tái đầu tư trong trường hợp nào từ 03/4/2026? (Hình từ Internet)

Căn cứ theo Điều 32  Nghị định 103/2026/NĐ-CP  quy định về chuyển vốn đầu tư ra nước ngoài như sau:

(1) Nhà đầu tư được chuyển vốn đầu tư ra nước ngoài để thực hiện hoạt động đầu tư khi đáp ứng các điều kiện sau đây:

- Đã được cấp Giấy chứng nhận đăng ký đầu tư ra nước ngoài đối với các dự án thuộc diện cấp Giấy chứng nhận đăng ký đầu tư ra nước ngoài;

- Hoạt động đầu tư đã được cơ quan có thẩm quyền của nước tiếp nhận đầu tư chấp thuận hoặc cấp phép (nếu có).

Trường hợp pháp luật của nước tiếp nhận đầu tư không quy định về việc cấp phép đầu tư hoặc chấp thuận đầu tư hoặc chỉ cấp phép sau khi nhà đầu tư đã thực hiện cam kết chuyển vốn đầu tư, nhà đầu tư phải cung cấp tài liệu chứng minh quyền hoạt động đầu tư tại nước tiếp nhận đầu tư;

- Có tài khoản vốn đầu tư ra nước ngoài theo quy định tại Điều 31  Nghị định 103/2026/NĐ-CP .

(2) Việc chuyển vốn đầu tư ra nước ngoài phải tuân thủ quy định của pháp luật về quản lý ngoại hối, xuất khẩu, chuyển giao công nghệ và quy định khác của pháp luật có liên quan.

(3) Nhà đầu tư được chuyển tiền, hàng hóa, máy móc, thiết bị ra nước ngoài trước khi được cấp Giấy chứng nhận đăng ký đầu tư ra nước ngoài hoặc xác nhận đăng ký giao dịch ngoại hối (đối với dự án không phải thực hiện thủ tục cấp Giấy chứng nhận đăng ký đầu tư ra nước ngoài) liên quan đến hoạt động đầu tư ra nước ngoài để đáp ứng các chi phí cho hoạt động hình thành dự án đầu tư, bao gồm:

- Nghiên cứu thị trường và cơ hội đầu tư;

- Khảo sát thực địa;

- Nghiên cứu tài liệu;

- Thu thập và mua tài liệu, thông tin có liên quan đến lựa chọn dự án đầu tư;

- Tổng hợp, đánh giá, thẩm định, kể cả việc lựa chọn và thuê chuyên gia tư vấn để đánh giá, thẩm định dự án đầu tư;

- Tổ chức hội thảo, hội nghị khoa học;

- Thành lập và hoạt động của văn phòng liên lạc ở nước ngoài liên quan đến việc hình thành dự án đầu tư;

- Tham gia đấu thầu quốc tế, đặt cọc, ký quỹ hoặc các hình thức bảo lãnh tài chính khác, thanh toán chi phí, lệ phí theo yêu cầu của bên mời thầu, quốc gia, vùng lãnh thổ tiếp nhận đầu tư liên quan đến điều kiện tham gia đấu thầu, điều kiện thực hiện dự án đầu tư;

- Tham gia mua bán, sáp nhập công ty, đặt cọc, ký quỹ hoặc các hình thức bảo lãnh tài chính khác, thanh toán chi phí, lệ phí theo yêu cầu của bên bán công ty hoặc theo quy định pháp luật của quốc gia, vùng lãnh thổ tiếp nhận đầu tư;

- Đàm phán hợp đồng;

- Mua hoặc thuê tài sản hỗ trợ cho việc hình thành dự án đầu tư ở nước ngoài.

(4) Việc chuyển tiền, hàng hóa, máy móc, thiết bị ra nước ngoài theo quy định tại khoản 3 Điều 32  Nghị định 103/2026/NĐ-CP  thực hiện theo quy định của pháp luật về ngoại hối, xuất khẩu, hải quan, công nghệ.

(5) Hạn mức chuyển tiền theo quy định tại khoản 3 Điều 32  Nghị định 103/2026/NĐ-CP  không vượt quá 5% tổng vốn đầu tư ra nước ngoài và không quá 300.000 đô la Mỹ được tính vào tổng vốn đầu tư ra nước ngoài, trừ trường hợp Chính phủ có quy định khác.

(6) Việc chuyển vốn bằng máy móc, thiết bị và hàng hóa ra nước ngoài và từ nước ngoài về Việt Nam để thực hiện dự án đầu tư ra nước ngoài phải thực hiện thủ tục hải quan theo quy định của pháp luật hải quan.

(7) Ngân hàng Nhà nước Việt Nam hướng dẫn chi tiết về quản lý ngoại hối đối với việc chuyển tiền ra nước ngoài để thực hiện hoạt động đầu tư theo quy định tại Điều 32  Nghị định 103/2026/NĐ-CP .

Căn cứ theo Điều 38  Nghị định 103/2026/NĐ-CP  quy định trách nhiệm quản lý nhà nước về đầu tư ra nước ngoài như sau:

- Chính phủ thống nhất quản lý nhà nước về đầu tư ra nước ngoài trong phạm vi cả nước.

- Bộ Tài chính chịu trách nhiệm trước Chính phủ thực hiện quản lý nhà nước về đầu tư ra nước ngoài.

- Ngân hàng Nhà nước Việt Nam chịu trách nhiệm trước Chính phủ thực hiện quản lý nhà nước về hoạt động ngoại hối liên quan đến hoạt động đầu tư ra nước ngoài.

- Các bộ, cơ quan ngang bộ, Ủy ban nhân dân tỉnh, thành phố trực thuộc trung ương, cơ quan đại diện Việt Nam ở nước ngoài trong phạm vi nhiệm vụ, quyền hạn của mình có trách nhiệm thực hiện quản lý nhà nước về đầu tư ra nước ngoài trong lĩnh vực được phân công.","dau-tu","","","","2026-04-12T09:50:00","https://thuvienphapluat.vn/hoi-dap-phap-luat/nha-dau-tu-duoc-giu-lai-loi-nhuan-thu-tu-dau-tu-o-nuoc-ngoai-de-tai-dau-tu-trong-truong-hop-nao-tu--138086674.html","2026-04-21T03:48:26.959623+00:00"
"138086676","Hồ sơ chấm dứt hiệu lực Giấy chứng nhận đăng ký đầu tư ra nước ngoài từ 03/4/2026 gồm những gì?","Căn cứ theo khoản 1 Điều 29  Nghị định 103/2026/NĐ-CP  quy định hồ sơ chấm dứt hiệu lực Giấy chứng nhận đăng ký đầu tư ra nước ngoài gồm các tài liệu sau:

- Văn bản đề nghị chấm dứt hiệu lực Giấy chứng nhận đăng ký đầu tư ra nước ngoài (bản chính);

- Tài liệu về tư cách pháp lý của nhà đầu tư (bản sao hợp lệ);

- Báo cáo về tình hình thực hiện dự án đầu tư ra nước ngoài kèm theo báo cáo tài chính hoặc tài liệu có giá trị tương đương của tổ chức kinh tế ở nước ngoài (bản chính);

- Bản gốc các Giấy chứng nhận đăng ký đầu tư ra nước ngoài đã cấp;

- Quyết định chấm dứt dự án đầu tư tại nước ngoài tương ứng với quy định tại Điều 14  Nghị định 103/2026/NĐ-CP  (bản chính);

- Tài liệu chứng minh nhà đầu tư đã hoàn thành việc kết thúc, thanh lý dự án và chuyển toàn bộ tiền, tài sản, các khoản thu từ kết thúc, thanh lý dự án về nước (bản sao hợp lệ).

*Trên đây à thông tin Hồ sơ chấm dứt hiệu lực Giấy chứng nhận đăng ký đầu tư ra nước ngoài từ 03/4/2026 gồm những gì?

Hồ sơ chấm dứt hiệu lực Giấy chứng nhận đăng ký đầu tư ra nước ngoài từ 03/4/2026 gồm những gì? (Hình từ Internet)

Căn cứ theo Điều 16  Nghị định 103/2026/NĐ-CP  quy định nội dung Giấy chứng nhận đăng ký đầu tư ra nước ngoài bao gồm:

- Mã số dự án đầu tư.

- Nhà đầu tư.

- Tên dự án đầu tư, tên tổ chức kinh tế ở nước ngoài (nếu có).

- Mục tiêu dự án, trong đó có mục tiêu chính và mục tiêu khác.

- Địa điểm đầu tư đối với các dự án đầu tư yêu cầu phải có địa điểm đầu tư.

- Hình thức đầu tư, vốn đầu tư, nguồn vốn đầu tư, hình thức vốn đầu tư, tiến độ thực hiện hoạt động đầu tư ra nước ngoài.

- Quyền và nghĩa vụ của nhà đầu tư.

- Ưu đãi và hỗ trợ đầu tư (nếu có).

Căn cứ theo Điều 18  Nghị định 103/2026/NĐ-CP  quy định nhà đầu tư thực hiện thủ tục đăng ký giao dịch ngoại hối theo quy định của pháp luật về quản lý ngoại hối mà không phải thực hiện thủ tục cấp Giấy chứng nhận đăng ký đầu tư ra nước ngoài đối với dự án thuộc một trong các trường hợp sau đây:

- Dự án đầu tư ra nước ngoài có mức vốn đầu tư ra nước ngoài nhỏ hơn 7 tỷ đồng và không thuộc ngành, nghề đầu tư ra nước ngoài có điều kiện theo quy định tại khoản 1 Điều 41  Luật Đầu tư 2025 ,

- Dự án đầu tư ra nước ngoài gắn với quốc phòng, an ninh triển khai theo thỏa thuận giữa Chính phủ Việt Nam và Chính phủ các nước theo quy định tại điểm b khoản 3 Điều 42  Luật Đầu tư 2025 . Thỏa thuận là hiệp định giữa hai Chính phủ hoặc các văn bản thỏa thuận giữa các cơ quan hai nước được Chính phủ phê duyệt.

- Dự án đầu tư ra nước ngoài của các tập đoàn, tổng công ty nhà nước thuộc danh mục các tập đoàn, tổng công ty nhà nước quy định tại Phụ lục I của  Nghị định 366/2025/NĐ-CP  ngày 31 tháng 12 năm 2025 của Chính phủ về quản lý và đầu tư vốn nhà nước tại doanh nghiệp.

- Dự án đầu tư ra nước ngoài không thuộc diện báo cáo Thủ tướng Chính phủ xem xét, chấp thuận theo quy định tại khoản 2 Điều 17  Nghị định 103/2026/NĐ-CP  của các tổ chức kinh tế khác theo quy định tại điểm c, khoản 3 Điều 42  Luật Đầu tư 2025  đáp ứng các điều kiện sau:

+ Doanh nghiệp có quy mô lớn theo quy định tại  Nghị định 90/2025/NĐ-CP  ngày 14 tháng 4 năm 2025 sửa đổi, bổ sung một số điều của  Nghị định 17/2012/NĐ-CP  ngày 13 tháng 3 năm 2012 của chính phủ quy định chi tiết và hướng dẫn thi hành một số điều của  Luật Kiểm toán độc lập 2011 ;

+ Sử dụng nguồn ngoại tệ tự có trong trường hợp chuyển vốn đầu tư bằng ngoại tệ và không sử dụng nguồn vốn vay để đầu tư ra nước ngoài;

+ Hoạt động kinh doanh có lãi trong 2 năm liên tiếp liền kề trước năm đầu tư. Kết quả hoạt động kinh doanh được xác định theo báo cáo tài chính hợp nhất của tổ chức kinh tế;

+ Đã có ít nhất 2 dự án đầu tư ra nước ngoài có lợi nhuận chuyển về nước.

- Đối với các dự án không thuộc diện cấp Giấy chứng nhận đăng ký đầu tư ra nước ngoài, nhà đầu tư kê khai thông tin về dự án đầu tư, bao gồm cả cơ cấu vốn đầu tư (gồm vốn bằng tiền và tài sản) trên Hệ thống thông tin quốc gia về đầu tư để được cấp mã số khai hồ sơ tự động trước khi thực hiện thủ tục đăng ký giao dịch ngoại hối theo quy định của pháp luật về quản lý ngoại hối.

Trường hợp dự án có nội dung thay đổi, nhà đầu tư cập nhật thông tin thay đổi trên Hệ thống thông tin quốc gia về đầu tư.

- Trường hợp nhà đầu tư có nhu cầu cấp Giấy chứng nhận đăng ký đầu tư ra nước ngoài đối với dự án đầu tư quy định tại khoản 1 và khoản 3 Điều 18  Nghị định 103/2026/NĐ-CP , nhà đầu tư thực hiện thủ tục cấp Giấy chứng nhận đăng ký đầu tư ra nước ngoài.

- Trong trường hợp cần thiết, Ngân hàng Nhà nước Việt Nam có thể lấy ý kiến các cơ quan liên quan về hồ sơ đăng ký giao dịch ngoại hối liên quan đến hoạt động đầu tư ra nước ngoài.

Cơ quan được lấy ý kiến có ý kiến trả lời Ngân hàng Nhà nước Việt Nam trong thời hạn 7 ngày làm việc kể từ ngày nhận được văn bản lấy ý kiến.

- Trường hợp dự án có mức vốn đầu tư ra nước ngoài không thuộc diện cấp Giấy chứng nhận đăng ký đầu tư ra nước ngoài khi điều chỉnh tăng vốn đầu tư dẫn đến dự án thuộc diện cấp Giấy chứng nhận đăng ký đầu tư ra nước ngoài thì phải làm thủ tục cấp Giấy chứng nhận đăng ký đầu tư ra nước ngoài theo quy định của  Nghị định 103/2026/NĐ-CP .

- Ngân hàng Nhà nước Việt Nam hướng dẫn chi tiết thủ tục đăng ký giao dịch ngoại hối đối với các dự án theo quy định tại Điều 18  Nghị định 103/2026/NĐ-CP .","dau-tu","","","","2026-04-12T09:20:00","https://thuvienphapluat.vn/hoi-dap-phap-luat/ho-so-cham-dut-hieu-luc-giay-chung-nhan-dang-ky-dau-tu-ra-nuoc-ngoai-tu-0342026-gom-nhung-gi-138086676.html","2026-04-21T03:48:32.120758+00:00"
"138083206","Nhà đầu tư không thực hiện chế độ báo cáo đầu tư ra nước ngoài theo quy định sẽ bị xử lý như thế nào từ 03/4/2026?","Căn cứ theo khoản 5 Điều 35  Nghị định 103/2026/NĐ-CP  quy định trường hợp nhà đầu tư không thực hiện chế độ báo cáo đầu tư ra nước ngoài theo quy định sẽ áp dụng các biện pháp xử lý như sau:

- Bộ Tài chính có văn bản nhắc nhở nếu vi phạm lần đầu;

- Xử phạt vi phạm hành chính theo quy định của pháp luật xử phạt hành chính trong lĩnh vực kế hoạch và đầu tư;

- Công khai các vi phạm trên Hệ thống thông tin quốc gia về đầu tư, Cổng thông tin điện tử của Bộ Tài chính và các phương tiện thông tin đại chúng khác;

- Cơ quan xem xét hồ sơ có quyền yêu cầu nhà đầu tư thực hiện chế độ báo cáo khi xem xét, cấp mới, điều chỉnh Giấy chứng nhận đăng ký đầu tư ra nước ngoài đối với nhà đầu tư không thực hiện đầy đủ chế độ báo cáo. Thời hạn nhà đầu tư thực hiện chế độ báo cáo không được tính vào thời hạn xem xét hồ sơ theo quy định.

*Trên đây là thông tin Nhà đầu tư không thực hiện chế độ báo cáo đầu tư ra nước ngoài theo quy định sẽ bị xử lý như thế nào từ 03/4/2026?

Nhà đầu tư không thực hiện chế độ báo cáo đầu tư ra nước ngoài theo quy định sẽ bị xử lý như thế nào từ 03/4/2026? (Hình từ Internet)

Căn cứ theo khoản 1 Điều 34  Luật Đầu tư 2025  quy định nhà đầu tư có quyền chuyển nhượng toàn bộ hoặc một phần dự án đầu tư cho nhà đầu tư khác khi đáp ứng các điều kiện sau đây:

- Dự án đầu tư hoặc phần dự án đầu tư chuyển nhượng không bị chấm dứt hoạt động theo quy định tại khoản 1 và khoản 2 Điều 36  Luật Đầu tư 2025 ;

- Nhà đầu tư nước ngoài nhận chuyển nhượng dự án đầu tư, một phần dự án đầu tư phải đáp ứng điều kiện quy định tại khoản 2 Điều 21  Luật Đầu tư 2025 ;

- Điều kiện theo quy định của pháp luật về đất đai, nhà ở, kinh doanh bất động sản và quy định khác của pháp luật có liên quan (nếu có);

- Điều kiện quy định tại văn bản chấp thuận chủ trương đầu tư, Giấy chứng nhận đăng ký đầu tư;

- Khi chuyển nhượng dự án đầu tư, ngoài việc thực hiện theo quy định tại Điều 34  Luật Đầu tư 2025 , doanh nghiệp nhà nước có trách nhiệm thực hiện theo quy định của pháp luật về quản lý, sử dụng vốn nhà nước đầu tư vào sản xuất, kinh doanh tại doanh nghiệp trước khi thực hiện việc điều chỉnh dự án đầu tư.

Căn cứ theo khoản 3 Điều 48  Luật Đầu tư 2025  quy định chế độ báo cáo của nhà đầu tư có hoạt động đầu tư ở nước ngoài được thực hiện như sau:

- Trong thời hạn 60 ngày kể từ ngày dự án đầu tư được chấp thuận hoặc cấp phép theo quy định của pháp luật nước tiếp nhận đầu tư, nhà đầu tư phải gửi thông báo bằng văn bản về việc thực hiện hoạt động đầu tư ở nước ngoài kèm theo bản sao văn bản chấp thuận dự án đầu tư hoặc tài liệu chứng minh quyền hoạt động đầu tư tại nước tiếp nhận đầu tư cho Bộ Tài chính, Ngân hàng Nhà nước Việt Nam, Cơ quan đại diện Việt Nam tại nước tiếp nhận đầu tư;

- Định kỳ 06 tháng, hằng năm, nhà đầu tư gửi báo cáo tình hình hoạt động của dự án đầu tư cho Bộ Tài chính, Ngân hàng Nhà nước Việt Nam, Cơ quan đại diện Việt Nam tại nước tiếp nhận đầu tư;

- Trong thời hạn 06 tháng kể từ ngày có báo cáo quyết toán thuế hoặc văn bản có giá trị pháp lý tương đương theo quy định của pháp luật nước tiếp nhận đầu tư, nhà đầu tư báo cáo tình hình hoạt động của dự án đầu tư kèm theo báo cáo tài chính, báo cáo quyết toán thuế hoặc văn bản có giá trị pháp lý tương đương theo quy định của pháp luật nước tiếp nhận đầu tư gửi Bộ Tài chính, Ngân hàng Nhà nước Việt Nam, Cơ quan đại diện Việt Nam tại nước tiếp nhận đầu tư và cơ quan quản lý nhà nước có thẩm quyền theo quy định của  Luật Đầu tư 2025  và quy định khác của pháp luật có liên quan;

- Đối với dự án đầu tư ra nước ngoài có sử dụng vốn nhà nước, ngoài việc thực hiện chế độ báo cáo quy định tại các điểm a, b và c khoản 3 Điều 48  Luật Đầu tư 2025 , nhà đầu tư phải thực hiện chế độ báo cáo đầu tư theo quy định của pháp luật về quản lý và đầu tư vốn nhà nước tại doanh nghiệp.","dau-tu","","","","2026-04-12T08:45:00","https://thuvienphapluat.vn/hoi-dap-phap-luat/nha-dau-tu-khong-thuc-hien-che-do-bao-cao-dau-tu-ra-nuoc-ngoai-theo-quy-dinh-se-bi-xu-ly-nhu-the-na-138083206.html","2026-04-21T03:48:36.490066+00:00"
"138086358","Quy định về chuyển vốn đầu tư ra nước ngoài từ 03/04/2026 như thế nào?","Căn cứ theo Điều 32  Nghị định 103/2026/NĐ-CP  quy định về chuyển vốn đầu tư ra nước ngoài như sau:

(1) Nhà đầu tư được chuyển vốn đầu tư ra nước ngoài để thực hiện hoạt động đầu tư khi đáp ứng các điều kiện sau đây:

- Đã được cấp Giấy chứng nhận đăng ký đầu tư ra nước ngoài đối với các dự án thuộc diện cấp Giấy chứng nhận đăng ký đầu tư ra nước ngoài;

- Hoạt động đầu tư đã được cơ quan có thẩm quyền của nước tiếp nhận đầu tư chấp thuận hoặc cấp phép (nếu có).

Trường hợp pháp luật của nước tiếp nhận đầu tư không quy định về việc cấp phép đầu tư hoặc chấp thuận đầu tư hoặc chỉ cấp phép sau khi nhà đầu tư đã thực hiện cam kết chuyển vốn đầu tư, nhà đầu tư phải cung cấp tài liệu chứng minh quyền hoạt động đầu tư tại nước tiếp nhận đầu tư;

- Có tài khoản vốn đầu tư ra nước ngoài theo quy định tại Điều 31  Nghị định 103/2026/NĐ-CP .

(2) Việc chuyển vốn đầu tư ra nước ngoài phải tuân thủ quy định của pháp luật về quản lý ngoại hối, xuất khẩu, chuyển giao công nghệ và quy định khác của pháp luật có liên quan.

(3) Nhà đầu tư được chuyển tiền, hàng hóa, máy móc, thiết bị ra nước ngoài trước khi được cấp Giấy chứng nhận đăng ký đầu tư ra nước ngoài hoặc xác nhận đăng ký giao dịch ngoại hối (đối với dự án không phải thực hiện thủ tục cấp Giấy chứng nhận đăng ký đầu tư ra nước ngoài) liên quan đến hoạt động đầu tư ra nước ngoài để đáp ứng các chi phí cho hoạt động hình thành dự án đầu tư, bao gồm:

- Nghiên cứu thị trường và cơ hội đầu tư;

- Khảo sát thực địa;

- Nghiên cứu tài liệu;

- Thu thập và mua tài liệu, thông tin có liên quan đến lựa chọn dự án đầu tư;

- Tổng hợp, đánh giá, thẩm định, kể cả việc lựa chọn và thuê chuyên gia tư vấn để đánh giá, thẩm định dự án đầu tư;

- Tổ chức hội thảo, hội nghị khoa học;

- Thành lập và hoạt động của văn phòng liên lạc ở nước ngoài liên quan đến việc hình thành dự án đầu tư;

- Tham gia đấu thầu quốc tế, đặt cọc, ký quỹ hoặc các hình thức bảo lãnh tài chính khác, thanh toán chi phí, lệ phí theo yêu cầu của bên mời thầu, quốc gia, vùng lãnh thổ tiếp nhận đầu tư liên quan đến điều kiện tham gia đấu thầu, điều kiện thực hiện dự án đầu tư;

- Tham gia mua bán, sáp nhập công ty, đặt cọc, ký quỹ hoặc các hình thức bảo lãnh tài chính khác, thanh toán chi phí, lệ phí theo yêu cầu của bên bán công ty hoặc theo quy định pháp luật của quốc gia, vùng lãnh thổ tiếp nhận đầu tư;

- Đàm phán hợp đồng;

- Mua hoặc thuê tài sản hỗ trợ cho việc hình thành dự án đầu tư ở nước ngoài.

(4) Việc chuyển tiền, hàng hóa, máy móc, thiết bị ra nước ngoài theo quy định tại khoản 3 Điều 32  Nghị định 103/2026/NĐ-CP  thực hiện theo quy định của pháp luật về ngoại hối, xuất khẩu, hải quan, công nghệ.

(5) Hạn mức chuyển tiền theo quy định tại khoản 3 Điều 32  Nghị định 103/2026/NĐ-CP  không vượt quá 5% tổng vốn đầu tư ra nước ngoài và không quá 300.000 đô la Mỹ được tính vào tổng vốn đầu tư ra nước ngoài, trừ trường hợp Chính phủ có quy định khác.

(6) Việc chuyển vốn bằng máy móc, thiết bị và hàng hóa ra nước ngoài và từ nước ngoài về Việt Nam để thực hiện dự án đầu tư ra nước ngoài phải thực hiện thủ tục hải quan theo quy định của pháp luật hải quan.

(7) Ngân hàng Nhà nước Việt Nam hướng dẫn chi tiết về quản lý ngoại hối đối với việc chuyển tiền ra nước ngoài để thực hiện hoạt động đầu tư theo quy định tại Điều 32  Nghị định 103/2026/NĐ-CP .

*Trên đây là thông tin Quy định về chuyển vốn đầu tư ra nước ngoài từ 03/04/2026 như thế nào?

Quy định về chuyển vốn đầu tư ra nước ngoài từ 03/04/2026 như thế nào? (Hình từ Internet)

Căn cứ theo khoản 1 Điều 28  Nghị định 103/2026/NĐ-CP  quy định dự án đầu tư ra nước ngoài chấm dứt hoạt động trong các trường hợp sau đây:

- Nhà đầu tư quyết định chấm dứt hoạt động của dự án đầu tư;

- Hết thời hạn hoạt động của dự án đầu tư theo quy định của pháp luật nước tiếp nhận đầu tư;

- Theo các điều kiện chấm dứt hoạt động được quy định trong hợp đồng, điều lệ doanh nghiệp;

- Nhà đầu tư chuyển nhượng toàn bộ vốn đầu tư ở nước ngoài cho nhà đầu tư nước ngoài;

- Quá thời hạn 24 tháng kể từ ngày được cấp Giấy chứng nhận đăng ký đầu tư ra nước ngoài hoặc cấp xác nhận đăng ký giao dịch ngoại hối liên quan đến hoạt động đầu tư ra nước ngoài mà nhà đầu tư không thực hiện hoặc không có khả năng thực hiện dự án đầu tư theo tiến độ đăng ký với cơ quan quản lý nhà nước và không thực hiện thủ tục điều chỉnh tiến độ thực hiện dự án đầu tư;

- Tổ chức kinh tế ở nước ngoài bị giải thể hoặc phá sản theo quy định của pháp luật nước tiếp nhận đầu tư;

- Theo bản án, quyết định của Tòa án, phán quyết trọng tài.

Căn cứ theo Điều 27  Nghị định 103/2026/NĐ-CP  quy định trình tự cập nhật thông tin dự án đầu tư ra nước ngoài như sau:

(1) Trong vòng 01 tháng kể từ thời điểm dự án đầu tư ra nước ngoài có nội dung thay đổi mà không thuộc diện phải điều chỉnh Giấy chứng nhận đăng ký đầu tư ra nước ngoài hoặc dự án không thuộc diện cấp Giấy chứng nhận đăng ký đầu tư ra nước ngoài, nhà đầu tư phải cập nhật các nội dung thay đổi trên Hệ thống thông tin quốc gia về đầu tư.

Trường hợp Hệ thống thông tin quốc gia về đầu tư bị lỗi, không thể cập nhật được thông tin thay đổi, nếu có nhu cầu, nhà đầu tư gửi văn bản đề nghị xác nhận thông tin thay đổi, kèm theo các tài liệu liên quan cho Cục Đầu tư nước ngoài, Bộ Tài chính để được xác nhận các nội dung thay đổi.

Văn bản xác nhận nội dung thay đổi được gửi cho nhà đầu tư trong thời hạn 03 ngày làm việc kể từ ngày nhận được văn bản đề nghị của nhà đầu tư.

(2) Đối với các nội dung ghi trên Giấy chứng nhận đăng ký đầu tư ra nước ngoài đã được nhà đầu tư cập nhật, thay đổi theo quy định tại khoản 1 Điều 27  Nghị định 103/2026/NĐ-CP , Bộ Tài chính ghi nhận các nội dung đó vào Giấy chứng nhận đăng ký đầu tư ra nước ngoài điều chỉnh khi nhà đầu tư thực hiện thủ tục điều chỉnh Giấy chứng nhận đăng ký đầu tư ra nước ngoài.","dau-tu","","","","2026-04-11T12:00:00","https://thuvienphapluat.vn/hoi-dap-phap-luat/quy-dinh-ve-chuyen-von-dau-tu-ra-nuoc-ngoai-tu-03042026-nhu-the-nao-138086358.html","2026-04-21T03:48:40.513091+00:00"
"138086664","Khi tính thời gian giải quyết thủ tục đầu tư ra nước ngoài có những khoảng thời gian nào của nhà đầu tư không được tính vào?","Căn cứ khoản 4 Điều 6  Nghị định 103/2026/NĐ-CP  quy định về vốn đầu tư ra nước ngoài như sau:

Điều 6. Vốn đầu tư ra nước ngoài

[…]

4. Nhà đầu tư Việt Nam được dùng cổ phần, phần vốn góp, lợi nhuận của tổ chức kinh tế ở nước ngoài hoặc dự án đầu tư của nhà đầu tư đó tại Việt Nam để thanh toán hoặc hoán đổi cho việc mua cổ phần, phần vốn góp hoặc dự án đầu tư của tổ chức kinh tế ở nước ngoài theo quy định của pháp luật. Việc thực hiện giao dịch quy định tại khoản này phải bảo đảm các nguyên tắc sau:

a) Nhà đầu tư Việt Nam phải thực hiện thủ tục đầu tư ra nước ngoài theo quy định của pháp luật trước khi thực hiện giao dịch hoán đổi;

b) Giao dịch hoán đổi phải có tài liệu xác định giá trị giao dịch theo nguyên tắc thị trường, bảo đảm tuân thủ quy định của pháp luật về thuế, phòng, chống rửa tiền, tài trợ khủng bố, chống chuyển giá và các quy định khác của pháp luật có liên quan;

c) Trường hợp giao dịch hoán đổi làm phát sinh việc nhà đầu tư nước ngoài nhận chuyển nhượng cổ phần, phần vốn góp hoặc dự án đầu tư tại Việt Nam thì nhà đầu tư nước ngoài phải thực hiện thủ tục đầu tư tại Việt Nam theo quy định của pháp luật về đầu tư, doanh nghiệp và pháp luật có liên quan;

d) Việc thực hiện giao dịch hoán đổi phải tuân thủ quy định của pháp luật về đầu tư, doanh nghiệp, cạnh tranh, ngân hàng và pháp luật có liên quan; không được làm phát sinh quan hệ sở hữu, kiểm soát trái quy định của pháp luật hoặc bị lợi dụng để thực hiện hành vi chuyển giá, trốn thuế, rửa tiền và các hành vi vi phạm pháp luật khác.

Theo đó việc thực hiện giao dịch hoán đổi không được làm phát sinh quan hệ sở hữu, kiểm soát trái pháp luật hoặc bị lợi dụng để thực hiện các hành vi như chuyển giá, trốn thuế, rửa tiền và các vi phạm pháp luật khác.

Khi tính thời gian giải quyết thủ tục đầu tư ra nước ngoài có những khoảng thời gian nào của nhà đầu tư không được tính vào? (Hình từ Internet)

Căn cứ Khoản 1 Điều 7  Nghị định 103/2026/NĐ-CP  quy định về việc tiếp nhận hồ sơ và giải quyết các thủ tục liên quan đến hoạt động đầu tư ra nước ngoài của nhà đầu tư như sau:

Điều 7. Tiếp nhận hồ sơ và giải quyết thủ tục liên quan đến hoạt động đầu tư ra nước ngoài

1. Việc tiếp nhận hồ sơ và giải quyết các thủ tục liên quan đến hoạt động đầu tư ra nước ngoài của nhà đầu tư được thực hiện như sau:

a) Nhà đầu tư chịu trách nhiệm trước pháp luật về tính hợp pháp, chính xác, trung thực của nội dung hồ sơ và các văn bản gửi cơ quan nhà nước có thẩm quyền;

b) Cơ quan tiếp nhận hồ sơ có trách nhiệm kiểm tra tính hợp lệ của hồ sơ, không được yêu cầu nhà đầu tư nộp thêm giấy tờ khác ngoài các giấy tờ trong hồ sơ theo quy định tại Luật Đầu tư và Nghị định này;

c) Trường hợp có yêu cầu sửa đổi, bổ sung hồ sơ, cơ quan tiếp nhận hồ sơ thông báo bằng văn bản cho nhà đầu tư về toàn bộ nội dung cần phải sửa đổi, bổ sung đối với hồ sơ. Thông báo phải nêu rõ căn cứ, nội dung yêu cầu sửa đổi, bổ sung hồ sơ. Nhà đầu tư có trách nhiệm sửa đổi, bổ sung hồ sơ trong thời hạn tối đa 2 tháng kể từ ngày nhận được văn bản yêu cầu bổ sung hồ sơ. Trường hợp nhà đầu tư không sửa đổi, bổ sung hồ sơ trong thời hạn nêu trên và không có văn bản xin gia hạn thời hạn bổ sung hồ sơ, cơ quan thực hiện thủ tục đầu tư, thủ tục ngoại hối xem xét dừng giải quyết hồ sơ và thông báo bằng văn bản cho nhà đầu tư;

d) Thời gian sửa đổi, bổ sung hồ sơ hoặc giải trình của nhà đầu tư về nội dung có liên quan trong hồ sơ và thời gian xử lý vi phạm hành chính trong lĩnh vực đầu tư (nếu có) không được tính vào thời gian giải quyết thủ tục theo quy định của Luật Đầu tư và Nghị định này;

đ) Trường hợp từ chối cấp, điều chỉnh Giấy chứng nhận đăng ký đầu tư ra nước ngoài và các văn bản hành chính khác theo quy định tại Luật Đầu tư và Nghị định này, Bộ Tài chính có trách nhiệm thông báo bằng văn bản cho nhà đầu tư và nêu rõ lý do.

[…]

Theo đó thời gian sửa đổi, bổ sung hồ sơ hoặc giải trình của nhà đầu tư về nội dung có liên quan trong hồ sơ và thời gian xử lý vi phạm hành chính trong lĩnh vực đầu tư (nếu có) không được tính vào thời gian giải quyết thủ tục theo quy định của  Luật Đầu tư 2025  và  Nghị định 103/2026/NĐ-CP .

Căn cứ Điều 5  Nghị định 103/2026/NĐ-CP  quy định nhà đầu tư thực hiện hoạt động đầu tư ra nước ngoài như sau:

Điều 5. Nhà đầu tư thực hiện hoạt động đầu tư ra nước ngoài

1. Doanh nghiệp thành lập và hoạt động theo quy định của Luật Doanh nghiệp và Luật Đầu tư.

2. Hợp tác xã, liên hiệp hợp tác xã thành lập và hoạt động theo quy định của Luật Hợp tác xã.

3. Tổ chức tín dụng thành lập và hoạt động theo quy định của Luật Các tổ chức tín dụng.

4. Hộ kinh doanh đăng ký theo quy định của pháp luật Việt Nam.

5. Cá nhân mang quốc tịch Việt Nam, trừ trường hợp quy định tại khoản 2 Điều 17 của Luật Doanh nghiệp.

6. Các tổ chức khác thực hiện đầu tư kinh doanh theo quy định của pháp luật Việt Nam

Theo đó hợp tác xã cũng được xem là nhà đầu tư thực hiện hoạt động đầu tư ra nước ngoài.","dau-tu","","","","2026-04-09T21:45:00","https://thuvienphapluat.vn/hoi-dap-phap-luat/khi-tinh-thoi-gian-giai-quyet-thu-tuc-dau-tu-ra-nuoc-ngoai-co-nhung-khoang-thoi-gian-nao-cua-nha-da-138086664.html","2026-04-21T03:48:45.290979+00:00"
"138086507","Toàn văn Nghị định 119/2026/NĐ-CP sửa đổi Nghị định 242 về quản lý và sử dụng vốn ODA và vốn vay ưu đãi nước ngoài ra sao?","Ngày 03/04/2026, Chính phủ đã ban hành Nghị định 119/2026/NĐ-CP sửa đổi  Nghị định 242/2025/NĐ-CP  về quản lý và sử dụng vốn hỗ trợ phát triển chính thức (ODA) và vốn vay ưu đãi nước ngoài.

Tải về  Nghị định 119/2026/NĐ-CP

Trong đó, khoản 1 Điều 1 Nghị định 119/2026/NĐ-CP sửa đổi, bổ sung một số khoản của Điều 3  Nghị định 242/2025/NĐ-CP  như sau:

(1) Sửa đổi, bổ sung khoản 7 như sau:

“7. Cơ quan chủ quản chương trình, dự án, phí dự án sử dụng vốn ODA, vốn vay ưu đãi nước ngoài (sau đây gọi là “Cơ quan chủ quản”) là cơ quản trung ương của tổ chức chính trị và cơ quan trực thuộc; Viện kiểm sát nhân dân tối cao; Tòa án nhân dân tối cao; cơ quan của Quốc hội; Văn phòng Quốc hội; Kiểm toán Nhà nước; Văn phòng Chủ tịch nước; bộ, cơ quan ngang bộ, cơ quan thuộc Chính phủ, Ủy ban nhân dân cấp tỉnh, thành phố trực thuộc trung ương (sau đây gọi chung là “Ủy ban nhân dân cấp tỉnh""); cơ quan trung ương của Mặt trận Tổ quốc Việt Nam, cơ quan trung ương của các Hội quần chúng được Đảng và Nhà nước giao nhiệm vụ ở trung ương; doanh nghiệp nhà nước.

Đối với dự án hỗ trợ kỹ thuật, phí dự án sử dụng vốn ODA không hoàn lại của doanh nghiệp nhà nước, công ty do doanh nghiệp do nhà nước nắm giữ 100% vốn điều lệ nắm giữ 100% vốn điều lệ (sau đây gọi là công ty con), cơ quan chủ quản là doanh nghiệp nhà nước, công ty con."";

(2) Sửa đổi, bổ sung khoán 10 như sau:

“10. Dự án là tập hợp các đề xuất có liên quan đến nhau nhằm đạt được một hoặc một số mục tiêu nhất định, được thực hiện trên địa bàn cụ thể, trong khoảng thời gian xác định và dựa trên những nguồn lực xác định.

Dự án hỗ trợ kỹ thuật là dự án có mục tiêu hỗ trợ công tác nghiên cứu chính sách, thể chế, chuyên môn, nghiệp vụ, tăng cường năng lực thông qua các hoạt động như cung cấp chuyên gia trong nước và quốc tế, đào tạo, tư liệu và tài liệu, tham quan khảo sát, hội thảo trong và ngoài nước, hỗ trợ một số trang thiết bị, xây dựng mô hình trình diễn, chuẩn bị, hỗ trợ thực hiện dự án đầu tư.

Dự án hỗ trợ kỹ thuật bao gồm dự án hỗ trợ kỹ thuật độc lập, dự án hỗ trợ kỹ thuật để chuẩn bị dự án đầu tư, dự án hỗ trợ kỹ thuật để hỗ trợ thực hiện dự án đầu tư.”;

[...]

Xem thêm chi tiết Toàn văn Nghị định 119 2026 NĐ CP sửa đổi Nghị định 242 về quản lý và sử dụng vốn ODA và vốn vay ưu đãi nước ngoài

Tải về

*Trên đây là thông tin Toàn văn Nghị định 119 2026 NĐ CP sửa đổi Nghị định 242 về quản lý và sử dụng vốn ODA và vốn vay ưu đãi nước ngoài ra sao?

Toàn văn Nghị định 119/2026/NĐ-CP sửa đổi Nghị định 242 về quản lý và sử dụng vốn ODA và vốn vay ưu đãi nước ngoài ra sao? (Hình từ Internet)

Căn cứ theo Điều 4  Nghị định 242/2025/NĐ-CP  quy định như sau:

Điều 4. Các phương thức cung cấp vốn ODA, vốn vay ưu đãi

Các phương thức cung cấp vốn ODA, vốn vay ưu đãi gồm:

1. Chương trình.

2. Dự án.

3. Phi dự án.

4. Hỗ trợ ngân sách.

Theo đó, các phương thức cung cấp vốn ODA, vốn vay ưu đãi hiện nay gồm:

- Chương trình.

- Dự án.

- Phi dự án.

- Hỗ trợ ngân sách.

Căn cứ theo khoản 1 Điều 6  Nghị định 242/2025/NĐ-CP  quy định nội dung quản lý nhà nước về vốn ODA, vốn vay ưu đãi bao gồm:

- Xây dựng, ban hành và tổ chức thực hiện văn bản quy phạm pháp luật về quản lý và sử dụng vốn ODA, vốn vay ưu đãi;

- Xây dựng và tổ chức thực hiện định hướng thu hút, quản lý và sử dụng vốn ODA, vốn vay ưu đãi cho từng thời kỳ để hỗ trợ thực hiện kế hoạch phát triển kinh tế - xã hội 5 năm; các giải pháp, chính sách quản lý và sử dụng hiệu quả các nguồn vốn này;

- Theo dõi, cung cấp thông tin về quản lý và sử dụng vốn ODA, vốn vay ưu đãi;

- Giám sát, đánh giá, kiểm tra tình hình, kết quả quản lý, sử dụng vốn ODA, vốn vay ưu đãi theo quy định của pháp luật.","dau-tu","","","","2026-04-09T16:48:00","https://thuvienphapluat.vn/hoi-dap-phap-luat/toan-van-nghi-dinh-1192026ndcp-sua-doi-nghi-dinh-242-ve-quan-ly-va-su-dung-von-oda-va-von-vay-uu-da-138086507.html","2026-04-21T03:48:49.236303+00:00"
