"id","title","content","category","doc_type","doc_number","agency","published_date","url","crawled_at"
"138091452","Hiệu lực Thông tư 08/2026/TT-BNV về hợp đồng lao động điện tử áp dụng từ khi nào?","Hiệu lực Thông tư 08/2026/TT-BNV về hợp đồng lao động điện tử áp dụng từ khi nào?

Quy định về sử dụng tài khoản trên Nền tảng hợp đồng lao động điện tử ra sao?

Quyền và trách nhiệm của tổ chức, cá nhân trong quản lý, vận hành, khai thác, sử dụng các chức năng, dịch vụ trên Nền tảng hợp đồng lao động điện tử là gì?

Hiệu lực Thông tư 08/2026/TT-BNV về hợp đồng lao động điện tử áp dụng từ ngày 01/7/2026.

Căn cứ Điều 23 Thông tư 08/2026/TT-BNV quy định như sau:

Như vậy, Thông tư 08 2026 TT BNV có hiệu lực thi hành kể từ ngày 01/7/2026.

Ngoài ra, theo Điều 24 Thông tư 08/2026/TT-BNV quy định điều khoản chuyển tiếp:

- Kể từ ngày 01 tháng 7 năm 2026, hợp đồng lao động điện tử sau khi giao kết phải được gửi về Nền tảng hợp đồng lao động điện tử để thực hiện cấp ID theo quy định tại Thông tư này.

- Trường hợp Nhà cung cấp eContract bảo đảm các điều kiện quy định tại khoản 3 Điều 6 Nghị định số 337/2025/NĐ-CP đã gửi hồ sơ đề nghị kết nối tới Bộ Nội vụ theo quy định tại khoản 1 Điều 9 Thông tư này nhưng tới thời điểm ngày 01 tháng 7 năm 2026 chưa hoàn thành việc kết nối eContract với Nền tảng hợp đồng lao động điện tử thì:

+ Được tiếp tục cung cấp dịch vụ giao kết hợp đồng lao động điện tử trong thời gian chờ kết nối với Nền tảng hợp đồng lao động điện tử. Chậm nhất là ngày 20 tháng 7 năm 2026, Nhà cung cấp eContract phải hoàn thành việc kết nối eContract với Nền tảng hợp đồng lao động điện tử.

+ Hợp đồng lao động điện tử được giao kết bởi các eContract trong thời gian chờ kết nối với Nền tảng hợp đồng lao động điện tử có giá trị pháp lý theo quy định của pháp luật và được gửi về Nền tảng hợp đồng lao động điện tử để cấp ID ngay sau khi Nhà cung cấp eContract hoàn thành việc kết nối eContract với Nền tảng hợp đồng lao động điện tử.

+ Việc cấp ID đối với hợp đồng lao động điện tử trong trường hợp quy định tại điểm b khoản này thực hiện như đối với hợp đồng lao động điện tử giao kết trước ngày 01 tháng 7 năm 2026 theo quy định tại Thông tư 08/2026/TT-BNV.

Hiệu lực Thông tư 08 2026 TT BNV về hợp đồng lao động điện tử áp dụng từ khi nào? (Hình từ Internet)

Theo Điều 16 Thông tư 08/2026/TT-BNV quy định về sử dụng tài khoản trên Nền tảng hợp đồng lao động điện tử như sau:

- Tài khoản của các đơn vị thuộc Bộ Nội vụ, Tổng Liên đoàn Lao động Việt Nam, Sở Nội vụ, Ban quản lý khu công nghiệp, khu kinh tế, khu chế xuất do Bộ Nội vụ cấp là tài khoản quản trị của Nền tảng hợp đồng lao động điện tử. Các đơn vị này được sử dụng tài khoản quản trị để trao quyền cho công chức, viên chức, người lao động của mình khai thác, xử lý nghiệp vụ trên các hợp phần của Nền tảng hợp đồng lao động điện tử;

Chịu trách nhiệm quản lý tài khoản quản trị và các tài khoản do đơn vị trao quyền đảm bảo an ninh mạng của Nền tảng hợp đồng lao động điện tử; thu hồi tài khoản trong trường hợp công chức, viên chức, người lao động chuyển công tác hoặc không tiếp tục tham gia thực hiện quản trị, xử lý nghiệp vụ trên Nền tảng hợp đồng lao động điện tử hoặc vi phạm quy định pháp luật về quản lý, khai thác, sử dụng Nền tảng hợp đồng lao động điện tử.

- Người sử dụng lao động được sử dụng tài khoản để khai thác, chia sẻ các thông tin về hợp đồng lao động điện tử của mình trên Nền tảng hợp đồng lao động điện tử; thực hiện các báo cáo về lao động theo quy định của pháp luật lao động thông qua Nền tảng hợp đồng lao động điện tử; khai thác một số chức năng, dịch vụ được Nền tảng hợp đồng lao động điện tử cho phép.

- Người lao động được sử dụng tài khoản để khai thác, chia sẻ các thông tin về hợp đồng lao động điện tử của mình trên Nền tảng hợp đồng lao động điện tử và khai thác một số chức năng, dịch vụ được Nền tảng hợp đồng lao động điện tử cho phép.

- Công chức, viên chức, người lao động của Bộ Nội vụ, Tổng Liên đoàn Lao động Việt Nam, Sở Nội vụ, Ban quản lý khu công nghiệp, khu kinh tế, khu chế xuất được Bộ Nội vụ cấp tài khoản sử dụng tài khoản để thực hiện khai thác, xử lý nghiệp vụ trên các hợp phần của Nền tảng hợp đồng lao động điện tử theo phạm vi quyền hạn được giao.

Theo Điều 22 Thông tư 08/2026/TT-BNV quy định quyền và trách nhiệm của tổ chức, cá nhân trong quản lý, vận hành, khai thác, sử dụng các chức năng, dịch vụ trên Nền tảng hợp đồng lao động điện tử như sau:

(1). Khai thác, sử dụng chức năng, dịch vụ cung cấp trên Nền tảng hợp đồng lao động điện tử phù hợp với mức độ an toàn theo hình thức xác thực khi đăng nhập.

(2). Chịu trách nhiệm trước pháp luật về những thông tin kê khai, đăng ký tài khoản trên Nền tảng hợp đồng lao động điện tử, chỉ sử dụng Nền tảng hợp đồng lao động điện tử cho các mục đích hợp pháp và phải chịu trách nhiệm về mọi hoạt động được thực hiện bằng tài khoản của mình.

(3). Quản lý tài khoản, giữ bí mật thông tin tài khoản, mật khẩu của mình. Trường hợp phát hiện mật khẩu bị mất hoặc bị đánh cắp hoặc phát hiện có người sử dụng trái phép tài khoản của mình phải thông báo ngay cho đơn vị quản lý, vận hành Nền tảng hợp đồng lao động điện tử.

(4). Chịu trách nhiệm đối với tất cả các nội dung do mình gửi, đăng ký, cung cấp khi sử dụng các chức năng, dữ liệu, dịch vụ trên Nền tảng hợp đồng lao động điện tử và phải có trách nhiệm đối với các bên liên quan khác trước pháp luật.

(5). Theo yêu cầu của tổ chức, cá nhân, Bộ Nội vụ xem xét cung cấp các dữ liệu trên Nền tảng hợp đồng lao động điện tử theo quy định của pháp luật về cung cấp thông tin, bảo vệ dữ liệu cá nhân, bảo mật thông tin.

(6). Bộ Nội vụ là cơ quan chủ quản của Nền tảng hợp đồng lao động điện tử, có trách nhiệm: quản lý, vận hành Nền tảng hợp đồng lao động điện tử; ban hành quy chế hoạt động, các tài liệu hướng dẫn việc truy cập, kết nối, khai thác, sử dụng Nền tảng hợp đồng lao động điện tử; phân công đơn vị chủ trì thực hiện quản lý, vận hành Nền tảng hợp đồng lao động điện tử, quản trị dữ liệu trên Nền tảng hợp đồng lao động điện tử.

Điều 23. Hiệu lực thi hành

1. Thông tư này có hiệu lực thi hành kể từ ngày 01 tháng 7 năm 2026.

2. Trường hợp các văn bản quy phạm pháp luật viện dẫn trong Thông tư này được sửa đổi, bổ sung hoặc thay thế thì thực hiện theo văn bản quy phạm pháp luật đã được sửa đổi, bổ sung hoặc thay thế.","giao-thong-van-tai","","","","2026-05-21T00:00:00","https://thuvienphapluat.vn/hoi-dap-phap-luat/hieu-luc-thong-tu-082026ttbnv-ve-hop-dong-lao-dong-dien-tu-ap-dung-tu-khi-nao-138091452.html","2026-05-21T19:44:22.869033+00:00"
"138091398","Sẽ tích hợp vé ô tô, đường sắt trên VNeID trong quý 4/2026 theo Thông báo 246 đúng không?","Sẽ tích hợp vé ô tô đường sắt trên VNeID trong quý 4/2026 theo Thông báo 246 đúng không?

Đơn vị kinh doanh vận tải hành khách bằng xe ô tô thực hiện trách nhiệm gì?

Đơn vị kinh doanh vận tải hành khách bằng xe ô tô có quyền và nghĩa vụ nào?

Căn cứ theo tiết 3 Tiểu mục 3 Mục 2 Thông báo 246/TB-VPCP năm 2026 có hướng dẫn như sau:

Như vậy, Ban Chỉ đạo của Chính phủ yêu cầu Bộ Xây dựng chủ trì, phối hợp với Bộ Công an tích hợp vé ô tô, đường sắt, đường thủy lên ứng dụng VNeID.

Thời gian hoàn thành trong Quý IV năm 2026.

Xem thêm:

Từ 1/7/2026, sẽ được gửi yêu cầu thi hành án dân sự trên VNeID và Cổng Dịch vụ công quốc gia đúng không?

Từ 15/5/2026 Học bạ, bằng cấp được tích hợp trên VNeID đúng không?

Sẽ tích hợp vé ô tô đường sắt trên VNeID trong quý 4/2026 theo Thông báo 246 đúng không? (Hình từ Internet)

Căn cứ theo khoản 1 Điều 57 Luật Đường bộ 2024, đơn vị kinh doanh vận tải hành khách bằng xe ô tô thực hiện các trách nhiệm sau:

- Thực hiện điều hành phương tiện và lái xe hoặc quyết định giá cước để vận tải hành khách;

- Tổ chức khám sức khỏe cho người lái xe kinh doanh vận tải hành khách bằng xe ô tô và sử dụng người lái xe bảo đảm đủ sức khỏe theo quy định của pháp luật;

- Công bố tiêu chuẩn chất lượng dịch vụ vận tải;

- Ứng dụng công nghệ thông tin để quản lý điều hành và cung cấp dữ liệu về hoạt động vận tải theo quy định của pháp luật;

- Chịu trách nhiệm hoặc liên đới chịu trách nhiệm về hậu quả mà người lao động, người đại diện của đơn vị kinh doanh vận tải hành khách bằng xe ô tô gây ra do thực hiện yêu cầu của đơn vị kinh doanh vận tải hành khách bằng xe ô tô trái quy định của pháp luật;

- Chịu trách nhiệm hoặc liên đới chịu trách nhiệm về hành vi vi phạm của người lao động, người đại diện của đơn vị kinh doanh vận tải hành khách bằng xe ô tô gây ra theo quy định của pháp luật.

Căn cứ theo Điều 58 Luật Đường bộ 2024, đơn vị kinh doanh vận tải hành khách bằng xe ô tô có các quyền sau:

- Thu tiền vận tải;

- Từ chối vận tải hành khách có hành vi gây rối trật tự công cộng trên xe ô tô, cản trở hoạt động của đơn vị kinh doanh vận tải hành khách bằng xe ô tô, ảnh hưởng đến tính mạng, sức khỏe, tài sản của người khác, gian lận vé;

- Quyết định các chính sách ưu đãi để phục vụ khách hàng và mở rộng thị trường kinh doanh.

Bên cạnh đó, đơn vị kinh doanh vận tải hành khách bằng xe ô tô có các nghĩa vụ sau:

+ Chấp hành và thực hiện đầy đủ quy định về kinh doanh, điều kiện kinh doanh vận tải bằng xe ô tô, cam kết về chất lượng vận tải, hợp đồng vận tải;

+ Mua bảo hiểm cho hành khách; phí bảo hiểm được tính vào giá vé, giá trị hợp đồng vận tải;

+ Thực hiện kê khai giá theo quy định của pháp luật về giá; cung cấp vé, chứng từ thu tiền vận tải;

+ Bồi thường thiệt hại do người lao động, người đại diện của đơn vị kinh doanh vận tải hành khách bằng xe ô tô gây ra trong quá trình vận tải theo quy định của pháp luật;

+ Thực hiện việc miễn giảm giá vé đối với người cao tuổi, người khuyết tật và các đối tượng chính sách khác theo quy định của pháp luật;

+ Không được để tổ chức, cá nhân không có giấy phép kinh doanh vận tải bằng xe ô tô loại hình vận tải hành khách thực hiện điều hành phương tiện và lái xe hoặc quyết định giá cước để vận tải hành khách;

+ Không được sử dụng người không có giấy phép lái xe hoặc có giấy phép lái xe nhưng không phù hợp với loại xe, người có giấy phép lái xe bị trừ hết điểm, người đang bị tước hoặc bị thu hồi giấy phép lái xe để điều khiển phương tiện vận tải hành khách.

Sau khi nghe báo cáo của Bộ Công an - Cơ quan Thường trực Ban Chỉ đạo, Bộ Khoa học và Công nghệ và ý kiến phát biểu của các bộ, cơ quan, đại biểu dự họp, Ban Chỉ đạo của Chính phủ thống nhất kết luận như sau:

[...]

II. QUAN ĐIỂM, MỤC TIÊU, NHIỆM VỤ, GIẢI PHÁP TRỌNG TÂM THÁNG 5, QUÝ II NĂM 2026 VÀ THỜI GIAN TỚI

[...]

3. Nhiệm vụ, giải pháp trọng tâm tháng 5, quý II năm 2026 và thời gian tới:

[...]

(3) Về phát triển KHCN, ĐMST, CĐS và Đề án 06:

[...]

- Bộ Xây dựng chủ trì, phối hợp với các bộ, cơ quan liên quan: (i) Xây dựng danh mục phát triển sản phẩm trong lĩnh vực hạ tầng giao thông, đường sắt tốc độ cao, đường sắt đô thị, đô thị thông minh, giao thông thông minh, hoàn thành trong tháng 6 năm 2026; (ii) Phối hợp với Bộ Công an tích hợp vé ô tô, đường sắt, đường thủy lên ứng dụng VNeID, hoàn thành trong Quý IV năm 2026.

- Bộ Nông nghiệp và Môi trường chủ trì, phối hợp với các bộ, cơ quan, địa phương tập trung lựa chọn các sản phẩm tiềm năng trở thành thương hiệu quốc gia, quốc tế như dược liệu quý, giống cây trồng, vật nuôi, thủy hải sản, hoàn thành trong tháng 7 năm 2026.

- Bộ Văn hóa, Thể thao và Du lịch chủ trì, phối hợp với các bộ, cơ quan, địa phương xây dựng định hướng phát triển sản phẩm du lịch thông minh, công nghiệp văn hóa, di sản số, kinh tế đêm, kinh tế di sản, kinh tế sáng tạo; xây dựng mô hình liên kết vùng trong phát triển sản phẩm du lịch, hình thành chuỗi cung ứng du lịch kết nối nhiều địa phương, nhiều loại hình dịch vụ, hoàn thành trong tháng 7 năm 2026.

[...]","giao-thong-van-tai","","","","2026-05-21T00:00:00","https://thuvienphapluat.vn/hoi-dap-phap-luat/se-tich-hop-ve-o-to-duong-sat-tren-vneid-trong-quy-42026-theo-thong-bao-246-dung-khong-138091398.html","2026-05-21T19:44:27.609107+00:00"
"138091323","Đã có Quyết định 744/QĐ-BXD 2026 công bố dữ liệu và hướng dẫn kết nối sử dụng dữ liệu đăng kiểm phương tiện giao thông thay thế giấy tờ ra sao?","Đã có Quyết định 744 QĐ BXD 2026 công bố dữ liệu và hướng dẫn kết nối sử dụng dữ liệu đăng kiểm phương tiện giao thông thay thế giấy tờ ra sao?

Hoạt động của cơ sở đăng kiểm được quy định như thế nào?

Cơ cấu tổ chức của cơ sở đăng kiểm như thế nào?

Ngày 18/5/2026, Bộ Xây dựng Quyết định 744/QĐ-BXD năm 2026 Về việc công bố dữ liệu và hướng dẫn kết nối, khai thác, sử dụng dữ liệu đăng kiểm phương tiện giao thông thay thế giấy tờ trong giải quyết thủ tục hành chính.

Theo đó, Bộ Xây dựng công bố dữ liệu và hướng dẫn kết nối, khai thác sử dụng dữ liệu trong Cơ sở dữ liệu đăng kiểm phương tiện giao thông thay thế giấy tờ trong giải quyết thủ tục hành chính, với các nội dung như sau:

- Các dữ liệu trong Cơ sở dữ liệu về đăng kiểm phương tiện giao thông được chia sẻ quy định tại Quyết định 744/QĐ-BXD năm 2026 đủ điều kiện khai thác, sử dụng thay thế các giấy tờ gồm: Giấy chứng nhận kiểm định an toàn kỹ thuật và bảo vệ môi trường đăng kiểm xe cơ giới; Giấy chứng nhận đăng kiểm phương tiện tàu biển; Giấy chứng nhận an toàn kỹ thuật và bảo vệ môi trường phương tiện thủy nội địa; Giấy chứng nhận kiểm định an toàn kỹ thuật và bảo vệ môi trường xe máy chuyên dùng.

Các Bộ, cơ quan ngang bộ, Ủy ban nhân dân các tỉnh, thành phố trực thuộc Trung ương có trách nhiệm rà soát, tái cấu trúc quy trình giải quyết thủ tục hành chính thuộc phạm vi quản lý nhà nước của ngành, lĩnh vực; các thủ tục hành chính thuộc thẩm quyền giải quyết của Ủy ban nhân dân cấp tỉnh, cấp xã trên cơ sở khai thác dữ liệu có trong Cơ sở dữ liệu về đăng kiểm phương tiện giao thông, sử dụng thay thế giấy tờ trong thành phần hồ sơ giải quyết thủ tục hành chính thuộc thẩm quyền theo quy định tại Điều 7 Nghị quyết 66.7/2025/NQ-CP.

- Ban hành kèm theo Quyết định 744/QĐ-BXD năm 2026 Tài liệu hướng dẫn kết nối, chia sẻ dữ liệu giữa Cơ sở dữ liệu tàu biển, thuyền viên lĩnh vực hàng hải và Hệ thống thông tin của bộ, ngành, địa phương.

[...]

* Trên đây là Đã có Quyết định 744 QĐ BXD 2026 công bố dữ liệu và hướng dẫn kết nối sử dụng dữ liệu đăng kiểm phương tiện giao thông thay thế giấy tờ ra sao?

Đã có Quyết định 744 QĐ BXD 2026 công bố dữ liệu và hướng dẫn kết nối sử dụng dữ liệu đăng kiểm phương tiện giao thông thay thế giấy tờ ra sao? (Hình từ Internet)

Theo quy định tại Điều 11 Nghị định 89/2026/NĐ-CP hoạt động của cơ sở đăng kiểm như sau:

- Thực hiện kiểm định và cấp giấy chứng nhận kiểm định cho xe cơ giới, xe máy chuyên dùng; kiểm định khí thải và cấp giấy chứng nhận kiểm định khí thải cho xe mô tô, xe gắn máy; chứng nhận cải tạo và cấp giấy chứng nhận cải tạo cho xe cơ giới cải tạo, xe máy chuyên dùng cải tạo theo đúng quy định của pháp luật liên quan đến công tác kiểm định, chứng nhận cải tạo.

- Phân công đăng kiểm viên thực hiện việc kiểm định, chứng nhận cải tạo, kiểm định khí thải xe mô tô, xe gắn máy phù hợp với chứng chỉ chuyên môn của đăng kiểm viên. Lập sổ phân công nhiệm vụ theo mẫu quy định tại Phụ lục I kèm theo Nghị định 89/2026/NĐ-CP.

- Bảo đảm các thiết bị, dụng cụ kiểm tra phải đáp ứng yêu cầu kỹ thuật theo Quy chuẩn kỹ thuật quốc gia về cơ sở đăng kiểm. Trường hợp các thiết bị, dụng cụ kiểm tra là phương tiện đo thì phải được kiểm định, hiệu chuẩn, thử nghiệm theo quy định của pháp luật về đo lường.

- Bố trí thiết bị, dụng cụ kiểm tra của cơ sở đăng kiểm tại xưởng kiểm định hoặc bên ngoài xưởng kiểm định phù hợp với các trường hợp kiểm định.

- Việc kiểm định xe cơ giới, xe máy chuyên dùng, kiểm định khí thải xe mô tô, xe gắn máy bên ngoài cơ sở đăng kiểm được thực hiện theo quy định của Bộ trưởng Bộ Xây dựng.

- Khi có sự cố hư hỏng hoặc thay đổi thiết bị, dụng cụ kiểm tra, cơ sở đăng kiểm chủ động khắc phục sự cố bảo đảm thiết bị, dụng cụ kiểm tra đáp ứng quy định tại khoản 3 Điều 11 Nghị định 89/2026/NĐ-CP, đồng thời thông báo bằng bản giấy hoặc dữ liệu điện tử cho Ủy ban nhân dân cấp tỉnh để theo dõi, quản lý theo mẫu quy định tại Phụ lục II kèm theo Nghị định 89/2026/NĐ-CP. Trường hợp đã có kết nối chia sẻ dữ liệu với Ủy ban nhân dân cấp tỉnh thì không phải thực hiện trách nhiệm này.

- Khi có sự thay đổi về lãnh đạo cơ sở đăng kiểm, lãnh đạo bộ phận kiểm định, đăng kiểm viên, cơ sở đăng kiểm phải thông báo bằng bản giấy hoặc dữ liệu điện tử cho Ủy ban nhân dân cấp tỉnh theo mẫu quy định tại Phụ lục III kèm theo Nghị định này. Trường hợp đã có kết nối chia sẻ dữ liệu với Ủy ban nhân dân cấp tỉnh thì không phải thực hiện trách nhiệm này.

- Thu hồi giấy chứng nhận kiểm định, giấy chứng nhận cải tạo đối với các trường hợp quy định tại khoản 4 Điều 13 Nghị định 89/2026/NĐ-CP. Trường hợp xe được cấp cả tem kiểm định thì thực hiện thu hồi giấy chứng nhận kiểm định cùng tem kiểm định.

- Từ chối kiểm định đối với các trường hợp quy định tại khoản 1 Điều 43 Luật Trật tự, an toàn giao thông đường bộ 2024.

- Ngừng hoạt động kiểm định, chứng nhận cải tạo khi có quyết định tạm đình chỉ hoặc thu hồi giấy chứng nhận đủ điều kiện hoạt động kiểm định xe cơ giới, giấy chứng nhận đủ điều kiện hoạt động kiểm định khí thải xe mô tô, xe gắn máy của cơ quan có thẩm quyền.

- Thực hiện các hoạt động dịch vụ kỹ thuật liên quan đến xe cơ giới, xe máy chuyên dùng và khí thải xe mô tô, xe gắn máy.

- Thực hiện các chương trình, kế hoạch tập huấn, thực tập, đánh giá thực hiện các công việc chuyên môn theo quy định của pháp luật.

- Duy trì bộ phận giải quyết các công việc liên quan đến hồ sơ về kiểm định, chứng nhận cải tạo trong thời gian cơ sở đăng kiểm tạm ngừng, tạm đình chỉ hoạt động kiểm định, trừ trường hợp bất khả kháng theo quy định của pháp luật.

Theo quy định tại Điều 9 Nghị định 89/2026/NĐ-CP cơ cấu tổ chức của cơ sở đăng kiểm như sau:

(1) Cơ cấu tổ chức của cơ sở đăng kiểm bao gồm:

- Bộ phận lãnh đạo bao gồm: Giám đốc, Phó Giám đốc hoặc phụ trách cơ sở đăng kiểm được bổ nhiệm theo quy định của pháp luật để tổ chức quản lý, điều hành đơn vị;

- Bộ phận kiểm định bao gồm: lãnh đạo bộ phận kiểm định và đăng kiểm viên để thực hiện kiểm định phương tiện;

- Bộ phận văn phòng bao gồm: nhân viên văn phòng để thực hiện các công việc văn phòng, hỗ trợ hoạt động kiểm định.

Lưu ý: Nhân sự thuộc các bộ phận nêu tại khoản 1 Điều 9 Nghị định 89/2026/NĐ-CP có thể kiêm nhiệm thực hiện các nhiệm vụ giữa các bộ phận khác nhau và được tính là nhân sự thuộc bộ phận kiêm nhiệm nếu đáp ứng các yêu cầu về chứng chỉ chuyên môn và điều kiện theo quy định tại Điều 9 Nghị định 89/2026/NĐ-CP.

Lưu ý: Các quy định trên có hiệu lực áp dụng từ ngày 01/07/2026.

* Trên đây là Đã có Quyết định 744 QĐ BXD 2026 công bố dữ liệu và hướng dẫn kết nối sử dụng dữ liệu đăng kiểm phương tiện giao thông thay thế giấy tờ ra sao?","giao-thong-van-tai","","","","2026-05-20T00:00:00","https://thuvienphapluat.vn/hoi-dap-phap-luat/da-co-quyet-dinh-744qdbxd-2026-cong-bo-du-lieu-va-huong-dan-ket-noi-su-dung-du-lieu-dang-kiem-phuon-138091323.html","2026-05-21T19:44:32.471457+00:00"
"138051494","Lịch Vạn niên 2026 - Lịch âm 2026 - Lịch dương 2026 chi tiết, đầy đủ 365 ngày tương ứng âm và dương?","Lịch Vạn niên 2026 - Lịch âm 2026 - Lịch dương 2026 chi tiết, đầy đủ 365 ngày tương ứng âm và dương?

Năm 2026, người lao động được nghỉ các ngày lễ, tết nào trong năm?

Người lao động có các quyền và nghĩa vụ gì?

Xem mới:

>>> Kịch bản sinh hoạt chi bộ tháng 5 2026 chi tiết ra sao?

>>> Tài liệu sinh hoạt chi bộ tháng 5/2026 chi tiết như thế nào?

>>> Nội dung trọng tâm sinh hoạt chi bộ Tháng 5/2026 chi tiết thế nào?

>>> Mẫu nội dung sinh hoạt chi bộ Tháng 5 năm 2026 chi tiết ra sao?

>>> Hướng dẫn sinh hoạt chi bộ tháng 5/2026 đầy đủ như thế nào?

Theo Lịch Vạn niên 2026 - Lịch âm 2026 - Lịch dương 2026, tết Âm lịch 2026 sẽ rơi vào các ngày sau:

- 29 tháng Chạp năm Ất Tỵ (29 Tết): Thứ hai, ngày 16/02/2026 dương lịch

- Mùng 1 tháng Giêng năm Bính Ngọ (Mùng 1 Tết): Thứ ba, ngày 17/02/2026 dương lịch

- Mùng 2 tháng Giêng năm Bính Ngọ (Mùng 2 Tết): Thứ tư, ngày 18/02/2026 dương lịch

- Mùng 3 tháng Giêng năm Bính Ngọ (Mùng 3 Tết): Thứ năm, ngày 19/02/2026 dương lịch

Dưới đây là Lịch Vạn niên 2026 - Lịch âm 2026 - Lịch dương 2026 chi tiết, đầy đủ 365 ngày tương ứng âm và dương:

Lịch Tháng 1 năm 2026

Lịch Tháng 2 năm 2026

Lịch Tháng 3 năm 2026

Lịch Tháng 4 năm 2026

Lịch Tháng 5 năm 2026

Lịch Tháng 6 năm 2026

Lịch Tháng 7 năm 2026

Lịch Tháng 8 năm 2026

Lịch Tháng 9 năm 2026

Lịch Tháng 10 năm 2026

Lịch Tháng 11 năm 2026

Lịch Tháng 12 năm 2026

XEM ĐẦY ĐỦ:

THÁNG 1/2026

>>> Xem lịch âm tháng 1 năm 2026 - Lịch vạn niên tháng 1 năm 2026 đầy đủ, chi tiết, mới nhất

>>> Lịch Dương Tháng 1 2026 chi tiết, chính xác nhất

THÁNG 2/2026

>>> Xem lịch âm tháng 2 năm 2026 - Lịch vạn niên tháng 2 năm 2026 đầy đủ, chi tiết, mới nhất

>>> Lịch Dương Tháng 2 2026 chi tiết, chính xác nhất

THÁNG 3/2026

>>> Xem lịch âm tháng 3 năm 2026 - Lịch vạn niên tháng 3 năm 2026 đầy đủ, chi tiết, mới nhất

>>> Lịch Dương Tháng 3 2026 chi tiết, chính xác nhất

THÁNG 4/2026

>>> Xem lịch âm tháng 4 năm 2026 - Lịch vạn niên tháng 4 năm 2026 đầy đủ, chi tiết, mới nhất

>>> Lịch Dương Tháng 4 2026 chi tiết, chính xác nhất

THÁNG 5/2026

>>> Xem lịch âm tháng 5 năm 2026 - Lịch vạn niên tháng 5 năm 2026 đầy đủ, chi tiết, mới nhất

>>> Lịch Dương Tháng 5 2026 chi tiết, chính xác nhất

THÁNG 6/2026

>>> Xem lịch âm tháng 6 năm 2026 - Lịch vạn niên tháng 6 năm 2026 đầy đủ, chi tiết, mới nhất

>>> Lịch Dương Tháng 6 2026 chi tiết, chính xác nhất

THÁNG 7/2026

>>> Xem lịch âm tháng 7 năm 2026 - Lịch vạn niên tháng 7 năm 2026 đầy đủ, chi tiết, mới nhất

>>> Lịch Dương Tháng 7 2026 chi tiết, chính xác nhất

THÁNG 8/2026

>>> Xem lịch âm tháng 8 năm 2026 - Lịch vạn niên tháng 8 năm 2026 đầy đủ, chi tiết, mới nhất

>>> Lịch Dương Tháng 8 2026 chi tiết, chính xác nhất

THÁNG 9/2026

>>> Xem lịch âm tháng 9 năm 2026 - Lịch vạn niên tháng 9 năm 2026 đầy đủ, chi tiết, mới nhất

>>> Lịch Dương Tháng 9 2026 chi tiết, chính xác nhất

THÁNG 10/2026

>>> Xem lịch âm tháng 10 năm 2026 - Lịch vạn niên tháng 10 năm 2026 đầy đủ, chi tiết, mới nhất

>>> Lịch Dương Tháng 10 2026 chi tiết, chính xác nhất

THÁNG 11/2026

>>> Xem lịch âm tháng 11 năm 2026 - Lịch vạn niên tháng 11 năm 2026 đầy đủ, chi tiết, mới nhất

>>> Lịch Dương Tháng 11 2026 chi tiết, chính xác nhất

THÁNG 12/2026

>>> Xem lịch âm tháng 12 năm 2026 - Lịch vạn niên tháng 12 năm 2026 đầy đủ, chi tiết, mới nhất

>>> Lịch Dương Tháng 12 2026 chi tiết, chính xác nhất

* Trên đây là Thông tin Lịch Vạn niên 2026 - Lịch âm 2026 - Lịch dương 2026 chi tiết, đầy đủ 365 ngày tương ứng âm và dương?

Lịch Vạn niên 2026 - Lịch âm 2026 - Lịch dương 2026 chi tiết, đầy đủ 365 ngày tương ứng âm và dương? (Hình từ Internet)

Căn cứ Điều 112 Bộ luật Lao động 2019 quy định về nghỉ lễ, tết như sau:

Như vậy, năm 2026 người lao động được nghỉ các ngày lễ, tết sau đây:

(1) Tết Dương lịch: 01 ngày (ngày 01 tháng 01 dương lịch);

(2) Tết Âm lịch: 05 ngày;

(3) Ngày Chiến thắng: 01 ngày (ngày 30 tháng 4 dương lịch);

(4) Ngày Quốc tế lao động: 01 ngày (ngày 01 tháng 5 dương lịch);

(5) Quốc khánh: 02 ngày (ngày 02 tháng 9 dương lịch và 01 ngày liền kề trước hoặc sau);

(6) Ngày Giỗ Tổ Hùng Vương: 01 ngày (ngày 10 tháng 3 âm lịch).

Ngoài ra, người lao động là người nước ngoài làm việc tại Việt Nam ngoài các ngày nghỉ nêu trên còn được nghỉ thêm 01 ngày Tết cổ truyền dân tộc và 01 ngày Quốc khánh của nước họ.

Lưu ý: Hằng năm, căn cứ vào điều kiện thực tế, Thủ tướng Chính phủ quyết định cụ thể ngày nghỉ quy định tại điểm b và điểm đ khoản 1 Điều 112 Bộ luật Lao động 2019

Căn cứ Điều 5 Bộ luật Lao động 2019 quy định cụ thể như sau:

Như vậy, người lao động có các quyền và nghĩa vụ như sau:

[1] Người lao động có các quyền sau đây:

- Làm việc; tự do lựa chọn việc làm, nơi làm việc, nghề nghiệp, học nghề, nâng cao trình độ nghề nghiệp; không bị phân biệt đối xử, cưỡng bức lao động, quấy rối tình dục tại nơi làm việc

- Hưởng lương phù hợp với trình độ, kỹ năng nghề trên cơ sở thỏa thuận với người sử dụng lao động; được bảo hộ lao động, làm việc trong điều kiện bảo đảm về an toàn, vệ sinh lao động; nghỉ theo chế độ, nghỉ hằng năm có hưởng lương và được hưởng phúc lợi tập thể

- Thành lập, gia nhập, hoạt động trong tổ chức đại diện người lao động, tổ chức nghề nghiệp và tổ chức khác theo quy định của pháp luật; yêu cầu và tham gia đối thoại, thực hiện quy chế dân chủ, thương lượng tập thể với người sử dụng lao động và được tham vấn tại nơi làm việc để bảo vệ quyền và lợi ích hợp pháp, chính đáng của mình; tham gia quản lý theo nội quy của người sử dụng lao động

- Từ chối làm việc nếu có nguy cơ rõ ràng đe dọa trực tiếp đến tính mạng, sức khỏe trong quá trình thực hiện công việc

- Đơn phương chấm dứt hợp đồng lao động

- Đình công

- Các quyền khác theo quy định của pháp luật

[2] Người lao động có các nghĩa vụ sau đây:

- Thực hiện hợp đồng lao động, thỏa ước lao động tập thể và thỏa thuận hợp pháp khác

- Chấp hành kỷ luật lao động, nội quy lao động; tuân theo sự quản lý, điều hành, giám sát của người sử dụng lao động

- Thực hiện quy định của pháp luật về lao động, việc làm, giáo dục nghề nghiệp, bảo hiểm xã hội, bảo hiểm y tế, bảo hiểm thất nghiệp và an toàn, vệ sinh lao động

Điều 112. Nghỉ lễ, tết

1. Người lao động được nghỉ làm việc, hưởng nguyên lương trong những ngày lễ, tết sau đây:

a) Tết Dương lịch: 01 ngày (ngày 01 tháng 01 dương lịch);

b) Tết Âm lịch: 05 ngày;

c) Ngày Chiến thắng: 01 ngày (ngày 30 tháng 4 dương lịch);

d) Ngày Quốc tế lao động: 01 ngày (ngày 01 tháng 5 dương lịch);

đ) Quốc khánh: 02 ngày (ngày 02 tháng 9 dương lịch và 01 ngày liền kề trước hoặc sau);

e) Ngày Giỗ Tổ Hùng Vương: 01 ngày (ngày 10 tháng 3 âm lịch).

2. Lao động là người nước ngoài làm việc tại Việt Nam ngoài các ngày nghỉ theo quy định tại khoản 1 Điều này còn được nghỉ thêm 01 ngày Tết cổ truyền dân tộc và 01 ngày Quốc khánh của nước họ.

3. Hằng năm, căn cứ vào điều kiện thực tế, Thủ tướng Chính phủ quyết định cụ thể ngày nghỉ quy định tại điểm b và điểm đ khoản 1 Điều này.

Điều 5. Quyền và nghĩa vụ của người lao động

1. Người lao động có các quyền sau đây:

a) Làm việc; tự do lựa chọn việc làm, nơi làm việc, nghề nghiệp, học nghề, nâng cao trình độ nghề nghiệp; không bị phân biệt đối xử, cưỡng bức lao động, quấy rối tình dục tại nơi làm việc;

b) Hưởng lương phù hợp với trình độ, kỹ năng nghề trên cơ sở thỏa thuận với người sử dụng lao động; được bảo hộ lao động, làm việc trong điều kiện bảo đảm về an toàn, vệ sinh lao động; nghỉ theo chế độ, nghỉ hằng năm có hưởng lương và được hưởng phúc lợi tập thể;

c) Thành lập, gia nhập, hoạt động trong tổ chức đại diện người lao động, tổ chức nghề nghiệp và tổ chức khác theo quy định của pháp luật; yêu cầu và tham gia đối thoại, thực hiện quy chế dân chủ, thương lượng tập thể với người sử dụng lao động và được tham vấn tại nơi làm việc để bảo vệ quyền và lợi ích hợp pháp, chính đáng của mình; tham gia quản lý theo nội quy của người sử dụng lao động;

d) Từ chối làm việc nếu có nguy cơ rõ ràng đe dọa trực tiếp đến tính mạng, sức khỏe trong quá trình thực hiện công việc;

[....]","giao-thong-van-tai","","","","2026-05-20T00:00:00","https://thuvienphapluat.vn/hoi-dap-phap-luat/lich-van-nien-2026--lich-am-2026--lich-duong-2026-chi-tiet-day-du-365-ngay-tuong-ung-am-va-duong-138051494.html","2026-05-21T19:46:16.032839+00:00"
"138051550","Lịch nghỉ lễ 2026 - Tổng hợp các ngày lễ 2026 ở Việt Nam chi tiết ra sao?","Lịch nghỉ lễ 2026 - Tổng hợp các ngày lễ 2026 ở Việt Nam chi tiết ra sao?

Tổ chức làm việc theo ca phải bố trí ít nhất mấy người?

Người lao động làm việc chưa đủ 12 tháng thì số ngày nghỉ hằng năm được xác định như thế nào?

Mới nhất:

>>> Tổng hợp các ngày nghỉ làm hưởng nguyên lương trong năm 2026

>>> Lịch nghỉ lễ Ngày Văn hoá Việt Nam 2026 chi tiết ra sao rơi vào thứ mấy?

Xem mới:

>>> Tết âm lịch 2026 đếm ngược? Giao thừa 2026 đếm ngược? Năm bính ngọ 2026 có bao nhiêu ngày?

Xem mới:

>>> Tháng 1 2026 có ngày lễ sự kiện gì? Tổng hợp các ngày lễ, sự kiện tháng 1/2026 trong nước và quốc tế ra sao?

>>> Chính thức: Lịch nghỉ Tết dương lịch 2026 của cán bộ, công chức, viên chức, người lao động và học sinh

>>> Lịch nghỉ Tết Dương lịch 2026 chính thức 4 ngày

>>> Công văn 12729/VPCP-KGVX Chính thức nghỉ Tết Dương lịch 2026 4 ngày đối với công chức, viên chức

>>> Lịch nghỉ Tết Dương lịch chính thức 2026 nếu được thông qua

>>> Tết dương lịch 2026 được nghỉ 1 ngày hay 4 ngày?

>>> Tại sao Tết Dương lịch 2026 được nghỉ 4 ngày liên tục?

>>> Bộ Nội vụ đề xuất hoán đổi ngày làm việc để Tết Dương lịch 2026 được nghỉ 4 ngày

Lịch nghỉ lễ 2026 - Tổng hợp các ngày lễ 2026 ở Việt Nam chi tiết dưới đây:

Các ngày nghỉ lễ được hưởng nguyên lương trong năm 2026

Căn cứ Điều 112 Bộ luật Lao động 2019 quy định về nghỉ lễ, tết, năm 2026 người lao động được nghỉ các ngày lễ, tết sau đây:

(1) Tết Dương lịch: 01 ngày (ngày 01 tháng 01 dương lịch);

(2) Tết Âm lịch: 05 ngày;

(3) Ngày Chiến thắng: 01 ngày (ngày 30 tháng 4 dương lịch);

(4) Ngày Quốc tế lao động: 01 ngày (ngày 01 tháng 5 dương lịch);

(5) Quốc khánh: 02 ngày (ngày 02 tháng 9 dương lịch và 01 ngày liền kề trước hoặc sau);

(6) Ngày Giỗ Tổ Hùng Vương: 01 ngày (ngày 10 tháng 3 âm lịch).

Lưu ý: Hằng năm, căn cứ vào điều kiện thực tế, Thủ tướng Chính phủ quyết định cụ thể ngày nghỉ Tết Âm lịch và Quốc khánh.

Các ngày lễ, sự kiện khác trong năm tại Việt Nam và quốc tế

Danh sách các ngày lễ Dương lịch 2026

Thứ

Dương lịch

Âm lịch

Tên ngày lễ

Thứ Năm

1/1/2026

13/11/2025

Tết Dương lịch năm 2026

Thứ Ba

6/1/2026

18/11/2025

Tổng tuyển cử quốc hội khóa đầu tiên của nước Việt Nam năm 2026

Thứ Sáu

9/1/2026

21/11/2025

Ngày Học sinh - Sinh viên Việt Nam năm 2026

Chủ Nhật

11/1/2026

23/11/2025

Việt Nam chính thức gia nhập WTO năm 2026

Thứ Ba

27/1/2026

9/12/2025

Ký Hiệp định Pari chấm dứt chiến tranh ở Việt Nam năm 2026

Thứ Ba

3/2/2026

16/12/2025

Ngày thành lập Đảng Cộng sản Việt Nam năm 2026

Thứ Tư

4/2/2026

17/12/2025

Ngày thống nhất các tổ chức mặt trận thành mặt trận Tổ quốc Việt Nam năm 2026

Thứ Bảy

14/2/2026

27/12/2025

Ngày lễ tình nhân (Valentine) năm 2026

Thứ Sáu

20/2/2026

4/1/2026

Ngày Công bằng xã hội thế giới năm 2026

Thứ Bảy

21/2/2026

5/1/2026

Ngày Ngôn ngữ mẹ đẻ Quốc tế năm 2026

Thứ Sáu

27/2/2026

11/1/2026

Ngày thầy thuốc Việt Nam năm 2026

Chủ Nhật

8/3/2026

20/1/2026

Ngày Quốc tế Phụ nữ năm 2026

Thứ Năm

19/3/2026

1/2/2026

Ngày toàn quốc chống Mỹ năm 2026

Thứ Sáu

20/3/2026

2/2/2026

Ngày Quốc Tế hạnh phúc năm 2026

Thứ Bảy

21/3/2026

3/2/2026

Ngày Hội chứng Down thế giới và Ngày Quốc tế xóa bỏ phân biệt chủng tộc năm 2026

Chủ Nhật

22/3/2026

4/2/2026

Ngày Nước sạch Thế giới năm 2026

Thứ Hai

23/3/2026

5/2/2026

Ngày Khí tượng Thế giới năm 2026

Thứ Năm

26/3/2026

8/2/2026

Ngày thành lập Đoàn TNCS Hồ Chí Minh năm 2026

Thứ Sáu

27/3/2026

9/2/2026

Ngày Thể Thao Việt Nam năm 2026

Thứ Tư

1/4/2026

14/2/2026

Ngày Cá tháng Tư năm 2026

Thứ Bảy

4/4/2026

17/2/2026

Ngày Quốc tế Nhận thức bom mìn và Hỗ trợ bằng hành động chống bom mìn năm 2026

Chủ Nhật

5/4/2026

18/2/2026

Tết Thanh minh năm 2026

Thứ Ba

7/4/2026

20/2/2026

Ngày Y tế Thế giới năm 2026

Thứ Ba

14/4/2026

27/2/2026

Tết Dân tộc Khmer Nam Bộ năm 2026

Thứ Tư

22/4/2026

6/3/2026

Ngày Trái đất năm 2026

Thứ Năm

23/4/2026

7/3/2026

Ngày Sách và Bản quyền Thế giới năm 2026

Chủ Nhật

26/4/2026

10/3/2026

Ngày Sở hữu trí tuệ thế giới năm 2026

Thứ Năm

30/4/2026

14/3/2026

Ngày giải phóng miền Nam năm 2026

Thứ Sáu

1/5/2026

15/3/2026

Ngày Quốc tế Lao động năm 2026

Chủ Nhật

3/5/2026

17/3/2026

Ngày Tự do Báo chí thế giới năm 2026

Thứ Ba

5/5/2026

19/3/2026

Ngày sinh Các - Mác năm 2026

Thứ Năm

7/5/2026

21/3/2026

Ngày chiến thắng Điện Biên Phủ năm 2026

Thứ Sáu

15/5/2026

29/3/2026

Ngày thành lập Đội Thiếu niên Tiền phong Hồ Chí Minh năm 2026

Chủ Nhật

17/5/2026

1/4/2026

Ngày Xã hội Thông tin Thế giới năm 2026

Thứ Ba

19/5/2026

3/4/2026

Ngày sinh chủ tịch Hồ Chí Minh năm 2026

Thứ Năm

21/5/2026

5/4/2026

Ngày Thế giới về Đa dạng Văn hóa vì Đối thoại và Phát triển năm 2026

Thứ Sáu

22/5/2026

6/4/2026

Ngày quốc tế Đa dạng sinh học năm 2026

Thứ Sáu

29/5/2026

13/4/2026

Ngày Quốc tế Gìn giữ hòa bình Liên Hiệp Quốc năm 2026

Chủ Nhật

31/5/2026

15/4/2026

Ngày Thế giới không thuốc lá năm 2026

Thứ Hai

1/6/2026

16/4/2026

Ngày Quốc tế thiếu nhi năm 2026

Thứ Năm

4/6/2026

19/4/2026

Ngày Quốc tế của trẻ em vô tội và là nạn nhân bị xâm lược năm 2026

Thứ Sáu

5/6/2026

20/4/2026

Ngày Môi trường Thế giới năm 2026

Thứ Tư

17/6/2026

3/5/2026

Ngày Thế giới chống sa mạc hóa và hạn hán năm 2026

Thứ Bảy

20/6/2026

6/5/2026

Ngày Tị nạn Thế giới năm 2026

Chủ Nhật

21/6/2026

7/5/2026

Ngày báo chí Việt Nam năm 2026

Thứ Ba

23/6/2026

9/5/2026

Ngày Dịch vụ Công cộng Liên Hiệp Quốc năm 2026

Chủ Nhật

28/6/2026

14/5/2026

Ngày gia đình Việt Nam năm 2026

Thứ Năm

2/7/2026

18/5/2026

Quốc hội Khóa VI quyết nghị lấy tên nước là Cộng hòa Xã hội Chủ nghĩa Việt Nam năm 2026

Thứ Hai

6/7/2026

22/5/2026

Ngày Hôn thế giới năm 2026

Thứ Bảy

11/7/2026

27/5/2026

Ngày dân số thế giới năm 2026

Thứ Tư

15/7/2026

2/6/2026

Ngày truyền thống Thanh niên xung phong năm 2026

Thứ Hai

27/7/2026

14/6/2026

Ngày Thương binh liệt sĩ năm 2026

Thứ Ba

28/7/2026

15/6/2026

Ngày thành lập công đoàn Việt Nam năm 2026

Chủ Nhật

9/8/2026

27/6/2026

Ngày Quốc tế của người thổ dân thế giới năm 2026

Thứ Tư

12/8/2026

30/6/2026

Ngày Quốc tế Thanh Thiếu niên năm 2026

Thứ Tư

19/8/2026

7/7/2026

Ngày tổng khởi nghĩa năm 2026

Chủ Nhật

23/8/2026

11/7/2026

Ngày Quốc tế tưởng niệm việc buôn bán nô lệ và việc hủy bỏ nó năm 2026

Thứ Ba

25/8/2026

13/7/2026

Bảo Đại thoái vị năm 2026

Chủ Nhật

30/8/2026

18/7/2026

Ngày sinh tỷ phú Warren Edward Buffett năm 2026

Thứ Ba

1/9/2026

20/7/2026

Chiến tranh thế giới thứ hai bùng nổ năm 2026

Thứ Tư

2/9/2026

21/7/2026

Ngày Quốc Khánh năm 2026

Thứ Năm

10/9/2026

29/7/2026

Ngày thành lập Mặt trận Tổ quốc Việt Nam năm 2026

Thứ Bảy

12/9/2026

2/8/2026

Chiến dịch Xô Viết Nghệ Tĩnh năm 2026

Thứ Ba

15/9/2026

5/8/2026

Ngày Quốc tế Dân chủ năm 2026

Thứ Tư

16/9/2026

6/8/2026

Ngày Quốc tế Bảo vệ Tầng ôzôn năm 2026

Chủ Nhật

20/9/2026

10/8/2026

Việt Nam gia nhập Liên Hiệp Quốc năm 2026

Thứ Hai

21/9/2026

11/8/2026

Ngày Quốc tế Hòa bình năm 2026

Thứ Tư

23/9/2026

13/8/2026

Ngày Nam Bộ kháng chiến năm 2026

Chủ Nhật

27/9/2026

17/8/2026

Khởi nghĩa Bắc Sơn năm 2026

Thứ Năm

1/10/2026

21/8/2026

Ngày quốc tế người cao tuổi năm 2026

Thứ Sáu

2/10/2026

22/8/2026

Ngày Quốc tế bất bạo động năm 2026

Chủ Nhật

4/10/2026

24/8/2026

Ngày Động vật thế giới năm 2026

Thứ Hai

5/10/2026

25/8/2026

Ngày Nhà giáo thế giới năm 2026

Thứ Sáu

9/10/2026

29/8/2026

Ngày Bưu chính Thế giới năm 2026

Thứ Ba

13/10/2026

4/9/2026

Ngày doanh nhân Việt Nam năm 2026

Thứ Tư

14/10/2026

5/9/2026

Ngày thành lập Hội Nông dân Việt Nam năm 2026

Thứ Năm

15/10/2026

6/9/2026

Ngày truyền thống Hội liên hiệp Thanh niên Việt Nam năm 2026

Thứ Sáu

16/10/2026

7/9/2026

Ngày Lương thực thế giới năm 2026

Thứ Bảy

17/10/2026

8/9/2026

Ngày quốc tế xóa nghèo năm 2026

Thứ Ba

20/10/2026

11/9/2026

Ngày Phụ nữ Việt Nam năm 2026

Thứ Bảy

31/10/2026

22/9/2026

Ngày Hallowen năm 2026

Thứ Hai

9/11/2026

1/10/2026

Ngày pháp luật Việt Nam năm 2026

Thứ Sáu

20/11/2026

12/10/2026

Ngày Nhà giáo Việt Nam năm 2026

Thứ Hai

23/11/2026

15/10/2026

Ngày thành lập Hội chữ thập đỏ Việt Nam năm 2026

Thứ Bảy

28/11/2026

20/10/2026

Ngày Lâm nghiệp Việt Nam năm 2026

Thứ Ba

1/12/2026

23/10/2026

Ngày thế giới phòng chống AIDS năm 2026

Thứ Tư

2/12/2026

24/10/2026

Ngày Quốc tế Giải phóng Nô lệ năm 2026

Thứ Hai

7/12/2026

29/10/2026

Ngày Hàng không Dân dụng Quốc tế năm 2026

Thứ Tư

9/12/2026

1/11/2026

Ngày Quốc tế chống Tham nhũng năm 2026

Thứ Bảy

19/12/2026

11/11/2026

Ngày toàn quốc kháng chiến năm 2026

Thứ Ba

22/12/2026

14/11/2026

Ngày thành lập quân đội nhân dân Việt Nam năm 2026

Thứ Năm

24/12/2026

16/11/2026

Lễ Giáng sinh (Noen) năm 2026

Danh sách các ngày lễ Âm lịch 2026

Thứ

Âm lịch

Dương lịch

Tên ngày lễ

Thứ Ba

1/1/2026

17/2/2026

Tết Nguyên Đán năm 2026

Thứ Sáu

4/1/2026

20/2/2026

Lễ hội Đồng Kỵ (Bắc Ninh) năm 2026

Thứ Bảy

5/1/2026

21/2/2026

Lễ hội gò Đống Đa năm 2026

Chủ Nhật

6/1/2026

22/2/2026

Hội Gióng Sóc Sơn (Hà Nội), Khai hội chùa Hương năm 2026

Thứ Hai

7/1/2026

23/2/2026

Hội chợ Viềng (Nam Định), Lễ hội đầm Ô Loan (Phú Yên) năm 2026

Thứ Ba

8/1/2026

24/2/2026

Lễ hội đền Vua Bà (Hòa Bình) năm 2026

Thứ Tư

9/1/2026

25/2/2026

Lễ hội Đức Chí Tôn (Tây Ninh) năm 2026

Thứ Năm

10/1/2026

26/2/2026

Khai hội Yên Tử (Quảng Ninh) năm 2026

Chủ Nhật

13/1/2026

1/3/2026

Hội Lim (Tiên Du - Bắc Ninh) năm 2026

Thứ Hai

14/1/2026

2/3/2026

Lễ hội Bà Chúa Kho (Bắc Ninh) năm 2026

Thứ Ba

15/1/2026

3/3/2026

Tết Nguyên tiêu năm 2026

Thứ Năm

17/1/2026

5/3/2026

Lễ hội chọi trâu (Vĩnh Phúc) năm 2026

Chủ Nhật

27/1/2026

15/3/2026

Lễ Cầu tháng Giêng (Phú Thọ) năm 2026

Thứ Hai

28/1/2026

16/3/2026

Hội làng Bùi (Bắc Ninh) năm 2026

Thứ Sáu

2/2/2026

20/3/2026

Lễ hội Chùa Trầm năm 2026

Thứ Năm

8/2/2026

26/3/2026

Hội làng Long Khám (Bắc Ninh) năm 2026

Thứ Bảy

10/2/2026

28/3/2026

Lễ hội đình Yên Phụ (Hà Nội) năm 2026

Thứ Hai

12/2/2026

30/3/2026

Hội chọi trâu Phù Ninh (Phú Thọ), Lễ hội Làng rèn Tây Phương Danh (Bình Định) năm 2026

Thứ Ba

13/2/2026

31/3/2026

Lễ hội Hoa Ban (Lai Châu) năm 2026

Thứ Tư

14/2/2026

1/4/2026

Lễ hội chùa Vĩnh Nghiêm (Bắc Giang) năm 2026

Thứ Hai

19/2/2026

6/4/2026

Lễ hội Quan Thế Âm (Đà Nẵng) năm 2026

Thứ Năm

22/2/2026

9/4/2026

Hội đình Trúc Tay (Bắc Giang) năm 2026

Thứ Ba

27/2/2026

14/4/2026

Hội chùa Sàn (Lục Nam, Bắc Giang) năm 2026

Chủ Nhật

3/3/2026

19/4/2026

Tết Hàn thực năm 2026

Thứ Tư

6/3/2026

22/4/2026

Lễ hội Cố đô Hoa Lư (Ninh Bình) năm 2026

Thứ Năm

7/3/2026

23/4/2026

Lễ hội chùa Thầy (Hà Nội) năm 2026

Thứ Bảy

9/3/2026

25/4/2026

Lễ hội Nam Trì (Hưng Yên) năm 2026

Chủ Nhật

10/3/2026

26/4/2026

Giỗ tổ Hùng Vương năm 2026

Thứ Sáu

15/3/2026

1/5/2026

Hội làng Đông Hồ (Bắc Ninh) năm 2026

Thứ Hai

18/3/2026

4/5/2026

Hội Đậu (Bắc Ninh) năm 2026

Thứ Bảy

23/3/2026

9/5/2026

Hội chùa Bút Tháp (Bắc Ninh) năm 2026

Thứ Tư

27/3/2026

13/5/2026

Hội thả chim bồ câu (Bắc Ninh) năm 2026

Chủ Nhật

1/4/2026

17/5/2026

Lễ hội làng cá Cát Bà (Hải Phòng) năm 2026

Chủ Nhật

8/4/2026

24/5/2026

Lễ hội chùa Dâu (Bắc Ninh) năm 2026

Thứ Hai

9/4/2026

25/5/2026

Hội Gióng Phù Đổng (Hà Nội) năm 2026

Thứ Ba

10/4/2026

26/5/2026

Hội làng Cựu Ấp (Vĩnh Phúc) năm 2026

Thứ Bảy

14/4/2026

30/5/2026

Tết Dân tộc Khmer năm 2026

Chủ Nhật

15/4/2026

31/5/2026

Lễ Phật Đản năm 2026

Thứ Sáu

5/5/2026

19/6/2026

Tết Đoan Ngọ năm 2026

Thứ Ba

9/5/2026

23/6/2026

Lễ hội đình Châu Phú (An Giang) năm 2026

Thứ Tư

10/5/2026

24/6/2026

Lễ hội cúng biển Mỹ Long (Trà Vinh) năm 2026

Chủ Nhật

14/5/2026

28/6/2026

Lễ hội đình – đền Chèm (Hà Nội) năm 2026

Thứ Ba

1/6/2026

14/7/2026

Lễ hội đình Trà Cổ (Quảng Ninh) năm 2026

Thứ Năm

10/6/2026

23/7/2026

Hội kéo ngựa gỗ (Hải Phòng) năm 2026

Thứ Tư

7/7/2026

19/8/2026

Lễ Thất Tịch năm 2026

Thứ Năm

15/7/2026

27/8/2026

Lễ Vu Lan, Tết Trung nguyên năm 2026

Thứ Sáu

1/8/2026

11/9/2026

Tết Katê năm 2026

Thứ Hai

4/8/2026

14/9/2026

Lễ hội Đình Châm Khê (Bắc Ninh) năm 2026

Thứ Bảy

9/8/2026

19/9/2026

Lễ hội chọi trâu (Đồ Sơn, Hải Phòng) năm 2026

Chủ Nhật

10/8/2026

20/9/2026

Hội Thị Cầu (Bắc Ninh) năm 2026

Thứ Sáu

15/8/2026

25/9/2026

Tết Trung Thu năm 2026

Chủ Nhật

9/9/2026

18/10/2026

Tết Trùng Cửu năm 2026

Thứ Năm

13/9/2026

22/10/2026

Lễ hội chùa Keo (Thái Bình) năm 2026

Thứ Năm

20/9/2026

29/10/2026

Hội đền Bắc Lệ (Lạng Sơn) năm 2026

Thứ Bảy

29/9/2026

7/11/2026

Hội Đại Bái (Bắc Ninh) năm 2026

Thứ Tư

10/10/2026

18/11/2026

Tết Trùng Thập năm 2026

Thứ Hai

15/10/2026

23/11/2026

Tết Hạ Nguyên (Tết cơm mới) năm 2026

Thứ Tư

8/11/2026

16/12/2026

Hội chùa Canh Bầu (Bắc Giang) năm 2026

Thứ Sáu

10/11/2026

18/12/2026

Tết cơm mới của người La Hủ (Lai Châu) năm 2026

Thứ Ba

14/11/2026

22/12/2026

Lễ hội đền Nguyễn Công Trứ (Ninh Bình) năm 2026

Thứ Tư

15/11/2026

23/12/2026

Hội Đình Phường Bông (Nam Định) năm 2026

Thứ Bảy

25/11/2026

2/1/2027

Hội Vân Lệ (Thanh Hóa) năm 2026

Thứ Ba

12/12/2026

19/1/2027

Hội Mậu Lân (Vĩnh Phúc) năm 2026

Thứ Bảy

23/12/2026

30/1/2027

Ông Táo chầu trời năm 2026

Thứ Năm

28/12/2026

4/2/2027

Hội Bạch Lưu (Vĩnh Phúc) năm 2026

* Trên đây là Thông tin Lịch nghỉ lễ 2026 - Tổng hợp các ngày lễ 2026 ở Việt Nam chi tiết ra sao?

Lịch nghỉ lễ 2026 - Tổng hợp các ngày lễ 2026 ở Việt Nam chi tiết ra sao? (Hình từ Internet)

Căn cứ khoản 3 Điều 63 Nghị định 145/2020/NĐ-CP có quy định về ca làm việc và tổ chức làm việc theo ca như sau:

Như vậy, tổ chức làm việc theo ca là việc bố trí ít nhất 02 người hoặc 02 nhóm người thay phiên nhau làm việc trên cùng một vị trí làm việc, tính trong thời gian 01 ngày (24 giờ liên tục).

Căn cứ theo khoản 2 Điều 113 Bộ luật Lao động 2019 quy định về nghỉ hằng năm như sau:

Như vậy, theo quy định trên thì người lao động làm việc chưa đủ 12 tháng thì số ngày nghỉ hằng năm được tính theo tỷ lệ tương ứng với số tháng làm việc.

Điều 63. Ca làm việc và tổ chức làm việc theo ca

1. Ca làm việc là khoảng thời gian làm việc của người lao động từ khi bắt đầu nhận nhiệm vụ cho đến khi kết thúc và bàn giao nhiệm vụ cho người khác, bao gồm cả thời gian làm việc và thời gian nghỉ giữa giờ.

2. Tổ chức làm việc theo ca là việc bố trí ít nhất 02 người hoặc 02 nhóm người thay phiên nhau làm việc trên cùng một vị trí làm việc, tính trong thời gian 01 ngày (24 giờ liên tục).

[....]

Điều 113. Nghỉ hằng năm

[.....]

2. Người lao động làm việc chưa đủ 12 tháng cho một người sử dụng lao động thì số ngày nghỉ hằng năm theo tỷ lệ tương ứng với số tháng làm việc.

[....]","giao-thong-van-tai","","","","2026-05-20T00:00:00","https://thuvienphapluat.vn/hoi-dap-phap-luat/lich-nghi-le-2026--tong-hop-cac-ngay-le-2026-o-viet-nam-chi-tiet-ra-sao-138051550.html","2026-05-21T19:46:27.552250+00:00"
"138057531","Lịch Vạn niên 2027 - Lịch âm 2027 - Lịch dương 2027 chi tiết, đầy đủ 365 ngày tương ứng âm và dương?","Lịch Vạn niên 2027 - Lịch âm 2027 - Lịch dương 2027 chi tiết, đầy đủ 365 ngày tương ứng âm và dương?

Người lao động được nghỉ việc riêng mà vẫn hưởng nguyên lương khi nào?

Chính sách của Nhà nước về lao động cụ thể ra sao?

Căn cứ Điều 112 Bộ luật Lao động 2019 quy định về nghỉ lễ, tết như sau:

Theo Bộ luật Lao động 2019, người lao động được nghỉ Tết Âm lịch tối thiểu 5 ngày. Hằng năm, căn cứ vào tình hình thực tế, Thủ tướng Chính phủ sẽ quyết định cụ thể lịch nghỉ Tết.

Lịch Vạn niên 2027 - Lịch âm 2027 - Lịch dương 2027, tết Âm lịch 2027 sẽ rơi vào các ngày sau:

- Mùng 1 Tết Nguyên Đán 2027 sẽ rơi vào Thứ bảy, ngày 06 tháng 02 năm 2027 dương lịch.

- Mùng 2 Tết Nguyên Đán 2027 sẽ rơi vào Chủ nhật, ngày 07 tháng 02 năm 2027 dương lịch.

- Mùng 3 Tết Nguyên Đán 2027 sẽ rơi vào Thứ hai, ngày 08 tháng 02 năm 2027 dương lịch.

Dưới đây là Lịch Vạn niên 2027 - Lịch âm 2027 - Lịch dương 2027 chi tiết, đầy đủ 365 ngày tương ứng âm và dương:

Lịch Tháng 1 năm 2027

Lịch Tháng 2 năm 2027

Lịch Tháng 3 năm 2027

Lịch Tháng 4 năm 2027

Lịch Tháng 5 năm 2027

Lịch Tháng 6 năm 2027

Lịch Tháng 7 năm 2027

Lịch Tháng 8 năm 2027

Lịch Tháng 9 năm 2027

Lịch Tháng 10 năm 2027

Lịch Tháng 11 năm 2027

Lịch Tháng 12 năm 2027

* Trên đây là Thông tin Lịch Vạn niên 2027 - Lịch âm 2027 - Lịch dương 2027 chi tiết, đầy đủ 365 ngày tương ứng âm và dương?

Lịch Vạn niên 2027 - Lịch âm 2027 - Lịch dương 2027 chi tiết, đầy đủ 365 ngày tương ứng âm và dương? (Hình từ Internet)

Căn cứ Điều 115 Bộ luật Lao động 2019 quy định nghỉ việc riêng, nghỉ không hưởng lương:

Theo quy định trên, người lao động được nghỉ việc riêng mà vẫn hưởng nguyên lương các ngày sau:

- Kết hôn: nghỉ 03 ngày

- Con đẻ, con nuôi kết hôn: nghỉ 01 ngày

- Cha đẻ, mẹ đẻ, cha nuôi, mẹ nuôi; cha đẻ, mẹ đẻ, cha nuôi, mẹ nuôi của vợ hoặc chồng; vợ hoặc chồng; con đẻ, con nuôi chết: nghỉ 03 ngày

Lưu ý: Người lao động phải báo cáo lý do nghỉ việc riêng cho người sử dụng lao động biết và được người sử dụng lao động đồng ý.

Người sử dụng lao động không bảo đảm cho người lao động nghỉ việc riêng thì có thể bị phạt tiền.

Căn cứ Điều 4 Bộ luật Lao động 2019 quy định chính sách của Nhà nước về lao động như sau:

- Bảo đảm quyền và lợi ích hợp pháp, chính đáng của người lao động, người làm việc không có quan hệ lao động; khuyến khích những thỏa thuận bảo đảm cho người lao động có điều kiện thuận lợi hơn so với quy định của pháp luật về lao động.

- Bảo đảm quyền và lợi ích hợp pháp của người sử dụng lao động, quản lý lao động đúng pháp luật, dân chủ, công bằng, văn minh và nâng cao trách nhiệm xã hội.

- Tạo điều kiện thuận lợi đối với hoạt động tạo việc làm, tự tạo việc làm, dạy nghề và học nghề để có việc làm; hoạt động sản xuất, kinh doanh thu hút nhiều lao động; áp dụng một số quy định của Bộ luật này đối với người làm việc không có quan hệ lao động.

- Có chính sách phát triển, phân bố nguồn nhân lực; nâng cao năng suất lao động; đào tạo, bồi dưỡng và nâng cao trình độ, kỹ năng nghề cho người lao động; hỗ trợ duy trì, chuyển đổi nghề nghiệp, việc làm cho người lao động; ưu đãi đối với người lao động có trình độ chuyên môn, kỹ thuật cao đáp ứng yêu cầu của cách mạng công nghiệp, sự nghiệp công nghiệp hóa, hiện đại hóa đất nước.

- Có chính sách phát triển thị trường lao động, đa dạng các hình thức kết nối cung, cầu lao động.

- Thúc đẩy người lao động và người sử dụng lao động đối thoại, thương lượng tập thể, xây dựng quan hệ lao động tiến bộ, hài hòa và ổn định.

- Bảo đảm bình đẳng giới; quy định chế độ lao động và chính sách xã hội nhằm bảo vệ lao động nữ, lao động là người khuyết tật, người lao động cao tuổi, lao động chưa thành niên.

Điều 112. Nghỉ lễ, tết

1. Người lao động được nghỉ làm việc, hưởng nguyên lương trong những ngày lễ, tết sau đây:

a) Tết Dương lịch: 01 ngày (ngày 01 tháng 01 dương lịch);

b) Tết Âm lịch: 05 ngày;

[...]

Điều 115. Nghỉ việc riêng, nghỉ không hưởng lương

1. Người lao động được nghỉ việc riêng mà vẫn hưởng nguyên lương và phải thông báo với người sử dụng lao động trong trường hợp sau đây:

a) Kết hôn: nghỉ 03 ngày;

b) Con đẻ, con nuôi kết hôn: nghỉ 01 ngày;

c) Cha đẻ, mẹ đẻ, cha nuôi, mẹ nuôi; cha đẻ, mẹ đẻ, cha nuôi, mẹ nuôi của vợ hoặc chồng; vợ hoặc chồng; con đẻ, con nuôi chết: nghỉ 03 ngày.

2. Người lao động được nghỉ không hưởng lương 01 ngày và phải thông báo với người sử dụng lao động khi ông nội, bà nội, ông ngoại, bà ngoại, anh, chị, em ruột chết; cha hoặc mẹ kết hôn; anh, chị, em ruột kết hôn.

3. Ngoài quy định tại khoản 1 và khoản 2 Điều này, người lao động có thể thỏa thuận với người sử dụng lao động để nghỉ không hưởng lương.","giao-thong-van-tai","","","","2026-05-20T00:00:00","https://thuvienphapluat.vn/hoi-dap-phap-luat/lich-van-nien-2027--lich-am-2027--lich-duong-2027-chi-tiet-day-du-365-ngay-tuong-ung-am-va-duong-138057531.html","2026-05-21T19:46:33.365268+00:00"
"138066888","Chính thức đã có lịch nghỉ lễ Quốc khánh 2/9/2026 cho người lao động?","Chính thức đã có lịch nghỉ lễ Quốc khánh 2/9/2026 cho người lao động?

Năm 2026 kỷ niệm bao nhiêu năm Quốc khánh nước Cộng hòa XHCN Việt Nam?

Người lao động được nghỉ hưởng nguyên lương mấy ngày vào dịp lễ Quốc khánh 2 tháng 9?

Xem thêm:

>>> Kéo dài lịch nghỉ Giỗ tổ hùng vương, 30/4 và 1/5 9 ngày liên tục năm 2026 khi nào?

Căn cứ theo Thông báo 9441/TB-BNV năm 2025 về việc nghỉ tết Âm lịch, nghỉ lễ Quốc khánh năm 2026 đối với cán bộ, công chức viên chức và người lao động như sau:

Như vậy, lịch nghỉ lễ Quốc Khánh 2/9/2026 cho người lao động cụ thể như sau:

- Đối với cán bộ, công chức, viên chức và người lao động của các cơ quan hành chính, sự nghiệp, tổ chức chính trị, tổ chức chính trị - xã hội:

+ 05 ngày từ thứ Bảy ngày 29/8/2026 đến hết thứ Tư ngày 2/9/2026.

- Đối với người lao động ngoài khu vực nhà nước (không thuộc đối tượng nêu tại khoản 1 Thông báo 9441/TB-BNV năm 2025):

+ Người sử dụng lao động quyết định lựa chọn 01 trong 02 phương án nghỉ lễ Quốc khánh 2026 sau:

[1] Nghỉ thứ Tư ngày 02/9/2026 và thứ Ba ngày 01/9/2026

[2] Nghỉ thứ Tư ngày 02/9/2026 và thứ Năm ngày 03/9/2026 Dương lịch.

Xem thêm:

>>> Kỷ niệm 100 năm Quốc khánh nước Cộng hòa XHCN Việt Nam là năm bao nhiêu?

>>> Chính thức lịch nghỉ lễ Quốc khánh 2026 kéo dài 5 ngày liên tiếp đúng không?

*Trên đây là nội dung thông tin về Chính thức đã có lịch nghỉ lễ Quốc khánh 2 9 2026 cho người lao động?

Chính thức đã có lịch nghỉ lễ Quốc khánh 2 9 2026 cho người lao động? (Hình từ Internet)

Căn cứ theo Điều 4 Nghị định 145/2013/NĐ-CP quy định về các ngày lễ lớn như sau:

Theo đó, ngày 2 tháng 9 năm 1945 là Ngày Quốc khánh nước Cộng hòa xã hội chủ nghĩa Việt Nam.

Như vậy, năm 2026 kỷ niệm 81 năm Quốc khánh nước Cộng hòa XHCN Việt Nam.

Căn cứ theo Điều 112 Bộ luật Lao động 2019 quy định về nghỉ lễ, tết như sau:

Như vậy, người lao động được nghỉ hưởng nguyên lương 02 ngày vào dịp lễ Quốc khánh 2 tháng 9 (ngày 02 tháng 9 dương lịch và 01 ngày liền kề trước hoặc sau).

[...]

2. Công chức, viên chức được nghỉ dịp lễ Quốc khánh năm 2026 như sau: Nghỉ 02 ngày theo quy định gồm ngày 02/9/2026 Dương lịch và 01 ngày liền kề trước là ngày 01/9/2026 Dương lịch; Hoán đổi từ ngày làm việc thứ Hai ngày 31/8/2026 Dương lịch sang ngày nghỉ hằng tuần thứ Bảy ngày 22/8/2026 Dương lịch (nghỉ thứ Hai ngày 31/8/2026 và làm bù vào ngày thứ Bảy ngày 22/8/2026).

[...]

6. Đối với người lao động không thuộc đối tượng quy định tại khoản 1 Thông báo này, người sử dụng lao động quyết định lựa chọn phương án nghỉ tết Âm lịch, nghỉ lễ Quốc khánh năm 2026 như sau:

- Dịp tết Âm lịch: Lựa chọn nghỉ 01 ngày cuối năm Ất Tỵ và 04 ngày đầu năm Bính Ngọ hoặc 02 ngày cuối năm Ất Tỵ và 03 ngày đầu năm Bính Ngọ hoặc 03 ngày cuối năm Ất Tỵ và 02 ngày đầu năm Bính Ngọ.

- Dịp lễ Quốc khánh: Nghỉ thứ Tư ngày 02/9/2026 Dương lịch và lựa chọn nghỉ 01 trong 02 ngày: thứ Ba ngày 01/9/2026 hoặc thứ Năm ngày 03/9/2026 Dương lịch.

- Thông báo phương án nghỉ tết Âm lịch và nghỉ lễ Quốc khánh năm 2026 cho người lao động trước khi thực hiện ít nhất 30 ngày.

- Nếu ngày nghỉ hằng tuần trùng với ngày nghỉ lễ, tết quy định tại khoản 1 Điều 112 của Bộ luật Lao động thì người lao động được nghỉ bù ngày nghỉ hằng tuần vào ngày làm việc kế tiếp theo quy định tại khoản 3 Điều 111 Bộ luật Lao động.

- Khuyến khích người sử dụng lao động áp dụng thời gian nghỉ tết Âm lịch, nghỉ lễ Quốc khánh năm 2026 cho người lao động như quy định đối với công chức, viên chức; Khuyến khích những thỏa thuận có lợi hơn cho người lao động.

[...]

Điều 4. Các ngày lễ lớn

Các ngày lễ lớn trong nước bao gồm:

1. Ngày Tết Nguyên đán (01 tháng Giêng Âm lịch).

2. Ngày thành lập Đảng Cộng sản Việt Nam (03-02-1930).

3. Ngày Giỗ Tổ Hùng Vương (10-3 Âm lịch).

4. Ngày Giải phóng miền Nam, thống nhất đất nước (30-4-1975).

5. Ngày Chiến thắng Điện Biên Phủ (07-5-1954).

6. Ngày sinh Chủ tịch Hồ Chí Minh (19-5-1890).

7. Ngày Cách mạng Tháng Tám (19-8-1945) và Ngày Quốc khánh nước Cộng hòa xã hội chủ nghĩa Việt Nam (02-9-1945).

Điều 112. Nghỉ lễ, tết

1. Người lao động được nghỉ làm việc, hưởng nguyên lương trong những ngày lễ, tết sau đây:

a) Tết Dương lịch: 01 ngày (ngày 01 tháng 01 dương lịch);

b) Tết Âm lịch: 05 ngày;

c) Ngày Chiến thắng: 01 ngày (ngày 30 tháng 4 dương lịch);

d) Ngày Quốc tế lao động: 01 ngày (ngày 01 tháng 5 dương lịch);

đ) Quốc khánh: 02 ngày (ngày 02 tháng 9 dương lịch và 01 ngày liền kề trước hoặc sau);

e) Ngày Giỗ Tổ Hùng Vương: 01 ngày (ngày 10 tháng 3 âm lịch).

2. Lao động là người nước ngoài làm việc tại Việt Nam ngoài các ngày nghỉ theo quy định tại khoản 1 Điều này còn được nghỉ thêm 01 ngày Tết cổ truyền dân tộc và 01 ngày Quốc khánh của nước họ.

3. Hằng năm, căn cứ vào điều kiện thực tế, Thủ tướng Chính phủ quyết định cụ thể ngày nghỉ quy định tại điểm b và điểm đ khoản 1 Điều này.","giao-thong-van-tai","","","","2026-05-20T00:00:00","https://thuvienphapluat.vn/hoi-dap-phap-luat/chinh-thuc-da-co-lich-nghi-le-quoc-khanh-292026-cho-nguoi-lao-dong-138066888.html","2026-05-21T19:46:39.538794+00:00"
"138090921","Chính thức bỏ kê khai thuế TNCN tháng 4/2026 chuyển sang kê khai quý 2 ra sao?","Chính thức bỏ kê khai thuế TNCN tháng 4/2026 chuyển sang kê khai quý 2 ra sao?

Tải mẫu tờ khai thuế TNCN tháng/quý Mẫu 05 KK TNCN ở đâu?

Mức giảm trừ gia cảnh áp dụng khi quyết toán thuế TNCN trong năm 2026 là bao nhiêu?

>>> Hiểu thế nào bỏ kê khai thuế TNCN theo tháng từ năm 2026?

>>> Bỏ tờ khai thuế TNCN tháng 5/2026 thay bằng tờ khai quý 2/2026 đúng không?

>>> THÔNG TIN quan trọng về Tờ khai 05/KK-TNCN theo TT80 khi bỏ kê khai theo tháng chuyển sang quý thế nào?

>>> Tờ khai 05/KK-TNCN tháng 4, 5, 6/2026 chính thức bỏ khai theo tháng chuyển sang kê khai quý 2/2026 ra sao?

>>> Quyết định 1109/QĐ-BTC năm 2026 bỏ kê khai thuế TNCN tháng 4/2026 chuyển sang kê khai quý 2 quy định cụ thể ra sao?

>>> Hạn nộp tờ khai thuế TNCN quý 2 năm 2026 là khi nào?

>>> Doanh thu bao nhiêu thì khai thuế TNCN tháng theo thủ tục tại Quyết định 1109 năm 2026?

***

>>> Kê khai thuế TNCN theo quý thì có khai thuế GTGT theo quý không?

>>> Đã nộp tiền thuế tháng 4 2026 thì xử lý như thế nào khi bỏ khai thuế TNCN theo tháng?

>>> Xử lý tờ khai thuế TNCN tháng 4/2026 đã nộp khi bỏ kê khai thuế TNCN theo tháng như thế nào?

***

>>> Hiểu thế nào về bỏ TTHC 2002235 khai thuế TNCN tháng theo quy định mới nhất?

Xem thêm:

>>> Bỏ TTHC 2.002235 kê khai quý/tháng bỏ kê khai tháng thì kê khai thuế TNCN theo trình tự nào?

>>> CHÍNH THỨC bỏ tờ khai thuế TNCN tháng 4-5-6/2026 thay bằng tờ khai quý 2/2026 đúng hay không?

>>> Hướng dẫn thủ tục khai thuế TNCN tháng 4-5-6/2026 theo thủ tục mới sau khi bỏ khai tháng ra sao?

>>> Hướng dẫn sửa lỗi kỳ kê khai tháng không được phép nộp tờ khai, vui lòng chọn lại kỳ kê khai phù hợp ra sao?

>>> Chính thức bỏ kê khai thuế TNCN tháng 4/2026 chuyển sang kê khai quý 2 ra sao?

Căn cứ Quyết định 1109/QĐ-BTC năm 2026 của Bộ Tài chính về việc công bố thủ tục hành chính được sửa đổi, bổ sung, bãi bỏ trong lĩnh vực quản lý thuế, hải quan thuộc phạm vi chức năng quản lý của Bộ Tài chính.

Đối với thủ tục hành chính nộp tờ khai thuế TNCN tháng Tờ khai 05 KK TNCN Mã [2.002235] được sửa đổi như sau:

Khai thuế thu nhập cá nhân quý của tổ chức, cá nhân trả thu nhập khấu trừ thuế đối với tiền lương, tiền công (Mã số TTHC 2.002235)

- Trình tự thực hiện:

+Bước 1.

++ Tổ chức, cá nhân trả thu nhập có phát sinh khấu trừ thuế chuẩn bị hồ sơ khai thuế, gửi đến cơ quan Thuế. Thời hạn nộp hồ sơ khai thuế quý chậm nhất là ngày cuối cùng của tháng đầu tiên của quý tiếp theo quý phát sinh nghĩa vụ thuế. Nếu ngày cuối cùng trùng ngày nghi/lễ, hạn cuối cùng được chuyển sang ngày làm việc tiếp theo.

(Thủ tục đăng ký chứng từ khấu trừ thuế TNCN được thực hiện riêng theo quy định tại Nghị định 70/2025/NĐ-CP của Chính phủ).

+ Bước 2. Cơ quan thuế tiếp nhận:

++ Trường hợp hồ sơ được nộp trực tiếp tại cơ quan thuế hoặc hồ sơ được gửi qua đường bưu chính: cơ quan thuế thực hiện tiếp nhận, giải quyết hồ sơ theo quy định.

++ Trường hợp hồ sơ được nộp thông qua giao dịch điện tử, việc tiếp nhận, kiểm tra, chấp nhận, giải quyết hồ sơ (và trả kết quả nếu có kết quả) thông qua hệ thống xử lý dữ liệu điện tử của cơ quan thuế

- Cách thức thực hiện:

+ Trực tiếp: Tại TTPVHCC cấp tỉnh, xã

+Thông qua dịch vụ bưu chính công ích theo quy định của Thủ tướng Chính phủ, qua thuê dịch vụ của doanh nghiệp, cá nhân hoặc qua ủy quyền theo quy định của pháp luật;

+ Trực tuyến: Qua Cổng dịch vụ công quốc gia

- Thành phần, số lượng hồ sơ:

+ Thành phần hồ sơ gồm:

++ Tờ khai thuế thu nhập cá nhân (áp dụng đối với tổ chức, cá nhân trả các khoản thu nhập từ tiền lương, tiền công) mẫu số 05/KK-TNCN theo Phụ lục I - Danh mục hồ sơ khai thuế ban hành kèm theo Nghị định số 126/2020/NĐ-CP ngày 19/10/2020 của Chính phủ và Phụ lục II - Mẫu biểu hồ sơ khai thuế ban hành kèm theo Thông tư số 80/2021/TT-BTC ngày 29/9/2021/TT-BTC của Bộ trưởng Bộ Tài chính.

++ Phụ lục bảng xác định số thuế thu nhập cá nhân phải nộp cho các địa phương được hưởng nguồn thu mẫu số 05-1/PBT-KK-TNCN theo Phụ lục I - Danh mục hồ sơ khai thuế ban hành kèm theo Nghị định số 126/2020/NĐ-CP ngày 19/10/2020 của Chính phủ và Phụ lục II - Mẫu biểu hồ sơ khai thuế ban hành theo Thông tư 80/2021/TT-BTC

>> Như vậy, theo nội dung sửa đổi tại Quyết định 1109/QĐ-BTC năm 2026, việc kê khai thuế TNCN theo tháng đối với Tờ khai mẫu 05/KK-TNCN đã được chuyển sang thực hiện theo quý. Theo đó, doanh nghiệp, tổ chức trả thu nhập phát sinh khấu trừ thuế trong tháng 4/2026 sẽ thực hiện kê khai gộp vào quý II/2026 và nộp hồ sơ khai thuế chậm nhất vào ngày cuối cùng của tháng đầu tiên của quý tiếp theo theo quy định.

Chính thức bỏ kê khai thuế TNCN tháng 4/2026 chuyển sang kê khai quý 2 ra sao? (Hình từ Internet)

Tờ khai thuế thu nhập cá nhân với thu nhập từ tiền lương, tiền công hiện đang áp dụng Mẫu 05/KK-TNCN ban hành kèm theo Thông tư 80/2021/TT-BTC được sửa đổi bởi điểm g khoản 7 Điều 1 Thông tư 40/2025/TT-BTC, có dạng như sau:

>> Tải mẫu tờ khai thuế TNCN Tờ khai 05 KK TNCN: TẢI VỀ

Ghi chú:

- Tờ khai này chỉ áp dụng đối với tổ chức, cá nhân phát sinh trả thu nhập từ tiền lương, tiền công cho cá nhân trong tháng/quý, không phân biệt có phát sinh khấu trừ thuế hay không phát sinh khấu trừ thuế.

- Kỳ khai thuế theo tháng áp dụng đối với tổ chức, cá nhân trả thu nhập có tổng doanh thu bán hàng hóa và cung cấp dịch vụ của năm trước liền kề trên 50 tỷ đồng hoặc trường hợp tổ chức, cá nhân trả thu nhập lựa chọn khai thuế theo tháng.

- Kỳ khai thuế theo quý áp dụng đối với tổ chức, cá nhân trả thu nhập có tổng doanh thu bán hàng hóa và cung cấp dịch vụ của năm trước liền kề từ 50 tỷ đồng trở xuống, bao gồm cả tổ chức, cá nhân trả thu nhập không phát sinh doanh thu bán hàng hóa và cung cấp dịch vụ.

Tại tiểu mục 1 Mục A Công văn 1296/CT-NVT năm 2026 có hướng dẫn mức giảm trừ gia cảnh như sau:

Đối với kỳ quyết toán 2025 người nộp thuế thực hiện quyết toán TNCN trong năm 2026 áp dụng mức giảm trừ gia cảnh được xác định theo quy định tại Nghị quyết 954/2020/UBTVQH14 năm 2020 của Ủy ban Thường vụ Quốc hội, cụ thể như sau:

+ Mức giảm trừ đối với đối tượng nộp thuế là 11 triệu đồng/tháng (132 triệu đồng/năm);

+ Mức giảm trừ đối với mỗi người phụ thuộc là 4,4 triệu đồng/tháng.

Tại kỳ tính thuế này người nộp thuế chưa được áp dụng mức giảm trừ gia cảnh theo Nghị quyết 110/2025/UBTVQH15 năm 2026 (Mức 15,5 triệu đồng/tháng đối với NTT và 6,2 triệu đồng/tháng đối với người phụ thuộc)","giao-thong-van-tai","","","","2026-05-20T00:00:00","https://thuvienphapluat.vn/hoi-dap-phap-luat/chinh-thuc-bo-ke-khai-thue-tncn-thang-42026-chuyen-sang-ke-khai-quy-2-ra-sao-138090921.html","2026-05-21T19:46:45.432622+00:00"
"138059892","Lịch thi THPT quốc gia 2026: diễn ra vào ngày 11/6-12/6/2026 (dự kiến) đúng không?","Lịch thi THPT quốc gia 2026: diễn ra vào ngày 11/6-12/6/2026 (dự kiến) đúng không?

Đối tượng dự thi THPT quốc gia gồm những ai?

Đối tượng được đặc cách thi THPT quốc gia gồm những ai?

Căn cứ Điều 1 Quyết định 2269/QĐ-BGDĐT năm 2025 TẢI VỀ như sau:

Như vậy, lịch thi THPT quốc gia 2026 dự kiến diễn ra trong ngày 11 và ngày 12 tháng 6 năm 2026.

Căn cứ tại Tiểu mục 1 Mục 1 Công văn 1257/BGDĐT-QLCL năm 2026 kỳ thi tốt nghiệp THPT 2026 chính thức sẽ diễn ra vào ngày 11/6/2026 và ngày 12/6/2026.

Trên đây là thông tin về ""Lịch thi THPT quốc gia 2026: diễn ra vào ngày 11/6-12/6/2026 (dự kiến) đúng không?"".

Hệ thống Group Hỗ Trợ thi THPT 2026: Cập nhật thủ tục + thông tin + đề ôn + đề thi:

- Nhóm Tổng hợp + Tỉnh, thành: Tại đây

- Nhóm Môn Thi: Tại đây

- Nhóm Ôn Thi Theo Khối: Tại đây

- Nhóm Điểm Chuẩn: Tại đây

Lịch thi THPT quốc gia 2026: diễn ra vào ngày 11/6-12/6/2026 (dự kiến) đúng không? (Hình từ Internet)

Theo khoản 1 Điều 19 Quy chế thi tốt nghiệp trung học phổ thông ban hành kèm theo Thông tư 24/2024/TT-BGDĐT quy định như sau:

Theo đó, đối tượng dự thi THPT quốc gia gồm:

- Người đã hoàn thành Chương trình GDPT/GDTX trong năm tổ chức kỳ thi;

- Người đã hoàn thành Chương trình GDPT/GDTX nhưng chưa tốt nghiệp THPT ở những năm trước;

- Người đã có Bằng tốt nghiệp THPT dự thi để lấy kết quả làm cơ sở đăng ký xét tuyển sinh;

- Người đã có Bằng tốt nghiệp trung cấp dự thi để lấy kết quả làm cơ sở đăng ký xét tuyển sinh.

Theo Điều 40 Quy chế thi tốt nghiệp trung học phổ thông ban hành kèm theo Thông tư 24/2024/TT-BGDĐT quy định về đối tượng được đặc cách thi THPT quốc gia như sau:

(1) Người học được xét đặc cách tốt nghiệp THPT trong trường hợp bị tai nạn, bị ốm hoặc có việc đột xuất đặc biệt trước ngày thi không quá 10 ngày hoặc ngay trong buổi thi đầu tiên, không thể dự thi và thuộc các đối tượng dưới đây:

- Người đã hoàn thành Chương trình GDPT/GDTX trong năm tổ chức kỳ thi;

- Người đã hoàn thành Chương trình GDPT/GDTX nhưng chưa tốt nghiệp THPT ở những năm trước;

(2) Người học được xét đặc cách tốt nghiệp THPT trong trường hợp bị tai nạn, bị ốm hay có việc đột xuất đặc biệt sau khi đã thi ít nhất một bài thi và không thể tiếp tục dự thi hoặc sau khi bị tai nạn, bị ốm hay có việc đột xuất đặc biệt tự nguyện dự thi số bài thi còn lại và thuộc các đối tượng dưới đây:

- Người đã hoàn thành Chương trình GDPT/GDTX trong năm tổ chức kỳ thi;

- Người đã hoàn thành Chương trình GDPT/GDTX nhưng chưa tốt nghiệp THPT ở những năm trước;

(3) Các đối tượng là vận động viên đủ điều kiện được xét đặc cách tốt nghiệp THPT:

- Vận động viên đang học tập tại các cơ sở giáo dục, cơ sở giáo dục nghề nghiệp được triệu tập vào đội tuyển thể thao quốc gia, đội tuyển thể thao của các tỉnh, thành phố trực thuộc trung ương, các ngành để tập huấn và thi đấu thì được cơ quan sử dụng vận động viên chi trả học phí theo quy định của pháp luật.

- Vận động viên đạt thành tích xuất sắc trong các giải thi đấu thể thao quốc gia hoặc quốc tế được xét đặc cách tốt nghiệp trung học cơ sở, trung học phổ thông nếu thời gian thi trùng với thời gian vận động viên tập huấn ở nước ngoài hoặc tham dự thi đấu tại các giải thể thao quốc tế.

Điều 1. Ban hành khung kế hoạch thời gian năm học 2025 - 2026 đối với giáo dục mầm non, giáo dục phổ thông và giáo dục thường xuyên áp dụng trong toàn quốc như sau:

1. Tựu trường sớm nhất trước 01 tuần so với ngày tổ chức khai giảng. Riêng đối với lớp 1, lớp 9, lớp 12 tựu trường sớm nhất trước 02 tuần so với ngày tổ chức khai giảng.

2. Tổ chức khai giảng vào ngày 05 tháng 9 năm 2025.

3. Kết thúc học kỳ I trước ngày 18 tháng 01 năm 2026, hoàn thành chương trình và kết thúc năm học trước ngày 31 tháng 5 năm 2026.

4. Xét công nhận hoàn thành chương trình tiểu học và xét công nhận tốt nghiệp trung học cơ sở trước ngày 30 tháng 6 năm 2026.

5. Hoàn thành tuyển sinh các lớp đầu cấp trước ngày 31 tháng 7 năm 2026.

6. Thi tốt nghiệp trung học phổ thông năm 2026 dự kiến diễn ra trong ngày 11 và ngày 12 tháng 6 năm 2026.

7. Các kỳ thi cấp quốc gia khác được tổ chức theo quy định và hướng dẫn của Bộ Giáo dục và Đào tạo.

[...]

Điều 19. Đối tượng, điều kiện dự thi

1. Đối tượng dự thi gồm:

a) Người đã hoàn thành Chương trình GDPT/GDTX trong năm tổ chức kỳ thi;

b) Người đã hoàn thành Chương trình GDPT/GDTX nhưng chưa tốt nghiệp THPT ở những năm trước;

c) Người đã có Bằng tốt nghiệp THPT dự thi để lấy kết quả làm cơ sở đăng ký xét tuyển sinh;

d) Người đã có Bằng tốt nghiệp trung cấp dự thi để lấy kết quả làm cơ sở đăng ký xét tuyển sinh.

2. Điều kiện dự thi:

a) Các đối tượng dự thi phải ĐKDT và nộp đầy đủ các giấy tờ đúng thời hạn;

b) Đối tượng quy định tại điểm d khoản 1 Điều này phải bảo đảm đã học và thi đạt yêu cầu đủ khối lượng kiến thức văn hóa THPT theo quy định của Luật Giáo dục và các văn bản hướng dẫn hiện hành của Bộ GDĐT.","giao-thong-van-tai","","","","2026-05-20T00:00:00","https://thuvienphapluat.vn/hoi-dap-phap-luat/lich-thi-thpt-quoc-gia-2026-dien-ra-vao-ngay-1161262026-du-kien-dung-khong-138059892.html","2026-05-21T19:46:49.967262+00:00"
"138062956","Lịch nghỉ lễ 2027 - Tổng hợp các ngày lễ 2027 ở Việt Nam chi tiết ra sao?","Lịch nghỉ lễ 2027 - Tổng hợp các ngày lễ 2027 ở Việt Nam chi tiết ra sao?

Nghỉ giải lao theo tính chất của công việc có được tính vào thời giờ làm việc được hưởng lương không?

Cách tính ngày nghỉ hằng năm trong một số trường hợp đặc biệt được quy định cụ thể ra sao?

Lịch nghỉ lễ 2027 - Tổng hợp các ngày lễ 2027 ở Việt Nam chi tiết dưới đây:

Các ngày nghỉ lễ được hưởng nguyên lương trong năm 2027

Căn cứ Điều 112 Bộ luật Lao động 2019 quy định về nghỉ lễ, tết, năm 2027 người lao động được nghỉ các ngày lễ, tết sau đây:

(1) Tết Dương lịch: 01 ngày (ngày 01 tháng 01 dương lịch);

(2) Tết Âm lịch: 05 ngày;

(3) Ngày Chiến thắng: 01 ngày (ngày 30 tháng 4 dương lịch);

(4) Ngày Quốc tế lao động: 01 ngày (ngày 01 tháng 5 dương lịch);

(5) Quốc khánh: 02 ngày (ngày 02 tháng 9 dương lịch và 01 ngày liền kề trước hoặc sau);

(6) Ngày Giỗ Tổ Hùng Vương: 01 ngày (ngày 10 tháng 3 âm lịch).

Lưu ý: Hằng năm, căn cứ vào điều kiện thực tế, sẽ có quyết định cụ thể ngày nghỉ Tết Âm lịch và Quốc khánh.

Các ngày lễ, sự kiện khác trong năm tại Việt Nam và quốc tế

Tên ngày lễ

Ngày

Ông Táo chầu trời

30 tháng 1, 2027

Chiến thắng Ngọc Hồi - Đống Đa

10 tháng 2, 2027

Ngày thành lập Đảng

3 tháng 2, 2027

Tết Nguyên Tiêu

20 tháng 2, 2027

Quốc tế Phụ nữ

8 tháng 3, 2027

Ngày Sách Việt Nam

21 tháng 4, 2027

Ngày Chiến thắng Điện Biện Phủ

7 tháng 5, 2027

Lễ Phật đản

20 tháng 5, 2027

Ngày sinh Chủ tịch Hồ Chí Minh

19 tháng 5, 2027

Tết Đoan ngọ

9 tháng 6, 2027

Ngày quốc tế Thiếu nhi

1 tháng 6, 2027

Ngày Gia đình Việt Nam

28 tháng 6, 2027

Ngày Thương Binh Liệt Sĩ

27 tháng 7, 2027

Ngày cách mạng Tháng Tám

19 tháng 8, 2027

Rằm Tháng Bảy, Vu Lan

16 tháng 8, 2027

Tết Trung thu

15 tháng 9, 2027

Ngày giải phóng Thủ Đô

10 tháng 10, 2027

Ngày Phụ nữ Việt Nam

20 tháng 10, 2027

Ngày Nhà giáo Việt Nam

20 tháng 11, 2027

Ngày hội Quốc phòng Toàn dân

22 tháng 12, 2027

[...]

* Trên đây là Thông tin Lịch nghỉ lễ 2027 - Tổng hợp các ngày lễ 2027 ở Việt Nam chi tiết ra sao?

Lịch nghỉ lễ 2027 - Tổng hợp các ngày lễ 2027 ở Việt Nam chi tiết ra sao? (Hình từ Internet)

Căn cứ Điều 58 Nghị định 145/2020/NĐ-CP có quy định thời giờ được tính vào thời giờ làm việc được hưởng lương như sau:

Như vậy, theo quy định, nghỉ giải lao theo tính chất của công việc thuộc một trong những trường hợp được tính vào thời giờ làm việc được hưởng lương.

Căn cứ Điều 66 Nghị định 145/2020/NĐ-CP, cách tính ngày nghỉ hằng năm trong một số trường hợp đặc biệt như sau:

- Số ngày nghỉ hằng năm của người lao động làm việc chưa đủ 12 tháng theo quy định tại khoản 2 Điều 113 Bộ luật Lao động 2019 được tính như sau: lấy số ngày nghỉ hằng năm cộng với số ngày được nghỉ tăng thêm theo thâm niên (nếu có), chia cho 12 tháng, nhân với số tháng làm việc thực tế trong năm để tính thành số ngày được nghỉ hằng năm.

- Trường hợp người lao động làm việc chưa đủ tháng, nếu tổng số ngày làm việc và ngày nghỉ có hưởng lương của người lao động (nghỉ lễ, tết, nghỉ hằng năm, nghỉ việc riêng có hưởng lương theo Điều 112, Điều 113, Điều 114 và Điều 115 Bộ luật Lao động 2019) chiếm tỷ lệ từ 50% số ngày làm việc bình thường trong tháng theo thỏa thuận thì tháng đó được tính là 01 tháng làm việc để tính ngày nghỉ hằng năm.

- Toàn bộ thời gian người lao động làm việc tại các cơ quan, tổ chức, đơn vị thuộc khu vực nhà nước và doanh nghiệp nhà nước được tính là thời gian làm việc để tính ngày nghỉ hằng năm tăng thêm theo quy định tại Điều 114 Bộ luật Lao động 2019 nếu người lao động tiếp tục làm việc tại các cơ quan, tổ chức, đơn vị thuộc khu vực nhà nước và doanh nghiệp nhà nước.

Điều 58. Thời giờ được tính vào thời giờ làm việc được hưởng lương

1. Nghỉ giữa giờ quy định khoản 2 Điều 64 Nghị định này.

2. Nghỉ giải lao theo tính chất của công việc.

3. Nghỉ cần thiết trong quá trình lao động đã được tính trong định mức lao động cho nhu cầu sinh lý tự nhiên của con người.

4. Thời giờ nghỉ đối với lao động nữ khi mang thai hoặc nuôi con dưới 12 tháng tuổi, trong thời gian hành kinh theo quy định tại khoản 2 và khoản 4 Điều 137 của Bộ luật Lao động.

5. Thời giờ phải ngừng việc không do lỗi của người lao động.

6. Thời giờ hội họp, học tập, tập huấn do yêu cầu của người sử dụng lao động hoặc được người sử dụng lao động đồng ý.

7. Thời giờ người học nghề, tập nghề trực tiếp hoặc tham gia lao động theo quy định tại khoản 5 Điều 61 của Bộ luật Lao động.

8. Thời giờ mà người lao động là thành viên ban lãnh đạo của tổ chức đại diện người lao động tại cơ sở được sử dụng để thực hiện nhiệm vụ theo quy định tại khoản 2 và khoản 3 Điều 176 của Bộ luật Lao động.

9. Thời giờ khám sức khỏe, khám phát hiện bệnh nghề nghiệp, giám định y khoa để xác định mức độ suy giảm khả năng lao động do tai nạn lao động, bệnh nghề nghiệp, nếu thời giờ đó được thực hiện theo sự bố trí hoặc do yêu cầu của người sử dụng lao động.

10. Thời giờ đăng ký, khám, kiểm tra sức khỏe nghĩa vụ quân sự, nếu thời giờ đó được hưởng nguyên lương theo quy định của pháp luật về nghĩa vụ quân sự.","giao-thong-van-tai","","","","2026-05-20T00:00:00","https://thuvienphapluat.vn/hoi-dap-phap-luat/lich-nghi-le-2027--tong-hop-cac-ngay-le-2027-o-viet-nam-chi-tiet-ra-sao-138062956.html","2026-05-21T19:47:08.015662+00:00"
"138091384","CHÍNH THỨC bỏ tờ khai thuế TNCN tháng 4-5-6/2026 thay bằng tờ khai quý 2/2026 đúng hay không?","CHÍNH THỨC bỏ tờ khai thuế TNCN tháng 4-5-6/2026 thay bằng tờ khai quý 2/2026 đúng hay không?

Hạn chót nộp tờ khai thuế TNCN tháng 4 2026 là khi nào?

Hạn chót nộp tờ khai thuế TNCN quý 2 2026 là khi nào?

>>> Hiểu thế nào về bỏ TTHC 2002235 khai thuế TNCN tháng theo quy định mới nhất?

Xem thêm:

>>> Bỏ TTHC 2.002235 kê khai quý/tháng bỏ kê khai tháng thì kê khai thuế TNCN theo trình tự nào?

>>> Tờ khai 05/KK-TNCN tháng 4, 5, 6/2026 chính thức bỏ khai theo tháng chuyển sang kê khai quý 2/2026 ra sao?

>>> CHÍNH THỨC bỏ tờ khai thuế TNCN tháng 4-5-6/2026 thay bằng tờ khai quý 2/2026 đúng hay không?

>>> Hướng dẫn thủ tục khai thuế TNCN tháng 4-5-6/2026 theo thủ tục mới sau khi bỏ khai tháng ra sao?

>>> Hướng dẫn sửa lỗi kỳ kê khai tháng không được phép nộp tờ khai, vui lòng chọn lại kỳ kê khai phù hợp ra sao?

>>> Chính thức bỏ kê khai thuế TNCN tháng 4/2026 chuyển sang kê khai quý 2 ra sao?

Ngày 08/05/2026 Bộ Tài chính đã ban hành Quyết định 1109/QĐ-BTC năm 2026 công bố thủ tục hành chính được sửa đổi, bổ sung, bãi bỏ trong lĩnh vực quản lý thuế, hải quan

Theo đó đã sửa đổi bổ sung Thủ tục hành chính 2.002235 Khai thuế thu nhập cá nhân tháng/quý của tỔ chức, cá nhân trả thu nhập khấu trừ thuế đối với tiền lương, tiền công

Theo thủ tục trên thì không còn kê khai theo tháng, theo đó CHÍNH THỨC bỏ tờ khai thuế TNCN tháng và thay bằng tờ khai quý từ ngày 8/5/2026.

Như vậy đối với khai thuế TNCN tháng 4-5-6 năm 2026 sẽ được chuyển sang thành khai thuế TNCN quý 2 năm 2026.

*Bài viết CHÍNH THỨC bỏ tờ khai thuế TNCN tháng 4-5-6/2026 thay bằng tờ khai quý 2/2026 đúng hay không?

CHÍNH THỨC bỏ tờ khai thuế TNCN tháng 4 5 6 2026 thay bằng tờ khai quý 2 2026 đúng hay không? (Hình từ Internet)

Căn cứ tại khoản 1 Điều 44 Luật Quản lý thuế 2019 quy định về thời hạn nộp hồ sơ khai thuế cụ thể như sau:

Như vậy, hạn chót nộp tờ khai thuế TNCN tháng 4 2026 là ngày 20/5/2026.

Căn cứ tại điểm b khoản 1 Điều 44 Luật Quản lý thuế 2019 quy định về thời hạn nộp hồ sơ khai thuế cụ thể như sau:

Hạn chót nộp tờ khai thuế TNCN quý 2 2026 là 31/7/2026.

*Bài viết CHÍNH THỨC bỏ tờ khai thuế TNCN tháng 4 5 6 2026 thay bằng tờ khai quý 2 2026 đúng hay không?

6. Khai thuế thu nhập cá nhân quý của tổ chức, cá nhân trả thu nhập khấu trừ thuế đối với tiền lương, tiền công (Mã số TTHC 2.002235)

- Trình tự thực hiện:

+Bước 1.

++ Tổ chức, cá nhân trả thu nhập có phát sinh khấu trừ thuế chuẩn bị hồ sơ khai thuế, gửi đến cơ quan Thuế. Thời hạn nộp hồ sơ khai thuế quý chậm nhất là ngày cuối cùng của tháng đầu tiên của quý tiếp theo quý phát sinh nghĩa vụ thuế. Nếu ngày cuối cùng trùng ngày nghỉ lễ, hạn cuối cùng được chuyển sang ngày làm việc tiếp theo.

(Thủ tục đăng ký chứng từ khấu trừ thuế TNCN được thực hiện riêng theo quy định tại Nghị định 70/2025/NĐ-CP của Chính phủ).

[...]

Điều 44. Thời hạn nộp hồ sơ khai thuế

1. Thời hạn nộp hồ sơ khai thuế đối với loại thuế khai theo tháng, theo quý được quy định như sau:

a) Chậm nhất là ngày thứ 20 của tháng tiếp theo tháng phát sinh nghĩa vụ thuế đối với trường hợp khai và nộp theo tháng;

b) Chậm nhất là ngày cuối cùng của tháng đầu của quý tiếp theo quý phát sinh nghĩa vụ thuế đối với trường hợp khai và nộp theo quý.

2. Thời hạn nộp hồ sơ khai thuế đối với loại thuế có kỳ tính thuế theo năm được quy định như sau:

a) Chậm nhất là ngày cuối cùng của tháng thứ 3 kể từ ngày kết thúc năm dương lịch hoặc năm tài chính đối với hồ sơ quyết toán thuế năm; chậm nhất là ngày cuối cùng của tháng đầu tiên của năm dương lịch hoặc năm tài chính đối với hồ sơ khai thuế năm;

b) Chậm nhất là ngày cuối cùng của tháng thứ 4 kể từ ngày kết thúc năm dương lịch đối với hồ sơ quyết toán thuế thu nhập cá nhân của cá nhân trực tiếp quyết toán thuế;

c) Chậm nhất là ngày 15 tháng 12 của năm trước liền kề đối với hồ sơ khai thuế khoán của hộ kinh doanh, cá nhân kinh doanh nộp thuế theo phương pháp khoán; trường hợp hộ kinh doanh, cá nhân kinh doanh mới kinh doanh thì thời hạn nộp hồ sơ khai thuế khoán chậm nhất là 10 ngày kể từ ngày bắt đầu kinh doanh.

[...]

Điều 44. Thời hạn nộp hồ sơ khai thuế

1. Thời hạn nộp hồ sơ khai thuế đối với loại thuế khai theo tháng, theo quý được quy định như sau:

a) Chậm nhất là ngày thứ 20 của tháng tiếp theo tháng phát sinh nghĩa vụ thuế đối với trường hợp khai và nộp theo tháng;

b) Chậm nhất là ngày cuối cùng của tháng đầu của quý tiếp theo quý phát sinh nghĩa vụ thuế đối với trường hợp khai và nộp theo quý.

2. Thời hạn nộp hồ sơ khai thuế đối với loại thuế có kỳ tính thuế theo năm được quy định như sau:

a) Chậm nhất là ngày cuối cùng của tháng thứ 3 kể từ ngày kết thúc năm dương lịch hoặc năm tài chính đối với hồ sơ quyết toán thuế năm; chậm nhất là ngày cuối cùng của tháng đầu tiên của năm dương lịch hoặc năm tài chính đối với hồ sơ khai thuế năm;

b) Chậm nhất là ngày cuối cùng của tháng thứ 4 kể từ ngày kết thúc năm dương lịch đối với hồ sơ quyết toán thuế thu nhập cá nhân của cá nhân trực tiếp quyết toán thuế;

c) Chậm nhất là ngày 15 tháng 12 của năm trước liền kề đối với hồ sơ khai thuế khoán của hộ kinh doanh, cá nhân kinh doanh nộp thuế theo phương pháp khoán; trường hợp hộ kinh doanh, cá nhân kinh doanh mới kinh doanh thì thời hạn nộp hồ sơ khai thuế khoán chậm nhất là 10 ngày kể từ ngày bắt đầu kinh doanh.

[...]","giao-thong-van-tai","","","","2026-05-20T00:00:00","https://thuvienphapluat.vn/hoi-dap-phap-luat/chinh-thuc-bo-to-khai-thue-tncn-thang-4562026-thay-bang-to-khai-quy-22026-dung-hay-khong-138091384.html","2026-05-21T19:47:12.713157+00:00"
"138091146","Xe ô tô tạm dừng tham gia giao thông bao nhiêu ngày thì không chịu phí sử dụng đường bộ?","Xe ô tô tạm dừng tham gia giao thông bao nhiêu ngày thì không chịu phí sử dụng đường bộ?

Miễn phí sử dụng đường bộ trong trường hợp nào?

Nguyên tắc hoạt động đường bộ là gì?

Như vậy, xe ô tô tạm dừng tham gia giao thông liên tục từ 30 ngày trở lên thì không chịu phí sử dụng đường bộ.

Căn cứ theo Điều 3 Nghị định 364/2025/NĐ-CP quy định về các trường hợp không chịu phí như sau:

>>> Xem thêm: Hướng dẫn ủy nhiệm lập biên lai thu phí sử dụng đường bộ 2026 thế nào?

>>> Xem thêm: Mức thu phí sử dụng đường bộ đối với xe ô tô từ 2026 chi tiết thế nào?

Xe ô tô tạm dừng tham gia giao thông bao nhiêu ngày thì không chịu phí sử dụng đường bộ? (Hình từ Internet)

Theo Điều 4 Nghị định 364/2025/NĐ-CP quy định miễn phí sử dụng đường bộ đối với người nộp phí cho các loại xe ô tô sau:

[1] Xe cứu thương.

[2] Xe chữa cháy.

[3] Xe chuyên dùng phục vụ tang lễ, gồm:

- Xe có kết cấu chuyên dùng phục vụ tang lễ, bao gồm: xe tang, xe tải lạnh dùng để lưu xác và chở xác.

- Xe liên quan phục vụ tang lễ là xe chỉ sử dụng cho hoạt động tang lễ có chứng nhận đăng ký xe mang tên doanh nghiệp, hộ kinh doanh, cá nhân kinh doanh phục vụ tang lễ, bao gồm: xe chở khách đi cùng xe tang, xe tải chở hoa, xe rước ảnh. Doanh nghiệp, hộ kinh doanh, cá nhân kinh doanh phục vụ tang lễ có văn bản cam kết các loại xe này chỉ sử dụng cho hoạt động tang lễ gửi cơ sở đăng kiểm khi kiểm định xe, trong đó nêu cụ thể số lượng xe, biển số xe theo từng loại.

[4] Xe chuyên dùng phục vụ quốc phòng là xe mang biển số nền màu đỏ, chữ và số màu trắng dập chìm có gắn các thiết bị chuyên dụng cho quốc phòng, bao gồm: xe xi téc, xe cần cẩu, xe chở lực lượng vũ trang hành quân được hiểu là xe chở người có từ 12 chỗ ngồi trở lên, xe vận tải có mui che và được lắp đặt ghế ngồi trong thùng xe, xe kiểm soát, xe kiểm tra quân sự, xe chuyên dùng chở phạm nhân, xe cứu hộ, cứu nạn, xe thông tin vệ tinh và Các xe ô tô đặc chủng khác phục vụ quốc phòng.

[5] Xe chuyên dùng của các đơn vị thuộc hệ thống tổ chức của công an nhân dân bao gồm:

- Xe cảnh sát giao thông có in dòng chữ “CẢNH SÁT GIAO THÔNG’’ ở hai bên thân xe.

- Xe cảnh sát 113 có in dòng chữ “CẢNH SÁT 113” ở hai bên thân xe.

- Xe cảnh sát cơ động có in dòng chữ “CẢNH SÁT CƠ ĐỘNG” ở hai bên thân xe.

- Xe vận tải có lắp ghế ngồi trong thùng xe của lực lượng công an nhân dân làm nhiệm vụ.

- Xe chở phạm nhân, xe cứu hộ, cứu nạn và các xe chuyên dùng khác của Bộ Công an.

- Xe đặc chủng, bao gồm: xe thông tin vệ tinh, xe chống đạn, xe phòng chống khủng bố, chống bạo loạn và các xe đặc chủng khác của Bộ Công an.

Tại Điều 3 Luật Đường bộ 2024 quy định nguyên tắc hoạt động đường bộ như sau:

- Bảo đảm giao thông thông suốt, an toàn, kết nối đồng bộ, hiệu quả, thân thiện với môi trường, phục vụ nhu cầu vận tải hàng hóa và đi lại thuận tiện của người dân, góp phần phát triển kinh tế - xã hội, bảo đảm quốc phòng, an ninh và bảo vệ môi trường, phòng, chống thiên tai, hội nhập quốc tế.

- Phát triển đường bộ theo quy hoạch; sử dụng hiệu quả các nguồn lực; kết nối phương thức vận tải đường bộ với các phương thức vận tải khác; tăng cường ứng dụng khoa học, công nghệ tiên tiến, bảo đảm văn minh, hiện đại và đồng bộ.

- Thực hiện thống nhất trên cơ sở phân công, phân cấp trách nhiệm, quyền hạn cụ thể, đồng thời có sự phối hợp chặt chẽ giữa các Bộ, ngành và chính quyền địa phương các cấp.

- Mọi hành vi vi phạm pháp luật về hoạt động đường bộ phải được phát hiện, ngăn chặn kịp thời, xử lý nghiêm minh, đúng pháp luật.

Điều 3. Các trường hợp không chịu phí

1. Xe ô tô quy định tại khoản 1 Điều 2 Nghị định này không chịu phí sử dụng đường bộ trong các trường hợp sau:

a) Xe bị hư hỏng không sử dụng được; xe bị thải bỏ, bị mất không tìm được và chủ xe đề nghị thu hồi chứng nhận đăng ký xe, biển số xe theo quy định pháp luật về trật tự, an toàn giao thông đường bộ.

b) Xe bị tịch thu; xe bị tạm giữ trong thời gian từ 30 ngày trở lên.

c) Xe tạm dừng tham gia giao thông liên tục từ 30 ngày trở lên.

d) Xe của doanh nghiệp, hợp tác xã, liên hiệp hợp tác xã (sau đây gọi chung là doanh nghiệp), hộ kinh doanh, cá nhân kinh doanh không tham gia giao thông, không sử dụng đường dành cho giao thông công cộng (chỉ được cấp Giấy chứng nhận kiểm định và không cấp Tem kiểm định theo quy định về kiểm định an toàn kỹ thuật và bảo vệ môi trường phương tiện giao thông cơ giới đường bộ của Bộ Xây dựng) hoặc xe đang tham gia giao thông, sử dụng đường dành cho giao thông công cộng (đã được cấp Giấy chứng nhận kiểm định và cấp Tem kiểm định theo quy định về kiểm định an toàn kỹ thuật và bảo vệ môi trường phương tiện giao thông cơ giới đường bộ của Bộ Xây dựng) chuyển sang không tham gia giao thông, không sử dụng đường dành cho giao thông công cộng.

[...]","giao-thong-van-tai","","","","2026-05-19T00:00:00","https://thuvienphapluat.vn/hoi-dap-phap-luat/xe-o-to-tam-dung-tham-gia-giao-thong-bao-nhieu-ngay-thi-khong-chiu-phi-su-dung-duong-bo-138091146.html","2026-05-21T19:44:38.429715+00:00"
"138091187","Toàn văn Thông tư 18/2026/TT-BXD về Chương trình an toàn hàng không dân dụng Việt Nam thế nào?","Toàn văn Thông tư 18/2026/TT-BXD về Chương trình an toàn hàng không dân dụng Việt Nam thế nào?

Báo cáo sự cố an toàn hàng không bắt buộc gồm những gì?

Chính sách an toàn hàng không dân dụng Việt Nam cụ thể ra sao?

Ngày 30/4/2026, Bộ trưởng Bộ Xây dựng ban hành Thông tư 18/2026/TT-BXD ban hành kèm theo Chương trình an toàn hàng không dân dụng Việt Nam.

Thông tư 18/2026/TT-BXD có hiệu lực thi hành từ ngày 01/7/2026.

Xem toàn bộ Thông tư 18 2026 TT BXD về Chương trình an toàn hàng không dân dụng Việt Nam dưới đây:

TẢI VỀ

Trên đây là thông tin: Toàn văn Thông tư 18 2026 TT BXD về Chương trình an toàn hàng không dân dụng Việt Nam thế nào?

Toàn văn Thông tư 18/2026/TT-BXD về Chương trình an toàn hàng không dân dụng Việt Nam thế nào? (Hình từ Internet)

Căn cứ theo Điều 19 Thông tư 18/2026/TT-BXD quy định về báo cáo sự cố an toàn hàng không bắt buộc bao gồm:

(1) Báo cáo sự cố an toàn hàng không bắt buộc bao gồm:

- Báo cáo tai nạn hàng không;

- Báo cáo sự cố nghiêm trọng;

- Báo cáo sự cố;

- Báo cáo vụ việc.

(2) Các yêu cầu đối với báo cáo sự cố an toàn hàng không bắt buộc:

(i) Tổ chức, cá nhân có liên quan trực tiếp đến sự cố, tai nạn hàng không có trách nhiệm báo cáo ngay lập tức hoặc ngay khi có thể bằng các phương tiện thông tin liên lạc thuận tiện nhất đến Cục Hàng không Việt Nam đối với các sự cố, tai nạn hàng không với các thông tin tối thiểu bao gồm: tóm tắt vụ việc xảy ra, thời gian, địa điểm xảy ra, đánh giá sơ bộ mức độ ảnh hưởng của vụ việc; kế hoạch dự kiến và phương án, hành động khắc phục (nếu có).

(ii) Tổ chức, cá nhân có liên quan trực tiếp đến vụ việc, sự cố, tai nạn hàng không có trách nhiệm gửi Báo cáo sự cố an toàn hàng không bắt buộc đến Cục Hàng không Việt Nam đối với các sự cố, tai nạn hàng không trong thời gian sớm nhất có thể nhưng tối đa không quá 24 giờ kể từ khi phát hiện hoặc xảy ra sự cố, tai nạn hàng không; đối với vụ việc tối đa không quá 72 giờ kể từ khi phát hiện hoặc xảy ra vụ việc; trừ trường hợp bất khả kháng khiến việc báo cáo không thể thực hiện được trong thời hạn nêu trên.

(iii) Tất cả các sự cố, tai nạn hàng không bắt buộc phải báo cáo phải được các tổ chức, cá nhân tiến hành điều tra nội bộ hoặc có xác minh, đánh giá, phân loại, xác định nguyên nhân và có các biện pháp ngăn chặn, khắc phục, phòng ngừa tái diễn; đồng thời, có báo cáo kết luận điều tra nội bộ hoặc thông tin xác minh, đánh giá về Cục Hàng không Việt Nam không quá 30 ngày kể từ ngày xảy ra sự cố, tai nạn hàng không.

Trường hợp cần thêm thời gian điều tra, xác minh phải báo cáo Cục Hàng không Việt Nam và đề xuất thời gian báo cáo cuối cùng.

(iv) Danh mục các sự cố, vụ việc an toàn hàng không bắt buộc phải báo cáo được quy định tại Phụ lục III ban hành kèm theo Thông tư 18/2026/TT-BXD và mẫu báo cáo sự cố an toàn hàng không bắt buộc được quy định tại Phụ lục IV ban hành kèm theo Thông tư 18/2026/TT-BXD, riêng báo cáo sự cố va chạm chim, động vật hoang dã, vật nuôi với tàu bay thực hiện theo quy định của pháp luật về cảng hàng không, bãi cất, hạ cánh và quản lý an toàn hàng không.

Tổ chức, cá nhân được phép sử dụng bản giấy hoặc bản điện tử hoặc báo cáo dạng số do Cục Hàng không Việt Nam triển khai.

(v) Các tổ chức, cá nhân liên quan trực tiếp đến vụ việc, sự cố, tai nạn hàng không xảy ra tại cảng hàng không hoặc bãi cất, hạ cánh có trách nhiệm thông báo ngay, cung cấp đầy đủ các thông tin theo quy định tại (i) (2) cho người khai thác cảng hàng không hoặc bãi cất, hạ cánh và báo cáo Cảng vụ hàng không.

Căn cứ theo Điều 6 Thông tư 18/2026/TT-BXD quy định về chính sách an toàn hàng không dân dụng Việt Nam như sau:

(1) Chính sách an toàn hàng không Việt Nam bao gồm các nội dung sau đây:

- Bảo đảm an toàn hàng không là mục tiêu cao nhất trong hoạt động hàng không dân dụng;

- Quản lý an toàn trên cơ sở chủ động nhận diện mối nguy, đánh giá, kiểm soát và giảm thiểu rủi ro an toàn hàng không;

- Kết hợp giám sát tuân thủ với giám sát dựa trên rủi ro và theo kết quả thực hiện an toàn;

- Thúc đẩy báo cáo an toàn, chia sẻ, phổ biến thông tin an toàn và áp dụng, thúc đẩy văn hóa an toàn trong hoạt động hàng không dân dụng;

- Bảo đảm nguồn lực, nhân lực và các điều kiện cần thiết cho việc bảo đảm an toàn hàng không dân dụng Việt Nam.

(2) Cục Hàng không Việt Nam có trách nhiệm tổ chức thực hiện chính sách quy định tại (1); hướng dẫn, kiểm tra, giám sát việc thực hiện trong toàn ngành hàng không dân dụng; định kỳ hàng năm rà soát, đề xuất Bộ Xây dựng khi cần thiết việc cập nhật chính sách an toàn hàng không dân dụng Việt Nam phù hợp với quy định của ICAO và thực tiễn hoạt động hàng không Việt Nam.

(3) Tổ chức, cá nhân tham gia hoạt động hàng không dân dụng có trách nhiệm bảo đảm đáp ứng các chính sách an toàn hàng không dân dụng Việt Nam theo quy định tại (1).","giao-thong-van-tai","","","","2026-05-18T00:00:00","https://thuvienphapluat.vn/hoi-dap-phap-luat/toan-van-thong-tu-182026ttbxd-ve-chuong-trinh-an-toan-hang-khong-dan-dung-viet-nam-the-nao-138091187.html","2026-05-21T19:44:45.116626+00:00"
"138091051","Xe máy có niên hạn sử dụng không?","Xe máy có niên hạn sử dụng không?

Xe hết niên hạn sử dụng khi lưu thông trên đường có bị tịch thu không?

Năm sản xuất của xe được xác định như thế nào từ 01/7/2026?

Căn cứ tại điểm a khoản 3 Điều 40 Luật Trật tự, an toàn giao thông đường bộ 2024 quy định về niên hạn sử dụng của xe cơ giới như sau:

Theo đó thì xe máy KHÔNG không bị áp dụng niên hạn sử dụng.

*Bài viết Xe máy có niên hạn sử dụng không?

Xe máy có niên hạn sử dụng không? (Hình từ Internet)

Căn cứ tại khoản 17 Điều 32 Nghị định 168/2024/NĐ-CP quy định về xử phạt, trừ điểm giấy phép lái xe đối với chủ phương tiện vi phạm quy định liên quan đến giao thông đường bộ như sau:

Như vậy, Xe hết niên hạn sử dụng khi lưu thông trên đường sẽ bị tịch thu theo quy định,

Đối với trường hợp sử dụng phương tiện kinh doanh vận tải có niên hạn sử dụng không bảo đảm điều kiện của hình thức kinh doanh đã đăng ký thì sẽ bị phạt tiền từ 5.000.000 đồng đến 6.000.000 đồng đối với cá nhân, từ 10.000.000 đồng đến 12.000.000 đồng đối với tổ chức kinh doanh vận tải, dịch vụ hỗ trợ vận tải (theo điểm i khoản 7 Điều 26 Nghị định 168/2024/NĐ-CP).

Căn cứ tại khoản 1 Điều 19 Nghị định 89/2026/NĐ-CP có hiệu lực từ 01/07/2026 quy định về xác định năm sản xuất của xe cơ giới như sau:

[1] Năm sản xuất của xe được xác định căn cứ vào thông tin về năm sản xuất tại một trong các tài liệu theo thứ tự ưu tiên sau đây:

- Giấy chứng nhận chất lượng an toàn kỹ thuật và bảo vệ môi trường xe cơ giới nhập khẩu đối với xe nhập khẩu; phiếu kiểm tra chất lượng xuất xưởng đối với xe sản xuất, lắp ráp trong nước;

- Thông tin năm sản xuất của nhà sản xuất gắn trên xe;

- Kết quả tra cứu từ nhà sản xuất hoặc tài liệu do nhà sản xuất cung cấp.

[2] Xe không có tài liệu, hồ sơ, cơ sở nêu tại khoản 1 Điều 19 Nghị định 89/2026/NĐ-CP được coi là hết niên hạn sử dụng.

*Bài viết Xe máy có niên hạn sử dụng không?

Điều 40. Niên hạn sử dụng của xe cơ giới

1. Niên hạn sử dụng của xe cơ giới được tính bắt đầu từ năm sản xuất xe đến hết ngày 31 tháng 12 của năm hết niên hạn sử dụng.

2. Niên hạn sử dụng của xe cải tạo được quy định như sau:

a) Xe có niên hạn sử dụng cải tạo thành xe không có niên hạn sử dụng thì áp dụng quy định về niên hạn của xe trước khi cải tạo;

b) Xe không có niên hạn sử dụng cải tạo thành xe có niên hạn sử dụng thì áp dụng quy định về niên hạn của xe sau khi cải tạo;

[...]

3. Các trường hợp xe cơ giới không áp dụng niên hạn sử dụng bao gồm:

a) Xe mô tô, xe gắn máy, xe ô tô chở người có số người cho phép chở đến 08 người (không kể người lái xe), xe ô tô chuyên dùng, rơ moóc, sơ mi rơ moóc;

b) Xe cơ giới của quân đội, công an phục vụ mục đích quốc phòng, an ninh.

4. Chính phủ quy định chi tiết Điều này.

Điều 32. Xử phạt, trừ điểm giấy phép lái xe đối với chủ phương tiện vi phạm quy định liên quan đến giao thông đường bộ

[...]

17. Tịch thu phương tiện đối với chủ xe ô tô, xe chở người bốn bánh có gắn động cơ, xe chở hàng bốn bánh có gắn động cơ, xe máy chuyên dùng, xe mô tô, xe gắn máy và các loại xe tương tự xe ô tô, xe mô tô, xe gắn máy thực hiện một trong các hành vi vi phạm sau đây:

a) Cắt, hàn, tẩy xoá, đục sửa, đóng lại trái phép số khung, số động cơ (số máy); đưa phương tiện đã bị cắt, hàn, tẩy xoá, đục sửa, đóng lại trái phép số khung, số động cơ (số máy) tham gia giao thông;

b) Cải tạo xe ô tô loại khác thành xe ô tô chở người;

c) Đưa phương tiện quá niên hạn sử dụng tham gia giao thông, trừ hành vi vi phạm quy định tại điểm i khoản 7 Điều 26 của Nghị định này;

d) Tái phạm hành vi quy định tại khoản 5 Điều này (trong trường hợp chở vượt trên 100% số người quy định được phép chở của phương tiện);

đ) Tái phạm hành vi quy định tại khoản 6 Điều này (trong trường hợp chở vượt trên 100% số người quy định được phép chở của phương tiện);

e) Tái phạm hành vi quy định tại điểm h khoản 14 Điều này;

g) Tái phạm hành vi quy định tại điểm b khoản 16 Điều này.

...","giao-thong-van-tai","","","","2026-05-18T00:00:00","https://thuvienphapluat.vn/hoi-dap-phap-luat/xe-may-co-nien-han-su-dung-khong-138091051.html","2026-05-21T19:44:51.530777+00:00"
"138091049","Có được giữ lại biển đăng ký xe khi xe hết niên hạn sử dụng không?","Có được giữ lại biển đăng ký xe khi xe hết niên hạn sử dụng không?

Xe máy có niên hạn sử dụng không?

Quy định về xác định niên hạn sử dụng của xe cơ giới từ 01/7/2026 thực hiện như thế nào?

Căn cứ tại điểm b khoản 3 Điều 36 Luật Trật tự, an toàn giao thông đường bộ 2024 quy định về biển số xe như sau:

Như vậy, trong trường hợp xe hết niên hạn sử dụng thì chủ xe được giữ lại số biển số xe trong thời hạn 05 năm để đăng ký cho xe khác thuộc sở hữu của mình.

Sau thời hạn 05 năm nêu trên nếu chủ xe không đăng ký cho xe khác thì cơ quan đăng ký xe sẽ thu hồi và nhập số biển số này vào kho để cấp cho tổ chức, cá nhân khác trừ trường hợp chuyển nhượng, trao đổi, tặng cho, để thừa kế xe gắn với biển số xe trúng đấu giá.

*Trên đây là thông tin bài viết Có được giữ lại biển đăng ký xe khi xe hết niên hạn sử dụng không?

Có được giữ lại biển đăng ký xe khi xe hết niên hạn sử dụng không? (Hình từ Internet)

Căn cứ tại điểm a khoản 3 Điều 40 Luật trật tự, an toàn giao thông đường bộ 2024 quy định về niên hạn sử dụng của xe cơ giới như sau:

Như vậy gắn máy (xe máy) thì KHÔNG áp dụng niên hạn sử dụng.

Căn cứ tại Điều 18 Nghị định 89/2026/NĐ-CP có hiệu lực từ 01/7/2026 quy định về xác định niên hạn sử dụng của xe cơ giới như sau:

[1] Hai mươi lăm (25) năm tính từ năm sản xuất đối với xe ô tô chở hàng (xe ô tô tải), xe ô tô chở hàng chuyên dùng (xe ô tô tải chuyên dùng).

[2] Hai mươi (20) năm tính từ năm sản xuất đối với xe ô tô chở người có số người cho phép chở từ 09 người trở lên (không kể người lái xe), xe ô tô chở trẻ em mầm non, xe ô tô chở học sinh, xe chở hàng bốn bánh có gắn động cơ.

[3] Mười lăm (15) năm tính từ năm sản xuất đối với xe chở người bốn bánh có gắn động cơ.

[4] Niên hạn sử dụng đối với xe tương tự xe cơ giới được áp dụng như các loại xe cơ giới tại khoản 1, khoản 2 và khoản 3 Điều 18 Nghị định 89/2026/NĐ-CP; bảo đảm phù hợp với từng chức năng, công dụng của từng loại xe tương tự.

[5] Danh sách xe hết niên hạn sử dụng được tổng hợp trên cơ sở dữ liệu đăng kiểm xe cơ giới để phục vụ công tác tuần tra, kiểm soát.

*Thông tin bài viết Có được giữ lại biển đăng ký xe khi xe hết niên hạn sử dụng không?

Điều 36. Biển số xe

[...]

3. Biển số xe được quản lý theo mã định danh, trừ biển số xe quy định tại điểm b khoản 2 Điều này. Việc quản lý biển số xe theo mã định danh được quy định như sau:

a) Biển số xe được cấp và quản lý theo mã định danh của chủ xe là cá nhân, tổ chức; trường hợp tổ chức chưa có mã định danh thì quản lý theo mã số thuế, quyết định thành lập hoặc giấy tờ tương đương;

b) Trường hợp xe hết niên hạn sử dụng, hư hỏng không sử dụng được hoặc chuyển quyền sở hữu xe, chủ xe được giữ lại số biển số xe trong thời hạn 05 năm để đăng ký cho xe khác thuộc sở hữu của mình; quá thời hạn nêu trên, số biển số xe đó bị cơ quan đăng ký xe thu hồi, nhập vào kho biển số xe để đăng ký, cấp cho tổ chức, cá nhân khác, trừ trường hợp chuyển nhượng, trao đổi, tặng cho, để thừa kế xe gắn với biển số xe trúng đấu giá;

c) Trường hợp chủ xe có thay đổi thông tin về trụ sở, nơi thường trú, tạm trú thì được giữ lại số biển số xe định danh.

[...]

Điều 40. Niên hạn sử dụng của xe cơ giới

1. Niên hạn sử dụng của xe cơ giới được tính bắt đầu từ năm sản xuất xe đến hết ngày 31 tháng 12 của năm hết niên hạn sử dụng.

2. Niên hạn sử dụng của xe cải tạo được quy định như sau:

a) Xe có niên hạn sử dụng cải tạo thành xe không có niên hạn sử dụng thì áp dụng quy định về niên hạn của xe trước khi cải tạo;

b) Xe không có niên hạn sử dụng cải tạo thành xe có niên hạn sử dụng thì áp dụng quy định về niên hạn của xe sau khi cải tạo;

[...]

3. Các trường hợp xe cơ giới không áp dụng niên hạn sử dụng bao gồm:

a) Xe mô tô, xe gắn máy, xe ô tô chở người có số người cho phép chở đến 08 người (không kể người lái xe), xe ô tô chuyên dùng, rơ moóc, sơ mi rơ moóc;

b) Xe cơ giới của quân đội, công an phục vụ mục đích quốc phòng, an ninh.

4. Chính phủ quy định chi tiết Điều này.","giao-thong-van-tai","","","","2026-05-18T00:00:00","https://thuvienphapluat.vn/hoi-dap-phap-luat/co-duoc-giu-lai-bien-dang-ky-xe-khi-xe-het-nien-han-su-dung-khong-138091049.html","2026-05-21T19:44:58.973956+00:00"
"138090957","Toàn văn Thông tư 54/2026/TT-BTC Quản lý, tính hao mòn, trích khấu hao tài sản hạ tầng thủy lợi thế nào?","Toàn văn Thông tư 54/2026/TT-BTC Quản lý, tính hao mòn, trích khấu hao tài sản hạ tầng thủy lợi thế nào?

Tài sản kết cấu hạ tầng thủy lợi được quy định thế nào?

Tiêu chuẩn tài sản kết cấu hạ tầng thủy lợi xác định là tài sản cố định cần đáp ứng những gì?

Ngày 15/5/2026, Bộ trưởng Bộ Tài chính ban hành Thông tư 54/2026/TT-BTC quy định chế độ quản lý, tính hao mòn, trích khấu hao tài sản kết cấu hạ tầng thủy lợi và hướng dẫn việc kê khai, báo cáo tài sản kết cấu hạ tầng thủy lợi.

Thông tư 54/2026/TT-BTC có hiệu lực thi hành kể từ ngày 15/5/2026 và được áp dụng từ năm tài chính 2026.

Xem toàn bộ Thông tư 54 2026 TT BTC quy định chế độ và hướng dẫn quản lý, tính hao mòn, trích khấu hao tài sản kết cấu hạ tầng thủy lợi dưới đây:

TẢI VỀ

Trên đây là thông tin: Toàn văn Thông tư 54 2026 TT BTC Quản lý, tính hao mòn, trích khấu hao tài sản hạ tầng thủy lợi thế nào?

Toàn văn Thông tư 54/2026/TT-BTC Quản lý, tính hao mòn, trích khấu hao tài sản hạ tầng thủy lợi thế nào? (Hình từ Internet)

Căn cứ theo Điều 3 Thông tư 54/2026/TT-BTC quy định về tài sản kết cấu hạ tầng thủy lợi như sau:

(1) Tài sản kết cấu hạ tầng thủy lợi được xác định nguyên giá, giá trị còn lại, tính hao mòn, trích khấu hao theo quy định tại Thông tư 54/2026/TT-BTC gồm:

- Trụ sở làm việc, nhà trạm quản lý (không bao gồm trụ sở làm việc, văn phòng làm việc của cơ quan, đơn vị, doanh nghiệp được giao quản lý tài sản kết cấu hạ tầng thủy lợi nằm ngoài phạm vi bảo vệ công trình thủy lợi).

- Đập, hồ chứa nước.

- Cống.

- Trạm bom.

- Hệ thống dẫn, chuyển nước.

- Kè.

- Bờ bao thủy lợi.

- Thiết bị quan trắc.

- Kho, bãi vật tư, vật liệu.

- Cột mốc chỉ giới, biển báo.

- Máy móc, thiết bị khác phục vụ quản lý, khai thác công trình thủy lợi.

- Công trình, vật kiến trúc khác phục vụ quản lý, khai thác công trình thủy lợi.

(2) Tài sản kết cấu hạ tầng thủy lợi quy định tại điểm e khoản 3 Điều 12 Nghị định 74/2026/NĐ-CP là tài sản kết cấu hạ tầng thủy lợi đặc thù theo quy định của pháp luật thủy lợi và thực tế không thể xác định được nguyên giá thì quy ước nguyên giá của tài sản đó là 01 đồng.

Cơ quan, đơn vị, doanh nghiệp quản lý tài sản có trách nhiệm thực hiện theo dõi tài sản trên Thuyết minh Báo cáo tài chính theo quy định của pháp luật về kế toán, thực hiện hạch toán riêng phần giá trị đầu tư nâng cấp, mở rộng tài sản theo dự án sử dụng vốn nhà nước được cơ quan, người có thẩm quyền phê duyệt (nếu có) trên sổ kế toán của đơn vị theo quy định; không thực hiện tính hao mòn, trích khấu hao tài sản theo quy định tại Thông tư 54/2026/TT-BTC.

(3) Cơ quan chuyên môn về thủy lợi cấp tỉnh báo cáo Chủ tịch Ủy ban nhân dân cấp tỉnh để quy định cụ thể về danh mục tài sản kết cấu hạ tầng thủy lợi đặc thù quy định tại (2).

Căn cứ theo Điều 4 Thông tư 54/2026/TT-BTC quy định về tiêu chuẩn tài sản kết cấu hạ tầng thủy lợi xác định là tài sản cố định cần đáp ứng như sau:

(1) Xác định tài sản kết cấu hạ tầng thủy lợi quy định tại khoản 1 Điều 3 Thông tư 54/2026/TT-BTC:

- Tài sản kết cấu hạ tầng thủy lợi có kết cấu độc lập được xác định là một tài sản;

- Một hệ thống tài sản kết cấu hạ tầng thủy lợi gồm nhiều bộ phận tài sản riêng lẻ liên kết với nhau để cùng thực hiện một hay một số chức năng nhất định, mà nếu thiếu bất kỳ một bộ phận nào trong đó thì cả hệ thống không thể hoạt động được thì hệ thống đó được xác định là một tài sản.

- Trường hợp tài sản kết cấu hạ tầng thủy lợi là một hệ thống được giao cho nhiều cơ quan, đơn vị, doanh nghiệp quản lý, khai thác thì phần tài sản được giao cho từng cơ quan, đơn vị, doanh nghiệp là một tài sản.

(2) Tài sản kết cấu hạ tầng thủy lợi theo quy định tại (1) được xác định là tài sản cố định khi thỏa mãn đồng thời 02 tiêu chuẩn sau đây:

- Có thời gian sử dụng để tính hao mòn, trích khấu hao từ 01 (một) năm trở lên;

- Có nguyên giá từ 30.000.000 đồng (Ba mươi triệu đồng) trở lên.","giao-thong-van-tai","","","","2026-05-18T00:00:00","https://thuvienphapluat.vn/hoi-dap-phap-luat/toan-van-thong-tu-542026ttbtc-quan-ly-tinh-hao-mon-trich-khau-hao-tai-san-ha-tang-thuy-loi-the-nao-138090957.html","2026-05-21T19:45:05.967620+00:00"
"138070046","Xem lịch âm tháng 3 năm 2026 - Lịch vạn niên tháng 3 năm 2026 đầy đủ, chi tiết, mới nhất ra sao? Tháng 3 2026 có ngày lễ lớn nào không?","Xem lịch âm tháng 3 năm 2026 - Lịch vạn niên tháng 3 năm 2026 đầy đủ, chi tiết, mới nhất ra sao? Tháng 3 2026 có ngày lễ lớn nào không?

Người lao động được kiểm tra, giám sát việc trích nộp kinh phí công đoàn tại nơi làm việc không?

Người lao động được tham gia ý kiến về những nội dung nào?

Xem lịch âm tháng 3 năm 2026 - Lịch vạn niên tháng 3 năm 2026 đầy đủ, chi tiết, mới nhất dưới đây:

Lịch Tháng 3 năm 2026

Lịch Tháng 4 năm 2026

Lịch Tháng 5 năm 2026

Có thể thấy:

Theo lịch vạn niên, Tháng 3 năm 2026 âm lịch bao gồm 30 ngày. Trong đó:

- Ngày 01/3/2026 âm lịch sẽ rơi vào ngày 17/4/2026 dương lịch (Thứ sáu)

- Ngày 30/3/2026 âm lịch là ngày 16/5/2026 dương lịch (Thứ bảy).

Ngoài ra, Tháng 3 năm 2026 dương lịch bao gồm 31 ngày, cụ thể:

- Ngày 01/3/2026 dương lịch rơi vào Chủ nhật nhằm ngày 13/1/2026 âm lịch.

- Ngày 31/3/2026 dương lịch rơi vào Thứ ba nhằm ngày 13/2/2026 âm lịch.

Ngoài ra, tại Điều 4 Nghị định 145/2013/NĐ-CP có quy định về các ngày lễ lớn như sau:

Như vậy, trong tháng 3 năm 2026 theo dương lịch, nước ta không có ngày lễ lớn nào. Tuy nhiên, theo lịch âm, nước ta có Ngày Giỗ Tổ Hùng Vương (10-3 Âm lịch) là ngày lễ lớn.

* Trên đây là Thông tin Xem lịch âm tháng 2 năm 2026 - Lịch vạn niên tháng 2 năm 2026 đầy đủ, chi tiết, mới nhất ra sao? Tháng 2 2026 có ngày lễ lớn nào không?

Xem thêm:

>>> Lịch Vạn niên 2026 - Lịch âm 2026 - Lịch dương 2026 chi tiết, đầy đủ 365 ngày tương ứng âm và dương?

>>> Xem lịch âm tháng 1 năm 2026 - Lịch vạn niên tháng 1 năm 2026 đầy đủ, chi tiết, mới nhất ra sao? Tháng 1 2026 có ngày lễ lớn nào không?

Xem lịch âm tháng 3 năm 2026 - Lịch vạn niên tháng 3 năm 2026 đầy đủ, chi tiết, mới nhất ra sao? Tháng 3 2026 có ngày lễ lớn nào không? (Hình từ Internet)

Căn cứ theo Điều 46 Nghị định 145/2020/NĐ-CP quy định nội dung, hình thức người lao động được kiểm tra, giám sát như sau:

Như vậy, theo quy định, người lao động có quyền kiểm tra, giám sát việc trích nộp kinh phí công đoàn tại nơi làm việc.

Tại khoản 1 Điều 44 Nghị định 145/2020/NĐ-CP quy định người lao động được tham gia ý kiến về những nội dung sau:

- Xây dựng, sửa đổi, bổ sung nội quy, quy chế và các văn bản quy định khác của người sử dụng lao động liên quan đến quyền, nghĩa vụ và lợi ích của người lao động;

- Xây dựng, sửa đổi, bổ sung thang lương, bảng lương, định mức lao động; đề xuất nội dung thương lượng tập thể;

- Đề xuất, thực hiện giải pháp tiết kiệm chi phí, nâng cao năng suất lao động, cải thiện điều kiện làm việc, bảo vệ môi trường, phòng chống cháy nổ;

- Nội dung khác liên quan đến quyền, nghĩa vụ và lợi ích của người lao động theo quy định của pháp luật.

Đồng thời, những nội dung quy định tại khoản 1 Điều 44 Nghị định 145/2020/NĐ-CP mà pháp luật quy định cụ thể hình thức người lao động tham gia ý kiến thì thực hiện theo quy định đó; trường hợp pháp luật không quy định cụ thể hình thức thì người lao động căn cứ vào đặc điểm sản xuất, kinh doanh, tổ chức lao động, nội dung người lao động được tham gia ý kiến và quy chế dân chủ ở cơ sở tại nơi làm việc để lựa chọn hình thức sau đây:

- Tham gia ý kiến trực tiếp hoặc thông qua tổ chức đại diện người lao động tại cơ sở, nhóm đại diện đối thoại của người lao động tại hội nghị người lao động, đối thoại tại nơi làm việc;

- Gửi góp ý, kiến nghị trực tiếp;

- Hình thức khác mà pháp luật không cấm.

Điều 4. Các ngày lễ lớn

Các ngày lễ lớn trong nước bao gồm:

1. Ngày Tết Nguyên đán (01 tháng Giêng Âm lịch).

2. Ngày thành lập Đảng Cộng sản Việt Nam (03-02-1930).

3. Ngày Giỗ Tổ Hùng Vương (10-3 Âm lịch).

4. Ngày Giải phóng miền Nam, thống nhất đất nước (30-4-1975).

5. Ngày Chiến thắng Điện Biên Phủ (07-5-1954).

6. Ngày sinh Chủ tịch Hồ Chí Minh (19-5-1890).

7. Ngày Cách mạng Tháng Tám (19-8-1945) và Ngày Quốc khánh nước Cộng hòa xã hội chủ nghĩa Việt Nam (02-9-1945).

Điều 46. Nội dung, hình thức người lao động được kiểm tra, giám sát

1. Người lao động được kiểm tra, giám sát những nội dung sau:

a) Việc thực hiện hợp đồng lao động và thỏa ước lao động tập thể;

b) Việc thực hiện nội quy lao động, quy chế và các văn bản quy định khác của người sử dụng lao động liên quan đến quyền, nghĩa vụ và lợi ích của người lao động;

c) Việc sử dụng quỹ khen thưởng, quỹ phúc lợi, các quỹ do người lao động đóng góp;

d) Việc trích nộp kinh phí công đoàn, đóng bảo hiểm xã hội, bảo hiểm y tế, bảo hiểm thất nghiệp của người sử dụng lao động;

đ) Việc thực hiện thi đua, khen thưởng, kỷ luật, giải quyết khiếu nại, tố cáo liên quan đến quyền, nghĩa vụ và lợi ích của người lao động.

2. Hình thức kiểm tra, giám sát của người lao động thực hiện theo quy định của pháp luật.","giao-thong-van-tai","","","","2026-05-18T00:00:00","https://thuvienphapluat.vn/hoi-dap-phap-luat/xem-lich-am-thang-3-nam-2026--lich-van-nien-thang-3-nam-2026-day-du-chi-tiet-moi-nhat-ra-sao-thang--138070046.html","2026-05-21T19:47:01.446822+00:00"
"138090944","Lịch CẤM ĐƯỜNG TP Đồng Nai hôm nay 17/5 và 18/5/2026 chi tiết các tuyến đường cấm ra sao?","Lịch CẤM ĐƯỜNG TP Đồng Nai hôm nay 17/5 và 18/5/2026 chi tiết các tuyến đường cấm ra sao?

Thực hiện tổ chức giao thông trên địa bàn TP Đồng Nai hiện nay như thế nào?

Nguyên tắc bảo đảm trật tự, an toàn giao thông đường bộ là gì?

Ngày 15/5/2026, UBND thành phố Đồng Nai đã ban hành thông báo về việc tổ chức phân luồng, tạm cấm lưu thông trên nhiều tuyến đường trọng điểm nhằm bảo đảm trật tự an toàn giao thông phục vụ Lễ công bố Nghị quyết của Quốc hội về thành lập thành phố Đồng Nai diễn ra vào ngày 18/5/2026.

Theo kế hoạch, việc điều tiết giao thông được chia thành 4 giai đoạn với các khung giờ cụ thể trong ngày 17/5 và 18/5/2026, cụ thể như sau:

Diễn giải chi tiết lịch cấm đường TP Đồng Nai hôm nay 17/5 và 18/5/2026:

Giai đoạn 1: Tạm cấm lưu thông khu vực Ngã tư Vũng Tàu và các tuyến trung tâm

Khung giờ cấm đường được áp dụng từ 08h00 đến 09h00 ngày 17/5/2026 và từ 13h00 đến 14h15 ngày 18/5/2026.

Các tuyến đường tạm cấm gồm: khu vực dưới chân cầu vượt Ngã tư Vũng Tàu, đường Lê Văn Duyệt, đường Đặng Văn Trơn, đường Nguyễn Thành Phương và đường Hà Huy Giáp (đoạn từ cầu Ghềnh đến ngã tư Hà Huy Giáp – Võ Thị Sáu).

Trong thời gian này, các phương tiện từ Thành phố Hồ Chí Minh đi Đồng Nai theo Quốc lộ 1A được hướng dẫn lưu thông lên cầu vượt Ngã tư Vũng Tàu, sau đó di chuyển theo hướng vòng xoay Tam Hiệp để đi Hố Nai; rẽ phải vào đường Bùi Văn Hòa để đi Quốc lộ 51; hoặc rẽ trái vào đường Phạm Văn Thuận để vào trung tâm thành phố. Người dân cũng có thể lưu thông theo hướng ngã tư Khu công nghiệp Amata để rẽ vào đường Đồng Khởi.

Đối với chiều từ Đồng Nai đi Thành phố Hồ Chí Minh theo Quốc lộ 1A, các phương tiện lưu thông lên cầu vượt Ngã tư Vũng Tàu. Riêng xe từ Quốc lộ 51 hướng Long Thành đi Thành phố Hồ Chí Minh được lưu thông qua hầm chui cầu vượt Ngã tư Vũng Tàu.

Ngoài ra, các hướng lưu thông thay thế khác gồm tuyến Nguyễn Ái Quốc – cầu Hóa An – Biên Hòa hoặc tuyến Võ Thị Sáu – Phạm Văn Thuận.

Giai đoạn 2: Cấm đường tại khu vực Hà Huy Giáp, Nguyễn Ái Quốc và 30-4

Thời gian áp dụng từ 09h15 đến 10h00 ngày 17/5/2026 và từ 16h30 đến 18h00 ngày 18/5/2026.

Các tuyến đường bị hạn chế lưu thông gồm: đường Hà Huy Giáp; đường 30-4 (đoạn từ Công viên Biên Hùng đến cây xăng Vườn Mít); đường Nguyễn Ái Quốc (đoạn từ Cổng 1 đến đường Lưu Văn Viết) và đường Phạm Văn Thuận (đoạn từ ngã ba Máy Cưa đến cây xăng Vườn Mít).

Theo phương án điều tiết giao thông, các phương tiện từ Trấn Biên, Tam Hiệp đi Biên Hòa lưu thông theo hướng Võ Thị Sáu – cầu Thống Nhất – cầu Bửu Hòa – đường Bùi Hữu Nghĩa.

Chiều ngược lại, phương tiện từ khu vực Biên Hòa, chợ Biên Hòa đi Tam Hiệp di chuyển theo tuyến Cách mạng Tháng Tám – Nguyễn Thành Phương – Võ Thị Sáu – Phạm Văn Thuận.

Giai đoạn 3: Tạm cấm nhiều tuyến cửa ngõ và Quốc lộ 51

Thời gian cấm đường từ 10h15 đến 10h45 ngày 17/5/2026 và từ 18h30 đến 20h00 ngày 18/5/2026.

Các tuyến đường tạm cấm gồm: Nguyễn Ái Quốc, 30-4, Phạm Văn Thuận, Hà Huy Giáp, Nguyễn Thành Phương, Đặng Văn Trơn, Lê Văn Duyệt, khu vực dưới chân cầu vượt Ngã tư Vũng Tàu, Hương lộ 2 và Quốc lộ 51 (đoạn từ Ngã tư Vũng Tàu đến ngã ba Bến Gỗ).

Trong thời gian điều tiết, các phương tiện từ Thành phố Hồ Chí Minh đi trung tâm thành phố Đồng Nai tiếp tục lưu thông lên cầu vượt Ngã tư Vũng Tàu, sau đó di chuyển theo các hướng Bùi Văn Hòa, Phạm Văn Thuận hoặc Đồng Khởi.

Đối với phương tiện từ Quốc lộ 51 hướng Long Thành đi Thành phố Hồ Chí Minh, khi đến khu vực cổng 11 sẽ được hướng dẫn rẽ vào đường Bùi Văn Hòa để kết nối Quốc lộ 1A hoặc đi vào trung tâm thành phố.

Giai đoạn 4: Điều tiết giao thông tại Hương lộ 2 và Quốc lộ 51

Khung giờ cấm lưu thông từ 10h45 đến 11h15 ngày 17/5/2026 và từ 21h30 đến 23h00 ngày 18/5/2026.

Các khu vực bị tạm cấm gồm: đường Hương lộ 2, Quốc lộ 51 (đoạn từ ngã ba Bến Gỗ đến Ngã tư Vũng Tàu) và khu vực dưới chân cầu vượt Ngã tư Vũng Tàu.

Theo phương án phân luồng, các phương tiện từ đường Đặng Văn Trơn được hướng dẫn rẽ phải qua cầu Bửu Hòa, lưu thông theo đường Bùi Hữu Nghĩa để đi Thành phố Hồ Chí Minh hoặc rẽ vào đường Trần Quốc Toản để đi Quốc lộ 51.

Đối với phương tiện trên Quốc lộ 51 từ hướng Long Thành đi Thành phố Hồ Chí Minh sẽ được điều tiết vào đường Bùi Văn Hòa để kết nối Quốc lộ 1A.

* Trên đây là nội dung chi tiết Lịch CẤM ĐƯỜNG TP Đồng Nai hôm nay 17/5 và 18/5/2026 chi tiết các tuyến đường cấm ra sao?

Lịch CẤM ĐƯỜNG TP Đồng Nai hôm nay 17/5 và 18/5/2026 chi tiết các tuyến đường cấm ra sao? (Hình từ Internet)

Về việc thực hiện tổ chức giao thông trên địa bàn TP Đồng Nai Căn cứ Điều 2, Điều 6 Quyết định 20/2026/QĐ-UBND quy định phạm vi hoạt động của phương tiện giao thông trên địa bàn TP Đồng Nai như sau:

(1) Các loại xe hạn chế lưu thông trên các tuyến đường đô thị:

- Xe ô tô tải;

- Xe ô tô vận tải hành khách;

- Cơ quan được giao quản lý đường bộ trực tiếp tổ chức thực hiện cụ thể việc hạn chế phạm vi, thời gian hoạt động của các phương tiện được quy định tại các điểm a, b khoản 1 Điều 6 Quyết định 20/2026/QĐ-UBND.

(2) Các loại xe được phép lưu thông vào các tuyến đường cấm xe ô tô:

- Các xe ưu tiên hoạt động theo quy định của pháp luật.

- Xe buýt hoạt động theo thời gian và lộ trình được phê duyệt.

(3) Các loại xe ô tô tải được phép lưu thông vào các tuyến đường cấm xe ô tô tải trừ các khung giờ cao điểm:

- Xe ô tô tải phục vụ cho việc bảo trì, sửa chữa sự cố, ứng cứu thiên tai trong lĩnh vực chiếu sáng, đèn tín hiệu giao thông, cây xanh, cầu, đường bộ, cấp thoát nước của các đơn vị thực hiện công tác cung ứng sản phẩm dịch vụ công.

- Xe ô tô tải vận chuyển bưu phẩm, bưu kiện, báo chí, xổ số kiến thiết; xe chuyên dùng phục vụ vận chuyển tiền, vàng bạc, ngoại tệ của Kho bạc, Ngân hàng nhà nước có khối lượng chuyên chở cho phép tham gia giao thông đến 3,5 tấn.

- Xe ô tô tải phục vụ cho việc sửa chữa công trình điện của các đơn vị trực thuộc ngành Điện lực, các đơn vị có chức năng truyền tải, phân phối điện năng có khối lượng chuyên chở cho phép tham gia giao thông đến 7,5 tấn.

- Xe ô tô tải phục vụ cho việc sửa chữa hệ thống thông tin liên lạc của các đơn vị có chức năng kinh doanh viễn thông và mạng thông tin trên địa bàn tỉnh có khối lượng chuyên chở cho phép tham gia giao thông đến 7,5 tấn.

- Xe ô tô tải vận chuyển dụng cụ, thiết bị của các cơ quan, đoàn thể, cá nhân phục vụ lễ hội, sự kiện theo chủ trương, kế hoạch của Ủy ban nhân dân tỉnh, Ủy ban nhân dân cấp xã.

- Xe ô tô tải phục vụ làm nhiệm vụ vệ sinh môi trường.

- Xe ô tô của tổ chức, cá nhân trong khu vực tuyến đường cấm phải được chấp thuận bằng văn bản của Công an tỉnh.

Lưu ý:

- Về khung giờ cao điểm:

+ Buổi sáng: Từ 05 giờ 00 phút đến 08 giờ 00 phút.

+ Buổi trưa: Từ 11 giờ 00 phút đến 13 giờ 00 phút.

+ Buổi chiều: Từ 16 giờ 00 phút đến 19 giờ 00 phút.

- Xe ưu tiên theo quy định Luật Trật tự, an toàn giao thông đường bộ 2024 gồm xe chữa cháy của Cảnh sát phòng cháy, chữa cháy và cứu nạn, cứu hộ và xe chữa cháy của các lực lượng khác được huy động đi làm nhiệm vụ chữa cháy; xe của lực lượng quân sự, công an và kiểm sát đi làm nhiệm vụ khẫn cấp; đoàn xe có xe Cảnh sát giao thông dẫn đường; xe cứu thương đi làm nhiệm vụ cấp cứu; xe hộ đê đi làm nhiệm vụ; xe đi làm nhiệm vụ cứu nạn, cứu hộ, khắc phục sự cố thiên tai, dịch bệnh hoặc xe đi làm nhiệm vụ trong tình trạng khẩn cấp theo quy định của pháp luật; đoàn xe tang.

Căn cứ tại Điều 3 Luật Trật tự, an toàn giao thông đường bộ 2024 quy định nguyên tắc bảo đảm trật tự, an toàn giao thông đường bộ như sau:

(1) Tuân thủ Hiến pháp, pháp luật Việt Nam và điều ước quốc tế mà nước Cộng hòa xã hội chủ nghĩa Việt Nam là thành viên.

(2) Bảo đảm giao thông đường bộ được trật tự, an toàn, thông suốt, góp phần phát triển kinh tế - xã hội, bảo đảm quốc phòng, an ninh và bảo vệ môi trường; phòng ngừa vi phạm pháp luật về trật tự, an toàn giao thông đường bộ, tai nạn giao thông đường bộ và ùn tắc giao thông; bảo vệ tính mạng, sức khỏe, tài sản của cá nhân và tài sản của cơ quan, tổ chức.

(3) Bảo đảm trật tự, an toàn giao thông đường bộ là trách nhiệm của cơ quan, tổ chức, cá nhân.

(4) Người tham gia giao thông đường bộ phải chấp hành các quy định của pháp luật về trật tự, an toàn giao thông đường bộ và quy định khác của pháp luật có liên quan, có trách nhiệm giữ an toàn cho mình và cho người khác.

(5) Mọi hành vi vi phạm pháp luật về trật tự, an toàn giao thông đường bộ phải được phát hiện, ngăn chặn kịp thời và phải bị xử lý nghiêm minh theo quy định của pháp luật.

(6) Hoạt động bảo đảm trật tự, an toàn giao thông đường bộ phải công khai, minh bạch và thuận lợi cho người dân.

(7) Công tác bảo đảm trật tự, an toàn giao thông đường bộ được thực hiện thống nhất trên cơ sở phân công, phân cấp, phù hợp với chức năng, nhiệm vụ và sự phối hợp chặt chẽ giữa các cơ quan, tổ chức, cá nhân có liên quan.","giao-thong-van-tai","","","","2026-05-16T00:00:00","https://thuvienphapluat.vn/hoi-dap-phap-luat/lich-cam-duong-tp-dong-nai-hom-nay-175-va-1852026-chi-tiet-cac-tuyen-duong-cam-ra-sao-138090944.html","2026-05-21T19:45:11.848474+00:00"
"138090082","Quy định về xe tải trên 1 tấn vào nội đô TPHCM mới nhất 2026 chi tiết như thế nào?","Quy định về xe tải trên 1 tấn vào nội đô TPHCM mới nhất 2026 chi tiết như thế nào?

Các loại xe tải trên 1 tấn vào nội đô TPHCM mà không bị giờ hạn chế lưu thông?

Nguyên tắc bảo đảm trật tự, an toàn giao thông đường bộ là gì?

Quy định về hạn chế ô tô chở hàng, ô tô tải lưu thông trong khu vực nội đô thành phố Hồ Chí Minh năm 2026 đang áp dụng theo Quyết định 23/2018/QĐ-UBND từ ngày 01/8/2018.

[1] Phạm vi áp dụng

Theo Điều 1 Quy định ban hành kèm theo Quyết định 23/2018/QĐ-UBND được sửa đổi bởi khoản 1 Điều 2 Quyết định 23/2019/QĐ-UBND Quy định này quy định về thời gian hạn chế xe ô tô chở hàng, ô tô tải lưu thông trong khu vực nội đô thành phố nhằm giảm thiểu ùn tắc giao thông và tăng cường đảm bảo trật tự an toàn giao thông trong khu vực nội đô thành phố.

- Các loại phương tiện không bị điều chỉnh bởi Quy định này gồm:

+ Xe quân sự, xe công an, xe chữa cháy đi làm nhiệm vụ.

+ Xe thuộc lực lượng Thanh tra giao thông vận tải đi làm nhiệm vụ.

+ Xe tang.

+ Xe bán tải.

+ Xe tải van có khối lượng chuyên chở cho phép tham gia giao thông dưới 950 kg.

Trong đó ô tô tải (xe tải) theo Điều 2 Quy định ban hành kèm theo Quyết định 23/2018/QĐ-UBND là ô tô để chở hàng hoặc thiết bị chuyên dùng có khối lượng chuyên chở cho phép xác định theo Giấy chứng nhận kiểm định an toàn kỹ thuật và bảo vệ môi trường phương tiện giao thông đường bộ từ 1.500 kg trở lên. Ngoài ra còn được phân thành 2 loại:

- Xe tải nhẹ: bao gồm ô tô chở hàng có khối lượng chuyên chở dưới 1.500 kg (trừ xe bán tải), ô tô tải có khối lượng chuyên chở từ 1.500 kg đến 2.500 kg và xe thí điểm.

- Xe tải nặng: bao gồm ô tô tải có khối lượng chuyên chở trên 2.500 kg, máy kéo, xe máy chuyên dùng, rơ moóc hoặc sơ mi rơ moóc được kéo bởi ô tô.

[2] Đối tượng, thời gian hạn chế lưu thông

Theo Điều 3 Quy định ban hành kèm theo Quyết định 23/2018/QĐ-UBND quy định:

- Xe tải nhẹ không được phép lưu thông vào khu vực nội đô thành phố từ 06 giờ đến 09 giờ và từ 16 giờ đến 20 giờ hàng ngày.

- Xe tải nặng không được phép lưu thông vào khu vực nội đô thành phố từ 06 giờ đến 22 giờ hàng ngày (trừ một số tuyến hành lang được quy định tại Điều 5 Quy định này).

[3] Giới hạn khu vực nội đô thành phố Hồ Chí Minh

i. Khu vực nội đô thành phố Hồ Chí Minh được giới hạn bởi các tuyến đường như sau:

- Hướng Bắc và hướng Tây: đường Quốc lộ 1 (đoạn từ giao lộ Quốc lộ 1 - Xa Lộ Hà Nội đến giao lộ Quốc lộ 1 - đường Nguyễn Văn Linh).

- Hướng Đông: Xa Lộ Hà Nội (đoạn từ giao lộ Quốc lộ 1 - Xa Lộ Hà Nội đến nút giao thông Cát Lái) - đường Mai Chí Thọ - đường Đồng Văn Cống (đến đường Võ Chí Công).

- Hướng Nam: đường Võ Chí Công (từ đường Đồng Văn Cống đến cầu Phú Mỹ) - cầu Phú Mỹ - đường Trên cao (từ cầu Phú Mỹ đến nút giao Khu A Nam Sài Gòn) - đường Nguyễn Văn Linh (đoạn từ nút giao Khu A Nam Sài Gòn đến Quốc lộ 1).

ii. Xe tải nhẹ và xe tải nặng được lưu thông không hạn chế thời gian trên các tuyến vành đai giới hạn nêu trên.

Quy định về xe tải trên 1 tấn vào nội đô TPHCM mới nhất 2026 chi tiết như thế nào? (Hình từ Internet)

Căn cứ Điều 3 Quy định ban hành kèm theo Quyết định 23/2018/QĐ-UBND được bổ sung bởi Khoản 3 Điều 2 Quyết định 23/2019/QĐ-UBND quy định các trường hợp được thông qua phương án lưu thông tạm thời vào giờ hạn chế lưu thông như sau:

- Xe tải có khối lượng chuyên chở từ 1.500 kg trở xuống.

- Xe tải phục vụ cho việc sửa chữa sự cố công trình điện của các Công ty trực thuộc Điện lực, các doanh nghiệp có chức năng truyền tải, phân phối điện năng.

- Xe tải phục vụ cho việc ứng cứu thông tin, sửa chữa sự cố của các Công ty trực thuộc Bưu điện, Viễn thông.

- Xe tải phục vụ cho việc làm nhiệm vụ khắc phục sự cố thiên tai, dịch bệnh hoặc xe đi làm nhiệm vụ trong tình trạng khẩn cấp theo quy định của pháp luật.

- Xe tải phục vụ cho việc bảo trì, sửa chữa sự cố, ứng cứu thiên tai lĩnh vực chiếu sáng công cộng, đèn tín hiệu giao thông, cầu, đường, cấp nước, thoát nước, cây xanh của các doanh nghiệp thực hiện công tác cung ứng sản phẩm dịch vụ công.

- Xe tải vận chuyển máu, chế phẩm máu, ôxy và vắc-xin của doanh nghiệp vận tải có hợp đồng vận chuyển, cung cấp cho bệnh viện, trung tâm y tế, điểm tiêm chủng.

- Xe tải vận chuyển dụng cụ, thiết bị của các cơ quan, đoàn thể, cá nhân phục vụ lễ hội, sự kiện tại thành phố theo chủ trương, kế hoạch của Ủy ban nhân dân thành phố.

- Xe tải vận chuyển đạo cụ các đoàn múa Lân Sư Rồng phục vụ Tết Nguyên Đán hàng năm theo đề nghị bằng văn bản của Sở Văn hóa và Thể thao.

- Xe tải chuyên dùng phục vụ vận chuyển tiền, vàng bạc đá quý của Ngân hàng nhà nước, Kho bạc nhà nước.

- Xe tải chuyên dùng cứu hộ giao thông của doanh nghiệp có chức năng cứu hộ giao thông (tham gia xử lý cẩu, kéo, chở xe ôtô bị sự cố, tai nạn giao thông).

- Xe tải chuyên dùng vận chuyển nước sạch phục vụ nhu cầu đời sống của nhân dân.

- Xe tải nhẹ phục vụ vận chuyển phát hành thư, báo, bưu phẩm, bưu kiện của Bưu điện; Xe thư viện số lưu động.

- Xe tải nhẹ vận chuyển dịch vụ thư của các doanh nghiệp được Sở Thông tin và Truyền thông hoặc Bộ Thông tin và Truyền thông cấp giấy phép cung ứng dịch vụ chuyển phát thư hoặc giấy phép bưu chính để vận chuyển dịch vụ thư.

- Xe tải nhẹ (thùng kín, đông lạnh) vận chuyển một số loại thực phẩm tươi sống (thịt, cá, thủy hải sản), hoa tươi, con giống xuất nhập khẩu của doanh nghiệp có chức năng mua bán, chế biến thực phẩm tươi sống.

- Xe tải nhẹ vận chuyển suất ăn công nghiệp, một số loại thực phẩm tươi sống (thịt, cá, thủy hải sản) của doanh nghiệp có chức năng vận chuyển suất ăn công nghiệp hoặc chế biến thực phẩm tươi sống phục vụ các trung tâm xã hội, trường học, bệnh viện, siêu thị.

- Xe tải nhẹ vận chuyển một số loại thực phẩm (thịt, cá, thủy hải sản, trứng, rau, củ, quả tươi) của các doanh nghiệp tham gia chương trình Bình ổn thị trường theo Kế hoạch của Ủy ban nhân dân thành phố.

* Ngoài ra còn có các phương tiện sau đây được xem xét thông qua phương án lưu thông tạm thời trong các khoảng thời gian từ 09 giờ đến 16 giờ và từ 20 giờ đến 22 giờ:

- Xe tải nặng vận chuyển các loại vật tư, thiết bị phục vụ thi công một số hạng mục đặc thù thuộc các công trình trọng điểm của thành phố.

- Xe tải nặng vận chuyển chất thải nguy hại (theo Quyết định số 85/2007/QĐ-UBND ngày 14 tháng 6 năm 2007 của Ủy ban nhân dân thành phố) theo đề nghị của Sở Tài nguyên và Môi trường; xe thu gom, vận chuyển bùn hầm cầu, bùn nạo vét (theo Quyết định số 73/2007/QĐ-UBND ngày 10 tháng 5 năm 2007 của Ủy ban nhân dân thành phố).

- Xe tải chuyên dùng vận chuyển xăng dầu phục vụ hoạt động hàng không.

- Xe tải chuyên dùng vận chuyển rác thải sinh hoạt, rác thải y tế.

Căn cứ tại Điều 3 Luật Trật tự, an toàn giao thông đường bộ 2024 quy định nguyên tắc bảo đảm trật tự, an toàn giao thông đường bộ như sau:

(1) Tuân thủ Hiến pháp, pháp luật Việt Nam và điều ước quốc tế mà nước Cộng hòa xã hội chủ nghĩa Việt Nam là thành viên.

(2) Bảo đảm giao thông đường bộ được trật tự, an toàn, thông suốt, góp phần phát triển kinh tế - xã hội, bảo đảm quốc phòng, an ninh và bảo vệ môi trường; phòng ngừa vi phạm pháp luật về trật tự, an toàn giao thông đường bộ, tai nạn giao thông đường bộ và ùn tắc giao thông; bảo vệ tính mạng, sức khỏe, tài sản của cá nhân và tài sản của cơ quan, tổ chức.

(3) Bảo đảm trật tự, an toàn giao thông đường bộ là trách nhiệm của cơ quan, tổ chức, cá nhân.

(4) Người tham gia giao thông đường bộ phải chấp hành các quy định của pháp luật về trật tự, an toàn giao thông đường bộ và quy định khác của pháp luật có liên quan, có trách nhiệm giữ an toàn cho mình và cho người khác.

(5) Mọi hành vi vi phạm pháp luật về trật tự, an toàn giao thông đường bộ phải được phát hiện, ngăn chặn kịp thời và phải bị xử lý nghiêm minh theo quy định của pháp luật.

(6) Hoạt động bảo đảm trật tự, an toàn giao thông đường bộ phải công khai, minh bạch và thuận lợi cho người dân.

(7) Công tác bảo đảm trật tự, an toàn giao thông đường bộ được thực hiện thống nhất trên cơ sở phân công, phân cấp, phù hợp với chức năng, nhiệm vụ và sự phối hợp chặt chẽ giữa các cơ quan, tổ chức, cá nhân có liên quan.

* Trên đây là bài viết Quy định về xe tải trên 1 tấn vào nội đô TPHCM mới nhất 2026 chi tiết như thế nào?","giao-thong-van-tai","","","","2026-05-14T00:00:00","https://thuvienphapluat.vn/hoi-dap-phap-luat/quy-dinh-ve-xe-tai-tren-1-tan-vao-noi-do-tphcm-moi-nhat-2026-chi-tiet-nhu-the-nao-138090082.html","2026-05-21T19:45:17.647304+00:00"
"138090093","Đề xuất xe ô tô không kinh doanh chở khách thu tiền có thể bị phạt đến 14 triệu đồng đúng không?","Đề xuất xe ô tô không kinh doanh chở khách thu tiền có thể bị phạt đến 14 triệu đồng đúng không?

Đơn vị kinh doanh vận tải hành khách bằng xe ô tô có trách nhiệm gì?

Quyền và nghĩa vụ của đơn vị kinh doanh vận tải hành khách bằng xe ô tô như thế nào?

Theo đó, đề xuất phạt tiền từ 12.000.000 đồng đến 14.000.000 đồng đối với người điều khiển xe ô tô không kinh doanh vận tải hành khách nhưng chở người có thu tiền

Căn cứ theo Điều 7 Dự thảo Nghị định sửa đổi, bổ sung một số điều của Nghị định 168/2024/NĐ-CP quy định xử phạt vi phạm hành chính về trật tự, an toàn giao thông trong lĩnh vực giao thông đường bộ; trừ điểm, phục hồi điểm giấy phép lái xe lần 3 TẢI VỀ đề xuất bổ sung khoản 8a vào Điều 20 Nghị định 168/2024/NĐ-CP quy định như sau:

>>>> Xem thêm: Xe ô tô chuyên dùng gồm những loại nào?

>>>> Xem thêm: Khí thải mức 2, mức 3, mức 4, mức 5 áp dụng cho xe ô tô nào?

Đề xuất xe ô tô không kinh doanh chở khách thu tiền có thể bị phạt đến 14 triệu đồng đúng không? (Hình từ Internet)

Căn cứ tại Điều 57 Luật Đường bộ 2024 quy định đơn vị kinh doanh vận tải hành khách bằng xe ô tô có trách nhiệm như sau:

- Thực hiện điều hành phương tiện và lái xe hoặc quyết định giá cước để vận tải hành khách;

- Tổ chức khám sức khỏe cho người lái xe kinh doanh vận tải hành khách bằng xe ô tô và sử dụng người lái xe bảo đảm đủ sức khỏe theo quy định của pháp luật;

- Công bố tiêu chuẩn chất lượng dịch vụ vận tải;

- Ứng dụng công nghệ thông tin để quản lý điều hành và cung cấp dữ liệu về hoạt động vận tải theo quy định của pháp luật;

- Chịu trách nhiệm hoặc liên đới chịu trách nhiệm về hậu quả mà người lao động, người đại diện của đơn vị kinh doanh vận tải hành khách bằng xe ô tô gây ra do thực hiện yêu cầu của đơn vị kinh doanh vận tải hành khách bằng xe ô tô trái quy định của pháp luật;

- Chịu trách nhiệm hoặc liên đới chịu trách nhiệm về hành vi vi phạm của người lao động, người đại diện của đơn vị kinh doanh vận tải hành khách bằng xe ô tô gây ra theo quy định của pháp luật.

Theo Điều 58 Luật Đường bộ 2024 quy định quyền và nghĩa vụ của đơn vị kinh doanh vận tải hành khách bằng xe ô tô như sau:

[1] Đơn vị kinh doanh vận tải hành khách bằng xe ô tô có các quyền sau đây:

- Thu tiền vận tải;

- Từ chối vận tải hành khách có hành vi gây rối trật tự công cộng trên xe ô tô, cản trở hoạt động của đơn vị kinh doanh vận tải hành khách bằng xe ô tô, ảnh hưởng đến tính mạng, sức khỏe, tài sản của người khác, gian lận vé;

- Quyết định các chính sách ưu đãi để phục vụ khách hàng và mở rộng thị trường kinh doanh.

[2] Đơn vị kinh doanh vận tải hành khách bằng xe ô tô có các nghĩa vụ sau đây:

- Chấp hành và thực hiện đầy đủ quy định về kinh doanh, điều kiện kinh doanh vận tải bằng xe ô tô, cam kết về chất lượng vận tải, hợp đồng vận tải;

- Mua bảo hiểm cho hành khách; phí bảo hiểm được tính vào giá vé, giá trị hợp đồng vận tải;

- Thực hiện kê khai giá theo quy định của pháp luật về giá; cung cấp vé, chứng từ thu tiền vận tải;

- Bồi thường thiệt hại do người lao động, người đại diện của đơn vị kinh doanh vận tải hành khách bằng xe ô tô gây ra trong quá trình vận tải theo quy định của pháp luật;

- Thực hiện việc miễn giảm giá vé đối với người cao tuổi, người khuyết tật và các đối tượng chính sách khác theo quy định của pháp luật;

- Không được để tổ chức, cá nhân không có giấy phép kinh doanh vận tải bằng xe ô tô loại hình vận tải hành khách thực hiện điều hành phương tiện và lái xe hoặc quyết định giá cước để vận tải hành khách;

- Không được sử dụng người không có giấy phép lái xe hoặc có giấy phép lái xe nhưng không phù hợp với loại xe, người có giấy phép lái xe bị trừ hết điểm, người đang bị tước hoặc bị thu hồi giấy phép lái xe để điều khiển phương tiện vận tải hành khách.

Điều 7. Sửa đổi, bổ sung một số điểm, khoản của Điều 20

[...]

3. Bổ sung khoản 8a vào sau khoản 8

“8a. Phạt tiền từ 12.000.000 đồng đến 14.000.000 đồng đối với người điều khiển xe ô tô không kinh doanh vận tải hành khách nhưng chở người có thu tiền hoặc ký hợp đồng, nhận đặt chỗ để chở người trên xe.","giao-thong-van-tai","","","","2026-05-14T00:00:00","https://thuvienphapluat.vn/hoi-dap-phap-luat/de-xuat-xe-o-to-khong-kinh-doanh-cho-khach-thu-tien-co-the-bi-phat-den-14-trieu-dong-dung-khong-138090093.html","2026-05-21T19:45:23.796948+00:00"
"138090469","Đề xuất phạt đến 26 triệu đồng đối với hành vi thay đổi khả năng nhận diện biển số xe đúng không?","Đề xuất phạt đến 26 triệu đồng đối với hành vi thay đổi khả năng nhận diện biển số xe đúng không?

Các biện pháp khắc phục hậu quả vi phạm hành chính về trật tự, an toàn giao thông đường bộ?

Thời hiệu xử phạt vi phạm hành chính về trật tự, an toàn giao thông đường bộ là bao nhiêu năm?

Theo đó, bổ sung đề xuất phạt tiền từ 20.000.000 đồng đến 26.000.000 đồng đối với hành vi sử dụng chất liệu, vật liệu, thiết bị làm thay đổi khả năng nhận diện thông tin của biển số xe.

Căn cứ theo điểm b khoản 8 Điều 13 Nghị định 168/2024/NĐ-CP được sửa đổi bởi Điều 3 Dự thảo Nghị định sửa đổi, bổ sung một số điều của Nghị định 168/2024/NĐ-CP quy định xử phạt vi phạm hành chính về trật tự, an toàn giao thông trong lĩnh vực giao thông đường bộ; trừ điểm, phục hồi điểm giấy phép lái xe lần 3 TẢI VỀcó quy định như sau:

>>> Xem thêm: Thời hạn xác minh dữ liệu vi phạm giao thông là bao lâu?

>>> Xem thêm: Khi đã đỗ xe ô tô sát lề đường bên phải, người lái xe phải thực hiện các thao tác nào khi mở cửa xuống xe để đảm bảo an toàn?

Vừa rồi là thông tin về câu hỏi: ""Đề xuất phạt đến 26 triệu đồng đối với hành vi thay đổi khả năng nhận diện biển số xe đúng không?""

Đề xuất phạt đến 26 triệu đồng đối với hành vi thay đổi khả năng nhận diện biển số xe đúng không? (Hình từ Internet)

Tại khoản 3 Điều 3 Nghị định 168/2024/NĐ-CP quy định các biện pháp khắc phục hậu quả vi phạm hành chính về trật tự, an toàn giao thông đường bộ bao gồm:

- Buộc khôi phục lại tình trạng ban đầu đã bị thay đổi do vi phạm hành chính gây ra, trừ các biện pháp khắc phục hậu quả quy định tại điểm e, điểm n, điểm p khoản này;

- Buộc thực hiện biện pháp khắc phục tình trạng ô nhiễm môi trường do vi phạm hành chính gây ra;

- Buộc tái xuất phương tiện khỏi Việt Nam;

- Buộc nộp lại số lợi bất hợp pháp có được do thực hiện vi phạm hành chính;

- Buộc phá dỡ các vật che khuất biển báo hiệu đường bộ, đèn tín hiệu giao thông;

- Buộc lắp đầy đủ thiết bị hoặc thay thế thiết bị đủ tiêu chuẩn, quy chuẩn an toàn kỹ thuật hoặc khôi phục lại tính năng kỹ thuật của phương tiện, thiết bị theo quy định hoặc tháo bỏ những thiết bị lắp thêm không đúng quy định;

- Buộc cấp thẻ nhận dạng lái xe cho lái xe theo quy định;

- Buộc tổ chức tập huấn, hướng dẫn nghiệp vụ, quy trình hoặc tổ chức khám sức khỏe định kỳ cho lái xe và nhân viên phục vụ trên xe theo quy định;

- Buộc lắp đặt thiết bị giám sát hành trình, thiết bị ghi nhận hình ảnh người lái xe, dây đai an toàn, ghế ngồi cho trẻ em mầm non, học sinh tiểu học, dụng cụ, thiết bị chuyên dùng để cứu hộ, hỗ trợ cứu hộ trên xe theo đúng quy định;

- Buộc tháo dỡ thiết bị âm thanh, ánh sáng lắp đặt trên xe gây mất trật tự, an toàn giao thông đường bộ;

- Buộc cung cấp, cập nhật, truyền dẫn, lưu trữ, quản lý thông tin, dữ liệu từ thiết bị giám sát hành trình, thiết bị ghi nhận hình ảnh người lái xe lắp trên xe ô tô theo quy định;

- Buộc điều chỉnh lại chỉ số trên đồng hồ báo quãng đường của xe ô tô bị làm sai lệch;

- Buộc khôi phục lại nhãn hiệu, màu sơn ghi trong chứng nhận đăng ký xe theo quy định;

- Buộc thực hiện đúng quy định về biển số xe, quy định về kẻ hoặc dán chữ, số biển số, thông tin trên thành xe, cửa xe, quy định về màu sơn, biển báo dấu hiệu nhận biết của xe;

- Buộc khôi phục lại hình dáng, kích thước, tình trạng an toàn kỹ thuật ban đầu của xe và đăng kiểm lại trước khi đưa phương tiện ra tham gia giao thông;

- Buộc thực hiện điều chỉnh thùng xe theo đúng quy định hiện hành, đăng kiểm lại và điều chỉnh lại khối lượng hàng hóa cho phép chuyên chở được ghi trong giấy chứng nhận kiểm định an toàn kỹ thuật và bảo vệ môi trường theo quy định hiện hành trước khi đưa phương tiện ra tham gia giao thông;

- Buộc làm thủ tục đổi, thu hồi, cấp mới, cấp chứng nhận đăng ký xe, biển số xe, giấy chứng nhận kiểm định an toàn kỹ thuật và bảo vệ môi trường theo quy định;

- Buộc nộp lại giấy phép, chứng chỉ hành nghề bị tẩy xóa, sửa chữa làm sai lệch nội dung;

- Buộc đưa phương tiện quay trở lại Khu kinh tế thương mại đặc biệt, Khu kinh tế cửa khẩu quốc tế.

Theo Điều 4 Nghị định 168/2024/NĐ-CP có quy định như sau:

Như vậy, thời hiệu xử phạt vi phạm hành chính về trật tự, an toàn giao thông đường bộ là 01 năm.

Điều 13. Xử phạt, trừ điểm giấy phép lái xe của người điều khiển xe ô tô (bao gồm cả rơ moóc hoặc sơ mi rơ moóc được kéo theo), xe chở người bốn bánh có gắn động cơ, xe chở hàng bốn bánh có gắn động cơ và các loại xe tương tự xe ô tô vi phạm quy định về điều kiện của phương tiện khi tham gia giao thông

[...]

8. Phạt tiền từ 20.000.000 đồng đến 26.000.000 đồng đối với một trong các hành vi vi phạm sau đây

[...]

“b) Điều khiển xe không gắn đủ biển số hoặc gắn biển số không đúng vị trí, không đúng quy cách theo quy định; gắn biển số không rõ chữ, số hoặc sơn, dán lên chữ, số của biển số xe; gắn biển số bị bẻ cong, che lấp, làm thay đổi chữ, số, màu sắc (của chữ, số, nền biển số xe), hình dạng, kích thước của biển số xe hoặc sử dụng chất liệu, vật liệu, thiết bị làm thay đổi khả năng nhận diện thông tin của biển số xe (kể cả rơ moóc và sơ mi rơ moóc).

Điều 4. Thời hiệu xử phạt vi phạm hành chính; hành vi vi phạm hành chính đã kết thúc, hành vi vi phạm hành chính đang thực hiện

1. Thời hiệu xử phạt vi phạm hành chính về trật tự, an toàn giao thông trong lĩnh vực giao thông đường bộ là 01 năm.

2. Thời hạn sử dụng kết quả thu thập được bằng phương tiện, thiết bị kỹ thuật nghiệp vụ, phương tiện, thiết bị kỹ thuật do cá nhân, tổ chức cung cấp để xác định cá nhân, tổ chức vi phạm được tính từ thời điểm phương tiện, thiết bị kỹ thuật nghiệp vụ, phương tiện, thiết bị kỹ thuật của cá nhân, tổ chức ghi nhận được kết quả cho đến hết ngày cuối cùng của thời hiệu xử phạt vi phạm hành chính đối với hành vi vi phạm quy định tại khoản 1 Điều 6 của Luật Xử lý vi phạm hành chính.

[...]","giao-thong-van-tai","","","","2026-05-13T00:00:00","https://thuvienphapluat.vn/hoi-dap-phap-luat/de-xuat-phat-den-26-trieu-dong-doi-voi-hanh-vi-thay-doi-kha-nang-nhan-dien-bien-so-xe-dung-khong-138090469.html","2026-05-21T19:45:29.332551+00:00"
"138090546","Thông tư 19/2026/TT-BXD sửa đổi Thông tư 12/2025 về tải trọng, xếp hàng hóa trên phương tiện giao thông đường bộ ra sao?","Thông tư 19/2026/TT-BXD sửa đổi Thông tư 12/2025 về tải trọng, xếp hàng hóa trên phương tiện giao thông đường bộ ra sao?

Cơ quan nào cấp giấy phép lái xe?

Xe cơ giới, xe máy chuyên dùng tham gia giao thông đường bộ phải đáp ứng các điều kiện nào?

Ngày 08/5/2026, Bộ trưởng Bộ Xây dựng ban hành Thông tư 19/2026/TT-BXD sửa đổi, bổ sung một số điều của Thông tư 12/2025/TT-BXD quy định về tải trọng, khổ giới hạn của đường bộ; lưu hành xe quá khổ giới hạn, xe quá tải trọng, xe bánh xích trên đường bộ; hàng siêu trường, siêu trọng, vận chuyển hàng siêu trường, siêu trọng; xếp hàng hóa trên phương tiện giao thông đường bộ; cấp giấy phép lưu hành cho xe quá tải trọng, xe quá khổ giới hạn, xe bánh xích, xe vận chuyển hàng siêu trường, siêu trọng trên đường bộ.

Xem toàn bộ Thông tư 19 2026 TT BXD sửa đổi Thông tư 12/2025 về tải trọng, xếp hàng hóa trên phương tiện giao thông đường bộ dưới đây:

TẢI VỀ

Trên đây là thông tin: Thông tư 19 2026 TT BXD sửa đổi Thông tư 12/2025 về tải trọng, xếp hàng hóa trên phương tiện giao thông đường bộ ra sao?

Thông tư 19/2026/TT-BXD sửa đổi Thông tư 12/2025 về tải trọng, xếp hàng hóa trên phương tiện giao thông đường bộ ra sao? (Hình từ Internet)

Căn cứ theo Điều 19 Thông tư 12/2025/TT-BCA quy định về cấp giấy phép lái xe như sau:

Như vậy, Cục Cảnh sát giao thông là cơ quan có thẩm quyền cấp giấy phép lái xe cho người đạt kết quả kỳ sát hạch.

Căn cứ tại khoản 1 Điều 35 Luật Trật tự, an toàn giao thông đường bộ 2024 quy định xe cơ giới, xe máy chuyên dùng tham gia giao thông đường bộ phải đáp ứng các điều kiện sau đây:

- Được cấp chứng nhận đăng ký xe và gắn biển số xe theo quy định của pháp luật;

- Bảo đảm chất lượng an toàn kỹ thuật và bảo vệ môi trường theo quy định của pháp luật.

Điều 19. Cấp giấy phép lái xe

1. Cục Cảnh sát giao thông cấp giấy phép lái xe cho người đạt kết quả kỳ sát hạch trong thời hạn 07 ngày làm việc, kể từ ngày kết thúc kỳ sát hạch. Giấy phép lái xe điện tử được tích hợp vào hệ thống dữ liệu điện tử, tài khoản định danh điện tử trong thời hạn 03 ngày làm việc, kể từ ngày kết thúc kỳ sát hạch.

2. Việc cấp giấy phép lái xe cho người có giấy phép lái xe ô tô các hạng mà quá thời hạn sử dụng; mất giấy phép lái xe ô tô và giấy phép lái xe đó quá thời hạn sử dụng bao gồm cả người có giấy phép lái xe quân sự do Bộ Quốc phòng cấp, giấy phép lái xe trong Công an nhân dân khi thôi không còn làm nhiệm vụ quốc phòng, an ninh thực hiện như sau:

a) Người có giấy phép lái xe thuộc các trường hợp trên phải có tên trong hệ thống thông tin giấy phép lái xe tại Cục Cảnh sát giao thông hoặc bảng kê danh sách cấp giấy phép lái xe (sổ quản lý), trường hợp giấy phép lái xe quân sự do Bộ Quốc phòng cấp mất giấy phép lái xe phải có xác nhận của cơ quan đã cấp thì phải dự sát hạch các nội dung sau đây:

Trường hợp giấy phép lái xe quá thời hạn sử dụng dưới 01 tháng kể từ ngày hết hạn mà người có giấy phép lái xe không thể thực hiện được thủ tục đổi giấy phép lái xe do ốm đau, thiên tai, hỏa hoạn, dịch bệnh thì người đó không phải sát hạch lý thuyết để cấp giấy phép lái xe.

Trường hợp giấy phép lái xe quá thời hạn sử dụng dưới 01 năm kể từ ngày hết hạn thì phải sát hạch lý thuyết theo quy định tại điểm a khoản 1 Điều 4 Thông tư này để cấp giấy phép lái xe.

Trường hợp giấy phép lái xe quá thời hạn sử dụng từ 01 năm trở lên kể từ ngày hết hạn thì phải sát hạch lý thuyết, thực hành lái xe trong hình và trên đường để cấp giấy phép lái xe theo quy định tại các khoản 1, 2, 3 Điều 4 Thông tư này.

Hồ sơ đề nghị sát hạch thực hiện theo quy định tại khoản 3 Điều 16 Thông tư này;

b) Người có giấy phép lái xe được quy định tại điểm a khoản này có nhu cầu ôn tập thì đăng ký với các cơ sở đào tạo lái xe hoặc trung tâm sát hạch lái xe để được hướng dẫn ôn tập;

c) Trường hợp người có giấy phép lái xe được quy định tại điểm a khoản này sát hạch không đạt kết quả để được cấp giấy phép lái xe nếu có nhu cầu thì đăng ký với Phòng Cảnh sát giao thông để tham gia sát hạch lại.

3. Chưa sát hạch cấp giấy phép lái xe đối với người vi phạm trật tự, an toàn giao thông đường bộ chưa thực hiện xong yêu cầu của cơ quan nhà nước có thẩm quyền về giải quyết, xử lý vụ việc vi phạm hành chính trong lĩnh vực trật tự, an toàn giao thông đường bộ.","giao-thong-van-tai","","","","2026-05-13T00:00:00","https://thuvienphapluat.vn/hoi-dap-phap-luat/thong-tu-192026ttbxd-sua-doi-thong-tu-122025-ve-tai-trong-xep-hang-hoa-tren-phuong-tien-giao-thong--138090546.html","2026-05-21T19:45:34.522764+00:00"
"138090398","Cách nộp phạt nguội online 2026 trên dichvucong.gov.vn đơn giản ra sao?","Cách nộp phạt nguội online 2026 trên dichvucong gov vn đơn giản ra sao?

Thời hạn nộp phạt vi phạm giao thông được tính từ ngày nào?

Nguyên tắc bảo đảm trật tự, an toàn giao thông đường bộ hiện nay thế nào?

Tại Điều 20 Nghị định 118/2021/NĐ-CP có quy định về hình thức nộp phạt nguội như sau:

Theo đó, cá nhân nộp phạt nguội có thể nộp online thông qua Cổng Dịch vụ công Quốc gia hoặc dịch vụ thanh toán điện tử của ngân hàng hoặc tổ chức cung ứng dịch vụ trung gian thanh toán bằng phương thức chuyển khoản.

Dưới đây là Cách nộp phạt nguội online 2026 trên dichvucong.gov.vn đơn giản, nhanh nhất như sau:

Bước 1: Trường hợp đã có quyết định xử phạt, người vi phạm truy cập Cổng Dịch vụ công Quốc gia theo đường link tại:

https://dichvucong.gov.vn/

Bước 2: Chọn mục Thanh toán trực tuyến => chọn ""Nộp phạt xử lý vi phạm hành chính"" => chọn ""Tra cứu thanh toán vi phạm giao thông""

Bước 3: Nhập số liệu:

- Trường hợp tra cứu theo mã Quyết định: Tích chọn mục ""Cảnh sát giao thông"" => nhập số quyết định => nhập mã bảo mật.

- Trường hợp tra cứu theo biên bản vi phạm: Nhập ""Số biên bản"" => nhập ""Họ tên người dân/Tên doanh nghiệp/Tên tổ chức vi phạm"" => tích chọn mục ""Cảnh sát giao thông"" => chọn theo ""tỉnh/thành phố"" => chọn ""đơn vị lập biên bản xử phạt"" => chọn ""ngày vi phạm"" => nhập mã bảo mật.

Nếu thông tin hợp lệ, hệ thống sẽ hiển thị số tiền phải nộp và các thông tin liên quan.

Bước 4: Chọn ""Tra cứu"" sẽ hiện ra thông báo các nội dung: Số Quyết định xử phạt, ngày ra quyết định xử phạt, hành vi vi phạm, số tiền phạt.

Bước 5: Chọn hình thức ""thanh toán và nhận kết quả tại cơ quan xử phạt"" hoặc ""thanh toán và nhận kết quả tại nhà"" (đối với trường hợp thanh toán và nhận kết quả tại nhà thì người vi phạm phải có tài khoản truy cập Cổng dịch vụ công Quốc gia). Sau khi thanh toán thành công, nên lưu lại biên lai điện tử hoặc mã giao dịch để đối chiếu khi cần.

Bước 6: Nhận giấy tờ tại nhà hoặc tại cơ quan xử phạt.

* Trên đây là Thông tin Cách nộp phạt nguội online 2026 trên dichvucong gov vn đơn giản ra sao?

>>> Thời hạn xác minh dữ liệu vi phạm giao thông là bao lâu?

>>> Thời hiệu xử phạt vi phạm hành chính giao thông đường bộ năm 2026 là bao lâu?

Cách nộp phạt nguội online 2026 trên dichvucong.gov.vn đơn giản ra sao? (Hình từ Internet)

Căn cứ Điều 73 Luật Xử lý vi phạm hành chính 2012 quy định về thi hành quyết định xử phạt vi phạm hành chính như sau:

Theo đó, cá nhân, tổ chức bị xử phạt vi phạm hành chính phải chấp hành quyết định xử phạt trong thời hạn 10 ngày, kể từ ngày nhận quyết định xử phạt vi phạm hành chính; trường hợp quyết định xử phạt vi phạm hành chính có ghi thời hạn thi hành nhiều hơn 10 ngày thì thực hiện theo thời hạn đó.

Như vậy, thời hạn nộp phạt vi phạm giao thông là 10 ngày, được tính từ ngày nhận quyết định xử phạt vi phạm hành chính, trừ khi quyết định xử phạt có thời hạn thi hành dài hơn thì thực hiện theo thời hạn đó.

Căn cứ Điều 3 Luật Trật tự, an toàn giao thông đường bộ năm 2024 quy định nguyên tắc bảo đảm trật tự, an toàn giao thông đường bộ như sau:

- Tuân thủ Hiến pháp, pháp luật Việt Nam và điều ước quốc tế mà nước Cộng hòa xã hội chủ nghĩa Việt Nam là thành viên.

- Bảo đảm giao thông đường bộ được trật tự, an toàn, thông suốt, góp phần phát triển kinh tế - xã hội, bảo đảm quốc phòng, an ninh và bảo vệ môi trường; phòng ngừa vi phạm pháp luật về trật tự, an toàn giao thông đường bộ, tai nạn giao thông đường bộ và ùn tắc giao thông; bảo vệ tính mạng, sức khỏe, tài sản của cá nhân và tài sản của cơ quan, tổ chức.

- Bảo đảm trật tự, an toàn giao thông đường bộ là trách nhiệm của cơ quan, tổ chức, cá nhân.

- Người tham gia giao thông đường bộ phải chấp hành các quy định của pháp luật về trật tự, an toàn giao thông đường bộ và quy định khác của pháp luật có liên quan, có trách nhiệm giữ an toàn cho mình và cho người khác.

- Mọi hành vi vi phạm pháp luật về trật tự, an toàn giao thông đường bộ phải được phát hiện, ngăn chặn kịp thời và phải bị xử lý nghiêm minh theo quy định của pháp luật.

- Hoạt động bảo đảm trật tự, an toàn giao thông đường bộ phải công khai, minh bạch và thuận lợi cho người dân.

- Công tác bảo đảm trật tự, an toàn giao thông đường bộ được thực hiện thống nhất trên cơ sở phân công, phân cấp, phù hợp với chức năng, nhiệm vụ và sự phối hợp chặt chẽ giữa các cơ quan, tổ chức, cá nhân có liên quan.

Điều 20. Hình thức, thủ tục thu, nộp tiền phạt

1. Cá nhân, tổ chức vi phạm thực hiện việc nộp tiền phạt theo một trong các hình thức sau đây:

a) Nộp tiền mặt trực tiếp tại Kho bạc Nhà nước hoặc tại ngân hàng thương mại nơi Kho bạc nhà nước mở tài khoản được ghi trong quyết định xử phạt;

b) Chuyển khoản vào tài khoản của Kho bạc nhà nước được ghi trong quyết định xử phạt thông qua Cổng Dịch vụ công Quốc gia hoặc dịch vụ thanh toán điện tử của ngân hàng hoặc tổ chức cung ứng dịch vụ trung gian thanh toán;

c) Nộp phạt trực tiếp cho người có thẩm quyền xử phạt theo quy định tại khoản 1 Điều 56, khoản 2 Điều 78 Luật Xử lý vi phạm hành chính hoặc nộp trực tiếp cho cảng vụ hoặc đại diện cảng vụ hàng không đối với trường hợp người bị xử phạt là hành khách quá cảnh qua lãnh thổ Việt Nam để thực hiện chuyến bay quốc tế xuất phát từ lãnh thổ Việt Nam; thành viên tổ bay làm nhiệm vụ trên chuyến bay quá cảnh qua lãnh thổ Việt Nam; thành viên tổ bay của hãng hàng không nước ngoài thực hiện chuyến bay quốc tế xuất phát từ lãnh thổ Việt Nam;

d) Nộp tiền phạt vi phạm hành chính trong lĩnh vực giao thông đường bộ vào Kho bạc nhà nước theo quy định tại các điểm a, b và c khoản 1 Điều này hoặc thông qua dịch vụ bưu chính công ích.

[....]

Điều 73. Thi hành quyết định xử phạt vi phạm hành chính

1. Cá nhân, tổ chức bị xử phạt vi phạm hành chính phải chấp hành quyết định xử phạt trong thời hạn 10 ngày, kể từ ngày nhận quyết định xử phạt vi phạm hành chính; trường hợp quyết định xử phạt vi phạm hành chính có ghi thời hạn thi hành nhiều hơn 10 ngày thì thực hiện theo thời hạn đó.

Trường hợp cá nhân, tổ chức bị xử phạt khiếu nại, khởi kiện đối với quyết định xử phạt vi phạm hành chính thì vẫn phải chấp hành quyết định xử phạt, trừ trường hợp quy định tại khoản 3 Điều 15 của Luật này. Việc khiếu nại, khởi kiện được giải quyết theo quy định của pháp luật.

2. Người có thẩm quyền xử phạt đã ra quyết định xử phạt có trách nhiệm theo dõi, kiểm tra việc chấp hành quyết định xử phạt của cá nhân, tổ chức bị xử phạt và thông báo kết quả thi hành xong quyết định cho cơ quan quản lý cơ sở dữ liệu về xử lý vi phạm hành chính của Bộ Tư pháp, cơ quan tư pháp địa phương.","giao-thong-van-tai","","","","2026-05-12T00:00:00","https://thuvienphapluat.vn/hoi-dap-phap-luat/cach-nop-phat-nguoi-online-2026-tren-dichvuconggovvn-don-gian-ra-sao-138090398.html","2026-05-21T19:45:39.484350+00:00"
"138090278","Lịch CẤM ĐƯỜNG Hà Nội hôm nay 12/5 13/5 chi tiết các tuyến đường và khung giờ ra sao?","Lịch CẤM ĐƯỜNG Hà Nội hôm nay 12/5 13/5 chi tiết các tuyến đường và khung giờ ra sao?

Nguyên tắc bảo đảm trật tự, an toàn giao thông đường bộ là gì?

Nhà nước có những chính sách gì về trật tự, an toàn giao thông đường bộ?

Căn cứ theo Điều 1 Luật Mặt trận tổ quốc Việt Nam 2015 được sửa đổi bởi khoản 1 Điều 1 Luật Sửa đổi Luật Mặt trận Tổ quốc Việt Nam, Luật Công đoàn, Luật Thanh niên và Luật Thực hiện dân chủ ở cơ sở 2025 quy định Mặt trận Tổ quốc Việt Nam là cơ sở chính trị của chính quyền nhân dân.

Ngày 9/5 Phòng CSGT Hà Nội đã có phương án phân luồng giao thông phục vụ Đại hội đại biểu toàn quốc Mặt trận Tổ quốc Việt Nam lần thứ XI, nhiệm kỳ 2026-2031, trong các ngày từ 11/5 đến 13/5.

Dưới đây là lịch cấm đường Hà Nội hôm nay 12/5 và ngày mai 13/5 chi tiết:

[1] Khung giờ cấm đường Hà Nội hôm nay 12/5/2026 và 13/52026

Theo thông báo của Công an TP Hà Nội, thời gian cấm và hạn chế giao thông đối với phương tiện trong ngày 12/5 gồm:

- Từ 6h30 đến 8h30

- Từ 12h30 đến 14h30

- Từ 16h00 đến 17h30

Trong các khung giờ trên, Hà Nội cấm lưu thông đối với:

- Ô tô tải có khối lượng thiết kế từ 1,5 tấn trở lên

- Ô tô chở khách từ 16 chỗ trở lên

Ngoại trừ các phương tiện ưu tiên như:

- Xe buýt

- Xe vệ sinh môi trường

- Xe xử lý sự cố

- Xe công an, quân đội

- Xe có phù hiệu phục vụ đại hội và các xe ưu tiên theo quy định

[2] Các tuyến đường Hà Nội bị cấm, hạn chế hôm nay

Nhiều tuyến giao thông trọng điểm tại Hà Nội sẽ bị hạn chế phương tiện trong các khung giờ nêu trên, gồm:

- Kim Mã

- Nguyễn Chí Thanh

- Trần Duy Hưng

- Phạm Hùng (đoạn từ Mễ Trì đến Đại lộ Thăng Long)

- Đỗ Đức Dục

- Miếu Đầm

- Vành đai 3 trên cao (đoạn từ Hồ Tùng Mậu đến cầu Thanh Trì và chiều ngược lại)

- Đường gom Đại lộ Thăng Long (đoạn từ Phạm Hùng đến cầu vượt Tỉnh lộ 70)

[3] Hướng phân luồng giao thông Hà Nội hôm nay

Đối với các phương tiện thuộc diện bị cấm, lực lượng CSGT Hà Nội tổ chức phân luồng như sau:

- Xe từ các tỉnh phía Đông đi các tỉnh phía Bắc, Tây Bắc lưu thông theo hướng:

cầu Thanh Trì → cao tốc Hà Nội - Bắc Giang → Quốc lộ 18

- Xe từ phía Đông đi các tỉnh phía Tây, Tây Bắc lưu thông theo hướng:

cầu Thanh Trì → Đỗ Mười → Ngọc Hồi → Phan Trọng Tuệ → Cầu Bươu → Văn Khê → Quốc lộ 6

- Xe từ hướng Võ Văn Kiệt, cầu Thăng Long đi Đại lộ Thăng Long lưu thông theo hướng:

Phạm Văn Đồng → Hồ Tùng Mậu → Quốc lộ 32 → Tỉnh lộ 70

* Trên đây là toàn bộ nội dung Lịch CẤM ĐƯỜNG Hà Nội hôm nay 12 5 13 5 chi tiết các tuyến đường và khung giờ.

Lịch CẤM ĐƯỜNG Hà Nội hôm nay 12 5 13 5 chi tiết các tuyến đường và khung giờ ra sao? (Hình từ Internet)

Căn cứ tại Điều 3 Luật Trật tự, an toàn giao thông đường bộ 2024 quy định nguyên tắc bảo đảm trật tự, an toàn giao thông đường bộ như sau:

(1) Tuân thủ Hiến pháp, pháp luật Việt Nam và điều ước quốc tế mà nước Cộng hòa xã hội chủ nghĩa Việt Nam là thành viên.

(2) Bảo đảm giao thông đường bộ được trật tự, an toàn, thông suốt, góp phần phát triển kinh tế - xã hội, bảo đảm quốc phòng, an ninh và bảo vệ môi trường; phòng ngừa vi phạm pháp luật về trật tự, an toàn giao thông đường bộ, tai nạn giao thông đường bộ và ùn tắc giao thông; bảo vệ tính mạng, sức khỏe, tài sản của cá nhân và tài sản của cơ quan, tổ chức.

(3) Bảo đảm trật tự, an toàn giao thông đường bộ là trách nhiệm của cơ quan, tổ chức, cá nhân.

(4) Người tham gia giao thông đường bộ phải chấp hành các quy định của pháp luật về trật tự, an toàn giao thông đường bộ và quy định khác của pháp luật có liên quan, có trách nhiệm giữ an toàn cho mình và cho người khác.

(5) Mọi hành vi vi phạm pháp luật về trật tự, an toàn giao thông đường bộ phải được phát hiện, ngăn chặn kịp thời và phải bị xử lý nghiêm minh theo quy định của pháp luật.

(6) Hoạt động bảo đảm trật tự, an toàn giao thông đường bộ phải công khai, minh bạch và thuận lợi cho người dân.

(7) Công tác bảo đảm trật tự, an toàn giao thông đường bộ được thực hiện thống nhất trên cơ sở phân công, phân cấp, phù hợp với chức năng, nhiệm vụ và sự phối hợp chặt chẽ giữa các cơ quan, tổ chức, cá nhân có liên quan.

Căn cứ tại Điều 4 Luật Trật tự, an toàn giao thông đường bộ 2024 quy định chính sách của Nhà nước về trật tự, an toàn giao thông đường bộ như sau:

- Bảo đảm ngân sách nhà nước, cơ sở vật chất, phương tiện, thiết bị hiện đại, các điều kiện bảo đảm và nâng cao năng lực thực thi nhiệm vụ của lực lượng trực tiếp bảo đảm trật tự, an toàn giao thông đường bộ. Huy động, sử dụng các nguồn lực để bảo đảm trật tự, an toàn giao thông đường bộ. Bố trí tương ứng từ các khoản thu tiền xử phạt vi phạm hành chính về trật tự, an toàn giao thông đường bộ và tiền đấu giá biển số xe sau khi nộp vào ngân sách nhà nước để tăng cường, hiện đại hóa cơ sở vật chất, phương tiện, thiết bị, phục vụ bảo đảm an ninh, trật tự, an toàn giao thông theo quy định của Chính phủ.

- Hiện đại hoá các trung tâm chỉ huy giao thông; bảo đảm kết nối, chia sẻ Cơ sở dữ liệu về trật tự, an toàn giao thông đường bộ giữa các cơ quan nhà nước có liên quan.

- Tạo điều kiện để cơ quan, tổ chức, cá nhân trong nước, nước ngoài nghiên cứu, ứng dụng và chuyển giao khoa học, công nghệ trong công tác bảo đảm trật tự, an toàn giao thông đường bộ, đầu tư, xây dựng, chuyển giao hệ thống, phương tiện, thiết bị giám sát phục vụ công tác bảo đảm trật tự, an toàn giao thông đường bộ; khuyến khích cơ quan, tổ chức, cá nhân tự nguyện tham gia phối hợp bảo đảm trật tự, an toàn giao thông đường bộ phù hợp với quy định của pháp luật, cung cấp thông tin, tài liệu phục vụ công tác bảo đảm trật tự, an toàn giao thông đường bộ và xử lý vi phạm pháp luật về trật tự, an toàn giao thông đường bộ.

- Bảo đảm công bằng, bình đẳng, an toàn đối với người tham gia giao thông đường bộ; tạo thuận lợi cho trẻ em, phụ nữ mang thai, người già yếu, người khuyết tật trong tham gia giao thông đường bộ; xây dựng văn hóa giao thông; giáo dục, phổ biến, bồi dưỡng kiến thức pháp luật về giao thông đường bộ cho trẻ em, học sinh để hình thành, nâng cao ý thức tự bảo vệ bản thân và tự giác chấp hành pháp luật khi tham gia giao thông đường bộ.

- Cơ quan, tổ chức, cá nhân tham gia phối hợp, cộng tác, hỗ trợ, giúp đỡ cơ quan nhà nước thực hiện nhiệm vụ bảo đảm trật tự, an toàn giao thông đường bộ, có thành tích thì được khen thưởng, bị thiệt hại về tài sản thì được đền bù; người bị tổn hại về danh dự, nhân phẩm thì được khôi phục; người bị thương, bị tổn hại về sức khỏe, tính mạng thì bản thân, gia đình được hưởng chế độ, chính sách theo quy định của pháp luật.

- Phát triển phương tiện giao thông đường bộ đồng bộ với phát triển kết cấu hạ tầng đường bộ, điều kiện kinh tế - xã hội và nhu cầu đi lại của người dân; nhập khẩu, sản xuất, lắp ráp phương tiện giao thông đường bộ bảo đảm chất lượng an toàn kỹ thuật và bảo vệ môi trường, phù hợp với xu hướng phát triển công nghệ đối với phương tiện giao thông trên thế giới; ưu tiên phát triển phương tiện vận tải công cộng, hạn chế sử dụng phương tiện giao thông cá nhân tham gia giao thông tại các đô thị lớn; ưu tiên chuyển đổi phương tiện sử dụng nhiên liệu hóa thạch sang phương tiện sử dụng điện, năng lượng xanh, thân thiện môi trường, hạ tầng cung cấp năng lượng sạch.","giao-thong-van-tai","","","","2026-05-12T00:00:00","https://thuvienphapluat.vn/hoi-dap-phap-luat/lich-cam-duong-ha-noi-hom-nay-125-135-chi-tiet-cac-tuyen-duong-va-khung-gio-ra-sao-138090278.html","2026-05-21T19:45:44.521536+00:00"
"138090318","Đã có Dự thảo Nghị định sửa đổi Nghị định 168 xử phạt giao thông đường bộ Dự thảo 3 chi tiết ra sao?","Đã có Dự thảo Nghị định sửa đổi Nghị định 168 xử phạt giao thông đường bộ Dự thảo 3 chi tiết ra sao?

Hoạt động trạm thu phí đường bộ bao gồm những hoạt động nào?

Quy định về dữ liệu thu tiền sử dụng đường bộ ra sao?

Bộ Tư pháp đang thẩm định dự thảo Nghị định sửa đổi, bổ sung một số điều của Nghị định 168/2024/NĐ-CP quy định xử phạt vi phạm hành chính về trật tự, an toàn giao thông trong lĩnh vực giao thông đường bộ; trừ điểm, phục hồi điểm giấy phép lái xe (sau đây gọi tắt là dự thảo Nghị định).

TẢI VỀ

Theo đó, một số nội dung đề xuất tại dự thảo Nghị định sửa đổi, bổ sung một số điều của Nghị định 168/2024/NĐ-CP:

* Sửa đổi, bổ sung một số điểm của khoản 3 Điều 3

- Sửa đổi, bổ sung điểm i

Buộc lắp đặt thiết bị giám sát hành trình, thiết bị ghi nhận hình ảnh người lái xe, thiết bị ghi nhận hình ảnh khoang chở khách, dây đai an toàn, ghế ngồi cho trẻ em mầm non, học sinh tiểu học, dụng cụ, thiết bị chuyên dùng để cứu hộ, hỗ trợ cứu hộ trên xe theo đúng quy định.

- Sửa đổi, bổ sung điểm l

Buộc cung cấp, cập nhật, truyền dẫn, lưu trữ, quản lý thông tin, dữ liệu từ thiết bị giám sát hành trình, thiết bị ghi nhận hình ảnh người lái xe, thiết bị ghi nhận hình ảnh khoang chở khách lắp trên xe ô tô theo quy định.

* Sửa đổi, bổ sung điểm m khoản 3 Điều 6

Chở trẻ em dưới 10 tuổi và chiều cao dưới 1,35 mét trên xe ô tô ngồi cùng hàng ghế với người lái xe (trừ loại xe ô tô chỉ có một hàng ghế) hoặc không sử dụng thiết bị an toàn phù hợp cho trẻ em theo quy định (trừ xe ô tô kinh doanh vận tải hành khách).

* Sửa đổi, bổ sung điểm b khoản 8 Điều 13

Điều khiển xe không gắn đủ biển số hoặc gắn biển số không đúng vị trí, không đúng quy cách theo quy định; gắn biển số không rõ chữ, số hoặc sơn, dán lên chữ, số của biển số xe; gắn biển số bị bẻ cong, che lấp, làm thay đổi chữ, số, màu sắc (của chữ, số, nền biển số xe), hình dạng, kích thước của biển số xe hoặc sử dụng chất liệu, vật liệu, thiết bị làm thay đổi khả năng nhận diện thông tin của biển số xe (kể cả rơ moóc và sơ mi rơ moóc).

* Sửa đổi, bổ sung điểm b khoản 3 Điều 14

Điều khiển xe gắn biển số không đúng vị trí, không đúng quy cách theo quy định; gắn biển số không rõ chữ, số hoặc sơn, dán lên chữ, số của biển số xe; gắn biển số bị bẻ cong, che lấp, làm thay đổi chữ, số, màu sắc (của chữ, số, nền biển số xe), hình dạng, kích thước của biển số xe hoặc sử dụng chất liệu, vật liệu, thiết bị làm thay đổi khả năng nhận diện thông tin của biển số xe.

* Sửa đổi, bổ sung điểm a khoản 2 Điều 17

Chở vật liệu xây dựng, đất đá, phế thải, hàng rời mà không che đậy hoặc không che đậy kín; làm rơi vãi hàng hóa, vật liệu xây dựng, đất đá, phế thải, bùn, hàng rời xuống đường; chở hàng hoặc chất thải để nước chảy xuống mặt đường bộ.

* Sửa đổi bổ sung điểm a khoản 4 Điều 18

Người từ đủ 16 tuổi đến dưới 18 tuổi điều khiển xe mô tô và các loại xe tương tự xe mô tô.

[...]

>>> Xem chi tiết Dự thảo Nghị định sửa đổi Nghị định 168 xử phạt giao thông đường bộ Dự thảo 3

TẢI VỀ

* Trên đây là Thông tin về Đã có Dự thảo Nghị định sửa đổi Nghị định 168 xử phạt giao thông đường bộ Dự thảo 3 chi tiết ra sao?

Lịch nộp báo cáo tình hình sử dụng lao động 6 tháng đầu năm 2026 là khi nào? (Hình từ Internet)

Theo Điều 3 Thông tư 34/2024/TT-BGTVT quy định:

Như vậy, hoạt động trạm thu phí đường bộ bao gồm: quản lý, vận hành, bảo trì, nâng cấp trạm thu phí đường bộ; quản lý hoạt động trạm thu phí đường bộ; trách nhiệm trong quản lý hoạt động thu phí đường bộ.

Căn cứ Điều 8 Thông tư 34/2024/TT-BGTVT quy định dữ liệu thu tiền sử dụng đường bộ như sau:

- Dữ liệu thu tiền sử dụng đường bộ bao gồm dữ liệu thông tin tài khoản giao thông và dữ liệu về giao dịch thanh toán tiền sử dụng đường bộ.

- Dữ liệu thông tin tài khoản giao thông bao gồm các thông tin tài khoản giao thông theo quy định của pháp luật về thanh toán điện tử giao thông đường bộ.

- Dữ liệu về giao dịch thanh toán tiền sử dụng đường bộ bao gồm:

+ Các tập tin dữ liệu thông tin thanh toán tiền sử dụng đường bộ theo quy định của pháp luật về thanh toán điện tử giao thông đường bộ;

+ Các tập tin dữ liệu về lưu lượng, doanh thu thu phí, vé lượt, vé tháng, vé quý;

+ Các tập tin video giám sát làn, giám sát toàn cảnh.

- Dữ liệu thu tiền sử dụng đường bộ phải tuân thủ theo quy định của pháp luật về giao dịch điện tử, pháp luật về an toàn thông tin mạng.

- Chế độ lưu dữ liệu thu tiền sử dụng đường bộ:

+ Lưu trữ tối thiểu 1 năm: các tập tin video giám sát toàn cảnh;

+ Lưu trữ tối thiểu 5 năm: các tập tin video giám sát làn; các tập tin hình ảnh chụp phương tiện lưu thông qua trạm thu phí;

+ Lưu trữ từ thời điểm đưa trạm thu phí vào hoạt động đến thời điểm sau 10 năm kể từ khi thanh lý hợp đồng dự án PPP hoặc kể từ thời điểm dừng hoạt động trạm thu phí: các tập tin dữ liệu thông tin thanh toán tiền sử dụng đường bộ (trừ ảnh chụp phương tiện, ảnh chụp biển số); các tập tin dữ liệu về lưu lượng, doanh thu thu phí, vé lượt, vé tháng, vé quý;

+ Các tập tin dữ liệu thông tin tài khoản giao thông được lưu trữ từ thời điểm mở tài khoản giao thông đến thời điểm sau 10 năm kể từ khi tài khoản giao thông được đóng.

Trên đây là Thông tin về Đã có Dự thảo Nghị định sửa đổi Nghị định 168 xử phạt giao thông đường bộ Dự thảo 3 chi tiết ra sao?

Điều 3. Giải thích từ ngữ

1. Hoạt động trạm thu phí đường bộ bao gồm: quản lý, vận hành, bảo trì, nâng cấp trạm thu phí đường bộ; quản lý hoạt động trạm thu phí đường bộ; trách nhiệm trong quản lý hoạt động thu phí đường bộ.

2. Trạm thu phí đường bộ (sau đây gọi tắt là trạm thu phí) bao gồm hạ tầng trạm thu phí và hệ thống thu phí.

3. Hạ tầng trạm thu phí bao gồm: nhà điều hành; giá long môn và cổng trạm thu phí (nếu có); mặt đường và hệ thống điện chiếu sáng trong phạm vi trạm thu phí; đảo phân làn (nếu có); cabin thu phí (nếu có); các trang bị an toàn và hệ thống an toàn giao thông tại trạm thu phí.

4. Hệ thống điều hành và trung tâm dữ liệu của nhà cung cấp dịch vụ thanh toán tiền sử dụng đường bộ (sau đây được gọi là hệ thống Back-End) là hệ thống theo quy định của pháp luật về thanh toán điện tử giao thông đường bộ.

[...]","giao-thong-van-tai","","","","2026-05-11T00:00:00","https://thuvienphapluat.vn/hoi-dap-phap-luat/da-co-du-thao-nghi-dinh-sua-doi-nghi-dinh-168-xu-phat-giao-thong-duong-bo-du-thao-3-chi-tiet-ra-sao-138090318.html","2026-05-21T19:45:50.629930+00:00"
"138090139","Toàn văn Thông tư 17/2026/TT-BXD sửa đổi Thông tư 14/2025 về đào tạo lái xe thế nào?","Toàn văn Thông tư 17/2026/TT-BXD sửa đổi Thông tư 14/2025 về đào tạo lái xe thế nào?

Bằng lái xe hạng nào phải gia hạn?

Nội dung sát hạch lái xe phải phù hợp với nội dung gì?

Ngày 29/4/2026, Bộ trưởng Bộ Xây dựng ban hành Thông tư sửa đổi, bổ sung một số điều của Thông tư 14/2025/TT-BXD quy định về đào tạo lái xe; bồi dưỡng, kiểm tra, cấp chứng chỉ bồi dưỡng kiến thức pháp luật về giao thông đường bộ.

Xem toàn bộ Thông tư 17 2026 TT BXD sửa đổi Thông tư 14/2025 về đào tạo lái xe dưới đây:

TẢI VỀ

Phụ lục Thông tư 17 2026 TT BXD sửa đổi Thông tư 14/2025 về đào tạo lái xe dưới đây:

TẢI VỀ

Thông tư 17/2026/TT-BXD có hiệu lực thi hành từ ngày 01/7/2026.

Trên đây là thông tin: Toàn văn Thông tư 17 2026 TT BXD sửa đổi Thông tư 14/2025 về đào tạo lái xe, cấp chứng chỉ bồi dưỡng kiến thức pháp luật thế nào?

Toàn văn Thông tư 17/2026/TT-BXD sửa đổi Thông tư 14/2025 về đào tạo lái xe thế nào? (Hình từ Internet)

Căn cứ tại khoản 5 Điều 57 Luật Trật tự, an toàn giao thông đường bộ 2024 có quy định về bằng lái xe như sau:

Như vậy, các giấy phép lái xe hạng B, C1, C, D1, D2, D, BE, C1E, CE, D1E, D2E và DE đều có thời hạn sử dụng nên khi hết hạn phải thực hiện gia hạn theo quy định.

Căn cứ tại khoản 3 Điều 61 Luật Trật tự, an toàn giao thông đường bộ 2024 được bổ sung bởi khoản 13 Điều 7 Luật sửa đổi 10 Luật có liên quan đến an ninh, trật tự 2025 quy định về thi sát hạch lái xe như sau:

Như vậy, nội dung sát hạch lái xe phải phù hợp với hạng giấy phép lái xe và chương trình đào tạo lái xe.

Điều 57. Giấy phép lái xe

[...]

3. Người điều khiển xe chở hàng bốn bánh có gắn động cơ, xe chở người bốn bánh có gắn động cơ phải sử dụng giấy phép lái xe có hạng phù hợp với xe ô tô tải hoặc xe ô tô chở người tương ứng.

4. Người điều khiển xe ô tô có thiết kế, cải tạo với số chỗ ít hơn xe cùng loại, kích thước giới hạn tương đương phải sử dụng giấy phép lái xe có hạng phù hợp với xe ô tô cùng loại, kích thước giới hạn tương đương và có số chỗ nhiều nhất.

5. Thời hạn của giấy phép lái xe được quy định như sau:

a) Giấy phép lái xe các hạng A1, A, B1 không thời hạn;

b) Giấy phép lái xe hạng B và hạng C1 có thời hạn 10 năm kể từ ngày cấp;

c) Giấy phép lái xe các hạng C, D1, D2, D, BE, C1E, CE, D1E, D2E và DE có thời hạn 05 năm kể từ ngày cấp.

6. Giấy phép lái xe có giá trị sử dụng trong phạm vi lãnh thổ Việt Nam bao gồm:

a) Giấy phép lái xe do cơ quan có thẩm quyền của Việt Nam cấp;

b) Giấy phép lái xe quốc tế và giấy phép lái xe quốc gia phù hợp với loại xe được phép điều khiển do quốc gia là thành viên của Công ước của Liên hợp quốc về Giao thông đường bộ năm 1968 (sau đây gọi là Công ước Viên) cấp;

c) Giấy phép lái xe phù hợp với loại xe được phép điều khiển của nước hoặc vùng lãnh thổ mà Việt Nam ký kết điều ước quốc tế hoặc thỏa thuận quốc tế công nhận giấy phép lái xe của nhau;

d) Giấy phép lái xe nước ngoài phù hợp với loại xe được phép điều khiển do quốc gia được công nhận theo điều ước quốc tế mà nước Cộng hòa xã hội chủ nghĩa Việt Nam là thành viên.

[...]

Điều 61. Sát hạch lái xe

1. Người đã hoàn thành chương trình đào tạo lái xe, có độ tuổi, sức khỏe theo quy định tại Điều 59 của Luật này được đăng ký để tham dự kỳ sát hạch lái xe.

2. Nội dung sát hạch lái xe phải phù hợp với hạng giấy phép lái xe và chương trình đào tạo lái xe.

3. Hoạt động sát hạch lái xe ô tô phải thực hiện tại các trung tâm sát hạch lái xe; hoạt động sát hạch lái xe mô tô thực hiện tại các trung tâm sát hạch lái xe hoặc tại sân tập lái đáp ứng điều kiện, tiêu chuẩn về cơ sở vật chất, kỹ thuật. Hoạt động sát hạch lái xe do cơ quan nhà nước có thẩm quyền thực hiện.

[...]","giao-thong-van-tai","","","","2026-05-09T00:00:00","https://thuvienphapluat.vn/hoi-dap-phap-luat/toan-van-thong-tu-172026ttbxd-sua-doi-thong-tu-142025-ve-dao-tao-lai-xe-the-nao-138090139.html","2026-05-21T19:45:55.065326+00:00"
"138089944","Từ ngày 15/5/2026, thủ tục công bố đóng cảng cạn thực hiện theo trình tự nào?","Cảng cạn là gì?

Từ ngày 15/5/2026, thủ tục công bố đóng cảng cạn thực hiện theo trình tự nào?

Chủ đầu tư, doanh nghiệp khai thác cảng cạn có trách nhiệm và quyền hạn nào từ ngày 15/05/2026?

Theo khoản 1 Điều 3 Nghị định 38/2017/NĐ-CP, cảng cạn là một bộ phận thuộc kết cấu hạ tầng giao thông vận tải, là đầu mối tổ chức vận tải gắn liền với hoạt động của cảng biển, cảng hàng không, cảng thủy nội địa, ga đường sắt, cửa khẩu đường bộ, đồng thời có chức năng là cửa khẩu đối với hàng hóa xuất khẩu, nhập khẩu.

Từ ngày 15/5/2026, thủ tục công bố đóng cảng cạn thực hiện theo trình tự nào? (Hình từ Internet)

Căn cứ quy định tại Mục II.2 Phần B Phụ lục kèm theo Quyết định 569/QĐ-BXD năm 2026, thì thủ tục công bố đóng cảng cạn thực hiện theo trình tự sau đây:

- Trường hợp đóng cảng cạn vì lý do bảo đảm quốc phòng, an ninh, Bộ Quốc phòng hoặc Bộ Công an có văn bản gửi trực tiếp hoặc qua hệ thống bưu chính hoặc qua hệ thống quản lý văn bản điện tử đến Bộ Xây dựng đề nghị đóng cảng cạn.

- Trường hợp đóng cảng cạn do việc khai thác cảng cạn có nguy cơ gây mất an toàn, gây sự cố công trình ảnh hưởng đến an toàn của người sử dụng, an toàn của công trình lân cận, môi trường và của cộng đồng, Cục Hàng hải và Đường thủy Việt Nam có văn bản gửi trực tiếp hoặc qua hệ thống bưu chính hoặc qua hệ thống quản lý văn bản điện tử đến Bộ Xây dựng đề nghị đóng cảng cạn.

Trong thời hạn 02 ngày làm việc, kể từ ngày nhận được văn bản đề nghị của Bộ Quốc phòng hoặc Bộ Công an hoặc Cục Hàng hải và Đường thủy Việt Nam, Bộ Xây dựng ban hành quyết định công bố đóng cảng cạn theo mẫu.

- Cách thức thực hiện: gửi văn bản trực tiếp hoặc qua hệ thống bưu chính hoặc qua hệ thống quản lý văn bản điện tử.

- Thành phần, số lượng hồ sơ: 01 văn bản, nội dung nêu rõ tên cảng cạn; vị trí cảng cạn; lý do đóng cảng cạn, thời gian bắt đầu, kết thúc đóng cảng cạn và kèm theo biên bản kiểm tra kết cấu hạ tầng cảng cạn (đối với trường hợp đóng cảng cạn do việc khai thác cảng cạn có nguy cơ gây mất an toàn, gây sự cố công trình ảnh hưởng đến an toàn của người sử dụng, an toàn của công trình lân cận, môi trường và của cộng đồng).

- Thời hạn giải quyết: trong thời gian 02 ngày làm việc, Bộ Xây dựng ban hành quyết định công bố đóng cảng cạn theo mẫu.

Xem chi tiết tại Quyết định 569/QĐ-BXD năm 2026, có hiệu lực từ ngày 15/05/2026.

Theo quy định tại Điều 23 Nghị định 106/2026/NĐ-CP từ ngày 15/05/2026 Chủ đầu tư, doanh nghiệp khai thác cảng cạn có trách nhiệm và quyền hạn sau:

[1] Trách nhiệm của chủ đầu tư, doanh nghiệp khai thác cảng cạn

- Quản lý, điều hành hoạt động của cảng cạn theo quy định của Nghị định này và các quy định khác có liên quan của pháp luật;

- Tạo điều kiện thuận lợi cho tổ chức, cá nhân và các cơ quan quản lý nhà nước chuyên ngành thực hiện nhiệm vụ tại cảng cạn;

- Phối hợp với cơ quan, tổ chức, cá nhân trong việc ngăn chặn các hành vi buôn lậu, gian lận thương mại, trốn thuế và các hành vi trái pháp luật khác tại cảng cạn; kê khai, niêm yết giá dịch vụ tại cảng cạn theo quy định; thực hiện các quy định về kết nối dữ liệu số qua hệ thống cơ sở dữ liệu quốc gia, cơ chế một cửa quốc gia;

- Định kỳ trước ngày 20 tháng 12 hàng năm, báo cáo Bộ Xây dựng (qua Cục Hàng hải và Đường thủy Việt Nam) và Ủy ban nhân dân cấp tỉnh về tình hình hoạt động của khu vực cảng cạn theo Mẫu số 03 tại Phụ lục ban hành kèm theo Nghị định 106/2026/NĐ-CP hoặc báo cáo đột xuất theo yêu cầu của Bộ Xây dựng hoặc Ủy ban nhân dân cấp tỉnh;

- Khi có thiên tai, hỏa hoạn, tai nạn hoặc sự cố bất thường xảy ra, doanh nghiệp khai thác cảng cạn phải áp dụng mọi biện pháp có thể, bao gồm cả việc tổ chức huy động nguồn lực, phối hợp với các cơ quan liên quan tổ chức cứu người, hàng hóa, phương tiện, loại trừ và khắc phục sự cố; đồng thời tiến hành các thủ tục và biện pháp pháp lý cần thiết theo quy định của pháp luật.

[2] Quyền hạn của chủ đầu tư, doanh nghiệp khai thác cảng cạn

- Ký kết hợp đồng với tổ chức, cá nhân về việc khai thác, sử dụng kết cấu hạ tầng cảng cạn phù hợp với quy định của pháp luật;

- Chấm dứt hợp đồng đã ký kết, đình chỉ hoặc kiến nghị việc đình chỉ các hoạt động trong khu vực cảng cạn của tổ chức, cá nhân liên quan theo quy định để ngăn chặn kịp thời các nguy cơ có thể gây mất an toàn, an ninh, ô nhiễm môi trường hoặc sức khỏe của cộng đồng theo quy định của pháp luật;

- Kiến nghị cơ quan có thẩm quyền giải quyết những vướng mắc, phát sinh trong quá trình quản lý, khai thác khu vực cảng cạn.","giao-thong-van-tai","","","","2026-05-09T00:00:00","https://thuvienphapluat.vn/hoi-dap-phap-luat/tu-ngay-1552026-thu-tuc-cong-bo-dong-cang-can-thuc-hien-theo-trinh-tu-nao-138089944.html","2026-05-21T19:46:00.753256+00:00"
"138089924","Sử dụng phương tiện đo nhóm 2 hết hạn kiểm định có bị phạt không?","Sử dụng phương tiện đo nhóm 2 hết hạn kiểm định có bị phạt không?

Chủ tịch Ủy ban nhân dân cấp tỉnh có thẩm quyền xử phạt đối với hành vi sử dụng phương tiện đo nhóm 2 hết hạn kiểm định?

Phương tiện đo nhóm 2 là phương tiện đo được sử dụng trong trường hợp nào?

Căn cứ Điều 10 Nghị định 119/2017/NĐ-CP được sửa đổi bởi Nghị định 126/2021/NĐ-CP quy định về vi phạm trong sử dụng phương tiện đo nhóm 2:

Theo đó, việc sử dụng phương tiện đo nhóm 2 có chứng chỉ kiểm định hoặc hiệu chuẩn đã hết hiệu lực sẽ bị phạt tiền 500.000 đồng đến 30.000.000 đồng, tùy thuộc vào giá trị phương tiện đo. Đồng thời buộc kiểm định lại phương tiện đo trước khi tiếp tục sử dụng.

Lưu ý: Mức phạt tiền này áp dụng đối với tổ chức. Đối với cá nhân, mức phạt tiền được giảm đi một nửa.

Sử dụng phương tiện đo nhóm 2 hết hạn kiểm định có bị phạt không? (Hình từ Internet)

Căn cứ khoản 3 Điều 35 Nghị định 119/2017/NĐ-CP quy định về thẩm quyền của Chủ tịch Ủy ban nhân dân:

Theo đó, Chủ tịch Ủy ban nhân dân cấp tỉnh có thẩm quyền phạt tiền đến mức tối đa theo quy định tại Nghị định 119/2017/NĐ-CP.

Như vậy, Chủ tịch Ủy ban nhân dân cấp tỉnh có thẩm quyền xử phạt đối với hành vi sử dụng phương tiện đo nhóm 2 hết hạn kiểm định.

Căn cứ khoản 3 Điều 3 Thông tư 23/2013/TT-BKHCN được sửa đổi, bổ sung bởi Thông tư 07/2019/TT-BKHCN quy định về phương tiện đo nhóm 2:

Theo đó, phương tiện đo nhóm 2 là phương tiện đo được sử dụng để định lượng hàng hóa, dịch vụ trong mua bán, thanh toán, bảo đảm an toàn, bảo vệ sức khỏe cộng đồng, bảo vệ môi trường, trong thanh tra, kiểm tra, giám định tư pháp và trong các hoạt động công vụ khác được kiểm soát theo yêu cầu kỹ thuật đo lường quy định tại văn bản kỹ thuật đo lường Việt Nam.

Điều 10. Vi phạm trong sử dụng phương tiện đo nhóm 2

1. Phạt tiền từ 500.000 đồng đến 1.000.000 đồng đối với một trong các hành vi sau đây khi sử dụng một hoặc nhiều phương tiện đo có tổng giá trị đến 1.000.000 đồng (tính theo giá trị phương tiện đo mới cùng chủng loại hoặc phương tiện đo mới có đặc tính kỹ thuật tương đương tại thời điểm vi phạm hành chính):

a) Không có chứng chỉ kiểm định (tem, dấu, giấy chứng nhận) hoặc hiệu chuẩn theo quy định;

b) Chứng chỉ kiểm định hoặc hiệu chuẩn đã hết hiệu lực;

c) Tháo dỡ niêm phong, kẹp chì, chứng chỉ kiểm định hoặc hiệu chuẩn trên phương tiện đo;

d) Không thực hiện kiểm định đối chứng theo quy định;

đ) Không bảo đảm các điều kiện vận chuyển, bảo quản, yêu cầu sử dụng phương tiện đo theo hướng dẫn của cơ sở sản xuất, nhập khẩu phương tiện đo hoặc quy định của cơ quan có thẩm quyền.

2. Mức phạt tiền đối với hành vi quy định tại khoản 1 Điều này khi sử dụng một hoặc nhiều phương tiện đo có tổng giá trị trên 1.000.000 đồng được quy định như sau:

a) Phạt tiền từ 1.000.000 đồng đến 2.000.000 đồng trong trường hợp sử dụng một hoặc nhiều phương tiện đo có tổng giá trị từ trên 1.000.000 đồng đến 10.000.000 đồng;

b) Phạt tiền từ 2.000.000 đồng đến 5.000.000 đồng trong trường hợp sử dụng một hoặc nhiều phương tiện đo có tổng giá trị từ trên 10.000.000 đồng đến 30.000.000 đồng;

c) Phạt tiền từ 5.000.000 đồng đến 10.000.000 đồng trong trường hợp sử dụng một hoặc nhiều phương tiện đo có tổng giá trị từ trên 30.000.000 đồng đến 50.000.000 đồng;

d) Phạt tiền từ 10.000.000 đồng đến 20.000.000 đồng trong trường hợp sử dụng một hoặc nhiều phương tiện đo có tổng giá trị từ trên 50.000.000 đồng đến 70.000.000 đồng;

đ) Phạt tiền từ 20.000.000 đồng đến 30.000.000 đồng trong trường hợp sử dụng một hoặc nhiều phương tiện đo có tổng giá trị trên 70.000.000 đồng.

[...]

7. Biện pháp khắc phục hậu quả:

a) Buộc kiểm định lại phương tiện đo trước khi tiếp tục sử dụng đối với hành vi vi phạm quy định tại các điểm a, b và c khoản 1, khoản 2 Điều này;

[...]

Điều 35. Thẩm quyền của Chủ tịch Ủy ban nhân dân

[...]

3. Chủ tịch Ủy ban nhân dân cấp tỉnh có quyền:

a) Phạt cảnh cáo;

b) Phạt tiền đến mức tối đa theo quy định tại Nghị định này;

c) Đình chỉ hoạt động có thời hạn hoặc tước quyền sử dụng có thời hạn quyết định, giấy phép, giấy chứng nhận, chứng chỉ hành nghề do cơ quan, tổ chức có thẩm quyền cấp;

d) Tịch thu tang vật, phương tiện vi phạm hành chính;

đ) Áp dụng các biện pháp khắc phục hậu quả quy định tại khoản 3 Điều 2 của Nghị định này.

Điều 3. Giải thích từ ngữ

[...]

3. Phương tiện đo nhóm 2 là phương tiện đo được sử dụng để định lượng hàng hóa, dịch vụ trong mua bán, thanh toán, bảo đảm an toàn, bảo vệ sức khỏe cộng đồng, bảo vệ môi trường, trong thanh tra, kiểm tra, giám định tư pháp và trong các hoạt động công vụ khác được kiểm soát theo yêu cầu kỹ thuật đo lường quy định tại văn bản kỹ thuật đo lường Việt Nam;

[…]","giao-thong-van-tai","","","","2026-05-09T00:00:00","https://thuvienphapluat.vn/hoi-dap-phap-luat/su-dung-phuong-tien-do-nhom-2-het-han-kiem-dinh-co-bi-phat-khong-138089924.html","2026-05-21T19:46:06.599920+00:00"
"138089941","Nguyên tắc hoạt động của cơ sở đăng kiểm từ ngày 01/07/2026 là gì?","Nguyên tắc hoạt động của cơ sở đăng kiểm từ ngày 01/07/2026 là gì?

Hoạt động của cơ sở đăng kiểm được quy định như thế nào?

Cơ cấu tổ chức của cơ sở đăng kiểm như thế nào?

Căn cứ theo Điều 10 Nghị định 89/2026/NĐ-CP quy định về nguyên tắc hoạt động của cơ sở đăng kiểm như sau:

Như vậy, nguyên tắc hoạt động của cơ sở đăng kiểm từ ngày 01/07/2026 là:

- Bảo đảm tính độc lập, khách quan, minh bạch, tuân thủ các quy định của Nghị định này và pháp luật có liên quan về hoạt động kiểm định, chứng nhận cải tạo xe cơ giới, xe máy chuyên dùng, kiểm định khí thải xe mô tô, xe gắn máy.

- Tạo thuận lợi cho tổ chức và cá nhân khi đưa phương tiện đến kiểm định, chứng nhận cải tạo.

Nguyên tắc hoạt động của cơ sở đăng kiểm từ ngày 01/07/2026 là gì? (Hình từ Internet)

Theo quy định tại Điều 11 Nghị định 89/2026/NĐ-CP hoạt động của cơ sở đăng kiểm như sau:

- Thực hiện kiểm định và cấp giấy chứng nhận kiểm định cho xe cơ giới, xe máy chuyên dùng; kiểm định khí thải và cấp giấy chứng nhận kiểm định khí thải cho xe mô tô, xe gắn máy; chứng nhận cải tạo và cấp giấy chứng nhận cải tạo cho xe cơ giới cải tạo, xe máy chuyên dùng cải tạo theo đúng quy định của pháp luật liên quan đến công tác kiểm định, chứng nhận cải tạo.

- Phân công đăng kiểm viên thực hiện việc kiểm định, chứng nhận cải tạo, kiểm định khí thải xe mô tô, xe gắn máy phù hợp với chứng chỉ chuyên môn của đăng kiểm viên. Lập sổ phân công nhiệm vụ theo mẫu quy định tại Phụ lục I kèm theo Nghị định 89/2026/NĐ-CP.

- Bảo đảm các thiết bị, dụng cụ kiểm tra phải đáp ứng yêu cầu kỹ thuật theo Quy chuẩn kỹ thuật quốc gia về cơ sở đăng kiểm. Trường hợp các thiết bị, dụng cụ kiểm tra là phương tiện đo thì phải được kiểm định, hiệu chuẩn, thử nghiệm theo quy định của pháp luật về đo lường.

- Bố trí thiết bị, dụng cụ kiểm tra của cơ sở đăng kiểm tại xưởng kiểm định hoặc bên ngoài xưởng kiểm định phù hợp với các trường hợp kiểm định.

- Việc kiểm định xe cơ giới, xe máy chuyên dùng, kiểm định khí thải xe mô tô, xe gắn máy bên ngoài cơ sở đăng kiểm được thực hiện theo quy định của Bộ trưởng Bộ Xây dựng.

- Khi có sự cố hư hỏng hoặc thay đổi thiết bị, dụng cụ kiểm tra, cơ sở đăng kiểm chủ động khắc phục sự cố bảo đảm thiết bị, dụng cụ kiểm tra đáp ứng quy định tại khoản 3 Điều 11 Nghị định 89/2026/NĐ-CP, đồng thời thông báo bằng bản giấy hoặc dữ liệu điện tử cho Ủy ban nhân dân cấp tỉnh để theo dõi, quản lý theo mẫu quy định tại Phụ lục II kèm theo Nghị định 89/2026/NĐ-CP. Trường hợp đã có kết nối chia sẻ dữ liệu với Ủy ban nhân dân cấp tỉnh thì không phải thực hiện trách nhiệm này.

- Khi có sự thay đổi về lãnh đạo cơ sở đăng kiểm, lãnh đạo bộ phận kiểm định, đăng kiểm viên, cơ sở đăng kiểm phải thông báo bằng bản giấy hoặc dữ liệu điện tử cho Ủy ban nhân dân cấp tỉnh theo mẫu quy định tại Phụ lục III kèm theo Nghị định này. Trường hợp đã có kết nối chia sẻ dữ liệu với Ủy ban nhân dân cấp tỉnh thì không phải thực hiện trách nhiệm này.

- Thu hồi giấy chứng nhận kiểm định, giấy chứng nhận cải tạo đối với các trường hợp quy định tại khoản 4 Điều 13 Nghị định 89/2026/NĐ-CP. Trường hợp xe được cấp cả tem kiểm định thì thực hiện thu hồi giấy chứng nhận kiểm định cùng tem kiểm định.

- Từ chối kiểm định đối với các trường hợp quy định tại khoản 1 Điều 43 Luật Trật tự, an toàn giao thông đường bộ 2024.

- Ngừng hoạt động kiểm định, chứng nhận cải tạo khi có quyết định tạm đình chỉ hoặc thu hồi giấy chứng nhận đủ điều kiện hoạt động kiểm định xe cơ giới, giấy chứng nhận đủ điều kiện hoạt động kiểm định khí thải xe mô tô, xe gắn máy của cơ quan có thẩm quyền.

- Thực hiện các hoạt động dịch vụ kỹ thuật liên quan đến xe cơ giới, xe máy chuyên dùng và khí thải xe mô tô, xe gắn máy.

- Thực hiện các chương trình, kế hoạch tập huấn, thực tập, đánh giá thực hiện các công việc chuyên môn theo quy định của pháp luật.

- Duy trì bộ phận giải quyết các công việc liên quan đến hồ sơ về kiểm định, chứng nhận cải tạo trong thời gian cơ sở đăng kiểm tạm ngừng, tạm đình chỉ hoạt động kiểm định, trừ trường hợp bất khả kháng theo quy định của pháp luật.

Theo quy định tại Điều 9 Nghị định 89/2026/NĐ-CP cơ cấu tổ chức của cơ sở đăng kiểm như sau:

(1) Cơ cấu tổ chức của cơ sở đăng kiểm bao gồm:

- Bộ phận lãnh đạo bao gồm: Giám đốc, Phó Giám đốc hoặc phụ trách cơ sở đăng kiểm được bổ nhiệm theo quy định của pháp luật để tổ chức quản lý, điều hành đơn vị;

- Bộ phận kiểm định bao gồm: lãnh đạo bộ phận kiểm định và đăng kiểm viên để thực hiện kiểm định phương tiện;

- Bộ phận văn phòng bao gồm: nhân viên văn phòng để thực hiện các công việc văn phòng, hỗ trợ hoạt động kiểm định.

Lưu ý: Nhân sự thuộc các bộ phận nêu tại khoản 1 Điều 9 Nghị định 89/2026/NĐ-CP có thể kiêm nhiệm thực hiện các nhiệm vụ giữa các bộ phận khác nhau và được tính là nhân sự thuộc bộ phận kiêm nhiệm nếu đáp ứng các yêu cầu về chứng chỉ chuyên môn và điều kiện theo quy định tại Điều 9 Nghị định 89/2026/NĐ-CP.

Lưu ý: Các quy định trên có hiệu lực áp dụng từ ngày 01/07/2026.

Điều 10. Nguyên tắc hoạt động của cơ sở đăng kiểm

1. Bảo đảm tính độc lập, khách quan, minh bạch, tuân thủ các quy định của Nghị định này và pháp luật có liên quan về hoạt động kiểm định, chứng nhận cải tạo xe cơ giới, xe máy chuyên dùng, kiểm định khí thải xe mô tô, xe gắn máy.

2. Tạo thuận lợi cho tổ chức và cá nhân khi đưa phương tiện đến kiểm định, chứng nhận cải tạo.","giao-thong-van-tai","","","","2026-05-09T00:00:00","https://thuvienphapluat.vn/hoi-dap-phap-luat/nguyen-tac-hoat-dong-cua-co-so-dang-kiem-tu-ngay-01072026-la-gi-138089941.html","2026-05-21T19:46:11.798161+00:00"
"138074267","Hướng dẫn quyết toán thuế TNCN 2026 trên eTax Mobile chi tiết thế nào?","Hướng dẫn quyết toán thuế TNCN 2026 trên eTax Mobile chi tiết thế nào?

Hồ sơ khai thuế đối với loại thuế có kỳ tính thuế theo năm bao gồm những gì?

Thời hạn nộp hồ sơ khai thuế đối với loại thuế có kỳ tính thuế theo năm là khi nào?

Tại khoản 2 Điều 44 Luật Quản lý thuế 2019 có quy định về thời hạn nộp quyết toán thuế TNCN 2025 như sau:

- Trường hợp 1: Cá nhân ủy quyền cho tổ chức thực hiện quyết toán thuế TNCN thay cho mình

Thời gian quyết toán thuế TNCN 2025 trong năm 2026 chậm nhất là ngày cuối cùng của tháng thứ 3 kể từ ngày kết thúc năm dương lịch tức chậm nhất là ngày 31/03/2026.

- Trường hợp 2: Cá nhân tự quyết toán thuế TNCN

Thời gian quyết toán thuế TNCN 2025 trong năm 2026 chậm nhất là ngày cuối cùng của tháng thứ 4 kể từ ngày kết thúc năm dương lịch tức ngày 30/4/2026.

Tuy nhiên, căn cứ theo Điều 86 Thông tư 80/2021/TT-BTC quy định trường hợp thời hạn nộp hồ sơ khai thuế, thời hạn nộp thuế trùng với ngày nghỉ theo quy định thì thời hạn nộp hồ sơ khai thuế, thời hạn nộp thuế được tính là ngày làm việc tiếp theo của ngày nghỉ đó theo quy định tại khoản 5 Điều 148 Bộ luật Dân sự 2015.

Theo đó, ngày 30/4/2026 là ngày nghỉ lễ liên tiếp với ngày nghỉ lễ 01/5/2026 và sau đó rơi vào thứ bảy ngày 02/5/2026 và chủ nhật ngày 03/05/2026, do đó thời hạn được kéo dài đến ngày 04/5/2026.

Như vậy, đối với trường hợp cá nhân tự quyết toán thuế TNCN, thời gian quyết toán thuế TNCN 2025 trong năm 2026 chậm nhất là ngày 04/5/2026.

>>> Dưới đây là Hướng dẫn quyết toán thuế TNCN 2026 trên eTax Mobile chi tiết như sau:

Bước 1: Tải ứng dụng eTax Mobile phiên bản 3.2.3 mới nhất

- Đối với hệ điều hành Android: tải ứng dụng trên Google Play.

- Đối với hệ điều hành IOS: tải ứng dụng trên App Store.

Bước 2: Đăng nhập vào eTax Mobile

Bước 3: Chọn menu Hỗ trợ quyết toán thuế TNCN => Hỗ trợ lập tờ khai quyết toán.

Hệ thống sẽ hiển thị màn hình Hỗ trợ lập tờ khai quyết toán gồm:

- Mã số thuế: Hiển thị mặc định mã số thuế đăng nhập, không cho sửa.

- Năm quyết toán: Hiển thị list danh sách năm từ năm 2021 đến năm hiện tại.

Bước 5: Nhấn Tạo tờ khai 02/QTTTNCN gợi ý, hệ thống hiển thị màn hình Tạo tờ khai 02/QTT-TNC gợi ý gồm các thông tin sau:

- Loại tờ khai: Mặc định hiển thị: Chính thức, không cho sửa.

- Năm kê khai: Hiển thị theo năm tra cứu quyết toán, không cho sửa.

- Trường hợp quyết toán: Hiển thị mặc định Quyết toán theo năm dương lịch, không cho sửa.

- Từ tháng: Tự động hiển thị theo năm quyết toán, cho phép sửa.

- Đến tháng: Tự động hiển thị tháng cuối của năm quyết toán

Bước 6: Nhấn Tiếp tục, hệ thống thực hiện xác định cơ quan thuế nộp tờ khai.

- Trường hợp 1: Cá nhân cư trú không ký hợp đồng lao động, hoặc ký hợp đồng lao động dưới 03 tháng, hoặc ký hợp đồng cung cấp dịch vụ có thu nhập tại một nơi hoặc nhiều nơi đã khấu trừ 10%, hệ thống hỗ trợ hiển thị màn hình chọn Tỉnh/Thành phố, Quận/Huyện.

- Trường hợp 2: Cá nhân cư trú có thu nhập tiền lương, tiền công tại một nơi và thuộc diện tự khai thuế trong năm, hệ thống hỗ trợ hiển thị luôn cơ quan thuế nơi cá nhân nộp hồ sơ khai QTT (theo cơ quan thuế nơi cá nhân nộp hồ sơ khai thuế trong năm tờ khai 02/KK). Cá nhân không phải tích chọn hoặc điền bất kỳ thông tin gì.

- Trường hợp 3: Cá nhân:

+ Chỉ có 02KK-TNCN có nhiều CQT khác sau thì hệ thống thực hiện so sánh hiển thị luôn CQT nơi có nguồn thu nhập lớn nhất.

+ Đồng thời có 05QTT và 02KK thì hệ thống so sánh lấy nơi có nguồn thu nhập lớn nhất trong năm.

Lưu ý: Trường hợp các nơi có nguồn thu nhập bằng nhau thì hệ thống hiển thị danh sách Cơ quan thuế để NNT tự chọn.

Các trường hợp khác (ngoài 3 trường hợp trên) hệ thống hiển thị theo các câu hỏi để người nộp thuế chọn và nhập.

Bước 7: Sau khi xác định cơ quan thuế, hệ thống hiển thị màn hình Thông tin chung gồm:

- Cơ quan thuế quyết toán.

- Tên người nộp thuế: Tự động hiển thị tên của NNT, không cho phép sửa.

- Mã số thuế: Tự động hiển thị MST của NNT, không cho phép sửa.

- Địa chỉ: Tự động hiển thị theo thông tin ĐKT, cho phép sửa.

- Tỉnh/Thành phố: Tự động hiển thị theo thông tin ĐKT, cho phép chọn lại.

- Quận/Huyện: Tự động hiển thị theo thông tin ĐKT, cho phép chọn lại.

- Điện thoại: Tự động hiển thị, không cho sửa.

- Fax: Tự động hiển thị, không cho sửa.

- Email: Tự động hiển thị, không cho sửa.

- Mã số thuế tổ chức trả thu nhập: Tự động hiển thị, không cho sửa.

- Tên tổ chức trả thu nhập: Tự động hiển thị, không cho sửa.

- Địa chỉ: Tự động hiển thị theo đăng ký thuế của MST tổ chức trả thu nhập, không cho phép sửa.

- Quận/Huyện: Tự động hiển thị theo đăng ký thuế của MST tổ chức trả thu nhập, không cho phép sửa.

- Tỉnh/Thành phố: Tự động hiển thị theo đăng ký thuế của MST tổ chức trả thu nhập, không cho sửa.

Bước 8: Nhấn Tiếp tục, hệ thống hiển thị màn kê khai các chỉ tiêu trên tờ khai từ [20] đến [48], cho phép sửa dữ liệu.

Lưu ý: Chỉ tiêu [24] = Tổng số dòng trên bảng kê 02-1/BK-QTT-TNCN.

8.1. Trường hợp NNT nhấn Bảng kê 02-1/BK-QTT-TNCN, hệ thống hiển thị màn hình bảng kê 02-1/BK-QTTTNCN để NNT nhập:

Chọn Thêm mới người phụ thuộc, hệ thống hiển thị màn hình thông tin người phụ thuộc gồm các thông tin:

- Họ và tên [10]: Mặc định trống, bắt buộc nhập.

- Mã số thuế [11]: Mặc định trống, bắt buộc nhập/chọn 1 trong 2 chỉ tiêu [11] hoặc [12].

- Loại giấy tờ [12]: Mặc định trống, cho chọn trong danh sách.

- Số giấy tờ [13]: Mặc định trống, bắt buộc nhập nếu NSD chọn Loại giấy tờ.

- Ngày sinh [14]: Hiển thị mặc định ngày hiện tại, cho phép chọn lại.

- Quan hệ với người nộp thuế [15]: Mặc định trống, cho chọn trong danh sách.

Mục Thời gian được tính giảm trừ trong năm

- Từ tháng [16]: Mặc định trống, bắt buộc nhập.

- Đến tháng [17]: Mặc định trống, bắt buộc nhập.

Sau đó chọn Tiếp tục, hệ thống hiển thị Thông tin người phụ thuộc đã thêm.

NNT nhấn Xem chi tiết người phụ thuộc, hệ thống hiển thị màn hình Thông tin chi tiết.

Chọn Tiếp tục, hệ thống chuyển sang màn hình Thông tin hỗ trợ quyết toán thuế và lưu thông tin người phụ thuộc tại bảng kê 02-1/BK-QTTTNCN.

8.2 Trường hợp chỉ tiêu [46] > 0, hệ thống hiển thị Nhập thông tin hoàn trả:

Nhập thông tin hoàn trả, hệ thống hiển thị màn hình nhập thông tin hoàn trả gồm các thông tin:

- Số tiền hoàn trả: Hiển thị theo số tiền tại chỉ tiêu [46], không cho sửa

- Hình thức hoàn trả: Mặc định Chuyển khoản, cho chọn lại Tiền mặt.

Tại màn hình chọn Chuyển khoản điền các thông tin sau:

- Tên chủ tài khoản: Tự động hiển thị tên NNT, không cho sửa.

- Số tài khoản: Mặc định trống, bắt buộc nhập.

- Tỉnh/Thành phố: Mặc định trống, bắt buộc chọn trong danh sách.

- Tại ngân hàng/KBNN: Mặc định trống, bắt buộc chọn trong danh sách.

Tại màn hình chọn Tiền mặt hiển thị thông tin như sau:

- Tên người nhận tiền: Mặc định trống, bắt buộc nhập.

- Loại giấy tờ: Mặc định trống, bắt buộc chọn.

- CMND/CCCD/HC số: Mặc định trống, bắt buộc nhập.

- Ngày cấp: Mặc định ngày hiện tại, cho chọn lại.

- Nơi cấp: Mặc định trống, bắt buộc nhập.

- Nơi nhận hoàn tiền thuế: Mặc định trống, bắt buộc nhập.

Lưu ý: Chỉ hỗ trợ hoàn trả Tiền mặt trong trường hợp số tiền nhỏ hơn hoặc bằng 5.000.000 VND.

Sau đó chọn Tiếp tục, hệ thống chuyển sang màn hình Thông tin hỗ trợ quyết toán thuế và lưu thông tin hoàn trả NNT đã nhập.

8.3. Trường hợp chỉ tiêu [47] > 0, hệ thống hiển thị button Đề nghị bù trừ.

NNT nhấn Đề nghị bù trừ, hệ thống tự động hiển thị tất cả các khoản nộp đã quá hạn của NNT.

Lưu ý: NNT kê khai chỉ tiêu [47] Số thuế bù trừ cho khoản phải nộp ngân sách nhà nước khác = Tổng chỉ tiêu (12) Tổng Số tiền còn phải nộp đề nghị bù trừ với số tiền nộp thừa.

Sau đó chọn Tiếp tục, hệ thống chuyển sang màn hình Thông tin hỗ trợ quyết toán thuế và lưu thông tin đề nghị bù trừ đã nhập.

Bước 9: Tiếp tục, hệ thống hiển thị màn hình hoàn thành tờ khai 02 QTT.

Bước 10: Nộp tờ khai, hệ thống hiển thị màn hình Đính kèm phụ lục, bắt buộc đính kèm ít nhất 1 tài liệu.

Bước 11: Tiếp tục, hệ thống hiển thị màn nhập OTP được gửi về số điện thoại của NNT.

Bước 12: Chọn Xác nhận, hệ thống hiển thị màn thông báo Nộp tờ khai thành công.

Trên đây là Thông tin về Hướng dẫn quyết toán thuế TNCN 2025 trên eTax Mobile chi tiết thế nào?

Hướng dẫn quyết toán thuế TNCN 2026 trên eTax Mobile chi tiết thế nào? (Hình từ Internet)

Căn cứ theo khoản 3 Điều 43 Luật Quản lý thuế 2019 quy định hồ sơ khai thuế đối với loại thuế có kỳ tính thuế theo năm bao gồm:

- Hồ sơ khai thuế năm gồm tờ khai thuế năm và các tài liệu khác có liên quan đến xác định số tiền thuế phải nộp;

- Hồ sơ khai quyết toán thuế khi kết thúc năm gồm tờ khai quyết toán thuế năm, báo cáo tài chính năm, tờ khai giao dịch liên kết; các tài liệu khác có liên quan đến quyết toán thuế.

Căn cứ theo khoản 2 Điều 44 Luật Quản lý thuế 2019 quy định về thời hạn nộp hồ sơ khai thuế đối với loại thuế có kỳ tính thuế theo năm như sau:

- Chậm nhất là ngày cuối cùng của tháng thứ 3 kể từ ngày kết thúc năm dương lịch hoặc năm tài chính đối với hồ sơ quyết toán thuế năm; chậm nhất là ngày cuối cùng của tháng đầu tiên của năm dương lịch hoặc năm tài chính đối với hồ sơ khai thuế năm;

- Chậm nhất là ngày cuối cùng của tháng thứ 4 kể từ ngày kết thúc năm dương lịch đối với hồ sơ quyết toán thuế thu nhập cá nhân của cá nhân trực tiếp quyết toán thuế;

- Chậm nhất là ngày 15 tháng 12 của năm trước liền kề đối với hồ sơ khai thuế khoán của hộ kinh doanh, cá nhân kinh doanh nộp thuế theo phương pháp khoán; trường hợp hộ kinh doanh, cá nhân kinh doanh mới kinh doanh thì thời hạn nộp hồ sơ khai thuế khoán chậm nhất là 10 ngày kể từ ngày bắt đầu kinh doanh.

Trên đây là Thông tin về Hướng dẫn quyết toán thuế TNCN 2026 trên eTax Mobile chi tiết thế nào?","giao-thong-van-tai","","","","2026-05-09T00:00:00","https://thuvienphapluat.vn/hoi-dap-phap-luat/huong-dan-quyet-toan-thue-tncn-2026-tren-etax-mobile-chi-tiet-the-nao-138074267.html","2026-05-21T19:46:55.242810+00:00"
"138089939","Giấy chứng nhận kiểm định của cơ sở đăng kiểm không có giá trị khi nào?","Giấy chứng nhận kiểm định của cơ sở đăng kiểm không có giá trị khi nào?

Giấy chứng nhận kiểm định của cơ sở đăng kiểm hết hiệu lực khi nào?

Thẩm quyền ký giấy chứng nhận kiểm định được quy định như thế nào?

Căn cứ theo khoản 4 Điều 13 Nghị định 89/2026/NĐ-CP quy định về giấy chứng nhận kiểm định như sau:

Như vậy, giấy chứng nhận kiểm định của cơ sở đăng kiểm không có giá trị khi được cấp không đúng quy định của pháp luật, bao gồm:

- Phương tiện không được kiểm định, chứng nhận cải tạo theo đúng trình tự, thủ tục trong hoạt động kiểm định, chứng nhận cải tạo;

- Hồ sơ kiểm định, chứng nhận cải tạo được lập và xác nhận không đúng quy định về kiểm định, chứng nhận cải tạo;

- Được kiểm định, chứng nhận cải tạo bởi người không có chuyên môn và thẩm quyền;

- Được kiểm định, chứng nhận cải tạo bởi phương tiện đo: không bảo đảm độ chính xác; không được kiểm định, hiệu chuẩn, thử nghiệm theo quy định của pháp luật về đo lường hoặc giấy chứng nhận kiểm định, hiệu chuẩn, thử nghiệm hết hạn hoặc bị thu hồi;

- Cấp giấy chứng nhận kiểm định cho phương tiện thuộc trường hợp bị từ chối kiểm định theo quy định tại 1 Điều 43 Luật Trật tự, an toàn giao thông đường bộ 2024.

Giấy chứng nhận kiểm định của cơ sở đăng kiểm không có giá trị khi nào? (Hình từ Internet)

Theo quy địng tại khoản 5 Điều 13 Nghị định 89/2026/NĐ-CP giấy chứng nhận kiểm định của cơ sở đăng kiểm hết hiệu lực khi:

- Phương tiện không bảo đảm an toàn kỹ thuật và bảo vệ môi trường theo quy định của pháp luật;

- Đã có thông tin về việc giấy chứng nhận kiểm định bị mất hoặc thu hồi trên phần mềm quản lý kiểm định;

- Giấy chứng nhận kiểm định đã được thay thế bởi giấy chứng nhận kiểm định khác;

- Phương tiện có kết quả kiểm định không đạt;

- Phương tiện đã bị cải tạo trái phép.

Theo Điều 14 Nghị định 89/2026/NĐ-CP quy định về thẩm quyền ký giấy chứng nhận kiểm định như sau:

Như vậy, thẩm quyền ký giấy chứng nhận kiểm định được quy định như sau:

(1) Đối với cơ sở đăng kiểm xe cơ giới:

- Lãnh đạo cơ sở đăng kiểm xe cơ giới theo quy định tại Điều 6 Nghị định 89/2026/NĐ-CP, cụ thể:

Có tối thiểu 02 đăng kiểm viên thực hiện công việc chuyên môn về kiểm định xe cơ giới, trong đó có tối thiểu: 01 lãnh đạo cơ sở đăng kiểm là đăng kiểm viên và 01 lãnh đạo bộ phận kiểm định là đăng kiểm viên có kinh nghiệm thực hiện công tác kiểm định đủ 60 tháng.

- Lãnh đạo bộ phận kiểm định được lãnh đạo cơ sở đăng kiểm xe cơ giới phân công.

(2) Đối với cơ sở kiểm định khí thải xe mô tô, xe gắn máy:

- Lãnh đạo của cơ sở kiểm định khí thải được bổ nhiệm theo quy định của pháp luật;

- Đăng kiểm viên được lãnh đạo cơ sở kiểm định khí thải phân công.

Lưu ý: Các quy định trên có hiệu lực áp dụng từ ngày 01/07/2026.

Điều 13. Giấy chứng nhận kiểm định

1. Giấy chứng nhận kiểm định được cấp dưới dạng bản điện tử, trường hợp chủ xe có yêu cầu cấp bản giấy thì cơ sở đăng kiểm in giấy chứng nhận từ phần mềm quản lý (không sử dụng phôi ấn chỉ) và đóng dấu xác nhận để cấp cho chủ xe.

2. Xe tham gia giao thông thì được cấp giấy chứng nhận kiểm định và dán tem kiểm định.

3. Xe không tham gia giao thông hoặc khi tham gia giao thông phải được cấp phép của cơ quan có thẩm quyền thì chỉ cấp giấy chứng nhận kiểm định, không dán tem kiểm định.

4. Giấy chứng nhận kiểm định, giấy chứng nhận cải tạo không có giá trị khi được cấp không đúng quy định của pháp luật, bao gồm:

a) Phương tiện không được kiểm định, chứng nhận cải tạo theo đúng trình tự, thủ tục trong hoạt động kiểm định, chứng nhận cải tạo;

b) Hồ sơ kiểm định, chứng nhận cải tạo được lập và xác nhận không đúng quy định về kiểm định, chứng nhận cải tạo;

c) Được kiểm định, chứng nhận cải tạo bởi người không có chuyên môn và thẩm quyền;

d) Được kiểm định, chứng nhận cải tạo bởi phương tiện đo: không bảo đảm độ chính xác; không được kiểm định, hiệu chuẩn, thử nghiệm theo quy định của pháp luật về đo lường hoặc giấy chứng nhận kiểm định, hiệu chuẩn, thử nghiệm hết hạn hoặc bị thu hồi;

đ) Cấp giấy chứng nhận kiểm định cho phương tiện thuộc trường hợp bị từ chối kiểm định theo quy định tại 1 Điều 43 của Luật.

[...]

Điều 14. Thẩm quyền ký giấy chứng nhận kiểm định

1. Cơ sở đăng kiểm xe cơ giới

a) Lãnh đạo cơ sở đăng kiểm xe cơ giới theo quy định tại Điều 6 của Nghị định này;

b) Lãnh đạo bộ phận kiểm định được lãnh đạo cơ sở đăng kiểm xe cơ giới phân công.

2. Cơ sở kiểm định khí thải xe mô tô, xe gắn máy

a) Lãnh đạo của cơ sở kiểm định khí thải được bổ nhiệm theo quy định của pháp luật;

b) Đăng kiểm viên được lãnh đạo cơ sở kiểm định khí thải phân công.","giao-thong-van-tai","","","","2026-05-08T00:00:00","https://thuvienphapluat.vn/hoi-dap-phap-luat/giay-chung-nhan-kiem-dinh-cua-co-so-dang-kiem-khong-co-gia-tri-khi-nao-138089939.html","2026-05-21T19:47:19.026087+00:00"
"138089849","Công an kiểm tra tính hợp lệ của hồ sơ yêu cầu dẫn độ của nước ngoài trong thời hạn bao lâu?","Công an kiểm tra tính hợp lệ của hồ sơ yêu cầu dẫn độ của nước ngoài trong thời hạn bao lâu?

Dẫn độ được thực hiện trên cơ sở các nguyên tắc nào?

Văn bản yêu cầu dẫn độ của Việt Nam gửi đi nước ngoài phải có các nội dung nào?

Theo quy định của Luật Dẫn độ 2025 công an kiểm tra tính hợp lệ của hồ sơ yêu cầu dẫn độ của nước ngoài trong thời hạn 30 ngày, cụ thể như sau:

Căn cứ khoản 1 Điều 27 Luật Dẫn độ 2025 quy định về tiếp nhận, kiểm tra hồ sơ yêu cầu dẫn độ của nước ngoài và xác minh địa điểm của người bị yêu cầu dẫn độ như sau:

Như vậy, công an kiểm tra tính hợp lệ của hồ sơ yêu cầu dẫn độ của nước ngoài trong thời hạn 30 ngày kể từ ngày nhận được hồ sơ yêu cầu dẫn độ của nước ngoài.

Xem thêm

Người bị yêu cầu dẫn độ có quyền kháng cáo trong thời hạn bao lâu?

Ai có thể bị dẫn độ? Quyết định dẫn độ có hiệu lực pháp luật khi nào?

Công an kiểm tra tính hợp lệ của hồ sơ yêu cầu dẫn độ của nước ngoài trong thời hạn bao lâu? (Hình từ Internet)

Căn cứ Điều 4 Luật Dẫn độ 2025 quy định về áp dụng pháp luật và nguyên tắc dẫn độ như sau:

Như vậy, dẫn độ được thực hiện trên cơ sở các nguyên tắc sau đây:

- Tôn trọng độc lập, chủ quyền, toàn vẹn lãnh thổ, không can thiệp vào công việc nội bộ của nhau, bình đẳng và các bên cùng có lợi; phù hợp với Hiến pháp, pháp luật Việt Nam và điều ước quốc tế mà nước Cộng hòa xã hội chủ nghĩa Việt Nam là thành viên;

- Trường hợp Việt Nam và nước ngoài không cùng là thành viên của điều ước quốc tế về dẫn độ thì việc dẫn độ được thực hiện theo nguyên tắc có đi có lại nhưng không trái pháp luật Việt Nam, phù hợp với pháp luật quốc tế và tập quán quốc tế.

Căn cứ khoản 1 Điều 20 Luật Dẫn độ 2025 quy định về văn bản yêu cầu dẫn độ của Việt Nam như sau:

Như vậy, văn bản yêu cầu dẫn độ của Việt Nam gửi đi nước ngoài phải có các nội dung sau đây:

- Ngày, tháng, năm lập văn bản yêu cầu dẫn độ;

- Tên, địa chỉ và thông tin liên lạc của cơ quan lập yêu cầu dẫn độ;

- Tên cơ quan được yêu cầu dẫn độ;

- Mục đích của yêu cầu dẫn độ;

- Thông tin về nhân thân, nơi cư trú của người bị yêu cầu dẫn độ;

- Tóm tắt nội dung vụ án là căn cứ đưa ra yêu cầu dẫn độ;

- Căn cứ pháp lý để khởi tố vụ án, khởi tố bị can, truy tố, đưa vụ án ra xét xử hoặc thi hành án hình sự;

- Thông tin về quyết định hoặc lệnh của cơ quan có thẩm quyền đã ban hành đối với người bị yêu cầu dẫn độ;

- Thông tin về tội danh bị nêu trong yêu cầu dẫn độ và khung hình phạt dự kiến áp dụng đối với người bị yêu cầu dẫn độ hoặc thời gian còn lại người bị yêu cầu dẫn độ phải thi hành án; nội dung điều luật về tội phạm bị yêu cầu dẫn độ;

- Các đề nghị của Việt Nam đối với nước được yêu cầu dẫn độ;

- Các cam kết của Việt Nam đối với nước được yêu cầu dẫn độ;

- Thông tin cần thiết khác (nếu có).

Điều 27. Tiếp nhận, kiểm tra hồ sơ yêu cầu dẫn độ của nước ngoài và xác minh địa điểm của người bị yêu cầu dẫn độ

1. Bộ Công an vào sổ hồ sơ dẫn độ và kiểm tra tính hợp lệ của hồ sơ yêu cầu dẫn độ theo các điều kiện quy định tại Điều 26 của Luật này trong thời hạn 30 ngày kể từ ngày nhận được hồ sơ yêu cầu dẫn độ của nước ngoài. Cơ quan Công an có thẩm quyền tiến hành xác minh địa điểm của người bị yêu cầu dẫn độ đang có mặt tại Việt Nam.

[...]

Điều 4. Áp dụng pháp luật và nguyên tắc dẫn độ

1. Dẫn độ được thực hiện theo quy định của Luật này; trường hợp Luật này không quy định thì áp dụng quy định của pháp luật về tố tụng hình sự, pháp luật về thi hành án hình sự và quy định khác của pháp luật Việt Nam có liên quan.

2. Dẫn độ được thực hiện trên cơ sở các nguyên tắc sau đây:

a) Tôn trọng độc lập, chủ quyền, toàn vẹn lãnh thổ, không can thiệp vào công việc nội bộ của nhau, bình đẳng và các bên cùng có lợi; phù hợp với Hiến pháp, pháp luật Việt Nam và điều ước quốc tế mà nước Cộng hòa xã hội chủ nghĩa Việt Nam là thành viên;

b) Trường hợp Việt Nam và nước ngoài không cùng là thành viên của điều ước quốc tế về dẫn độ thì việc dẫn độ được thực hiện theo nguyên tắc có đi có lại nhưng không trái pháp luật Việt Nam, phù hợp với pháp luật quốc tế và tập quán quốc tế.

Điều 20. Văn bản yêu cầu dẫn độ của Việt Nam

1. Văn bản yêu cầu dẫn độ của Việt Nam gửi đi nước ngoài phải có các nội dung sau đây:

a) Ngày, tháng, năm lập văn bản yêu cầu dẫn độ;

b) Tên, địa chỉ và thông tin liên lạc của cơ quan lập yêu cầu dẫn độ;

c) Tên cơ quan được yêu cầu dẫn độ;

d) Mục đích của yêu cầu dẫn độ;

đ) Thông tin về nhân thân, nơi cư trú của người bị yêu cầu dẫn độ;

e) Tóm tắt nội dung vụ án là căn cứ đưa ra yêu cầu dẫn độ;

g) Căn cứ pháp lý để khởi tố vụ án, khởi tố bị can, truy tố, đưa vụ án ra xét xử hoặc thi hành án hình sự;

h) Thông tin về quyết định hoặc lệnh của cơ quan có thẩm quyền đã ban hành đối với người bị yêu cầu dẫn độ;

i) Thông tin về tội danh bị nêu trong yêu cầu dẫn độ và khung hình phạt dự kiến áp dụng đối với người bị yêu cầu dẫn độ hoặc thời gian còn lại người bị yêu cầu dẫn độ phải thi hành án; nội dung điều luật về tội phạm bị yêu cầu dẫn độ;

k) Các đề nghị của Việt Nam đối với nước được yêu cầu dẫn độ;

l) Các cam kết của Việt Nam đối với nước được yêu cầu dẫn độ;

m) Thông tin cần thiết khác (nếu có).

[...]","giao-thong-van-tai","","","","2026-05-08T00:00:00","https://thuvienphapluat.vn/hoi-dap-phap-luat/cong-an-kiem-tra-tinh-hop-le-cua-ho-so-yeu-cau-dan-do-cua-nuoc-ngoai-trong-thoi-han-bao-lau-138089849.html","2026-05-21T19:47:23.549858+00:00"
"138089853","Lịch thi sát hạch lái xe Hà Tĩnh tháng 5 2026 dự kiến như thế nào?","Lịch thi sát hạch lái xe Hà Tĩnh tháng 5 2026 dự kiến như thế nào?

Không cấp lại giấy phép lái xe trong trường hợp nào?

Trình tự tổ chức sát hạch lái xe ra sao?

Ngày 05/05/2026, Phòng Cảnh sát giao thông Công an tỉnh Hà Tĩnh đã có Thông báo thời gian, địa điểm tổ chức sát hạch lái xe cơ giới đường bộ, kiểm tra kiến thức pháp luật về ttatgt đường bộ để được phục hồi điểm gplx tháng 5/2026.

Xem thêm:

>>> Lịch thi sát hạch Giấy phép lái xe tháng 5 2026 34 tỉnh thành chi tiết như thế nào?

>>> Lịch thi sát hạch Giấy phép lái xe tháng 4 2026 34 tỉnh thành chi tiết như thế nào?

Căn cứ theo khoản 1 Điều 19 Thông tư 12/2025/TT-BCA quy định Cục Cảnh sát giao thông cấp giấy phép lái xe cho người đạt kết quả kỳ sát hạch trong thời hạn 07 ngày làm việc, kể từ ngày kết thúc kỳ sát hạch.

Giấy phép lái xe điện tử được tích hợp vào hệ thống dữ liệu điện tử, tài khoản định danh điện tử trong thời hạn 03 ngày làm việc, kể từ ngày kết thúc kỳ sát hạch.

Trong đó, Lịch thi sát hạch lái xe Hà Tĩnh tháng 5 2026 dự kiến như sau:

*Trên đây là thông tin Lịch thi sát hạch lái xe Hà Tĩnh tháng 5 2026 dự kiến như thế nào?

Lịch thi sát hạch lái xe Hà Tĩnh tháng 5 2026 dự kiến như thế nào? (Hình từ Internet)

Căn cứ theo khoản 2 Điều 20 Thông tư 12/2025/TT-BCA quy định như sau:

Theo đó, không cấp lại giấy phép lái xe đối với các trường hợp sau:

- Thông tin giấy phép lái xe không có trong hệ thống thông tin giấy phép lái xe tại Cục Cảnh sát giao thông hoặc không có trong bảng kê danh sách cấp giấy phép lái xe (sổ quản lý);

- Người vi phạm trật tự, an toàn giao thông đường bộ chưa thực hiện xong yêu cầu của cơ quan nhà nước có thẩm quyền về giải quyết, xử lý vụ việc vi phạm hành chính trong lĩnh vực trật tự, an toàn giao thông đường bộ.

Căn cứ theo Điều 10 Thông tư 12/2025/TT-BCA quy định trình tự tổ chức sát hạch lái xe như sau:

(1) Họp Hội đồng sát hạch và khai mạc kỳ sát hạch

- Trước khi tổ chức sát hạch, Chủ tịch Hội đồng sát hạch tổ chức họp Hội đồng, phân công nhiệm vụ của từng thành viên trong Hội đồng sát hạch;

- Tổ chức khai mạc kỳ sát hạch để công bố quyết định tổ chức kỳ sát hạch, phổ biến các nội dung có liên quan của kỳ sát hạch cho người dự sát hạch.

(2) Sát hạch theo hình thức, nội dung, quy trình sát hạch quy định tại Điều 4 và các Phụ lục II, III, IV, V và VI ban hành kèm theo Thông tư 12/2025/TT-BCA quy định.

(3) Kết thúc kỳ sát hạch

Chủ tịch Hội đồng sát hạch tổ chức họp Hội đồng, Tổ giám sát (nếu có), thư ký Hội đồng báo cáo kết quả kỳ sát hạch.

Chủ tịch Hội đồng sát hạch thông qua biên bản tổng hợp kết quả sát hạch lái xe với các thành viên Hội đồng, thống nhất, ký tên và đóng dấu vào biên bản tổng hợp kết quả kỳ sát hạch lái xe theo Phụ lục IX ban hành kèm theo Thông tư 12/2025/TT-BCA.

Chủ tịch Hội đồng sát hạch ký tên và đóng dấu vào biên bản tổng hợp kết quả sát hạch lái xe của thí sinh dự sát hạch theo quy định tại Phụ lục IX ban hành kèm theo Thông tư 12/2025/TT-BCA;

Biên bản tổng hợp kết quả sát hạch lái xe của thí sinh đạt kết quả kỳ sát hạch là hồ sơ gốc, giao cho người đạt kết quả kỳ sát hạch tự bảo quản. Phòng Cảnh sát giao thông tích hợp biên bản tổng hợp kết quả sát hạch lái xe của thí sinh vào hệ thống thông tin về sát hạch, cấp giấy phép lái xe.

Điều 20. Cấp lại giấy phép lái xe

1. Người có giấy phép lái xe còn thời hạn sử dụng mà bị mất, được đề nghị cấp lại giấy phép lái xe. Việc cấp lại giấy phép lái xe bị mất thực hiện theo quy định tại các khoản 2, 3, 4 Điều 21 Thông tư này.

2. Không cấp lại giấy phép lái xe đối với các trường hợp sau: thông tin giấy phép lái xe không có trong hệ thống thông tin giấy phép lái xe tại Cục Cảnh sát giao thông hoặc không có trong bảng kê danh sách cấp giấy phép lái xe (sổ quản lý); người vi phạm trật tự, an toàn giao thông đường bộ chưa thực hiện xong yêu cầu của cơ quan nhà nước có thẩm quyền về giải quyết, xử lý vụ việc vi phạm hành chính trong lĩnh vực trật tự, an toàn giao thông đường bộ.","giao-thong-van-tai","","","","2026-05-07T00:00:00","https://thuvienphapluat.vn/hoi-dap-phap-luat/lich-thi-sat-hach-lai-xe-ha-tinh-thang-5-2026-du-kien-nhu-the-nao-138089853.html","2026-05-21T19:47:29.045784+00:00"
"138089684","Ai có thẩm quyền ký giấy chứng nhận kiểm định xe cơ giới?","Ai có thẩm quyền ký giấy chứng nhận kiểm định xe cơ giới?

Giấy chứng nhận kiểm định xe cơ giới hết hiệu lực khi nào?

Cơ sở đăng kiểm bị thu hồi giấy chứng nhận đủ điều kiện hoạt động kiểm định khi vi phạm một trong các trường hợp nào?

Người có thẩm quyền ký giấy chứng nhận kiểm định xe cơ giới gồm Lãnh đạo cơ sở đăng kiểm xe cơ giới và Lãnh đạo bộ phận kiểm định được phân công chi tiết như sau:

Căn cứ Điều 14 Nghị định 89/2026/NĐ-CP quy định về thẩm quyền ký giấy chứng nhận kiểm định như sau:

Như vậy, người có thẩm quyền ký giấy chứng nhận kiểm định xe cơ giới như sau:

- Lãnh đạo cơ sở đăng kiểm xe cơ giới theo quy định tại Điều 6 của Nghị định 89/2026/NĐ-CP;

- Lãnh đạo bộ phận kiểm định được lãnh đạo cơ sở đăng kiểm xe cơ giới phân công.

Xem thêm

>>> Điều kiện kinh doanh dịch vụ kiểm định xe cơ giới từ 01/7/2026 là gì?

Ai có thẩm quyền ký giấy chứng nhận kiểm định xe cơ giới? (Hình từ Internet)

Căn cứ khoản 5 Điều 13 Nghị định 89/2026/NĐ-CP quy định về giấy chứng nhận kiểm định như sau:

Như vậy, giấy chứng nhận kiểm định xe cơ giới hết hiệu lực khi:

- Phương tiện không bảo đảm an toàn kỹ thuật và bảo vệ môi trường theo quy định của pháp luật;

- Đã có thông tin về việc giấy chứng nhận kiểm định bị mất hoặc thu hồi trên phần mềm quản lý kiểm định;

- Giấy chứng nhận kiểm định đã được thay thế bởi giấy chứng nhận kiểm định khác;

- Phương tiện có kết quả kiểm định không đạt;

- Phương tiện đã bị cải tạo trái phép.

Căn cứ khoản 1 Điều 16 Nghị định 89/2026/NĐ-CP quy định về thu hồi giấy chứng nhận đủ điều kiện hoạt động kiểm định của cơ sở đăng kiểm như sau:

Như vậy, cơ sở đăng kiểm bị thu hồi giấy chứng nhận đủ điều kiện hoạt động kiểm định khi vi phạm một trong các trường hợp sau đây:

- Giấy chứng nhận đủ điều kiện hoạt động kiểm định xe cơ giới, giấy chứng nhận đủ điều kiện hoạt động kiểm định khí thải xe mô tô, xe gắn máy được cấp do làm giả các hồ sơ, giấy tờ, tài liệu để được cấp giấy chứng nhận;

- Giấy chứng nhận đủ điều kiện hoạt động kiểm định xe cơ giới, giấy chứng nhận đủ điều kiện hoạt động kiểm định khí thải xe mô tô, xe gắn máy bị cố ý tẩy xóa, sửa chữa làm sai lệch nội dung;

- Bị tạm đình chỉ hoạt động kiểm định theo quy định tại Điều 15 của Nghị định 89/2026/NĐ-CP từ 03 lần trong thời gian 12 tháng liên tục;

- Bị xử phạt vi phạm hành chính từ 03 lần trở lên theo quy định tại Nghị định xử phạt vi phạm hành chính về trật tự, an toàn giao thông trong lĩnh vực giao thông đường bộ; trừ điểm, phục hồi điểm giấy phép lái xe trong thời hạn 12 tháng liên tục;

- Trong thời gian 12 tháng liên tục có từ 05 lần đăng kiểm viên bị tạm đình chỉ chứng chỉ đăng kiểm viên hoặc từ 03 lần đăng kiểm viên trở lên bị thu hồi chứng chỉ đăng kiểm viên;

- Sửa dữ liệu phương tiện, dữ liệu kiểm định, chứng nhận cải tạo nhằm hợp thức hóa thông tin phương tiện, kết quả kiểm tra phương tiện;

- Không duy trì bộ phận giải quyết các công việc liên quan đến hồ sơ về kiểm định, chứng nhận cải tạo trong thời gian đơn vị tạm ngừng, tạm đình chỉ hoạt động kiểm định, trừ trường hợp bất khả kháng theo quy định của pháp luật;

- Ngừng hoạt động kiểm định quá 12 tháng liên tục;

- Bố trí người thực hiện kiểm định, chứng nhận cải tạo không phải là đăng kiểm viên được cấp chứng chỉ chuyên môn phù hợp với công việc thực hiện; phân công đăng kiểm viên cùng một thời gian trong ngày đồng thời thực hiện kiểm định, chứng nhận cải tạo tại 02 cơ sở đăng kiểm trở lên;

- Cơ sở đăng kiểm giải thể.

Điều 14. Thẩm quyền ký giấy chứng nhận kiểm định

1. Cơ sở đăng kiểm xe cơ giới

a) Lãnh đạo cơ sở đăng kiểm xe cơ giới theo quy định tại Điều 6 của Nghị định này;

b) Lãnh đạo bộ phận kiểm định được lãnh đạo cơ sở đăng kiểm xe cơ giới phân công.

2. Cơ sở kiểm định khí thải xe mô tô, xe gắn máy

a) Lãnh đạo của cơ sở kiểm định khí thải được bổ nhiệm theo quy định của pháp luật;

b) Đăng kiểm viên được lãnh đạo cơ sở kiểm định khí thải phân công.

Điều 13. Giấy chứng nhận kiểm định

[...]

5. Giấy chứng nhận kiểm định hết hiệu lực khi:

a) Phương tiện không bảo đảm an toàn kỹ thuật và bảo vệ môi trường theo quy định của pháp luật;

b) Đã có thông tin về việc giấy chứng nhận kiểm định bị mất hoặc thu hồi trên phần mềm quản lý kiểm định;

c) Giấy chứng nhận kiểm định đã được thay thế bởi giấy chứng nhận kiểm định khác;

d) Phương tiện có kết quả kiểm định không đạt;

đ) Phương tiện đã bị cải tạo trái phép.

Điều 16. Thu hồi giấy chứng nhận đủ điều kiện hoạt động kiểm định của cơ sở đăng kiểm

1. Cơ sở đăng kiểm bị thu hồi giấy chứng nhận đủ điều kiện hoạt động kiểm định khi vi phạm một trong các trường hợp sau đây:

a) Giấy chứng nhận đủ điều kiện hoạt động kiểm định xe cơ giới, giấy chứng nhận đủ điều kiện hoạt động kiểm định khí thải xe mô tô, xe gắn máy được cấp do làm giả các hồ sơ, giấy tờ, tài liệu để được cấp giấy chứng nhận;

b) Giấy chứng nhận đủ điều kiện hoạt động kiểm định xe cơ giới, giấy chứng nhận đủ điều kiện hoạt động kiểm định khí thải xe mô tô, xe gắn máy bị cố ý tẩy xóa, sửa chữa làm sai lệch nội dung;

c) Bị tạm đình chỉ hoạt động kiểm định theo quy định tại Điều 15 của Nghị định này từ 03 lần trong thời gian 12 tháng liên tục;

d) Bị xử phạt vi phạm hành chính từ 03 lần trở lên theo quy định tại Nghị định xử phạt vi phạm hành chính về trật tự, an toàn giao thông trong lĩnh vực giao thông đường bộ; trừ điểm, phục hồi điểm giấy phép lái xe trong thời hạn 12 tháng liên tục;

đ) Trong thời gian 12 tháng liên tục có từ 05 lần đăng kiểm viên bị tạm đình chỉ chứng chỉ đăng kiểm viên hoặc từ 03 lần đăng kiểm viên trở lên bị thu hồi chứng chỉ đăng kiểm viên;

e) Sửa dữ liệu phương tiện, dữ liệu kiểm định, chứng nhận cải tạo nhằm hợp thức hóa thông tin phương tiện, kết quả kiểm tra phương tiện;

g) Không duy trì bộ phận giải quyết các công việc liên quan đến hồ sơ về kiểm định, chứng nhận cải tạo trong thời gian đơn vị tạm ngừng, tạm đình chỉ hoạt động kiểm định, trừ trường hợp bất khả kháng theo quy định của pháp luật;

h) Ngừng hoạt động kiểm định quá 12 tháng liên tục;

i) Bố trí người thực hiện kiểm định, chứng nhận cải tạo không phải là đăng kiểm viên được cấp chứng chỉ chuyên môn phù hợp với công việc thực hiện; phân công đăng kiểm viên cùng một thời gian trong ngày đồng thời thực hiện kiểm định, chứng nhận cải tạo tại 02 cơ sở đăng kiểm trở lên;

k) Cơ sở đăng kiểm giải thể.

[...]","giao-thong-van-tai","","","","2026-05-07T00:00:00","https://thuvienphapluat.vn/hoi-dap-phap-luat/ai-co-tham-quyen-ky-giay-chung-nhan-kiem-dinh-xe-co-gioi-138089684.html","2026-05-21T19:47:35.511305+00:00"
"138089837","Toàn văn Dự thảo Bộ luật Hàng hải và Đường thuỷ Việt Nam ngày 27/04/2026 ra sao?","Toàn văn Dự thảo Bộ luật Hàng hải và Đường thuỷ Việt Nam ngày 27/04/2026 ra sao?

Nhà nước có những chính sách nào về phát triển hàng hải?

Hoạt động hàng hải phải đảm bảo nguyên tắc nào?

Ngày 06-05-2026, Bộ Xây dựng đã công bố và lấy ý kến Dự thảo Bộ luật Hàng hải và Đường thuỷ Việt Nam. Dự thảo ngày 27/04/2026.

TẢI VỀ Dự thảo Bộ luật Hàng hải và Đường thuỷ Việt Nam

Xem thêm:

>>> Văn bản hợp nhất Thông tư hướng dẫn Luật Quản lý thuế và Nghị định 126 số 14/VBHN-BTC ra sao?

>>> Văn bản hợp nhất Nghị định xử phạt vi phạm hành chính về thuế hóa đơn số 15/VBHN-BTC 2026 ra sao?

Trong đó, Điều 78 Dự thảo Bộ luật Hàng hải và Đường thuỷ Việt Nam quy định về thế chấp tàu biển Việt Nam như sau:

- Thế chấp tàu biển là việc chủ tàu dùng tàu biển thuộc sở hữu của mình để bảo đảm thực hiện nghĩa vụ dân sự đối với bên nhận thế chấp và không phải chuyển giao tàu biển đó cho bên nhận thế chấp.

- Chủ tàu có quyền thế chấp tàu biển Việt Nam thuộc sở hữu của mình cho bên nhận thế chấp theo quy định của Bộ luật này và quy định khác của pháp luật có liên quan.

- Hợp đồng thế chấp tàu biển Việt Nam phải được giao kết bằng văn bản. Việc thế chấp tàu biển Việt Nam được thực hiện theo pháp luật Việt Nam.

- Các quy định về thế chấp tàu biển cũng được áp dụng đối với việc thế chấp tàu biển đang đóng.

Xem thêm chi tiết Toàn văn Dự thảo Bộ luật Hàng hải và Đường thuỷ Việt Nam ngày 27/04/2026

TẢI VỀ

*Trên đây là thông tin Toàn văn Dự thảo Bộ luật Hàng hải và Đường thuỷ Việt Nam ngày 27/04/2026 ra sao?

Toàn văn Dự thảo Bộ luật Hàng hải và Đường thuỷ Việt Nam ngày 27/04/2026 ra sao? (Hình từ Internet)

Căn cứ Điều 7 Bộ luật Hàng hải Việt Nam 2015 được sửa đổi bởi khoản 1 Điều 2 Luật Sửa đổi, bổ sung một số Điều của 37 Luật có liên quan đến quy hoạch 2018 quy định chính sách của Nhà nước về phát triển hàng hải như sau:

- Nhà nước có chính sách phát triển hàng hải phục vụ phát triển kinh tế biển và bảo vệ tổ quốc.

- Ưu tiên phát triển kết cấu hạ tầng hàng hải thông qua chính sách ưu tiên trong quy hoạch tổng thể phát triển hệ thống cảng biển, quy hoạch chi tiết nhóm cảng biển, bến cảng, cầu cảng, bến phao, khu nước, vùng nước, quy hoạch chi tiết phát triển vùng đất, vùng nước cảng biển, quy hoạch phát triển hệ thống cảng cạn; thu hút nguồn vốn đầu tư xây dựng, khai thác kết cấu hạ tầng hàng hải

- Ưu tiên phát triển đội tàu vận tải biển thông qua chính sách ưu đãi về thuế, lãi suất vay vốn trong đầu tư phát triển đội tàu và trong hoạt động vận tải biển.

- Ưu tiên phát triển nguồn nhân lực hàng hải; phát triển đội ngũ thuyền viên đáp ứng nhu cầu trong nước và quốc tế thông qua các chính sách về đào tạo, huấn luyện thuyền viên; tiêu chuẩn, chế độ lao động của thuyền viên.

- Tăng cường hợp tác quốc tế, đẩy mạnh việc tham gia các tổ chức quốc tế về hàng hải, ký kết, gia nhập và tổ chức thực hiện các điều ước quốc tế về hàng hải.

- Khuyến khích nghiên cứu và chuyển giao các ứng dụng khoa học, công nghệ tiên tiến, hiện đại trong lĩnh vực hàng hải.

- Khuyến khích mọi tổ chức, cá nhân đầu tư phát triển đội tàu biển, cảng biển, công nghiệp tàu thủy; tham gia cung cấp dịch vụ công ích trong lĩnh vực hàng hải và thực hiện các hoạt động hàng hải khác theo quy định tại Việt Nam.

Căn cứ Điều 6 Bộ luật Hàng hải Việt Nam 2015 quy định hoạt động hàng hải phải đảm bảo nguyên tắc sau đây:

- Hoạt động hàng hải phải tuân theo quy định của Bộ luật này, quy định khác của pháp luật Việt Nam và điều ước quốc tế mà Cộng hòa xã hội chủ nghĩa Việt Nam là thành viên.

- Hoạt động hàng hải phải bảo đảm an toàn hàng hải, an ninh hàng hải; bảo đảm quốc phòng, an ninh; bảo vệ lợi ích, chủ quyền, quyền chủ quyền và quyền tài phán của nước Cộng hòa xã hội chủ nghĩa Việt Nam.

- Hoạt động hàng hải phải phù hợp với chiến lược phát triển kinh tế - xã hội của đất nước và chiến lược, quy hoạch, kế hoạch phát triển giao thông vận tải.

- Hoạt động hàng hải phải bảo đảm hiệu quả kinh tế gắn với bảo vệ, tái tạo, phát triển bền vững môi trường và cảnh quan thiên nhiên.","giao-thong-van-tai","","","","2026-05-07T00:00:00","https://thuvienphapluat.vn/hoi-dap-phap-luat/toan-van-du-thao-bo-luat-hang-hai-va-duong-thuy-viet-nam-ngay-27042026-ra-sao-138089837.html","2026-05-21T19:47:40.696193+00:00"
"138086597","Công văn 4234/BTC-CST 2026 về phân loại đối với xe điện phạm vi mở rộng xe REEV ra sao?","Ngày 29/3/2026, Bộ Tài chính ban hành Công văn 4234/BTC-CST năm 2026 về phân loại đối với xe điện phạm vi mở rộng (xe REEV).

Xem toàn bộ Công văn 4234 BTC CST 2026 về phân loại xe điện phạm vi mở rộng xe REEV dưới đây:

Tải về

Về phân loại đối với xe điện phạm vi mở rộng xe REEV. Về vấn đề này, Bộ Tài chính có ý kiến như sau:

(1)  Thực hiện Thông báo số 132/TB-VPCP

Thực hiện Thông báo 132/TB-VPCP ngày 18/3/2026 của Văn phòng Chính phủ thông báo kết luận của Thường trực Chính phủ tại cuộc họp về các đề xuất của các Công ty trong hệ sinh thái Vingroup, Bộ Tài chính đã có công văn số 3345/BTC-CLCS ngày 19/3/2026 gửi Ban Chính sách, chiến lược Trung ương, trong đó, đã đề xuất bổ sung nội dung gia hạn thuế tiêu thụ đặc biệt (TTĐB) đối với xe điện đến hết năm 2030 vào dự thảo Nghị quyết của Bộ Chính trị về giải pháp trọng tâm thực hiện mục tiêu tăng trưởng 2 con số - như Thông báo số 132/TB-VPCP.

(2)  Về ý kiến của Bộ Xây dựng

- Pháp luật về thuế TTĐB và lệ phí trước bạ (LPTB) hiện hành đã có quy định mức thuế TTĐB và LPTB đối với từng nhóm phương tiện; việc phân nhóm phương tiện thực hiện theo quy định của Bộ Xây dựng, cụ thể:

Biểu thuế TTĐB tại Điều 8  Luật Thuế tiêu thụ đặc biệt 2025  đã quy định cụ thể về thuế suất đối với xe ô tô dưới 24 chỗ thuộc đối tượng chịu thuế TTĐB, bao gồm:

(i) xe ô tô chạy bằng xăng, dầu;

(ii) xe ô tô chạy điện (gồm xe ô tô điện chạy bằng pin và xe ô tô chạy điện khác);

(iii) xe ô tô chạy bằng xăng kết hợp năng lượng điện (xe hybrid điện).

Tại khoản 1 Điều 6  Nghị định 360/2025/NĐ-CP  quy định chi tiết thi hành một số điều của Luật Thuế TTĐB có quy định về cách xác định đối tượng được áp dụng quy định tại mục 4đ Biểu thuế TTĐB thuộc Điều 8  Luật Thuế tiêu thụ đặc biệt 2025  như sau:

“1. Xe ô tô chạy bằng xăng kết hợp năng lượng điện quy định tại mục 4đ Biểu thuế TTĐB là xe ô tô hybrid điện theo quy định của Bộ Xây dựng"".

- Tại các Nghị định của Chính phủ về LPTB quy định:

+ Xe ô tô, rơ moóc, sơ mi rơ moóc, xe chở người bốn bánh có gắn động cơ, xe chở hàng bốn bánh có gắn động cơ, xe máy chuyên dùng, xe tương tự các loại xe này theo quy định pháp luật về trật tự, an toàn giao thông đường bộ phải đăng ký và gắn biển số do cơ quan nhà nước có thẩm quyền cấp.

+ Mức LPTB đối với xe ô tô là 2%; riêng xe ô tô dưới 10 chỗ ngồi là 10%, HĐND cấp tỉnh quy định mức cụ thể cao hơn không quá 15%; xe ô tô điện chạy pin đăng ký lần đầu áp dụng mức LPTB 0% đến hết tháng 02/2027.

+ Bộ Xây dựng (Cục Đăng kiểm Việt Nam) có trách nhiệm phân loại phương tiện làm cơ sở cho việc thu LPTB theo quy định.

- Quy định về phân loại phương tiện giao thông đường bộ hiện đang thực hiện theo  Thông tư 53/2024/TT-BGTVT .

Tại Công văn số 4673/BXD-KHCNMT&VLXD ngày 28/3/2026, Bộ Xây dựng có nêu:

“Trên cơ sở kinh nghiệm quốc tế và các đặc điểm kỹ thuật của xe REEV do Công ty Vinfast cung cấp, Bộ Xây dựng nhận thấy cần thiết phân loại REEV theo hướng lấy nguyên lý dẫn động làm tiêu chỉ cốt lõi và bổ sung xe REEV là xe điện chạy bằng pin (xe có gắn động cơ chạy bằng pin) như đề xuất của doanh nghiệp vào Thông tư sửa đổi, bổ sung số 53/2024/TT-BGTVT"".

Do vậy, trường hợp Bộ Xây dựng sửa đổi, bổ sung  Thông tư 53/2024/TT-BGTVT , trong đó bổ sung quy định phân loại xe REEV thuộc nhóm xe điện chạy bằng pin như đề xuất tại Công văn số 4673/BXD-KHCNMT&VLXD thì sẽ áp dụng quy định của pháp luật về thuế TTĐB và LPTB hiện hành đối với xe ô tô điện chạy pin mà không cần phải sửa đổi văn bản pháp luật về thuế TTĐB và LPTB quy định mức thu thuế, LPTB riêng đối với xe REEV.

Ngoài ra, theo công văn số 4673/BXD-KHCNMT&VLXD của Bộ Xây dựng có nghiên cứu kinh nghiệm quốc tế cho thấy: “các quốc gia nêu trên đều có điểm chung là có xu hướng phân loại, xây dựng chính sách ưu đãi đối với xe REEV tương tự như xe BEV phụ thuộc vào dung lượng pin, quãng đường di chuyển thuần điện, khả năng sặc ngoài, lượng phát thải tính bằng gam CO2/km, v.v.. của xe”.

Vì vậy, trên cơ sở đề xuất của Bộ Xây dựng, thực hiện chỉ đạo của Thường trực Chính phủ tại Thông báo số 132/TB-VPCP, Bộ Tài chính đang nghiên cứu trình cấp có thẩm quyền ban hành các văn bản quy phạm pháp luật để kéo dài thời gian áp dụng thuế TTĐB và mức thu LPTB đối với xe ô tô điện chạy pin.

Việc áp dụng các chính sách đối với loại xe này là để khuyến khích người tiêu dùng có cơ hội được tiếp cận sử dụng loại phương tiện giao thông xanh, bền vững, bảo vệ môi trường và từng bước thay thế nhiên liệu hóa thạch nhất là trong bối cảnh diễn biến tình hình thị trường xăng dầu trong nước và thế giới còn nhiều biến động, khó đoán định (mức thu thuế TTĐB, LPTB giảm là để góp phần giảm chi phí trực tiếp cho người sử dụng).

Từ nội dung nêu trên, đề nghị Văn phòng Chính phủ báo cáo Chính phủ giao:

- Bộ Xây dựng khẩn trương xây dựng, ban hành Thông tư sửa đổi, bổ sung  Thông tư 53/2024/TT-BGTVT  như đề xuất của Bộ Xây dựng tại công văn số 4673/BXD-KHCNMT&VLXD, làm cơ sở cho cơ quan thuế áp dụng mức thuế TTĐB và LPTB theo quy định pháp luật thuế, LPTB hiện hành.

- Bộ Tài chính khẩn trương hoàn thiện hồ sơ dự án văn bản quy phạm pháp luật (Nghị quyết của Quốc hội về gia hạn thuế suất thuế TTĐB đối với xe có gắn động cơ dưới 24 chỗ chạy bằng pin và Nghị định của Chính phủ về LPTB) về kéo dài thời gian ưu đãi thuế TTĐB và LPTB đối với ô tô điện chạy pin đến hết năm 2030, trình Chính phủ trong thời gian sớm nhất.

Trên đây là thông tin: Công văn 4234 BTC CST 2026 về phân loại xe điện phạm vi mở rộng xe REEV ra sao?

Công văn 4234/BTC-CST 2026 về phân loại đối với xe điện phạm vi mở rộng xe REEV ra sao? (Hình từ Internet)

Căn cứ tại Điều 16  Thông tư 55/2024/TT-BGTVT  quy định cơ sở sản xuất phải thực hiện công khai mức tiêu thụ năng lượng của xe cơ giới. Việc công khai mức tiêu thụ năng lượng phải đáp ứng các yêu cầu sau:

- Phù hợp với các thông tin, mức tiêu thụ năng lượng của kiểu loại xe đã được chứng nhận;

- Đăng tải thông tin về mức tiêu thụ năng lượng của kiểu loại xe trên trang thông tin điện tử của cơ sở sản xuất, cơ sở kinh doanh xe (nếu có). Thông tin công khai phải được duy trì trong suốt thời gian cơ sở sản xuất, cơ sở kinh doanh xe cung cấp kiểu loại xe ra thị trường.

Căn cứ tại khoản 1 Điều 41  Luật Trật tự, an toàn giao thông đường bộ 2024  quy định xe phải bảo đảm chất lượng an toàn kỹ thuật và bảo vệ môi trường bao gồm:

- Xe cơ giới, xe máy chuyên dùng nhập khẩu, sản xuất, lắp ráp, trừ xe để nghiên cứu khoa học, nghiên cứu phục vụ sản xuất, trưng bày, giới thiệu tại hội chợ, triển lãm thương mại;

- Loại phụ tùng xe cơ giới nhập khẩu, sản xuất, lắp ráp thuộc danh mục sản phẩm hàng hóa phải kiểm tra chất lượng an toàn kỹ thuật và bảo vệ môi trường, trừ trường hợp để nghiên cứu khoa học, nghiên cứu phục vụ sản xuất, trưng bày, giới thiệu tại hội chợ, triển lãm thương mại.","","","","","2026-04-08","https://thuvienphapluat.vn/hoi-dap-phap-luat/cong-van-4234btccst-2026-ve-phan-loai-doi-voi-xe-dien-pham-vi-mo-rong-xe-reev-ra-sao-138086597.html","2026-04-09T07:28:18.281964+00:00"
"138086147","Điều kiện chi trả chi phí bồi thường, chấm dứt hợp đồng trước thời hạn dự án BOT giao thông là gì theo Nghị định 122?","Căn cứ theo Điều 9  Nghị định 122/2026/NĐ-CP  quy định điều kiện chi trả chi phí bồi thường, chấm dứt hợp đồng trước thời hạn dự án BOT giao thông như sau:

Đối với dự án BOT giao thông trong giai đoạn vận hành, kinh doanh có hợp đồng được ký kết trước ngày 01/01/2021, nhà đầu tư, doanh nghiệp dự án được chi trả chi phí bồi thường, chấm dứt hợp đồng trước thời hạn theo quy định tại điểm a khoản 2a Điều 52  Luật Đầu tư theo phương thức đối tác công tư 2020  khi đáp ứng một trong các điều kiện sau đây:

- Dự án hoặc hạng mục công trình thuộc dự án đã hoàn thành theo quy định của pháp luật về xây dựng và đưa vào khai thác, sử dụng tối thiểu 2 năm nhưng nhà đầu tư, doanh nghiệp dự án không được thu phí để hoàn vốn theo hợp đồng dự án.

- Dự án bị sụt giảm doanh thu, các bên đã tính toán phương án tài chính điều chỉnh trên cơ sở dự kiến mức vốn nhà nước chia sẻ phần giảm doanh thu theo Điều 6  Nghị định 122/2026/NĐ-CP , giảm tỷ suất lợi nhuận trên vốn chủ sở hữu, giảm lãi suất vốn vay theo Điều 7  Nghị định 122/2026/NĐ-CP .

Sau khi tính toán, dự án có thời gian thu phí đến 50 năm nhưng chưa bảo đảm mức doanh thu để chi trả: các khoản thuế, phí phải nộp; chi phí quản lý, vận hành khai thác và bảo trì công trình dự án; gốc vay và lãi vay theo phương án tài chính điều chỉnh.

*Trên đây là thông tin Điều kiện chi trả chi phí bồi thường, chấm dứt hợp đồng trước thời hạn dự án BOT giao thông là gì theo Nghị định 122?

Điều kiện chi trả chi phí bồi thường, chấm dứt hợp đồng trước thời hạn dự án BOT giao thông là gì theo Nghị định 122? (Hình từ Internet)

Căn cứ theo Điều 10  Nghị định 122/2026/NĐ-CP  quy định chi phí bồi thường, chấm dứt hợp đồng trước thời hạn được xác định trên cơ sở các thông số như sau:

- Tổng vốn đầu tư xây dựng công trình dự án (bao gồm lãi vay trong giai đoạn xây dựng, không bao gồm vốn nhà nước tham gia thực hiện dự án) xác định theo giá trị quyết toán sau khi đã thực hiện giảm trừ khoản thuế giá trị gia tăng doanh nghiệp dự án được hoàn, giảm trừ chi phí theo kết luận của cơ quan thanh tra, Kiểm toán nhà nước (nếu có);

- Chi phí quản lý, vận hành khai thác và bảo trì công trình dự án xác định theo xác nhận của cơ quan ký kết hợp đồng;

- Các khoản thuế, phí doanh nghiệp dự án theo thực tế thực hiện sau khi đã khấu trừ khoản thuế giá trị gia tăng theo quy định (nếu có);

- Doanh thu thu phí dịch vụ và các nguồn thu khác (nếu có) xác định theo xác nhận của cơ quan ký kết hợp đồng;

- Chi phí kiểm toán độc lập (nếu có);

- Chi phí huy động vốn vay xác định theo nguyên tắc tại khoản 3 Điều 10  Nghị định 122/2026/NĐ-CP .

Căn cứ theo Điều 7  Thông tư 34/2024/TT-BGTVT  quy định như sau:

Điều 7. Hình thức thu tiền sử dụng đường bộ

Thu tiền sử dụng đường bộ được thực hiện theo hình thức điện tử không dừng và hình thức một dừng.

1. Hình thức điện tử không dừng là hình thức thu tiền sử dụng đường bộ tự động, phương tiện tham gia giao thông đường bộ không phải dừng lại để trả tiền sử dụng đường bộ khi qua trạm thu phí.

2. Hình thức một dừng là hình thức thu tiền sử dụng đường bộ mà khi qua trạm thu phí, phương tiện giao thông đường bộ thực hiện một lần dừng khi qua cửa kiểm soát làn thu phí để trả tiền sử dụng đường bộ.

Theo đó, thu tiền sử dụng đường bộ được thực hiện theo hình thức điện tử không dừng và hình thức một dừng.

- Hình thức điện tử không dừng là hình thức thu tiền sử dụng đường bộ tự động, phương tiện tham gia giao thông đường bộ không phải dừng lại để trả tiền sử dụng đường bộ khi qua trạm thu phí.

- Hình thức một dừng là hình thức thu tiền sử dụng đường bộ mà khi qua trạm thu phí, phương tiện giao thông đường bộ thực hiện một lần dừng khi qua cửa kiểm soát làn thu phí để trả tiền sử dụng đường bộ.","","","","","2026-04-08","https://thuvienphapluat.vn/hoi-dap-phap-luat/dieu-kien-chi-tra-chi-phi-boi-thuong-cham-dut-hop-dong-truoc-thoi-han-du-an-bot-giao-thong-la-gi-th-138086147.html","2026-04-09T07:28:23.037195+00:00"
"138086257","Xe bán tải có được đi vào đường cấm xe tải không?","Căn cứ theo  Thông tư 53/2024/TT-BGTVT  xe bán tải có thể được phân loại thành 1 trong 2 nhóm: Xe ô tô con pick-up và Xe ô tô tải pick-up.Thông tin phân loại này được ghi rõ trong Giấy đăng ký xe của từng phương tiện.

Bảng phân loại xe bán tải là ô tô con pick-up và ô tô tải pick-up thực hiện theo  Thông tư 53/2024/TT-BGTVT  như sau:

Loại xe

Đặc điểm

Hình minh họa

1. Ô tô con Pickup

Ô tô Pickup có ít nhất một đặc điểm khác với ô tô tải Pickup ca bin đơn hoặc ô tô tải Pickup ca bin kép quy định Phụ lục IV ban hành kèm theo Thông tư này.

2. Ô tô tải Pickup

2.1. Ô tô tải Pickup ca bin đơn

Ô tô chở hàng có kiểu dáng ca bin và tiện nghi trong khoang chở người tương tự như ô tô con và có các đặc điểm sau:

- Thùng hàng dạng hở (có thể có mui phủ) hoặc dạng kín, có thể liền hoặc không liền thân với ca bin, có bố trí cửa để xếp, dỡ hàng;

- Trong ca bin có bố trí một hàng ghế;

- Thùng hàng không có trang bị tiện nghi và nội thất phục vụ chở người;

- Diện tích hữu ích của thùng hàng (Fh) không nhỏ hơn 01m2 và được xác định theo quy định tại Mục A Phụ lục XI ban hành kèm theo Thông tư này;

- Tỷ lệ giữa tổng khối lượng hàng hóa cho phép chở (mh) và tổng khối lượng của số người cho phép chở (mng) phải đáp ứng được yêu cầu sau:

Trong đó:

mng = 65 (kg/người) nhân với số người cho phép chở kể cả người lái.

2.2. Ô tô tải Pickup ca bin kép

Ô tô chở hàng có kiểu dáng cabin và tiện nghi trong khoang chở người tương tự như ô tô con và có các đặc điểm sau:

- Thùng hàng dạng hở (có thể có mui phủ) hoặc dạng kín, có thể liền hoặc không liền thân với ca bin, có bố trí cửa để xếp, dỡ hàng;

- Trong ca bin có bố trí hai hàng ghế, có số người cho phép chở kể cả người lái không lớn hơn 05 người;

- Thùng hàng không có trang bị tiện nghi và nội thất phục vụ chở người;

- Diện tích hữu ích của sàn thùng hàng (Fh) không nhỏ hơn 01m2 và được xác định theo quy định tại Mục A Phụ lục XI ban hành kèm theo Thông tư này;

- Tỷ lệ giữa tổng khối lượng hàng hóa cho phép chở (mh) và tổng khối lượng của số người cho phép chở (mng) phải đáp ứng được yêu cầu sau:

Trong đó:

mng = 65 (kg/người) nhân với số người cho phép chở kể cả người lái.

Theo đó, xe bán tải có thông số kỹ thuật và giấy tờ đăng kiểm thuộc dòng ô tô tải pickup thì được xem là xe tải.

Người điều khiển Xe ô tô tải pick-up phải chấp hành các biển báo và quy định áp dụng đối với xe tải khi tham gia giao thông.

Như vậy, Xe bán tải là Xe ô tô con pick-up được đi vào đường cấm xe tải; Xe bán tải là Xe ô tô tải pick-up không được đi vào đường cấm xe tải.

Xe bán tải có được đi vào đường cấm xe tải không? (Hình từ Internet)

Theo điểm i khoản 5, điểm a khoản 16 Điều 6  Nghị định 168/2024/NĐ-CP  quy định như sau:

Điều 6. Xử phạt, trừ điểm giấy phép lái xe của người điều khiển xe ô tô, xe chở người bốn bánh có gắn động cơ, xe chở hàng bốn bánh có gắn động cơ và các loại xe tương tự xe ô tô vi phạm quy tắc giao thông đường bộ

[....]

5. Phạt tiền từ 4.000.000 đồng đến 6.000.000 đồng đối với người điều khiển xe thực hiện một trong các hành vi vi phạm sau đây:

[....]

i) Đi vào khu vực cấm, đường có biển báo hiệu có nội dung cấm đi vào đối với loại phương tiện đang điều khiển, trừ các hành vi vi phạm quy định tại điểm d khoản 9, điểm đ khoản 11 Điều này, hành vi bị cấm đi vào công trình thủy lợi và các trường hợp xe ưu tiên đang đi làm nhiệm vụ khẩn cấp theo quy định;

[....]

16. Ngoài việc bị áp dụng hình thức xử phạt, người điều khiển xe thực hiện hành vi vi phạm còn bị trừ điểm giấy phép lái xe như sau:

a) Thực hiện hành vi quy định tại điểm h, điểm i khoản 3; điểm a, điểm b, điểm c, điểm d, điểm đ, điểm g khoản 4; điểm a, điểm b, điểm c, điểm d, điểm đ, điểm e, điểm g,  điểm i , điểm k, điểm n, điểm o  khoản 5 Điều này bị trừ điểm giấy phép lái xe 02 điểm;

[....]

Theo đó, lỗi đi vào làn đường cấm xe tải 2025 sẽ bị  phạt tiền từ 4.000.000 đồng đến 6.000.000 đồng  đối với hành vi:

- Đi vào khu vực cấm, đường có biển báo hiệu có nội dung cấm đi vào đối với loại phương tiện đang điều khiển, trừ các hành vi vi phạm sau đây:

+ Đi ngược chiều của đường một chiều, đi ngược chiều trên đường có biển ""Cấm đi ngược chiều”, trừ các hành vi vi phạm quy định tại điểm đ khoản 11 Điều 6  Nghị định 168/2024/NĐ-CP  và các trường hợp xe ưu tiên đang đi làm nhiệm vụ khẩn cấp theo quy định.

+ Điều khiển xe đi ngược chiều trên đường cao tốc, lùi xe trên đường cao tốc, quay đầu xe trên đường cao tốc, trừ các xe ưu tiên đang đi làm nhiệm vụ khẩn cấp theo quy định.

+ Hành vi bị cấm đi vào công trình thủy lợi và các trường hợp xe ưu tiên đang đi làm nhiệm vụ khẩn cấp theo quy định.

Ngoài việc bị phạt tiền, người điều khiển xe thực hiện hành vi vi phạm nêu trên còn  bị trừ điểm giấy phép lái xe 02 điểm  theo quy định của pháp luật.

Theo khoản 2 Điều 11  Luật Trật tự, an toàn giao thông đường bộ 2024  quy định người tham gia giao thông đường bộ phải chấp hành báo hiệu đường bộ theo thứ tự ưu tiên từ trên xuống dưới như sau:

- Hiệu lệnh của người điều khiển giao thông;

- Tín hiệu đèn giao thông;

- Biển báo hiệu đường bộ;

- Vạch kẻ đường và các dấu hiệu khác trên mặt đường;

- Cọc tiêu, tường bảo vệ, rào chắn, đinh phản quang, tiêu phản quang, cột Km, cọc H;

- Thiết bị âm thanh báo hiệu đường bộ.","","","","","2026-04-07","https://thuvienphapluat.vn/hoi-dap-phap-luat/xe-ban-tai-co-duoc-di-vao-duong-cam-xe-tai-khong-138086257.html","2026-04-09T07:28:26.587858+00:00"
"138086366","Từ 1/7/2027, TPHCM, Hà Nội sẽ kiểm định khí thải xe máy đúng không?","Căn cứ theo Điều 4 Quyết định 13/2026/QĐ-TTg quy định lộ trình áp dụng Quy chuẩn kỹ thuật quốc gia về khí thải xe mô tô, xe gắn máy tham gia giao thông đường bộ   Tải về  có hướng dẫn như sau:

Điều 4. Lộ trình áp dụng quy chuẩn khí thải

1. Thời điểm bắt đầu thực hiện kiểm định khí thải xe mô tô, xe gắn máy tham gia giao thông đường bộ:

a) Từ ngày 01 tháng 7 năm 2027 đối với thành phố Hà Nội và Thành phố Hồ Chí Minh;

b) Từ ngày 01 tháng 7 năm 2028 đối với các thành phố trực thuộc trung ương còn lại;

c) Từ ngày 01 tháng 7 năm 2030 đối với các tỉnh còn lại. Tùy theo tình hình thực tế, các tỉnh này có thể quy định áp dụng thời hạn sớm hơn.

Như vậy, từ ngày 01/7/2026, tại Thành phố Hồ Chí Minh và Thành phố Hà Nội sẽ bắt đầu thực hiện kiểm định khí thải xe máy tham gia giao thông đường bộ.

Từ 1/7/2027, TPHCM, Hà Nội sẽ kiểm định khí thải xe máy đúng không?(Hình từ Internet)

Căn cứ theo Điều 4  Nghị định 166/2024/NĐ-CP , cơ sở kinh doanh dịch vụ kiểm định xe cơ giới phải đáp ứng các điều kiện chung sau:

- Đáp ứng các điều kiện về cơ sở vật chất, cơ cấu tổ chức, nhân lực và hệ thống quản lý chất lượng theo quy định tại Nghị định này và Quy chuẩn kỹ thuật quốc gia về cơ sở vật chất kỹ thuật và vị trí cơ sở đăng kiểm xe cơ giới, cơ sở kiểm định khí thải xe mô tô, xe gắn máy (sau đây viết tắt là Quy chuẩn kỹ thuật quốc gia về cơ sở đăng kiểm).

- Có đăng kiểm viên phù hợp với chức năng của cơ sở đăng kiểm. Đăng kiểm viên gồm: đăng kiểm viên hạng 1, đăng kiểm viên hạng 2, đăng kiểm viên hạng 3.

- Có giấy tờ, tài liệu theo quy định của pháp luật về xây dựng, pháp luật về đất đai; kết nối giao thông và đấu nối đường bộ theo quy định; bảo vệ môi trường, an toàn, vệ sinh lao động, phòng cháy và chữa cháy và pháp luật khác có liên quan khi xây dựng, đưa cơ sở đăng kiểm vào hoạt động.

Căn cứ theo điểm c khoản 1 Điều 6  Nghị định 166/2024/NĐ-CP  quy định như sau:

Điều 6. Điều kiện về nhân lực

1. Về số lượng

a) Có tối thiểu 01 lãnh đạo cơ sở đăng kiểm là đăng kiểm viên hạng II trở lên;

b) Có tối thiểu 01 lãnh đạo bộ phận kiểm định là đăng kiểm viên hạng I;

c) Có tối thiểu 02 đăng kiểm viên từ hạng II trở lên. Nhân sự quy định tại điểm a, điểm b khoản này được tham gia kiểm định tại các dây chuyền kiểm định và được tính là đăng kiểm viên theo quy định tại điểm này;

d) Có nhân viên nghiệp vụ để thực hiện các công việc được quy định tại khoản 7 Điều 3 của Nghị định này.

2. Đăng kiểm viên hạng II quy định tại điểm c khoản 1 Điều này phải đáp ứng các điều kiện sau:

a) Trình độ chuyên môn: có bằng cử nhân hoặc kỹ sư chuyên ngành kỹ thuật liên quan đến xe cơ giới, xe máy chuyên dùng;

b) Có giấy phép lái xe ô tô còn hiệu lực;

c) Được cấp chứng chỉ đăng kiểm viên hạng II theo quy định của pháp luật.

3. Đăng kiểm viên hạng I quy định tại điểm b khoản 1 Điều này phải đáp ứng các điều kiện sau:

a) Là đăng kiểm viên hạng II có thời gian hoạt động đăng kiểm đủ 05 năm;

b) Được cấp chứng chỉ đăng kiểm viên hạng I theo quy định của pháp luật.

4. Nhân viên nghiệp vụ quy định tại điểm d khoản 1 Điều này phải đáp ứng các điều kiện sau:

a) Trình độ chuyên môn: tốt nghiệp hệ trung cấp trở lên;

b) Được Cục Đăng kiểm Việt Nam hướng dẫn thực hiện các công việc quy định tại khoản 7 Điều 3 của Nghị định này.

Như vậy, cơ sở kinh doanh dịch vụ kiểm định xe cơ giới phải có tối thiểu 02 đăng kiểm viên từ hạng 2 trở lên.

Nhân sự quy định tại điểm a, điểm b khoản 1 Điều 6  Nghị định 166/2024/NĐ-CP  được tham gia kiểm định tại các dây chuyền kiểm định và được tính là đăng kiểm viên theo quy định tại điểm c khoản 1 Điều 6  Nghị định 166/2024/NĐ-CP ;

Đồng thời phải có tối thiểu 01 lãnh đạo cơ sở đăng kiểm là đăng kiểm viên hạng 2 trở lên và tối thiểu 01 lãnh đạo bộ phận kiểm định là đăng kiểm viên hạng 1.

* Trên đây là nội dung Từ 1/7/2027, TPHCM, Hà Nội sẽ kiểm định khí thải xe máy đúng không?","","","","","2026-04-07","https://thuvienphapluat.vn/hoi-dap-phap-luat/tu-172027-tphcm-ha-noi-se-kiem-dinh-khi-thai-xe-may-dung-khong-138086366.html","2026-04-09T07:28:29.955514+00:00"
"138086009","Lộ trình áp dụng quy chuẩn khí thải xe mô tô, xe gắn máy từ ngày 1/7/2027 tại Hà Nội, TPHCM thế nào?","Thủ tướng Chính phủ ban hành  Quyết định 13/2026/QĐ-TTg  quy định lộ trình áp dụng Quy chuẩn kỹ thuật quốc gia về khí thải xe mô tô, xe gắn máy tham gia giao thông đường bộ.

Lộ trình áp dụng quy chuẩn khí thải xe mô tô, xe gắn máy từ ngày 1/7/2027 tại Hà Nội, TPHCM như sau:

- Từ ngày 01 tháng 7 năm 2027 đối với thành phố Hà Nội và Thành phố Hồ Chí Minh;

- Từ ngày 01 tháng 7 năm 2028 đối với các thành phố trực thuộc trung ương còn lại;

- Từ ngày 01 tháng 7 năm 2030 đối với các tỉnh còn lại. Tùy theo tình hình thực tế, các tỉnh này có thể quy định áp dụng thời hạn sớm hơn.

Quyết định nêu rõ,  xe mô tô sản xuất hoặc nhập khẩu trước năm 2008, áp dụng Mức 1 - Giá trị giới hạn tối đa cho phép của khí thải quy định tại Quy chuẩn kỹ thuật quốc gia về khí thải xe mô tô, xe gắn máy tham gia giao thông đường bộ.

Xe mô tô sản xuất hoặc nhập khẩu từ năm 2008 đến hết năm 2016, áp dụng Mức 2 - Giá trị giới hạn tối đa cho phép của khí thải quy định tại Quy chuẩn kỹ thuật quốc gia về khí thải xe mô tô, xe gắn máy tham gia giao thông đường bộ.

Xe mô tô sản xuất hoặc nhập khẩu từ năm 2017 đến ngày 30 tháng 6 năm 2026, áp dụng Mức 3 - Giá trị giới hạn tối đa cho phép của khí thải quy định tại Quy chuẩn kỹ thuật quốc gia về khí thải xe mô tô, xe gắn máy tham gia giao thông đường bộ.

Xe mô tô sản xuất hoặc nhập khẩu từ ngày 01 tháng 7 năm 2026, áp dụng Mức 4 - Giá trị giới hạn tối đa cho phép của khí thải quy định tại Quy chuẩn kỹ thuật quốc gia về khí thải xe mô tô, xe gắn máy tham gia giao thông đường bộ.

Xe gắn máy sản xuất hoặc nhập khẩu trước năm 2016, áp dụng Mức 1 - Giá trị giới hạn tối đa cho phép của khí thải quy định tại Quy chuẩn kỹ thuật quốc gia về khí thải xe mô tô, xe gắn máy tham gia giao thông đường bộ.

Xe gắn máy sản xuất hoặc nhập khẩu từ năm 2017 đến ngày 30 tháng 6 năm 2027, áp dụng Mức 2 - Giá trị giới hạn tối đa cho phép của khí thải quy định tại Quy chuẩn kỹ thuật quốc gia về khí thải xe mô tô, xe gắn máy tham gia giao thông đường bộ.

Xe gắn máy sản xuất hoặc nhập khẩu từ ngày 01 tháng 7 năm 2027, áp dụng Mức 4 - Giá trị giới hạn tối đa cho phép của khí thải quy định tại Quy chuẩn kỹ thuật quốc gia về khí thải xe mô tô, xe gắn máy tham gia giao thông đường bộ.

Trên đây là thông tin về Lộ trình áp dụng quy chuẩn khí thải xe mô tô, xe gắn máy từ ngày 1/7/2027 tại Hà Nội, TPHCM thế nào?

Lộ trình áp dụng quy chuẩn khí thải xe mô tô, xe gắn máy từ ngày 1/7/2027 tại Hà Nội, TPHCM thế nào? (Hình từ Internet)

Căn cứ theo  Nghị định 89/2026/NĐ-CP  quy định điều kiện đối với cơ sở kiểm định khí thải xe cơ giới từ 01/7/2026 như sau:

- Điều kiện về diện tích (Điều 7  Nghị định 89/2026/NĐ-CP )

Khu vực kiểm định khí thải xe mô tô, xe gắn máy có diện tích tối thiểu là 10 m 2 tương ứng với 01 thiết bị đo khí thải.

Đối với khu vực kiểm định khí thải xe mô tô, xe gắn máy có từ 02 thiết bị đo khí thải trở lên thì diện tích cho mỗi thiết bị đo tăng thêm tương ứng là 05 m2 .

Trường hợp diện tích của khu vực kiểm định được sử dụng chung với hoạt động bảo dưỡng, sửa chữa xe mô tô, xe gắn máy thì không được gây cản trở cho việc di chuyển của phương tiện và thao tác của đăng kiểm viên.

- Điều kiện về nhân lực (Điều 8  Nghị định 89/2026/NĐ-CP )

Có tối thiểu 01 đăng kiểm viên được cấp chứng chỉ chuyên môn thực hiện công việc kiểm định khí thải xe mô tô, xe gắn máy.

Tại Điều 97  Luật Bảo vệ môi trường 2020  quy định về hệ thống quy chuẩn kỹ thuật môi trường như sau:

Điều 97. Hệ thống quy chuẩn kỹ thuật môi trường

1. Quy chuẩn kỹ thuật môi trường về chất lượng môi trường xung quanh bao gồm:

a) Nhóm quy chuẩn kỹ thuật môi trường về chất lượng đất, trầm tích;

b) Nhóm quy chuẩn kỹ thuật môi trường về chất lượng nước mặt, nước dưới đất và nước biển;

c) Nhóm quy chuẩn kỹ thuật môi trường về chất lượng không khí;

d) Nhóm quy chuẩn kỹ thuật môi trường về ánh sáng, bức xạ;

đ) Nhóm quy chuẩn kỹ thuật môi trường về tiếng ồn, độ rung.

2. Quy chuẩn kỹ thuật môi trường về chất thải bao gồm:

a) Nhóm quy chuẩn kỹ thuật môi trường về nước thải;

b) Nhóm quy chuẩn kỹ thuật môi trường về khí thải của hoạt động sản xuất, kinh doanh, dịch vụ và khí thải của phương tiện giao thông vận tải.

[...]

Như vậy, khí thải của phương tiện giao thông vận tải thuộc quy chuẩn kỹ thuật môi trường về chất thải.","","","","","2026-04-07","https://thuvienphapluat.vn/hoi-dap-phap-luat/lo-trinh-ap-dung-quy-chuan-khi-thai-xe-mo-to-xe-gan-may-tu-ngay-172027-tai-ha-noi-tphcm-the-nao-138086009.html","2026-04-09T07:28:49.839203+00:00"
"138086365","Sa hình xe máy mới khi nào áp dụng 2026?","Cục Cảnh sát giao thông có Dự thảo Thông tư Sửa đổi, bổ sung một số điều của  Thông tư 12/2025/TT-BCA  ngày 28/02/2025 của Bộ trưởng Bộ Công an quy định sát hạch, cấp giấy phép lái xe; cấp, sử dụng giấy phép lái xe quốc tế.

Tải về Toàn văn Thông tư Sửa đổi, bổ sung một số điều của Thông tư 12/2025/TT-BCA

Tải về

Tải về Phụ lục Thông tư Sửa đổi, bổ sung một số điều của Thông tư 12/2025/TT-BCA

Tải về

Theo đó, Bộ Công an đã đề xuất sửa đổi các nội dung tại phụ lục  Thông tư 12/2025/TT-BCA  về sát hạch cấp giấy phép lái xe như sau:

- Phụ lục I: Quy trình sát hạch lái xe hạng A1 và A

- Phụ lục II: Quy trình sát hạch lái xe hạng B

- Phụ lục III: Quy trình sát hạch lái xe hạng B, C1, C, D1, D2 và D

- Phụ lục IV: Quy trình sát hạch lái xe hạng BE, D1E, D2E, DE

- Phụ lục IV: Quy trình sát hạch lái xe hạng C1E, CE

- Phụ lục V: Nhiệm vụ, quyền hạn của hội đồng sát hạch

- Phụ lục VI: Biên bản tổng hợp kết quả sát hạch của thí sinh

- Phụ lục VIII: BIểu mẫu giấy phép lái xe

- Phụ lục IX: Báo cáo dữ liệu kết quả sát hạch khai thác trên hệ thống thông tin sát hạch lái xe

- Phụ lục XVIII: Bài thi hình mô tô tổng hợp số 2 hạng A1, A

Trong đó, mẫu sa hình 2026 A1, A là một trong những nội dung thay đổi đáng chú ý của Dự thảo sửa đổi  Thông tư 12/2025/TT-BCA  về thi sát hạch giấy phép lái xe. Cụ thể sơ đồ hình thi như sau:

Đồng thời, tại Điều 27 Dự thảo Thông tư Sửa đổi, bổ sung một số điều của Thông tư 12/2025/TT-BCA   Tải về  có nêu:

Điều 27. Điều khoản thi hành

[...]

2. Trường hợp chưa áp dụng được hồ sơ điện tử về sát hạch lái xe của cá nhân quy định tại khoản 3 Điều 11 Thông tư này thì thực hiện theo quy định tại khoản 1, khoản 2, khoản 3 Điều 16 Thông tư số 12/2025/TT-BCA ngày 28/12/2025 của Bộ Công an quy định về sát hạch, cấp giấy phép lái xe; cấp, sử dụng giấy phép lái xe quốc tế.  Chậm nhất đến ngày 01 tháng 01 năm 2027, thực hiện thống nhất theo quy định tại Thông tư này.

[...]

Theo đề xuất của Bộ Công an, sa hình xe máy mới (hạng A1, A) dự kiến sẽ được điều chỉnh và áp dụng từ ngày 01/01/2027. Tuy nhiên, đến thời điểm hiện tại, đây mới chỉ là phương án đề xuất, chưa có văn bản quy phạm pháp luật chính thức được ban hành quy định cụ thể về nội dung, hình thức cũng như thời điểm áp dụng.

Do đó, các quy định về sa hình xe máy mới vẫn đang thực hiện theo quy định hiện hành. Người dân và các cơ sở đào tạo, sát hạch lái xe cần tiếp tục theo dõi các thông tin cập nhật từ cơ quan có thẩm quyền để nắm bắt chính xác khi có quy định chính thức được ban hành và có hiệu lực.

* Trên đây là Thông tin Sa hình xe máy mới khi nào áp dụng 2026?

Sa hình xe máy mới khi nào áp dụng 2026? (Hình từ Internet)

Căn cứ khoản 6 Điều 3  Luật Trật tự, an toàn giao thông đường bộ 2024  quy định nguyên tắc bảo đảm trật tự, an toàn giao thông đường bộ như sau:

Điều 3. Nguyên tắc bảo đảm trật tự, an toàn giao thông đường bộ

1. Tuân thủ Hiến pháp, pháp luật Việt Nam và điều ước quốc tế mà nước Cộng hòa xã hội chủ nghĩa Việt Nam là thành viên.

2. Bảo đảm giao thông đường bộ được trật tự, an toàn, thông suốt, góp phần phát triển kinh tế - xã hội, bảo đảm quốc phòng, an ninh và bảo vệ môi trường; phòng ngừa vi phạm pháp luật về trật tự, an toàn giao thông đường bộ, tai nạn giao thông đường bộ và ùn tắc giao thông; bảo vệ tính mạng, sức khỏe, tài sản của cá nhân và tài sản của cơ quan, tổ chức.

3. Bảo đảm trật tự, an toàn giao thông đường bộ là trách nhiệm của cơ quan, tổ chức, cá nhân.

4. Người tham gia giao thông đường bộ phải chấp hành các quy định của pháp luật về trật tự, an toàn giao thông đường bộ và quy định khác của pháp luật có liên quan, có trách nhiệm giữ an toàn cho mình và cho người khác.

5. Mọi hành vi vi phạm pháp luật về trật tự, an toàn giao thông đường bộ phải được phát hiện, ngăn chặn kịp thời và phải bị xử lý nghiêm minh theo quy định của pháp luật.

6. Hoạt động bảo đảm trật tự, an toàn giao thông đường bộ phải công khai, minh bạch và thuận lợi cho người dân.

7. Công tác bảo đảm trật tự, an toàn giao thông đường bộ được thực hiện thống nhất trên cơ sở phân công, phân cấp, phù hợp với chức năng, nhiệm vụ và sự phối hợp chặt chẽ giữa các cơ quan, tổ chức, cá nhân có liên quan.

Như vậy, hoạt động bảo đảm trật tự, an toàn giao thông đường bộ phải công khai, minh bạch và thuận lợi cho người dân.

Căn cứ Điều 13  Luật Trật tự, an toàn giao thông đường bộ 2024  quy định như sau:

Điều 13. Sử dụng làn đường

1. Phương tiện tham gia giao thông đường bộ di chuyển với tốc độ thấp hơn phải đi về bên phải theo chiều đi của mình.

2. Trên đường có nhiều làn đường cho xe đi cùng chiều được phân biệt bằng vạch kẻ phân làn đường, người điều khiển phương tiện tham gia giao thông đường bộ phải cho xe đi trong một làn đường và chỉ được chuyển làn đường ở những nơi cho phép; mỗi lần chuyển làn đường chỉ được phép chuyển sang một làn đường liền kề; khi chuyển làn đường phải có tín hiệu báo trước; phải quan sát bảo đảm khoảng cách an toàn với xe phía trước, phía sau và hai bên mới được chuyển làn.

3. Trên một chiều đường có vạch kẻ phân làn đường, xe thô sơ phải đi trên làn đường bên phải trong cùng, xe cơ giới, xe máy chuyên dùng đi trên làn đường bên trái.

4. Trên làn đường dành riêng cho một loại phương tiện hoặc một nhóm loại phương tiện, người điều khiển loại phương tiện khác không được đi vào làn đường đó.

Như vậy, một số những lưu ý, quy định về sử dụng làn đường khi tham gia giao thông như sau:

- Phương tiện tham gia giao thông đường bộ di chuyển với tốc độ thấp hơn phải đi về bên phải theo chiều đi của mình.

- Trên đường có nhiều làn đường cho xe đi cùng chiều được phân biệt bằng vạch kẻ phân làn đường, người điều khiển phương tiện tham gia giao thông đường bộ phải cho xe đi trong một làn đường và chỉ được chuyển làn đường ở những nơi cho phép; mỗi lần chuyển làn đường chỉ được phép chuyển sang một làn đường liền kề; khi chuyển làn đường phải có tín hiệu báo trước; phải quan sát bảo đảm khoảng cách an toàn với xe phía trước, phía sau và hai bên mới được chuyển làn.

- Trên một chiều đường có vạch kẻ phân làn đường, xe thô sơ phải đi trên làn đường bên phải trong cùng, xe cơ giới, xe máy chuyên dùng đi trên làn đường bên trái.

- Trên làn đường dành riêng cho một loại phương tiện hoặc một nhóm loại phương tiện, người điều khiển loại phương tiện khác không được đi vào làn đường đó.","","","","","2026-04-07","https://thuvienphapluat.vn/hoi-dap-phap-luat/sa-hinh-xe-may-moi-khi-nao-ap-dung-2026-138086365.html","2026-04-09T07:28:53.437749+00:00"
"138086402","Thông tư 40/2026/TT-BTC Quy định miễn một số khoản phí, lệ phí nhằm hỗ trợ sản xuất, kinh doanh trong lĩnh vực giao thông vận tải như thế nào?","Ngày 06/4/2026, Bộ trưởng Bộ Tài chính ban hành Thông tư 40/2026/TT-BTC Quy định miễn một số khoản phí lệ phí nhằm hỗ trợ sản xuất, kinh doanh trong lĩnh vực giao thông vận tải

Tải về  Thông tư 40/2026/TT-BTC

Theo Điều 1 Thông tư 40/2026/TT-BTC miễn một số khoản phí, lệ phí nhằm hỗ trợ sản xuất, kinh doanh trong lĩnh vực giao thông vận tải bao gồm:

- Miễn phí, lệ phí trong lĩnh vực hàng không (trừ phí thẩm định cấp giấy phép ra vào khu vực hạn chế tại cảng hàng không, sân bay) quy định tại Biểu mức thu phí, lệ phí trong lĩnh vực hàng không ban hành kèm theo  Thông tư 193/2016/TT-BTC  ngày 08 tháng 11 năm 2016 của Bộ trưởng Bộ Tài chính quy định mức thu, chế độ thu, nộp, quản lý và sử dụng phí, lệ phí trong lĩnh vực hàng không.

- Miễn phí, lệ phí hàng hải đối với tàu thuyền vào, rời khu vực hàng hải quy định tại Chương III  Thông tư 261/2016/TT-BTC  ngày 14 tháng 11 năm 2016 của Bộ trưởng Bộ Tài chính quy định về phí, lệ phí hàng hải và biểu mức thu phí, lệ phí hàng hải được sửa đổi, bổ sung bởi  Thông tư 90/2019/TT-BTC  và  Thông tư 74/2021/TT-BTC .

- Miễn phí, lệ phí áp dụng tại cảng, bến thủy nội địa đối với phương tiện thuỷ nội địa hoạt động giữa các cảng, bến thủy nội địa của Việt Nam quy định tại khoản 1 Điều 4  Thông tư số 39/2026/TT-BTC  ngày 31 tháng 3 năm 2026 của Bộ trưởng Bộ Tài chính quy định mức thu, chế độ thu, nộp phí, lệ phí áp dụng tại cảng, bến thủy nội địa.

- Miễn phí sử dụng kết cấu hạ tầng đường sắt quốc gia do Nhà nước đầu tư quy định tại điểm a khoản 1 Điều 3  Thông tư 11/2026/TT-BTC  ngày 10 tháng 02 năm 2026 của Bộ trưởng Bộ Tài chính quy định mức thu, chế độ thu, nộp phí thuộc lĩnh vực đường sắt.

Thông tư 40 2026 TT BTC có hiệu lực thi hành từ ngày 07 tháng 4 năm 2026 đến hết ngày 30 tháng 6 năm 2026.

Thông tư 40 2026 TT BTC Quy định miễn một số khoản phí lệ phí nhằm hỗ trợ sản xuất, kinh doanh trong lĩnh vực giao thông vận tải như thế nào? (Hình từ Internet)

Căn cứ Điều 19  Luật Phí và lệ phí 2015  có quy định thẩm quyền và trách nhiệm của Bộ Tài chính trong quản lý phí và lệ phí như sau:

- Giúp Chính phủ thực hiện thống nhất quản lý nhà nước về phí, lệ phí.

- Trình Chính phủ ban hành hoặc ban hành theo thẩm quyền văn bản quy phạm pháp luật về phí, lệ phí.

- Quy định mức thu, miễn, giảm, thu, nộp, quản lý và sử dụng các khoản phí, lệ phí thuộc thẩm quyền.

- Tổ chức và hướng dẫn thực hiện thu, nộp, quản lý và sử dụng tiền phí, lệ phí.

- Thanh tra, kiểm tra và xử lý vi phạm trong thu, nộp, quản lý, sử dụng phí, lệ phí theo quy định của pháp luật.

- Giải quyết khiếu nại, tố cáo về phí, lệ phí theo quy định của pháp luật.

Căn cứ Điều 14  Luật Phí và lệ phí 2015  quy định trách nhiệm của tổ chức thu phí, lệ phí

- Niêm yết công khai tại địa điểm thu và công khai trên Trang thông tin điện tử của tổ chức thu phí, lệ phí về tên phí, lệ phí, mức thu, phương thức thu, đối tượng nộp, miễn, giảm và văn bản quy định thu phí, lệ phí.

- Lập và cấp chứng từ thu cho người nộp phí, lệ phí theo quy định của pháp luật.

- Thực hiện chế độ kế toán; định kỳ báo cáo quyết toán thu, nộp, sử dụng phí, lệ phí; thực hiện chế độ công khai tài chính theo quy định của pháp luật.

- Hạch toán riêng từng loại phí, lệ phí.

- Báo cáo tình hình thu, nộp, quản lý, sử dụng phí, lệ phí.","","","","","2026-04-07","https://thuvienphapluat.vn/hoi-dap-phap-luat/thong-tu-402026ttbtc-quy-dinh-mien-mot-so-khoan-phi-le-phi-nham-ho-tro-san-xuat-kinh-doanh-trong-li-138086402.html","2026-04-09T07:28:58.038646+00:00"
"138086114","TRỰC TIẾP đua xe đạp hôm nay 7/4 Chặng 5 Cúp Truyền hình 2026 xem ở đâu?","Đài Phát thanh và Truyền hình TP.HCM (HTV) đã có Công văn 509/PTTH-VP năm 2026   Tải về  về việc phối hợp tổ chức Cuộc đua xe đạp toàn quốc tranh Cúp Truyền hình TP.HCM lần thứ 38 năm 2026 với chủ đề  “Non sông liền một dải” .

Trực tiếp đua xe đạp hôm nay 7/4 Chặng 5 Cúp Truyền hình 2026 xem tại:

Trang Đua xe đạp: http://duaxedap.hplus.com.vn/

- Xem kênh HTV9: https://hplus.com.vn/xem-kenh-htv9-hd-2667.html

- Xem kênh HTV7: https://hplus.com.vn/xem-kenh-htv7-hd-256.html

- Xem kênh HTV Thể thao: https://hplus.com.vn/xem-kenh-htv-the-thao-hd-4009.html

Chặng 5 Cúp Truyền hình 2026 xuất phát tại vòng đua P. Hạc Thành (Thanh Hóa) đích đến tại P. Trường Vinh (Nghệ An) với cự ly 139 km.

TRỰC TIẾP đua xe đạp hôm nay 7 4 Chặng 5 Cúp truyền hình 2026 xem ở đâu? (Hình từ Internet)

Theo Công văn 509/PTTH-VP năm 2026 Lộ trình đua xe đạp 30/4 Cúp Truyền hình HTV năm 2026 lần thứ 38 chi tiết như sau:

Ngày

Chặng

Lộ trình

Cự ly

Thứ Sáu 03/4

01

Lễ khai mạc tại Việt Trì – Vòng đua quanh công viên Văn Lang (Việt Trì - Phú Thọ)

50 km

Thứ Bảy 04/4

02

Phú Thọ - Vĩnh Phúc - Đông Anh (Thành phố Hà Nội)

105,5 km

Chủ nhật 05/4

03

Vòng đua hồ Hoàn Kiếm (Thành phố Hà Nội)

42,5 km

Thứ Hai 06/4

04

Thành phố Hà Nội - Ninh Bình - Thanh Hoá

114 km

Thứ Ba 07/4

05

Thanh Hóa - Vinh (Nghệ An)

139 km

Thứ Tư 08/4

06

Vòng đua quanh quảng trường Hồ Chí Minh (Nghệ An)

52 km

Thứ Năm 09/4

07

Vinh (Nghệ An) - Hà Tĩnh - Đồng Hới (Quảng Trị) (Leo đèo Ngang)

197,5 km

Thứ Sáu 10/4

08

Đồng Hới (Quảng Trị) - Đông Hà - Thành phố Huế (Đi qua Nghĩa trang liệt sĩ quốc gia Đường 9)

162,5 km

Thứ Bảy 11/4

-

Nghỉ tự do tại Huế

-

Chủ nhật 12/4

09

Vòng đua Trường Tiền - Phú Xuân (Thành phố Huế)

42 km

Thứ Hai 13/4

10

Thành phố Huế - Thành phố Đà Nẵng (Leo đèo Phước Tượng, Phú Gia và Hải Vân)

113 km

Thứ Ba 14/4

11

Thành phố Đà Nẵng - Quảng Ngãi

132 km

Thứ Tư 15/4

12

Quảng Ngãi - Quy Nhơn (Gia Lai)

178 km

Thứ Năm 16/4

13

Vòng đua quanh phường Quy Nhơn (Gia Lai)

50 km

Thứ Sáu 17/4

-

Nghỉ tự do tại Quy Nhơn (Gia Lai)

-

Thứ Bảy 18/4

14

Quy Nhơn (Gia Lai) - Tuy Hòa (Đắk Lắk)

94 km

Chủ nhật 19/4

15

Tuy Hòa (Đắk Lắk) - Nha Trang (Khánh Hòa) (Leo đèo Cả)

124 km

Thứ Hai 20/4

16

Nha Trang (Khánh Hòa) - Đà Lạt (Lâm Đồng) (Leo đèo Khánh Lê và đèo Giang Ly)

140 km

Thứ Ba 21/4

17

Vòng đua Hồ Xuân Hương (Đà Lạt, Lâm Đồng) (Di chuyển về Phan Thiết)

51 km

Thứ Tư 22/4

18

Phan Thiết (Lâm Đồng) - Vũng Tàu (Thành phố Hồ Chí Minh)

166 km

Thứ Năm 23/4

-

Nghỉ tự do tại Vũng Tàu (Thành phố Hồ Chí Minh)

-

Thứ Sáu 24/4

19

Đua cá nhân tính giờ tại Vũng Tàu (Thành phố Hồ Chí Minh)

5 - 6 km

Thứ Bảy 25/4

20

Vũng Tàu (Thành phố Hồ Chí Minh) - Biên Hòa (Đồng Nai) - Thủ Dầu Một (Thành phố Hồ Chí Minh)

141 km

Chủ nhật 26/4

21

Củ Chi (Thành phố Hồ Chí Minh) - Bến Lức - Vĩnh Long - Thành phố Cần Thơ

205 km

Thứ Hai 27/4

22

Vòng đua quanh Thành phố Cần Thơ

45 km

Thứ Ba 28/4

23

Thành phố Cần Thơ - Vĩnh Long - Mỹ Tho (Đồng Tháp)

114 km

Thứ Tư 29/4

24

Mỹ Tho (Đồng Tháp) - Bến Lức - Củ Chi - Tây Ninh

148 km

Thứ Năm 30/4

25

Tây Ninh - Củ Chi - Thủ Dầu Một - Thành phố Hồ Chí Minh

133 km

Tổng lộ trình đua xe đạp Cúp Truyền hình 2026 dài 2.745 km

Đoàn đua gồm 100 xe ô tô, 70 xe mô tô và 150 vận động viên sẽ do lực lượng cảnh sát thuộc Cục cảnh sát giao thông đường bộ (C08) điều phối với phòng PC08 giữa các địa phương nơi đoàn đua đi qua để dẫn đoàn và khoá đuôi.

Căn cứ theo Điều 12  Thông tư 14/2013/TT-BVHTTDL  quy định về trách nhiệm của các tổ chức, cá nhân như sau:

Điều 12. Trách nhiệm của các tổ chức, cá nhân

1. Tổ chức, cá nhân đứng ra tổ chức giải thi đấu Xe đạp thể thao có trách nhiệm báo cáo hoặc xin phép tổ chức giải bằng văn bản với cơ quan quản lý nhà nước về văn hóa, thể thao và du lịch theo quy định của pháp luật.

2. Ban Tổ chức giải có trách nhiệm:

a)  Xây dựng kế hoạch tổ chức, chương trình, lịch trình và lộ trình thi đấu ; đảm bảo an toàn và các yêu cầu chuyên môn;

b) Phối hợp với các cơ quan Công an, Giao thông vận tải, Y tế, Thông tin – truyền thông và các cơ quan có liên quan xây dựng và tổ chức thực hiện kế hoạch đảm bảo công tác an toàn, trật tự, công tác y tế, sơ cứu, cấp cứu trong quá trình thi đấu, công tác tuyên truyền, quảng cáo theo quy định của pháp luật.

[..]

Như vậy, ban tổ chức là người xây dựng kế hoạch về lịch trình và lộ trình thi đấu của cuộc thi đua xe đạp thể thao.","","","","","2026-04-06","https://thuvienphapluat.vn/hoi-dap-phap-luat/truc-tiep-dua-xe-dap-hom-nay-74-chang-5-cup-truyen-hinh-2026-xem-o-dau-138086114.html","2026-04-09T07:29:02.572391+00:00"
"138086185","Toàn văn Nghị định 123/2026/NĐ-CP hướng dẫn Luật Giao thông đường thủy nội địa ra sao?","Ngày 04/4/2026, Chính phủ đã ban hành Nghị định 123/2026/NĐ-CP quy định chi tiết một số điều Luật Giao thông đường thủy nội địa và Luật sửa đổi, bổ sung một số điều của Luật Giao thông đường thủy nội địa.

Tải về  Nghị định 123/2026/NĐ-CP

Trong đó, Điều 4 Nghị định 123/2026/NĐ-CP quy định về phương án vận tải hàng hóa siêu trường, siêu trọng như sau:

- Hàng hóa siêu trường là hàng hóa không thể tháo rời có kích thước bao chiều dài > 40 m hoặc chiều rộng > 10 m hoặc chiều cao > 4,5 m.

- Hàng hóa siêu trọng là hàng hóa không thể tháo rời có trọng lượng toàn bộ > 100 tấn.

- Trước khi thực hiện việc vận tải hàng hóa siêu trường, hàng hóa siêu trọng, thuyền trưởng phương tiện hoặc người vận tải, người kinh doanh vận tải phải lập phương án vận tải hàng hóa siêu trường, hàng hóa siêu trọng gửi cơ quan có thẩm quyền phê duyệt. Phương án gồm các nội dung chủ yếu sau:

+ Hiện trạng tuyến đường thủy dự kiến hành trình: chiều rộng, chiều sâu, bán kính cong của luồng; chiều cao tĩnh không các công trình vượt sông;

+ Thông tin về loại hàng hóa vận chuyển: kích thước (dài x rộng x cao) m, tổng khối lượng (tấn);

+ Dự kiến thời gian vận chuyển; cảng đi, cảng đến;

+ Chủng loại, thông số kích thước phương tiện vận tải;

+ Hướng dẫn đảm bảo an toàn giao thông, yêu cầu hỗ trợ (nếu có).

Xem theem chi tiết Toàn văn Nghị định 123 2026 NĐ CP hướng dẫn Luật Giao thông đường thủy nội địa

Tải về

*Trên đây là thông tin Toàn văn Nghị định 123 2026 NĐ CP hướng dẫn Luật Giao thông đường thủy nội địa ra sao?

Toàn văn Nghị định 123/2026/NĐ-CP hướng dẫn Luật Giao thông đường thủy nội địa ra sao? (Hình từ Internet)

Căn cứ theo Điều 87  Luật Giao thông đường thủy nội địa 2004  quy định quyền và nghĩa vụ của người kinh doanh vận tải hàng hoá như sau:

(1) Người kinh doanh vận tải hàng hoá có quyền:

- Yêu cầu người thuê vận tải cung cấp các thông tin cần thiết về hàng hoá để ghi vào giấy vận chuyển và có quyền kiểm tra tính xác thực của các thông tin đó;

- Yêu cầu người thuê vận tải thanh toán đủ cước phí vận tải và các chi phí phát sinh; yêu cầu người thuê vận tải bồi thường thiệt hại do vi phạm thoả thuận trong hợp đồng;

- Từ chối vận tải nếu người thuê vận tải không giao hàng hoá theo thoả thuận trong hợp đồng;

- Yêu cầu giám định hàng hoá khi cần thiết;

- Lưu giữ hàng hoá trong trường hợp người thuê vận tải không thanh toán đủ cước phí vận tải và chi phí phát sinh theo thoả thuận trong hợp đồng.

(2) Người kinh doanh vận tải hàng hoá có nghĩa vụ:

- Cung cấp phương tiện đúng loại, đúng địa điểm; bảo quản hàng hoá trong quá trình vận tải và giao hàng hoá cho người nhận hàng theo thoả thuận trong hợp đồng;

- Thông báo cho người thuê vận tải biết thời gian phương tiện đến cảng, bến và thời gian phương tiện đã làm xong thủ tục vào cảng, bến. Thời điểm thông báo do các bên thoả thuận trong hợp đồng;

- Hướng dẫn xếp, dỡ hàng hoá trên phương tiện;

- Bồi thường thiệt hại cho người thuê vận tải do mất mát, hư hỏng toàn bộ hoặc một phần hàng hoá xảy ra trong quá trình vận tải từ lúc nhận hàng đến lúc giao hàng, trừ trường hợp quy định tại khoản 1 Điều 94  Luật Giao thông đường thủy nội địa 2004 .

Căn cứ theo khoản 1 Điều 94  Luật Giao thông đường thủy nội địa 2004  quy định như sau;

Điều 94. Miễn bồi thường

1. Người kinh doanh vận tải được miễn bồi thường mất mát, hư hỏng hàng hoá, hành lý ký gửi, bao gửi trong các trường hợp sau đây:

a) Do đặc tính tự nhiên hoặc khuyết tật vốn có của hàng hoá, hành lý ký gửi, bao gửi hoặc hao hụt ở mức cho phép;

b) Do việc bắt giữ hoặc cưỡng chế của cơ quan nhà nước có thẩm quyền đối với phương tiện, hàng hoá, hành lý ký gửi, bao gửi;

c) Do nguyên nhân bất khả kháng;

d) Do lỗi của người thuê vận tải, người nhận hàng hoặc người áp tải hàng hoá.

2. Người thuê vận tải được miễn bồi thường vi phạm hợp đồng trong trường hợp quy định tại điểm c khoản 1 Điều này.

Theo đó, người kinh doanh vận tải được miễn bồi thường mất mát, hư hỏng hàng hoá trong các trường hợp sau đây:

- Do đặc tính tự nhiên hoặc khuyết tật vốn có của hàng hoá, hành lý ký gửi, bao gửi hoặc hao hụt ở mức cho phép;

- Do việc bắt giữ hoặc cưỡng chế của cơ quan nhà nước có thẩm quyền đối với phương tiện, hàng hoá, hành lý ký gửi, bao gửi;

- Do nguyên nhân bất khả kháng;

- Do lỗi của người thuê vận tải, người nhận hàng hoặc người áp tải hàng hoá.","","","","","2026-04-06","https://thuvienphapluat.vn/hoi-dap-phap-luat/toan-van-nghi-dinh-1232026ndcp-huong-dan-luat-giao-thong-duong-thuy-noi-dia-ra-sao-138086185.html","2026-04-09T07:29:06.607228+00:00"
"138086169","Toàn văn Nghị định 122/2026/NĐ-CP xử lý vướng mắc của dự án BOT giao thông ra sao?","Ngày 03/4/2026, Chính phủ đã ban hành Nghị định 122/2026/NĐ-CP quy định chi tiết việc xử lý vướng mắc của dự án BOT giao thông.

Tải về Nghị định 122/2026/NĐ-CP

Trong đó, căn cứ theo khoản 1 Điều 10 Nghị định 122/2026/NĐ-CP chi phí bồi thường, chấm dứt hợp đồng trước thời hạn được xác định trên cơ sở các thông số như sau:

- Tổng vốn đầu tư xây dựng công trình dự án (bao gồm lãi vay trong giai đoạn xây dựng, không bao gồm vốn nhà nước tham gia thực hiện dự án) xác định theo giá trị quyết toán sau khi đã thực hiện giảm trừ khoản thuế giá trị gia tăng doanh nghiệp dự án được hoàn, giảm trừ chi phí theo kết luận của cơ quan thanh tra, Kiểm toán nhà nước (nếu có);

- Chi phí quản lý, vận hành khai thác và bảo trì công trình dự án xác định theo xác nhận của cơ quan ký kết hợp đồng;

- Các khoản thuế, phí doanh nghiệp dự án theo thực tế thực hiện sau khi đã khấu trừ khoản thuế giá trị gia tăng theo quy định (nếu có);

- Doanh thu thu phí dịch vụ và các nguồn thu khác (nếu có) xác định theo xác nhận của cơ quan ký kết hợp đồng;

- Chi phí kiểm toán độc lập (nếu có);

- Chi phí huy động vốn vay xác định theo nguyên tắc tại khoản 3.

Xem thêm chi tiết tại Toàn văn Nghị định 122 2026 NĐ CP xử lý vướng mắc của dự án BOT giao thông

Tải về

*Trên đây là thông tin Toàn văn Nghị định 122 2026 NĐ CP xử lý vướng mắc của dự án BOT giao thông ra sao?

Toàn văn Nghị định 122/2026/NĐ-CP xử lý vướng mắc của dự án BOT giao thông ra sao? (Hình từ Internet)

Căn cứ theo khoản 3 Điều 39  Luật Đường bộ 2024  quy định như sau:

Điều 39. Bến xe, bãi đỗ xe, trạm dừng nghỉ, điểm dừng xe, trạm thu phí đường bộ, công trình kiểm soát tải trọng xe trên đường bộ

[...]

2. Điểm dừng xe được quy định như sau:

a) Điểm dừng xe trong đô thị và trong các khu dân cư, cơ quan, tổ chức nhằm đáp ứng nhu cầu dừng xe phục vụ giao thông đô thị và các khu vực, địa điểm này;

b) Điểm dừng xe trong phạm vi đường bộ được bố trí tại một số vị trí nhất định dành cho xe ô tô để đón, trả khách;

c) Đối với các đường ngoài đô thị được đầu tư, xây dựng mới hoặc nâng cấp, mở rộng, cải tạo thì điểm dừng xe phải được xây dựng ngoài phạm vi đường bộ.

3. Trạm thu phí đường bộ là nơi thu tiền sử dụng đường bộ đối với phương tiện tham gia giao thông đường bộ.

4. Công trình kiểm soát tải trọng xe được quy định như sau:

a) Công trình kiểm soát tải trọng xe để xác định tải trọng trục xe, khối lượng toàn bộ của xe tham gia giao thông trên đường bộ, bảo đảm phù hợp với quy chuẩn kỹ thuật quốc gia do Bộ trưởng Bộ Giao thông vận tải ban hành;

[...]

Theo đó, trạm thu phí đường bộ là nơi thu tiền sử dụng đường bộ đối với phương tiện tham gia giao thông đường bộ.

Căn cứ theo Điều 7  Thông tư 34/2024/TT-BGTVT  quy định như sau:

Điều 7. Hình thức thu tiền sử dụng đường bộ

Thu tiền sử dụng đường bộ được thực hiện theo hình thức điện tử không dừng và hình thức một dừng.

1. Hình thức điện tử không dừng là hình thức thu tiền sử dụng đường bộ tự động, phương tiện tham gia giao thông đường bộ không phải dừng lại để trả tiền sử dụng đường bộ khi qua trạm thu phí.

2. Hình thức một dừng là hình thức thu tiền sử dụng đường bộ mà khi qua trạm thu phí, phương tiện giao thông đường bộ thực hiện một lần dừng khi qua cửa kiểm soát làn thu phí để trả tiền sử dụng đường bộ.

Theo đó, việc thu tiền sử dụng đường bộ của trạm thu phí được thực hiện theo hình thức điện tử không dừng và hình thức một dừng.

- Hình thức điện tử không dừng là hình thức thu tiền sử dụng đường bộ tự động, phương tiện tham gia giao thông đường bộ không phải dừng lại để trả tiền sử dụng đường bộ khi qua trạm thu phí.

- Hình thức một dừng là hình thức thu tiền sử dụng đường bộ mà khi qua trạm thu phí, phương tiện giao thông đường bộ thực hiện một lần dừng khi qua cửa kiểm soát làn thu phí để trả tiền sử dụng đường bộ.","","","","","2026-04-06","https://thuvienphapluat.vn/hoi-dap-phap-luat/toan-van-nghi-dinh-1222026ndcp-xu-ly-vuong-mac-cua-du-an-bot-giao-thong-ra-sao-138086169.html","2026-04-09T07:29:10.754989+00:00"
"138086148","Năm sản xuất của xe cơ giới được xác định căn cứ vào đâu?","Căn cứ theo khoản 1 Điều 19  Nghị định 89/2026/NĐ-CP  quy định như sau:

Điều 19. Xác định năm sản xuất

1. Năm sản xuất của xe được xác định căn cứ vào thông tin về năm sản xuất tại một trong các tài liệu theo thứ tự ưu tiên sau đây:

a) Giấy chứng nhận chất lượng an toàn kỹ thuật và bảo vệ môi trường xe cơ giới nhập khẩu đối với xe nhập khẩu; phiếu kiểm tra chất lượng xuất xưởng đối với xe sản xuất, lắp ráp trong nước;

b) Thông tin năm sản xuất của nhà sản xuất gắn trên xe;

c) Kết quả tra cứu từ nhà sản xuất hoặc tài liệu do nhà sản xuất cung cấp.

2. Xe không có tài liệu, hồ sơ, cơ sở nêu tại khoản 1 Điều này được coi là hết niên hạn sử dụng.

Theo đó, năm sản xuất của xe cơ giới được xác định căn cứ vào thông tin về năm sản xuất tại một trong các tài liệu theo thứ tự ưu tiên sau đây:

- Giấy chứng nhận chất lượng an toàn kỹ thuật và bảo vệ môi trường xe cơ giới nhập khẩu đối với xe nhập khẩu; phiếu kiểm tra chất lượng xuất xưởng đối với xe sản xuất, lắp ráp trong nước;

- Thông tin năm sản xuất của nhà sản xuất gắn trên xe;

- Kết quả tra cứu từ nhà sản xuất hoặc tài liệu do nhà sản xuất cung cấp.

*Trên đây là thông tin Năm sản xuất của xe cơ giới được xác định căn cứ vào đâu?

Năm sản xuất của xe cơ giới được xác định căn cứ vào đâu? (Hình từ Internet)

Căn cứ theo Điều 18  Nghị định 89/2026/NĐ-CP  quy định niên hạn sử dụng xe cơ giới được xác định như sau:

- Hai mươi lăm (25) năm tính từ năm sản xuất đối với xe ô tô chở hàng (xe ô tô tải), xe ô tô chở hàng chuyên dùng (xe ô tô tải chuyên dùng).

- Hai mươi (20) năm tính từ năm sản xuất đối với xe ô tô chở người có số người cho phép chở từ 09 người trở lên (không kể người lái xe), xe ô tô chở trẻ em mầm non, xe ô tô chở học sinh, xe chở hàng bốn bánh có gắn động cơ.

- Mười lăm (15) năm tính từ năm sản xuất đối với xe chở người bốn bánh có gắn động cơ.

- Niên hạn sử dụng đối với xe tương tự xe cơ giới được áp dụng như các loại xe cơ giới tại khoản 1, khoản 2 và khoản 3 Điều 18  Nghị định 89/2026/NĐ-CP ; bảo đảm phù hợp với từng chức năng, công dụng của từng loại xe tương tự.

- Danh sách xe hết niên hạn sử dụng được tổng hợp trên cơ sở dữ liệu đăng kiểm xe cơ giới để phục vụ công tác tuần tra, kiểm soát.

Căn cứ theo khoản 1 Điều 34  Luật Trật tự, an toàn giao thông đường bộ 2024 , xe cơ giới bao gồm:

- Xe ô tô gồm: xe có từ bốn bánh trở lên chạy bằng động cơ, được thiết kế, sản xuất để hoạt động trên đường bộ, không chạy trên đường ray, dùng để chở người, hàng hóa, kéo rơ moóc, kéo sơ mi rơ moóc hoặc được kết cấu để thực hiện chức năng, công dụng đặc biệt, có thể được nối với đường dây dẫn điện; xe ba bánh có khối lượng bản thân lớn hơn 400 kg; xe ô tô không bao gồm xe chở người bốn bánh có gắn động cơ và xe chở hàng bốn bánh có gắn động cơ;

- Rơ moóc là xe không có động cơ để di chuyển, được thiết kế, sản xuất để hoạt động trên đường bộ, được kéo bởi xe ô tô; phần chủ yếu của khối lượng toàn bộ rơ moóc không đặt lên xe kéo;

- Sơ mi rơ moóc là xe không có động cơ để di chuyển, được thiết kế, sản xuất để hoạt động trên đường bộ; được kéo bởi xe ô tô đầu kéo và có một phần đáng kể khối lượng toàn bộ đặt lên xe ô tô đầu kéo;

- Xe chở người bốn bánh có gắn động cơ là xe có từ bốn bánh trở lên, chạy bằng động cơ, được thiết kế, sản xuất để hoạt động trên đường bộ, có kết cấu để chở người, vận tốc thiết kế không lớn hơn 30 km/h, số người cho phép chở tối đa 15 người (không kể người lái xe);

- Xe chở hàng bốn bánh có gắn động cơ là xe có từ bốn bánh trở lên, chạy bằng động cơ, được thiết kế, sản xuất để hoạt động trên đường bộ, có kết cấu để chở hàng, có phần động cơ và thùng hàng lắp trên cùng một khung xe, có tối đa hai hàng ghế và chở tối đa 05 người (không kể người lái xe), vận tốc thiết kế không lớn hơn 60 km/h và khối lượng bản thân không lớn hơn 550 kg; trường hợp xe sử dụng động cơ điện thì có công suất động cơ không lớn hơn 15 kW;

- Xe mô tô gồm: xe có hai hoặc ba bánh chạy bằng động cơ, được thiết kế, sản xuất để hoạt động trên đường bộ, trừ xe gắn máy; đối với xe ba bánh thì khối lượng bản thân không lớn hơn 400 kg;

- Xe gắn máy là xe có hai hoặc ba bánh chạy bằng động cơ, được thiết kế, sản xuất để hoạt động trên đường bộ, có vận tốc thiết kế không lớn hơn 50 km/h; nếu động cơ dẫn động là động cơ nhiệt thì dung tích làm việc hoặc dung tích tương đương không lớn hơn 50 cm3; nếu động cơ dẫn động là động cơ điện thì công suất của động cơ không lớn hơn 04 kW; xe gắn máy không bao gồm xe đạp máy;

- Xe tương tự các loại xe quy định tại khoản 1 Điều 34  Luật Trật tự, an toàn giao thông đường bộ 2024 .","","","","","2026-04-06","https://thuvienphapluat.vn/hoi-dap-phap-luat/nam-san-xuat-cua-xe-co-gioi-duoc-xac-dinh-can-cu-vao-dau-138086148.html","2026-04-09T07:29:14.808369+00:00"
"138084213","Hồ sơ quản lý tài sản kết cấu hạ tầng thủy lợi gồm có gì?","Căn cứ Điều 11  Nghị định 74/2026/NĐ-CP , hồ sơ quản lý tài sản kết cấu hạ tầng thủy lợi gồm:

- Hồ sơ liên quan đến việc hình thành, biến động tài sản:

+ Quyết định giao, điều chuyển tài sản của cơ quan, người có thẩm quyền; biên bản bàn giao, tiếp nhận tài sản; quyết định xử lý tài sản của cơ quan, người có thẩm quyền.

+ Hồ sơ pháp lý về đất đai (Quyết định giao đất, cho thuê đất; Hợp đồng thuê đất; Giấy chứng nhận quyền sử dụng đất).

+ Các hồ sơ, tài liệu khác có liên quan.

- Dữ liệu về tài sản trong Cơ sở dữ liệu về tài sản kết cấu hạ tầng thủy lợi theo quy định tại Nghị định này.

Hồ sơ quản lý tài sản kết cấu hạ tầng thủy lợi gồm có gì? (Hình từ Internet)

Căn cứ khoản 1 Điều 16  Nghị định 74/2026/NĐ-CP  quy định về phương thức khai thác tài sản kết cấu hạ tầng thủy lợi như sau:

Điều 16. Phương thức khai thác tài sản kết cấu hạ tầng thủy lợi

1. Phương thức khai thác tài sản kết cấu hạ tầng thủy lợi

a) Trực tiếp tổ chức thực hiện khai thác tài sản kết cấu hạ tầng thủy lợi.

b) Cho thuê quyền khai thác tài sản kết cấu hạ tầng thủy lợi.

c) Chuyển nhượng có thời hạn quyền khai thác tài sản kết cấu hạ tầng thủy lợi. d) Đầu tư theo hình thức hợp tác kinh doanh. Việc khai thác theo hình thức này được thực hiện theo quy định của pháp luật về đầu tư và pháp luật khác có liên quan.

đ) Phương thức khác theo quy định của pháp luật.

2. Trong quá trình quản lý, sử dụng và khai thác tài sản kết cấu hạ tầng thủy lợi:

a) Trường hợp xây dựng, lắp đặt công trình viễn thông trên tài sản kết cấu hạ tầng thủy lợi thì việc xây dựng, lắp đặt công trình viễn thông trên tài sản kết cấu hạ tầng thủy lợi thực hiện theo quy định của pháp luật về viễn thông và pháp luật về thủy lợi; không thực hiện việc khai thác tài sản kết cấu hạ tầng thủy lợi theo quy định tại Nghị định này. Riêng việc quản lý, sử dụng số tiền thu được từ xây dựng, lắp đặt công trình viễn thông trên tài sản kết cấu hạ tầng thủy lợi được thực hiện theo quy định tại khoản 3 Điều 21 Nghị định này.

b) Trường hợp tài sản kết cấu hạ tầng thủy lợi cần thiết sử dụng một phần tài sản kết hợp với tài sản khác nhằm nâng cao hiệu quả khai thác của các tài sản được kết hợp với nhau (sau đây gọi là khai thác hỗn hợp) theo đề nghị khai thác hỗn hợp của bộ, ngành, địa phương khác (Bên đề xuất khai thác hỗn hợp) thì Ủy ban nhân dân cấp tỉnh (Bên có tài sản kết cấu hạ tầng thủy lợi) quyết định việc khai thác hỗn hợp bảo đảm phù hợp với quy định của pháp luật về thủy lợi, pháp luật liên quan đến tài sản khác đó. Trong thời gian khai thác hỗn hợp, cơ quan, đơn vị, doanh nghiệp quản lý tài sản có trách nhiệm quản lý, kế toán tài sản kết cấu hạ tầng thủy lợi, Bên có tài sản kết cấu hạ tầng thủy lợi và Bên đề xuất khai thác hỗn hợp có trách nhiệm phối hợp bảo đảm hoạt động thủy lợi được thông suốt và các yêu cầu khác theo quy định của pháp luật, xác định cụ thể trách nhiệm của các bên có liên quan (trong đó có trách nhiệm bảo trì tài sản kết cấu hạ tầng thủy lợi). Việc quản lý, sử dụng số tiền thu khai thác hỗn hợp này được thưc hiện theo quy định tại khoản 3 Điều 21 Nghị định này.

Như vậy, các phương thức khai thác tài sản kết cấu hạ tầng thủy lợi gồm các phương thức sau đây:

- Trực tiếp tổ chức thực hiện khai thác tài sản kết cấu hạ tầng thủy lợi.

- Cho thuê quyền khai thác tài sản kết cấu hạ tầng thủy lợi.

- Chuyển nhượng có thời hạn quyền khai thác tài sản kết cấu hạ tầng thủy lợi. d) Đầu tư theo hình thức hợp tác kinh doanh. Việc khai thác theo hình thức này được thực hiện theo quy định của pháp luật về đầu tư và pháp luật khác có liên quan.

- Phương thức khác theo quy định của pháp luật.

Căn cứ Điều 22  Nghị định 74/2026/NĐ-CP  quy định về hình thức xử lý tài sản kết cấu hạ tầng thủy lợi như sau:

Điều 22. Hình thức xử lý tài sản kết cấu hạ tầng thủy lợi

1. Thu hồi tài sản.

2. Điều chuyển tài sản.

3. Chuyển giao tài sản về địa phương quản lý, xử lý.

4. Thanh lý tài sản.

5. Xử lý tài sản trong trường hợp bị mất, bị hủy hoại.

6. Hình thức xử lý khác theo quy định của pháp luật.

Như vậy, có 06 hình thức xử lý tài sản kết cấu hạ tầng thủy lợi:

- Thu hồi tài sản.

- Điều chuyển tài sản.

- Chuyển giao tài sản về địa phương quản lý, xử lý.

- Thanh lý tài sản.

- Xử lý tài sản trong trường hợp bị mất, bị hủy hoại.

- Hình thức xử lý khác theo quy định của pháp luật.","","","","","2026-04-06","https://thuvienphapluat.vn/hoi-dap-phap-luat/ho-so-quan-ly-tai-san-ket-cau-ha-tang-thuy-loi-gom-co-gi-138084213.html","2026-04-09T07:29:17.385154+00:00"
"138085567","Tổng hợp văn bản hướng dẫn Luật Đường sắt 2025 mới nhất 2026?","Ngày 27/6/2025, Chính phủ ban hành  Luật Đường sắt 2025 .

Luật Đường sắt 2025  quy định về hoạt động đường sắt; quyền, nghĩa vụ và trách nhiệm của tổ chức, cá nhân liên quan đến hoạt động đường sắt.

Luật Đường sắt 2025  có hiệu lực thi hành từ ngày 01 tháng 01 năm 2026, trừ trường hợp tại khoản 1, điểm b khoản 3 Điều 56 và Mục 2, Mục 3 Chương II  Luật Đường sắt 2025  có hiệu lực thi hành từ ngày 01 tháng 7 năm 2025.

Dưới đây là Tổng hợp văn bản hướng dẫn Luật Đường sắt 2025 mới nhất 2026:

-  Nghị định 81/2026/NĐ-CP  quy định xử phạt vi phạm hành chính trong lĩnh vực giao thông đường sắt

-  Nghị định 67/2026/NĐ-CP  hướng dẫn về thiết kế kỹ thuật tổng thể của dự án đầu tư xây dựng tuyến đường sắt quốc gia, tuyến đường sắt địa phương

-  Nghị định 16/2026/NĐ-CP  hướng dẫn Luật Đường sắt

-  Thông tư 42/2025/TT-BYT  quy định về tiêu chuẩn sức khỏe của người điều khiển phương tiện giao thông đường sắt do Bộ trưởng Bộ Y tế ban hành

-  Thông tư 34/2025/TT-BXD  quy định về quản lý, khai thác kết cấu hạ tầng đường sắt do Bộ trưởng Bộ Xây dựng ban hành

-  Thông tư 33/2025/TT-BXD  quy định về quản lý, khai thác vận tải đường sắt do Bộ trưởng Bộ Xây dựng ban hành

* Trên đây là Thông tin Tổng hợp văn bản hướng dẫn Luật Đường sắt 2025 mới nhất 2026?

Tổng hợp văn bản hướng dẫn Luật Đường sắt 2025 mới nhất 2026? (Hình từ Internet)

Căn cứ theo khoản 1 Điều 18  Luật Đường sắt 2025  quy định nội dung quản lý nhà nước về hoạt động đường sắt bao gồm:

- Xây dựng, ban hành và tổ chức thực hiện văn bản quy phạm pháp luật, tiêu chuẩn, quy chuẩn kỹ thuật, định mức kinh tế - kỹ thuật chuyên ngành đường sắt; tuyên truyền, phổ biến, giáo dục pháp luật và kiến thức về hoạt động đường sắt;

- Xây dựng, tổ chức thực hiện quy hoạch mạng lưới đường sắt, quy hoạch tuyến đường sắt, ga đường sắt và quy hoạch khác có liên quan; xây dựng, tổ chức thực hiện kế hoạch và chính sách phát triển đường sắt;

- Hướng dẫn, kiểm tra và đánh giá việc thực hiện công tác quản lý chất lượng công trình xây dựng, công tác quản lý, bảo trì kết cấu hạ tầng đường sắt;

- Hướng dẫn, kiểm tra hoạt động vận tải đường sắt, hoạt động điều hành giao thông vận tải đường sắt và phương tiện giao thông đường sắt;

- Kiểm tra công tác bảo đảm an ninh, an toàn cho hoạt động đường sắt;

- Hợp tác quốc tế trong hoạt động đường sắt;

- Quản lý giá, phí và lệ phí trong hoạt động đường sắt;

- Thanh tra, kiểm tra, giải quyết khiếu nại, tố cáo và xử lý vi phạm pháp luật trong hoạt động đường sắt.

Căn cứ tại khoản 2 Điều 21  Luật Đường sắt 2025  có hiệu lực từ 01/01/2026 quy định về đầu tư xây dựng công trình hạ tầng kỹ thuật sử dụng chung với đường sắt như sau:

Điều 21. Đầu tư xây dựng công trình hạ tầng kỹ thuật sử dụng chung với đường sắt

1. Công trình hạ tầng kỹ thuật sử dụng chung với đường sắt là công trình được xây dựng để bố trí, lắp đặt đường cáp thông tin, công trình viễn thông, đường dây tải điện, dây dẫn điện, chiếu sáng công cộng; đường ống cấp nước, thoát nước, cấp năng lượng.

2. Việc xây dựng công trình hạ tầng kỹ thuật sử dụng chung với đường sắt phải đáp ứng các yêu cầu sau đây:

a) Phù hợp với quy hoạch, quy mô của dự án, cấp kỹ thuật của đường sắt;

b) Tiêu chuẩn, quy chuẩn kỹ thuật trong xây dựng; quy định của pháp luật về phòng cháy, chữa cháy và cứu nạn, cứu hộ; bảo đảm an toàn công trình; bảo đảm cảnh quan và môi trường;

c) Tuân thủ quy định của Luật này, quy định của pháp luật về xây dựng và quy định khác của pháp luật có liên quan.

3. Tổ chức, cá nhân khi xây dựng công trình hạ tầng kỹ thuật sử dụng chung với đường sắt phải được cơ quan có thẩm quyền cấp giấy phép theo quy định tại khoản 5 Điều 44 của Luật này.

[...]

Theo đó, từ năm 2026 thì việc xây dựng công trình hạ tầng kỹ thuật sử dụng chung với đường sắt phải đáp ứng các yêu cầu sau đây:

- Phù hợp với quy hoạch, quy mô của dự án, cấp kỹ thuật của đường sắt;

- Tiêu chuẩn, quy chuẩn kỹ thuật trong xây dựng; quy định của pháp luật về phòng cháy, chữa cháy và cứu nạn, cứu hộ; bảo đảm an toàn công trình; bảo đảm cảnh quan và môi trường;

- Tuân thủ quy định của  Luật Đường sắt 2025 , quy định của pháp luật về xây dựng và quy định khác của pháp luật có liên quan.","","","","","2026-04-05","https://thuvienphapluat.vn/hoi-dap-phap-luat/tong-hop-van-ban-huong-dan-luat-duong-sat-2025-moi-nhat-2026-138085567.html","2026-04-09T07:29:22.142337+00:00"
"138085554","Biển cấm xe khách là biển nào?","Tại Phụ lục Quy chuẩn kỹ thuật quốc gia  QCVN 41:2024/BGTVT  quy định biển cấm xe khách như sau:

Biển số P.107a Cấm xe ôtô khách

- Để báo đường cấm ô tô chở khách đi qua trừ các xe ưu tiên theo quy định, đặt biển số P.107a “Cấm xe ô tô khách”. Biển này không cấm xe buýt.

- Trường hợp cấm xe khách theo số chỗ ngồi thì sử dụng biển phụ ghi số chỗ ngồi đối với các xe cần cấm hoặc ghi số chỗ ngồi vào biểu tượng xe bằng chữ trắng.

Biển số P.107 ""Cấm xe ôtô khách và xe ôtô tải""

Để báo đường cấm xe ô tô chở khách và các loại xe ô tô tải kể cả các loại máy kéo và xe máy chuyên dùng đi qua trừ các xe được ưu tiên theo quy định, đặt biển số P.107 ""Cấm xe ô tô khách và xe ô tô tải"".

Trên đây là thông tin ""Biển cấm xe khách là biển nào?""

Biển cấm xe khách là biển nào? (Hình từ Internet)

Tại Điều 11  Luật Trật tự, an toàn giao thông đường bộ 2024  có quy định về chấp hành báo hiệu đường bộ như sau:

Điều 11. Chấp hành báo hiệu đường bộ

1. Báo hiệu đường bộ bao gồm: hiệu lệnh của người điều khiển giao thông; đèn tín hiệu giao thông; biển báo hiệu đường bộ; vạch kẻ đường và các dấu hiệu khác trên mặt đường; cọc tiêu, tường bảo vệ, rào chắn, đinh phản quang, tiêu phản quang, cột Km, cọc H; thiết bị âm thanh báo hiệu đường bộ.

[...]

5. Báo hiệu của biển báo hiệu đường bộ được quy định như sau:

a) Biển báo cấm để biểu thị các điều cấm;

b) Biển báo nguy hiểm để cảnh báo các tình huống nguy hiểm có thể xảy ra;

c) Biển hiệu lệnh để báo hiệu lệnh phải thi hành;

d) Biển chỉ dẫn để chỉ dẫn hướng đi hoặc các điều cần biết;

đ) Biển phụ để thuyết minh bổ sung cho biển báo cấm, biển báo nguy hiểm, biển hiệu lệnh và biển chỉ dẫn.

6. Vạch kẻ đường là vạch chỉ sự phân chia làn đường, vị trí hoặc hướng đi, vị trí dừng lại.

7. Cọc tiêu, tường bảo vệ để hướng dẫn cho người tham gia giao thông đường bộ biết phạm vi an toàn của nền đường và hướng đi của đường.

8. Rào chắn để ngăn không cho người, phương tiện qua lại.

9. Đinh phản quang, tiêu phản quang để thông tin, cảnh báo về phần đường, làn đường.

10. Cột Km, cọc H để báo hiệu cho người tham gia giao thông đường bộ về các thông tin của đường bộ.

11. Thiết bị âm thanh báo hiệu đường bộ để hỗ trợ cảnh báo nguy hiểm cho người tham gia giao thông đường bộ.

12. Khi ở một vị trí vừa có biển báo hiệu đặt cố định vừa có biển báo hiệu tạm thời mà hai biển có ý nghĩa khác nhau, người tham gia giao thông đường bộ phải chấp hành hiệu lệnh của biển báo hiệu tạm thời.

[...]

Như vậy, biển báo cấm dùng để biểu thị các điều cấm.

Tại Điều 18  Luật Trật tự, an toàn giao thông đường bộ 2024  có quy định về dừng xe, đỗ xe như sau:

Điều 18. Dừng xe, đỗ xe

1. Dừng xe là trạng thái đứng yên tạm thời của xe trong một khoảng thời gian cần thiết đủ để cho người lên xe, xuống xe, xếp dỡ hàng hóa, kiểm tra kỹ thuật xe hoặc hoạt động khác. Khi dừng xe không được tắt máy và không được rời khỏi vị trí lái, trừ trường hợp rời khỏi vị trí lái để đóng, mở cửa xe, xếp dỡ hàng hóa, kiểm tra kỹ thuật xe nhưng phải sử dụng phanh đỗ xe hoặc thực hiện biện pháp an toàn khác.

[...]

4. Người điều khiển phương tiện tham gia giao thông đường bộ không được dừng xe, đỗ xe tại các vị trí sau đây:

a) Bên trái đường một chiều;

b) Trên đoạn đường cong hoặc gần đầu dốc mà tầm nhìn bị che khuất;

c) Trên cầu, trừ những trường hợp tổ chức giao thông cho phép;

d) Gầm cầu vượt, trừ những nơi cho phép dừng xe, đỗ xe;

đ) Song song cùng chiều với một xe khác đang dừng, đỗ trên đường;

e) Cách xe ô tô đang đỗ ngược chiều dưới 20 mét trên đường phố hẹp,

dưới 40 mét trên đường có một làn xe cơ giới trên một chiều đường;

g) Trên phần đường dành cho người đi bộ qua đường;

h) Nơi đường giao nhau và trong phạm vi 05 mét tính từ mép đường giao nhau;

i) Điểm đón, trả khách;

k) Trước cổng và trong phạm vi 05 mét hai bên cổng trụ sở cơ quan, tổ chức có bố trí đường cho xe ra, vào;

l) Tại nơi phần đường có chiều rộng chỉ đủ cho một làn xe cơ giới;

m) Trong phạm vi an toàn của đường sắt;

n) Che khuất biển báo hiệu đường bộ, đèn tín hiệu giao thông;

o) Trên đường dành riêng cho xe buýt, trên miệng cống thoát nước, miệng hầm của đường điện thoại, điện cao thế, chỗ dành riêng cho xe chữa cháy lấy nước; trên lòng đường, vỉa hè trái quy định của pháp luật.

[...]

Như vậy, không được dừng xe che khuất biển báo hiệu đường bộ.

Trên đây là thông tin ""Biển cấm xe khách là biển nào?""","","","","","2026-04-05","https://thuvienphapluat.vn/hoi-dap-phap-luat/bien-cam-xe-khach-la-bien-nao-138085554.html","2026-04-09T07:29:26.724251+00:00"
"138086139","Điều kiện đối với cơ sở đăng kiểm xe cơ giới từ 01/7/2026 là gì?","Căn cứ theo  Nghị định 89/2026/NĐ-CP  quy định điều kiện đối với cơ sở đăng kiểm xe cơ giới từ 01/7/2026 như sau:

- Điều kiện về diện tích (Điều 5  Nghị định 89/2026/NĐ-CP )

+ Mặt bằng cơ sở đăng kiểm xe cơ giới là nơi bố trí các công trình phục vụ việc kiểm định xe cơ giới trên cùng khu đất, có diện tích tối thiểu được quy định như sau:

++) Đối với cơ sở đăng kiểm xe cơ giới chỉ có một dây chuyền kiểm định loại I: 1.250 m2;

++) Đối với cơ sở đăng kiểm xe cơ giới chỉ có một dây chuyền kiểm định loại II: 1.500 m2;

++) Đối với cơ sở đăng kiểm xe cơ giới chỉ có một dây chuyền kiểm định tổng hợp (loại I + loại II): 1.500 m2;

++) Đối với cơ sở đăng kiểm xe cơ giới có hai dây chuyền kiểm định: 2.500 m2;

++) Đối với cơ sở đăng kiểm xe cơ giới có từ 03 dây chuyền kiểm định trở lên thì diện tích cho mỗi dây chuyền tăng thêm tương ứng tính từ dây chuyền thứ 3 trở lên: 625 m2.

+ Trường hợp cơ sở đăng kiểm xe cơ giới được bố trí chung với bến xe, trạm dừng nghỉ thì không áp dụng quy định tại khoản 1 Điều 5  Nghị định 89/2026/NĐ-CP .

Xưởng kiểm định phải đáp ứng quy định tại Quy chuẩn kỹ thuật quốc gia về cơ sở đăng kiểm.

- Điều kiện về nhân lực (Điều 6  Nghị định 89/2026/NĐ-CP )

Có tối thiểu 02 đăng kiểm viên thực hiện công việc chuyên môn về kiểm định xe cơ giới, trong đó có tối thiểu: 01 lãnh đạo cơ sở đăng kiểm là đăng kiểm viên và 01 lãnh đạo bộ phận kiểm định là đăng kiểm viên có kinh nghiệm thực hiện công tác kiểm định đủ 60 tháng.

*Trên đây là thông tin Điều kiện đối với cơ sở đăng kiểm xe cơ giới từ 01/7/2026 là gì?

Điều kiện đối với cơ sở đăng kiểm xe cơ giới từ 01/7/2026 là gì? (Hình từ Internet)

Căn cứ theo khoản 1 Điều 15  Nghị định 89/2026/NĐ-CP  quy định cơ sở đăng kiểm bị tạm đình chỉ hoạt động khi vi phạm một trong các trường hợp sau đây:

- Không cung cấp thông tin lưu trữ hồ sơ phương tiện tại cơ sở đăng kiểm cho các cơ sở đăng kiểm khác trong hoạt động kiểm định, chứng nhận cải tạo khi có đề nghị;

- Cung cấp tài khoản đăng nhập để đăng, gỡ thông tin phương tiện vi phạm đối với xe cơ giới, xe máy chuyên dùng trên phần mềm sử dụng trong hoạt động kiểm định cho người không do cơ sở đăng kiểm phân công quản lý, sử dụng;

- Không thực hiện việc thu hồi giấy chứng nhận kiểm định, giấy chứng nhận cải tạo theo quy định tại khoản 8 Điều 11  Nghị định 89/2026/NĐ-CP ;

- Tự ý sửa chữa, xóa bỏ phiếu lập hồ sơ phương tiện, phiếu kết quả kiểm định phương tiện; hồ sơ chứng nhận cải tạo;

- Ép buộc chủ xe đưa xe đi sửa chữa, bảo dưỡng tại các cơ sở bảo dưỡng, sửa chữa chỉ định.

Căn cứ theo Điều 23  Nghị định 89/2026/NĐ-CP  quy định trách nhiệm của tổ chức thành lập cơ sở đăng kiểm như sau:

- Thực hiện các quy định liên quan tại  Nghị định 89/2026/NĐ-CP  và Quy chuẩn kỹ thuật quốc gia về cơ sở đăng kiểm.

- Chịu trách nhiệm về tính hợp pháp của hồ sơ đề nghị cấp giấy chứng nhận đủ điều kiện hoạt động kiểm định xe cơ giới, giấy chứng nhận đủ điều kiện hoạt động kiểm định khí thải xe mô tô, xe gắn máy.

- Trước khi đề nghị cấp giấy chứng nhận đủ điều kiện hoạt động kiểm định, tổ chức thành lập cơ sở đăng kiểm thực hiện vận hành thử toàn bộ hệ thống kiểm định của cơ sở đăng kiểm bảo đảm kiểm định phương tiện được thông suốt từ đầu cho đến khi kết thúc và không để xảy ra sự cố.

Riêng đối với cơ sở đăng kiểm xe cơ giới thời gian vận hành thử phải bảo đảm tối thiểu 01 tháng.

- Không được can thiệp vào hoạt động kiểm định, chứng nhận cải tạo xe cơ giới, xe máy chuyên dùng; kiểm định khí thải xe mô tô, xe gắn máy của cơ sở đăng kiểm trực thuộc để làm trái các quy định của pháp luật.

- Lựa chọn Tổ chức đánh giá sự phù hợp để đánh giá cơ sở đăng kiểm hoặc đề nghị Ủy ban nhân dân cấp tỉnh kiểm tra xác nhận sự phù hợp của cơ sở đăng kiểm với quy chuẩn kỹ thuật quốc gia về cơ sở đăng kiểm trong trường hợp Tổ chức đánh giá sự phù hợp chưa đáp ứng được nhu cầu đánh giá của cơ sở đăng kiểm.

Sử dụng kết quả này để thực hiện thủ tục cấp mới: giấy chứng nhận đủ điều kiện hoạt động kiểm định xe cơ giới, giấy chứng nhận đủ điều kiện hoạt động kiểm định khí thải xe mô tô, xe gắn máy.","","","","","2026-04-05","https://thuvienphapluat.vn/hoi-dap-phap-luat/dieu-kien-doi-voi-co-so-dang-kiem-xe-co-gioi-tu-0172026-la-gi-138086139.html","2026-04-09T07:29:31.399565+00:00"
"138085197","Mức thu phí, lệ phí áp dụng tại cảng, bến thủy nội địa chi tiết thế nào?","Căn cứ Điều 4  Thông tư 39/2026/TT-BTC  quy định mức thu phí lệ phí áp dụng tại cảng, bến thủy nội địa chi tiết như sau:

[1]. Mức thu phí, lệ phí áp dụng tại cảng, bến thủy nội địa như sau:

Số thứ tự

Nội dung khoản thu

Mức thu

1

Phí trọng tải tàu, thuyền

a)

Lượt vào (kể cả có tải, không tải)

165 đồng/tấn trọng tải toàn phần

b)

Lượt ra (kể cả có tải, không tải)

165 đồng/tấn trọng tải toàn phần

2

Lệ phí ra, vào cảng, bến thủy nội địa

a)

Phương tiện chở hàng có trọng tải toàn phần từ 10 tấn đến 50 tấn

5.000 đồng/chuyến

b)

Phương tiện chở hàng có trọng tải toàn phần trên 50 tấn đến 200 tấn hoặc chở khách có sức chở từ 13 ghế đến 50 ghế

10.000 đồng/chuyến

c)

Phương tiện chở hàng, đoàn lai có trọng tải toàn phần trên 200 tấn đến 500 tấn hoặc chở khách có sức chở từ 51 ghế đến 100 ghế

20.000 đồng/chuyến

d)

Phương tiện chở hàng, đoàn lai có trọng tải toàn phần trên 500 tấn đến 1.000 tấn hoặc chở khách từ 101 ghế trở lên

30.000 đồng/chuyến

đ)

Phương tiện chở hàng, đoàn lai có trọng tải toàn phần trên 1.000 tấn đến 1.500 tấn

40.000 đồng/chuyến

e)

Phương tiện chở hàng, đoàn lai có trọng tải toàn phần trên 1.500 tấn

50.000 đồng/chuyến

3

Phí trình báo đường thủy nội địa

a)

Tàu biển, thủy phi cơ

100.000 đồng/lần

b)

Phương tiện thủy nội địa, phương tiện thủy nước ngoài: Phương tiện không có động cơ trọng tải toàn phần từ 10 tấn trở lên; phương tiện có động cơ tổng công suất máy chính từ 10 sức ngựa trở lên; phương tiện có sức chở trên 12 người

50.000 đồng/lần

[2]. Đối với tàu biển ra, vào cảng, bến thủy nội địa phải chịu phí, lệ phí (bao gồm cả phí bảo đảm hàng hải) theo Biểu mức thu phí, lệ phí hàng hải do Bộ Tài chính ban hành.

[3]. Trường hợp trong cùng một chuyến đi, phương tiện ra, vào nhiều cảng, bến thủy nội địa thuộc cùng một đại diện cảng vụ quản lý chỉ phải chịu một lần phí, lệ phí theo quy định tại khoản 1 Điều 4  Thông tư 39/2026/TT-BTC .

[4]. Phương tiện ra, vào cảng, bến thủy nội địa không nhằm mục đích bốc dỡ hàng hóa, không nhận trả khách áp dụng mức thu phí trọng tải tàu, thuyền bằng 70% (bảy mươi phần trăm) mức thu phí trọng tải tàu, thuyền quy định tại khoản 1 Điều 4  Thông tư 39/2026/TT-BTC .

[5]. Đối với các phương tiện không có trọng tải toàn phần được quy đổi khi tính phí trọng tải tàu, thuyền như sau:

- Phương tiện chuyên dùng: 01 sức ngựa tương đương với 01 tấn trọng tải toàn phần;

- Phương tiện chở khách: 01 giường nằm tương đương với 06 ghế hành khách hoặc tương đương với 06 tấn trọng tải toàn phần; 01 ghế hoặc 01 hành khách tương đương với 01 tấn trọng tải toàn phần; 01 tấn sức nâng của cẩu đặt trên phương tiện quy đổi tương đương với 09 tấn trọng tải toàn phần;

- Đối với đoàn lai: Tính bằng tổng trọng tải toàn phần của các phương tiện bị lai;

- Đối với tàu thủy ra, vào cảng, bến thủy nội địa để sửa chữa, phá dỡ hoặc hạ thủy: Tính bằng 50% trọng tải lớn nhất ghi trong giấy chứng nhận của cơ quan đăng kiểm;

- Trọng tải sau khi quy đổi là tấn: Phần lẻ dưới 0,5 tấn không tính, từ 0,5 tấn trở lên tính tròn là 01 tấn;

- Đối với phương tiện chở chất lỏng: 01 m³ được tính tương đương là 01 tấn trọng tải toàn phần;

- Đối với thủy phi cơ: 01 sức ngựa (HP, CV) tính bằng 0,5 GT; 01 GT bằng 1,5 tấn trọng tải toàn phần.

Trường hợp việc quy đổi theo các phương thức quy định tại khoản này có kết quả khác nhau thì lấy theo phương thức quy đổi có trọng tải toàn phần lớn nhất.

Trên đây là thông tin về Mức thu phí lệ phí áp dụng tại cảng, bến thủy nội địa chi tiết thế nào?

Mức thu phí lệ phí áp dụng tại cảng, bến thủy nội địa chi tiết thế nào? (Hình từ Internet)

Căn cứ Điều 5  Thông tư 39/2026/TT-BTC  quy định khai, thu, nộp phí, lệ phí và quyết toán phí như sau:

- Tổ chức thu phí, lệ phí nộp 100% số tiền phí, lệ phí thu được vào ngân sách nhà nước theo chương, tiểu mục của Mục lục ngân sách nhà nước hiện hành.

Nguồn chi phí trang trải cho việc thu phí, lệ phí được ngân sách nhà nước bố trí trong dự toán của tổ chức thu phí, lệ phí theo chế độ, định mức chi ngân sách nhà nước theo quy định của pháp luật.

- Phí, lệ phí áp dụng tại cảng, bến thủy nội địa thu bằng đồng Việt Nam. Trường hợp thu phí, lệ phí từ tổ chức, cá nhân nước ngoài bằng ngoại tệ thì thu bằng đô la Mỹ (USD) trên cơ sở quy đổi theo tỷ giá quy định tại khoản 7 Điều 3  Nghị định 362/2025/NĐ-CP  quy định chi tiết một số điều và biện pháp để tổ chức, hướng dẫn thi hành Luật Phí và lệ phí.

- Tổ chức thu phí, lệ phí khai, thu, nộp phí, lệ phí và quyết toán phí theo quy định tại Điều 3  Nghị định 362/2025/NĐ-CP .

Căn cứ tại Tiểu mục 25.10 Mục 25 Phụ lục Thủ tục hành chính được sửa đổi, bổ sung, bãi bỏ thuộc phạm vi chức năng quản lý của bộ xây dựng ban hành kèm theo  Quyết định 870/QĐ-BXD năm 2025  quy định về yêu cầu, điều kiện thực hiện thủ tục hành chính như sau:

25. Thủ tục Công bố lại hoạt động bến thủy nội địa

[...]

25.10. Yêu cầu, điều kiện thực hiện TTHC:

Bến thủy nội địa phải công bố lại hoạt động trong các trường hợp sau:

+ Thay đổi quy mô, công năng của cảng, bến thủy nội địa;

+ Thay đổi vùng đất, vùng nước của cảng, bến thủy nội địa;

+ Thay đổi chủ cảng, bến thủy nội địa.

Như vậy, bến thủy nội địa phải công bố lại hoạt động trong các trường hợp sau:

- Thay đổi quy mô, công năng của cảng, bến thủy nội địa;

- Thay đổi vùng đất, vùng nước của cảng, bến thủy nội địa;

- Thay đổi chủ cảng, bến thủy nội địa.","","","","","2026-04-05","https://thuvienphapluat.vn/hoi-dap-phap-luat/muc-thu-phi-le-phi-ap-dung-tai-cang-ben-thuy-noi-dia-chi-tiet-the-nao-138085197.html","2026-04-09T07:29:36.799263+00:00"
"138085808","Không đặt tên, đổi tên cảng cạn trong trường hợp nào từ 15/5/2026?","Căn cứ tại khoản 3 Điều 15  Nghị định 106/2026/NĐ-CP  quy định về nguyên tắc đặt tên, đổi tên cảng cạn như sau:

Điều 15. Nguyên tắc đặt tên, đổi tên cảng cạn

1. Cảng cạn được đặt tên hoặc đổi tên theo quyết định công bố đưa vào sử dụng trên cơ sở đề nghị của chủ đầu tư hoặc người khai thác cảng cạn hoặc người được ủy quyền.

2. Tên cảng cạn phải được viết bằng tiếng Việt, có thể kèm theo tên bằng tiếng Anh; bắt đầu là cụm từ “Cảng cạn” và tên riêng đặt theo địa danh nơi có cảng cạn hoặc tên riêng công trình.

3. Không đặt tên, đổi tên cảng cạn trong các trường hợp sau:

a) Đặt tên trùng hoặc gây nhầm lẫn với tên của doanh nghiệp, cảng cạn đã công bố hoặc không đúng với tên gọi, chức năng của cảng cạn;

b) Sử dụng tên cơ quan nhà nước, đơn vị lực lượng vũ trang, tên của tổ chức chính trị, tổ chức chính trị - xã hội, doanh nghiệp để làm toàn bộ hoặc một phần tên riêng của cảng cạn; trừ trường hợp có sự đồng ý của cơ quan, đơn vị hoặc tổ chức đó;

c) Sử dụng từ ngữ, ký hiệu vi phạm truyền thống lịch sử, văn hóa, đạo đức và thuần phong mỹ tục của dân tộc để đặt tên.

Như vậy, không đặt tên, đổi tên cảng cạn trong các trường hợp sau:

- Đặt tên trùng hoặc gây nhầm lẫn với tên của doanh nghiệp, cảng cạn đã công bố hoặc không đúng với tên gọi, chức năng của cảng cạn;

- Sử dụng tên cơ quan nhà nước, đơn vị lực lượng vũ trang, tên của tổ chức chính trị, tổ chức chính trị - xã hội, doanh nghiệp để làm toàn bộ hoặc một phần tên riêng của cảng cạn; trừ trường hợp có sự đồng ý của cơ quan, đơn vị hoặc tổ chức đó;

- Sử dụng từ ngữ, ký hiệu vi phạm truyền thống lịch sử, văn hóa, đạo đức và thuần phong mỹ tục của dân tộc để đặt tên.

Trên đây là thông tin: Không đặt tên, đổi tên cảng cạn trong trường hợp nào từ 15/5/2026?

Không đặt tên, đổi tên cảng cạn trong trường hợp nào từ 15/5/2026? (Hình từ Internet)

Căn cứ theo Điều 16  Nghị định 106/2026/NĐ-CP  quy định về đổi tên cảng cạn như sau:

Điều 16. Đổi tên cảng cạn

Doanh nghiệp khai thác cảng cạn tự thực hiện đổi tên cảng cạn trên cơ sở tuân thủ nguyên tắc đặt tên, đổi tên cảng cạn quy định tại Điều 15 Nghị định này. Sau khi thực hiện đổi tên cảng cạn, doanh nghiệp có trách nhiệm thông báo bằng văn bản đến Cục Hàng hải và Đường thủy Việt Nam, Cục Hải quan, Ủy ban nhân dân cấp tỉnh nơi có cảng cạn để cập nhật, theo dõi, quản lý.

Như vậy, doanh nghiệp khai thác cảng cạn tự thực hiện đổi tên cảng cạn trên cơ sở tuân thủ nguyên tắc đặt tên, đổi tên cảng cạn quy định tại Điều 15  Nghị định 106/2026/NĐ-CP . Sau khi thực hiện đổi tên cảng cạn, doanh nghiệp có trách nhiệm thông báo bằng văn bản đến Cục Hàng hải và Đường thủy Việt Nam, Cục Hải quan, Ủy ban nhân dân cấp tỉnh nơi có cảng cạn để cập nhật, theo dõi, quản lý.

Căn cứ theo Điều 8  Nghị định 106/2026/NĐ-CP  quy định về các dịch vụ tại cảng cạn bao gồm:

- Các dịch vụ hỗ trợ vận tải:

+ Dịch vụ bốc xếp, bao gồm bốc xếp con-ten-nơ và bốc xếp hàng hóa;

+ Dịch vụ lưu kho, lưu bãi;

+ Dịch vụ đại lý vận tải;

+ Dịch vụ đại lý làm thủ tục hải quan;

+ Dịch vụ kiểm đếm hàng hóa;

+ Dịch vụ gia cố, sửa chữa, vệ sinh con-ten-nơ;

+ Dịch vụ khử trùng, kiểm dịch, chiếu xạ thực phẩm, nông sản, thủy hải sản.

- Các dịch vụ gia tăng giá trị hàng hóa: Đóng gói, phân chia, đóng gói lại, phân loại, dán nhãn, gia công, lắp ráp, kiểm định và các dịch vụ giá trị gia tăng khác.

- Các dịch vụ khác theo quy định của pháp luật.

Lưu ý:   Nghị định 106/2026/NĐ-CP  có hiệu lực thi hành từ ngày 15/5/2026.","","","","","2026-04-05","https://thuvienphapluat.vn/hoi-dap-phap-luat/khong-dat-ten-doi-ten-cang-can-trong-truong-hop-nao-tu-1552026-138085808.html","2026-04-09T07:29:41.325957+00:00"
"138085726","Giấy chứng nhận giáo viên dạy thực hành lái xe bị thu hồi trong trường hợp nào từ 01/07/2026?","Căn cứ theo khoản 1 Điều 14  Nghị định 94/2026/NĐ-CP  quy định như sau:

Điều 14. Thu hồi giấy chứng nhận giáo viên dạy thực hành lái xe

1. Giấy chứng nhận giáo viên dạy thực hành lái xe bị thu hồi trong các trường hợp sau:

a) Có hành vi gian lận để được tham dự tập huấn và kiểm tra để được giấy chứng nhận giáo viên dạy thực hành lái xe;

b) Cấp cho người không đủ một trong các tiêu chuẩn quy định tại khoản 2 Điều 10 của Nghị định này;

c) Do cơ quan hoặc người không có thẩm quyền cấp;

d) Bị tẩy xóa, sửa chữa;

đ) Cho cơ sở đào tạo khác thuê, mượn để sử dụng hoặc cho tổ chức, cá nhân khác thuê, mượn để sử dụng.

[...]

Theo đó, giấy chứng nhận giáo viên dạy thực hành lái xe bị thu hồi trong các trường hợp sau:

- Có hành vi gian lận để được tham dự tập huấn và kiểm tra để được giấy chứng nhận giáo viên dạy thực hành lái xe;

- Cấp cho người không đủ một trong các tiêu chuẩn quy định tại khoản 2 Điều 10  Nghị định 94/2026/NĐ-CP ;

- Do cơ quan hoặc người không có thẩm quyền cấp;

- Bị tẩy xóa, sửa chữa;

- Cho cơ sở đào tạo khác thuê, mượn để sử dụng hoặc cho tổ chức, cá nhân khác thuê, mượn để sử dụng.

Nghị định 94/2026/NĐ-CP  có hiệu lực thi hành từ 01/07/2026.

*Trên đây là thông tin Giấy chứng nhận giáo viên dạy thực hành lái xe bị thu hồi trong trường hợp nào từ 01/07/2026?

Giấy chứng nhận giáo viên dạy thực hành lái xe bị thu hồi trong trường hợp nào từ 01/07/2026? (Hình từ Internet)

Căn cứ theo khoản 2 Điều 10  Nghị định 94/2026/NĐ-CP  quy định như sau:

Điều 10. Tiêu chuẩn giáo viên dạy lái xe

[...]

2. Giáo viên dạy thực hành lái xe đáp ứng các tiêu chuẩn sau:

a) Bằng tốt nghiệp trung cấp chuyên nghiệp hoặc trung cấp nghề hoặc bằng nghề trở lên;

b) Có giấy phép lái xe hạng tương ứng hoặc cao hơn hạng xe đào tạo;

c) Có một trong các văn bằng, chứng chỉ về trình độ nghiệp vụ sư phạm sau:

Bằng cử nhân thuộc ngành đào tạo giáo viên trở lên; Bằng tốt nghiệp cao đẳng sư phạm, cao đẳng sư phạm kỹ thuật.

Chứng chỉ sư phạm dạy nghề dạy trình độ sơ cấp nghề; Chứng chỉ nghiệp vụ sư phạm dạy trình độ sơ cấp; Chứng chỉ bồi dưỡng sư phạm bậc 1 trở lên;

d) Đã qua tập huấn về nghiệp vụ dạy thực hành lái xe theo chương trình khung quy định tại Phụ lục II kèm theo Nghị định này.

Theo đó, giáo viên dạy thực hành lái xe phải đáp ứng các tiêu chuẩn sau:

- Bằng tốt nghiệp trung cấp chuyên nghiệp hoặc trung cấp nghề hoặc bằng nghề trở lên;

- Có giấy phép lái xe hạng tương ứng hoặc cao hơn hạng xe đào tạo;

- Có một trong các văn bằng, chứng chỉ về trình độ nghiệp vụ sư phạm sau:

Bằng cử nhân thuộc ngành đào tạo giáo viên trở lên; Bằng tốt nghiệp cao đẳng sư phạm, cao đẳng sư phạm kỹ thuật.

Chứng chỉ sư phạm dạy nghề dạy trình độ sơ cấp nghề; Chứng chỉ nghiệp vụ sư phạm dạy trình độ sơ cấp; Chứng chỉ bồi dưỡng sư phạm bậc 1 trở lên;

- Đã qua tập huấn về nghiệp vụ dạy thực hành lái xe theo chương trình khung quy định tại Phụ lục 2 kèm theo  Nghị định 94/2026/NĐ-CP .

Căn cứ theo Điều 37  Nghị định 94/2026/NĐ-CP  quy định như sau:

Điều 37. Bộ Xây dựng

1. Thống nhất quản lý hoạt động đào tạo lái xe theo quy định của Nghị định này.

2. Tổ chức kiểm tra, xử lý vi phạm việc thực hiện các quy định về hoạt động đào tạo lái xe của Nghị định này.

3. Quy định quy chuẩn về ca bin học lái xe để đào tạo lái xe, thiết bị giám sát thời gian và quãng đường học thực hành lái xe trên đường của học viên; hướng dẫn việc ứng dụng công nghệ thông tin trong quản lý, giám sát thời gian học lý thuyết đối với học viên của các cơ sở đào tạo lái xe ô tô.

4. Phối hợp với Bộ Công an trong công tác quản lý sát hạch lái xe.

Theo đó, trách nhiệm của Bộ Xây dựng trong hoạt động đào tạo và sát hạch lái xe như sau:

- Thống nhất quản lý hoạt động đào tạo lái xe theo quy định của  Nghị định 94/2026/NĐ-CP .

- Tổ chức kiểm tra, xử lý vi phạm việc thực hiện các quy định về hoạt động đào tạo lái xe của  Nghị định 94/2026/NĐ-CP .

- Quy định quy chuẩn về ca bin học lái xe để đào tạo lái xe, thiết bị giám sát thời gian và quãng đường học thực hành lái xe trên đường của học viên; hướng dẫn việc ứng dụng công nghệ thông tin trong quản lý, giám sát thời gian học lý thuyết đối với học viên của các cơ sở đào tạo lái xe ô tô.

- Phối hợp với Bộ Công an trong công tác quản lý sát hạch lái xe.","","","","","2026-04-05","https://thuvienphapluat.vn/hoi-dap-phap-luat/giay-chung-nhan-giao-vien-day-thuc-hanh-lai-xe-bi-thu-hoi-trong-truong-hop-nao-tu-01072026-138085726.html","2026-04-09T07:29:45.071523+00:00"
"138085027","Mức phạt tiền xe máy vi phạm lỗi vượt đèn đỏ đường sắt từ 15/5/2026 là bao nhiêu?","Căn cứ theo Điều 13  Nghị định 81/2026/NĐ-CP  quy định như sau:

Điều 13. Xử phạt các hành vi vi phạm quy định về quy tắc giao thông tại đường ngang, cầu chung, hầm đường sắt

[...]

6. Phạt tiền từ 4.000.000 đồng đến 6.000.000 đồng đối với người điều khiển xe mô tô,  xe gắn máy  (kể cả xe máy điện), các loại xe tương tự xe mô tô và các loại xe tương tự xe gắn máy vượt rào chắn   đường ngang, cầu chung khi chắn đang dịch chuyển; vượt đường ngang, cầu chung khi  đèn đỏ đã bật sáng ; không chấp hành hiệu lệnh, chỉ dẫn của biển báo hiệu, vạch kẻ đường hoặc chỉ dẫn của nhân viên gác đường ngang, cầu chung khi đi qua đường ngang, cầu chung.

[...]

8. Phạt tiền từ 8.000.000 đồng đến 10.000.000 đồng đối với người điều khiển máy kéo,  xe máy  chuyên dùng vượt rào chắn đường ngang, cầu chung khi chắn đang dịch chuyển; vượt đường ngang, cầu chung  khi đèn đỏ đã bật sáng ; không chấp hành hiệu lệnh, chỉ dẫn của nhân viên gác đường ngang, cầu chung khi đi qua đường ngang, cầu chung.

[...]

11. Ngoài việc bị phạt tiền, người điều khiển phương tiện thực hiện hành vi vi phạm quy định tại  khoản 6, khoản 8 , khoản 9, khoản 10 Điều này còn bị áp dụng hình thức xử phạt bổ sung tước quyền sử dụng Giấy phép lái xe (khi điều khiển phương tiện giao thông cơ giới đường bộ) từ 01 tháng đến 03 tháng.

[...]

Như vậy, từ 15/5/2026, người điều khiển xe máy vi phạm lỗi vượt đèn đỏ đường sắt có thể bị xử phạt vi phạm hành chính như sau:

- Phạt tiền từ 4.000.000 đồng đến 6.000.000 đồng đối với xe gắn máy vượt rào chắn đường ngang, cầu chung khi đèn đỏ đã bật sáng.

- Phạt tiền từ 8.000.000 đồng đến 10.000.000 đồng đối với xe máy chuyên dùng vượt rào chắn đường ngang, cầu chung khi đèn đỏ đã bật sáng.

Bên cạnh đó, ngoài việc bị phạt tiền, người điều khiển xe máy vi phạm lỗi vượt đèn đỏ đường sắt còn bị áp dụng hình thức xử phạt bổ sung tước quyền sử dụng Giấy phép lái xe (khi điều khiển phương tiện giao thông cơ giới đường bộ) từ 01 tháng đến 03 tháng.

Trên đây là thông tin: Mức phạt tiền xe máy vi phạm lỗi vượt đèn đỏ đường sắt từ 15/5/2026 là bao nhiêu?

Mức phạt tiền xe máy vi phạm lỗi vượt đèn đỏ đường sắt từ 15/5/2026 là bao nhiêu? (Hình từ Internet)

Căn cứ tại khoản 1 Điều 41  Nghị định 81/2026/NĐ-CP  quy định về thẩm quyền xử phạt của Chủ tịch Ủy ban nhân dân các cấp như sau:

Điều 41. Thẩm quyền xử phạt của Chủ tịch Ủy ban nhân dân các cấp

1. Chủ tịch Ủy ban nhân dân cấp xã có quyền:

a) Phạt cảnh cáo;

b) Phạt tiền đến 37.500.000 đồng;

c) Tước quyền sử dụng giấy phép có thời hạn hoặc đình chỉ hoạt động có thời hạn;

d) Tịch thu tang vật, phương tiện vi phạm hành chính;

đ) Áp dụng biện pháp khắc phục hậu quả quy định tại khoản 3 Điều 3 của Nghị định này.

[...]

Như vậy, chủ tịch Ủy ban nhân dân xã đủ thẩm quyền xử phạt đối với hành vi vi phạm lỗi vượt đèn đỏ đường sắt của xe máy.

Căn cứ theo Điều 53  Luật Đường sắt 2025  quy định trách nhiệm của tổ chức, cá nhân khi xảy ra tai nạn giao thông đường sắt là:

- Khi xảy ra tai nạn giao thông đường sắt, tổ chức, cá nhân có liên quan phải thực hiện các công việc sau:

+ Nhân viên đường sắt trên tàu thực hiện dừng tàu khẩn cấp và tổ chức cứu người bị nạn, bảo vệ tài sản của Nhà nước và của người bị nạn, đồng thời phải báo ngay cho tổ chức điều hành giao thông vận tải đường sắt hoặc ga đường sắt gần nhất;

+ Tổ chức điều hành giao thông vận tải đường sắt hoặc ga đường sắt khi nhận được tin báo phải có trách nhiệm báo ngay cho cơ quan Công an và Ủy ban nhân dân nơi gần nhất để xử lý, giải quyết tai nạn giao thông đường sắt;

+ Cơ quan Công an và Ủy ban nhân dân nơi gần nhất khi nhận được tin báo về tai nạn giao thông đường sắt có trách nhiệm đến ngay hiện trường để giải quyết.

- Khi xảy ra tai nạn giao thông đường sắt mà phương tiện giao thông đường sắt, công trình đường sắt không bị hư hỏng thì được phép tiếp tục cho tàu chạy sau khi đã lập biên bản báo cáo về vụ tai nạn và cử nhân viên đường sắt khác thay mình ở lại làm việc với cơ quan nhà nước có thẩm quyền.

- Người điều khiển phương tiện giao thông khác khi đi qua nơi xảy ra tai nạn giao thông đường sắt có trách nhiệm chở người bị nạn đi cấp cứu, trừ trường hợp đang làm nhiệm vụ khẩn cấp.

- Ủy ban nhân dân các cấp nơi xảy ra tai nạn giao thông đường sắt có trách nhiệm phối hợp với cơ quan Công an, doanh nghiệp kinh doanh đường sắt tổ chức cứu giúp người bị nạn, bảo vệ tài sản của tổ chức, cá nhân. Trường hợp có người chết không rõ tung tích, không có thân nhân hoặc thân nhân không có khả năng chôn cất thì Ủy ban nhân dân cấp xã nơi xảy ra tai nạn có trách nhiệm tổ chức chôn cất.

- Mọi tổ chức, cá nhân không được gây trở ngại cho việc khôi phục đường sắt và hoạt động giao thông vận tải đường sắt sau khi xảy ra tai nạn giao thông đường sắt.

Lưu ý:  Nghị định 81/2026/NĐ-CP  có hiệu lực thi hành từ ngày 15/5/2026.","","","","","2026-04-05","https://thuvienphapluat.vn/hoi-dap-phap-luat/muc-phat-tien-xe-may-vi-pham-loi-vuot-den-do-duong-sat-tu-1552026-la-bao-nhieu-138085027.html","2026-04-09T07:29:49.757452+00:00"
"138086145","Điều kiện đối với cơ sở kiểm định khí thải xe cơ giới từ 01/7/2026 là gì?","Căn cứ theo  Nghị định 89/2026/NĐ-CP  quy định điều kiện đối với cơ sở kiểm định khí thải xe cơ giới từ 01/7/2026 như sau:

- Điều kiện về diện tích (Điều 7  Nghị định 89/2026/NĐ-CP )

Khu vực kiểm định khí thải xe mô tô, xe gắn máy có diện tích tối thiểu là 10 m 2 tương ứng với 01 thiết bị đo khí thải.

Đối với khu vực kiểm định khí thải xe mô tô, xe gắn máy có từ 02 thiết bị đo khí thải trở lên thì diện tích cho mỗi thiết bị đo tăng thêm tương ứng là 05 m2 .

Trường hợp diện tích của khu vực kiểm định được sử dụng chung với hoạt động bảo dưỡng, sửa chữa xe mô tô, xe gắn máy thì không được gây cản trở cho việc di chuyển của phương tiện và thao tác của đăng kiểm viên.

- Điều kiện về nhân lực (Điều 8  Nghị định 89/2026/NĐ-CP )

Có tối thiểu 01 đăng kiểm viên được cấp chứng chỉ chuyên môn thực hiện công việc kiểm định khí thải xe mô tô, xe gắn máy.

*Trên đây là thông tin Điều kiện đối với cơ sở kiểm định khí thải xe cơ giới từ 01/7/2026 là gì?

Điều kiện đối với cơ sở kiểm định khí thải xe cơ giới từ 01/7/2026 là gì? (Hình từ Internet)

Căn cứ theo Điều 11  Nghị định 89/2026/NĐ-CP  quy định hoạt động của cơ sở đăng kiểm xe cơ giới bao gồm:

- Thực hiện kiểm định và cấp giấy chứng nhận kiểm định cho xe cơ giới, xe máy chuyên dùng; kiểm định khí thải và cấp giấy chứng nhận kiểm định khí thải cho xe mô tô, xe gắn máy; chứng nhận cải tạo và cấp giấy chứng nhận cải tạo cho xe cơ giới cải tạo, xe máy chuyên dùng cải tạo theo đúng quy định của pháp luật liên quan đến công tác kiểm định, chứng nhận cải tạo.

- Phân công đăng kiểm viên thực hiện việc kiểm định, chứng nhận cải tạo, kiểm định khí thải xe mô tô, xe gắn máy phù hợp với chứng chỉ chuyên môn của đăng kiểm viên.

Lập sổ phân công nhiệm vụ theo mẫu quy định tại Phụ lục I kèm theo  Nghị định 89/2026/NĐ-CP .

- Bảo đảm các thiết bị, dụng cụ kiểm tra phải đáp ứng yêu cầu kỹ thuật theo Quy chuẩn kỹ thuật quốc gia về cơ sở đăng kiểm.

Trường hợp các thiết bị, dụng cụ kiểm tra là phương tiện đo thì phải được kiểm định, hiệu chuẩn, thử nghiệm theo quy định của pháp luật về đo lường.

- Bố trí thiết bị, dụng cụ kiểm tra của cơ sở đăng kiểm tại xưởng kiểm định hoặc bên ngoài xưởng kiểm định phù hợp với các trường hợp kiểm định.

- Việc kiểm định xe cơ giới, xe máy chuyên dùng, kiểm định khí thải xe mô tô, xe gắn máy bên ngoài cơ sở đăng kiểm được thực hiện theo quy định của Bộ trưởng Bộ Xây dựng.

- Khi có sự cố hư hỏng hoặc thay đổi thiết bị, dụng cụ kiểm tra, cơ sở đăng kiểm chủ động khắc phục sự cố bảo đảm thiết bị, dụng cụ kiểm tra đáp ứng quy định tại khoản 3 Điều 11  Nghị định 89/2026/NĐ-CP , đồng thời thông báo bằng bản giấy hoặc dữ liệu điện tử cho Ủy ban nhân dân cấp tỉnh để theo dõi, quản lý theo mẫu quy định tại Phụ lục II kèm theo  Nghị định 89/2026/NĐ-CP .

Trường hợp đã có kết nối chia sẻ dữ liệu với Ủy ban nhân dân cấp tỉnh thì không phải thực hiện trách nhiệm này.

- Khi có sự thay đổi về lãnh đạo cơ sở đăng kiểm, lãnh đạo bộ phận kiểm định, đăng kiểm viên, cơ sở đăng kiểm phải thông báo bằng bản giấy hoặc dữ liệu điện tử cho Ủy ban nhân dân cấp tỉnh theo mẫu quy định tại Phụ lục III kèm theo  Nghị định 89/2026/NĐ-CP .

Trường hợp đã có kết nối chia sẻ dữ liệu với Ủy ban nhân dân cấp tỉnh thì không phải thực hiện trách nhiệm này.

- Thu hồi giấy chứng nhận kiểm định, giấy chứng nhận cải tạo đối với các trường hợp quy định tại khoản 4 Điều 13  Nghị định 89/2026/NĐ-CP . Trường hợp xe được cấp cả tem kiểm định thì thực hiện thu hồi giấy chứng nhận kiểm định cùng tem kiểm định.

- Từ chối kiểm định đối với các trường hợp quy định tại khoản 1 Điều 43  Luật Trật tự, an toàn giao thông đường bộ 2024 .

- Ngừng hoạt động kiểm định, chứng nhận cải tạo khi có quyết định tạm đình chỉ hoặc thu hồi giấy chứng nhận đủ điều kiện hoạt động kiểm định xe cơ giới, giấy chứng nhận đủ điều kiện hoạt động kiểm định khí thải xe mô tô, xe gắn máy của cơ quan có thẩm quyền.

- Thực hiện các hoạt động dịch vụ kỹ thuật liên quan đến xe cơ giới, xe máy chuyên dùng và khí thải xe mô tô, xe gắn máy.

- Thực hiện các chương trình, kế hoạch tập huấn, thực tập, đánh giá thực hiện các công việc chuyên môn theo quy định của pháp luật.

- Duy trì bộ phận giải quyết các công việc liên quan đến hồ sơ về kiểm định, chứng nhận cải tạo trong thời gian cơ sở đăng kiểm tạm ngừng, tạm đình chỉ hoạt động kiểm định, trừ trường hợp bất khả kháng theo quy định của pháp luật.

Căn cứ theo Điều 10  Nghị định 89/2026/NĐ-CP  quy định nguyên tắc hoạt động của cơ sở đăng kiểm như sau:

- Bảo đảm tính độc lập, khách quan, minh bạch, tuân thủ các quy định của  Nghị định 89/2026/NĐ-CP  và pháp luật có liên quan về hoạt động kiểm định, chứng nhận cải tạo xe cơ giới, xe máy chuyên dùng, kiểm định khí thải xe mô tô, xe gắn máy.

- Tạo thuận lợi cho tổ chức và cá nhân khi đưa phương tiện đến kiểm định, chứng nhận cải tạo.","","","","","2026-04-05","https://thuvienphapluat.vn/hoi-dap-phap-luat/dieu-kien-doi-voi-co-so-kiem-dinh-khi-thai-xe-co-gioi-tu-0172026-la-gi-138086145.html","2026-04-09T07:29:54.369594+00:00"
"138086060","Quy định về hành lang an toàn giao thông đường sắt tại khu vực đường ngang hiện nay như thế nào?","Tại khoản 5 Điều 19  Nghị định 16/2026/NĐ-CP  có quy định như sau:

Điều 19. Hành lang an toàn giao thông đường sắt

[…]

5. Hành lang an toàn giao thông đường sắt tại khu vực đường ngang

Phạm vi hành lang an toàn giao thông đường sắt tại khu vực đường ngang được giới hạn bởi tầm nhìn của người điều khiển phương tiện giao thông đường sắt và đường bộ tham gia giao thông qua đường ngang theo quy định như sau:

a) Người lái tàu ở vị trí của mình nhìn thấy đường ngang từ khoảng cách 1000 mét trở lên;

b) Đối với đường ngang không có người gác, người điều khiển phương tiện giao thông đường bộ khi ở cách đường ngang một khoảng cách bằng tầm nhìn hãm xe đối với cấp đường đó nhìn thấy đoàn tàu ở cách đường ngang ít nhất bằng tầm nhìn ngang của người điều khiển phương tiện giao thông đường bộ kể từ giữa chỗ giao;

c) Chi tiết xác định hành lang an toàn giao thông tại khu vực đường ngang thực hiện theo quy định tại khoản 5 của Phụ lục I ban hành kèm theo Nghị định này.

[…]

Theo đó, phạm vi hành lang an toàn giao thông đường sắt tại khu vực đường ngang được giới hạn bởi tầm nhìn của người điều khiển phương tiện giao thông đường sắt và đường bộ tham gia giao thông qua đường ngang theo quy định như sau:

- Người lái tàu ở vị trí của mình nhìn thấy đường ngang từ khoảng cách 1000 mét trở lên;

- Đối với đường ngang không có người gác, người điều khiển phương tiện giao thông đường bộ khi ở cách đường ngang một khoảng cách bằng tầm nhìn hãm xe đối với cấp đường đó nhìn thấy đoàn tàu ở cách đường ngang ít nhất bằng tầm nhìn ngang của người điều khiển phương tiện giao thông đường bộ kể từ giữa chỗ giao;

- Chi tiết xác định hành lang an toàn giao thông tại khu vực đường ngang thực hiện theo quy định tại khoản 5 của Phụ lục I ban hành kèm theo  Nghị định 16/2026/NĐ-CP .

Quy định về hành lang an toàn giao thông đường sắt tại khu vực đường ngang hiện nay như thế nào? (Hình từ Internet)

Tại khoản 6 Điều 19  Nghị định 16/2026/NĐ-CP  có quy định về hành lang an toàn giao thông đường sắt trong trường hợp đường sắt chạy gần, liền kề với công trình đường bộ như sau:

- Trường hợp có sự chồng lấn hành lang an toàn giao thông đường sắt với hành lang an toàn đường bộ, phải phân định ranh giới quản lý theo nguyên tắc ưu tiên bố trí hành lang an toàn giao thông đường sắt, nhưng ranh giới hành lang an toàn giao thông đường sắt không được chồng lên công trình đường bộ; việc quản lý, sử dụng hành lang an toàn đường sắt không được làm ảnh hưởng đến chất lượng công trình đường bộ và an toàn giao thông;

- Trường hợp đường bộ, đường sắt liền kề và chung nhau rãnh dọc, ranh giới hành lang an toàn là mép đáy rãnh phía nền đường cao hơn; nếu cao độ bằng nhau, ranh giới hành lang an toàn là mép đáy rãnh phía đường sắt;

- Khi xây dựng mới công trình gần, liền kề công trình đường sắt hiện hữu, phải bố trí công trình xây mới nằm ngoài phạm vi đất dành cho đường sắt. Trường hợp không thể bố trí công trình nằm ngoài phạm vi đất dành cho đường sắt, chủ đầu tư dự án phải có giải pháp kỹ thuật để không làm ảnh hưởng đến sự ổn định, tuổi thọ và bảo đảm an toàn cho công trình đường sắt và được cấp phép xây dựng theo quy định tại khoản 5 Điều 44  Luật Đường sắt 2025  trước khi thực hiện.

Tại Điều 6  Luật Đường sắt 2025  có quy định như sau:

Điều 6. Các hành vi bị nghiêm cấm trong hoạt động đường sắt

1. Phá hoại công trình đường sắt, phương tiện giao thông đường sắt; gây rối trật tự an toàn giao thông đường sắt.

2. Lấn, chiếm hành lang an toàn giao thông đường sắt, phạm vi bảo vệ công trình đường sắt; tự mở lối đi qua đường sắt khi chưa được cơ quan có thẩm quyền cho phép.

3. Làm sai lệch, che lấp hệ thống báo hiệu, tín hiệu giao thông đường sắt.

4. Tự ý báo hiệu hoặc sử dụng các thiết bị để dừng tàu, trừ trường hợp phát hiện có sự cố gây mất an toàn giao thông đường sắt.

5. Tự ý để chướng ngại vật, chất dễ cháy, chất dễ nổ, chất độc hại trong phạm vi bảo vệ công trình đường sắt và hành lang an toàn giao thông đường sắt.

6. Điều khiển tàu chạy quá tốc độ quy định.

7. Nhân viên đường sắt trong khi làm nhiệm vụ mà trong máu hoặc hơi thở có nồng độ cồn; trong cơ thể có chất ma túy hoặc có chất kích thích khác mà pháp luật cấm sử dụng.

Theo đó, lấn, chiếm hành lang an toàn giao thông đường sắt là một trong những hành vi bị cấm trong hoạt động đường sắt.","","","","","2026-04-04","https://thuvienphapluat.vn/hoi-dap-phap-luat/quy-dinh-ve-hanh-lang-an-toan-giao-thong-duong-sat-tai-khu-vuc-duong-ngang-hien-nay-nhu-the-nao-138086060.html","2026-04-09T07:30:06.657147+00:00"
"138086455","","","","","","","","https://thuvienphapluat.vn/hoi-dap-phap-luat/chinh-thuc-tu-0172026-ha-noi-khong-cam-o-to-xe-may-xang-trong-toan-bo-vanh-dai-1-dung-khong-138086455.html","2026-04-09T07:28:36.922930+00:00"
"138086264","","","","","","","","https://thuvienphapluat.vn/hoi-dap-phap-luat/toan-van-quyet-dinh-132026qdttg-lo-trinh-ap-dung-quy-chuan-ky-thuat-quoc-gia-ve-khi-thai-xe-mo-to-x-138086264.html","2026-04-09T07:28:44.171189+00:00"
"138086065","","","","","","","","https://thuvienphapluat.vn/hoi-dap-phap-luat/co-so-kiem-dinh-khi-thai-xe-mo-to-xe-gan-may-la-gi-138086065.html","2026-04-09T07:30:01.065517+00:00"
