"id","title","content","category","doc_type","doc_number","agency","published_date","url","crawled_at"
"138051494","Lịch Vạn niên 2026 - Lịch âm 2026 - Lịch dương 2026 chi tiết, đầy đủ 365 ngày tương ứng âm và dương?","Lịch Vạn niên 2026 - Lịch âm 2026 - Lịch dương 2026 chi tiết, đầy đủ 365 ngày tương ứng âm và dương?

Năm 2026, người lao động được nghỉ các ngày lễ, tết nào trong năm?

Người lao động có các quyền và nghĩa vụ gì?

Xem mới:

>>> Kịch bản sinh hoạt chi bộ tháng 5 2026 chi tiết ra sao?

>>> Tài liệu sinh hoạt chi bộ tháng 5/2026 chi tiết như thế nào?

>>> Nội dung trọng tâm sinh hoạt chi bộ Tháng 5/2026 chi tiết thế nào?

>>> Mẫu nội dung sinh hoạt chi bộ Tháng 5 năm 2026 chi tiết ra sao?

>>> Hướng dẫn sinh hoạt chi bộ tháng 5/2026 đầy đủ như thế nào?

Theo Lịch Vạn niên 2026 - Lịch âm 2026 - Lịch dương 2026, tết Âm lịch 2026 sẽ rơi vào các ngày sau:

- 29 tháng Chạp năm Ất Tỵ (29 Tết): Thứ hai, ngày 16/02/2026 dương lịch

- Mùng 1 tháng Giêng năm Bính Ngọ (Mùng 1 Tết): Thứ ba, ngày 17/02/2026 dương lịch

- Mùng 2 tháng Giêng năm Bính Ngọ (Mùng 2 Tết): Thứ tư, ngày 18/02/2026 dương lịch

- Mùng 3 tháng Giêng năm Bính Ngọ (Mùng 3 Tết): Thứ năm, ngày 19/02/2026 dương lịch

Dưới đây là Lịch Vạn niên 2026 - Lịch âm 2026 - Lịch dương 2026 chi tiết, đầy đủ 365 ngày tương ứng âm và dương:

Lịch Tháng 1 năm 2026

Lịch Tháng 2 năm 2026

Lịch Tháng 3 năm 2026

Lịch Tháng 4 năm 2026

Lịch Tháng 5 năm 2026

Lịch Tháng 6 năm 2026

Lịch Tháng 7 năm 2026

Lịch Tháng 8 năm 2026

Lịch Tháng 9 năm 2026

Lịch Tháng 10 năm 2026

Lịch Tháng 11 năm 2026

Lịch Tháng 12 năm 2026

XEM ĐẦY ĐỦ:

THÁNG 1/2026

>>> Xem lịch âm tháng 1 năm 2026 - Lịch vạn niên tháng 1 năm 2026 đầy đủ, chi tiết, mới nhất

>>> Lịch Dương Tháng 1 2026 chi tiết, chính xác nhất

THÁNG 2/2026

>>> Xem lịch âm tháng 2 năm 2026 - Lịch vạn niên tháng 2 năm 2026 đầy đủ, chi tiết, mới nhất

>>> Lịch Dương Tháng 2 2026 chi tiết, chính xác nhất

THÁNG 3/2026

>>> Xem lịch âm tháng 3 năm 2026 - Lịch vạn niên tháng 3 năm 2026 đầy đủ, chi tiết, mới nhất

>>> Lịch Dương Tháng 3 2026 chi tiết, chính xác nhất

THÁNG 4/2026

>>> Xem lịch âm tháng 4 năm 2026 - Lịch vạn niên tháng 4 năm 2026 đầy đủ, chi tiết, mới nhất

>>> Lịch Dương Tháng 4 2026 chi tiết, chính xác nhất

THÁNG 5/2026

>>> Xem lịch âm tháng 5 năm 2026 - Lịch vạn niên tháng 5 năm 2026 đầy đủ, chi tiết, mới nhất

>>> Lịch Dương Tháng 5 2026 chi tiết, chính xác nhất

THÁNG 6/2026

>>> Xem lịch âm tháng 6 năm 2026 - Lịch vạn niên tháng 6 năm 2026 đầy đủ, chi tiết, mới nhất

>>> Lịch Dương Tháng 6 2026 chi tiết, chính xác nhất

THÁNG 7/2026

>>> Xem lịch âm tháng 7 năm 2026 - Lịch vạn niên tháng 7 năm 2026 đầy đủ, chi tiết, mới nhất

>>> Lịch Dương Tháng 7 2026 chi tiết, chính xác nhất

THÁNG 8/2026

>>> Xem lịch âm tháng 8 năm 2026 - Lịch vạn niên tháng 8 năm 2026 đầy đủ, chi tiết, mới nhất

>>> Lịch Dương Tháng 8 2026 chi tiết, chính xác nhất

THÁNG 9/2026

>>> Xem lịch âm tháng 9 năm 2026 - Lịch vạn niên tháng 9 năm 2026 đầy đủ, chi tiết, mới nhất

>>> Lịch Dương Tháng 9 2026 chi tiết, chính xác nhất

THÁNG 10/2026

>>> Xem lịch âm tháng 10 năm 2026 - Lịch vạn niên tháng 10 năm 2026 đầy đủ, chi tiết, mới nhất

>>> Lịch Dương Tháng 10 2026 chi tiết, chính xác nhất

THÁNG 11/2026

>>> Xem lịch âm tháng 11 năm 2026 - Lịch vạn niên tháng 11 năm 2026 đầy đủ, chi tiết, mới nhất

>>> Lịch Dương Tháng 11 2026 chi tiết, chính xác nhất

THÁNG 12/2026

>>> Xem lịch âm tháng 12 năm 2026 - Lịch vạn niên tháng 12 năm 2026 đầy đủ, chi tiết, mới nhất

>>> Lịch Dương Tháng 12 2026 chi tiết, chính xác nhất

* Trên đây là Thông tin Lịch Vạn niên 2026 - Lịch âm 2026 - Lịch dương 2026 chi tiết, đầy đủ 365 ngày tương ứng âm và dương?

Lịch Vạn niên 2026 - Lịch âm 2026 - Lịch dương 2026 chi tiết, đầy đủ 365 ngày tương ứng âm và dương? (Hình từ Internet)

Căn cứ Điều 112 Bộ luật Lao động 2019 quy định về nghỉ lễ, tết như sau:

Như vậy, năm 2026 người lao động được nghỉ các ngày lễ, tết sau đây:

(1) Tết Dương lịch: 01 ngày (ngày 01 tháng 01 dương lịch);

(2) Tết Âm lịch: 05 ngày;

(3) Ngày Chiến thắng: 01 ngày (ngày 30 tháng 4 dương lịch);

(4) Ngày Quốc tế lao động: 01 ngày (ngày 01 tháng 5 dương lịch);

(5) Quốc khánh: 02 ngày (ngày 02 tháng 9 dương lịch và 01 ngày liền kề trước hoặc sau);

(6) Ngày Giỗ Tổ Hùng Vương: 01 ngày (ngày 10 tháng 3 âm lịch).

Ngoài ra, người lao động là người nước ngoài làm việc tại Việt Nam ngoài các ngày nghỉ nêu trên còn được nghỉ thêm 01 ngày Tết cổ truyền dân tộc và 01 ngày Quốc khánh của nước họ.

Lưu ý: Hằng năm, căn cứ vào điều kiện thực tế, Thủ tướng Chính phủ quyết định cụ thể ngày nghỉ quy định tại điểm b và điểm đ khoản 1 Điều 112 Bộ luật Lao động 2019

Căn cứ Điều 5 Bộ luật Lao động 2019 quy định cụ thể như sau:

Như vậy, người lao động có các quyền và nghĩa vụ như sau:

[1] Người lao động có các quyền sau đây:

- Làm việc; tự do lựa chọn việc làm, nơi làm việc, nghề nghiệp, học nghề, nâng cao trình độ nghề nghiệp; không bị phân biệt đối xử, cưỡng bức lao động, quấy rối tình dục tại nơi làm việc

- Hưởng lương phù hợp với trình độ, kỹ năng nghề trên cơ sở thỏa thuận với người sử dụng lao động; được bảo hộ lao động, làm việc trong điều kiện bảo đảm về an toàn, vệ sinh lao động; nghỉ theo chế độ, nghỉ hằng năm có hưởng lương và được hưởng phúc lợi tập thể

- Thành lập, gia nhập, hoạt động trong tổ chức đại diện người lao động, tổ chức nghề nghiệp và tổ chức khác theo quy định của pháp luật; yêu cầu và tham gia đối thoại, thực hiện quy chế dân chủ, thương lượng tập thể với người sử dụng lao động và được tham vấn tại nơi làm việc để bảo vệ quyền và lợi ích hợp pháp, chính đáng của mình; tham gia quản lý theo nội quy của người sử dụng lao động

- Từ chối làm việc nếu có nguy cơ rõ ràng đe dọa trực tiếp đến tính mạng, sức khỏe trong quá trình thực hiện công việc

- Đơn phương chấm dứt hợp đồng lao động

- Đình công

- Các quyền khác theo quy định của pháp luật

[2] Người lao động có các nghĩa vụ sau đây:

- Thực hiện hợp đồng lao động, thỏa ước lao động tập thể và thỏa thuận hợp pháp khác

- Chấp hành kỷ luật lao động, nội quy lao động; tuân theo sự quản lý, điều hành, giám sát của người sử dụng lao động

- Thực hiện quy định của pháp luật về lao động, việc làm, giáo dục nghề nghiệp, bảo hiểm xã hội, bảo hiểm y tế, bảo hiểm thất nghiệp và an toàn, vệ sinh lao động

Điều 112. Nghỉ lễ, tết

1. Người lao động được nghỉ làm việc, hưởng nguyên lương trong những ngày lễ, tết sau đây:

a) Tết Dương lịch: 01 ngày (ngày 01 tháng 01 dương lịch);

b) Tết Âm lịch: 05 ngày;

c) Ngày Chiến thắng: 01 ngày (ngày 30 tháng 4 dương lịch);

d) Ngày Quốc tế lao động: 01 ngày (ngày 01 tháng 5 dương lịch);

đ) Quốc khánh: 02 ngày (ngày 02 tháng 9 dương lịch và 01 ngày liền kề trước hoặc sau);

e) Ngày Giỗ Tổ Hùng Vương: 01 ngày (ngày 10 tháng 3 âm lịch).

2. Lao động là người nước ngoài làm việc tại Việt Nam ngoài các ngày nghỉ theo quy định tại khoản 1 Điều này còn được nghỉ thêm 01 ngày Tết cổ truyền dân tộc và 01 ngày Quốc khánh của nước họ.

3. Hằng năm, căn cứ vào điều kiện thực tế, Thủ tướng Chính phủ quyết định cụ thể ngày nghỉ quy định tại điểm b và điểm đ khoản 1 Điều này.

Điều 5. Quyền và nghĩa vụ của người lao động

1. Người lao động có các quyền sau đây:

a) Làm việc; tự do lựa chọn việc làm, nơi làm việc, nghề nghiệp, học nghề, nâng cao trình độ nghề nghiệp; không bị phân biệt đối xử, cưỡng bức lao động, quấy rối tình dục tại nơi làm việc;

b) Hưởng lương phù hợp với trình độ, kỹ năng nghề trên cơ sở thỏa thuận với người sử dụng lao động; được bảo hộ lao động, làm việc trong điều kiện bảo đảm về an toàn, vệ sinh lao động; nghỉ theo chế độ, nghỉ hằng năm có hưởng lương và được hưởng phúc lợi tập thể;

c) Thành lập, gia nhập, hoạt động trong tổ chức đại diện người lao động, tổ chức nghề nghiệp và tổ chức khác theo quy định của pháp luật; yêu cầu và tham gia đối thoại, thực hiện quy chế dân chủ, thương lượng tập thể với người sử dụng lao động và được tham vấn tại nơi làm việc để bảo vệ quyền và lợi ích hợp pháp, chính đáng của mình; tham gia quản lý theo nội quy của người sử dụng lao động;

d) Từ chối làm việc nếu có nguy cơ rõ ràng đe dọa trực tiếp đến tính mạng, sức khỏe trong quá trình thực hiện công việc;

[....]","so-huu-tri-tue","","","","2026-05-20T00:00:00","https://thuvienphapluat.vn/hoi-dap-phap-luat/lich-van-nien-2026--lich-am-2026--lich-duong-2026-chi-tiet-day-du-365-ngay-tuong-ung-am-va-duong-138051494.html","2026-05-21T20:18:22.339455+00:00"
"138051550","Lịch nghỉ lễ 2026 - Tổng hợp các ngày lễ 2026 ở Việt Nam chi tiết ra sao?","Lịch nghỉ lễ 2026 - Tổng hợp các ngày lễ 2026 ở Việt Nam chi tiết ra sao?

Tổ chức làm việc theo ca phải bố trí ít nhất mấy người?

Người lao động làm việc chưa đủ 12 tháng thì số ngày nghỉ hằng năm được xác định như thế nào?

Mới nhất:

>>> Tổng hợp các ngày nghỉ làm hưởng nguyên lương trong năm 2026

>>> Lịch nghỉ lễ Ngày Văn hoá Việt Nam 2026 chi tiết ra sao rơi vào thứ mấy?

Xem mới:

>>> Tết âm lịch 2026 đếm ngược? Giao thừa 2026 đếm ngược? Năm bính ngọ 2026 có bao nhiêu ngày?

Xem mới:

>>> Tháng 1 2026 có ngày lễ sự kiện gì? Tổng hợp các ngày lễ, sự kiện tháng 1/2026 trong nước và quốc tế ra sao?

>>> Chính thức: Lịch nghỉ Tết dương lịch 2026 của cán bộ, công chức, viên chức, người lao động và học sinh

>>> Lịch nghỉ Tết Dương lịch 2026 chính thức 4 ngày

>>> Công văn 12729/VPCP-KGVX Chính thức nghỉ Tết Dương lịch 2026 4 ngày đối với công chức, viên chức

>>> Lịch nghỉ Tết Dương lịch chính thức 2026 nếu được thông qua

>>> Tết dương lịch 2026 được nghỉ 1 ngày hay 4 ngày?

>>> Tại sao Tết Dương lịch 2026 được nghỉ 4 ngày liên tục?

>>> Bộ Nội vụ đề xuất hoán đổi ngày làm việc để Tết Dương lịch 2026 được nghỉ 4 ngày

Lịch nghỉ lễ 2026 - Tổng hợp các ngày lễ 2026 ở Việt Nam chi tiết dưới đây:

Các ngày nghỉ lễ được hưởng nguyên lương trong năm 2026

Căn cứ Điều 112 Bộ luật Lao động 2019 quy định về nghỉ lễ, tết, năm 2026 người lao động được nghỉ các ngày lễ, tết sau đây:

(1) Tết Dương lịch: 01 ngày (ngày 01 tháng 01 dương lịch);

(2) Tết Âm lịch: 05 ngày;

(3) Ngày Chiến thắng: 01 ngày (ngày 30 tháng 4 dương lịch);

(4) Ngày Quốc tế lao động: 01 ngày (ngày 01 tháng 5 dương lịch);

(5) Quốc khánh: 02 ngày (ngày 02 tháng 9 dương lịch và 01 ngày liền kề trước hoặc sau);

(6) Ngày Giỗ Tổ Hùng Vương: 01 ngày (ngày 10 tháng 3 âm lịch).

Lưu ý: Hằng năm, căn cứ vào điều kiện thực tế, Thủ tướng Chính phủ quyết định cụ thể ngày nghỉ Tết Âm lịch và Quốc khánh.

Các ngày lễ, sự kiện khác trong năm tại Việt Nam và quốc tế

Danh sách các ngày lễ Dương lịch 2026

Thứ

Dương lịch

Âm lịch

Tên ngày lễ

Thứ Năm

1/1/2026

13/11/2025

Tết Dương lịch năm 2026

Thứ Ba

6/1/2026

18/11/2025

Tổng tuyển cử quốc hội khóa đầu tiên của nước Việt Nam năm 2026

Thứ Sáu

9/1/2026

21/11/2025

Ngày Học sinh - Sinh viên Việt Nam năm 2026

Chủ Nhật

11/1/2026

23/11/2025

Việt Nam chính thức gia nhập WTO năm 2026

Thứ Ba

27/1/2026

9/12/2025

Ký Hiệp định Pari chấm dứt chiến tranh ở Việt Nam năm 2026

Thứ Ba

3/2/2026

16/12/2025

Ngày thành lập Đảng Cộng sản Việt Nam năm 2026

Thứ Tư

4/2/2026

17/12/2025

Ngày thống nhất các tổ chức mặt trận thành mặt trận Tổ quốc Việt Nam năm 2026

Thứ Bảy

14/2/2026

27/12/2025

Ngày lễ tình nhân (Valentine) năm 2026

Thứ Sáu

20/2/2026

4/1/2026

Ngày Công bằng xã hội thế giới năm 2026

Thứ Bảy

21/2/2026

5/1/2026

Ngày Ngôn ngữ mẹ đẻ Quốc tế năm 2026

Thứ Sáu

27/2/2026

11/1/2026

Ngày thầy thuốc Việt Nam năm 2026

Chủ Nhật

8/3/2026

20/1/2026

Ngày Quốc tế Phụ nữ năm 2026

Thứ Năm

19/3/2026

1/2/2026

Ngày toàn quốc chống Mỹ năm 2026

Thứ Sáu

20/3/2026

2/2/2026

Ngày Quốc Tế hạnh phúc năm 2026

Thứ Bảy

21/3/2026

3/2/2026

Ngày Hội chứng Down thế giới và Ngày Quốc tế xóa bỏ phân biệt chủng tộc năm 2026

Chủ Nhật

22/3/2026

4/2/2026

Ngày Nước sạch Thế giới năm 2026

Thứ Hai

23/3/2026

5/2/2026

Ngày Khí tượng Thế giới năm 2026

Thứ Năm

26/3/2026

8/2/2026

Ngày thành lập Đoàn TNCS Hồ Chí Minh năm 2026

Thứ Sáu

27/3/2026

9/2/2026

Ngày Thể Thao Việt Nam năm 2026

Thứ Tư

1/4/2026

14/2/2026

Ngày Cá tháng Tư năm 2026

Thứ Bảy

4/4/2026

17/2/2026

Ngày Quốc tế Nhận thức bom mìn và Hỗ trợ bằng hành động chống bom mìn năm 2026

Chủ Nhật

5/4/2026

18/2/2026

Tết Thanh minh năm 2026

Thứ Ba

7/4/2026

20/2/2026

Ngày Y tế Thế giới năm 2026

Thứ Ba

14/4/2026

27/2/2026

Tết Dân tộc Khmer Nam Bộ năm 2026

Thứ Tư

22/4/2026

6/3/2026

Ngày Trái đất năm 2026

Thứ Năm

23/4/2026

7/3/2026

Ngày Sách và Bản quyền Thế giới năm 2026

Chủ Nhật

26/4/2026

10/3/2026

Ngày Sở hữu trí tuệ thế giới năm 2026

Thứ Năm

30/4/2026

14/3/2026

Ngày giải phóng miền Nam năm 2026

Thứ Sáu

1/5/2026

15/3/2026

Ngày Quốc tế Lao động năm 2026

Chủ Nhật

3/5/2026

17/3/2026

Ngày Tự do Báo chí thế giới năm 2026

Thứ Ba

5/5/2026

19/3/2026

Ngày sinh Các - Mác năm 2026

Thứ Năm

7/5/2026

21/3/2026

Ngày chiến thắng Điện Biên Phủ năm 2026

Thứ Sáu

15/5/2026

29/3/2026

Ngày thành lập Đội Thiếu niên Tiền phong Hồ Chí Minh năm 2026

Chủ Nhật

17/5/2026

1/4/2026

Ngày Xã hội Thông tin Thế giới năm 2026

Thứ Ba

19/5/2026

3/4/2026

Ngày sinh chủ tịch Hồ Chí Minh năm 2026

Thứ Năm

21/5/2026

5/4/2026

Ngày Thế giới về Đa dạng Văn hóa vì Đối thoại và Phát triển năm 2026

Thứ Sáu

22/5/2026

6/4/2026

Ngày quốc tế Đa dạng sinh học năm 2026

Thứ Sáu

29/5/2026

13/4/2026

Ngày Quốc tế Gìn giữ hòa bình Liên Hiệp Quốc năm 2026

Chủ Nhật

31/5/2026

15/4/2026

Ngày Thế giới không thuốc lá năm 2026

Thứ Hai

1/6/2026

16/4/2026

Ngày Quốc tế thiếu nhi năm 2026

Thứ Năm

4/6/2026

19/4/2026

Ngày Quốc tế của trẻ em vô tội và là nạn nhân bị xâm lược năm 2026

Thứ Sáu

5/6/2026

20/4/2026

Ngày Môi trường Thế giới năm 2026

Thứ Tư

17/6/2026

3/5/2026

Ngày Thế giới chống sa mạc hóa và hạn hán năm 2026

Thứ Bảy

20/6/2026

6/5/2026

Ngày Tị nạn Thế giới năm 2026

Chủ Nhật

21/6/2026

7/5/2026

Ngày báo chí Việt Nam năm 2026

Thứ Ba

23/6/2026

9/5/2026

Ngày Dịch vụ Công cộng Liên Hiệp Quốc năm 2026

Chủ Nhật

28/6/2026

14/5/2026

Ngày gia đình Việt Nam năm 2026

Thứ Năm

2/7/2026

18/5/2026

Quốc hội Khóa VI quyết nghị lấy tên nước là Cộng hòa Xã hội Chủ nghĩa Việt Nam năm 2026

Thứ Hai

6/7/2026

22/5/2026

Ngày Hôn thế giới năm 2026

Thứ Bảy

11/7/2026

27/5/2026

Ngày dân số thế giới năm 2026

Thứ Tư

15/7/2026

2/6/2026

Ngày truyền thống Thanh niên xung phong năm 2026

Thứ Hai

27/7/2026

14/6/2026

Ngày Thương binh liệt sĩ năm 2026

Thứ Ba

28/7/2026

15/6/2026

Ngày thành lập công đoàn Việt Nam năm 2026

Chủ Nhật

9/8/2026

27/6/2026

Ngày Quốc tế của người thổ dân thế giới năm 2026

Thứ Tư

12/8/2026

30/6/2026

Ngày Quốc tế Thanh Thiếu niên năm 2026

Thứ Tư

19/8/2026

7/7/2026

Ngày tổng khởi nghĩa năm 2026

Chủ Nhật

23/8/2026

11/7/2026

Ngày Quốc tế tưởng niệm việc buôn bán nô lệ và việc hủy bỏ nó năm 2026

Thứ Ba

25/8/2026

13/7/2026

Bảo Đại thoái vị năm 2026

Chủ Nhật

30/8/2026

18/7/2026

Ngày sinh tỷ phú Warren Edward Buffett năm 2026

Thứ Ba

1/9/2026

20/7/2026

Chiến tranh thế giới thứ hai bùng nổ năm 2026

Thứ Tư

2/9/2026

21/7/2026

Ngày Quốc Khánh năm 2026

Thứ Năm

10/9/2026

29/7/2026

Ngày thành lập Mặt trận Tổ quốc Việt Nam năm 2026

Thứ Bảy

12/9/2026

2/8/2026

Chiến dịch Xô Viết Nghệ Tĩnh năm 2026

Thứ Ba

15/9/2026

5/8/2026

Ngày Quốc tế Dân chủ năm 2026

Thứ Tư

16/9/2026

6/8/2026

Ngày Quốc tế Bảo vệ Tầng ôzôn năm 2026

Chủ Nhật

20/9/2026

10/8/2026

Việt Nam gia nhập Liên Hiệp Quốc năm 2026

Thứ Hai

21/9/2026

11/8/2026

Ngày Quốc tế Hòa bình năm 2026

Thứ Tư

23/9/2026

13/8/2026

Ngày Nam Bộ kháng chiến năm 2026

Chủ Nhật

27/9/2026

17/8/2026

Khởi nghĩa Bắc Sơn năm 2026

Thứ Năm

1/10/2026

21/8/2026

Ngày quốc tế người cao tuổi năm 2026

Thứ Sáu

2/10/2026

22/8/2026

Ngày Quốc tế bất bạo động năm 2026

Chủ Nhật

4/10/2026

24/8/2026

Ngày Động vật thế giới năm 2026

Thứ Hai

5/10/2026

25/8/2026

Ngày Nhà giáo thế giới năm 2026

Thứ Sáu

9/10/2026

29/8/2026

Ngày Bưu chính Thế giới năm 2026

Thứ Ba

13/10/2026

4/9/2026

Ngày doanh nhân Việt Nam năm 2026

Thứ Tư

14/10/2026

5/9/2026

Ngày thành lập Hội Nông dân Việt Nam năm 2026

Thứ Năm

15/10/2026

6/9/2026

Ngày truyền thống Hội liên hiệp Thanh niên Việt Nam năm 2026

Thứ Sáu

16/10/2026

7/9/2026

Ngày Lương thực thế giới năm 2026

Thứ Bảy

17/10/2026

8/9/2026

Ngày quốc tế xóa nghèo năm 2026

Thứ Ba

20/10/2026

11/9/2026

Ngày Phụ nữ Việt Nam năm 2026

Thứ Bảy

31/10/2026

22/9/2026

Ngày Hallowen năm 2026

Thứ Hai

9/11/2026

1/10/2026

Ngày pháp luật Việt Nam năm 2026

Thứ Sáu

20/11/2026

12/10/2026

Ngày Nhà giáo Việt Nam năm 2026

Thứ Hai

23/11/2026

15/10/2026

Ngày thành lập Hội chữ thập đỏ Việt Nam năm 2026

Thứ Bảy

28/11/2026

20/10/2026

Ngày Lâm nghiệp Việt Nam năm 2026

Thứ Ba

1/12/2026

23/10/2026

Ngày thế giới phòng chống AIDS năm 2026

Thứ Tư

2/12/2026

24/10/2026

Ngày Quốc tế Giải phóng Nô lệ năm 2026

Thứ Hai

7/12/2026

29/10/2026

Ngày Hàng không Dân dụng Quốc tế năm 2026

Thứ Tư

9/12/2026

1/11/2026

Ngày Quốc tế chống Tham nhũng năm 2026

Thứ Bảy

19/12/2026

11/11/2026

Ngày toàn quốc kháng chiến năm 2026

Thứ Ba

22/12/2026

14/11/2026

Ngày thành lập quân đội nhân dân Việt Nam năm 2026

Thứ Năm

24/12/2026

16/11/2026

Lễ Giáng sinh (Noen) năm 2026

Danh sách các ngày lễ Âm lịch 2026

Thứ

Âm lịch

Dương lịch

Tên ngày lễ

Thứ Ba

1/1/2026

17/2/2026

Tết Nguyên Đán năm 2026

Thứ Sáu

4/1/2026

20/2/2026

Lễ hội Đồng Kỵ (Bắc Ninh) năm 2026

Thứ Bảy

5/1/2026

21/2/2026

Lễ hội gò Đống Đa năm 2026

Chủ Nhật

6/1/2026

22/2/2026

Hội Gióng Sóc Sơn (Hà Nội), Khai hội chùa Hương năm 2026

Thứ Hai

7/1/2026

23/2/2026

Hội chợ Viềng (Nam Định), Lễ hội đầm Ô Loan (Phú Yên) năm 2026

Thứ Ba

8/1/2026

24/2/2026

Lễ hội đền Vua Bà (Hòa Bình) năm 2026

Thứ Tư

9/1/2026

25/2/2026

Lễ hội Đức Chí Tôn (Tây Ninh) năm 2026

Thứ Năm

10/1/2026

26/2/2026

Khai hội Yên Tử (Quảng Ninh) năm 2026

Chủ Nhật

13/1/2026

1/3/2026

Hội Lim (Tiên Du - Bắc Ninh) năm 2026

Thứ Hai

14/1/2026

2/3/2026

Lễ hội Bà Chúa Kho (Bắc Ninh) năm 2026

Thứ Ba

15/1/2026

3/3/2026

Tết Nguyên tiêu năm 2026

Thứ Năm

17/1/2026

5/3/2026

Lễ hội chọi trâu (Vĩnh Phúc) năm 2026

Chủ Nhật

27/1/2026

15/3/2026

Lễ Cầu tháng Giêng (Phú Thọ) năm 2026

Thứ Hai

28/1/2026

16/3/2026

Hội làng Bùi (Bắc Ninh) năm 2026

Thứ Sáu

2/2/2026

20/3/2026

Lễ hội Chùa Trầm năm 2026

Thứ Năm

8/2/2026

26/3/2026

Hội làng Long Khám (Bắc Ninh) năm 2026

Thứ Bảy

10/2/2026

28/3/2026

Lễ hội đình Yên Phụ (Hà Nội) năm 2026

Thứ Hai

12/2/2026

30/3/2026

Hội chọi trâu Phù Ninh (Phú Thọ), Lễ hội Làng rèn Tây Phương Danh (Bình Định) năm 2026

Thứ Ba

13/2/2026

31/3/2026

Lễ hội Hoa Ban (Lai Châu) năm 2026

Thứ Tư

14/2/2026

1/4/2026

Lễ hội chùa Vĩnh Nghiêm (Bắc Giang) năm 2026

Thứ Hai

19/2/2026

6/4/2026

Lễ hội Quan Thế Âm (Đà Nẵng) năm 2026

Thứ Năm

22/2/2026

9/4/2026

Hội đình Trúc Tay (Bắc Giang) năm 2026

Thứ Ba

27/2/2026

14/4/2026

Hội chùa Sàn (Lục Nam, Bắc Giang) năm 2026

Chủ Nhật

3/3/2026

19/4/2026

Tết Hàn thực năm 2026

Thứ Tư

6/3/2026

22/4/2026

Lễ hội Cố đô Hoa Lư (Ninh Bình) năm 2026

Thứ Năm

7/3/2026

23/4/2026

Lễ hội chùa Thầy (Hà Nội) năm 2026

Thứ Bảy

9/3/2026

25/4/2026

Lễ hội Nam Trì (Hưng Yên) năm 2026

Chủ Nhật

10/3/2026

26/4/2026

Giỗ tổ Hùng Vương năm 2026

Thứ Sáu

15/3/2026

1/5/2026

Hội làng Đông Hồ (Bắc Ninh) năm 2026

Thứ Hai

18/3/2026

4/5/2026

Hội Đậu (Bắc Ninh) năm 2026

Thứ Bảy

23/3/2026

9/5/2026

Hội chùa Bút Tháp (Bắc Ninh) năm 2026

Thứ Tư

27/3/2026

13/5/2026

Hội thả chim bồ câu (Bắc Ninh) năm 2026

Chủ Nhật

1/4/2026

17/5/2026

Lễ hội làng cá Cát Bà (Hải Phòng) năm 2026

Chủ Nhật

8/4/2026

24/5/2026

Lễ hội chùa Dâu (Bắc Ninh) năm 2026

Thứ Hai

9/4/2026

25/5/2026

Hội Gióng Phù Đổng (Hà Nội) năm 2026

Thứ Ba

10/4/2026

26/5/2026

Hội làng Cựu Ấp (Vĩnh Phúc) năm 2026

Thứ Bảy

14/4/2026

30/5/2026

Tết Dân tộc Khmer năm 2026

Chủ Nhật

15/4/2026

31/5/2026

Lễ Phật Đản năm 2026

Thứ Sáu

5/5/2026

19/6/2026

Tết Đoan Ngọ năm 2026

Thứ Ba

9/5/2026

23/6/2026

Lễ hội đình Châu Phú (An Giang) năm 2026

Thứ Tư

10/5/2026

24/6/2026

Lễ hội cúng biển Mỹ Long (Trà Vinh) năm 2026

Chủ Nhật

14/5/2026

28/6/2026

Lễ hội đình – đền Chèm (Hà Nội) năm 2026

Thứ Ba

1/6/2026

14/7/2026

Lễ hội đình Trà Cổ (Quảng Ninh) năm 2026

Thứ Năm

10/6/2026

23/7/2026

Hội kéo ngựa gỗ (Hải Phòng) năm 2026

Thứ Tư

7/7/2026

19/8/2026

Lễ Thất Tịch năm 2026

Thứ Năm

15/7/2026

27/8/2026

Lễ Vu Lan, Tết Trung nguyên năm 2026

Thứ Sáu

1/8/2026

11/9/2026

Tết Katê năm 2026

Thứ Hai

4/8/2026

14/9/2026

Lễ hội Đình Châm Khê (Bắc Ninh) năm 2026

Thứ Bảy

9/8/2026

19/9/2026

Lễ hội chọi trâu (Đồ Sơn, Hải Phòng) năm 2026

Chủ Nhật

10/8/2026

20/9/2026

Hội Thị Cầu (Bắc Ninh) năm 2026

Thứ Sáu

15/8/2026

25/9/2026

Tết Trung Thu năm 2026

Chủ Nhật

9/9/2026

18/10/2026

Tết Trùng Cửu năm 2026

Thứ Năm

13/9/2026

22/10/2026

Lễ hội chùa Keo (Thái Bình) năm 2026

Thứ Năm

20/9/2026

29/10/2026

Hội đền Bắc Lệ (Lạng Sơn) năm 2026

Thứ Bảy

29/9/2026

7/11/2026

Hội Đại Bái (Bắc Ninh) năm 2026

Thứ Tư

10/10/2026

18/11/2026

Tết Trùng Thập năm 2026

Thứ Hai

15/10/2026

23/11/2026

Tết Hạ Nguyên (Tết cơm mới) năm 2026

Thứ Tư

8/11/2026

16/12/2026

Hội chùa Canh Bầu (Bắc Giang) năm 2026

Thứ Sáu

10/11/2026

18/12/2026

Tết cơm mới của người La Hủ (Lai Châu) năm 2026

Thứ Ba

14/11/2026

22/12/2026

Lễ hội đền Nguyễn Công Trứ (Ninh Bình) năm 2026

Thứ Tư

15/11/2026

23/12/2026

Hội Đình Phường Bông (Nam Định) năm 2026

Thứ Bảy

25/11/2026

2/1/2027

Hội Vân Lệ (Thanh Hóa) năm 2026

Thứ Ba

12/12/2026

19/1/2027

Hội Mậu Lân (Vĩnh Phúc) năm 2026

Thứ Bảy

23/12/2026

30/1/2027

Ông Táo chầu trời năm 2026

Thứ Năm

28/12/2026

4/2/2027

Hội Bạch Lưu (Vĩnh Phúc) năm 2026

* Trên đây là Thông tin Lịch nghỉ lễ 2026 - Tổng hợp các ngày lễ 2026 ở Việt Nam chi tiết ra sao?

Lịch nghỉ lễ 2026 - Tổng hợp các ngày lễ 2026 ở Việt Nam chi tiết ra sao? (Hình từ Internet)

Căn cứ khoản 3 Điều 63 Nghị định 145/2020/NĐ-CP có quy định về ca làm việc và tổ chức làm việc theo ca như sau:

Như vậy, tổ chức làm việc theo ca là việc bố trí ít nhất 02 người hoặc 02 nhóm người thay phiên nhau làm việc trên cùng một vị trí làm việc, tính trong thời gian 01 ngày (24 giờ liên tục).

Căn cứ theo khoản 2 Điều 113 Bộ luật Lao động 2019 quy định về nghỉ hằng năm như sau:

Như vậy, theo quy định trên thì người lao động làm việc chưa đủ 12 tháng thì số ngày nghỉ hằng năm được tính theo tỷ lệ tương ứng với số tháng làm việc.

Điều 63. Ca làm việc và tổ chức làm việc theo ca

1. Ca làm việc là khoảng thời gian làm việc của người lao động từ khi bắt đầu nhận nhiệm vụ cho đến khi kết thúc và bàn giao nhiệm vụ cho người khác, bao gồm cả thời gian làm việc và thời gian nghỉ giữa giờ.

2. Tổ chức làm việc theo ca là việc bố trí ít nhất 02 người hoặc 02 nhóm người thay phiên nhau làm việc trên cùng một vị trí làm việc, tính trong thời gian 01 ngày (24 giờ liên tục).

[....]

Điều 113. Nghỉ hằng năm

[.....]

2. Người lao động làm việc chưa đủ 12 tháng cho một người sử dụng lao động thì số ngày nghỉ hằng năm theo tỷ lệ tương ứng với số tháng làm việc.

[....]","so-huu-tri-tue","","","","2026-05-20T00:00:00","https://thuvienphapluat.vn/hoi-dap-phap-luat/lich-nghi-le-2026--tong-hop-cac-ngay-le-2026-o-viet-nam-chi-tiet-ra-sao-138051550.html","2026-05-21T20:18:40.973589+00:00"
"138057531","Lịch Vạn niên 2027 - Lịch âm 2027 - Lịch dương 2027 chi tiết, đầy đủ 365 ngày tương ứng âm và dương?","Lịch Vạn niên 2027 - Lịch âm 2027 - Lịch dương 2027 chi tiết, đầy đủ 365 ngày tương ứng âm và dương?

Người lao động được nghỉ việc riêng mà vẫn hưởng nguyên lương khi nào?

Chính sách của Nhà nước về lao động cụ thể ra sao?

Căn cứ Điều 112 Bộ luật Lao động 2019 quy định về nghỉ lễ, tết như sau:

Theo Bộ luật Lao động 2019, người lao động được nghỉ Tết Âm lịch tối thiểu 5 ngày. Hằng năm, căn cứ vào tình hình thực tế, Thủ tướng Chính phủ sẽ quyết định cụ thể lịch nghỉ Tết.

Lịch Vạn niên 2027 - Lịch âm 2027 - Lịch dương 2027, tết Âm lịch 2027 sẽ rơi vào các ngày sau:

- Mùng 1 Tết Nguyên Đán 2027 sẽ rơi vào Thứ bảy, ngày 06 tháng 02 năm 2027 dương lịch.

- Mùng 2 Tết Nguyên Đán 2027 sẽ rơi vào Chủ nhật, ngày 07 tháng 02 năm 2027 dương lịch.

- Mùng 3 Tết Nguyên Đán 2027 sẽ rơi vào Thứ hai, ngày 08 tháng 02 năm 2027 dương lịch.

Dưới đây là Lịch Vạn niên 2027 - Lịch âm 2027 - Lịch dương 2027 chi tiết, đầy đủ 365 ngày tương ứng âm và dương:

Lịch Tháng 1 năm 2027

Lịch Tháng 2 năm 2027

Lịch Tháng 3 năm 2027

Lịch Tháng 4 năm 2027

Lịch Tháng 5 năm 2027

Lịch Tháng 6 năm 2027

Lịch Tháng 7 năm 2027

Lịch Tháng 8 năm 2027

Lịch Tháng 9 năm 2027

Lịch Tháng 10 năm 2027

Lịch Tháng 11 năm 2027

Lịch Tháng 12 năm 2027

* Trên đây là Thông tin Lịch Vạn niên 2027 - Lịch âm 2027 - Lịch dương 2027 chi tiết, đầy đủ 365 ngày tương ứng âm và dương?

Lịch Vạn niên 2027 - Lịch âm 2027 - Lịch dương 2027 chi tiết, đầy đủ 365 ngày tương ứng âm và dương? (Hình từ Internet)

Căn cứ Điều 115 Bộ luật Lao động 2019 quy định nghỉ việc riêng, nghỉ không hưởng lương:

Theo quy định trên, người lao động được nghỉ việc riêng mà vẫn hưởng nguyên lương các ngày sau:

- Kết hôn: nghỉ 03 ngày

- Con đẻ, con nuôi kết hôn: nghỉ 01 ngày

- Cha đẻ, mẹ đẻ, cha nuôi, mẹ nuôi; cha đẻ, mẹ đẻ, cha nuôi, mẹ nuôi của vợ hoặc chồng; vợ hoặc chồng; con đẻ, con nuôi chết: nghỉ 03 ngày

Lưu ý: Người lao động phải báo cáo lý do nghỉ việc riêng cho người sử dụng lao động biết và được người sử dụng lao động đồng ý.

Người sử dụng lao động không bảo đảm cho người lao động nghỉ việc riêng thì có thể bị phạt tiền.

Căn cứ Điều 4 Bộ luật Lao động 2019 quy định chính sách của Nhà nước về lao động như sau:

- Bảo đảm quyền và lợi ích hợp pháp, chính đáng của người lao động, người làm việc không có quan hệ lao động; khuyến khích những thỏa thuận bảo đảm cho người lao động có điều kiện thuận lợi hơn so với quy định của pháp luật về lao động.

- Bảo đảm quyền và lợi ích hợp pháp của người sử dụng lao động, quản lý lao động đúng pháp luật, dân chủ, công bằng, văn minh và nâng cao trách nhiệm xã hội.

- Tạo điều kiện thuận lợi đối với hoạt động tạo việc làm, tự tạo việc làm, dạy nghề và học nghề để có việc làm; hoạt động sản xuất, kinh doanh thu hút nhiều lao động; áp dụng một số quy định của Bộ luật này đối với người làm việc không có quan hệ lao động.

- Có chính sách phát triển, phân bố nguồn nhân lực; nâng cao năng suất lao động; đào tạo, bồi dưỡng và nâng cao trình độ, kỹ năng nghề cho người lao động; hỗ trợ duy trì, chuyển đổi nghề nghiệp, việc làm cho người lao động; ưu đãi đối với người lao động có trình độ chuyên môn, kỹ thuật cao đáp ứng yêu cầu của cách mạng công nghiệp, sự nghiệp công nghiệp hóa, hiện đại hóa đất nước.

- Có chính sách phát triển thị trường lao động, đa dạng các hình thức kết nối cung, cầu lao động.

- Thúc đẩy người lao động và người sử dụng lao động đối thoại, thương lượng tập thể, xây dựng quan hệ lao động tiến bộ, hài hòa và ổn định.

- Bảo đảm bình đẳng giới; quy định chế độ lao động và chính sách xã hội nhằm bảo vệ lao động nữ, lao động là người khuyết tật, người lao động cao tuổi, lao động chưa thành niên.

Điều 112. Nghỉ lễ, tết

1. Người lao động được nghỉ làm việc, hưởng nguyên lương trong những ngày lễ, tết sau đây:

a) Tết Dương lịch: 01 ngày (ngày 01 tháng 01 dương lịch);

b) Tết Âm lịch: 05 ngày;

[...]

Điều 115. Nghỉ việc riêng, nghỉ không hưởng lương

1. Người lao động được nghỉ việc riêng mà vẫn hưởng nguyên lương và phải thông báo với người sử dụng lao động trong trường hợp sau đây:

a) Kết hôn: nghỉ 03 ngày;

b) Con đẻ, con nuôi kết hôn: nghỉ 01 ngày;

c) Cha đẻ, mẹ đẻ, cha nuôi, mẹ nuôi; cha đẻ, mẹ đẻ, cha nuôi, mẹ nuôi của vợ hoặc chồng; vợ hoặc chồng; con đẻ, con nuôi chết: nghỉ 03 ngày.

2. Người lao động được nghỉ không hưởng lương 01 ngày và phải thông báo với người sử dụng lao động khi ông nội, bà nội, ông ngoại, bà ngoại, anh, chị, em ruột chết; cha hoặc mẹ kết hôn; anh, chị, em ruột kết hôn.

3. Ngoài quy định tại khoản 1 và khoản 2 Điều này, người lao động có thể thỏa thuận với người sử dụng lao động để nghỉ không hưởng lương.","so-huu-tri-tue","","","","2026-05-20T00:00:00","https://thuvienphapluat.vn/hoi-dap-phap-luat/lich-van-nien-2027--lich-am-2027--lich-duong-2027-chi-tiet-day-du-365-ngay-tuong-ung-am-va-duong-138057531.html","2026-05-21T20:18:50.965103+00:00"
"138066888","Chính thức đã có lịch nghỉ lễ Quốc khánh 2/9/2026 cho người lao động?","Chính thức đã có lịch nghỉ lễ Quốc khánh 2/9/2026 cho người lao động?

Năm 2026 kỷ niệm bao nhiêu năm Quốc khánh nước Cộng hòa XHCN Việt Nam?

Người lao động được nghỉ hưởng nguyên lương mấy ngày vào dịp lễ Quốc khánh 2 tháng 9?

Xem thêm:

>>> Kéo dài lịch nghỉ Giỗ tổ hùng vương, 30/4 và 1/5 9 ngày liên tục năm 2026 khi nào?

Căn cứ theo Thông báo 9441/TB-BNV năm 2025 về việc nghỉ tết Âm lịch, nghỉ lễ Quốc khánh năm 2026 đối với cán bộ, công chức viên chức và người lao động như sau:

Như vậy, lịch nghỉ lễ Quốc Khánh 2/9/2026 cho người lao động cụ thể như sau:

- Đối với cán bộ, công chức, viên chức và người lao động của các cơ quan hành chính, sự nghiệp, tổ chức chính trị, tổ chức chính trị - xã hội:

+ 05 ngày từ thứ Bảy ngày 29/8/2026 đến hết thứ Tư ngày 2/9/2026.

- Đối với người lao động ngoài khu vực nhà nước (không thuộc đối tượng nêu tại khoản 1 Thông báo 9441/TB-BNV năm 2025):

+ Người sử dụng lao động quyết định lựa chọn 01 trong 02 phương án nghỉ lễ Quốc khánh 2026 sau:

[1] Nghỉ thứ Tư ngày 02/9/2026 và thứ Ba ngày 01/9/2026

[2] Nghỉ thứ Tư ngày 02/9/2026 và thứ Năm ngày 03/9/2026 Dương lịch.

Xem thêm:

>>> Kỷ niệm 100 năm Quốc khánh nước Cộng hòa XHCN Việt Nam là năm bao nhiêu?

>>> Chính thức lịch nghỉ lễ Quốc khánh 2026 kéo dài 5 ngày liên tiếp đúng không?

*Trên đây là nội dung thông tin về Chính thức đã có lịch nghỉ lễ Quốc khánh 2 9 2026 cho người lao động?

Chính thức đã có lịch nghỉ lễ Quốc khánh 2 9 2026 cho người lao động? (Hình từ Internet)

Căn cứ theo Điều 4 Nghị định 145/2013/NĐ-CP quy định về các ngày lễ lớn như sau:

Theo đó, ngày 2 tháng 9 năm 1945 là Ngày Quốc khánh nước Cộng hòa xã hội chủ nghĩa Việt Nam.

Như vậy, năm 2026 kỷ niệm 81 năm Quốc khánh nước Cộng hòa XHCN Việt Nam.

Căn cứ theo Điều 112 Bộ luật Lao động 2019 quy định về nghỉ lễ, tết như sau:

Như vậy, người lao động được nghỉ hưởng nguyên lương 02 ngày vào dịp lễ Quốc khánh 2 tháng 9 (ngày 02 tháng 9 dương lịch và 01 ngày liền kề trước hoặc sau).

[...]

2. Công chức, viên chức được nghỉ dịp lễ Quốc khánh năm 2026 như sau: Nghỉ 02 ngày theo quy định gồm ngày 02/9/2026 Dương lịch và 01 ngày liền kề trước là ngày 01/9/2026 Dương lịch; Hoán đổi từ ngày làm việc thứ Hai ngày 31/8/2026 Dương lịch sang ngày nghỉ hằng tuần thứ Bảy ngày 22/8/2026 Dương lịch (nghỉ thứ Hai ngày 31/8/2026 và làm bù vào ngày thứ Bảy ngày 22/8/2026).

[...]

6. Đối với người lao động không thuộc đối tượng quy định tại khoản 1 Thông báo này, người sử dụng lao động quyết định lựa chọn phương án nghỉ tết Âm lịch, nghỉ lễ Quốc khánh năm 2026 như sau:

- Dịp tết Âm lịch: Lựa chọn nghỉ 01 ngày cuối năm Ất Tỵ và 04 ngày đầu năm Bính Ngọ hoặc 02 ngày cuối năm Ất Tỵ và 03 ngày đầu năm Bính Ngọ hoặc 03 ngày cuối năm Ất Tỵ và 02 ngày đầu năm Bính Ngọ.

- Dịp lễ Quốc khánh: Nghỉ thứ Tư ngày 02/9/2026 Dương lịch và lựa chọn nghỉ 01 trong 02 ngày: thứ Ba ngày 01/9/2026 hoặc thứ Năm ngày 03/9/2026 Dương lịch.

- Thông báo phương án nghỉ tết Âm lịch và nghỉ lễ Quốc khánh năm 2026 cho người lao động trước khi thực hiện ít nhất 30 ngày.

- Nếu ngày nghỉ hằng tuần trùng với ngày nghỉ lễ, tết quy định tại khoản 1 Điều 112 của Bộ luật Lao động thì người lao động được nghỉ bù ngày nghỉ hằng tuần vào ngày làm việc kế tiếp theo quy định tại khoản 3 Điều 111 Bộ luật Lao động.

- Khuyến khích người sử dụng lao động áp dụng thời gian nghỉ tết Âm lịch, nghỉ lễ Quốc khánh năm 2026 cho người lao động như quy định đối với công chức, viên chức; Khuyến khích những thỏa thuận có lợi hơn cho người lao động.

[...]

Điều 4. Các ngày lễ lớn

Các ngày lễ lớn trong nước bao gồm:

1. Ngày Tết Nguyên đán (01 tháng Giêng Âm lịch).

2. Ngày thành lập Đảng Cộng sản Việt Nam (03-02-1930).

3. Ngày Giỗ Tổ Hùng Vương (10-3 Âm lịch).

4. Ngày Giải phóng miền Nam, thống nhất đất nước (30-4-1975).

5. Ngày Chiến thắng Điện Biên Phủ (07-5-1954).

6. Ngày sinh Chủ tịch Hồ Chí Minh (19-5-1890).

7. Ngày Cách mạng Tháng Tám (19-8-1945) và Ngày Quốc khánh nước Cộng hòa xã hội chủ nghĩa Việt Nam (02-9-1945).

Điều 112. Nghỉ lễ, tết

1. Người lao động được nghỉ làm việc, hưởng nguyên lương trong những ngày lễ, tết sau đây:

a) Tết Dương lịch: 01 ngày (ngày 01 tháng 01 dương lịch);

b) Tết Âm lịch: 05 ngày;

c) Ngày Chiến thắng: 01 ngày (ngày 30 tháng 4 dương lịch);

d) Ngày Quốc tế lao động: 01 ngày (ngày 01 tháng 5 dương lịch);

đ) Quốc khánh: 02 ngày (ngày 02 tháng 9 dương lịch và 01 ngày liền kề trước hoặc sau);

e) Ngày Giỗ Tổ Hùng Vương: 01 ngày (ngày 10 tháng 3 âm lịch).

2. Lao động là người nước ngoài làm việc tại Việt Nam ngoài các ngày nghỉ theo quy định tại khoản 1 Điều này còn được nghỉ thêm 01 ngày Tết cổ truyền dân tộc và 01 ngày Quốc khánh của nước họ.

3. Hằng năm, căn cứ vào điều kiện thực tế, Thủ tướng Chính phủ quyết định cụ thể ngày nghỉ quy định tại điểm b và điểm đ khoản 1 Điều này.","so-huu-tri-tue","","","","2026-05-20T00:00:00","https://thuvienphapluat.vn/hoi-dap-phap-luat/chinh-thuc-da-co-lich-nghi-le-quoc-khanh-292026-cho-nguoi-lao-dong-138066888.html","2026-05-21T20:19:00.053723+00:00"
"138090921","Chính thức bỏ kê khai thuế TNCN tháng 4/2026 chuyển sang kê khai quý 2 ra sao?","Chính thức bỏ kê khai thuế TNCN tháng 4/2026 chuyển sang kê khai quý 2 ra sao?

Tải mẫu tờ khai thuế TNCN tháng/quý Mẫu 05 KK TNCN ở đâu?

Mức giảm trừ gia cảnh áp dụng khi quyết toán thuế TNCN trong năm 2026 là bao nhiêu?

>>> Hiểu thế nào bỏ kê khai thuế TNCN theo tháng từ năm 2026?

>>> Bỏ tờ khai thuế TNCN tháng 5/2026 thay bằng tờ khai quý 2/2026 đúng không?

>>> THÔNG TIN quan trọng về Tờ khai 05/KK-TNCN theo TT80 khi bỏ kê khai theo tháng chuyển sang quý thế nào?

>>> Tờ khai 05/KK-TNCN tháng 4, 5, 6/2026 chính thức bỏ khai theo tháng chuyển sang kê khai quý 2/2026 ra sao?

>>> Quyết định 1109/QĐ-BTC năm 2026 bỏ kê khai thuế TNCN tháng 4/2026 chuyển sang kê khai quý 2 quy định cụ thể ra sao?

>>> Hạn nộp tờ khai thuế TNCN quý 2 năm 2026 là khi nào?

>>> Doanh thu bao nhiêu thì khai thuế TNCN tháng theo thủ tục tại Quyết định 1109 năm 2026?

***

>>> Kê khai thuế TNCN theo quý thì có khai thuế GTGT theo quý không?

>>> Đã nộp tiền thuế tháng 4 2026 thì xử lý như thế nào khi bỏ khai thuế TNCN theo tháng?

>>> Xử lý tờ khai thuế TNCN tháng 4/2026 đã nộp khi bỏ kê khai thuế TNCN theo tháng như thế nào?

***

>>> Hiểu thế nào về bỏ TTHC 2002235 khai thuế TNCN tháng theo quy định mới nhất?

Xem thêm:

>>> Bỏ TTHC 2.002235 kê khai quý/tháng bỏ kê khai tháng thì kê khai thuế TNCN theo trình tự nào?

>>> CHÍNH THỨC bỏ tờ khai thuế TNCN tháng 4-5-6/2026 thay bằng tờ khai quý 2/2026 đúng hay không?

>>> Hướng dẫn thủ tục khai thuế TNCN tháng 4-5-6/2026 theo thủ tục mới sau khi bỏ khai tháng ra sao?

>>> Hướng dẫn sửa lỗi kỳ kê khai tháng không được phép nộp tờ khai, vui lòng chọn lại kỳ kê khai phù hợp ra sao?

>>> Chính thức bỏ kê khai thuế TNCN tháng 4/2026 chuyển sang kê khai quý 2 ra sao?

Căn cứ Quyết định 1109/QĐ-BTC năm 2026 của Bộ Tài chính về việc công bố thủ tục hành chính được sửa đổi, bổ sung, bãi bỏ trong lĩnh vực quản lý thuế, hải quan thuộc phạm vi chức năng quản lý của Bộ Tài chính.

Đối với thủ tục hành chính nộp tờ khai thuế TNCN tháng Tờ khai 05 KK TNCN Mã [2.002235] được sửa đổi như sau:

Khai thuế thu nhập cá nhân quý của tổ chức, cá nhân trả thu nhập khấu trừ thuế đối với tiền lương, tiền công (Mã số TTHC 2.002235)

- Trình tự thực hiện:

+Bước 1.

++ Tổ chức, cá nhân trả thu nhập có phát sinh khấu trừ thuế chuẩn bị hồ sơ khai thuế, gửi đến cơ quan Thuế. Thời hạn nộp hồ sơ khai thuế quý chậm nhất là ngày cuối cùng của tháng đầu tiên của quý tiếp theo quý phát sinh nghĩa vụ thuế. Nếu ngày cuối cùng trùng ngày nghi/lễ, hạn cuối cùng được chuyển sang ngày làm việc tiếp theo.

(Thủ tục đăng ký chứng từ khấu trừ thuế TNCN được thực hiện riêng theo quy định tại Nghị định 70/2025/NĐ-CP của Chính phủ).

+ Bước 2. Cơ quan thuế tiếp nhận:

++ Trường hợp hồ sơ được nộp trực tiếp tại cơ quan thuế hoặc hồ sơ được gửi qua đường bưu chính: cơ quan thuế thực hiện tiếp nhận, giải quyết hồ sơ theo quy định.

++ Trường hợp hồ sơ được nộp thông qua giao dịch điện tử, việc tiếp nhận, kiểm tra, chấp nhận, giải quyết hồ sơ (và trả kết quả nếu có kết quả) thông qua hệ thống xử lý dữ liệu điện tử của cơ quan thuế

- Cách thức thực hiện:

+ Trực tiếp: Tại TTPVHCC cấp tỉnh, xã

+Thông qua dịch vụ bưu chính công ích theo quy định của Thủ tướng Chính phủ, qua thuê dịch vụ của doanh nghiệp, cá nhân hoặc qua ủy quyền theo quy định của pháp luật;

+ Trực tuyến: Qua Cổng dịch vụ công quốc gia

- Thành phần, số lượng hồ sơ:

+ Thành phần hồ sơ gồm:

++ Tờ khai thuế thu nhập cá nhân (áp dụng đối với tổ chức, cá nhân trả các khoản thu nhập từ tiền lương, tiền công) mẫu số 05/KK-TNCN theo Phụ lục I - Danh mục hồ sơ khai thuế ban hành kèm theo Nghị định số 126/2020/NĐ-CP ngày 19/10/2020 của Chính phủ và Phụ lục II - Mẫu biểu hồ sơ khai thuế ban hành kèm theo Thông tư số 80/2021/TT-BTC ngày 29/9/2021/TT-BTC của Bộ trưởng Bộ Tài chính.

++ Phụ lục bảng xác định số thuế thu nhập cá nhân phải nộp cho các địa phương được hưởng nguồn thu mẫu số 05-1/PBT-KK-TNCN theo Phụ lục I - Danh mục hồ sơ khai thuế ban hành kèm theo Nghị định số 126/2020/NĐ-CP ngày 19/10/2020 của Chính phủ và Phụ lục II - Mẫu biểu hồ sơ khai thuế ban hành theo Thông tư 80/2021/TT-BTC

>> Như vậy, theo nội dung sửa đổi tại Quyết định 1109/QĐ-BTC năm 2026, việc kê khai thuế TNCN theo tháng đối với Tờ khai mẫu 05/KK-TNCN đã được chuyển sang thực hiện theo quý. Theo đó, doanh nghiệp, tổ chức trả thu nhập phát sinh khấu trừ thuế trong tháng 4/2026 sẽ thực hiện kê khai gộp vào quý II/2026 và nộp hồ sơ khai thuế chậm nhất vào ngày cuối cùng của tháng đầu tiên của quý tiếp theo theo quy định.

Chính thức bỏ kê khai thuế TNCN tháng 4/2026 chuyển sang kê khai quý 2 ra sao? (Hình từ Internet)

Tờ khai thuế thu nhập cá nhân với thu nhập từ tiền lương, tiền công hiện đang áp dụng Mẫu 05/KK-TNCN ban hành kèm theo Thông tư 80/2021/TT-BTC được sửa đổi bởi điểm g khoản 7 Điều 1 Thông tư 40/2025/TT-BTC, có dạng như sau:

>> Tải mẫu tờ khai thuế TNCN Tờ khai 05 KK TNCN: TẢI VỀ

Ghi chú:

- Tờ khai này chỉ áp dụng đối với tổ chức, cá nhân phát sinh trả thu nhập từ tiền lương, tiền công cho cá nhân trong tháng/quý, không phân biệt có phát sinh khấu trừ thuế hay không phát sinh khấu trừ thuế.

- Kỳ khai thuế theo tháng áp dụng đối với tổ chức, cá nhân trả thu nhập có tổng doanh thu bán hàng hóa và cung cấp dịch vụ của năm trước liền kề trên 50 tỷ đồng hoặc trường hợp tổ chức, cá nhân trả thu nhập lựa chọn khai thuế theo tháng.

- Kỳ khai thuế theo quý áp dụng đối với tổ chức, cá nhân trả thu nhập có tổng doanh thu bán hàng hóa và cung cấp dịch vụ của năm trước liền kề từ 50 tỷ đồng trở xuống, bao gồm cả tổ chức, cá nhân trả thu nhập không phát sinh doanh thu bán hàng hóa và cung cấp dịch vụ.

Tại tiểu mục 1 Mục A Công văn 1296/CT-NVT năm 2026 có hướng dẫn mức giảm trừ gia cảnh như sau:

Đối với kỳ quyết toán 2025 người nộp thuế thực hiện quyết toán TNCN trong năm 2026 áp dụng mức giảm trừ gia cảnh được xác định theo quy định tại Nghị quyết 954/2020/UBTVQH14 năm 2020 của Ủy ban Thường vụ Quốc hội, cụ thể như sau:

+ Mức giảm trừ đối với đối tượng nộp thuế là 11 triệu đồng/tháng (132 triệu đồng/năm);

+ Mức giảm trừ đối với mỗi người phụ thuộc là 4,4 triệu đồng/tháng.

Tại kỳ tính thuế này người nộp thuế chưa được áp dụng mức giảm trừ gia cảnh theo Nghị quyết 110/2025/UBTVQH15 năm 2026 (Mức 15,5 triệu đồng/tháng đối với NTT và 6,2 triệu đồng/tháng đối với người phụ thuộc)","so-huu-tri-tue","","","","2026-05-20T00:00:00","https://thuvienphapluat.vn/hoi-dap-phap-luat/chinh-thuc-bo-ke-khai-thue-tncn-thang-42026-chuyen-sang-ke-khai-quy-2-ra-sao-138090921.html","2026-05-21T20:19:09.377170+00:00"
"138059892","Lịch thi THPT quốc gia 2026: diễn ra vào ngày 11/6-12/6/2026 (dự kiến) đúng không?","Lịch thi THPT quốc gia 2026: diễn ra vào ngày 11/6-12/6/2026 (dự kiến) đúng không?

Đối tượng dự thi THPT quốc gia gồm những ai?

Đối tượng được đặc cách thi THPT quốc gia gồm những ai?

Căn cứ Điều 1 Quyết định 2269/QĐ-BGDĐT năm 2025 TẢI VỀ như sau:

Như vậy, lịch thi THPT quốc gia 2026 dự kiến diễn ra trong ngày 11 và ngày 12 tháng 6 năm 2026.

Căn cứ tại Tiểu mục 1 Mục 1 Công văn 1257/BGDĐT-QLCL năm 2026 kỳ thi tốt nghiệp THPT 2026 chính thức sẽ diễn ra vào ngày 11/6/2026 và ngày 12/6/2026.

Trên đây là thông tin về ""Lịch thi THPT quốc gia 2026: diễn ra vào ngày 11/6-12/6/2026 (dự kiến) đúng không?"".

Hệ thống Group Hỗ Trợ thi THPT 2026: Cập nhật thủ tục + thông tin + đề ôn + đề thi:

- Nhóm Tổng hợp + Tỉnh, thành: Tại đây

- Nhóm Môn Thi: Tại đây

- Nhóm Ôn Thi Theo Khối: Tại đây

- Nhóm Điểm Chuẩn: Tại đây

Lịch thi THPT quốc gia 2026: diễn ra vào ngày 11/6-12/6/2026 (dự kiến) đúng không? (Hình từ Internet)

Theo khoản 1 Điều 19 Quy chế thi tốt nghiệp trung học phổ thông ban hành kèm theo Thông tư 24/2024/TT-BGDĐT quy định như sau:

Theo đó, đối tượng dự thi THPT quốc gia gồm:

- Người đã hoàn thành Chương trình GDPT/GDTX trong năm tổ chức kỳ thi;

- Người đã hoàn thành Chương trình GDPT/GDTX nhưng chưa tốt nghiệp THPT ở những năm trước;

- Người đã có Bằng tốt nghiệp THPT dự thi để lấy kết quả làm cơ sở đăng ký xét tuyển sinh;

- Người đã có Bằng tốt nghiệp trung cấp dự thi để lấy kết quả làm cơ sở đăng ký xét tuyển sinh.

Theo Điều 40 Quy chế thi tốt nghiệp trung học phổ thông ban hành kèm theo Thông tư 24/2024/TT-BGDĐT quy định về đối tượng được đặc cách thi THPT quốc gia như sau:

(1) Người học được xét đặc cách tốt nghiệp THPT trong trường hợp bị tai nạn, bị ốm hoặc có việc đột xuất đặc biệt trước ngày thi không quá 10 ngày hoặc ngay trong buổi thi đầu tiên, không thể dự thi và thuộc các đối tượng dưới đây:

- Người đã hoàn thành Chương trình GDPT/GDTX trong năm tổ chức kỳ thi;

- Người đã hoàn thành Chương trình GDPT/GDTX nhưng chưa tốt nghiệp THPT ở những năm trước;

(2) Người học được xét đặc cách tốt nghiệp THPT trong trường hợp bị tai nạn, bị ốm hay có việc đột xuất đặc biệt sau khi đã thi ít nhất một bài thi và không thể tiếp tục dự thi hoặc sau khi bị tai nạn, bị ốm hay có việc đột xuất đặc biệt tự nguyện dự thi số bài thi còn lại và thuộc các đối tượng dưới đây:

- Người đã hoàn thành Chương trình GDPT/GDTX trong năm tổ chức kỳ thi;

- Người đã hoàn thành Chương trình GDPT/GDTX nhưng chưa tốt nghiệp THPT ở những năm trước;

(3) Các đối tượng là vận động viên đủ điều kiện được xét đặc cách tốt nghiệp THPT:

- Vận động viên đang học tập tại các cơ sở giáo dục, cơ sở giáo dục nghề nghiệp được triệu tập vào đội tuyển thể thao quốc gia, đội tuyển thể thao của các tỉnh, thành phố trực thuộc trung ương, các ngành để tập huấn và thi đấu thì được cơ quan sử dụng vận động viên chi trả học phí theo quy định của pháp luật.

- Vận động viên đạt thành tích xuất sắc trong các giải thi đấu thể thao quốc gia hoặc quốc tế được xét đặc cách tốt nghiệp trung học cơ sở, trung học phổ thông nếu thời gian thi trùng với thời gian vận động viên tập huấn ở nước ngoài hoặc tham dự thi đấu tại các giải thể thao quốc tế.

Điều 1. Ban hành khung kế hoạch thời gian năm học 2025 - 2026 đối với giáo dục mầm non, giáo dục phổ thông và giáo dục thường xuyên áp dụng trong toàn quốc như sau:

1. Tựu trường sớm nhất trước 01 tuần so với ngày tổ chức khai giảng. Riêng đối với lớp 1, lớp 9, lớp 12 tựu trường sớm nhất trước 02 tuần so với ngày tổ chức khai giảng.

2. Tổ chức khai giảng vào ngày 05 tháng 9 năm 2025.

3. Kết thúc học kỳ I trước ngày 18 tháng 01 năm 2026, hoàn thành chương trình và kết thúc năm học trước ngày 31 tháng 5 năm 2026.

4. Xét công nhận hoàn thành chương trình tiểu học và xét công nhận tốt nghiệp trung học cơ sở trước ngày 30 tháng 6 năm 2026.

5. Hoàn thành tuyển sinh các lớp đầu cấp trước ngày 31 tháng 7 năm 2026.

6. Thi tốt nghiệp trung học phổ thông năm 2026 dự kiến diễn ra trong ngày 11 và ngày 12 tháng 6 năm 2026.

7. Các kỳ thi cấp quốc gia khác được tổ chức theo quy định và hướng dẫn của Bộ Giáo dục và Đào tạo.

[...]

Điều 19. Đối tượng, điều kiện dự thi

1. Đối tượng dự thi gồm:

a) Người đã hoàn thành Chương trình GDPT/GDTX trong năm tổ chức kỳ thi;

b) Người đã hoàn thành Chương trình GDPT/GDTX nhưng chưa tốt nghiệp THPT ở những năm trước;

c) Người đã có Bằng tốt nghiệp THPT dự thi để lấy kết quả làm cơ sở đăng ký xét tuyển sinh;

d) Người đã có Bằng tốt nghiệp trung cấp dự thi để lấy kết quả làm cơ sở đăng ký xét tuyển sinh.

2. Điều kiện dự thi:

a) Các đối tượng dự thi phải ĐKDT và nộp đầy đủ các giấy tờ đúng thời hạn;

b) Đối tượng quy định tại điểm d khoản 1 Điều này phải bảo đảm đã học và thi đạt yêu cầu đủ khối lượng kiến thức văn hóa THPT theo quy định của Luật Giáo dục và các văn bản hướng dẫn hiện hành của Bộ GDĐT.","so-huu-tri-tue","","","","2026-05-20T00:00:00","https://thuvienphapluat.vn/hoi-dap-phap-luat/lich-thi-thpt-quoc-gia-2026-dien-ra-vao-ngay-1161262026-du-kien-dung-khong-138059892.html","2026-05-21T20:19:18.288426+00:00"
"138062956","Lịch nghỉ lễ 2027 - Tổng hợp các ngày lễ 2027 ở Việt Nam chi tiết ra sao?","Lịch nghỉ lễ 2027 - Tổng hợp các ngày lễ 2027 ở Việt Nam chi tiết ra sao?

Nghỉ giải lao theo tính chất của công việc có được tính vào thời giờ làm việc được hưởng lương không?

Cách tính ngày nghỉ hằng năm trong một số trường hợp đặc biệt được quy định cụ thể ra sao?

Lịch nghỉ lễ 2027 - Tổng hợp các ngày lễ 2027 ở Việt Nam chi tiết dưới đây:

Các ngày nghỉ lễ được hưởng nguyên lương trong năm 2027

Căn cứ Điều 112 Bộ luật Lao động 2019 quy định về nghỉ lễ, tết, năm 2027 người lao động được nghỉ các ngày lễ, tết sau đây:

(1) Tết Dương lịch: 01 ngày (ngày 01 tháng 01 dương lịch);

(2) Tết Âm lịch: 05 ngày;

(3) Ngày Chiến thắng: 01 ngày (ngày 30 tháng 4 dương lịch);

(4) Ngày Quốc tế lao động: 01 ngày (ngày 01 tháng 5 dương lịch);

(5) Quốc khánh: 02 ngày (ngày 02 tháng 9 dương lịch và 01 ngày liền kề trước hoặc sau);

(6) Ngày Giỗ Tổ Hùng Vương: 01 ngày (ngày 10 tháng 3 âm lịch).

Lưu ý: Hằng năm, căn cứ vào điều kiện thực tế, sẽ có quyết định cụ thể ngày nghỉ Tết Âm lịch và Quốc khánh.

Các ngày lễ, sự kiện khác trong năm tại Việt Nam và quốc tế

Tên ngày lễ

Ngày

Ông Táo chầu trời

30 tháng 1, 2027

Chiến thắng Ngọc Hồi - Đống Đa

10 tháng 2, 2027

Ngày thành lập Đảng

3 tháng 2, 2027

Tết Nguyên Tiêu

20 tháng 2, 2027

Quốc tế Phụ nữ

8 tháng 3, 2027

Ngày Sách Việt Nam

21 tháng 4, 2027

Ngày Chiến thắng Điện Biện Phủ

7 tháng 5, 2027

Lễ Phật đản

20 tháng 5, 2027

Ngày sinh Chủ tịch Hồ Chí Minh

19 tháng 5, 2027

Tết Đoan ngọ

9 tháng 6, 2027

Ngày quốc tế Thiếu nhi

1 tháng 6, 2027

Ngày Gia đình Việt Nam

28 tháng 6, 2027

Ngày Thương Binh Liệt Sĩ

27 tháng 7, 2027

Ngày cách mạng Tháng Tám

19 tháng 8, 2027

Rằm Tháng Bảy, Vu Lan

16 tháng 8, 2027

Tết Trung thu

15 tháng 9, 2027

Ngày giải phóng Thủ Đô

10 tháng 10, 2027

Ngày Phụ nữ Việt Nam

20 tháng 10, 2027

Ngày Nhà giáo Việt Nam

20 tháng 11, 2027

Ngày hội Quốc phòng Toàn dân

22 tháng 12, 2027

[...]

* Trên đây là Thông tin Lịch nghỉ lễ 2027 - Tổng hợp các ngày lễ 2027 ở Việt Nam chi tiết ra sao?

Lịch nghỉ lễ 2027 - Tổng hợp các ngày lễ 2027 ở Việt Nam chi tiết ra sao? (Hình từ Internet)

Căn cứ Điều 58 Nghị định 145/2020/NĐ-CP có quy định thời giờ được tính vào thời giờ làm việc được hưởng lương như sau:

Như vậy, theo quy định, nghỉ giải lao theo tính chất của công việc thuộc một trong những trường hợp được tính vào thời giờ làm việc được hưởng lương.

Căn cứ Điều 66 Nghị định 145/2020/NĐ-CP, cách tính ngày nghỉ hằng năm trong một số trường hợp đặc biệt như sau:

- Số ngày nghỉ hằng năm của người lao động làm việc chưa đủ 12 tháng theo quy định tại khoản 2 Điều 113 Bộ luật Lao động 2019 được tính như sau: lấy số ngày nghỉ hằng năm cộng với số ngày được nghỉ tăng thêm theo thâm niên (nếu có), chia cho 12 tháng, nhân với số tháng làm việc thực tế trong năm để tính thành số ngày được nghỉ hằng năm.

- Trường hợp người lao động làm việc chưa đủ tháng, nếu tổng số ngày làm việc và ngày nghỉ có hưởng lương của người lao động (nghỉ lễ, tết, nghỉ hằng năm, nghỉ việc riêng có hưởng lương theo Điều 112, Điều 113, Điều 114 và Điều 115 Bộ luật Lao động 2019) chiếm tỷ lệ từ 50% số ngày làm việc bình thường trong tháng theo thỏa thuận thì tháng đó được tính là 01 tháng làm việc để tính ngày nghỉ hằng năm.

- Toàn bộ thời gian người lao động làm việc tại các cơ quan, tổ chức, đơn vị thuộc khu vực nhà nước và doanh nghiệp nhà nước được tính là thời gian làm việc để tính ngày nghỉ hằng năm tăng thêm theo quy định tại Điều 114 Bộ luật Lao động 2019 nếu người lao động tiếp tục làm việc tại các cơ quan, tổ chức, đơn vị thuộc khu vực nhà nước và doanh nghiệp nhà nước.

Điều 58. Thời giờ được tính vào thời giờ làm việc được hưởng lương

1. Nghỉ giữa giờ quy định khoản 2 Điều 64 Nghị định này.

2. Nghỉ giải lao theo tính chất của công việc.

3. Nghỉ cần thiết trong quá trình lao động đã được tính trong định mức lao động cho nhu cầu sinh lý tự nhiên của con người.

4. Thời giờ nghỉ đối với lao động nữ khi mang thai hoặc nuôi con dưới 12 tháng tuổi, trong thời gian hành kinh theo quy định tại khoản 2 và khoản 4 Điều 137 của Bộ luật Lao động.

5. Thời giờ phải ngừng việc không do lỗi của người lao động.

6. Thời giờ hội họp, học tập, tập huấn do yêu cầu của người sử dụng lao động hoặc được người sử dụng lao động đồng ý.

7. Thời giờ người học nghề, tập nghề trực tiếp hoặc tham gia lao động theo quy định tại khoản 5 Điều 61 của Bộ luật Lao động.

8. Thời giờ mà người lao động là thành viên ban lãnh đạo của tổ chức đại diện người lao động tại cơ sở được sử dụng để thực hiện nhiệm vụ theo quy định tại khoản 2 và khoản 3 Điều 176 của Bộ luật Lao động.

9. Thời giờ khám sức khỏe, khám phát hiện bệnh nghề nghiệp, giám định y khoa để xác định mức độ suy giảm khả năng lao động do tai nạn lao động, bệnh nghề nghiệp, nếu thời giờ đó được thực hiện theo sự bố trí hoặc do yêu cầu của người sử dụng lao động.

10. Thời giờ đăng ký, khám, kiểm tra sức khỏe nghĩa vụ quân sự, nếu thời giờ đó được hưởng nguyên lương theo quy định của pháp luật về nghĩa vụ quân sự.","so-huu-tri-tue","","","","2026-05-20T00:00:00","https://thuvienphapluat.vn/hoi-dap-phap-luat/lich-nghi-le-2027--tong-hop-cac-ngay-le-2027-o-viet-nam-chi-tiet-ra-sao-138062956.html","2026-05-21T20:19:52.080787+00:00"
"138091384","CHÍNH THỨC bỏ tờ khai thuế TNCN tháng 4-5-6/2026 thay bằng tờ khai quý 2/2026 đúng hay không?","CHÍNH THỨC bỏ tờ khai thuế TNCN tháng 4-5-6/2026 thay bằng tờ khai quý 2/2026 đúng hay không?

Hạn chót nộp tờ khai thuế TNCN tháng 4 2026 là khi nào?

Hạn chót nộp tờ khai thuế TNCN quý 2 2026 là khi nào?

>>> Hiểu thế nào về bỏ TTHC 2002235 khai thuế TNCN tháng theo quy định mới nhất?

Xem thêm:

>>> Bỏ TTHC 2.002235 kê khai quý/tháng bỏ kê khai tháng thì kê khai thuế TNCN theo trình tự nào?

>>> Tờ khai 05/KK-TNCN tháng 4, 5, 6/2026 chính thức bỏ khai theo tháng chuyển sang kê khai quý 2/2026 ra sao?

>>> CHÍNH THỨC bỏ tờ khai thuế TNCN tháng 4-5-6/2026 thay bằng tờ khai quý 2/2026 đúng hay không?

>>> Hướng dẫn thủ tục khai thuế TNCN tháng 4-5-6/2026 theo thủ tục mới sau khi bỏ khai tháng ra sao?

>>> Hướng dẫn sửa lỗi kỳ kê khai tháng không được phép nộp tờ khai, vui lòng chọn lại kỳ kê khai phù hợp ra sao?

>>> Chính thức bỏ kê khai thuế TNCN tháng 4/2026 chuyển sang kê khai quý 2 ra sao?

Ngày 08/05/2026 Bộ Tài chính đã ban hành Quyết định 1109/QĐ-BTC năm 2026 công bố thủ tục hành chính được sửa đổi, bổ sung, bãi bỏ trong lĩnh vực quản lý thuế, hải quan

Theo đó đã sửa đổi bổ sung Thủ tục hành chính 2.002235 Khai thuế thu nhập cá nhân tháng/quý của tỔ chức, cá nhân trả thu nhập khấu trừ thuế đối với tiền lương, tiền công

Theo thủ tục trên thì không còn kê khai theo tháng, theo đó CHÍNH THỨC bỏ tờ khai thuế TNCN tháng và thay bằng tờ khai quý từ ngày 8/5/2026.

Như vậy đối với khai thuế TNCN tháng 4-5-6 năm 2026 sẽ được chuyển sang thành khai thuế TNCN quý 2 năm 2026.

*Bài viết CHÍNH THỨC bỏ tờ khai thuế TNCN tháng 4-5-6/2026 thay bằng tờ khai quý 2/2026 đúng hay không?

CHÍNH THỨC bỏ tờ khai thuế TNCN tháng 4 5 6 2026 thay bằng tờ khai quý 2 2026 đúng hay không? (Hình từ Internet)

Căn cứ tại khoản 1 Điều 44 Luật Quản lý thuế 2019 quy định về thời hạn nộp hồ sơ khai thuế cụ thể như sau:

Như vậy, hạn chót nộp tờ khai thuế TNCN tháng 4 2026 là ngày 20/5/2026.

Căn cứ tại điểm b khoản 1 Điều 44 Luật Quản lý thuế 2019 quy định về thời hạn nộp hồ sơ khai thuế cụ thể như sau:

Hạn chót nộp tờ khai thuế TNCN quý 2 2026 là 31/7/2026.

*Bài viết CHÍNH THỨC bỏ tờ khai thuế TNCN tháng 4 5 6 2026 thay bằng tờ khai quý 2 2026 đúng hay không?

6. Khai thuế thu nhập cá nhân quý của tổ chức, cá nhân trả thu nhập khấu trừ thuế đối với tiền lương, tiền công (Mã số TTHC 2.002235)

- Trình tự thực hiện:

+Bước 1.

++ Tổ chức, cá nhân trả thu nhập có phát sinh khấu trừ thuế chuẩn bị hồ sơ khai thuế, gửi đến cơ quan Thuế. Thời hạn nộp hồ sơ khai thuế quý chậm nhất là ngày cuối cùng của tháng đầu tiên của quý tiếp theo quý phát sinh nghĩa vụ thuế. Nếu ngày cuối cùng trùng ngày nghỉ lễ, hạn cuối cùng được chuyển sang ngày làm việc tiếp theo.

(Thủ tục đăng ký chứng từ khấu trừ thuế TNCN được thực hiện riêng theo quy định tại Nghị định 70/2025/NĐ-CP của Chính phủ).

[...]

Điều 44. Thời hạn nộp hồ sơ khai thuế

1. Thời hạn nộp hồ sơ khai thuế đối với loại thuế khai theo tháng, theo quý được quy định như sau:

a) Chậm nhất là ngày thứ 20 của tháng tiếp theo tháng phát sinh nghĩa vụ thuế đối với trường hợp khai và nộp theo tháng;

b) Chậm nhất là ngày cuối cùng của tháng đầu của quý tiếp theo quý phát sinh nghĩa vụ thuế đối với trường hợp khai và nộp theo quý.

2. Thời hạn nộp hồ sơ khai thuế đối với loại thuế có kỳ tính thuế theo năm được quy định như sau:

a) Chậm nhất là ngày cuối cùng của tháng thứ 3 kể từ ngày kết thúc năm dương lịch hoặc năm tài chính đối với hồ sơ quyết toán thuế năm; chậm nhất là ngày cuối cùng của tháng đầu tiên của năm dương lịch hoặc năm tài chính đối với hồ sơ khai thuế năm;

b) Chậm nhất là ngày cuối cùng của tháng thứ 4 kể từ ngày kết thúc năm dương lịch đối với hồ sơ quyết toán thuế thu nhập cá nhân của cá nhân trực tiếp quyết toán thuế;

c) Chậm nhất là ngày 15 tháng 12 của năm trước liền kề đối với hồ sơ khai thuế khoán của hộ kinh doanh, cá nhân kinh doanh nộp thuế theo phương pháp khoán; trường hợp hộ kinh doanh, cá nhân kinh doanh mới kinh doanh thì thời hạn nộp hồ sơ khai thuế khoán chậm nhất là 10 ngày kể từ ngày bắt đầu kinh doanh.

[...]

Điều 44. Thời hạn nộp hồ sơ khai thuế

1. Thời hạn nộp hồ sơ khai thuế đối với loại thuế khai theo tháng, theo quý được quy định như sau:

a) Chậm nhất là ngày thứ 20 của tháng tiếp theo tháng phát sinh nghĩa vụ thuế đối với trường hợp khai và nộp theo tháng;

b) Chậm nhất là ngày cuối cùng của tháng đầu của quý tiếp theo quý phát sinh nghĩa vụ thuế đối với trường hợp khai và nộp theo quý.

2. Thời hạn nộp hồ sơ khai thuế đối với loại thuế có kỳ tính thuế theo năm được quy định như sau:

a) Chậm nhất là ngày cuối cùng của tháng thứ 3 kể từ ngày kết thúc năm dương lịch hoặc năm tài chính đối với hồ sơ quyết toán thuế năm; chậm nhất là ngày cuối cùng của tháng đầu tiên của năm dương lịch hoặc năm tài chính đối với hồ sơ khai thuế năm;

b) Chậm nhất là ngày cuối cùng của tháng thứ 4 kể từ ngày kết thúc năm dương lịch đối với hồ sơ quyết toán thuế thu nhập cá nhân của cá nhân trực tiếp quyết toán thuế;

c) Chậm nhất là ngày 15 tháng 12 của năm trước liền kề đối với hồ sơ khai thuế khoán của hộ kinh doanh, cá nhân kinh doanh nộp thuế theo phương pháp khoán; trường hợp hộ kinh doanh, cá nhân kinh doanh mới kinh doanh thì thời hạn nộp hồ sơ khai thuế khoán chậm nhất là 10 ngày kể từ ngày bắt đầu kinh doanh.

[...]","so-huu-tri-tue","","","","2026-05-20T00:00:00","https://thuvienphapluat.vn/hoi-dap-phap-luat/chinh-thuc-bo-to-khai-thue-tncn-thang-4562026-thay-bang-to-khai-quy-22026-dung-hay-khong-138091384.html","2026-05-21T20:20:03.971124+00:00"
"138070046","Xem lịch âm tháng 3 năm 2026 - Lịch vạn niên tháng 3 năm 2026 đầy đủ, chi tiết, mới nhất ra sao? Tháng 3 2026 có ngày lễ lớn nào không?","Xem lịch âm tháng 3 năm 2026 - Lịch vạn niên tháng 3 năm 2026 đầy đủ, chi tiết, mới nhất ra sao? Tháng 3 2026 có ngày lễ lớn nào không?

Người lao động được kiểm tra, giám sát việc trích nộp kinh phí công đoàn tại nơi làm việc không?

Người lao động được tham gia ý kiến về những nội dung nào?

Xem lịch âm tháng 3 năm 2026 - Lịch vạn niên tháng 3 năm 2026 đầy đủ, chi tiết, mới nhất dưới đây:

Lịch Tháng 3 năm 2026

Lịch Tháng 4 năm 2026

Lịch Tháng 5 năm 2026

Có thể thấy:

Theo lịch vạn niên, Tháng 3 năm 2026 âm lịch bao gồm 30 ngày. Trong đó:

- Ngày 01/3/2026 âm lịch sẽ rơi vào ngày 17/4/2026 dương lịch (Thứ sáu)

- Ngày 30/3/2026 âm lịch là ngày 16/5/2026 dương lịch (Thứ bảy).

Ngoài ra, Tháng 3 năm 2026 dương lịch bao gồm 31 ngày, cụ thể:

- Ngày 01/3/2026 dương lịch rơi vào Chủ nhật nhằm ngày 13/1/2026 âm lịch.

- Ngày 31/3/2026 dương lịch rơi vào Thứ ba nhằm ngày 13/2/2026 âm lịch.

Ngoài ra, tại Điều 4 Nghị định 145/2013/NĐ-CP có quy định về các ngày lễ lớn như sau:

Như vậy, trong tháng 3 năm 2026 theo dương lịch, nước ta không có ngày lễ lớn nào. Tuy nhiên, theo lịch âm, nước ta có Ngày Giỗ Tổ Hùng Vương (10-3 Âm lịch) là ngày lễ lớn.

* Trên đây là Thông tin Xem lịch âm tháng 2 năm 2026 - Lịch vạn niên tháng 2 năm 2026 đầy đủ, chi tiết, mới nhất ra sao? Tháng 2 2026 có ngày lễ lớn nào không?

Xem thêm:

>>> Lịch Vạn niên 2026 - Lịch âm 2026 - Lịch dương 2026 chi tiết, đầy đủ 365 ngày tương ứng âm và dương?

>>> Xem lịch âm tháng 1 năm 2026 - Lịch vạn niên tháng 1 năm 2026 đầy đủ, chi tiết, mới nhất ra sao? Tháng 1 2026 có ngày lễ lớn nào không?

Xem lịch âm tháng 3 năm 2026 - Lịch vạn niên tháng 3 năm 2026 đầy đủ, chi tiết, mới nhất ra sao? Tháng 3 2026 có ngày lễ lớn nào không? (Hình từ Internet)

Căn cứ theo Điều 46 Nghị định 145/2020/NĐ-CP quy định nội dung, hình thức người lao động được kiểm tra, giám sát như sau:

Như vậy, theo quy định, người lao động có quyền kiểm tra, giám sát việc trích nộp kinh phí công đoàn tại nơi làm việc.

Tại khoản 1 Điều 44 Nghị định 145/2020/NĐ-CP quy định người lao động được tham gia ý kiến về những nội dung sau:

- Xây dựng, sửa đổi, bổ sung nội quy, quy chế và các văn bản quy định khác của người sử dụng lao động liên quan đến quyền, nghĩa vụ và lợi ích của người lao động;

- Xây dựng, sửa đổi, bổ sung thang lương, bảng lương, định mức lao động; đề xuất nội dung thương lượng tập thể;

- Đề xuất, thực hiện giải pháp tiết kiệm chi phí, nâng cao năng suất lao động, cải thiện điều kiện làm việc, bảo vệ môi trường, phòng chống cháy nổ;

- Nội dung khác liên quan đến quyền, nghĩa vụ và lợi ích của người lao động theo quy định của pháp luật.

Đồng thời, những nội dung quy định tại khoản 1 Điều 44 Nghị định 145/2020/NĐ-CP mà pháp luật quy định cụ thể hình thức người lao động tham gia ý kiến thì thực hiện theo quy định đó; trường hợp pháp luật không quy định cụ thể hình thức thì người lao động căn cứ vào đặc điểm sản xuất, kinh doanh, tổ chức lao động, nội dung người lao động được tham gia ý kiến và quy chế dân chủ ở cơ sở tại nơi làm việc để lựa chọn hình thức sau đây:

- Tham gia ý kiến trực tiếp hoặc thông qua tổ chức đại diện người lao động tại cơ sở, nhóm đại diện đối thoại của người lao động tại hội nghị người lao động, đối thoại tại nơi làm việc;

- Gửi góp ý, kiến nghị trực tiếp;

- Hình thức khác mà pháp luật không cấm.

Điều 4. Các ngày lễ lớn

Các ngày lễ lớn trong nước bao gồm:

1. Ngày Tết Nguyên đán (01 tháng Giêng Âm lịch).

2. Ngày thành lập Đảng Cộng sản Việt Nam (03-02-1930).

3. Ngày Giỗ Tổ Hùng Vương (10-3 Âm lịch).

4. Ngày Giải phóng miền Nam, thống nhất đất nước (30-4-1975).

5. Ngày Chiến thắng Điện Biên Phủ (07-5-1954).

6. Ngày sinh Chủ tịch Hồ Chí Minh (19-5-1890).

7. Ngày Cách mạng Tháng Tám (19-8-1945) và Ngày Quốc khánh nước Cộng hòa xã hội chủ nghĩa Việt Nam (02-9-1945).

Điều 46. Nội dung, hình thức người lao động được kiểm tra, giám sát

1. Người lao động được kiểm tra, giám sát những nội dung sau:

a) Việc thực hiện hợp đồng lao động và thỏa ước lao động tập thể;

b) Việc thực hiện nội quy lao động, quy chế và các văn bản quy định khác của người sử dụng lao động liên quan đến quyền, nghĩa vụ và lợi ích của người lao động;

c) Việc sử dụng quỹ khen thưởng, quỹ phúc lợi, các quỹ do người lao động đóng góp;

d) Việc trích nộp kinh phí công đoàn, đóng bảo hiểm xã hội, bảo hiểm y tế, bảo hiểm thất nghiệp của người sử dụng lao động;

đ) Việc thực hiện thi đua, khen thưởng, kỷ luật, giải quyết khiếu nại, tố cáo liên quan đến quyền, nghĩa vụ và lợi ích của người lao động.

2. Hình thức kiểm tra, giám sát của người lao động thực hiện theo quy định của pháp luật.","so-huu-tri-tue","","","","2026-05-18T00:00:00","https://thuvienphapluat.vn/hoi-dap-phap-luat/xem-lich-am-thang-3-nam-2026--lich-van-nien-thang-3-nam-2026-day-du-chi-tiet-moi-nhat-ra-sao-thang--138070046.html","2026-05-21T20:19:40.534933+00:00"
"138090833","Việc phát triển hệ sinh thái và thị trường trí tuệ nhân tạo được thực hiện theo các chính sách nào?","Việc phát triển hệ sinh thái và thị trường trí tuệ nhân tạo được thực hiện theo các chính sách nào?

Cơ quan nào là cơ quan đầu mối điều phối phát triển hệ sinh thái và thị trường trí tuệ nhân tạo?

Trách nhiệm của Bộ Khoa học và Công nghệ trong hoạt động trí tuệ nhân tạo?

Theo quy định tại khoản 2 Điều 38 Nghị định 142/2026/NĐ-CP thì Việc phát triển hệ sinh thái và thị trường trí tuệ nhân tạo được thực hiện theo các chính sách sau đây:

(1) Phát triển nguồn cung công nghệ trí tuệ nhân tạo thông qua việc tạo điều kiện tiếp cận và khai thác hạ tầng tính toán, dữ liệu và môi trường thử nghiệm có kiểm soát; thúc đẩy phát triển sản phẩm, dịch vụ trí tuệ nhân tạo có khả năng thương mại hóa;

(2) Kích thích cầu thị trường và mở rộng ứng dụng trí tuệ nhân tạo thông qua việc ưu tiên sử dụng sản phẩm, dịch vụ trí tuệ nhân tạo trong phạm vi các nhiệm vụ, dự án ứng dụng công nghệ thông tin, chuyển đổi số, phát triển chính phủ số, kinh tế số và cung cấp dịch vụ công theo quy định của pháp luật; khuyến khích triển khai các mô hình đặt hàng, mua sắm đổi mới sáng tạo và ứng dụng trí tuệ nhân tạo trong hoạt động quản lý nhà nước, sản xuất, kinh doanh và đời sống xã hội; kinh phí chi thường xuyên và chi đầu tư công được xem xét bố trí theo quy định của pháp luật về ngân sách nhà nước, pháp luật về đấu thầu và pháp luật có liên quan;

(3) Kết nối thị trường và thúc đẩy thương mại hóa sản phẩm, dịch vụ trí tuệ nhân tạo thông qua việc phát triển các nền tảng kết nối cung - cầu công nghệ; thúc đẩy hợp tác giữa doanh nghiệp, tổ chức khoa học và công nghệ, cơ sở giáo dục đại học và nhà đầu tư.

Ngoài ra, Doanh nghiệp công nghệ, doanh nghiệp nhỏ và vừa, doanh nghiệp khởi nghiệp sáng tạo, tổ chức khoa học và công nghệ, cơ sở giáo dục đại học tham gia phát triển, cung cấp hoặc ứng dụng sản phẩm, dịch vụ trí tuệ nhân tạo được ưu tiên trong triển khai các chính sách nêu trên theo quy định của pháp luật có liên quan.

Khoản 3 Điều 38 Nghị định 142/2026/NĐ-CP

Việc phát triển hệ sinh thái và thị trường trí tuệ nhân tạo được thực hiện theo các chính sách nào? (Hình từ Internet)

Theo quy định tại khoản 1 Điều 38 Nghị định 142/2026/NĐ-CP thì Bộ Khoa học và Công nghệ là cơ quan đầu mối điều phối phát triển hệ sinh thái và thị trường trí tuệ nhân tạo; có trách nhiệm công bố thông tin về năng lực hạ tầng, dữ liệu, chương trình, nhiệm vụ và nhu cầu ứng dụng trí tuệ nhân tạo trong khu vực công để kết nối cung - cầu và nâng cao hiệu quả sử dụng nguồn lực theo quy định của pháp luật.

Theo quy định tại Điều 41 Nghị định 142/2026/NĐ-CP thì Bộ Khoa học và Công nghệ là cơ quan đầu mối, chịu trách nhiệm trước Chính phủ thực hiện quản lý nhà nước về trí tuệ nhân tạo trên phạm vi cả nước và có các nhiệm vụ, quyền hạn sau đây:

(1) Tổ chức xây dựng, quản lý, vận hành Cổng thông tin điện tử một cửa về trí tuệ nhân tạo và Cơ sở dữ liệu quốc gia về hệ thống trí tuệ nhân tạo.

(2) Chủ trì, phối hợp với các bộ, cơ quan ngang bộ tổng hợp, xây dựng và trình Thủ tướng Chính phủ ban hành, cập nhật các danh mục sau đây:

- Danh mục hệ thống trí tuệ nhân tạo có rủi ro cao;

- Danh mục ứng dụng trí tuệ nhân tạo quan trọng trong các lĩnh vực thiết yếu.

(3) Tổ chức tiếp nhận, tổng hợp thông tin phục vụ quản lý nhà nước về trí tuệ nhân tạo thông qua cổng thông tin điện tử một cửa về trí tuệ nhân tạo, bao gồm:

- Thông báo phân loại rủi ro;

- Thông báo sự cố nghiêm trọng;

- Phản ánh, kiến nghị của tổ chức, cá nhân;

- Các nội dung khác theo quy định của Nghị định này.

Việc tiếp nhận, tổng hợp thông tin quy định tại khoản này không làm phát sinh nghĩa vụ báo cáo ngoài quy định của pháp luật.

(4) Ban hành, tổ chức hướng dẫn và kiểm tra việc thực hiện Khung đạo đức trí tuệ nhân tạo quốc gia theo quy định của pháp luật.

(5) Thực hiện quản lý nhà nước đối với hoạt động đánh giá sự phù hợp của hệ thống trí tuệ nhân tạo theo quy định của pháp luật.

(6) Chủ trì quản lý, điều phối việc kết nối, khai thác hạ tầng trí tuệ nhân tạo dùng chung do Nhà nước đầu tư phục vụ nghiên cứu, phát triển và đổi mới sáng tạo; phối hợp với Bộ Công an tham gia ý kiến thống nhất đối với các dự án đầu tư hạ tầng trí tuệ nhân tạo của các bộ, ngành, địa phương nhằm bảo đảm tránh đầu tư trùng lặp, lãng phí.

(7) Tổ chức thực hiện cơ chế thử nghiệm có kiểm soát đối với hệ thống trí tuệ nhân tạo thuộc thẩm quyền theo quy định của Nghị định này và pháp luật có liên quan.

(8) Tổ chức thực hiện các cơ chế hỗ trợ phát triển trí tuệ nhân tạo theo quy định của Nghị định này và pháp luật có liên quan.

(9) Chủ trì xây dựng, trình Chính phủ ban hành quy định về cơ chế tài chính, tổ chức và hoạt động của Quỹ phát triển trí tuệ nhân tạo quốc gia theo quy định của pháp luật.

(10) Tổ chức kiểm tra, giải quyết khiếu nại, tố cáo và xử lý vi phạm theo quy định của pháp luật.

(11) Ban hành các tiêu chuẩn, quy định, hướng dẫn chung cho hệ thống trí tuệ nhân tạo.

(12) Hướng dẫn về việc thực hiện chế độ thông tin, báo cáo định kỳ về tình hình phát triển, ứng dụng và quản lý trí tuệ nhân tạo.","so-huu-tri-tue","","","","2026-05-17T00:00:00","https://thuvienphapluat.vn/hoi-dap-phap-luat/viec-phat-trien-he-sinh-thai-va-thi-truong-tri-tue-nhan-tao-duoc-thuc-hien-theo-cac-chinh-sach-nao-138090833.html","2026-05-21T20:15:46.967599+00:00"
"138090832","Quy định về an ninh, an toàn kho bảo quản di sản tư liệu theo Thông tư 04/2025/TT-BVHTTDL ra sao?","Quy định về an ninh, an toàn kho bảo quản di sản tư liệu theo Thông tư 04/2025/TT-BVHTTDL ra sao?

Di sản tư liệu đã được ghi danh phải được bảo quản như thế nào?

Hoạt động quản lý, bảo vệ và phát huy giá trị di sản tư liệu được quy định thế nào?

Quy định về an ninh, an toàn kho bảo quản di sản tư liệu được quy định tại Điều 24 Thông tư 04/2025/TT-BVHTTDL, cụ thể như sau:

(1) Kho bảo quản di sản tư liệu phải thường xuyên kiểm tra các rủi ro an ninh, an toàn.

(2) Xây dựng quy trình kiểm tra, bảo trì định kỳ tối thiểu là 6 tháng/lần đối với toàn bộ thiết bị kỹ thuật, phần mềm quản lý kho, đặc biệt là hệ thống điện, nước và thiết bị bảo vệ.

(3) Xây dựng kế hoạch ứng phó khẩn cấp khi xảy ra các sự cố liên quan đến thiết bị kỹ thuật, đảm bảo sẵn sàng thay thế hoặc sửa chữa nhanh chóng để không ảnh hưởng đến điều kiện bảo quản di sản tư liệu.

(4) Nhân viên phụ trách kho và bảo trì các thiết bị kỹ thuật phải được đào tạo định kỳ về quy trình vận hành an toàn, nhận diện và khắc phục sự cố.

Quy định về an ninh, an toàn kho bảo quản di sản tư liệu theo Thông tư 04/2025/TT-BVHTTDL ra sao? (Hình từ Internet)

Theo quy định tại khoản 1 Điều 57 Luật Di sản văn hóa 2024 thì Di sản tư liệu đã được ghi danh phải được bảo quản như sau:

(1) Lập hồ sơ về hiện trạng di sản tư liệu và môi trường bảo quản;

(2) Bảo quản thường xuyên theo quy định chung và các quy định đặc thù đối với di sản tư liệu;

(3) Bảo quản phòng ngừa bằng các biện pháp để kịp thời ngăn ngừa và hạn chế sự hủy hoại tự nhiên do thiên nhiên hoặc con người gây ra đối với di sản tư liệu;

(4) Bảo quản trị liệu bằng các biện pháp khoa học, kỹ thuật và các biện pháp khác phù hợp nhằm loại trừ nguyên nhân gây hại và phục hồi một phần hư hỏng của di sản tư liệu;

(5) Chuyển dạng số, cập nhật, sao lưu trên hệ thống cơ sở dữ liệu quốc gia phục vụ hoạt động quản lý, bảo vệ và phát huy giá trị trên môi trường điện tử theo quy định của Luật Di sản văn hóa 2024, Luật Tiếp cận thông tin 2016, Luật Sở hữu trí tuệ 2005 và quy định khác của pháp luật có liên quan.

Lưu ý:

- Di sản tư liệu dạng âm thanh, hình ảnh phải được bảo quản trong kho đặc thù theo tiêu chuẩn về nhiệt độ và độ ẩm phù hợp với loại hình, chất liệu, bảo đảm chế độ kỹ thuật; được kiểm tra định kỳ, bảo quản, tu sửa theo quy định tại khoản 1 Điều 57 Luật Di sản văn hóa 2024 bằng thiết bị chuyên dụng, phù hợp theo quy định của Luật này và quy định khác của pháp luật có liên quan.

- Di sản tư liệu dạng số phải được lưu trữ bảo đảm yêu cầu về tiêu chuẩn, cấu trúc dữ liệu toàn vẹn, thống nhất, xác thực, đáp ứng về dung lượng, cập nhật trên hệ thống quản lý thông tin quốc gia, dữ liệu thường xuyên được sao lưu, bảo đảm an ninh, an toàn và khả năng truy cập trên môi trường điện tử theo quy định của Luật Di sản văn hóa 2024, Luật Tiếp cận thông tin 2016, Luật Sở hữu trí tuệ 2005 và quy định khác của pháp luật có liên quan.

- Di sản tư liệu thuộc sở hữu toàn dân thực hiện bảo quản theo quy định tại các khoản 1, 2, 3 và 4 Điều 57 Luật Di sản văn hóa 2024; đối với di sản tư liệu trong các danh mục của UNESCO còn phải xây dựng và triển khai phương án bảo vệ đặc biệt.

- Di sản tư liệu thuộc sở hữu chung và sở hữu riêng phải được bảo quản tại chỗ hoặc phù hợp với thực tế; được sự hỗ trợ, hướng dẫn từ các cơ quan nhà nước có chức năng liên quan tùy theo khả năng và tình hình thực tiễn bảo đảm việc bảo vệ và phát huy giá trị di sản tư liệu.

(Khoản 3, 4, 5, 6 Điều 57 Luật Di sản văn hóa 2024)

Hoạt động quản lý, bảo vệ và phát huy giá trị di sản tư liệu được quy định tại Điều 60 Luật Di sản văn hóa 2024, cụ thể như sau:

(1) Di sản tư liệu thuộc sở hữu toàn dân phải được quản lý, bảo vệ, phát huy giá trị trong các cơ quan, tổ chức có chức năng, nhiệm vụ phù hợp và không được kinh doanh, mua bán, trao đổi, tặng cho, thực hiện hình thức chuyển quyền sở hữu khác hoặc để thực hiện biện pháp bảo đảm nghĩa vụ dân sự.

(2) Di sản tư liệu thuộc hình thức sở hữu chung, sở hữu riêng được kinh doanh, mua bán, trao đổi, tặng cho, thực hiện hình thức chuyển quyền sở hữu khác, thực hiện biện pháp bảo đảm nghĩa vụ dân sự và để thừa kế ở trong nước theo quy định của Luật này và quy định khác của pháp luật có liên quan.

Khi chuyển quyền sở hữu di sản tư liệu thuộc sở hữu chung, sở hữu riêng, tổ chức, cá nhân sở hữu di sản tư liệu phải thông báo bằng văn bản đến cơ quan chuyên môn về văn hóa cấp tỉnh nơi đã đăng ký di sản tư liệu về chủ sở hữu mới.

(3) Di sản tư liệu trong Danh mục kiểm kê được bảo vệ và phát huy giá trị theo quy định tại các điều 57, 58, 59 và 60 Luật Di sản văn hóa 2024.

(4) Di sản tư liệu trong Danh mục quốc gia và các danh mục của UNESCO phải thực hiện đúng các cam kết về quản lý, bảo vệ và phát huy giá trị di sản tư liệu theo quy định của Luật Di sản văn hóa 2024, Luật Sở hữu trí tuệ 2005, quy định khác của pháp luật có liên quan và điều ước quốc tế mà nước Cộng hòa xã hội chủ nghĩa Việt Nam là thành viên.

(5) Di sản tư liệu được phát huy giá trị bằng các hình thức sau đây:

- Công bố, giới thiệu các danh mục kiểm kê di sản tư liệu, danh mục ghi danh di sản tư liệu, dự án và đề án liên quan đến bảo vệ và phát huy giá trị di sản tư liệu;

- Xuất bản ấn phẩm; trưng bày, triển lãm trực tiếp, trên môi trường điện tử và các hình thức khác;

- Trao đổi, liên kết, hợp tác và các hình thức khác theo quy định của pháp luật.

(6) Chính phủ quy định chi tiết (2)","so-huu-tri-tue","","","","2026-05-17T00:00:00","https://thuvienphapluat.vn/hoi-dap-phap-luat/quy-dinh-ve-an-ninh-an-toan-kho-bao-quan-di-san-tu-lieu-theo-thong-tu-042025ttbvhttdl-ra-sao-138090832.html","2026-05-21T20:15:51.759343+00:00"
"138090829","Hồ sơ kỹ thuật của hệ thống trí tuệ nhân tạo có rủi ro cao là gì?","Hồ sơ kỹ thuật của hệ thống trí tuệ nhân tạo có rủi ro cao là gì?

Công cụ hỗ trợ phân loại rủi ro tự động được quy định như thế nào?

Hồ sơ phân loại rủi ro của hệ thống trí tuệ nhân tạo được quy định như thế nào?

Căn cứ khoản 1 Điều 3 Nghị định 142/2026/NĐ-CP quy định:

Như vậy, hồ sơ kỹ thuật của hệ thống trí tuệ nhân tạo có rủi ro cao là tập hợp tài liệu kỹ thuật phù hợp với mức độ rủi ro của hệ thống, phục vụ việc phân loại, đánh giá sự phù hợp, giám sát và xử lý sự cố, bao gồm mô tả chức năng hệ thống, mô tả dữ liệu huấn luyện, quy trình kiểm thử, biện pháp quản lý rủi ro và các thông tin kỹ thuật liên quan khác theo quy định của pháp luật.

Hồ sơ kỹ thuật của hệ thống trí tuệ nhân tạo có rủi ro cao là gì? (Hình từ Internet)

Theo Điều 10 Nghị định 142/2026/NĐ-CP quy định công cụ hỗ trợ phân loại rủi ro tự động như sau:

- Bộ Khoa học và Công nghệ thiết lập, duy trì Công cụ hỗ trợ phân loại rủi ro tự động trên Cổng thông tin điện tử một cửa về trí tuệ nhân tạo nhằm hỗ trợ nhà cung cấp, bên triển khai tự đánh giá, phân loại hệ thống trí tuệ nhân tạo.

- Nhà cung cấp không bắt buộc phải sử dụng Công cụ hỗ trợ phân loại rủi ro tự động quy định tại khoản 1 Điều 10 Nghị định 142/2026/NĐ-CP. Cơ quan nhà nước có thẩm quyền không được yêu cầu nhà cung cấp phải nộp kết quả phân loại xuất từ Công cụ này như một thành phần hồ sơ bắt buộc trong bất kỳ thủ tục hành chính nào.

- Kết quả phân loại rủi ro từ Công cụ hỗ trợ phân loại rủi ro tự động được xác định là một tài liệu điện tử hợp lệ của hồ sơ phân loại rủi ro và là một trong các căn cứ thực tế để cơ quan nhà nước có thẩm quyền xem xét, đánh giá việc tuân thủ pháp luật về phân loại rủi ro của nhà cung cấp.

- Trường hợp chưa xác định được mức độ rủi ro sau khi sử dụng Công cụ hỗ trợ phân loại rủi ro tự động, nhà cung cấp có quyền đề nghị Bộ Khoa học và Công nghệ hướng dẫn việc phân loại trên cơ sở hồ sơ kỹ thuật theo quy định tại khoản 4 Điều 10 Luật Trí tuệ nhân tạo 2025.

Điều 12 Nghị định 142/2026/NĐ-CP quy định hồ sơ phân loại rủi ro của hệ thống trí tuệ nhân tạo như sau:

- Nhà cung cấp phải lập hồ sơ phân loại rủi ro đối với hệ thống trí tuệ nhân tạo có rủi ro cao và hệ thống trí tuệ nhân tạo có rủi ro trung bình trước khi đưa hệ thống vào sử dụng theo quy định tại khoản 1 Điều 10 của Luật Trí tuệ nhân tạo 2025.

- Đối với hệ thống trí tuệ nhân tạo có rủi ro cao và rủi ro trung bình, nhà cung cấp phải bảo đảm hồ sơ phân loại rủi ro bao gồm các tài liệu sau đây:

+ Thông tin nhận diện hệ thống, bao gồm: tên hệ thống; phiên bản; mã định danh nội bộ hoặc mã định danh do cơ quan nhà nước có thẩm quyền cấp; tên, địa chỉ và thông tin liên hệ của nhà cung cấp

+ Mô tả hệ thống và bối cảnh sử dụng: mục đích sử dụng; chức năng chính; kiến trúc hệ thống ở mức chức năng, nghiệp vụ; phạm vi triển khai; nhóm người sử dụng và người bị ảnh hưởng

+ Thông tin về dữ liệu: Mô tả khái quát loại dữ liệu đầu vào chủ yếu được sử dụng để vận hành hệ thống

+ Nội dung quản lý rủi ro: Tóm tắt các biện pháp quản lý rủi ro, bảo đảm an toàn và tính minh bạch của hệ thống

- Trường hợp nhà cung cấp phát triển hệ thống trí tuệ nhân tạo dựa trên nền tảng, mô hình hoặc dịch vụ trí tuệ nhân tạo của bên thứ ba, nhà cung cấp chỉ phải cung cấp thông tin kỹ thuật và thông tin về dữ liệu trong phạm vi quyền tiếp cận và kiểm soát hợp pháp của mình.

- Việc lập, cung cấp và quản lý hồ sơ phân loại rủi ro không bắt buộc nhà cung cấp phải tiết lộ mã nguồn, bộ tham số mô hình, thuật toán chi tiết, dữ liệu huấn luyện thô hoặc các thông tin thuộc danh mục bí mật nhà nước, bí mật kinh doanh, bí mật công nghệ theo quy định tại điểm e khoản 1 Điều 14 Luật Trí tuệ nhân tạo 2025, trừ trường hợp pháp luật có quy định khác.

- Nhà cung cấp có quyền sử dụng tài liệu mô tả kỹ thuật mô hình hoặc tài liệu kỹ thuật tương đương được lập theo tiêu chuẩn quốc tế để đáp ứng các thành phần hồ sơ quy định tại khoản 2 và khoản 3 Điều 12 Nghị định 142/2026/NĐ-CP, với điều kiện các tài liệu đó đáp ứng đầy đủ các nội dung thông tin theo yêu cầu của Nghị định 142/2026/NĐ-CP.

- Nhà cung cấp, bên triển khai có trách nhiệm lưu trữ hồ sơ phân loại trong suốt thời gian hệ thống hoạt động.

- Trường hợp hệ thống trí tuệ nhân tạo có sử dụng dữ liệu cá nhân, nhà cung cấp được sử dụng Hồ sơ đánh giá tác động xử lý dữ liệu cá nhân theo quy định của pháp luật về bảo vệ dữ liệu cá nhân để thay thế hoặc tích hợp làm thành phần của Hồ sơ phân loại rủi ro, nhằm giảm thiểu chi phí tuân thủ hành chính.

Điều 3. Giải thích từ ngữ

Trong Nghị định này, các từ ngữ dưới đây được hiểu như sau:

1. Hồ sơ kỹ thuật của hệ thống trí tuệ nhân tạo có rủi ro cao là tập hợp tài liệu kỹ thuật phù hợp với mức độ rủi ro của hệ thống, phục vụ việc phân loại, đánh giá sự phù hợp, giám sát và xử lý sự cố, bao gồm mô tả chức năng hệ thống, mô tả dữ liệu huấn luyện, quy trình kiểm thử, biện pháp quản lý rủi ro và các thông tin kỹ thuật liên quan khác theo quy định của pháp luật.

[...]","so-huu-tri-tue","","","","2026-05-16T00:00:00","https://thuvienphapluat.vn/hoi-dap-phap-luat/ho-so-ky-thuat-cua-he-thong-tri-tue-nhan-tao-co-rui-ro-cao-la-gi-138090829.html","2026-05-21T20:15:58.887695+00:00"
"138090831","Mã định danh hệ thống trí tuệ nhân tạo là gì?","Mã định danh hệ thống trí tuệ nhân tạo là gì?

Nguyên tắc phân loại và đánh giá sự phù hợp hệ thống trí tuệ nhân tạo được quy định như thế nào?

Phân loại hệ thống trí tuệ nhân tạo được quy định như thế nào?

Căn cứ khoản 2 Điều 3 Nghị định 142/2026/NĐ-CP quy định:

Như vậy, mã định danh hệ thống trí tuệ nhân tạo là mã điện tử phục vụ quản lý hồ sơ được tạo lập tự động trên Cổng thông tin điện tử một cửa về trí tuệ nhân tạo khi nhà cung cấp thực hiện thông báo kết quả phân loại rủi ro.

Mã định danh hệ thống trí tuệ nhân tạo là gì? (Hình từ Internet)

Theo Điều 5 Nghị định 142/2026/NĐ-CP quy định nguyên tắc phân loại và đánh giá sự phù hợp hệ thống trí tuệ nhân tạo như sau:

- Việc phân loại hệ thống trí tuệ nhân tạo phải dựa trên mức độ rủi ro theo quy định của Luật Trí tuệ nhân tạo 2025 và Nghị định 142/2026/NĐ-CP.

- Nhà cung cấp phải thực hiện phân loại hệ thống trí tuệ nhân tạo trước khi đưa hệ thống vào sử dụng.

- Bên triển khai phải phối hợp với nhà cung cấp để rà soát, phân loại lại hệ thống trí tuệ nhân tạo khi việc triển khai, sửa đổi, tích hợp hoặc thay đổi chức năng hoặc mục đích sử dụng làm phát sinh rủi ro mới hoặc rủi ro cao hơn của hệ thống đã được phân loại.

- Nhà cung cấp và bên triển khai phải thực hiện đánh giá sự phù hợp đối với hệ thống trí tuệ nhân tạo có rủi ro cao theo quy định của Luật Trí tuệ nhân tạo 2025 và Nghị định 142/2026/NĐ-CP.

- Trường hợp hệ thống trí tuệ nhân tạo được tích hợp trong sản phẩm, hàng hóa hoặc dịch vụ thuộc phạm vi điều chỉnh của pháp luật chuyên ngành, pháp luật về tiêu chuẩn và quy chuẩn kỹ thuật hoặc pháp luật về chất lượng sản phẩm, hàng hóa thì tổ chức, cá nhân phải tuân thủ quy định của pháp luật đó đối với sản phẩm, hàng hóa hoặc dịch vụ tương ứng; đồng thời thực hiện các yêu cầu quản lý rủi ro đặc thù của thành phần trí tuệ nhân tạo theo quy định của Luật Trí tuệ nhân tạo 2025 và Nghị định 142/2026/NĐ-CP.

- Cơ quan quản lý nhà nước về trí tuệ nhân tạo và cơ quan quản lý nhà nước chuyên ngành phải bảo đảm nguyên tắc không trùng lặp trong phân loại, đánh giá sự phù hợp và kiểm tra đối với hệ thống trí tuệ nhân tạo. Kết quả thử nghiệm, kiểm định, chứng nhận hợp quy hoặc kết quả đánh giá sự phù hợp đã được thực hiện theo pháp luật chuyên ngành, pháp luật về tiêu chuẩn và quy chuẩn kỹ thuật, pháp luật về chất lượng sản phẩm, hàng hóa được sử dụng để chứng minh việc đáp ứng yêu cầu tương ứng theo pháp luật về trí tuệ nhân tạo trong phạm vi nội dung đã được đánh giá hợp pháp, đầy đủ và còn hiệu lực thì tổ chức, cá nhân không phải thực hiện lại nội dung đó.

- Trường hợp kết quả quy định tại khoản 4 Điều 5 Nghị định 142/2026/NĐ-CP chưa bao phủ đầy đủ yêu cầu quản lý rủi ro đặc thù của hệ thống trí tuệ nhân tạo theo quy định của Luật Trí tuệ nhân tạo 2025 và Nghị định 142/2026/NĐ-CP, nhà cung cấp hoặc bên triển khai chỉ phải thực hiện bổ sung đối với nội dung chưa được đánh giá hoặc chưa được chứng minh.

- Bộ Khoa học và Công nghệ cung cấp công cụ hỗ trợ điện tử phục vụ việc tự đánh giá, phân loại hệ thống trí tuệ nhân tạo trên cơ sở các tiêu chí quy định tại Điều 8 Nghị định 142/2026/NĐ-CP. Việc sử dụng công cụ hỗ trợ điện tử có tính chất hỗ trợ, không bắt buộc và không làm phát sinh thủ tục phê duyệt hành chính hoặc nghĩa vụ khác ngoài quy định của Nghị định 142/2026/NĐ-CP.

Điều 6 Nghị định 142/2026/NĐ-CP quy định phân loại hệ thống trí tuệ nhân tạo như sau:

- Nhà cung cấp có trách nhiệm tự thực hiện việc phân loại hệ thống trí tuệ nhân tạo theo quy định tại khoản 1 Điều 10 của Luật Trí tuệ nhân tạo 2025 trước khi đưa hệ thống vào sử dụng và chịu trách nhiệm trước pháp luật về tính chính xác, trung thực của kết quả phân loại.

- Việc phân loại quy định tại Điều này chỉ áp dụng đối với hệ thống trí tuệ nhân tạo; không áp dụng đối với mô hình trí tuệ nhân tạo, trừ trường hợp mô hình được sử dụng như một thành phần của hệ thống trí tuệ nhân tạo cụ thể.

- Mức độ rủi ro của hệ thống trí tuệ nhân tạo được xác định như sau:

+ Hệ thống trí tuệ nhân tạo được phân loại rủi ro cao là các hệ thống thuộc Danh mục hệ thống trí tuệ nhân tạo có rủi ro cao do Thủ tướng Chính phủ ban hành theo quy định tại khoản 4 Điều 13 của Luật Trí tuệ nhân tạo 2025

+ Hệ thống trí tuệ nhân tạo được phân loại có rủi ro trung bình là hệ thống không thuộc trường hợp quy định tại điểm a khoản 3 Điều 6 Nghị định 142/2026/NĐ-CP và thuộc các trường hợp quy định tại Điều 9 Nghị định 142/2026/NĐ-CP

+ Hệ thống trí tuệ nhân tạo được phân loại có rủi ro thấp là hệ thống không thuộc trường hợp quy định tại điểm a và điểm b khoản 3 Điều 6 Nghị định 142/2026/NĐ-CP

- Trường hợp bên triển khai sửa đổi, tích hợp, thay đổi chức năng hoặc mục đích sử dụng của hệ thống so với công bố ban đầu của nhà cung cấp làm phát sinh rủi ro mới hoặc rủi ro cao hơn, bên triển khai có trách nhiệm phối hợp với nhà cung cấp để rà soát, phân loại lại mức độ rủi ro.

Điều 3. Giải thích từ ngữ

Trong Nghị định này, các từ ngữ dưới đây được hiểu như sau:

1. Hồ sơ kỹ thuật của hệ thống trí tuệ nhân tạo có rủi ro cao là tập hợp tài liệu kỹ thuật phù hợp với mức độ rủi ro của hệ thống, phục vụ việc phân loại, đánh giá sự phù hợp, giám sát và xử lý sự cố, bao gồm mô tả chức năng hệ thống, mô tả dữ liệu huấn luyện, quy trình kiểm thử, biện pháp quản lý rủi ro và các thông tin kỹ thuật liên quan khác theo quy định của pháp luật.

2. Mã định danh hệ thống trí tuệ nhân tạo là mã điện tử phục vụ quản lý hồ sơ được tạo lập tự động trên Cổng thông tin điện tử một cửa về trí tuệ nhân tạo khi nhà cung cấp thực hiện thông báo kết quả phân loại rủi ro.

[...]","so-huu-tri-tue","","","","2026-05-16T00:00:00","https://thuvienphapluat.vn/hoi-dap-phap-luat/ma-dinh-danh-he-thong-tri-tue-nhan-tao-la-gi-138090831.html","2026-05-21T20:16:05.719998+00:00"
"138090533","Mẫu Tờ khai đề nghị hủy bỏ hiệu lực GCN đăng ký quyền tác giả, GCN đăng ký quyền liên quan tải về ở đâu?","Mẫu Tờ khai đề nghị hủy bỏ hiệu lực Giấy chứng nhận đăng ký quyền tác giả/Giấy chứng nhận đăng ký quyền liên quan tải về ở đâu?

Cơ quan có thẩm quyền ra quyết định hủy bỏ hiệu lực Giấy chứng nhận đăng ký quyền tác giả, Giấy chứng nhận đăng ký quyền liên quan khi nào?

Quy định chung về chuyển nhượng quyền tác giả, quyền liên quan như thế nào?

Tại Thông tư 08/2026/TT-BVHTTDL có ban hành mẫu Tờ khai đề nghị hủy bỏ hiệu lực Giấy chứng nhận đăng ký quyền tác giả/Giấy chứng nhận đăng ký quyền liên quan như sau:

TẢI VỀ Mẫu Tờ khai đề nghị hủy bỏ hiệu lực Giấy chứng nhận đăng ký quyền tác giả/Giấy chứng nhận đăng ký quyền liên quan

Xem thêm

Mẫu Tờ khai đề nghị cấp Giấy chứng nhận đăng ký quyền liên quan 2026 ra sao?

Mục tiêu của khóa đào tạo nghiệp vụ về giám định quyền tác giả, quyền liên quan từ 09/04/2026 là gì?

Mẫu Tờ khai đề nghị hủy bỏ hiệu lực Giấy chứng nhận đăng ký quyền tác giả/Giấy chứng nhận đăng ký quyền liên quan tải về ở đâu? (Hình từ Internet)

Căn cứ khoản 4 Điều 55 Luật Sở hữu trí tuệ 2005 được sửa đổi bởi khoản 16 Điều 1 Luật Sở hữu trí tuệ sửa đổi 2022 quy định về cấp lại, cấp đổi, hủy bỏ hiệu lực Giấy chứng nhận đăng ký quyền tác giả, Giấy chứng nhận đăng ký quyền liên quan như sau:

Như vậy, nhận được một trong các văn bản sau dây, cơ quan nhà nước có thẩm quyền ra quyết định hủy bỏ hiệu lực Giấy chứng nhận đăng ký quyền tác giả, Giấy chứng nhận đăng ký quyền liên quan:

- Bản án, quyết định có hiệu lực của Tòa án hoặc quyết định của cơ quan nhà nước có thẩm quyền xử lý hành vi xâm phạm quyền sở hữu trí tuệ quy định tại Điều 200 của Luật này về việc hủy bỏ hiệu lực Giấy chứng nhận đăng ký quyền tác giả, Giấy chứng nhận đăng ký quyền liên quan;

- Văn bản của tổ chức, cá nhân đã được cấp Giấy chứng nhận đăng ký quyền tác giả, Giấy chứng nhận đăng ký quyền liên quan đề nghị hủy bỏ hiệu lực Giấy chứng nhận đăng ký quyền tác giả, Giấy chứng nhận đăng ký quyền liên quan đã được cấp

Căn cứ Điều 45 Luật Sở hữu trí tuệ 2005 quy định về chuyển nhượng quyền tác giả, quyền liên quan như sau:

Như vậy, quy định chung về chuyển nhượng quyền tác giả, quyền liên quan như sau:

- Chuyển nhượng quyền tác giả, quyền liên quan là việc chủ sở hữu quyền tác giả, chủ sở hữu quyền liên quan chuyển giao quyền sở hữu đối với các quyền quy định tại khoản 3 Điều 19, Điều 20, khoản 3 Điều 29, Điều 30 và Điều 31 của Luật Sở hữu trí tuệ 2005 cho tổ chức, cá nhân khác theo hợp đồng hoặc theo quy định của pháp luật có liên quan.

- Tác giả không được chuyển nhượng các quyền nhân thân quy định tại Điều 19, trừ quyền công bố tác phẩm; người biểu diễn không được chuyển nhượng các quyền nhân thân quy định tại khoản 2 Điều 29 của Luật Sở hữu trí tuệ 2005.

- Trong trường hợp tác phẩm, cuộc biểu diễn, bản ghi âm, ghi hình, chương trình phát sóng có đồng chủ sở hữu thì việc chuyển nhượng phải có sự thoả thuận của tất cả các đồng chủ sở hữu; trong trường hợp có đồng chủ sở hữu nhưng tác phẩm, cuộc biểu diễn, bản ghi âm, ghi hình, chương trình phát sóng có các phần riêng biệt có thể tách ra sử dụng độc lập thì chủ sở hữu quyền tác giả, chủ sở hữu quyền liên quan có quyền chuyển nhượng quyền tác giả, quyền liên quan đối với phần riêng biệt của mình cho tổ chức, cá nhân khác.

Điều 55. Cấp lại, cấp đổi, hủy bỏ hiệu lực Giấy chứng nhận đăng ký quyền tác giả, Giấy chứng nhận đăng ký quyền liên quan

[...]

4. Trong thời hạn mười lăm ngày làm việc, kể từ ngày nhận được một trong các văn bản sau đây, cơ quan nhà nước có thẩm quyền ra quyết định hủy bỏ hiệu lực Giấy chứng nhận đăng ký quyền tác giả, Giấy chứng nhận đăng ký quyền liên quan:

a) Bản án, quyết định có hiệu lực của Tòa án hoặc quyết định của cơ quan nhà nước có thẩm quyền xử lý hành vi xâm phạm quyền sở hữu trí tuệ quy định tại Điều 200 của Luật này về việc hủy bỏ hiệu lực Giấy chứng nhận đăng ký quyền tác giả, Giấy chứng nhận đăng ký quyền liên quan;

b) Văn bản của tổ chức, cá nhân đã được cấp Giấy chứng nhận đăng ký quyền tác giả, Giấy chứng nhận đăng ký quyền liên quan đề nghị hủy bỏ hiệu lực Giấy chứng nhận đăng ký quyền tác giả, Giấy chứng nhận đăng ký quyền liên quan đã được cấp.

[...]

Điều 45. Quy định chung về chuyển nhượng quyền tác giả, quyền liên quan

1. Chuyển nhượng quyền tác giả, quyền liên quan là việc chủ sở hữu quyền tác giả, chủ sở hữu quyền liên quan chuyển giao quyền sở hữu đối với các quyền quy định tại khoản 3 Điều 19, Điều 20, khoản 3 Điều 29, Điều 30 và Điều 31 của Luật này cho tổ chức, cá nhân khác theo hợp đồng hoặc theo quy định của pháp luật có liên quan.

2. Tác giả không được chuyển nhượng các quyền nhân thân quy định tại Điều 19, trừ quyền công bố tác phẩm; người biểu diễn không được chuyển nhượng các quyền nhân thân quy định tại khoản 2 Điều 29 của Luật này.

3. Trong trường hợp tác phẩm, cuộc biểu diễn, bản ghi âm, ghi hình, chương trình phát sóng có đồng chủ sở hữu thì việc chuyển nhượng phải có sự thoả thuận của tất cả các đồng chủ sở hữu; trong trường hợp có đồng chủ sở hữu nhưng tác phẩm, cuộc biểu diễn, bản ghi âm, ghi hình, chương trình phát sóng có các phần riêng biệt có thể tách ra sử dụng độc lập thì chủ sở hữu quyền tác giả, chủ sở hữu quyền liên quan có quyền chuyển nhượng quyền tác giả, quyền liên quan đối với phần riêng biệt của mình cho tổ chức, cá nhân khác.","so-huu-tri-tue","","","","2026-05-16T00:00:00","https://thuvienphapluat.vn/hoi-dap-phap-luat/mau-to-khai-de-nghi-huy-bo-hieu-luc-gcn-dang-ky-quyen-tac-gia-gcn-dang-ky-quyen-lien-quan-tai-ve-o--138090533.html","2026-05-21T20:16:11.638992+00:00"
"138090748","Điều kiện tham gia cơ chế thử nghiệm có kiểm soát đối với trí tuệ nhân tạo năm 2026 là gì?","Điều kiện tham gia cơ chế thử nghiệm có kiểm soát đối với trí tuệ nhân tạo năm 2026 là gì?

Hồ sơ đăng ký tham gia cơ chế thử nghiệm có kiểm soát đối với trí tuệ nhân tạo bao gồm những gì?

Hỗ trợ tài chính cho thử nghiệm có kiểm soát đối với trí tuệ nhân tạo được quy định ra sao?

Căn cứ khoản 1 Điều 24 Nghị định 142/2026/NĐ-CP thì tổ chức, cá nhân đăng ký tham gia cơ chế thử nghiệm có kiểm soát đối với trí tuệ nhân tạo phải đáp ứng các điều kiện sau đây:

- Có hệ thống trí tuệ nhân tạo hoặc giải pháp trí tuệ nhân tạo dự kiến thử nghiệm có yếu tố đổi mới sáng tạo, ứng dụng công nghệ mới hoặc mô hình triển khai mới;

- Có đề án thử nghiệm, trong đó xác định rõ mục tiêu, phạm vi, thời gian thử nghiệm, đối tượng tham gia và biện pháp kiểm soát rủi ro phù hợp với cấp độ thử nghiệm quy định tại Điều 22 của Nghị định 142/2026/NĐ-CP;

- Có biện pháp bảo vệ quyền và lợi ích hợp pháp của tổ chức, cá nhân chịu tác động trong quá trình thử nghiệm;

- Trường hợp hệ thống trí tuệ nhân tạo có khả năng trực tiếp gây thiệt hại đến tính mạng, sức khỏe con người hoặc gây thiệt hại tài sản quy mô lớn, tổ chức, cá nhân tham gia thử nghiệm phải áp dụng bảo hiểm trách nhiệm dân sự hoặc biện pháp bảo đảm tài chính tương đương phù hợp với phạm vi thử nghiệm.

Điều kiện tham gia cơ chế thử nghiệm có kiểm soát đối với trí tuệ nhân tạo năm 2026 là gì? (Hình từ Internet)

Căn cứ khoản 2, khoản 3 Điều 24 Nghị định 142/2026/NĐ-CP quy định về hồ sơ đăng ký tham gia cơ chế thử nghiệm có kiểm soát đối với trí tuệ nhân tạo, cụ thể là:

(1) Hồ sơ đăng ký tham gia cơ chế thử nghiệm có kiểm soát bao gồm các tài liệu sau đây:

- Đơn đề nghị tham gia cơ chế thử nghiệm có kiểm soát theo Mẫu AI03a đối với tổ chức hoặc Mẫu AI03b đối với cá nhân tại Phụ lục ban hành kèm theo Nghị định 142/2026/NĐ-CP;

- Đề án thử nghiệm, trong đó mô tả hệ thống trí tuệ nhân tạo dự kiến thử nghiệm, mục tiêu, phạm vi, thời gian thử nghiệm và phương án quản lý rủi ro;

- Tài liệu mô tả biện pháp bảo vệ quyền và lợi ích hợp pháp của tổ chức, cá nhân chịu tác động trong quá trình thử nghiệm;

- Tài liệu mô tả năng lực kỹ thuật, nhân sự hoặc hạ tầng phục vụ triển khai thử nghiệm có liên quan trực tiếp đến phạm vi thử nghiệm đề xuất.

(3) Doanh nghiệp khởi nghiệp sáng tạo, doanh nghiệp nhỏ và vừa, tổ chức khoa học và công nghệ, nhóm nghiên cứu đăng ký tham gia thử nghiệm có kiểm soát đối với hệ thống trí tuệ nhân tạo thuộc cấp độ thử nghiệm 1 được áp dụng hồ sơ rút gọn, bao gồm các tài liệu sau đây:

- Đơn đề nghị tham gia cơ chế thử nghiệm có kiểm soát theo Mẫu AI03a đối với tổ chức hoặc Mẫu AI03b đối với cá nhân tại Phụ lục ban hành kèm theo Nghị định 142/2026/NĐ-CP;

- Tài liệu mô tả khái quát hệ thống trí tuệ nhân tạo dự kiến thử nghiệm, các rủi ro chính có thể phát sinh và biện pháp giảm thiểu rủi ro trong quá trình thử nghiệm.

Lưu ý: Hồ sơ quy định tại khoản 2 và khoản 3 Điều 24 Nghị định 142/2026/NĐ-CP được nộp bằng phương thức điện tử theo quy định tại Điều 23 của Nghị định 142/2026/NĐ-CP.

Ngoài ra, cơ quan nhà nước có thẩm quyền không được yêu cầu tổ chức, cá nhân cung cấp thêm thành phần hồ sơ ngoài quy định tại Điều 24 Nghị định 142/2026/NĐ-CP, trừ trường hợp pháp luật chuyên ngành quy định trực tiếp thành phần hồ sơ đối với hoạt động thử nghiệm trong lĩnh vực tương ứng.

Căn cứ Điều 26 Nghị định 142/2026/NĐ-CP quy định về hỗ trợ tài chính cho thử nghiệm có kiểm soát đối với trí tuệ nhân tạo như sau:

(1) Doanh nghiệp tham gia cơ chế thử nghiệm có kiểm soát; doanh nghiệp khởi nghiệp sáng tạo, doanh nghiệp nhỏ và vừa, tổ chức khoa học và công nghệ và nhóm nghiên cứu có dự án đổi mới sáng tạo khả thi được xem xét cấp Phiếu hỗ trợ phát triển trí tuệ nhân tạo theo quy định của Nghị định 142/2026/NĐ-CP.

(2) Việc hỗ trợ tài chính cho hoạt động thử nghiệm có kiểm soát phải tuân thủ các nguyên tắc sau đây:

- Thực hiện theo cơ chế đồng chi trả giữa Nhà nước và tổ chức, cá nhân tham gia thử nghiệm;

- Bảo đảm công khai, minh bạch, đúng mục đích và không trùng lặp với các hình thức hỗ trợ từ ngân sách nhà nước và quỹ tài chính nhà nước ngoài ngân sách;

- Chỉ hỗ trợ đối với chi phí phục vụ trực tiếp cho hoạt động thử nghiệm có kiểm soát trong phạm vi thử nghiệm đã được cơ quan có thẩm quyền chấp thuận;

- Thực hiện trong phạm vi nguồn lực của Quỹ Phát triển trí tuệ nhân tạo quốc gia và các nguồn tài chính hợp pháp khác theo quy định của pháp luật có liên quan.

(3) Phiếu hỗ trợ phát triển trí tuệ nhân tạo được sử dụng để thanh toán một phần chi phí đối với các dịch vụ phục vụ trực tiếp cho hoạt động thử nghiệm có kiểm soát, bao gồm:

- Thuê, sử dụng hạ tầng tính toán, lưu trữ và dịch vụ nền tảng phục vụ huấn luyện, kiểm thử hoặc vận hành hệ thống trí tuệ nhân tạo;

- Thuê quyền sử dụng dữ liệu dùng chung và mô hình trí tuệ nhân tạo, bao gồm mô hình ngôn ngữ lớn tiếng Việt và tiếng dân tộc thiểu số;

- Sử dụng dịch vụ tư vấn kỹ thuật, kiểm thử an toàn, đánh giá bảo mật, đánh giá rủi ro hoặc dịch vụ kỹ thuật khác phục vụ hoạt động thử nghiệm có kiểm soát.

Mức hỗ trợ tối đa không vượt quá 50% tổng chi phí hợp lệ thực tế phát sinh đối với các dịch vụ quy định tại khoản 3 Điều 26 Nghị định 142/2026/NĐ-CP .

(4) Chi phí hợp lệ là chi phí phát sinh trực tiếp phục vụ hoạt động thử nghiệm có kiểm soát, được xác định trên cơ sở:

- Hợp đồng cung cấp dịch vụ;

- Hóa đơn, chứng từ hợp pháp;

- Quy định của pháp luật về kế toán, thuế và ngân sách nhà nước.

(5) Việc thanh toán Phiếu hỗ trợ phát triển trí tuệ nhân tạo được thực hiện trực tiếp cho tổ chức cung cấp dịch vụ trên cơ sở:

- Khối lượng dịch vụ thực tế đã cung cấp;

- Hợp đồng, hóa đơn và tài liệu xác nhận việc cung cấp dịch vụ;

- Dữ liệu đối soát trên Cổng thông tin điện tử một cửa về trí tuệ nhân tạo theo quy định của Nghị định 142/2026/NĐ-CP.

(6) Việc cấp, sử dụng, thanh toán và giám sát Phiếu hỗ trợ phát triển trí tuệ nhân tạo phải thực hiện theo quy định của Nghị định 142/2026/NĐ-CP và pháp luật có liên quan; không làm phát sinh thủ tục hành chính, điều kiện đầu tư kinh doanh hoặc nghĩa vụ đối với tổ chức, cá nhân ngoài quy định của Luật Trí tuệ nhân tạo 2025 và Nghị định 142/2026/NĐ-CP.","so-huu-tri-tue","","","","2026-05-16T00:00:00","https://thuvienphapluat.vn/hoi-dap-phap-luat/dieu-kien-tham-gia-co-che-thu-nghiem-co-kiem-soat-doi-voi-tri-tue-nhan-tao-nam-2026-la-gi-138090748.html","2026-05-21T20:16:17.562082+00:00"
"138090750","Quy chế sử dụng nhãn hiệu tập thể bao gồm những nội dung nào?","Đơn đăng ký nhãn hiệu bao gồm các tài liệu gì?

Yêu cầu chung về hình thức đối với tài liệu trong đơn đăng ký nhãn hiệu được quy định như thế nào?

Quy chế sử dụng nhãn hiệu tập thể bao gồm những nội dung nào?

Căn cứ theo Điều 68 Thông tư 10/2026/TT-BKHCN quy định đơn đăng ký nhãn hiệu bao gồm các tài liệu như sau:

- Tờ khai đăng ký nhãn hiệu theo Mẫu số 04 tại Phụ lục I của Thông tư 10/2026/TT-BKHCN.

- Mẫu nhãn hiệu kèm theo (nộp kèm 05 mẫu nhãn hiệu đối với trường hợp nộp đơn dạng giấy).

- Quy chế sử dụng nhãn hiệu tập thể, quy chế sử dụng nhãn hiệu chứng nhận đối với nhãn hiệu đăng ký là nhãn hiệu tập thể, nhãn hiệu chứng nhận.

- Văn bản ủy quyền (nếu đơn nộp thông qua đại diện).

- Tài liệu chứng minh quyền đăng ký nhãn hiệu nếu người nộp đơn thụ hưởng quyền đăng ký của người khác.

- Tài liệu chứng minh việc cho phép đăng ký nhãn hiệu tập thể, nhãn hiệu chứng nhận có chứa địa danh, dấu hiệu khác chỉ nguồn gốc địa lý đặc sản địa phương của Việt Nam theo quy định tại khoản 3 và 4 Điều 87 của Luật Sở hữu trí tuệ 2005.

- Tài liệu chứng minh quyền ưu tiên nếu có yêu cầu hưởng quyền ưu tiên, bao gồm:

+ Bản sao đơn hoặc các đơn đầu tiên của cơ quan đã nhận đơn đầu tiên;

+ Giấy chuyển nhượng quyền ưu tiên nếu quyền đó được thụ hưởng từ người khác.

- Tài liệu chứng minh quyền sử dụng hình ảnh của cá nhân để đăng ký nhãn hiệu, bao gồm:

+ Bản sao giấy tờ tùy thân (có hình ảnh cá nhân) trong trường hợp người nộp đơn sử dụng hình ảnh của chính mình;

+ Văn bản đồng ý cho phép sử dụng hình ảnh của cá nhân phù hợp với quy định của pháp luật dân sự trong trường hợp người nộp đơn sử dụng hình ảnh của cá nhân khác và bản sao giấy tờ tùy thân (có hình ảnh cá nhân) của người đó;

+ Người nộp đơn không phải nộp bản sao giấy tờ tùy thân theo quy định tại điểm a và b khoản này trong trường hợp Cục Sở hữu trí tuệ tiếp cận được thông tin này từ Cơ sở dữ liệu quốc gia về dân cư.

- Tài liệu khác bổ trợ cho đơn (nếu có).

Quy chế sử dụng nhãn hiệu tập thể bao gồm những nội dung nào? (Hình từ Internet)

Căn cứ theo khoản 1 Điều 69 Thông tư 10/2026/TT-BKHCN quy định yêu cầu chung về hình thức đối với tài liệu trong đơn đăng ký nhãn hiệu như sau:

- Tài liệu phải được trình bày theo chiều dọc (riêng hình vẽ, sơ đồ và bảng biểu có thể được trình bày theo chiều ngang) trên một mặt giấy khổ A4 (210mm x 297mm), riêng đối với tài liệu là bản đồ khu vực địa lý có thể được trình bày trên mặt giấy khổ A3 (420mm x 297mm), trong đó có chừa lề theo bốn phía, mỗi lề rộng 20mm, theo phông chữ Times New Roman, chữ không nhỏ hơn cỡ 13, trừ các tài liệu bổ trợ mà nguồn gốc tài liệu đó không nhằm để đưa vào đơn;

- Tài liệu gồm nhiều trang thì mỗi trang phải ghi số thứ tự trang đó bằng chữ số Ả-rập;

- Tài liệu phải được đánh máy hoặc in bằng loại mực khó phai mờ, trình bày rõ ràng, sạch sẽ, không tẩy xóa, không sửa chữa. Đối với tài liệu phải có chữ ký và đóng dấu, nếu tài liệu có từ 02 trang trở lên thì cần ký xác nhận từng trang hoặc đóng dấu giáp lai của người nộp đơn hoặc cơ quan ban hành tài liệu (nếu có), trừ trường hợp văn bản điện tử được ký số. Trước thời điểm tiếp nhận đơn, nếu phát hiện sai sót không đáng kể về chính tả, người nộp đơn có thể sửa chữa và phải ký xác nhận (và đóng dấu, nếu có) tại vị trí sửa chữa; việc ký và đóng dấu không được làm che khuất nội dung của tài liệu;

- Tài liệu của đơn nộp dưới dạng điện tử theo hệ thống nộp đơn điện tử phải được định dạng “.pdf’; tên tài liệu điện tử phải được đặt tương ứng với tên loại giấy tờ theo quy định; cá nhân ký tên trong các tài liệu của đơn ký nhãn hiệu có thể sử dụng chữ ký số để ký trực tiếp trên văn bản điện tử hoặc ký trực tiếp trên văn bản giấy và quét (scan) văn bản giấy theo chế độ ảnh màu đối với trường hợp nộp đơn qua ứng dụng VNeID;

- Thuật ngữ dùng trong đơn phải thống nhất và là thuật ngữ phổ thông (không dùng tiếng địa phương, từ hiếm, từ tự tạo). Ký hiệu, đơn vị đo lường, phông chữ điện tử, quy tắc chính tả dùng trong đơn phải theo tiêu chuẩn quốc gia của Việt Nam;

- Tài liệu và giấy tờ giao dịch giữa người nộp đơn và Cục Sở hữu trí tuệ phải được làm bằng tiếng Việt, trừ các tài liệu thuộc khoản 4, 5, 7, 8 và 9 Điều 68 của Thông tư 10/2026/TT-BKHCN có thể được làm bằng ngôn ngữ khác nhưng phải được dịch ra tiếng Việt khi được yêu cầu.

- Tờ khai và các tài liệu khác của đơn phải đảm bảo đầy đủ các thông tin bắt buộc và thống nhất.

Căn cứ theo Khoản 5 Điều 69 Thông tư 10/2026/TT-BKHCN quy định quy chế sử dụng nhãn hiệu tập thể như sau:

- Thông tin về nhãn hiệu và hàng hóa, dịch vụ mang nhãn hiệu;

- Tên, địa chỉ, căn cứ thành lập và hoạt động của tổ chức tập thể là chủ sở hữu nhãn hiệu khi văn bằng bảo hộ được cấp;

- Các tiêu chuẩn để trở thành thành viên của tổ chức tập thể;

- Danh sách thành viên của tổ chức tập thể;

- Các điều kiện sử dụng nhãn hiệu. Đối với nhãn hiệu tập thể có chứa dấu hiệu chỉ nguồn gốc địa lý, các điều kiện sử dụng nhãn hiệu tập thể phải bao gồm điều kiện về nguồn gốc địa lý và các đặc tính của hàng hóa, dịch vụ;

- Biện pháp xử lý hành vi vi phạm quy chế sử dụng nhãn hiệu.","so-huu-tri-tue","","","","2026-05-16T00:00:00","https://thuvienphapluat.vn/hoi-dap-phap-luat/quy-che-su-dung-nhan-hieu-tap-the-bao-gom-nhung-noi-dung-nao-138090750.html","2026-05-21T20:16:24.637834+00:00"
"138090749","Đơn đăng ký chỉ dẫn địa lý bao gồm các tài liệu gì?","Đơn đăng ký chỉ dẫn địa lý bao gồm các tài liệu gì?

Yêu cầu chung về hình thức đối với tài liệu trong đơn đăng ký chỉ dẫn địa lý được quy định như thế nào?

Bản mô tả tính chất đặc thù của chỉ dẫn địa lý phải bao gồm các nội dung nào?

Căn cứ theo Điều 93 Thông tư 10/2026/TT-BKHCN quy định đơn đăng ký chỉ dẫn địa lý bao gồm các tài liệu như sau:

- Tờ khai đăng ký chỉ dẫn địa lý theo Mẫu số 05 tại Phụ lục I của Thông tư 10/2026/TT-BKHCN.

- Bản mô tả tính chất, chất lượng đặc thù, danh tiếng của sản phẩm mang chỉ dẫn địa lý và các yếu tố đặc trưng của điều kiện tự nhiên tạo nên tính chất, chất lượng đặc thù, danh tiếng của sản phẩm đó (sau đây gọi là bản mô tả tính chất đặc thù).

- Bản đồ khu vực địa lý tương ứng với chỉ dẫn địa lý.

- Mẫu chỉ dẫn địa lý trong trường hợp chỉ dẫn địa lý không phải là từ ngữ (05 mẫu trong trường hợp đơn được nộp dưới dạng giấy).

- Tài liệu chứng minh chỉ dẫn địa lý đang được được bảo hộ tại nước có chỉ dẫn địa lý đó, nếu là chỉ dẫn địa lý của nước ngoài.

- Tài liệu thuyết minh về điều kiện sử dụng và cách thức trình bày chỉ dẫn địa lý để bảo đảm khả năng phân biệt giữa các chỉ dẫn địa lý trong trường hợp chỉ dẫn địa lý đăng ký là chỉ dẫn địa lý đồng âm.

- Văn bản ủy quyền (nếu đơn nộp thông qua đại diện).

- Tài liệu khác bổ trợ cho đơn (nếu có).

Đơn đăng ký chỉ dẫn địa lý bao gồm các tài liệu gì? (Hình từ Internet)

Căn cứ theo khoản 1 Điều 94 Thông tư 10/2026/TT-BKHCN quy định yêu cầu chung về hình thức đối với tài liệu trong đơn đăng ký chỉ dẫn địa lý như sau:

- Tài liệu phải được trình bày theo chiều dọc (riêng hình vẽ, sơ đồ và bảng biểu có thể được trình bày theo chiều ngang) trên một mặt giấy khổ A4 (210mm x 297mm), riêng đối với tài liệu là bản đồ khu vực địa lý có thể được trình bày trên mặt giấy khổ A3 (420mm x 297mm), trong đó có chừa lề theo bốn phía, mỗi lề rộng 20mm, theo phông chữ Times New Roman, chữ không nhỏ hơn cỡ 13, trừ các tài liệu bổ trợ mà nguồn gốc tài liệu đó không nhằm để đưa vào đơn;

- Tài liệu gồm nhiều trang thì mỗi trang phải ghi số thứ tự trang đó bằng chữ số Ả-rập;

- Tài liệu phải được đánh máy hoặc in bằng loại mực khó phai mờ, trình bày rõ ràng, sạch sẽ, không tẩy xóa, không sửa chữa. Đối với tài liệu phải có chữ ký và đóng dấu, nếu tài liệu có từ 02 trang trở lên thì cần ký xác nhận từng trang hoặc đóng dấu giáp lai của người nộp đơn/cơ quan ban hành tài liệu (nếu có), trừ trường hợp văn bản điện tử được ký số. Trước thời điểm tiếp nhận đơn, nếu phát hiện sai sót không đáng kể về chính tả, người nộp đơn có thể sửa chữa và phải ký xác nhận (và đóng dấu, nếu có) tại vị trí sửa chữa; việc ký và đóng dấu không được làm che khuất nội dung của tài liệu;

- Tài liệu của đơn nộp dưới dạng điện tử theo hệ thống nộp đơn điện tử phải được định dạng ‘‘.pdf’; tên tài liệu điện tử phải được đặt tương ứng với tên loại giấy tờ theo quy định; cá nhân ký tên trong các tài liệu của đơn đăng ký chỉ dẫn địa lý có thể sử dụng chữ ký số để ký trực tiếp trên văn bản điện tử hoặc ký trực tiếp trên văn bản giấy và quét (scan) văn bản giấy theo chế độ ảnh màu đối với trường hợp nộp đơn qua ứng dụng VNeID;

- Thuật ngữ dùng trong đơn phải thống nhất và là thuật ngữ phổ thông (không dùng tiếng địa phương, từ hiếm, từ tự tạo). Ký hiệu, đơn vị đo lường, phông chữ điện tử, quy tắc chính tả dùng trong đơn phải theo tiêu chuẩn quốc gia của Việt Nam;

- Tài liệu và giấy tờ giao dịch giữa người nộp đơn và Cục Sở hữu trí tuệ phải được làm bằng tiếng Việt, trừ các tài liệu thuộc khoản 7 và 8 Điều 93 của Thông tư này có thể được làm bằng ngôn ngữ khác nhưng phải được dịch ra tiếng Việt khi được yêu cầu;

- Tờ khai và các tài liệu khác của đơn phải đảm bảo đầy đủ các thông tin bắt buộc và thống nhất.

Căn cứ theo khoản 5 Điều 94 Thông tư 10/2026/TT-BKHCN quy định bản mô tả tính chất đặc thù của chỉ dẫn địa lý như sau:

- Phần mô tả nội dung chi tiết, bao gồm các thông tin chủ yếu sau đây:

+ Thông tin về chỉ dẫn địa lý, sản phẩm mang chỉ dẫn địa lý;

+ Tính chất, chất lượng đặc thù của sản phẩm mang chỉ dẫn địa lý do điều kiện địa lý quyết định - được xác định bằng các chỉ tiêu cảm quan, định tính, định lượng về vật lý, hóa học, sinh học. Các chỉ tiêu này phải được xác định và có khả năng kiểm tra được bằng phương tiện kỹ thuật hoặc bằng chuyên gia theo tiêu chuẩn lấy mẫu và một phương pháp thử xác định; và/hoặc

+ Danh tiếng của sản phẩm mang chỉ dẫn địa lý do điều kiện địa lý quyết định được xác định thông qua sự biết đến sản phẩm đó một cách rộng rãi và lựa chọn sản phẩm đó trong giới tiêu dùng liên quan, có khả năng kiểm chứng được; và

+ Khu vực địa lý;

+ Điều kiện địa lý tạo nên tính chất, chất lượng đặc thù, danh tiếng của sản phẩm mang chỉ dẫn địa lý, bao gồm các yểu tổ về khí hậu, thủy văn, địa chất, địa hình, hệ sinh thái và các điều kiện tự nhiên khác; các yếu tố về kỹ năng, kỹ xảo của người sản xuất, bao gồm cả quy trình sản xuất truyền thống của địa phương (có thể bao gồm một, một số hoặc tất cả các công đoạn, từ sản xuất nguyên liệu, chế biến nguyên liệu đến tạo ra sản phẩm và có thể gồm cả công đoạn đóng gói sản phẩm, nếu công đoạn đó có ảnh hưởng đến tính chất, chất lượng, danh tiếng của sản phẩm), nếu quy trình đó là nhân tố tạo ra và duy trì tính chất, chất lượng đặc thù, danh tiếng của sản phẩm mang chỉ dẫn địa lý, trong đó có các thông tin rõ ràng và chi tiết đến mức có thể kiểm tra được (nếu trong các thông tin nêu trên có các thông tin bí mật, bí quyết kỹ thuật chưa được bộc lộ hoặc chưa được biết đến một cách rộng rãi bên ngoài địa phương thì người nộp đơn có quyền từ chối cung cấp các thông tin chi tiết về bí mật, bí quyết đó nếu không được cam kết bảo mật các thông tin đó theo yêu cầu của mình); và

+ Mối quan hệ hữu cơ giữa tính chất, chất lượng đặc thù, danh tiếng của sản phẩm mang chỉ dẫn địa lý nêu tại điểm a2 và a3 khoản này với điều kiện địa lý nêu tại điểm a5 khoản này;

+ Thông tin về cơ chế tự kiểm tra các tính chất, chất lượng đặc thù của sản phẩm;

- Phần tóm tắt, trong đó bao gồm nội dung tóm tắt tính chất, chất lượng đặc thù, danh tiếng của sản phẩm, điều kiện địa lý tạo nên tính chất, chất lượng đặc thù, danh tiếng của sản phẩm và mối quan hệ hữu cơ giữa tính chất, chất lượng đặc thù, danh tiếng của sản phẩm mang chỉ dẫn địa lý với điều kiện địa lý.","so-huu-tri-tue","","","","2026-05-16T00:00:00","https://thuvienphapluat.vn/hoi-dap-phap-luat/don-dang-ky-chi-dan-dia-ly-bao-gom-cac-tai-lieu-gi-138090749.html","2026-05-21T20:16:31.146615+00:00"
"138090743","Có bao nhiêu cấp độ thử nghiệm hệ thống trí tuệ nhân tạo có kiểm soát?","Có bao nhiêu cấp độ thử nghiệm hệ thống trí tuệ nhân tạo có kiểm soát?

Nguyên tắc thực hiện cơ chế thử nghiệm có kiểm soát đối với hệ thống trí tuệ nhân tạo là gì?

Điều kiện của tổ chức, cá nhân đăng ký tham gia cơ chế thử nghiệm có kiểm soát hệ thống trí tuệ nhân tạo là gì?

Theo quy định tại khoản 1 Điều 22 Nghị định 142/2026/NĐ-CP thì hệ thống trí tuệ nhân tạo tham gia cơ chế thử nghiệm có kiểm soát được phân loại thành 03 cấp độ thử nghiệm trên cơ sở đánh giá tổng hợp các yếu tố sau đây:

- Mức độ rủi ro của hệ thống trí tuệ nhân tạo theo quy định của Luật Trí tuệ nhân tạo 2025;

- Tính chất của dữ liệu được sử dụng, bao gồm dữ liệu cá nhân, dữ liệu cá nhân nhạy cảm, dữ liệu cá nhân của trẻ em hoặc dữ liệu thuộc danh mục hạn chế theo quy định của pháp luật về dữ liệu và bảo vệ dữ liệu cá nhân;

- Phạm vi và quy mô triển khai thử nghiệm, bao gồm địa bàn triển khai, số lượng điểm thử nghiệm, đối tượng tham gia thử nghiệm và mức độ kết nối với hệ thống dữ liệu hoặc hệ thống thông tin;

- Mức độ tác động đối với an ninh quốc gia, trật tự, an toàn xã hội và quyền, lợi ích hợp pháp của tổ chức, cá nhân.

Có bao nhiêu cấp độ thử nghiệm hệ thống trí tuệ nhân tạo có kiểm soát? (Hình từ Internet)

Căn cứ khoản 2 Điều 21 Nghị định 142/2026/NĐ-CP, việc tham gia cơ chế thử nghiệm có kiểm soát đối với hệ thống trí tuệ nhân tạo được thực hiện trên cơ sở tự nguyện. Tổ chức, cá nhân tham gia thử nghiệm phải tuân thủ các nguyên tắc sau đây:

- Xác định rõ và tuân thủ phạm vi, quy mô, đối tượng, thời hạn, điều kiện thử nghiệm và các biện pháp quản lý rủi ro theo yêu cầu của cơ quan nhà nước có thẩm quyền;

- Bảo vệ quyền và lợi ích hợp pháp của tổ chức, cá nhân tham gia thử nghiệm;

- Bảo đảm minh bạch thông tin đối với người tham gia thử nghiệm về mục tiêu, phạm vi, điều kiện và các rủi ro có thể phát sinh trong quá trình thử nghiệm;

- Tuân thủ quy định của pháp luật về an ninh quốc gia, trật tự, an toàn xã hội, dữ liệu, bảo vệ dữ liệu cá nhân, an ninh mạng và pháp luật có liên quan;

- Chịu sự theo dõi, giám sát của cơ quan nhà nước có thẩm quyền trong suốt quá trình thử nghiệm.

Hoạt động nghiên cứu, phát triển hoặc thử nghiệm hệ thống trí tuệ nhân tạo trong môi trường mô phỏng, môi trường khép kín hoặc thử nghiệm nội bộ không có người tham gia thử nghiệm thực tế và không tạo tác động ra bên ngoài tổ chức không thuộc phạm vi áp dụng của cơ chế thử nghiệm có kiểm soát quy định tại Nghị định 142/2026/NĐ-CP.

Theo quy định tại khoản 1 Điều 24 Nghị định 142/2026/NĐ-CP, tổ chức, cá nhân đăng ký tham gia cơ chế thử nghiệm có kiểm soát phải đáp ứng các điều kiện sau đây:

- Có hệ thống trí tuệ nhân tạo hoặc giải pháp trí tuệ nhân tạo dự kiến thử nghiệm có yếu tố đổi mới sáng tạo, ứng dụng công nghệ mới hoặc mô hình triển khai mới;

- Có đề án thử nghiệm, trong đó xác định rõ mục tiêu, phạm vi, thời gian thử nghiệm, đối tượng tham gia và biện pháp kiểm soát rủi ro phù hợp với cấp độ thử nghiệm quy định tại Điều 22 của Nghị định 142/2026/NĐ-CP;

- Có biện pháp bảo vệ quyền và lợi ích hợp pháp của tổ chức, cá nhân chịu tác động trong quá trình thử nghiệm;

- Trường hợp hệ thống trí tuệ nhân tạo có khả năng trực tiếp gây thiệt hại đến tính mạng, sức khỏe con người hoặc gây thiệt hại tài sản quy mô lớn, tổ chức, cá nhân tham gia thử nghiệm phải áp dụng bảo hiểm trách nhiệm dân sự hoặc biện pháp bảo đảm tài chính tương đương phù hợp với phạm vi thử nghiệm.

Trong đó, hồ sơ đăng ký tham gia cơ chế thử nghiệm có kiểm soát bao gồm các tài liệu sau đây:

- Đơn đề nghị tham gia cơ chế thử nghiệm có kiểm soát theo Mẫu AI03a đối với tổ chức hoặc Mẫu AI03b đối với cá nhân tại Phụ lục ban hành kèm theo Nghị định 142/2026/NĐ-CP;

- Đề án thử nghiệm, trong đó mô tả hệ thống trí tuệ nhân tạo dự kiến thử nghiệm, mục tiêu, phạm vi, thời gian thử nghiệm và phương án quản lý rủi ro;

- Tài liệu mô tả biện pháp bảo vệ quyền và lợi ích hợp pháp của tổ chức, cá nhân chịu tác động trong quá trình thử nghiệm;

- Tài liệu mô tả năng lực kỹ thuật, nhân sự hoặc hạ tầng phục vụ triển khai thử nghiệm có liên quan trực tiếp đến phạm vi thử nghiệm đề xuất.","so-huu-tri-tue","","","","2026-05-16T00:00:00","https://thuvienphapluat.vn/hoi-dap-phap-luat/co-bao-nhieu-cap-do-thu-nghiem-he-thong-tri-tue-nhan-tao-co-kiem-soat-138090743.html","2026-05-21T20:16:38.370890+00:00"
"138090742","Hồ sơ phân loại rủi ro hệ thống trí tuệ nhân tạo bao gồm những gì?","Hồ sơ phân loại rủi ro hệ thống trí tuệ nhân tạo bao gồm những gì?

Tiêu chí xác định hệ thống trí tuệ nhân tạo có rủi ro cao là gì?

Tổ chức đánh giá sự phù hợp đối với hệ thống trí tuệ nhân tạo có rủi ro cao phải đáp ứng điều kiện gì?

Theo khoản 1 Điều 12 Nghị định 142/2026/NĐ-CP thì Nhà cung cấp phải lập hồ sơ phân loại rủi ro đối với hệ thống trí tuệ nhân tạo có rủi ro cao và hệ thống trí tuệ nhân tạo có rủi ro trung bình trước khi đưa hệ thống vào sử dụng theo quy định tại khoản 1 Điều 10 của Luật Trí tuệ nhân tạo 2025.

Trong đó, tại khoản 2 Điều 12 Nghị định 142/2026/NĐ-CP có nêu, đối với hệ thống trí tuệ nhân tạo có rủi ro cao và rủi ro trung bình, nhà cung cấp phải bảo đảm hồ sơ phân loại rủi ro bao gồm các tài liệu sau đây:

- Thông tin nhận diện hệ thống, bao gồm: tên hệ thống; phiên bản; mã định danh nội bộ hoặc mã định danh do cơ quan nhà nước có thẩm quyền cấp; tên, địa chỉ và thông tin liên hệ của nhà cung cấp;

- Mô tả hệ thống và bối cảnh sử dụng: mục đích sử dụng; chức năng chính; kiến trúc hệ thống ở mức chức năng, nghiệp vụ; phạm vi triển khai; nhóm người sử dụng và người bị ảnh hưởng;

- Thông tin về dữ liệu: Mô tả khái quát loại dữ liệu đầu vào chủ yếu được sử dụng để vận hành hệ thống;

- Nội dung quản lý rủi ro: Tóm tắt các biện pháp quản lý rủi ro, bảo đảm an toàn và tính minh bạch của hệ thống.

Trường hợp nhà cung cấp phát triển hệ thống trí tuệ nhân tạo dựa trên nền tảng, mô hình hoặc dịch vụ trí tuệ nhân tạo của bên thứ ba, nhà cung cấp chỉ phải cung cấp thông tin kỹ thuật và thông tin về dữ liệu trong phạm vi quyền tiếp cận và kiểm soát hợp pháp của mình.

Hồ sơ phân loại rủi ro hệ thống trí tuệ nhân tạo bao gồm những gì? (Hình từ Internet)

Theo quy định tại khoản 1 Điều 8 Nghị định 142/2026/NĐ-CP thì hệ thống trí tuệ nhân tạo được xác định là có rủi ro cao khi đáp ứng một hoặc nhiều tiêu chí sau đây:

- Mức độ tác động: Mức độ có thể gây thiệt hại đối với tính mạng, sức khỏe, tài sản, quyền con người, lợi ích quốc gia, lợi ích công cộng hoặc an ninh quốc gia; mức độ tự động của hệ thống; mức độ hỗ trợ ra quyết định cuối cùng; khả năng giám sát và can thiệp của con người trong thực thi hành động;

- Lĩnh vực sử dụng: Triển khai trong lĩnh vực thiết yếu quy định tại khoản 2 Điều 6 của Luật Trí tuệ nhân tạo 2025 hoặc các lĩnh vực liên quan trực tiếp đến lợi ích công cộng;

- Phạm vi người sử dụng và quy mô ảnh hưởng: Phạm vi người sử dụng, quy mô đối tượng chịu tác động hoặc mức độ kết nối với hệ thống hạ tầng kỹ thuật quan trọng.

Theo khoản 4 Điều 13 Nghị định 142/2026/NĐ-CP, tổ chức đánh giá sự phù hợp đối với hệ thống trí tuệ nhân tạo có rủi ro cao phải đáp ứng đồng thời các yêu cầu sau đây:

- Được thành lập và đã đăng ký hoạt động đánh giá sự phù hợp theo quy định của pháp luật về tiêu chuẩn và quy chuẩn kỹ thuật;

- Bảo đảm tính độc lập, khách quan trong hoạt động đánh giá sự phù hợp;

- Đáp ứng điều kiện hoạt động theo quy định của pháp luật về tiêu chuẩn và quy chuẩn kỹ thuật phù hợp với lĩnh vực đánh giá hệ thống trí tuệ nhân tạo;

- Có đội ngũ chuyên gia, nhân sự và phương tiện kỹ thuật đáp ứng yêu cầu chuyên môn về trí tuệ nhân tạo, an ninh mạng và quản trị dữ liệu phù hợp với tiêu chuẩn, quy chuẩn kỹ thuật hoặc hướng dẫn do Bộ Khoa học và Công nghệ ban hành;

- Chịu sự giám sát định kỳ của cơ quan nhà nước có thẩm quyền theo quy định của pháp luật.

Nhà cung cấp có hệ thống trí tuệ nhân tạo có rủi ro cao đã được đánh giá sự phù hợp phải duy trì sự phù hợp và công khai thông tin về kết quả đánh giá sự phù hợp trên Cổng thông tin điện tử một cửa về trí tuệ nhân tạo trước khi đưa hệ thống vào sử dụng và khi cập nhật kết quả đánh giá lại.","so-huu-tri-tue","","","","2026-05-16T00:00:00","https://thuvienphapluat.vn/hoi-dap-phap-luat/ho-so-phan-loai-rui-ro-he-thong-tri-tue-nhan-tao-bao-gom-nhung-gi-138090742.html","2026-05-21T20:16:44.354413+00:00"
"138090751","Nhà cung cấp thực hiện rà soát và phân loại lại mức độ rủi ro của hệ thống trí tuệ nhân tạo trong trường hợp nào?","Hồ sơ phân loại rủi ro của hệ thống trí tuệ nhân tạo bao gồm tài liệu nào?

Nhà cung cấp thực hiện rà soát và phân loại lại mức độ rủi ro của hệ thống trí tuệ nhân tạo trong trường hợp nào?

Nhà cung cấp hệ thống trí tuệ nhân tạo có rủi ro cao phải thực hiện lại đánh giá sự phù hợp khi có sự thay đổi nào?

Căn cứ Điều 12 Nghị định 142/2026/NĐ-CP, nhà cung cấp phải lập hồ sơ phân loại rủi ro đối với hệ thống trí tuệ nhân tạo có rủi ro cao và hệ thống trí tuệ nhân tạo có rủi ro trung bình trước khi đưa hệ thống vào sử dụng theo quy định tại khoản 1 Điều 10 của Luật Trí tuệ nhân tạo 2025.

- Đối với hệ thống trí tuệ nhân tạo có rủi ro cao và rủi ro trung bình, nhà cung cấp phải bảo đảm hồ sơ phân loại rủi ro bao gồm các tài liệu sau đây:

+ Thông tin nhận diện hệ thống, bao gồm: tên hệ thống; phiên bản; mã định danh nội bộ hoặc mã định danh do cơ quan nhà nước có thẩm quyền cấp; tên, địa chỉ và thông tin liên hệ của nhà cung cấp;

+ Mô tả hệ thống và bối cảnh sử dụng: mục đích sử dụng; chức năng chính; kiến trúc hệ thống ở mức chức năng, nghiệp vụ; phạm vi triển khai; nhóm người sử dụng và người bị ảnh hưởng;

+ Thông tin về dữ liệu: Mô tả khái quát loại dữ liệu đầu vào chủ yếu được sử dụng để vận hành hệ thống;

+ Nội dung quản lý rủi ro: Tóm tắt các biện pháp quản lý rủi ro, bảo đảm an toàn và tính minh bạch của hệ thống.

- Trường hợp nhà cung cấp phát triển hệ thống trí tuệ nhân tạo dựa trên nền tảng, mô hình hoặc dịch vụ trí tuệ nhân tạo của bên thứ ba, nhà cung cấp chỉ phải cung cấp thông tin kỹ thuật và thông tin về dữ liệu trong phạm vi quyền tiếp cận và kiểm soát hợp pháp của mình.

- Việc lập, cung cấp và quản lý hồ sơ phân loại rủi ro không bắt buộc nhà cung cấp phải tiết lộ mã nguồn, bộ tham số mô hình, thuật toán chi tiết, dữ liệu huấn luyện thô hoặc các thông tin thuộc danh mục bí mật nhà nước, bí mật kinh doanh, bí mật công nghệ theo quy định tại điểm e khoản 1 Điều 14 của Luật Trí tuệ nhân tạo 2025, trừ trường hợp pháp luật có quy định khác.

- Nhà cung cấp có quyền sử dụng tài liệu mô tả kỹ thuật mô hình hoặc tài liệu kỹ thuật tương đương được lập theo tiêu chuẩn quốc tế để đáp ứng các thành phần hồ sơ quy định tại khoản 2 và khoản 3 Điều 12 Nghị định 142/2026/NĐ-CP, với điều kiện các tài liệu đó đáp ứng đầy đủ các nội dung thông tin theo yêu cầu của Nghị định 142/2026/NĐ-CP.

- Nhà cung cấp, bên triển khai có trách nhiệm lưu trữ hồ sơ phân loại trong suốt thời gian hệ thống hoạt động.

- Trường hợp hệ thống trí tuệ nhân tạo có sử dụng dữ liệu cá nhân, nhà cung cấp được sử dụng Hồ sơ đánh giá tác động xử lý dữ liệu cá nhân theo quy định của pháp luật về bảo vệ dữ liệu cá nhân để thay thế hoặc tích hợp làm thành phần của Hồ sơ phân loại rủi ro, nhằm giảm thiểu chi phí tuân thủ hành chính.

Nhà cung cấp thực hiện rà soát và phân loại lại mức độ rủi ro của hệ thống trí tuệ nhân tạo trong trường hợp nào? (Hình từ Internet)

Theo Khoản 1 Điều 11 Nghị định 142/2026/NĐ-CP, nhà cung cấp phải thực hiện rà soát và phân loại lại mức độ rủi ro của hệ thống trí tuệ nhân tạo khi phát sinh một trong các sự kiện pháp lý sau đây:

- Hệ thống có sự thay đổi đáng kể về chức năng, mục đích sử dụng hoặc ngữ cảnh triển khai làm ảnh hưởng đến tiêu chí phân loại rủi ro ban đầu của hệ thống;

- Hệ thống xảy ra sự cố nghiêm trọng chứng minh mức độ rủi ro thực tế cao hơn mức đã được phân loại;

- Có quyết định của Thủ tướng Chính phủ về việc sửa đổi, bổ sung Danh mục hệ thống trí tuệ nhân tạo có rủi ro cao làm thay đổi mức độ rủi ro của hệ thống;

- Có yêu cầu bằng văn bản của cơ quan quản lý nhà nước có thẩm quyền theo quy định tại khoản 6 Điều 10 của Luật Trí tuệ nhân tạo 2025.

Căn cứ Khoản 1 Điều 13 Nghị định 142/2026/NĐ-CP, nhà cung cấp hệ thống trí tuệ nhân tạo có rủi ro cao phải thực hiện đánh giá sự phù hợp trước khi đưa hệ thống vào sử dụng theo quy định tại khoản 1 Điều 13 của Luật Trí tuệ nhân tạo 2025.

Trong quá trình sử dụng, nhà cung cấp phải thực hiện đánh giá lại sự phù hợp khi có thay đổi đáng kể làm ảnh hưởng đến kết quả đánh giá sự phù hợp ban đầu, bao gồm một trong các trường hợp sau đây:

- Thay đổi chức năng chính, mục đích sử dụng hoặc phạm vi ứng dụng của hệ thống làm phát sinh rủi ro mới hoặc làm thay đổi mức độ rủi ro đã được đánh giá;

- Thay đổi kiến trúc hệ thống, mô hình trí tuệ nhân tạo hoặc cấu hình kỹ thuật chủ yếu có thể ảnh hưởng đến tính chính xác, độ tin cậy, mức độ an toàn hoặc khả năng kiểm soát của hệ thống;

- Thay đổi nguồn dữ liệu, loại dữ liệu đầu vào chủ yếu hoặc phương thức xử lý dữ liệu làm ảnh hưởng đáng kể đến kết quả vận hành hoặc mức độ rủi ro của hệ thống;

- Tích hợp hệ thống trí tuệ nhân tạo với hệ thống khác hoặc môi trường vận hành mới có thể làm phát sinh rủi ro mới hoặc làm thay đổi điều kiện vận hành đã được đánh giá;

- Các thay đổi khác làm ảnh hưởng đáng kể đến việc đáp ứng các yêu cầu quy định tại Điều 14 của Luật Trí tuệ nhân tạo 2025.

Các hoạt động cập nhật dữ liệu định kỳ, sửa lỗi kỹ thuật, tối ưu hiệu năng hoặc nâng cấp phiên bản không làm thay đổi việc đáp ứng các yêu cầu quy định tại Điều 14 của Luật Trí tuệ nhân tạo 2025 của hệ thống không được coi là thay đổi đáng kể theo quy định tại khoản 1 Điều 13 Nghị định 142/2026/NĐ-CP.","so-huu-tri-tue","","","","2026-05-15T00:00:00","https://thuvienphapluat.vn/hoi-dap-phap-luat/nha-cung-cap-thuc-hien-ra-soat-va-phan-loai-lai-muc-do-rui-ro-cua-he-thong-tri-tue-nhan-tao-trong-t-138090751.html","2026-05-21T20:16:52.626727+00:00"
"138090753","Nguyên tắc thực hiện cơ chế thử nghiệm có kiểm soát đối với hệ thống trí tuệ nhân tạo được quy định như thế nào?","Nguyên tắc thực hiện cơ chế thử nghiệm có kiểm soát đối với hệ thống trí tuệ nhân tạo được quy định như thế nào?

Tổ chức, cá nhân đăng ký tham gia cơ chế thử nghiệm đối với hệ thống trí tuệ nhân tạo có kiểm soát cần phải đáp ứng các điều kiện gì?

Hồ sơ đăng ký tham gia cơ chế thử nghiệm đối với hệ thống trí tuệ nhân tạo có kiểm soát bao gồm những tài liệu nào?

Căn cứ theo Điều 21 Nghị định 142/2026/NĐ-CP quy định nguyên tắc thực hiện cơ chế thử nghiệm có kiểm soát đối với hệ thống trí tuệ nhân tạo được quy định như sau:

- Việc thực hiện cơ chế thử nghiệm có kiểm soát đối với hệ thống trí tuệ nhân tạo được áp dụng theo quy định tại Điều 21 của Luật Trí tuệ nhân tạo 2025, pháp luật về khoa học, công nghệ và đổi mới sáng tạo và các quy định tại Nghị định 142/2026/NĐ-CP.

- Việc tham gia cơ chế thử nghiệm có kiểm soát đối với hệ thống trí tuệ nhân tạo được thực hiện trên cơ sở tự nguyện. Tổ chức, cá nhân tham gia thử nghiệm phải tuân thủ các nguyên tắc sau đây:

+ Xác định rõ và tuân thủ phạm vi, quy mô, đối tượng, thời hạn, điều kiện thử nghiệm và các biện pháp quản lý rủi ro theo yêu cầu của cơ quan nhà nước có thẩm quyền;

+ Bảo vệ quyền và lợi ích hợp pháp của tổ chức, cá nhân tham gia thử nghiệm;

+ Bảo đảm minh bạch thông tin đối với người tham gia thử nghiệm về mục tiêu, phạm vi, điều kiện và các rủi ro có thể phát sinh trong quá trình thử nghiệm;

+ Tuân thủ quy định của pháp luật về an ninh quốc gia, trật tự, an toàn xã hội, dữ liệu, bảo vệ dữ liệu cá nhân, an ninh mạng và pháp luật có liên quan;

+ Chịu sự theo dõi, giám sát của cơ quan nhà nước có thẩm quyền trong suốt quá trình thử nghiệm.

- Hoạt động nghiên cứu, phát triển hoặc thử nghiệm hệ thống trí tuệ nhân tạo trong môi trường mô phỏng, môi trường khép kín hoặc thử nghiệm nội bộ không có người tham gia thử nghiệm thực tế và không tạo tác động ra bên ngoài tổ chức không thuộc phạm vi áp dụng của cơ chế thử nghiệm có kiểm soát quy định tại Nghị định 142/2026/NĐ-CP.

- Tổ chức, cá nhân tham gia thử nghiệm có trách nhiệm:

+ Xây dựng và thực hiện phương án quản lý rủi ro;

+ Công bố các rủi ro có thể phát sinh và thiết lập cơ chế tiếp nhận, xử lý khiếu nại của người tham gia thử nghiệm.

- Kết quả hoàn thành thử nghiệm có kiểm soát là một trong các căn cứ để cơ quan nhà nước có thẩm quyền xem xét, quyết định:

+ Công nhận toàn bộ hoặc một phần kết quả thử nghiệm phục vụ việc đánh giá sự phù hợp đối với hệ thống trí tuệ nhân tạo;

+ Miễn, giảm hoặc điều chỉnh việc áp dụng nghĩa vụ tuân thủ theo quy định của pháp luật về trí tuệ nhân tạo.

- Tổ chức, cá nhân tham gia thử nghiệm được miễn, loại trừ và phải chịu trách nhiệm dân sự, hình sự và hành chính phát sinh trong quá trình thử nghiệm theo quy định tại Điều 22 và Điều 23 của Luật Khoa học, công nghệ và đổi mới sáng tạo 2025.

- Trong phạm vi, thời gian và điều kiện thử nghiệm được ghi nhận tại Giấy xác nhận tham gia thử nghiệm, tổ chức, cá nhân tham gia thử nghiệm có thể được áp dụng các cơ chế hỗ trợ sau đây theo quyết định của cơ quan nhà nước có thẩm quyền:

+ Áp dụng biện pháp thông báo hoặc minh bạch thay thế đối với một số nghĩa vụ về phân loại rủi ro, đánh dấu kỹ thuật hoặc gắn nhãn hiển thị theo quy định của Luật Trí tuệ nhân tạo 2025 nếu bảo đảm người tham gia thử nghiệm được thông tin đầy đủ, rõ ràng;

+ Trường hợp hệ thống trí tuệ nhân tạo thuộc diện phải đánh giá sự phù hợp theo quy định của Luật Trí tuệ nhân tạo 2025, việc đánh giá sự phù hợp có thể được thực hiện sau khi hoàn thành giai đoạn thử nghiệm;

+ Ưu tiên tiếp cận các chương trình hỗ trợ, nguồn lực và chính sách hỗ trợ phát triển trí tuệ nhân tạo theo quy định của pháp luật.

- Trường hợp pháp luật chuyên ngành đã có quy định về cơ chế thử nghiệm có kiểm soát đối với sản phẩm, dịch vụ hoặc mô hình kinh doanh trong lĩnh vực quản lý chuyên ngành thì việc thử nghiệm hệ thống trí tuệ nhân tạo trong lĩnh vực đó được thực hiện theo cơ chế thử nghiệm của pháp luật chuyên ngành. Cơ quan quản lý nhà nước về trí tuệ nhân tạo phối hợp với cơ quan quản lý chuyên ngành trong việc đánh giá, giám sát và quản lý rủi ro đối với thành phần trí tuệ nhân tạo của hệ thống thử nghiệm.

- Khuyến khích cơ quan Đảng, Ủy ban Mặt trận Tổ quốc Việt Nam và các tổ chức chính trị - xã hội tự nguyện áp dụng các quy định về thử nghiệm có kiểm soát tại Chương IV Nghị định 142/2026/NĐ-CP đối với các hệ thống trí tuệ nhân tạo phục vụ hoạt động nội bộ. Cơ quan có thẩm quyền của Đảng quyết định phạm vi, quy mô và tổ chức thẩm định, đánh giá kết quả thử nghiệm độc lập với các quy định về thủ tục hành chính tại Nghị định 142/2026/NĐ-CP.

Nguyên tắc thực hiện cơ chế thử nghiệm có kiểm soát đối với hệ thống trí tuệ nhân tạo được quy định như thế nào? (Hình từ Internet)

Căn cứ theo khoản 1 Điều 24 Nghị định 142/2026/NĐ-CP quy định tổ chức, cá nhân đăng ký tham gia cơ chế thử nghiệm đối với hệ thống trí tuệ nhân tạo có kiểm soát phải đáp ứng các điều kiện sau đây:

- Có hệ thống trí tuệ nhân tạo hoặc giải pháp trí tuệ nhân tạo dự kiến thử nghiệm có yếu tố đổi mới sáng tạo, ứng dụng công nghệ mới hoặc mô hình triển khai mới;

- Có đề án thử nghiệm, trong đó xác định rõ mục tiêu, phạm vi, thời gian thử nghiệm, đối tượng tham gia và biện pháp kiểm soát rủi ro phù hợp với cấp độ thử nghiệm quy định tại Điều 22 của Nghị định 142/2026/NĐ-CP;

- Có biện pháp bảo vệ quyền và lợi ích hợp pháp của tổ chức, cá nhân chịu tác động trong quá trình thử nghiệm;

- Trường hợp hệ thống trí tuệ nhân tạo có khả năng trực tiếp gây thiệt hại đến tính mạng, sức khỏe con người hoặc gây thiệt hại tài sản quy mô lớn, tổ chức, cá nhân tham gia thử nghiệm phải áp dụng bảo hiểm trách nhiệm dân sự hoặc biện pháp bảo đảm tài chính tương đương phù hợp với phạm vi thử nghiệm.

Căn cứ theo khoản 2, khoản 3, khoản 4, khoản 5 Điều 24 Nghị định 142/2026/NĐ-CP quy định hồ sơ đăng ký tham gia cơ chế thử nghiệm đối với hệ thống trí tuệ nhân tạo có kiểm soát bao gồm những tài liệu sau đây:

+ Đơn đề nghị tham gia cơ chế thử nghiệm có kiểm soát theo Mẫu AI03a đối với tổ chức hoặc Mẫu AI03b đối với cá nhân tại Phụ lục ban hành kèm theo Nghị định 142/2026/NĐ-CP;

+ Đề án thử nghiệm, trong đó mô tả hệ thống trí tuệ nhân tạo dự kiến thử nghiệm, mục tiêu, phạm vi, thời gian thử nghiệm và phương án quản lý rủi ro;

+ Tài liệu mô tả biện pháp bảo vệ quyền và lợi ích hợp pháp của tổ chức, cá nhân chịu tác động trong quá trình thử nghiệm;

+ Tài liệu mô tả năng lực kỹ thuật, nhân sự hoặc hạ tầng phục vụ triển khai thử nghiệm có liên quan trực tiếp đến phạm vi thử nghiệm đề xuất.

- Doanh nghiệp khởi nghiệp sáng tạo, doanh nghiệp nhỏ và vừa, tổ chức khoa học và công nghệ, nhóm nghiên cứu đăng ký tham gia thử nghiệm có kiểm soát đối với hệ thống trí tuệ nhân tạo thuộc cấp độ thử nghiệm 1 được áp dụng hồ sơ rút gọn, bao gồm các tài liệu sau đây:

+ Đơn đề nghị tham gia cơ chế thử nghiệm có kiểm soát theo Mẫu AI03a đối với tổ chức hoặc Mẫu AI03b đối với cá nhân tại Phụ lục ban hành kèm theo Nghị định 142/2026/NĐ-CP;

+ Tài liệu mô tả khái quát hệ thống trí tuệ nhân tạo dự kiến thử nghiệm, các rủi ro chính có thể phát sinh và biện pháp giảm thiểu rủi ro trong quá trình thử nghiệm.

- Hồ sơ quy định tại khoản 2 và khoản 3 Điều 24 Nghị định 142/2026/NĐ-CP được nộp bằng phương thức điện tử theo quy định tại Điều 23 của Nghị định 142/2026/NĐ-CP.

- Cơ quan nhà nước có thẩm quyền không được yêu cầu tổ chức, cá nhân cung cấp thêm thành phần hồ sơ ngoài quy định tại Điều 24 Nghị định 142/2026/NĐ-CP, trừ trường hợp pháp luật chuyên ngành quy định trực tiếp thành phần hồ sơ đối với hoạt động thử nghiệm trong lĩnh vực tương ứng.","so-huu-tri-tue","","","","2026-05-15T00:00:00","https://thuvienphapluat.vn/hoi-dap-phap-luat/nguyen-tac-thuc-hien-co-che-thu-nghiem-co-kiem-soat-doi-voi-he-thong-tri-tue-nhan-tao-duoc-quy-dinh-138090753.html","2026-05-21T20:17:03.182847+00:00"
"138090752","Cổng thông tin điện tử một cửa về trí tuệ nhân tạo và Cơ sở dữ liệu quốc gia về hệ thống trí tuệ nhân tạo được quy định như thế nào?","Cổng thông tin điện tử một cửa về trí tuệ nhân tạo và Cơ sở dữ liệu quốc gia về hệ thống trí tuệ nhân tạo được quy định như thế nào?

Phân loại và đánh giá sự phù hợp hệ thống trí tuệ nhân tạo cần đảm bảo nguyên tắc nào?

Mức độ rủi ro của hệ thống trí tuệ nhân tạo được xác định như thế nào?

Theo Điều 4 Nghị định 142/2026/NĐ-CP, Cổng thông tin điện tử một cửa về trí tuệ nhân tạo và Cơ sở dữ liệu quốc gia về hệ thống trí tuệ nhân tạo được quy định như sau:

- Bộ Khoa học và Công nghệ có trách nhiệm quản lý, vận hành Cổng thông tin điện tử một cửa về trí tuệ nhân tạo để thực hiện các nhiệm vụ sau đây:

+ Tiếp nhận thông báo kết quả phân loại mức độ rủi ro, kết quả đánh giá sự phù hợp; xác lập mã định danh hệ thống trí tuệ nhân tạo; tiếp nhận thông tin cập nhật hồ sơ phân loại rủi ro và các thông tin khác về hệ thống trí tuệ nhân tạo theo quy định của Nghị định 142/2026/NĐ-CP;

+ Tiếp nhận báo cáo sự cố, báo cáo định kỳ và các thông tin phục vụ công tác quản lý, giám sát hệ thống trí tuệ nhân tạo theo quy định của Nghị định 142/2026/NĐ-CP;

+ Hỗ trợ phân loại rủi ro tự động hệ thống trí tuệ nhân tạo;

+ Công khai thông tin về hệ thống trí tuệ nhân tạo, kết quả đánh giá sự phù hợp, danh sách các cụm liên kết trí tuệ nhân tạo được công nhận, kết quả xử lý vi phạm, thông tin về năng lực hạ tầng trí tuệ nhân tạo dùng chung, điều kiện truy cập, quy định kỹ thuật, phương thức và quy trình khai thác dữ liệu, các chương trình, cơ chế hỗ trợ;

+ Tiếp nhận yêu cầu hướng dẫn; tiếp nhận, đăng tải để lấy ý kiến, công khai báo cáo đánh giá tác động và phục vụ việc theo dõi, giám sát việc sử dụng hệ thống trí tuệ nhân tạo trong cơ quan nhà nước theo quy định của Nghị định 142/2026/NĐ-CP;

+ Tiếp nhận đăng ký nhu cầu và phát hành thông báo về quyền khai thác hạ tầng phục vụ nghiên cứu, phát triển và đổi mới sáng tạo trên môi trường điện tử.

- Bộ Khoa học và Công nghệ là chủ quản dữ liệu đối với Cơ sở dữ liệu quốc gia về hệ thống trí tuệ nhân tạo nhằm phục vụ công tác quản lý nhà nước, giám sát và tổng hợp thông tin về hệ thống trí tuệ nhân tạo.

- Việc thu thập, cập nhật, công khai, kết nối, chia sẻ và khai thác thông tin trên Cổng thông tin điện tử một cửa về trí tuệ nhân tạo và Cơ sở dữ liệu quốc gia về hệ thống trí tuệ nhân tạo phải bảo đảm quy định pháp luật về giao dịch điện tử và các yêu cầu sau đây:

+ Phù hợp với mục đích quản lý nhà nước và phạm vi thông tin được pháp luật cho phép;

+ Tuân thủ quy định của pháp luật về an ninh mạng, bảo vệ bí mật nhà nước, bí mật kinh doanh và bảo vệ dữ liệu cá nhân;

+ Không làm phát sinh thủ tục hành chính, nghĩa vụ báo cáo hoặc yêu cầu cung cấp thông tin đối với tổ chức, cá nhân ngoài các trường hợp quy định tại Nghị định 142/2026/NĐ-CP;

+ Các hệ thống trí tuệ nhân tạo, cơ sở dữ liệu phục vụ hoạt động nội bộ của cơ quan Đảng, tổ chức chính trị, hệ thống trí tuệ nhân tạo thuộc danh mục bí mật nhà nước, quốc phòng, an ninh không thuộc phạm vi phải thông báo, đăng ký, chia sẻ dữ liệu công khai trên Cổng thông tin điện tử một cửa về trí tuệ nhân tạo.

- Bộ Khoa học và Công nghệ có trách nhiệm ban hành tiêu chuẩn, hướng dẫn kỹ thuật về dữ liệu, mô hình dữ liệu và quy chế cập nhật, khai thác, chia sẻ dữ liệu trong Cơ sở dữ liệu quốc gia về hệ thống trí tuệ nhân tạo, bảo đảm khả năng kết nối, chia sẻ thông suốt giữa trung ương và địa phương.

Cổng thông tin điện tử một cửa về trí tuệ nhân tạo và Cơ sở dữ liệu quốc gia về hệ thống trí tuệ nhân tạo được quy định như thế nào? (Hình từ Internet)

Căn cứ Điều 5 Nghị định 142/2026/NĐ-CP, nguyên tắc phân loại và đánh giá sự phù hợp hệ thống trí tuệ nhân tạo được quy định:

(1) Việc phân loại hệ thống trí tuệ nhân tạo phải dựa trên mức độ rủi ro theo quy định của Luật Trí tuệ nhân tạo 2025 và Nghị định 142/2026/NĐ-CP.

(2) Nhà cung cấp phải thực hiện phân loại hệ thống trí tuệ nhân tạo trước khi đưa hệ thống vào sử dụng.

(3) Bên triển khai phải phối hợp với nhà cung cấp để rà soát, phân loại lại hệ thống trí tuệ nhân tạo khi việc triển khai, sửa đổi, tích hợp hoặc thay đổi chức năng hoặc mục đích sử dụng làm phát sinh rủi ro mới hoặc rủi ro cao hơn của hệ thống đã được phân loại.

(4) Nhà cung cấp và bên triển khai phải thực hiện đánh giá sự phù hợp đối với hệ thống trí tuệ nhân tạo có rủi ro cao theo quy định của Luật Trí tuệ nhân tạo 2025 và Nghị định 142/2026/NĐ-CP.

(5) Trường hợp hệ thống trí tuệ nhân tạo được tích hợp trong sản phẩm, hàng hóa hoặc dịch vụ thuộc phạm vi điều chỉnh của pháp luật chuyên ngành, pháp luật về tiêu chuẩn và quy chuẩn kỹ thuật hoặc pháp luật về chất lượng sản phẩm, hàng hóa thì tổ chức, cá nhân phải tuân thủ quy định của pháp luật đó đối với sản phẩm, hàng hóa hoặc dịch vụ tương ứng; đồng thời thực hiện các yêu cầu quản lý rủi ro đặc thù của thành phần trí tuệ nhân tạo theo quy định của Luật Trí tuệ nhân tạo 2025 và Nghị định 142/2026/NĐ-CP.

(6) Cơ quan quản lý nhà nước về trí tuệ nhân tạo và cơ quan quản lý nhà nước chuyên ngành phải bảo đảm nguyên tắc không trùng lặp trong phân loại, đánh giá sự phù hợp và kiểm tra đối với hệ thống trí tuệ nhân tạo. Kết quả thử nghiệm, kiểm định, chứng nhận hợp quy hoặc kết quả đánh giá sự phù hợp đã được thực hiện theo pháp luật chuyên ngành, pháp luật về tiêu chuẩn và quy chuẩn kỹ thuật, pháp luật về chất lượng sản phẩm, hàng hóa được sử dụng để chứng minh việc đáp ứng yêu cầu tương ứng theo pháp luật về trí tuệ nhân tạo trong phạm vi nội dung đã được đánh giá hợp pháp, đầy đủ và còn hiệu lực thì tổ chức, cá nhân không phải thực hiện lại nội dung đó.

(7) Trường hợp kết quả tại (4) chưa bao phủ đầy đủ yêu cầu quản lý rủi ro đặc thù của hệ thống trí tuệ nhân tạo theo quy định của Luật Trí tuệ nhân tạo 2025 và Nghị định 142/2026/NĐ-CP, nhà cung cấp hoặc bên triển khai chỉ phải thực hiện bổ sung đối với nội dung chưa được đánh giá hoặc chưa được chứng minh.

(8) Bộ Khoa học và Công nghệ cung cấp công cụ hỗ trợ điện tử phục vụ việc tự đánh giá, phân loại hệ thống trí tuệ nhân tạo trên cơ sở các tiêu chí quy định tại Điều 8 của Nghị định 142/2026/NĐ-CP. Việc sử dụng công cụ hỗ trợ điện tử có tính chất hỗ trợ, không bắt buộc và không làm phát sinh thủ tục phê duyệt hành chính hoặc nghĩa vụ khác ngoài quy định của Nghị định 142/2026/NĐ-CP.

Theo khoản 3 Điều 6 Nghị định 142/2026/NĐ-CP, mức độ rủi ro của hệ thống trí tuệ nhân tạo được xác định như sau:

(1) Hệ thống trí tuệ nhân tạo được phân loại rủi ro cao là các hệ thống thuộc Danh mục hệ thống trí tuệ nhân tạo có rủi ro cao do Thủ tướng Chính phủ ban hành theo quy định tại khoản 4 Điều 13 của Luật Trí tuệ nhân tạo 2025;

(2) Hệ thống trí tuệ nhân tạo được phân loại có rủi ro trung bình là hệ thống không thuộc trường hợp (1) và thuộc các trường hợp quy định tại Điều 9 của Nghị định 142/2026/NĐ-CP;

(3) Hệ thống trí tuệ nhân tạo được phân loại có rủi ro thấp là hệ thống không thuộc trường hợp (1) và (2).","so-huu-tri-tue","","","","2026-05-15T00:00:00","https://thuvienphapluat.vn/hoi-dap-phap-luat/cong-thong-tin-dien-tu-mot-cua-ve-tri-tue-nhan-tao-va-co-so-du-lieu-quoc-gia-ve-he-thong-tri-tue-nh-138090752.html","2026-05-21T20:17:11.659799+00:00"
"138090747","Phân loại hệ thống trí tuệ nhân tạo từ ngày 01/05/2026 được quy định như thế nào?","Phân loại hệ thống trí tuệ nhân tạo từ ngày 01/05/2026 được quy định như thế nào?

Nguyên tắc phân loại và đánh giá sự phù hợp hệ thống trí tuệ nhân tạo được quy định ra sao?

Hệ thống trí tuệ nhân tạo được xác định là có rủi ro cao khi đáp ứng tiêu chí gì?

Căn cứ Điều 6 Nghị định 142/2026/NĐ-CP quy định về phân loại hệ thống trí tuệ nhân tạo, cụ thể như sau:

(1) Nhà cung cấp có trách nhiệm tự thực hiện việc phân loại hệ thống trí tuệ nhân tạo theo quy định tại khoản 1 Điều 10 của Luật Trí tuệ nhân tạo 2025 trước khi đưa hệ thống vào sử dụng và chịu trách nhiệm trước pháp luật về tính chính xác, trung thực của kết quả phân loại.

(2) Việc phân loại quy định tại Điều 6 Nghị định 142/2026/NĐ-CP chỉ áp dụng đối với hệ thống trí tuệ nhân tạo; không áp dụng đối với mô hình trí tuệ nhân tạo, trừ trường hợp mô hình được sử dụng như một thành phần của hệ thống trí tuệ nhân tạo cụ thể.

(3) Mức độ rủi ro của hệ thống trí tuệ nhân tạo được xác định như sau:

- Hệ thống trí tuệ nhân tạo được phân loại rủi ro cao là các hệ thống thuộc Danh mục hệ thống trí tuệ nhân tạo có rủi ro cao do Thủ tướng Chính phủ ban hành theo quy định tại khoản 4 Điều 13 của Luật Trí tuệ nhân tạo 2025;

- Hệ thống trí tuệ nhân tạo được phân loại có rủi ro trung bình là hệ thống không thuộc trường hợp quy định tại điểm a khoản 3 Điều 6 Nghị định 142/2026/NĐ-CP và thuộc các trường hợp quy định tại Điều 9 của Nghị định 142/2026/NĐ-CP;

- Hệ thống trí tuệ nhân tạo được phân loại có rủi ro thấp là hệ thống không thuộc trường hợp quy định tại điểm a và điểm b khoản 3 Điều 6 Nghị định 142/2026/NĐ-CP.

(4) Trường hợp bên triển khai sửa đổi, tích hợp, thay đổi chức năng hoặc mục đích sử dụng của hệ thống so với công bố ban đầu của nhà cung cấp làm phát sinh rủi ro mới hoặc rủi ro cao hơn, bên triển khai có trách nhiệm phối hợp với nhà cung cấp để rà soát, phân loại lại mức độ rủi ro.

Phân loại hệ thống trí tuệ nhân tạo từ ngày 01/05/2026 được quy định như thế nào? (Hình từ Internet)

Căn cứ Điều 5 Nghị định 142/2026/NĐ-CP thì nguyên tắc phân loại và đánh giá sự phù hợp hệ thống trí tuệ nhân tạo được quy định như sau:

(1) Việc phân loại hệ thống trí tuệ nhân tạo phải dựa trên mức độ rủi ro theo quy định của Luật Trí tuệ nhân tạo 2025 và Nghị định 142/2026/NĐ-CP.

(2) Nhà cung cấp phải thực hiện phân loại hệ thống trí tuệ nhân tạo trước khi đưa hệ thống vào sử dụng.

(3) Bên triển khai phải phối hợp với nhà cung cấp để rà soát, phân loại lại hệ thống trí tuệ nhân tạo khi việc triển khai, sửa đổi, tích hợp hoặc thay đổi chức năng hoặc mục đích sử dụng làm phát sinh rủi ro mới hoặc rủi ro cao hơn của hệ thống đã được phân loại.

(4) Nhà cung cấp và bên triển khai phải thực hiện đánh giá sự phù hợp đối với hệ thống trí tuệ nhân tạo có rủi ro cao theo quy định của Luật Trí tuệ nhân tạo 2025 và Nghị định 142/2026/NĐ-CP.

(5) Trường hợp hệ thống trí tuệ nhân tạo được tích hợp trong sản phẩm, hàng hóa hoặc dịch vụ thuộc phạm vi điều chỉnh của pháp luật chuyên ngành, pháp luật về tiêu chuẩn và quy chuẩn kỹ thuật hoặc pháp luật về chất lượng sản phẩm, hàng hóa thì tổ chức, cá nhân phải tuân thủ quy định của pháp luật đó đối với sản phẩm, hàng hóa hoặc dịch vụ tương ứng; đồng thời thực hiện các yêu cầu quản lý rủi ro đặc thù của thành phần trí tuệ nhân tạo theo quy định của LLuật Trí tuệ nhân tạo 2025 và Nghị định 142/2026/NĐ-CP.

(6) Cơ quan quản lý nhà nước về trí tuệ nhân tạo và cơ quan quản lý nhà nước chuyên ngành phải bảo đảm nguyên tắc không trùng lặp trong phân loại, đánh giá sự phù hợp và kiểm tra đối với hệ thống trí tuệ nhân tạo. Kết quả thử nghiệm, kiểm định, chứng nhận hợp quy hoặc kết quả đánh giá sự phù hợp đã được thực hiện theo pháp luật chuyên ngành, pháp luật về tiêu chuẩn và quy chuẩn kỹ thuật, pháp luật về chất lượng sản phẩm, hàng hóa được sử dụng để chứng minh việc đáp ứng yêu cầu tương ứng theo pháp luật về trí tuệ nhân tạo trong phạm vi nội dung đã được đánh giá hợp pháp, đầy đủ và còn hiệu lực thì tổ chức, cá nhân không phải thực hiện lại nội dung đó.

(7) Trường hợp kết quả quy định tại khoản 4 Điều 5 Nghị định 142/2026/NĐ-CP chưa bao phủ đầy đủ yêu cầu quản lý rủi ro đặc thù của hệ thống trí tuệ nhân tạo theo quy định của Luật Trí tuệ nhân tạo 2025 và Nghị định 142/2026/NĐ-CP, nhà cung cấp hoặc bên triển khai chỉ phải thực hiện bổ sung đối với nội dung chưa được đánh giá hoặc chưa được chứng minh.

(8) Bộ Khoa học và Công nghệ cung cấp công cụ hỗ trợ điện tử phục vụ việc tự đánh giá, phân loại hệ thống trí tuệ nhân tạo trên cơ sở các tiêu chí quy định tại Điều 8 của Nghị định 142/2026/NĐ-CP. Việc sử dụng công cụ hỗ trợ điện tử có tính chất hỗ trợ, không bắt buộc và không làm phát sinh thủ tục phê duyệt hành chính hoặc nghĩa vụ khác ngoài quy định của Nghị định 142/2026/NĐ-CP.

Căn cứ khoản 1 Điều 8 Nghị định 142/2026/NĐ-CP thì hệ thống trí tuệ nhân tạo được xác định là có rủi ro cao khi đáp ứng một hoặc nhiều tiêu chí sau đây:

- Mức độ tác động: Mức độ có thể gây thiệt hại đối với tính mạng, sức khỏe, tài sản, quyền con người, lợi ích quốc gia, lợi ích công cộng hoặc an ninh quốc gia; mức độ tự động của hệ thống; mức độ hỗ trợ ra quyết định cuối cùng; khả năng giám sát và can thiệp của con người trong thực thi hành động;

- Lĩnh vực sử dụng: Triển khai trong lĩnh vực thiết yếu quy định tại khoản 2 Điều 6 của Luật Trí tuệ nhân tạo 2025 hoặc các lĩnh vực liên quan trực tiếp đến lợi ích công cộng;

- Phạm vi người sử dụng và quy mô ảnh hưởng: Phạm vi người sử dụng, quy mô đối tượng chịu tác động hoặc mức độ kết nối với hệ thống hạ tầng kỹ thuật quan trọng.","so-huu-tri-tue","","","","2026-05-15T00:00:00","https://thuvienphapluat.vn/hoi-dap-phap-luat/phan-loai-he-thong-tri-tue-nhan-tao-tu-ngay-01052026-duoc-quy-dinh-nhu-the-nao-138090747.html","2026-05-21T20:17:20.753231+00:00"
"138090535","Mẫu Tờ khai đề nghị cấp lại Giấy chứng nhận đăng ký quyền liên quan năm 2026 tải về ở đâu?","Năm 2026 Mẫu Tờ khai đề nghị cấp lại Giấy chứng nhận đăng ký quyền liên quan tải về ở đâu?

Cấp lại Giấy chứng nhận đăng ký quyền liên quan trong trường hợp nào?

Hồ sơ đăng ký đăng ký quyền liên quan bao gồm các tài liệu nào?

Mẫu Tờ khai đề nghị cấp lại Giấy chứng nhận đăng ký quyền liên quan là mẫu số 11 ban hành kèm theo Thông tư 08/2026/TT-BVHTTDL như sau:

TẢI VỀMẫu Tờ khai đề nghị cấp lại Giấy chứng nhận đăng ký quyền liên quan

Xem thêm

Mẫu Tờ khai đề nghị cấp Giấy chứng nhận đăng ký quyền liên quan 2026 ra sao?

Mục tiêu của khóa đào tạo nghiệp vụ về giám định quyền tác giả, quyền liên quan từ 09/04/2026 là gì?

Năm 2026 Mẫu Tờ khai đề nghị cấp lại Giấy chứng nhận đăng ký quyền liên quan tải về ở đâu? (Hình từ Internet)

Căn cứ khoản 1 Điều 55 Luật Sở hữu trí tuệ 2005 được sửa đổi bởi Điểm a khoản 17 Điều 1 Luật Sở hữu trí tuệ sửa đổi 2025 quy định về cấp lại, cấp đổi, hủy bỏ hiệu lực Giấy chứng nhận đăng ký quyền tác giả, Giấy chứng nhận đăng ký quyền liên quan như sau:

Như vậy, cấp lại Giấy chứng nhận đăng ký quyền liên quan trong trường hợp sau: bị mất, hư hỏng.

Căn cứ khoản 2 Điều 50 Luật Sở hữu trí tuệ 2005 được sửa đổi bởi khoản 14 Điều 1 Luật Sở hữu trí tuệ sửa đổi 2022, được sửa đổi bởi điểm b khoản 14 , điểm h khoản 71 Điều 1 Luật Sở hữu trí tuệ sửa đổi 2025 quy định về hồ sơ đăng ký quyền tác giả, đăng ký quyền liên quan như sau:

Như vậy, hồ sơ đăng ký đăng ký quyền liên quan bao gồm các tài liệu sau đây:

- Tờ khai đăng ký quyền liên quan.

Tờ khai do chính tác giả, chủ sở hữu quyền tác giả, chủ sở hữu quyền liên quan ký tên hoặc điểm chỉ, trừ trường hợp không có khả năng về thể chất để ký tên hoặc điểm chỉ;

- Hai bản sao bản định hình đối tượng đăng ký quyền liên quan;

- Văn bản ủy quyền, nếu người nộp đơn là người được uỷ quyền;

- Tài liệu chứng minh quyền nộp đơn, nếu người nộp đơn thụ hưởng quyền đó của người khác do được thừa kế, chuyển giao, kế thừa;

- Văn bản đồng ý của các đồng chủ sở hữu, nếu quyền tác giả, quyền liên quan thuộc sở hữu chung.

Điều 55. Cấp lại, cấp đổi, hủy bỏ hiệu lực Giấy chứng nhận đăng ký quyền tác giả, Giấy chứng nhận đăng ký quyền liên quan

1. Trong trường hợp Giấy chứng nhận đăng ký quyền tác giả, Giấy chứng nhận đăng ký quyền liên quan bị mất, hư hỏng thì cơ quan nhà nước có thẩm quyền quy định tại khoản 2 Điều 51 của Luật này tiến hành cấp lại Giấy chứng nhận đăng ký quyền tác giả, Giấy chứng nhận đăng ký quyền liên quan.

2. Trong trường hợp người được cấp Giấy chứng nhận đăng ký quyền tác giả, Giấy chứng nhận đăng ký quyền liên quan không phải là tác giả, chủ sở hữu quyền tác giả, chủ sở hữu quyền liên quan hoặc tác phẩm, bản ghi âm, ghi hình, chương trình phát sóng đã đăng ký không thuộc đối tượng bảo hộ thì cơ quan nhà nước có thẩm quyền quy định tại khoản 2 Điều 51 của Luật này huỷ bỏ hiệu lực Giấy chứng nhận đăng ký quyền tác giả, Giấy chứng nhận đăng ký quyền liên quan.

[...]

Điều 50. Hồ sơ đăng ký quyền tác giả, đăng ký quyền liên quan

[...]

2. Hồ sơ đăng ký quyền tác giả, đăng ký quyền liên quan bao gồm:

a) Tờ khai đăng ký quyền tác giả, đăng ký quyền liên quan.

Tờ khai do chính tác giả, chủ sở hữu quyền tác giả, chủ sở hữu quyền liên quan ký tên hoặc điểm chỉ, trừ trường hợp không có khả năng về thể chất để ký tên hoặc điểm chỉ;

b) Hai bản sao tác phẩm đăng ký quyền tác giả hoặc hai bản sao bản định hình đối tượng đăng ký quyền liên quan;

c) Văn bản ủy quyền, nếu người nộp đơn là người được uỷ quyền;

d) Tài liệu chứng minh quyền nộp đơn, nếu người nộp đơn thụ hưởng quyền đó của người khác do được thừa kế, chuyển giao, kế thừa;

đ) Văn bản đồng ý của các đồng tác giả, nếu tác phẩm có đồng tác giả;

e) Văn bản đồng ý của các đồng chủ sở hữu, nếu quyền tác giả, quyền liên quan thuộc sở hữu chung.

[...]","so-huu-tri-tue","","","","2026-05-15T00:00:00","https://thuvienphapluat.vn/hoi-dap-phap-luat/mau-to-khai-de-nghi-cap-lai-giay-chung-nhan-dang-ky-quyen-lien-quan-nam-2026-tai-ve-o-dau-138090535.html","2026-05-21T20:17:30.968512+00:00"
"138090534","Mẫu Tờ khai đề nghị cấp đổi Giấy chứng nhận đăng ký quyền liên quan năm 2026 tải về ở đâu?","Mẫu Tờ khai đề nghị cấp đổi Giấy chứng nhận đăng ký quyền liên quan năm 2026 tải về ở đâu?

Cơ quan nào có thẩm quyền cấp đổi Giấy chứng nhận đăng ký quyền liên quan?

Quy định chung về chuyển quyền sử dụng quyền liên quan như thế nào?

Tại Thông tư 08/2026/TT-BVHTTDL có ban hành kèm theo Mẫu Tờ khai đề nghị cấp đổi Giấy chứng nhận đăng ký quyền liên quan như sau:

TẢI VỀ Mẫu Tờ khai đề nghị cấp đổi Giấy chứng nhận đăng ký quyền liên quan năm 2026

Xem thêm

Mẫu Tờ khai đề nghị cấp Giấy chứng nhận đăng ký quyền liên quan 2026 ra sao?

Mục tiêu của khóa đào tạo nghiệp vụ về giám định quyền tác giả, quyền liên quan từ 09/04/2026 là gì?

Mẫu Tờ khai đề nghị cấp đổi Giấy chứng nhận đăng ký quyền liên quan năm 2026 tải về ở đâu? (Hình từ Internet)

Căn cứ khoản 1 Điều 51 Luật Sở hữu trí tuệ 2005 được sửa đổi bởi khoản 83 Điều 1 Luật Sở hữu trí tuệ sửa đổi 2022, được sửa đổi bởi điểm a, điểm b khoản 15 Điều 1 Luật Sở hữu trí tuệ sửa đổi 2025 quy định về thẩm quyền cấp, cấp lại, cấp đổi, hủy bỏ hiệu lực Giấy chứng nhận đăng ký quyền tác giả, Giấy chứng nhận đăng ký quyền liên quan như sau:

Như vậy, cơ quan nhà nước có thẩm quyền cấp Giấy chứng nhận đăng ký quyền tác giả có thẩm quyền cấp đổi Giấy chứng nhận đăng ký quyền liên quan.

Căn cứ Điều 47 Luật Sở hữu trí tuệ 2005 được sửa đổi bởi khoản 13 Điều 1 Luật Sở hữu trí tuệ sửa đổi 2022 quy định chung về chuyển quyền sử dụng quyền tác giả, quyền liên quan như sau:

Như vậy, quy định chung về chuyển quyền sử dụng quyền liên quan như sau:

- Chuyển quyền sử dụng quyền liên quan là việc chủ sở hữu quyền tác giả, chủ sở hữu quyền liên quan cho phép tổ chức, cá nhân khác sử dụng có thời hạn một, một số hoặc toàn bộ các quyền quy định tại khoản 1 và khoản 3 Điều 19, khoản 1 Điều 20, khoản 3 Điều 29, khoản 1 Điều 30 và khoản 1 Điều 31 của Luật Sở hữu trí tuệ 2005.

- Tác giả không được chuyển quyền sử dụng quyền nhân thân quy định tại khoản 2 và khoản 4 Điều 19 của Luật Sở hữu trí tuệ 2005. Người biểu diễn không được chuyển quyền sử dụng quyền nhân thân quy định tại khoản 2 Điều 29 của Luật Sở hữu trí tuệ 2005.

-Trong trường hợp tác phẩm, cuộc biểu diễn, bản ghi âm, ghi hình, chương trình phát sóng có đồng chủ sở hữu thì việc chuyển quyền sử dụng quyền liên quan phải có sự thoả thuận của tất cả các đồng chủ sở hữu; trong trường hợp có đồng chủ sở hữu nhưng tác phẩm, cuộc biểu diễn, bản ghi âm, ghi hình, chương trình phát sóng có các phần riêng biệt có thể tách ra sử dụng độc lập thì chủ sở hữu quyền tác giả, chủ sở hữu quyền liên quan có thể chuyển quyền sử dụng quyền tác giả, quyền liên quan đối với phần riêng biệt của mình cho tổ chức, cá nhân khác.

- Tổ chức, cá nhân được chuyển quyền sử dụng quyền liên quan có thể chuyển quyền sử dụng cho tổ chức, cá nhân khác nếu được sự đồng ý của chủ sở hữu quyền tác giả, chủ sở hữu quyền liên quan.

Điều 51. Thẩm quyền cấp, cấp lại, cấp đổi, hủy bỏ hiệu lực Giấy chứng nhận đăng ký quyền tác giả, Giấy chứng nhận đăng ký quyền liên quan

1. Cơ quan quản lý nhà nước về quyền tác giả, quyền liên quan có quyền cấp Giấy chứng nhận đăng ký quyền tác giả, Giấy chứng nhận đăng ký quyền liên quan.

2. Cơ quan nhà nước có thẩm quyền cấp Giấy chứng nhận đăng ký quyền tác giả, Giấy chứng nhận đăng ký quyền liên quan có quyền cấp lại, cấp đổi, hủy bỏ hiệu lực Giấy chứng nhận đăng ký quyền tác giả, Giấy chứng nhận đăng ký quyền liên quan đã cấp.

4. Bộ Văn hóa - Thông tin quy định mẫu Giấy chứng nhận đăng ký quyền tác giả, Giấy chứng nhận đăng ký quyền liên quan.

Điều 47. Quy định chung về chuyển quyền sử dụng quyền tác giả, quyền liên quan

1. Chuyển quyền sử dụng quyền tác giả, quyền liên quan là việc chủ sở hữu quyền tác giả, chủ sở hữu quyền liên quan cho phép tổ chức, cá nhân khác sử dụng có thời hạn một, một số hoặc toàn bộ các quyền quy định tại khoản 1 và khoản 3 Điều 19, khoản 1 Điều 20, khoản 3 Điều 29, khoản 1 Điều 30 và khoản 1 Điều 31 của Luật này.

2. Tác giả không được chuyển quyền sử dụng quyền nhân thân quy định tại khoản 2 và khoản 4 Điều 19 của Luật này. Người biểu diễn không được chuyển quyền sử dụng quyền nhân thân quy định tại khoản 2 Điều 29 của Luật này.

3. Trong trường hợp tác phẩm, cuộc biểu diễn, bản ghi âm, ghi hình, chương trình phát sóng có đồng chủ sở hữu thì việc chuyển quyền sử dụng quyền tác giả, quyền liên quan phải có sự thoả thuận của tất cả các đồng chủ sở hữu; trong trường hợp có đồng chủ sở hữu nhưng tác phẩm, cuộc biểu diễn, bản ghi âm, ghi hình, chương trình phát sóng có các phần riêng biệt có thể tách ra sử dụng độc lập thì chủ sở hữu quyền tác giả, chủ sở hữu quyền liên quan có thể chuyển quyền sử dụng quyền tác giả, quyền liên quan đối với phần riêng biệt của mình cho tổ chức, cá nhân khác.

4. Tổ chức, cá nhân được chuyển quyền sử dụng quyền tác giả, quyền liên quan có thể chuyển quyền sử dụng cho tổ chức, cá nhân khác nếu được sự đồng ý của chủ sở hữu quyền tác giả, chủ sở hữu quyền liên quan.","so-huu-tri-tue","","","","2026-05-15T00:00:00","https://thuvienphapluat.vn/hoi-dap-phap-luat/mau-to-khai-de-nghi-cap-doi-giay-chung-nhan-dang-ky-quyen-lien-quan-nam-2026-tai-ve-o-dau-138090534.html","2026-05-21T20:17:41.419008+00:00"
"138090532","Mẫu lời cam đoan của tác giả, đồng tác giả về sáng tạo tác phẩm là mẫu nào?","Mẫu lời cam đoan của tác giả, đồng tác giả về sáng tạo tác phẩm là mẫu nào?

Những tác phẩm văn học, nghệ thuật nào được bảo hộ quyền tác giả?

Quyền tác giả đối với tác phẩm văn học, nghệ thuật dân gian được quy định như thế nào?

Tại Phụ lục Thông tư 08/2026/TT-BVHTTDL quy định về mẫu lời cam đoan của tác giả, đồng tác giả về sáng tạo tác phẩm như sau:

TẢI VỀ Mẫu lời cam đoan của tác giả, đồng tác giả về sáng tạo tác phẩm

Xem thêm

>>> Mẫu Tờ khai đề nghị cấp Giấy chứng nhận đăng ký quyền tác giả đối với tác phẩm âm nhạc 2026 ra sao?

>>> Mẫu Tờ khai đề nghị cấp Giấy chứng nhận đăng ký quyền tác giả tác phẩm điện ảnh 2026 ra sao?

Mẫu lời cam đoan của tác giả, đồng tác giả về sáng tạo tác phẩm là mẫu nào? (Hình từ Internet)

Căn cứ khoản 1 Điều 14 Luật Sở hữu trí tuệ 2005 được sửa đổi bởi khoản 5 Điều 1 Luật Sở hữu trí tuệ sửa đổi 2009, được sửa đổi bởi điểm a khoản 82 Điều 1 Luật Sở hữu trí tuệ sửa đổi 2022 quy định về các loại hình tác phẩm được bảo hộ quyền tác giả như sau:

Như vậy, tác phẩm văn học, nghệ thuật và khoa học được bảo hộ quyền tác giả bao gồm các tác phẩm sau đây:

- Tác phẩm văn học, khoa học, sách giáo khoa, giáo trình và tác phẩm khác được thể hiện dưới dạng chữ viết hoặc ký tự khác;

- Bài giảng, bài phát biểu và bài nói khác;

- Tác phẩm báo chí;

- Tác phẩm âm nhạc;

- Tác phẩm sân khấu;

- Tác phẩm điện ảnh và tác phẩm được tạo ra theo phương pháp tương tự (sau đây gọi chung là tác phẩm điện ảnh);

- Tác phẩm mỹ thuật, mỹ thuật ứng dụng;

- Tác phẩm nhiếp ảnh;

- Tác phẩm kiến trúc;

- Bản họa đồ, sơ đồ, bản đồ, bản vẽ liên quan đến địa hình, kiến trúc, công trình khoa học;

- Tác phẩm văn học, nghệ thuật dân gian;

- Chương trình máy tính, sưu tập dữ liệu.

Căn cứ Điều 23 Luật Sở hữu trí tuệ 2005 quy định về quyền tác giả đối với tác phẩm văn học, nghệ thuật dân gian như sau:

Như vậy, quyền tác giả đối với tác phẩm văn học, nghệ thuật dân gian được quy định như sau:

- Tác phẩm văn học, nghệ thuật dân gian là sáng tạo tập thể trên nền tảng truyền thống của một nhóm hoặc các cá nhân nhằm phản ánh khát vọng của cộng đồng, thể hiện tương xứng đặc điểm văn hoá và xã hội của họ, các tiêu chuẩn và giá trị được lưu truyền bằng cách mô phỏng hoặc bằng cách khác. Tác phẩm văn học, nghệ thuật dân gian bao gồm:

+ Truyện, thơ, câu đố;

+ Điệu hát, làn điệu âm nhạc;

+ Điệu múa, vở diễn, nghi lễ và các trò chơi;

+ Sản phẩm nghệ thuật đồ hoạ, hội hoạ, điêu khắc, nhạc cụ, hình mẫu kiến trúc và các loại hình nghệ thuật khác được thể hiện dưới bất kỳ hình thức vật chất nào.

- Tổ chức, cá nhân khi sử dụng tác phẩm văn học, nghệ thuật dân gian phải dẫn chiếu xuất xứ của loại hình tác phẩm đó và bảo đảm giữ gìn giá trị đích thực của tác phẩm văn học, nghệ thuật dân gian.

Điều 14. Các loại hình tác phẩm được bảo hộ quyền tác giả

1. Tác phẩm văn học, nghệ thuật và khoa học được bảo hộ bao gồm:

a) Tác phẩm văn học, khoa học, sách giáo khoa, giáo trình và tác phẩm khác được thể hiện dưới dạng chữ viết hoặc ký tự khác;

b) Bài giảng, bài phát biểu và bài nói khác;

c) Tác phẩm báo chí;

d) Tác phẩm âm nhạc;

đ) Tác phẩm sân khấu;

e) Tác phẩm điện ảnh và tác phẩm được tạo ra theo phương pháp tương tự (sau đây gọi chung là tác phẩm điện ảnh);

g) Tác phẩm mỹ thuật, mỹ thuật ứng dụng;

h) Tác phẩm nhiếp ảnh;

i) Tác phẩm kiến trúc;

k) Bản họa đồ, sơ đồ, bản đồ, bản vẽ liên quan đến địa hình, kiến trúc, công trình khoa học;

l) Tác phẩm văn học, nghệ thuật dân gian;

m) Chương trình máy tính, sưu tập dữ liệu.

[...]

Điều 23. Quyền tác giả đối với tác phẩm văn học, nghệ thuật dân gian

1. Tác phẩm văn học, nghệ thuật dân gian là sáng tạo tập thể trên nền tảng truyền thống của một nhóm hoặc các cá nhân nhằm phản ánh khát vọng của cộng đồng, thể hiện tương xứng đặc điểm văn hoá và xã hội của họ, các tiêu chuẩn và giá trị được lưu truyền bằng cách mô phỏng hoặc bằng cách khác. Tác phẩm văn học, nghệ thuật dân gian bao gồm:

a) Truyện, thơ, câu đố;

b) Điệu hát, làn điệu âm nhạc;

c) Điệu múa, vở diễn, nghi lễ và các trò chơi;

d) Sản phẩm nghệ thuật đồ hoạ, hội hoạ, điêu khắc, nhạc cụ, hình mẫu kiến trúc và các loại hình nghệ thuật khác được thể hiện dưới bất kỳ hình thức vật chất nào.

2. Tổ chức, cá nhân khi sử dụng tác phẩm văn học, nghệ thuật dân gian phải dẫn chiếu xuất xứ của loại hình tác phẩm đó và bảo đảm giữ gìn giá trị đích thực của tác phẩm văn học, nghệ thuật dân gian.","so-huu-tri-tue","","","","2026-05-15T00:00:00","https://thuvienphapluat.vn/hoi-dap-phap-luat/mau-loi-cam-doan-cua-tac-gia-dong-tac-gia-ve-sang-tao-tac-pham-la-mau-nao-138090532.html","2026-05-21T20:17:50.740345+00:00"
"138090530","Mẫu AI05a Báo cáo định kỳ về tình hình thử nghiệm hệ thống trí tuệ nhân tạo dành cho tổ chức tải miễn phí ở đâu?","Mẫu AI05a Báo cáo định kỳ về tình hình thử nghiệm hệ thống trí tuệ nhân tạo dành cho tổ chức tải miễn phí ở đâu?

Hoạt động trí tuệ nhân tạo phải tuân thủ nguyên tắc nào?

Phát triển, cung cấp, triển khai hoặc sử dụng các hệ thống trí tuệ nhân tạo nhằm mục đích nào bị nghiêm cấm?

Căn cứ Nghị định 142/2026/NĐ-CP Mẫu Báo cáo định kỳ về tình hình thử nghiệm hệ thống trí tuệ nhân tạo là mẫu AI05a. Chi tiết như sau:

TẢI VỀ Mẫu AI05a Báo cáo định kỳ về tình hình thử nghiệm hệ thống trí tuệ nhân tạo dành cho tổ chức

Xem thêm

>>> Cơ sở ban hành Khung đạo đức trí tuệ nhân tạo quốc gia là gì?

>>> Theo Nghị quyết số 57-NQ/TW ngày 22/12/2024 mục tiêu đến năm 2030 của Việt Nam về nghiên cứu và phát triển trí tuệ nhân tạo, công nghiệp công nghệ số là gì?

Mẫu AI05a Báo cáo định kỳ về tình hình thử nghiệm hệ thống trí tuệ nhân tạo dành cho tổ chức tải miễn phí ở đâu? (Hình từ Internet)

Căn cứ Điều 4 Luật Trí tuệ nhân tạo 2025 quy định về nguyên tắc cơ bản trong hoạt động trí tuệ nhân tạo như sau:

Như vậy, hoạt động trí tuệ nhân tạo phải tuân thủ nguyên tắc sau đây:

- Lấy con người làm trung tâm; bảo đảm quyền con người, quyền riêng tư, lợi ích quốc gia, lợi ích công cộng và an ninh quốc gia; tuân thủ Hiến pháp và pháp luật.

- Trí tuệ nhân tạo phục vụ con người, không thay thế thẩm quyền và trách nhiệm của con người. Bảo đảm duy trì sự kiểm soát và khả năng can thiệp của con người đối với mọi quyết định và hành vi của hệ thống trí tuệ nhân tạo; an toàn hệ thống, an ninh dữ liệu và bảo mật thông tin; khả năng kiểm tra và giám sát quá trình phát triển và vận hành hệ thống trí tuệ nhân tạo.

- Bảo đảm công bằng, minh bạch, không thiên lệch, không phân biệt đối xử và không gây hại cho con người hoặc xã hội; tuân thủ chuẩn mực đạo đức và giá trị văn hóa Việt Nam; thực hiện trách nhiệm giải trình về các quyết định và hệ quả của hệ thống trí tuệ nhân tạo.

- Thúc đẩy phát triển trí tuệ nhân tạo xanh, bao trùm và bền vững; khuyến khích phát triển và ứng dụng các công nghệ trí tuệ nhân tạo theo hướng sử dụng hiệu quả năng lượng, tiết kiệm tài nguyên và giảm tác động tiêu cực đến môi trường.

Căn cứ khoản 2 Điều 7 Luật Trí tuệ nhân tạo 2025 quy định về các hành vi bị nghiêm cấm như sau:

Như vậy, phát triển, cung cấp, triển khai hoặc sử dụng các hệ thống trí tuệ nhân tạo nhằm mục đích sau đây bị nghiêm cấm:

- Thực hiện các hành vi bị nghiêm cấm theo quy định của luật;

- Sử dụng yếu tố giả mạo hoặc mô phỏng người, sự kiện thật để lừa dối hoặc thao túng nhận thức, hành vi của con người một cách có chủ đích và có hệ thống, gây tổn hại nghiêm trọng đến quyền, lợi ích hợp pháp của con người;

- Lợi dụng điểm yếu của nhóm người dễ bị tổn thương, bao gồm trẻ em, người cao tuổi, người khuyết tật, người dân tộc thiểu số hoặc người mất năng lực hành vi dân sự, người bị hạn chế năng lực hành vi dân sự, người có khó khăn trong nhận thức, làm chủ hành vi để gây tổn hại cho chính họ hoặc người khác;

- Tạo ra hoặc phổ biến nội dung giả mạo có khả năng gây nguy hại nghiêm trọng đến an ninh quốc gia, trật tự, an toàn xã hội.

Điều 4. Nguyên tắc cơ bản trong hoạt động trí tuệ nhân tạo

1. Lấy con người làm trung tâm; bảo đảm quyền con người, quyền riêng tư, lợi ích quốc gia, lợi ích công cộng và an ninh quốc gia; tuân thủ Hiến pháp và pháp luật.

2. Trí tuệ nhân tạo phục vụ con người, không thay thế thẩm quyền và trách nhiệm của con người. Bảo đảm duy trì sự kiểm soát và khả năng can thiệp của con người đối với mọi quyết định và hành vi của hệ thống trí tuệ nhân tạo; an toàn hệ thống, an ninh dữ liệu và bảo mật thông tin; khả năng kiểm tra và giám sát quá trình phát triển và vận hành hệ thống trí tuệ nhân tạo.

3. Bảo đảm công bằng, minh bạch, không thiên lệch, không phân biệt đối xử và không gây hại cho con người hoặc xã hội; tuân thủ chuẩn mực đạo đức và giá trị văn hóa Việt Nam; thực hiện trách nhiệm giải trình về các quyết định và hệ quả của hệ thống trí tuệ nhân tạo.

4. Thúc đẩy phát triển trí tuệ nhân tạo xanh, bao trùm và bền vững; khuyến khích phát triển và ứng dụng các công nghệ trí tuệ nhân tạo theo hướng sử dụng hiệu quả năng lượng, tiết kiệm tài nguyên và giảm tác động tiêu cực đến môi trường.

Điều 7. Các hành vi bị nghiêm cấm

[...]

2. Phát triển, cung cấp, triển khai hoặc sử dụng các hệ thống trí tuệ nhân tạo nhằm mục đích sau đây:

a) Thực hiện các hành vi bị nghiêm cấm theo quy định của luật;

b) Sử dụng yếu tố giả mạo hoặc mô phỏng người, sự kiện thật để lừa dối hoặc thao túng nhận thức, hành vi của con người một cách có chủ đích và có hệ thống, gây tổn hại nghiêm trọng đến quyền, lợi ích hợp pháp của con người;

c) Lợi dụng điểm yếu của nhóm người dễ bị tổn thương, bao gồm trẻ em, người cao tuổi, người khuyết tật, người dân tộc thiểu số hoặc người mất năng lực hành vi dân sự, người bị hạn chế năng lực hành vi dân sự, người có khó khăn trong nhận thức, làm chủ hành vi để gây tổn hại cho chính họ hoặc người khác;

d) Tạo ra hoặc phổ biến nội dung giả mạo có khả năng gây nguy hại nghiêm trọng đến an ninh quốc gia, trật tự, an toàn xã hội.

[...]","so-huu-tri-tue","","","","2026-05-14T00:00:00","https://thuvienphapluat.vn/hoi-dap-phap-luat/mau-ai05a-bao-cao-dinh-ky-ve-tinh-hinh-thu-nghiem-he-thong-tri-tue-nhan-tao-danh-cho-to-chuc-tai-mi-138090530.html","2026-05-21T20:17:57.405251+00:00"
"138090109","Cách tra cứu nhãn hiệu đăng ký sở hữu trí tuệ Online qua hệ thống Wipo năm 2026 thế nào?","Cách tra cứu nhãn hiệu đăng ký sở hữu trí tuệ Online qua hệ thống Wipo năm 2026 thế nào?

Tòa án áp dụng những biện pháp dân sự nào để xử lý xâm phạm quyền sở hữu trí tuệ?

Giới hạn quyền sở hữu trí tuệ trong phạm vi nào?

Căn cứ tại khoản 6 Điều 93 Luật Sở hữu trí tuệ 2005 quy định về thời gian bảo hộ nhãn hiệu là 10 năm và có thể gia hạn nhiều lần liên tiếp, mỗi lần 10 năm.

Cách tra cứu nhãn hiệu đăng ký sở hữu trí tuệ Online qua hệ thống Wipo năm 2026 - Tra cứu nhãn hiệu trên WIPO

Bước 1: Truy cập http://wipopublish.ipvietnam.gov.vn/

Bước 2: Nhập thông tin tra cứu. Chọn mục ""Tra cứu nhãn hiệu"".

Bước 3: Nhập thông tin cần tra cứu: Nhãn hiệu: Nhập tên thương hiệu hoặc từ khóa sản phẩm. Nhóm sản phẩm/dịch vụ: Nhập nhóm hàng hóa (theo phân loại Nice - nếu biết) để kết quả chính xác hơn.

- Đối với nhãn hiệu đã đăng ký, người dùng cần nhập thông tin vào các trường:

+ Tên nhãn hiệu cần tìm kiếm

+ Thông tin người đại diện đã đăng ký

+ Thông tin người nộp đơn đăng ký

- Đối với nhãn hiệu có khả năng trùng lặp, cần nhập:

+ Tên nhãn hiệu hoặc thương hiệu cần tìm kiếm

+ Nhóm sản phẩm hoặc dịch vụ cần tìm kiếm

+ Thông tin sản phẩm hoặc dịch vụ theo loại hình nhãn hiệu

Lưu ý: Kết quả tra cứu chỉ mang tính tham khảo và thường chỉ chính xác khoảng 50-60% do dữ liệu của Cục Sở Hữu Trí Tuệ không được cập nhật trong vòng 3 tháng tính từ ngày nộp đơn.

Trên đây là thông tin: Cách tra cứu nhãn hiệu đăng ký sở hữu trí tuệ Online qua hệ thống Wipo năm 2026 thế nào? Tra cứu bảo hộ sở hữu trí tuệ? Tra cứu nhãn hiệu trên WIPO?

Xem thêm:

>>> Doanh nghiệp được khuyến khích góp vốn, thế chấp vay vốn bằng quyền sở hữu trí tuệ?

>>> Chia sẻ tác phẩm văn học mà không được sự đồng ý của chủ thể quyền sở hữu trí tuệ đăng trên mạng xã hội bị xử phạt bao nhiêu tiền?

Cách tra cứu nhãn hiệu đăng ký sở hữu trí tuệ Online qua hệ thống Wipo năm 2026 thế nào? Tra cứu bảo hộ sở hữu trí tuệ? (Hình từ Internet)

Căn cứ theo Điều 202 Luật Sở hữu trí tuệ 2005 được sửa đổi, bổ sung bởi khoản 67 Điều 1 Luật Sở hữu trí tuệ sửa đổi 2025 quy định về toà án áp dụng các biện pháp dân sự sau đây để xử lý tổ chức, cá nhân có hành vi xâm phạm quyền sở hữu trí tuệ bao gồm:

(1) Buộc chấm dứt hành vi xâm phạm;

(2) Buộc xin lỗi, cải chính công khai;

(3) Buộc thực hiện nghĩa vụ dân sự;

(4) Buộc bồi thường thiệt hại;

(5) Buộc tiêu hủy hoặc buộc phân phối hoặc đưa vào sử dụng không nhằm mục đích thương mại đối với hàng hóa, nguyên liệu, vật liệu và phương tiện được sử dụng chủ yếu để sản xuất, kinh doanh hàng hóa xâm phạm quyền sở hữu trí tuệ với điều kiện không làm ảnh hưởng đến khả năng khai thác quyền của chủ thể quyền sở hữu trí tuệ, trừ trường hợp quy định tại (6).

(6) Buộc tiêu hủy hàng hóa giả mạo nhãn hiệu và hàng hóa sao chép lậu, trừ một số trường hợp đặc biệt do Chính phủ quy định; buộc tiêu hủy hoặc buộc phân phối hoặc đưa vào sử dụng không nhằm mục đích thương mại đối với nguyên liệu, vật liệu và phương tiện được sử dụng để sản xuất hàng hóa giả mạo nhãn hiệu và hàng hóa sao chép lậu với điều kiện không làm ảnh hưởng đến khả năng khai thác quyền của chủ thể quyền sở hữu trí tuệ.

(7) Buộc gỡ bỏ, ẩn hoặc vô hiệu hóa truy cập đến thông tin, nội dung, tài khoản, trang thông tin điện tử, ứng dụng hoặc các định danh địa chỉ Internet có liên quan đến hành vi xâm phạm quyền sở hữu trí tuệ.

Căn cứ theo Điều 7 Luật Sở hữu trí tuệ 2005 được sửa đổi, bổ sung bởi khoản 3 Điều 1 Luật Sở hữu trí tuệ sửa đổi 2025 quy định về giới hạn quyền sở hữu trí tuệ trong phạm vi sau:

- Chủ thể quyền sở hữu trí tuệ chỉ được thực hiện quyền của mình trong phạm vi và thời hạn bảo hộ theo quy định của Luật Sở hữu trí tuệ 2005.

- Việc khai thác, bảo vệ quyền sở hữu trí tuệ không được xâm phạm lợi ích của Nhà nước, lợi ích công cộng, quyền và lợi ích hợp pháp của tổ chức, cá nhân khác và phải tuân thủ quy định của Luật Sở hữu trí tuệ 2005 và quy định khác của pháp luật có liên quan.

Tổ chức, cá nhân thực hiện quyền sở hữu trí tuệ liên quan đến Quốc kỳ, Quốc huy, Quốc ca nước Cộng hòa xã hội chủ nghĩa Việt Nam không được ngăn chặn, cản trở việc phổ biến, sử dụng Quốc kỳ, Quốc huy, Quốc ca.

- Trong trường hợp nhằm bảo đảm mục tiêu quốc phòng, an ninh quốc gia, trật tự, an toàn xã hội, đạo đức xã hội, sức khỏe của cộng đồng quy định tại Luật Sở hữu trí tuệ 2005, Nhà nước có quyền cấm hoặc hạn chế chủ thể quyền sở hữu trí tuệ thực hiện quyền của mình hoặc buộc chủ thể quyền sở hữu trí tuệ phải cho phép tổ chức, cá nhân khác sử dụng một hoặc một số quyền của mình với những điều kiện phù hợp; việc giới hạn quyền đối với sáng chế thuộc bí mật nhà nước được thực hiện theo quy định của Chính phủ; việc giới hạn quyền đối với đối tượng quyền sở hữu trí tuệ là kết quả của nhiệm vụ khoa học, công nghệ và đổi mới sáng tạo sử dụng ngân sách nhà nước thực hiện theo quy định của Luật Khoa học, công nghệ và đổi mới sáng tạo.

- Trường hợp một đối tượng mà có nhiều quyền sở hữu trí tuệ phát sinh hoặc được xác lập theo quy định tại Điều 6 Luật Sở hữu trí tuệ 2005, quyền sở hữu trí tuệ phát sinh sau hoặc được xác lập sau đối với đối tượng đó bị buộc chấm dứt thực hiện khi việc thực hiện quyền sở hữu trí tuệ phát sinh sau hoặc được xác lập sau mâu thuẫn với việc khai thác bình thường quyền sở hữu trí tuệ đã phát sinh trước hoặc được xác lập trước. Việc chấm dứt thực hiện quyền sở hữu trí tuệ theo quy định tại khoản này do Tòa án quyết định. Chính phủ quy định chi tiết khoản này.

- Tổ chức, cá nhân được sử dụng văn bản và dữ liệu về đối tượng quyền sở hữu trí tuệ đã được công bố hợp pháp và công chúng được phép tiếp cận để phục vụ mục đích nghiên cứu khoa học, thử nghiệm, huấn luyện hệ thống trí tuệ nhân tạo, với điều kiện việc sử dụng này không ảnh hưởng bất hợp lý đến quyền và lợi ích hợp pháp của tác giả, chủ sở hữu quyền sở hữu trí tuệ theo quy định của Luật Sở hữu trí tuệ 2005.

Đối với văn bản và dữ liệu là đối tượng được bảo hộ quyền tác giả và quyền liên quan, việc sử dụng văn bản và dữ liệu theo quy định tại khoản này còn phải thực hiện theo quy định của Chính phủ.","so-huu-tri-tue","","","","2026-05-14T00:00:00","https://thuvienphapluat.vn/hoi-dap-phap-luat/cach-tra-cuu-nhan-hieu-dang-ky-so-huu-tri-tue-online-qua-he-thong-wipo-nam-2026-the-nao-138090109.html","2026-05-21T20:18:07.348390+00:00"
"138090531","Mẫu Bản mô tả và lời cam đoan về việc sử dụng hệ thống trí tuệ nhân tạo trong quá trình sáng tác tác phẩm là mẫu nào?","Mẫu Bản mô tả và lời cam đoan về việc sử dụng hệ thống trí tuệ nhân tạo trong quá trình sáng tác tác phẩm là mẫu nào?

Tác phẩm văn học, nghệ thuật và khoa học được bảo hộ quyền tác giả bao gồm các tác phẩm nào?

Quyền tác giả đối với tác phẩm điện ảnh được quy định như thế nào?

Tại Phụ lục ban hành kèm theo Thông tư 08/2026/TT-BVHTTDL có quy định về Mẫu Bản mô tả và lời cam đoan về việc sử dụng hệ thống trí tuệ nhân tạo trong quá trình sáng tác tác phẩm như sau:

TẢI VỀ Mẫu Bản mô tả và lời cam đoan về việc sử dụng hệ thống trí tuệ nhân tạo trong quá trình sáng tác tác phẩm

Xem thêm

>>> Cơ sở ban hành Khung đạo đức trí tuệ nhân tạo quốc gia là gì?

>>> Theo Nghị quyết số 57-NQ/TW ngày 22/12/2024 mục tiêu đến năm 2030 của Việt Nam về nghiên cứu và phát triển trí tuệ nhân tạo, công nghiệp công nghệ số là gì?

Mẫu Bản mô tả và lời cam đoan về việc sử dụng hệ thống trí tuệ nhân tạo trong quá trình sáng tác tác phẩm là mẫu nào? (Hình từ Internet)

Căn cứ khoản 1 Điều 14 Luật Sở hữu trí tuệ 2005 được sửa đổi bởi khoản 5 Điều 1 Luật Sở hữu trí tuệ sửa đổi 2009, được sửa đổi bởi điểm a khoản 82 Điều 1 Luật Sở hữu trí tuệ sửa đổi 2022 quy định về các loại hình tác phẩm được bảo hộ quyền tác giả như sau:

Như vậy, tác phẩm văn học, nghệ thuật và khoa học được bảo hộ quyền tác giả bao gồm các tác phẩm sau đây:

- Tác phẩm văn học, khoa học, sách giáo khoa, giáo trình và tác phẩm khác được thể hiện dưới dạng chữ viết hoặc ký tự khác;

- Bài giảng, bài phát biểu và bài nói khác;

- Tác phẩm báo chí;

- Tác phẩm âm nhạc;

- Tác phẩm sân khấu;

- Tác phẩm điện ảnh và tác phẩm được tạo ra theo phương pháp tương tự (sau đây gọi chung là tác phẩm điện ảnh);

- Tác phẩm mỹ thuật, mỹ thuật ứng dụng;

- Tác phẩm nhiếp ảnh;

- Tác phẩm kiến trúc;

- Bản họa đồ, sơ đồ, bản đồ, bản vẽ liên quan đến địa hình, kiến trúc, công trình khoa học;

- Tác phẩm văn học, nghệ thuật dân gian;

- Chương trình máy tính, sưu tập dữ liệu.

Căn cứ khoản 1 Điều 21 Luật Sở hữu trí tuệ 2005 được sửa đổi bởi khoản 5 Điều 1 Luật Sở hữu trí tuệ sửa đổi 2022 quy định về quyền tác giả đối với tác phẩm điện ảnh, tác phẩm sân khấu như sau:

Như vậy, quyền tác giả đối với tác phẩm điện ảnh được quy định như sau:

- Biên kịch, đạo diễn được hưởng quyền quy định tại các khoản 1, 2 và 4 Điều 19 Luật Sở hữu trí tuệ 2005;

- Quay phim, dựng phim, sáng tác âm nhạc, thiết kế mỹ thuật, thiết kế âm thanh, ánh sáng, kỹ xảo, diễn viên điện ảnh và những người thực hiện các công việc khác có tính sáng tạo đối với tác phẩm điện ảnh được hưởng quyền quy định tại khoản 2 Điều 19 của Luật Sở hữu trí tuệ 2005;

- Tổ chức, cá nhân đầu tư tài chính và cơ sở vật chất - kỹ thuật để sản xuất tác phẩm điện ảnh là chủ sở hữu các quyền quy định tại khoản 3 Điều 19 và khoản 1 Điều 20 Luật Sở hữu trí tuệ 2005, trừ trường hợp có thỏa thuận khác bằng văn bản; có nghĩa vụ trả tiền bản quyền, các quyền lợi vật chất khác (nếu có) theo hợp đồng với những người quy định tại điểm a và điểm b khoản này;

- Tổ chức, cá nhân đầu tư tài chính và cơ sở vật chất - kỹ thuật để sản xuất tác phẩm điện ảnh có thể thỏa thuận với những người quy định tại điểm a khoản này về việc đặt tên, sửa đổi tác phẩm;

- Trường hợp kịch bản, tác phẩm âm nhạc trong tác phẩm điện ảnh được sử dụng độc lập thì tác giả, chủ sở hữu quyền tác giả của kịch bản, tác phẩm âm nhạc được hưởng quyền tác giả một cách độc lập đối với kịch bản, tác phẩm âm nhạc đó, trừ trường hợp có thỏa thuận khác bằng văn bản.

Điều 14. Các loại hình tác phẩm được bảo hộ quyền tác giả

1. Tác phẩm văn học, nghệ thuật và khoa học được bảo hộ bao gồm:

a) Tác phẩm văn học, khoa học, sách giáo khoa, giáo trình và tác phẩm khác được thể hiện dưới dạng chữ viết hoặc ký tự khác;

b) Bài giảng, bài phát biểu và bài nói khác;

c) Tác phẩm báo chí;

d) Tác phẩm âm nhạc;

đ) Tác phẩm sân khấu;

e) Tác phẩm điện ảnh và tác phẩm được tạo ra theo phương pháp tương tự (sau đây gọi chung là tác phẩm điện ảnh);

g) Tác phẩm mỹ thuật, mỹ thuật ứng dụng;

h) Tác phẩm nhiếp ảnh;

i) Tác phẩm kiến trúc;

k) Bản họa đồ, sơ đồ, bản đồ, bản vẽ liên quan đến địa hình, kiến trúc, công trình khoa học;

l) Tác phẩm văn học, nghệ thuật dân gian;

m) Chương trình máy tính, sưu tập dữ liệu.

[...]

Điều 21. Quyền tác giả đối với tác phẩm điện ảnh, tác phẩm sân khấu

1. Quyền tác giả đối với tác phẩm điện ảnh được quy định như sau:

a) Biên kịch, đạo diễn được hưởng quyền quy định tại các khoản 1, 2 và 4 Điều 19 của Luật này;

b) Quay phim, dựng phim, sáng tác âm nhạc, thiết kế mỹ thuật, thiết kế âm thanh, ánh sáng, kỹ xảo, diễn viên điện ảnh và những người thực hiện các công việc khác có tính sáng tạo đối với tác phẩm điện ảnh được hưởng quyền quy định tại khoản 2 Điều 19 của Luật này;

c) Tổ chức, cá nhân đầu tư tài chính và cơ sở vật chất - kỹ thuật để sản xuất tác phẩm điện ảnh là chủ sở hữu các quyền quy định tại khoản 3 Điều 19 và khoản 1 Điều 20 của Luật này, trừ trường hợp có thỏa thuận khác bằng văn bản; có nghĩa vụ trả tiền bản quyền, các quyền lợi vật chất khác (nếu có) theo hợp đồng với những người quy định tại điểm a và điểm b khoản này;

d) Tổ chức, cá nhân đầu tư tài chính và cơ sở vật chất - kỹ thuật để sản xuất tác phẩm điện ảnh có thể thỏa thuận với những người quy định tại điểm a khoản này về việc đặt tên, sửa đổi tác phẩm;

đ) Trường hợp kịch bản, tác phẩm âm nhạc trong tác phẩm điện ảnh được sử dụng độc lập thì tác giả, chủ sở hữu quyền tác giả của kịch bản, tác phẩm âm nhạc được hưởng quyền tác giả một cách độc lập đối với kịch bản, tác phẩm âm nhạc đó, trừ trường hợp có thỏa thuận khác bằng văn bản.","so-huu-tri-tue","","","","2026-05-14T00:00:00","https://thuvienphapluat.vn/hoi-dap-phap-luat/mau-ban-mo-ta-va-loi-cam-doan-ve-viec-su-dung-he-thong-tri-tue-nhan-tao-trong-qua-trinh-sang-tac-ta-138090531.html","2026-05-21T20:18:15.789959+00:00"
"138090529","Mẫu AI02 Báo cáo đánh giá tác động khi sử dụng hệ thống trí tuệ nhân tạo trong cơ quan nhà nước là mẫu nào?","Mẫu AI02 Báo cáo đánh giá tác động khi sử dụng hệ thống trí tuệ nhân tạo trong cơ quan nhà nước là mẫu nào?

Nhà nước có những chính sách nào đối với hoạt động trí tuệ nhân tạo?

Lợi dụng, chiếm đoạt hệ thống trí tuệ nhân tạo để thực hiện hành vi xâm phạm quyền, lợi ích hợp pháp của tổ chức, cá nhân có bị nghiêm cấm không?

Căn cứ theo Nghị định 142/2026/NĐ-CP mẫu Báo cáo đánh giá tác động khi sử dụng hệ thống trí tuệ nhân tạo trong cơ quan nhà nước là mẫu AI02, chi tiết như sau:

TẢI VỀ Mẫu AI02 Báo cáo đánh giá tác động khi sử dụng hệ thống trí tuệ nhân tạo trong cơ quan nhà nước

Xem thêm

>>> Cơ sở ban hành Khung đạo đức trí tuệ nhân tạo quốc gia là gì?

>>> Theo Nghị quyết số 57-NQ/TW ngày 22/12/2024 mục tiêu đến năm 2030 của Việt Nam về nghiên cứu và phát triển trí tuệ nhân tạo, công nghiệp công nghệ số là gì?

Mẫu AI02 Báo cáo đánh giá tác động khi sử dụng hệ thống trí tuệ nhân tạo trong cơ quan nhà nước là mẫu nào? (Hình từ Internet)

Căn cứ Điều 5 Luật Trí tuệ nhân tạo 2025 quy định về chính sách của Nhà nước đối với hoạt động trí tuệ nhân tạo như sau:

Như vậy, Nhà nước có những chính sách sau đây đối với hoạt động trí tuệ nhân tạo:

- Có chính sách phát triển trí tuệ nhân tạo để trở thành động lực quan trọng cho tăng trưởng, đổi mới sáng tạo và phát triển bền vững đất nước.

- Khuyến khích thử nghiệm công nghệ có kiểm soát; áp dụng biện pháp quản lý tương xứng với mức độ rủi ro và khuyến khích cơ chế tự nguyện tuân thủ.

- Có chính sách bảo đảm quyền và tạo điều kiện tiếp cận, học tập và thụ hưởng lợi ích từ trí tuệ nhân tạo của tổ chức, cá nhân; khuyến khích phát triển và ứng dụng trí tuệ nhân tạo phục vụ an sinh xã hội, hỗ trợ người khuyết tật, người nghèo, người dân tộc thiểu số để thu hẹp khoảng cách số; bảo tồn, phát huy và giữ gìn bản sắc văn hóa dân tộc.

- Ưu tiên đầu tư và huy động nguồn lực xã hội để phát triển hạ tầng dữ liệu, hạ tầng tính toán, trí tuệ nhân tạo an toàn, nguồn nhân lực chất lượng cao và các nền tảng trí tuệ nhân tạo dùng chung mang tính chiến lược quốc gia.

- Ưu tiên ứng dụng trí tuệ nhân tạo trong hoạt động quản lý, điều hành, cung cấp dịch vụ công, hỗ trợ ra quyết định của cơ quan nhà nước nhằm nâng cao hiệu quả, tính minh bạch, chất lượng phục vụ người dân, doanh nghiệp; khuyến khích ứng dụng rộng rãi trong các ngành, lĩnh vực kinh tế - xã hội nhằm nâng cao năng suất, chất lượng dịch vụ và hiệu quả quản lý.

- Khuyến khích các tổ chức, mạng lưới và sáng kiến xã hội thúc đẩy an toàn, đạo đức, tin cậy và xây dựng niềm tin xã hội trong phát triển trí tuệ nhân tạo.

- Thúc đẩy ứng dụng trí tuệ nhân tạo trong hoạt động của doanh nghiệp và các lĩnh vực kinh tế - xã hội trọng điểm; phát triển hệ sinh thái khởi nghiệp, đổi mới sáng tạo; khuyến khích hợp tác công tư.

- Chủ động hội nhập, hợp tác quốc tế; tham gia xây dựng và định hình chuẩn mực, khung quản trị toàn cầu; bảo đảm lợi ích và chủ quyền quốc gia trong lĩnh vực trí tuệ nhân tạo.

Căn cứ khoản 1 Điều 7 Luật Trí tuệ nhân tạo 2025 quy định về các hành vi bị nghiêm cấm như sau:

Như vậy, lợi dụng, chiếm đoạt hệ thống trí tuệ nhân tạo để thực hiện hành vi xâm phạm quyền, lợi ích hợp pháp của tổ chức, cá nhân bị nghiêm cấm.

Điều 5. Chính sách của Nhà nước đối với hoạt động trí tuệ nhân tạo

1. Có chính sách phát triển trí tuệ nhân tạo để trở thành động lực quan trọng cho tăng trưởng, đổi mới sáng tạo và phát triển bền vững đất nước.

2. Khuyến khích thử nghiệm công nghệ có kiểm soát; áp dụng biện pháp quản lý tương xứng với mức độ rủi ro và khuyến khích cơ chế tự nguyện tuân thủ.

3. Có chính sách bảo đảm quyền và tạo điều kiện tiếp cận, học tập và thụ hưởng lợi ích từ trí tuệ nhân tạo của tổ chức, cá nhân; khuyến khích phát triển và ứng dụng trí tuệ nhân tạo phục vụ an sinh xã hội, hỗ trợ người khuyết tật, người nghèo, người dân tộc thiểu số để thu hẹp khoảng cách số; bảo tồn, phát huy và giữ gìn bản sắc văn hóa dân tộc.

4. Ưu tiên đầu tư và huy động nguồn lực xã hội để phát triển hạ tầng dữ liệu, hạ tầng tính toán, trí tuệ nhân tạo an toàn, nguồn nhân lực chất lượng cao và các nền tảng trí tuệ nhân tạo dùng chung mang tính chiến lược quốc gia.

5. Ưu tiên ứng dụng trí tuệ nhân tạo trong hoạt động quản lý, điều hành, cung cấp dịch vụ công, hỗ trợ ra quyết định của cơ quan nhà nước nhằm nâng cao hiệu quả, tính minh bạch, chất lượng phục vụ người dân, doanh nghiệp; khuyến khích ứng dụng rộng rãi trong các ngành, lĩnh vực kinh tế - xã hội nhằm nâng cao năng suất, chất lượng dịch vụ và hiệu quả quản lý.

6. Khuyến khích các tổ chức, mạng lưới và sáng kiến xã hội thúc đẩy an toàn, đạo đức, tin cậy và xây dựng niềm tin xã hội trong phát triển trí tuệ nhân tạo.

7. Thúc đẩy ứng dụng trí tuệ nhân tạo trong hoạt động của doanh nghiệp và các lĩnh vực kinh tế - xã hội trọng điểm; phát triển hệ sinh thái khởi nghiệp, đổi mới sáng tạo; khuyến khích hợp tác công tư.

8. Chủ động hội nhập, hợp tác quốc tế; tham gia xây dựng và định hình chuẩn mực, khung quản trị toàn cầu; bảo đảm lợi ích và chủ quyền quốc gia trong lĩnh vực trí tuệ nhân tạo.

Điều 7. Các hành vi bị nghiêm cấm

1. Lợi dụng, chiếm đoạt hệ thống trí tuệ nhân tạo để thực hiện hành vi vi phạm pháp luật, xâm phạm quyền, lợi ích hợp pháp của tổ chức, cá nhân.

2. Phát triển, cung cấp, triển khai hoặc sử dụng các hệ thống trí tuệ nhân tạo nhằm mục đích sau đây:

a) Thực hiện các hành vi bị nghiêm cấm theo quy định của luật;

b) Sử dụng yếu tố giả mạo hoặc mô phỏng người, sự kiện thật để lừa dối hoặc thao túng nhận thức, hành vi của con người một cách có chủ đích và có hệ thống, gây tổn hại nghiêm trọng đến quyền, lợi ích hợp pháp của con người;

c) Lợi dụng điểm yếu của nhóm người dễ bị tổn thương, bao gồm trẻ em, người cao tuổi, người khuyết tật, người dân tộc thiểu số hoặc người mất năng lực hành vi dân sự, người bị hạn chế năng lực hành vi dân sự, người có khó khăn trong nhận thức, làm chủ hành vi để gây tổn hại cho chính họ hoặc người khác;

d) Tạo ra hoặc phổ biến nội dung giả mạo có khả năng gây nguy hại nghiêm trọng đến an ninh quốc gia, trật tự, an toàn xã hội.

[...]","so-huu-tri-tue","","","","2026-05-13T00:00:00","https://thuvienphapluat.vn/hoi-dap-phap-luat/mau-ai02-bao-cao-danh-gia-tac-dong-khi-su-dung-he-thong-tri-tue-nhan-tao-trong-co-quan-nha-nuoc-la--138090529.html","2026-05-21T20:20:12.605258+00:00"
"138090372","Mẫu Tờ khai đề nghị cấp lại Giấy chứng nhận đăng ký quyền tác giả tải về ở đâu?","Năm 2026 Mẫu Tờ khai đề nghị cấp lại Giấy chứng nhận đăng ký quyền tác giả tải về ở đâu?

Cấp lại Giấy chứng nhận đăng ký quyền tác giả trong trường hợp nào?

Hồ sơ đăng ký quyền tác giả bao gồm các tài liệu nào?

Mẫu Tờ khai đề nghị cấp lại Giấy chứng nhận đăng ký quyền tác giả là Mẫu số 10 ban hành kèm theo Thông tư 08/2026/TT-BVHTTDL chi tiết như sau:

TẢI VỀMẫu Tờ khai đề nghị cấp lại Giấy chứng nhận đăng ký quyền tác giả

Xem thêm

>>> Mẫu Tờ khai đề nghị cấp Giấy chứng nhận đăng ký quyền tác giả tác phẩm điện ảnh 2026 ra sao?

>>> Mẫu Tờ khai đề nghị cấp Giấy chứng nhận đăng ký quyền tác giả đối với tác phẩm âm nhạc 2026 ra sao?

Năm 2026 Mẫu Tờ khai đề nghị cấp lại Giấy chứng nhận đăng ký quyền tác giả tải về ở đâu? (Hình từ Internet)

Căn cứ khoản 1 Điều 55 Luật Sở hữu trí tuệ 2005 được sửa đổi bởi khoản 16 Điều 1 Luật Sở hữu trí tuệ sửa đổi 2022, được sửa đổi bởi điểm a khoản 17 Điều 1 Luật Sở hữu trí tuệ sửa đổi 2025 quy định về cấp lại, cấp đổi, hủy bỏ hiệu lực Giấy chứng nhận đăng ký quyền tác giả, Giấy chứng nhận đăng ký quyền liên quan như sau:

Như vậy, cấp lại Giấy chứng nhận đăng ký quyền tác giả trong trường hợp sau: bị mất, hư hỏng.

Căn cứ khoản 2 Điều 50 Luật Sở hữu trí tuệ 2005 được sửa đổi bởi khoản 14 Điều 1 Luật Sở hữu trí tuệ sửa đổi 2022, được sửa đổi bởi điểm b khoản 14 , điểm h khoản 71 Điều 1 Luật Sở hữu trí tuệ sửa đổi 2025 quy định về hồ sơ đăng ký quyền tác giả, đăng ký quyền liên quan như sau:

Như vậy, hồ sơ đăng ký quyền tác giả bao gồm các tài liệu sau đây:

- Tờ khai đăng ký quyền tác giả.

Tờ khai do chính tác giả, chủ sở hữu quyền tác giả ký tên hoặc điểm chỉ, trừ trường hợp không có khả năng về thể chất để ký tên hoặc điểm chỉ;

- Hai bản sao tác phẩm đăng ký quyền tác giả;

- Văn bản ủy quyền, nếu người nộp đơn là người được uỷ quyền;

- Tài liệu chứng minh quyền nộp đơn, nếu người nộp đơn thụ hưởng quyền đó của người khác do được thừa kế, chuyển giao, kế thừa;

- Văn bản đồng ý của các đồng tác giả, nếu tác phẩm có đồng tác giả;

Điều 55. Cấp lại, cấp đổi, hủy bỏ hiệu lực Giấy chứng nhận đăng ký quyền tác giả, Giấy chứng nhận đăng ký quyền liên quan

1. Trong trường hợp Giấy chứng nhận đăng ký quyền tác giả, Giấy chứng nhận đăng ký quyền liên quan bị mất, hư hỏng thì cơ quan nhà nước có thẩm quyền quy định tại khoản 2 Điều 51 của Luật này tiến hành cấp lại Giấy chứng nhận đăng ký quyền tác giả, Giấy chứng nhận đăng ký quyền liên quan.

2. Trong trường hợp người được cấp Giấy chứng nhận đăng ký quyền tác giả, Giấy chứng nhận đăng ký quyền liên quan không phải là tác giả, chủ sở hữu quyền tác giả, chủ sở hữu quyền liên quan hoặc tác phẩm, bản ghi âm, ghi hình, chương trình phát sóng đã đăng ký không thuộc đối tượng bảo hộ thì cơ quan nhà nước có thẩm quyền quy định tại khoản 2 Điều 51 của Luật này huỷ bỏ hiệu lực Giấy chứng nhận đăng ký quyền tác giả, Giấy chứng nhận đăng ký quyền liên quan.

3. Cơ quan quản lý nhà nước về quyền tác giả, quyền liên quan quyết định hủy bỏ hiệu lực Giấy chứng nhận đăng ký quyền tác giả, Giấy chứng nhận đăng ký quyền liên quan đối với trường hợp khai không chính xác, không trung thực thông tin trong hồ sơ đăng ký quyền tác giả, đăng ký quyền liên quan quy định tại Luật này trên cơ sở yêu cầu, cung cấp thông tin của tổ chức, cá nhân hoặc cơ quan này tự phát hiện.

Điều 50. Hồ sơ đăng ký quyền tác giả, đăng ký quyền liên quan

[...]

2. Hồ sơ đăng ký quyền tác giả, đăng ký quyền liên quan bao gồm:

a) Tờ khai đăng ký quyền tác giả, đăng ký quyền liên quan.

Tờ khai do chính tác giả, chủ sở hữu quyền tác giả, chủ sở hữu quyền liên quan ký tên hoặc điểm chỉ, trừ trường hợp không có khả năng về thể chất để ký tên hoặc điểm chỉ;

b) Hai bản sao tác phẩm đăng ký quyền tác giả hoặc hai bản sao bản định hình đối tượng đăng ký quyền liên quan;

c) Văn bản ủy quyền, nếu người nộp đơn là người được uỷ quyền;

d) Tài liệu chứng minh quyền nộp đơn, nếu người nộp đơn thụ hưởng quyền đó của người khác do được thừa kế, chuyển giao, kế thừa;

đ) Văn bản đồng ý của các đồng tác giả, nếu tác phẩm có đồng tác giả;

e) Văn bản đồng ý của các đồng chủ sở hữu, nếu quyền tác giả, quyền liên quan thuộc sở hữu chung.

[...]","so-huu-tri-tue","","","","2026-05-13T00:00:00","https://thuvienphapluat.vn/hoi-dap-phap-luat/mau-to-khai-de-nghi-cap-lai-giay-chung-nhan-dang-ky-quyen-tac-gia-tai-ve-o-dau-138090372.html","2026-05-21T20:20:21.916402+00:00"
"138088726","Mẫu số 01 tờ khai đề nghị cấp Giấy chứng nhận đăng ký quyền tác giả năm 2026 tải về ở đâu? Đối tượng áp dụng là ai?","Mẫu số 01 tờ khai đề nghị cấp Giấy chứng nhận đăng ký quyền tác giả năm 2026 tải về ở đâu? Đối tượng áp dụng là ai?

Hướng dẫn điền Mẫu số 01 tờ khai đề nghị cấp Giấy chứng nhận đăng ký quyền tác giả thế nào?

Quyền tác giả phát sinh khi nào?

Căn cứ theo Mẫu số 01 Phụ lục 1 Các mẫu tờ khai đăng ký quyền tác giả, đăng ký quyền liên quan ban hành kèm theo Thông tư 08/2026/TT-BVHTTDL quy định về tờ khai đề nghị cấp Giấy chứng nhận đăng ký quyền tác giả đối với tác phẩm văn học, khoa học; bài giảng, bài phát biểu và bài nói khác; sưu tập dữ liệu; tác phẩm báo chí; tác phẩm văn học, nghệ thuật dân gian và tác phẩm khác được thể hiện dưới dạng chữ viết hoặc ký tự khác.

Dưới đây là Mẫu Tờ khai đề nghị cấp Giấy chứng nhận đăng ký quyền tác giả:

Tải về Mẫu Tờ khai đề nghị cấp Giấy chứng nhận đăng ký quyền tác giả:

TẢI VỀ

Trên đây là thông tin: Mẫu tờ khai đề nghị cấp Giấy chứng nhận đăng ký quyền tác giả năm 2026 tải về ở đâu? Đối tượng áp dụng là ai?

Xem thêm: Ý tưởng, khẩu hiệu, tên tác phẩm một cách độc lập không được bảo hộ quyền tác giả từ 01/04/2026 đúng không?

Mẫu tờ khai đề nghị cấp Giấy chứng nhận đăng ký quyền tác giả năm 2026 tải về ở đâu? Đối tượng áp dụng là ai? (Hình từ Internet)

Căn cứ theo Mẫu số 01 Phụ lục 1 Các mẫu tờ khai đăng ký quyền tác giả, đăng ký quyền liên quan ban hành kèm theo Thông tư 08/2026/TT-BVHTTDL quy định hướng dẫn điền Mẫu tờ khai đề nghị cấp Giấy chứng nhận đăng ký quyền tác giả như sau:

(1) Trường hợp nộp Tờ khai đề nghị cấp Giấy chứng nhận đăng ký quyền tác giả cho cá nhân, ký nháy từng trang Tờ khai; trường hợp nộp Tờ khai đề nghị cấp Giấy chứng nhận đăng ký quyền tác giả cho tổ chức, đóng dấu giáp lai Tờ khai.

(2) Phát hành bản sao để phổ biến tới công chúng như xuất bản, ghi âm, ghi hình, in ấn, đăng tải lên không gian mạng hoặc các hình thức khác.

(3) Đối với tác phẩm báo chí, nơi công bố là tỉnh/ thành phố có trụ sở của cơ quan báo chí công bố tác phẩm báo chí đó.

(4) Có Bản mô tả và cam đoan về việc sử dụng hệ thống trí tuệ nhân tạo hỗ trợ trong quá trình sáng tạo tác phẩm (theo mẫu) là một thành phần trong hồ sơ đăng ký trong trường hợp có sử dụng hệ thống trí tuệ nhân tạo để sáng tạo tác phẩm.

(5)

5.1. Đối với truyện tranh, mô tả tóm tắt theo các yếu tố sau: nội dung chính; bố cục, đường nét, màu sắc, hình khối của tranh;

5.2. Đối với kịch bản, mô tả tóm tắt theo các yếu tố cấu thành một kịch bản hoàn chỉnh (bối cảnh, nhân vật, lời thoại/lời dẫn, hành động, thời gian/thời lượng…);

5.3. Đối với công trình nghiên cứu văn hóa, văn học, nghệ thuật, khoa học, mô tả rõ công trình nghiên cứu này do cá nhân, tổ chức nào lập nên, mục tiêu của công trình nghiên cứu...;

5.4. Đối với bài giảng, nêu rõ bài giảng được đưa vào hoạt động giảng dạy cho đối tượng nào;

5.5. Đối với sưu tập dữ liệu, nêu rõ sưu tập dữ liệu được áp dụng, đưa vào chương trình máy tính hay hoạt động nào;

5.6. Đối với tác phẩm báo chí, nêu rõ thể loại tác phẩm báo chí, được đăng tải trên sản phẩm báo chí nào;

5.7. Đối với tác phẩm văn học, nghệ thuật dân gian, nêu rõ loại hình theo quy định tại khoản 1 Điều 23 Luật Sở hữu trí tuệ 2005 và khoản 12 Điều 6 Nghị định 17/2023/NĐ-CP quy định chi tiết một số điều và biện pháp thi hành Luật Sở hữu trí tuệ về quyền tác giả, quyền liên quan được sửa đổi, bổ sung bởi Nghị định 134/2026/NĐ-CP.

(6) Cam đoan: Nội dung tác phẩm do tác giả/đồng tác giả sáng tạo, không sao chép từ tác phẩm của người khác, không vi phạm các quy định của pháp luật Việt Nam.

Đối với những tác phẩm chứa nội dung liên quan tới chủ quyền, lãnh thổ, biên giới quốc gia, lịch sử, tôn giáo, tín ngưỡng, thuần phong mỹ tục, sức khỏe, danh dự, uy tín, quyền và lợi ích hợp pháp của tổ chức, cá nhân khác; lợi ích của Nhà nước, lợi ích công cộng... thì phải cam đoan: không có nội dung, hình ảnh vi phạm, không xuyên tạc, không gây ảnh hưởng tới các vấn đề này.

(7)

7.1. Khai đầy đủ các đồng tác giả (nếu có) và nêu rõ vai trò của từng đồng tác giả trong sáng tạo tác phẩm;

7.2. Trường hợp tác giả đã chết, ghi rõ năm tác giả chết tại mục này.

(8), (10) Khai đầy đủ các đồng chủ sở hữu quyền tác giả, nếu có.

(9) Khai đầy đủ các đồng tác giả, nếu có.

(11) Trường hợp đăng ký cho tác giả không đồng thời là chủ sở hữu quyền tác giả thì tác giả là người ký tên trên Tờ khai.

Trường hợp đăng ký cho chủ sở hữu quyền tác giả thì chủ sở hữu quyền tác giả hoặc người đại diện theo pháp luật của chủ sở hữu quyền tác giả là người ký tên và đóng dấu (trong trường hợp là tổ chức) trên Tờ khai.

Trường hợp tác phẩm có đồng tác giả/đồng chủ sở hữu quyền tác giả thì phải có chữ ký của tất cả các đồng tác giả/đồng chủ sở hữu quyền tác giả. Tờ khai có thể do một trong số các đồng tác giả/đồng chủ sở hữu quyền tác giả ký tên nếu có văn bản ủy quyền của các đồng tác giả/đồng chủ sở hữu quyền tác giả còn lại theo quy định của pháp luật.

Căn cứ tại khoản 1 Điều 6 Luật Sở hữu trí tuệ 2005 quy định quyền tác giả phát sinh kể từ khi tác phẩm được sáng tạo và được thể hiện d­ưới một hình thức vật chất nhất định, không phân biệt nội dung, chất l­ượng, hình thức, phương tiện, ngôn ngữ, đã công bố hay ch­ưa công bố, đã đăng ký hay ch­ưa đăng ký.","so-huu-tri-tue","","","","2026-05-13T00:00:00","https://thuvienphapluat.vn/hoi-dap-phap-luat/mau-so-01-to-khai-de-nghi-cap-giay-chung-nhan-dang-ky-quyen-tac-gia-nam-2026-tai-ve-o-dau-doi-tuong-138088726.html","2026-05-21T20:20:30.642584+00:00"
"138090528","Mức độ rủi ro của hệ thống trí tuệ nhân tạo được xác định thế nào?","Mức độ rủi ro của hệ thống trí tuệ nhân tạo được xác định thế nào?

Nhà cung cấp phải thực hiện rà soát và phân loại lại mức độ rủi ro của hệ thống trí tuệ nhân tạo khi phát sinh một trong các sự kiện pháp lý nào?

Việc kiểm tra, giám sát được thực hiện theo mức độ rủi ro của hệ thống được quy định như thế nào?

Hệ thống trí tuệ nhân tạo được phân loại rủi ro theo 03 mức là mứ độ rủi ro cao, mức độ rủi ro trung bình và mức độ rủi ro thấp, chi tiết như sau:

Căn cứ khoản 3 Điều 6 Nghị định 142/2026/NĐ-CP quy định về phân loại hệ thống trí tuệ nhân tạo như sau:

Như vậy, mức độ rủi ro của hệ thống trí tuệ nhân tạo được xác định như sau:

- Hệ thống trí tuệ nhân tạo được phân loại rủi ro cao là các hệ thống thuộc Danh mục hệ thống trí tuệ nhân tạo có rủi ro cao do Thủ tướng Chính phủ ban hành theo quy định tại khoản 4 Điều 13 Luật Trí tuệ nhân tạo 2025;

- Hệ thống trí tuệ nhân tạo được phân loại có rủi ro trung bình là hệ thống không thuộc trường hợp quy định tại điểm a khoản này và thuộc các trường hợp quy định tại Điều 9 của Nghị định 142/2026/NĐ-CP;

- Hệ thống trí tuệ nhân tạo được phân loại có rủi ro thấp là hệ thống không thuộc trường hợp quy định tại điểm a và điểm b khoản 3 Điều 6 Nghị định 142/2026/NĐ-CP.

Xem thêm

>>> Cơ sở ban hành Khung đạo đức trí tuệ nhân tạo quốc gia là gì?

>>> Theo Nghị quyết số 57-NQ/TW ngày 22/12/2024 mục tiêu đến năm 2030 của Việt Nam về nghiên cứu và phát triển trí tuệ nhân tạo, công nghiệp công nghệ số là gì?

Mức độ rủi ro của hệ thống trí tuệ nhân tạo được xác định thế nào? (Hình từ Internet)

Căn cứ khoản 1 Điều 11 Nghị định 142/2026/NĐ-CP quy định về rà soát và cập nhật mức độ rủi ro như sau:

Như vậy, nhà cung cấp phải thực hiện rà soát và phân loại lại mức độ rủi ro của hệ thống trí tuệ nhân tạo khi phát sinh một trong các sự kiện pháp lý sau đây:

- Hệ thống có sự thay đổi đáng kể về chức năng, mục đích sử dụng hoặc ngữ cảnh triển khai làm ảnh hưởng đến tiêu chí phân loại rủi ro ban đầu của hệ thống;

- Hệ thống xảy ra sự cố nghiêm trọng chứng minh mức độ rủi ro thực tế cao hơn mức đã được phân loại;

- Có quyết định của Thủ tướng Chính phủ về việc sửa đổi, bổ sung Danh mục hệ thống trí tuệ nhân tạo có rủi ro cao làm thay đổi mức độ rủi ro của hệ thống;

- Có yêu cầu bằng văn bản của cơ quan quản lý nhà nước có thẩm quyền theo quy định tại khoản 6 Điều 10 Luật Trí tuệ nhân tạo 2025.

Căn cứ khoản 5 Điều 10 Luật Trí tuệ nhân tạo 2025 quy định về phân loại và thông báo hệ thống trí tuệ nhân tạo như sau;

Như vậy, việc kiểm tra, giám sát được thực hiện theo mức độ rủi ro của hệ thống được quy định như sau :

- Hệ thống trí tuệ nhân tạo có rủi ro cao được kiểm tra định kỳ hoặc khi có dấu hiệu vi phạm;

- Hệ thống trí tuệ nhân tạo có rủi ro trung bình được giám sát thông qua báo cáo, kiểm tra chọn mẫu hoặc đánh giá của tổ chức độc lập;

- Hệ thống trí tuệ nhân tạo có rủi ro thấp được theo dõi, kiểm tra khi có sự cố, phản ánh hoặc khi cần bảo đảm an toàn, không làm phát sinh nghĩa vụ không cần thiết cho tổ chức, cá nhân.

Điều 6. Phân loại hệ thống trí tuệ nhân tạo

[...]

3. Mức độ rủi ro của hệ thống trí tuệ nhân tạo được xác định như sau:

a) Hệ thống trí tuệ nhân tạo được phân loại rủi ro cao là các hệ thống thuộc Danh mục hệ thống trí tuệ nhân tạo có rủi ro cao do Thủ tướng Chính phủ ban hành theo quy định tại khoản 4 Điều 13 của Luật Trí tuệ nhân tạo;

b) Hệ thống trí tuệ nhân tạo được phân loại có rủi ro trung bình là hệ thống không thuộc trường hợp quy định tại điểm a khoản này và thuộc các trường hợp quy định tại Điều 9 của Nghị định này;

c) Hệ thống trí tuệ nhân tạo được phân loại có rủi ro thấp là hệ thống không thuộc trường hợp quy định tại điểm a và điểm b khoản này.

[...]

Điều 11. Rà soát và cập nhật mức độ rủi ro

1. Nhà cung cấp phải thực hiện rà soát và phân loại lại mức độ rủi ro của hệ thống trí tuệ nhân tạo khi phát sinh một trong các sự kiện pháp lý sau đây:

a) Hệ thống có sự thay đổi đáng kể về chức năng, mục đích sử dụng hoặc ngữ cảnh triển khai làm ảnh hưởng đến tiêu chí phân loại rủi ro ban đầu của hệ thống;

b) Hệ thống xảy ra sự cố nghiêm trọng chứng minh mức độ rủi ro thực tế cao hơn mức đã được phân loại;

c) Có quyết định của Thủ tướng Chính phủ về việc sửa đổi, bổ sung Danh mục hệ thống trí tuệ nhân tạo có rủi ro cao làm thay đổi mức độ rủi ro của hệ thống;

d) Có yêu cầu bằng văn bản của cơ quan quản lý nhà nước có thẩm quyền theo quy định tại khoản 6 Điều 10 của Luật Trí tuệ nhân tạo.

[...]

Điều 10. Phân loại và thông báo hệ thống trí tuệ nhân tạo

[...]

5. Việc kiểm tra, giám sát được thực hiện theo mức độ rủi ro của hệ thống:

a) Hệ thống trí tuệ nhân tạo có rủi ro cao được kiểm tra định kỳ hoặc khi có dấu hiệu vi phạm;

b) Hệ thống trí tuệ nhân tạo có rủi ro trung bình được giám sát thông qua báo cáo, kiểm tra chọn mẫu hoặc đánh giá của tổ chức độc lập;

c) Hệ thống trí tuệ nhân tạo có rủi ro thấp được theo dõi, kiểm tra khi có sự cố, phản ánh hoặc khi cần bảo đảm an toàn, không làm phát sinh nghĩa vụ không cần thiết cho tổ chức, cá nhân.","so-huu-tri-tue","","","","2026-05-13T00:00:00","https://thuvienphapluat.vn/hoi-dap-phap-luat/muc-do-rui-ro-cua-he-thong-tri-tue-nhan-tao-duoc-xac-dinh-the-nao-138090528.html","2026-05-21T20:20:40.284237+00:00"
"138090360","Văn bản hợp nhất Luật Sở hữu trí tuệ số 67/VBHN-VPQH 2026 ra sao?","Văn bản hợp nhất Luật Sở hữu trí tuệ số 67/VBHN-VPQH 2026 ra sao?

Nội dung quản lý nhà nước về sở hữu trí tuệ bao gồm những nội dung nào?

Hành vi nào là hành vi xâm phạm quyền tác giả?

Ngày 23/03/2026, Văn phòng Chính phủ đã ban hành Văn bản hợp nhất Luật Sở hữu trí tuệ số 67/VBHN-VPQH năm 2026.

TẢI VỀVăn bản hợp nhất Luật Sở hữu trí tuệ

Trong đó, Luật Sở hữu trí tuệ 2005 số 50/2005/QH11 ngày 29 tháng 11 năm 2005 của Quốc hội, có hiệu lực kể từ ngày 01 tháng 7 năm 2006, được sửa đổi, bổ sung bởi:

- Luật Sửa đổi, bổ sung một số điều của Luật Sở hữu trí tuệ 2009 số 36/2009/QH12 ngày 19 tháng 6 năm 2009 của Quốc hội, có hiệu lực kể từ ngày 01 tháng 01 năm 2010;

- Luật Sửa đổi, bổ sung một số điều của Luật Kinh doanh bảo hiểm, Luật Sở hữu trí tuệ 2019 số 42/2019/QH14 ngày 14 tháng 6 năm 2019 của Quốc hội , có hiệu lực kể từ ngày 01 tháng 11 năm 2019;

- Luật Sửa đổi, bổ sung một số điều của Luật Sở hữu trí tuệ 2022 số 07/2022/QH15 ngày 16 tháng 6 năm 2022 của Quốc hội, có hiệu lực kể từ ngày 01 tháng 01 năm 2023;

- Luật Khoa học, công nghệ và đổi mới sáng tạo 2025 số 93/2025/QH15 ngày 27 tháng 6 năm 2025 của Quốc hội, có hiệu lực kể từ ngày 01 tháng 10 năm 2025;

- Luật Sửa đổi, bổ sung một số điều của Luật Sở hữu trí tuệ 2025 số 131/2025/QH15 ngày 10 tháng 12 năm 2025 của Quốc hội, có hiệu lực kể từ ngày 01 tháng 4 năm 2026.

*Trên đây là thông tin Văn bản hợp nhất Luật Sở hữu trí tuệ số 67/VBHN-VPQH 2026 ra sao?

Xem thêm:

>>> Văn bản hợp nhất Thông tư hướng dẫn Luật Quản lý thuế và Nghị định 126 số 14/VBHN-BTC ra sao?

>>> Văn bản hợp nhất Nghị định xử phạt vi phạm hành chính về thuế hóa đơn số 15/VBHN-BTC 2026 ra sao?

Văn bản hợp nhất Luật Sở hữu trí tuệ số 67/VBHN-VPQH 2026 ra sao? (Hình từ Internet)

Căn cứ theo Điều 10 Luật Sở hữu trí tuệ 2005 quy định về nội dung quản lý nhà nước về sở hữu trí tuệ như sau:

- Xây dựng, chỉ đạo thực hiện chiến lược, chính sách bảo hộ quyền sở hữu trí tuệ.

- Ban hành và tổ chức thực hiện các văn bản pháp luật về sở hữu trí tuệ.

- Tổ chức bộ máy quản lý về sở hữu trí tuệ; đào tạo, bồi dưỡng cán bộ về sở hữu trí tuệ.

- Cấp và thực hiện các thủ tục khác liên quan đến Giấy chứng nhận đăng ký quyền tác giả, Giấy chứng nhận đăng ký quyền liên quan, văn bằng bảo hộ các đối tượng sở hữu công nghiệp, Bằng bảo hộ giống cây trồng.

- Thanh tra, kiểm tra việc chấp hành pháp luật về sở hữu trí tuệ; giải quyết khiếu nại, tố cáo và xử lý vi phạm pháp luật về sở hữu trí tuệ.

- Tổ chức hoạt động thông tin, thống kê về sở hữu trí tuệ.

- Tổ chức, quản lý hoạt động giám định về sở hữu trí tuệ.

- Giáo dục, tuyên truyền, phổ biến kiến thức, pháp luật về sở hữu trí tuệ.

Căn cứ theo Điều 28 Luật Sở hữu trí tuệ 2005 được sửa đổi bởi khoản 8 Điều 1 Luật Sở hữu trí tuệ sửa đổi 2022 quy định hành vi xâm phạm quyền tác giả bao gồm:

- Xâm phạm quyền nhân thân

- Xâm phạm quyền tài sản

- Không thực hiện hoặc thực hiện không đầy đủ nghĩa vụ quy định tại các Diều 25, Điều 25a và Điều 26 Luật Sở hữu trí tuệ 2005

- Cố ý hủy bỏ hoặc làm vô hiệu biện pháp công nghệ hữu hiệu do tác giả, chủ sở hữu quyền tác giả thực hiện để bảo vệ quyền tác giả đối với tác phẩm của mình nhằm thực hiện hành vi xâm phạm quyền tác giả và hành vi xâm phạm quyền liên quan

- Sản xuất, phân phối, nhập khẩu, chào bán, bán, quảng bá, quảng cáo, tiếp thị, cho thuê hoặc tàng trữ nhằm mục đích thương mại các thiết bị, sản phẩm hoặc linh kiện, giới thiệu hoặc cung cấp dịch vụ khi biết hoặc có cơ sở để biết thiết bị, sản phẩm, linh kiện hoặc dịch vụ đó được sản xuất, sử dụng nhằm vô hiệu hóa biện pháp công nghệ hữu hiệu bảo vệ quyền tác giả.

- Cố ý xóa, gỡ bỏ hoặc thay đổi thông tin quản lý quyền mà không được phép của tác giả, chủ sở hữu quyền tác giả khi biết hoặc có cơ sở để biết việc thực hiện hành vi đó sẽ xúi giục, tạo khả năng, tạo điều kiện thuận lợi hoặc che giấu hành vi xâm phạm quyền tác giả theo quy định của pháp luật.

- Cố ý phân phối, nhập khẩu để phân phối, phát sóng, truyền đạt hoặc cung cấp đến công chúng bản sao tác phẩm khi biết hoặc có cơ sở để biết thông tin quản lý quyền đã bị xóa, gỡ bỏ, thay đổi mà không được phép của chủ sở hữu quyền tác giả; khi biết hoặc có cơ sở để biết việc thực hiện hành vi đó sẽ xúi giục, tạo khả năng, tạo điều kiện thuận lợi hoặc che giấu hành vi xâm phạm quyền tác giả theo quy định của pháp luật.

- Không thực hiện hoặc thực hiện không đầy đủ quy định để được miễn trừ trách nhiệm pháp lý của doanh nghiệp cung cấp dịch vụ trung gian quy định tại khoản 3 Điều 198b Luật Sở hữu trí tuệ 2005.","so-huu-tri-tue","","","","2026-05-12T00:00:00","https://thuvienphapluat.vn/hoi-dap-phap-luat/van-ban-hop-nhat-luat-so-huu-tri-tue-so-67vbhnvpqh-2026-ra-sao-138090360.html","2026-05-21T20:20:48.643875+00:00"
"138074267","Hướng dẫn quyết toán thuế TNCN 2026 trên eTax Mobile chi tiết thế nào?","Hướng dẫn quyết toán thuế TNCN 2026 trên eTax Mobile chi tiết thế nào?

Hồ sơ khai thuế đối với loại thuế có kỳ tính thuế theo năm bao gồm những gì?

Thời hạn nộp hồ sơ khai thuế đối với loại thuế có kỳ tính thuế theo năm là khi nào?

Tại khoản 2 Điều 44 Luật Quản lý thuế 2019 có quy định về thời hạn nộp quyết toán thuế TNCN 2025 như sau:

- Trường hợp 1: Cá nhân ủy quyền cho tổ chức thực hiện quyết toán thuế TNCN thay cho mình

Thời gian quyết toán thuế TNCN 2025 trong năm 2026 chậm nhất là ngày cuối cùng của tháng thứ 3 kể từ ngày kết thúc năm dương lịch tức chậm nhất là ngày 31/03/2026.

- Trường hợp 2: Cá nhân tự quyết toán thuế TNCN

Thời gian quyết toán thuế TNCN 2025 trong năm 2026 chậm nhất là ngày cuối cùng của tháng thứ 4 kể từ ngày kết thúc năm dương lịch tức ngày 30/4/2026.

Tuy nhiên, căn cứ theo Điều 86 Thông tư 80/2021/TT-BTC quy định trường hợp thời hạn nộp hồ sơ khai thuế, thời hạn nộp thuế trùng với ngày nghỉ theo quy định thì thời hạn nộp hồ sơ khai thuế, thời hạn nộp thuế được tính là ngày làm việc tiếp theo của ngày nghỉ đó theo quy định tại khoản 5 Điều 148 Bộ luật Dân sự 2015.

Theo đó, ngày 30/4/2026 là ngày nghỉ lễ liên tiếp với ngày nghỉ lễ 01/5/2026 và sau đó rơi vào thứ bảy ngày 02/5/2026 và chủ nhật ngày 03/05/2026, do đó thời hạn được kéo dài đến ngày 04/5/2026.

Như vậy, đối với trường hợp cá nhân tự quyết toán thuế TNCN, thời gian quyết toán thuế TNCN 2025 trong năm 2026 chậm nhất là ngày 04/5/2026.

>>> Dưới đây là Hướng dẫn quyết toán thuế TNCN 2026 trên eTax Mobile chi tiết như sau:

Bước 1: Tải ứng dụng eTax Mobile phiên bản 3.2.3 mới nhất

- Đối với hệ điều hành Android: tải ứng dụng trên Google Play.

- Đối với hệ điều hành IOS: tải ứng dụng trên App Store.

Bước 2: Đăng nhập vào eTax Mobile

Bước 3: Chọn menu Hỗ trợ quyết toán thuế TNCN => Hỗ trợ lập tờ khai quyết toán.

Hệ thống sẽ hiển thị màn hình Hỗ trợ lập tờ khai quyết toán gồm:

- Mã số thuế: Hiển thị mặc định mã số thuế đăng nhập, không cho sửa.

- Năm quyết toán: Hiển thị list danh sách năm từ năm 2021 đến năm hiện tại.

Bước 5: Nhấn Tạo tờ khai 02/QTTTNCN gợi ý, hệ thống hiển thị màn hình Tạo tờ khai 02/QTT-TNC gợi ý gồm các thông tin sau:

- Loại tờ khai: Mặc định hiển thị: Chính thức, không cho sửa.

- Năm kê khai: Hiển thị theo năm tra cứu quyết toán, không cho sửa.

- Trường hợp quyết toán: Hiển thị mặc định Quyết toán theo năm dương lịch, không cho sửa.

- Từ tháng: Tự động hiển thị theo năm quyết toán, cho phép sửa.

- Đến tháng: Tự động hiển thị tháng cuối của năm quyết toán

Bước 6: Nhấn Tiếp tục, hệ thống thực hiện xác định cơ quan thuế nộp tờ khai.

- Trường hợp 1: Cá nhân cư trú không ký hợp đồng lao động, hoặc ký hợp đồng lao động dưới 03 tháng, hoặc ký hợp đồng cung cấp dịch vụ có thu nhập tại một nơi hoặc nhiều nơi đã khấu trừ 10%, hệ thống hỗ trợ hiển thị màn hình chọn Tỉnh/Thành phố, Quận/Huyện.

- Trường hợp 2: Cá nhân cư trú có thu nhập tiền lương, tiền công tại một nơi và thuộc diện tự khai thuế trong năm, hệ thống hỗ trợ hiển thị luôn cơ quan thuế nơi cá nhân nộp hồ sơ khai QTT (theo cơ quan thuế nơi cá nhân nộp hồ sơ khai thuế trong năm tờ khai 02/KK). Cá nhân không phải tích chọn hoặc điền bất kỳ thông tin gì.

- Trường hợp 3: Cá nhân:

+ Chỉ có 02KK-TNCN có nhiều CQT khác sau thì hệ thống thực hiện so sánh hiển thị luôn CQT nơi có nguồn thu nhập lớn nhất.

+ Đồng thời có 05QTT và 02KK thì hệ thống so sánh lấy nơi có nguồn thu nhập lớn nhất trong năm.

Lưu ý: Trường hợp các nơi có nguồn thu nhập bằng nhau thì hệ thống hiển thị danh sách Cơ quan thuế để NNT tự chọn.

Các trường hợp khác (ngoài 3 trường hợp trên) hệ thống hiển thị theo các câu hỏi để người nộp thuế chọn và nhập.

Bước 7: Sau khi xác định cơ quan thuế, hệ thống hiển thị màn hình Thông tin chung gồm:

- Cơ quan thuế quyết toán.

- Tên người nộp thuế: Tự động hiển thị tên của NNT, không cho phép sửa.

- Mã số thuế: Tự động hiển thị MST của NNT, không cho phép sửa.

- Địa chỉ: Tự động hiển thị theo thông tin ĐKT, cho phép sửa.

- Tỉnh/Thành phố: Tự động hiển thị theo thông tin ĐKT, cho phép chọn lại.

- Quận/Huyện: Tự động hiển thị theo thông tin ĐKT, cho phép chọn lại.

- Điện thoại: Tự động hiển thị, không cho sửa.

- Fax: Tự động hiển thị, không cho sửa.

- Email: Tự động hiển thị, không cho sửa.

- Mã số thuế tổ chức trả thu nhập: Tự động hiển thị, không cho sửa.

- Tên tổ chức trả thu nhập: Tự động hiển thị, không cho sửa.

- Địa chỉ: Tự động hiển thị theo đăng ký thuế của MST tổ chức trả thu nhập, không cho phép sửa.

- Quận/Huyện: Tự động hiển thị theo đăng ký thuế của MST tổ chức trả thu nhập, không cho phép sửa.

- Tỉnh/Thành phố: Tự động hiển thị theo đăng ký thuế của MST tổ chức trả thu nhập, không cho sửa.

Bước 8: Nhấn Tiếp tục, hệ thống hiển thị màn kê khai các chỉ tiêu trên tờ khai từ [20] đến [48], cho phép sửa dữ liệu.

Lưu ý: Chỉ tiêu [24] = Tổng số dòng trên bảng kê 02-1/BK-QTT-TNCN.

8.1. Trường hợp NNT nhấn Bảng kê 02-1/BK-QTT-TNCN, hệ thống hiển thị màn hình bảng kê 02-1/BK-QTTTNCN để NNT nhập:

Chọn Thêm mới người phụ thuộc, hệ thống hiển thị màn hình thông tin người phụ thuộc gồm các thông tin:

- Họ và tên [10]: Mặc định trống, bắt buộc nhập.

- Mã số thuế [11]: Mặc định trống, bắt buộc nhập/chọn 1 trong 2 chỉ tiêu [11] hoặc [12].

- Loại giấy tờ [12]: Mặc định trống, cho chọn trong danh sách.

- Số giấy tờ [13]: Mặc định trống, bắt buộc nhập nếu NSD chọn Loại giấy tờ.

- Ngày sinh [14]: Hiển thị mặc định ngày hiện tại, cho phép chọn lại.

- Quan hệ với người nộp thuế [15]: Mặc định trống, cho chọn trong danh sách.

Mục Thời gian được tính giảm trừ trong năm

- Từ tháng [16]: Mặc định trống, bắt buộc nhập.

- Đến tháng [17]: Mặc định trống, bắt buộc nhập.

Sau đó chọn Tiếp tục, hệ thống hiển thị Thông tin người phụ thuộc đã thêm.

NNT nhấn Xem chi tiết người phụ thuộc, hệ thống hiển thị màn hình Thông tin chi tiết.

Chọn Tiếp tục, hệ thống chuyển sang màn hình Thông tin hỗ trợ quyết toán thuế và lưu thông tin người phụ thuộc tại bảng kê 02-1/BK-QTTTNCN.

8.2 Trường hợp chỉ tiêu [46] > 0, hệ thống hiển thị Nhập thông tin hoàn trả:

Nhập thông tin hoàn trả, hệ thống hiển thị màn hình nhập thông tin hoàn trả gồm các thông tin:

- Số tiền hoàn trả: Hiển thị theo số tiền tại chỉ tiêu [46], không cho sửa

- Hình thức hoàn trả: Mặc định Chuyển khoản, cho chọn lại Tiền mặt.

Tại màn hình chọn Chuyển khoản điền các thông tin sau:

- Tên chủ tài khoản: Tự động hiển thị tên NNT, không cho sửa.

- Số tài khoản: Mặc định trống, bắt buộc nhập.

- Tỉnh/Thành phố: Mặc định trống, bắt buộc chọn trong danh sách.

- Tại ngân hàng/KBNN: Mặc định trống, bắt buộc chọn trong danh sách.

Tại màn hình chọn Tiền mặt hiển thị thông tin như sau:

- Tên người nhận tiền: Mặc định trống, bắt buộc nhập.

- Loại giấy tờ: Mặc định trống, bắt buộc chọn.

- CMND/CCCD/HC số: Mặc định trống, bắt buộc nhập.

- Ngày cấp: Mặc định ngày hiện tại, cho chọn lại.

- Nơi cấp: Mặc định trống, bắt buộc nhập.

- Nơi nhận hoàn tiền thuế: Mặc định trống, bắt buộc nhập.

Lưu ý: Chỉ hỗ trợ hoàn trả Tiền mặt trong trường hợp số tiền nhỏ hơn hoặc bằng 5.000.000 VND.

Sau đó chọn Tiếp tục, hệ thống chuyển sang màn hình Thông tin hỗ trợ quyết toán thuế và lưu thông tin hoàn trả NNT đã nhập.

8.3. Trường hợp chỉ tiêu [47] > 0, hệ thống hiển thị button Đề nghị bù trừ.

NNT nhấn Đề nghị bù trừ, hệ thống tự động hiển thị tất cả các khoản nộp đã quá hạn của NNT.

Lưu ý: NNT kê khai chỉ tiêu [47] Số thuế bù trừ cho khoản phải nộp ngân sách nhà nước khác = Tổng chỉ tiêu (12) Tổng Số tiền còn phải nộp đề nghị bù trừ với số tiền nộp thừa.

Sau đó chọn Tiếp tục, hệ thống chuyển sang màn hình Thông tin hỗ trợ quyết toán thuế và lưu thông tin đề nghị bù trừ đã nhập.

Bước 9: Tiếp tục, hệ thống hiển thị màn hình hoàn thành tờ khai 02 QTT.

Bước 10: Nộp tờ khai, hệ thống hiển thị màn hình Đính kèm phụ lục, bắt buộc đính kèm ít nhất 1 tài liệu.

Bước 11: Tiếp tục, hệ thống hiển thị màn nhập OTP được gửi về số điện thoại của NNT.

Bước 12: Chọn Xác nhận, hệ thống hiển thị màn thông báo Nộp tờ khai thành công.

Trên đây là Thông tin về Hướng dẫn quyết toán thuế TNCN 2025 trên eTax Mobile chi tiết thế nào?

Hướng dẫn quyết toán thuế TNCN 2026 trên eTax Mobile chi tiết thế nào? (Hình từ Internet)

Căn cứ theo khoản 3 Điều 43 Luật Quản lý thuế 2019 quy định hồ sơ khai thuế đối với loại thuế có kỳ tính thuế theo năm bao gồm:

- Hồ sơ khai thuế năm gồm tờ khai thuế năm và các tài liệu khác có liên quan đến xác định số tiền thuế phải nộp;

- Hồ sơ khai quyết toán thuế khi kết thúc năm gồm tờ khai quyết toán thuế năm, báo cáo tài chính năm, tờ khai giao dịch liên kết; các tài liệu khác có liên quan đến quyết toán thuế.

Căn cứ theo khoản 2 Điều 44 Luật Quản lý thuế 2019 quy định về thời hạn nộp hồ sơ khai thuế đối với loại thuế có kỳ tính thuế theo năm như sau:

- Chậm nhất là ngày cuối cùng của tháng thứ 3 kể từ ngày kết thúc năm dương lịch hoặc năm tài chính đối với hồ sơ quyết toán thuế năm; chậm nhất là ngày cuối cùng của tháng đầu tiên của năm dương lịch hoặc năm tài chính đối với hồ sơ khai thuế năm;

- Chậm nhất là ngày cuối cùng của tháng thứ 4 kể từ ngày kết thúc năm dương lịch đối với hồ sơ quyết toán thuế thu nhập cá nhân của cá nhân trực tiếp quyết toán thuế;

- Chậm nhất là ngày 15 tháng 12 của năm trước liền kề đối với hồ sơ khai thuế khoán của hộ kinh doanh, cá nhân kinh doanh nộp thuế theo phương pháp khoán; trường hợp hộ kinh doanh, cá nhân kinh doanh mới kinh doanh thì thời hạn nộp hồ sơ khai thuế khoán chậm nhất là 10 ngày kể từ ngày bắt đầu kinh doanh.

Trên đây là Thông tin về Hướng dẫn quyết toán thuế TNCN 2026 trên eTax Mobile chi tiết thế nào?","so-huu-tri-tue","","","","2026-05-09T00:00:00","https://thuvienphapluat.vn/hoi-dap-phap-luat/huong-dan-quyet-toan-thue-tncn-2026-tren-etax-mobile-chi-tiet-the-nao-138074267.html","2026-05-21T20:19:28.502145+00:00"
"138086137","Cách tính thời hạn trong thủ tục liên quan đến quyền sở hữu công nghiệp, thủ tục khiếu nại thế nào?","Căn cứ Điều 5  Thông tư 10/2026/TT-BKHCN  quy định cách tính thời hạn trong thủ tục liên quan đến quyền sở hữu công nghiệp, thủ tục khiếu nại như sau:

- Cách tính thời hạn trong thủ tục liên quan đến quyền sở hữu công nghiệp, thủ tục khiếu nại được thực hiện theo quy định tại Điều 15  Nghị định 65/2023/NĐ-CP .

- Thời gian hoặc thời hạn ấn định (kể cả được gia hạn theo quy định) để người nộp đơn, người khiếu nại, bên liên quan phản hồi thông báo, sửa đổi, bổ sung tài liệu theo quy định không được tính vào thời hạn xử lý đơn, yêu cầu tương ứng theo quy định, bao gồm:

+ Thời gian từ ngày ra thông báo đến ngày người nộp đơn, người khiếu nại, bên liên quan phản hồi thông báo; hoặc thời hạn ấn định trong thông báo, trong trường hợp người nộp đơn, người khiếu nại, bên liên quan không phản hồi thông báo;

+ Thời gian kể từ ngày nộp đơn đến ngày người nộp đơn nộp, người khiếu nại, bên liên quan bổ sung tài liệu theo quy định tại Thông tư này; hoặc thời hạn để người nộp đơn, người khiếu nại, bên liên quan nộp bổ sung tài liệu theo quy định tại Thông tư này, trong trường hợp người nộp đơn, người khiếu nại, bên liên quan không nộp bổ sung tài liệu.

Trên đây là thông tin về Cách tính thời hạn trong thủ tục liên quan đến quyền sở hữu công nghiệp, thủ tục khiếu nại thế nào?

Cách tính thời hạn trong thủ tục liên quan đến quyền sở hữu công nghiệp, thủ tục khiếu nại thế nào? (Hình từ Internet)

Căn cứ Điều 9  Thông tư 10/2026/TT-BKHCN  quy định trách nhiệm của người nộp đơn, người khiếu nại và đại diện như sau:

- Người nộp đơn, người khiếu nại và đại diện của người nộp đơn, người khiếu nại có trách nhiệm bảo đảm sự trung thực của các thông tin, tài liệu cung cấp cho Cục Sở hữu trí tuệ, tổ chức hành chính được giao giúp Bộ trưởng Bộ Khoa học và Công nghệ giải quyết khiếu nại theo các quy định sau đây:

+ Mọi tài liệu giao dịch phải được người nộp đơn, người khiếu nại hoặc đại diện của người nộp đơn, người khiếu nại tự xác nhận bằng chữ ký của mình và con dấu của tổ chức (nếu có). Trường hợp pháp luật quy định văn bản cần phải được công chứng hoặc chứng thực thì phải được thực hiện theo quy định đó.

+ Mọi bản dịch ra tiếng Việt của các tài liệu được làm bằng ngôn ngữ khác tiếng Việt đều phải có cam kết của người nộp đơn, người khiếu nại hoặc đại diện của người nộp đơn, người khiếu nại bảo đảm là dịch nguyên văn từ tài liệu đó trừ trường hợp bản dịch tiếng Việt đã được công chứng xác nhận bản dịch;

+ Trường hợp đại diện của người nộp đơn, người khiếu nại là tổ chức dịch vụ đại diện sở hữu công nghiệp, người đại diện cho tổ chức đó ký tài liệu giao dịch phải có chứng chỉ hành nghề dịch vụ đại diện sở hữu công nghiệp.

- Người nộp đơn hoặc người khiếu nại phải chịu trách nhiệm về mọi hậu quả và nghĩa vụ phát sinh do đại diện của người nộp đơn thực hiện trong giao dịch với Cục Sở hữu trí tuệ, tổ chức hành chính được giao giúp Bộ trưởng Bộ Khoa học và Công nghệ giải quyết khiếu nại theo quy định của pháp luật.

- Đại diện của người nộp đơn, người khiếu nại phải chịu trách nhiệm trước người nộp đơn, người khiếu nại theo quy định của pháp luật.

Căn cứ Điều 10  Luật Sở hữu trí tuệ 2005  quy định nội dung quản lý nhà nước về sở hữu trí tuệ như sau:

- Xây dựng, chỉ đạo thực hiện chiến lược, chính sách bảo hộ quyền sở hữu trí tuệ.

- Ban hành và tổ chức thực hiện các văn bản pháp luật về sở hữu trí tuệ.

- Tổ chức bộ máy quản lý về sở hữu trí tuệ; đào tạo, bồi dưỡng cán bộ về sở hữu trí tuệ.

- Cấp và thực hiện các thủ tục khác liên quan đến Giấy chứng nhận đăng ký quyền tác giả, Giấy chứng nhận đăng ký quyền liên quan, văn bằng bảo hộ các đối tượng sở hữu công nghiệp, Bằng bảo hộ giống cây trồng.

- Thanh tra, kiểm tra việc chấp hành pháp luật về sở hữu trí tuệ; giải quyết khiếu nại, tố cáo và xử lý vi phạm pháp luật về sở hữu trí tuệ.

- Tổ chức hoạt động thông tin, thống kê về sở hữu trí tuệ.

- Tổ chức, quản lý hoạt động giám định về sở hữu trí tuệ.

- Giáo dục, tuyên truyền, phổ biến kiến thức, pháp luật về sở hữu trí tuệ.

- Hợp tác quốc tế về sở hữu trí tuệ.","","","","","2026-04-06","https://thuvienphapluat.vn/hoi-dap-phap-luat/cach-tinh-thoi-han-trong-thu-tuc-lien-quan-den-quyen-so-huu-cong-nghiep-thu-tuc-khieu-nai-the-nao-138086137.html","2026-04-08T16:37:36.461695+00:00"
"138085522","Ý tưởng, khẩu hiệu, tên tác phẩm một cách độc lập không được bảo hộ quyền tác giả từ 01/04/2026 đúng không?","Căn cứ tại khoản 4 Điều 15  Luật Sở hữu trí tuệ 2005  được bổ sung bởi khoản 7 Điều 1  Luật Sở hữu trí tuệ sửa đổi 2025  quy định về các đối tượng không thuộc phạm vi bảo hộ quyền tác giả như sau:

Điều 15. Các đối tượng không thuộc phạm vi bảo hộ quyền tác giả

1. Tin tức thời sự thuần tuý đưa tin.

2. Văn bản quy phạm pháp luật, văn bản hành chính, văn bản khác thuộc lĩnh vực tư pháp và bản dịch chính thức của văn bản đó.

3. Quy trình, hệ thống, phương pháp hoạt động, khái niệm, nguyên lý, số liệu.

4. Ý tưởng; khẩu hiệu; tên tác phẩm một cách độc lập.

Như vậy, từ 01/04/2026, ý tưởng khẩu hiệu, tên tác phẩm một cách độc lập là đối tượng không thuộc phạm vi bảo hộ quyền tác giả.

Trên đây là thông tin: Ý tưởng khẩu hiệu, tên tác phẩm một cách độc lập không được bảo hộ quyền tác giả từ 01/04/2026 đúng không?

Ý tưởng, khẩu hiệu, tên tác phẩm một cách độc lập không được bảo hộ quyền tác giả từ 01/04/2026 đúng không? (Hình từ Internet)

Căn cứ theo Điều 6  Luật Sở hữu trí tuệ 2005  được sửa đổi bởi khoản 1 Điều 2  Luật Kinh doanh bảo hiểm, Luật Sở hữu trí tuệ sửa đổi 2019 , một số từ được bổ sung bởi điểm a khoản 71 Điều 1  Luật Sở hữu trí tuệ sửa đổi 2025  quy định căn cứ phát sinh, xác lập quyền sở hữu trí tuệ như sau:

Điều 6. Căn cứ phát sinh, xác lập quyền sở hữu trí tuệ

1. Quyền tác giả phát sinh kể từ khi tác phẩm được sáng tạo và được thể hiện d­ưới một hình thức vật chất nhất định, không phân biệt nội dung, chất l­ượng, hình thức, phương tiện, ngôn ngữ, đã công bố hay ch­ưa công bố, đã đăng ký hay ch­ưa đăng ký.

2. Quyền liên quan phát sinh kể từ khi cuộc biểu diễn, bản ghi âm, ghi hình, chương trình phát sóng, tín hiệu cáp mang chương trình được mã hóa, tín hiệu vệ tinh mang chư­ơng trình được mã hoá được định hình hoặc thực hiện mà không gây ph­ương hại đến quyền tác giả.

3. Quyền sở hữu công nghiệp được xác lập như sau:

a) Quyền sở hữu công nghiệp đối với sáng chế, kiểu dáng công nghiệp, thiết kế bố trí, nhãn hiệu được xác lập trên cơ sở quyết định cấp văn bằng bảo hộ của cơ quan nhà nước có thẩm quyền theo thủ tục đăng ký quy định tại Luật này hoặc công nhận đăng ký quốc tế theo điều ước quốc tế mà Cộng hòa xã hội chủ nghĩa Việt Nam là thành viên.

[...]

Theo quy định trên, quyền tác giả phát sinh kể từ khi tác phẩm được sáng tạo và được thể hiện d­ưới một hình thức vật chất nhất định, không phân biệt nội dung, chất l­ượng, hình thức, phương tiện, ngôn ngữ, đã công bố hay ch­ưa công bố, đã đăng ký hay ch­ưa đăng ký.

Căn cứ theo Điều 9  Luật Sở hữu trí tuệ 2005  quy định về quyền và trách nhiệm của tổ chức, cá nhân trong việc bảo vệ quyền sở hữu trí tuệ như sau:

Điều 9. Quyền và trách nhiệm của tổ chức, cá nhân trong việc bảo vệ quyền sở hữu trí tuệ

Tổ chức, cá nhân có quyền áp dụng các biện pháp mà pháp luật cho phép để tự bảo vệ quyền sở hữu trí tuệ của mình và có trách nhiệm tôn trọng quyền sở hữu trí tuệ của tổ chức, cá nhân khác theo quy định của Luật này và các quy định khác của pháp luật có liên quan.

Theo đó, quyền và trách nhiệm của tổ chức, cá nhân trong việc bảo vệ quyền sở hữu trí tuệ

Tổ chức, cá nhân có quyền áp dụng các biện pháp mà pháp luật cho phép để tự bảo vệ quyền sở hữu trí tuệ của mình và có trách nhiệm tôn trọng quyền sở hữu trí tuệ của tổ chức, cá nhân khác theo quy định của  Luật Sở hữu trí tuệ 2005  và các quy định khác của pháp luật có liên quan.

Lưu ý:   Luật Sở hữu trí tuệ sửa đổi 2025  có hiệu lực thi hành từ ngày 01/4/2026.","","","","","2026-03-31","https://thuvienphapluat.vn/hoi-dap-phap-luat/y-tuong-khau-hieu-ten-tac-pham-mot-cach-doc-lap-khong-duoc-bao-ho-quyen-tac-gia-tu-01042026-dung-kh-138085522.html","2026-04-08T16:37:40.987856+00:00"
"138084682","Cách thức nộp đơn đăng ký xác lập quyền sở hữu công nghiệp từ ngày 01/04/2026 là gì?","Tại Điều 89  Luật Sở hữu trí tuệ 2005  được sửa đổi bởi khoản 23 Điều 1  Luật Sở hữu trí tuệ sửa đổi 2025  quy định cách thức nộp đơn yêu cầu thực hiện các thủ tục liên quan đến quyền sở hữu công nghiệp như sau:

- Tổ chức, cá nhân Việt Nam, cá nhân nước ngoài thường trú tại Việt Nam, tổ chức, cá nhân nước ngoài có cơ sở sản xuất, kinh doanh tại Việt Nam có thể tự mình hoặc thông qua đại diện hợp pháp tại Việt Nam để nộp đơn yêu cầu thực hiện các thủ tục liên quan đến quyền sở hữu công nghiệp.

- Cá nhân nước ngoài không thường trú tại Việt Nam, tổ chức, cá nhân nước ngoài không có cơ sở sản xuất, kinh doanh tại Việt Nam nộp đơn yêu cầu thực hiện các thủ tục liên quan đến quyền sở hữu công nghiệp thông qua đại diện hợp pháp tại Việt Nam.

- Đơn trong các thủ tục liên quan đến quyền sở hữu công nghiệp phải được nộp dưới hình thức văn bản ở dạng giấy hoặc dạng điện tử theo hệ thống nộp đơn điện tử.

Trên đây là thông tin ""Cách thức nộp đơn đăng ký xác lập quyền sở hữu công nghiệp từ ngày 01/04/2026 là gì?""

Cách thức nộp đơn đăng ký xác lập quyền sở hữu công nghiệp từ ngày 01/04/2026 là gì? (Hình từ Internet)

Tại khoản 3 Điều 6  Luật Sở hữu trí tuệ 2005  được sửa đổi bởi khoản 1 Điều 2  Luật Kinh doanh bảo hiểm, Luật Sở hữu trí tuệ sửa đổi 2019  có quy định về căn cứ phát sinh, xác lập quyền sở hữu trí tuệ như sau:

Điều 6. Căn cứ phát sinh, xác lập quyền sở hữu trí tuệ

1. Quyền tác giả phát sinh kể từ khi tác phẩm được sáng tạo và được thể hiện d­ưới một hình thức vật chất nhất định, không phân biệt nội dung, chất l­ượng, hình thức, phương tiện, ngôn ngữ, đã công bố hay ch­ưa công bố, đã đăng ký hay ch­ưa đăng ký.

[...]

3. Quyền sở hữu công nghiệp được xác lập như sau:

a) Quyền sở hữu công nghiệp đối với sáng chế, kiểu dáng công nghiệp, thiết kế bố trí, nhãn hiệu được xác lập trên cơ sở quyết định cấp văn bằng bảo hộ của cơ quan nhà nước có thẩm quyền theo thủ tục đăng ký quy định tại Luật này hoặc công nhận đăng ký quốc tế theo điều ước quốc tế mà Cộng hòa xã hội chủ nghĩa Việt Nam là thành viên.

Quyền sở hữu công nghiệp đối với nhãn hiệu nổi tiếng được xác lập trên cơ sở sử dụng, không phụ thuộc vào thủ tục đăng ký.

Quyền sở hữu công nghiệp đối với chỉ dẫn địa lý được xác lập trên cơ sở quyết định cấp văn bằng bảo hộ của cơ quan nhà nước có thẩm quyền theo thủ tục đăng ký quy định tại Luật này hoặc theo điều ước quốc tế mà Cộng hòa xã hội chủ nghĩa Việt Nam là thành viên;

b) Quyền sở hữu công nghiệp đối với tên thương mại được xác lập trên cơ sở sử dụng hợp pháp tên thương mại đó;

c) Quyền sở hữu công nghiệp đối với bí mật kinh doanh được xác lập trên cơ sở có được một cách hợp pháp bí mật kinh doanh và thực hiện việc bảo mật bí mật kinh doanh đó;

d) Quyền chống cạnh tranh không lành mạnh được xác lập trên cơ sở hoạt động cạnh tranh trong kinh doanh.

[...]

Như vậy, quyền sở hữu công nghiệp đối với sáng chế được xác lập trên cơ sở quyết định cấp văn bằng bảo hộ của cơ quan nhà nước có thẩm quyền theo thủ tục đăng ký hoặc công nhận đăng ký quốc tế theo điều ước quốc tế mà Cộng hòa xã hội chủ nghĩa Việt Nam là thành viên.

Tại khoản 4 Điều 4  Luật Sở hữu trí tuệ 2005  được sửa đổi bởi khoản 2 Điều 1  Luật Sở hữu trí tuệ sửa đổi 2009  quy định như sau:

Điều 4. Giải thích từ ngữ

Trong Luật này, các từ ngữ dưới đây được hiểu như sau:

[...]

4.  Quyền sở hữu công nghiệp  là quyền của tổ chức, cá nhân đối với sáng chế, kiểu dáng công nghiệp, thiết kế bố trí mạch tích hợp bán dẫn, nhãn hiệu, tên thương mại, chỉ dẫn địa lý, bí mật kinh doanh do mình sáng tạo ra hoặc sở hữu và quyền chống cạnh tranh không lành mạnh.

[...]

Như vậy, quyền sở hữu công nghiệp gồm các quyền của tổ chức, cá nhân do mình sáng tạo ra hoặc sở hữu và quyền chống cạnh tranh không lành mạnh đối với:

- Sáng chế

- Kiểu dáng công nghiệp

- Thiết kế bố trí mạch tích hợp bán dẫn

- Nhãn hiệu

- Tên thương mại

- Chỉ dẫn địa lý

- Bí mật kinh doanh","","","","","2026-03-26","https://thuvienphapluat.vn/hoi-dap-phap-luat/cach-thuc-nop-don-dang-ky-xac-lap-quyen-so-huu-cong-nghiep-tu-ngay-01042026-la-gi-138084682.html","2026-04-08T16:37:45.635065+00:00"
"138082340","8 chính sách của Nhà nước đối với hoạt động trí tuệ nhân tạo từ 1/3/2026 là gì?","Căn cứ theo Điều 5  Luật Trí tuệ nhân tạo 2025  quy định 8 chính sách của Nhà nước đối với hoạt động trí tuệ nhân tạo như sau:

[1]. Có chính sách phát triển trí tuệ nhân tạo để trở thành động lực quan trọng cho tăng trưởng, đổi mới sáng tạo và phát triển bền vững đất nước.

[2]. Khuyến khích thử nghiệm công nghệ có kiểm soát; áp dụng biện pháp quản lý tương xứng với mức độ rủi ro và khuyến khích cơ chế tự nguyện tuân thủ.

[3]. Có chính sách bảo đảm quyền và tạo điều kiện tiếp cận, học tập và thụ hưởng lợi ích từ trí tuệ nhân tạo của tổ chức, cá nhân; khuyến khích phát triển và ứng dụng trí tuệ nhân tạo phục vụ an sinh xã hội, hỗ trợ người khuyết tật, người nghèo, người dân tộc thiểu số để thu hẹp khoảng cách số; bảo tồn, phát huy và giữ gìn bản sắc văn hóa dân tộc.

[4]. Ưu tiên đầu tư và huy động nguồn lực xã hội để phát triển hạ tầng dữ liệu, hạ tầng tính toán, trí tuệ nhân tạo an toàn, nguồn nhân lực chất lượng cao và các nền tảng trí tuệ nhân tạo dùng chung mang tính chiến lược quốc gia.

[5]. Ưu tiên ứng dụng trí tuệ nhân tạo trong hoạt động quản lý, điều hành, cung cấp dịch vụ công, hỗ trợ ra quyết định của cơ quan nhà nước nhằm nâng cao hiệu quả, tính minh bạch, chất lượng phục vụ người dân, doanh nghiệp; khuyến khích ứng dụng rộng rãi trong các ngành, lĩnh vực kinh tế - xã hội nhằm nâng cao năng suất, chất lượng dịch vụ và hiệu quả quản lý.

[6]. Khuyến khích các tổ chức, mạng lưới và sáng kiến xã hội thúc đẩy an toàn, đạo đức, tin cậy và xây dựng niềm tin xã hội trong phát triển trí tuệ nhân tạo.

[7]. Thúc đẩy ứng dụng trí tuệ nhân tạo trong hoạt động của doanh nghiệp và các lĩnh vực kinh tế - xã hội trọng điểm; phát triển hệ sinh thái khởi nghiệp, đổi mới sáng tạo; khuyến khích hợp tác công tư.

[8]. Chủ động hội nhập, hợp tác quốc tế; tham gia xây dựng và định hình chuẩn mực, khung quản trị toàn cầu; bảo đảm lợi ích và chủ quyền quốc gia trong lĩnh vực trí tuệ nhân tạo.

* Trên đây là Thông tin về 8 chính sách của Nhà nước đối với hoạt động trí tuệ nhân tạo từ 1/3/2026 là gì?

8 chính sách của Nhà nước đối với hoạt động trí tuệ nhân tạo từ 1/3/2026 là gì? (Hình từ Internet)

Căn cứ khoản 2 Điều 20  Luật Trí tuệ nhân tạo 2025  quy định về phát triển hệ sinh thái và thị trường trí tuệ nhân tạo như sau:

Điều 20. Phát triển hệ sinh thái và thị trường trí tuệ nhân tạo

[...]

2. Nhà nước hỗ trợ phát triển hệ sinh thái và thị trường trí tuệ nhân tạo, bao gồm:

a) Ưu tiên sử dụng sản phẩm, dịch vụ trí tuệ nhân tạo theo quy định của pháp luật về đấu thầu;

b) Phát triển thị trường sản phẩm, dịch vụ trí tuệ nhân tạo, bao gồm sàn giao dịch công nghệ và các nền tảng kết nối cung cầu;

c) Bảo đảm khả năng tiếp cận công bằng, minh bạch đối với hạ tầng tính toán, dữ liệu và môi trường thử nghiệm có kiểm soát;

d) Áp dụng các chính sách ưu đãi về thuế, đầu tư và tài chính theo nguyên tắc khuyến khích nghiên cứu, sản xuất và thương mại hóa sản phẩm, dịch vụ trí tuệ nhân tạo.

Như vậy, nhà nước hỗ trợ phát triển hệ sinh thái và thị trường trí tuệ nhân tạo như sau:

- Ưu tiên sử dụng sản phẩm, dịch vụ trí tuệ nhân tạo theo quy định của pháp luật về đấu thầu;

- Phát triển thị trường sản phẩm, dịch vụ trí tuệ nhân tạo, bao gồm sàn giao dịch công nghệ và các nền tảng kết nối cung cầu;

- Bảo đảm khả năng tiếp cận công bằng, minh bạch đối với hạ tầng tính toán, dữ liệu và môi trường thử nghiệm có kiểm soát;

- Áp dụng các chính sách ưu đãi về thuế, đầu tư và tài chính theo nguyên tắc khuyến khích nghiên cứu, sản xuất và thương mại hóa sản phẩm, dịch vụ trí tuệ nhân tạo.

Căn cứ khoản 2 Điều 15  Luật Trí tuệ nhân tạo 2025  quy định về quản lý hệ thống trí tuệ nhân tạo có rủi ro trung bình và thấp như sau:

Điều 15. Quản lý hệ thống trí tuệ nhân tạo có rủi ro trung bình và thấp

[...]

2. Hệ thống trí tuệ nhân tạo có rủi ro thấp được quản lý như sau:

a) Nhà cung cấp có trách nhiệm giải trình khi có yêu cầu của cơ quan nhà nước có thẩm quyền trong trường hợp có dấu hiệu vi phạm pháp luật hoặc ảnh hưởng đến quyền, lợi ích hợp pháp của tổ chức, cá nhân;

b) Bên triển khai có trách nhiệm giải trình khi có yêu cầu của cơ quan nhà nước có thẩm quyền trong trường hợp có dấu hiệu vi phạm pháp luật hoặc ảnh hưởng đến quyền, lợi ích hợp pháp của tổ chức, cá nhân;

c) Người sử dụng có quyền khai thác, sử dụng hệ thống cho các mục đích hợp pháp và tự chịu trách nhiệm trước pháp luật về hoạt động sử dụng của mình.

Như vậy, hệ thống trí tuệ nhân tạo có rủi ro thấp được quản lý như sau:

- Nhà cung cấp có trách nhiệm giải trình khi có yêu cầu của cơ quan nhà nước có thẩm quyền trong trường hợp có dấu hiệu vi phạm pháp luật hoặc ảnh hưởng đến quyền, lợi ích hợp pháp của tổ chức, cá nhân;

- Bên triển khai có trách nhiệm giải trình khi có yêu cầu của cơ quan nhà nước có thẩm quyền trong trường hợp có dấu hiệu vi phạm pháp luật hoặc ảnh hưởng đến quyền, lợi ích hợp pháp của tổ chức, cá nhân;

- Người sử dụng có quyền khai thác, sử dụng hệ thống cho các mục đích hợp pháp và tự chịu trách nhiệm trước pháp luật về hoạt động sử dụng của mình.

Trên đây là Thông tin về 8 chính sách của Nhà nước đối với hoạt động trí tuệ nhân tạo từ 1/3/2026 là gì?","","","","","2026-03-06","https://thuvienphapluat.vn/hoi-dap-phap-luat/8-chinh-sach-cua-nha-nuoc-doi-voi-hoat-dong-tri-tue-nhan-tao-tu-132026-la-gi-138082340.html","2026-04-08T16:37:50.330241+00:00"
"138082317","Quyết định 367/QĐ-TTg năm 2026 về kế hoạch triển khai thi hành Luật Trí tuệ nhân tạo 2025 chi tiết ra sao?","Ngày 28/02/2026, Thủ tướng Chính phủ ban hành Quyết định 367/QĐ-TTg năm 2026 Ban hành Kế hoạch triển khai thi hành Luật Trí tuệ nhân tạo 2025.

Tải về

Theo đó, cứ tại Mục 2 Kế hoạch ban hành kèm Quyết định 367/QĐ-TTg năm 2026 về nội dung Triển khai thi hành  Luật Trí Tuệ nhân tạo 2025  như sau:

[1]. Tổ chức truyền thông, phổ biến, giáo dục pháp luật, tập huấn về nội dung Luật và các văn bản quy định chi tiết thi hành  Luật Trí Tuệ nhân tạo 2025

- Cơ quan thực hiện: Bộ Khoa học và Công nghệ, Đài Tiếng nói Việt Nam, Đài Truyền hình Việt Nam, Thông tấn xã Việt Nam, Bộ Tư pháp, các bộ, ngành, địa phương và cơ quan có liên quan.

- Cơ quan phối hợp: các bộ, cơ quan ngang bộ, Ủy ban nhân dân các tỉnh, thành phố và các cơ quan, tổ chức có liên quan.

- Thời gian thực hiện: Năm 2026 và các năm tiếp theo.

- Sản phẩm: Hội nghị, tọa đàm, tài liệu phổ biến, tài liệu truyền thông, tài liệu tập huấn.

[2]. Rà soát văn bản quy phạm pháp luật

- Nội dụng: Rà soát các văn bản quy phạm pháp luật có liên quan đến Luật thuộc thầm quyền quản lý nhà nước được phân công; thực hiện theo thẩm quyền hoặc kiến nghị cấp có thẩm quyền kịp thời sửa đối, bổ sung, thay thế, bãi bỏ hoặc ban hành mới các văn bản quy phạm pháp luật đảm bảo tính thống nhất, đồng bộ và phù hợp với quy định của Luật.

- Cơ quan thực hiện: Các bộ, cơ quan ngang bộ, cơ quan thuộc Chính phủ, Ủy ban nhân dân các tỉnh, thành phố:

+ Rà soát, công bố hoặc trình cấp có thẩm quyền công bố việc tiếp tục hiệu lực (một phần) đổi với các văn bản quy định chỉ tiết, hướng dẫn thi hành  Luật Công nghiệp Công nghệ số 2025 .

+ Rà soát các văn bản quy phạm pháp luật do cơ quan mình hoặc cấp dưới bạn hành có liên quan đến Luật thuộc phạm vi, lĩnh vực, địa bàn quản lý; gửi kết quá rà soát, đánh giá tính tương thích kèm theo đề xuất cụ thể (sửa đổi, bổ sung, thay thế, bãi bỏ) về Bộ Khoa học và Công nghệ để tổng hợp, báo cáo Thủ tướng Chính phủ.

[...]

>>> Xem chi tiết  Quyết định 367 QĐ TTg năm 2026 về kế hoạch triển khai thi hành Luật Trí tuệ nhân tạo 2025

Tải về

* Trên đây là Thông tin về Quyết định 367 QĐ TTg năm 2026 về kế hoạch triển khai thi hành Luật Trí tuệ nhân tạo 2025 chi tiết ra sao?

Quyết định 367 QĐ TTg năm 2026 về kế hoạch triển khai thi hành Luật Trí tuệ nhân tạo 2025 chi tiết ra sao? (Hình từ Internet)

Căn cứ theo Điều 19  Luật Trí tuệ nhân tạo 2025  quy định chiến lược quốc gia về trí tuệ nhân tạo như sau:

- Thủ tướng Chính phủ ban hành Chiến lược quốc gia về trí tuệ nhân tạo, rà soát, đánh giá và cập nhật định kỳ ít nhất 03 năm một lần hoặc khi có biến động lớn về công nghệ, thị trường.

Các Bộ, cơ quan ngang Bộ, cơ quan thuộc Chính phủ và Ủy ban nhân dân các cấp có trách nhiệm lồng ghép mục tiêu, nhiệm vụ của Chiến lược vào chiến lược, kế hoạch phát triển ngành, lĩnh vực, địa phương và bảo đảm nguồn lực thực hiện.

- Chiến lược quốc gia về trí tuệ nhân tạo được xây dựng trên cơ sở các định hướng phát triển công nghệ, hạ tầng, dữ liệu và nhân lực; thúc đẩy nghiên cứu, làm chủ và ứng dụng trí tuệ nhân tạo trong các lĩnh vực ưu tiên; bảo đảm an toàn, đổi mới sáng tạo và chủ quyền quốc gia trên môi trường số.

Chiến lược phải quy định hệ thống chỉ tiêu, phương pháp và cơ chế đo lường nhằm đánh giá mức độ phát triển trí tuệ nhân tạo quốc gia.

- Nhà nước khuyến khích phát triển các nhóm công nghệ trí tuệ nhân tạo phù hợp với điều kiện Việt Nam, có tiềm năng tạo giá trị gia tăng, thân thiện môi trường, dễ ứng dụng rộng rãi và góp phần bảo đảm chủ quyền quốc gia trên môi trường số.

Căn cứ theo Điều 4  Luật Trí tuệ nhân tạo 2025  quy định về nguyên tắc cơ bản trong hoạt động trí tuệ nhân tạo như sau:

- Lấy con người làm trung tâm; bảo đảm quyền con người, quyền riêng tư, lợi ích quốc gia, lợi ích công cộng và an ninh quốc gia; tuân thủ Hiến pháp và pháp luật.

- Trí tuệ nhân tạo phục vụ con người, không thay thế thẩm quyền và trách nhiệm của con người. Bảo đảm duy trì sự kiểm soát và khả năng can thiệp của con người đối với mọi quyết định và hành vi của hệ thống trí tuệ nhân tạo; an toàn hệ thống, an ninh dữ liệu và bảo mật thông tin; khả năng kiểm tra và giám sát quá trình phát triển và vận hành hệ thống trí tuệ nhân tạo.

- Bảo đảm công bằng, minh bạch, không thiên lệch, không phân biệt đối xử và không gây hại cho con người hoặc xã hội; tuân thủ chuẩn mực đạo đức và giá trị văn hóa Việt Nam; thực hiện trách nhiệm giải trình về các quyết định và hệ quả của hệ thống trí tuệ nhân tạo.

- Thúc đẩy phát triển trí tuệ nhân tạo xanh, bao trùm và bền vững; khuyến khích phát triển và ứng dụng các công nghệ trí tuệ nhân tạo theo hướng sử dụng hiệu quả năng lượng, tiết kiệm tài nguyên và giảm tác động tiêu cực đến môi trường.

Trên đây là Thông tin về Quyết định 367 QĐ TTg năm 2026 về kế hoạch triển khai thi hành Luật Trí tuệ nhân tạo 2025 chi tiết ra sao?","","","","","2026-03-04","https://thuvienphapluat.vn/hoi-dap-phap-luat/quyet-dinh-367qdttg-nam-2026-ve-ke-hoach-trien-khai-thi-hanh-luat-tri-tue-nhan-tao-2025-chi-tiet-ra-138082317.html","2026-04-08T16:37:55.024787+00:00"
"138082292","Chi tiết Kế hoạch triển khai thi hành Luật Trí Tuệ nhân tạo 2025 gồm những nội dung gì?","Căn cứ tại Mục 2 Kế hoạch ban hành kèm Quyết định 367/QĐ-TTg năm 2026   Tải về  về nội dung Triển khai thi hành  Luật Trí Tuệ nhân tạo 2025  như sau:

[1] Tổ chức truyền thông, phổ biến, giáo dục pháp luật, tập huấn về nội dung Luật và các văn bản quy định chi tiết thi hành Luật Trí tuệ nhân tạo

- Cơ quan thực hiện: Bộ Khoa học và Công nghệ, Đài Tiếng nói Việt Nam, Đài Truyền hình Việt Nam, Thông tấn xã Việt Nam, Bộ Tư pháp, các bộ, ngành, địa phương và cơ quan có liên quan.

- Cơ quan phối hợp: các bộ, cơ quan ngang bộ, Ủy ban nhân dân các tỉnh, thành phố và các cơ quan, tổ chức có liên quan.

- Thời gian thực hiện: Năm 2026 và các năm tiếp theo.

- Sản phẩm: Hội nghị, tọa đàm, tài liệu phổ biến, tài liệu truyền thông, tài liệu tập huấn.

[2] Rà soát văn bản quy phạm pháp luật

- Nội dụng: Rà soát các văn bản quy phạm pháp luật có liên quan đến Luật thuộc thầm quyền quản lý nhà nước được phân công; thực hiện theo thẩm quyền hoặc kiến nghị cấp có thẩm quyền kịp thời sửa đối, bổ sung, thay thế, bãi bỏ hoặc ban hành mới các văn bản quy phạm pháp luật đảm bảo tính thống nhất, đồng bộ và phù hợp với quy định của Luật.

- Cơ quan thực hiện: Các bộ, cơ quan ngang bộ, cơ quan thuộc Chính phủ, Ủy ban nhân dân các tỉnh, thành phố:

+ Rà soát, công bố hoặc trình cấp có thẩm quyền công bố việc tiếp tục hiệu lực (một phần) đổi với các văn bản quy định chỉ tiết, hướng dẫn thi hành  Luật Công nghiệp Công nghệ 2025 .

+ Rà soát các văn bản quy phạm pháp luật do cơ quan mình hoặc cấp dưới bạn hành có liên quan đến Luật thuộc phạm vi, lĩnh vực, địa bàn quản lý; gửi kết quá rà soát, đánh giá tính tương thích kèm theo đề xuất cụ thể (sửa đổi, bổ sung, thay thế, bãi bỏ) về Bộ Khoa học và Công nghệ để tổng hợp, báo cáo Thủ tướng Chính phủ.

+ Thường xuyên rà soát, cập nhật định kỳ trong quá trình triển khai thi hành Luật để kịp thời điều chỉnh các văn bản liên quan.

Bộ Khoa học và Công nghệ:

+ Chủ trì rà soát các văn bản quy phạm pháp luật thuộc thẩm quyền quản lý nhà nước của mình.

+ Làm đầu mối tổng hợp kết quả rà soát, đề xuất của các bộ, ngành, địa phương để báo cáo Thủ tướng Chính phủ.

- Thời gian thực hiện: Thường xuyên.

[3] Xây dựng văn bản quy phạm pháp luật quy định chi tiết và hướng dẫn thi hành Luật

[....]

Xem thêm chi tiết Kế hoạch triển khai thi hành Luật Trí Tuệ nhân tạo 2025 tại Quyết định 367/QĐ-TTg năm 2026:

Tải về

*Trên đây là thông tin bài viết Chi tiết Kế hoạch triển khai thi hành Luật Trí Tuệ nhân tạo 2025 gồm những nội dung gì?

Chi tiết Kế hoạch triển khai thi hành Luật Trí Tuệ nhân tạo 2025 gồm những nội dung gì? (HÌnh từ Internet)

Căn cứ tại Tiểu mục 1 Mục 1 Kế hoạch ban hành kèm Quyết định 367/QĐ-TTg năm 2026   Tải về  về mục tiêu ban hành Kế hoạch triển khai thi hành  Luật Trí Tuệ nhân tạo 2025  như sau:

- Xác định cụ thể các nội dung công việc, thời hạn, tiến độ hoàn thành và trách nhiệm của các cơ quan, tổ chức có liên quan trong việc triển khai thi hành  Luật Trí Tuệ nhân tạo 2025  bảo đảm kịp thời, đồng bộ, thống nhất, hiệu lực, hiệu quả.

- Xác định trách nhiệm và cơ chế phối hợp giữa các bộ, cơ quan ngang bộ, cơ quan thuộc Chính phủ và các địa phương trong việc tiến hành các hoạt động triển khai thi hành  Luật Trí Tuệ nhân tạo 2025  trên phạm vi cả nước.

- Nâng cao nhận thức về  Luật Trí Tuệ nhân tạo 2025  và trách nhiệm của các bộ, ngành, địa phương và Nhân dân trong việc thi hành  Luật Trí Tuệ nhân tạo 2025

Căn cứ tại Tiểu mục 2 Mục 1 Kế hoạch ban hành kèm Quyết định 367/QĐ-TTg năm 2026   Tải về  về yêu cầu ban hành Kế hoạch triển khai thi hành  Luật Trí Tuệ nhân tạo 2025  như sau:

- Bảo đảm sự chỉ đạo thống nhất của Chính phủ, Thủ tướng Chính phủ; sự phối hợp chặt chẽ, thường xuyên, hiệu quả giữa các bộ, cơ quan ngang bộ, cơ quan thuộc Chính phủ, Ủy ban nhân dân các tỉnh, thành phố và các cơ quan, tổ chức liên quan trong việc triển khai thi hành Luật.

- Nội dung công việc phải gắn với trách nhiệm, vai trò của cơ quan, đơn vị được phân công chủ trì trong việc phối hợp các bộ, cơ quan ngang bộ, cơ quan thuộc Chính phủ, Ủy bạn nhân dẫn các tỉnh, thành phố và các cơ quan, tổ chức liên quan trong việc triển khai thi hành  Luật Trí Tuệ nhân tạo 2025 .

- Xác định lộ trình cụ thể để bảo đảm  Luật Trí Tuệ nhân tạo 2025  và các văn bản quy định chi tiết thị hành được thực hiện thống nhất, đồng bộ trên phạm vi cả nước; bảo đảm sự liền mạch trong quản lý nhà nước về trí tuệ nhân tạo trong giai đoạn chuyển tiếp.

- Thường xuyên, kịp thời kiểm tra, đôn đốc, hướng dẫn thảo gỡ, giải quyết vướng mắc, khó khăn phát sinh trong quá trình tổ chức thực hiện để đảm bảo tiến độ, hiệu quả của việc triển khai thì hành  Luật Trí Tuệ nhân tạo 2025 ; đồng thời, phát huy khả năng linh hoạt trong triển khai, phù hợp với điều kiện phát triển kinh tế - xã hội.

*Trên đây là thông tin bài viết Chi tiết Kế hoạch triển khai thi hành Luật Trí Tuệ nhân tạo 2025 gồm những nội dung gì?","","","","","2026-03-04","https://thuvienphapluat.vn/hoi-dap-phap-luat/chi-tiet-ke-hoach-trien-khai-thi-hanh-luat-tri-tue-nhan-tao-2025-gom-nhung-noi-dung-gi-138082292.html","2026-04-08T16:37:59.754576+00:00"
"138082033","Toàn văn Dự thảo Nghị định sửa đổi Nghị định 17 hướng dẫn Luật Sở hữu trí tuệ về quyền tác giả, quyền liên quan ra sao?","Ngày 26/02/2026, Bộ Tư pháp đã công bố Dự thảo Nghị định sửa đổi, bổ sung một số điều của  Nghị định 17/2023/NĐ-CP  ngày 26/4/2023 của Chính phủ quy định chi tiết một số điều và biện pháp thi hành Luật Sở hữu trí tuệ về quyền tác giả, quyền liên quan.

Tải về  Dự thảo Nghị định

Trong đó, Điều 5 Dự thảo Nghị định bổ sung Điều 5b vào sau Điều 5a  Nghị định 17/2023/NĐ-CP  về quản lý, khai thác quyền tác giả, quyền liên quan như sau:

- Chủ sở hữu quyền tác giả, quyền liên quan lập và quản lý danh mục riêng để quản trị nội bộ trong trường hợp quyền tác giả, quyền liên quan chưa đáp ứng điều kiện để ghi nhận giá trị tài sản trong sổ kế toán theo quy định tại khoản 1 Điều 8a  Luật Sở hữu trí tuệ 2005 .

Việc lập và quản lý danh mục không làm phát sinh, thay đổi hoặc chấm dứt quyền tác giả, quyền liên quan theo quy định của pháp luật.

- Danh mục quy định tại khoản 1 Điều 5b  Nghị định 17/2023/NĐ-CP  bao gồm các nội dung chủ yếu sau đây:

+ Đối với tác phẩm được bảo hộ: tên tác phẩm; loại hình tác phẩm; tác giả, đồng tác giả (tên, bút danh; ngày, tháng, năm sinh; năm chết, nếu có); chủ sở hữu quyền tác giả; nội dung chính của tác phẩm; thời điểm định hình; thời điểm, hình thức công bố (nếu đã công bố);

+ Đối với cuộc biểu diễn, bản ghi âm, ghi hình, chương trình phát sóng được bảo hộ: tên cuộc biểu diễn, bản ghi âm, ghi hình, chương trình phát sóng; người biểu diễn; chủ sở hữu quyền liên quan; nội dung chính của cuộc biểu diễn, bản ghi âm, ghi hình, chương trình phát sóng; thời điểm định hình, thực hiện; thời điểm, hình thức công bố (nếu đã công bố);

+ Giấy chứng nhận đăng ký quyền tác giả, Giấy chứng nhận đăng ký quyền liên quan (nếu có);

+ Căn cứ phát sinh quyền sở hữu hoặc sử dụng (tự sáng tạo, giao nhiệm vụ, giao kết hợp đồng sáng tạo, nhận chuyển nhượng, nhận chuyển quyền sử dụng, được thừa kế, kế thừa, tặng cho hoặc hình thức hợp pháp khác);

+ Chi phí trực tiếp liên quan đến việc phát sinh quyền sở hữu hoặc sử dụng; chi phí trực tiếp liên quan đến việc thực hiện các hoạt động đăng ký, sửa chữa, nâng cấp, quản lý, bảo vệ quyền (nếu có); chi phí thực hiện các nghĩa vụ tài chính liên quan (nếu có);

+ Tình trạng khai thác, sử dụng (tự khai thác, sử dụng, chuyển quyền sử dụng, chuyển nhượng và tiền bản quyền thu được, nếu có).

- Chủ sở hữu quyền tác giả, quyền liên quan được sử dụng quyền tác giả, quyền liên quan của mình để thực hiện các hoạt động giao dịch dân sự, thương mại, đầu tư và các hoạt động khác theo quy định của pháp luật, bao gồm các hình thức sau:

+ Chuyển nhượng quyền sở hữu;

+ Chuyển quyền sử dụng;

+ Góp vốn bằng quyền tác giả, quyền liên quan;

+ Sử dụng làm tài sản bảo đảm;

+ Các hình thức khác theo quy định của pháp luật có liên quan.”

Xem thêm chi tiết Toàn văn Dự thảo Nghị định sửa đổi Nghị định 17 hướng dẫn Luật Sở hữu trí tuệ về quyền tác giả, quyền liên quan

Tải về

*Trên đây là thông tin Toàn văn Dự thảo Nghị định sửa đổi Nghị định 17 hướng dẫn Luật Sở hữu trí tuệ về quyền tác giả, quyền liên quan ra sao?

Toàn văn Dự thảo Nghị định sửa đổi Nghị định 17 hướng dẫn Luật Sở hữu trí tuệ về quyền tác giả, quyền liên quan ra sao? (Hình từ Internet)

Căn cứ theo Điều 18  Nghị định 17/2023/NĐ-CP  quy định như sau:

Điều 18. Chủ sở hữu quyền tác giả

Chủ sở hữu quyền tác giả quy định tại Điều 36 của Luật Sở hữu trí tuệ bao gồm:

1. Tổ chức, cá nhân Việt Nam.

2. Tổ chức, cá nhân nước ngoài có tác phẩm được sáng tạo và thể hiện dưới hình thức vật chất nhất định tại Việt Nam.

3. Tổ chức, cá nhân nước ngoài có tác phẩm được công bố lần đầu tiên tại Việt Nam.

4. Tổ chức, cá nhân nước ngoài có tác phẩm được bảo hộ tại Việt Nam theo Điều ước quốc tế mà nước Cộng hòa xã hội chủ nghĩa Việt Nam là thành viên.

Theo đó, chủ sở hữu quyền tác giả quy định tại Điều 36  Luật Sở hữu trí tuệ 2005  bao gồm:

- Tổ chức, cá nhân Việt Nam.

- Tổ chức, cá nhân nước ngoài có tác phẩm được sáng tạo và thể hiện dưới hình thức vật chất nhất định tại Việt Nam.

- Tổ chức, cá nhân nước ngoài có tác phẩm được công bố lần đầu tiên tại Việt Nam.

- Tổ chức, cá nhân nước ngoài có tác phẩm được bảo hộ tại Việt Nam theo Điều ước quốc tế mà nước Cộng hòa xã hội chủ nghĩa Việt Nam là thành viên.

Căn cứ theo khoản 1 Điều 6  Luật Sở hữu trí tuệ 2005  được sửa đổi bởi khoản 1 Điều 2  Luật Kinh doanh bảo hiểm, Luật Sở hữu trí tuệ sửa đổi 2019  quy định về căn cứ phát sinh, xác lập quyền sở hữu trí tuệ như sau:

Điều 6. Căn cứ phát sinh, xác lập quyền sở hữu trí tuệ

1. Quyền tác giả phát sinh kể từ khi tác phẩm được sáng tạo và được thể hiện d­ưới một hình thức vật chất nhất định, không phân biệt nội dung, chất l­ượng, hình thức, phương tiện, ngôn ngữ, đã công bố hay ch­ưa công bố, đã đăng ký hay ch­ưa đăng ký.

2. Quyền liên quan phát sinh kể từ khi cuộc biểu diễn, bản ghi âm, ghi hình, chương trình phát sóng, tín hiệu vệ tinh mang chư­ơng trình được mã hoá được định hình hoặc thực hiện mà không gây ph­ương hại đến quyền tác giả.

3. Quyền sở hữu công nghiệp được xác lập như sau:

a) Quyền sở hữu công nghiệp đối với sáng chế, kiểu dáng công nghiệp, thiết kế bố trí, nhãn hiệu được xác lập trên cơ sở quyết định cấp văn bằng bảo hộ của cơ quan nhà nước có thẩm quyền theo thủ tục đăng ký quy định tại Luật này hoặc công nhận đăng ký quốc tế theo điều ước quốc tế mà Cộng hòa xã hội chủ nghĩa Việt Nam là thành viên.

Quyền sở hữu công nghiệp đối với nhãn hiệu nổi tiếng được xác lập trên cơ sở sử dụng, không phụ thuộc vào thủ tục đăng ký.

Quyền sở hữu công nghiệp đối với chỉ dẫn địa lý được xác lập trên cơ sở quyết định cấp văn bằng bảo hộ của cơ quan nhà nước có thẩm quyền theo thủ tục đăng ký quy định tại Luật này hoặc theo điều ước quốc tế mà Cộng hòa xã hội chủ nghĩa Việt Nam là thành viên;

[...]

Theo đó, quyền tác giả phát sinh kể từ khi tác phẩm được sáng tạo và được thể hiện d­ưới một hình thức vật chất nhất định, không phân biệt nội dung, chất l­ượng, hình thức, phương tiện, ngôn ngữ, đã công bố hay ch­ưa công bố, đã đăng ký hay ch­ưa đăng ký.","","","","","2026-03-02","https://thuvienphapluat.vn/hoi-dap-phap-luat/toan-van-du-thao-nghi-dinh-sua-doi-nghi-dinh-17-huong-dan-luat-so-huu-tri-tue-ve-quyen-tac-gia-quye-138082033.html","2026-04-08T16:38:04.383241+00:00"
"138082045","Dự thảo Nghị định quy định chi tiết một số điều của Luật Thương mại điện tử thế nào?","Chính phủ đang xây dựng Dự thảo Nghị định   Tải về  quy định chi tiết một số điều của  Luật Thương mại điện tử 2025 .

Theo đó, tại Điều 5 Dự thảo Nghị định dự kiến thông tin về chủ quản nền tảng thương mại điện tử như sau:

[1]. Thông tin về chủ quản nền tảng thương mại điện tử bao gồm ít nhất các thông tin sau:

- Tên, địa chỉ trụ sở chính của tổ chức, tên người đại diện theo pháp luật hoặc tên, địa chỉ cư trú của cá nhân.

- Số, ngày cấp và nơi cấp giấy chứng nhận đăng ký kinh doanh của doanh nghiệp hoặc số, ngày cấp, nơi cấp và đơn vị cấp quyết định thành lập đối với tổ chức hoặc mã số thuế của cá nhân.

[2]. Nền tảng thương mại điện tử phải công khai trên trang chủ các thông tin quy định tại khoản 1 Điều này. Trường hợp nền tảng là ứng dụng trên thiết bị di động, chủ quản nền tảng công khai thông tin quy định tại khoản 1 Điều trong phần thiết lập của ứng dụng hoặc vị trí khác trên ứng dụng

Xem chi tiết Dự thảo Nghị định quy định chi tiết một số điều của Luật Thương mại điện tử

Tải về

Trên đây là thông tin về Dự thảo Nghị định quy định chi tiết một số điều của Luật Thương mại điện tử thế nào?

Dự thảo Nghị định quy định chi tiết một số điều của Luật Thương mại điện tử thế nào? (Hình từ Internet)

Căn cứ theo Điều 9  Luật Thương mại điện tử 2025  quy định các chính sách của Nhà nước về phát triển thương mại điện tử gồm:

- Nhà nước có cơ chế, chính sách phát triển thị trường thương mại điện tử trong nước, thúc đẩy lưu thông hàng hóa, dịch vụ, nâng cao năng lực cạnh tranh, bảo vệ quyền, lợi ích hợp pháp của người tiêu dùng và chủ thể khác tham gia hoạt động thương mại điện tử.

- Nhà nước hỗ trợ và phát triển thương mại điện tử xuyên biên giới, mở rộng thị trường quốc tế cho hàng hóa, dịch vụ của Việt Nam, bảo đảm tuân thủ điều ước quốc tế mà nước Cộng hòa xã hội chủ nghĩa Việt Nam là thành viên, bảo vệ an ninh, chủ quyền và lợi ích quốc gia.

- Nhà nước khuyến khích phát triển các loại hình, mô hình kinh doanh thương mại điện tử mới; thúc đẩy sáng kiến, đổi mới sáng tạo, tạo điều kiện thuận lợi cho tổ chức, cá nhân nghiên cứu, ứng dụng thương mại điện tử vào sản xuất, kinh doanh và tiêu dùng.

- Nhà nước khuyến khích việc đầu tư và xây dựng hạ tầng thương mại điện tử, bao gồm: hạ tầng số, hạ tầng logistics, hạ tầng thanh toán và các hạ tầng khác để hoàn thiện hệ sinh thái thương mại điện tử một cách toàn diện.

- Nhà nước có chính sách phát triển thương mại điện tử phù hợp với định hướng, chiến lược quốc gia về tăng trưởng xanh, bền vững.

- Nhà nước chú trọng đào tạo, bồi dưỡng, phát triển nguồn nhân lực cho hoạt động thương mại điện tử để đáp ứng yêu cầu phát triển thương mại điện tử, đổi mới sáng tạo và chuyển đổi số quốc gia.

- Nhà nước bố trí nguồn lực từ ngân sách nhà nước và các nguồn tài chính hợp pháp khác theo quy định của pháp luật để hỗ trợ cho các chương trình, nhiệm vụ phát triển thương mại điện tử.

- Chính phủ quy định Ngày Thương mại điện tử quốc gia, việc tổ chức thực hiện các hoạt động hưởng ứng Ngày Thương mại điện tử quốc gia.

Căn cứ theo khoản 1 Điều 10  Luật Thương mại điện tử 2025  quy định người được hưởng cơ chế, chính sách hỗ trợ đặc thù phát triển thương mại điện tử gồm:

- Hộ kinh doanh, cá nhân khởi nghiệp sáng tạo;

- Hợp tác xã, liên hiệp hợp tác xã hoạt động trong sản xuất, chế biến nông sản và ngành nghề truyền thống;

- Doanh nghiệp nhỏ và vừa do phụ nữ làm chủ, doanh nghiệp sử dụng nhiều lao động là người khuyết tật;

- Người khuyết tật;

- Cá nhân là đồng bào dân tộc thiểu số;

- Tổ chức có trụ sở chính, cá nhân cư trú tại miền núi, biên giới, hải đảo, vùng có điều kiện kinh tế - xã hội khó khăn, đặc biệt khó khăn theo quy định của pháp luật.","","","","","2026-02-28","https://thuvienphapluat.vn/hoi-dap-phap-luat/du-thao-nghi-dinh-quy-dinh-chi-tiet-mot-so-dieu-cua-luat-thuong-mai-dien-tu-the-nao-138082045.html","2026-04-08T16:38:09.208633+00:00"
"138079407","Trách nhiệm minh bạch trong quản lý hệ thống trí tuệ nhân tạo được quy định như thế nào?","Căn cứ Điều 11  Luật Trí tuệ nhân tạo 2025  có hiệu lực thi hành từ 01/03/2026 quy định về trách nhiệm minh bạch như sau:

Điều 11. Trách nhiệm minh bạch

1. Nhà cung cấp bảo đảm hệ thống trí tuệ nhân tạo tương tác trực tiếp với con người được thiết kế và vận hành để người sử dụng nhận biết khi đang tương tác với hệ thống, trừ trường hợp pháp luật có quy định khác.

2. Nhà cung cấp bảo đảm các nội dung âm thanh, hình ảnh, video do hệ thống trí tuệ nhân tạo tạo ra được đánh dấu ở định dạng máy đọc theo quy định của Chính phủ.

3. Bên triển khai có trách nhiệm thông báo rõ ràng khi cung cấp ra công cộng văn bản, âm thanh, hình ảnh, video được tạo ra hoặc chỉnh sửa bằng hệ thống trí tuệ nhân tạo nếu nội dung đó có khả năng gây nhầm lẫn về tính xác thực của sự kiện, nhân vật, trừ trường hợp pháp luật có quy định khác.

4. Bên triển khai có trách nhiệm bảo đảm âm thanh, hình ảnh, video được tạo ra hoặc chỉnh sửa bằng hệ thống trí tuệ nhân tạo nhằm mô phỏng, giả lập ngoại hình, giọng nói của người thật hoặc tái hiện sự kiện thực tế phải được gắn nhãn dễ nhận biết để phân biệt với nội dung thật.

Đối với sản phẩm là tác phẩm điện ảnh, nghệ thuật hoặc sáng tạo, việc gắn nhãn quy định tại khoản này được thực hiện theo phương thức phù hợp, bảo đảm không làm cản trở việc hiển thị, trình diễn hoặc thưởng thức tác phẩm.

5. Nhà cung cấp và bên triển khai có trách nhiệm duy trì thông tin minh bạch theo quy định tại Điều này trong suốt quá trình cung cấp hệ thống, sản phẩm hoặc nội dung cho người sử dụng.

6. Chính phủ quy định chi tiết hình thức thông báo, gắn nhãn.

Như vậy, trách nhiệm minh bạch trong quản lý hệ thống trí tuệ nhân tạo được quy định như sau:

- Nhà cung cấp bảo đảm hệ thống trí tuệ nhân tạo tương tác trực tiếp với con người được thiết kế và vận hành để người sử dụng nhận biết khi đang tương tác với hệ thống, trừ trường hợp pháp luật có quy định khác.

- Nhà cung cấp bảo đảm các nội dung âm thanh, hình ảnh, video do hệ thống trí tuệ nhân tạo tạo ra được đánh dấu ở định dạng máy đọc theo quy định của Chính phủ.

- Bên triển khai có trách nhiệm thông báo rõ ràng khi cung cấp ra công cộng văn bản, âm thanh, hình ảnh, video được tạo ra hoặc chỉnh sửa bằng hệ thống trí tuệ nhân tạo nếu nội dung đó có khả năng gây nhầm lẫn về tính xác thực của sự kiện, nhân vật, trừ trường hợp pháp luật có quy định khác.

- Bên triển khai có trách nhiệm bảo đảm âm thanh, hình ảnh, video được tạo ra hoặc chỉnh sửa bằng hệ thống trí tuệ nhân tạo nhằm mô phỏng, giả lập ngoại hình, giọng nói của người thật hoặc tái hiện sự kiện thực tế phải được gắn nhãn dễ nhận biết để phân biệt với nội dung thật.

Đối với sản phẩm là tác phẩm điện ảnh, nghệ thuật hoặc sáng tạo, việc gắn nhãn quy định tại khoản này được thực hiện theo phương thức phù hợp, bảo đảm không làm cản trở việc hiển thị, trình diễn hoặc thưởng thức tác phẩm.

- Nhà cung cấp và bên triển khai có trách nhiệm duy trì thông tin minh bạch theo quy định tại Điều này trong suốt quá trình cung cấp hệ thống, sản phẩm hoặc nội dung cho người sử dụng.

- Chính phủ quy định chi tiết hình thức thông báo, gắn nhãn.

Trách nhiệm minh bạch trong quản lý hệ thống trí tuệ nhân tạo được quy định như thế nào? (Hình từ Internet)

Căn cứ khoản 2 Điều 15  Luật Trí tuệ nhân tạo 2025  quy định về quản lý hệ thống trí tuệ nhân tạo có rủi ro trung bình và thấp như sau:

Điều 15. Quản lý hệ thống trí tuệ nhân tạo có rủi ro trung bình và thấp

[...]

2. Hệ thống trí tuệ nhân tạo có rủi ro thấp được quản lý như sau:

a) Nhà cung cấp có trách nhiệm giải trình khi có yêu cầu của cơ quan nhà nước có thẩm quyền trong trường hợp có dấu hiệu vi phạm pháp luật hoặc ảnh hưởng đến quyền, lợi ích hợp pháp của tổ chức, cá nhân;

b) Bên triển khai có trách nhiệm giải trình khi có yêu cầu của cơ quan nhà nước có thẩm quyền trong trường hợp có dấu hiệu vi phạm pháp luật hoặc ảnh hưởng đến quyền, lợi ích hợp pháp của tổ chức, cá nhân;

c) Người sử dụng có quyền khai thác, sử dụng hệ thống cho các mục đích hợp pháp và tự chịu trách nhiệm trước pháp luật về hoạt động sử dụng của mình.

Như vậy, hệ thống trí tuệ nhân tạo có rủi ro thấp được quản lý như sau:

- Nhà cung cấp có trách nhiệm giải trình khi có yêu cầu của cơ quan nhà nước có thẩm quyền trong trường hợp có dấu hiệu vi phạm pháp luật hoặc ảnh hưởng đến quyền, lợi ích hợp pháp của tổ chức, cá nhân;

- Bên triển khai có trách nhiệm giải trình khi có yêu cầu của cơ quan nhà nước có thẩm quyền trong trường hợp có dấu hiệu vi phạm pháp luật hoặc ảnh hưởng đến quyền, lợi ích hợp pháp của tổ chức, cá nhân;

- Người sử dụng có quyền khai thác, sử dụng hệ thống cho các mục đích hợp pháp và tự chịu trách nhiệm trước pháp luật về hoạt động sử dụng của mình.

Căn cứ khoản 2 Điều 20  Luật Trí tuệ nhân tạo 2025  quy định về phát triển hệ sinh thái và thị trường trí tuệ nhân tạo như sau:

Điều 20. Phát triển hệ sinh thái và thị trường trí tuệ nhân tạo

[...]

2. Nhà nước hỗ trợ phát triển hệ sinh thái và thị trường trí tuệ nhân tạo, bao gồm:

a) Ưu tiên sử dụng sản phẩm, dịch vụ trí tuệ nhân tạo theo quy định của pháp luật về đấu thầu;

b) Phát triển thị trường sản phẩm, dịch vụ trí tuệ nhân tạo, bao gồm sàn giao dịch công nghệ và các nền tảng kết nối cung cầu;

c) Bảo đảm khả năng tiếp cận công bằng, minh bạch đối với hạ tầng tính toán, dữ liệu và môi trường thử nghiệm có kiểm soát;

d) Áp dụng các chính sách ưu đãi về thuế, đầu tư và tài chính theo nguyên tắc khuyến khích nghiên cứu, sản xuất và thương mại hóa sản phẩm, dịch vụ trí tuệ nhân tạo.

Như vậy, nhà nước hỗ trợ phát triển hệ sinh thái và thị trường trí tuệ nhân tạo như sau:

- Ưu tiên sử dụng sản phẩm, dịch vụ trí tuệ nhân tạo theo quy định của pháp luật về đấu thầu;

- Phát triển thị trường sản phẩm, dịch vụ trí tuệ nhân tạo, bao gồm sàn giao dịch công nghệ và các nền tảng kết nối cung cầu;

- Bảo đảm khả năng tiếp cận công bằng, minh bạch đối với hạ tầng tính toán, dữ liệu và môi trường thử nghiệm có kiểm soát;

- Áp dụng các chính sách ưu đãi về thuế, đầu tư và tài chính theo nguyên tắc khuyến khích nghiên cứu, sản xuất và thương mại hóa sản phẩm, dịch vụ trí tuệ nhân tạo.","","","","","2026-02-01","https://thuvienphapluat.vn/hoi-dap-phap-luat/trach-nhiem-minh-bach-trong-quan-ly-he-thong-tri-tue-nhan-tao-duoc-quy-dinh-nhu-the-nao-138079407.html","2026-04-08T16:38:14.371767+00:00"
"138079022","06 nhóm hành vi bị nghiêm cấm trong hoạt động trí tuệ nhân tạo từ 01/3/2026 gồm những hành vi nào?","Căn cứ theo Điều 7  Luật Trí tuệ nhân tạo 2025  từ 01/3/2026, quy định về 06 nhóm hành vi bị nghiêm cấm trong hoạt động trí tuệ nhân tạo bao gồm:

(1)  Lợi dụng, chiếm đoạt hệ thống trí tuệ nhân tạo để thực hiện hành vi vi phạm pháp luật, xâm phạm quyền, lợi ích hợp pháp của tổ chức, cá nhân.

(2)  Phát triển, cung cấp, triển khai hoặc sử dụng các hệ thống trí tuệ nhân tạo nhằm mục đích sau đây:

- Thực hiện các hành vi bị nghiêm cấm theo quy định của luật;

- Sử dụng yếu tố giả mạo hoặc mô phỏng người, sự kiện thật để lừa dối hoặc thao túng nhận thức, hành vi của con người một cách có chủ đích và có hệ thống, gây tổn hại nghiêm trọng đến quyền, lợi ích hợp pháp của con người;

- Lợi dụng điểm yếu của nhóm người dễ bị tổn thương, bao gồm trẻ em, người cao tuổi, người khuyết tật, người dân tộc thiểu số hoặc người mất năng lực hành vi dân sự, người bị hạn chế năng lực hành vi dân sự, người có khó khăn trong nhận thức, làm chủ hành vi để gây tổn hại cho chính họ hoặc người khác;

- Tạo ra hoặc phổ biến nội dung giả mạo có khả năng gây nguy hại nghiêm trọng đến an ninh quốc gia, trật tự, an toàn xã hội.

(3)  Thu thập, xử lý hoặc sử dụng dữ liệu để phát triển, huấn luyện, kiểm thử hoặc vận hành hệ thống trí tuệ nhân tạo trái với quy định của pháp luật về dữ liệu, bảo vệ dữ liệu cá nhân, sở hữu trí tuệ và an ninh mạng.

(4)  Cản trở, vô hiệu hóa hoặc làm sai lệch cơ chế giám sát, can thiệp và kiểm soát của con người đối với hệ thống trí tuệ nhân tạo theo quy định của  Luật Trí tuệ nhân tạo 2025 .

(5)  Che giấu thông tin bắt buộc phải công khai, minh bạch hoặc giải trình; tẩy xóa, làm sai lệch các thông tin, nhãn, cảnh báo bắt buộc trong hoạt động trí tuệ nhân tạo.

(6)  Lợi dụng hoạt động nghiên cứu, thử nghiệm, đánh giá hoặc kiểm định hệ thống trí tuệ nhân tạo để thực hiện hành vi trái quy định của luật.

Trên đây là thông tin: 06 nhóm hành vi bị nghiêm cấm trong hoạt động trí tuệ nhân tạo từ 01/3/2026 gồm những hành vi nào?

06 nhóm hành vi bị nghiêm cấm trong hoạt động trí tuệ nhân tạo từ 01/3/2026 gồm những hành vi nào? (Hình từ Internet)

Căn cứ tại khoản 1 Điều 9  Luật Trí tuệ nhân tạo 2025  quy định hệ thống trí tuệ nhân tạo được phân loại theo các mức độ rủi ro sau đây:

(1)  Hệ thống trí tuệ nhân tạo có rủi ro cao là hệ thống có thể gây thiệt hại đáng kể đến tính mạng, sức khỏe, quyền và lợi ích hợp pháp của tổ chức, cá nhân, lợi ích quốc gia, lợi ích công cộng, an ninh quốc gia;

(2)  Hệ thống trí tuệ nhân tạo có rủi ro trung bình là hệ thống có khả năng gây nhầm lẫn, tác động hoặc thao túng người sử dụng do không nhận biết được chủ thể tương tác là hệ thống trí tuệ nhân tạo hoặc nội dung do hệ thống tạo ra;

(3)  Hệ thống trí tuệ nhân tạo có rủi ro thấp là hệ thống không thuộc trường hợp quy định tại  (1)  và  (2) .

Căn cứ theo Điều 12  Luật Trí tuệ nhân tạo 2025  quy định về trách nhiệm quản lý và xử lý sự cố trí tuệ nhân tạo như sau:

- Nhà phát triển, nhà cung cấp, bên triển khai và người sử dụng hệ thống trí tuệ nhân tạo có trách nhiệm bảo đảm an toàn, an ninh, độ tin cậy và kịp thời phát hiện, khắc phục sự cố có khả năng gây tổn hại đến con người, tài sản, dữ liệu hoặc trật tự xã hội.

- Khi hệ thống trí tuệ nhân tạo xảy ra sự cố nghiêm trọng, nhà phát triển, nhà cung cấp, bên triển khai, người sử dụng hệ thống trí tuệ nhân tạo có trách nhiệm sau đây:

+ Nhà phát triển, nhà cung cấp phải khẩn trương áp dụng biện pháp kỹ thuật để khắc phục, tạm dừng hoặc thu hồi hệ thống, đồng thời thông báo cho cơ quan có thẩm quyền;

+ Bên triển khai và người sử dụng có nghĩa vụ ghi nhận, thông báo kịp thời sự cố và phối hợp trong quá trình khắc phục.

- Cơ quan quản lý nhà nước có thẩm quyền tiếp nhận, xác minh và hướng dẫn xử lý sự cố; khi cần thiết, có quyền yêu cầu tạm dừng, thu hồi hoặc đánh giá lại hệ thống trí tuệ nhân tạo.

- Báo cáo và xử lý sự cố được thực hiện qua cổng thông tin điện tử một cửa về trí tuệ nhân tạo.

- Chính phủ quy định việc báo cáo và trách nhiệm của các cơ quan, tổ chức, cá nhân có liên quan phù hợp với mức độ nghiêm trọng của sự cố và phạm vi ảnh hưởng của hệ thống trí tuệ nhân tạo.

Lưu ý:  Luật Trí tuệ nhân tạo 2025  có hiệu lực thi hành từ ngày 01/3/2026.","","","","","2026-01-27","https://thuvienphapluat.vn/hoi-dap-phap-luat/06-nhom-hanh-vi-bi-nghiem-cam-trong-hoat-dong-tri-tue-nhan-tao-tu-0132026-gom-nhung-hanh-vi-nao-138079022.html","2026-04-08T16:38:19.220203+00:00"
"138077796","Từ ngày 15/2/2026, sao chép tác phẩm mà không được phép của chủ sở hữu quyền tác giả bị phạt bao nhiêu tiền?","Căn cứ theo khoản 10 Điều 4  Luật Sở hữu trí tuệ 2005  được sửa đổi bởi khoản 1 Điều 1  Luật Sở hữu trí tuệ sửa đổi 2022  quy định như sau: Sao chép là việc tạo ra bản sao của toàn bộ hoặc một phần tác phẩm hoặc bản ghi âm, ghi hình bằng bất kỳ phương tiện hay hình thức nào.

Từ ngày 15/2/2026, sao chép tác phẩm mà không được phép của chủ sở hữu quyền tác giả bị phạt bao nhiêu tiền? (Hình từ Internet)

Tại Điều 16  Nghị định 341/2025/NĐ-CP  quy định xử phạt vi phạm hành chính đối với hành vi xâm phạm quyền sao chép tác phẩm như sau:

[1] Phạt tiền đối với cá nhân có hành vi sao chép tác phẩm mà không được phép của chủ sở hữu quyền tác giả theo quy định như sau, trừ trường hợp quy định tại khoản 3 Điều 16  Nghị định 341/2025/NĐ-CP :

- Từ 5.000.000 đồng đến 10.000.000 đồng trong trường hợp số lợi bất hợp pháp thu được dưới 10.000.000 đồng hoặc gây thiệt hại cho chủ sở hữu quyền tác giả dưới 20.000.000 đồng hoặc hàng hóa vi phạm trị giá dưới 20.000.000 đồng;

- Từ 10.000.000 đồng đến 20.000.000 đồng trong trường hợp số lợi bất hợp pháp thu được từ 10.000.000 đồng đến dưới 20.000.000 đồng hoặc gây thiệt hại cho chủ sở hữu quyền tác giả từ 20.000.000 đồng đến dưới 40.000.000 đồng hoặc hàng hóa vi phạm trị giá từ 20.000.000 đồng đến dưới 40.000.000 đồng;

- Từ 20.000.000 đồng đến 30.000.000 đồng trong trường hợp số lợi bất hợp pháp thu được từ 20.000.000 đồng đến dưới 30.000.000 đồng hoặc gây thiệt hại cho chủ sở hữu quyền tác giả từ 40.000.000 đồng đến dưới 60.000.000 đồng hoặc hàng hóa vi phạm trị giá từ 40.000.000 đồng đến dưới 60.000.000 đồng;

- Từ 30.000.000 đồng đến 50.000.000 đồng trong trường hợp số lợi bất hợp pháp thu được từ 30.000.000 đồng đến dưới 50.000.000 đồng hoặc gây thiệt hại cho chủ sở hữu quyền tác giả từ 60.000.000 đồng đến dưới 100.000.000 đồng hoặc hàng hóa vi phạm trị giá từ 60.000.000 đồng đến dưới 100.000.000 đồng.

[2] Phạt tiền đối với tổ chức có hành vi sao chép tác phẩm mà không được phép của chủ sở hữu quyền tác giả theo quy định như sau, trừ trường hợp quy định tại khoản 3 Điều 16  Nghị định 341/2025/NĐ-CP :

- Từ 10.000.000 đồng đến 20.000.000 đồng trong trường hợp số lợi bất hợp pháp thu được dưới 20.000.000 đồng hoặc gây thiệt hại cho chủ sở hữu quyền tác giả dưới 40.000.000 đồng hoặc hàng hóa vi phạm trị giá dưới 40.000.000 đồng;

- Từ 20.000.000 đồng đến 40.000.000 đồng trong trường hợp số lợi bất hợp pháp thu được từ 20.000.000 đồng đến dưới 40.000.000 đồng hoặc gây thiệt hại cho chủ sở hữu quyền tác giả từ 40.000.000 đồng đến dưới 80.000.000 đồng hoặc hàng hóa vi phạm trị giá từ 40.000.000 đồng đến dưới 80.000.000 đồng;

- Từ 40.000.000 đồng đến 60.000.000 đồng trong trường hợp số lợi bất hợp pháp thu được từ 40.000.000 đồng đến dưới 60.000.000 đồng hoặc gây thiệt hại cho chủ sở hữu quyền tác giả từ 80.000.000 đồng đến dưới 120.000.000 đồng hoặc hàng hóa vi phạm trị giá từ 80.000.000 đồng đến dưới 120.000.000 đồng;

- Từ 60.000.000 đồng đến 100.000.000 đồng trong trường hợp số lợi bất hợp pháp thu được từ 60.000.000 đồng đến dưới 100.000.000 đồng hoặc gây thiệt hại cho chủ sở hữu quyền tác giả từ 120.000.000 đồng đến dưới 200.000.000 đồng hoặc hàng hóa vi phạm trị giá từ 120.000.000 đồng đến dưới 200.000.000 đồng.

[3] Phạt tiền từ 30.000.000 đồng đến 40.000.000 đồng đối với hành vi sao chép tác phẩm mỹ thuật mà không được phép của chủ sở hữu quyền tác giả trong trường hợp không thể xác định được số lợi bất hợp pháp thu được hoặc thiệt hại của chủ sở hữu quyền tác giả hoặc giá trị hàng hóa vi phạm.

Ngoài ra, còn bị áp dụng biện pháp khắc phục hậu quả:

-Buộc tiêu hủy hoặc buộc gỡ bỏ hoặc xóa bản gốc, bản sao vi phạm trên môi trường mạng viễn thông và mạng Internet đối với hành vi quy định tại các khoản 1, 2 và 3 Điều 16  Nghị định 341/2025/NĐ-CP . Trường hợp đáp ứng các điều kiện theo quy định tại Điều 83  Nghị định 17/2023/NĐ-CP  thì áp dụng biện pháp buộc phân phối hoặc đưa vào sử dụng không nhằm mục đích thương mại;

- Buộc trả cho chủ thể quyền tác giả số lợi bất hợp pháp thu được từ việc thực hiện hành vi vi phạm quy định tại các khoản 1, 2 và 3 Điều 16  Nghị định 341/2025/NĐ-CP  trong trường hợp phát sinh số lợi bất hợp pháp.

Xem chi tiết tại  Nghị định 341/2025/NĐ-CP  có hiệu lực thi hành từ 15/02/2026.

Căn cứ theo khoản 2 Điều 3  Nghị định 341/2025/NĐ-CP , từ ngày 15/02/2026, tổ chức, cá nhân thực hiện hành vi vi phạm hành chính về quyền tác giả, quyền liên quan có thể bị áp dụng các hình thức xử phạt bổ sung sau:

- Tịch thu tang vật vi phạm hành chính, phương tiện được sử dụng chủ yếu để sản xuất, kinh doanh tang vật vi phạm;

- Tước quyền sử dụng Thẻ giám định viên quyền tác giả, quyền liên quan hoặc Giấy chứng nhận tổ chức giám định quyền tác giả, quyền liên quan từ 01 tháng đến 03 tháng kể từ ngày quyết định xử phạt có hiệu lực thi hành.","","","","","2026-01-16","https://thuvienphapluat.vn/hoi-dap-phap-luat/tu-ngay-1522026-sao-chep-tac-pham-ma-khong-duoc-phep-cua-chu-so-huu-quyen-tac-gia-bi-phat-bao-nhieu-138077796.html","2026-04-08T16:38:24.664224+00:00"
"138074440","TOÀN VĂN Luật số 131/2025/QH15 Luật sửa đổi Luật Sở hữu trí tuệ 2025 như thế nào?","Ngày 10/12, Quốc hội khoá XV đã biểu quyết thông qua Luật sửa đổi bổ sung một số điều của Luật Sở hữu trí tuệ 2025 Luật số 131 2025 QH15.

Tải về   TOÀN VĂN Luật sửa đổi bổ sung một số điều của Luật Sở hữu trí tuệ 2025 Luật số 131 2025 QH15

Luật sửa đổi bổ sung một số điều của Luật Sở hữu trí tuệ 2025 đã bổ sung quy định về quản lý, khai thác quyền sở hữu trí tuệ như sau:

- Chủ sở hữu quyền sở hữu trí tuệ có trách nhiệm lập danh mục riêng để quản trị nội bộ trong trường hợp quyền sở hữu trí tuệ chưa đáp ứng điều kiện để ghi nhận giá trị tài sản trong sổ kế toán theo quy định của pháp luật về kế toán.

- Chủ sở hữu quyền sở hữu trí tuệ được sử dụng quyền sở hữu trí tuệ để thực hiện các hoạt động giao dịch dân sự, thương mại, đầu tư và các hoạt động khác theo quy định của pháp luật liên quan theo quy định của pháp luật về khoa học, công nghệ và đổi mới sáng tạo, sở hữu trí tuệ, quản lý, sử dụng tài sản công và quy định khác của pháp luật có liên quan.

- Nhà nước khuyến khích khai thác quyền sở hữu trí tuệ, sử dụng quyền sở hữu trí tuệ để góp vốn hoặc thế chấp để vay vốn theo quy định của pháp luật về đầu tư, doanh nghiệp, tín dụng và quy định khác của pháp luật có liên quan.

- Chính phủ quy định chi tiết Điều này.

Trên đây là nội dung ""TOÀN VĂN Luật số 131/2025/QH15 Luật sửa đổi Luật Sở hữu trí tuệ 2025 như thế nào?"".

TOÀN VĂN Luật số 131/2025/QH15 Luật sửa đổi Luật Sở hữu trí tuệ 2025 như thế nào? (Hình từ Internet)

Theo Điều 28  Luật Sở hữu trí tuệ 2005  được sửa đổi bởi khoản 8 Điều 1  Luật Sở hữu trí tuệ sửa đổi 2022  quy định hành vi xâm phạm quyền tác giả bao gồm:

- Xâm phạm quyền nhân thân

- Xâm phạm quyền tài sản

- Không thực hiện hoặc thực hiện không đầy đủ nghĩa vụ quy định tại các Diều 25, Điều 25a và Điều 26  Luật Sở hữu trí tuệ 2005

- Cố ý hủy bỏ hoặc làm vô hiệu biện pháp công nghệ hữu hiệu do tác giả, chủ sở hữu quyền tác giả thực hiện để bảo vệ quyền tác giả đối với tác phẩm của mình nhằm thực hiện hành vi xâm phạm quyền tác giả và hành vi xâm phạm quyền liên quan

- Sản xuất, phân phối, nhập khẩu, chào bán, bán, quảng bá, quảng cáo, tiếp thị, cho thuê hoặc tàng trữ nhằm mục đích thương mại các thiết bị, sản phẩm hoặc linh kiện, giới thiệu hoặc cung cấp dịch vụ khi biết hoặc có cơ sở để biết thiết bị, sản phẩm, linh kiện hoặc dịch vụ đó được sản xuất, sử dụng nhằm vô hiệu hóa biện pháp công nghệ hữu hiệu bảo vệ quyền tác giả.

- Cố ý xóa, gỡ bỏ hoặc thay đổi thông tin quản lý quyền mà không được phép của tác giả, chủ sở hữu quyền tác giả khi biết hoặc có cơ sở để biết việc thực hiện hành vi đó sẽ xúi giục, tạo khả năng, tạo điều kiện thuận lợi hoặc che giấu hành vi xâm phạm quyền tác giả theo quy định của pháp luật.

- Cố ý phân phối, nhập khẩu để phân phối, phát sóng, truyền đạt hoặc cung cấp đến công chúng bản sao tác phẩm khi biết hoặc có cơ sở để biết thông tin quản lý quyền đã bị xóa, gỡ bỏ, thay đổi mà không được phép của chủ sở hữu quyền tác giả; khi biết hoặc có cơ sở để biết việc thực hiện hành vi đó sẽ xúi giục, tạo khả năng, tạo điều kiện thuận lợi hoặc che giấu hành vi xâm phạm quyền tác giả theo quy định của pháp luật.

- Không thực hiện hoặc thực hiện không đầy đủ quy định để được miễn trừ trách nhiệm pháp lý của doanh nghiệp cung cấp dịch vụ trung gian quy định tại khoản 3 Điều 198b  Luật Sở hữu trí tuệ 2005 .

Theo Điều 20  Luật Sở hữu trí tuệ 2005  được sửa đổi bởi khoản 5 Điều 1  Luật Sở hữu trí tuệ sửa đổi 2022  có quy định quyền tài sản đối với tác phẩm gồm:

- Làm tác phẩm phái sinh;

- Biểu diễn tác phẩm trước công chúng trực tiếp hoặc gián tiếp thông qua các bản ghi âm, ghi hình hoặc bất kỳ phương tiện kỹ thuật nào tại địa điểm mà công chúng có thể tiếp cận được nhưng công chúng không thể tự do lựa chọn thời gian và từng phần tác phẩm;

- Sao chép trực tiếp hoặc gián tiếp toàn bộ hoặc một phần tác phẩm bằng bất kỳ phương tiện hay hình thức nào, trừ trường hợp quy định tại điểm a khoản 3 Điều 20  Luật Sở hữu trí tuệ 2005 ;

- Phân phối, nhập khẩu để phân phối đến công chúng thông qua bán hoặc hình thức chuyển giao quyền sở hữu khác đối với bản gốc, bản sao tác phẩm dưới dạng hữu hình, trừ trường hợp quy định tại điểm b khoản 3 Điều 20  Luật Sở hữu trí tuệ 2005 ;

- Phát sóng, truyền đạt đến công chúng tác phẩm bằng phương tiện hữu tuyến, vô tuyến, mạng thông tin điện tử hoặc bất kỳ phương tiện kỹ thuật nào khác, bao gồm cả việc cung cấp tác phẩm đến công chúng theo cách mà công chúng có thể tiếp cận được tại địa điểm và thời gian do họ lựa chọn;

- Cho thuê bản gốc hoặc bản sao tác phẩm điện ảnh, chương trình máy tính, trừ trường hợp chương trình máy tính đó không phải là đối tượng chính của việc cho thuê.","","","","","2026-01-08","https://thuvienphapluat.vn/hoi-dap-phap-luat/toan-van-luat-so-1312025qh15-luat-sua-doi-luat-so-huu-tri-tue-2025-nhu-the-nao-138074440.html","2026-04-08T16:38:28.644885+00:00"
"138076335","Từ 15/2/2026 Mức phạt tiền tối đa lĩnh vực quyền tác giả, quyền liên quan là bao nhiêu?","Căn cứ theo khoản 1 Điều 5  Nghị định 341/2025/NĐ-CP  quy định như sau:

Điều 5. Mức phạt tiền, thẩm quyền phạt tiền đối với cá nhân, tổ chức và xác định số lợi bất hợp pháp thu được, thiệt hại cho chủ sở hữu quyền, giá trị hàng hóa vi phạm

1. Mức phạt tiền tối đa trong lĩnh vực quyền tác giả, quyền liên quan đối với cá nhân là 250.000.000 đồng. Mức phạt tiền tối đa đối với tổ chức là 500.000.000 đồng.

Đối với cùng một hành vi vi phạm hành chính thì mức phạt tiền đối với tổ chức gấp 02 lần mức phạt tiền đối với cá nhân. Hộ kinh doanh, hộ gia đình, cộng đồng dân cư vi phạm hành chính bị áp dụng mức phạt tiền như đối với cá nhân vi phạm hành chính.

2. Mức tiền phạt quy định tại Chương II của Nghị định này là mức tiền phạt áp dụng đối với cá nhân, trừ trường hợp quy định tại khoản 2 Điều 13, khoản 2 Điều 16, khoản 2 Điều 20, khoản 2 Điều 22, khoản 2 Điều 26, khoản 2 Điều 27, khoản 2 Điều 32, khoản 2 Điều 35, các khoản 2, 3 và 4 Điều 37, các khoản 1, 2, 3, 4, 5, và 7 Điều 41, các Điều 45, 46, điểm d khoản 5 Điều 47 và Điều 48 của Nghị định này là mức tiền phạt áp dụng đối với tổ chức.

3. Thẩm quyền phạt tiền của các chức danh quy định tại Chương III của Nghị định này là thẩm quyền áp dụng đối với cá nhân. Thẩm quyền phạt tiền áp dụng đối với tổ chức bằng 02 lần thẩm quyền phạt tiền áp dụng đối với cá nhân.

4. Trường hợp cần xác định số lợi bất hợp pháp thu được do thực hiện hành vi vi phạm hành chính để làm căn cứ xác định khung tiền phạt, thẩm quyền xử phạt thì thực hiện theo quy định tại các điểm b, c, d, đ và e khoản 4 Điều 60 của Nghị định này.

[...]

Như vậy, từ ngày 15/02/2026, mức phạt tiền tối đa trong lĩnh vực quyền tác giả, quyền liên quan là  250.000.000 đồng đối với cá nhân  và  500.000.000 đồng đối với tổ chức .

Đối với cùng một hành vi vi phạm hành chính thì mức phạt tiền đối với tổ chức gấp 02 lần mức phạt tiền đối với cá nhân. Hộ kinh doanh, hộ gia đình, cộng đồng dân cư vi phạm hành chính bị áp dụng mức phạt tiền như đối với cá nhân vi phạm hành chính.

Xem thêm

Tổng hợp chính sách mới Xây dựng năm 2026 chi tiết thế nào?

Tổng hợp chính sách mới Đầu tư năm 2026 chi tiết thế nào?

Từ 15/2/2026 Mức phạt tiền tối đa lĩnh vực quyền tác giả, quyền liên quan là bao nhiêu? (Hình từ Internet)

Căn cứ theo khoản 2 Điều 3  Nghị định 341/2025/NĐ-CP , từ ngày 15/02/2026, tổ chức, cá nhân thực hiện hành vi vi phạm hành chính về quyền tác giả, quyền liên quan có thể bị áp dụng các hình thức xử phạt bổ sung sau:

- Tịch thu tang vật vi phạm hành chính, phương tiện được sử dụng chủ yếu để sản xuất, kinh doanh tang vật vi phạm;

- Tước quyền sử dụng Thẻ giám định viên quyền tác giả, quyền liên quan hoặc Giấy chứng nhận tổ chức giám định quyền tác giả, quyền liên quan từ 01 tháng đến 03 tháng kể từ ngày quyết định xử phạt có hiệu lực thi hành.

Căn cứ theo khoản 2 Điều 52  Nghị định 341/2025/NĐ-CP  quy định như sau:

Điều 52. Thẩm quyền của Chủ tịch Ủy ban nhân dân

1. Chủ tịch Ủy ban nhân dân cấp xã có quyền:

a) Phạt tiền đến 125.000.000 đồng;

b) Tước quyền sử dụng giấy phép, chứng chỉ hành nghề có thời hạn;

c) Tịch thu tang vật, phương tiện vi phạm hành chính;

d) Áp dụng biện pháp khắc phục hậu quả quy định tại các điểm a, d, e, g và i khoản 1 Điều 28 của Luật số 15/2012/QH13 được sửa đổi, bổ sung bởi Luật số 54/2014/QH13, Luật số 18/2017/QH14, Luật số 67/2020/QH14, Luật số 09/2022/QH15, Luật số 11/2022/QH15, Luật số 56/2024/QH15 và Luật số 88/2025/QH15 và Điều 4 của Nghị định này.

2. Chủ tịch Ủy ban nhân dân cấp tỉnh có quyền:

a) Phạt tiền đến 250.000.000 đồng;

b) Tước quyền sử dụng giấy phép, chứng chỉ hành nghề có thời hạn;

c) Tịch thu tang vật, phương tiện vi phạm hành chính;

d) Áp dụng biện pháp khắc phục hậu quả quy định tại các điểm a, d, e, g và i khoản 1 Điều 28 của Luật số 15/2012/QH13 được sửa đổi, bổ sung bởi Luật số 54/2014/QH13, Luật số 18/2017/QH14, Luật số 67/2020/QH14, Luật số 09/2022/QH15, Luật số 11/2022/QH15, Luật số 56/2024/QH15 và Luật số 88/2025/QH15 và Điều 4 của Nghị định này.

Như vậy, từ ngày 15/02/2026, Chủ tịch Ủy ban nhân dân cấp tỉnh có thẩm quyền xử phạt hành chính lĩnh vực quyền tác giả, quyền liên quan tối đa đến  250.000.000 đồng .

Ngoài ra, Chủ tịch Ủy ban nhân dân cấp tỉnh còn được giao một số thẩm quyền xử phạt khác như:

- Tước quyền sử dụng giấy phép, chứng chỉ hành nghề có thời hạn;

- Tịch thu tang vật, phương tiện vi phạm hành chính;

- Áp dụng biện pháp khắc phục hậu quả quy định tại các điểm a, d, e, g và i khoản 1 Điều 28  Luật Xử lý vi phạm hành chính 2012  được sửa đổi, bổ sung bởi Luật số 54/2014/QH13, Luật số 18/2017/QH14, Luật số 67/2020/QH14, Luật số 09/2022/QH15, Luật số 11/2022/QH15, Luật số 56/2024/QH15 và Luật số 88/2025/QH15 và Điều 4  Nghị định 341/2025/NĐ-CP .","","","","","2026-01-07","https://thuvienphapluat.vn/hoi-dap-phap-luat/tu-1522026-muc-phat-tien-toi-da-linh-vuc-quyen-tac-gia-quyen-lien-quan-la-bao-nhieu-138076335.html","2026-04-08T16:38:34.397245+00:00"
"138074813","Quyền tác giả phát sinh khi nào?","Căn cứ theo Điều 6  Luật Sở hữu trí tuệ 2005  được sửa đổi bởi khoản 1 Điều 2  Luật Kinh doanh bảo hiểm, Luật Sở hữu trí tuệ sửa đổi 2019  quy định về căn cứ phát sinh, xác lập quyền sở hữu trí tuệ như sau:

Điều 6. Căn cứ phát sinh, xác lập quyền sở hữu trí tuệ

1. Quyền tác giả phát sinh kể từ khi tác phẩm được sáng tạo và được thể hiện d­ưới một hình thức vật chất nhất định, không phân biệt nội dung, chất l­ượng, hình thức, phương tiện, ngôn ngữ, đã công bố hay ch­ưa công bố, đã đăng ký hay ch­ưa đăng ký.

2. Quyền liên quan phát sinh kể từ khi cuộc biểu diễn, bản ghi âm, ghi hình, chương trình phát sóng, tín hiệu vệ tinh mang chư­ơng trình được mã hoá được định hình hoặc thực hiện mà không gây ph­ương hại đến quyền tác giả.

3. Quyền sở hữu công nghiệp được xác lập như sau:

a) Quyền sở hữu công nghiệp đối với sáng chế, kiểu dáng công nghiệp, thiết kế bố trí, nhãn hiệu được xác lập trên cơ sở quyết định cấp văn bằng bảo hộ của cơ quan nhà nước có thẩm quyền theo thủ tục đăng ký quy định tại Luật này hoặc công nhận đăng ký quốc tế theo điều ước quốc tế mà Cộng hòa xã hội chủ nghĩa Việt Nam là thành viên.

Quyền sở hữu công nghiệp đối với nhãn hiệu nổi tiếng được xác lập trên cơ sở sử dụng, không phụ thuộc vào thủ tục đăng ký.

Quyền sở hữu công nghiệp đối với chỉ dẫn địa lý được xác lập trên cơ sở quyết định cấp văn bằng bảo hộ của cơ quan nhà nước có thẩm quyền theo thủ tục đăng ký quy định tại Luật này hoặc theo điều ước quốc tế mà Cộng hòa xã hội chủ nghĩa Việt Nam là thành viên;

[...]

Như vậy, quyền tác giả phát sinh  kể từ khi tác phẩm được sáng tạo và được thể hiện d­ưới một hình thức vật chất nhất định , không phân biệt nội dung, chất l­ượng, hình thức, phương tiện, ngôn ngữ, đã công bố hay ch­ưa công bố, đã đăng ký hay ch­ưa đăng ký.

Xem thêm:

>>>  Lĩnh vực bản quyền tác giả có phương án cắt giảm, đơn giản hóa thủ tục hành chính như thế nào?

>>>  Điều 225 Bộ luật Hình sự quy định tội xâm phạm quyền tác giả, quyền liên quan ra sao?

Quyền tác giả phát sinh khi nào? (Hình từ Internet)

Căn cứ theo Điều 14  Luật Sở hữu trí tuệ 2005  được sửa đổi bởi khoản 5 Điều 1  Luật Sở hữu trí tuệ sửa đổi 2009  và điểm a khoản 82 Điều 1  Luật Sở hữu trí tuệ sửa đổi 2022  quy định như sau:

Điều 14. Các loại hình tác phẩm được bảo hộ quyền tác giả

1. Tác phẩm văn học, nghệ thuật và khoa học được bảo hộ bao gồm:

a) Tác phẩm văn học, khoa học, sách giáo khoa, giáo trình và tác phẩm khác được thể hiện dưới dạng chữ viết hoặc ký tự khác;

b) Bài giảng, bài phát biểu và bài nói khác;

c) Tác phẩm báo chí;

d) Tác phẩm âm nhạc;

đ) Tác phẩm sân khấu;

e) Tác phẩm điện ảnh và tác phẩm được tạo ra theo phương pháp tương tự (sau đây gọi chung là tác phẩm điện ảnh);

g) Tác phẩm mỹ thuật, mỹ thuật ứng dụng;

h) Tác phẩm nhiếp ảnh;

i) Tác phẩm kiến trúc;

k) Bản họa đồ, sơ đồ, bản đồ, bản vẽ liên quan đến địa hình, kiến trúc, công trình khoa học;

l) Tác phẩm văn học, nghệ thuật dân gian;

m) Chương trình máy tính, sưu tập dữ liệu.

2. Tác phẩm phái sinh chỉ được bảo hộ theo quy định tại khoản 1 Điều này nếu không gây phương hại đến quyền tác giả đối với tác phẩm được dùng để làm tác phẩm phái sinh.

3. Tác phẩm được bảo hộ quy định tại khoản 1 và khoản 2 Điều này phải do tác giả trực tiếp sáng tạo bằng lao động trí tuệ của mình mà không sao chép từ tác phẩm của người khác.

4. Chính phủ hướng dẫn cụ thể về các loại hình tác phẩm quy định tại khoản 1 Điều này.

Như vậy, tác phẩm văn học, nghệ thuật và khoa học được bảo hộ quyền tác giả gồm:

- Tác phẩm văn học, khoa học, sách giáo khoa, giáo trình và tác phẩm khác được thể hiện dưới dạng chữ viết hoặc ký tự khác;

- Bài giảng, bài phát biểu và bài nói khác;

- Tác phẩm báo chí;

- Tác phẩm âm nhạc;

- Tác phẩm sân khấu;

- Tác phẩm điện ảnh và tác phẩm được tạo ra theo phương pháp tương tự (sau đây gọi chung là tác phẩm điện ảnh);

- Tác phẩm mỹ thuật, mỹ thuật ứng dụng;

- Tác phẩm nhiếp ảnh;

- Tác phẩm kiến trúc;

- Bản họa đồ, sơ đồ, bản đồ, bản vẽ liên quan đến địa hình, kiến trúc, công trình khoa học;

- Tác phẩm văn học, nghệ thuật dân gian;

- Chương trình máy tính, sưu tập dữ liệu.

Căn cứ theo Điều 10  Luật Sở hữu trí tuệ 2005  quy định nội dung quản lý nhà nước về sở hữu trí tuệ gồm:

[1]  Xây dựng, chỉ đạo thực hiện chiến lược, chính sách bảo hộ quyền sở hữu trí tuệ.

[2]  Ban hành và tổ chức thực hiện các văn bản pháp luật về sở hữu trí tuệ.

[3]  Tổ chức bộ máy quản lý về sở hữu trí tuệ; đào tạo, bồi dưỡng cán bộ về sở hữu trí tuệ.

[4]  Cấp và thực hiện các thủ tục khác liên quan đến Giấy chứng nhận đăng ký quyền tác giả, Giấy chứng nhận đăng ký quyền liên quan, văn bằng bảo hộ các đối tượng sở hữu công nghiệp, Bằng bảo hộ giống cây trồng.

[5]  Thanh tra, kiểm tra việc chấp hành pháp luật về sở hữu trí tuệ; giải quyết khiếu nại, tố cáo và xử lý vi phạm pháp luật về sở hữu trí tuệ.

[6]  Tổ chức hoạt động thông tin, thống kê về sở hữu trí tuệ.

[7]  Tổ chức, quản lý hoạt động giám định về sở hữu trí tuệ.

[8]  Giáo dục, tuyên truyền, phổ biến kiến thức, pháp luật về sở hữu trí tuệ.

[9]  Hợp tác quốc tế về sở hữu trí tuệ.","","","","","2025-12-22","https://thuvienphapluat.vn/hoi-dap-phap-luat/quyen-tac-gia-phat-sinh-khi-nao-138074813.html","2026-04-08T16:38:41.387614+00:00"
"138072913","Luật Trí tuệ nhân tạo chính thức được thông qua ngày 10/12/2025 đúng không?","Chiều 10/12/2025, Quốc hội  thông qua Luật Trí tuệ nhân tạo

Bộ trưởng cho biết, dự thảo luật dài 20 trang với 35 Điều. Nội dung các điều khoản của dự thảo luật đã thể chế hóa các chủ trương chính sách mới của Đảng, đáp ứng các yêu cầu và mục tiêu xây dựng luật.

Bộ trưởng khẳng định, trí tuệ nhân đạo là lĩnh vực mới và gần đây có sự phát triển rất nhanh, tác động ở tầng sâu đến kinh tế, văn hóa, xã hội, an ninh và phương thức quản trị quốc gia. Việc Việt Nam sớm ban hành Luật Trí tuệ nhân đạo là cần thiết, để tạo khuôn khổ pháp lý cho phát triển bền vững, bảo đảm chủ động nắm bắt cơ hội, cũng như quản trị rủi ro.

Trong quá trình xây dựng, Chính phủ đã nghiên cứu kỹ kinh nghiệm quốc tế, cụ thể là Châu Âu là quản lý chặt, tập trung vào an toàn. Nhật Bản chủ yếu phát triển, Hàn Quốc có cả an toàn và phát triển nhưng phần an toàn là khá nhẹ. ""Việt Nam chọn cách tiếp cận kết hợp có chọn lọc, bảo đảm hài hòa cả an toàn và phát triển. An toàn thì cao hơn mức cơ bản của Hàn Quốc nhưng nhẹ hơn và ít thủ tục hơn của châu Âu. Phát triển thì mạnh mẽ như của Nhật Bản. Đây là mô hình phù hợp với điều kiện Việt Nam"", Bộ trưởng Nguyễn Mạnh Hùng khẳng định.

Giải trình về một số nội dung lớn, Bộ trưởng cho biết: Về cấu trúc luật, dự thảo là luật khung ngắn gọn quy định nguyên tắc và khuôn khổ quản lý nhà nước đối với trí tuệ nhân tạo. Những nội dung kỹ thuật sẽ được quy định tại nghị định. Đây là cách tiếp cận phù hợp với lĩnh vực công nghệ có tốc độ phát triển nhanh.

Về mô hình trí tuệ nhân tạo, luật không điều chỉnh mô hình bởi mô hình là sáng tạo nội bộ của doanh nghiệp. Luật chỉ điều chỉnh đầu ra và hành vi sử dụng trí tuệ nhân tạo, cũng như rủi ro trí tuệ nhân tạo gây ra đối với xã hội. Đây là thông lệ quốc tế bảo đảm không cản trở đổi mới sáng tạo.

Về quản lý theo mức độ rủi ro, dự thảo luật đã giảm từ bốn xuống ba mức: rủi ro thấp, trung bình và cao, kèm theo một điều về các hành vi bị cấm bảo đảm phân tầng quản lý rõ ràng và minh bạch.

Giải trình về kiểm tra hệ thống AI rủi ro cao, Bộ trưởng khẳng định dự thảo luật quy định nghĩa vụ tối thiểu trước khi triển khai; doanh nghiệp phải tự chuẩn bị hồ sơ đánh giá an toàn nhưng không phải xin phép. Hồ sơ sẽ phải xuất trình khi cơ quan quản lý thực hiện hậu kiểm.

Về bồi thường thiệt hại, dự thảo đã bỏ mức phạt theo doanh thu. Luật quy định bồi thường toàn bộ thiệt hại và có chế tài đình chỉ cung cấp dịch vụ. Đây là các biện pháp đủ mạnh và phù hợp với luật pháp Việt Nam.

Về việc hệ thống trí tuệ nhân tạo rủi ro cao có phải là nguồn nguy hiểm cao độ hay không? Hệ thống trí tuệ nhân tạo trong dự thảo là phần mềm rủi ro từ việc ra quyết định, không phải rủi ro vật lý tự thân như xe cơ giới hay chất nổ. Vì vậy, dự thảo luật không xếp hệ thống trí tuệ nhân tạo có rủi ro cao vào nhóm nguồn nguy hiểm cao độ. Tuy nhiên, để tăng cường bảo vệ người dân, dự thảo luật bổ sung cơ chế bồi thường thiệt hại nghiêm ngặt, quy định trách nhiệm bồi thường thiệt hại cho các chủ thể liên quan ngay cả khi không có lỗi.

Đối với quy định về thúc đẩy phát triển và đổi mới sáng tạo trong lĩnh vực trí tuệ nhân tạo, dự thảo luật đưa ra các chính sách thúc đẩy phát triển chuyển giao bao gồm: phát triển hạ tầng trí tuệ nhân tạo, mở rộng tiếp cận dữ liệu dùng chung, hỗ trợ thử nghiệm mô hình mới, ưu đãi cho doanh nghiệp trí tuệ nhân tạo, phát triển nhân lực và hỗ trợ doanh nghiệp nhỏ và vừa ứng dụng trí tuệ nhân tạo. Các chính sách này nhằm hình thành hệ sinh thái trí tuệ nhân tạo tự chủ, nâng cao năng lực cạnh tranh quốc gia.

Vừa rồi là câu trả lời câu hỏi: ""Luật Trí tuệ nhân tạo chính thức được thông qua ngày 10/12/2025 đúng không?""

Luật Trí tuệ nhân tạo chính thức được thông qua ngày 10/12/2025 đúng không? (Hình từ Internet)

Căn cứ tại Điều 4 Quy chế phối hợp thí điểm ứng dụng trí tuệ nhân tạo trong hoạt động kiểm toán của Kiểm toán nhà nước ban hành kèm theo  Quyết định 675/QĐ-KTNN năm 2025  quy định nguyên tắc thực hiện thí điểm ứng dụng trí tuệ nhân tạo trong hoạt động kiểm toán của Kiểm toán nhà nước như sau:

- Thực hiện thí điểm ứng dụng AI đối với chủ đề/nội dung kiểm toán được Tổng Kiểm toán nhà nước định hướng, chỉ đạo.

- Việc thí điểm ứng dụng AI được thực hiện trên cơ sở trách nhiệm của các bên liên quan quy định tại Quy chế này và phải tuân thủ các quy định của pháp luật, Luật KTNN, Hệ thống chuẩn mực kiểm toán nhà nước, Quy trình kiểm toán của KTNN và các quy định về chuyên môn nghiệp vụ của KTNN; đồng thời bảo đảm tính bảo mật, an toàn thông tin, an ninh mạng theo quy định.

- Việc thí điểm ứng dụng AI trong hoạt động kiểm toán để phân tích, cung cấp thông tin, nhận diện/phát hiện các rủi ro ban đầu hoặc hỗ trợ kiểm toán viên tổng hợp, đánh giá các sai sót trong quá trình kiểm toán; kiểm toán viên có trách nhiệm tuân thủ đầy đủ các quy định về chuyên môn nghiệp vụ của KTNN, sử dụng tối đa các gợi ý của ứng dụng AI để thực hiện các thủ tục kiểm toán thích hợp và hoàn toàn chịu trách nhiệm về phát hiện, đánh giá, kết luận, kiến nghị kiểm toán của mình.

Theo Điều 5 Quy chế phối hợp thí điểm ứng dụng trí tuệ nhân tạo trong hoạt động kiểm toán của Kiểm toán nhà nước ban hành kèm theo  Quyết định 675/QĐ-KTNN năm 2025  quy định trách nhiệm, quyền hạn của đơn vị chủ trì cuộc kiểm toán có thí điểm ứng dụng AI như sau:

[1] Trách nhiệm

(i) Phối hợp với Cục Công nghệ thông tin để thu thập thông tin, phân tích, đánh giá các chủ đề/nội dung kiểm toán có thể ứng dụng AI trong việc hỗ trợ lập kế hoạch kiểm toán năm của đơn vị.

(ii) Triển khai kế hoạch kiểm toán

- Phối hợp với Cục Công nghệ thông tin dự kiến ứng dụng AI đối với các nội dung trọng yếu để lập kế hoạch kiểm toán tổng quát.

- Trong quá trình thực hiện kiểm toán, Thủ trưởng của đơn vị chủ trì cuộc kiểm toán chỉ đạo Đoàn, Tổ kiểm toán:

+ Thu thập và cung cấp các thông tin, tài liệu theo yêu cầu của Cục Công nghệ thông tin (danh mục tài liệu, nội dung và thời gian...), đồng thời phối hợp với Cục Công nghệ thông tin để phân tích, xử lý thông tin đáp ứng yêu cầu ứng dụng AI.

+ Nghiên cứu, tham khảo báo cáo ứng dụng AI của Cục Công nghệ thông tin để thực hiện các thủ tục kiểm toán phù hợp.

+ Thường xuyên phối hợp, trao đổi nội bộ và với Cục Công nghệ thông tin để rà soát, đánh giá bằng chứng kiểm toán thận trọng trước khi đưa ra đánh giá, kết luận cuối cùng.

- Phối hợp với Cục Công nghệ thông tin trong bước lập báo cáo kiểm toán để tổng hợp kết quả và dự kiến kiến nghị kiểm toán đối với các phát hiện có ứng dụng AI (nếu cần thiết).

- Phối hợp với Cục Công nghệ thông tin trong bước kiểm tra việc thực hiện kết luận và kiến nghị kiểm toán để phân tích, tổng hợp tình hình theo yêu cầu (nếu cần thiết).

(iii) Cử đầu mối (lãnh đạo hoặc công chức có năng lực, trách nhiệm) thường trực phối hợp với Cục Công nghệ thông tin triển khai ứng dụng AI trong các hoạt động của đơn vị.

(iv) Phản hồi về tính chính xác, hữu ích và tồn tại, hạn chế của kết quả ứng dụng AI cho Cục Công nghệ thông tin để hoàn thiện ứng dụng AI trong hoạt động kiểm toán (phù hợp với khả năng kỹ thuật của ứng dụng AI và yêu cầu kiểm toán).

(v) Kiểm tra, giám sát, đôn đốc các Đoàn, Tổ kiểm toán trong việc thực hiện thí điểm ứng dụng AI theo đúng chỉ đạo của Lãnh đạo KTNN.

(vi) Chịu trách nhiệm trước Tổng Kiểm toán nhà nước về kết quả kiểm toán có thí điểm ứng dụng AI do đơn vị thực hiện.

[2] Quyền hạn

- Yêu cầu Cục Công nghệ thông tin giải thích, trao đổi, hỗ trợ trong quá trình lập kế hoạch kiểm toán năm và tổ chức thực hiện từng cuộc kiểm toán có thí điểm ứng dụng AI.

- Yêu cầu Cục Công nghệ thông tin cung cấp kịp thời (theo thời hạn cụ thể) về dự báo kết quả đối với chủ đề/nội dung kiểm toán có ứng dụng AI.

- Trong quá trình kiểm toán, nếu phát sinh nội dung kiểm toán cần ứng dụng AI, kịp thời đề xuất Tổng Kiểm toán nhà nước chỉ đạo Cục Công nghệ thông tin nghiên cứu, xây dựng ứng dụng AI phù hợp để được hỗ trợ.","","","","","2025-12-10","https://thuvienphapluat.vn/hoi-dap-phap-luat/luat-tri-tue-nhan-tao-chinh-thuc-duoc-thong-qua-ngay-10122025-dung-khong-138072913.html","2026-04-08T16:38:45.385946+00:00"
"138073451","Luật Sửa đổi, bổ sung một số điều của Luật Sở hữu trí tuệ chính thức được thông qua ngày 10/12/2025 đúng không?","Chiều 10/12, tiếp tục chương trình Kỳ họp thứ 10, Quốc hội khoá XV, dưới sự điều hành của Phó Chủ tịch Quốc hội, Quốc hội tiến hành biểu quyết  thông qua Luật sửa đổi, bổ sung một số điều của Luật Sở hữu trí tuệ .

Trước khi tiến hành biểu quyết, Quốc hội nghe Bộ trưởng Bộ Khoa học và Công nghệ trình bày Báo cáo giải trình, tiếp thu dự thảo Luật sửa đổi, bổ sung một số điều của Luật Sở hữu trí tuệ. Sau đó, Quốc hội tiến hành biểu quyết thông qua bằng hình thức biểu quyết điện tử. Kết quả 432/438 đại biểu tham gia biểu quyết tán thành (chiếm 91,33 %), Quốc hội đã thông qua Luật sửa đổi, bổ sung một số điều của Luật Sở hữu trí tuệ.

Theo Báo cáo giải trình, tiếp thu dự thảo Luật sửa đổi, bổ sung một số điều của Luật Sở hữu trí tuệ, về ghi nhận, quản lý tài sản trí tuệ trong doanh nghiệp, dự thảo có điều khoản chung về ghi nhận, quản lý tài sản trí tuệ trong doanh nghiệp, rồi giao Chính phủ quy định chi tiết về hạch toán, thuyết minh, chuẩn mực định giá. Trong đó, có cả tài sản chưa đủ điều kiện để ghi nhận trên bảng cân đối kế toán sẽ được ghi trong sổ theo dõi riêng về tài sản trí tuệ, có thể tự định giá nhưng chỉ có giá trị nội bộ. Đây là biện pháp để thúc đẩy doanh nghiệp quản lý các tài sản trí tuệ của mình.

Về cải cách thủ tục hành chính, báo cáo cho biết, dự thảo đã có quy định về chuyển đổi số toàn diện để giảm thời gian thẩm định nội dung sáng chế từ 18 tháng xuống còn 12 tháng, và có cơ chế thẩm định nhanh trong 3 tháng. Đây là cải cách mạnh mẽ.

Về sản phẩm do AI tạo ra, dự thảo Luật quy định AI không phải chủ thể quyền sở hữu trí tuệ. Sản phẩm do AI tự động tạo ra, không có sự tham gia của con người thì không được bảo hộ bản quyền, sáng chế như là tác phẩm của con người.

Sản phẩm do con người sử dụng AI như một công cụ để tạo ra, con người có đóng góp sáng tạo đáng kể như ý tưởng, chỉ đạo, lựa chọn, chỉnh sửa kết quả của AI thì có thể công nhận là tác giả, nhà sáng chế.

Nếu con người có đóng góp ít, dùng AI như một đồng nghiệp, ví dụ chỉ đưa ra yêu cầu, ngữ cảnh thì không phải tác giả nhưng có quyền sử dụng và thương mại. Cơ bản các nước đang tiếp cận theo cách này.

Đối với việc sử dụng thông tin để huấn luyện AI, báo cáo nêu rõ, dự thảo quy định thông tin đã được công bố hợp pháp, công khai và công chúng được phép tiếp cận thì được sử dụng với mục đích huấn luyện AI, tức là đầu vào cho AI. Nhưng với điều kiện là kết quả đầu ra của AI không xâm phạm quyền tác giả.

Về mở rộng đối tượng bảo hộ sở hữu trí tuệ, dự thảo bổ sung kiểu dáng công nghiệp đối với sản phẩm phi vật lý để phù hợp với xu thế công nghệ mới, nhất là công nghệ số. Dự thảo sẽ giao Chính phủ quy định chi tiết về điều kiện bảo hộ đối với lại sản phẩm này.

Về nâng cao nhận thức và tăng cường thực thi, nâng cao nhận thức xã hội và doanh nghiệp về sở hữu trí tuệ là xử lý gốc. Sở hữu trí tuệ được đưa vào giáo dục phổ thông, đại học, truyền thông mạnh mẽ cho doanh nghiệp và cộng đồng. Dự thảo Luật bổ sung thẩm quyền cho tòa án sở hữu trí tuệ, bổ sung các hình phạt mang tính răn đe, coi xâm phạm quyền sở hữu trí tuệ cũng như là ăn cắp trong thế giới thực, phải được xử lý nghiêm minh. Chuyển thực thi lên môi trường số là một giải pháp có tính đột phá trong dự thảo Luật.

Với đa số đại biểu tham gia biểu quyết tán thành, sau khi tiếp thu, giải trình, Luật đã chỉnh lý, sửa đổi, bổ sung 71 điều và bãi bỏ 8 điều. Nội dung các điều của Luật đã thể chế hóa các chủ trương, chính sách mới của Đảng, đáp ứng các yêu cầu, mục tiêu về sửa đổi, bổ sung Luật. Tư tưởng chính về sửa đổi Luật Sở hữu trí tuệ lần này là sở hữu trí tuệ phải biến kết quả nghiên cứu thành tài sản để có thể giao dịch. Sở hữu trí tuệ phải trở thành tài sản của doanh nghiệp, có thể định giá, mua bán, được đưa vào báo cáo tài chính, có thể là tài sản đảm bảo để đi vay, góp vốn, nhất là tài sản công nghệ mới, công nghệ số, AI.

Đây là bước chuyển từ tư duy bảo vệ quyền sang tài sản hóa, thương mại hóa và thị trường hóa sở hữu trí tuệ, đồng bộ với các luật về khoa học công nghệ, đổi mới sáng tạo, công nghệ số, chuyển đổi số, trí tuệ nhân tạo, công nghệ cao và chuyển giao công nghệ. Sở hữu trí tuệ trở thành công cụ cạnh tranh chiến lược của doanh nghiệp và quốc gia.

Luật Sửa đổi bổ sung một số điều của Luật Sở hữu trí tuệ chính thức được thông qua ngày 10/12/2025 đúng không? (Hình từ Internet)

Căn cứ theo Điều 221  Luật Sở hữu trí tuệ 2005  quy định về hiệu lực thi hành như sau:

Điều 221. Hiệu lực thi hành

Luật này có hiệu lực thi hành từ ngày 01 tháng 7 năm 2006.

Như vậy,  Luật Sở hữu trí tuệ 2005  chính thức có hiệu lực từ ngày 01/7/2006.

Căn cứ theo Điều 2  Luật Sở hữu trí tuệ 2005  quy định về đối tượng áp dụng như sau:

Điều 2. Đối tượng áp dụng

Luật này áp dụng đối với tổ chức, cá nhân Việt Nam; tổ chức, cá nhân nước ngoài đáp ứng các điều kiện quy định tại Luật này và điều ước quốc tế mà Cộng hoà xã hội chủ nghĩa Việt Nam là thành viên.

Như vậy, đối tượng áp dụng của  Luật Sở hữu trí tuệ 2005  gồm:

- Tổ chức, cá nhân Việt Nam;

- Tổ chức, cá nhân nước ngoài đáp ứng các điều kiện quy định tại  Luật Sở hữu trí tuệ 2005  và điều ước quốc tế mà Cộng hoà xã hội chủ nghĩa Việt Nam là thành viên.","","","","","2025-12-10","https://thuvienphapluat.vn/hoi-dap-phap-luat/luat-sua-doi-bo-sung-mot-so-dieu-cua-luat-so-huu-tri-tue-chinh-thuc-duoc-thong-qua-ngay-10122025-du-138073451.html","2026-04-08T16:38:49.969642+00:00"
"138072978","Toàn văn Dự thảo Luật Sở hữu trí tuệ sửa đổi Dự thảo lần 7 chi tiết như thế nào?","Ngày 05/12/2025, Bộ Tư pháp đã công bố Dự thảo Luật Sở hữu trí tuệ sửa đổi Dự thảo lần 7.

Tải về Dự thảo Luật Sở hữu trí tuệ sửa đổi

Trong đó, Dự thảo Luật Sở hữu trí tuệ sửa đổi dự kiến sửa đổi, bổ sung Điều 4  Luật Sở hữu trí tuệ 2005  như sau:

- Sửa đổi, bổ sung khoản 1 như sau:

“1. Quyền sở hữu trí tuệ là quyền của tổ chức, cá nhân đối với các đối tượng quyền tác giả và quyền liên quan đến quyền tác giả, quyền sở hữu công nghiệp và quyền đối với giống cây trồng."";

- Sửa đổi, bổ sung khoản 13 như sau:

“13. Kiểu dáng công nghiệp là hình dáng bên ngoài của toàn bộ hoặc một phần của sản phẩm dưới dạng vật lý hoặc phi vật lý, được thể hiện bằng hình khối, đường nét, màu sắc hoặc sự kết hợp những yếu tố này và nhìn thấy được trong quá trình khai thác công dụng của sản phẩm."".

Xem thêm chi tiết Toàn văn Dự thảo Luật Sở hữu trí tuệ sửa đổi Dự thảo lần 7

Tải về

*Trên đây là thông tin Toàn văn Dự thảo Luật Sở hữu trí tuệ sửa đổi Dự thảo lần 7 chi tiết như thế nào?

Toàn văn Dự thảo Luật Sở hữu trí tuệ sửa đổi Dự thảo lần 7 chi tiết như thế nào? (Hình từ Internet)

Căn cứ Điều 10  Luật Sở hữu trí tuệ 2005  quy định về nội dung quản lý nhà nước về sở hữu trí tuệ như sau:

- Xây dựng, chỉ đạo thực hiện chiến lược, chính sách bảo hộ quyền sở hữu trí tuệ.

- Ban hành và tổ chức thực hiện các văn bản pháp luật về sở hữu trí tuệ.

- Tổ chức bộ máy quản lý về sở hữu trí tuệ; đào tạo, bồi dưỡng cán bộ về sở hữu trí tuệ.

- Cấp và thực hiện các thủ tục khác liên quan đến Giấy chứng nhận đăng ký quyền tác giả, Giấy chứng nhận đăng ký quyền liên quan, văn bằng bảo hộ các đối tượng sở hữu công nghiệp, Bằng bảo hộ giống cây trồng.

- Thanh tra, kiểm tra việc chấp hành pháp luật về sở hữu trí tuệ; giải quyết khiếu nại, tố cáo và xử lý vi phạm pháp luật về sở hữu trí tuệ.

- Tổ chức hoạt động thông tin, thống kê về sở hữu trí tuệ.

- Tổ chức, quản lý hoạt động giám định về sở hữu trí tuệ.

- Giáo dục, tuyên truyền, phổ biến kiến thức, pháp luật về sở hữu trí tuệ.

Theo Điều 28  Luật Sở hữu trí tuệ 2005  được sửa đổi bởi khoản 8 Điều 1  Luật Sở hữu trí tuệ sửa đổi 2022  quy định hành vi xâm phạm quyền tác giả bao gồm:

- Xâm phạm quyền nhân thân

- Xâm phạm quyền tài sản

- Không thực hiện hoặc thực hiện không đầy đủ nghĩa vụ quy định tại các Diều 25, Điều 25a và Điều 26  Luật Sở hữu trí tuệ 2005

- Cố ý hủy bỏ hoặc làm vô hiệu biện pháp công nghệ hữu hiệu do tác giả, chủ sở hữu quyền tác giả thực hiện để bảo vệ quyền tác giả đối với tác phẩm của mình nhằm thực hiện hành vi xâm phạm quyền tác giả và hành vi xâm phạm quyền liên quan

- Sản xuất, phân phối, nhập khẩu, chào bán, bán, quảng bá, quảng cáo, tiếp thị, cho thuê hoặc tàng trữ nhằm mục đích thương mại các thiết bị, sản phẩm hoặc linh kiện, giới thiệu hoặc cung cấp dịch vụ khi biết hoặc có cơ sở để biết thiết bị, sản phẩm, linh kiện hoặc dịch vụ đó được sản xuất, sử dụng nhằm vô hiệu hóa biện pháp công nghệ hữu hiệu bảo vệ quyền tác giả.

- Cố ý xóa, gỡ bỏ hoặc thay đổi thông tin quản lý quyền mà không được phép của tác giả, chủ sở hữu quyền tác giả khi biết hoặc có cơ sở để biết việc thực hiện hành vi đó sẽ xúi giục, tạo khả năng, tạo điều kiện thuận lợi hoặc che giấu hành vi xâm phạm quyền tác giả theo quy định của pháp luật.

- Cố ý phân phối, nhập khẩu để phân phối, phát sóng, truyền đạt hoặc cung cấp đến công chúng bản sao tác phẩm khi biết hoặc có cơ sở để biết thông tin quản lý quyền đã bị xóa, gỡ bỏ, thay đổi mà không được phép của chủ sở hữu quyền tác giả; khi biết hoặc có cơ sở để biết việc thực hiện hành vi đó sẽ xúi giục, tạo khả năng, tạo điều kiện thuận lợi hoặc che giấu hành vi xâm phạm quyền tác giả theo quy định của pháp luật.

- Không thực hiện hoặc thực hiện không đầy đủ quy định để được miễn trừ trách nhiệm pháp lý của doanh nghiệp cung cấp dịch vụ trung gian quy định tại khoản 3 Điều 198b  Luật Sở hữu trí tuệ 2005 .","","","","","2025-12-06","https://thuvienphapluat.vn/hoi-dap-phap-luat/toan-van-du-thao-luat-so-huu-tri-tue-sua-doi-du-thao-lan-7-chi-tiet-nhu-the-nao-138072978.html","2026-04-08T16:38:55.593288+00:00"
"138067520","Luật Sở hữu trí tuệ có bao nhiêu chương, bao nhiêu điều?","Ngày 29/11/2005 Quốc hội ban hành  Luật Sở hữu trí tuệ 2005  bao gồm 222 điều cụ thể như sau:

Phần thứ nhất NHỮNG QUY ĐỊNH CHUNG

Điều 1. Phạm vi điều chỉnh

Điều 2. Đối tượng áp dụng

Điều 3. Đối tượng quyền sở hữu trí tuệ

Điều 4. Giải thích từ ngữ

Điều 5. (được bãi bỏ)

Điều 6. Căn cứ phát sinh, xác lập quyền sở hữu trí tuệ

Điều 7. Giới hạn quyền sở hữu trí tuệ

Điều 8. Chính sách của Nhà nước về sở hữu trí tuệ

Điều 9. Quyền và trách nhiệm của tổ chức, cá nhân trong việc bảo vệ quyền sở hữu trí tuệ

Điều 10. Nội dung quản lý nhà nước về sở hữu trí tuệ

Điều 11. Trách nhiệm quản lý nhà nước về sở hữu trí tuệ

Điều 12. Phí, lệ phí về sở hữu trí tuệ

Phần thứ hai QUYỀN TÁC GIẢ VÀ QUYỀN LIÊN QUAN

Chương I ĐIỀU KIỆN BẢO HỘ QUYỀN TÁC GIẢ VÀ QUYỀN LIÊN QUAN

Mục 1. ĐIỀU KIỆN BẢO HỘ QUYỀN TÁC GIẢ

Điều 12a. Tác giả, đồng tác giả

Điều 13. Tác giả, chủ sở hữu quyền tác giả có tác phẩm được bảo hộ quyền tác giả

Điều 14. Các loại hình tác phẩm được bảo hộ quyền tác giả

Điều 15. Các đối tượng không thuộc phạm vi bảo hộ quyền tác giả

Mục 2. ĐIỀU KIỆN BẢO HỘ QUYỀN LIÊN QUAN

Điều 16. Tổ chức, cá nhân được bảo hộ quyền liên quan

Điều 17. Các đối tượng quyền liên quan được bảo hộ

Chương II NỘI DUNG, GIỚI HẠN QUYỀN, THỜI HẠN BẢO HỘ QUYỀN TÁC GIẢ, QUYỀN LIÊN QUAN

Mục 1. NỘI DUNG, GIỚI HẠN QUYỀN, THỜI HẠN BẢO HỘ QUYỀN TÁC GIẢ

Điều 18. Quyền tác giả

Điều 19. Quyền nhân thân

Điều 20. Quyền tài sản

Điều 21. Quyền tác giả đối với tác phẩm điện ảnh, tác phẩm sân khấu

Điều 22. Quyền tác giả đối với chương trình máy tính, sưu tập dữ liệu

Điều 23. Quyền tác giả đối với tác phẩm văn học, nghệ thuật dân gian

Điều 24. Quyền tác giả đối với tác phẩm văn học, nghệ thuật và khoa học

Điều 25. Các trường hợp ngoại lệ không xâm phạm quyền tác giả

Điều 25a. Các trường hợp ngoại lệ không xâm phạm quyền tác giả dành cho người khuyết tật

Điều 26. Giới hạn quyền tác giả

Điều 27. Thời hạn bảo hộ quyền tác giả

Điều 28. Hành vi xâm phạm quyền tác giả

Mục 2. NỘI DUNG, GIỚI HẠN QUYỀN, THỜI HẠN BẢO HỘ QUYỀN LIÊN QUAN

Điều 29. Quyền của người biểu diễn

Điều 30. Quyền của nhà sản xuất bản ghi âm, ghi hình

Điều 31. Quyền của tổ chức phát sóng

Điều 32. Các trường hợp ngoại lệ không xâm phạm quyền liên quan

Điều 33. Giới hạn quyền liên quan

Điều 34. Thời hạn bảo hộ quyền liên quan

Điều 35. Hành vi xâm phạm quyền liên quan

Chương III CHỦ SỞ HỮU QUYỀN TÁC GIẢ, QUYỀN LIÊN QUAN

Điều 36. Chủ sở hữu quyền tác giả

Điều 37. Chủ sở hữu quyền tác giả là tác giả

Điều 38. Chủ sở hữu quyền tác giả là các đồng tác giả

Điều 39. Chủ sở hữu quyền tác giả là tổ chức, cá nhân giao nhiệm vụ cho tác giả hoặc giao kết hợp đồng với tác giả

Điều 40. Chủ sở hữu quyền tác giả là người thừa kế

Điều 41. Chủ sở hữu quyền tác giả là người được chuyển giao quyền

Điều 42. Chủ sở hữu quyền tác giả, chủ sở hữu quyền liên quan là Nhà nước

Điều 43. Tác phẩm, cuộc biểu diễn, bản ghi âm, ghi hình, chương trình phát sóng thuộc về công chúng

Điều 44. Chủ sở hữu quyền liên quan

Điều 44a. Nguyên tắc xác định và phân chia tiền bản quyền

Chương IV CHUYỂN GIAO QUYỀN TÁC GIẢ, QUYỀN LIÊN QUAN

Mục 1. CHUYỂN NHƯỢNG QUYỀN TÁC GIẢ, QUYỀN LIÊN QUAN

Điều 45. Quy định chung về chuyển nhượng quyền tác giả, quyền liên quan

Điều 46. Hợp đồng chuyển nhượng quyền tác giả, quyền liên quan

Mục 2. CHUYỂN QUYỀN SỬ DỤNG QUYỀN TÁC GIẢ, QUYỀN LIÊN QUAN

Điều 47. Quy định chung về chuyển quyền sử dụng quyền tác giả, quyền liên quan

Điều 48. Hợp đồng sử dụng quyền tác giả, quyền liên quan

Chương V CHỨNG NHẬN ĐĂNG KÝ QUYỀN TÁC GIẢ, QUYỀN LIÊN QUAN

Điều 49. Đăng ký quyền tác giả, đăng ký quyền liên quan

Điều 50. Hồ sơ đăng ký quyền tác giả, đăng ký quyền liên quan

Điều 51. Thẩm quyền cấp Giấy chứng nhận đăng ký quyền tác giả, Giấy chứng nhận đăng ký quyền liên quan

Điều 52. Thời hạn cấp Giấy chứng nhận đăng ký quyền tác giả, Giấy chứng nhận đăng ký quyền liên quan

Điều 53. Hiệu lực Giấy chứng nhận đăng ký quyền tác giả, Giấy chứng nhận đăng ký quyền liên quan

Điều 54. Đăng bạ và công bố đăng ký quyền tác giả, quyền liên quan

Điều 55. Cấp lại, cấp đổi, hủy bỏ hiệu lực Giấy chứng nhận đăng ký quyền tác giả, Giấy chứng nhận đăng ký quyền liên quan

Chương VI TỔ CHỨC ĐẠI DIỆN TẬP THỂ, TƯ VẤN, DỊCH VỤ QUYỀN TÁC GIẢ, QUYỀN LIÊN QUAN

Điều 56. Tổ chức đại diện tập thể quyền tác giả, quyền liên quan

Điều 57. Tổ chức tư vấn, dịch vụ quyền tác giả, quyền liên quan

Phần thứ ba QUYỀN SỞ HỮU CÔNG NGHIỆP

Chương VII ĐIỀU KIỆN BẢO HỘ QUYỀN SỞ HỮU CÔNG NGHIỆP

Mục 1. ĐIỀU KIỆN BẢO HỘ ĐỐI VỚI SÁNG CHẾ

Điều 58. Điều kiện chung đối với sáng chế được bảo hộ

Điều 59. Đối tượng không được bảo hộ với danh nghĩa sáng chế

Điều 60. Tính mới của sáng chế

Điều 61. Trình độ sáng tạo của sáng chế

Điều 62. Khả năng áp dụng công nghiệp của sáng chế

Mục 2. ĐIỀU KIỆN BẢO HỘ ĐỐI VỚI KIỂU DÁNG CÔNG NGHIỆP

Điều 63. Điều kiện chung đối với kiểu dáng công nghiệp được bảo hộ

Điều 64. Đối tượng không được bảo hộ với danh nghĩa kiểu dáng công nghiệp

Điều 65. Tính mới của kiểu dáng công nghiệp

Điều 66. Tính sáng tạo của kiểu dáng công nghiệp

Điều 67. Khả năng áp dụng công nghiệp của kiểu dáng công nghiệp

Mục 3. ĐIỀU KIỆN BẢO HỘ ĐỐI VỚI THIẾT KẾ BỐ TRÍ

Điều 68. Điều kiện chung đối với thiết kế bố trí được bảo hộ

Điều 69. Đối tượng không được bảo hộ với danh nghĩa thiết kế bố trí

Điều 70. Tính nguyên gốc của thiết kế bố trí

Điều 71. Tính mới thương mại của thiết kế bố trí

Mục 4. ĐIỀU KIỆN BẢO HỘ ĐỐI VỚI NHÃN HIỆU

Điều 72. Điều kiện chung đối với nhãn hiệu được bảo hộ

Điều 73. Dấu hiệu không được bảo hộ với danh nghĩa nhãn hiệu

Điều 74. Khả năng phân biệt của nhãn hiệu

Điều 75. Tiêu chí đánh giá nhãn hiệu nổi tiếng

Mục 5. ĐIỀU KIỆN BẢO HỘ ĐỐI VỚI TÊN THƯƠNG MẠI

Điều 76. Điều kiện chung đối với tên thương mại được bảo hộ

Điều 77. Đối tượng không được bảo hộ với danh nghĩa tên thương mại

Điều 78. Khả năng phân biệt của tên thương mại

Mục 6. ĐIỀU KIỆN BẢO HỘ ĐỐI VỚI CHỈ DẪN ĐỊA LÝ

Điều 79. Điều kiện chung đối với chỉ dẫn địa lý được bảo hộ

Điều 80. Đối tượng không được bảo hộ với danh nghĩa chỉ dẫn địa lý

Điều 81. Danh tiếng, chất lượng, đặc tính của sản phẩm mang chỉ dẫn địa lý

Điều 82. Điều kiện địa lý liên quan đến chỉ dẫn địa lý

Điều 83. Khu vực địa lý mang chỉ dẫn địa lý

Mục 7. ĐIỀU KIỆN BẢO HỘ ĐỐI VỚI BÍ MẬT KINH DOANH

Điều 84. Điều kiện chung đối với bí mật kinh doanh được bảo hộ

Điều 85. Đối tượng không được bảo hộ với danh nghĩa bí mật kinh doanh

Chương VIII XÁC LẬP QUYỀN SỞ HỮU CÔNG NGHIỆP ĐỐI VỚI SÁNG CHẾ, KIỂU DÁNG CÔNG NGHIỆP, THIẾT KẾ BỐ TRÍ, NHÃN HIỆU, CHỈ DẪN ĐỊA LÝ

Mục 1. ĐĂNG KÝ SÁNG CHẾ, KIỂU DÁNG CÔNG NGHIỆP, THIẾT KẾ BỐ TRÍ, NHÃN HIỆU, CHỈ DẪN ĐỊA LÝ

Điều 86. Quyền đăng ký sáng chế, kiểu dáng công nghiệp, thiết kế bố trí

Điều 86a. (được bãi bỏ)

Điều 87. Quyền đăng ký nhãn hiệu

Điều 88. Quyền đăng ký chỉ dẫn địa lý

Điều 89. Cách thức nộp đơn đăng ký xác lập quyền sở hữu công nghiệp

Điều 89a. Kiểm soát an ninh đối với sáng chế trước khi nộp đơn đăng ký ở nước ngoài

Điều 90. Nguyên tắc nộp đơn đầu tiên

Điều 91. Nguyên tắc ưu tiên

Điều 92. Văn bằng bảo hộ

Điều 93. Hiệu lực của văn bằng bảo hộ

Điều 94. Duy trì, gia hạn hiệu lực văn bằng bảo hộ

Điều 95. Chấm dứt hiệu lực văn bằng bảo hộ

Điều 96. Hủy bỏ hiệu lực văn bằng bảo hộ

Điều 97. Sửa đổi văn bằng bảo hộ

Điều 98. Sổ đăng ký quốc gia về sở hữu công nghiệp

Điều 99. Công bố các quyết định liên quan đến văn bằng bảo hộ

Mục 2. ĐƠN ĐĂNG KÝ SỞ HỮU CÔNG NGHIỆP

Điều 100. Yêu cầu chung đối với đơn đăng ký sở hữu công nghiệp

Điều 101. Yêu cầu về tính thống nhất của đơn đăng ký sở hữu công nghiệp

Điều 102. Yêu cầu đối với đơn đăng ký sáng chế

Điều 103. Yêu cầu đối với đơn đăng ký kiểu dáng công nghiệp

Điều 104. Yêu cầu đối với đơn đăng ký thiết kế bố trí

Điều 105. Yêu cầu đối với đơn đăng ký nhãn hiệu

Điều 106. Yêu cầu đối với đơn đăng ký chỉ dẫn địa lý

Điều 107. Uỷ quyền đại diện trong các thủ tục liên quan đến quyền sở hữu công nghiệp

Mục 3. THỦ TỤC XỬ LÝ ĐƠN ĐĂNG KÝ SỞ HỮU CÔNG NGHIỆP VÀ CẤP VĂN BẰNG BẢO HỘ

Điều 108. Tiếp nhận đơn đăng ký sở hữu công nghiệp, ngày nộp đơn

Điều 109. Thẩm định hình thức đơn đăng ký sở hữu công nghiệp

Điều 110. Công khai đơn đăng ký nhãn hiệu, công bố đơn đăng ký sở hữu công nghiệp

Điều 111. Bảo mật đơn đăng ký sáng chế, đơn đăng ký kiểu dáng công nghiệp trước khi công bố

Điều 112. Ý kiến của người thứ ba về việc cấp văn bằng bảo hộ

Điều 112a. Phản đối đơn đăng ký sở hữu công nghiệp

Điều 113. Yêu cầu thẩm định nội dung đơn đăng ký sáng chế

Điều 114. Thẩm định nội dung đơn đăng ký sở hữu công nghiệp

Điều 115. Sửa đổi, bổ sung, tách, chuyển đổi đơn đăng ký sở hữu công nghiệp

Điều 116. Rút đơn đăng ký sở hữu công nghiệp

Điều 117. Từ chối cấp văn bằng bảo hộ

Điều 118. Cấp văn bằng bảo hộ, đăng bạ

Điều 119. Thời hạn xử lý đơn đăng ký sở hữu công nghiệp

Điều 119a. Khiếu nại và giải quyết khiếu nại liên quan đến các thủ tục về sở hữu công nghiệp

Mục 4. ĐƠN QUỐC TẾ, ĐỀ NGHỊ QUỐC TẾ VÀ XỬ LÝ ĐƠN QUỐC TẾ, ĐỀ NGHỊ QUỐC TẾ

Điều 120. Đơn quốc tế và xử lý đơn quốc tế

Điều 120a. Đề nghị quốc tế và xử lý đề nghị quốc tế về chỉ dẫn địa lý

Chương IX CHỦ SỞ HỮU, NỘI DUNG VÀ GIỚI HẠN QUYỀN SỞ HỮU CÔNG NGHIỆP

Mục 1. CHỦ SỞ HỮU VÀ NỘI DUNG QUYỀN SỞ HỮU CÔNG NGHIỆP

Điều 121. Chủ sở hữu đối tượng sở hữu công nghiệp

Điều 122. Tác giả và quyền của tác giả sáng chế, kiểu dáng công nghiệp, thiết kế bố trí

Điều 123. Quyền của chủ sở hữu đối tượng sở hữu công nghiệp

Điều 124. Sử dụng đối tượng sở hữu công nghiệp

Điều 125. Quyền ngăn cấm người khác sử dụng đối tượng sở hữu công nghiệp

Điều 126. Hành vi xâm phạm quyền đối với sáng chế, kiểu dáng công nghiệp, thiết kế bố trí

Điều 127. Hành vi xâm phạm quyền đối với bí mật kinh doanh

Điều 128. Nghĩa vụ bảo hộ dữ liệu thử nghiệm

Điều 129. Hành vi xâm phạm quyền đối với nhãn hiệu, tên thương mại và chỉ dẫn địa lý

Điều 130. Hành vi cạnh tranh không lành mạnh

Điều 131. Quyền tạm thời đối với sáng chế, kiểu dáng công nghiệp, thiết kế bố trí

Điều 131a. Đền bù cho chủ sở hữu sáng chế vì sự chậm trễ trong việc cấp phép lưu hành dược phẩm

Mục 2. GIỚI HẠN QUYỀN SỞ HỮU CÔNG NGHIỆP

Điều 132. Các yếu tố hạn chế quyền sở hữu công nghiệp

Điều 133. Quyền sử dụng sáng chế nhân danh Nhà nước

Điều 133a. (được bãi bỏ)

Điều 134. Quyền sử dụng trước đối với sáng chế, kiểu dáng công nghiệp

Điều 135. Nghĩa vụ trả thù lao cho tác giả sáng chế, kiểu dáng công nghiệp, thiết kế bố trí

Điều 136. Nghĩa vụ sử dụng sáng chế, nhãn hiệu

Điều 136a. (được bãi bỏ)

Điều 137. Nghĩa vụ cho phép sử dụng sáng chế cơ bản nhằm sử dụng sáng chế phụ thuộc

Chương X CHUYỂN GIAO QUYỀN SỞ HỮU CÔNG NGHIỆP

Mục 1. CHUYỂN NHƯỢNG QUYỀN SỞ HỮU CÔNG NGHIỆP

Điều 138. Quy định chung về chuyển nhượng quyền sở hữu công nghiệp

Điều 139. Các điều kiện hạn chế việc chuyển nhượng quyền sở hữu công nghiệp

Điều 140. Nội dung của hợp đồng chuyển nhượng quyền sở hữu công nghiệp

Mục 2. CHUYỂN QUYỀN SỬ DỤNG ĐỐI TƯỢNG SỞ HỮU CÔNG NGHIỆP

Điều 141. Quy định chung về chuyển quyền sử dụng đối tượng sở hữu công nghiệp

Điều 142. Hạn chế việc chuyển quyền sử dụng đối tượng sở hữu công nghiệp

Điều 143. Các dạng hợp đồng sử dụng đối tượng sở hữu công nghiệp

Điều 144. Nội dung hợp đồng sử dụng đối tượng sở hữu công nghiệp

Mục 3. BẮT BUỘC CHUYỂN GIAO QUYỀN SỬ DỤNG ĐỐI VỚI SÁNG CHẾ

Điều 145. Căn cứ bắt buộc chuyển giao quyền sử dụng đối với sáng chế

Điều 146. Điều kiện hạn chế quyền sử dụng sáng chế được chuyển giao theo quyết định bắt buộc

Điều 147. Thẩm quyền và thủ tục chuyển giao quyền sử dụng sáng chế theo quyết định bắt buộc

Mục 4. ĐĂNG KÝ HỢP ĐỒNG CHUYỂN GIAO QUYỀN SỞ HỮU CÔNG NGHIỆP

Điều 148. Hiệu lực của hợp đồng chuyển giao quyền sở hữu công nghiệp

Điều 149. Hồ sơ đăng ký hợp đồng chuyển giao quyền sở hữu công nghiệp

Điều 150. Xử lý hồ sơ đăng ký hợp đồng chuyển giao quyền sở hữu công nghiệp

Chương XI ĐẠI DIỆN SỞ HỮU CÔNG NGHIỆP

Điều 151. Dịch vụ đại diện sở hữu công nghiệp

Điều 152. Phạm vi quyền của đại diện sở hữu công nghiệp

Điều 153. Trách nhiệm của đại diện sở hữu công nghiệp

Điều 154. Điều kiện kinh doanh dịch vụ đại diện sở hữu công nghiệp

Điều 155. Điều kiện hành nghề dịch vụ đại diện sở hữu công nghiệp

Điều 156. Ghi nhận, xoá tên tổ chức dịch vụ đại diện sở hữu công nghiệp, thu hồi chứng chỉ hành nghề dịch vụ đại diện sở hữu công nghiệp

Phần thứ tư QUYỀN ĐỐI VỚI GIỐNG CÂY TRỒNG

Chương XII ĐIỀU KIỆN BẢO HỘ QUYỀN ĐỐI VỚI GIỐNG CÂY TRỒNG

Điều 157. Tổ chức, cá nhân được bảo hộ quyền đối với giống cây trồng

Điều 158. Điều kiện chung đối với giống cây trồng được bảo hộ

Điều 159. Tính mới của giống cây trồng

Điều 160. Tính khác biệt của giống cây trồng

Điều 161. Tính đồng nhất của giống cây trồng

Điều 162. Tính ổn định của giống cây trồng

Điều 163. Tên của giống cây trồng

Chương XIII XÁC LẬP QUYỀN ĐỐI VỚI GIỐNG CÂY TRỒNG

Mục 1. XÁC LẬP QUYỀN ĐỐI VỚI GIỐNG CÂY TRỒNG

Điều 164. Đăng ký quyền đối với giống cây trồng

Điều 165. Đại diện quyền đối với giống cây trồng

Điều 166. Nguyên tắc nộp đơn đầu tiên đối với giống cây trồng

Điều 167. Nguyên tắc ưu tiên đối với đơn đăng ký bảo hộ

Điều 168. Bằng bảo hộ giống cây trồng và Sổ đăng ký quốc gia về giống cây trồng được bảo hộ

Điều 169. Hiệu lực của Bằng bảo hộ giống cây trồng

Điều 170. Đình chỉ, phục hồi hiệu lực Bằng bảo hộ giống cây trồng

Điều 171. Huỷ bỏ hiệu lực Bằng bảo hộ giống cây trồng

Điều 172. Sửa đổi, cấp lại Bằng bảo hộ giống cây trồng

Điều 173. Công bố quyết định liên quan đến Bằng bảo hộ giống cây trồng

Mục 2. ĐƠN VÀ THỦ TỤC XỬ LÝ ĐƠN ĐĂNG KÝ BẢO HỘ

Điều 174. Đơn đăng ký bảo hộ

Điều 175. Tiếp nhận đơn đăng ký bảo hộ, ngày nộp đơn

Điều 176. Thẩm định hình thức đơn đăng ký bảo hộ

Điều 177. Công bố đơn đăng ký bảo hộ

Điều 178. Thẩm định nội dung đơn đăng ký bảo hộ

Điều 179. Sửa đổi, bổ sung đơn đăng ký bảo hộ

Điều 180. Rút đơn đăng ký bảo hộ

Điều 181. Ý kiến của người thứ ba về việc cấp Bằng bảo hộ giống cây trồng

Điều 182. Từ chối cấp Bằng bảo hộ giống cây trồng

Điều 183. Cấp Bằng bảo hộ giống cây trồng

Điều 184. Khiếu nại việc cấp hoặc từ chối cấp Bằng bảo hộ giống cây trồng

Chương XIV NỘI DUNG VÀ GIỚI HẠN QUYỀN ĐỐI VỚI GIỐNG CÂY TRỒNG

Mục 1. NỘI DUNG QUYỀN ĐỐI VỚI GIỐNG CÂY TRỒNG

Điều 185. Quyền tác giả giống cây trồng

Điều 186. Quyền của chủ bằng bảo hộ

Điều 187. Mở rộng quyền của chủ bằng bảo hộ

Điều 188. Hành vi xâm phạm quyền đối với giống cây trồng

Điều 189. Quyền tạm thời đối với giống cây trồng

Mục 2. GIỚI HẠN QUYỀN ĐỐI VỚI GIỐNG CÂY TRỒNG

Điều 190. Hạn chế quyền của chủ bằng bảo hộ giống cây trồng

Điều 191. Nghĩa vụ của chủ Bằng bảo hộ giống cây trồng

Điều 191a. (được bãi bỏ)

Điều 191b. (được bãi bỏ)

Chương XV CHUYỂN GIAO QUYỀN ĐỐI VỚI GIỐNG CÂY TRỒNG

Điều 192. Chuyển giao quyền sử dụng giống cây trồng

Điều 193. Quyền của các bên trong hợp đồng chuyển giao quyền sử dụng

Điều 194. Chuyển nhượng quyền đối với giống cây trồng

Điều 195. Căn cứ và điều kiện bắt buộc chuyển giao quyền sử dụng giống cây trồng

Điều 196. Thẩm quyền và thủ tục chuyển giao quyền sử dụng giống cây trồng theo quyết định bắt buộc

Điều 197. Quyền của chủ bằng bảo hộ trong trường hợp bị bắt buộc chuyển giao quyền sử dụng giống cây trồng

Phần thứ năm BẢO VỆ QUYỀN SỞ HỮU TRÍ TUỆ

Chương XVI QUY ĐỊNH CHUNG VỀ BẢO VỆ QUYỀN SỞ HỮU TRÍ TUỆ

Điều 198. Quyền tự bảo vệ

Điều 198a. Giả định về quyền tác giả, quyền liên quan

Điều 198b. Trách nhiệm pháp lý về quyền tác giả, quyền liên quan đối với doanh nghiệp cung cấp dịch vụ trung gian

Điều 199. Biện pháp xử lý hành vi xâm phạm quyền sở hữu trí tuệ

Điều 200. Thẩm quyền xử lý hành vi xâm phạm quyền sở hữu trí tuệ

Điều 201. Giám định về sở hữu trí tuệ

Chương XVII XỬ LÝ XÂM PHẠM QUYỀN SỞ HỮU TRÍ TUỆ BẰNG BIỆN PHÁP DÂN SỰ

Điều 202. Các biện pháp dân sự

Điều 203. Quyền và nghĩa vụ chứng minh của đương sự

Điều 204. Nguyên tắc xác định thiệt hại do xâm phạm quyền sở hữu trí tuệ

Điều 205. Căn cứ xác định mức bồi thường thiệt hại do xâm phạm quyền sở hữu trí tuệ

Điều 206. Quyền yêu cầu Tòa án áp dụng biện pháp khẩn cấp tạm thời

Điều 207. Các biện pháp khẩn cấp tạm thời

Điều 208. Nghĩa vụ của người yêu cầu áp dụng biện pháp khẩn cấp tạm thời

Điều 209. Huỷ bỏ việc áp dụng biện pháp khẩn cấp tạm thời

Điều 210. Thẩm quyền, thủ tục áp dụng biện pháp khẩn cấp tạm thời

Chương XVIII XỬ LÝ XÂM PHẠM QUYỀN SỞ HỮU TRÍ TUỆ BẰNG BIỆN PHÁP HÀNH CHÍNH VÀ HÌNH SỰ; KIỂM SOÁT HÀNG HÓA XUẤT KHẨU, NHẬP KHẨU LIÊN QUAN ĐẾN SỞ HỮU TRÍ TUỆ

Mục 1. XỬ LÝ XÂM PHẠM QUYỀN SỞ HỮU TRÍ TUỆ BẰNG BIỆN PHÁP HÀNH CHÍNH VÀ HÌNH SỰ

Điều 211. Hành vi xâm phạm quyền sở hữu trí tuệ bị xử phạt vi phạm hành chính

Điều 212. Hành vi xâm phạm quyền sở hữu trí tuệ bị xử lý hình sự

Điều 213. Hàng hóa giả mạo về sở hữu trí tuệ

Điều 214. Các hình thức xử phạt vi phạm hành chính và biện pháp khắc phục hậu quả

Điều 215. (được bãi bỏ)

Mục 2. KIỂM SOÁT HÀNG HÓA XUẤT KHẨU, NHẬP KHẨU LIÊN QUAN ĐẾN SỞ HỮU TRÍ TUỆ

Điều 216. Biện pháp kiểm soát hàng hóa xuất khẩu, nhập khẩu liên quan đến sở hữu trí tuệ

Điều 217. Nghĩa vụ của người yêu cầu áp dụng biện pháp kiểm soát hàng hóa xuất khẩu, nhập khẩu liên quan đến sở hữu trí tuệ

Điều 218. Thủ tục áp dụng biện pháp tạm dừng làm thủ tục hải quan

Điều 219. Kiểm tra, giám sát để phát hiện hàng hóa có dấu hiệu xâm phạm quyền sở hữu trí tuệ

Phần thứ sáu ĐIỀU KHOẢN THI HÀNH

Điều 220. Điều khoản chuyển tiếp

Điều 221. Hiệu lực thi hành

Điều 222. Hướng dẫn thi hành

Xem thêm

>>>  Luật Căn cước có bao nhiêu chương, bao nhiêu điều?

>>>  Luật Giao thông đường thủy nội địa có bao nhiêu chương, bao nhiêu điều?

Luật Sở hữu trí tuệ có bao nhiêu chương, bao nhiêu điều? (Hình từ Internet)

Căn cứ Điều 8  Luật Sở hữu trí tuệ 2005  được sửa đổi bởi khoản 4 Điều 1  Luật Sở hữu trí tuệ sửa đổi 2009  , được sửa đổi bởi khoản 3 Điều 1  Luật Sở hữu trí tuệ sửa đổi 2022  quy định về chính sách của Nhà nước về sở hữu trí tuệ như sau:

- Công nhận và bảo hộ quyền sở hữu trí tuệ của tổ chức, cá nhân trên cơ sở bảo đảm hài hoà lợi ích của chủ thể quyền sở hữu trí tuệ với lợi ích công cộng; không bảo hộ các đối tượng sở hữu trí tuệ trái với đạo đức xã hội, trật tự công cộng, có hại cho quốc phòng, an ninh.

- Khuyến khích, thúc đẩy hoạt động đổi mới sáng tạo, khai thác tài sản trí tuệ thông qua hỗ trợ về tài chính, ưu đãi về thuế, tín dụng và hỗ trợ, ưu đãi đầu tư khác phù hợp với quy định của pháp luật nhằm góp phần phát triển kinh tế - xã hội, nâng cao đời sống vật chất và tinh thần của nhân dân.

- Hỗ trợ tài chính cho việc tạo ra, nhận chuyển giao, khai thác quyền sở hữu trí tuệ phục vụ lợi ích công cộng; khuyến khích tổ chức, cá nhân trong nước và nước ngoài tài trợ cho hoạt động đổi mới sáng tạo và bảo hộ quyền sở hữu trí tuệ.

- Ưu tiên đầu tư cho việc đào tạo, bồi dưỡng đội ngũ cán bộ, công chức, viên chức, các đối tượng liên quan làm công tác bảo hộ quyền sở hữu trí tuệ và nghiên cứu, ứng dụng khoa học - kỹ thuật về bảo hộ quyền sở hữu trí tuệ.

- Huy động các nguồn lực của xã hội đầu tư nâng cao năng lực hệ thống bảo hộ quyền sở hữu trí tuệ, đáp ứng yêu cầu phát triển kinh tế - xã hội và hội nhập kinh tế quốc tế.

Căn cứ Điều 10  Luật Sở hữu trí tuệ 2005  quy định về nội dung quản lý nhà nước về sở hữu trí tuệ như sau:

- Xây dựng, chỉ đạo thực hiện chiến lược, chính sách bảo hộ quyền sở hữu trí tuệ.

- Ban hành và tổ chức thực hiện các văn bản pháp luật về sở hữu trí tuệ.

- Tổ chức bộ máy quản lý về sở hữu trí tuệ; đào tạo, bồi dưỡng cán bộ về sở hữu trí tuệ.

- Cấp và thực hiện các thủ tục khác liên quan đến Giấy chứng nhận đăng ký quyền tác giả, Giấy chứng nhận đăng ký quyền liên quan, văn bằng bảo hộ các đối tượng sở hữu công nghiệp, Bằng bảo hộ giống cây trồng.

- Thanh tra, kiểm tra việc chấp hành pháp luật về sở hữu trí tuệ; giải quyết khiếu nại, tố cáo và xử lý vi phạm pháp luật về sở hữu trí tuệ.

- Tổ chức hoạt động thông tin, thống kê về sở hữu trí tuệ.

- Tổ chức, quản lý hoạt động giám định về sở hữu trí tuệ.

- Giáo dục, tuyên truyền, phổ biến kiến thức, pháp luật về sở hữu trí tuệ.","","","","","2025-11-08","https://thuvienphapluat.vn/hoi-dap-phap-luat/luat-so-huu-tri-tue-co-bao-nhieu-chuong-bao-nhieu-dieu-138067520.html","2026-04-08T16:39:00.053001+00:00"
"138066560","Lĩnh vực bản quyền tác giả có phương án cắt giảm, đơn giản hóa thủ tục hành chính như thế nào?","Căn cứ tại Mục 3 Phương án cắt giảm, đơn giản hóa thủ tục hành chính liên quan đến hoạt động sản xuất, kinh doanh thuộc phạm vi quản lý của Bộ Văn hóa, Thể thao và Du lịch năm 2025 ban hành kèm  Quyết định 1616/QĐ-TTg năm 2025  về phương án cắt giảm, đơn giản hóa thủ tục hành chính liên quan lĩnh vực bản quyền tác giả như sau:

Thủ tục hành chính 1:  Thủ tục Ghi nhận tổ chức tư vấn, dịch vụ quyền tác giả, quyền liên quan (Mã TTHC: 1.011652)

[1] Nội dung đơn giản hóa:

Bãi bỏ thủ tục hành chính.

[2] Kiến nghị thực thi:

- Sửa đổi, bổ sung Điều 55 và Phụ lục III ban hành kèm theo  Nghị định 17/2023/NĐ-CP .

- Lộ trình thực hiện: Năm 2025.

Thủ tục hành chính 2:  Thủ tục Xóa tên tổ chức tư vấn, dịch vụ quyền tác giả, quyền liên quan (Mã TTHC: 1.011653)

[1] Nội dung đơn giản hóa:

Bãi bỏ thủ tục hành chính.

[2] Kiến nghị thực thi:

- Sửa đổi, bổ sung Điều 55 và Phụ lục III ban hành kèm theo  Nghị định 17/2023/NĐ-CP .

- Lộ trình thực hiện: Năm 2025.

Thủ tục hành chính 3:  Thủ tục cấp bản kết quả đạt yêu cầu kiểm tra nghiệp vụ giám định (Mã TTHC: 1.003751)

[1] Nội dung đơn giản hóa:

Bãi bỏ yêu cầu “Có phẩm chất đạo đức tốt”.

[2] Kiến nghị thực thi:

- Sửa đổi, bổ sung khoản 26 Điều 1  Luật sửa đổi, bổ sung một số điều của Luật Sở hữu trí tuệ 2009 .

- Lộ trình thực hiện: Năm 2025.

Thủ tục hành chính 4:  Thủ tục cấp Thẻ giám định viên quyền tác giả, quyền liên quan (Mã TTHC: 1.003801)

[1] Nội dung đơn giản hóa:

Bãi bỏ yêu cầu “Có phẩm chất đạo đức tốt”.

[2] Kiến nghị thực thi:

- Sửa đổi, bổ sung khoản 26 Điều 1  Luật sửa đổi, bổ sung một số điều của Luật Sở hữu trí tuệ 2009 .

- Lộ trình thực hiện: Năm 2025.

Thủ tục hành chính 5:  Thủ tục cấp lại giấy chứng nhận đăng ký quyền tác giả (Mã TTHC: 1.001661)

[1] Nội dung đơn giản hóa:

- Đơn giản hóa mẫu đơn, mẫu tờ khai (sửa đổi, bổ sung thông tin cần khai tại mục 1, 2, 3, 4).

- Bổ sung hình thức nộp phí/lệ phí và nhận kết quả trực tuyến.

- Giảm thời gian giải quyết: từ 43 ngày làm việc xuống còn 15 ngày làm việc.

[2] Kiến nghị thực thi:

- Sửa đổi, bổ sung Điều 38 của  Nghị định 17/2023/NĐ-CP .

- Sửa đổi, bổ sung  Thông tư 08/2023/TT-BVHTTDL .

- Lộ trình thực hiện: Năm 2025.

Thủ tục hành chính 6:  Thủ tục cấp lại giấy chứng nhận đăng ký quyền liên quan (Mã TTHC: 2.000752)

[1] Nội dung đơn giản hóa:

- Đơn giản hóa mẫu đơn, mẫu tờ khai (sửa đổi, bổ sung thông tin cần khai tại mục 1,2,3,4).

- Bổ sung hình thức nộp phí/lệ phí và nhận kết quả trực tuyến.

- Giảm thời gian giải quyết: từ 43 ngày làm việc xuống còn 15 ngày làm việc.

[2] Kiến nghị thực thi:

- Sửa đổi, bổ sung Điều 38 của  Nghị định 17/2023/NĐ-CP .

- Sửa đổi, bổ sung  Thông tư 08/2023/TT-BVHTTDL .

- Lộ trình thực hiện: Năm 2025.

Thủ tục hành chính 7:  Thủ tục cấp đổi giấy chứng nhận đăng ký quyền tác giả (Mã TTHC: 1.001661)

[1] Nội dung đơn giản hóa:

- Đơn giản hóa mẫu đơn, mẫu tờ khai (sửa đổi, bổ sung thông tin cần khai tại mục 1, 2, 3, 4).

- Bổ sung hình thức nộp phí/lệ phí và nhận kết quả trực tuyến.

- Giảm thời gian giải quyết: từ 48 ngày làm việc xuống còn 25 ngày làm việc.

[2] Kiến nghị thực thi:

- Sửa đổi, bổ sung Điều 38 của  Nghị định 17/2023/NĐ-CP .

- Sửa đổi, bổ sung  Thông tư 08/2023/TT-BVHTTDL .

- Lộ trình thực hiện: Năm 2025.

Thủ tục hành chính 8:  Thủ tục cấp đổi giấy chứng nhận đăng ký quyền liên quan (Mã TTHC: 1.001614)

[1] Nội dung đơn giản hóa:

- Đơn giản hóa mẫu đơn, mẫu tờ khai (sửa đổi, bổ sung thông tin cần khai tại mục 1, 2, 3, 4).

- Bổ sung hình thức nộp phí/lệ phí và nhận kết quả trực tuyến.

- Giảm thời gian giải quyết: từ 48 ngày làm việc xuống còn 25 ngày làm việc.

[2] Kiến nghị thực thi:

- Sửa đổi, bổ sung Điều 38 của  Nghị định 17/2023/NĐ-CP .

- Sửa đổi, bổ sung  Thông tư 08/2023/TT-BVHTTDL .

- Lộ trình thực hiện: Năm 2025.

Thủ tục hành chính 9:  Thủ tục hủy bỏ hiệu lực Giấy chứng nhận đăng ký quyền tác giả, Giấy chứng nhận đăng ký quyền liên quan (Mã TTHC: 1.001583)

[1] Nội dung đơn giản hóa:

Giảm thời gian giải quyết: từ 36 ngày làm việc xuống còn 15 ngày làm việc.

[2] Kiến nghị thực thi:

- Sửa đổi, bổ sung Điều 42 của  Nghị định 17/2023/NĐ-CP :

- Lộ trình thực hiện: Năm 2025.

Thủ tục hành chính 10:  Thủ tục cấp Giấy chứng nhận đăng ký quyền tác giả (Mã TTHC: 1.005160)

[1] Nội dung đơn giản hoá:

- Đơn giản hóa mẫu đơn, mẫu tờ khai (bỏ mục 5).

- Bổ sung hình thức nộp phí/lệ phí và nhận kết quả trực tuyến.

[2] Kiến nghị thực thi:

- Sửa đổi, bổ sung Điều 38 của  Nghị định 17/2023/NĐ-CP .

- Sửa đổi, bổ sung  Thông tư 08/2023/TT-BVHTTDL .

- Lộ trình thực hiện: Năm 2025.

Thủ tục hành chính 11:  Thủ tục cấp Giấy chứng nhận đăng ký quyền liên quan (Mã TTHC: 1.001709)

[1] Nội dung đơn giản hoá:

- Đơn giản hóa mẫu đơn, mẫu tờ khai (bỏ mục 5).

- Bổ sung hình thức nộp phí/lệ phí và nhận kết quả trực tuyến.

[2] Kiến nghị thực thi:

- Sửa đổi, bổ sung Điều 38 của  Nghị định 17/2023/NĐ-CP .

- Sửa đổi, bổ sung  Thông tư 08/2023/TT-BVHTTDL .

- Lộ trình thực hiện: Năm 2025.

Thủ tục hành chính 12:  Thủ tục Phê duyệt biểu mức và phương thức thanh toán tiền bản quyền do tổ chức đại diện tập thể quyền tác giả, quyền liên quan xây dựng (Mã TTHC: 1.011659)

[1] Nội dung đơn giản hoá:

Bãi bỏ quy định: “Chi phí xem xét, phê duyệt biểu mức và phương thức thanh toán tiền bản quyền do bên đề nghị phê duyệt chi trả theo quy định của pháp luật”.

[2] Kiến nghị thực thi:

- Bãi bỏ khoản 4 Điều 46 của  Nghị định 17/2023/NĐ-CP .

- Lộ trình thực hiện: Năm 2025.

*Trên đây là thông tin Lĩnh vực bản quyền tác giả có phương án cắt giảm, đơn giản hóa thủ tục hành chính như thế nào?

Xem thêm:

>>>  Đã có Quyết định 693 QĐ BVHTTDL về chức năng, quyền hạn và cơ cấu tổ chức của Cục Bản quyền tác giả từ 18/3/2025?

>>>  Có phải nộp lệ phí cấp bản kết quả đạt yêu cầu kiểm tra nghiệp vụ giám định quyền tác giả hay không?

Lĩnh vực bản quyền tác giả có phương án cắt giảm, đơn giản hóa thủ tục hành chính như thế nào? (Hình từ Internet)

Căn cứ tại khoản 2 Điều 4  Luật Sở hữu trí tuệ 2005  được sửa đổi bởi khoản 2 Điều 1  Luật Sở hữu trí tuệ sửa đổi 2009  giải thích như sau:

Điều 4. Giải thích từ ngữ

Trong Luật này, các từ ngữ dưới đây được hiểu như sau:

1. Quyền sở hữu trí tuệ là quyền của tổ chức, cá nhân đối với tài sản trí tuệ, bao gồm quyền tác giả và quyền liên quan đến quyền tác giả, quyền sở hữu công nghiệp và quyền đối với giống cây trồng.

2. Quyền tác giả là quyền của tổ chức, cá nhân đối với tác phẩm do mình sáng tạo ra hoặc sở hữu.

3. Quyền liên quan đến quyền tác giả (sau đây gọi là quyền liên quan) là quyền của tổ chức, cá nhân đối với cuộc biểu diễn, bản ghi âm, ghi hình, chương trình phát sóng, tín hiệu vệ tinh mang chương trình được mã hóa.

4. Quyền sở hữu công nghiệp là quyền của tổ chức, cá nhân đối với sáng chế, kiểu dáng công nghiệp, thiết kế bố trí mạch tích hợp bán dẫn, nhãn hiệu, tên thương mại, chỉ dẫn địa lý, bí mật kinh doanh do mình sáng tạo ra hoặc sở hữu và quyền chống cạnh tranh không lành mạnh.

[...]

Theo đó quyền tác giả là quyền của tổ chức, cá nhân đối với tác phẩm do mình sáng tạo ra hoặc sở hữu.

Căn cứ tại Điều 15  Luật Sở hữu trí tuệ 2005  quy định về các đối tượng không thuộc phạm vi bảo hộ quyền tác giả gồm:

[1] Tin tức thời sự thuần tuý đưa tin.

[2] Văn bản quy phạm pháp luật, văn bản hành chính, văn bản khác thuộc lĩnh vực tư pháp và bản dịch chính thức của văn bản đó.

[3] Quy trình, hệ thống, phương pháp hoạt động, khái niệm, nguyên lý, số liệu.","","","","","2025-10-17","https://thuvienphapluat.vn/hoi-dap-phap-luat/linh-vuc-ban-quyen-tac-gia-co-phuong-an-cat-giam-don-gian-hoa-thu-tuc-hanh-chinh-nhu-the-nao-138066560.html","2026-04-08T16:39:04.047721+00:00"
"138066343","Hồ sơ duy trì hiệu lực Văn bằng bảo hộ sáng chế gồm những giấy tờ gì?","Căn cứ theo Mục 3 Thủ tục hành chính sửa đổi, bổ sung lĩnh vực sở hữu trí tuệ thuộc phạm vi chức năng quản lý của bộ khoa học và công nghệ ban hành kèm theo  Quyết định 2774/QĐ-BKHCN năm 2025  quy định về hồ sơ duy trì hiệu lực Văn bằng bảo hộ sáng chế gồm những giấy tờ như sau:

- Thành phần hồ sơ, bao gồm:

+ Tờ khai gia hạn/duy trì hiệu lực văn bằng bảo hộ đối tượng sở hữu công nghiệp theo Mẫu số 07 tại Phụ lục 2  Nghị định 65/2023/NĐ-CP (1);

+ Văn bản ủy quyền (nếu nộp yêu cầu thông qua đại diện);

+ Bản sao chứng từ nộp phí, lệ phí (trường hợp nộp phí, lệ phí qua dịch vụ bưu chính hoặc nộp trực tiếp vào tài khoản của Cục Sở hữu trí tuệ).

- Số lượng hồ sơ: 01 (bộ).

Trên đây là thông tin: Hồ sơ duy trì hiệu lực Văn bằng bảo hộ sáng chế gồm những giấy tờ gì?

Xem thêm:

>>>  Lấy bài viết của người khác đăng lên mạng xã hội mà không xin phép, không dẫn nguồn bị xử phạt hết bao nhiêu tiền?

>>>  Thời hạn bảo hộ kiểu dáng công nghiệp là bao lâu?

Hồ sơ duy trì hiệu lực Văn bằng bảo hộ sáng chế gồm những giấy tờ gì? (Hình từ Internet)

Căn cứ theo Mục 3 Thủ tục hành chính sửa đổi, bổ sung lĩnh vực sở hữu trí tuệ thuộc phạm vi chức năng quản lý của bộ khoa học và công nghệ ban hành kèm theo  Quyết định 2774/QĐ-BKHCN năm 2025  quy định về trình tự thực hiện duy trì hiệu lực Văn bằng bảo hộ sáng chế như sau:

- Bước 1:  Tiếp nhận yêu cầu

Tổ chức, cá nhân nộp 01 bộ hồ sơ yêu cầu duy trì hiệu lực văn bằng bảo hộ sáng chế/giải pháp hữu ích đến Cục Sở hữu trí tuệ.

- Bước 2:  Xử lý yêu cầu

+ Trường hợp yêu cầu hợp lệ, Cục Sở hữu trí tuệ ra thông báo về việc duy trì, ghi nhận vào Sổ đăng ký quốc gia về sở hữu công nghiệp và công bố trên Công báo sở hữu công nghiệp trong thời hạn 60 ngày kể từ ngày ra thông báo.

+ Trường hợp yêu cầu có thiếu sót hoặc không hợp lệ, Cục Sở hữu trí tuệ ra thông báo và ấn định thời hạn 02 tháng kể từ ngày ra thông báo để người yêu cầu sửa chữa thiếu sót hoặc có ý kiến phản đối. Nếu kết thúc thời hạn đã ấn định, người yêu cầu không sửa chữa thiếu sót hoặc sửa chữa không đạt yêu cầu, không có ý kiến phản đối hoặc ý kiến phản đối nhưng không xác đáng, Cục Sở hữu trí tuệ ra quyết định từ chối duy trì hiệu lực văn bằng bảo hộ.

Căn cứ theo Mục 3 Thủ tục hành chính sửa đổi, bổ sung lĩnh vực sở hữu trí tuệ thuộc phạm vi chức năng quản lý của bộ khoa học và công nghệ ban hành kèm theo  Quyết định 2774/QĐ-BKHCN năm 2025  quy định về phí, lệ phí duy trì hiệu lực Văn bằng bảo hộ sáng chế như sau:

- Lệ phí duy trì hiệu lực Văn bằng bảo hộ sáng chế, giải pháp hữu ích: 50.000 đồng (mỗi năm cho mỗi điểm độc lập của yêu cầu bảo hộ). Kể từ ngày 01/01/2027 trở đi, mức thu lệ phí duy trì hiệu lực Văn bằng bảo hộ: 100.000 đồng (mỗi năm cho mỗi điểm độc lập của yêu cầu bảo hộ).

- Phí thẩm định yêu cầu duy trì: 160.000 đồng (mỗi đơn).

- Phí công bố thông tin: 120.000 đồng.

- Phí đăng bạ thông tin: 120.000 đồng.

- Phí sử dụng văn bằng bảo hộ (mỗi năm):

+ Năm thứ nhất, năm thứ 2: 300.000 đồng

+ Năm thứ 3, năm thứ 4: 500.000 đồng.

+ Năm thứ 5, năm thứ 6: 800.000 đồng.

+ Năm thứ 7, năm thứ 8: 1.200.000 đồng.

+ Năm thứ 9, năm thứ 10: 1.800.000 đồng.

+ Năm thứ 11 - năm thứ 13: 2.500.000 đồng.

+ Năm thứ 14 - năm thứ 16: 3.300.000 đồng.

+ Năm thứ 17 - năm thứ 20: 4.200.000 đồng.

- Lệ phí duy trì hiệu lực muộn (nếu duy trì hiệu lực nộp muộn): 10% lệ phí duy trì hiệu lực văn bằng bảo hộ [1]

Căn cứ theo Mẫu số 07 tại Phụ lục 2 ban hành kèm theo  Nghị định 65/2023/NĐ-CP  quy định như sau:

Dưới đây là Mẫu Tờ khai duy trì hiệu lực văn bằng bảo hộ đối tượng sở hữu công nghiệp:

Tải về Mẫu Tờ khai duy trì hiệu lực văn bằng bảo hộ đối tượng sở hữu công nghiệp:

Tải về","","","","","2025-10-16","https://thuvienphapluat.vn/hoi-dap-phap-luat/ho-so-duy-tri-hieu-luc-van-bang-bao-ho-sang-che-gom-nhung-giay-to-gi-138066343.html","2026-04-08T16:39:08.648065+00:00"
"138066597","Nhãn hiệu được bảo hộ khi nào? Một nhãn hiệu được xem xét, đánh giá là một nhãn hiệu nổi tiếng khi nào?","Câu hỏi Nhãn hiệu được bảo hộ khi nào? căn cứ theo theo quy định tại Điều 71  Luật Sở hữu trí tuệ 2005  được sửa đổi bởi khoản 20 Điều 1  Luật Sở hữu trí tuệ sửa đổi 2022  như sau:

Điều 72. Điều kiện chung đối với nhãn hiệu được bảo hộ

Nhãn hiệu được bảo hộ nếu đáp ứng các điều kiện sau đây:

1. Là dấu hiệu nhìn thấy được dưới dạng chữ cái, từ ngữ, hình vẽ, hình ảnh, hình ba chiều hoặc sự kết hợp các yếu tố đó, được thể hiện bằng một hoặc nhiều màu sắc hoặc dấu hiệu âm thanh thể hiện được dưới dạng đồ họa;

2. Có khả năng phân biệt hàng hoá, dịch vụ của chủ sở hữu nhãn hiệu với hàng hoá, dịch vụ của chủ thể khác.

Theo đó, nhãn hiệu được bảo hộ khi đáp ứng các điều kiện sau đây:

- Là dấu hiệu nhìn thấy được dưới dạng chữ cái, từ ngữ, hình vẽ, hình ảnh, hình ba chiều hoặc sự kết hợp các yếu tố đó, được thể hiện bằng một hoặc nhiều màu sắc hoặc dấu hiệu âm thanh thể hiện được dưới dạng đồ họa;

- Có khả năng phân biệt hàng hoá, dịch vụ của chủ sở hữu nhãn hiệu với hàng hoá, dịch vụ của chủ thể khác.

*Trên đây là thông tin Nhãn hiệu được bảo hộ khi nào?

Xem thêm:

>>>  Có được phép in logo nhãn hiệu lên hóa đơn điện tử hay không?

>>>  Thủ tục đăng ký nhãn hiệu năm 2025 thực hiện theo trình tự nào?

Nhãn hiệu được bảo hộ khi nào? Một nhãn hiệu được xem xét, đánh giá là một nhãn hiệu nổi tiếng khi nào? (Hình từ Internet)

Căn cứ theo Điều 75  Luật Sở hữu trí tuệ 2005  được sửa đổi bởi khoản 23 Điều 1  Luật Sở hữu trí tuệ sửa đổi 2022  quy định như sau:

Điều 75. Tiêu chí đánh giá nhãn hiệu nổi tiếng

Việc xem xét, đánh giá một nhãn hiệu là nổi tiếng được lựa chọn từ một số hoặc tất cả các tiêu chí sau đây:

1. Số lượng người tiêu dùng liên quan đã biết đến nhãn hiệu thông qua việc mua bán, sử dụng hàng hoá, dịch vụ mang nhãn hiệu hoặc thông qua quảng cáo;

2. Phạm vi lãnh thổ mà hàng hoá, dịch vụ mang nhãn hiệu đã được lưu hành;

3. Doanh số từ việc bán hàng hoá hoặc cung cấp dịch vụ mang nhãn hiệu hoặc số lượng hàng hoá đã được bán ra, lượng dịch vụ đã được cung cấp;

4. Thời gian sử dụng liên tục nhãn hiệu;

5. Uy tín rộng rãi của hàng hoá, dịch vụ mang nhãn hiệu;

6. Số lượng quốc gia bảo hộ nhãn hiệu;

7. Số lượng quốc gia công nhận nhãn hiệu là nổi tiếng;

8. Giá chuyển nhượng, giá chuyển giao quyền sử dụng, giá trị góp vốn đầu tư của nhãn hiệu.

Theo đó, việc xem xét, đánh giá một nhãn hiệu là nổi tiếng được lựa chọn từ một số hoặc tất cả các tiêu chí sau đây:

- Số lượng người tiêu dùng liên quan đã biết đến nhãn hiệu thông qua việc mua bán, sử dụng hàng hoá, dịch vụ mang nhãn hiệu hoặc thông qua quảng cáo;

- Phạm vi lãnh thổ mà hàng hoá, dịch vụ mang nhãn hiệu đã được lưu hành;

- Doanh số từ việc bán hàng hoá hoặc cung cấp dịch vụ mang nhãn hiệu hoặc số lượng hàng hoá đã được bán ra, lượng dịch vụ đã được cung cấp;

- Thời gian sử dụng liên tục nhãn hiệu;

- Uy tín rộng rãi của hàng hoá, dịch vụ mang nhãn hiệu;

- Số lượng quốc gia bảo hộ nhãn hiệu;

- Số lượng quốc gia công nhận nhãn hiệu là nổi tiếng;

- Giá chuyển nhượng, giá chuyển giao quyền sử dụng, giá trị góp vốn đầu tư của nhãn hiệu.

Căn cứ theo khoản 4 Điều 105  Luật Sở hữu trí tuệ 2005  quy định như sau:

Điều 105. Yêu cầu đối với đơn đăng ký nhãn hiệu

[...]

4. Quy chế sử dụng nhãn hiệu tập thể bao gồm những nội dung chủ yếu sau đây:

a) Tên, địa chỉ, căn cứ thành lập và hoạt động của tổ chức tập thể là chủ sở hữu nhãn hiệu;

b) Các tiêu chuẩn để trở thành thành viên của tổ chức tập thể;

c) Danh sách các tổ chức, cá nhân được phép sử dụng nhãn hiệu;

d) Các điều kiện sử dụng nhãn hiệu;

đ) Biện pháp xử lý hành vi vi phạm quy chế sử dụng nhãn hiệu.

[...]

Theo đó, quy chế sử dụng nhãn hiệu tập thể bao gồm những nội dung chủ yếu sau:

- Tên, địa chỉ, căn cứ thành lập và hoạt động của tổ chức tập thể là chủ sở hữu nhãn hiệu;

- Các tiêu chuẩn để trở thành thành viên của tổ chức tập thể;

-Danh sách các tổ chức, cá nhân được phép sử dụng nhãn hiệu;

- Các điều kiện sử dụng nhãn hiệu;

- Biện pháp xử lý hành vi vi phạm quy chế sử dụng nhãn hiệu.","","","","","2025-10-16","https://thuvienphapluat.vn/hoi-dap-phap-luat/nhan-hieu-duoc-bao-ho-khi-nao-mot-nhan-hieu-duoc-xem-xet-danh-gia-la-mot-nhan-hieu-noi-tieng-khi-na-138066597.html","2026-04-08T16:39:12.802635+00:00"
"138066558","Đề xuất 04 mức độ rủi ro của hệ thống trí tuệ nhân tạo gồm những mức độ nào?","Căn cứ tại Điều 10 Dự thảo Luật Trí tuệ nhân tạo   Tải về  đề xuất các mức độ rủi ro của hệ thống  trí tuệ nhân tạo  như sau:

Điều 10. Các mức độ rủi ro của hệ thống trí tuệ nhân tạo

1. Rủi ro không chấp nhận được là hệ thống trí tuệ nhân tạo có khả năng gây tổn hại nghiêm trọng, không thể khắc phục đối với quyền con người, an ninh quốc gia, trật tự, an toàn xã hội hoặc được sử dụng để thực hiện các hành vi bị pháp luật nghiêm cấm.

2. Rủi ro cao: là hệ thống có khả năng gây tổn hại đến tính mạng, sức khỏe, quyền và lợi ích hợp pháp của cá nhân, tổ chức hoặc lợi ích công cộng quan trọng khác.

3. Rủi ro trung bình: là hệ thống không thuộc trường hợp quy định tại khoản 1, 2 Điều này, trong quá trình sử dụng có nguy cơ gây lừa dối, nhầm lẫn hoặc thao túng người sử dụng do không nhận biết được bản chất trí tuệ nhân tạo của hệ thống hoặc nội dung do hệ thống tạo ra, trừ trường hợp hiển nhiên trong bối cảnh sử dụng.

4. Rủi ro thấp: là hệ thống không thuộc các trường hợp nêu tại các khoản 1, 2 và 3 Điều này.

Như vậy theo đề xuất thì hệ thống trí tuệ nhân tạo sẽ có 04 mức độ rủi ro gồm:

- Rủi ro không chấp nhận được

- Rủi ro cao

- Rủi ro trung bình

- Rủi ro thấp

Xem thêm:

>>>  Theo Luật Sở hữu trí tuệ (sửa đổi), Nhà nước có chính sách nào để khuyến khích, thúc đẩy hoạt động đổi mới sáng tạo, khai thác tài sản trí tuệ?

>>>  Dự thảo Luật Trí tuệ nhân tạo: AI phải phục vụ và hỗ trợ con người, không thay thế con người trong các quyết định trọng yếu chi tiết ra sao?

Đề xuất 04 mức độ rủi ro của hệ thống trí tuệ nhân tạo gồm những mức độ nào? (Hình từ Internet)

Căn cứ tại Điều 1 Dự thảo Luật Trí tuệ nhân tạo   Tải về  đề xuất phạm vi điều chỉnh như sau:

[1] Luật Trí tuệ nhân tạo quy định về hoạt động nghiên cứu, phát triển, cung cấp, triển khai và sử dụng hệ thống trí tuệ nhân tạo; quyền, nghĩa vụ của tổ chức, cá nhân có liên quan; và quản lý nhà nước đối với các hoạt động trí tuệ nhân tạo được thực hiện tại Việt Nam hoặc có tác động đến tổ chức, cá nhân tại Việt Nam.

[2] Luật Trí tuệ nhân tạo không áp dụng đối với:

- Hoạt động nghiên cứu, đào tạo, phát triển, thử nghiệm hoàn toàn trong phạm vi nội bộ, không gây ảnh hưởng đến tổ chức, cá nhân, môi trường bên ngoài và chưa cung cấp ra thị trường;

- Hệ thống trí tuệ nhân tạo được phát triển, triển khai, sử dụng riêng cho mục đích quốc phòng, an ninh, tình báo, cơ yếu;

- Hệ thống trí tuệ nhân tạo, mô hình trí tuệ nhân tạo phục vụ mục đích nghiên cứu, đào tạo, phát triển khoa học khi chưa được đưa ra thị trường.

[3] Hệ thống trí tuệ nhân tạo thuộc trường hợp loại trừ quy định tại khoản 2 Điều 1 Luật Trí tuệ nhân tạo nhưng được sử dụng, điều chỉnh hoặc cung cấp cho mục đích khác ngoài phạm vi loại trừ, thì phần hoạt động, chức năng đó vẫn thuộc phạm vi điều chỉnh của Luật Trí tuệ nhân tạo.

Căn cứ tại Điều 5 Dự thảo Luật Trí tuệ nhân tạo   Tải về  đề xuất 08 chính sách của Nhà nước về trí tuệ nhân tạo gồm:

[1] Kiến tạo, phát triển, quản lý dựa trên rủi ro và thúc đẩy đổi mới sáng tạo trong lĩnh vực trí tuệ nhân tạo.

[2] Xây dựng và hoàn thiện thể chế, pháp luật đồng bộ, minh bạch, an toàn và có khả năng thích ứng để tạo hành lang pháp lý thuận lợi cho phát triển và ứng dụng trí tuệ nhân tạo.

[3] Ưu tiên đầu tư và huy động nguồn lực xã hội để phát triển hạ tầng dữ liệu, hạ tầng tính toán hiệu năng cao, siêu máy tính, và các nền tảng trí tuệ nhân tạo dùng chung mang tính chiến lược quốc gia.

[4] Triển khai chiến lược, chương trình đào tạo và phát triển nhân lực trí tuệ nhân tạo chất lượng cao; đồng thời phổ cập kiến thức và kỹ năng cơ bản về trí tuệ nhân tạo trong hệ thống giáo dục và xã hội.

[5] Thúc đẩy ứng dụng trí tuệ nhân tạo trong hoạt động của cơ quan nhà nước, cung cấp dịch vụ công, và trong các ngành, lĩnh vực kinh tế – xã hội trọng điểm nhằm nâng cao năng suất, chất lượng, hiệu quả và năng lực cạnh tranh quốc gia, phù hợp với định hướng Chiến lược quốc gia về trí tuệ nhân tạo.

[6] Thiết lập cơ chế hợp tác công – tư, khuyến khích đổi mới sáng tạo và khởi nghiệp trong lĩnh vực trí tuệ nhân tạo; ưu tiên hỗ trợ doanh nghiệp nhỏ và vừa tham gia phát triển, ứng dụng và thương mại hóa công nghệ trí tuệ nhân tạo.

[7] Tăng cường hợp tác quốc tế, chủ động tham gia xây dựng và định hình các chuẩn mực, khung quản trị toàn cầu về trí tuệ nhân tạo; bảo đảm lợi ích quốc gia, dân tộc trong tiến trình hội nhập quốc tế.

[8] Chính phủ thống nhất quản lý nhà nước về trí tuệ nhân tạo; ban hành và tổ chức thực hiện các chính sách, chiến lược, chương trình, kế hoạch phát triển, bảo đảm an toàn, an ninh và chủ quyền quốc gia trong lĩnh vực trí tuệ nhân tạo.

*Trên đây là thông tin bài viết Đề xuất 04 mức độ rủi ro của hệ thống trí tuệ nhân tạo gồm những mức độ nào?","","","","","2025-10-16","https://thuvienphapluat.vn/hoi-dap-phap-luat/de-xuat-04-muc-do-rui-ro-cua-he-thong-tri-tue-nhan-tao-gom-nhung-muc-do-nao-138066558.html","2026-04-08T16:39:17.298298+00:00"
"138066301","Hồ sơ chấm dứt hiệu lực văn bằng bảo hộ gồm những giấy tờ gì?","Căn cứ theo Mục 5 Thủ tục hành chính sửa đổi, bổ sung lĩnh vực sở hữu trí tuệ thuộc phạm vi chức năng quản lý của bộ khoa học và công nghệ ban hành kèm theo  Quyết định 2774/QĐ-BKHCN năm 2025  quy định về hồ sơ chấm dứt hiệu lực văn bằng bảo hộ gồm những giấy tờ sau:

- Thành phần hồ sơ, bao gồm:

+ Tờ khai chấm dứt, hủy bỏ hiệu lực văn bằng bảo hộ đối tượng sở hữu công nghiệp theo Mẫu số 08 tại Phụ lục 2  Nghị định 65/2023/NĐ ;

+ Chứng cứ (nếu có);

+ Văn bản ủy quyền (trường hợp yêu cầu được nộp thông qua đại diện);

+ Bản giải trình lý do yêu cầu (nêu rõ số văn bằng bảo hộ, lý do, căn cứ pháp luật, nội dung đề nghị chấm dứt một phần hoặc toàn bộ hiệu lực văn bằng bảo hộ) và các tài liệu liên quan;

+ Bản sao chứng từ nộp phí, lệ phí (trường hợp nộp phí, lệ phí qua dịch vụ bưu chính hoặc nộp trực tiếp vào tài khoản của Cục Sở hữu trí tuệ).

- Số lượng hồ sơ: 01 (bộ).

Xem thêm:

>>>  Lấy bài viết của người khác đăng lên mạng xã hội mà không xin phép, không dẫn nguồn bị xử phạt hết bao nhiêu tiền?

>>>  Thời hạn bảo hộ kiểu dáng công nghiệp là bao lâu?

Hồ sơ chấm dứt hiệu lực văn bằng bảo hộ gồm những giấy tờ gì? (Hình từ Internet)

Căn cứ theo Mục 5 Thủ tục hành chính sửa đổi, bổ sung lĩnh vực sở hữu trí tuệ thuộc phạm vi chức năng quản lý của bộ khoa học và công nghệ ban hành kèm theo  Quyết định 2774/QĐ-BKHCN năm 2025  quy định trình tự thực hiện chấm dứt hiệu lực văn bằng bảo hộ gồm các bước sau:

- Bước 1:  Tiếp nhận đơn

Tổ chức, cá nhân nộp 01 bộ hồ sơ yêu cầu chấm dứt hiệu lực văn bằng bảo hộ đối tượng sở hữu công nghiệp đến Cục Sở hữu trí tuệ.

- Bước 2:  Xử lý đơn

Trường hợp chủ văn bằng tự yêu cầu chấm dứt hiệu lực văn bằng bảo hộ:

+ Kiểm tra đơn về mặt hình thức và đưa ra kết luận về tính hợp lệ của đơn;

+ Kiểm tra hiệu lực của văn bằng bảo hộ yêu cầu chấm dứt;

+ Ra quyết định chấm dứt hiệu lực văn bằng bảo hộ theo yêu cầu của người nộp đơn.

Trường hợp yêu cầu chấm dứt hiệu lực văn bằng bảo hộ do người thứ ba thực hiện:

+ Kiểm tra đơn về mặt hình thức (bằng chứng, lý do yêu cầu chấm dứt) và đưa ra kết luận về tính hợp lệ của đơn;

+ Cục Sở hữu trí tuệ ra thông báo cho chủ văn bằng về ý kiến của người thứ ba, để chủ văn bằng có ý kiến. Cục Sở hữu trí tuệ có thể tổ chức việc trao đổi ý kiến trực tiếp giữa người thứ ba và chủ văn bằng;

+ Trên cơ sở xem xét ý kiến của các bên, Cục Sở hữu trí tuệ ra quyết định chấm dứt một phần/toàn bộ hiệu lực văn bằng bảo hộ hoặc thông báo từ chối chấm dứt hiệu lực văn bằng bảo hộ;

+ Quyết định chấm dứt hiệu lực văn bằng bảo hộ được ghi nhận vào Sổ đăng ký quốc gia về sở hữu công nghiệp và công bố trên Công báo sở hữu công nghiệp trong thời hạn 60 ngày kể từ ngày ra quyết định.

Căn cứ theo Mục 5 Thủ tục hành chính sửa đổi, bổ sung lĩnh vực sở hữu trí tuệ thuộc phạm vi chức năng quản lý của bộ khoa học và công nghệ ban hành kèm theo  Quyết định 2774/QĐ-BKHCN năm 2025  quy định về lệ phí thực hiện chấm dứt hiệu lực văn bằng bảo hộ như sau:

- Lệ phí yêu cầu chấm dứt hiệu lực văn bằng bảo hộ: 25.000 đồng. Kể từ ngày 01/01/2027 trở đi, mức thu lệ phí nộp đơn: 50.000 đồng/đơn.

- Phí thẩm định yêu cầu chấm dứt hiệu lực văn bằng bảo hộ: 180.000 đồng (mỗi đối tượng)[1].

- Phí đăng bạ Quyết định chấm dứt hiệu lực văn bằng bảo hộ: 120.000 đồng (mỗi đối tượng).

- Phí công bố Quyết định chấm dứt hiệu lực văn bằng bảo hộ: 120.000 đồng.

Căn cứ theo Mẫu số 08 tại Phụ lục 2 ban hành kèm theo  Nghị định 65/2023/NĐ-CP  quy định như sau:

Dưới đây là Mẫu Tờ khai chấm dứt hiệu lực văn bằng bảo hộ đối tượng sở hữu công nghiệp:

Tải về Mẫu Tờ khai chấm dứt hiệu lực văn bằng bảo hộ đối tượng sở hữu công nghiệp:

Tải về","","","","","2025-10-15","https://thuvienphapluat.vn/hoi-dap-phap-luat/ho-so-cham-dut-hieu-luc-van-bang-bao-ho-gom-nhung-giay-to-gi-138066301.html","2026-04-08T16:39:21.904891+00:00"
"138065924","Theo Luật Sở hữu trí tuệ (sửa đổi), Nhà nước có chính sách nào để khuyến khích, thúc đẩy hoạt động đổi mới sáng tạo, khai thác tài sản trí tuệ?","Căn cứ Điều 8  Luật Sở hữu trí tuệ 2005  được sửa đổi bởi khoản 4 Điều 1  Luật Sở hữu trí tuệ sửa đổi 2009 , khoản 3 Điều 1  Luật Sở hữu trí tuệ sửa đổi 2022  quy định chính sách của Nhà nước về sở hữu trí tuệ:

Điều 8. Chính sách của Nhà nước về sở hữu trí tuệ

1. Công nhận và bảo hộ quyền sở hữu trí tuệ của tổ chức, cá nhân trên cơ sở bảo đảm hài hoà lợi ích của chủ thể quyền sở hữu trí tuệ với lợi ích công cộng; không bảo hộ các đối tượng sở hữu trí tuệ trái với đạo đức xã hội, trật tự công cộng, có hại cho quốc phòng, an ninh.

2. Khuyến khích, thúc đẩy hoạt động đổi mới sáng tạo, khai thác tài sản trí tuệ thông qua hỗ trợ về tài chính, ưu đãi về thuế, tín dụng và hỗ trợ, ưu đãi đầu tư khác phù hợp với quy định của pháp luật nhằm góp phần phát triển kinh tế - xã hội, nâng cao đời sống vật chất và tinh thần của nhân dân.

3. Hỗ trợ tài chính cho việc tạo ra, nhận chuyển giao, khai thác quyền sở hữu trí tuệ phục vụ lợi ích công cộng; khuyến khích tổ chức, cá nhân trong nước và nước ngoài tài trợ cho hoạt động đổi mới sáng tạo và bảo hộ quyền sở hữu trí tuệ.

4. Ưu tiên đầu tư cho việc đào tạo, bồi dưỡng đội ngũ cán bộ, công chức, viên chức, các đối tượng liên quan làm công tác bảo hộ quyền sở hữu trí tuệ và nghiên cứu, ứng dụng khoa học - kỹ thuật về bảo hộ quyền sở hữu trí tuệ.

5. Huy động các nguồn lực của xã hội đầu tư nâng cao năng lực hệ thống bảo hộ quyền sở hữu trí tuệ, đáp ứng yêu cầu phát triển kinh tế - xã hội và hội nhập kinh tế quốc tế.

Theo quy định trên, Nhà nước khuyến khích, thúc đẩy hoạt động đổi mới sáng tạo, khai thác tài sản trí tuệ thông qua hỗ trợ về tài chính, ưu đãi về thuế, tín dụng và hỗ trợ, ưu đãi đầu tư khác phù hợp với quy định của pháp luật nhằm góp phần phát triển kinh tế - xã hội, nâng cao đời sống vật chất và tinh thần của nhân dân.

* Trên đây là thông tin về Theo Luật Sở hữu trí tuệ (sửa đổi), Nhà nước có chính sách nào để khuyến khích, thúc đẩy hoạt động đổi mới sáng tạo, khai thác tài sản trí tuệ?

Xem thêm:

>>  Theo quy định của Luật Khoa học công nghệ, hằng năm Chính phủ có trách nhiệm báo cáo Quốc hội về nội dung nào liên quan đến khoa học công nghệ?

>>  Cơ quan nào có nhiệm vụ chủ trì thẩm tra dự án luật thuộc lĩnh vực khoa học và công nghệ?

Theo Luật Sở hữu trí tuệ (sửa đổi), Nhà nước có chính sách nào để khuyến khích, thúc đẩy hoạt động đổi mới sáng tạo, khai thác tài sản trí tuệ? (Hình từ Internet)

Căn cứ Điều 10  Luật Sở hữu trí tuệ 2005  quy định quản lý nhà nước về sở hữu trí tuệ có các nội dung sau:

- Xây dựng, chỉ đạo thực hiện chiến lược, chính sách bảo hộ quyền sở hữu trí tuệ.

- Ban hành và tổ chức thực hiện các văn bản pháp luật về sở hữu trí tuệ.

- Tổ chức bộ máy quản lý về sở hữu trí tuệ; đào tạo, bồi dưỡng cán bộ về sở hữu trí tuệ.

- Cấp và thực hiện các thủ tục khác liên quan đến Giấy chứng nhận đăng ký quyền tác giả, Giấy chứng nhận đăng ký quyền liên quan, văn bằng bảo hộ các đối tượng sở hữu công nghiệp, Bằng bảo hộ giống cây trồng.

- Thanh tra, kiểm tra việc chấp hành pháp luật về sở hữu trí tuệ; giải quyết khiếu nại, tố cáo và xử lý vi phạm pháp luật về sở hữu trí tuệ.

- Tổ chức hoạt động thông tin, thống kê về sở hữu trí tuệ.

- Tổ chức, quản lý hoạt động giám định về sở hữu trí tuệ.

- Giáo dục, tuyên truyền, phổ biến kiến thức, pháp luật về sở hữu trí tuệ.

- Hợp tác quốc tế về sở hữu trí tuệ.

Căn cứ Điều 11  Luật Sở hữu trí tuệ 2005  được sửa đổi bởi Điều 2  Luật Sở hữu trí tuệ sửa đổi 2009  quy định trách nhiệm quản lý nhà nước về sở hữu trí tuệ:

Điều 11. Trách nhiệm quản lý nhà nước về sở hữu trí tuệ

1. Chính phủ thống nhất quản lý nhà nước về sở hữu trí tuệ.

2. Bộ Khoa học và Công nghệ chịu trách nhiệm trước Chính phủ chủ trì, phối hợp với Bộ Văn hóa, Thể thao và Du lịch, Bộ Nông nghiệp và Phát triển nông thôn thực hiện quản lý nhà nước về sở hữu trí tuệ và thực hiện quản lý nhà nước về quyền sở hữu công nghiệp.

Bộ Văn hóa, Thể thao và Du lịch trong phạm vi nhiệm vụ, quyền hạn của mình thực hiện quản lý nhà nước về quyền tác giả và quyền liên quan.

Bộ Nông nghiệp và Phát triển nông thôn trong phạm vi nhiệm vụ, quyền hạn của mình thực hiện quản lý nhà nước về quyền đối với giống cây trồng.

3. Bộ, cơ quan ngang bộ, cơ quan thuộc Chính phủ trong phạm vi nhiệm vụ, quyền hạn của mình có trách nhiệm phối hợp với Bộ Khoa học và Công nghệ, Bộ Văn hóa, Thể thao và Du lịch, Bộ Nông nghiệp và Phát triển nông thôn, Uỷ ban nhân dân tỉnh, thành phố trực thuộc trung ương trong việc quản lý nhà nước về sở hữu trí tuệ.

4. Uỷ ban nhân dân các cấp thực hiện quản lý nhà nước về sở hữu trí tuệ tại địa phương theo thẩm quyền.

5. Chính phủ quy định cụ thể thẩm quyền, trách nhiệm quản lý nhà nước về sở hữu trí tuệ của Bộ Khoa học và Công nghệ, Bộ Văn hoá - Thông tin, Bộ Nông nghiệp và Phát triển nông thôn, Uỷ ban nhân dân các cấp.

Theo quy định trên, Chính phủ thống nhất quản lý nhà nước về sở hữu trí tuệ.","","","","","2025-10-09","https://thuvienphapluat.vn/hoi-dap-phap-luat/theo-luat-so-huu-tri-tue-sua-doi-nha-nuoc-co-chinh-sach-nao-de-khuyen-khich-thuc-day-hoat-dong-doi--138065924.html","2026-04-08T16:39:25.451017+00:00"
