"id","title","content","category","doc_type","doc_number","agency","published_date","url","crawled_at"
"138090867","Mẫu biểu báo cáo phục vụ xây dựng kế hoạch vay, trả nợ công hằng năm 2026 như thế nào?","Mẫu biểu báo cáo phục vụ xây dựng kế hoạch vay, trả nợ công hằng năm 2026 như thế nào?

Hình thức gửi báo cáo thông tin về nợ công như thế nào?

Nội dung kế hoạch vay, trả nợ công hằng năm gồm những gì?

Mẫu biểu báo cáo phục vụ xây dựng kế hoạch vay, trả nợ công hằng năm 2026 thực hiện theo 09 biểu tại Phụ lục 1 ban hành kèm theo Thông tư 47/2026/TT-BTC. Cụ thể:

Số mẫu biểu báo cáo

Tên mẫu biểu lập Kế hoạch

1.01

Báo cáo tình hình thực hiện vay, trả nợ trong nước (không bao gồm trái phiếu Chính phủ) năm hiện hành và dự kiến năm kế hoạch

1.02

Báo cáo tình hình thực hiện vay, trả nợ trái phiếu Chính phủ năm hiện hành và dự kiến năm kế hoạch

1.03

Báo cáo tình hình thực hiện rút vốn vay ODA, vay ưu đãi nước ngoài năm hiện hành và dự kiến năm kế hoạch (do bộ/cơ quan trung ương báo cáo)

1.04

Báo cáo tình hình thực hiện rút vốn vay ODA, vay ưu đãi nước ngoài năm hiện hành và dự kiến năm kế hoạch (do địa phương báo cáo)

1.05

Báo cáo tình hình vay, trả nợ của các chương trình, dự án vay lại nguồn vốn vay nước ngoài của Chính phủ năm hiện hành và dự kiến năm kế hoạch

1.06

Báo cáo tình hình thực hiện vay, trả nợ trái phiếu được Chính phủ bảo lãnh năm hiện hành và dự kiến năm kế hoạch

1.07

Báo cáo tình hình vay, trả nợ của các chương trình, dự án được Chính phủ bảo lãnh năm hiện hành và dự kiến năm kế hoạch

1.08

Báo cáo tình hình vay nợ chính quyền địa phương năm hiện hành và dự kiến năm kế hoạch

1.09

Báo cáo tình hình vay, trả nợ nước ngoài của doanh nghiệp, tổ chức tín dụng theo hình thức tự vay tự trả năm hiện hành và dự kiến năm kế hoạch

>>> Tải Mẫu biểu báo cáo phục vụ xây dựng kế hoạch vay, trả nợ công hằng năm 2026 tại đây. TẢI VỀ

>>> Xem thêm: TOÀN VĂN Thông tư 42/2026/TT-BTC quy định mẫu biểu công bố thông tin về nợ công thế nào?

>>> Xem thêm: Văn bản hợp nhất Luật Quản lý nợ công số 59/VBHN-VPQH chi tiết như thế nào?

Mẫu biểu báo cáo phục vụ xây dựng kế hoạch vay, trả nợ công hằng năm 2026 như thế nào? (Hình từ Internet)

Theo Điều 4 Thông tư 47/2026/TT-BTC quy định hình thức gửi báo cáo thông tin về nợ công như sau:

[1] Đối với thông tin không thuộc danh mục bí mật nhà nước, cơ quan, đơn vị gửi báo cáo thông tin về Bộ Tài chính (Cục Quản lý nợ và Kinh tế đối ngoại) bằng một trong các hình thức sau:

- Văn bản giấy gửi theo đường văn thư;

- Văn bản điện tử gửi thông qua hệ thống tiếp nhận báo cáo hoặc hệ thống quản lý văn bản và điều hành (hoặc phương thức điện tử khác) do Bộ Tài chính thông báo tại từng thời kỳ; trường hợp gửi qua thư điện tử thực hiện theo địa chỉ tiếp nhận do Bộ Tài chính công bố.

[2] Định dạng tệp, yêu cầu kỹ thuật và phương thức tiếp nhận báo cáo điện tử do Bộ Tài chính hướng dẫn, công bố và cập nhật.

Tại Điều 14 Nghị định 94/2018/NĐ-CP sửa đổi bởi khoản 3 Điều 3 Nghị định 84/2026/NĐ-CP quy định nội dung kế hoạch vay, trả nợ công hằng năm gồm:

[1] Kế hoạch vay, trả nợ của Chính phủ:

- Kế hoạch huy động vốn vay gồm phát hành công cụ nợ trên thị trường vốn trong nước, vay ODA, vay ưu đãi nước ngoài, phát hành trái phiếu Chính phủ trên thị trường vốn quốc tế và huy động từ các nguồn vốn vay khác theo quy định của pháp luật về ngân sách nhà nước;

- Kế hoạch sử dụng vốn vay gồm bù đắp bội chi ngân sách trung ương, trả nợ gốc đến hạn, cơ cấu lại các khoản nợ của Chính phủ, cho Ủy ban nhân dân cấp tỉnh, đơn vị sự nghiệp công lập và doanh nghiệp vay lại từ vốn vay ODA, vay ưu đãi nước ngoài;

- Kế hoạch trả nợ gồm gốc, lãi, phí và chi phí liên quan đến khoản vay, công cụ nợ phát hành, trong đó bao gồm kế hoạch trả nợ trực tiếp của Chính phủ và trả nợ vay về cho vay lại.

[2] Kế hoạch vay, trả nợ của chính quyền địa phương:

- Kế hoạch huy động vốn vay gồm vay lại vốn vay nước ngoài của Chính phủ, phát hành trái phiếu chính quyền địa phương, vay từ các ngân hàng chính sách của Nhà nước, vay ngân quỹ Nhà nước, vay từ các tổ chức tín dụng và vay trong nước khác theo quy định của Luật Quản lý nợ công và pháp luật về ngân sách nhà nước;

- Kế hoạch sử dụng vốn vay của chính quyền địa phương gồm: Bù đắp bội chi ngân sách địa phương, trả nợ gốc đến hạn;

- Kế hoạch trả nợ của chính quyền địa phương bao gồm trả nợ gốc, lãi, phí và các chi phí liên quan theo từng nguồn vốn vay; xác định nguồn để trả nợ.

[3] Hạn mức vay ODA, vay ưu đãi về cho vay lại và hạn mức bảo lãnh Chính phủ bao gồm:

- Hạn mức vay về cho vay lại bao gồm cho vay lại chính quyền địa phương và cho vay lại đối với đơn vị sự nghiệp công lập và doanh nghiệp;

- Hạn mức bảo lãnh Chính phủ hằng năm bao gồm bảo lãnh phát hành trái phiếu của Ngân hàng Phát triển Việt Nam, Ngân hàng Chính sách xã hội; bảo lãnh vay trong nước, nước ngoài của doanh nghiệp. Trường hợp tốc độ tăng dư nợ bảo lãnh Chính phủ vượt quá tốc độ tăng tổng sản phẩm quốc nội của năm trước, Bộ Tài chính tổng hợp, trình Chính phủ xem xét, quyết định hạn mức bảo lãnh Chính phủ hằng năm. Hồ sơ trình bao gồm:

+ Đề xuất của doanh nghiệp, ngân hàng chính sách xã hội gửi Bộ Tài chính theo quy định tại khoản 3, khoản 4 Điều 10 Nghị định 91/2018/NĐ-CP ngày 26 tháng 6 năm 2018 của Chính phủ về cấp và quản lý bảo lãnh Chính phủ;

+ Đánh giá tác động đến các chỉ tiêu an toàn nợ công.","tai-chinh-nha-nuoc","","","","2026-05-22T00:00:00","https://thuvienphapluat.vn/hoi-dap-phap-luat/mau-bieu-bao-cao-phuc-vu-xay-dung-ke-hoach-vay-tra-no-cong-hang-nam-2026-nhu-the-nao-138090867.html","2026-05-21T20:21:27.529932+00:00"
"138091157","Hiệu lực Thông tư 51/2026/TT-BTC về báo cáo tài chính nhà nước từ khi nào?","Hiệu lực Thông tư 51/2026/TT-BTC về báo cáo tài chính nhà nước từ khi nào?

Báo cáo tài chính nhà nước được lập theo kỳ kế toán năm tính từ khi nào?

Tiếp nhận, kiểm tra Báo cáo cung cấp thông tin tài chính được thực hiện ra sao?

Hiệu lực Thông tư 51/2026/TT-BTC về báo cáo tài chính nhà nước từ ngày 13/5/2026 và được áp dụng đối với việc lập Báo cáo tài chính nhà nước năm 2025 trở đi.

Căn cứ Điều 13 Thông tư 51/2026/TT-BTC quy định như sau:

Theo đó, Thông tư 51 2026 TT BTC về báo cáo tài chính nhà nước có hiệu lực từ ngày 13/5/2026 và được áp dụng đối với việc lập Báo cáo tài chính nhà nước năm 2025 trở đi.

Xem thêm

Toàn văn Thông tư 51/2026/TT-BTC hướng dẫn lập Báo cáo tài chính nhà nước thế nào?

Phụ lục Thông tư 51/2026/TT-BTC về Báo cáo tài chính nhà nước tải về ở đâu?

Hiệu lực Thông tư 51 2026 TT BTC về báo cáo tài chính nhà nước từ khi nào? (Hình từ Internet)

Theo Điều 8 Thông tư 51/2026/TT-BTC quy định như sau:

Theo đó, Báo cáo tài chính nhà nước được lập theo kỳ kế toán năm tính từ đầu ngày 01 tháng 01 đến hết ngày 31 tháng 12 năm dương lịch.

Theo Điều 7 Thông tư 51/2026/TT-BTC quy định tiếp nhận, kiểm tra Báo cáo cung cấp thông tin tài chính như sau:

(1). Sau khi tiếp nhận Báo cáo cung cấp thông tin tài chính, trong vòng 03 ngày làm việc kể từ ngày tiếp nhận báo cáo, Kho bạc Nhà nước các cấp kiểm tra báo cáo, đảm bảo:

- Báo cáo được tiếp nhận là báo cáo của các đơn vị có trách nhiệm cung cấp thông tin tài chính để lập Báo cáo tài chính nhà nước.

- Báo cáo được phê duyệt đúng thẩm quyền.

- Đầy đủ các biểu mẫu báo cáo theo quy định.

- Số liệu chỉ tiêu tổng hợp bằng tổng số liệu chỉ tiêu chi tiết.

- Tổng tài sản bằng tổng nguồn vốn (đối với Báo cáo cung cấp thông tin tài chính là Báo cáo tài chính/Báo cáo tài chính hợp nhất).

- Chỉ tiêu được trình bày trên các biểu mẫu báo cáo khác nhau phải có giá trị tuyệt đối bằng nhau.

- Số liệu so sánh trên Báo cáo cung cấp thông tin tài chính năm nay khớp với số liệu trên Báo cáo cung cấp thông tin tài chính năm trước, trường hợp có sự khác biệt phải thuyết minh, giải trình chênh lệch.

(2). Trường hợp báo cáo đảm bảo các nội dung kiểm tra: Kho bạc Nhà nước các cấp thông báo tiếp nhận báo cáo thành công.

(3). Trường hợp báo cáo không đảm bảo các nội dung kiểm tra: Kho bạc Nhà nước các cấp từ chối báo cáo, đồng thời, thông báo rõ lý do. Các cơ quan, đơn vị, tổ chức có trách nhiệm phối hợp, giải trình và gửi lại báo cáo trong vòng 05 ngày làm việc kể từ ngày nhận được yêu cầu của Kho bạc Nhà nước các cấp.

Điều 13. Hiệu lực thi hành

1. Thông tư này có hiệu lực từ ngày 13 tháng 5 năm 2026 và được áp dụng đối với việc lập Báo cáo tài chính nhà nước năm 2025 trở đi.

Riêng quy định về việc lập và gửi danh sách đơn vị kế toán cấp trên cao nhất và đơn vị kế toán độc lập thuộc Trung ương, cấp tỉnh, cấp xã có trách nhiệm cung cấp thông tin để lập Báo cáo tài chính nhà nước của năm trước liền kề được áp dụng từ Báo cáo tài chính nhà nước năm 2026 trở đi.

2. Các Thông tư sau đây hết hiệu lực thi hành kể từ ngày Thông tư này có hiệu lực thi hành:

a) Thông tư số 133/2018/TT-BTC ngày 28 tháng 12 năm 2018 của Bộ trưởng Bộ Tài chính hướng dẫn lập Báo cáo tài chính nhà nước;

b) Thông tư số 39/2021/TT-BTC ngày 01 tháng 6 năm 2021 của Bộ trưởng Bộ Tài chính sửa đổi, bổ sung một số điều của Thông tư số 133/2018/TT-BTC ngày 28 tháng 12 năm 2018 của Bộ trưởng Bộ Tài chính hướng dẫn lập Báo cáo tài chính nhà nước.

3. Trường hợp các văn bản được viện dẫn tại Thông tư này được sửa đổi, bổ sung, thay thế thì thực hiện theo văn bản sửa đổi, bổ sung, thay thế đó.

Điều 8. Kỳ lập Báo cáo tài chính nhà nước

Báo cáo tài chính nhà nước được lập theo kỳ kế toán năm tính từ đầu ngày 01 tháng 01 đến hết ngày 31 tháng 12 năm dương lịch.

Trường hợp Báo cáo tài chính nhà nước tỉnh có kỳ kế toán năm không bắt đầu từ ngày 01 tháng 01, cần nêu rõ lý do và Báo cáo tài chính nhà nước tỉnh không trình bày số liệu so sánh các khoản mục năm trước.","tai-chinh-nha-nuoc","","","","2026-05-20T00:00:00","https://thuvienphapluat.vn/hoi-dap-phap-luat/hieu-luc-thong-tu-512026ttbtc-ve-bao-cao-tai-chinh-nha-nuoc-tu-khi-nao-138091157.html","2026-05-21T20:21:34.425632+00:00"
"138091145","Toàn văn Nghị định 175/2026/NĐ-CP về hoạt động tài chính vi mô của tổ chức chính trị xã hội, tổ chức phi chính phủ như thế nào?","Toàn văn Nghị định 175 2026 NĐ CP về hoạt động tài chính vi mô của tổ chức chính trị xã hội, tổ chức phi chính phủ như thế nào?

Từ 1/7/2026, thời hạn hoạt động của chương trình, dự án tài chính vi mô của tổ chức phi chính phủ được xác định thế nào?

Từ 1/7/2026, mức cho vay tối đa đối với một khách hàng tài chính vi mô tối đa bao nhiêu tiền?

Ngày 15/5/2026, Chính phủ ban hành Nghị định 175/2026/NĐ-CP quy định về tổ chức, hoạt động của chương trình, dự án tài chính vi mô của tổ chức chính trị - xã hội, tổ chức phi chính phủ.

TẢI VỀ Nghị định 175/2026/NĐ-CP

Nghị định 175/2026/NĐ-CP có 4 chương và 25 điều, quy định về tổ chức, họạt động của chương trình, dự án tài chính vi mô của tổ chức chính trị - xã hội, tổ chức phi chính phủ đang hoạt động trước ngày 01 tháng 7 năm 2024 theo Giấy chứng nhận đăng ký chương trình, dự án tài chính vì mô được cấp theo quy định tại Quyết định 20/2017/QĐ-TTg quy định về hoạt động của chương trình, dự án tài chính vì mô của tổ chức chính trị, tổ chức chính trị - xã hội, tổ chức phi chính phủ.

Nghị định 175/2026/NĐ-CP có hiệu lực thi hành từ ngày 01/7/2026.

Toàn văn Nghị định 175 2026 NĐ CP về hoạt động tài chính vi mô của tổ chức chính trị xã hội, tổ chức phi chính phủ như thế nào? (Hình từ Internet)

Căn cứ theo khoản 1 Điều 7 Nghị định 175/2026/NĐ-CP TẢI VỀ quy định như sau:

Như vậy, từ ngày 01/7/2026, thời hạn hoạt động của chương trình, dự án tài chính vi mô của tổ chức phi chính phủ được xác định cụ thể tại Giấy chứng nhận đăng ký.

Thời hạn hoạt động của chương trình, dự án tài chính vi mô không được vượt quá thời hạn hoạt động còn lại của tổ chức phi chính phủ. Chương trình, dự án tài chính vi mô được xem xét gia hạn thời hạn hoạt động.

Căn cứ theo điểm c khoản 1 Điều 8 Nghị định 175/2026/NĐ-CP TẢI VỀ quy định như sau:

Như vậy, từ ngày 01/7/2026, mức cho vay tối đa đối với một khách hàng tài chính vi mô tối đa 50 triệu đồng Việt Nam.

Điều 7. Thời hạn hoạt động, địa bàn hoạt động

1. Thời hạn hoạt động của chương trình, dự án tài chính vi mô được xác định cụ thể tại Giấy chứng nhận đăng ký. Thời hạn hoạt động của chương trình, dự án tài chính vi mô không được vượt quá thời hạn hoạt động còn lại của tổ chức chính trị - xã hội, tổ chức phi chính phủ. Chương trình, dự án tài chính vi mô được xem xét gia hạn thời hạn hoạt động.

2. Địa bàn hoạt động của chương trình, dự án tài chính vi mô được xác định cụ thể đến đơn vị hành chính cấp xã tại Giấy chứng nhận đăng ký. Tổ chức chính trị - xã hội, tổ chức phi chính phủ chỉ được thực hiện chương trình, dự án tài chính vi mô trên địa bàn hoạt động của tổ chức chính trị - xã hội, tổ chức phi chính phủ và không thuộc các khu vực có ảnh hưởng đến quốc phòng, an ninh.

Điều 8. Nội dung hoạt động

1. Hoạt động cho vay của chương trình, dự án tài chính vi mô được thực hiện như sau:

a) Cho vay đối với khách hàng tài chính vi mô theo nguyên tắc:

Tự chủ trong hoạt động cho vay và chịu trách nhiệm về quyết định cho vay của mình; bảo đảm an toàn theo quy định của pháp luật;

Theo thỏa thuận bằng văn bản với khách hàng tài chính vi mô, trong đó tối thiểu có các nội dung: Quyền, trách nhiệm bên cho vay và bên vay; mục đích sử dụng vốn vay; thời hạn cho vay; mức cho vay; thời hạn hoàn trả nợ gốc và lãi vốn vay; lãi suất cho vay và biện pháp bảo đảm tiền vay;

Lãi suất cho vay phù hợp với quy định của pháp luật, điều kiện cụ thể của chương trình, dự án tài chính vi mô, kế hoạch hoạt động tài chính vi mô, bù đắp đủ chi phí hoạt động, tăng trưởng và không vì mục tiêu lợi nhuận;

Việc cho vay đối với hộ gia đình được thực hiện thông qua người đại diện của hộ gia đình. Người đại diện của hộ gia đình là thành viên của hộ gia đình và phải được các thành viên của hộ gia đình ủy quyền đại diện bằng văn bản theo quy định của pháp luật;

Chương trình, dự án tài chính vi mô của tổ chức chính trị - xã hội chi được cho vay khách hàng tài chính vi mô là các hội viên của tổ chức chính trị - xã hội;

b) Điều kiện cho vay:

Khách hàng tài chính vi mô là cá nhân, người đại diện của hộ gia đình phải có năng lực pháp luật dân sự, năng lực hành vi dân sự theo quy định của pháp luật về dân sự. Khách hàng tài chính vi mô là doanh nghiệp siêu nhỏ đang hoạt động hợp pháp;

Việc cho vay đối với khách hàng tài chính vi mô có thể đảm bảo bằng tiền gửi bắt buộc, bảo lãnh của nhóm khách hàng tài chính vi mô;

Mục đích sử dụng vốn vay hợp pháp;

c) Mức cho vay tối đa đối với một khách hàng tài chính vi mô không vượt quá 50 triệu đồng Việt Nam.

[...]","tai-chinh-nha-nuoc","","","","2026-05-20T00:00:00","https://thuvienphapluat.vn/hoi-dap-phap-luat/toan-van-nghi-dinh-1752026ndcp-ve-hoat-dong-tai-chinh-vi-mo-cua-to-chuc-chinh-tri-xa-hoi-to-chuc-ph-138091145.html","2026-05-21T20:21:40.326320+00:00"
"138091175","Mẫu C01a CCТТ Thông tư 51 Báo cáo cung cấp thông tin tài chính năm của KBNN ra sao?","Mẫu C01a CCТТ Thông tư 51 Báo cáo cung cấp thông tin tài chính năm của KBNN ra sao?

Phương pháp lập các chỉ tiêu trên Báo cáo tài chính nhà nước như thế nào?

Giao dịch nội bộ nào được loại trừ khi lập Báo cáo tài chính nhà nước toàn quốc?

Theo đó, mẫu C01a/CCТТ Thông tư 51/2026/TT-BTC là Báo cáo cung cấp thông tin tài chính năm do KBNN/KBNN khu vực lập. Mẫu C01a/CCТТ Thông tư 51 như sau:

>>>> Tải Mẫu C01a CCТТ Thông tư 51 tại đây. TẢI VỀ

>>> Xem thêm: Phụ lục 1 Thông tư 51/2026/TT-BTC mẫu báo cáo cung cấp thông tin tài chính thế nào?

>>> Xem thêm: Cơ quan nào có trách nhiệm cung cấp thông tin tài chính để lập Báo cáo tài chính nhà nước tỉnh?

Mẫu C01a CCТТ Thông tư 51 Báo cáo cung cấp thông tin tài chính năm của KBNN ra sao? (Hình từ Internet)

Căn cứ theo khoản 2 Điều 9 Thông tư 51/2026/TT-BTC quy định phương pháp lập các chỉ tiêu trên Báo cáo tài chính nhà nước như sau:

[1] Báo cáo tình hình tài chính nhà nước, Báo cáo kết quả hoạt động tài chính nhà nước được lập theo các bước sau:

Bước 1: Tổng hợp, rà soát xác định số liệu các giao dịch nội bộ phải loại trừ, điều chỉnh theo Bảng B01/THCT - Phụ lục IV ban hành kèm theo Thông tư 51/2026/TT-BTC.

Bước 2: Hợp cộng, loại trừ, điều chỉnh (nếu có) các chỉ tiêu trên Báo cáo tình hình tài chính nhà nước, Báo cáo kết quả hoạt động tài chính nhà nước được hướng dẫn tại Bảng B02/THCT - Phụ lục IV ban hành kèm theo Thông tư 51/2026/TT-BTC.

Trong đó:

+ Hợp cộng: Các chỉ tiêu trên Báo cáo tình hình tài chính nhà nước, Báo cáo kết quả hoạt động tài chính nhà nước được hợp cộng từ các chỉ tiêu tương ứng trên Báo cáo cung cấp thông tin tài chính trong phạm vi lập báo cáo; riêng đối với Báo cáo tài chính nhà nước toàn quốc hợp cộng thêm các chỉ tiêu của Báo cáo tài chính nhà nước tỉnh. Nội dung hợp cộng được hướng dẫn tại Phụ lục V ban hành kèm theo Thông tư 51/2026/TT-BTC.

+ Loại trừ: Loại trừ số liệu giao dịch nội bộ đã được xác định tại bước 1 của các chỉ tiêu tương ứng trên Báo cáo tình hình tài chính nhà nước, Báo cáo kết quả hoạt động tài chính nhà nước.

+ Điều chỉnh: Điều chỉnh số đầu kỳ/kỳ trước, số trong kỳ, số cuối kỳ các chỉ tiêu trên Báo cáo tình hình tài chính nhà nước, Báo cáo kết quả hoạt động tài chính nhà nước (nếu có).

Bước 3: Tổng hợp và trình bày các chỉ tiêu trên Báo cáo tình hình tài chính nhà nước, Báo cáo kết quả hoạt động tài chính nhà nước theo mẫu biểu được quy định tại Nghị định 140/2026/NĐ-CP ngày 16 tháng 4 năm 2026 của Chính phủ về Báo cáo tài chính nhà nước.

[2] Báo cáo lưu chuyển tiền tệ

Báo cáo lưu chuyển tiền tệ được lập theo phương pháp gián tiếp. Các chỉ tiêu trên báo cáo này được tổng hợp theo hướng dẫn tại Phụ lục VI ban hành kèm theo Thông tư này.

[3] Thuyết minh Báo cáo tài chính nhà nước

- Căn cứ Báo cáo tình hình tài chính nhà nước, Báo cáo kết quả hoạt động tài chính nhà nước, Báo cáo lưu chuyển tiền tệ, Báo cáo cung cấp thông tin tài chính và tình hình kinh tế - xã hội của cả nước, của địa phương để tổng hợp thông tin trên Thuyết minh Báo cáo tài chính nhà nước.

- Các chỉ tiêu trên Thuyết minh Báo cáo tài chính nhà nước được tổng hợp theo hướng dẫn tại Phụ lục VII ban hành kèm theo Thông tư 51/2026/TT-BTC.

Tại Điều 10 Thông tư 51/2026/TT-BTC quy định giao dịch nội bộ được loại trừ khi lập Báo cáo tài chính nhà nước toàn quốc gồm:

- Bổ sung cân đối ngân sách, bổ sung có mục tiêu, thu hồi, hoàn trả kinh phí giữa ngân sách cấp Trung ương và ngân sách cấp tỉnh.

- Ngân sách trung ương vay các quỹ tài chính nhà nước ngoài ngân sách; ngân sách trung ương, ngân sách cấp tỉnh vay ngân quỹ nhà nước.

- Chính phủ cho địa phương vay lại từ nguồn vốn vay ODA, vốn vay ưu đãi nước ngoài.

- Chi, tạm ứng kinh phí hoạt động; chi, tạm ứng, ứng trước kinh phí chương trình dự án, kinh phí đầu tư xây dựng cơ bản,... từ nguồn ngân sách nhà nước cho các cơ quan, đơn vị, tổ chức cấp Trung ương thuộc đối tượng mà Báo cáo tài chính/Báo cáo tài chính hợp nhất của các cơ quan, đơn vị, tổ chức đó được tổng hợp vào Báo cáo tài chính nhà nước toàn quốc.","tai-chinh-nha-nuoc","","","","2026-05-20T00:00:00","https://thuvienphapluat.vn/hoi-dap-phap-luat/mau-c01a-cc-thong-tu-51-bao-cao-cung-cap-thong-tin-tai-chinh-nam-cua-kbnn-ra-sao-138091175.html","2026-05-21T20:21:46.664518+00:00"
"138091272","Toàn văn Nghị định 157/2026/NĐ-CP quyết toán vốn ngân sách nhà nước cấp bù lãi suất cho ngân hàng thương mại chi tiết ra sao?","Toàn văn Nghị định 157 2026 NĐ CP quyết toán vốn ngân sách nhà nước cấp bù lãi suất cho ngân hàng thương mại chi tiết ra sao?

Nguyên tắc cân đối ngân sách nhà nước là gì?

Việc tạm cấp ngân sách được thực hiện trong trường hợp nào?

Ngày 15/5/2026, Chính phủ đã ban hành Nghị định 157/2026/NĐ-CP về thanh toán, quyết toán vốn ngân sách nhà nước để cấp bù lãi suất cho các ngân hàng thương mại thực hiện các chính sách tín dụng ưu đãi của Nhà nước﻿.

TẢI VỀ

Theo đó, Nghị định 157/2026/NĐ-CP quy định về thanh toán, quyết toán vốn ngân sách nhà nước nguồn ngân sách trung ương để cấp bù lãi suất cho các ngân hàng thương mại thực hiện các chính sách tín dụng ưu đãi của Nhà nước.

Đồng thời, tại Điều 4 Nghị định 157/2026/NĐ-CP quy định về lập kế hoạch vốn ngân sách nhà nước để cấp bù lãi như sau:

[1]. Việc lập kế hoạch đầu tư công để cấp bù lãi được thực hiện theo quy định của Luật Đầu tư công, Luật Ngân sách nhà nước, quy định tại Nghị định này và các văn bản pháp luật có liên quan.

[2]. Ngân hàng Nhà nước Việt Nam tổng hợp nhu cầu cấp bù lãi của các ngân hàng thương mại thực hiện chính sách tín dụng ưu đãi của Nhà nước trong kế hoạch đầu tư công vốn ngân sách nhà nước trung hạn và hàng năm, lập báo cáo và gửi Bộ Tài chính để tổng hợp, báo cáo cấp có quyền

[3]. Sau khi được Thủ tướng Chính phủ phủ giao kế hoạch đầu tư công (bao gồm kế hoạch giao kế hoạch đầu năm, bổ sung hoặc điều chỉnh trong năm ngân sách), Ngân hàng Nhà nước Việt Nam thực hiện phân bổ chi tiết, giao kế hoạch đầu tư công để cấp bù lãi suất cho các ngân hàng thương mại; điều chỉnh kế hoạch đầu tư công để cấp bù lãi suất giữa các ngân hàng thương mại trong trường hợp không thay đổi tổng mức Vốn trung hạn và hàng năm đã được cấp có quyền quyết định khi cần thiết và gửi Bộ Tài chính chính, Kho bạc Nhà nước để phối hợp thực hiện. thẩm quyền quyết định, thời gian phân bổ và điều chỉnh kế hoạch đầu tư công thực hiện theo quy định của Luật Đầu tư công, Luật Ngân sách nhà nước

>>> Xem chi tiết Nghị định 157 2026 NĐ CP quyết toán vốn ngân sách nhà nước cấp bù lãi suất cho ngân hàng thương mại

TẠI ĐÂY

* Trên đây là Toàn văn Nghị định 157 2026 NĐ CP quyết toán vốn ngân sách nhà nước cấp bù lãi suất cho ngân hàng thương mại chi tiết ra sao?

Toàn văn Nghị định 157 2026 NĐ CP quyết toán vốn ngân sách nhà nước cấp bù lãi suất cho ngân hàng thương mại chi tiết ra sao? (Hình từ Internet)

Căn cứ theo Điều 7 Luật Ngân sách nhà nước 2025 quy định nguyên tắc cân đối ngân sách nhà nước như sau:

- Các khoản thu từ thuế, phí, lệ phí và các khoản thu khác thuộc ngân sách theo quy định của pháp luật được tổng hợp đầy đủ vào cân đối ngân sách nhà nước, theo nguyên tắc không gắn với nhiệm vụ chi cụ thể.

Trường hợp có khoản thu cần gắn với nhiệm vụ chi cụ thể theo quy định của pháp luật thì được bố trí tương ứng từ các khoản thu này trong dự toán chi ngân sách để thực hiện.

Việc ban hành chính sách thu ngân sách phải bảo đảm nguyên tắc cân đối ngân sách trong trung hạn, dài hạn và thực hiện các cam kết về hội nhập quốc tế.

- Ngân sách nhà nước được cân đối theo nguyên tắc tổng số thu từ thuế, phí, lệ phí và các khoản thu khác thuộc ngân sách phải lớn hơn tổng số chi thường xuyên và góp phần tích lũy ngày càng cao để chi đầu tư phát triển; trường hợp còn bội chi thì số bội chi phải nhỏ hơn số chi đầu tư phát triển, tiến tới cân bằng thu, chi ngân sách; trường hợp đặc biệt Chính phủ trình Quốc hội xem xét, quyết định.

- Vay để bù đắp bội chi ngân sách nhà nước chỉ được sử dụng cho chi đầu tư phát triển, không sử dụng cho chi thường xuyên.

- Bội chi ngân sách trung ương được bù đắp từ các nguồn sau đây:

+ Vay trong nước từ phát hành trái phiếu Chính phủ, công trái xây dựng Tổ quốc và các khoản vay trong nước khác theo quy định của pháp luật;

+ Vay ngoài nước từ các khoản vay của Chính phủ các nước, các tổ chức quốc tế và phát hành trái phiếu Chính phủ ra thị trường quốc tế, không bao gồm các khoản vay về cho vay lại.

- Bội chi ngân sách địa phương:

+ Chỉ ngân sách địa phương cấp tỉnh được bội chi; bội chi ngân sách địa phương chỉ được sử dụng để đầu tư các dự án thuộc kế hoạch đầu tư công trung hạn đã được Hội đồng nhân dân cấp tỉnh quyết định;

+ Bội chi ngân sách địa phương được bù đắp bằng các nguồn vay trong nước từ phát hành trái phiếu chính quyền địa phương, vay lại từ nguồn Chính phủ vay về cho vay lại và các khoản vay trong nước khác theo quy định của pháp luật;

+ Bội chi ngân sách địa phương được tổng hợp vào bội chi ngân sách nhà nước và do Quốc hội quyết định.

- Mức dư nợ vay của ngân sách địa phương:

+ Đối với các địa phương không nhận bổ sung cân đối từ ngân sách trung ương, mức dư nợ vay không vượt quá 120% số dự toán thu ngân sách địa phương được hưởng theo phân cấp;

+ Đối với các địa phương nhận bổ sung cân đối từ ngân sách trung ương, mức dư nợ vay không vượt quá 80% số dự toán thu ngân sách địa phương được hưởng theo phân cấp;

+ Trường hợp cần huy động vốn vay lớn hơn mức dư nợ vay quy định tại điểm a và điểm b khoản 6 Điều 7 Luật Ngân sách nhà nước 2025 để thực hiện dự án của địa phương, Ủy ban nhân dân cấp tỉnh báo cáo Hội đồng nhân dân cùng cấp hoặc báo cáo Thường trực Hội đồng nhân dân trong thời gian Hội đồng nhân dân không họp xem xét, cho ý kiến để báo cáo Chính phủ xem xét, trình Quốc hội quyết định.

Căn cứ tại khoản 1 Điều 53 Luật Ngân sách nhà nước 2025 quy định việc tạm cấp ngân sách được thực hiện trong các trường hợp sau:

- Vào đầu năm ngân sách, khi Quốc hội, Hội đồng nhân dân chưa quyết định dự toán ngân sách; hoặc Thủ tướng Chính phủ, Ủy ban nhân dân chưa giao dự toán ngân sách;

- Trong năm ngân sách, phải trình cấp có thẩm quyền quyết định điều chỉnh hoặc xác định lại dự toán ngân sách của các Bộ, cơ quan ngang Bộ, cơ quan thuộc Chính phủ, cơ quan khác ở trung ương và địa phương.

* Trên đây là Toàn văn Nghị định 157 2026 NĐ CP quyết toán vốn ngân sách nhà nước cấp bù lãi suất cho ngân hàng thương mại chi tiết ra sao?","tai-chinh-nha-nuoc","","","","2026-05-20T00:00:00","https://thuvienphapluat.vn/hoi-dap-phap-luat/toan-van-nghi-dinh-1572026ndcp-quyet-toan-von-ngan-sach-nha-nuoc-cap-bu-lai-suat-cho-ngan-hang-thuo-138091272.html","2026-05-21T20:21:52.811364+00:00"
"138051494","Lịch Vạn niên 2026 - Lịch âm 2026 - Lịch dương 2026 chi tiết, đầy đủ 365 ngày tương ứng âm và dương?","Lịch Vạn niên 2026 - Lịch âm 2026 - Lịch dương 2026 chi tiết, đầy đủ 365 ngày tương ứng âm và dương?

Năm 2026, người lao động được nghỉ các ngày lễ, tết nào trong năm?

Người lao động có các quyền và nghĩa vụ gì?

Xem mới:

>>> Kịch bản sinh hoạt chi bộ tháng 5 2026 chi tiết ra sao?

>>> Tài liệu sinh hoạt chi bộ tháng 5/2026 chi tiết như thế nào?

>>> Nội dung trọng tâm sinh hoạt chi bộ Tháng 5/2026 chi tiết thế nào?

>>> Mẫu nội dung sinh hoạt chi bộ Tháng 5 năm 2026 chi tiết ra sao?

>>> Hướng dẫn sinh hoạt chi bộ tháng 5/2026 đầy đủ như thế nào?

Theo Lịch Vạn niên 2026 - Lịch âm 2026 - Lịch dương 2026, tết Âm lịch 2026 sẽ rơi vào các ngày sau:

- 29 tháng Chạp năm Ất Tỵ (29 Tết): Thứ hai, ngày 16/02/2026 dương lịch

- Mùng 1 tháng Giêng năm Bính Ngọ (Mùng 1 Tết): Thứ ba, ngày 17/02/2026 dương lịch

- Mùng 2 tháng Giêng năm Bính Ngọ (Mùng 2 Tết): Thứ tư, ngày 18/02/2026 dương lịch

- Mùng 3 tháng Giêng năm Bính Ngọ (Mùng 3 Tết): Thứ năm, ngày 19/02/2026 dương lịch

Dưới đây là Lịch Vạn niên 2026 - Lịch âm 2026 - Lịch dương 2026 chi tiết, đầy đủ 365 ngày tương ứng âm và dương:

Lịch Tháng 1 năm 2026

Lịch Tháng 2 năm 2026

Lịch Tháng 3 năm 2026

Lịch Tháng 4 năm 2026

Lịch Tháng 5 năm 2026

Lịch Tháng 6 năm 2026

Lịch Tháng 7 năm 2026

Lịch Tháng 8 năm 2026

Lịch Tháng 9 năm 2026

Lịch Tháng 10 năm 2026

Lịch Tháng 11 năm 2026

Lịch Tháng 12 năm 2026

XEM ĐẦY ĐỦ:

THÁNG 1/2026

>>> Xem lịch âm tháng 1 năm 2026 - Lịch vạn niên tháng 1 năm 2026 đầy đủ, chi tiết, mới nhất

>>> Lịch Dương Tháng 1 2026 chi tiết, chính xác nhất

THÁNG 2/2026

>>> Xem lịch âm tháng 2 năm 2026 - Lịch vạn niên tháng 2 năm 2026 đầy đủ, chi tiết, mới nhất

>>> Lịch Dương Tháng 2 2026 chi tiết, chính xác nhất

THÁNG 3/2026

>>> Xem lịch âm tháng 3 năm 2026 - Lịch vạn niên tháng 3 năm 2026 đầy đủ, chi tiết, mới nhất

>>> Lịch Dương Tháng 3 2026 chi tiết, chính xác nhất

THÁNG 4/2026

>>> Xem lịch âm tháng 4 năm 2026 - Lịch vạn niên tháng 4 năm 2026 đầy đủ, chi tiết, mới nhất

>>> Lịch Dương Tháng 4 2026 chi tiết, chính xác nhất

THÁNG 5/2026

>>> Xem lịch âm tháng 5 năm 2026 - Lịch vạn niên tháng 5 năm 2026 đầy đủ, chi tiết, mới nhất

>>> Lịch Dương Tháng 5 2026 chi tiết, chính xác nhất

THÁNG 6/2026

>>> Xem lịch âm tháng 6 năm 2026 - Lịch vạn niên tháng 6 năm 2026 đầy đủ, chi tiết, mới nhất

>>> Lịch Dương Tháng 6 2026 chi tiết, chính xác nhất

THÁNG 7/2026

>>> Xem lịch âm tháng 7 năm 2026 - Lịch vạn niên tháng 7 năm 2026 đầy đủ, chi tiết, mới nhất

>>> Lịch Dương Tháng 7 2026 chi tiết, chính xác nhất

THÁNG 8/2026

>>> Xem lịch âm tháng 8 năm 2026 - Lịch vạn niên tháng 8 năm 2026 đầy đủ, chi tiết, mới nhất

>>> Lịch Dương Tháng 8 2026 chi tiết, chính xác nhất

THÁNG 9/2026

>>> Xem lịch âm tháng 9 năm 2026 - Lịch vạn niên tháng 9 năm 2026 đầy đủ, chi tiết, mới nhất

>>> Lịch Dương Tháng 9 2026 chi tiết, chính xác nhất

THÁNG 10/2026

>>> Xem lịch âm tháng 10 năm 2026 - Lịch vạn niên tháng 10 năm 2026 đầy đủ, chi tiết, mới nhất

>>> Lịch Dương Tháng 10 2026 chi tiết, chính xác nhất

THÁNG 11/2026

>>> Xem lịch âm tháng 11 năm 2026 - Lịch vạn niên tháng 11 năm 2026 đầy đủ, chi tiết, mới nhất

>>> Lịch Dương Tháng 11 2026 chi tiết, chính xác nhất

THÁNG 12/2026

>>> Xem lịch âm tháng 12 năm 2026 - Lịch vạn niên tháng 12 năm 2026 đầy đủ, chi tiết, mới nhất

>>> Lịch Dương Tháng 12 2026 chi tiết, chính xác nhất

* Trên đây là Thông tin Lịch Vạn niên 2026 - Lịch âm 2026 - Lịch dương 2026 chi tiết, đầy đủ 365 ngày tương ứng âm và dương?

Lịch Vạn niên 2026 - Lịch âm 2026 - Lịch dương 2026 chi tiết, đầy đủ 365 ngày tương ứng âm và dương? (Hình từ Internet)

Căn cứ Điều 112 Bộ luật Lao động 2019 quy định về nghỉ lễ, tết như sau:

Như vậy, năm 2026 người lao động được nghỉ các ngày lễ, tết sau đây:

(1) Tết Dương lịch: 01 ngày (ngày 01 tháng 01 dương lịch);

(2) Tết Âm lịch: 05 ngày;

(3) Ngày Chiến thắng: 01 ngày (ngày 30 tháng 4 dương lịch);

(4) Ngày Quốc tế lao động: 01 ngày (ngày 01 tháng 5 dương lịch);

(5) Quốc khánh: 02 ngày (ngày 02 tháng 9 dương lịch và 01 ngày liền kề trước hoặc sau);

(6) Ngày Giỗ Tổ Hùng Vương: 01 ngày (ngày 10 tháng 3 âm lịch).

Ngoài ra, người lao động là người nước ngoài làm việc tại Việt Nam ngoài các ngày nghỉ nêu trên còn được nghỉ thêm 01 ngày Tết cổ truyền dân tộc và 01 ngày Quốc khánh của nước họ.

Lưu ý: Hằng năm, căn cứ vào điều kiện thực tế, Thủ tướng Chính phủ quyết định cụ thể ngày nghỉ quy định tại điểm b và điểm đ khoản 1 Điều 112 Bộ luật Lao động 2019

Căn cứ Điều 5 Bộ luật Lao động 2019 quy định cụ thể như sau:

Như vậy, người lao động có các quyền và nghĩa vụ như sau:

[1] Người lao động có các quyền sau đây:

- Làm việc; tự do lựa chọn việc làm, nơi làm việc, nghề nghiệp, học nghề, nâng cao trình độ nghề nghiệp; không bị phân biệt đối xử, cưỡng bức lao động, quấy rối tình dục tại nơi làm việc

- Hưởng lương phù hợp với trình độ, kỹ năng nghề trên cơ sở thỏa thuận với người sử dụng lao động; được bảo hộ lao động, làm việc trong điều kiện bảo đảm về an toàn, vệ sinh lao động; nghỉ theo chế độ, nghỉ hằng năm có hưởng lương và được hưởng phúc lợi tập thể

- Thành lập, gia nhập, hoạt động trong tổ chức đại diện người lao động, tổ chức nghề nghiệp và tổ chức khác theo quy định của pháp luật; yêu cầu và tham gia đối thoại, thực hiện quy chế dân chủ, thương lượng tập thể với người sử dụng lao động và được tham vấn tại nơi làm việc để bảo vệ quyền và lợi ích hợp pháp, chính đáng của mình; tham gia quản lý theo nội quy của người sử dụng lao động

- Từ chối làm việc nếu có nguy cơ rõ ràng đe dọa trực tiếp đến tính mạng, sức khỏe trong quá trình thực hiện công việc

- Đơn phương chấm dứt hợp đồng lao động

- Đình công

- Các quyền khác theo quy định của pháp luật

[2] Người lao động có các nghĩa vụ sau đây:

- Thực hiện hợp đồng lao động, thỏa ước lao động tập thể và thỏa thuận hợp pháp khác

- Chấp hành kỷ luật lao động, nội quy lao động; tuân theo sự quản lý, điều hành, giám sát của người sử dụng lao động

- Thực hiện quy định của pháp luật về lao động, việc làm, giáo dục nghề nghiệp, bảo hiểm xã hội, bảo hiểm y tế, bảo hiểm thất nghiệp và an toàn, vệ sinh lao động

Điều 112. Nghỉ lễ, tết

1. Người lao động được nghỉ làm việc, hưởng nguyên lương trong những ngày lễ, tết sau đây:

a) Tết Dương lịch: 01 ngày (ngày 01 tháng 01 dương lịch);

b) Tết Âm lịch: 05 ngày;

c) Ngày Chiến thắng: 01 ngày (ngày 30 tháng 4 dương lịch);

d) Ngày Quốc tế lao động: 01 ngày (ngày 01 tháng 5 dương lịch);

đ) Quốc khánh: 02 ngày (ngày 02 tháng 9 dương lịch và 01 ngày liền kề trước hoặc sau);

e) Ngày Giỗ Tổ Hùng Vương: 01 ngày (ngày 10 tháng 3 âm lịch).

2. Lao động là người nước ngoài làm việc tại Việt Nam ngoài các ngày nghỉ theo quy định tại khoản 1 Điều này còn được nghỉ thêm 01 ngày Tết cổ truyền dân tộc và 01 ngày Quốc khánh của nước họ.

3. Hằng năm, căn cứ vào điều kiện thực tế, Thủ tướng Chính phủ quyết định cụ thể ngày nghỉ quy định tại điểm b và điểm đ khoản 1 Điều này.

Điều 5. Quyền và nghĩa vụ của người lao động

1. Người lao động có các quyền sau đây:

a) Làm việc; tự do lựa chọn việc làm, nơi làm việc, nghề nghiệp, học nghề, nâng cao trình độ nghề nghiệp; không bị phân biệt đối xử, cưỡng bức lao động, quấy rối tình dục tại nơi làm việc;

b) Hưởng lương phù hợp với trình độ, kỹ năng nghề trên cơ sở thỏa thuận với người sử dụng lao động; được bảo hộ lao động, làm việc trong điều kiện bảo đảm về an toàn, vệ sinh lao động; nghỉ theo chế độ, nghỉ hằng năm có hưởng lương và được hưởng phúc lợi tập thể;

c) Thành lập, gia nhập, hoạt động trong tổ chức đại diện người lao động, tổ chức nghề nghiệp và tổ chức khác theo quy định của pháp luật; yêu cầu và tham gia đối thoại, thực hiện quy chế dân chủ, thương lượng tập thể với người sử dụng lao động và được tham vấn tại nơi làm việc để bảo vệ quyền và lợi ích hợp pháp, chính đáng của mình; tham gia quản lý theo nội quy của người sử dụng lao động;

d) Từ chối làm việc nếu có nguy cơ rõ ràng đe dọa trực tiếp đến tính mạng, sức khỏe trong quá trình thực hiện công việc;

[....]","tai-chinh-nha-nuoc","","","","2026-05-20T00:00:00","https://thuvienphapluat.vn/hoi-dap-phap-luat/lich-van-nien-2026--lich-am-2026--lich-duong-2026-chi-tiet-day-du-365-ngay-tuong-ung-am-va-duong-138051494.html","2026-05-21T20:23:53.069050+00:00"
"138051550","Lịch nghỉ lễ 2026 - Tổng hợp các ngày lễ 2026 ở Việt Nam chi tiết ra sao?","Lịch nghỉ lễ 2026 - Tổng hợp các ngày lễ 2026 ở Việt Nam chi tiết ra sao?

Tổ chức làm việc theo ca phải bố trí ít nhất mấy người?

Người lao động làm việc chưa đủ 12 tháng thì số ngày nghỉ hằng năm được xác định như thế nào?

Mới nhất:

>>> Tổng hợp các ngày nghỉ làm hưởng nguyên lương trong năm 2026

>>> Lịch nghỉ lễ Ngày Văn hoá Việt Nam 2026 chi tiết ra sao rơi vào thứ mấy?

Xem mới:

>>> Tết âm lịch 2026 đếm ngược? Giao thừa 2026 đếm ngược? Năm bính ngọ 2026 có bao nhiêu ngày?

Xem mới:

>>> Tháng 1 2026 có ngày lễ sự kiện gì? Tổng hợp các ngày lễ, sự kiện tháng 1/2026 trong nước và quốc tế ra sao?

>>> Chính thức: Lịch nghỉ Tết dương lịch 2026 của cán bộ, công chức, viên chức, người lao động và học sinh

>>> Lịch nghỉ Tết Dương lịch 2026 chính thức 4 ngày

>>> Công văn 12729/VPCP-KGVX Chính thức nghỉ Tết Dương lịch 2026 4 ngày đối với công chức, viên chức

>>> Lịch nghỉ Tết Dương lịch chính thức 2026 nếu được thông qua

>>> Tết dương lịch 2026 được nghỉ 1 ngày hay 4 ngày?

>>> Tại sao Tết Dương lịch 2026 được nghỉ 4 ngày liên tục?

>>> Bộ Nội vụ đề xuất hoán đổi ngày làm việc để Tết Dương lịch 2026 được nghỉ 4 ngày

Lịch nghỉ lễ 2026 - Tổng hợp các ngày lễ 2026 ở Việt Nam chi tiết dưới đây:

Các ngày nghỉ lễ được hưởng nguyên lương trong năm 2026

Căn cứ Điều 112 Bộ luật Lao động 2019 quy định về nghỉ lễ, tết, năm 2026 người lao động được nghỉ các ngày lễ, tết sau đây:

(1) Tết Dương lịch: 01 ngày (ngày 01 tháng 01 dương lịch);

(2) Tết Âm lịch: 05 ngày;

(3) Ngày Chiến thắng: 01 ngày (ngày 30 tháng 4 dương lịch);

(4) Ngày Quốc tế lao động: 01 ngày (ngày 01 tháng 5 dương lịch);

(5) Quốc khánh: 02 ngày (ngày 02 tháng 9 dương lịch và 01 ngày liền kề trước hoặc sau);

(6) Ngày Giỗ Tổ Hùng Vương: 01 ngày (ngày 10 tháng 3 âm lịch).

Lưu ý: Hằng năm, căn cứ vào điều kiện thực tế, Thủ tướng Chính phủ quyết định cụ thể ngày nghỉ Tết Âm lịch và Quốc khánh.

Các ngày lễ, sự kiện khác trong năm tại Việt Nam và quốc tế

Danh sách các ngày lễ Dương lịch 2026

Thứ

Dương lịch

Âm lịch

Tên ngày lễ

Thứ Năm

1/1/2026

13/11/2025

Tết Dương lịch năm 2026

Thứ Ba

6/1/2026

18/11/2025

Tổng tuyển cử quốc hội khóa đầu tiên của nước Việt Nam năm 2026

Thứ Sáu

9/1/2026

21/11/2025

Ngày Học sinh - Sinh viên Việt Nam năm 2026

Chủ Nhật

11/1/2026

23/11/2025

Việt Nam chính thức gia nhập WTO năm 2026

Thứ Ba

27/1/2026

9/12/2025

Ký Hiệp định Pari chấm dứt chiến tranh ở Việt Nam năm 2026

Thứ Ba

3/2/2026

16/12/2025

Ngày thành lập Đảng Cộng sản Việt Nam năm 2026

Thứ Tư

4/2/2026

17/12/2025

Ngày thống nhất các tổ chức mặt trận thành mặt trận Tổ quốc Việt Nam năm 2026

Thứ Bảy

14/2/2026

27/12/2025

Ngày lễ tình nhân (Valentine) năm 2026

Thứ Sáu

20/2/2026

4/1/2026

Ngày Công bằng xã hội thế giới năm 2026

Thứ Bảy

21/2/2026

5/1/2026

Ngày Ngôn ngữ mẹ đẻ Quốc tế năm 2026

Thứ Sáu

27/2/2026

11/1/2026

Ngày thầy thuốc Việt Nam năm 2026

Chủ Nhật

8/3/2026

20/1/2026

Ngày Quốc tế Phụ nữ năm 2026

Thứ Năm

19/3/2026

1/2/2026

Ngày toàn quốc chống Mỹ năm 2026

Thứ Sáu

20/3/2026

2/2/2026

Ngày Quốc Tế hạnh phúc năm 2026

Thứ Bảy

21/3/2026

3/2/2026

Ngày Hội chứng Down thế giới và Ngày Quốc tế xóa bỏ phân biệt chủng tộc năm 2026

Chủ Nhật

22/3/2026

4/2/2026

Ngày Nước sạch Thế giới năm 2026

Thứ Hai

23/3/2026

5/2/2026

Ngày Khí tượng Thế giới năm 2026

Thứ Năm

26/3/2026

8/2/2026

Ngày thành lập Đoàn TNCS Hồ Chí Minh năm 2026

Thứ Sáu

27/3/2026

9/2/2026

Ngày Thể Thao Việt Nam năm 2026

Thứ Tư

1/4/2026

14/2/2026

Ngày Cá tháng Tư năm 2026

Thứ Bảy

4/4/2026

17/2/2026

Ngày Quốc tế Nhận thức bom mìn và Hỗ trợ bằng hành động chống bom mìn năm 2026

Chủ Nhật

5/4/2026

18/2/2026

Tết Thanh minh năm 2026

Thứ Ba

7/4/2026

20/2/2026

Ngày Y tế Thế giới năm 2026

Thứ Ba

14/4/2026

27/2/2026

Tết Dân tộc Khmer Nam Bộ năm 2026

Thứ Tư

22/4/2026

6/3/2026

Ngày Trái đất năm 2026

Thứ Năm

23/4/2026

7/3/2026

Ngày Sách và Bản quyền Thế giới năm 2026

Chủ Nhật

26/4/2026

10/3/2026

Ngày Sở hữu trí tuệ thế giới năm 2026

Thứ Năm

30/4/2026

14/3/2026

Ngày giải phóng miền Nam năm 2026

Thứ Sáu

1/5/2026

15/3/2026

Ngày Quốc tế Lao động năm 2026

Chủ Nhật

3/5/2026

17/3/2026

Ngày Tự do Báo chí thế giới năm 2026

Thứ Ba

5/5/2026

19/3/2026

Ngày sinh Các - Mác năm 2026

Thứ Năm

7/5/2026

21/3/2026

Ngày chiến thắng Điện Biên Phủ năm 2026

Thứ Sáu

15/5/2026

29/3/2026

Ngày thành lập Đội Thiếu niên Tiền phong Hồ Chí Minh năm 2026

Chủ Nhật

17/5/2026

1/4/2026

Ngày Xã hội Thông tin Thế giới năm 2026

Thứ Ba

19/5/2026

3/4/2026

Ngày sinh chủ tịch Hồ Chí Minh năm 2026

Thứ Năm

21/5/2026

5/4/2026

Ngày Thế giới về Đa dạng Văn hóa vì Đối thoại và Phát triển năm 2026

Thứ Sáu

22/5/2026

6/4/2026

Ngày quốc tế Đa dạng sinh học năm 2026

Thứ Sáu

29/5/2026

13/4/2026

Ngày Quốc tế Gìn giữ hòa bình Liên Hiệp Quốc năm 2026

Chủ Nhật

31/5/2026

15/4/2026

Ngày Thế giới không thuốc lá năm 2026

Thứ Hai

1/6/2026

16/4/2026

Ngày Quốc tế thiếu nhi năm 2026

Thứ Năm

4/6/2026

19/4/2026

Ngày Quốc tế của trẻ em vô tội và là nạn nhân bị xâm lược năm 2026

Thứ Sáu

5/6/2026

20/4/2026

Ngày Môi trường Thế giới năm 2026

Thứ Tư

17/6/2026

3/5/2026

Ngày Thế giới chống sa mạc hóa và hạn hán năm 2026

Thứ Bảy

20/6/2026

6/5/2026

Ngày Tị nạn Thế giới năm 2026

Chủ Nhật

21/6/2026

7/5/2026

Ngày báo chí Việt Nam năm 2026

Thứ Ba

23/6/2026

9/5/2026

Ngày Dịch vụ Công cộng Liên Hiệp Quốc năm 2026

Chủ Nhật

28/6/2026

14/5/2026

Ngày gia đình Việt Nam năm 2026

Thứ Năm

2/7/2026

18/5/2026

Quốc hội Khóa VI quyết nghị lấy tên nước là Cộng hòa Xã hội Chủ nghĩa Việt Nam năm 2026

Thứ Hai

6/7/2026

22/5/2026

Ngày Hôn thế giới năm 2026

Thứ Bảy

11/7/2026

27/5/2026

Ngày dân số thế giới năm 2026

Thứ Tư

15/7/2026

2/6/2026

Ngày truyền thống Thanh niên xung phong năm 2026

Thứ Hai

27/7/2026

14/6/2026

Ngày Thương binh liệt sĩ năm 2026

Thứ Ba

28/7/2026

15/6/2026

Ngày thành lập công đoàn Việt Nam năm 2026

Chủ Nhật

9/8/2026

27/6/2026

Ngày Quốc tế của người thổ dân thế giới năm 2026

Thứ Tư

12/8/2026

30/6/2026

Ngày Quốc tế Thanh Thiếu niên năm 2026

Thứ Tư

19/8/2026

7/7/2026

Ngày tổng khởi nghĩa năm 2026

Chủ Nhật

23/8/2026

11/7/2026

Ngày Quốc tế tưởng niệm việc buôn bán nô lệ và việc hủy bỏ nó năm 2026

Thứ Ba

25/8/2026

13/7/2026

Bảo Đại thoái vị năm 2026

Chủ Nhật

30/8/2026

18/7/2026

Ngày sinh tỷ phú Warren Edward Buffett năm 2026

Thứ Ba

1/9/2026

20/7/2026

Chiến tranh thế giới thứ hai bùng nổ năm 2026

Thứ Tư

2/9/2026

21/7/2026

Ngày Quốc Khánh năm 2026

Thứ Năm

10/9/2026

29/7/2026

Ngày thành lập Mặt trận Tổ quốc Việt Nam năm 2026

Thứ Bảy

12/9/2026

2/8/2026

Chiến dịch Xô Viết Nghệ Tĩnh năm 2026

Thứ Ba

15/9/2026

5/8/2026

Ngày Quốc tế Dân chủ năm 2026

Thứ Tư

16/9/2026

6/8/2026

Ngày Quốc tế Bảo vệ Tầng ôzôn năm 2026

Chủ Nhật

20/9/2026

10/8/2026

Việt Nam gia nhập Liên Hiệp Quốc năm 2026

Thứ Hai

21/9/2026

11/8/2026

Ngày Quốc tế Hòa bình năm 2026

Thứ Tư

23/9/2026

13/8/2026

Ngày Nam Bộ kháng chiến năm 2026

Chủ Nhật

27/9/2026

17/8/2026

Khởi nghĩa Bắc Sơn năm 2026

Thứ Năm

1/10/2026

21/8/2026

Ngày quốc tế người cao tuổi năm 2026

Thứ Sáu

2/10/2026

22/8/2026

Ngày Quốc tế bất bạo động năm 2026

Chủ Nhật

4/10/2026

24/8/2026

Ngày Động vật thế giới năm 2026

Thứ Hai

5/10/2026

25/8/2026

Ngày Nhà giáo thế giới năm 2026

Thứ Sáu

9/10/2026

29/8/2026

Ngày Bưu chính Thế giới năm 2026

Thứ Ba

13/10/2026

4/9/2026

Ngày doanh nhân Việt Nam năm 2026

Thứ Tư

14/10/2026

5/9/2026

Ngày thành lập Hội Nông dân Việt Nam năm 2026

Thứ Năm

15/10/2026

6/9/2026

Ngày truyền thống Hội liên hiệp Thanh niên Việt Nam năm 2026

Thứ Sáu

16/10/2026

7/9/2026

Ngày Lương thực thế giới năm 2026

Thứ Bảy

17/10/2026

8/9/2026

Ngày quốc tế xóa nghèo năm 2026

Thứ Ba

20/10/2026

11/9/2026

Ngày Phụ nữ Việt Nam năm 2026

Thứ Bảy

31/10/2026

22/9/2026

Ngày Hallowen năm 2026

Thứ Hai

9/11/2026

1/10/2026

Ngày pháp luật Việt Nam năm 2026

Thứ Sáu

20/11/2026

12/10/2026

Ngày Nhà giáo Việt Nam năm 2026

Thứ Hai

23/11/2026

15/10/2026

Ngày thành lập Hội chữ thập đỏ Việt Nam năm 2026

Thứ Bảy

28/11/2026

20/10/2026

Ngày Lâm nghiệp Việt Nam năm 2026

Thứ Ba

1/12/2026

23/10/2026

Ngày thế giới phòng chống AIDS năm 2026

Thứ Tư

2/12/2026

24/10/2026

Ngày Quốc tế Giải phóng Nô lệ năm 2026

Thứ Hai

7/12/2026

29/10/2026

Ngày Hàng không Dân dụng Quốc tế năm 2026

Thứ Tư

9/12/2026

1/11/2026

Ngày Quốc tế chống Tham nhũng năm 2026

Thứ Bảy

19/12/2026

11/11/2026

Ngày toàn quốc kháng chiến năm 2026

Thứ Ba

22/12/2026

14/11/2026

Ngày thành lập quân đội nhân dân Việt Nam năm 2026

Thứ Năm

24/12/2026

16/11/2026

Lễ Giáng sinh (Noen) năm 2026

Danh sách các ngày lễ Âm lịch 2026

Thứ

Âm lịch

Dương lịch

Tên ngày lễ

Thứ Ba

1/1/2026

17/2/2026

Tết Nguyên Đán năm 2026

Thứ Sáu

4/1/2026

20/2/2026

Lễ hội Đồng Kỵ (Bắc Ninh) năm 2026

Thứ Bảy

5/1/2026

21/2/2026

Lễ hội gò Đống Đa năm 2026

Chủ Nhật

6/1/2026

22/2/2026

Hội Gióng Sóc Sơn (Hà Nội), Khai hội chùa Hương năm 2026

Thứ Hai

7/1/2026

23/2/2026

Hội chợ Viềng (Nam Định), Lễ hội đầm Ô Loan (Phú Yên) năm 2026

Thứ Ba

8/1/2026

24/2/2026

Lễ hội đền Vua Bà (Hòa Bình) năm 2026

Thứ Tư

9/1/2026

25/2/2026

Lễ hội Đức Chí Tôn (Tây Ninh) năm 2026

Thứ Năm

10/1/2026

26/2/2026

Khai hội Yên Tử (Quảng Ninh) năm 2026

Chủ Nhật

13/1/2026

1/3/2026

Hội Lim (Tiên Du - Bắc Ninh) năm 2026

Thứ Hai

14/1/2026

2/3/2026

Lễ hội Bà Chúa Kho (Bắc Ninh) năm 2026

Thứ Ba

15/1/2026

3/3/2026

Tết Nguyên tiêu năm 2026

Thứ Năm

17/1/2026

5/3/2026

Lễ hội chọi trâu (Vĩnh Phúc) năm 2026

Chủ Nhật

27/1/2026

15/3/2026

Lễ Cầu tháng Giêng (Phú Thọ) năm 2026

Thứ Hai

28/1/2026

16/3/2026

Hội làng Bùi (Bắc Ninh) năm 2026

Thứ Sáu

2/2/2026

20/3/2026

Lễ hội Chùa Trầm năm 2026

Thứ Năm

8/2/2026

26/3/2026

Hội làng Long Khám (Bắc Ninh) năm 2026

Thứ Bảy

10/2/2026

28/3/2026

Lễ hội đình Yên Phụ (Hà Nội) năm 2026

Thứ Hai

12/2/2026

30/3/2026

Hội chọi trâu Phù Ninh (Phú Thọ), Lễ hội Làng rèn Tây Phương Danh (Bình Định) năm 2026

Thứ Ba

13/2/2026

31/3/2026

Lễ hội Hoa Ban (Lai Châu) năm 2026

Thứ Tư

14/2/2026

1/4/2026

Lễ hội chùa Vĩnh Nghiêm (Bắc Giang) năm 2026

Thứ Hai

19/2/2026

6/4/2026

Lễ hội Quan Thế Âm (Đà Nẵng) năm 2026

Thứ Năm

22/2/2026

9/4/2026

Hội đình Trúc Tay (Bắc Giang) năm 2026

Thứ Ba

27/2/2026

14/4/2026

Hội chùa Sàn (Lục Nam, Bắc Giang) năm 2026

Chủ Nhật

3/3/2026

19/4/2026

Tết Hàn thực năm 2026

Thứ Tư

6/3/2026

22/4/2026

Lễ hội Cố đô Hoa Lư (Ninh Bình) năm 2026

Thứ Năm

7/3/2026

23/4/2026

Lễ hội chùa Thầy (Hà Nội) năm 2026

Thứ Bảy

9/3/2026

25/4/2026

Lễ hội Nam Trì (Hưng Yên) năm 2026

Chủ Nhật

10/3/2026

26/4/2026

Giỗ tổ Hùng Vương năm 2026

Thứ Sáu

15/3/2026

1/5/2026

Hội làng Đông Hồ (Bắc Ninh) năm 2026

Thứ Hai

18/3/2026

4/5/2026

Hội Đậu (Bắc Ninh) năm 2026

Thứ Bảy

23/3/2026

9/5/2026

Hội chùa Bút Tháp (Bắc Ninh) năm 2026

Thứ Tư

27/3/2026

13/5/2026

Hội thả chim bồ câu (Bắc Ninh) năm 2026

Chủ Nhật

1/4/2026

17/5/2026

Lễ hội làng cá Cát Bà (Hải Phòng) năm 2026

Chủ Nhật

8/4/2026

24/5/2026

Lễ hội chùa Dâu (Bắc Ninh) năm 2026

Thứ Hai

9/4/2026

25/5/2026

Hội Gióng Phù Đổng (Hà Nội) năm 2026

Thứ Ba

10/4/2026

26/5/2026

Hội làng Cựu Ấp (Vĩnh Phúc) năm 2026

Thứ Bảy

14/4/2026

30/5/2026

Tết Dân tộc Khmer năm 2026

Chủ Nhật

15/4/2026

31/5/2026

Lễ Phật Đản năm 2026

Thứ Sáu

5/5/2026

19/6/2026

Tết Đoan Ngọ năm 2026

Thứ Ba

9/5/2026

23/6/2026

Lễ hội đình Châu Phú (An Giang) năm 2026

Thứ Tư

10/5/2026

24/6/2026

Lễ hội cúng biển Mỹ Long (Trà Vinh) năm 2026

Chủ Nhật

14/5/2026

28/6/2026

Lễ hội đình – đền Chèm (Hà Nội) năm 2026

Thứ Ba

1/6/2026

14/7/2026

Lễ hội đình Trà Cổ (Quảng Ninh) năm 2026

Thứ Năm

10/6/2026

23/7/2026

Hội kéo ngựa gỗ (Hải Phòng) năm 2026

Thứ Tư

7/7/2026

19/8/2026

Lễ Thất Tịch năm 2026

Thứ Năm

15/7/2026

27/8/2026

Lễ Vu Lan, Tết Trung nguyên năm 2026

Thứ Sáu

1/8/2026

11/9/2026

Tết Katê năm 2026

Thứ Hai

4/8/2026

14/9/2026

Lễ hội Đình Châm Khê (Bắc Ninh) năm 2026

Thứ Bảy

9/8/2026

19/9/2026

Lễ hội chọi trâu (Đồ Sơn, Hải Phòng) năm 2026

Chủ Nhật

10/8/2026

20/9/2026

Hội Thị Cầu (Bắc Ninh) năm 2026

Thứ Sáu

15/8/2026

25/9/2026

Tết Trung Thu năm 2026

Chủ Nhật

9/9/2026

18/10/2026

Tết Trùng Cửu năm 2026

Thứ Năm

13/9/2026

22/10/2026

Lễ hội chùa Keo (Thái Bình) năm 2026

Thứ Năm

20/9/2026

29/10/2026

Hội đền Bắc Lệ (Lạng Sơn) năm 2026

Thứ Bảy

29/9/2026

7/11/2026

Hội Đại Bái (Bắc Ninh) năm 2026

Thứ Tư

10/10/2026

18/11/2026

Tết Trùng Thập năm 2026

Thứ Hai

15/10/2026

23/11/2026

Tết Hạ Nguyên (Tết cơm mới) năm 2026

Thứ Tư

8/11/2026

16/12/2026

Hội chùa Canh Bầu (Bắc Giang) năm 2026

Thứ Sáu

10/11/2026

18/12/2026

Tết cơm mới của người La Hủ (Lai Châu) năm 2026

Thứ Ba

14/11/2026

22/12/2026

Lễ hội đền Nguyễn Công Trứ (Ninh Bình) năm 2026

Thứ Tư

15/11/2026

23/12/2026

Hội Đình Phường Bông (Nam Định) năm 2026

Thứ Bảy

25/11/2026

2/1/2027

Hội Vân Lệ (Thanh Hóa) năm 2026

Thứ Ba

12/12/2026

19/1/2027

Hội Mậu Lân (Vĩnh Phúc) năm 2026

Thứ Bảy

23/12/2026

30/1/2027

Ông Táo chầu trời năm 2026

Thứ Năm

28/12/2026

4/2/2027

Hội Bạch Lưu (Vĩnh Phúc) năm 2026

* Trên đây là Thông tin Lịch nghỉ lễ 2026 - Tổng hợp các ngày lễ 2026 ở Việt Nam chi tiết ra sao?

Lịch nghỉ lễ 2026 - Tổng hợp các ngày lễ 2026 ở Việt Nam chi tiết ra sao? (Hình từ Internet)

Căn cứ khoản 3 Điều 63 Nghị định 145/2020/NĐ-CP có quy định về ca làm việc và tổ chức làm việc theo ca như sau:

Như vậy, tổ chức làm việc theo ca là việc bố trí ít nhất 02 người hoặc 02 nhóm người thay phiên nhau làm việc trên cùng một vị trí làm việc, tính trong thời gian 01 ngày (24 giờ liên tục).

Căn cứ theo khoản 2 Điều 113 Bộ luật Lao động 2019 quy định về nghỉ hằng năm như sau:

Như vậy, theo quy định trên thì người lao động làm việc chưa đủ 12 tháng thì số ngày nghỉ hằng năm được tính theo tỷ lệ tương ứng với số tháng làm việc.

Điều 63. Ca làm việc và tổ chức làm việc theo ca

1. Ca làm việc là khoảng thời gian làm việc của người lao động từ khi bắt đầu nhận nhiệm vụ cho đến khi kết thúc và bàn giao nhiệm vụ cho người khác, bao gồm cả thời gian làm việc và thời gian nghỉ giữa giờ.

2. Tổ chức làm việc theo ca là việc bố trí ít nhất 02 người hoặc 02 nhóm người thay phiên nhau làm việc trên cùng một vị trí làm việc, tính trong thời gian 01 ngày (24 giờ liên tục).

[....]

Điều 113. Nghỉ hằng năm

[.....]

2. Người lao động làm việc chưa đủ 12 tháng cho một người sử dụng lao động thì số ngày nghỉ hằng năm theo tỷ lệ tương ứng với số tháng làm việc.

[....]","tai-chinh-nha-nuoc","","","","2026-05-20T00:00:00","https://thuvienphapluat.vn/hoi-dap-phap-luat/lich-nghi-le-2026--tong-hop-cac-ngay-le-2026-o-viet-nam-chi-tiet-ra-sao-138051550.html","2026-05-21T20:24:15.487638+00:00"
"138057531","Lịch Vạn niên 2027 - Lịch âm 2027 - Lịch dương 2027 chi tiết, đầy đủ 365 ngày tương ứng âm và dương?","Lịch Vạn niên 2027 - Lịch âm 2027 - Lịch dương 2027 chi tiết, đầy đủ 365 ngày tương ứng âm và dương?

Người lao động được nghỉ việc riêng mà vẫn hưởng nguyên lương khi nào?

Chính sách của Nhà nước về lao động cụ thể ra sao?

Căn cứ Điều 112 Bộ luật Lao động 2019 quy định về nghỉ lễ, tết như sau:

Theo Bộ luật Lao động 2019, người lao động được nghỉ Tết Âm lịch tối thiểu 5 ngày. Hằng năm, căn cứ vào tình hình thực tế, Thủ tướng Chính phủ sẽ quyết định cụ thể lịch nghỉ Tết.

Lịch Vạn niên 2027 - Lịch âm 2027 - Lịch dương 2027, tết Âm lịch 2027 sẽ rơi vào các ngày sau:

- Mùng 1 Tết Nguyên Đán 2027 sẽ rơi vào Thứ bảy, ngày 06 tháng 02 năm 2027 dương lịch.

- Mùng 2 Tết Nguyên Đán 2027 sẽ rơi vào Chủ nhật, ngày 07 tháng 02 năm 2027 dương lịch.

- Mùng 3 Tết Nguyên Đán 2027 sẽ rơi vào Thứ hai, ngày 08 tháng 02 năm 2027 dương lịch.

Dưới đây là Lịch Vạn niên 2027 - Lịch âm 2027 - Lịch dương 2027 chi tiết, đầy đủ 365 ngày tương ứng âm và dương:

Lịch Tháng 1 năm 2027

Lịch Tháng 2 năm 2027

Lịch Tháng 3 năm 2027

Lịch Tháng 4 năm 2027

Lịch Tháng 5 năm 2027

Lịch Tháng 6 năm 2027

Lịch Tháng 7 năm 2027

Lịch Tháng 8 năm 2027

Lịch Tháng 9 năm 2027

Lịch Tháng 10 năm 2027

Lịch Tháng 11 năm 2027

Lịch Tháng 12 năm 2027

* Trên đây là Thông tin Lịch Vạn niên 2027 - Lịch âm 2027 - Lịch dương 2027 chi tiết, đầy đủ 365 ngày tương ứng âm và dương?

Lịch Vạn niên 2027 - Lịch âm 2027 - Lịch dương 2027 chi tiết, đầy đủ 365 ngày tương ứng âm và dương? (Hình từ Internet)

Căn cứ Điều 115 Bộ luật Lao động 2019 quy định nghỉ việc riêng, nghỉ không hưởng lương:

Theo quy định trên, người lao động được nghỉ việc riêng mà vẫn hưởng nguyên lương các ngày sau:

- Kết hôn: nghỉ 03 ngày

- Con đẻ, con nuôi kết hôn: nghỉ 01 ngày

- Cha đẻ, mẹ đẻ, cha nuôi, mẹ nuôi; cha đẻ, mẹ đẻ, cha nuôi, mẹ nuôi của vợ hoặc chồng; vợ hoặc chồng; con đẻ, con nuôi chết: nghỉ 03 ngày

Lưu ý: Người lao động phải báo cáo lý do nghỉ việc riêng cho người sử dụng lao động biết và được người sử dụng lao động đồng ý.

Người sử dụng lao động không bảo đảm cho người lao động nghỉ việc riêng thì có thể bị phạt tiền.

Căn cứ Điều 4 Bộ luật Lao động 2019 quy định chính sách của Nhà nước về lao động như sau:

- Bảo đảm quyền và lợi ích hợp pháp, chính đáng của người lao động, người làm việc không có quan hệ lao động; khuyến khích những thỏa thuận bảo đảm cho người lao động có điều kiện thuận lợi hơn so với quy định của pháp luật về lao động.

- Bảo đảm quyền và lợi ích hợp pháp của người sử dụng lao động, quản lý lao động đúng pháp luật, dân chủ, công bằng, văn minh và nâng cao trách nhiệm xã hội.

- Tạo điều kiện thuận lợi đối với hoạt động tạo việc làm, tự tạo việc làm, dạy nghề và học nghề để có việc làm; hoạt động sản xuất, kinh doanh thu hút nhiều lao động; áp dụng một số quy định của Bộ luật này đối với người làm việc không có quan hệ lao động.

- Có chính sách phát triển, phân bố nguồn nhân lực; nâng cao năng suất lao động; đào tạo, bồi dưỡng và nâng cao trình độ, kỹ năng nghề cho người lao động; hỗ trợ duy trì, chuyển đổi nghề nghiệp, việc làm cho người lao động; ưu đãi đối với người lao động có trình độ chuyên môn, kỹ thuật cao đáp ứng yêu cầu của cách mạng công nghiệp, sự nghiệp công nghiệp hóa, hiện đại hóa đất nước.

- Có chính sách phát triển thị trường lao động, đa dạng các hình thức kết nối cung, cầu lao động.

- Thúc đẩy người lao động và người sử dụng lao động đối thoại, thương lượng tập thể, xây dựng quan hệ lao động tiến bộ, hài hòa và ổn định.

- Bảo đảm bình đẳng giới; quy định chế độ lao động và chính sách xã hội nhằm bảo vệ lao động nữ, lao động là người khuyết tật, người lao động cao tuổi, lao động chưa thành niên.

Điều 112. Nghỉ lễ, tết

1. Người lao động được nghỉ làm việc, hưởng nguyên lương trong những ngày lễ, tết sau đây:

a) Tết Dương lịch: 01 ngày (ngày 01 tháng 01 dương lịch);

b) Tết Âm lịch: 05 ngày;

[...]

Điều 115. Nghỉ việc riêng, nghỉ không hưởng lương

1. Người lao động được nghỉ việc riêng mà vẫn hưởng nguyên lương và phải thông báo với người sử dụng lao động trong trường hợp sau đây:

a) Kết hôn: nghỉ 03 ngày;

b) Con đẻ, con nuôi kết hôn: nghỉ 01 ngày;

c) Cha đẻ, mẹ đẻ, cha nuôi, mẹ nuôi; cha đẻ, mẹ đẻ, cha nuôi, mẹ nuôi của vợ hoặc chồng; vợ hoặc chồng; con đẻ, con nuôi chết: nghỉ 03 ngày.

2. Người lao động được nghỉ không hưởng lương 01 ngày và phải thông báo với người sử dụng lao động khi ông nội, bà nội, ông ngoại, bà ngoại, anh, chị, em ruột chết; cha hoặc mẹ kết hôn; anh, chị, em ruột kết hôn.

3. Ngoài quy định tại khoản 1 và khoản 2 Điều này, người lao động có thể thỏa thuận với người sử dụng lao động để nghỉ không hưởng lương.","tai-chinh-nha-nuoc","","","","2026-05-20T00:00:00","https://thuvienphapluat.vn/hoi-dap-phap-luat/lich-van-nien-2027--lich-am-2027--lich-duong-2027-chi-tiet-day-du-365-ngay-tuong-ung-am-va-duong-138057531.html","2026-05-21T20:24:26.496847+00:00"
"138066888","Chính thức đã có lịch nghỉ lễ Quốc khánh 2/9/2026 cho người lao động?","Chính thức đã có lịch nghỉ lễ Quốc khánh 2/9/2026 cho người lao động?

Năm 2026 kỷ niệm bao nhiêu năm Quốc khánh nước Cộng hòa XHCN Việt Nam?

Người lao động được nghỉ hưởng nguyên lương mấy ngày vào dịp lễ Quốc khánh 2 tháng 9?

Xem thêm:

>>> Kéo dài lịch nghỉ Giỗ tổ hùng vương, 30/4 và 1/5 9 ngày liên tục năm 2026 khi nào?

Căn cứ theo Thông báo 9441/TB-BNV năm 2025 về việc nghỉ tết Âm lịch, nghỉ lễ Quốc khánh năm 2026 đối với cán bộ, công chức viên chức và người lao động như sau:

Như vậy, lịch nghỉ lễ Quốc Khánh 2/9/2026 cho người lao động cụ thể như sau:

- Đối với cán bộ, công chức, viên chức và người lao động của các cơ quan hành chính, sự nghiệp, tổ chức chính trị, tổ chức chính trị - xã hội:

+ 05 ngày từ thứ Bảy ngày 29/8/2026 đến hết thứ Tư ngày 2/9/2026.

- Đối với người lao động ngoài khu vực nhà nước (không thuộc đối tượng nêu tại khoản 1 Thông báo 9441/TB-BNV năm 2025):

+ Người sử dụng lao động quyết định lựa chọn 01 trong 02 phương án nghỉ lễ Quốc khánh 2026 sau:

[1] Nghỉ thứ Tư ngày 02/9/2026 và thứ Ba ngày 01/9/2026

[2] Nghỉ thứ Tư ngày 02/9/2026 và thứ Năm ngày 03/9/2026 Dương lịch.

Xem thêm:

>>> Kỷ niệm 100 năm Quốc khánh nước Cộng hòa XHCN Việt Nam là năm bao nhiêu?

>>> Chính thức lịch nghỉ lễ Quốc khánh 2026 kéo dài 5 ngày liên tiếp đúng không?

*Trên đây là nội dung thông tin về Chính thức đã có lịch nghỉ lễ Quốc khánh 2 9 2026 cho người lao động?

Chính thức đã có lịch nghỉ lễ Quốc khánh 2 9 2026 cho người lao động? (Hình từ Internet)

Căn cứ theo Điều 4 Nghị định 145/2013/NĐ-CP quy định về các ngày lễ lớn như sau:

Theo đó, ngày 2 tháng 9 năm 1945 là Ngày Quốc khánh nước Cộng hòa xã hội chủ nghĩa Việt Nam.

Như vậy, năm 2026 kỷ niệm 81 năm Quốc khánh nước Cộng hòa XHCN Việt Nam.

Căn cứ theo Điều 112 Bộ luật Lao động 2019 quy định về nghỉ lễ, tết như sau:

Như vậy, người lao động được nghỉ hưởng nguyên lương 02 ngày vào dịp lễ Quốc khánh 2 tháng 9 (ngày 02 tháng 9 dương lịch và 01 ngày liền kề trước hoặc sau).

[...]

2. Công chức, viên chức được nghỉ dịp lễ Quốc khánh năm 2026 như sau: Nghỉ 02 ngày theo quy định gồm ngày 02/9/2026 Dương lịch và 01 ngày liền kề trước là ngày 01/9/2026 Dương lịch; Hoán đổi từ ngày làm việc thứ Hai ngày 31/8/2026 Dương lịch sang ngày nghỉ hằng tuần thứ Bảy ngày 22/8/2026 Dương lịch (nghỉ thứ Hai ngày 31/8/2026 và làm bù vào ngày thứ Bảy ngày 22/8/2026).

[...]

6. Đối với người lao động không thuộc đối tượng quy định tại khoản 1 Thông báo này, người sử dụng lao động quyết định lựa chọn phương án nghỉ tết Âm lịch, nghỉ lễ Quốc khánh năm 2026 như sau:

- Dịp tết Âm lịch: Lựa chọn nghỉ 01 ngày cuối năm Ất Tỵ và 04 ngày đầu năm Bính Ngọ hoặc 02 ngày cuối năm Ất Tỵ và 03 ngày đầu năm Bính Ngọ hoặc 03 ngày cuối năm Ất Tỵ và 02 ngày đầu năm Bính Ngọ.

- Dịp lễ Quốc khánh: Nghỉ thứ Tư ngày 02/9/2026 Dương lịch và lựa chọn nghỉ 01 trong 02 ngày: thứ Ba ngày 01/9/2026 hoặc thứ Năm ngày 03/9/2026 Dương lịch.

- Thông báo phương án nghỉ tết Âm lịch và nghỉ lễ Quốc khánh năm 2026 cho người lao động trước khi thực hiện ít nhất 30 ngày.

- Nếu ngày nghỉ hằng tuần trùng với ngày nghỉ lễ, tết quy định tại khoản 1 Điều 112 của Bộ luật Lao động thì người lao động được nghỉ bù ngày nghỉ hằng tuần vào ngày làm việc kế tiếp theo quy định tại khoản 3 Điều 111 Bộ luật Lao động.

- Khuyến khích người sử dụng lao động áp dụng thời gian nghỉ tết Âm lịch, nghỉ lễ Quốc khánh năm 2026 cho người lao động như quy định đối với công chức, viên chức; Khuyến khích những thỏa thuận có lợi hơn cho người lao động.

[...]

Điều 4. Các ngày lễ lớn

Các ngày lễ lớn trong nước bao gồm:

1. Ngày Tết Nguyên đán (01 tháng Giêng Âm lịch).

2. Ngày thành lập Đảng Cộng sản Việt Nam (03-02-1930).

3. Ngày Giỗ Tổ Hùng Vương (10-3 Âm lịch).

4. Ngày Giải phóng miền Nam, thống nhất đất nước (30-4-1975).

5. Ngày Chiến thắng Điện Biên Phủ (07-5-1954).

6. Ngày sinh Chủ tịch Hồ Chí Minh (19-5-1890).

7. Ngày Cách mạng Tháng Tám (19-8-1945) và Ngày Quốc khánh nước Cộng hòa xã hội chủ nghĩa Việt Nam (02-9-1945).

Điều 112. Nghỉ lễ, tết

1. Người lao động được nghỉ làm việc, hưởng nguyên lương trong những ngày lễ, tết sau đây:

a) Tết Dương lịch: 01 ngày (ngày 01 tháng 01 dương lịch);

b) Tết Âm lịch: 05 ngày;

c) Ngày Chiến thắng: 01 ngày (ngày 30 tháng 4 dương lịch);

d) Ngày Quốc tế lao động: 01 ngày (ngày 01 tháng 5 dương lịch);

đ) Quốc khánh: 02 ngày (ngày 02 tháng 9 dương lịch và 01 ngày liền kề trước hoặc sau);

e) Ngày Giỗ Tổ Hùng Vương: 01 ngày (ngày 10 tháng 3 âm lịch).

2. Lao động là người nước ngoài làm việc tại Việt Nam ngoài các ngày nghỉ theo quy định tại khoản 1 Điều này còn được nghỉ thêm 01 ngày Tết cổ truyền dân tộc và 01 ngày Quốc khánh của nước họ.

3. Hằng năm, căn cứ vào điều kiện thực tế, Thủ tướng Chính phủ quyết định cụ thể ngày nghỉ quy định tại điểm b và điểm đ khoản 1 Điều này.","tai-chinh-nha-nuoc","","","","2026-05-20T00:00:00","https://thuvienphapluat.vn/hoi-dap-phap-luat/chinh-thuc-da-co-lich-nghi-le-quoc-khanh-292026-cho-nguoi-lao-dong-138066888.html","2026-05-21T20:24:36.227254+00:00"
"138090921","Chính thức bỏ kê khai thuế TNCN tháng 4/2026 chuyển sang kê khai quý 2 ra sao?","Chính thức bỏ kê khai thuế TNCN tháng 4/2026 chuyển sang kê khai quý 2 ra sao?

Tải mẫu tờ khai thuế TNCN tháng/quý Mẫu 05 KK TNCN ở đâu?

Mức giảm trừ gia cảnh áp dụng khi quyết toán thuế TNCN trong năm 2026 là bao nhiêu?

>>> Hiểu thế nào bỏ kê khai thuế TNCN theo tháng từ năm 2026?

>>> Bỏ tờ khai thuế TNCN tháng 5/2026 thay bằng tờ khai quý 2/2026 đúng không?

>>> THÔNG TIN quan trọng về Tờ khai 05/KK-TNCN theo TT80 khi bỏ kê khai theo tháng chuyển sang quý thế nào?

>>> Tờ khai 05/KK-TNCN tháng 4, 5, 6/2026 chính thức bỏ khai theo tháng chuyển sang kê khai quý 2/2026 ra sao?

>>> Quyết định 1109/QĐ-BTC năm 2026 bỏ kê khai thuế TNCN tháng 4/2026 chuyển sang kê khai quý 2 quy định cụ thể ra sao?

>>> Hạn nộp tờ khai thuế TNCN quý 2 năm 2026 là khi nào?

>>> Doanh thu bao nhiêu thì khai thuế TNCN tháng theo thủ tục tại Quyết định 1109 năm 2026?

***

>>> Kê khai thuế TNCN theo quý thì có khai thuế GTGT theo quý không?

>>> Đã nộp tiền thuế tháng 4 2026 thì xử lý như thế nào khi bỏ khai thuế TNCN theo tháng?

>>> Xử lý tờ khai thuế TNCN tháng 4/2026 đã nộp khi bỏ kê khai thuế TNCN theo tháng như thế nào?

***

>>> Hiểu thế nào về bỏ TTHC 2002235 khai thuế TNCN tháng theo quy định mới nhất?

Xem thêm:

>>> Bỏ TTHC 2.002235 kê khai quý/tháng bỏ kê khai tháng thì kê khai thuế TNCN theo trình tự nào?

>>> CHÍNH THỨC bỏ tờ khai thuế TNCN tháng 4-5-6/2026 thay bằng tờ khai quý 2/2026 đúng hay không?

>>> Hướng dẫn thủ tục khai thuế TNCN tháng 4-5-6/2026 theo thủ tục mới sau khi bỏ khai tháng ra sao?

>>> Hướng dẫn sửa lỗi kỳ kê khai tháng không được phép nộp tờ khai, vui lòng chọn lại kỳ kê khai phù hợp ra sao?

>>> Chính thức bỏ kê khai thuế TNCN tháng 4/2026 chuyển sang kê khai quý 2 ra sao?

Căn cứ Quyết định 1109/QĐ-BTC năm 2026 của Bộ Tài chính về việc công bố thủ tục hành chính được sửa đổi, bổ sung, bãi bỏ trong lĩnh vực quản lý thuế, hải quan thuộc phạm vi chức năng quản lý của Bộ Tài chính.

Đối với thủ tục hành chính nộp tờ khai thuế TNCN tháng Tờ khai 05 KK TNCN Mã [2.002235] được sửa đổi như sau:

Khai thuế thu nhập cá nhân quý của tổ chức, cá nhân trả thu nhập khấu trừ thuế đối với tiền lương, tiền công (Mã số TTHC 2.002235)

- Trình tự thực hiện:

+Bước 1.

++ Tổ chức, cá nhân trả thu nhập có phát sinh khấu trừ thuế chuẩn bị hồ sơ khai thuế, gửi đến cơ quan Thuế. Thời hạn nộp hồ sơ khai thuế quý chậm nhất là ngày cuối cùng của tháng đầu tiên của quý tiếp theo quý phát sinh nghĩa vụ thuế. Nếu ngày cuối cùng trùng ngày nghi/lễ, hạn cuối cùng được chuyển sang ngày làm việc tiếp theo.

(Thủ tục đăng ký chứng từ khấu trừ thuế TNCN được thực hiện riêng theo quy định tại Nghị định 70/2025/NĐ-CP của Chính phủ).

+ Bước 2. Cơ quan thuế tiếp nhận:

++ Trường hợp hồ sơ được nộp trực tiếp tại cơ quan thuế hoặc hồ sơ được gửi qua đường bưu chính: cơ quan thuế thực hiện tiếp nhận, giải quyết hồ sơ theo quy định.

++ Trường hợp hồ sơ được nộp thông qua giao dịch điện tử, việc tiếp nhận, kiểm tra, chấp nhận, giải quyết hồ sơ (và trả kết quả nếu có kết quả) thông qua hệ thống xử lý dữ liệu điện tử của cơ quan thuế

- Cách thức thực hiện:

+ Trực tiếp: Tại TTPVHCC cấp tỉnh, xã

+Thông qua dịch vụ bưu chính công ích theo quy định của Thủ tướng Chính phủ, qua thuê dịch vụ của doanh nghiệp, cá nhân hoặc qua ủy quyền theo quy định của pháp luật;

+ Trực tuyến: Qua Cổng dịch vụ công quốc gia

- Thành phần, số lượng hồ sơ:

+ Thành phần hồ sơ gồm:

++ Tờ khai thuế thu nhập cá nhân (áp dụng đối với tổ chức, cá nhân trả các khoản thu nhập từ tiền lương, tiền công) mẫu số 05/KK-TNCN theo Phụ lục I - Danh mục hồ sơ khai thuế ban hành kèm theo Nghị định số 126/2020/NĐ-CP ngày 19/10/2020 của Chính phủ và Phụ lục II - Mẫu biểu hồ sơ khai thuế ban hành kèm theo Thông tư số 80/2021/TT-BTC ngày 29/9/2021/TT-BTC của Bộ trưởng Bộ Tài chính.

++ Phụ lục bảng xác định số thuế thu nhập cá nhân phải nộp cho các địa phương được hưởng nguồn thu mẫu số 05-1/PBT-KK-TNCN theo Phụ lục I - Danh mục hồ sơ khai thuế ban hành kèm theo Nghị định số 126/2020/NĐ-CP ngày 19/10/2020 của Chính phủ và Phụ lục II - Mẫu biểu hồ sơ khai thuế ban hành theo Thông tư 80/2021/TT-BTC

>> Như vậy, theo nội dung sửa đổi tại Quyết định 1109/QĐ-BTC năm 2026, việc kê khai thuế TNCN theo tháng đối với Tờ khai mẫu 05/KK-TNCN đã được chuyển sang thực hiện theo quý. Theo đó, doanh nghiệp, tổ chức trả thu nhập phát sinh khấu trừ thuế trong tháng 4/2026 sẽ thực hiện kê khai gộp vào quý II/2026 và nộp hồ sơ khai thuế chậm nhất vào ngày cuối cùng của tháng đầu tiên của quý tiếp theo theo quy định.

Chính thức bỏ kê khai thuế TNCN tháng 4/2026 chuyển sang kê khai quý 2 ra sao? (Hình từ Internet)

Tờ khai thuế thu nhập cá nhân với thu nhập từ tiền lương, tiền công hiện đang áp dụng Mẫu 05/KK-TNCN ban hành kèm theo Thông tư 80/2021/TT-BTC được sửa đổi bởi điểm g khoản 7 Điều 1 Thông tư 40/2025/TT-BTC, có dạng như sau:

>> Tải mẫu tờ khai thuế TNCN Tờ khai 05 KK TNCN: TẢI VỀ

Ghi chú:

- Tờ khai này chỉ áp dụng đối với tổ chức, cá nhân phát sinh trả thu nhập từ tiền lương, tiền công cho cá nhân trong tháng/quý, không phân biệt có phát sinh khấu trừ thuế hay không phát sinh khấu trừ thuế.

- Kỳ khai thuế theo tháng áp dụng đối với tổ chức, cá nhân trả thu nhập có tổng doanh thu bán hàng hóa và cung cấp dịch vụ của năm trước liền kề trên 50 tỷ đồng hoặc trường hợp tổ chức, cá nhân trả thu nhập lựa chọn khai thuế theo tháng.

- Kỳ khai thuế theo quý áp dụng đối với tổ chức, cá nhân trả thu nhập có tổng doanh thu bán hàng hóa và cung cấp dịch vụ của năm trước liền kề từ 50 tỷ đồng trở xuống, bao gồm cả tổ chức, cá nhân trả thu nhập không phát sinh doanh thu bán hàng hóa và cung cấp dịch vụ.

Tại tiểu mục 1 Mục A Công văn 1296/CT-NVT năm 2026 có hướng dẫn mức giảm trừ gia cảnh như sau:

Đối với kỳ quyết toán 2025 người nộp thuế thực hiện quyết toán TNCN trong năm 2026 áp dụng mức giảm trừ gia cảnh được xác định theo quy định tại Nghị quyết 954/2020/UBTVQH14 năm 2020 của Ủy ban Thường vụ Quốc hội, cụ thể như sau:

+ Mức giảm trừ đối với đối tượng nộp thuế là 11 triệu đồng/tháng (132 triệu đồng/năm);

+ Mức giảm trừ đối với mỗi người phụ thuộc là 4,4 triệu đồng/tháng.

Tại kỳ tính thuế này người nộp thuế chưa được áp dụng mức giảm trừ gia cảnh theo Nghị quyết 110/2025/UBTVQH15 năm 2026 (Mức 15,5 triệu đồng/tháng đối với NTT và 6,2 triệu đồng/tháng đối với người phụ thuộc)","tai-chinh-nha-nuoc","","","","2026-05-20T00:00:00","https://thuvienphapluat.vn/hoi-dap-phap-luat/chinh-thuc-bo-ke-khai-thue-tncn-thang-42026-chuyen-sang-ke-khai-quy-2-ra-sao-138090921.html","2026-05-21T20:24:47.350154+00:00"
"138059892","Lịch thi THPT quốc gia 2026: diễn ra vào ngày 11/6-12/6/2026 (dự kiến) đúng không?","Lịch thi THPT quốc gia 2026: diễn ra vào ngày 11/6-12/6/2026 (dự kiến) đúng không?

Đối tượng dự thi THPT quốc gia gồm những ai?

Đối tượng được đặc cách thi THPT quốc gia gồm những ai?

Căn cứ Điều 1 Quyết định 2269/QĐ-BGDĐT năm 2025 TẢI VỀ như sau:

Như vậy, lịch thi THPT quốc gia 2026 dự kiến diễn ra trong ngày 11 và ngày 12 tháng 6 năm 2026.

Căn cứ tại Tiểu mục 1 Mục 1 Công văn 1257/BGDĐT-QLCL năm 2026 kỳ thi tốt nghiệp THPT 2026 chính thức sẽ diễn ra vào ngày 11/6/2026 và ngày 12/6/2026.

Trên đây là thông tin về ""Lịch thi THPT quốc gia 2026: diễn ra vào ngày 11/6-12/6/2026 (dự kiến) đúng không?"".

Hệ thống Group Hỗ Trợ thi THPT 2026: Cập nhật thủ tục + thông tin + đề ôn + đề thi:

- Nhóm Tổng hợp + Tỉnh, thành: Tại đây

- Nhóm Môn Thi: Tại đây

- Nhóm Ôn Thi Theo Khối: Tại đây

- Nhóm Điểm Chuẩn: Tại đây

Lịch thi THPT quốc gia 2026: diễn ra vào ngày 11/6-12/6/2026 (dự kiến) đúng không? (Hình từ Internet)

Theo khoản 1 Điều 19 Quy chế thi tốt nghiệp trung học phổ thông ban hành kèm theo Thông tư 24/2024/TT-BGDĐT quy định như sau:

Theo đó, đối tượng dự thi THPT quốc gia gồm:

- Người đã hoàn thành Chương trình GDPT/GDTX trong năm tổ chức kỳ thi;

- Người đã hoàn thành Chương trình GDPT/GDTX nhưng chưa tốt nghiệp THPT ở những năm trước;

- Người đã có Bằng tốt nghiệp THPT dự thi để lấy kết quả làm cơ sở đăng ký xét tuyển sinh;

- Người đã có Bằng tốt nghiệp trung cấp dự thi để lấy kết quả làm cơ sở đăng ký xét tuyển sinh.

Theo Điều 40 Quy chế thi tốt nghiệp trung học phổ thông ban hành kèm theo Thông tư 24/2024/TT-BGDĐT quy định về đối tượng được đặc cách thi THPT quốc gia như sau:

(1) Người học được xét đặc cách tốt nghiệp THPT trong trường hợp bị tai nạn, bị ốm hoặc có việc đột xuất đặc biệt trước ngày thi không quá 10 ngày hoặc ngay trong buổi thi đầu tiên, không thể dự thi và thuộc các đối tượng dưới đây:

- Người đã hoàn thành Chương trình GDPT/GDTX trong năm tổ chức kỳ thi;

- Người đã hoàn thành Chương trình GDPT/GDTX nhưng chưa tốt nghiệp THPT ở những năm trước;

(2) Người học được xét đặc cách tốt nghiệp THPT trong trường hợp bị tai nạn, bị ốm hay có việc đột xuất đặc biệt sau khi đã thi ít nhất một bài thi và không thể tiếp tục dự thi hoặc sau khi bị tai nạn, bị ốm hay có việc đột xuất đặc biệt tự nguyện dự thi số bài thi còn lại và thuộc các đối tượng dưới đây:

- Người đã hoàn thành Chương trình GDPT/GDTX trong năm tổ chức kỳ thi;

- Người đã hoàn thành Chương trình GDPT/GDTX nhưng chưa tốt nghiệp THPT ở những năm trước;

(3) Các đối tượng là vận động viên đủ điều kiện được xét đặc cách tốt nghiệp THPT:

- Vận động viên đang học tập tại các cơ sở giáo dục, cơ sở giáo dục nghề nghiệp được triệu tập vào đội tuyển thể thao quốc gia, đội tuyển thể thao của các tỉnh, thành phố trực thuộc trung ương, các ngành để tập huấn và thi đấu thì được cơ quan sử dụng vận động viên chi trả học phí theo quy định của pháp luật.

- Vận động viên đạt thành tích xuất sắc trong các giải thi đấu thể thao quốc gia hoặc quốc tế được xét đặc cách tốt nghiệp trung học cơ sở, trung học phổ thông nếu thời gian thi trùng với thời gian vận động viên tập huấn ở nước ngoài hoặc tham dự thi đấu tại các giải thể thao quốc tế.

Điều 1. Ban hành khung kế hoạch thời gian năm học 2025 - 2026 đối với giáo dục mầm non, giáo dục phổ thông và giáo dục thường xuyên áp dụng trong toàn quốc như sau:

1. Tựu trường sớm nhất trước 01 tuần so với ngày tổ chức khai giảng. Riêng đối với lớp 1, lớp 9, lớp 12 tựu trường sớm nhất trước 02 tuần so với ngày tổ chức khai giảng.

2. Tổ chức khai giảng vào ngày 05 tháng 9 năm 2025.

3. Kết thúc học kỳ I trước ngày 18 tháng 01 năm 2026, hoàn thành chương trình và kết thúc năm học trước ngày 31 tháng 5 năm 2026.

4. Xét công nhận hoàn thành chương trình tiểu học và xét công nhận tốt nghiệp trung học cơ sở trước ngày 30 tháng 6 năm 2026.

5. Hoàn thành tuyển sinh các lớp đầu cấp trước ngày 31 tháng 7 năm 2026.

6. Thi tốt nghiệp trung học phổ thông năm 2026 dự kiến diễn ra trong ngày 11 và ngày 12 tháng 6 năm 2026.

7. Các kỳ thi cấp quốc gia khác được tổ chức theo quy định và hướng dẫn của Bộ Giáo dục và Đào tạo.

[...]

Điều 19. Đối tượng, điều kiện dự thi

1. Đối tượng dự thi gồm:

a) Người đã hoàn thành Chương trình GDPT/GDTX trong năm tổ chức kỳ thi;

b) Người đã hoàn thành Chương trình GDPT/GDTX nhưng chưa tốt nghiệp THPT ở những năm trước;

c) Người đã có Bằng tốt nghiệp THPT dự thi để lấy kết quả làm cơ sở đăng ký xét tuyển sinh;

d) Người đã có Bằng tốt nghiệp trung cấp dự thi để lấy kết quả làm cơ sở đăng ký xét tuyển sinh.

2. Điều kiện dự thi:

a) Các đối tượng dự thi phải ĐKDT và nộp đầy đủ các giấy tờ đúng thời hạn;

b) Đối tượng quy định tại điểm d khoản 1 Điều này phải bảo đảm đã học và thi đạt yêu cầu đủ khối lượng kiến thức văn hóa THPT theo quy định của Luật Giáo dục và các văn bản hướng dẫn hiện hành của Bộ GDĐT.","tai-chinh-nha-nuoc","","","","2026-05-20T00:00:00","https://thuvienphapluat.vn/hoi-dap-phap-luat/lich-thi-thpt-quoc-gia-2026-dien-ra-vao-ngay-1161262026-du-kien-dung-khong-138059892.html","2026-05-21T20:24:55.712415+00:00"
"138062956","Lịch nghỉ lễ 2027 - Tổng hợp các ngày lễ 2027 ở Việt Nam chi tiết ra sao?","Lịch nghỉ lễ 2027 - Tổng hợp các ngày lễ 2027 ở Việt Nam chi tiết ra sao?

Nghỉ giải lao theo tính chất của công việc có được tính vào thời giờ làm việc được hưởng lương không?

Cách tính ngày nghỉ hằng năm trong một số trường hợp đặc biệt được quy định cụ thể ra sao?

Lịch nghỉ lễ 2027 - Tổng hợp các ngày lễ 2027 ở Việt Nam chi tiết dưới đây:

Các ngày nghỉ lễ được hưởng nguyên lương trong năm 2027

Căn cứ Điều 112 Bộ luật Lao động 2019 quy định về nghỉ lễ, tết, năm 2027 người lao động được nghỉ các ngày lễ, tết sau đây:

(1) Tết Dương lịch: 01 ngày (ngày 01 tháng 01 dương lịch);

(2) Tết Âm lịch: 05 ngày;

(3) Ngày Chiến thắng: 01 ngày (ngày 30 tháng 4 dương lịch);

(4) Ngày Quốc tế lao động: 01 ngày (ngày 01 tháng 5 dương lịch);

(5) Quốc khánh: 02 ngày (ngày 02 tháng 9 dương lịch và 01 ngày liền kề trước hoặc sau);

(6) Ngày Giỗ Tổ Hùng Vương: 01 ngày (ngày 10 tháng 3 âm lịch).

Lưu ý: Hằng năm, căn cứ vào điều kiện thực tế, sẽ có quyết định cụ thể ngày nghỉ Tết Âm lịch và Quốc khánh.

Các ngày lễ, sự kiện khác trong năm tại Việt Nam và quốc tế

Tên ngày lễ

Ngày

Ông Táo chầu trời

30 tháng 1, 2027

Chiến thắng Ngọc Hồi - Đống Đa

10 tháng 2, 2027

Ngày thành lập Đảng

3 tháng 2, 2027

Tết Nguyên Tiêu

20 tháng 2, 2027

Quốc tế Phụ nữ

8 tháng 3, 2027

Ngày Sách Việt Nam

21 tháng 4, 2027

Ngày Chiến thắng Điện Biện Phủ

7 tháng 5, 2027

Lễ Phật đản

20 tháng 5, 2027

Ngày sinh Chủ tịch Hồ Chí Minh

19 tháng 5, 2027

Tết Đoan ngọ

9 tháng 6, 2027

Ngày quốc tế Thiếu nhi

1 tháng 6, 2027

Ngày Gia đình Việt Nam

28 tháng 6, 2027

Ngày Thương Binh Liệt Sĩ

27 tháng 7, 2027

Ngày cách mạng Tháng Tám

19 tháng 8, 2027

Rằm Tháng Bảy, Vu Lan

16 tháng 8, 2027

Tết Trung thu

15 tháng 9, 2027

Ngày giải phóng Thủ Đô

10 tháng 10, 2027

Ngày Phụ nữ Việt Nam

20 tháng 10, 2027

Ngày Nhà giáo Việt Nam

20 tháng 11, 2027

Ngày hội Quốc phòng Toàn dân

22 tháng 12, 2027

[...]

* Trên đây là Thông tin Lịch nghỉ lễ 2027 - Tổng hợp các ngày lễ 2027 ở Việt Nam chi tiết ra sao?

Lịch nghỉ lễ 2027 - Tổng hợp các ngày lễ 2027 ở Việt Nam chi tiết ra sao? (Hình từ Internet)

Căn cứ Điều 58 Nghị định 145/2020/NĐ-CP có quy định thời giờ được tính vào thời giờ làm việc được hưởng lương như sau:

Như vậy, theo quy định, nghỉ giải lao theo tính chất của công việc thuộc một trong những trường hợp được tính vào thời giờ làm việc được hưởng lương.

Căn cứ Điều 66 Nghị định 145/2020/NĐ-CP, cách tính ngày nghỉ hằng năm trong một số trường hợp đặc biệt như sau:

- Số ngày nghỉ hằng năm của người lao động làm việc chưa đủ 12 tháng theo quy định tại khoản 2 Điều 113 Bộ luật Lao động 2019 được tính như sau: lấy số ngày nghỉ hằng năm cộng với số ngày được nghỉ tăng thêm theo thâm niên (nếu có), chia cho 12 tháng, nhân với số tháng làm việc thực tế trong năm để tính thành số ngày được nghỉ hằng năm.

- Trường hợp người lao động làm việc chưa đủ tháng, nếu tổng số ngày làm việc và ngày nghỉ có hưởng lương của người lao động (nghỉ lễ, tết, nghỉ hằng năm, nghỉ việc riêng có hưởng lương theo Điều 112, Điều 113, Điều 114 và Điều 115 Bộ luật Lao động 2019) chiếm tỷ lệ từ 50% số ngày làm việc bình thường trong tháng theo thỏa thuận thì tháng đó được tính là 01 tháng làm việc để tính ngày nghỉ hằng năm.

- Toàn bộ thời gian người lao động làm việc tại các cơ quan, tổ chức, đơn vị thuộc khu vực nhà nước và doanh nghiệp nhà nước được tính là thời gian làm việc để tính ngày nghỉ hằng năm tăng thêm theo quy định tại Điều 114 Bộ luật Lao động 2019 nếu người lao động tiếp tục làm việc tại các cơ quan, tổ chức, đơn vị thuộc khu vực nhà nước và doanh nghiệp nhà nước.

Điều 58. Thời giờ được tính vào thời giờ làm việc được hưởng lương

1. Nghỉ giữa giờ quy định khoản 2 Điều 64 Nghị định này.

2. Nghỉ giải lao theo tính chất của công việc.

3. Nghỉ cần thiết trong quá trình lao động đã được tính trong định mức lao động cho nhu cầu sinh lý tự nhiên của con người.

4. Thời giờ nghỉ đối với lao động nữ khi mang thai hoặc nuôi con dưới 12 tháng tuổi, trong thời gian hành kinh theo quy định tại khoản 2 và khoản 4 Điều 137 của Bộ luật Lao động.

5. Thời giờ phải ngừng việc không do lỗi của người lao động.

6. Thời giờ hội họp, học tập, tập huấn do yêu cầu của người sử dụng lao động hoặc được người sử dụng lao động đồng ý.

7. Thời giờ người học nghề, tập nghề trực tiếp hoặc tham gia lao động theo quy định tại khoản 5 Điều 61 của Bộ luật Lao động.

8. Thời giờ mà người lao động là thành viên ban lãnh đạo của tổ chức đại diện người lao động tại cơ sở được sử dụng để thực hiện nhiệm vụ theo quy định tại khoản 2 và khoản 3 Điều 176 của Bộ luật Lao động.

9. Thời giờ khám sức khỏe, khám phát hiện bệnh nghề nghiệp, giám định y khoa để xác định mức độ suy giảm khả năng lao động do tai nạn lao động, bệnh nghề nghiệp, nếu thời giờ đó được thực hiện theo sự bố trí hoặc do yêu cầu của người sử dụng lao động.

10. Thời giờ đăng ký, khám, kiểm tra sức khỏe nghĩa vụ quân sự, nếu thời giờ đó được hưởng nguyên lương theo quy định của pháp luật về nghĩa vụ quân sự.","tai-chinh-nha-nuoc","","","","2026-05-20T00:00:00","https://thuvienphapluat.vn/hoi-dap-phap-luat/lich-nghi-le-2027--tong-hop-cac-ngay-le-2027-o-viet-nam-chi-tiet-ra-sao-138062956.html","2026-05-21T20:25:26.425767+00:00"
"138091384","CHÍNH THỨC bỏ tờ khai thuế TNCN tháng 4-5-6/2026 thay bằng tờ khai quý 2/2026 đúng hay không?","CHÍNH THỨC bỏ tờ khai thuế TNCN tháng 4-5-6/2026 thay bằng tờ khai quý 2/2026 đúng hay không?

Hạn chót nộp tờ khai thuế TNCN tháng 4 2026 là khi nào?

Hạn chót nộp tờ khai thuế TNCN quý 2 2026 là khi nào?

>>> Hiểu thế nào về bỏ TTHC 2002235 khai thuế TNCN tháng theo quy định mới nhất?

Xem thêm:

>>> Bỏ TTHC 2.002235 kê khai quý/tháng bỏ kê khai tháng thì kê khai thuế TNCN theo trình tự nào?

>>> Tờ khai 05/KK-TNCN tháng 4, 5, 6/2026 chính thức bỏ khai theo tháng chuyển sang kê khai quý 2/2026 ra sao?

>>> CHÍNH THỨC bỏ tờ khai thuế TNCN tháng 4-5-6/2026 thay bằng tờ khai quý 2/2026 đúng hay không?

>>> Hướng dẫn thủ tục khai thuế TNCN tháng 4-5-6/2026 theo thủ tục mới sau khi bỏ khai tháng ra sao?

>>> Hướng dẫn sửa lỗi kỳ kê khai tháng không được phép nộp tờ khai, vui lòng chọn lại kỳ kê khai phù hợp ra sao?

>>> Chính thức bỏ kê khai thuế TNCN tháng 4/2026 chuyển sang kê khai quý 2 ra sao?

Ngày 08/05/2026 Bộ Tài chính đã ban hành Quyết định 1109/QĐ-BTC năm 2026 công bố thủ tục hành chính được sửa đổi, bổ sung, bãi bỏ trong lĩnh vực quản lý thuế, hải quan

Theo đó đã sửa đổi bổ sung Thủ tục hành chính 2.002235 Khai thuế thu nhập cá nhân tháng/quý của tỔ chức, cá nhân trả thu nhập khấu trừ thuế đối với tiền lương, tiền công

Theo thủ tục trên thì không còn kê khai theo tháng, theo đó CHÍNH THỨC bỏ tờ khai thuế TNCN tháng và thay bằng tờ khai quý từ ngày 8/5/2026.

Như vậy đối với khai thuế TNCN tháng 4-5-6 năm 2026 sẽ được chuyển sang thành khai thuế TNCN quý 2 năm 2026.

*Bài viết CHÍNH THỨC bỏ tờ khai thuế TNCN tháng 4-5-6/2026 thay bằng tờ khai quý 2/2026 đúng hay không?

CHÍNH THỨC bỏ tờ khai thuế TNCN tháng 4 5 6 2026 thay bằng tờ khai quý 2 2026 đúng hay không? (Hình từ Internet)

Căn cứ tại khoản 1 Điều 44 Luật Quản lý thuế 2019 quy định về thời hạn nộp hồ sơ khai thuế cụ thể như sau:

Như vậy, hạn chót nộp tờ khai thuế TNCN tháng 4 2026 là ngày 20/5/2026.

Căn cứ tại điểm b khoản 1 Điều 44 Luật Quản lý thuế 2019 quy định về thời hạn nộp hồ sơ khai thuế cụ thể như sau:

Hạn chót nộp tờ khai thuế TNCN quý 2 2026 là 31/7/2026.

*Bài viết CHÍNH THỨC bỏ tờ khai thuế TNCN tháng 4 5 6 2026 thay bằng tờ khai quý 2 2026 đúng hay không?

6. Khai thuế thu nhập cá nhân quý của tổ chức, cá nhân trả thu nhập khấu trừ thuế đối với tiền lương, tiền công (Mã số TTHC 2.002235)

- Trình tự thực hiện:

+Bước 1.

++ Tổ chức, cá nhân trả thu nhập có phát sinh khấu trừ thuế chuẩn bị hồ sơ khai thuế, gửi đến cơ quan Thuế. Thời hạn nộp hồ sơ khai thuế quý chậm nhất là ngày cuối cùng của tháng đầu tiên của quý tiếp theo quý phát sinh nghĩa vụ thuế. Nếu ngày cuối cùng trùng ngày nghỉ lễ, hạn cuối cùng được chuyển sang ngày làm việc tiếp theo.

(Thủ tục đăng ký chứng từ khấu trừ thuế TNCN được thực hiện riêng theo quy định tại Nghị định 70/2025/NĐ-CP của Chính phủ).

[...]

Điều 44. Thời hạn nộp hồ sơ khai thuế

1. Thời hạn nộp hồ sơ khai thuế đối với loại thuế khai theo tháng, theo quý được quy định như sau:

a) Chậm nhất là ngày thứ 20 của tháng tiếp theo tháng phát sinh nghĩa vụ thuế đối với trường hợp khai và nộp theo tháng;

b) Chậm nhất là ngày cuối cùng của tháng đầu của quý tiếp theo quý phát sinh nghĩa vụ thuế đối với trường hợp khai và nộp theo quý.

2. Thời hạn nộp hồ sơ khai thuế đối với loại thuế có kỳ tính thuế theo năm được quy định như sau:

a) Chậm nhất là ngày cuối cùng của tháng thứ 3 kể từ ngày kết thúc năm dương lịch hoặc năm tài chính đối với hồ sơ quyết toán thuế năm; chậm nhất là ngày cuối cùng của tháng đầu tiên của năm dương lịch hoặc năm tài chính đối với hồ sơ khai thuế năm;

b) Chậm nhất là ngày cuối cùng của tháng thứ 4 kể từ ngày kết thúc năm dương lịch đối với hồ sơ quyết toán thuế thu nhập cá nhân của cá nhân trực tiếp quyết toán thuế;

c) Chậm nhất là ngày 15 tháng 12 của năm trước liền kề đối với hồ sơ khai thuế khoán của hộ kinh doanh, cá nhân kinh doanh nộp thuế theo phương pháp khoán; trường hợp hộ kinh doanh, cá nhân kinh doanh mới kinh doanh thì thời hạn nộp hồ sơ khai thuế khoán chậm nhất là 10 ngày kể từ ngày bắt đầu kinh doanh.

[...]

Điều 44. Thời hạn nộp hồ sơ khai thuế

1. Thời hạn nộp hồ sơ khai thuế đối với loại thuế khai theo tháng, theo quý được quy định như sau:

a) Chậm nhất là ngày thứ 20 của tháng tiếp theo tháng phát sinh nghĩa vụ thuế đối với trường hợp khai và nộp theo tháng;

b) Chậm nhất là ngày cuối cùng của tháng đầu của quý tiếp theo quý phát sinh nghĩa vụ thuế đối với trường hợp khai và nộp theo quý.

2. Thời hạn nộp hồ sơ khai thuế đối với loại thuế có kỳ tính thuế theo năm được quy định như sau:

a) Chậm nhất là ngày cuối cùng của tháng thứ 3 kể từ ngày kết thúc năm dương lịch hoặc năm tài chính đối với hồ sơ quyết toán thuế năm; chậm nhất là ngày cuối cùng của tháng đầu tiên của năm dương lịch hoặc năm tài chính đối với hồ sơ khai thuế năm;

b) Chậm nhất là ngày cuối cùng của tháng thứ 4 kể từ ngày kết thúc năm dương lịch đối với hồ sơ quyết toán thuế thu nhập cá nhân của cá nhân trực tiếp quyết toán thuế;

c) Chậm nhất là ngày 15 tháng 12 của năm trước liền kề đối với hồ sơ khai thuế khoán của hộ kinh doanh, cá nhân kinh doanh nộp thuế theo phương pháp khoán; trường hợp hộ kinh doanh, cá nhân kinh doanh mới kinh doanh thì thời hạn nộp hồ sơ khai thuế khoán chậm nhất là 10 ngày kể từ ngày bắt đầu kinh doanh.

[...]","tai-chinh-nha-nuoc","","","","2026-05-20T00:00:00","https://thuvienphapluat.vn/hoi-dap-phap-luat/chinh-thuc-bo-to-khai-thue-tncn-thang-4562026-thay-bang-to-khai-quy-22026-dung-hay-khong-138091384.html","2026-05-21T20:25:35.712009+00:00"
"138091176","Mẫu C01b CСТТ Thông tư 51 2026 TT BTC là mẫu nào?","Mẫu C01b CСТТ Thông tư 51 2026 TT BTC là mẫu nào?

Biểu mẫu, nội dung Báo cáo cung cấp thông tin tài chính để lập Báo cáo tài chính nhà nước tỉnh được quy định thế nào?

Báo cáo cung cấp thông tin tài chính được gửi ở đâu?

Mẫu C01b CСТТ quy định tại Phụ lục 1 ban hành kèm theo Thông tư 51/2026/TT-BTC Báo cáo cung cấp thông tin tài chính năm do KBNN lập phản ánh thông tin về nợ của Chính phủ thông qua phát hành các công cụ nợ tại thị trường trong nước.

Mẫu C01b CСТТ Thông tư 51 2026 TT BTC như sau:

>>> Tải Mẫu C01b CСТТ Thông tư 51 2026 TT BTC tại đây. TẢI VỀ

>>> Xem thêm: Phụ lục 1 Thông tư 51/2026/TT-BTC mẫu báo cáo cung cấp thông tin tài chính thế nào?

>>> Xem thêm: Cơ quan nào có trách nhiệm cung cấp thông tin tài chính để lập Báo cáo tài chính nhà nước tỉnh?

Mẫu C01b CСТТ Thông tư 51 2026 TT BTC là mẫu nào? (Hình từ Internet)

Theo Điều 5 Thông tư 51/2026/TT-BTC quy định biểu mẫu, nội dung Báo cáo cung cấp thông tin tài chính để lập Báo cáo tài chính nhà nước tỉnh như sau:

[1] Báo cáo cung cấp thông tin tài chính của Kho bạc Nhà nước khu vực: Báo cáo được lập theo Mẫu số C01a/CCTT - Phụ lục I ban hành kèm theo Thông tư 51/2026/TT-BTC để phản ánh thông tin về tiền và các khoản tương đương tiền, thu, chi ngân sách địa phương và các thông tin tài chính khác của Nhà nước (bao gồm ngân sách cấp tỉnh, cấp xã) chưa được phản ánh trên Báo cáo cung cấp thông tin tài chính của các đơn vị cấp tỉnh, cấp xã.

[2] Báo cáo cung cấp thông tin tài chính của Sở Tài chính

- Báo cáo theo Mẫu số C07/CCTT - Phụ lục I ban hành kèm theo Thông tư 51/2026/TT-BTC để phản ánh thông tin về vốn của Nhà nước tại các doanh nghiệp do địa phương quản lý (không bao gồm các doanh nghiệp, tổ chức tài chính là đơn vị kế toán độc lập thuộc đối tượng cung cấp thông tin để lập Báo cáo tài chính nhà nước tỉnh hoặc Báo cáo tài chính được tổng hợp vào Báo cáo tài chính hợp nhất của đơn vị kế toán cấp trên cao nhất thuộc đối tượng cung cấp thông tin để lập Báo cáo tài chính nhà nước tỉnh); nợ của chính quyền địa phương.

- Báo cáo tài chính được lập theo hướng dẫn tại Thông tư 24/2024/TT-BTC (trường hợp là đơn vị kế toán độc lập) hoặc Báo cáo tài chính hợp nhất theo hướng dẫn Thông tư 108/2025/TT-BTC và Báo cáo được lập theo Mẫu số C08/CCTT - Phụ lục I ban hành kèm theo Thông tư này để phản ánh thông tin chi tiết về tài sản, chi phí theo lĩnh vực, tài sản cố định đặc thù, nếu có (trường hợp là đơn vị kế toán cấp trên cao nhất).

[3] Báo cáo cung cấp thông tin tài chính của cơ quan thuế: Được lập theo hướng dẫn tại Chế độ kế toán nghiệp vụ thuế nội địa để phản ánh thông tin về tiền (nếu có), phải thu, phải trả, số thu thuế và các khoản thu nội địa khác giao cơ quan thuế quản lý.

[4] Báo cáo cung cấp thông tin tài chính của đơn vị kế toán độc lập (không bao gồm Sở Tài chính) thuộc cấp tỉnh, cấp xã, gồm:

- Trường hợp đơn vị áp dụng Chế độ kế toán hành chính, sự nghiệp: Báo cáo tài chính được lập theo hướng dẫn tại Thông tư 24/2024/TT-BTC.

- Trường hợp đơn vị áp dụng Chế độ kế toán khác (không phải Chế độ kế toán hành chính, sự nghiệp): Báo cáo tài chính được lập theo Chế độ kế toán áp dụng tại đơn vị.

[5] Báo cáo cung cấp thông tin tài chính của đơn vị kế toán cấp trên cao nhất (không bao gồm Sở Tài chính) thuộc cấp tỉnh, cấp xã, gồm:

- Trường hợp đơn vị lập Báo cáo tài chính hợp nhất theo hướng dẫn Thông tư 108/2025/TT-BTC: Báo cáo tài chính hợp nhất theo hướng dẫn tại Thông tư 108/2025/TT-BTC và Báo cáo thông tin theo Mẫu số C08/CCTT - Phụ lục I ban hành kèm theo Thông tư 51/2026/TT-BTC để phản ánh thông tin chi tiết về tài sản, chi phí theo lĩnh vực, tài sản cố định đặc thù (nếu có).

- Trường hợp đơn vị lập Báo cáo tài chính hợp nhất theo quy định khác (không theo quy định tại Thông tư 108/2025/TT-BTC): Báo cáo tài chính hợp nhất được lập theo chế độ áp dụng tại đơn vị.

[6] Giám đốc Kho bạc Nhà nước hướng dẫn chi tiết các đối tượng nêu tại khoản 2, khoản 4 Điều 2 Thông tư 108/2025/TT-BTC cung cấp các thông tin bổ sung (trường hợp cần thiết) để tổng hợp, lập Báo cáo tài chính nhà nước tỉnh.

[7] Trước ngày 15 tháng 01 hằng năm, Sở Tài chính lập danh sách đơn vị kế toán cấp trên cao nhất và đơn vị kế toán độc lập thuộc cấp tỉnh của năm trước liền kề, Ủy ban nhân dân cấp xã lập danh sách đơn vị kế toán cấp trên cao nhất và đơn vị kế toán độc lập thuộc cấp xã của năm trước liền kề theo mẫu D01/DS - Phụ lục II ban hành kèm theo Thông tư 108/2025/TT-BTC.

Danh sách này được gửi trên Trang thông tin điện tử Hệ thống Tổng kế toán nhà nước theo định dạng do Kho bạc Nhà nước thông báo hoặc gửi bằng bản giấy cho Kho bạc Nhà nước được giao quản lý địa bàn. Việc gửi danh sách trên Trang thông tin điện tử Hệ thống Tổng kế toán nhà nước được thực hiện theo quy định của pháp luật hiện hành về giao dịch điện tử, giao dịch điện tử trong hoạt động tài chính và các văn bản hướng dẫn có liên quan. Kho bạc Nhà nước khu vực công khai danh sách này trên Trang thông tin điện tử Hệ thống Tổng kế toán nhà nước.

Tại khoản 1 Điều 6 Thông tư 51/2026/TT-BTC quy định báo cáo cung cấp thông tin tài chính được gửi trên Trang thông tin điện tử Hệ thống Tổng kế toán nhà nước (trừ các báo cáo mật) theo định dạng do Kho bạc Nhà nước thông báo trên Trang thông tin điện tử Hệ thống Tổng kế toán nhà nước. Việc gửi Báo cáo cung cấp thông tin tài chính được thực hiện theo quy định của pháp luật hiện hành về giao dịch điện tử, giao dịch điện tử trong hoạt động tài chính và các văn bản hướng dẫn có liên quan.","tai-chinh-nha-nuoc","","","","2026-05-19T00:00:00","https://thuvienphapluat.vn/hoi-dap-phap-luat/mau-c01b-c-thong-tu-51-2026-tt-btc-la-mau-nao-138091176.html","2026-05-21T20:21:58.680481+00:00"
"138091177","Mẫu C02 CCТТ Thông tư 51/2026 là mẫu báo cáo gì?","Mẫu C02 CCТТ Thông tư 51/2026 là mẫu báo cáo gì?

Gửi báo cáo cung cấp thông tin tài chính giấy chỉ được áp dụng khi nào?

Điều chỉnh Báo cáo tài chính nhà nước ra sao?

Mẫu C02 CCТТ quy định tại Phụ lục 1 ban hành kèm theo Thông tư 51/2026/TT-BTC Báo cáo cung cấp thông tin tài chính năm do Cục Phát triển doanh nghiệp nhà nước lập phản ánh thông tin về vốn nhà nước tại doanh nghiệp do Trung ương quản lý (không bao gồm vốn nhà nước tại các doanh nghiệp đã được hợp nhất vào Báo cáo tài chính hợp nhất của các đơn vị kế toán cấp trên cao nhất thuộc đối tượng cung cấp thông tin để lập Báo cáo tài chính nhà nước toàn quốc, không bao gồm vốn nhà nước tại ngân hàng và các tổ chức tài chính).

Mẫu C02 CСТТ Thông tư 51 2026 TT BTC như sau:

>>> Tải Mẫu C02 CСТТ Thông tư 51 2026 TT BTC tại đây. TẢI VỀ

>>> Xem thêm: Phụ lục 1 Thông tư 51/2026/TT-BTC mẫu báo cáo cung cấp thông tin tài chính thế nào?

>>> Xem thêm: Cơ quan nào có trách nhiệm cung cấp thông tin tài chính để lập Báo cáo tài chính nhà nước tỉnh?

Mẫu C02 CCТТ Thông tư 51/2026 là mẫu báo cáo gì? (Hình từ Internet)

Căn cứ tại Điều 6 Thông tư 51/2026/TT-BTC quy định về gửi Báo cáo cung cấp thông tin tài chính như sau:

Như vậy, gửi báo cáo cung cấp thông tin tài chính giấy chỉ được áp dụng trong trường hợp đơn vị cung cấp báo cáo mật hoặc chưa có chữ ký số, chưa có kết nối Internet để thực hiện giao dịch điện tử với Kho bạc Nhà nước theo quy định. Kho bạc Nhà nước các cấp tiếp nhận, lưu trữ các báo cáo theo quy định của pháp luật.

Theo Điều 11 Thông tư 51/2026/TT-BTC quy định điều chỉnh Báo cáo tài chính nhà nước như sau:

[1] Đối với Báo cáo tài chính nhà nước toàn quốc

Các sai sót của kỳ hiện tại được phát hiện trong kỳ phải được sửa chữa trước khi Báo cáo tài chính nhà nước toàn quốc được báo cáo Quốc hội. Trường hợp phát hiện sai sót trọng yếu trên Báo cáo tài chính nhà nước toàn quốc (sai sót dẫn đến sai lệch thông tin, ảnh hưởng đến quyết định của người đọc báo cáo) của các kỳ báo cáo trước sau khi đã được báo cáo Quốc hội thì thực hiện điều chỉnh số dư đầu kỳ của tài sản, nợ phải trả, tài sản thuần trên báo cáo năm đầu tiên sau khi phát hiện sai sót.

[2] Đối với Báo cáo tài chính nhà nước tỉnh

Các sai sót của kỳ hiện tại được phát hiện trong kỳ phải được sửa chữa trước khi Báo cáo tài chính nhà nước tỉnh được báo cáo Hội đồng nhân dân tỉnh. Trường hợp phát hiện sai sót trọng yếu trên Báo cáo tài chính nhà nước tỉnh (sai sót dẫn đến sai lệch thông tin, ảnh hưởng đến quyết định của người đọc báo cáo) của các kỳ báo cáo trước sau khi đã được báo cáo Hội đồng nhân dân tỉnh thì thực hiện điều chỉnh số dư đầu kỳ của tài sản, nợ phải trả, tài sản thuần trên báo cáo năm đầu tiên sau khi phát hiện sai sót.

Điều 6. Gửi Báo cáo cung cấp thông tin tài chính

Báo cáo cung cấp thông tin tài chính được gửi trên Trang thông tin điện tử Hệ thống Tổng kế toán nhà nước (trừ các báo cáo mật) theo định dạng do Kho bạc Nhà nước thông báo trên Trang thông tin điện tử Hệ thống Tổng kế toán nhà nước. Việc gửi Báo cáo cung cấp thông tin tài chính được thực hiện theo quy định của pháp luật hiện hành về giao dịch điện tử, giao dịch điện tử trong hoạt động tài chính và các văn bản hướng dẫn có liên quan.

Hình thức gửi báo cáo giấy chỉ được áp dụng trong trường hợp đơn vị cung cấp báo cáo mật hoặc chưa có chữ ký số, chưa có kết nối Internet để thực hiện giao dịch điện tử với Kho bạc Nhà nước theo quy định. Kho bạc Nhà nước các cấp tiếp nhận, lưu trữ các báo cáo theo quy định của pháp luật. Việc tiếp nhận, lưu trữ các báo cáo mật được thực hiện theo quy định của pháp luật về bảo vệ bí mật nhà nước.","tai-chinh-nha-nuoc","","","","2026-05-19T00:00:00","https://thuvienphapluat.vn/hoi-dap-phap-luat/mau-c02-cc-thong-tu-512026-la-mau-bao-cao-gi-138091177.html","2026-05-21T20:22:05.794866+00:00"
"138091174","Phụ lục 1 Thông tư 51/2026/TT-BTC mẫu báo cáo cung cấp thông tin tài chính thế nào?","Phụ lục 1 Thông tư 51/2026/TT-BTC mẫu báo cáo cung cấp thông tin tài chính thế nào?

Phân cấp lập Báo cáo tài chính nhà nước như thế nào?

Quy định về báo cáo cung cấp thông tin tài chính của Sở Tài chính ra sao?

Theo đó, phụ lục 1 Thông tư 51/2026/TT-BTC quy định danh mục mẫu báo cáo cung cấp thông tin tài chính gồm:

TT

Ký hiệu biểu mẫu

Tên biểu mẫu

Kỳ hạn lập báo cáo

Đơn vị lập

1

C01a/CCTT

Báo cáo cung cấp thông tin tài chính năm …

Năm

KBNN/KBNN khu vực

2

C01b/CCTT

Báo cáo cung cấp thông tin tài chính năm …

Năm

KBNN

3

C02/CCTT

Báo cáo cung cấp thông tin tài chính năm …

Năm

Cục Phát triển doanh nghiệp nhà nước

4

C03/CCTT

Báo cáo cung cấp thông tin tài chính năm …

Năm

Vụ Các định chế tài chính

5

C04/CCTT

Báo cáo cung cấp thông tin tài chính năm …

Năm

Vụ Ngân sách nhà nước

6

C05/CCTT

Báo cáo cung cấp thông tin tài chính năm …

Năm

Cục Quản lý Nợ và Kinh tế đối ngoại

7

C06/CCTT

Báo cáo cung cấp thông tin tài chính năm …

Năm

Cục Dự trữ Nhà nước

8

C07/CCTT

Báo cáo cung cấp thông tin tài chính năm …

Năm

Sở Tài chính

9

C08/CCTT

Báo cáo cung cấp thông tin tài chính năm …

Năm

Đơn vị kế toán nhà nước cấp trên cao nhất

>>> Tải Phụ lục 1 Thông tư 51/2026/TT-BTC mẫu báo cáo cung cấp thông tin tài chính tại đây. TẢI VỀ

>>> Xem thêm: Quy định Biểu mẫu Báo cáo tài chính hợp nhất từ ngày 20/4/2026 thế nào?

>>> Xem thêm: Từ 20/4/2026 Doanh nghiệp được bổ sung thêm các chỉ tiêu của Báo cáo tài chính hợp nhất đúng không?

Phụ lục 1 Thông tư 51/2026/TT-BTC mẫu báo cáo cung cấp thông tin tài chính thế nào? (Hình từ Internet)

Căn cứ tại Điều 3 Thông tư 51/2026/TT-BTC quy định phân cấp lập Báo cáo tài chính nhà nước như sau:

[1] Bộ Tài chính giao Kho bạc Nhà nước:

- Tổ chức lập Báo cáo tài chính nhà nước toàn quốc, Báo cáo tài chính nhà nước tỉnh theo quy định.

- Nghiên cứu, ứng dụng khoa học công nghệ và chuyển đổi số để xây dựng, nâng cấp Hệ thống thông tin phục vụ lập Báo cáo tài chính nhà nước, đáp ứng công tác quản lý tập trung, thống nhất và đảm bảo Hệ thống hoạt động thông suốt, kịp thời, chính xác, tuân thủ các quy định của pháp luật về bảo mật và an toàn thông tin.

[2] Kho bạc Nhà nước khu vực giúp Kho bạc Nhà nước lập Báo cáo tài chính nhà nước tỉnh.

Theo khoản 2 Điều 5 Thông tư 51/2026/TT-BTC quy định về báo cáo cung cấp thông tin tài chính của Sở Tài chính như sau:

- Báo cáo theo Mẫu số C07/CCTT - Phụ lục I ban hành kèm theo Thông tư 51/2026/TT-BTC để phản ánh thông tin về vốn của Nhà nước tại các doanh nghiệp do địa phương quản lý (không bao gồm các doanh nghiệp, tổ chức tài chính là đơn vị kế toán độc lập thuộc đối tượng cung cấp thông tin để lập Báo cáo tài chính nhà nước tinh hoặc đơn vị mà Báo cáo tài chính được tổng hợp vào Báo cáo tài chính hợp nhất của đơn vị kế toán cấp trên cao nhất thuộc đối tượng cung cấp thông tin để lập Báo cáo tài chính nhà nước tỉnh); nợ của chính quyền địa phương.

- Báo cáo tài chính được lập theo hướng dẫn tại Thông tư 24/2024/TT-BTC (trường hợp là đơn vị kế toán độc lập) hoặc Báo cáo tài chính hợp nhất theo hướng dẫn Thông tư 108/2025/TT-BTC và Báo cáo được lập theo Mẫu số C08/CCTT - Phụ lục I ban hành kèm theo Thông tư này để phản ánh thông tin chỉ tiết về tài sản, chi phí theo lĩnh vực, tài sản cố định đặc thù, nếu có (trường hợp là đơn vị kế toán cấp trên cao nhất).","tai-chinh-nha-nuoc","","","","2026-05-18T00:00:00","https://thuvienphapluat.vn/hoi-dap-phap-luat/phu-luc-1-thong-tu-512026ttbtc-mau-bao-cao-cung-cap-thong-tin-tai-chinh-the-nao-138091174.html","2026-05-21T20:22:13.535493+00:00"
"138091173","Toàn văn Thông tư 56/2026/TT-BTC sửa đổi Thông tư 52/2025/TT-BTC về phí viễn thông thế nào?","Toàn văn Thông tư 56/2026/TT-BTC sửa đổi Thông tư 52/2025/TT-BTC về phí viễn thông thế nào?

Cần đáp ứng điều kiện gì để chuyển nhượng quyền sử dụng mã, số viễn thông, tài nguyên Internet Việt Nam?

Nhà nước có những chính sách nào về viễn thông?

Ngày 15/05/2026, Bộ trưởng Bộ Tài chính ban hành Thông tư 56/2026/TT-BTC sửa đổi, bổ sung một số điều của Thông tư 52/2025/TT-BTC quy định mức thu, miễn, chế độ thu, nộp, quản lý và sử dụng phí quyền hoạt động viễn thông, lệ phí cấp giấy phép kinh doanh dịch vụ viễn thông và giấy phép nghiệp vụ viễn thông.

Thông tư 56/2026/TT-BTC có hiệu lực thi hành từ ngày 01/7/2026.

Xem toàn văn Thông tư 56 2026 TT BTC sửa đổi Thông tư 52/2025/TT-BTC về phí viễn thông dưới đây:

TẢI VỀ

Trên đây là thông tin: Toàn văn Thông tư 56 2026 TT BTC sửa đổi Thông tư 52/2025/TT-BTC về phí viễn thông thế nào?

Toàn văn Thông tư 56/2026/TT-BTC sửa đổi Thông tư 52/2025/TT-BTC về phí viễn thông thế nào? (Hình từ Internet)

Căn cứ tại Điều 51 Luật Viễn thông 2023 quy định như sau:

Theo đó ciệc chuyển nhượng quyền sử dụng mã, số viễn thông, tài nguyên Internet Việt Nam được thực hiện khi đáp ứng đủ các điều kiện sau đây:

- Tổ chức, cá nhân chuyển nhượng quyền sử dụng mã, số viễn thông, tài nguyên Internet Việt Nam phải có quyền sử dụng hợp pháp mã, số viễn thông, tài nguyên Internet đó;

- Tổ chức, cá nhân nhận chuyển nhượng quyền sử dụng mã, số viễn thông, tài nguyên Internet Việt Nam phải được phép hoạt động hoặc đủ điều kiện đầu tư, khai thác, sử dụng mã, số viễn thông, tài nguyên Internet đó

Căn cứ theo Điều 4 Luật Viễn thông 2023 quy định về Nhà nước có những chính sách sau đây về viễn thông:

- Tạo điều kiện cho tổ chức, cá nhân thuộc các thành phần kinh tế tham gia đầu tư, kinh doanh viễn thông để phát triển cơ sở hạ tầng viễn thông băng rộng phổ cập, trung tâm dữ liệu, điện toán đám mây theo hướng bền vững, hiện đại; hình thành hạ tầng số đáp ứng yêu cầu phát triển kinh tế số, xã hội số, góp phần bảo đảm quốc phòng, an ninh và nâng cao chất lượng cuộc sống của Nhân dân.

- Bảo đảm môi trường cạnh tranh lành mạnh trong hoạt động viễn thông.

- Tạo điều kiện thuận lợi để phát triển cơ sở hạ tầng và cung cấp dịch vụ viễn thông tại khu vực biên giới, miền núi, vùng cao, vùng bãi ngang, ven biển và hải đảo, vùng đồng bào dân tộc thiểu số, vùng có điều kiện kinh tế - xã hội đặc biệt khó khăn; phân định rõ hoạt động viễn thông công ích và kinh doanh viễn thông.

- Thúc đẩy việc ứng dụng Internet trong lĩnh vực hành chính, giáo dục, đào tạo, y tế, nghiên cứu khoa học và lĩnh vực khác.

- Nghiên cứu, phát triển các công nghệ, tiêu chuẩn, ứng dụng về Internet thế hệ mới, công nghệ vệ tinh tầm thấp, công nghệ mạng viễn thông thế hệ tiếp theo.

- Đầu tư xây dựng, hiện đại hóa mạng viễn thông dùng riêng phục vụ hoạt động quốc phòng, an ninh, hoạt động của các cơ quan Đảng, Nhà nước.

- Khuyến khích phát triển nguồn nhân lực viễn thông đáp ứng yêu cầu quản lý, khai thác, kinh doanh hiệu quả cơ sở hạ tầng viễn thông.

- Tăng cường hợp tác quốc tế về viễn thông trên cơ sở tôn trọng độc lập, chủ quyền và toàn vẹn lãnh thổ, bình đẳng, các bên cùng có lợi, phù hợp với pháp luật Việt Nam và điều ước quốc tế mà nước Cộng hòa xã hội chủ nghĩa Việt Nam là thành viên.

Điều 51. Chuyển nhượng quyền sử dụng mã, số viễn thông, tài nguyên Internet Việt Nam

1. Mã, số viễn thông, tài nguyên Internet Việt Nam được chuyển nhượng quyền sử dụng bao gồm:

a) Mã, số viễn thông được Bộ Thông tin và Truyền thông phân bổ cho tổ chức, cá nhân thông qua đấu giá theo quy định tại điểm a khoản 2 Điều 50 của Luật này;

b) Tên miền quốc gia Việt Nam “.vn”, trừ tên miền được bảo vệ, tên miền dùng chung theo quy định của Bộ trưởng Bộ Thông tin và Truyền thông, tên miền đang bị xử lý vi phạm hoặc đang trong quá trình giải quyết tranh chấp, khiếu nại, tên miền đang bị tạm ngừng sử dụng.

2. Việc chuyển nhượng quyền sử dụng mã, số viễn thông, tài nguyên Internet Việt Nam được thực hiện khi đáp ứng đủ các điều kiện sau đây:

a) Tổ chức, cá nhân chuyển nhượng quyền sử dụng mã, số viễn thông, tài nguyên Internet Việt Nam phải có quyền sử dụng hợp pháp mã, số viễn thông, tài nguyên Internet đó;

b) Tổ chức, cá nhân nhận chuyển nhượng quyền sử dụng mã, số viễn thông, tài nguyên Internet Việt Nam phải được phép hoạt động hoặc đủ điều kiện đầu tư, khai thác, sử dụng mã, số viễn thông, tài nguyên Internet đó.

[...]","tai-chinh-nha-nuoc","","","","2026-05-18T00:00:00","https://thuvienphapluat.vn/hoi-dap-phap-luat/toan-van-thong-tu-562026ttbtc-sua-doi-thong-tu-522025ttbtc-ve-phi-vien-thong-the-nao-138091173.html","2026-05-21T20:22:20.635580+00:00"
"138091167","Toàn văn Thông tư 08/2026/TT-KTNN bãi bỏ văn bản quy phạm pháp luật của Kiểm toán Nhà nước chi tiết thế nào?","Toàn văn Thông tư 08 2026 TT KTNN bãi bỏ văn bản quy phạm pháp luật của Kiểm toán Nhà nước chi tiết thế nào?

Quyền hạn của Tổng Kiểm toán nhà nước là gì?

Tổ chức của Kiểm toán nhà nước hiện nay được thực hiện như thế nào?

Ngày 15/5/2026, Tổng Kiểm toán nhà nước đã ban hành Thông tư 08/2026/TT-KTNN bãi bỏ toàn bộ hai văn bản quy phạm pháp luật do Tổng Kiểm toán nhà nước ban hành.

TẢI VỀ

Theo đó, Thông tư 08/2026/TT-KTNN quy định bãi bỏ toàn bộ hai văn bản quy phạm pháp luật do Tổng Kiểm toán nhà nước ban hành sau đây:

- Quyết định 01/2023/QĐ-KTNN ngày 10 tháng 01 năm 2023 của Tổng Kiểm toán nhà nước ban hành Hệ thống mẫu biểu hồ sơ kiểm toán.

- Quyết định 09/2023/QĐ-KTNN ngày 02 tháng 6 năm 2023 của Tổng Kiểm toán nhà nước sửa đổi, bổ sung một số điều của một số văn bản quy phạm do Tổng Kiểm toán nhà nước ban hành.

>>> Xem chi tiết Thông tư 08/2026/TT-KTNN bãi bỏ toàn bộ hai văn bản quy phạm pháp luật của Kiểm toán Nhà nước

TẢI VỀ

* Trên đây là Toàn văn Thông tư 08 2026 TT KTNN bãi bỏ văn bản quy phạm pháp luật của Kiểm toán Nhà nước chi tiết thế nào?

Toàn văn Thông tư 08 2026 TT KTNN bãi bỏ văn bản quy phạm pháp luật của Kiểm toán Nhà nước chi tiết thế nào? (Hình từ Internet)

Căn cứ Điều 14 Luật Kiểm toán nhà nước 2015 quy định quyền hạn của Tổng Kiểm toán nhà nước như sau:

- Ban hành quyết định kiểm toán.

- Được mời tham dự phiên họp toàn thể của Quốc hội, phiên họp của Ủy ban thường vụ Quốc hội, phiên họp của Chính phủ về vấn đề có liên quan.

- Ban hành văn bản quy phạm pháp luật theo quy định của Luật ban hành văn bản quy phạm pháp luật.

- Kiến nghị Bộ trưởng, Thủ trưởng cơ quan ngang bộ, Thủ trưởng cơ quan thuộc Chính phủ, các cơ quan khác ở trung ương, Chủ tịch Ủy ban nhân dân tỉnh, thành phố trực thuộc trung ương, thủ trưởng cấp trên trực tiếp của đơn vị được kiểm toán xử lý theo thẩm quyền đối với cơ quan, tổ chức, cá nhân có hành vi cản trở hoạt động kiểm toán của Kiểm toán nhà nước; cung cấp thông tin, tài liệu sai sự thật cho Kiểm toán nhà nước; không thực hiện hoặc thực hiện không đầy đủ, kịp thời kết luận, kiến nghị của Kiểm toán nhà nước. Trường hợp kết luận, kiến nghị của Kiểm toán nhà nước không được giải quyết hoặc giải quyết không đầy đủ thì Tổng Kiểm toán nhà nước kiến nghị người có thẩm quyền xem xét, xử lý theo quy định của pháp luật.

- Quyết định việc kiểm toán theo đề nghị của cơ quan, tổ chức quy định tại khoản 3 Điều 10 Luật Kiểm toán nhà nước 2015.

- Quyết định việc niêm phong tài liệu, kiểm tra tài khoản của đơn vị được kiểm toán hoặc cá nhân có liên quan.

- Đề nghị Ủy ban thường vụ Quốc hội bổ nhiệm, miễn nhiệm, cách chức đối với Phó Tổng Kiểm toán nhà nước.

Căn cứ Điều 16 Luật Kiểm toán nhà nước 2015 quy định tổ chức của Kiểm toán nhà nước như sau:

Theo đó, tổ chức của Kiểm toán nhà nước hiện nay được thực hiện như sau:

[1]. Kiểm toán nhà nước được tổ chức và quản lý tập trung thống nhất gồm Văn phòng Kiểm toán nhà nước, các đơn vị thuộc bộ máy điều hành, Kiểm toán nhà nước chuyên ngành, Kiểm toán nhà nước khu vực và đơn vị sự nghiệp công lập.

Văn phòng Kiểm toán nhà nước, Kiểm toán nhà nước khu vực và đơn vị sự nghiệp công lập có tài khoản và con dấu riêng.

[2]. Ủy ban thường vụ Quốc hội quyết định số lượng các đơn vị trực thuộc Kiểm toán nhà nước theo đề nghị của Tổng Kiểm toán nhà nước.

Trên đây là Toàn văn Thông tư 08 2026 TT KTNN bãi bỏ văn bản quy phạm pháp luật của Kiểm toán Nhà nước chi tiết thế nào?

Điều 16. Tổ chức của Kiểm toán nhà nước

1. Kiểm toán nhà nước được tổ chức và quản lý tập trung thống nhất gồm Văn phòng Kiểm toán nhà nước, các đơn vị thuộc bộ máy điều hành, Kiểm toán nhà nước chuyên ngành, Kiểm toán nhà nước khu vực và đơn vị sự nghiệp công lập.

Văn phòng Kiểm toán nhà nước, Kiểm toán nhà nước khu vực và đơn vị sự nghiệp công lập có tài khoản và con dấu riêng.

2. Ủy ban thường vụ Quốc hội quyết định số lượng các đơn vị trực thuộc Kiểm toán nhà nước theo đề nghị của Tổng Kiểm toán nhà nước.","tai-chinh-nha-nuoc","","","","2026-05-18T00:00:00","https://thuvienphapluat.vn/hoi-dap-phap-luat/toan-van-thong-tu-082026ttktnn-bai-bo-van-ban-quy-pham-phap-luat-cua-kiem-toan-nha-nuoc-chi-tiet-th-138091167.html","2026-05-21T20:22:27.172820+00:00"
"138070046","Xem lịch âm tháng 3 năm 2026 - Lịch vạn niên tháng 3 năm 2026 đầy đủ, chi tiết, mới nhất ra sao? Tháng 3 2026 có ngày lễ lớn nào không?","Xem lịch âm tháng 3 năm 2026 - Lịch vạn niên tháng 3 năm 2026 đầy đủ, chi tiết, mới nhất ra sao? Tháng 3 2026 có ngày lễ lớn nào không?

Người lao động được kiểm tra, giám sát việc trích nộp kinh phí công đoàn tại nơi làm việc không?

Người lao động được tham gia ý kiến về những nội dung nào?

Xem lịch âm tháng 3 năm 2026 - Lịch vạn niên tháng 3 năm 2026 đầy đủ, chi tiết, mới nhất dưới đây:

Lịch Tháng 3 năm 2026

Lịch Tháng 4 năm 2026

Lịch Tháng 5 năm 2026

Có thể thấy:

Theo lịch vạn niên, Tháng 3 năm 2026 âm lịch bao gồm 30 ngày. Trong đó:

- Ngày 01/3/2026 âm lịch sẽ rơi vào ngày 17/4/2026 dương lịch (Thứ sáu)

- Ngày 30/3/2026 âm lịch là ngày 16/5/2026 dương lịch (Thứ bảy).

Ngoài ra, Tháng 3 năm 2026 dương lịch bao gồm 31 ngày, cụ thể:

- Ngày 01/3/2026 dương lịch rơi vào Chủ nhật nhằm ngày 13/1/2026 âm lịch.

- Ngày 31/3/2026 dương lịch rơi vào Thứ ba nhằm ngày 13/2/2026 âm lịch.

Ngoài ra, tại Điều 4 Nghị định 145/2013/NĐ-CP có quy định về các ngày lễ lớn như sau:

Như vậy, trong tháng 3 năm 2026 theo dương lịch, nước ta không có ngày lễ lớn nào. Tuy nhiên, theo lịch âm, nước ta có Ngày Giỗ Tổ Hùng Vương (10-3 Âm lịch) là ngày lễ lớn.

* Trên đây là Thông tin Xem lịch âm tháng 2 năm 2026 - Lịch vạn niên tháng 2 năm 2026 đầy đủ, chi tiết, mới nhất ra sao? Tháng 2 2026 có ngày lễ lớn nào không?

Xem thêm:

>>> Lịch Vạn niên 2026 - Lịch âm 2026 - Lịch dương 2026 chi tiết, đầy đủ 365 ngày tương ứng âm và dương?

>>> Xem lịch âm tháng 1 năm 2026 - Lịch vạn niên tháng 1 năm 2026 đầy đủ, chi tiết, mới nhất ra sao? Tháng 1 2026 có ngày lễ lớn nào không?

Xem lịch âm tháng 3 năm 2026 - Lịch vạn niên tháng 3 năm 2026 đầy đủ, chi tiết, mới nhất ra sao? Tháng 3 2026 có ngày lễ lớn nào không? (Hình từ Internet)

Căn cứ theo Điều 46 Nghị định 145/2020/NĐ-CP quy định nội dung, hình thức người lao động được kiểm tra, giám sát như sau:

Như vậy, theo quy định, người lao động có quyền kiểm tra, giám sát việc trích nộp kinh phí công đoàn tại nơi làm việc.

Tại khoản 1 Điều 44 Nghị định 145/2020/NĐ-CP quy định người lao động được tham gia ý kiến về những nội dung sau:

- Xây dựng, sửa đổi, bổ sung nội quy, quy chế và các văn bản quy định khác của người sử dụng lao động liên quan đến quyền, nghĩa vụ và lợi ích của người lao động;

- Xây dựng, sửa đổi, bổ sung thang lương, bảng lương, định mức lao động; đề xuất nội dung thương lượng tập thể;

- Đề xuất, thực hiện giải pháp tiết kiệm chi phí, nâng cao năng suất lao động, cải thiện điều kiện làm việc, bảo vệ môi trường, phòng chống cháy nổ;

- Nội dung khác liên quan đến quyền, nghĩa vụ và lợi ích của người lao động theo quy định của pháp luật.

Đồng thời, những nội dung quy định tại khoản 1 Điều 44 Nghị định 145/2020/NĐ-CP mà pháp luật quy định cụ thể hình thức người lao động tham gia ý kiến thì thực hiện theo quy định đó; trường hợp pháp luật không quy định cụ thể hình thức thì người lao động căn cứ vào đặc điểm sản xuất, kinh doanh, tổ chức lao động, nội dung người lao động được tham gia ý kiến và quy chế dân chủ ở cơ sở tại nơi làm việc để lựa chọn hình thức sau đây:

- Tham gia ý kiến trực tiếp hoặc thông qua tổ chức đại diện người lao động tại cơ sở, nhóm đại diện đối thoại của người lao động tại hội nghị người lao động, đối thoại tại nơi làm việc;

- Gửi góp ý, kiến nghị trực tiếp;

- Hình thức khác mà pháp luật không cấm.

Điều 4. Các ngày lễ lớn

Các ngày lễ lớn trong nước bao gồm:

1. Ngày Tết Nguyên đán (01 tháng Giêng Âm lịch).

2. Ngày thành lập Đảng Cộng sản Việt Nam (03-02-1930).

3. Ngày Giỗ Tổ Hùng Vương (10-3 Âm lịch).

4. Ngày Giải phóng miền Nam, thống nhất đất nước (30-4-1975).

5. Ngày Chiến thắng Điện Biên Phủ (07-5-1954).

6. Ngày sinh Chủ tịch Hồ Chí Minh (19-5-1890).

7. Ngày Cách mạng Tháng Tám (19-8-1945) và Ngày Quốc khánh nước Cộng hòa xã hội chủ nghĩa Việt Nam (02-9-1945).

Điều 46. Nội dung, hình thức người lao động được kiểm tra, giám sát

1. Người lao động được kiểm tra, giám sát những nội dung sau:

a) Việc thực hiện hợp đồng lao động và thỏa ước lao động tập thể;

b) Việc thực hiện nội quy lao động, quy chế và các văn bản quy định khác của người sử dụng lao động liên quan đến quyền, nghĩa vụ và lợi ích của người lao động;

c) Việc sử dụng quỹ khen thưởng, quỹ phúc lợi, các quỹ do người lao động đóng góp;

d) Việc trích nộp kinh phí công đoàn, đóng bảo hiểm xã hội, bảo hiểm y tế, bảo hiểm thất nghiệp của người sử dụng lao động;

đ) Việc thực hiện thi đua, khen thưởng, kỷ luật, giải quyết khiếu nại, tố cáo liên quan đến quyền, nghĩa vụ và lợi ích của người lao động.

2. Hình thức kiểm tra, giám sát của người lao động thực hiện theo quy định của pháp luật.","tai-chinh-nha-nuoc","","","","2026-05-18T00:00:00","https://thuvienphapluat.vn/hoi-dap-phap-luat/xem-lich-am-thang-3-nam-2026--lich-van-nien-thang-3-nam-2026-day-du-chi-tiet-moi-nhat-ra-sao-thang--138070046.html","2026-05-21T20:25:16.145432+00:00"
"138090826","Trình tự thực hiện giám định tư pháp trong lĩnh vực tài chính từ 1/5/2026 ra sao?","Trình tự thực hiện giám định tư pháp trong lĩnh vực tài chính từ 1/5/2026 ra sao?

Danh mục lĩnh vực chuyên môn, chuyên ngành giám định trong lĩnh vực tài chính gồm những gì?

Trách nhiệm của các đơn vị thuộc Bộ Tài chính trong việc giám định tư pháp ra sao?

Theo Điều 9 Thông tư 46/2026/TT-BTC quy định về trình tự thực hiện giám định tư pháp trong lĩnh vực tài chính như sau:

(1) Giám định viên tư pháp, người giám định tư pháp theo vụ việc trong lĩnh vực tài chính xem xét, nghiên cứu nội dung trưng cầu giám định:

- Xác định rõ đối tượng giám định, nội dung trưng cầu giám định;

- Nghiên cứu, phân tích hồ sơ trưng cầu giám định đã được cung cấp;

- Tiến hành so sánh, đối chiếu đối tượng giám định, nội dung trưng cầu giám định với quy chuẩn chuyên môn theo quy định;

- Đưa ra kết luận rõ ràng, cụ thể về nội dung chuyên môn của đối tượng giám định theo nội dung trưng cầu giám định.

Trường hợp cần thiết, cá nhân, tổ chức thực hiện giám định đề nghị với người trưng cầu giám định cho khảo sát đối tượng giám định để phục vụ công tác thực hiện giám định, trừ trường hợp pháp luật có quy định khác.

(2) Trong quá trình thực hiện giám định, nếu có nội dung mới hoặc vấn đề khác phát sinh thì cá nhân, tổ chức giám định tư pháp theo vụ việc thực hiện giám định phải thông báo ngay bằng văn bản cho người trưng cầu giám định biết và thống nhất phương án giải quyết.

(3) Trường hợp có thay đổi người thực hiện giám định, cơ quan, đơn vị được trưng cầu giám định có trách nhiệm thông báo bằng văn bản cho người trưng cầu giám định biết.

(4) Trong quá trình thực hiện, người thực hiện giám định tư pháp, tổ chức giám định tư pháp phải lập văn bản hoặc dữ liệu điện tử ghi nhận quá trình thực hiện giám định theo Điều 34 Luật Giám định tư pháp 2025; mẫu văn bản ghi nhận quá trình thực hiện giám định theo Phụ lục III ban hành kèm theo Thông tư 46/2026/TT-BTC

(5) Giám định viên tư pháp, người giám định tư pháp theo vụ việc khi thực hiện giám định tư pháp có quyền sử dụng kết quả thực nghiệm, xét nghiệm, kết luận chuyên môn hoặc kết luận giám định do tổ chức, cá nhân khác đã thực hiện phục vụ cho việc giám định.

(6) Việc phối hợp trong khi thực hiện công tác giám định tư pháp được thực hiện theo văn bản của cấp có thẩm quyền quy định về công tác phối hợp và trách nhiệm trong hoạt động trưng cầu giám định tư pháp.

Trình tự thực hiện giám định tư pháp trong lĩnh vực tài chính từ 1/5/2026 ra sao? (Hình từ Internet)

Theo Điều 3 Thông tư 46/2026/TT-BTC quy định danh mục lĩnh vực chuyên môn, chuyên ngành giám định trong lĩnh vực tài chính bao gồm:

- Giám định tư pháp về kế toán, kiểm toán; giá, thẩm định giá; chứng khoán; thuế; hải quan; tài sản công; tài chính doanh nghiệp; quản lý doanh nghiệp, hộ kinh doanh, hợp tác xã; đầu tư, đấu thầu, đầu tư công, quy hoạch; kinh doanh bảo hiểm; dự trữ quốc gia, thống kê; thực hiện chế độ, chính sách bảo hiểm xã hội, bảo hiểm y tế, tổ chức thu, chi chế độ bảo hiểm thất nghiệp.

- Giám định tư pháp về các lĩnh vực tài chính khác theo quy định của pháp luật thuộc chức năng, nhiệm vụ của Bộ Tài chính.

Theo Điều 14 Thông tư 46/2026/TT-BTC quy định trách nhiệm của các đơn vị thuộc Bộ Tài chính trong việc giám định tư pháp như sau:

- Trách nhiệm của đơn vị có giám định viên tư pháp, người giám định tư pháp theo vụ việc được giao thực hiện giám định tư pháp:

+ Tạo điều kiện cho công chức, viên chức đơn vị thực hiện giám định;

+ Thực hiện chế độ thông tin, báo cáo và các nội dung theo quy định của pháp luật về giám định tư pháp;

+ Căn cứ quy định về tiêu chuẩn, điều kiện bổ nhiệm, miễn nhiệm giám định viên tư pháp, công nhận, hủy bỏ công nhận người giám định tư pháp theo vụ việc, rà soát, đề xuất với Vụ Tổ chức cán bộ tổng hợp, trình Bộ trưởng Bộ Tài chính xem xét, quyết định bổ nhiệm, bổ nhiệm lại, miễn nhiệm, cấp thẻ, thu hồi thẻ giám định viên tư pháp, công nhận, hủy bỏ công nhận người giám định tư pháp theo vụ việc trong lĩnh vực tài chính theo quy định;

+ Căn cứ nội dung trưng cầu giám định tư pháp và phân công của Bộ Tài chính để cử, từ chối giám định viên tư pháp, người giám định tư pháp theo vụ việc theo quy định;

+ Tham mưu, trình Bộ trưởng Bộ Tài chính công nhận tổ chức giám định tư pháp theo vụ việc trong lĩnh vực quản lý nhà nước của đơn vị theo quy định pháp luật;

+ Căn cứ điều kiện cụ thể của tổ chức, đơn vị, người đứng đầu tổ chức, đơn vị có thể ban hành quy chế hoặc quy trình tiếp nhận, cử giám định viên tư pháp; đề nghị công nhận, hủy bỏ công nhận; đăng tải danh sách giám định viên để triển khai trong nội bộ đơn vị mình bảo đảm thực hiện đúng quy định của pháp luật về giám định tư pháp;

+ Chỉ đạo, hướng dẫn công chức, viên chức đơn vị thực hiện giám định tư pháp lưu trữ hoặc bàn giao hồ sơ, lưu trữ hồ sơ giám định theo quy định;

+ Phối hợp tham gia hướng dẫn, bồi dưỡng, tập huấn liên quan đến công tác giám định trong lĩnh vực tài chính theo quy định;

+ Thực hiện các nhiệm vụ được giao theo quy định tại Thông tư này.

- Trách nhiệm của Vụ Tổ chức cán bộ:

+ Thực hiện trách nhiệm liên quan đến việc tham mưu giúp Bộ trưởng Bộ Tài chính thực hiện bổ nhiệm, cấp thẻ, miễn nhiệm, thu hồi thẻ giám định viên tư pháp và đăng tải danh sách giám định viên tư pháp; công nhận, hủy bỏ công nhận, đăng tải danh sách người giám định tư pháp theo vụ việc, thành lập Hội đồng giám định theo quy định tại Luật Giám định tư pháp 2025 và các văn bản hướng dẫn;

+ Chủ trì, phối hợp với các đơn vị thuộc Bộ Tài chính có liên quan căn cứ nội dung trưng cầu giám định tư pháp đề trình Bộ trưởng Bộ Tài chính cử, từ chối giám định viên tư pháp, người giám định tư pháp theo vụ việc theo quy định;

+ Hằng năm, trên cơ sở đề xuất khen thưởng của các đơn vị có liên quan, tham mưu Bộ trưởng khen thưởng người giám định tư pháp có thành tích xuất sắc trong hoạt động giám định tư pháp;

+ Thực hiện các nhiệm vụ được giao theo quy định tại Thông tư này.

- Trách nhiệm của Vụ Pháp chế:

+ Chủ trì, phối hợp với các đơn vị thuộc Bộ Tài chính nghiên cứu, xây dựng văn bản quy phạm pháp luật về giám định tư pháp trong lĩnh vực tài chính theo phân công, chỉ đạo của Bộ Tài chính;

+ Chủ trì, phối hợp với các đơn vị liên quan kiểm tra, khảo sát, hướng dẫn thực hiện, tuyên truyền phổ biến pháp luật về giám định tư pháp trong lĩnh vực tài chính;

+ Phối hợp tham gia hướng dẫn, bồi dưỡng, tập huấn liên quan đến công tác giám định trong lĩnh vực tài chính theo quy định;

+ Chủ trì, phối hợp với các đơn vị liên quan thực hiện sơ kết, tổng kết, đánh giá về tình hình thực hiện công tác giám định tư pháp.

- Trường Bồi dưỡng cán bộ Kinh tế - Tài chính chủ trì, phối hợp với các cơ quan, đơn vị liên quan xây dựng chương trình, nội dung và tổ chức bồi dưỡng kiến thức pháp luật và nghiệp vụ giám định tư pháp theo quy định.","tai-chinh-nha-nuoc","","","","2026-05-16T00:00:00","https://thuvienphapluat.vn/hoi-dap-phap-luat/trinh-tu-thuc-hien-giam-dinh-tu-phap-trong-linh-vuc-tai-chinh-tu-152026-ra-sao-138090826.html","2026-05-21T20:22:35.956396+00:00"
"138090071","Vay tài sản là vàng thì trả bằng vàng hay là quy đổi vàng thành tiền theo Công văn 250?","Vay tài sản là vàng thì trả bằng vàng hay là quy đổi vàng thành tiền theo Công văn 250?

Lãi suất vay tối đa bao nhiêu một năm?

Nghĩa vụ trả nợ của bên vay được quy định như thế nào?

Căn cứ tại Tiểu mục 31 Mục 2 Công văn 250/TANDTC-PC năm 2026 quy định vay tài sản là vàng thì trả bằng vàng hay là quy đổi vàng thành tiền như sau:

Trường hợp giải quyết tranh chấp hợp đồng vay tài sản là vàng thì Tòa án quyết định các cá nhân thanh toán cho nhau bằng vàng hay là quy đổi vàng thành tiền. Trường hợp Tòa án quyết định việc thanh toán bằng vàng thì có tuyên lãi chậm thực hiện nghĩa vụ trả nợ không?

Khoản 1 và khoản 2 Điều 466 Bộ luật Dân sự 2015 quy định:

Trong trường hợp nêu trên, do đối tượng của hợp đồng vay là vàng, nên Tòa án phải giải quyết buộc bên vay trả lại cho bên cho vay số vàng đã vay, trừ trường hợp có thỏa thuận khác bảo đảm đúng quy định pháp luật. Tuy nhiên, Tòa án vẫn quy đổi vàng thành tiền theo giá thị trường tại thời điểm xét xử sơ thẩm để tính án phí, chi phí tố tụng.

Trong trường hợp Tòa án quyết định bên vay trả lại vàng cho bên cho vay thì không quyết định bên vay phải chịu lãi chậm thực hiện nghĩa vụ trả nợ, trừ trường hợp có thỏa thuận khác.

Trường hợp hợp đồng vay tài sản là vàng có thỏa thuận lãi thì nghĩa vụ trả lãi được thực hiện theo thỏa thuận phù hợp với quy định của pháp luật.

Trên đây là thông tin: Vay tài sản là vàng thì trả bằng vàng hay là quy đổi vàng thành tiền theo Công văn 250?

Xem thêm: Loại vàng miếng nào được giao dịch mua bán? Quy trình mua bán vàng miếng giữa Ngân hàng Nhà nước với các tổ chức tín dụng, doanh nghiệp như thế nào?

Vay tài sản là vàng thì trả bằng vàng hay là quy đổi vàng thành tiền theo Công văn 250? (Hình từ Internet)

Căn cứ theo Điều 468 Bộ luật Dân sự 2015 quy định lãi suất:

Theo quy định trên, lã suất vay do các bên thỏa thuận tối đa 20%/năm của khoản tiền vay, trừ trường hợp luật khác có liên quan quy định khác.

Căn cứ tình hình thực tế và theo đề xuất của Chính phủ, Ủy ban thường vụ Quốc hội quyết định điều chỉnh mức lãi suất nói trên và báo cáo Quốc hội tại kỳ họp gần nhất.

Căn cứ theo Điều 466 Bộ luật Dân sự 2015 quy định nghĩa vụ trả nợ của bên vay như sau:

(1) Bên vay tài sản là tiền thì phải trả đủ tiền khi đến hạn; nếu tài sản là vật thì phải trả vật cùng loại đúng số lượng, chất lượng, trừ trường hợp có thỏa thuận khác.

(2) Trường hợp bên vay không thể trả vật thì có thể trả bằng tiền theo trị giá của vật đã vay tại địa điểm và thời điểm trả nợ, nếu được bên cho vay đồng ý.

(3) Địa điểm trả nợ là nơi cư trú hoặc nơi đặt trụ sở của bên cho vay, trừ trường hợp có thỏa thuận khác.

(4) Trường hợp vay không có lãi mà khi đến hạn bên vay không trả nợ hoặc trả không đầy đủ thì bên cho vay có quyền yêu cầu trả tiền lãi với mức lãi suất theo quy định tại khoản 2 Điều 468 Bộ luật Dân sự 2015 trên số tiền chậm trả tương ứng với thời gian chậm trả, trừ trường hợp có thỏa thuận khác hoặc luật có quy định khác.

(5) Trường hợp vay có lãi mà khi đến hạn bên vay không trả hoặc trả không đầy đủ thì bên vay phải trả lãi như sau:

- Lãi trên nợ gốc theo lãi suất thỏa thuận trong hợp đồng tương ứng với thời hạn vay mà đến hạn chưa trả; trường hợp chậm trả thì còn phải trả lãi theo mức lãi suất quy định tại khoản 2 Điều 468 Bộ luật Dân sự 2015;

- Lãi trên nợ gốc quá hạn chưa trả bằng 150% lãi suất vay theo hợp đồng tương ứng với thời gian chậm trả, trừ trường hợp có thỏa thuận khác.

1. Bên vay tài sản là tiền thì phải trả đủ tiền khi đến hạn; nếu tài sản là vật thì phải trả vật cùng loại đúng số lượng, chất lượng, trừ trường hợp có thỏa thuận khác.

2. Trường hợp bên vay không thể trả vật thì có thể trả bằng tiền theo trị giá của vật đã vay tại địa điểm và thời điểm trả nợ, nếu được bên cho vay đồng ý

Điều 468. Lãi suất

1. Lãi suất vay do các bên thỏa thuận.

Trường hợp các bên có thỏa thuận về lãi suất thì lãi suất theo thỏa thuận không được vượt quá 20%/năm của khoản tiền vay, trừ trường hợp luật khác có liên quan quy định khác. Căn cứ tình hình thực tế và theo đề xuất của Chính phủ, Ủy ban thường vụ Quốc hội quyết định điều chỉnh mức lãi suất nói trên và báo cáo Quốc hội tại kỳ họp gần nhất.

Trường hợp lãi suất theo thỏa thuận vượt quá lãi suất giới hạn được quy định tại khoản này thì mức lãi suất vượt quá không có hiệu lực.

2. Trường hợp các bên có thỏa thuận về việc trả lãi, nhưng không xác định rõ lãi suất và có tranh chấp về lãi suất thì lãi suất được xác định bằng 50% mức lãi suất giới hạn quy định tại khoản 1 Điều này tại thời điểm trả nợ.","tai-chinh-nha-nuoc","","","","2026-05-11T00:00:00","https://thuvienphapluat.vn/hoi-dap-phap-luat/vay-tai-san-la-vang-thi-tra-bang-vang-hay-la-quy-doi-vang-thanh-tien-theo-cong-van-250-138090071.html","2026-05-21T20:22:43.198591+00:00"
"138090190","Tải về 02 mẫu giấy rút dự toán ngân sách nhà nước theo Nghị định 254 ở đâu?","Tải về 02 mẫu giấy rút dự toán ngân sách nhà nước theo Nghị định 254 ở đâu?

Thu ngân sách nhà nước bao gồm những gì?

Nguyên tắc quản lý ngân sách nhà nước hiện nay như thế nào?

Căn cứ tại Phụ lục Hệ thống biểu mẫu ban hành kèm theo Nghị định 254/2025/NĐ-CP có quy định 02 mẫu giấy rút dự toán ngân sách nhà nước theo Nghị định 254.

Tải về 02 mẫu giấy rút dự toán ngân sách nhà nước theo Nghị định 254 dưới đây:

Mẫu số 04.d/TT

Giấy rút dự toán ngân sách nhà nước

TẢI VỀ

Mẫu số 07/TT

Giấy rút dự toán ngân sách nhà nước bằng ngoại tệ

TẢI VỀ

* Trên đây là Thông tin Tải về 02 mẫu giấy rút dự toán ngân sách nhà nước theo Nghị định 254 ở đâu?

Xem thêm:

>>> Tải Mẫu 04.a.nn/TT Nghị định 254 Giấy đề nghị thanh toán vốn của chủ đầu tư là mẫu nào?

>>> Mẫu Ủy nhiệm chi ngoại tệ 05.c/TT Nghị định 254 là mẫu nào?

Tải về 02 mẫu giấy rút dự toán ngân sách nhà nước theo Nghị định 254 ở đâu? (Hình từ Internet)

Căn cứ khoản 1 Điều 5 Luật Ngân sách nhà nước 2025 quy định về phạm vi ngân sách nhà nước như sau:

Như vậy, thu ngân sách nhà nước bao gồm:

- Toàn bộ các khoản thu từ thuế, lệ phí và các khoản phí thu từ các hoạt động dịch vụ do cơ quan nhà nước thực hiện;

- Các khoản phí thu từ các hoạt động dịch vụ do đơn vị sự nghiệp công lập và tổ chức được cơ quan có thẩm quyền giao cung cấp dịch vụ công nộp ngân sách nhà nước theo quy định của pháp luật;

- Các khoản viện trợ không hoàn lại của Chính phủ các nước, các tổ chức, cá nhân nước ngoài cho Nhà nước, Chính phủ Việt Nam và chính quyền địa phương; các khoản tài trợ, đóng góp tự nguyện của các tổ chức, cá nhân trong và ngoài nước;

- Các khoản thu khác theo quy định của pháp luật.

Tại Điều 8 Luật Ngân sách nhà nước 2025 quy định về nguyên tắc quản lý ngân sách nhà nước như sau:

- Ngân sách nhà nước được quản lý thống nhất, tập trung dân chủ, hiệu quả, tiết kiệm, công khai, minh bạch, công bằng; có phân công, phân cấp quản lý; gắn quyền hạn với trách nhiệm của cơ quan quản lý nhà nước các cấp.

- Toàn bộ các khoản thu, chi ngân sách phải được dự toán, tổng hợp đầy đủ vào ngân sách nhà nước.

- Các khoản thu ngân sách thực hiện theo quy định của các luật về thuế, phí, lệ phí và các khoản thu khác thuộc ngân sách theo quy định của pháp luật.

- Các khoản chi ngân sách chỉ được thực hiện khi có dự toán được cấp có thẩm quyền giao, trừ trường hợp tạm cấp ngân sách quy định tại Điều 53 của Luật này và phải bảo đảm đúng chế độ, tiêu chuẩn, định mức chi do cơ quan nhà nước có thẩm quyền quy định.

- Bảo đảm ưu tiên bố trí ngân sách cho chi đầu tư phát triển để thực hiện các chủ trương, chính sách của Đảng, Nhà nước trong từng thời kỳ về phát triển kinh tế; phát triển giáo dục, đào tạo, khoa học, công nghệ, đổi mới sáng tạo và chuyển đổi số; giảm nghèo bền vững; phát triển nông nghiệp, nông thôn, y tế; chính sách dân tộc; thực hiện mục tiêu bình đẳng giới và những chính sách quan trọng khác.

- Bố trí ngân sách để thực hiện nhiệm vụ phát triển kinh tế - xã hội; bảo đảm quốc phòng, an ninh, đối ngoại, kinh phí hoạt động của bộ máy nhà nước; các nghĩa vụ của nhà nước trong các cam kết quốc tế, cam kết với các nhà đầu tư.

- Ngân sách nhà nước bảo đảm cân đối kinh phí hoạt động của tổ chức chính trị, cơ quan Mặt trận Tổ quốc Việt Nam các cấp và các tổ chức chính trị - xã hội trực thuộc Mặt trận Tổ quốc Việt Nam; hỗ trợ các tổ chức xã hội thực hiện các nhiệm vụ được Nhà nước giao.

- Bảo đảm chi trả các khoản nợ lãi đến hạn thuộc nhiệm vụ chi của ngân sách nhà nước.

- Việc quyết định đầu tư và chi đầu tư chương trình, nhiệm vụ, dự án có sử dụng vốn ngân sách nhà nước phải phù hợp với Luật Đầu tư công và quy định của pháp luật khác có liên quan.

- Ngân sách nhà nước không hỗ trợ kinh phí hoạt động cho các quỹ tài chính nhà nước ngoài ngân sách. Trường hợp được ngân sách nhà nước hỗ trợ vốn điều lệ theo quy định của pháp luật thì phải phù hợp với khả năng của ngân sách nhà nước và chỉ thực hiện khi đáp ứng đủ các điều kiện sau: được thành lập và hoạt động theo đúng quy định của pháp luật; có khả năng tài chính độc lập; có nguồn thu, nhiệm vụ chi không trùng với nguồn thu, nhiệm vụ chi của ngân sách nhà nước.

Ngân sách nhà nước bố trí kinh phí cho các quỹ thực hiện nhiệm vụ về phát triển khoa học, công nghệ, đổi mới sáng tạo và chuyển đổi số, xây dựng chính sách, pháp luật theo quy định của pháp luật quản lý ngành, lĩnh vực phù hợp với khả năng của ngân sách nhà nước.

Điều 5. Phạm vi ngân sách nhà nước

1. Thu ngân sách nhà nước bao gồm:

a) Toàn bộ các khoản thu từ thuế, lệ phí và các khoản phí thu từ các hoạt động dịch vụ do cơ quan nhà nước thực hiện;

b) Các khoản phí thu từ các hoạt động dịch vụ do đơn vị sự nghiệp công lập và tổ chức được cơ quan có thẩm quyền giao cung cấp dịch vụ công nộp ngân sách nhà nước theo quy định của pháp luật;

c) Các khoản viện trợ không hoàn lại của Chính phủ các nước, các tổ chức, cá nhân nước ngoài cho Nhà nước, Chính phủ Việt Nam và chính quyền địa phương; các khoản tài trợ, đóng góp tự nguyện của các tổ chức, cá nhân trong và ngoài nước;

d) Các khoản thu khác theo quy định của pháp luật.

[...]","tai-chinh-nha-nuoc","","","","2026-05-11T00:00:00","https://thuvienphapluat.vn/hoi-dap-phap-luat/tai-ve-02-mau-giay-rut-du-toan-ngan-sach-nha-nuoc-theo-nghi-dinh-254-o-dau-138090190.html","2026-05-21T20:22:49.899438+00:00"
"138090191","02 mẫu Báo cáo tổng hợp tình hình tạm ứng và thu hồi vốn tạm ứng theo Nghị định 254 ra sao?","02 mẫu Báo cáo tổng hợp tình hình tạm ứng và thu hồi vốn tạm ứng theo Nghị định 254 ra sao?

Đối với công việc thực hiện không thông qua hợp đồng, việc tạm ứng vốn được thực hiện căn cứ vào đâu?

Đối với hợp đồng xây dựng, mức tạm ứng hợp đồng phải tuân thủ theo quy định nào?

Căn cứ tại Phụ lục Hệ thống biểu mẫu ban hành kèm theo Nghị định 254/2025/NĐ-CP có quy định 02 mẫu Báo cáo tổng hợp tình hình tạm ứng và thu hồi vốn tạm ứng.

Theo đó, 02 mẫu Báo cáo tổng hợp tình hình tạm ứng và thu hồi vốn tạm ứng theo Nghị định 254 như sau:

Mẫu số 08.a/SDTƯ

Báo cáo tổng hợp tình hình tạm ứng và thu hồi vốn tạm ứng (của chủ đầu tư, đơn vị, tổ chức làm nhiệm vụ bồi thường, hỗ trợ và tái định cư)

TẢI VỀ

Mẫu số 08.b/SDTƯ

Báo cáo tổng hợp tình hình tạm ứng và thu hồi vốn tạm ứng (của cơ quan kiểm soát, thanh toán)

TẢI VỀ

* Trên đây là Thông tin 02 mẫu Báo cáo tổng hợp tình hình tạm ứng và thu hồi vốn tạm ứng theo Nghị định 254 ra sao?

Xem thêm:

>>> Tải Mẫu 04.a.nn/TT Nghị định 254 Giấy đề nghị thanh toán vốn của chủ đầu tư là mẫu nào?

>>> Mẫu Ủy nhiệm chi ngoại tệ 05.c/TT Nghị định 254 là mẫu nào?

02 mẫu Báo cáo tổng hợp tình hình tạm ứng và thu hồi vốn tạm ứng theo Nghị định 254 ra sao? (Hình từ Internet)

Tại khoản 1 Điều 9 Nghị định 254/2025/NĐ-CP quy định về tạm ứng vốn như sau:

Như vậy, đối với công việc thực hiện không thông qua hợp đồng, việc tạm ứng vốn được thực hiện căn cứ vào đề nghị của chủ đầu tư và bảng thông tin dự toán do chủ đầu tư lập và chịu trách nhiệm. Chủ đầu tư chịu trách nhiệm về việc đề nghị tạm ứng đảm bảo tuân thủ các nguyên tắc sau:

- Việc tạm ứng vốn được thực hiện sau khi dự toán chi phí thực hiện công việc hoặc phương án giải phóng mặt bằng được cấp có thẩm quyền phê duyệt.

Căn cứ vào nhu cầu tạm ứng vốn, chủ đầu tư có thể tạm ứng vốn một lần hoặc nhiều lần, đảm bảo việc thu hồi hết tạm ứng theo quy định tại khoản 5 Điều này.

- Chủ đầu tư có trách nhiệm cùng với đơn vị liên quan tính toán mức tạm ứng hợp lý và tuân thủ theo đúng quy định tại khoản 3 Điều 9 Nghị định 254/2025/NĐ-CP. Chủ đầu tư chịu trách nhiệm quản lý việc sử dụng vốn tạm ứng đúng mục đích, đúng đối tượng, có hiệu quả và có trách nhiệm thu hồi đủ số vốn đã tạm ứng theo quy định.

Căn cứ khoản 3 Điều 9 Nghị định 254/2025/NĐ-CP quy định cụ thể như sau:

Như vậy, riêng đối với hợp đồng xây dựng, mức tạm ứng hợp đồng phải tuân thủ theo quy định của pháp luật về xây dựng.

Điều 9. Tạm ứng vốn

1. Nguyên tắc tạm ứng vốn:

[...]

b) Đối với công việc thực hiện không thông qua hợp đồng:

Việc tạm ứng vốn được thực hiện căn cứ đề nghị của chủ đầu tư và bảng thông tin dự toán do chủ đầu tư lập và chịu trách nhiệm. Chủ đầu tư chịu trách nhiệm về việc đề nghị tạm ứng đảm bảo tuân thủ các nguyên tắc sau:

(i) Việc tạm ứng vốn được thực hiện sau khi dự toán chi phí thực hiện công việc hoặc phương án giải phóng mặt bằng được cấp có thẩm quyền phê duyệt.

Căn cứ vào nhu cầu tạm ứng vốn, chủ đầu tư có thể tạm ứng vốn một lần hoặc nhiều lần, đảm bảo việc thu hồi hết tạm ứng theo quy định tại khoản 5 Điều này.

(ii) Chủ đầu tư có trách nhiệm cùng với đơn vị liên quan tính toán mức tạm ứng hợp lý và tuân thủ theo đúng quy định tại khoản 3 Điều này. Chủ đầu tư chịu trách nhiệm quản lý việc sử dụng vốn tạm ứng đúng mục đích, đúng đối tượng, có hiệu quả và có trách nhiệm thu hồi đủ số vốn đã tạm ứng theo quy định.

[....]

Điều 9. Tạm ứng vốn

[...]

3. Mức vốn tạm ứng:

a) Mức vốn tạm ứng theo kế hoạch, tiến độ thực hiện nhiệm vụ, dự án, tiến độ bồi thường, hỗ trợ, tái định cư. Riêng đối với hợp đồng xây dựng, mức tạm ứng hợp đồng phải tuân thủ theo quy định của pháp luật về xây dựng.

b) Số vốn tạm ứng tối đa do chủ đầu tư đề nghị không vượt số tiền trong bảng tổng hợp thông tin hợp đồng, bảng tổng hợp thông tin dự toán (đối với công việc thực hiện không thông qua hợp đồng).

[...]","tai-chinh-nha-nuoc","","","","2026-05-11T00:00:00","https://thuvienphapluat.vn/hoi-dap-phap-luat/02-mau-bao-cao-tong-hop-tinh-hinh-tam-ung-va-thu-hoi-von-tam-ung-theo-nghi-dinh-254-ra-sao-138090191.html","2026-05-21T20:22:59.297517+00:00"
"138089945","Công khai Báo cáo tài chính nhà nước từ ngày 16/04/2026 được quy định như thế nào?","Công khai Báo cáo tài chính nhà nước từ ngày 16/04/2026 được quy định như thế nào?

Căn cứ lập Báo cáo tài chính nhà nước là gì?

Trách nhiệm cung cấp thông tin tài chính để lập Báo cáo tài chính nhà nước tỉnh được quy định ra sao?

Căn cứ Điều 15 Nghị định 140/2026/NĐ-CP quy định về công khai Báo cáo tài chính nhà nước, cụ thể như sau:

(1) Nội dung công khai

- Ủy ban nhân dân cấp tỉnh công khai các thông tin Báo cáo tài chính nhà nước tỉnh, bao gồm: Tài sản của Nhà nước; nguồn vốn của Nhà nước; doanh thu, chi phí và thặng dư/thâm hụt trong năm hoạt động tài chính nhà nước; lưu chuyển tiền tệ nhà nước trên phạm vi tỉnh; trừ số liệu chi tiết thuộc lĩnh vực quốc phòng, an ninh, dự trữ quốc gia; các số liệu, tài liệu khác theo quy định của pháp luật về bảo vệ bí mật nhà nước.

- Bộ Tài chính công khai các thông tin Báo cáo tài chính nhà nước toàn quốc, bao gồm: Tài sản của Nhà nước; nguồn vốn của Nhà nước; doanh thu, chi phí và thặng dư/thâm hụt trong năm hoạt động tài chính nhà nước; lưu chuyển tiền tệ nhà nước trên phạm vi toàn quốc; trừ số liệu chi tiết thuộc lĩnh vực quốc phòng, an ninh, dự trữ quốc gia; các số liệu, tài liệu khác theo quy định của pháp luật về bảo vệ bí mật nhà nước.

(2) Hình thức công khai

Báo cáo tài chính nhà nước được thực hiện công khai bằng một hoặc một số hình thức sau: Đăng trên Cổng thông tin điện tử (Cổng thông tin điện tử của Bộ Tài chính đối với Báo cáo tài chính nhà nước toàn quốc, Cổng thông tin điện tử của Ủy ban nhân dân cấp tỉnh đối với Báo cáo tài chính nhà nước tỉnh), phát hành ấn phẩm, niêm yết và các hình thức khác theo quy định của pháp luật.

(3) Thời hạn công khai

- Ủy ban nhân dân cấp tỉnh công khai Báo cáo tài chính nhà nước tỉnh trong thời hạn 30 ngày, kể từ ngày Báo cáo tài chính nhà nước tỉnh được báo cáo Hội đồng nhân dân cấp tỉnh.

- Bộ Tài chính công khai Báo cáo tài chính nhà nước toàn quốc trong thời hạn 30 ngày, kể từ ngày Báo cáo tài chính nhà nước toàn quốc được báo cáo Quốc hội.

Công khai Báo cáo tài chính nhà nước từ ngày 16/04/2026 được quy định như thế nào? (Hình từ Internet)

Căn cứ Điều 12 Nghị định 140/2026/NĐ-CP quy định về căn cứ lập Báo cáo tài chính nhà nước, cụ thể là:

(1) Căn cứ lập Báo cáo tài chính nhà nước tỉnh

- Báo cáo cung cấp thông tin tài chính được quy định tại khoản 1, 2 Điều 17 Nghị định 140/2026/NĐ-CP.

- Báo cáo tài chính nhà nước tỉnh năm trước.

(2) Căn cứ lập Báo cáo tài chính nhà nước toàn quốc

- Báo cáo cung cấp thông tin tài chính được quy định tại khoản 1, 2, 3 Điều 18 Nghị định 140/2026/NĐ-CP.

- Báo cáo tài chính nhà nước tỉnh đã được Ủy ban nhân dân cấp tỉnh báo cáo Hội đồng nhân dân các tỉnh, thành phố (sau đây gọi là Hội đồng nhân dân cấp tỉnh).

- Báo cáo tài chính nhà nước toàn quốc năm trước.

Căn cứ Điều 17 Nghị định 140/2026/NĐ-CP thì trách nhiệm cung cấp thông tin tài chính để lập Báo cáo tài chính nhà nước tỉnh được quy định cụ thể như sau:

(1) Bộ Tài chính chỉ đạo, tổ chức thực hiện cung cấp thông tin tài chính để lập Báo cáo tài chính nhà nước tỉnh qua Báo cáo cung cấp thông tin tài chính của cơ quan thu ngân sách cấp tỉnh, cấp xã; cơ quan quản lý quỹ ngân sách nhà nước cấp tỉnh, cấp xã.

(2) Ủy ban nhân dân cấp tỉnh chỉ đạo, tổ chức thực hiện cung cấp thông tin tài chính để lập Báo cáo tài chính nhà nước tỉnh qua Báo cáo cung cấp thông tin tài chính của các cơ quan, đơn vị, tổ chức, gồm:

- Cơ quan, đơn vị quản lý tài sản, nguồn vốn của Nhà nước cấp tỉnh, cấp xã.

- Đơn vị kế toán cấp trên cao nhất thuộc cấp tỉnh, cấp xã (Báo cáo tài chính hợp nhất và các Báo cáo cung cấp thông tin tài chính bổ sung).

- Đơn vị kế toán độc lập thuộc cấp tỉnh, cấp xã (Báo cáo tài chính năm và các Báo cáo cung cấp thông tin tài chính bổ sung).

(3) Báo cáo cung cấp thông tin tài chính được gửi cho cơ quan có trách nhiệm lập Báo cáo tài chính nhà nước tỉnh trước ngày 05 tháng 4 năm sau. Cơ quan, đơn vị, tổ chức chịu trách nhiệm về tính chính xác và thực hiện giải trình, hoàn thiện Báo cáo cung cấp thông tin tài chính trong vòng 05 ngày làm việc kể từ ngày nhận được yêu cầu của cơ quan có trách nhiệm lập Báo cáo tài chính nhà nước tỉnh.

(4) Trường hợp các cơ quan, đơn vị, tổ chức không chấp hành đầy đủ, kịp thời chế độ cung cấp thông tin theo quy định tại Điều 17 Nghị định 140/2026/NĐ-CP, cơ quan có trách nhiệm lập Báo cáo tài chính nhà nước tỉnh đề nghị cơ quan tài chính có thẩm quyền tạm đình chỉ chi ngân sách của các cơ quan, đơn vị, tổ chức này (trừ các khoản chi lương, phụ cấp, trợ cấp xã hội, học bổng và một số khoản chi cấp thiết khác). Trường hợp cơ quan, đơn vị, tổ chức có văn bản giải trình nguyên nhân không chấp hành đầy đủ, kịp thời chế độ cung cấp thông tin là do đơn vị kế toán cấp dưới, chỉ thực hiện dừng chi ngân sách nhà nước của đơn vị kế toán cấp dưới đó. Việc chi trả chỉ được thực hiện trở lại khi cơ quan, đơn vị, tổ chức đã chấp hành đầy đủ quy định.","tai-chinh-nha-nuoc","","","","2026-05-09T00:00:00","https://thuvienphapluat.vn/hoi-dap-phap-luat/cong-khai-bao-cao-tai-chinh-nha-nuoc-tu-ngay-16042026-duoc-quy-dinh-nhu-the-nao-138089945.html","2026-05-21T20:23:08.612107+00:00"
"138074267","Hướng dẫn quyết toán thuế TNCN 2026 trên eTax Mobile chi tiết thế nào?","Hướng dẫn quyết toán thuế TNCN 2026 trên eTax Mobile chi tiết thế nào?

Hồ sơ khai thuế đối với loại thuế có kỳ tính thuế theo năm bao gồm những gì?

Thời hạn nộp hồ sơ khai thuế đối với loại thuế có kỳ tính thuế theo năm là khi nào?

Tại khoản 2 Điều 44 Luật Quản lý thuế 2019 có quy định về thời hạn nộp quyết toán thuế TNCN 2025 như sau:

- Trường hợp 1: Cá nhân ủy quyền cho tổ chức thực hiện quyết toán thuế TNCN thay cho mình

Thời gian quyết toán thuế TNCN 2025 trong năm 2026 chậm nhất là ngày cuối cùng của tháng thứ 3 kể từ ngày kết thúc năm dương lịch tức chậm nhất là ngày 31/03/2026.

- Trường hợp 2: Cá nhân tự quyết toán thuế TNCN

Thời gian quyết toán thuế TNCN 2025 trong năm 2026 chậm nhất là ngày cuối cùng của tháng thứ 4 kể từ ngày kết thúc năm dương lịch tức ngày 30/4/2026.

Tuy nhiên, căn cứ theo Điều 86 Thông tư 80/2021/TT-BTC quy định trường hợp thời hạn nộp hồ sơ khai thuế, thời hạn nộp thuế trùng với ngày nghỉ theo quy định thì thời hạn nộp hồ sơ khai thuế, thời hạn nộp thuế được tính là ngày làm việc tiếp theo của ngày nghỉ đó theo quy định tại khoản 5 Điều 148 Bộ luật Dân sự 2015.

Theo đó, ngày 30/4/2026 là ngày nghỉ lễ liên tiếp với ngày nghỉ lễ 01/5/2026 và sau đó rơi vào thứ bảy ngày 02/5/2026 và chủ nhật ngày 03/05/2026, do đó thời hạn được kéo dài đến ngày 04/5/2026.

Như vậy, đối với trường hợp cá nhân tự quyết toán thuế TNCN, thời gian quyết toán thuế TNCN 2025 trong năm 2026 chậm nhất là ngày 04/5/2026.

>>> Dưới đây là Hướng dẫn quyết toán thuế TNCN 2026 trên eTax Mobile chi tiết như sau:

Bước 1: Tải ứng dụng eTax Mobile phiên bản 3.2.3 mới nhất

- Đối với hệ điều hành Android: tải ứng dụng trên Google Play.

- Đối với hệ điều hành IOS: tải ứng dụng trên App Store.

Bước 2: Đăng nhập vào eTax Mobile

Bước 3: Chọn menu Hỗ trợ quyết toán thuế TNCN => Hỗ trợ lập tờ khai quyết toán.

Hệ thống sẽ hiển thị màn hình Hỗ trợ lập tờ khai quyết toán gồm:

- Mã số thuế: Hiển thị mặc định mã số thuế đăng nhập, không cho sửa.

- Năm quyết toán: Hiển thị list danh sách năm từ năm 2021 đến năm hiện tại.

Bước 5: Nhấn Tạo tờ khai 02/QTTTNCN gợi ý, hệ thống hiển thị màn hình Tạo tờ khai 02/QTT-TNC gợi ý gồm các thông tin sau:

- Loại tờ khai: Mặc định hiển thị: Chính thức, không cho sửa.

- Năm kê khai: Hiển thị theo năm tra cứu quyết toán, không cho sửa.

- Trường hợp quyết toán: Hiển thị mặc định Quyết toán theo năm dương lịch, không cho sửa.

- Từ tháng: Tự động hiển thị theo năm quyết toán, cho phép sửa.

- Đến tháng: Tự động hiển thị tháng cuối của năm quyết toán

Bước 6: Nhấn Tiếp tục, hệ thống thực hiện xác định cơ quan thuế nộp tờ khai.

- Trường hợp 1: Cá nhân cư trú không ký hợp đồng lao động, hoặc ký hợp đồng lao động dưới 03 tháng, hoặc ký hợp đồng cung cấp dịch vụ có thu nhập tại một nơi hoặc nhiều nơi đã khấu trừ 10%, hệ thống hỗ trợ hiển thị màn hình chọn Tỉnh/Thành phố, Quận/Huyện.

- Trường hợp 2: Cá nhân cư trú có thu nhập tiền lương, tiền công tại một nơi và thuộc diện tự khai thuế trong năm, hệ thống hỗ trợ hiển thị luôn cơ quan thuế nơi cá nhân nộp hồ sơ khai QTT (theo cơ quan thuế nơi cá nhân nộp hồ sơ khai thuế trong năm tờ khai 02/KK). Cá nhân không phải tích chọn hoặc điền bất kỳ thông tin gì.

- Trường hợp 3: Cá nhân:

+ Chỉ có 02KK-TNCN có nhiều CQT khác sau thì hệ thống thực hiện so sánh hiển thị luôn CQT nơi có nguồn thu nhập lớn nhất.

+ Đồng thời có 05QTT và 02KK thì hệ thống so sánh lấy nơi có nguồn thu nhập lớn nhất trong năm.

Lưu ý: Trường hợp các nơi có nguồn thu nhập bằng nhau thì hệ thống hiển thị danh sách Cơ quan thuế để NNT tự chọn.

Các trường hợp khác (ngoài 3 trường hợp trên) hệ thống hiển thị theo các câu hỏi để người nộp thuế chọn và nhập.

Bước 7: Sau khi xác định cơ quan thuế, hệ thống hiển thị màn hình Thông tin chung gồm:

- Cơ quan thuế quyết toán.

- Tên người nộp thuế: Tự động hiển thị tên của NNT, không cho phép sửa.

- Mã số thuế: Tự động hiển thị MST của NNT, không cho phép sửa.

- Địa chỉ: Tự động hiển thị theo thông tin ĐKT, cho phép sửa.

- Tỉnh/Thành phố: Tự động hiển thị theo thông tin ĐKT, cho phép chọn lại.

- Quận/Huyện: Tự động hiển thị theo thông tin ĐKT, cho phép chọn lại.

- Điện thoại: Tự động hiển thị, không cho sửa.

- Fax: Tự động hiển thị, không cho sửa.

- Email: Tự động hiển thị, không cho sửa.

- Mã số thuế tổ chức trả thu nhập: Tự động hiển thị, không cho sửa.

- Tên tổ chức trả thu nhập: Tự động hiển thị, không cho sửa.

- Địa chỉ: Tự động hiển thị theo đăng ký thuế của MST tổ chức trả thu nhập, không cho phép sửa.

- Quận/Huyện: Tự động hiển thị theo đăng ký thuế của MST tổ chức trả thu nhập, không cho phép sửa.

- Tỉnh/Thành phố: Tự động hiển thị theo đăng ký thuế của MST tổ chức trả thu nhập, không cho sửa.

Bước 8: Nhấn Tiếp tục, hệ thống hiển thị màn kê khai các chỉ tiêu trên tờ khai từ [20] đến [48], cho phép sửa dữ liệu.

Lưu ý: Chỉ tiêu [24] = Tổng số dòng trên bảng kê 02-1/BK-QTT-TNCN.

8.1. Trường hợp NNT nhấn Bảng kê 02-1/BK-QTT-TNCN, hệ thống hiển thị màn hình bảng kê 02-1/BK-QTTTNCN để NNT nhập:

Chọn Thêm mới người phụ thuộc, hệ thống hiển thị màn hình thông tin người phụ thuộc gồm các thông tin:

- Họ và tên [10]: Mặc định trống, bắt buộc nhập.

- Mã số thuế [11]: Mặc định trống, bắt buộc nhập/chọn 1 trong 2 chỉ tiêu [11] hoặc [12].

- Loại giấy tờ [12]: Mặc định trống, cho chọn trong danh sách.

- Số giấy tờ [13]: Mặc định trống, bắt buộc nhập nếu NSD chọn Loại giấy tờ.

- Ngày sinh [14]: Hiển thị mặc định ngày hiện tại, cho phép chọn lại.

- Quan hệ với người nộp thuế [15]: Mặc định trống, cho chọn trong danh sách.

Mục Thời gian được tính giảm trừ trong năm

- Từ tháng [16]: Mặc định trống, bắt buộc nhập.

- Đến tháng [17]: Mặc định trống, bắt buộc nhập.

Sau đó chọn Tiếp tục, hệ thống hiển thị Thông tin người phụ thuộc đã thêm.

NNT nhấn Xem chi tiết người phụ thuộc, hệ thống hiển thị màn hình Thông tin chi tiết.

Chọn Tiếp tục, hệ thống chuyển sang màn hình Thông tin hỗ trợ quyết toán thuế và lưu thông tin người phụ thuộc tại bảng kê 02-1/BK-QTTTNCN.

8.2 Trường hợp chỉ tiêu [46] > 0, hệ thống hiển thị Nhập thông tin hoàn trả:

Nhập thông tin hoàn trả, hệ thống hiển thị màn hình nhập thông tin hoàn trả gồm các thông tin:

- Số tiền hoàn trả: Hiển thị theo số tiền tại chỉ tiêu [46], không cho sửa

- Hình thức hoàn trả: Mặc định Chuyển khoản, cho chọn lại Tiền mặt.

Tại màn hình chọn Chuyển khoản điền các thông tin sau:

- Tên chủ tài khoản: Tự động hiển thị tên NNT, không cho sửa.

- Số tài khoản: Mặc định trống, bắt buộc nhập.

- Tỉnh/Thành phố: Mặc định trống, bắt buộc chọn trong danh sách.

- Tại ngân hàng/KBNN: Mặc định trống, bắt buộc chọn trong danh sách.

Tại màn hình chọn Tiền mặt hiển thị thông tin như sau:

- Tên người nhận tiền: Mặc định trống, bắt buộc nhập.

- Loại giấy tờ: Mặc định trống, bắt buộc chọn.

- CMND/CCCD/HC số: Mặc định trống, bắt buộc nhập.

- Ngày cấp: Mặc định ngày hiện tại, cho chọn lại.

- Nơi cấp: Mặc định trống, bắt buộc nhập.

- Nơi nhận hoàn tiền thuế: Mặc định trống, bắt buộc nhập.

Lưu ý: Chỉ hỗ trợ hoàn trả Tiền mặt trong trường hợp số tiền nhỏ hơn hoặc bằng 5.000.000 VND.

Sau đó chọn Tiếp tục, hệ thống chuyển sang màn hình Thông tin hỗ trợ quyết toán thuế và lưu thông tin hoàn trả NNT đã nhập.

8.3. Trường hợp chỉ tiêu [47] > 0, hệ thống hiển thị button Đề nghị bù trừ.

NNT nhấn Đề nghị bù trừ, hệ thống tự động hiển thị tất cả các khoản nộp đã quá hạn của NNT.

Lưu ý: NNT kê khai chỉ tiêu [47] Số thuế bù trừ cho khoản phải nộp ngân sách nhà nước khác = Tổng chỉ tiêu (12) Tổng Số tiền còn phải nộp đề nghị bù trừ với số tiền nộp thừa.

Sau đó chọn Tiếp tục, hệ thống chuyển sang màn hình Thông tin hỗ trợ quyết toán thuế và lưu thông tin đề nghị bù trừ đã nhập.

Bước 9: Tiếp tục, hệ thống hiển thị màn hình hoàn thành tờ khai 02 QTT.

Bước 10: Nộp tờ khai, hệ thống hiển thị màn hình Đính kèm phụ lục, bắt buộc đính kèm ít nhất 1 tài liệu.

Bước 11: Tiếp tục, hệ thống hiển thị màn nhập OTP được gửi về số điện thoại của NNT.

Bước 12: Chọn Xác nhận, hệ thống hiển thị màn thông báo Nộp tờ khai thành công.

Trên đây là Thông tin về Hướng dẫn quyết toán thuế TNCN 2025 trên eTax Mobile chi tiết thế nào?

Hướng dẫn quyết toán thuế TNCN 2026 trên eTax Mobile chi tiết thế nào? (Hình từ Internet)

Căn cứ theo khoản 3 Điều 43 Luật Quản lý thuế 2019 quy định hồ sơ khai thuế đối với loại thuế có kỳ tính thuế theo năm bao gồm:

- Hồ sơ khai thuế năm gồm tờ khai thuế năm và các tài liệu khác có liên quan đến xác định số tiền thuế phải nộp;

- Hồ sơ khai quyết toán thuế khi kết thúc năm gồm tờ khai quyết toán thuế năm, báo cáo tài chính năm, tờ khai giao dịch liên kết; các tài liệu khác có liên quan đến quyết toán thuế.

Căn cứ theo khoản 2 Điều 44 Luật Quản lý thuế 2019 quy định về thời hạn nộp hồ sơ khai thuế đối với loại thuế có kỳ tính thuế theo năm như sau:

- Chậm nhất là ngày cuối cùng của tháng thứ 3 kể từ ngày kết thúc năm dương lịch hoặc năm tài chính đối với hồ sơ quyết toán thuế năm; chậm nhất là ngày cuối cùng của tháng đầu tiên của năm dương lịch hoặc năm tài chính đối với hồ sơ khai thuế năm;

- Chậm nhất là ngày cuối cùng của tháng thứ 4 kể từ ngày kết thúc năm dương lịch đối với hồ sơ quyết toán thuế thu nhập cá nhân của cá nhân trực tiếp quyết toán thuế;

- Chậm nhất là ngày 15 tháng 12 của năm trước liền kề đối với hồ sơ khai thuế khoán của hộ kinh doanh, cá nhân kinh doanh nộp thuế theo phương pháp khoán; trường hợp hộ kinh doanh, cá nhân kinh doanh mới kinh doanh thì thời hạn nộp hồ sơ khai thuế khoán chậm nhất là 10 ngày kể từ ngày bắt đầu kinh doanh.

Trên đây là Thông tin về Hướng dẫn quyết toán thuế TNCN 2026 trên eTax Mobile chi tiết thế nào?","tai-chinh-nha-nuoc","","","","2026-05-09T00:00:00","https://thuvienphapluat.vn/hoi-dap-phap-luat/huong-dan-quyet-toan-thue-tncn-2026-tren-etax-mobile-chi-tiet-the-nao-138074267.html","2026-05-21T20:25:07.636419+00:00"
"138089877","Sau khi tiếp thu ý kiến, Ủy ban nhân dân cấp tỉnh phải gửi Báo cáo tài chính nhà nước tỉnh cho cơ quan nào tiếp theo?","Những lĩnh vực nào trong báo cáo tài chính nhà nước cấp tỉnh không được công khai số liệu chi tiết?

Sau khi tiếp thu ý kiến, Ủy ban nhân dân cấp tỉnh phải gửi Báo cáo tài chính nhà nước tỉnh cho cơ quan nào tiếp theo?

Tài sản thuần của Nhà nước phản ánh điều gì tại thời điểm kết thúc kỳ báo cáo tình hình tài chính nhà nước?

Căn cứ Khoản 1 Điều 15 Nghị định 140/2026/NĐ-CP quy định về nội dung công khai Báo cáo tài chính nhà nước nhà nước như sau:

Theo đó số liệu chi tiết thuộc lĩnh vực quốc phòng, an ninh, dự trữ quốc gia; các số liệu, tài liệu khác theo quy định của pháp luật về bảo vệ bí mật nhà nước trong báo cáo tài chính nhà nước tỉnh sẽ không được công khai.

Sau khi tiếp thu ý kiến, Ủy ban nhân dân cấp tỉnh phải gửi Báo cáo tài chính nhà nước tỉnh cho cơ quan nào tiếp theo? (Hình từ Internet)

Căn cứ Điều 13 Nghị định 140/2026/NĐ-CP quy định về quy trình lập, gửi Báo cáo tài chính nhà nước tỉnh như sau:

Theo đó Ủy ban nhân dân cấp tỉnh báo cáo Thường trực Hội đồng nhân dân cấp tỉnh về Báo cáo tài chính nhà nước tỉnh để cho ý kiến; tiếp thu, hoàn chỉnh để báo cáo Hội đồng nhân dân cấp tỉnh về Báo cáo tài chính nhà nước tỉnh trước ngày 01 tháng 7 năm sau và gửi Bộ Tài chính để lập Báo cáo tài chính nhà nước toàn quốc trước ngày 05 tháng 7 năm sau.

Căn cứ Điều 8 Nghị định 140/2026/NĐ-CP quy định về báo cáo tình hình tài chính nhà nước

Theo đó tài sản thuần của Nhà nước phản ánh nguồn vốn thực có của Nhà nước (không bao gồm nợ phải trả của Nhà nước) tại thời điểm kết thúc kỳ báo cáo. Tài sản thuần của Nhà nước bao gồm thặng dư/thâm hụt lũy kế, các quỹ và tài sản thuần khác của Nhà nước.

Điều 15. Công khai Báo cáo tài chính nhà nước

1. Nội dung công khai

a) Ủy ban nhân dân cấp tỉnh công khai các thông tin Báo cáo tài chính nhà nước tỉnh, bao gồm: Tài sản của Nhà nước; nguồn vốn của Nhà nước; doanh thu, chi phí và thặng dư/thâm hụt trong năm hoạt động tài chính nhà nước; lưu chuyển tiền tệ nhà nước trên phạm vi tỉnh; trừ số liệu chi tiết thuộc lĩnh vực quốc phòng, an ninh, dự trữ quốc gia; các số liệu, tài liệu khác theo quy định của pháp luật về bảo vệ bí mật nhà nước.

b) Bộ Tài chính công khai các thông tin Báo cáo tài chính nhà nước toàn quốc, bao gồm: Tài sản của Nhà nước; nguồn vốn của Nhà nước; doanh thu, chi phí và thặng dư/thâm hụt trong năm hoạt động tài chính nhà nước; lưu chuyển tiền tệ nhà nước trên phạm vi toàn quốc; trừ số liệu chi tiết thuộc lĩnh vực quốc phòng, an ninh, dự trữ quốc gia; các số liệu, tài liệu khác theo quy định của pháp luật về bảo vệ bí mật nhà nước.

[…]

Điều 13. Quy trình lập, gửi Báo cáo tài chính nhà nước tỉnh

1. Bộ Tài chính chỉ đạo, tổ chức thực hiện lập, gửi Báo cáo tài chính nhà nước tỉnh theo các bước sau:

a) Tiếp nhận, kiểm tra Báo cáo cung cấp thông tin tài chính được quy định tại khoản 1, 2 Điều 17 Nghị định này; phối hợp với các đơn vị hoàn thiện Báo cáo (nếu cần thiết).

b) Tổng hợp thông tin báo cáo và loại trừ giao dịch nội bộ.

c) Lập Báo cáo tài chính nhà nước tỉnh theo biểu mẫu quy định.

d) Gửi Ủy ban nhân dân cấp tỉnh theo thời hạn quy định của Ủy ban nhân dân cấp tỉnh (nếu có) và đảm bảo trước ngày 01 tháng 5 năm sau.

2. Ủy ban nhân dân cấp tỉnh báo cáo Thường trực Hội đồng nhân dân cấp tỉnh về Báo cáo tài chính nhà nước tỉnh để cho ý kiến; tiếp thu, hoàn chỉnh để báo cáo Hội đồng nhân dân cấp tỉnh về Báo cáo tài chính nhà nước tỉnh trước ngày 01 tháng 7 năm sau và gửi Bộ Tài chính để lập Báo cáo tài chính nhà nước toàn quốc trước ngày 05 tháng 7 năm sau.

Điều 8. Báo cáo tình hình tài chính nhà nước

1. Báo cáo tình hình tài chính nhà nước là báo cáo tài chính tổng hợp, dùng để phản ánh toàn bộ thông tin về tài sản, nguồn vốn của Nhà nước hoặc do Nhà nước kiểm soát trên phạm vi toàn quốc hoặc phạm vi tỉnh tại thời điểm kết thúc kỳ báo cáo.

2. Nội dung của Báo cáo tình hình tài chính nhà nước

a) Tài sản của Nhà nước bao gồm tài sản giao cho các đối tượng quy định tại khoản 3, 4, 5, 6, 7, 8 Điều 2 Nghị định này quản lý, sử dụng và khai thác và theo quy định (đã bao gồm các khoản dự phòng tổn thất tài sản, nếu có) trình bày theo ngắn hạn và dài hạn, gồm: Tiền và các khoản tương đương tiền; đầu tư tài chính; các khoản phải thu; hàng tồn kho; cho vay; tài sản kết cấu hạ tầng; tài sản cố định tại đơn vị; mua sắm, xây dựng dở dang; tài sản khác.

Tài sản của Nhà nước không bao gồm các tài sản cố định đặc thù (như: Cổ vật, hiện vật trưng bày trong bảo tàng, lăng tẩm, di tích lịch sử được xếp hạng, tài liệu cổ, tài liệu quý hiếm, thương hiệu của đơn vị sự nghiệp công lập,...); đất chưa giao quyền sử dụng; tài nguyên và các tài sản khác đang được theo dõi theo giá trị quy ước hoặc chưa xác định được giá trị.

b) Nguồn vốn của Nhà nước, gồm: Nợ phải trả và tài sản thuần của Nhà nước

Nợ phải trả của Nhà nước là nghĩa vụ hiện tại của Nhà nước phát sinh từ các sự kiện trong quá khứ, việc thanh toán các nghĩa vụ này sẽ làm giảm nguồn lực của Nhà nước. Nợ phải trả của Nhà nước bao gồm các khoản nợ của Chính phủ, nợ của chính quyền địa phương, nợ và các khoản phải trả khác của các đối tượng quy định tại khoản 3, 4, 5, 6, 7, 8 Điều 2 Nghị định này có nghĩa vụ phải trả (đã bao gồm các khoản dự phòng nợ phải trả, nếu có). Nợ phải trả của Nhà nước được trình bày theo ngắn hạn và dài hạn.

Tài sản thuần của Nhà nước phản ánh nguồn vốn thực có của Nhà nước (không bao gồm nợ phải trả của Nhà nước) tại thời điểm kết thúc kỳ báo cáo. Tài sản thuần của Nhà nước bao gồm thặng dư/thâm hụt lũy kế, các quỹ và tài sản thuần khác của Nhà nước.

3. Biểu mẫu Báo cáo tình hình tài chính nhà nước toàn quốc và Báo cáo tình hình tài chính nhà nước tỉnh được quy định tại Phụ lục I ban hành kèm theo Nghị định này.","tai-chinh-nha-nuoc","","","","2026-05-08T00:00:00","https://thuvienphapluat.vn/hoi-dap-phap-luat/sau-khi-tiep-thu-y-kien-uy-ban-nhan-dan-cap-tinh-phai-gui-bao-cao-tai-chinh-nha-nuoc-tinh-cho-co-qu-138089877.html","2026-05-21T20:23:15.349561+00:00"
"138089805","Xử lý thiếu hụt tạm thời quỹ ngân sách nhà nước như thế nào?","Xử lý thiếu hụt tạm thời quỹ ngân sách nhà nước như thế nào?

Báo cáo tình hình chấp hành ngân sách nhà nước như thế nào?

Ngân quỹ nhà nước được hình thành từ đâu?

Căn cứ thep Điều 60 Luật Ngân sách nhà nước 2025 quy định xử lý thiếu hụt tạm thời quỹ ngân sách nhà nước như sau:

- Trường hợp quỹ ngân sách trung ương thiếu hụt tạm thời thì được tạm ứng từ quỹ dự trữ tài chính trung ương, ngân quỹ nhà nước và các nguồn tài chính hợp pháp khác để xử lý; nếu quỹ dự trữ tài chính, ngân quỹ nhà nước và các nguồn tài chính hợp pháp khác không đáp ứng được thì Ngân hàng Nhà nước Việt Nam tạm ứng cho C theo quyết định của Thủ tướng Chính phủ. Việc tạm ứng từ Ngân hàng Nhà nước Việt Nam phải được hoàn trả trong năm ngân sách, trừ trường hợp đặc biệt do Ủy ban Thường vụ Quốc hội quyết định.

- Trường hợp quỹ ngân sách cấp tỉnh thiếu hụt tạm thời chưa đáp ứng được nhu cầu chi theo dự toán thì được tạm ứng từ quỹ dự trữ tài chính địa phương, quỹ dự trữ tài chính trung ương, ngân sách trung ương, các nguồn tài chính hợp pháp khác để xử lý và phải hoàn trả trong vòng 12 tháng kể từ ngày tạm ứng.

- Trường hợp quỹ ngân sách cấp xã thiếu hụt tạm thời chưa đáp ứng được nhu cầu chi theo dự toán thì được tạm ứng từ quỹ dự trữ tài chính cấp tỉnh, ngân sách cấp tỉnh, các nguồn tài chính hợp pháp khác để xử lý và phải hoàn trả trong vòng 12 tháng kể từ ngày tạm ứng.

>>> Xem thêm: Mẫu dự toán thu chi ngân sách nhà nước mới nhất 2026 như thế nào?

>>> Xem thêm: Thông tư 324 BTC mục lục ngân sách nhà nước còn hiệu lực không?

Xử lý thiếu hụt tạm thời quỹ ngân sách nhà nước như thế nào? (Hình từ Internet)

Tại Điều 62 Luật Ngân sách nhà nước 2025 quy định báo cáo tình hình chấp hành ngân sách nhà nước như sau:

- Cơ quan thuế và cơ quan hải quan các cấp định kỳ báo cáo cơ quan tài chính và các cơ quan có liên quan về thực hiện thu ngân sách nhà nước theo quy định của pháp luật.

- Kho bạc Nhà nước định kỳ báo cáo cơ quan tài chính và các cơ quan có liên quan về thực hiện thu, chi ngân sách nhà nước theo quy định của pháp luật.

- Đơn vị dự toán cấp I định kỳ báo cáo cơ quan tài chính và các cơ quan có liên quan về thực hiện thu, chi ngân sách nhà nước theo quy định của pháp luật.

- Cơ quan tài chính các cấp ở địa phương định kỳ báo cáo Ủy ban nhân dân cùng cấp và các cơ quan có liên quan về thực hiện thu, chi ngân sách địa phương; báo cáo cơ quan tài chính cấp trên về tình hình sử dụng các khoản bổ sung có mục tiêu từ ngân sách cấp trên theo quy định của pháp luật.

- Ủy ban nhân dân báo cáo Thường trực Hội đồng nhân dân và Hội đồng nhân dân cùng cấp các nội dung theo quy định tại khoản 3 Điều 54 và khoản 2 Điều 61 của Luật này; báo cáo Hội đồng nhân dân cùng cấp tình hình thực hiện ngân sách địa phương tại kỳ họp cuối năm và báo cáo đánh giá bổ sung tại kỳ họp thường kỳ gần nhất trong năm sau.

- Ủy ban nhân dân cấp dưới định kỳ báo cáo cơ quan tài chính cấp trên về thực hiện thu, chi ngân sách địa phương, Ủy ban nhân dân cấp tỉnh định kỳ báo cáo Bộ Tài chính về tình hình thực hiện thu ngân sách nhà nước trên địa bàn, tình hình thực hiện thu, chi ngân sách địa phương.

- Bộ Tài chính định kỳ báo cáo Chính phủ và các cơ quan có liên quan về thực hiện thu, chi ngân sách nhà nước theo quy định của pháp luật.

- Chính phủ báo cáo Ủy ban Thường vụ Quốc hội các nội dung theo quy định tại khoản 2 Điều 54 và khoản 2 Điều 61 Luật Ngân sách nhà nước 2025; Chính phủ báo cáo Quốc hội tình hình thực hiện thu, chi ngân sách nhà nước tại kỳ họp cuối năm và báo cáo đánh giá bổ sung về tình hình thực hiện thu, chi ngân sách tại kỳ họp thường kỳ gần nhất trong năm sau.

Theo Điều 64 Luật Ngân sách nhà nước 2025 quy định về quản lý ngân quỹ nhà nước như sau:

Như vậy, Ngân quỹ nhà nước được hình thành từ quỹ ngân sách các cấp và tiền gửi của quỹ dự trữ tài chính, quỹ tài chính nhà nước ngoài ngân sách, đơn vị, tổ chức kinh tế tại Kho bạc Nhà nước.

Điều 64. Quản lý ngân quỹ nhà nước

1. Ngân quỹ nhà nước là toàn bộ các khoản tiền bằng đồng Việt Nam và bằng ngoại tệ của Nhà nước có trên các tài khoản của Kho bạc Nhà nước mở tại Ngân hàng Nhà nước Việt Nam và các ngân hàng thương mại, tiền mặt tại các đơn vị Kho bạc Nhà nước. Ngân quỹ nhà nước được hình thành từ quỹ ngân sách các cấp và tiền gửi của quỹ dự trữ tài chính, quỹ tài chính nhà nước ngoài ngân sách, đơn vị, tổ chức kinh tế tại Kho bạc Nhà nước.

2. Kho bạc Nhà nước quản lý tập trung, thống nhất ngân quỹ nhà nước để đáp ứng đầy đủ, kịp thời nhu cầu chi của ngân sách nhà nước và các đơn vị giao dịch tại Kho bạc Nhà nước; bảo đảm quản lý và sử dụng an toàn, có hiệu quả ngân quỹ nhà nước. Kho bạc Nhà nước mở tài khoản thanh toán tại Ngân hàng Nhà nước Việt Nam và các ngân hàng thương mại để quản lý, sử dụng ngân quỹ nhà nước.

3. Việc quản lý, sử dụng ngân quỹ nhà nước được thực hiện theo quy định của Chính phủ.","tai-chinh-nha-nuoc","","","","2026-05-07T00:00:00","https://thuvienphapluat.vn/hoi-dap-phap-luat/xu-ly-thieu-hut-tam-thoi-quy-ngan-sach-nha-nuoc-nhu-the-nao-138089805.html","2026-05-21T20:23:22.029731+00:00"
"138089677","Tổ chức thu ngân sách nhà nước theo Nghị định 73/2026 được thực hiện như thế nào?","Tổ chức thu ngân sách nhà nước được thực hiện như thế nào?

Hệ thống ngân sách nhà nước bao gồm những gì?

Dự phòng ngân sách nhà nước được sử dụng để làm gì?

Căn cứ Điều 20 Nghị định 73/2026/NĐ-CP quy định về tổ chức thu ngân sách nhà nước như sau:

Như vậy, tổ chức thu ngân sách nhà nước được thực hiện như sau:

- Tổ chức quản lý và thực hiện thu thuế, phí, lệ phí và các khoản thu khác thuộc ngân sách theo quy định của pháp luật nộp trực tiếp vào Kho bạc Nhà nước. Trường hợp được phép thu qua ủy nhiệm thu thì phải nộp đầy đủ, đúng thời hạn vào Kho bạc Nhà nước theo quy định của Bộ trưởng Bộ Tài chính.

- Các khoản viện trợ không hoàn lại bằng tiền của Chính phủ các nước, các tổ chức, cá nhân ngoài nước cho Nhà nước, Chính phủ Việt Nam và chính quyền địa phương phải thu nộp kịp thời vào ngân sách nhà nước, trường hợp theo hiệp định hoặc thỏa thuận tài trợ có quy định giải ngân trực tiếp đến chương trình, dự án thì định kỳ phải hạch toán đầy đủ vào ngân sách nhà nước theo quy định của Bộ trưởng Bộ Tài chính.

- Kho bạc Nhà nước được mở tài khoản tại Ngân hàng Nhà nước Việt Nam và ngân hàng thương mại để tập trung các khoản thu của ngân sách nhà nước; hạch toán đầy đủ, kịp thời các khoản thu vào ngân sách, điều tiết các khoản thu cho ngân sách các cấp theo đúng quy định.

- Bộ trưởng Bộ Tài chính quy định cụ thể về việc tổ chức thu, hạch toán kế toán các khoản thu, hoàn trả các khoản thu, thu viện trợ không hoàn lại vào Kho bạc Nhà nước.

Xem thêm

>>> Quy định về khóa sổ kế toán và xử lý thu, chi ngân sách nhà nước cuối năm ra sao?

>>> Việc khóa sổ kế toán ngân sách nhà nước phải bảo đảm các yêu cầu nào?

Tổ chức thu ngân sách nhà nước được thực hiện như thế nào? (Hình từ Internet)

Căn cứ khoản 1 Điều 6 Luật Ngân sách nhà nước 2025 quy định về hệ thống ngân sách nhà nước như sau:

Như vậy, hệ thống ngân sách nhà nước bao gồm:

- Ngân sách nhà nước bao gồm ngân sách trung ương và ngân sách địa phương.

- Ngân sách địa phương bao gồm ngân sách cấp tỉnh và ngân sách cấp xã.

Căn cứ Điều 10 Luật Ngân sách nhà nước 2025 quy định về dự phòng ngân sách nhà nước như sau:

Như vậy, dự phòng ngân sách nhà nước được sử dụng để:

- Chi phòng, chống, khắc phục hậu quả thiên tai, thảm họa, dịch bệnh, cứu đói; nhiệm vụ quan trọng về quốc phòng, an ninh; chi dự trữ quốc gia; nhiệm vụ đối ngoại đột xuất, cấp bách của Nhà nước; chia sẻ phần giảm doanh thu đối với các dự án đầu tư theo phương thức đối tác công tư và các nhiệm vụ cần thiết khác thuộc nhiệm vụ chi của ngân sách cấp mình mà chưa được dự toán;

- Chi hỗ trợ cho ngân sách cấp dưới để thực hiện nhiệm vụ quy định tại điểm a khoản 2 Điều 10 Luật ngân sách nhà nước 2025;

- Chi hỗ trợ địa phương khác theo quy định tại điểm c khoản 5 Điều 9 của Luật ngân sách nhà nước 2025.

Điều 20. Tổ chức thu ngân sách nhà nước

1. Tổ chức quản lý và thực hiện thu thuế, phí, lệ phí và các khoản thu khác thuộc ngân sách theo quy định của pháp luật nộp trực tiếp vào Kho bạc Nhà nước. Trường hợp được phép thu qua ủy nhiệm thu thì phải nộp đầy đủ, đúng thời hạn vào Kho bạc Nhà nước theo quy định của Bộ trưởng Bộ Tài chính.

2. Các khoản viện trợ không hoàn lại bằng tiền của Chính phủ các nước, các tổ chức, cá nhân ngoài nước cho Nhà nước, Chính phủ Việt Nam và chính quyền địa phương phải thu nộp kịp thời vào ngân sách nhà nước, trường hợp theo hiệp định hoặc thỏa thuận tài trợ có quy định giải ngân trực tiếp đến chương trình, dự án thì định kỳ phải hạch toán đầy đủ vào ngân sách nhà nước theo quy định của Bộ trưởng Bộ Tài chính.

3. Kho bạc Nhà nước được mở tài khoản tại Ngân hàng Nhà nước Việt Nam và ngân hàng thương mại để tập trung các khoản thu của ngân sách nhà nước; hạch toán đầy đủ, kịp thời các khoản thu vào ngân sách, điều tiết các khoản thu cho ngân sách các cấp theo đúng quy định.

4. Bộ trưởng Bộ Tài chính quy định cụ thể về việc tổ chức thu, hạch toán kế toán các khoản thu, hoàn trả các khoản thu, thu viện trợ không hoàn lại vào Kho bạc Nhà nước.

Điều 6. Hệ thống ngân sách nhà nước

1. Ngân sách nhà nước bao gồm ngân sách trung ương và ngân sách địa phương.

2. Ngân sách địa phương bao gồm ngân sách cấp tỉnh và ngân sách cấp xã.

Điều 10. Dự phòng ngân sách nhà nước

1. Mức bố trí dự phòng từ 2% đến 5% tổng chi ngân sách mỗi cấp, trong đó chi của ngân sách cấp trên không bao gồm chi bổ sung cân đối cho ngân sách cấp dưới, chi của ngân sách cấp dưới không bao gồm chi bổ sung có mục tiêu từ ngân sách cấp trên (nếu có).

2. Dự phòng ngân sách nhà nước được sử dụng để:

a) Chi phòng, chống, khắc phục hậu quả thiên tai, thảm họa, dịch bệnh, cứu đói; nhiệm vụ quan trọng về quốc phòng, an ninh; chi dự trữ quốc gia; nhiệm vụ đối ngoại đột xuất, cấp bách của Nhà nước; chia sẻ phần giảm doanh thu đối với các dự án đầu tư theo phương thức đối tác công tư và các nhiệm vụ cần thiết khác thuộc nhiệm vụ chi của ngân sách cấp mình mà chưa được dự toán;

b) Chi hỗ trợ cho ngân sách cấp dưới để thực hiện nhiệm vụ quy định tại điểm a khoản này;

c) Chi hỗ trợ địa phương khác theo quy định tại điểm c khoản 5 Điều 9 của Luật này.

[...]","tai-chinh-nha-nuoc","","","","2026-05-07T00:00:00","https://thuvienphapluat.vn/hoi-dap-phap-luat/to-chuc-thu-ngan-sach-nha-nuoc-theo-nghi-dinh-732026-duoc-thuc-hien-nhu-the-nao-138089677.html","2026-05-21T20:23:28.810007+00:00"
"138089688","Các đơn vị nào được phân bổ và giao dự toán ngân sách nhà nước?","Các đơn vị nào được phân bổ và giao dự toán ngân sách nhà nước?

Điều kiện áp dụng quản lý ngân sách nhà nước theo kết quả thực hiện nhiệm vụ như thế nào?

Thu ngân sách nhà nước bao gồm những gì?

Đơn vị sử dụng ngân sách, Cơ quan nhà nước, đơn vị sự nghiệp công lập, Đơn vị thuộc ngân sách cấp dưới là các đơn vị được phân bổ và giao dự toán ngân sách nhà nước chi tiết như sau:

Căn cứ khoản 1 Điều 19 Nghị định 73/2026/NĐ-CP quy định về phân bổ và giao dự toán ngân sách nhà nước như sau:

Như vậy, các đơn vị sau đây được phân bổ và giao dự toán ngân sách nhà nước:

- Đơn vị sử dụng ngân sách thuộc phạm vi quản lý;

- Cơ quan nhà nước, đơn vị sự nghiệp công lập được giao quản lý tài sản kết cấu hạ tầng theo quy định của pháp luật về quản lý, sử dụng tài sản công; đơn vị được phân cấp quản lý vận hành, khai thác, bảo trì tài sản kết cấu hạ tầng theo quy định của pháp luật có liên quan; doanh nghiệp được giao quản lý tài sản kết cấu hạ tầng theo hình thức không tính thành phần vốn nhà nước tại doanh nghiệp để thực hiện công tác bảo trì tài sản theo quy định của pháp luật về quản lý, sử dụng tài sản công; đơn vị được người có thẩm quyền giao thực hiện nhiệm vụ có sử dụng ngân sách nhà nước theo quy định của Luật Đầu tư công, Luật Xây dựng và quy định của pháp luật khác có liên quan;

- Đơn vị thuộc ngân sách cấp dưới trong trường hợp có ủy quyền thực hiện nhiệm vụ chi của mình theo quy định tại khoản 6 Điều 9 của Luật Ngân sách nhà nước.

Xem thêm

>>> Quy định về khóa sổ kế toán và xử lý thu, chi ngân sách nhà nước cuối năm ra sao?

>>> Việc khóa sổ kế toán ngân sách nhà nước phải bảo đảm các yêu cầu nào?

Các đơn vị nào được phân bổ và giao dự toán ngân sách nhà nước? (Hình từ Internet)

Căn cứ Điều 5 Nghị định 73/2026/NĐ-CP quy định điều kiện áp dụng quản lý ngân sách nhà nước theo kết quả thực hiện nhiệm vụ như sau:

- Xác định được kết quả cần đạt được của nhiệm vụ, dịch vụ, sản phẩm với các chỉ tiêu về khối lượng, số lượng, chất lượng, tiêu chuẩn kỹ thuật và thời gian hoàn thành;

- Có đầy đủ tiêu chuẩn, định mức kỹ thuật - kinh tế, định mức chi tiêu hoặc đơn giá của nhiệm vụ, dịch vụ, sản phẩm tương đương trong điều kiện tương tự để lập, phân bổ, chấp hành, quyết toán ngân sách nhà nước và giám sát, đánh giá kết quả thực hiện;

- Có văn bản thỏa thuận giữa cơ quan giao nhiệm vụ và cơ quan nhận nhiệm vụ về yêu cầu, kết quả đầu ra, trách nhiệm thực hiện và phương thức thanh toán, quyết toán ngân sách nhà nước.

Căn cứ khoản 1 Điều 5 Luật ngân sách nhà nước 2025 quy định về phạm vi ngân sách nhà nước như sau:

Như vậy, thu ngân sách nhà nước bao gồm:

- Toàn bộ các khoản thu từ thuế, lệ phí và các khoản phí thu từ các hoạt động dịch vụ do cơ quan nhà nước thực hiện;

- Các khoản phí thu từ các hoạt động dịch vụ do đơn vị sự nghiệp công lập và tổ chức được cơ quan có thẩm quyền giao cung cấp dịch vụ công nộp ngân sách nhà nước theo quy định của pháp luật;

- Các khoản viện trợ không hoàn lại của Chính phủ các nước, các tổ chức, cá nhân nước ngoài cho Nhà nước, Chính phủ Việt Nam và chính quyền địa phương; các khoản tài trợ, đóng góp tự nguyện của các tổ chức, cá nhân trong và ngoài nước;

- Các khoản thu khác theo quy định của pháp luật.

Điều 19. Phân bổ và giao dự toán ngân sách nhà nước

1. Sau khi được Thủ tướng Chính phủ, Bộ Tài chính, Ủy ban nhân dân giao dự toán ngân sách, đơn vị dự toán cấp I ở trung ương và địa phương thực hiện phân bổ và giao dự toán ngân sách nhà nước cho các đơn vị, bảo đảm thời hạn và quy định tại Điều 52 của Luật Ngân sách nhà nước, gửi cơ quan tài chính cùng cấp và Kho bạc Nhà nước nơi giao dịch để thực hiện. Các đơn vị được phân bổ và giao dự toán ngân sách bao gồm:

a) Đơn vị sử dụng ngân sách thuộc phạm vi quản lý;

b) Cơ quan nhà nước, đơn vị sự nghiệp công lập được giao quản lý tài sản kết cấu hạ tầng theo quy định của pháp luật về quản lý, sử dụng tài sản công; đơn vị được phân cấp quản lý vận hành, khai thác, bảo trì tài sản kết cấu hạ tầng theo quy định của pháp luật có liên quan; doanh nghiệp được giao quản lý tài sản kết cấu hạ tầng theo hình thức không tính thành phần vốn nhà nước tại doanh nghiệp để thực hiện công tác bảo trì tài sản theo quy định của pháp luật về quản lý, sử dụng tài sản công; đơn vị được người có thẩm quyền giao thực hiện nhiệm vụ có sử dụng ngân sách nhà nước theo quy định của Luật Đầu tư công, Luật Xây dựng và quy định của pháp luật khác có liên quan;

c) Đơn vị thuộc ngân sách cấp dưới trong trường hợp có ủy quyền thực hiện nhiệm vụ chi của mình theo quy định tại khoản 6 Điều 9 của Luật Ngân sách nhà nước.

[...]

Điều 5. Phạm vi ngân sách nhà nước

1. Thu ngân sách nhà nước bao gồm:

a) Toàn bộ các khoản thu từ thuế, lệ phí và các khoản phí thu từ các hoạt động dịch vụ do cơ quan nhà nước thực hiện;

b) Các khoản phí thu từ các hoạt động dịch vụ do đơn vị sự nghiệp công lập và tổ chức được cơ quan có thẩm quyền giao cung cấp dịch vụ công nộp ngân sách nhà nước theo quy định của pháp luật;

c) Các khoản viện trợ không hoàn lại của Chính phủ các nước, các tổ chức, cá nhân nước ngoài cho Nhà nước, Chính phủ Việt Nam và chính quyền địa phương; các khoản tài trợ, đóng góp tự nguyện của các tổ chức, cá nhân trong và ngoài nước;

d) Các khoản thu khác theo quy định của pháp luật.

[...]","tai-chinh-nha-nuoc","","","","2026-05-07T00:00:00","https://thuvienphapluat.vn/hoi-dap-phap-luat/cac-don-vi-nao-duoc-phan-bo-va-giao-du-toan-ngan-sach-nha-nuoc-138089688.html","2026-05-21T20:23:38.117284+00:00"
"138089666","Bội chi ngân sách trung ương được bù đắp từ các nguồn nào theo Nghị định 73/2026?","Bội chi ngân sách trung ương được bù đắp từ các nguồn nào?

Lập dự toán ngân sách nhà nước, phương án phân bổ ngân sách trung ương như thế nào?

Các khoản thu ngân sách trung ương hưởng 100% bao gồm các nguồn nào?

Căn cứ Điều 3 Nghị định 73/2026/NĐ-CP quy định về bội chi ngân sách nhà nước như sau:

Như vậy, bội chi ngân sách trung ương được bù đắp từ các nguồn sau:

- Vay trong nước từ phát hành trái phiếu Chính phủ, công trái xây dựng Tổ quốc và các khoản vay trong nước khác theo quy định của pháp luật;

- Vay ngoài nước từ các khoản vay của Chính phủ các nước, các tổ chức quốc tế và phát hành trái phiếu Chính phủ ra thị trường quốc tế, không bao gồm các khoản vay về cho vay lại.

Xem thêm

>>> Quy định về khóa sổ kế toán và xử lý thu, chi ngân sách nhà nước cuối năm ra sao?

>>> Việc khóa sổ kế toán ngân sách nhà nước phải bảo đảm các yêu cầu nào?

Bội chi ngân sách trung ương được bù đắp từ các nguồn nào? (Hình từ Internet)

Căn cứ khoản 1 Điều 14 Nghị định 73/2026/NĐ-CP quy định về lập dự toán ngân sách nhà nước, phương án phân bổ ngân sách trung ương như sau:

- Bộ Tài chính chủ trì tổng hợp và lập dự toán thu, chi ngân sách nhà nước, phương án phân bổ ngân sách trung ương trình Chính phủ gồm các tài liệu theo quy định tại Điều 49 của Luật Ngân sách nhà nước;

- Theo phân công của Chính phủ, thừa ủy quyền Thủ tướng Chính phủ, Bộ trưởng Bộ Tài chính thay mặt Chính phủ báo cáo và giải trình về lập dự toán thu, chi ngân sách nhà nước, phương án phân bổ ngân sách trung ương với các cơ quan của Quốc hội và Quốc hội theo quy định của pháp luật;

- Các bộ, cơ quan trung ương chủ trì, phối hợp với Bộ Tài chính giải trình các nội dung đề xuất dự toán ngân sách nhà nước trong phạm vi ngành, lĩnh vực phụ trách khi được yêu cầu.

Căn cứ khoản 1 Điều 36 Luật ngân sách nhà nước 2025 quy định các khoản thu ngân sách trung ương hưởng 100% bao gồm các nguồn sau:

- Thuế xuất khẩu, thuế nhập khẩu, thuế nhập khẩu bổ sung;

- Thuế tiêu thụ đặc biệt thu từ hàng hóa nhập khẩu;

- Thuế tài nguyên, thuế thu nhập doanh nghiệp, lãi được chia cho nước chủ nhà và các khoản thu khác từ hoạt động thăm dò, khai thác dầu, khí;

- Viện trợ không hoàn lại của Chính phủ các nước, tổ chức quốc tế, tổ chức khác, cá nhân nước ngoài cho Nhà nước, Chính phủ Việt Nam;

- Phí thu từ các hoạt động dịch vụ do các cơ quan nhà nước trung ương thực hiện. Các khoản phí thu từ hoạt động dịch vụ do đơn vị sự nghiệp công lập và tổ chức được cơ quan có thẩm quyền giao cung cấp dịch vụ công nộp ngân sách nhà nước theo quy định của pháp luật;

- Lệ phí do các cơ quan nhà nước trung ương thu, trừ lệ phí trước bạ quy định tại điểm e khoản 1 Điều 38 của Luật ngân sách nhà nước 2025;

- Tiền thu từ xử phạt vi phạm hành chính, phạt khác theo quy định của pháp luật do các cơ quan nhà nước trung ương thực hiện;

- Thu nộp ngân sách nhà nước từ khai thác, xử lý tài sản công do cơ quan, tổ chức, đơn vị thuộc trung ương quản lý, xử lý theo quy định của pháp luật về quản lý, sử dụng tài sản công;

- Các khoản thu hồi vốn của ngân sách trung ương đầu tư tại các tổ chức kinh tế; cổ tức được chia bằng tiền, lợi nhuận được chia tại công ty cổ phần, công ty trách nhiệm hữu hạn hai thành viên trở lên có vốn góp của Nhà nước do Bộ, cơ quan ngang Bộ, cơ quan thuộc Chính phủ, tổ chức được Chính phủ giao là cơ quan đại diện chủ sở hữu; thu phần lợi nhuận sau thuế còn lại sau khi trích lập các quỹ của doanh nghiệp do Nhà nước nắm giữ 100% vốn điều lệ do Bộ, cơ quan ngang Bộ, cơ quan thuộc Chính phủ là cơ quan đại diện chủ sở hữu; chênh lệch thu lớn hơn chi của Ngân hàng Nhà nước Việt Nam sau khi trừ khoản dự phòng rủi ro và trích lập các quỹ theo quy định của pháp luật;

- Thu từ quỹ dự trữ tài chính trung ương;

- Thu kết dư ngân sách trung ương;

- Thu chuyển nguồn từ năm trước chuyển sang của ngân sách trung ương;

- Thuế thu nhập doanh nghiệp bổ sung theo quy định chống xói mòn cơ sở thuế toàn cầu;

- Thu từ nhà cung cấp hàng hóa, dịch vụ ở nước ngoài;

- Thu tiền cấp quyền sử dụng tần số vô tuyến điện;

- Các khoản thu khác theo quy định của pháp luật.

Điều 3. Bội chi ngân sách nhà nước

1. Bội chi ngân sách nhà nước bao gồm bội chi ngân sách trung ương và bội chi ngân sách địa phương cấp tỉnh theo quy định tại khoản 1 Điều 4 của Luật Ngân sách nhà nước.

2. Bội chi ngân sách trung ương được bù đắp từ các nguồn sau:

a) Vay trong nước từ phát hành trái phiếu Chính phủ, công trái xây dựng Tổ quốc và các khoản vay trong nước khác theo quy định của pháp luật;

b) Vay ngoài nước từ các khoản vay của Chính phủ các nước, các tổ chức quốc tế và phát hành trái phiếu Chính phủ ra thị trường quốc tế, không bao gồm các khoản vay về cho vay lại.

3. Bội chi ngân sách địa phương cấp tỉnh được bù đắp từ các nguồn sau:

a) Vay trong nước từ phát hành trái phiếu chính quyền địa phương và các khoản vay trong nước khác theo quy định của pháp luật;

b) Vay từ nguồn Chính phủ vay về cho ngân sách địa phương vay lại.

[...]","tai-chinh-nha-nuoc","","","","2026-05-06T00:00:00","https://thuvienphapluat.vn/hoi-dap-phap-luat/boi-chi-ngan-sach-trung-uong-duoc-bu-dap-tu-cac-nguon-nao-theo-nghi-dinh-732026-138089666.html","2026-05-21T20:23:45.769947+00:00"
"138089676","Nguyên tắc phân bổ, sử dụng nguồn dự phòng ngân sách nhà nước như thế nào?","Nguyên tắc phân bổ, sử dụng nguồn dự phòng ngân sách nhà nước như thế nào?

Điều kiện áp dụng quản lý ngân sách nhà nước theo kết quả thực hiện nhiệm vụ như thế nào?

Quản lý nguồn tài trợ, đóng góp tự nguyện cho ngân sách nhà nước phải tuân thủ nguyên tắc nào?

Căn cứ khoản 1 Điều 27 Nghị định 73/2026/NĐ-CP quy định về nguyên tắc phân bổ, sử dụng nguồn dự phòng ngân sách nhà nước như sau:

- Đúng thẩm quyền, mục tiêu, phạm vi, đối tượng theo quy định tại Điều 10 và Điều 61 của Luật Ngân sách nhà nước 2025;

- Ưu tiên phân bổ vốn tập trung, tiết kiệm, hiệu quả và bảo đảm khả năng cân đối nguồn lực, công khai, minh bạch;

- Địa phương nhận hỗ trợ vốn từ ngân sách cấp trên phải cân đối, bố trí đủ vốn từ ngân sách cấp mình và các nguồn tài chính hợp pháp khác để hoàn thành chương trình, nhiệm vụ, dự án theo đúng tiến độ, mục tiêu đầu tư được cơ quan có thẩm quyền phê duyệt.

Xem thêm

>>> Quy định về khóa sổ kế toán và xử lý thu, chi ngân sách nhà nước cuối năm ra sao?

>>> Việc khóa sổ kế toán ngân sách nhà nước phải bảo đảm các yêu cầu nào?

Nguyên tắc phân bổ, sử dụng nguồn dự phòng ngân sách nhà nước như thế nào? (Hình từ Internet)

Căn cứ Điều 5 Nghị định 73/2026/NĐ-CP quy định về quản lý ngân sách nhà nước theo kết quả thực hiện nhiệm vụ như sau:

Như vậy, điều kiện áp dụng quản lý ngân sách nhà nước theo kết quả thực hiện nhiệm vụ như sau:

- Xác định được kết quả cần đạt được của nhiệm vụ, dịch vụ, sản phẩm với các chỉ tiêu về khối lượng, số lượng, chất lượng, tiêu chuẩn kỹ thuật và thời gian hoàn thành;

- Có đầy đủ tiêu chuẩn, định mức kỹ thuật - kinh tế, định mức chi tiêu hoặc đơn giá của nhiệm vụ, dịch vụ, sản phẩm tương đương trong điều kiện tương tự để lập, phân bổ, chấp hành, quyết toán ngân sách nhà nước và giám sát, đánh giá kết quả thực hiện;

- Có văn bản thỏa thuận giữa cơ quan giao nhiệm vụ và cơ quan nhận nhiệm vụ về yêu cầu, kết quả đầu ra, trách nhiệm thực hiện và phương thức thanh toán, quyết toán ngân sách nhà nước.

Căn cứ khoản 2 Điều 7 Nghị định 73/2026/NĐ-CP quy định về quản lý nguồn tài trợ, đóng góp tự nguyện cho ngân sách nhà nước như sau:

Như vậy, quản lý nguồn tài trợ, đóng góp tự nguyện cho ngân sách nhà nước phải tuân thủ nguyên tắc sau đây:

- Khoản tài trợ, đóng góp tự nguyện phải được thực hiện trên cơ sở tự nguyện và từ thu nhập, tài sản hợp pháp của tổ chức, cá nhân tài trợ, đóng góp tự nguyện;

- Việc tiếp nhận, quản lý và sử dụng phải bảo đảm công khai, minh bạch, đúng mục đích, hiệu quả và tuân thủ quy định của pháp luật;

- Các khoản tài trợ, đóng góp tự nguyện bằng tiền được phản ánh đầy đủ vào ngân sách nhà nước.

Điều 5. Quản lý ngân sách nhà nước theo kết quả thực hiện nhiệm vụ

1. Quản lý ngân sách nhà nước theo kết quả thực hiện nhiệm vụ là việc sử dụng thông tin về đầu ra, kết quả thực hiện và hiệu quả hoạt động của nhiệm vụ, khối lượng, chất lượng dịch vụ, sản phẩm gắn với khả năng cân đối của ngân sách nhà nước hằng năm, đáp ứng điều kiện quy định tại khoản 2 Điều này làm cơ sở để lập, phân bổ, chấp hành và quyết toán ngân sách nhà nước, nhằm nâng cao hiệu quả sử dụng ngân sách.

2. Điều kiện áp dụng quản lý ngân sách nhà nước theo kết quả thực hiện nhiệm vụ:

a) Xác định được kết quả cần đạt được của nhiệm vụ, dịch vụ, sản phẩm với các chỉ tiêu về khối lượng, số lượng, chất lượng, tiêu chuẩn kỹ thuật và thời gian hoàn thành;

b) Có đầy đủ tiêu chuẩn, định mức kỹ thuật - kinh tế, định mức chi tiêu hoặc đơn giá của nhiệm vụ, dịch vụ, sản phẩm tương đương trong điều kiện tương tự để lập, phân bổ, chấp hành, quyết toán ngân sách nhà nước và giám sát, đánh giá kết quả thực hiện;

c) Có văn bản thỏa thuận giữa cơ quan giao nhiệm vụ và cơ quan nhận nhiệm vụ về yêu cầu, kết quả đầu ra, trách nhiệm thực hiện và phương thức thanh toán, quyết toán ngân sách nhà nước.

[...]

Điều 7. Quản lý nguồn tài trợ, đóng góp tự nguyện cho ngân sách nhà nước

[...]

2. Nguyên tắc quản lý nguồn tài trợ, đóng góp tự nguyện:

a) Khoản tài trợ, đóng góp tự nguyện phải được thực hiện trên cơ sở tự nguyện và từ thu nhập, tài sản hợp pháp của tổ chức, cá nhân tài trợ, đóng góp tự nguyện;

b) Việc tiếp nhận, quản lý và sử dụng phải bảo đảm công khai, minh bạch, đúng mục đích, hiệu quả và tuân thủ quy định của pháp luật;

c) Các khoản tài trợ, đóng góp tự nguyện bằng tiền được phản ánh đầy đủ vào ngân sách nhà nước.

[...]","tai-chinh-nha-nuoc","","","","2026-05-06T00:00:00","https://thuvienphapluat.vn/hoi-dap-phap-luat/nguyen-tac-phan-bo-su-dung-nguon-du-phong-ngan-sach-nha-nuoc-nhu-the-nao-138089676.html","2026-05-21T20:25:43.632277+00:00"
"138089660","Toàn văn Dự thảo Luật Trách nhiệm bồi thường của Nhà nước sửa đổi chi tiết như thế nào?","Toàn văn Dự thảo Luật Trách nhiệm bồi thường của Nhà nước sửa đổi chi tiết như thế nào?

Nguyên tắc bồi thường của Nhà nước là gì?

Hành vi nào bị nghiêm cấm trong việc giải quyết yêu cầu bồi thường của Nhà nước?

Ngày 04/05/2026, Bộ Tư pháp đã công bố và lấy ý kiến Dự thảo Luật sửa đổi, bổ sung một số điều của Luật Trách nhiệm bồi thường của Nhà nước.

TẢI VỀ

Trong đó, Dự thảo Luật dự kiến sửa đổi, bổ sung Điều 3 Luật Trách nhiệm bồi thường của Nhà nước 2017 như sau:

- Sửa đổi, bổ sung khoản 2 như sau:

“2. Người thi hành công vụ là người được tuyển dụng, bầu cử, phê chuẩn, tuyển dụng, hoặc bổ nhiệm hoặc chỉ định theo quy định của pháp luật về cán bộ, công chức và pháp luật có liên quan vào một vị trí trong cơ quan nhà nước để thực hiện nhiệm vụ quản lý hành chính, tố tụng hoặc thi hành án hoặc người khác được cơ quan nhà nước có thẩm quyền giao thực hiện nhiệm vụ có liên quan đến hoạt động quản lý hành chính, tố tụng hoặc thi hành án.”

- Sửa đổi, bổ sung khoản 3 như sau:

“3. Người yêu cầu bồi thường là người có văn bản yêu cầu bồi thường thuộc một trong các trường hợp: người bị thiệt hại, người đại diện theo pháp luật, người đại diện theo ủy quyền của người bị thiệt hại, người thừa kế của người bị thiệt hại trong trường hợp người bị thiệt hại chết hoặc tổ chức kế thừa quyền, nghĩa vụ của tổ chức bị thiệt hại đã chấm dứt tồn tại., cá nhân, pháp nhân được người bị thiệt hại, người thừa kế của nguời bị thiệt hại, tổ chức kế thừa quyền, nghĩa vụ của tổ chức bị thiệt hại, người đại diện theo pháp luật của người bị thiệt hại ủy quyền.”

- Bổ sung khoản 9 và khoản 10 vào sau khoản 8 như sau :

“9. Người đấu tranh chống tham nhũng lãng phí tiêu cực là cá nhân thực hiện việc phản ánh, tố cáo, tố giác hành vi tham nhũng, lãng phí, tiêu cực của cơ quan, tổ chức, cá nhân trong thực hiện nhiệm vụ, công vụ được giao, trong quản lý, sử dụng tài chính, tài sản công.

[...]

Xem thêm chi tiết Toàn văn Dự thảo Luật Trách nhiệm bồi thường của Nhà nước sửa đổi

TẢI VỀ

*Trên đây là thông tin Toàn văn Dự thảo Luật Trách nhiệm bồi thường của Nhà nước sửa đổi chi tiết như thế nào?

Toàn văn Dự thảo Luật Trách nhiệm bồi thường của Nhà nước sửa đổi chi tiết như thế nào? (Hình từ Internet)

Căn cứ theo Điều 4 Luật Trách nhiệm bồi thường của Nhà nước 2017 quy định nguyên tắc bồi thường của Nhà nước như sau:

- Việc bồi thường của Nhà nước được thực hiện theo quy định của Luật Trách nhiệm bồi thường của Nhà nước 2017.

- Việc giải quyết yêu cầu bồi thường được thực hiện kịp thời, công khai, bình đẳng, thiện chí, trung thực, đúng pháp luật; được tiến hành trên cơ sở thương lượng giữa cơ quan giải quyết bồi thường và người yêu cầu bồi thường theo quy định của Luật Trách nhiệm bồi thường của Nhà nước 2017.

Việc giải quyết yêu cầu bồi thường trong hoạt động tố tụng hình sự được thực hiện tại cơ quan trực tiếp quản lý người thi hành công vụ gây thiệt hại theo quy định tại Mục 1 Chương V Luật Trách nhiệm bồi thường của Nhà nước 2017.

- Người yêu cầu bồi thường đã yêu cầu một trong các cơ quan giải quyết bồi thường quy định tại khoản 7 Điều 3 Luật Trách nhiệm bồi thường của Nhà nước 2017 giải quyết yêu cầu bồi thường và đã được cơ quan đó thụ lý giải quyết thì không được yêu cầu cơ quan có thẩm quyền khác giải quyết yêu cầu bồi thường, trừ trường hợp quy định tại điểm b khoản 1 và khoản 2 Điều 52 Luật Trách nhiệm bồi thường của Nhà nước 2017.

- Nhà nước giải quyết yêu cầu bồi thường sau khi có văn bản làm căn cứ yêu cầu bồi thường hoặc kết hợp giải quyết yêu cầu bồi thường trong quá trình tố tụng hình sự, tố tụng hành chính tại Tòa án đối với yêu cầu bồi thường trong hoạt động quản lý hành chính, tố tụng dân sự, tố tụng hành chính, thi hành án hình sự, thi hành án dân sự theo quy định của Luật Trách nhiệm bồi thường của Nhà nước 2017.

- Trường hợp người bị thiệt hại có một phần lỗi trong việc gây ra thiệt hại thì Nhà nước chỉ bồi thường phần thiệt hại sau khi trừ đi phần thiệt hại tương ứng với phần lỗi của người bị thiệt hại.

Căn cứ theo Điều 16 Luật Trách nhiệm bồi thường của Nhà nước 2017 quy định các hành vi bị nghiêm cấm trong việc giải quyết yêu cầu bồi thường của Nhà nước như sau:

- Giả mạo tài liệu, giấy tờ hoặc cung cấp tài liệu, chứng cứ sai sự thật trong hồ sơ yêu cầu bồi thường và trong quá trình giải quyết yêu cầu bồi thường.

- Thông đồng giữa người yêu cầu bồi thường với người giải quyết bồi thường, người có liên quan để trục lợi.

- Lợi dụng chức vụ, quyền hạn can thiệp trái pháp luật vào quá trình giải quyết yêu cầu bồi thường, xác định trách nhiệm hoàn trả và xem xét, xử lý kỷ luật người thi hành công vụ gây thiệt hại.

- Không giải quyết yêu cầu bồi thường hoặc không ra quyết định giải quyết bồi thường hoặc giải quyết yêu cầu bồi thường trái pháp luật.

- Không thực hiện việc xác định trách nhiệm hoàn trả hoặc không xem xét, xử lý kỷ luật người thi hành công vụ gây thiệt hại.

- Sách nhiễu, cản trở hoạt động giải quyết yêu cầu bồi thường.","tai-chinh-nha-nuoc","","","","2026-05-05T00:00:00","https://thuvienphapluat.vn/hoi-dap-phap-luat/toan-van-du-thao-luat-trach-nhiem-boi-thuong-cua-nha-nuoc-sua-doi-chi-tiet-nhu-the-nao-138089660.html","2026-05-21T20:25:51.422031+00:00"
"138089583","Báo cáo đánh giá Đề xuất vay vốn của chính phủ nước ngoài có nội dung gì?","Báo cáo đánh giá Đề xuất vay vốn của chính phủ nước ngoài có nội dung gì?

Nguyên tắc cho vay của ngân sách trung ương cho chính phủ nước ngoài là gì?

Mục đích cho vay vốn của Bên cho vay trong hoạt động cho vay của ngân sách trung ương cho chính phủ nước ngoài là gì?

Căn cứ theo khoản 2 Điều 16 Nghị định 118/2026/NĐ-CP quy định về báo cáo đánh giá Đề xuất vay vốn của chính phủ nước ngoài như sau:

Như vậy, Báo cáo đánh giá Đề xuất vay vốn của chính phủ nước ngoài có những nội dung sau đây:

- Sự cần thiết của việc vay vốn Chính phủ Việt Nam đối với sự phát triển kinh tế - xã hội của nước nhận vốn vay;

- Hiệu quả của mục đích sử dụng vốn vay (hiệu quả, tác động của dự án hình thành từ vốn vay đến sự phát triển kinh tế - xã hội của nước nhận vốn vay; hiệu quả của hàng hóa, thiết bị nhập khẩu từ vốn vay...);

- Các điều kiện tài chính dự kiến của vốn vay về đồng tiền cho vay, trị giá cho vay, thời hạn, lãi suất;

- Khả năng đáp ứng cho vay của ngân sách trung ương về điều kiện tài chính và điều kiện khác của khoản vay;

- Khả năng trả nợ của chính phủ nước ngoài;

- Đánh giá các rủi ro phát sinh khi cho vay vốn;

- Ngân hàng phục vụ được lựa chọn (trong trường hợp cần thiết phải có ngân hàng phục vụ);

- Kiến nghị của Bộ Tài chính.

>>>> Xem thêm: Mẫu Báo cáo về việc cho tổ chức kinh tế ở nước ngoài vay vốn từ 15/04/2026 là mẫu nào?

>>>> Xem thêm: Phí bảo lãnh vay vốn cho doanh nghiệp nhỏ và vừa tại ngân hàng thương mại từ 15/5/2026 thế nào?

Báo cáo đánh giá Đề xuất vay vốn của chính phủ nước ngoài có nội dung gì? (Hình từ Internet)

Tại Điều 4 Nghị định 118/2026/NĐ-CP quy định nguyên tắc cho vay của ngân sách trung ương cho chính phủ nước ngoài như sau:

- Bảo đảm phù hợp với đường lối, chủ trương, chính sách đối ngoại, Hiến pháp và pháp luật của Việt Nam và điều ước quốc tế mà Việt Nam là thành viên. Trường hợp điều ước quốc tế mà Việt Nam là thành viên có quy định khác với quy định của Nghị định này thì áp dụng theo quy định của điều ước quốc tế đó.

- Bên cho vay sử dụng nguồn ngân sách nhà nước chỉ để cho vay Bên vay là chính phủ các nước có quan hệ hữu nghị truyền thống đặc biệt với Việt Nam theo chủ trương của cấp có thẩm quyền để đáp ứng các nhu cầu phát triển kinh tế xã hội hoặc đáp ứng các nhu cầu cấp bách của Bên vay.

- Việc cấp vốn vay của Bên cho vay cho Bên vay phải phù hợp với khả năng ngân sách của Bên cho vay trong từng năm và trong từng thời kỳ trung hạn.

- Việc sử dụng vốn ngân sách nhà nước của Bên cho vay để cho vay Bên vay cần đảm bảo nguyên tắc an toàn vốn, hạn chế tối đa rủi ro không thu hồi nợ đầy đủ, đúng hạn.

- Bên vay cam kết đảm bảo trả nợ đầy đủ, đúng hạn cho Bên cho vay và sử dụng vốn vay đúng mục đích, đảm bảo khả năng giải trình với Bên cho vay theo các quy định tại Thỏa thuận vay và khi có yêu cầu của Bên cho vay:

- Không cho vay các quốc gia bị đánh giá có mức độ rủi ro quá cao, thấy rõ nguy cơ không thu hồi được vốn cho vay.

Theo Điều 5 Nghị định 118/2026/NĐ-CP quy định căn cứ chủ trương của cấp có thẩm quyền, Bên cho vay sử dụng ngân sách trung ương để cho vay Bên vay nhằm thực hiện một trong các mục đích sau:

- Để thực hiện các dự án cơ sở hạ tầng đáp ứng nhu cầu thiết yếu trong việc phát triển kinh tế - xã hội của Bên vay hoặc có sự kết nối hạ tầng với Việt Nam nhằm tăng cường quan hệ hữu nghị giữa Việt Nam và nước nhận vốn vay.

- Để nhập khẩu hàng hóa, thiết bị, dịch vụ từ Việt Nam trong đó ưu tiên các hàng hóa, thiết bị có xuất xứ Việt Nam nhằm thúc đẩy quan hệ thương mại, đầu tư của Việt Nam với nước nhận vốn vay.

- Các trường hợp đặc biệt khác do cấp có thẩm quyền quyết định.

Điều 16. Báo cáo đánh giá Đề xuất vay vốn của chính phủ nước ngoài

Theo Đề xuất vay vốn của chính phủ nước ngoài quy định tại Điều 15 Nghị định này, Thủ tướng Chính phủ giao Bộ Tài chính chủ trì phối hợp cùng Bộ Ngoại giao, Ngân hàng Nhà nước Việt Nam và các cơ quan liên quan nghiên cứu để có Báo cáo đánh giá đề xuất vay vốn của chính phủ nước ngoài; báo cáo Chính phủ để báo cáo cấp có thẩm quyền xem xét, quyết định về việc cho vay chính phủ nước ngoài. Quy trình, tham gia ý kiến, xây dựng Báo cáo đánh giá Đề xuất vay vốn của chính phủ nước ngoài như sau:

[...]

2. Trong vòng 05 ngày làm việc kể từ ngày nhận đầy đủ ý kiến tham gia của các cơ quan liên quan, Bộ Tài chính có Báo cáo đánh giá Đề xuất vay vốn của chính phủ nước ngoài trình Chính phủ cho ý kiến. Báo cáo đánh giá Đề xuất vay vốn của chính phủ nước ngoài bao gồm các nội dung chính sau:

a) Sự cần thiết của việc vay vốn Chính phủ Việt Nam đối với sự phát triển kinh tế - xã hội của nước nhận vốn vay;

b) Hiệu quả của mục đích sử dụng vốn vay (hiệu quả, tác động của dự án hình thành từ vốn vay đến sự phát triển kinh tế - xã hội của nước nhận vốn vay; hiệu quả của hàng hóa, thiết bị nhập khẩu từ vốn vay...);

[...]","tai-chinh-nha-nuoc","","","","2026-05-05T00:00:00","https://thuvienphapluat.vn/hoi-dap-phap-luat/bao-cao-danh-gia-de-xuat-vay-von-cua-chinh-phu-nuoc-ngoai-co-noi-dung-gi-138089583.html","2026-05-21T20:25:59.822526+00:00"
"138089480","Kết dư ngân sách trung ương, ngân sách cấp tỉnh thì xử lý thế nào?","Kết dư ngân sách trung ương, ngân sách cấp tỉnh thì xử lý thế nào?

Trình tự quyết toán ngân sách nhà nước được thực hiện ra sao?

Chuyển nguồn ngân sách từ năm trước sang năm sau như thế nào?

Căn cứ theo Điều 33 Nghị định 73/2026/NĐ-CP quy định về xử lý kết dư ngân sách nhà nước như sau:

Như vậy, kết dư ngân sách trung ương, ngân sách cấp tỉnh thì được sử dụng để trả nợ gốc và chi trả nợ lãi các khoản vay của ngân sách nhà nước trong năm xử lý kết dư mà đầu năm chưa bố trí hoặc bố trí chưa đủ nguồn để chi trả; số kết dư còn lại được trích 50% vào quỹ dự trữ tài chính cùng cấp, 50% hạch toán vào thu ngân sách năm sau.

Trường hợp quỹ dự trữ tài chính cùng cấp đã đủ mức 25% dự toán chi ngân sách hằng năm thì số kết dư còn lại hạch toán vào thu ngân sách năm sau.

>>> Xem thêm: Mẫu dự toán thu chi ngân sách nhà nước mới nhất 2026 như thế nào?

>>> Xem thêm: Phân biệt giữa kết dư và chuyển nguồn ngân sách như thế nào?

Kết dư ngân sách trung ương, ngân sách cấp tỉnh thì xử lý thế nào? (Hình từ Internet)

Tại khoản 7 Điều 32 Nghị định 73/2026/NĐ-CP quy định trình tự quyết toán ngân sách nhà nước được thực hiện như sau:

- Các đơn vị dự toán cấp I thuộc ngân sách trung ương lập báo cáo quyết toán thu, chi ngân sách thuộc phạm vi quản lý gửi về Bộ Tài chính, Kiểm toán nhà nước trước ngày 05 tháng 7 năm sau;

- Ủy ban nhân dân cấp tỉnh gửi Bộ Tài chính, Kiểm toán nhà nước báo cáo quyết toán ngân sách địa phương đã được Hội đồng nhân dân cấp tỉnh phê chuẩn trước ngày 05 tháng 7 năm sau;

- Trên cơ sở kết quả xét duyệt, tổng hợp đối với quyết toán ngân sách của đơn vị dự toán cấp I thuộc ngân sách trung ương và báo cáo quyết toán ngân sách địa phương đã được Hội đồng nhân dân cấp tỉnh phê chuẩn, Bộ Tài chính tổng hợp, lập báo cáo quyết toán ngân sách nhà nước trình Chính phủ và gửi Kiểm toán nhà nước chậm nhất ngày 15 tháng 8 năm sau;

- Chính phủ báo cáo Ủy ban Thường vụ Quốc hội quyết toán ngân sách nhà nước chậm nhất ngày 20 tháng 9 năm sau để cho ý kiến và tiếp thu, hoàn chỉnh để trình Quốc hội;

- Trình tự, thủ tục thẩm tra của các cơ quan của Quốc hội về phê chuẩn quyết toán ngân sách nhà nước thực hiện theo Nghị quyết của Ủy ban Thường vụ Quốc hội về việc ban hành quy chế lập, thẩm tra, trình Quốc hội quyết định dự toán ngân sách nhà nước, phương án phân bổ ngân sách trung ương và phê chuẩn quyết toán ngân sách nhà nước;

- Quốc hội xem xét, phê chuẩn quyết toán ngân sách nhà nước chậm nhất là 12 tháng sau khi kết thúc năm ngân sách.

Theo Điều 31 Nghị định 73/2026/NĐ-CP quy định chuyển nguồn ngân sách từ năm trước sang năm sau như sau:

[1] Đến hết thời gian chỉnh lý quyết toán, các khoản dự toán chi ngân sách nhà nước (bao gồm cả các khoản dự toán chưa phân bổ chi tiết ở cấp ngân sách, các khoản tạm ứng trong dự toán, số dư tài khoản tiền gửi các khoản ngân sách nhà nước cấp) chưa thực hiện được hoặc chưa chi hết, được chuyển nguồn sang năm sau tiếp tục sử dụng, bao gồm:

- Các khoản dự toán được Thủ tướng Chính phủ, Ủy ban nhân dân các cấp bổ sung sau ngày 30 tháng 9 năm thực hiện dự toán, trừ trường hợp đã hết nhiệm vụ chi;

- Chi đầu tư phát triển thực hiện chuyển nguồn sang năm sau đối với kế hoạch vốn đầu tư công được kéo dài thời gian thực hiện và giải ngân theo quy định của Luật Đầu tư công;

- Các chương trình mục tiêu quốc gia đang trong thời gian thực hiện theo nghị quyết của Quốc hội nhưng không quá ngày 31 tháng 12 năm sau;

- Chi mua sắm hàng hóa, dịch vụ (bao gồm thuê hàng hóa, dịch vụ), sửa chữa, cải tạo, nâng cấp, mở rộng, xây dựng mới hạng mục công trình trong các dự án đã đầu tư xây dựng, đặt hàng, giao nhiệm vụ đã đầy đủ hồ sơ, đã ký hợp đồng hoặc đã hoàn thành đấu thầu theo quy định của pháp luật về đấu thầu trước ngày 31 tháng 12 năm thực hiện dự toán;

- Nguồn thực hiện chính sách tiền lương, phụ cấp, trợ cấp và các khoản tính theo tiền lương; nguồn thực hiện các chính sách an sinh xã hội;

- Kinh phí được giao tự chủ của các đơn vị sự nghiệp công lập và các cơ quan nhà nước;

- Chi khoa học, công nghệ, đổi mới sáng tạo và chuyển đổi số;

- Chi dự trữ quốc gia;

- Các khoản chi viện trợ cho Chính phủ nước ngoài đã được cấp có thẩm quyền giao dự toán;

- Các khoản chi từ nguồn viện trợ không hoàn lại của Chính phủ các nước, các tổ chức, cá nhân nước ngoài cho Nhà nước, Chính phủ Việt Nam và chính quyền địa phương, các khoản tài trợ, đóng góp tự nguyện của các tổ chức, cá nhân trong và ngoài nước đã được xác định nhiệm vụ chi cụ thể;

- Các khoản kinh phí phải hoàn trả ngân sách cấp trên theo kết luận, kiến nghị của cơ quan thanh tra, kiểm toán.

[2] Các khoản tăng thu so với dự toán, dự toán chi còn lại của cấp ngân sách được sử dụng theo quy định tại khoản 2 Điều 61 của Luật Ngân sách nhà nước 2025, trường hợp phương án sử dụng đã được cấp có thẩm quyền quyết định sử dụng vào năm sau thì được chuyển nguồn sang ngân sách năm sau để thực hiện.

Điều 33. Xử lý kết dư ngân sách nhà nước

1. Số kết dư ngân sách trung ương, kết dư ngân sách cấp tỉnh theo quy định tại khoản 15 Điều 4 của Luật Ngân sách nhà nước được xác định sau khi kết thúc năm ngân sách, trên cơ sở so sánh giữa tổng số thu lớn hơn tổng số chi ngân sách nhà nước không bao gồm các khoản vay và các khoản chi từ nguồn vay, bao gồm cả chi trả nợ gốc.

2. Việc xử lý kết dư ngân sách thực hiện theo quy định tại khoản 1 Điều 74 của Luật Ngân sách nhà nước sau khi Quốc hội, Hội đồng nhân dân các cấp phê chuẩn quyết toán ngân sách, cụ thể:

a) Kết dư ngân sách trung ương, ngân sách cấp tỉnh được sử dụng để trả nợ gốc và chi trả nợ lãi các khoản vay của ngân sách nhà nước trong năm xử lý kết dư mà đầu năm chưa bố trí hoặc bố trí chưa đủ nguồn để chi trả; số kết dư còn lại được trích 50% vào quỹ dự trữ tài chính cùng cấp, 50% hạch toán vào thu ngân sách năm sau. Trường hợp quỹ dự trữ tài chính cùng cấp đã đủ mức 25% dự toán chi ngân sách hằng năm thì số kết dư còn lại hạch toán vào thu ngân sách năm sau;

b) Kết dư ngân sách cấp xã được hạch toán vào thu ngân sách năm sau.","tai-chinh-nha-nuoc","","","","2026-05-05T00:00:00","https://thuvienphapluat.vn/hoi-dap-phap-luat/ket-du-ngan-sach-trung-uong-ngan-sach-cap-tinh-thi-xu-ly-the-nao-138089480.html","2026-05-21T20:26:08.154997+00:00"
"138089482","Thẩm quyền đề xuất đàm phán, ký kết điều ước quốc tế, thỏa thuận về viện trợ là cơ quan nhà nước nào?","Thẩm quyền đề xuất đàm phán, ký kết điều ước quốc tế, thỏa thuận về viện trợ là cơ quan nhà nước nào?

Yêu cầu ký kết điều ước quốc tế, thỏa thuận về viện trợ và trao đổi văn bản về viện trợ là gì?

Cơ sở ký kết điều ước quốc tế, thỏa thuận về viện trợ và trao đổi văn bản về viện trợ là gì?

Căn cứ theo Điều 33 Nghị định 305/2025/NĐ-CP quy định về cơ quan đề xuất đàm phán, ký kết điều ước quốc tế, thỏa thuận về viện trợ như sau:

Thông qua quy định trên, thẩm quyền đề xuất đàm phán, ký kết điều ước quốc tế, thỏa thuận về viện trợ thuộc về cơ quan dưới đây:

- Cơ quan đề xuất đàm phán, ký kết điều ước quốc tế, thỏa thuận về viện trợ liên quan đến chiến lược, chính sách, khuôn khổ hợp tác, lĩnh vực ưu tiên; mục tiêu, nguyên tắc và điều kiện cần tuân thủ; cam kết viện trợ; nghĩa vụ, trách nhiệm, quyền hạn của các bên và những nội dung khác cho một giai đoạn, cho một tập hợp chương trình, dự án, phi dự án hay một chương trình, dự án, phi dự án cụ thể; quy chế quản lý và nghiệp vụ tài chính, giải ngân, thanh toán, quyết toán viện trợ là Bộ Tài chính.

- Cơ quan đề xuất đàm phán, ký kết thỏa thuận về viện trợ liên quan đến một tập hợp chương trình, dự án, phi dự án hay một chương trình, dự án, phi dự án cụ thể là Cơ quan chủ quản.

>>>> Xem thêm: Văn bản hợp nhất Luật Điều ước quốc tế số 10/VBHN-VPQH 2026 chi tiết như thế nào?

>>>> Xem thêm: Từ 22/1/2026, phân cấp thẩm quyền kiểm tra chuyên ngành trong lĩnh vực viện trợ của nước ngoài cho Việt Nam thế nào?

Thẩm quyền đề xuất đàm phán, ký kết điều ước quốc tế, thỏa thuận về viện trợ là cơ quan nhà nước nào? (Hình từ Internet)

Tại Điều 31 Nghị định 305/2025/NĐ-CP quy định yêu cầu ký kết điều ước quốc tế, thỏa thuận về viện trợ và trao đổi văn bản về viện trợ như sau:

[1] Điều ước quốc tế về viện trợ được ký kết trong những trường hợp sau đây:

- Những nội dung có tính nguyên tắc về mục tiêu, quy mô, điều kiện, ưu tiên cung cấp viện trợ cho một giai đoạn hay chương trình, dự án, phi dự án cụ thể cần có cam kết của bên tiếp nhận viện trợ với ràng buộc pháp lý quốc tế để đảm bảo tính khả thi, đảm bảo những yêu cầu, ưu đãi đối với viện trợ và lợi ích của Việt Nam được đáp ứng, đảm bảo miễn trừ trách nhiệm trong những hoàn cảnh, điều kiện nhất định, đảm bảo được thực hiện viện trợ theo quy định pháp luật của Việt Nam và đảm bảo an toàn cho cơ quan, tổ chức, cá nhân có liên quan của Việt Nam;

- Trường hợp khác theo quyết định của Thủ tướng Chính phủ.

[2] Thỏa thuận về viện trợ được ký kết trong những trường hợp cần có cam kết của bên tiếp nhận viện trợ đối với những nội dung thuộc khoản 1 Điều này nhưng không cần thiết ràng buộc pháp lý quốc tế và không khác với quy định pháp luật của Việt Nam và bên tiếp nhận viện trợ.

[3] Hình thức trao đổi văn bản: Ngoài những trường hợp quy định tại [1] và [2], cơ quan quản lý nhà nước về viện trợ và cơ quan chủ quản thực hiện trao đổi văn bản dựa trên yêu cầu thực tế, đề nghị của bên tiếp nhận viện trợ căn cứ quy định pháp lý của Việt Nam và điều ước quốc tế mà Việt Nam và bên tiếp nhận viện trợ là thành viên.

[4] Nguyên tắc cung cấp và quản lý viện trợ theo quy định của pháp luật Việt Nam, nguyên tắc ưu tiên sử dụng hàng hóa, dịch vụ, kỹ thuật, nhân lực và nhà thầu của Việt Nam quy định tại Điều 7 Nghị định này cần được thể hiện trong điều ước quốc tế, thỏa thuận về viện trợ và văn bản trao đổi về viện trợ với bên tiếp nhận viện trợ, trừ những trường hợp đặc thù không thể áp dụng.

Theo Điều 32 Nghị định 305/2025/NĐ-CP quy định cơ sở ký kết điều ước quốc tế, thỏa thuận về viện trợ và trao đổi văn bản về viện trợ như sau:

- Chiến lược, kế hoạch, ưu tiên hợp tác phát triển, quy định pháp luật có liên quan của Việt Nam và bên tiếp nhận viện trợ, điều ước quốc tế mà Việt Nam và bên tiếp nhận viện trợ là thành viên.

- Danh mục Báo cáo đề xuất cấp viện trợ, Quyết định chủ trương viện trợ, Quyết định viện trợ được cấp có thẩm quyền của Việt Nam phê duyệt và các quyết định phê duyệt viện trợ của bên tiếp nhận viện trợ.

- Sự cần thiết có cam kết của Việt Nam và bên tiếp nhận viện trợ để có thể triển khai thực hiện chương trình, dự án, phi dự án.

- Kết quả trao đổi, đàm phán giữa các cơ quan liên quan của Việt Nam và bên tiếp nhận viện trợ.

Điều 33. Cơ quan đề xuất đàm phán, ký kết điều ước quốc tế, thỏa thuận về viện trợ

1. Bộ Tài chính là cơ quan đề xuất đàm phán, ký kết điều ước quốc tế, thỏa thuận về viện trợ liên quan đến chiến lược, chính sách, khuôn khổ hợp tác, lĩnh vực ưu tiên; mục tiêu, nguyên tắc và điều kiện cần tuân thủ; cam kết viện trợ; nghĩa vụ, trách nhiệm, quyền hạn của các bên và những nội dung khác cho một giai đoạn, cho một tập hợp chương trình, dự án, phi dự án hay một chương trình, dự án, phi dự án cụ thể; quy chế quản lý và nghiệp vụ tài chính, giải ngân, thanh toán, quyết toán viện trợ.

2. Cơ quan chủ quản là cơ quan đề xuất đàm phán, ký kết thỏa thuận về viện trợ liên quan đến một tập hợp chương trình, dự án, phi dự án hay một chương trình, dự án, phi dự án cụ thể.","tai-chinh-nha-nuoc","","","","2026-05-05T00:00:00","https://thuvienphapluat.vn/hoi-dap-phap-luat/tham-quyen-de-xuat-dam-phan-ky-ket-dieu-uoc-quoc-te-thoa-thuan-ve-vien-tro-la-co-quan-nha-nuoc-nao-138089482.html","2026-05-21T20:26:16.559898+00:00"
"138086588","Toàn văn Nghị định 128/2026/NĐ-CP sửa đổi Nghị định 85/2024/NĐ-CP về Luật Giá như thế nào?","Ngày 06/04/2026, Chính phủ ban hành Nghị định 128/2026/NĐ-CP Sửa đổi, bồ sung một số điều của  Nghị định 85/2024/NĐ-CP  quy định chi tiết một số điều của Luật Giá 2023 được sửa đổi, bổ sung bởi Luật số 44/2024/QH15, Luật số 61/2024/QH15, Luật số 95/2025/QH15 và Luật số 140/2025/QH15.

Tải về  Nghị định 128/2026/NĐ-CP

Nghị định 128/2026/NĐ-CP có hiệu lực thi hành từ ngày 06/04/2026, ngoại trừ quy định tại khoản 1 Điều 3 Nghị định 128/2026/NĐ-CP có hiệu lực thi hành từ ngày 01/7/2026.

Toàn văn Nghị định 128 2026 NĐ CP sửa đổi Nghị định 85/2024/NĐ-CP về Luật Giá như thế nào? (Hình từ Internet)

Căn cứ theo khoản 1 Điều 9  Nghị định 85/2024/NĐ-CP  được sửa đổi, bổ sung bởi khoản 1 Điều 1 Nghị định 128/2026/NĐ-CP   Tải về , từ ngày 06/04/2026, việc lập phương án giá đối với hàng hóa, dịch vụ do một cấp định giá được quy định như sau:

- Đối với hàng hóa, dịch vụ thuộc thẩm quyền định giá của Thủ tướng Chính phủ: Thủ tướng Chính phủ giao bộ, cơ quan ngang bộ quản lý ngành, lĩnh vực về hàng hóa, dịch vụ tổ chức việc lựa chọn, yêu cầu cơ quan, đơn vị, tổ chức, cá nhân kinh doanh hàng hóa dịch vụ lập phương án giá. Việc lựa chọn tổ chức, cá nhân kinh doanh hàng hóa, dịch vụ thực hiện theo quy định tại khoản 3 Điều 9  Nghị định 85/2024/NĐ-CP ;

- Đối với hàng hóa, dịch vụ sử dụng ngân sách nhà nước thực hiện theo phương thức đặt hàng và thuộc thẩm quyền đặt hàng của cơ quan, tổ chức ở địa phương: Tổ chức sản xuất, kinh doanh, cung ứng hàng hóa, dịch vụ được đặt hàng lập phương án giá;

- Đối với hàng hóa, dịch vụ phục vụ nhiệm vụ quốc phòng, an ninh thực hiện đặt hàng, giao nhiệm vụ: đơn vị, doanh nghiệp quốc phòng, an ninh được giao sản xuất, cung ứng hàng hóa, dịch vụ lập phương án giá;

- Đối với hàng hoá, dịch vụ phục vụ nhiệm vụ quốc phòng, an ninh thực hiện đặt hàng, giao nhiệm vụ: Cơ quan, đơn vị, doanh nghiệp, tổ chức được đặt hàng, giao nhiệm vụ sản xuất, cung ứng hàng hoá dịch vụ theo quy định của Luật Công nghiệp quốc phòng, an ninh và động viên công nghiệp có trách nhiệm lập phương án giá;

- Đối với hàng dự trữ quốc gia thuộc lĩnh vực quốc phòng, an ninh: Đơn vị dự trữ quốc gia hoặc đơn vị được giao trực tiếp quản lý hàng dự trữ quốc gia hoặc tổ chức được giao nhiệm vụ bán hàng dự trữ quốc gia lập phương án giá trong trường hợp bán hàng dự trữ quốc gia;

- Đối với hàng hóa, dịch vụ do một cấp định giá khác ngoài các hàng hóa, dịch vụ quy định tại điểm a, điểm b, điểm c, điểm d khoản này: Cơ quan có thẩm quyền định giá hoặc cơ quan, đơn vị được phân cấp định giá trong trường hợp được cơ quan có thầm quyền định giá phân cấp tổ chức việc lựa chọn, yêu cầu cơ quan, đơn vị, tổ chức, cá nhân kinh doanh, cung ứng hàng hóa, dịch vụ lập phương án giá. Việc lựa chọn tổ chức, cá nhân kinh doanh, cung ứng hàng hóa, dịch vụ thực hiện theo quy định tại khoản 3 Điều 9  Nghị định 85/2024/NĐ-CP .

Căn cứ theo khoản 1 Điều 10  Nghị định 85/2024/NĐ-CP  được sửa đổi, bổ sung bởi khoản 1 Điều 2 Nghị định 128/2026/NĐ-CP   Tải về  quy định như sau:

Điều 10. Thẩm định phương án giá

1. Thẩm định phương án giá là việc đánh giá trên cơ sở hồ sơ phương án giá để xác định, đề xuất mức giá theo nguyên tắc, căn cứ, phương pháp định giá do cơ quan nhà nước có thẩm quyền ban hành phù hợp với hình thức định giá của hàng hóa, dịch vụ. Nội dung thẩm định phương án giá nêu rõ các ý kiến, số liệu, thuyết minh lý do, kết quả thẩm định so với đề nghị của tổ chức, cá nhân lập phương án giá.

[...]

Như vậy, từ ngày 06/04/2026, việc thẩm định phương án giá thực hiện trên cơ sở: hồ sơ phương án giá để xác định, đề xuất mức giá theo nguyên tắc, căn cứ, phương pháp định giá do cơ quan nhà nước có thẩm quyền ban hành phù hợp với hình thức định giá của hàng hóa, dịch vụ.

Nội dung thẩm định phương án giá nêu rõ các ý kiến, số liệu, thuyết minh lý do, kết quả thẩm định so với đề nghị của tổ chức, cá nhân lập phương án giá.

* Trên đây Toàn văn Nghị định 128 2026 NĐ CP sửa đổi Nghị định 85/2024/NĐ-CP về Luật Giá như thế nào?","","","","","2026-04-08","https://thuvienphapluat.vn/hoi-dap-phap-luat/toan-van-nghi-dinh-1282026ndcp-sua-doi-nghi-dinh-852024ndcp-ve-luat-gia-nhu-the-nao-138086588.html","2026-04-08T16:40:53.648034+00:00"
"138086529","Một số lưu ý khi lập Giấy nộp tiền vào Ngân sách nhà nước chi tiết như thế nào?","Trong thời gian qua, cơ quan thuế ghi nhận tình trạng một số Người nộp thuế khi lập Giấy nộp tiền vào Ngân sách Nhà nước trên Hệ thống thông tin giải quyết thủ tục hành chính (dichvucong.gdt.gov.vn) đang để mặc định thông tin  mã chương là 989 (Doanh nghiệp nhà nước địa phương quản lý).  Việc này dẫn đến xác định sai tính chất khoản thu, ảnh hưởng đến công tác hạch toán, theo dõi và tổng hợp số thu ngân sách;  gây phát sinh thủ tục hành chính không cần thiết cho Người nộp thuế  đồng thời làm tăng khối lượng xử lý công việc cho cơ quan Thuế và Kho bạc Nhà nước.

Để hạn chế sai sót nêu trên, Thuế cơ sở 3 tỉnh Khánh Hòa ban hành Thông báo 4797/TB-TCS3 năm 2026   Tải về  đề nghị các doanh nghiệp, tổ chức khi lập Giấy nộp tiền vào Ngân sách Nhà nước cần lưu ý một số nội dung sau:

1. Kiểm tra kỹ thông tin trước khi nộp tiền

- Khi lập Giấy nộp tiền, cần kiểm tra và lựa chọn đúng  mã chương  phù hợp với loại hình và tờ khai của doanh nghiệp, cơ quan quản lý.

- Xác định đúng mã chương:  Mã chương được xác định căn cứ vào loại hình tổ chức (doanh nghiệp trung ương, địa phương, đơn vị hành chính, sự nghiệp, doanh nghiệp khu vực ngoài quốc doanh, ...). Không sử dụng mặc định mà chương 989 nếu không đúng đối tượng.

2. Chủ động rà soát thông tin

- Các Doanh nghiệp, tổ chức cần chủ động kiểm tra lại các Giấy nộp tiền đã lập từ ngày 01/01/2026 đến nay, trường hợp phát hiện có sai sót, thực hiện ngay thủ tục tra soát diều chỉnh chứng từ thu nộp gửi đến cơ quan Thuế để được điều chỉnh kịp thời.

Một số lưu ý khi lập Giấy nộp tiền vào Ngân sách nhà nước chi tiết như thế nào? (Hình từ Internet)

Tại  Nghị định 347/2025/NĐ-CP  quy định mẫu giấy nộp tiền vào ngân sách nhà nước mới nhất 2026 có quy định như sau:

Tải về  mẫu giấy nộp tiền vào ngân sách nhà nước mới nhất 2026

Tại khoản 4 Điều 4  Nghị định 347/2025/NĐ-CP  có quy định thành phần hồ sơ nộp tiền vào ngân sách nhà nước như sau:

Thành phần hồ sơ: Văn bản của cơ quan có thẩm quyền về việc yêu cầu nộp tiền vào ngân sách nhà nước hoặc chứng từ nộp ngân sách nhà nước theo một trong các mẫu sau:

- Bảng kê nộp thuế: Mẫu số 01.

- Giấy nộp tiền vào ngân sách nhà nước: Mẫu số 02.

- Giấy nộp tiền phí, lệ phí, phạt vi phạm hành chính: Mẫu số 03.

- Biên lai thu thuế, phí, lệ phí in sẵn mệnh giá: Mẫu số 04.

- Biên lai thu thuế, phí, lệ phí không in sẵn mệnh giá: Mẫu số 05.

- Biên lai thu phạt vi phạm hành chính in sẵn mệnh giá: Mẫu số 06.

- Biên lai thu phạt vi phạm hành chính không in sẵn mệnh giá: Mẫu số 07.

- Giấy rút dự toán ngân sách nhà nước (kèm theo nộp ngân sách nhà nước): Mẫu số 14

- Ủy nhiệm chi (kèm theo nộp ngân sách nhà nước): Mẫu số 18.

- Chứng từ chứng nhận nộp tiền vào ngân sách nhà nước của doanh nghiệp cung ứng dịch vụ bưu chính công ích: thực hiện theo quy định của pháp luật về xử lý vi phạm hành chính và quy định của pháp luật khác có liên quan.

- Chứng từ giao dịch của ngân hàng/tổ chức cung ứng dịch vụ trung gian thanh toán hoặc tổ chức khác theo quy định của pháp luật mà người nộp lựa chọn để nộp tiền vào ngân sách nhà nước: thực hiện theo quy định của ngân hàng/tổ chức cung ứng dịch vụ trung gian thanh toán hoặc tổ chức khác theo quy định của pháp luật nhưng phải đảm bảo có đầy đủ các thông tin trên Giấy nộp tiền vào ngân sách nhà nước (Mẫu số 02) đối với các khoản thu ngân sách nhà nước do cơ quan quản lý thuế quản lý thu; các thông tin trên Giấy nộp tiền phí, lệ phí, phạt vi phạm hành chính (Mẫu số 03) đối với các khoản thu phí, lệ phí, phạt vi phạm hành chính không do cơ quan quản lý thuế quản lý thu.","","","","","2026-04-08","https://thuvienphapluat.vn/hoi-dap-phap-luat/mot-so-luu-y-khi-lap-giay-nop-tien-vao-ngan-sach-nha-nuoc-chi-tiet-nhu-the-nao-138086529.html","2026-04-08T16:41:00.708609+00:00"
"138086510","Toàn văn Nghị định 104/2026/NĐ-CP về lập dự toán quản lý sử dụng và quyết toán chi thường xuyên NSNN ra sao?","Ngày 31/03/2026, Chính phủ đã ban hành Nghị định 104/2026/NĐ-CP quy định việc lập dự toán, quản lý, sử dụng và quyết toán chi thường xuyên để thực hiện các nhiệm vụ quy định tại Điều 40  Luật Ngân sách Nhà nước 2025 .

Tải về Nghị định 104/2026/NĐ-CP

Trong đó, Nghị định 104/2026/NĐ-CP áp dụng đối với các cơ quan, đơn vị sau:

- Cơ quan nhà nước, Ủy ban Mặt trận Tổ quốc Việt Nam (bao gồm các tổ chức chính trị - xã hội), tổ chức chính trị.

- Đơn vị sự nghiệp công lập.

- Tổ chức, cá nhân khác có liên quan đến sử dụng chỉ thường xuyên để thực hiện nhiệm vụ quy định tại khoản 1 Điều 1 Nghị định 104/2026/NĐ-CP.

Xem thêm chi tiết Toàn văn Nghị định 104 2026 NĐ CP về lập dự toán quản lý sử dụng và quyết toán chi thường xuyên NSNN

Tải về

*Trên đây là thông tin Toàn văn Nghị định 104 2026 NĐ CP về lập dự toán quản lý sử dụng và quyết toán chi thường xuyên NSNN ra sao?

Toàn văn Nghị định 104/2026/NĐ-CP về lập dự toán quản lý sử dụng và quyết toán chi thường xuyên NSNN ra sao? (Hình từ Internet)

Căn cứ theo Điều 40  Luật Ngân sách Nhà nước 2025  quy định các nhiệm vụ chi ngân sách nhà nước được bố trí từ hai nguồn chi đầu tư công và chi thường xuyên như sau:

- Bồi thường, hỗ trợ, tái định cư khi Nhà nước thu hồi đất, trưng dụng đất; chuẩn bị giải phóng mặt bằng, giải phóng mặt bằng.

- Chi phí chuẩn bị, phê duyệt dự án đầu tư công sử dụng vốn hỗ trợ phát triển chính thức (ODA), vốn vay ưu đãi của nhà tài trợ nước ngoài.

- Lập, thẩm định, phê duyệt báo cáo nghiên cứu tiền khả thi, báo cáo đề xuất chủ trương đầu tư; lập, thẩm định, quyết định đầu tư dự án.

- Mua sắm, sửa chữa, cải tạo, nâng cấp tài sản, trang thiết bị; thuê hàng hóa, dịch vụ; sửa chữa, cải tạo, nâng cấp, mở rộng, xây dựng mới hạng mục công trình trong các dự án đã đầu tư xây dựng.

-. Hoạt động quy hoạch.

- Các nhiệm vụ cần thiết khác.

Căn cứ theo Điều 8  Luật Ngân sách nhà nước 2025  quy định nguyên tắc quản lý ngân sách nhà nước như sau:

- Ngân sách nhà nước được quản lý thống nhất, tập trung dân chủ, hiệu quả, tiết kiệm, công khai, minh bạch, công bằng; có phân công, phân cấp quản lý; gắn quyền hạn với trách nhiệm của cơ quan quản lý nhà nước các cấp.

- Toàn bộ các khoản thu, chi ngân sách phải được dự toán, tổng hợp đầy đủ vào ngân sách nhà nước.

- Các khoản thu ngân sách thực hiện theo quy định của các luật về thuế, phí, lệ phí và các khoản thu khác thuộc ngân sách theo quy định của pháp luật.

- Các khoản chi ngân sách chỉ được thực hiện khi có dự toán được cấp có thẩm quyền giao, trừ trường hợp tạm cấp ngân sách quy định tại Điều 53  Luật Ngân sách nhà nước 2025  và phải bảo đảm đúng chế độ, tiêu chuẩn, định mức chi do cơ quan nhà nước có thẩm quyền quy định.

- Bảo đảm ưu tiên bố trí ngân sách cho chi đầu tư phát triển để thực hiện các chủ trương, chính sách của Đảng, Nhà nước trong từng thời kỳ về phát triển kinh tế; phát triển giáo dục, đào tạo, khoa học, công nghệ, đổi mới sáng tạo và chuyển đổi số; giảm nghèo bền vững; phát triển nông nghiệp, nông thôn, y tế; chính sách dân tộc; thực hiện mục tiêu bình đẳng giới và những chính sách quan trọng khác.

- Bố trí ngân sách để thực hiện nhiệm vụ phát triển kinh tế - xã hội; bảo đảm quốc phòng, an ninh, đối ngoại, kinh phí hoạt động của bộ máy nhà nước; các nghĩa vụ của nhà nước trong các cam kết quốc tế, cam kết với các nhà đầu tư.

- Ngân sách nhà nước bảo đảm cân đối kinh phí hoạt động của tổ chức chính trị, cơ quan Mặt trận Tổ quốc Việt Nam các cấp và các tổ chức chính trị - xã hội trực thuộc Mặt trận Tổ quốc Việt Nam; hỗ trợ các tổ chức xã hội thực hiện các nhiệm vụ được Nhà nước giao.

- Bảo đảm chi trả các khoản nợ lãi đến hạn thuộc nhiệm vụ chi của ngân sách nhà nước.

- Việc quyết định đầu tư và chi đầu tư chương trình, nhiệm vụ, dự án có sử dụng vốn ngân sách nhà nước phải phù hợp với  Luật Đầu tư công 2024  và quy định của pháp luật khác có liên quan.

- Ngân sách nhà nước không hỗ trợ kinh phí hoạt động cho các quỹ tài chính nhà nước ngoài ngân sách.

Trường hợp được ngân sách nhà nước hỗ trợ vốn điều lệ theo quy định của pháp luật thì phải phù hợp với khả năng của ngân sách nhà nước và chỉ thực hiện khi đáp ứng đủ các điều kiện sau: được thành lập và hoạt động theo đúng quy định của pháp luật; có khả năng tài chính độc lập; có nguồn thu, nhiệm vụ chi không trùng với nguồn thu, nhiệm vụ chi của ngân sách nhà nước.

Ngân sách nhà nước bố trí kinh phí cho các quỹ thực hiện nhiệm vụ về phát triển khoa học, công nghệ, đổi mới sáng tạo và chuyển đổi số, xây dựng chính sách, pháp luật theo quy định của pháp luật quản lý ngành, lĩnh vực phù hợp với khả năng của ngân sách nhà nước.","","","","","2026-04-08","https://thuvienphapluat.vn/hoi-dap-phap-luat/toan-van-nghi-dinh-1042026ndcp-ve-lap-du-toan-quan-ly-su-dung-va-quyet-toan-chi-thuong-xuyen-nsnn-r-138086510.html","2026-04-08T16:41:08.047063+00:00"
"138086441","TOÀN VĂN Thông tư 02/2026/TT-NHNN sửa đổi Thông tư 35/2025/TT-NHNN về cho vay đặc biệt đối với tổ chức tín dụng thế nào?","Ngày 31/3/2026, Thống đốc Ngân hàng Nhà nước Việt Nam ban hành Thông tư 02/2026/TT-NHNN sửa đổi, bổ sung một số điều của  Thông tư 35/2025/TT-NHNN  quy định về cho vay đặc biệt đối với tổ chức tín dụng.

Xem chi tiết TOÀN VĂN Thông tư 02 2026 TT NHNN sửa đổi Thông tư 35/2025/TT-NHNN về cho vay đặc biệt đối với tổ chức tín dụng

Tải về

Trên đây là thông tin về TOÀN VĂN Thông tư 02 2026 TT NHNN sửa đổi Thông tư 35/2025/TT-NHNN về cho vay đặc biệt đối với tổ chức tín dụng thế nào?

TOÀN VĂN Thông tư 02 2026 TT NHNN sửa đổi Thông tư 35/2025/TT-NHNN về cho vay đặc biệt đối với tổ chức tín dụng thế nào? (Hình từ Internet)

Theo Điều 12  Thông tư 35/2025/TT-NHNN  quy định:

Điều 12. Thời hạn cho vay đặc biệt, gia hạn thời hạn cho vay đặc biệt

1. Ngân hàng Nhà nước xem xét, quyết định thời hạn cho vay đặc biệt, bảo đảm dưới 12 tháng.

2. Ngân hàng Nhà nước xem xét gia hạn thời hạn cho vay đặc biệt trên cơ sở tình hình khả năng chi trả của bên vay đặc biệt hoặc phương án xử lý khoản vay đặc biệt đã vay tại phương án cơ cấu lại bên vay đặc biệt đang trình Ngân hàng Nhà nước (nếu có); thời gian gia hạn mỗi lần dưới 12 tháng.

Như vậy, Thời hạn cho vay đặc biệt, gia hạn thời hạn cho vay đặc biệt như sau:

- Ngân hàng Nhà nước xem xét, quyết định thời hạn cho vay đặc biệt, bảo đảm dưới 12 tháng.

- Ngân hàng Nhà nước xem xét gia hạn thời hạn cho vay đặc biệt trên cơ sở tình hình khả năng chi trả của bên vay đặc biệt hoặc phương án xử lý khoản vay đặc biệt đã vay tại phương án cơ cấu lại bên vay đặc biệt đang trình Ngân hàng Nhà nước (nếu có); thời gian gia hạn mỗi lần dưới 12 tháng.

Theo Điều 10  Thông tư 35/2025/TT-NHNN  quy định:

Điều 10. Mục đích sử dụng tiền vay đặc biệt

1.  Bên vay đặc biệt chỉ được sử dụng tiền vay đặc biệt  để chi trả tiền gửi của người gửi tiền là cá nhân tại bên vay đặc biệt; việc sử dụng tiền vay đặc biệt để chi trả tiền gửi của người gửi tiền là tổ chức do Thống đốc Ngân hàng Nhà nước hoặc Giám đốc Ngân hàng Nhà nước Khu vực quyết định đối với từng bên vay đặc biệt cụ thể trên cơ sở đề xuất của Ban kiểm soát đặc biệt.

2. Các đối tượng người gửi tiền được chi trả quy định tại khoản 1 Điều này không bao gồm:

a) Người có liên quan của bên vay đặc biệt theo quy định tại khoản 24 Điều 4 của Luật Các tổ chức tín dụng;

b) Người điều hành, người quản lý của bên vay đặc biệt theo quy định tại khoản 25, khoản 26 Điều 4 của Luật Các tổ chức tín dụng, trừ người điều hành, người quản lý do cơ quan nhà nước có thẩm quyền cử, chỉ định, bổ nhiệm;

c) Người có liên quan của cá nhân, tổ chức là người quản lý, người điều hành (trừ người quản lý, người điều hành do cơ quan nhà nước có thẩm quyền cử, chỉ định, bổ nhiệm), thành viên góp vốn hoặc cổ đông sở hữu từ 5% vốn điều lệ hoặc vốn cổ phần có quyền biểu quyết trở lên của bên vay đặc biệt theo quy định tại khoản 24 Điều 4 của Luật Các tổ chức tín dụng và hướng dẫn của Ngân hàng Nhà nước về người có liên quan của cá nhân, tổ chức (nếu có).

3. Đối tượng quy định tại điểm a, điểm b và điểm c khoản 2 Điều này được xác định kể từ ngày:

a) Bên vay đặc biệt có văn bản báo cáo Ngân hàng Nhà nước khi bị rút tiền hàng loạt theo quy định tại khoản 1 Điều 191 của Luật Các tổ chức tín dụng;

b) Ngân hàng Nhà nước có văn bản đặt bên vay đặc biệt vào kiểm soát đặc biệt (trong trường hợp bên vay đặc biệt được kiểm soát đặc biệt trước ngày được quy định tại điểm a khoản này).

Như vậy, Bên vay đặc biệt chỉ được sử dụng tiền vay đặc biệt để chi trả tiền gửi của người gửi tiền là cá nhân tại bên vay đặc biệt; việc sử dụng tiền vay đặc biệt để chi trả tiền gửi của người gửi tiền là tổ chức do Thống đốc Ngân hàng Nhà nước hoặc Giám đốc Ngân hàng Nhà nước Khu vực quyết định đối với từng bên vay đặc biệt cụ thể trên cơ sở đề xuất của Ban kiểm soát đặc biệt.","","","","","2026-04-07","https://thuvienphapluat.vn/hoi-dap-phap-luat/toan-van-thong-tu-022026ttnhnn-sua-doi-thong-tu-352025ttnhnn-ve-cho-vay-dac-biet-doi-voi-to-chuc-ti-138086441.html","2026-04-08T16:41:19.743019+00:00"
"138086193","Toàn văn Thông tư 06/2026/TT-BVHTTDL về phân cấp thẩm quyền trong quản lý tài chính và tài sản công tại cơ quan thuộc Bộ Văn hóa Thể thao và Du lịch như thế nào?","Ngày 06/04/2026, Bộ trưởng Bộ Văn hóa, Thể thao và Du lịch đã ban hành Thông tư 06/2026/TT-BVHTTDL quy định phân cấp thẩm quyền của Bộ trưởng Bộ Văn hóa, Thể thao và Du lịch trong quản lý tài chính và tài sản công tại các cơ quan, đơn vị thuộc Bộ Văn hóa, Thể thao và Du lịch.

Tải về  Thông tư 06/2026/TT-BVHTTDL

Thông tư 06/2026/TT-BVHTTDL quy định việc phân cấp thẩm quyền của Bộ trưởng Bộ Văn hóa, Thể thao và Du lịch trong quản lý tài chính, tài sản công tại: cơ quan nhà nước (gọi tắt là cơ quan) thuộc Bộ Văn hóa, Thể thao và Du lịch; đơn vị sự nghiệp công lập trực thuộc Bộ Văn hóa, Thể thao và Du lịch; đơn vị sự nghiệp công lập trực thuộc các cơ quan (gọi tắt là đơn vị); Quỹ hỗ trợ phát triển du lịch thuộc Bộ Văn hóa, Thể thao và Du lịch.

Việc phân cấp được thực hiện đối với: quản lý, sử dụng các nguồn tài chính của cơ quan, đơn vị gồm nguồn ngân sách nhà nước và các nguồn kinh phí hợp pháp khác theo quy định pháp luật (trong đó có thu phí được để lại, Quỹ phát triển hoạt động sự nghiệp và kinh phí hợp pháp khác).

Đối với kinh phí sử dụng từ Quỹ phát triển hoạt động sự nghiệp của đơn vị cho các dự án đầu tư xây dựng (dự án đã được đăng ký vào Kế hoạch vốn trung hạn của Bộ Văn hóa, Thể thao và Du lịch) áp dụng mức phân cấp theo quy định của pháp luật về đầu tư công.

Thông tư 06 2026 TT BVHTTDL không điều chỉnh đối với nguồn ngân sách chi đầu tư phát triển; nguồn ngân sách chi các Chương trình mục tiêu quốc gia và nội dung đã có quy định pháp luật xác định thuộc thẩm quyền của Thủ trưởng cơ quan, đơn vị.

Thông tư 06/2026/TT-BVHTTDL có hiệu lực thi hành từ ngày 06/04/2026.

Toàn văn Thông tư 06 2026 TT BVHTTDL về phân cấp thẩm quyền trong quản lý tài chính và tài sản công tại cơ quan thuộc Bộ Văn hóa Thể thao và Du lịch như thế nào? (Hình từ Internet)

Căn cứ theo Điều 3 Thông tư 06/2026/TT-BVHTTDL   Tải về , từ ngày 06/04/2026, nguyên tắc phân cấp thẩm quyền trong quản lý tài chính và tài sản công tại cơ quan thuộc Bộ Văn hóa, Thể thao và Du lịch là:

- Bảo đảm sự quản lý thống nhất, toàn diện trong lĩnh vực quản lý tài chính và tài sản công tại các cơ quan, đơn vị thuộc Bộ Văn hóa, Thể thao và Du lịch.

- Bảo đảm phù hợp với năng lực chuyên môn của các cơ quan, đơn vị, phát huy trách nhiệm, quyền tự chủ, tự chịu trách nhiệm của các cơ quan, đơn vị và trách nhiệm của người đứng đầu, tăng cường tính chủ động trong việc thực hiện nhiệm vụ.

- Các cơ quan, đơn vị, cá nhân đã được phân cấp thẩm quyền theo quy định tại Thông tư này không được phân cấp tiếp nhiệm vụ, quyền hạn mà mình được phân cấp và chịu trách nhiệm toàn diện trước Bộ trưởng và pháp luật về kết quả thực hiện nhiệm vụ, thẩm quyền được phân cấp.

- Trong trường hợp cần thiết, Bộ trưởng Bộ Văn hóa, Thể thao và Du lịch quyết định điều chỉnh việc phân cấp một số nội dung cụ thể khác với quy định tại Thông tư này.

Căn cứ theo Điều 10  Luật Quản lý, sử dụng tài sản công 2017 , các hành vi bị nghiêm cấm trong quản lý, sử dụng tài sản công bao gồm:

- Lợi dụng, lạm dụng chức vụ, quyền hạn chiếm đoạt, chiếm giữ và sử dụng trái phép tài sản công.

- Đầu tư xây dựng, mua sắm, giao, thuê, sử dụng tài sản công không đúng mục đích, chế độ, vượt tiêu chuẩn, định mức.

- Giao tài sản công cho cơ quan, tổ chức, đơn vị, cá nhân vượt tiêu chuẩn, định mức hoặc giao cho cơ quan, tổ chức, đơn vị, cá nhân không có nhu cầu sử dụng.

- Sử dụng xe ô tô và tài sản công khác do tổ chức, cá nhân tặng cho không đúng mục đích, chế độ, vượt tiêu chuẩn, định mức.

- Sử dụng hoặc không sử dụng tài sản công được giao gây lãng phí; sử dụng tài sản công vào mục đích kinh doanh, cho thuê, liên doanh, liên kết không phù hợp với mục đích sử dụng của tài sản, làm ảnh hưởng đến việc thực hiện chức năng, nhiệm vụ do Nhà nước giao; sử dụng tài sản công để kinh doanh trái pháp luật.

- Xử lý tài sản công trái quy định của pháp luật.

- Hủy hoại hoặc cố ý làm hư hỏng tài sản công.

- Chiếm đoạt, chiếm giữ, sử dụng trái phép tài sản công.

- Không thực hiện hoặc thực hiện không đầy đủ trách nhiệm, nghĩa vụ trong quản lý, sử dụng tài sản công theo quy định của pháp luật.

- Hành vi bị nghiêm cấm khác trong quản lý, sử dụng tài sản công theo quy định của pháp luật có liên quan.","","","","","2026-04-06","https://thuvienphapluat.vn/hoi-dap-phap-luat/toan-van-thong-tu-062026ttbvhttdl-ve-phan-cap-tham-quyen-trong-quan-ly-tai-chinh-va-tai-san-cong-ta-138086193.html","2026-04-08T16:41:24.916429+00:00"
"138085970","Chuyển nguồn ngân sách từ năm trước sang năm sau theo Nghị định 73 2026 như thế nào?","Căn cứ Điều 31  Nghị định 73/2026/NĐ-CP  quy định về chuyển nguồn ngân sách từ năm trước sang năm sau như sau:

- Đến hết thời gian chỉnh lý quyết toán, các khoản dự toán chi ngân sách nhà nước (bao gồm cả các khoản dự toán chưa phân bổ chi tiết ở cấp ngân sách, các khoản tạm ứng trong dự toán, số dư tài khoản tiền gửi các khoản ngân sách nhà nước cấp) chưa thực hiện được hoặc chưa chi hết, được chuyển nguồn sang năm sau tiếp tục sử dụng, bao gồm:

+ Các khoản dự toán được Thủ tướng Chính phủ, Ủy ban nhân dân các cấp bổ sung sau ngày 30 tháng 9 năm thực hiện dự toán, trừ trường hợp đã hết nhiệm vụ chi;

+ Chi đầu tư phát triển thực hiện chuyển nguồn sang năm sau đối với kế hoạch vốn đầu tư công được kéo dài thời gian thực hiện và giải ngân theo quy định của Luật Đầu tư công;

+ Các chương trình mục tiêu quốc gia đang trong thời gian thực hiện theo nghị quyết của Quốc hội nhưng không quá ngày 31 tháng 12 năm sau;

+ Chi mua sắm hàng hóa, dịch vụ (bao gồm thuê hàng hóa, dịch vụ), sửa chữa, cải tạo, nâng cấp, mở rộng, xây dựng mới hạng mục công trình trong các dự án đã đầu tư xây dựng, đặt hàng, giao nhiệm vụ đã đầy đủ hồ sơ, đã ký hợp đồng hoặc đã hoàn thành đấu thầu theo quy định của pháp luật về đấu thầu trước ngày 31 tháng 12 năm thực hiện dự toán;

+ Nguồn thực hiện chính sách tiền lương, phụ cấp, trợ cấp và các khoản tính theo tiền lương; nguồn thực hiện các chính sách an sinh xã hội;

+ Kinh phí được giao tự chủ của các đơn vị sự nghiệp công lập và các cơ quan nhà nước;

+ Chi khoa học, công nghệ, đổi mới sáng tạo và chuyển đổi số;

+ Chi dự trữ quốc gia;

+ Các khoản chi viện trợ cho Chính phủ nước ngoài đã được cấp có thẩm quyền giao dự toán;

+ Các khoản chi từ nguồn viện trợ không hoàn lại của Chính phủ các nước, các tổ chức, cá nhân nước ngoài cho Nhà nước, Chính phủ Việt Nam và chính quyền địa phương, các khoản tài trợ, đóng góp tự nguyện của các tổ chức, cá nhân trong và ngoài nước đã được xác định nhiệm vụ chi cụ thể;

+ Các khoản kinh phí phải hoàn trả ngân sách cấp trên theo kết luận, kiến nghị của cơ quan thanh tra, kiểm toán.

- Các khoản tăng thu so với dự toán, dự toán chi còn lại của cấp ngân sách được sử dụng theo quy định tại khoản 2 Điều 61 của Luật Ngân sách nhà nước, trường hợp phương án sử dụng đã được cấp có thẩm quyền quyết định sử dụng vào năm sau thì được chuyển nguồn sang ngân sách năm sau để thực hiện.

- Bộ trưởng Bộ Tài chính quy định cụ thể quy trình, thủ tục xử lý, hạch toán, kế toán chuyển nguồn sang năm sau.

Chuyển nguồn ngân sách từ năm trước sang năm sau theo Nghị định 73 2026 như thế nào? (Hình từ Internet)

Căn cứ khoản 2 Điều 7  Nghị định 73/2026/NĐ-CP  quy định về quản lý nguồn tài trợ, đóng góp tự nguyện cho ngân sách nhà nước như sau:

Điều 7. Quản lý nguồn tài trợ, đóng góp tự nguyện cho ngân sách nhà nước

[...]

2. Nguyên tắc quản lý nguồn tài trợ, đóng góp tự nguyện:

a) Khoản tài trợ, đóng góp tự nguyện phải được thực hiện trên cơ sở tự nguyện và từ thu nhập, tài sản hợp pháp của tổ chức, cá nhân tài trợ, đóng góp tự nguyện;

b) Việc tiếp nhận, quản lý và sử dụng phải bảo đảm công khai, minh bạch, đúng mục đích, hiệu quả và tuân thủ quy định của pháp luật;

c) Các khoản tài trợ, đóng góp tự nguyện bằng tiền được phản ánh đầy đủ vào ngân sách nhà nước.

[...]

Như vậy, nguyên tắc quản lý nguồn tài trợ, đóng góp tự nguyện cho ngân sách nhà nước như sau:

- Khoản tài trợ, đóng góp tự nguyện phải được thực hiện trên cơ sở tự nguyện và từ thu nhập, tài sản hợp pháp của tổ chức, cá nhân tài trợ, đóng góp tự nguyện;

- Việc tiếp nhận, quản lý và sử dụng phải bảo đảm công khai, minh bạch, đúng mục đích, hiệu quả và tuân thủ quy định của pháp luật;

- Các khoản tài trợ, đóng góp tự nguyện bằng tiền được phản ánh đầy đủ vào ngân sách nhà nước.

Căn cứ khoản 1 Điều 23  Nghị định 73/2026/NĐ-CP  quy định về nguyên tắc, tiêu chí và điều kiện ứng trước dự toán ngân sách năm sau như sau:

Điều 23. Nguyên tắc, tiêu chí và điều kiện ứng trước dự toán ngân sách năm sau

1. Nguyên tắc ứng trước dự toán năm sau:

a) Ngân sách các cấp được ứng trước dự toán năm sau để thực hiện các chương trình, nhiệm vụ, dự án quan trọng, cấp bách đã được cấp có thẩm quyền quyết định theo quy định của pháp luật nhằm đảm bảo tiến độ thực hiện dự án, tiết kiệm, hiệu quả;

b) Mức ứng trước dự toán ngân sách năm sau tối đa không vượt quá 30% tổng dự toán chi của chương trình, nhiệm vụ, dự án. Trường hợp các chương trình, nhiệm vụ, dự án thuộc kế hoạch đầu tư công trung hạn còn phải đảm bảo mức vốn ứng trước dự toán ngân sách năm sau không vượt quá tổng mức vốn kế hoạch trung hạn đã giao trừ đi dự toán hằng năm đã giải ngân trong kỳ trung hạn;

c) Khi phân bổ dự toán năm sau, cơ quan có thẩm quyền giao dự toán phải bố trí để thu hồi đủ số vốn đã được ứng trước; trường hợp không bố trí hoặc bố trí không đủ để thu hồi hết số vốn đã ứng trước thì không được ứng tiếp dự toán năm sau cho các đơn vị còn dư ứng trước.

[...]

Như vậy, nguyên tắc ứng trước dự toán ngân sách năm sau như sau:

- Ngân sách các cấp được ứng trước dự toán năm sau để thực hiện các chương trình, nhiệm vụ, dự án quan trọng, cấp bách đã được cấp có thẩm quyền quyết định theo quy định của pháp luật nhằm đảm bảo tiến độ thực hiện dự án, tiết kiệm, hiệu quả;

- Mức ứng trước dự toán ngân sách năm sau tối đa không vượt quá 30% tổng dự toán chi của chương trình, nhiệm vụ, dự án. Trường hợp các chương trình, nhiệm vụ, dự án thuộc kế hoạch đầu tư công trung hạn còn phải đảm bảo mức vốn ứng trước dự toán ngân sách năm sau không vượt quá tổng mức vốn kế hoạch trung hạn đã giao trừ đi dự toán hằng năm đã giải ngân trong kỳ trung hạn;

- Khi phân bổ dự toán năm sau, cơ quan có thẩm quyền giao dự toán phải bố trí để thu hồi đủ số vốn đã được ứng trước; trường hợp không bố trí hoặc bố trí không đủ để thu hồi hết số vốn đã ứng trước thì không được ứng tiếp dự toán năm sau cho các đơn vị còn dư ứng trước.","","","","","2026-04-06","https://thuvienphapluat.vn/hoi-dap-phap-luat/chuyen-nguon-ngan-sach-tu-nam-truoc-sang-nam-sau-theo-nghi-dinh-73-2026-nhu-the-nao-138085970.html","2026-04-08T16:41:29.706960+00:00"
"138085119","Danh mục Công nghệ cấm chuyển giao theo Nghị định 101 2026 gồm có gì?","Căn cứ theo Phụ lục 3 ban hành kèm theo  Nghị định 101/2026/NĐ-CP  Danh mục Công nghệ cấm chuyển giao bao gồm:

A. CÔNG NGHỆ CHUYÊN GIAO TỪ NƯỚC NGOÀI VÀO VIỆT NAM VÀ TRỌNG LÃNH THỔ VIỆT NAM

1. Công nghệ sản xuất điện thoại công nghệ PHS.

2. Công nghệ DECT sử dụng tần số không phù hợp với quy hoạch tần số của Việt Nam.

3. Công nghệ sản xuất modem tương tự và dial-up, ADSL.

4. Công nghệ thông tin di động CDMA 2000-1X.

5. Công nghệ sản xuất tivi, máy tính cá nhân sử dụng tia điện tử để tạo hình ảnh theo công nghệ analog.

6. Công nghệ vô hiệu hóa chức năng an toàn thông tin hoặc tấn công xâm nhập hệ thống thông tin trừ trường hợp phục vụ nhu cầu quốc phòng, an ninh.

7. Công nghệ phá sóng, chèn sóng vô tuyến điện (trừ trường hợp chuyển giao phục vụ nhu cầu quốc phòng, an ninh).

8. Công nghệ chặn thu, giải mã các hệ thống thông tin (trừ trường hợp chuyển giao phục vụ nhu cầu quốc phòng, an ninh).

9. Công nghệ vô hiệu hóa các thiết bị ghi âm, ghi hình, đo, đếm, tỉnh tải trọng, tốc độ phương tiện giao thông, trừ trường hợp phục vụ nhu cầu an ninh.

10. Công nghệ vô hiệu hóa thiết bị đo, đếm, tính lượng điện năng sử dụng,

11. Công nghệ vô hiệu hóa thiết bị tỉnh thời gian sử dụng điện thoại.

12. Công nghệ chế tạo công cụ hỗ trợ, phương tiện, phần mềm có khả năng vô hiệu hóa các thiết bị phát hiện việc truy cập, đánh cắp dữ liệu mạng máy tính điện tử (trừ trường hợp chuyển giao phục vụ nhu cầu an ninh, quốc phòng, an ninh).

13. Công nghệ vô hiệu hóa thiết bị kiểm tra, phát hiện vũ khí, vật liệu nổ, ma túy và đồ vật nguy hiểm khác (trừ trường hợp chuyển giao phục vụ nhu cầu quốc phòng, an ninh).

14. Công nghệ thông tin di động 1G, 2G.

15. Công nghệ sản xuất linh kiện điện tử chân không.

16. Công nghệ đánh cắp dữ liệu, thông tin.

17. Công nghệ tạo ra virus, mã độc, phần mềm phá hoại, lừa đảo, tác động xấu đến môi trường an ninh mạng,

18. Công nghệ sản xuất pin bằng phương pháp hồ điện dịch.

19. Công nghệ sản xuất tấm pin năng lương mặt trời hiệu suất thấp dưới 15%

20. Công nghệ sản xuất pin, ắc quy axit chỉ sử dụng lò nung chỉ mở và máy bột chỉ mở, nạp bột khô cho pin axit chỉ dạng ông.

21. Công nghệ điện phân dùng điện cực thủy ngân

22. Công nghệ sản xuất sơn chống hà sử dụng thủy ngân.

23. Công nghệ sản xuất các sản phẩm hóa nổ bằng phương pháp thủ công.

24. Công nghệ sản xuất các loại vũ khí, khí tài, vật liệu nổ các loại trừ vật liệu nổ công nghiệp, trang thiết bị kỹ thuật quốc phòng, an ninh (trừ trường hợp chuyển giao phục vụ nhu cầu quốc phòng, an ninh).

25. Công nghệ sản xuất phân bón hỗn hợp NPK theo phương pháp thủ công (chảo quay, trộn thô).

26. Công nghệ sản xuất thuốc bảo quản lâm sản chứa chất độc hại cho sức khỏe và môi trường Pentachlorophenol (PCP), Dichloro Diphenyl Trichloroethane (DDT).

27. Công nghệ sản xuất axit sulfuric bằng phương pháp tiếp xúc đơn, hấp thụ đơn.

28. Công nghệ sử dụng chất CFC và HCFC,

29. Công nghệ sử dụng các hợp chất hữu cơ khó phân hủy POPS.

30. Công nghệ sử dụng thủy ngân nằm trong công ước hạn chế thủy ngân Minamata.

31. Công nghệ sản xuất sử dụng cacbon tetraclorua (CTC) làm chất tẩy rửa.

32. Công nghệ sản xuất sử dụng trifluorotrichloroethane (CFC-113) và methyl chloroform (TCA) làm chất tẩy rửa và dung môi.

33. Công nghệ điều chế amin bậc ba bằng axít béo, sulfo hóa axit sunfuric bốc khói, ethoxyl hóa bể khuấy.

34. Công nghệ chưng cất sử dụng nhiệt độ cao ngọn lửa để sản xuất các sản phẩm dâu.

35. Công nghệ tỉnh chế dầu thô cao su và nhựa thải, sản xuất nhựa đường theo mê.

36. Công nghệ sản xuất axit permanganic oxy hóa lỏ lộ thiên kali.

37. Công nghệ sản xuất sản xuất xút bằng phương pháp màng.

38. Công nghệ sản xuất sunfua kiểm bay hơi trong lò và vạc

39. Công nghệ sản xuất natri silicat của Glauber.

40. Công nghệ carbon disulfide than cốc ngắt quãng.

41. Công nghệ chlorohydrin propylen oxit và canxi epichlorohydrin quả trình xà phòng hóa.

42. Công nghệ sản xuất hợp chất crom canxi nung chảy.

43. Công nghệ sản xuất axetylen vinyl clorua.

44. Công nghệ khử lưu huỳnh pha lỏng amoniac khỉ bán nước,

45. Công nghệ tổng hợp amoniac bằng công nghệ chuyển đổi không liên tục ở áp suất bình thường của khí tự nhiên.

46. Công nghệ chuyển đổi carbon monoxide đưới áp suất bình thường.

47. Công nghệ khử lưu huỳnh ướt không có thiết bị thu hồi lưu huỳnh.

48. Công nghệ sản xuất khi hỏa than gián đoạn lớp cố định không có thiết bị thu hồi nhiệt thải, khí thải.

49. Công nghệ sản xuất urê không có công nghệ phân tích thủy phân ngưng tụ.

50. Công nghệ làm mát máy lọc khi nhiệt độ cao tiếp xúc trực tiếp với không khí trong tháp giải nhiệt hỏ.

51. Công nghệ sản xuất paraquat bằng phương pháp natri.

52. Công nghệ sản xuất dịchlorvos bằng phương pháp bazơ trichlorfon.

53. Công nghệ và thiết bị đóng gói các sản phẩm thuốc bảo vệ thực vật dưới dạng ống tiêm thủy tỉnh, đóng gói thủ công bao bì nhỏ sản phẩm thuốc trừ sâu.

54. Công nghệ sản xuất bột thuốc trừ sâu bằng phương pháp máy Raymond, sản xuất pentachlorophenol sử dụng hexachlorobenzen làm nguyên liệu.

55. Công nghệ sản xuất cao su clo hóa bằng phương pháp dung môi cacbon tetraclorua và sản xuất nhựa dùng cho lớp phủ được nung nóng trực tiếp bằng lừa.

56. Công nghệ sản xuất saponin thủy phân axit clohydric; sản xuất saponin phát thải chất ô nhiễm không đạt tiêu chuẩn; khử bột sắt hoàn nguyên.

57. Công nghệ sản xuất Fluoropolymer sử dụng PFOA làm chất hỗ trợ xử lý

58. Công nghệ sản xuất dicofol không khép kín sử dụng DDT làm nguyên liệu.

59. Công nghệ sử dụng thủy ngân trong khai thác vàng quy mô nhỏ.

60. Công nghệ tuyển, luyện kim, tỉnh chế kim loại, sản xuất vật liệu sửdụng hóa chất độc hại, chất phóng xạ không đáp ứng tiêu chuẩn an toàn, gây ô nhiễm môi trường.

61. Công nghệ luyện kêm hoặc xử lý oxit kẽm sử dụng lò múp, lò máng bề ngang, bể đứng nhỏ, thiết bị ngưng tụ đơn giản để thu gom bụi.

62. Công nghệ tỉnh chế thủy ngân sử dụng nồi sắt, bếp đất, bể chưng cất, lò nung và các thiết bị ngưng tụ, thu bụi đơn giản.

63. Công nghệ xử lý tỉnh chế asen oxit hoặc asen kim loại sử dụng lò hầm đất, lò nung nồi nấu kim loại, thiết bị ngưng tụ bụi đơn giản.

64. Công nghệ lọc khô axít khí thải và công nghệ rừa axit đậm đặc nóng.

65. Sử dụng các phương pháp lò hầm lò, lò nung, lò Hearst để luyện antimon

66. Công nghệ và thiết bị luyện chỉ sử dụng nổi thiêu kết, khay thiêu kết, lò cao đơn giản,

67. Công nghệ và thiết bị nấu chảy hợp kim nhôm tái chế và chỉ tái chế bằng lò nung.

68. Công nghệ sử dụng lò phản xạ đốt than trực tiếp trong sản xuất kim loại màu tải chế.

69. Công nghệ luyện chỉ lò cao thiêu kết, thiêu kết quá trình nấu chảy chỉ không có hệ thống tạo axit và hấp thụ khí thải.

70. Công nghệ và thiết bị đốt đồng tái sinh không có biện pháp kiểm soát khí thải.

71. Công nghệ sản xuất sử dụng lò luyện kim không đạt tiêu chuẩn môi trường.

72. Công nghệ sản xuất sử dụng lò trục đất kết hợp đốt nguyên liệu quặng và nguyên liệu răn, thông gió tự nhiên, vận hành thủ công.

73. Công nghệ và thiết bị sản xuất đồng tái chế trong lò phản xạ cố định truyền thống dưới 50 tấn.

74. Công nghệ và thiết bị luyện kêm bể thẳng đứng.

75. Công nghệ khai thác, tỉnh chế vàng sử dụng hỗn hợp thủy ngân, lọc bể xyanua.

76. Công nghệ sản xuất Ferromolypden sử dụng lò phản xạ để nung molypden cô đặc.

77. Công nghệ lò phản xạ để giảm mangan dioxide

78. Công nghệ xử lý mangan điện phân sử dụng công nghệ thụ động dịcromat.

79. Công nghệ lò luyện cốc không được trang bị thiết bị thu hồi nhiệt đồng bộ.

80. Công nghệ sử dụng Cyanua trong hỏa tách vàng.

81. Công nghệ sản xuất, lắp ráp xe mô tô, xe gắn máy 2 kỳ, động cơ 2 kỳ dúng cho xe mô tô, xe gắn máy.

82. Công nghệ sản xuất, lắp ráp xe ô tô, động cơ xe ô tô tiêu chuẩn khi thải từ mức 4 (tương đương Euro 4) trở xuống, công nghệ sản xuất, lắp ráp xe mô tô, xe gắn máy, động cơ xe mô tô, xe gắn máy tiêu chuẩn khí thải từ mức 3 (tương đương Euro 3) trở xuống.

83. Công nghệ thiết kế, chế tạo, sản xuất mới ở cấp độ công nghiệp đối với động cơ điện sức kéo dùng điện 1 chiều đối với đầu máy toa xe đường sắt.

84. Công nghệ thiết kế, chế tạo, sản xuất mới đối với mạch điện đường ray sử dụng cho hệ thống tín hiệu điều khiển chạy tàu trên đường sắt đô thị

85. Công nghệ có hệ thống cung cấp điện sức kéo cấp điện áp 3kV một chiều đối với đường sắt.

86. Công nghệ sản xuất xi măng lò đứng

87. Công nghệ sản xuất xi măng lò quay bằng phương pháp ướt

88. Công nghệ sản xuất vật liệu xây dựng sử dụng Amiăng Amfibole (Amiăng nâu và xanh).

89. Công nghệ sản xuất xi măng lò quay có công suất lò nung nhỏ hơn 4.000 tấn clanhke/ngày.

90. Công nghệ sản xuất gạch đất sét nung bằng lò thủ công, thủ công cải tiên, lò đứng liên tục, lò vòng, lò vòng cải tiến (kiểu là Hoffman) sử dụng nhiên liệu hóa thạch (than, dầu, khí).

91. Công nghệ thi công nền mặt đường sử dụng các hóa chất, phụ gia độc hại ảnh hưởng đến môi trường và sức khỏe con người.

92. Công nghệ sản xuất túi bao bì xi măng dệt bằng nhựa không tráng phủ

93. Công nghệ sản xuất kính phẳng sử dụng công nghệ kéo phẳng.

94. Công nghệ lò nung gốm sứ vệ sinh bằng đất sét, lò nung ngược lừa, là xốp, lò nung than lộ thiên, lò nung hầm, lò nung gốm sứ vệ sinh gắn sagger.

95. Công nghệ sử dụng nồi đất sét sợi thủy tỉnh; nồi nấu kim loại bằng gốm.

96. Công nghệ lò trục đất sản xuất või

97. Công nghệ sản xuất thủy tỉnh thạch anh khí luyện 1 bước.

98. Công nghệ sản xuất kim cương nhân tạo sử dụng máy ép nhỏ sáu mặt 6×6 meganewton.

99. Công nghệ sản xuất bê tông khí cất thủ công, sản xuất bê tông khí đóng rắn không hấp.

100. Dây chuyền sản xuất gạch tro bay không thiêu kết, không hấp khử trùng

101. Công nghệ lò nung thủy tỉnh đốt than và máy phát điện, lò ủ thủy tỉnh đốt trực tiếp không tuần hoàn khỉ nóng

102. Công nghệ điều chế chất ma túy.

103. Công nghệ nhân bản vô tính phôi người.

104. Công nghệ sấy không khi nông không có thiết bị lọc.

105. Công nghệ khử bột sắt đối với acetaminophen (paracetamol), caffeine.

106. Công nghệ sản xuất dược phẩm sử dụng CFC làm khí dung, chất đấy hoặc chất phân tán.

107. Công nghệ sản xuất nhiệt kế và máy đo huyết áp chứa thủy ngân.

108. Công nghệ sản xuất keo gỗ và chất phụ gia có hại cho sức khỏe và môi trường Urea-Formaldehyde, keo Phenol-Formaldehyde, sản phẩm có hàm lượng Formaldehyde tự do vượt quá giới hạn (Formaldehyde class > E2).

109. Công nghệ nhân giống cây trồng, gây trồng, sử dụng các loài sinh vật ngoại lai (động vật, thực vật và vi sinh vật) thuộc Danh mục loài ngoại lai xâm hại

110. Công nghệ sử dụng các loài sinh vật phi bản địa bao gồm động vật, thực vật và vi sinh vật thuộc Danh mục loài ngoại lai xâm hại.

111. Công nghệ sản xuất thuốc bảo vệ thực vật cấm sử dụng ở Việt Nam.

112 Công nghệ sản xuất thuốc bảo quản lâm sản chứa chất độc hại thạch tin (arsenic).

113. Công nghệ sản xuất sử dụng cacbon tetraclorua (CTC), trifluorotrichloroethane (CFC-113) và methyl chloroform (TCA) làm chất tẩy rửa và dung môi,

114. Công nghệ bổ sung chất làm trắng bột mì (benzoyl peroxide, canxi peroxide).

115. Công nghệ tẩy trắng sử dụng nguyên tố clo.

116. Công nghệ xử lý chất thải bằng phương pháp đốt một cấp hoặc công nghệ đốt chất thải không có hệ thống xử lý khí thải.

117. Công nghệ xử lý chất thải nguy hại chứa các thành phần halogen hữu cơ vượt ngưỡng chất thải nguy hại bằng lò đốt chất thải có vùng đốt thứ cấp thấp hơn 1100°C.

118. Công nghệ xử lý chất thải rắn sinh bằng lò đốt có quy mô công suất nhỏ hơn 500 kg/giờ, công nghệ xử lý chất thải y tế bằng lò đốt chất thải có công suất nhỏ hơn 200 kg/giờ.

119. Công nghệ sản xuất làm phát sinh chất thải không có khả năng tái sửdụng, tái chế, xử lý, tiêu hủy.

120. Công nghệ in, sắp chữ bằng bản chỉ.

121. Công nghệ cấm chuyển giao theo các Điều ước quốc tế mà Việt Nam là thành viên.

B. CẢM CHUYỂN GIAO TỪ VIỆT NAM RA NƯỚC NGOÀI

1. Công nghệ cấm chuyển giao theo các Điều ước quốc tế mà Việt Nam là thành viên.

2. Công nghệ thuộc Danh mục bí mật nhà nước,

Danh mục Công nghệ cấm chuyển giao theo Nghị định 101 2026 gồm có gì? (Hình từ Internet)

Căn cứ Điều 12  Luật Chuyển giao công nghệ 2017  quy định về những hành vi sau bị nghiêm cấm trong hoạt động chuyển giao công nghệ bao gồm:

- Lợi dụng chuyển giao công nghệ làm ảnh hưởng xấu đến quốc phòng, an ninh, lợi ích quốc gia, sức khỏe con người, môi trường, đạo đức, thuần phong mỹ tục của dân tộc; xâm phạm quyền và lợi ích hợp pháp của tổ chức, cá nhân; hủy hoại tài nguyên thiên nhiên, đa dạng sinh học.

- Chuyển giao công nghệ cấm chuyển giao; chuyển giao trái phép công nghệ hạn chế chuyển giao.

- Vi phạm quy định về quyền chuyển giao công nghệ.

- Lừa dối, giả tạo trong việc lập, thực hiện hợp đồng chuyển giao công nghệ, hợp đồng dịch vụ chuyển giao công nghệ, nội dung công nghệ trong hợp đồng, hồ sơ dự án đầu tư.

- Cản trở, từ chối cung cấp thông tin về hoạt động chuyển giao công nghệ theo yêu cầu của cơ quan nhà nước có thẩm quyền.

- Tiết lộ bí mật công nghệ trái quy định của pháp luật, cản trở hoạt động chuyển giao công nghệ.

- Sử dụng công nghệ không đúng với công nghệ đã được cơ quan quản lý nhà nước có thẩm quyền phê duyệt, cấp phép.

Căn cứ tại Điều 5  Luật Chuyển giao công nghệ 2017  quy định hình thức chuyển giao công nghệ như sau:

[1] Chuyển giao công nghệ độc lập.

[2] Phần chuyển giao công nghệ trong trường hợp sau đây:

- Dự án đầu tư;

- Góp vốn bằng công nghệ;

- Nhượng quyền thương mại;

- Chuyển giao quyền sở hữu trí tuệ;

- Mua, bán máy móc, thiết bị quy định tại điểm d khoản 1 Điều 4 của Luật này.

[3] Chuyển giao công nghệ bằng hình thức khác theo quy định của pháp luật.

[4] Việc chuyển giao công nghệ quy định tại khoản 1 và điểm b khoản 2 Điều 5  Luật Chuyển giao công nghệ 2017  phải được lập thành hợp đồng; việc chuyển giao công nghệ tại các điểm a, c, d và đ khoản 2 và khoản 3 Điều 5  Luật Chuyển giao công nghệ 2017  được thể hiện dưới hình thức hợp đồng hoặc điều, khoản, phụ lục của hợp đồng hoặc của hồ sơ dự án đầu tư có các nội dung quy định tại Điều 23 của  Luật Chuyển giao công nghệ 2017 .

Trên đây là nội dung Danh mục Công nghệ cấm chuyển giao theo Nghị định 101 2026 gồm có gì?","","","","","2026-04-05","https://thuvienphapluat.vn/hoi-dap-phap-luat/danh-muc-cong-nghe-cam-chuyen-giao-theo-nghi-dinh-101-2026-gom-co-gi-138085119.html","2026-04-08T16:41:35.475613+00:00"
"138085120","Các tổ chức xã hội được hỗ trợ kinh phí từ ngân sách nhà nước trong các trường hợp nào?","Căn cứ khoản 2 Điều 8  Nghị định 73/2026/NĐ-CP  quy định về kinh phí hỗ trợ các tổ chức xã hội thực hiện các nhiệm vụ được Nhà nước giao như sau:

Điều 8. Kinh phí hỗ trợ các tổ chức xã hội thực hiện các nhiệm vụ được Nhà nước giao

[...]

2. Các tổ chức xã hội được hỗ trợ kinh phí từ ngân sách nhà nước trong các trường hợp sau:

a) Được cấp có thẩm quyền giao biên chế, ngân sách nhà nước bảo đảm tiền lương, các chế độ, chính sách khác và kinh phí hoạt động gắn với số biên chế được giao theo quy định của pháp luật;

b) Được cấp có thẩm quyền giao nhiệm vụ, ngân sách nhà nước hỗ trợ trên cơ sở quyết định giao nhiệm vụ của cấp có thẩm quyền theo quy định của pháp luật.

[...]

Như vậy, các tổ chức xã hội được hỗ trợ kinh phí từ ngân sách nhà nước trong các trường hợp sau:

- Được cấp có thẩm quyền giao biên chế, ngân sách nhà nước bảo đảm tiền lương, các chế độ, chính sách khác và kinh phí hoạt động gắn với số biên chế được giao theo quy định của pháp luật;

- Được cấp có thẩm quyền giao nhiệm vụ, ngân sách nhà nước hỗ trợ trên cơ sở quyết định giao nhiệm vụ của cấp có thẩm quyền theo quy định của pháp luật.

Các tổ chức xã hội được hỗ trợ kinh phí từ ngân sách nhà nước trong các trường hợp nào?﻿ (Hình từ Internet)

Căn cứ khoản 1 Điều 35  Nghị định 73/2026/NĐ-CP  quy định về phạm vi, đối tượng thực hiện công khai ngân sách nhà nước như sau:

Điều 35. Phạm vi, đối tượng thực hiện công khai ngân sách nhà nước

1. Phạm vi công khai:

a) Dự toán ngân sách nhà nước trình Quốc hội, Hội đồng nhân dân; dự toán ngân sách nhà nước đã được cấp có thẩm quyền quyết định; báo cáo tình hình thực hiện ngân sách nhà nước; quyết toán ngân sách nhà nước được Quốc hội, Hội đồng nhân dân phê chuẩn;

b) Dự toán, tình hình thực hiện, quyết toán ngân sách của các đơn vị dự toán ngân sách, các tổ chức được ngân sách nhà nước hỗ trợ;

c) Kế hoạch tài chính, tình hình thực hiện kế hoạch tài chính và quyết toán tài chính của các quỹ tài chính nhà nước ngoài ngân sách;

d) Việc công khai trong đầu tư công thực hiện theo quy định tại Điều 15 của Luật Đầu tư công;

đ) Số liệu và báo cáo thuyết minh các tài liệu ngân sách được công khai không bao gồm số liệu chi tiết, báo cáo thuyết minh thuộc lĩnh vực quốc phòng, an ninh, dự trữ quốc gia và các tài liệu, số liệu giao dự toán theo quy định của pháp luật về bảo vệ bí mật nhà nước.

[...]

Như vậy, phạm vi công khai ngân sách nhà nước như sau:

- Dự toán ngân sách nhà nước trình Quốc hội, Hội đồng nhân dân; dự toán ngân sách nhà nước đã được cấp có thẩm quyền quyết định; báo cáo tình hình thực hiện ngân sách nhà nước; quyết toán ngân sách nhà nước được Quốc hội, Hội đồng nhân dân phê chuẩn;

- Dự toán, tình hình thực hiện, quyết toán ngân sách của các đơn vị dự toán ngân sách, các tổ chức được ngân sách nhà nước hỗ trợ;

- Kế hoạch tài chính, tình hình thực hiện kế hoạch tài chính và quyết toán tài chính của các quỹ tài chính nhà nước ngoài ngân sách;

- Việc công khai trong đầu tư công thực hiện theo quy định tại Điều 15 của Luật Đầu tư công;

- Số liệu và báo cáo thuyết minh các tài liệu ngân sách được công khai không bao gồm số liệu chi tiết, báo cáo thuyết minh thuộc lĩnh vực quốc phòng, an ninh, dự trữ quốc gia và các tài liệu, số liệu giao dự toán theo quy định của pháp luật về bảo vệ bí mật nhà nước.

Căn cứ Điều 12  Nghị định 73/2026/NĐ-CP  quy định về lập dự toán ngân sách nhà nước tại các cơ quan thu ngân sách như sau:

Điều 12. Lập dự toán ngân sách nhà nước tại các cơ quan thu ngân sách

1. Cơ quan Thuế tỉnh, thành phố:

a) Lập dự toán thu ngân sách nhà nước trên địa bàn, dự toán hoàn thuế theo chế độ thuộc phạm vi quản lý gửi Cục Thuế, Sở Tài chính;

b) Hướng dẫn cơ quan Thuế cơ sở trực thuộc lập dự toán thu ngân sách nhà nước thuộc phạm vi quản lý gửi cơ quan tài chính cấp xã, bảo đảm yêu cầu, nội dung và thời gian lập dự toán ngân sách ở địa phương.

2. Cơ quan Hải quan khu vực lập dự toán thu ngân sách nhà nước từ hoạt động xuất khẩu, nhập khẩu theo chế độ và địa bàn từng tỉnh, thành phố trực thuộc trung ương (sau đây gọi là tỉnh, thành phố) thuộc phạm vi quản lý, gửi Cục Hải quan, Sở Tài chính.

3. Cơ quan, đơn vị được cấp có thẩm quyền giao tổ chức thực hiện thu ngân sách nhà nước từ các khoản phí, lệ phí và các khoản thu khác thuộc ngân sách nhà nước theo quy định của pháp luật lập dự toán thu ngân sách thuộc phạm vi quản lý gửi cơ quan thuế và cơ quan tài chính cùng cấp.

Như vậy, lập dự toán ngân sách nhà nước tại các cơ quan thu ngân sách như sau:

- Cơ quan Thuế tỉnh, thành phố:

+ Lập dự toán thu ngân sách nhà nước trên địa bàn, dự toán hoàn thuế theo chế độ thuộc phạm vi quản lý gửi Cục Thuế, Sở Tài chính;

+ Hướng dẫn cơ quan Thuế cơ sở trực thuộc lập dự toán thu ngân sách nhà nước thuộc phạm vi quản lý gửi cơ quan tài chính cấp xã, bảo đảm yêu cầu, nội dung và thời gian lập dự toán ngân sách ở địa phương.

- Cơ quan Hải quan khu vực lập dự toán thu ngân sách nhà nước từ hoạt động xuất khẩu, nhập khẩu theo chế độ và địa bàn từng tỉnh, thành phố trực thuộc trung ương (sau đây gọi là tỉnh, thành phố) thuộc phạm vi quản lý, gửi Cục Hải quan, Sở Tài chính.

- Cơ quan, đơn vị được cấp có thẩm quyền giao tổ chức thực hiện thu ngân sách nhà nước từ các khoản phí, lệ phí và các khoản thu khác thuộc ngân sách nhà nước theo quy định của pháp luật lập dự toán thu ngân sách thuộc phạm vi quản lý gửi cơ quan thuế và cơ quan tài chính cùng cấp.","","","","","2026-04-05","https://thuvienphapluat.vn/hoi-dap-phap-luat/cac-to-chuc-xa-hoi-duoc-ho-tro-kinh-phi-tu-ngan-sach-nha-nuoc-trong-cac-truong-hop-nao-138085120.html","2026-04-08T16:41:41.951376+00:00"
"138085868","Ai có thẩm quyền quyết định bán tài sản tại cơ quan, đơn vị của Đảng?","Theo quy định tại khoản 2 Điều 29  Nghị định 52/2026/NĐ-CP  thì thẩm quyền quyết định bán tài sản tại cơ quan, đơn vị của Đảng bao gồm:

- Chánh Văn phòng Trung ương Đảng quyết định hoặc phân cấp thẩm quyền quyết định bán tài sản đủ tiêu chuẩn là tài sản cố định tại cơ quan, đơn vị của Đảng ở trung ương, trừ trường hợp quy định tại điểm d khoản này. (1)

- Tỉnh ủy, thành ủy quyết định hoặc phân cấp thẩm quyền quyết định bán tài sản đủ tiêu chuẩn là tài sản cố định tại cơ quan, đơn vị của Đảng ở cấp tỉnh, trừ trường hợp quy định tại điểm d khoản này. (2)

- Cơ quan, đơn vị của Đảng quản lý, sử dụng tài sản (trừ trường hợp quy định tại (4)) quyết định bán đối với: (3)

Tài sản đủ tiêu chuẩn là tài sản cố định theo phân cấp của Chánh Văn phòng Trung ương Đảng, tỉnh ủy, thành ủy;

Tài sản không đủ tiêu chuẩn là tài sản cố định.

- Đơn vị sự nghiệp của Đảng tự bảo đảm toàn bộ chi thường xuyên và chi đầu tư quyết định bán đối với tài sản tại đơn vị mình. (4)

Ai có thẩm quyền quyết định bán tài sản tại cơ quan, đơn vị của Đảng? (Hình từ Internet)

Theo khoản 1 Điều 30  Nghị định 52/2026/NĐ-CP  quy định:

Điều 30. Thanh lý tài sản tại cơ quan, đơn vị của Đảng

1. Tài sản tại cơ quan, đơn vị của Đảng được thanh lý trong các trường hợp sau đây:

a) Tài sản hết hạn sử dụng theo quy định của pháp luật (hết thời gian sử dụng để tính hao mòn tài sản theo chế độ quản lý, tính hao mòn tài sản cố định tại cơ quan, tổ chức, đơn vị hoặc hết niên hạn sử dụng, tần suất sử dụng theo quy định của pháp luật).

b) Tài sản chưa hết hạn sử dụng nhưng bị hư hỏng mà không thể sửa chữa được hoặc việc sửa chữa không hiệu quả (dự kiến chi phí sửa chữa lớn hơn 30% nguyên giá trong trường hợp xác định được nguyên giá hoặc lớn hơn 30% giá trị đầu tư xây dựng, mua sắm mới tài sản cùng loại hoặc có tiêu chuẩn kỹ thuật, chất lượng, xuất xứ tương đương tại thời điểm thanh lý trong trường hợp không xác định được nguyên giá).

c) Nhà, công trình hoặc tài sản khác gắn liền với đất phải phá dỡ theo quyết định của cơ quan nhà nước có thẩm quyền.

[...]

Theo đó, việc thanh lý tài sản tại cơ quan, đơn vị của Đảng được thực hiện trong các trường hợp sau:

- Tài sản hết hạn sử dụng theo quy định của pháp luật (hết thời gian sử dụng để tính hao mòn tài sản theo chế độ quản lý, tính hao mòn tài sản cố định tại cơ quan, tổ chức, đơn vị hoặc hết niên hạn sử dụng, tần suất sử dụng theo quy định của pháp luật).

- Tài sản chưa hết hạn sử dụng nhưng bị hư hỏng mà không thể sửa chữa được hoặc việc sửa chữa không hiệu quả (dự kiến chi phí sửa chữa lớn hơn 30% nguyên giá trong trường hợp xác định được nguyên giá hoặc lớn hơn 30% giá trị đầu tư xây dựng, mua sắm mới tài sản cùng loại hoặc có tiêu chuẩn kỹ thuật, chất lượng, xuất xứ tương đương tại thời điểm thanh lý trong trường hợp không xác định được nguyên giá).

- Nhà, công trình hoặc tài sản khác gắn liền với đất phải phá dỡ theo quyết định của cơ quan nhà nước có thẩm quyền.

Tại khoản 2 Điều 30  Nghị định 52/2026/NĐ-CP  có quy định các hình thức thanh lý tại cơ quan, đơn vị của Đảng như sau:

Điều 30. Thanh lý tài sản tại cơ quan, đơn vị của Đảng

[...]

2. Tài sản tại cơ quan, đơn vị của Đảng được thanh lý theo các hình thức sau đây:

a) Phá dỡ, hủy bỏ. Vật liệu, vật tư thu hồi từ phá dỡ, hủy bỏ còn sử dụng được thì điều chuyển, bán hoặc tiếp tục sử dụng nếu có nhu cầu; việc xử lý vật liệu, vật tư thu hồi từ phá dỡ, hủy bỏ được thực hiện theo quy định tại khoản 2 Điều 19 Nghị định này.

b) Bán. Việc thanh lý theo hình thức bán không áp dụng đối với tài sản là quyền sử dụng đất, nhà, công trình gắn liền với đất.”

Theo đó, tài sản tại cơ quan, đơn vị của Đảng được thanh lý theo hình thức bán, tuy nhiên hình thức này sẽ không áp dụng đối với tài sản là quyền sử dụng đất, nhà, công trình gắn liền với đất.

Trình tự, thủ tục và việc tổ chức thanh lý tài sản tại cơ quan, đơn vị của Đảng thực hiện theo quy định của pháp luật về thanh lý tài sản công áp dụng đối với cơ quan nhà nước quy định tại Luật Quản lý, sử dụng tài sản công,  Nghị định 186/2025/NĐ-CP ; trong đó, cơ quan quản lý cấp trên của cơ quan, đơn vị của Đảng quản lý, sử dụng tài sản được xác định là đơn vị dự toán cấp trên (nếu có) của cơ quan, đơn vị của Đảng quản lý, sử dụng tài sản.","","","","","2026-04-04","https://thuvienphapluat.vn/hoi-dap-phap-luat/ai-co-tham-quyen-quyet-dinh-ban-tai-san-tai-co-quan-don-vi-cua-dang-138085868.html","2026-04-08T16:41:47.958023+00:00"
"138085866","Các tài sản nào tại cơ quan Đảng phải báo cáo cơ quan có thẩm quyền để quản lý tập trung?","Theo khoản 2 Điều 42  Nghị định 52/2026/NĐ-CP , đối với các tài sản sau đây, cơ quan, đơn vị của Đảng quản lý, sử dụng tài sản có trách nhiệm báo cáo cơ quan có thẩm quyền để quản lý thống nhất, tập trung trong phạm vi cả nước:

- Nhà, công trình và tài sản khác gắn liền với đất; quyền sử dụng đất.

- Xe ô tô.

- Tài sản khác đủ tiêu chuẩn là tài sản cố định theo quy định của pháp luật.

Việc báo cáo các tài sản trên bao gồm:

- Báo cáo kê khai tài sản.

- Báo cáo tình hình quản lý, sử dụng tài sản.

Thời hạn báo cáo, nội dung báo cáo kê khai tài sản và báo cáo tình hình quản lý, sử dụng tài sản tại cơ quan Đảng Cộng sản Việt Nam thực hiện theo quy định về báo cáo tài sản công áp dụng đối với cơ quan nhà nước.

Cơ quan, đơn vị của Đảng quản lý, sử dụng tài sản thực hiện hạch toán và báo cáo đối với tài sản do cơ quan, đơn vị mình quản lý, sử dụng theo quy định của pháp luật.

Cơ quan, đơn vị của Đảng quản lý, sử dụng tài sản thực hiện hạch toán và báo cáo đối với tài sản do cơ quan, đơn vị mình quản lý, sử dụng theo quy định của pháp luật.

Các tài sản nào tại cơ quan Đảng phải báo cáo cơ quan có thẩm quyền để quản lý tập trung? (Hình từ Internet)

Theo khoản 4 Điều 42  Nghị định 52/2026/NĐ-CP , việc báo cáo đối với tài sản tại cơ quan Đảng Cộng sản Việt Nam được thực hiện theo trình tự sau:

- Cơ quan, đơn vị của Đảng ở trung ương gửi báo cáo đến cơ quan, đơn vị của Đảng là đơn vị dự toán cấp trên (nếu có) để tổng hợp, gửi Văn phòng Trung ương Đảng; Văn phòng Trung ương Đảng tổng hợp, gửi Bộ Tài chính. (1)

- Văn phòng Đảng ủy ở trung ương gửi báo cáo đến đơn vị dự toán cấp trên để tổng hợp, gửi Bộ Tài chính. (2)

- Cơ quan hành chính, đơn vị sự nghiệp thuộc Học viện Chính trị Quốc gia Hồ Chí Minh gửi báo cáo đến Học viện Chính trị Quốc gia Hồ Chí Minh để tổng hợp, gửi Bộ Tài chính. (3)

- Cơ quan, đơn vị của Đảng là đơn vị dự toán trực thuộc Văn phòng tỉnh ủy, đơn vị sự nghiệp thuộc tỉnh ủy, thành ủy gửi báo cáo đến Văn phòng tỉnh ủy; Văn phòng tỉnh ủy tổng hợp, gửi Sở Tài chính để tổng hợp, báo cáo Ủy ban nhân dân cấp tỉnh báo cáo Bộ Tài chính. (4)

- Văn phòng Đảng ủy Ủy ban nhân dân cấp tỉnh gửi báo cáo đến Văn phòng Ủy ban nhân dân cấp tỉnh; Văn phòng Ủy ban nhân dân cấp tỉnh tổng hợp, gửi Sở Tài chính để tổng hợp, báo cáo Ủy ban nhân dân cấp tỉnh báo cáo Bộ Tài chính. (5)

- Cơ quan, đơn vị của Đảng ở cấp xã gửi báo cáo đến Đảng ủy cấp xã; Đảng ủy cấp xã tổng hợp, gửi báo cáo đến Ủy ban nhân dân cấp xã; Ủy ban nhân dân cấp xã tổng hợp, gửi Ủy ban nhân dân cấp tỉnh báo cáo Bộ Tài chính. (6)

- Theo yêu cầu của Văn phòng Trung ương Đảng: (7)

Văn phòng Đảng ủy ở trung ương, Học viện Chính trị quốc gia Hồ Chí Minh gửi báo cáo đến Văn phòng Trung ương Đảng;

Văn phòng tỉnh ủy, thành ủy tổng hợp báo cáo tài sản tại cơ quan, đơn vị của Đảng ở địa phương để báo cáo Văn phòng Trung ương Đảng.

Theo khoản 2 Điều 41  Nghị định 52/2026/NĐ-CP  có quy định:

Điều 41. Quản lý, xử lý tài sản do tổ chức, cá nhân chuyển giao quyền sở hữu cho Đảng ủy

[...]

2. Thẩm quyền quyết định xác lập quyền sở hữu toàn dân, quyết định phương án xử lý tài sản:

a) Giám đốc Học viện Chính trị quốc gia Hồ Chí Minh quyết định hoặc phân cấp thẩm quyền quyết định đối với tài sản do tổ chức, cá nhân tự nguyện chuyển giao quyền sở hữu cho cơ quan hành chính, đơn vị sự nghiệp thuộc Học viện Chính trị quốc gia Hồ Chí Minh.

b) Đảng ủy ở trung ương quyết định hoặc phân cấp thẩm quyền quyết định đối với tài sản do tổ chức, cá nhân tự nguyện chuyển giao quyền sở hữu cho Đảng ủy ở trung ương.

c) Đảng ủy Ủy ban nhân dân cấp tỉnh quyết định hoặc phân cấp thẩm quyền quyết định đối với tài sản do tổ chức, cá nhân tự nguyện chuyển giao quyền sở hữu cho Đảng ủy Ủy ban nhân dân cấp tỉnh.

d) Đảng ủy cấp xã quyết định hoặc phân cấp thẩm quyền quyết định đối với tài sản do tổ chức, cá nhân tự nguyện chuyển giao quyền sở hữu cho cơ quan, đơn vị của Đảng ở cấp xã.”

Theo đó, thẩm quyền quyết định xác lập quyền sở hữu toàn dân và thẩm quyền quyết định phương án xử lý tài sản của Đảng ủy cấp xã là được quyết định hoặc phân cấp thẩm quyền quyết định đối với tài sản do tổ chức, cá nhân tự nguyện chuyển giao quyền sở hữu cho cơ quan, đơn vị của Đảng ở cấp xã.","","","","","2026-04-03","https://thuvienphapluat.vn/hoi-dap-phap-luat/cac-tai-san-nao-tai-co-quan-dang-phai-bao-cao-co-quan-co-tham-quyen-de-quan-ly-tap-trung-138085866.html","2026-04-08T16:41:53.720718+00:00"
"138085629","Kết dư ngân sách cấp xã có được hạch toán vào thu ngân sách năm sau không?","Căn cứ điểm b khoản 2 Điều 33  Nghị định 73/2026/NĐ-CP  quy định về xử lý kết dư ngân sách nhà nước như sau:

Điều 33. Xử lý kết dư ngân sách nhà nước

[...]

2. Việc xử lý kết dư ngân sách thực hiện theo quy định tại khoản 1 Điều 74 của Luật Ngân sách nhà nước sau khi Quốc hội, Hội đồng nhân dân các cấp phê chuẩn quyết toán ngân sách, cụ thể:

a) Kết dư ngân sách trung ương, ngân sách cấp tỉnh được sử dụng để trả nợ gốc và chi trả nợ lãi các khoản vay của ngân sách nhà nước trong năm xử lý kết dư mà đầu năm chưa bố trí hoặc bố trí chưa đủ nguồn để chi trả; số kết dư còn lại được trích 50% vào quỹ dự trữ tài chính cùng cấp, 50% hạch toán vào thu ngân sách năm sau. Trường hợp quỹ dự trữ tài chính cùng cấp đã đủ mức 25% dự toán chi ngân sách hằng năm thì số kết dư còn lại hạch toán vào thu ngân sách năm sau;

b) Kết dư ngân sách cấp xã được hạch toán vào thu ngân sách năm sau.

Như vậy, kết dư ngân sách cấp xã được hạch toán vào thu ngân sách năm sau.

Kết dư ngân sách cấp xã có được hạch toán vào thu ngân sách năm sau không? (Hình từ Internet)

Căn cứ Điều 4  Nghị định 73/2026/NĐ-CP  quy định về quy định quản lý, hạch toán vay, trả nợ vay của ngân sách nhà nước như sau:

Điều 4. Quy định quản lý, hạch toán vay, trả nợ vay của ngân sách nhà nước

1. Các khoản vay của ngân sách trung ương và ngân sách cấp tỉnh để bù đắp bội chi và trả nợ gốc theo quy định tại khoản 5 Điều 5, khoản 4 và điểm b khoản 5 Điều 7 của Luật Ngân sách nhà nước được quản lý, hạch toán trên tài khoản của từng cấp ngân sách. Trường hợp khoản vay ngoài nước theo hiệp định hoặc thỏa thuận tài trợ quy định giải ngân trực tiếp đến chương trình, dự án thì định kỳ phải hạch toán vào ngân sách nhà nước theo quy định của Bộ trưởng Bộ Tài chính.

2. Nợ gốc, lãi, phí và chi phí phát sinh khác từ các khoản vay được chi trả đầy đủ, đúng hạn theo đúng cam kết, hợp đồng đã ký và trong phạm vi dự toán.

3. Hạch toán các khoản chi trả nợ:

a) Các khoản chi trả nợ lãi, phí và chi phí phát sinh khác từ các khoản vay được hạch toán vào chi cân đối ngân sách của từng cấp ngân sách;

b) Các khoản trả nợ gốc được hạch toán giảm số dư nợ vay của từng cấp ngân sách.

4. Bộ trưởng Bộ Tài chính quy định chi tiết việc quản lý, hạch toán kế toán đối với các khoản vay; trả nợ gốc; chi trả nợ lãi, phí và các chi phí phát sinh khác từ các khoản vay của ngân sách nhà nước.

Như vậy, quy định quản lý, hạch toán vay, trả nợ vay của ngân sách nhà nước như sau:

- Các khoản vay của ngân sách trung ương và ngân sách cấp tỉnh để bù đắp bội chi và trả nợ gốc theo quy định tại khoản 5 Điều 5, khoản 4 và điểm b khoản 5 Điều 7 của Luật Ngân sách nhà nước được quản lý, hạch toán trên tài khoản của từng cấp ngân sách. Trường hợp khoản vay ngoài nước theo hiệp định hoặc thỏa thuận tài trợ quy định giải ngân trực tiếp đến chương trình, dự án thì định kỳ phải hạch toán vào ngân sách nhà nước theo quy định của Bộ trưởng Bộ Tài chính.

- Nợ gốc, lãi, phí và chi phí phát sinh khác từ các khoản vay được chi trả đầy đủ, đúng hạn theo đúng cam kết, hợp đồng đã ký và trong phạm vi dự toán.

- Hạch toán các khoản chi trả nợ:

+ Các khoản chi trả nợ lãi, phí và chi phí phát sinh khác từ các khoản vay được hạch toán vào chi cân đối ngân sách của từng cấp ngân sách;

+ Các khoản trả nợ gốc được hạch toán giảm số dư nợ vay của từng cấp ngân sách.

- Bộ trưởng Bộ Tài chính quy định chi tiết việc quản lý, hạch toán kế toán đối với các khoản vay; trả nợ gốc; chi trả nợ lãi, phí và các chi phí phát sinh khác từ các khoản vay của ngân sách nhà nước.

Căn cứ khoản 3 Điều 8  Nghị định 73/2026/NĐ-CP  quy định về kinh phí hỗ trợ các tổ chức xã hội thực hiện các nhiệm vụ được Nhà nước giao như sau:

Điều 8. Kinh phí hỗ trợ các tổ chức xã hội thực hiện các nhiệm vụ được Nhà nước giao

[...]

3. Quy trình hỗ trợ kinh phí từ ngân sách nhà nước để thực hiện nhiệm vụ được cấp có thẩm quyền giao:

a) Đối với nhiệm vụ do Chính phủ, Thủ tướng Chính phủ giao (các tổ chức xã hội hoạt động trong phạm vi toàn quốc và liên tỉnh) và Ủy ban nhân dân, Chủ tịch Ủy ban nhân dân các cấp giao (các tổ chức xã hội hoạt động trong phạm vi cấp tỉnh, cấp xã theo phân cấp), căn cứ mục tiêu, đề án hoặc kế hoạch triển khai (trong đó chi tiết khối lượng, số lượng nhiệm vụ phần ngân sách nhà nước hỗ trợ) được cấp có thẩm quyền phê duyệt, tổ chức xã hội lập dự toán theo quy định của pháp luật về ngân sách nhà nước, đầu tư công và quy định của pháp luật khác có liên quan;

b) Đối với nhiệm vụ do các bộ, cơ quan trung ương giao cho tổ chức xã hội (hoạt động trong phạm vi toàn quốc và liên tỉnh), thực hiện theo quy định của pháp luật có liên quan;

c) Đối với nhiệm vụ thuộc chương trình mục tiêu quốc gia, thực hiện theo cơ chế tài chính của chương trình mục tiêu quốc gia;

d) Việc lập dự toán, phân bổ, quản lý, sử dụng, quyết toán và công khai kinh phí hỗ trợ thực hiện theo quy định của pháp luật về ngân sách nhà nước, đầu tư công và quy định của pháp luật khác có liên quan.

[...]

Như vậy, quy trình hỗ trợ kinh phí từ ngân sách nhà nước để thực hiện nhiệm vụ được cấp có thẩm quyền giao như sau:

- Đối với nhiệm vụ do Chính phủ, Thủ tướng Chính phủ giao (các tổ chức xã hội hoạt động trong phạm vi toàn quốc và liên tỉnh) và Ủy ban nhân dân, Chủ tịch Ủy ban nhân dân các cấp giao (các tổ chức xã hội hoạt động trong phạm vi cấp tỉnh, cấp xã theo phân cấp), căn cứ mục tiêu, đề án hoặc kế hoạch triển khai (trong đó chi tiết khối lượng, số lượng nhiệm vụ phần ngân sách nhà nước hỗ trợ) được cấp có thẩm quyền phê duyệt, tổ chức xã hội lập dự toán theo quy định của pháp luật về ngân sách nhà nước, đầu tư công và quy định của pháp luật khác có liên quan;

- Đối với nhiệm vụ do các bộ, cơ quan trung ương giao cho tổ chức xã hội (hoạt động trong phạm vi toàn quốc và liên tỉnh), thực hiện theo quy định của pháp luật có liên quan;

- Đối với nhiệm vụ thuộc chương trình mục tiêu quốc gia, thực hiện theo cơ chế tài chính của chương trình mục tiêu quốc gia;

- Việc lập dự toán, phân bổ, quản lý, sử dụng, quyết toán và công khai kinh phí hỗ trợ thực hiện theo quy định của pháp luật về ngân sách nhà nước, đầu tư công và quy định của pháp luật khác có liên quan.","","","","","2026-04-03","https://thuvienphapluat.vn/hoi-dap-phap-luat/ket-du-ngan-sach-cap-xa-co-duoc-hach-toan-vao-thu-ngan-sach-nam-sau-khong-138085629.html","2026-04-08T16:41:59.210465+00:00"
"138085034","Mẫu dự toán thu chi ngân sách nhà nước mới nhất 2026 như thế nào?","Mẫu dự toán thu chi ngân sách nhà nước mới nhất 2026 áp dụng từ ngày 25/3 được quy định tại Phụ lục 1 ban hành kèm theo  Thông tư 26/2026/TT-BTC

Phần thứ hai

Mẫu biểu lập dự toán thu, chi ngân sách nhà nước

Mẫu biểu số 05:

Dự toán thu, chi ngân sách nhà nước năm...

Dùng cho:

- Đơn vị sử dụng ngân sách báo cáo đơn vị dự toán cấp trên

- Đơn vị dự toán cấp trên tổng hợp dự toán của các đơn vị sử dụng ngân sách

- Đơn vị dự toán cấp I báo cáo cơ quan tài chính cùng cấp

Mẫu biểu 06:

Dự toán thu phí, lệ phí và các khoản thu khác (nếu có) nộp ngân sách nhà nước năm...

Dùng cho:

- Dùng cho đơn vị sử dụng ngân sách báo cáo đơn vị dự toán cấp trên;

- Đơn vị dự toán cấp I báo cáo cơ quan thuế, cơ quan tài chính cùng cấp

Mẫu biểu số 07.1:

Tổng hợp dự toán chi từ nguồn vay ODA, vay ưu đãi nước ngoài và vốn đối ứng bằng tiền năm...

Dùng cho:

- Đơn vị sử dụng ngân sách báo cáo đơn vị dự toán cấp trên

- Đơn vị dự toán cấp I báo cáo cơ quan tài chính cùng cấp

- UBND cấp tỉnh báo cáo Bộ Tài chính

Mẫu biểu số 07.2:

Tổng hợp dự toán chi từ nguồn vay ODA, vay ưu đãi nước ngoài và vốn đối ứng bằng tiền năm...

Dùng cho cơ quan quản lý nợ báo cáo Bộ Tài chính

Mẫu biểu số 08.1:

Tổng hợp dự toán chi từ nguồn viện trợ và vốn đối ứng bằng tiền năm...

Dùng cho:

- Đơn vị sử dụng ngân sách báo cáo đơn vị dự toán cấp trên

- Đơn vị dự toán cấp I báo cáo cơ quan tài chính cùng cấp

- UBND cấp tỉnh báo cáo Bộ Tài chính

Mẫu biểu số 08.2:

Tổng hợp dự toán chi từ nguồn viện trợ và vốn đối ứng bằng tiền năm...

Dùng cho cơ quan quản lý nợ báo cáo Bộ Tài chính

Mẫu biểu số 9:

Dự toán chi bằng ngoại tệ năm...

Dùng cho:

- Đơn vị sử dụng ngân sách trung ương báo cáo đơn vị dự toán cấp trên;

- Đơn vị dự toán cấp I thuộc ngân sách trung ương báo cáo Bộ Tài chính

Mẫu biểu số 10.1:

Dự toán chi các chương trình mục tiêu quốc gia năm...

Dùng cho:

- Đơn vị sử dụng ngân sách trung ương báo cáo đơn vị dự toán cấp trên;

- Đơn vị dự toán cấp I ở địa phương báo cáo cơ quan tài chính cùng cấp

Mẫu biểu số 10.2:

Dự toán chi các chương trình mục tiêu quốc gia năm...

Dùng cho:

- Các Bộ, cơ quan trung ương và UBND các tỉnh báo cáo cơ quan chủ chương trình mục tiêu quốc gia;

- Cơ quan chủ chương trình mục tiêu quốc gia báo cáo Bộ Tài chính

Mẫu biểu số 11:

Dự toán thu, chi theo lĩnh vực... năm...

Dùng cho các đơn vị sự sử dụng ngân sách báo cáo cơ quan quản lý cấp trên; đơn vị dự toán cấp I báo cáo cơ quan tài chính cùng cấp

Mẫu biểu số 12.1.1

Dự toán chi sự nghiệp giáo dục, đào tạo và dạy nghề năm...

Dùng cho đơn vị sử dụng ngân sách báo cáo đơn vị dự toán cấp trên

Mẫu biểu số 12.1.2

Dự toán thu, chi sự nghiệp giáo dục, đào tạo và dạy nghề năm...

Dùng cho đơn vị dự toán cấp I báo cáo cơ quan tài chính cùng cấp

Mẫu biểu số 12.2:

Dự toán thu, chi sự nghiệp y tế, dân số và gia đình năm...

Dùng cho:

- Đơn vị sử dụng ngân sách báo cáo đơn vị dự toán cấp trên

- Đơn vị dự toán cấp I báo cáo cơ quan tài chính cùng cấp

Mẫu biểu số 12.3:

Dự toán thu, chi sự nghiệp văn hóa thông tin năm...

Dùng cho:

- Đơn vị sử dụng ngân sách báo cáo đơn vị dự toán cấp trên

- Đơn vị dự toán cấp I báo cáo cơ quan tài chính cùng cấp

Mẫu biểu số 12.4:

Dự toán thu, chi sự nghiệp phát thanh, truyền hình, thông tấn năm...

Mẫu biểu số 12.5:

Dự toán thu, chi sự nghiệp thể dục thể thao năm...

Mẫu biểu số 12.6:

Dự toán thu, chi sự nghiệp bảo vệ môi trường năm...

Mẫu biểu số 12.7:

Dự toán chi các hoạt động kinh tế năm...

Dùng cho:

- Đơn vị sử dụng ngân sách báo cáo đơn vị dự toán cấp trên

- Đơn vị dự toán cấp I báo cáo cơ quan tài chính cùng cấp

Mẫu biểu số 12.8:

Dự toán chi thực hiện chính sách đối với các đối tượng thuộc lĩnh vực bảo đảm xã hội năm...

Dùng cho:

- Đơn vị sử dụng ngân sách báo cáo đơn vị dự toán cấp trên

- Đơn vị dự toán cấp I báo cáo cơ quan tài chính cùng cấp

Mẫu biểu số 12.9:

Dự toán chi đảm bảo xã hội thực hiện chính sách ưu đãi người có công với cách mạng năm...

Dùng cho:

- Đơn vị dự toán cấp dưới báo cáo đơn vị dự toán cấp trên;

- Đơn vị dự toán cấp I báo cáo cơ quan tài chính cùng cấp

Mẫu biểu số 12.10:

Dự toán chi đảm bảo xã hội thực hiện chính sách trợ giúp xã hội đối với đối tượng bảo trợ xã hội năm...

Dùng cho:

- Đơn vị dự toán cấp dưới báo cáo đơn vị dự toán cấp trên

- Đơn vị dự toán cấp I báo cáo cơ quan tài chính cùng cấp

Mẫu biểu số 12.11:

Dự toán chi thường xuyên của các cơ sở trợ giúp xã hội, cơ sở nuôi dưỡng, điều dưỡng NCCCM thuộc lĩnh vực bảo đảm xã hội năm ...

Dùng cho:

- Đơn vị dự toán cấp dưới báo cáo đơn vị dự toán cấp trên

- Đơn vị dự toán cấp I báo cáo cơ quan tài chính cùng cấp

Mẫu biểu số 13:

Dự toán chi hoạt động của các cơ quan quản lý nhà nước, đảng, đoàn thể năm...

Dùng cho:

- Đơn vị sử dụng ngân sách báo cáo đơn vị dự toán cấp trên

- Đơn vị dự toán cấp I báo cáo cơ quan tài chính cùng cấp

Mẫu biểu số 14.1:

Báo cáo biên chế, tiền lương của các cơ quan quản lý nhà nước, đảng, đoàn thể năm...

Mẫu biểu số 14.2:

Báo cáo lao động, tiền lương, nguồn kinh phí đảm bảo của các đơn vị sự nghiệp năm...

Mẫu biểu số 15.1:

Dự toán chi mua bổ sung hàng dự trữ quốc gia, hàng dự trữ chiến lược năm...

Dùng cho:

- Đơn vị sử dụng ngân sách ở trung ương báo cáo đơn vị dự toán cấp trên

- Đơn vị dự toán cấp I thuộc ngân sách trung ương báo cáo Bộ Tài chính

Mẫu biểu số 15.2:

Dự toán chi nghiệp vụ dự trữ quốc gia năm...

Mẫu biểu số 16:

Dự toán chi cấp bù lãi suất tín dụng ưu đãi, cấp hỗ trợ sau đầu tư (nếu có) và chi phí quản lý năm...

Dùng cho đơn vị được giao nhiệm vụ huy động vốn để cho vay ưu đãi theo quy định của Chính phủ, quyết định của Thủ tướng Chính phủ để báo cáo Bộ Tài chính

Mẫu biểu số 17:

Kế hoạch tài chính của các quỹ tài chính nhà nước ngoài ngân sách năm...

Dùng cho các Bộ, cơ quan trung ương và các cơ quan, đơn vị ở địa phương báo cáo cơ quan tài chính cùng cấp

>>> Tải Mẫu dự toán thu chi ngân sách nhà nước mới nhất 2026 tại đây.   Tải về

Mẫu dự toán thu chi ngân sách nhà nước mới nhất 2026 như thế nào? (Hình từ Internet)

Tại Điều 14  Nghị định 73/2026/NĐ-CP  quy định lập dự toán ngân sách nhà nước, phương án phân bổ ngân sách trung ương và lập dự toán ngân sách địa phương như sau:

[1] Về lập dự toán ngân sách nhà nước, phương án phân bổ ngân sách trung ương:

- Bộ Tài chính chủ trì tổng hợp và lập dự toán thu, chi ngân sách nhà nước, phương án phân bổ ngân sách trung ương trình Chính phủ gồm các tài liệu theo quy định tại Điều 49 của  Luật Ngân sách nhà nước 2025 ;

- Theo phân công của Chính phủ, thừa ủy quyền Thủ tướng Chính phủ, Bộ trưởng Bộ Tài chính thay mặt Chính phủ báo cáo và giải trình về lập dự toán thu, chi ngân sách nhà nước, phương án phân bổ ngân sách trung ương với các cơ quan của Quốc hội và Quốc hội theo quy định của pháp luật;

- Các bộ, cơ quan trung ương chủ trì, phối hợp với Bộ Tài chính giải trình các nội dung đề xuất dự toán ngân sách nhà nước trong phạm vi ngành, lĩnh vực phụ trách khi được yêu cầu.

[2] Về lập dự toán ngân sách địa phương:

- Cơ quan tài chính cấp xã chủ trì tổng hợp dự toán thu ngân sách nhà nước trên địa bàn do các cơ quan thu ngân sách lập, dự toán thu, chi ngân sách của đơn vị dự toán cấp I thuộc phạm vi quản lý, lập dự toán thu, chi ngân sách của cấp xã, báo cáo Ủy ban nhân dân cấp xã để trình Thường trực Hội đồng nhân dân cấp xã xem xét, cho ý kiến.

Sau khi có ý kiến của Thường trực Hội đồng nhân dân cấp xã, Ủy ban nhân dân cấp xã gửi dự toán thu ngân sách nhà nước trên địa bàn, dự toán thu, chi ngân sách cấp xã đến Ủy ban nhân dân cấp tỉnh và Sở Tài chính;

- Sở Tài chính chủ trì tổng hợp dự toán thu ngân sách nhà nước trên địa bàn do các cơ quan thu ngân sách lập, dự toán thu, chi ngân sách của đơn vị dự toán cấp I thuộc phạm vi quản lý và dự toán thu, chi ngân sách của cấp xã; lập dự toán thu ngân sách nhà nước trên địa bàn, dự toán thu, chi ngân sách địa phương báo cáo Ủy ban nhân dân cấp tỉnh để trình Thường trực Hội đồng nhân dân cấp tỉnh xem xét, cho ý kiến.

Sau khi có ý kiến của Thường trực Hội đồng nhân dân cấp tỉnh, Ủy ban nhân dân cấp tỉnh gửi dự toán thu ngân sách nhà nước trên địa bàn, dự toán thu, chi ngân sách địa phương đến Bộ Tài chính, Kiểm toán nhà nước, Bộ Khoa học và Công nghệ (đối với dự toán chi cho lĩnh vực khoa học, công nghệ, đổi mới sáng tạo và chuyển đổi số), các bộ chủ chương trình mục tiêu quốc gia (đối với dự toán chi chương trình mục tiêu quốc gia).

Căn cứ theo Điều 17  Nghị định 73/2026/NĐ-CP  quy định tổ chức thảo luận dự toán ngân sách nhà nước như sau:

[1] Các bộ, cơ quan trung ương và các cơ quan, đơn vị ở địa phương tổ chức thảo luận dự toán ngân sách với các cơ quan, đơn vị trực thuộc theo quy định tại khoản 1 Điều 48 của  Luật Ngân sách nhà nước 2025 .

[2] Cơ quan tài chính các cấp:

- Chủ trì tổ chức thảo luận về dự toán ngân sách hằng năm với các cơ quan, đơn vị cùng cấp và Ủy ban nhân dân cấp tỉnh (đối với Bộ Tài chính), Ủy ban nhân dân cấp xã (đối với Sở Tài chính) theo nội dung quy định tại khoản 2 Điều 48 của  Luật Ngân sách nhà nước 2025 . Sở Tài chính quyết định hình thức thảo luận dự toán ngân sách với Ủy ban nhân dân cấp xã phù hợp với tình hình thực tế tại địa phương;

- Chủ trì, phối hợp với các cơ quan liên quan cùng cấp trong việc tổng hợp, lập dự toán ngân sách và phương án phân bổ dự toán ngân sách của ngân sách cấp mình, báo cáo cấp có thẩm quyền theo quy định của  Luật Ngân sách nhà nước 2025 ;

- Chủ trì, phối hợp với các cơ quan liên quan đề xuất các phương án cân đối ngân sách và các biện pháp nhằm thực hiện chính sách tăng thu, tiết kiệm chi ngân sách.","","","","","2026-04-02","https://thuvienphapluat.vn/hoi-dap-phap-luat/mau-du-toan-thu-chi-ngan-sach-nha-nuoc-moi-nhat-2026-nhu-the-nao-138085034.html","2026-04-08T16:42:03.876654+00:00"
"138085033","TỔNG HỢP Biểu mẫu lập dự toán ngân sách nhà nước 2026 ra sao?","Biểu mẫu lập dự toán ngân sách nhà nước áp dụng từ ngày 25/3/2026 được quy định tại Phụ lục 1 ban hành kèm theo  Thông tư 26/2026/TT-BTC

>>> Tải File  TỔNG HỢP Biểu mẫu lập dự toán ngân sách nhà nước 2026 tại đây.  Tải về

TỔNG HỢP Biểu mẫu lập dự toán ngân sách nhà nước 2026 ra sao? (Hình từ Internet)

Căn cứ tại khoản 3 Điều 4  Thông tư 26/2026/TT-BTC  quy định chi thường xuyên của các Bộ, cơ quan ngang Bộ, cơ quan thuộc Chính phủ, cơ quan khác ở trung ương được phân cấp trong các lĩnh vực như sau:

- Quốc phòng theo quy định của Chính phủ và các văn bản hướng dẫn thực hiện;

- An ninh và trật tự an toàn xã hội theo quy định của Chính phủ và các văn bản hướng dẫn thực hiện;

- Sự nghiệp giáo dục, đào tạo và dạy nghề, bao gồm hoạt động đào tạo đại học, cao đẳng, trung cấp, giáo dục nghề nghiệp; hoạt động các trường phổ thông dân tộc nội trú và các hình thức giáo dục, đào tạo, bồi dưỡng khác;

- Sự nghiệp khoa học, công nghệ, đổi mới sáng tạo và chuyển đổi số theo quy định của pháp luật về khoa học, công nghệ, đổi mới sáng tạo và chuyển đổi số;

- Sự nghiệp y tế, dân số và gia đình, bao gồm hoạt động y tế dự phòng, khám bệnh, chữa bệnh; kinh phí đóng và hỗ trợ đóng bảo hiểm y tế cho các đối tượng do ngân sách nhà nước đóng hoặc hỗ trợ theo quy định của Luật Bảo hiểm y tế; vệ sinh an toàn thực phẩm; dân số và gia đình; các hoạt động y tế khác;

- Sự nghiệp văn hóa thông tin, bao gồm hoạt động di sản văn hóa; nghệ thuật biểu diễn; điện ảnh, mỹ thuật, nhiếp ảnh, triển lãm; quyền tác giả, quyền liên quan; thư viện; báo chí, xuất bản và hoạt động văn hóa, thông tin khác;

- Sự nghiệp phát thanh, truyền hình, thông tấn;

- Sự nghiệp thể dục, thể thao, bao gồm bồi dưỡng, huấn luyện huấn luyện viên, vận động viên các đội tuyển quốc gia; các giải thi đấu quốc gia và quốc tế; hoạt động của các cơ sở đào tạo, bồi dưỡng vận động viên, huấn luyện viên, cán bộ thể dục thể thao và các hoạt động thể dục, thể thao khác;

- Sự nghiệp bảo vệ môi trường, bao gồm hoạt động điều tra, phòng ngừa và kiểm soát ô nhiễm môi trường; khắc phục sự cố và bảo vệ môi trường; bảo vệ đa dạng sinh học và ứng phó với biến đổi khí hậu; bảo đảm nước sạch và vệ sinh môi trường và hoạt động bảo vệ môi trường khác;

- Các hoạt động kinh tế, gồm:

+ Sự nghiệp giao thông, bao gồm hoạt động quản lý, bảo trì, sửa chữa, bảo đảm hoạt động, an toàn giao thông đường bộ, đường sắt, đường thủy nội địa, hàng hải, hàng không và hoạt động giao thông khác;

+ Sự nghiệp nông nghiệp, lâm nghiệp, diêm nghiệp, thủy sản, thủy lợi và phát triển nông thôn, bao gồm hoạt động phát triển nông, lâm, diêm nghiệp, thủy sản, thủy lợi; xây dựng nông thôn mới và hoạt động phát triển nông thôn khác;

+ Sự nghiệp tài nguyên, bao gồm hoạt động điều tra, quản lý đất đai, tài nguyên, địa chất và khoáng sản, khí tượng thủy văn; đo đạc và bản đồ; đo đạc địa giới hành chính, cắm mốc biên giới và hoạt động quản lý tài nguyên khác;

+ Quy hoạch; xúc tiến đầu tư, thương mại, du lịch;

+ Các hoạt động kinh tế khác, bao gồm cả tìm kiếm cứu nạn, an toàn vệ sinh lao động;

- Hoạt động của các cơ quan quản lý nhà nước, tổ chức chính trị, Ủy ban Trung ương Mặt trận Tổ quốc Việt Nam và các tổ chức chính trị-xã hội trực thuộc Ủy ban Trung ương Mặt trận Tổ quốc Việt Nam, hỗ trợ các tổ chức xã hội thực hiện các nhiệm vụ được Nhà nước giao, bao gồm:

+ Hoạt động của Quốc hội, Văn phòng Chủ tịch nước, các Bộ, cơ quan ngang Bộ, cơ quan thuộc Chính phủ, cơ quan khác ở trung ương; hệ thống Tòa án nhân dân, Viện kiểm sát nhân dân, Kiểm toán Nhà nước; hoạt động của cơ quan trung ương của Đảng Cộng sản Việt Nam; hoạt động của Ủy ban Trung ương Mặt trận Tổ quốc Việt Nam và các tổ chức chính trị - xã hội trực thuộc Ủy ban Trung ương Mặt trận Tổ quốc Việt Nam;

+ Hỗ trợ các tổ chức xã hội thực hiện các nhiệm vụ được Nhà nước giao theo quy định của pháp luật, bao gồm: bảo đảm tiền lương, các chế độ chính sách khác và kinh phí hoạt động gắn với số biên chế được cấp có thẩm quyền giao; thực hiện các nhiệm vụ được cơ quan nhà nước có thẩm quyền giao;

- Chi bảo đảm xã hội, bao gồm các chế độ đối với người về hưu, mất sức lao động, người hưởng trợ cấp bảo hiểm xã hội và trợ cấp khác do ngân sách trung ương bảo đảm; các chính sách và hoạt động chăm sóc người có công với cách mạng; các chính sách và hoạt động cứu trợ xã hội; hỗ trợ quỹ bảo hiểm xã hội theo quy định của pháp luật về bảo hiểm xã hội, hỗ trợ quỹ bảo hiểm thất nghiệp theo quy định của pháp luật về bảo hiểm thất nghiệp; chi phòng chống tệ nạn xã hội, các hoạt động an sinh xã hội khác do ngân sách trung ương bảo đảm theo quy định của pháp luật;

- Các khoản chi thường xuyên khác theo quy định của pháp luật.

Theo Điều 2  Thông tư 26/2026/TT-BTC   quy định đối tượng áp dụng gồm:

- Các cơ quan nhà nước, tổ chức chính trị và Mặt trận Tổ quốc Việt Nam.

- Các đơn vị sự nghiệp công lập.

- Các tổ chức và cá nhân khác có liên quan đến ngân sách nhà nước.","","","","","2026-04-02","https://thuvienphapluat.vn/hoi-dap-phap-luat/tong-hop-bieu-mau-lap-du-toan-ngan-sach-nha-nuoc-2026-ra-sao-138085033.html","2026-04-08T16:42:08.953237+00:00"
"138085576","Văn bản hợp nhất Luật Ngân sách nhà nước số 89/VBHN-VPQH chi tiết như thế nào?","Ngày 27/03/2026, Văn phòng Chính phủ đã ban hành Văn bản hợp nhất Luật Ngân sách nhà nước số 89/VBHN-VPQH.

Tải về  Văn bản hợp nhất Luật Ngân sách nhà nước

Trong đó,  Luật Ngân sách nhà nước 2025  số 89/2025/QH15 ngày 25 tháng 6 năm 2025 của Quốc hội, có hiệu lực kể từ năm ngân sách 2026, được sửa đổi, bổ sung bởi:

Luật Dự trữ quốc gia 2025  số 145/2025/QH15 ngày 11 tháng 12 năm 2025 của Quốc hội, có hiệu lực kể từ ngày 01 tháng 7 năm 2026.

*Trên đây là thông tin Văn bản hợp nhất Luật Ngân sách nhà nước số 89 VBHN VPQH chi tiết như thế nào?

Văn bản hợp nhất Luật Ngân sách nhà nước số 89 VBHN VPQH chi tiết như thế nào? (Hình từ Internet)

Căn cứ theo Điều 8  Luật Ngân sách nhà nước 2025  quy định nguyên tắc quản lý ngân sách nhà nước như sau:

- Ngân sách nhà nước được quản lý thống nhất, tập trung dân chủ, hiệu quả, tiết kiệm, công khai, minh bạch, công bằng; có phân công, phân cấp quản lý; gắn quyền hạn với trách nhiệm của cơ quan quản lý nhà nước các cấp.

- Toàn bộ các khoản thu, chi ngân sách phải được dự toán, tổng hợp đầy đủ vào ngân sách nhà nước.

- Các khoản thu ngân sách thực hiện theo quy định của các luật về thuế, phí, lệ phí và các khoản thu khác thuộc ngân sách theo quy định của pháp luật.

- Các khoản chi ngân sách chỉ được thực hiện khi có dự toán được cấp có thẩm quyền giao, trừ trường hợp tạm cấp ngân sách quy định tại Điều 53  Luật Ngân sách nhà nước 2025  và phải bảo đảm đúng chế độ, tiêu chuẩn, định mức chi do cơ quan nhà nước có thẩm quyền quy định.

- Bảo đảm ưu tiên bố trí ngân sách cho chi đầu tư phát triển để thực hiện các chủ trương, chính sách của Đảng, Nhà nước trong từng thời kỳ về phát triển kinh tế; phát triển giáo dục, đào tạo, khoa học, công nghệ, đổi mới sáng tạo và chuyển đổi số; giảm nghèo bền vững; phát triển nông nghiệp, nông thôn, y tế; chính sách dân tộc; thực hiện mục tiêu bình đẳng giới và những chính sách quan trọng khác.

- Bố trí ngân sách để thực hiện nhiệm vụ phát triển kinh tế - xã hội; bảo đảm quốc phòng, an ninh, đối ngoại, kinh phí hoạt động của bộ máy nhà nước; các nghĩa vụ của nhà nước trong các cam kết quốc tế, cam kết với các nhà đầu tư.

- Ngân sách nhà nước bảo đảm cân đối kinh phí hoạt động của tổ chức chính trị, cơ quan Mặt trận Tổ quốc Việt Nam các cấp và các tổ chức chính trị - xã hội trực thuộc Mặt trận Tổ quốc Việt Nam; hỗ trợ các tổ chức xã hội thực hiện các nhiệm vụ được Nhà nước giao.

- Bảo đảm chi trả các khoản nợ lãi đến hạn thuộc nhiệm vụ chi của ngân sách nhà nước.

- Việc quyết định đầu tư và chi đầu tư chương trình, nhiệm vụ, dự án có sử dụng vốn ngân sách nhà nước phải phù hợp với  Luật Đầu tư công 2024  và quy định của pháp luật khác có liên quan.

- Ngân sách nhà nước không hỗ trợ kinh phí hoạt động cho các quỹ tài chính nhà nước ngoài ngân sách.

Trường hợp được ngân sách nhà nước hỗ trợ vốn điều lệ theo quy định của pháp luật thì phải phù hợp với khả năng của ngân sách nhà nước và chỉ thực hiện khi đáp ứng đủ các điều kiện sau: được thành lập và hoạt động theo đúng quy định của pháp luật; có khả năng tài chính độc lập; có nguồn thu, nhiệm vụ chi không trùng với nguồn thu, nhiệm vụ chi của ngân sách nhà nước.

Ngân sách nhà nước bố trí kinh phí cho các quỹ thực hiện nhiệm vụ về phát triển khoa học, công nghệ, đổi mới sáng tạo và chuyển đổi số, xây dựng chính sách, pháp luật theo quy định của pháp luật quản lý ngành, lĩnh vực phù hợp với khả năng của ngân sách nhà nước.

Căn cứ theo Điều 13  Luật Ngân sách nhà nước 2025  quy định kế toán, quyết toán thu, chi ngân sách nhà nước như sau:

- Thu, chi ngân sách nhà nước được hạch toán bằng Đồng Việt Nam. Trường hợp các khoản thu, chi ngân sách nhà nước bằng ngoại tệ thì được quy đổi ra Đồng Việt Nam theo tỷ giá hạch toán do cơ quan có thẩm quyền quy định để hạch toán thu, chi ngân sách nhà nước tại thời điểm phát sinh.

- Các khoản thu, chi của ngân sách nhà nước phải được hạch toán kế toán, quyết toán đầy đủ, kịp thời, đúng chế độ.

- Kế toán và quyết toán ngân sách nhà nước được thực hiện thống nhất theo pháp luật về kế toán, mục lục ngân sách nhà nước và quy định của  Luật Ngân sách nhà nước 2025 .

- Chứng từ thu, chi ngân sách nhà nước được phát hành, sử dụng và quản lý theo quy định của pháp luật.","","","","","2026-04-01","https://thuvienphapluat.vn/hoi-dap-phap-luat/van-ban-hop-nhat-luat-ngan-sach-nha-nuoc-so-89vbhnvpqh-chi-tiet-nhu-the-nao-138085576.html","2026-04-08T16:42:13.065746+00:00"
"138085570","Tổng hợp văn bản hướng dẫn Luật Phục hồi, phá sản 2025 mới nhất 2026?","Ngày 11/12/2025, Chính phủ ban hành  Luật Phục hồi, phá sản 2025  có hiệu lực thi hành từ ngày 01 tháng 3 năm 2026, trừ trường hợp quy định tại khoản 3 Điều 38  Luật Phục hồi, phá sản 2025  có hiệu lực thi hành từ ngày 01 tháng 7 năm 2026.

Luật Phục hồi, phá sản 2025  quy định về nguyên tắc, trình tự, thủ tục giải quyết vụ việc phục hồi, phá sản doanh nghiệp và hợp tác xã, liên hiệp hợp tác xã (sau đây gọi là hợp tác xã); nhiệm vụ, quyền hạn của người tiến hành thủ tục phục hồi, phá sản; quyền, nghĩa vụ của người tham gia thủ tục phục hồi, phá sản.

Luật Phục hồi, phá sản 2025  được áp dụng khi giải quyết vụ việc phục hồi, phá sản doanh nghiệp, hợp tác xã; trường hợp Luật này không có quy định thì áp dụng quy định của pháp luật có liên quan. Quy định về thủ tục phục hồi, thủ tục phục hồi rút gọn của Luật này không áp dụng đối với tổ chức tín dụng, doanh nghiệp bảo hiểm, doanh nghiệp tái bảo hiểm.

Dưới đây là Tổng hợp văn bản hướng dẫn Luật Phục hồi phá sản 2025 mới nhất 2026:

-  Nghị định 64/2026/NĐ-CP  hướng dẫn Luật Phục hồi, phá sản về thi hành quyết định tuyên bố doanh nghiệp, hợp tác xã phá sản

-  Nghị định 65/2026/NĐ-CP  hướng dẫn Luật Phục hồi, phá sản về Quản tài viên và hành nghề quản lý, thanh lý tài sản

* Trên đây là Thông tin Tổng hợp văn bản hướng dẫn Luật Phục hồi phá sản 2025 mới nhất 2026?

Tổng hợp văn bản hướng dẫn Luật Phục hồi phá sản 2025 mới nhất 2026? (Hình từ Internet)

Căn cứ theo Điều 6  Luật Phục hồi, phá sản 2025  quy định thẩm quyền giải quyết vụ việc phục hồi, phá sản như sau:

- Tòa án nhân dân khu vực có thẩm quyền giải quyết vụ việc phục hồi, phá sản trong phạm vi thẩm quyền theo lãnh thổ.

Phạm vi thẩm quyền theo lãnh thổ của Tòa án nhân dân khu vực đối với vụ việc phục hồi, phá sản do Ủy ban Thường vụ Quốc hội quy định.

- Tòa án nhân dân khu vực có thẩm quyền được xác định như sau:

+ Tòa án nhân dân khu vực nơi doanh nghiệp, hợp tác xã có trụ sở chính có thẩm quyền giải quyết yêu cầu áp dụng thủ tục phục hồi, phá sản đối với doanh nghiệp, hợp tác xã đó;

+ Tòa án nhân dân khu vực nơi người phải thi hành cư trú, làm việc, có trụ sở chính, nơi có tài sản liên quan đến việc thi hành bản án, quyết định về phục hồi, phá sản có thẩm quyền giải quyết yêu cầu công nhận và cho thi hành bản án, quyết định về phục hồi, phá sản của Tòa án, cơ quan có thẩm quyền của nước ngoài;

+ Tòa án nhân dân khu vực nơi người liên quan đến yêu cầu hỗ trợ vụ việc phục hồi, phá sản của nước ngoài cư trú, làm việc, có trụ sở; nơi có tài sản liên quan đến yêu cầu hỗ trợ vụ việc phục hồi, phá sản có thẩm quyền giải quyết yêu cầu hỗ trợ vụ việc phục hồi, phá sản của nước ngoài.

- Tòa án nhân dân cấp tỉnh có thẩm quyền giải quyết đề nghị xem xét lại, kháng nghị đối với quyết định tuyên bố doanh nghiệp, hợp tác xã phá sản; quyết định công nhận và cho thi hành bản án, quyết định về phục hồi, phá sản của Tòa án, cơ quan có thẩm quyền của nước ngoài của Tòa án nhân dân khu vực trong phạm vi thẩm quyền theo lãnh thổ.

- Tòa án nhân dân tối cao có thẩm quyền:

+ Xem xét lại quyết định giải quyết đơn đề nghị xem xét lại, quyết định giải quyết kháng nghị quyết định tuyên bố doanh nghiệp, hợp tác xã phá sản của Tòa án nhân dân cấp tỉnh theo quy định tại khoản 4 Điều 67  Luật Phục hồi, phá sản 2025 ;

+ Giải quyết tranh chấp về thẩm quyền giữa các Tòa án nhân dân khu vực.

Căn cứ khoản 1 Điều 31  Luật Phục hồi, phá sản 2025  quy định về hoạt động của doanh nghiệp, hợp tác xã bị cấm sau khi Tòa án thụ lý đơn yêu cầu như sau:

Điều 31. Hoạt động của doanh nghiệp, hợp tác xã bị cấm sau khi Tòa án thụ lý đơn yêu cầu

1. Sau khi Tòa án thụ lý đơn yêu cầu, doanh nghiệp, hợp tác xã không được thực hiện các hoạt động sau đây:

a) Cất giấu, tẩu tán, tặng cho tài sản;

b) Từ bỏ quyền đòi nợ;

c) Thanh toán khoản nợ phát sinh trước khi Tòa án thụ lý đơn yêu cầu;

d) Chuyển khoản nợ không có bảo đảm thành nợ có bảo đảm hoặc có bảo đảm một phần bằng tài sản của doanh nghiệp, hợp tác xã;

đ) Phân chia lợi nhuận, phân phối thu nhập.

[...]

Như vậy, sau khi Tòa án thụ lý đơn yêu cầu, doanh nghiệp, hợp tác xã không được thực hiện các hoạt động sau đây:

- Cất giấu, tẩu tán, tặng cho tài sản;

- Từ bỏ quyền đòi nợ;

- Thanh toán khoản nợ phát sinh trước khi Tòa án thụ lý đơn yêu cầu;

- Chuyển khoản nợ không có bảo đảm thành nợ có bảo đảm hoặc có bảo đảm một phần bằng tài sản của doanh nghiệp, hợp tác xã;

- Phân chia lợi nhuận, phân phối thu nhập.","","","","","2026-04-01","https://thuvienphapluat.vn/hoi-dap-phap-luat/tong-hop-van-ban-huong-dan-luat-phuc-hoi-pha-san-2025-moi-nhat-2026-138085570.html","2026-04-08T16:42:17.077011+00:00"
"138085566","Đã có Thông tư 29/2026/TT-BCA về trình tự, thủ tục chi và quản lý Quỹ phòng, chống tội phạm ra sao?","Ngày 30/03/2026, Bộ trưởng Bộ Công an ban hành Thông tư 29/2026/TT-BCA quy định về trình tự thủ tục thực hiện nội dung chi và một số nội dung quản lý, điều hành Quỹ phòng chống tội phạm trung ương.

Xem toàn bộ Thông tư 29 2026 TT BCA về trình tự thủ tục chi và quản lý Quỹ phòng chống tội phạm dưới đây:

Tải về

Căn cứ theo Điều 1 Thông tư 29/2026/TT-BCA phạm vi điều chỉnh như sau:

- Quy định chi tiết điểm c khoản 1 Điều 6  Quyết định 07/2026/QĐ-TTg .

- Quy định về nguyên tắc thực hiện, tiêu chí xác định cá nhân, tập thể có thành tích xuất sắc trong công tác phòng, chống tội phạm, trách nhiệm của các cơ quan, tổ chức, cá nhân trong việc lập hồ sơ, tiếp nhận, thẩm tra, đánh giá, quyết định chi từ Quỹ phòng, chống tội phạm trung ương; một số nội dung quản lý, điều hành Quỹ phòng, chống tội phạm trung ương thuộc phạm vi quản lý của Bộ Công an.

Trên đây là thông tin: Đã có Thông tư 29 2026 TT BCA về trình tự, thủ tục chi và quản lý Quỹ phòng chống tội phạm ra sao?

Đã có Thông tư 29/2026/TT-BCA về trình tự, thủ tục chi và quản lý Quỹ phòng, chống tội phạm ra sao? (Hình từ Internet)

Căn cứ theo Điều 3 Thông tư 29/2026/TT-BCA quy định về tiêu chí xác định cá nhân, tập thể có thành tích xuất sắc trong công tác phòng, chống tội phạm cần đáp ứng như sau:

(1)  Cá nhân, tập thể có thành tích xuất sắc trong công tác phòng ngừa tội phạm có một trong các tiêu chí sau:

- Được lãnh đạo Bộ Công an tặng Thư khen do có thành tích xuất sắc trong công tác phòng ngừa tội phạm;

- Chủ động, tích cực, có sáng kiến, cách làm hay, hiệu quả, lan tỏa sâu rộng đến cộng đồng xã hội trong công tác phòng ngừa tội phạm;

- Mô hình phòng ngừa tội phạm giúp giảm số vụ và số đối tượng phạm tội tại địa phương trong 06 tháng so với cùng kỳ năm trước hoặc 06 tháng liền kề trước đó.

(2)  Cá nhân, tập thể có thành tích xuất sắc trong công tác chống tội phạm có một trong các tiêu chí sau:

- Được lãnh đạo Bộ Công an tặng Thư khen do có thành tích xuất sắc trong công tác chống tội phạm;

- Trực tiếp đấu tranh, khám phá, giải quyết các vụ việc, vụ án có quy mô lớn, tính chất, mức độ nguy hiểm cao như tội phạm xuyên quốc gia, tội phạm có yếu tố nước ngoài, tội phạm liên tỉnh, tội phạm có tổ chức, tội phạm sử dụng vũ khí, vật liệu nổ, hung khí nguy hiểm gây án;

- Tổ chức chuyên đề tấn công, trấn áp tội phạm, làm trong sạch địa bàn, bắt giữ nhiều đối tượng phạm tội, thu giữ số lượng vật chứng lớn;

- Kịp thời bắt giữ từ 01 người thực hiện tội phạm đặc biệt nghiêm trọng hoặc bắt giữ từ 03 người thực hiện tội phạm rất nghiêm trọng trong 01 vụ án;

- Điều tra khám phá, giải quyết nhanh các vụ việc, vụ án nghiêm trọng, rất nghiêm trọng, đặc biệt nghiêm trọng, ổn định tình hình an ninh, trật tự, an toàn xã hội, đời sống của Nhân dân, hạn chế thiệt hại do tội phạm gây ra;

- Phát hiện, đấu tranh, ngăn chặn âm mưu, hoạt động phạm tội xâm phạm an ninh quốc gia;

- Cung cấp thông tin chính xác, kịp thời, tích cực phối hợp, hỗ trợ điều tra, giải quyết vụ án, vụ việc và đấu tranh tội phạm đạt hiệu quả cao, góp phần đẩy nhanh tiến độ điều tra, xử lý tội phạm, vụ án, vụ việc;

- Có sáng kiến, cách làm hay, hiệu quả trong phát hiện, ngăn chặn, đấu tranh, điều tra, xử lý tội phạm, vụ án, vụ việc.

Căn cứ theo Điều 4  Quyết định 07/2026/QĐ-TTg  quy định thành lập, giải thể và nguồn hình thành Quỹ phòng, chống tội phạm trung ương, như sau:

- Thủ tướng Chính phủ quyết định việc thành lập, giải thể Quỹ phòng, chống tội phạm trung ương.

- Quỹ phòng, chống tội phạm trung ương được thành lập theo  Quyết định 04/2019/QĐ-TTg  ngày 22 tháng 01 năm 2019 của Thủ tướng Chính phủ về việc thành lập, quản lý và sử dụng Quỹ phòng, chống tội phạm tiếp tục hoạt động theo quy định của  Quyết định 07/2026/QĐ-TTg .

- Quỹ phòng, chống tội phạm trung ương được hình thành từ các nguồn sau:

+ Số dư từ Quỹ phòng, chống tội phạm trung ương đã được hình thành theo  Quyết định 04/2019/QĐ-TTg  ngày 22 tháng 01 năm 2019 của Thủ tướng Chính phủ về việc thành lập, quản lý và sử dụng Quỹ phòng, chống tội phạm.

+ Các khoản tài trợ, viện trợ, ủng hộ, đóng góp tự nguyện từ nguồn hợp pháp của các cơ quan, tổ chức, cá nhân trong và ngoài nước cho công tác phòng, chống tội phạm.

+ Thu lãi từ tài khoản tiền gửi của Quỹ phòng, chống tội phạm trung ương.

+ Nguồn khác theo quy định của pháp luật.","","","","","2026-03-31","https://thuvienphapluat.vn/hoi-dap-phap-luat/da-co-thong-tu-292026ttbca-ve-trinh-tu-thu-tuc-chi-va-quan-ly-quy-phong-chong-toi-pham-ra-sao-138085566.html","2026-04-08T16:42:21.394867+00:00"
"138085253","Tổng hợp văn bản hướng dẫn Luật Ngân sách nhà nước 2025 mới nhất 2026?","Ngày 25/6/2025, Quốc hội đã thông qua  Luật ngân sách nhà nước 2025 .

Luật ngân sách nhà nước 2025  có hiệu lực thi hành từ năm ngân sách 2026. Tuy nhiên, một số nội dung quy định tại  Luật ngân sách nhà nước 2025  được thực hiện từ ngày 01 tháng 7 năm 2025 bao gồm:

- Việc phân cấp nhiệm vụ chi giữa ngân sách cấp tỉnh với ngân sách cấp xã đối với lĩnh vực khoa học, công nghệ, đổi mới sáng tạo và chuyển đổi số;

- Việc tổng hợp, lập dự toán ngân sách nhà nước đối với lĩnh vực khoa học, công nghệ, đổi mới sáng tạo và chuyển đổi số. Tổ chức chi ngân sách nhà nước đối với lĩnh vực khoa học, công nghệ, đổi mới sáng tạo và chuyển đổi số theo quy định tại khoản 4 Điều 58  Luật ngân sách nhà nước 2025 , đơn vị sử dụng ngân sách gửi đề nghị chi đến Kho bạc Nhà nước nơi giao dịch (giấy rút dự toán/ủy nhiệm chi) để thực hiện thanh toán khi khoản chi có trong dự toán ngân sách được cấp có thẩm quyền giao;

- Tạm cấp ngân sách theo quy định tại Điều 53  Luật ngân sách nhà nước 2025

Dưới đây là Tổng hợp văn bản hướng dẫn Luật Ngân sách nhà nước 2025 mới nhất 2026:

-  Nghị định 75/2026/NĐ-CP  quy định chế độ tự chủ, tự chịu trách nhiệm về quản lý, sử dụng kinh phí quản lý hành chính

-  Nghị định 73/2026/NÐ-CP  hướng dẫn Luật Ngân sách nhà nước

-  Nghị định 347/2025/NĐ-CP  quy định về thủ tục hành chính thuộc lĩnh vực Kho bạc Nhà nước

-  Nghị định 305/2025/NĐ-CP  về viện trợ của Việt Nam cho nước ngoài

-  Thông tư 130/2025/TT-BTC  quy định Hệ thống Mục lục ngân sách nhà nước do Bộ trưởng Bộ Tài chính ban hành

-  Thông tư 133/2025/TT-BTC  quy định về tổ chức thực hiện dự toán ngân sách nhà nước năm 2026 do Bộ trưởng Bộ Tài chính ban hành

* Trên đây là Thông tin Tổng hợp văn bản hướng dẫn Luật Ngân sách nhà nước 2025 mới nhất 2026?

Tổng hợp văn bản hướng dẫn Luật Ngân sách nhà nước 2025 mới nhất 2026? (Hình từ Internet)

Căn cứ theo khoản 2 Điều 10  Luật Ngân sách nhà nước 2025  quy định Dự phòng ngân sách nhà nước được sử dụng để:

- Chi phòng, chống, khắc phục hậu quả thiên tai, thảm họa, dịch bệnh, cứu đói; nhiệm vụ quan trọng về quốc phòng, an ninh; chi dự trữ quốc gia; nhiệm vụ đối ngoại đột xuất, cấp bách của Nhà nước; chia sẻ phần giảm doanh thu đối với các dự án đầu tư theo phương thức đối tác công tư và các nhiệm vụ cần thiết khác thuộc nhiệm vụ chi của ngân sách cấp mình mà chưa được dự toán;

- Chi hỗ trợ cho ngân sách cấp dưới để thực hiện nhiệm vụ quy định tại điểm a khoản này;

- Chi hỗ trợ địa phương khác theo quy định tại điểm c khoản 5 Điều 9 của  Luật Ngân sách nhà nước 2025

Căn cứ theo Điều 7  Luật Ngân sách nhà nước 2025  quy định nguyên tắc cân đối ngân sách nhà nước như sau:

- Các khoản thu từ thuế, phí, lệ phí và các khoản thu khác thuộc ngân sách theo quy định của pháp luật được tổng hợp đầy đủ vào cân đối ngân sách nhà nước, theo nguyên tắc không gắn với nhiệm vụ chi cụ thể.

Trường hợp có khoản thu cần gắn với nhiệm vụ chi cụ thể theo quy định của pháp luật thì được bố trí tương ứng từ các khoản thu này trong dự toán chi ngân sách để thực hiện.

Việc ban hành chính sách thu ngân sách phải bảo đảm nguyên tắc cân đối ngân sách trong trung hạn, dài hạn và thực hiện các cam kết về hội nhập quốc tế.

- Ngân sách nhà nước được cân đối theo nguyên tắc tổng số thu từ thuế, phí, lệ phí và các khoản thu khác thuộc ngân sách phải lớn hơn tổng số chi thường xuyên và góp phần tích lũy ngày càng cao để chi đầu tư phát triển; trường hợp còn bội chi thì số bội chi phải nhỏ hơn số chi đầu tư phát triển, tiến tới cân bằng thu, chi ngân sách; trường hợp đặc biệt Chính phủ trình Quốc hội xem xét, quyết định.

- Vay để bù đắp bội chi ngân sách nhà nước chỉ được sử dụng cho chi đầu tư phát triển, không sử dụng cho chi thường xuyên.

- Bội chi ngân sách trung ương được bù đắp từ các nguồn sau đây:

+ Vay trong nước từ phát hành trái phiếu Chính phủ, công trái xây dựng Tổ quốc và các khoản vay trong nước khác theo quy định của pháp luật;

+ Vay ngoài nước từ các khoản vay của Chính phủ các nước, các tổ chức quốc tế và phát hành trái phiếu Chính phủ ra thị trường quốc tế, không bao gồm các khoản vay về cho vay lại.

- Bội chi ngân sách địa phương:

+ Chỉ ngân sách địa phương cấp tỉnh được bội chi; bội chi ngân sách địa phương chỉ được sử dụng để đầu tư các dự án thuộc kế hoạch đầu tư công trung hạn đã được Hội đồng nhân dân cấp tỉnh quyết định;

+ Bội chi ngân sách địa phương được bù đắp bằng các nguồn vay trong nước từ phát hành trái phiếu chính quyền địa phương, vay lại từ nguồn Chính phủ vay về cho vay lại và các khoản vay trong nước khác theo quy định của pháp luật;

+ Bội chi ngân sách địa phương được tổng hợp vào bội chi ngân sách nhà nước và do Quốc hội quyết định.

- Mức dư nợ vay của ngân sách địa phương:

+ Đối với các địa phương không nhận bổ sung cân đối từ ngân sách trung ương, mức dư nợ vay không vượt quá 120% số dự toán thu ngân sách địa phương được hưởng theo phân cấp;

+ Đối với các địa phương nhận bổ sung cân đối từ ngân sách trung ương, mức dư nợ vay không vượt quá 80% số dự toán thu ngân sách địa phương được hưởng theo phân cấp;

+ Trường hợp cần huy động vốn vay lớn hơn mức dư nợ vay quy định tại điểm a và điểm b khoản 6 Điều 7  Luật Ngân sách nhà nước 2025  để thực hiện dự án của địa phương, Ủy ban nhân dân cấp tỉnh báo cáo Hội đồng nhân dân cùng cấp hoặc báo cáo Thường trực Hội đồng nhân dân trong thời gian Hội đồng nhân dân không họp xem xét, cho ý kiến để báo cáo Chính phủ xem xét, trình Quốc hội quyết định.","","","","","2026-03-30","https://thuvienphapluat.vn/hoi-dap-phap-luat/tong-hop-van-ban-huong-dan-luat-ngan-sach-nha-nuoc-2025-moi-nhat-2026-138085253.html","2026-04-08T16:42:26.704853+00:00"
"138085167","Công văn 3436/BTC-NSNN 2026 hướng dẫn địa phương kiểm tra quyết toán ngân sách địa phương năm 2025 thế nào?","Ngày 20/03/2026, Bộ Tài chính ban hành Công văn 3436/BTC-NSNN năm 2026 về việc hướng dẫn, đôn đốc địa phương thực hiện nhiệm vụ xét duyệt, kiểm tra quyết toán ngân sách địa phương năm 2025.

Xem toàn bộ Công văn 3436 BTC NSNN 2026 hướng dẫn, đôn đốc địa phương thực hiện nhiệm vụ xét duyệt, kiểm tra quyết toán ngân sách địa phương năm 2025 dưới đây:

Tải về

Bộ Tài chính hướng dẫn các địa phương thực hiện nhiệm vụ xét duyệt, kiểm tra quyết toán ngân sách địa phương năm 2025 như sau:

(I)  Về cơ sở pháp lý thực hiện công tác quyết toán ngân sách nhà nước năm 2025:

Ngày 25/6/2025, Quốc hội đã ban hành  Luật Ngân sách nhà nước 2025 ; trên cơ sở đó, Chính phủ đã ban hành  Nghị định 73/2026/NĐ-CP  chi tiết và hướng dẫn thi hành một số điều của Luật Ngân sách nhà nước. Theo đó:

- Tại Điều 78  Luật Ngân sách nhà nước 2025  (điều khoản chuyển tiếp) quy định: ‘‘Đối với quyết toán ngân sách năm 2024 và quy trình, yêu cầu lập dự toán ngân sách năm 2026 áp dụng theo các quy định của Luật Ngân sách nhà nước số 83/2015/QH13 đã được sửa đổi, bổ sung một số điều theo Luật số 59/2020/QH14 và Luật số 56/2024/QH15”.

- Khoản 2 Điều 50  Nghị định 73/2016/NĐ-CP  quy định: “Đối với việc xử lý tăng, giảm thu, chi ngân sách so với dự toán khi kết thúc năm ngân sách năm 2025 được thực hiện theo quy định của Luật Ngân sách nhà nước số 89/2025/QH15 và quy định của Nghị định này. Riêng đối với phạm vi xác định các khoản thu phân chia để làm cơ sở thưởng vượt dự toán thu và mức thưởng vượt dự toán thu năm 2025 cho ngân sách cấp dưới được thực hiện theo quy định của Luật Ngân sách nhà nước số 83/2015/QH13

- Khoản 3 Điều 50  Nghị định 73/2026/NĐ-CP  quy định: “Đối với quyết toán ngân sách năm 2025, bao gồm cả việc xử lý thu, chi cuối năm, yêu cầu, lập, xét duyệt, tổng hợp, thời hạn và trình tự quyết toán, xử lý kết dư, xử lý các khoản thu, chi không đúng quy định sau khi quyết toán ngân sách nhà nước được phê chuẩn thực hiện theo quy định của Luật Ngân sách nhà nước số 89/2025/QH15 và quy định của Nghị định này”.

Căn cứ các quy định nêu trên, quyết toán ngân sách nhà nước năm 2025 và các năm tiếp theo được thực hiện theo quy định của  Luật Ngân sách nhà nước 2025 ,  Nghị định 73/2026/NĐ-CP  của Chính phủ và các văn bản hướng dẫn thực hiện.

(II)  Căn cứ quy định của  Luật Ngân sách nhà nước 2025 ,  Nghị định 73/2026/NĐ-CP , Bộ Tài chính đề nghị các địa phương chủ động thực hiện công tác quyết toán ngân sách địa phương năm 2025, trong đó lưu ý một số nội dung như sau:

(1) Về công tác khóa sổ kế toán và xử lý thu, chi ngân sách cuối năm:

Thực hiện theo quy định tại Điều 66  Luật Ngân sách nhà nước 2025 , Điều 30  Nghị định 73/2026/NĐ-CP .

(2) Về yêu cầu, trình tự xét duyệt, tổng hợp, báo cáo quyết toán ngân sách nhà nước:

Thực hiện theo quy định tại Điều 67, 68, 69, 70, 71 và Điều 72  Luật Ngân sách nhà nước 2025 , Điều 32  Nghị định 73/2026/NĐ-CP . Trong đó cần lưu ý về trình tự và thời gian hoàn thành công tác quyết toán ngân sách năm 2025 của cấp xã, cấp tỉnh; cụ thể:

- Hội đồng nhân dân cấp xã xem xét, phê chuẩn báo cáo quyết toán ngân sách cấp mình trước ngày 31/3/2026, gửi Uỷ ban nhân dân cấp tỉnh chậm nhất sau 05 ngày làm việc kể từ ngày báo cáo quyết toán được phê chuẩn.

- Sở Tài chính tổng hợp, lập báo cáo quyết toán thu ngân sách nhà nước trên địa bàn và quyết toán thu, chi ngân sách địa phương trình Uỷ ban nhân dân cấp tỉnh để gửi Bộ Tài chính, Kiểm toán nhà nước trước ngày 01/5/2026.

[...]

Trên đây là thông tin: Công văn 3436 BTC NSNN 2026 hướng dẫn địa phương kiểm tra quyết toán ngân sách địa phương năm 2025 thế nào?

Công văn 3436/BTC-NSNN 2026 hướng dẫn địa phương kiểm tra quyết toán ngân sách địa phương năm 2025 thế nào? (Hình từ Internet)

Căn cứ tại khoản 2 Điều 35  Luật Ngân sách nhà nước 2015  quy định các khoản thu phân chia theo tỷ lệ phần trăm giữa ngân sách trung ương và ngân sách địa phương như sau:

- Thuế giá trị gia tăng, trừ thuế giá trị gia tăng quy định tại điểm a khoản 1 Điều 35  Luật Ngân sách nhà nước 2015 ;

- Thuế thu nhập doanh nghiệp, trừ thuế thu nhập doanh nghiệp quy định tại điểm đ khoản 1 Điều 35  Luật Ngân sách nhà nước 2015 ;

- Thuế thu nhập cá nhân;

- Thuế tiêu thụ đặc biệt, trừ thuế tiêu thụ đặc biệt quy định tại điểm c khoản 1 Điều 35  Luật Ngân sách nhà nước 2015 ;

- Thuế bảo vệ môi trường, trừ thuế bảo vệ môi trường quy định tại điểm d khoản 1 Điều 35  Luật Ngân sách nhà nước 2015 .

Căn cứ tại khoản 1 Điều 37  Luật Ngân sách nhà nước 2015  được sửa đổi bởi khoản 3 Điều 217  Luật Doanh nghiệp 2020  quy định các khoản thu ngân sách địa phương hưởng 100% bao gồm:

- Thuế tài nguyên, trừ thuế tài nguyên thu từ hoạt động thăm dò, khai thác dầu, khí;

- Thuế môn bài;

- Thuế sử dụng đất nông nghiệp;

- Thuế sử dụng đất phi nông nghiệp;

- Tiền sử dụng đất, trừ thu tiền sử dụng đất tại điểm k khoản 1 Điều 35 của Luật này;

- Tiền cho thuê đất, thuê mặt nước;

- Tiền cho thuê và tiền bán nhà ở thuộc sở hữu nhà nước;

- Lệ phí trước bạ;

- Thu từ hoạt động xổ số kiến thiết;

- Các khoản thu hồi vốn của ngân sách địa phương đầu tư tại các tổ chức kinh tế; thu cổ tức, lợi nhuận được chia tại công ty cổ phần, công ty trách nhiệm hữu hạn hai thành viên trở lên có vốn góp của Nhà nước do Ủy ban nhân dân cấp tỉnh đại diện chủ sở hữu; thu phần lợi nhuận sau thuế còn lại sau khi trích lập các quỹ của doanh nghiệp do Nhà nước nắm giữ 100% vốn điều lệ do Ủy ban nhân dân cấp tỉnh đại diện chủ sở hữu;

- Thu từ quỹ dự trữ tài chính địa phương;

- Thu từ bán tài sản nhà nước, kể cả thu tiền sử dụng đất gắn với tài sản trên đất do các cơ quan, tổ chức, đơn vị thuộc địa phương quản lý;

- Viện trợ không hoàn lại của các tổ chức quốc tế, các tổ chức khác, các cá nhân ở nước ngoài trực tiếp cho địa phương;

- Phí thu từ các hoạt động dịch vụ do các cơ quan nhà nước địa phương thực hiện, trường hợp được khoán chi phí hoạt động thì được khấu trừ; các khoản phí thu từ các hoạt động dịch vụ do đơn vị sự nghiệp công lập và doanh nghiệp nhà nước do Ủy ban nhân dân cấp tỉnh đại diện chủ sở hữu thì được phép trích lại một phần hoặc toàn bộ, phần còn lại thực hiện nộp ngân sách theo quy định của pháp luật về phí, lệ phí và quy định khác của pháp luật có liên quan;

- Lệ phí do các cơ quan nhà nước địa phương thực hiện thu;

- Tiền thu từ xử phạt vi phạm hành chính, phạt, tịch thu khác theo quy định của pháp luật do các cơ quan nhà nước địa phương thực hiện;

- Thu từ tài sản được xác lập quyền sở hữu của Nhà nước do các cơ quan, tổ chức, đơn vị thuộc địa phương xử lý;

- Thu từ quỹ đất công ích và thu hoa lợi công sản khác;

- Huy động đóng góp từ các cơ quan, tổ chức, cá nhân theo quy định của pháp luật;

- Thu kết dư ngân sách địa phương;

- Các khoản thu khác theo quy định của pháp luật.","","","","","2026-03-28","https://thuvienphapluat.vn/hoi-dap-phap-luat/cong-van-3436btcnsnn-2026-huong-dan-dia-phuong-kiem-tra-quyet-toan-ngan-sach-dia-phuong-nam-2025-th-138085167.html","2026-04-08T16:42:31.817812+00:00"
"138084944","Cơ quan chuyên môn về thủy lợi bao gồm những cơ quan nào?","Căn cứ khoản 2 Điều 3  Nghị định 74/2026/NĐ-CP , cơ quan chuyên môn về thủy lợi bao gồm những cơ quan như sau:

- Cơ quan chuyên môn về thủy lợi ở trung ương là cơ quan trực thuộc Bộ Nông nghiệp và Môi trường tham mưu, giúp Bộ trưởng Bộ Nông nghiệp và Môi trường thực hiện chức năng quản lý nhà nước về thủy lợi.

- Cơ quan chuyên môn về thủy lợi cấp tỉnh là cơ quan thuộc Ủy ban nhân dân tỉnh, thành phố trực thuộc trung ương (sau đây gọi là Ủy ban nhân dân cấp tỉnh) tham mưu, giúp Ủy ban nhân dân cấp tỉnh thực hiện chức năng quản lý nhà nước về thủy lợi (sau đây gọi là cơ quan chuyên môn về thủy lợi cấp tỉnh).

- Cơ quan chuyên môn về thủy lợi cấp xã là cơ quan thuộc Ủy ban nhân dân xã, phường, đặc khu (sau đây gọi là Ủy ban nhân dân cấp xã) tham mưu, giúp Ủy ban nhân dân cấp xã thực hiện chức năng quản lý nhà nước về thủy lợi (sau đây gọi là cơ quan chuyên môn về thủy lợi cấp xã).

Cơ quan chuyên môn về thủy lợi bao gồm những cơ quan nào? (Hình từ Internet)

Theo Điều 13  Nghị định 74/2026/NĐ-CP  quy định nội dung bảo trì tài sản kết cấu hạ tầng thủy lợi như sau:

- Tài sản kết cấu hạ tầng thủy lợi phải được bảo trì theo quy trình, tiêu chuẩn, định mức nhằm duy trì tình trạng kỹ thuật của tài sản, bảo đảm hoạt động bình thường và an toàn khi sử dụng, khai thác.

- Việc xác định chi phí bảo trì tài sản kết cấu hạ tầng thủy lợi được thực hiện theo quy định của pháp luật về bảo trì công trình xây dựng, pháp luật về thủy lợi. Chi phí bảo trì tài sản kết cấu hạ tầng thủy lợi được tính vào giá sản phẩm, dịch vụ thủy lợi theo quy định của pháp luật về giá sản phẩm, dịch vụ thủy lợi và chính sách hỗ trợ của Nhà nước trong quản lý, khai thác công trình thủy lợi và quy định của pháp luật khác có liên quan, trừ trường hợp quy định tại khoản 3 Điều 13  Nghị định 74/2026/NĐ-CP .

- Đối với tài sản kết cấu hạ tầng thủy lợi trong thời gian cho thuê quyền khai thác, chuyển nhượng có thời hạn quyền khai thác tài sản mà tổ chức, doanh nghiệp thuê quyền khai thác, nhận chuyển nhượng có thời hạn quyền khai thác tài sản có nghĩa vụ thực hiện việc bảo trì theo hợp đồng ký kết thì việc bảo trì tài sản kết cấu hạ tầng thủy lợi do tổ chức, doanh nghiệp thuê quyền khai thác hoặc nhận chuyển nhượng có thời hạn quyền khai thác thực hiện theo quy định của pháp luật về thủy lợi và pháp luật có liên quan.

Tại Điều 16  Nghị định 74/2026/NĐ-CP  quy định phương thức khai thác tài sản kết cấu hạ tầng thủy lợi như sau:

- Phương thức khai thác tài sản kết cấu hạ tầng thủy lợi

+ Trực tiếp tổ chức thực hiện khai thác tài sản kết cấu hạ tầng thủy lợi.

+ Cho thuê quyền khai thác tài sản kết cấu hạ tầng thủy lợi.

+ Chuyển nhượng có thời hạn quyền khai thác tài sản kết cấu hạ tầng thủy lợi.

+ Đầu tư theo hình thức hợp tác kinh doanh. Việc khai thác theo hình thức này được thực hiện theo quy định của pháp luật về đầu tư và pháp luật khác có liên quan.

+ Phương thức khác theo quy định của pháp luật.

- Trong quá trình quản lý, sử dụng và khai thác tài sản kết cấu hạ tầng thủy lợi:

+ Trường hợp xây dựng, lắp đặt công trình viễn thông trên tài sản kết cấu hạ tầng thủy lợi thì việc xây dựng, lắp đặt công trình viễn thông trên tài sản kết cấu hạ tầng thủy lợi thực hiện theo quy định của pháp luật về viễn thông và pháp luật về thủy lợi; không thực hiện việc khai thác tài sản kết cấu hạ tầng thủy lợi theo quy định tại  Nghị định 74/2026/NĐ-CP . Riêng việc quản lý, sử dụng số tiền thu được từ xây dựng, lắp đặt công trình viễn thông trên tài sản kết cấu hạ tầng thủy lợi được thực hiện theo quy định tại khoản 3 Điều 21  Nghị định 74/2026/NĐ-CP .

+ Trường hợp tài sản kết cấu hạ tầng thủy lợi cần thiết sử dụng một phần tài sản kết hợp với tài sản khác nhằm nâng cao hiệu quả khai thác của các tài sản được kết hợp với nhau (sau đây gọi là khai thác hỗn hợp) theo đề nghị khai thác hỗn hợp của bộ, ngành, địa phương khác (Bên đề xuất khai thác hỗn hợp) thì Ủy ban nhân dân cấp tỉnh (Bên có tài sản kết cấu hạ tầng thủy lợi) quyết định việc khai thác hỗn hợp bảo đảm phù hợp với quy định của pháp luật về thủy lợi, pháp luật liên quan đến tài sản khác đó.

Trong thời gian khai thác hỗn hợp, cơ quan, đơn vị, doanh nghiệp quản lý tài sản có trách nhiệm quản lý, kế toán tài sản kết cấu hạ tầng thủy lợi, Bên có tài sản kết cấu hạ tầng thủy lợi và Bên đề xuất khai thác hỗn hợp có trách nhiệm phối hợp bảo đảm hoạt động thủy lợi được thông suốt và các yêu cầu khác theo quy định của pháp luật, xác định cụ thể trách nhiệm của các bên có liên quan (trong đó có trách nhiệm bảo trì tài sản kết cấu hạ tầng thủy lợi). Việc quản lý, sử dụng số tiền thu khai thác hỗn hợp này được thưc hiện theo quy định tại khoản 3 Điều 21  Nghị định 74/2026/NĐ-CP .","","","","","2026-03-28","https://thuvienphapluat.vn/hoi-dap-phap-luat/co-quan-chuyen-mon-ve-thuy-loi-bao-gom-nhung-co-quan-nao-138084944.html","2026-04-08T16:42:35.926475+00:00"
"138084933","Bảo trì tài sản kết cấu hạ tầng thủy lợi từ ngày 14/03/2026 được quy định như thế nào?","Căn cứ Điều 13  Nghị định 74/2026/NĐ-CP  quy định về bảo trì tài sản kết cấu hạ tầng thủy lợi, cụ thể như sau:

(1) Tài sản kết cấu hạ tầng thủy lợi phải được bảo trì theo quy trình, tiêu chuẩn, định mức nhằm duy trì tình trạng kỹ thuật của tài sản, bảo đảm hoạt động bình thường và an toàn khi sử dụng, khai thác.

(2) Việc xác định chi phí bảo trì tài sản kết cấu hạ tầng thủy lợi được thực hiện theo quy định của pháp luật về bảo trì công trình xây dựng, pháp luật về thủy lợi.

Chi phí bảo trì tài sản kết cấu hạ tầng thủy lợi được tính vào giá sản phẩm, dịch vụ thủy lợi theo quy định của pháp luật về giá sản phẩm, dịch vụ thủy lợi và chính sách hỗ trợ của Nhà nước trong quản lý, khai thác công trình thủy lợi và quy định của pháp luật khác có liên quan, trừ trường hợp quy định tại khoản 3 Điều 13  Nghị định 74/2026/NĐ-CP .

(3) Đối với tài sản kết cấu hạ tầng thủy lợi trong thời gian cho thuê quyền khai thác, chuyển nhượng có thời hạn quyền khai thác tài sản mà tổ chức, doanh nghiệp thuê quyền khai thác, nhận chuyển nhượng có thời hạn quyền khai thác tài sản có nghĩa vụ thực hiện việc bảo trì theo hợp đồng ký kết thì việc bảo trì tài sản kết cấu hạ tầng thủy lợi do tổ chức, doanh nghiệp thuê quyền khai thác hoặc nhận chuyển nhượng có thời hạn quyền khai thác thực hiện theo quy định của pháp luật về thủy lợi và pháp luật có liên quan.

Bảo trì tài sản kết cấu hạ tầng thủy lợi từ ngày 14/03/2026 được quy định như thế nào? (Hình từ Internet)

Căn cứ Điều 15  Nghị định 74/2026/NĐ-CP  thì kế hoạch và tổ chức thực hiện bảo trì tài sản kết cấu hạ tầng thủy lợi được quy định cụ thể như sau:

- Hằng năm, cơ quan, đơn vị, doanh nghiệp quản lý tài sản kết cấu hạ tầng thủy lợi lập kế hoạch bảo trì tài sản đối với tài sản thuộc phạm vi quản lý, gửi cơ quan chuyên môn về thủy lợi thẩm định, trình Bộ trưởng Bộ Nông nghiệp và Môi trường, Chủ tịch Ủy ban nhân dân cấp tỉnh, Chủ tịch Ủy ban nhân dân cấp xã (theo phân cấp của Chủ tịch Ủy ban nhân dân cấp tỉnh) xem xét, phê duyệt.

- Việc thực hiện bảo trì tài sản kết cấu hạ tầng thủy lợi được thực hiện theo quy định của pháp luật về bảo trì công trình xây dựng; chế độ, quy trình bảo trì tài sản kết cấu hạ tầng thủy lợi được thực hiện theo quy định của pháp luật về thủy lợi.

- Trong quá trình quản lý, khai thác, bảo trì công trình thuộc tài sản kết cấu hạ tầng thủy lợi, trường hợp phát sinh vật liệu, vật tư thu hồi từ bảo trì công trình thì việc xử lý vật liệu, vật tư thu hồi được thực hiện theo quy định tại các khoản 3, 6, 7, 8 và 9 Điều 26  Nghị định 74/2026/NĐ-CP .

- Bộ trưởng Bộ Nông nghiệp và Môi trường xây dựng, ban hành quy định chế độ, quy trình bảo trì tài sản kết cấu hạ tầng thủy lợi.

Căn cứ Điều 5  Nghị định 74/2026/NĐ-CP  quy định về phân loại tài sản kết cấu hạ tầng thủy lợi, cụ thể là:

(1) Phân loại theo chức năng của tài sản

- Đập, hồ chứa nước, cống, trạm bơm, hệ thống dẫn, chuyển nước, kè, bờ bao thủy lợi theo quy định của pháp luật về thủy lợi.

- Trụ sở làm việc, văn phòng làm việc của đối tượng được giao tài sản kết cấu hạ tầng thủy lợi nằm trong phạm vi bảo vệ công trình thủy lợi.

- Tài sản khác phục vụ quản lý, khai thác thủy lợi gồm: Nhà quản lý, trạm quản lý, đường quản lý; thiết bị quan trắc; kho, bãi vật tư, vật liệu; cột mốc chỉ giới, biển báo và các công trình, vật kiến trúc khác, máy móc, thiết bị phục vụ khai thác thủy lợi.

(2) Phân loại theo cấp quản lý

- Tài sản kết cấu hạ tầng thủy lợi thuộc phạm vi quản lý của Bộ Nông nghiệp và Môi trường là công trình thủy lợi quan trọng đặc biệt, công trình thủy lợi mà việc khai thác và bảo vệ liên quan đến 02 đơn vị hành chính cấp tỉnh trở lên theo quy định của pháp luật về thủy lợi.

- Tài sản kết cấu hạ tầng thủy lợi thuộc phạm vi quản lý của Ủy ban nhân dân cấp tỉnh là các công trình thủy lợi không thuộc phạm vi quy định tại điểm a khoản 2 Điều 5  Nghị định 74/2026/NĐ-CP .

(3) Tài sản kết cấu hạ tầng thủy lợi có liên quan đến quốc phòng, an ninh quốc gia được xác định theo quy định của pháp luật về thủy lợi và pháp luật về bảo vệ công trình quan trọng liên quan đến quốc phòng, an ninh quốc gia.","","","","","2026-03-28","https://thuvienphapluat.vn/hoi-dap-phap-luat/bao-tri-tai-san-ket-cau-ha-tang-thuy-loi-tu-ngay-14032026-duoc-quy-dinh-nhu-the-nao-138084933.html","2026-04-08T16:42:40.100707+00:00"
"138084983","Nguyên tắc hoạt động, nhiệm vụ và quyền hạn của Quỹ Đổi mới công nghệ quốc gia là gì?","Căn cứ theo Điều 64  Luật Khoa học, Công nghệ và Đổi mới sáng tạo 2025  quy định về Quỹ đổi mới công nghệ quốc gia như sau:

Quỹ đổi mới công nghệ quốc gia được hình thành từ nguồn kinh phí được cấp hằng năm từ ngân sách nhà nước, các khoản đóng góp tự nguyện, hiến, tặng cho hợp pháp của tổ chức, cá nhân. Quỹ thực hiện chức năng tài trợ, đặt hàng thực hiện chương trình, nhiệm vụ khoa học, công nghệ và đổi mới sáng tạo, hỗ trợ lãi suất vay, hỗ trợ kinh phí để ứng dụng công nghệ, chuyển giao công nghệ, đổi mới công nghệ, đổi mới sáng tạo; hỗ trợ hoạt động phát triển hệ thống đổi mới sáng tạo, hệ sinh thái khởi nghiệp sáng tạo, thúc đẩy văn hóa đổi mới sáng tạo, khởi nghiệp sáng tạo.

Nguyên tắc hoạt động, nhiệm vụ và quyền hạn của Quỹ Đổi mới công nghệ quốc gia là gì? (Hình từ Internet)

Điều 3  Nghị định 77/2026/NĐ-CP  quy định nguyên tắc hoạt động của Quỹ Đổi mới công nghệ quốc gia như sau:

- Công bố công khai trên cổng thông tin điện tử của Quỹ các quy trình, quy định quản lý, thời gian tiếp nhận hồ sơ, tiêu chí đánh giá và kết quả tài trợ, đặt hàng, hỗ trợ.

- Việc xét tài trợ, đặt hàng, hỗ trợ các nhiệm vụ, hoạt động theo chức năng được thực hiện dân chủ, minh bạch, bảo đảm tính khách quan và phù hợp với từng loại nhiệm vụ, hoạt động.

- Trường hợp doanh nghiệp, tổ chức đáp ứng đồng thời điều kiện của nhiều hình thức tài trợ, đặt hàng, hỗ trợ của Quỹ thì được xem xét hưởng đồng thời các hình thức tài trợ, đặt hàng, hỗ trợ tương ứng, nếu đáp ứng đầy đủ điều kiện theo quy định đối với từng hình thức.

- Bảo đảm nguyên tắc tin cậy; doanh nghiệp, tổ chức tự kê khai và chịu trách nhiệm trước pháp luật về tính hợp pháp, chính xác, trung thực của thông tin, số liệu, nội dung trong hồ sơ đề nghị tài trợ, đặt hàng, hỗ trợ từ Quỹ.

- Quỹ không thực hiện tài trợ, đặt hàng, hỗ trợ đối với tổ chức, cá nhân đã và đang được nhận đặt hàng, tài trợ, hỗ trợ trực tiếp từ các nguồn kinh phí nhà nước khác cho cùng một nội dung, hạng mục. Việc phát hiện trùng lặp sau khi phê duyệt sẽ bị xử lý theo quy định, bao gồm thu hồi kinh phí và xử phạt tổ chức, cá nhân vi phạm.

- Ứng dụng công nghệ số, trí tuệ nhân tạo và các công cụ hỗ trợ trong quản lý, thực hiện nhiệm vụ, quyền hạn theo chức năng của Quỹ theo quy định của pháp luật và quy định của Quỹ.

- Quản trị rủi ro trong quá trình thực hiện nhiệm vụ có sử dụng ngân sách nhà nước thực hiện theo quy định của pháp luật về khoa học, công nghệ và đổi mới sáng tạo và quy định của pháp luật có liên quan.

- Quỹ xem xét, quyết định tài trợ, đặt hàng cho các doanh nghiệp, tổ chức tham gia thực hiện nhiệm vụ đáp ứng tiêu chí, nội dung, điều kiện theo quy định tại  Nghị định 77/2026/NĐ-CP ; không giới hạn số lượng doanh nghiệp, tổ chức được tài trợ, đặt hàng và không phụ thuộc vào việc các nội dung tương tự đã hoặc đang được Quỹ tài trợ, đặt hàng cho doanh nghiệp, tổ chức khác.

- Việc xem xét, quyết định tài trợ, đặt hàng, hỗ trợ của Quỹ được thực hiện trong phạm vi nguồn kinh phí được cấp có thẩm quyền giao, khả năng cân đối của Quỹ và phù hợp với tiến độ tiếp nhận, xét duyệt hồ sơ theo quy định.

Căn cứ quy định tại Điều 6, Điều 7  Nghị định 77/2026/NĐ-CP , Quỹ Đổi mới công nghệ quốc gia thực hiện nhiệm vụ và quyền hạn sau:

[1] Nhiệm vụ của Quỹ

- Tiếp nhận và quản lý các nguồn lực tài chính:

+ Tiếp nhận kinh phí từ ngân sách nhà nước, các khoản đóng góp tự nguyện, hiến, tặng hợp pháp của doanh nghiệp, tổ chức, cá nhân trong và ngoài nước;

+ Quản lý, sử dụng nguồn ngoài ngân sách nhà nước theo thỏa thuận với bên đóng góp (nếu có) và theo quy định về tài trợ, đặt hàng, hỗ trợ và quy chế chi tiêu nội bộ của Quỹ.

- Triển khai hoạt động tài trợ, đặt hàng, hỗ trợ:

+ Công bố định hướng ưu tiên, yêu cầu, nội dung và hướng dẫn đề xuất tài trợ, đặt hàng, hỗ trợ;

+ Tiếp nhận, xét duyệt hồ sơ, công bố kết quả;

+ Quỹ quản lý các chương trình, nhiệm vụ đổi mới sáng tạo theo quy định do Bộ trưởng Bộ Khoa học và Công nghệ ban hành. Quỹ hỗ trợ, đặt hàng, tài trợ toàn bộ hoặc một phần kinh phí không hoàn lại đối với các nội dung quy định tại Điều 5  Nghị định 77/2026/NĐ-CP . Giám đốc Quỹ phê duyệt các nhiệm vụ, hoạt động hỗ trợ do Quỹ trực tiếp tài trợ, đặt hàng, hỗ trợ;

+ Kiểm tra, giám sát tiến độ, chất lượng chuyên môn và hiệu quả sử dụng kinh phí.

- Thực hiện nhiệm vụ hành chính, tổ chức:

+ Giải quyết khiếu nại, tố cáo, kiến nghị theo quy định của pháp luật;

+ Quản lý tài chính, tài sản và các nguồn lực khác được giao theo quy định của pháp luật và phân cấp của Bộ trưởng;

+ Hợp tác trong và ngoài nước về các hoạt động liên quan đến chức năng, nhiệm vụ của Quỹ;

- Quản lý về tổ chức bộ máy, viên chức, người lao động; thực hiện chính sách, chế độ đối với viên chức và người lao động thuộc phạm vi quản lý của Quỹ.

- Thực hiện các nhiệm vụ khác do Bộ trưởng Bộ Khoa học và Công nghệ giao.

[2] Quyền hạn của Quỹ

- Tổ chức triển khai các hoạt động tài trợ, đặt hàng, hỗ trợ của Quỹ phù hợp với mục tiêu, phạm vi hoạt động được giao trên cơ sở định hướng ưu tiên, quy định pháp luật và kế hoạch ngân sách được phê duyệt.

- Được ký kết hợp đồng, thỏa thuận hợp tác, thuê tổ chức, chuyên gia, nhà khoa học và các cá nhân khác để hỗ trợ hoạt động quản lý của Quỹ.

- Được điều chỉnh nội dung, tạm dừng, đình chỉ hoặc chấm dứt tài trợ, đặt hàng, hỗ trợ trong trường hợp phát hiện vi phạm.

- Được từ chối tài trợ, đặt hàng, hỗ trợ nếu hồ sơ không đáp ứng yêu cầu, vi phạm tiêu chí, điều kiện theo quy định và thông báo của Quỹ.

- Thực hiện các hoạt động hợp tác, hỗ trợ chuyên môn, kỹ thuật về khoa học, công nghệ và đổi mới sáng tạo với doanh nghiệp, tổ chức, cá nhân trong nước và nước ngoài theo thỏa thuận phù hợp với chức năng, nhiệm vụ của Quỹ.

- Được tổ chức kiểm tra việc tuân thủ điều kiện, quy định, quy trình và việc sử dụng kinh phí đối với các tổ chức, cá nhân do Quỹ tài trợ, đặt hàng, hỗ trợ kể từ thời điểm đề xuất nhiệm vụ; trường hợp phát hiện dấu hiệu vi phạm, Quỹ xem xét, xử lý theo quy định của pháp luật. Tổ chức, cá nhân có liên quan có trách nhiệm cung cấp đầy đủ, kịp thời hồ sơ, tài liệu phục vụ công tác kiểm tra theo yêu cầu của Quỹ.

- Ban hành quy định để quản lý và thực hiện các hoạt động theo chức năng của Quỹ.

- Được thực hiện các quyền hạn khác theo quy định của pháp luật.

Xem chi tiết tại  Nghị định 77/2026/NĐ-CP  có hiệu lực từ ngày 17/03/2026.","","","","","2026-03-27","https://thuvienphapluat.vn/hoi-dap-phap-luat/nguyen-tac-hoat-dong-nhiem-vu-va-quyen-han-cua-quy-doi-moi-cong-nghe-quoc-gia-la-gi-138084983.html","2026-04-08T16:42:44.052425+00:00"
"138084946","Kế hoạch tài chính 05 năm tỉnh, thành phố do đối tượng nào lập? Nội dung kế hoạch tài chính 05 năm tỉnh, thành phố bao gồm những gì?","Theo khoản 2 Điều 44  Nghị định 73/2026/NÐ-CP  có quy định như sau:

Điều 44. Đối tượng lập kế hoạch tài chính 05 năm

1. Bộ Tài chính chủ trì, phối hợp với các bộ, cơ quan trung ương có liên quan lập kế hoạch tài chính 05 năm quốc gia báo cáo Chính phủ trình Quốc hội xem xét, quyết định.

2. Ủy ban nhân dân cấp tỉnh chỉ đạo Sở Tài chính chủ trì, phối hợp với các cơ quan có liên quan khác ở địa phương xây dựng kế hoạch tài chính 05 năm tỉnh, thành phố báo cáo Hội đồng nhân dân cấp tỉnh xem xét, quyết định.”

Như vậy, kế hoạch tài chính 05 năm tỉnh, thành phố sẽ do Ủy ban nhân dân cấp tỉnh chỉ đạo Sở Tài chính chủ trì, phối hợp với các cơ quan có liên quan khác ở địa phương xây dựng, sau đó báo cáo Hội đồng nhân dân cấp tỉnh xem xét, quyết định.

Kế hoạch tài chính 05 năm tỉnh, thành phố do đối tượng nào lập? Nội dung kế hoạch tài chính 05 năm tỉnh, thành phố bao gồm những gì? (Hình từ Internet)

Theo khoản 2 Điều 45  Nghị định 73/2026/NÐ-CP  có quy định căn cứ lập kế hoạch tài chính 05 năm tỉnh, thành phố như sau:

- Tình hình thực hiện kế hoạch phát triển kinh tế - xã hội 05 năm và kế hoạch tài chính 05 năm giai đoạn trước của địa phương;

- Các chiến lược phát triển kinh tế - xã hội, tài chính, nợ công; quy hoạch có liên quan theo quy định của pháp luật về quy hoạch; dự kiến mục tiêu, chỉ tiêu và định hướng phát triển kinh tế - xã hội 05 năm kế hoạch của quốc gia, ngành, lĩnh vực và địa phương;

- Dự báo tình hình kinh tế - xã hội có ảnh hưởng đến khả năng huy động và nhu cầu sử dụng các nguồn lực tài chính - ngân sách của địa phương trong thời gian 05 năm kế hoạch;

- Quy định của pháp luật về tài chính - ngân sách; bao gồm cả điều ước quốc tế mà nước Cộng hòa xã hội chủ nghĩa Việt Nam là thành viên; định hướng sửa đổi, bổ sung, ban hành mới trong thời gian 05 năm kế hoạch;

- Chỉ đạo của Thủ tướng Chính phủ, Ủy ban nhân dân cấp tỉnh về xây dựng kế hoạch phát triển kinh tế - xã hội và kế hoạch tài chính 05 năm.

Căn cứ khoản 2 Điều 47  Nghị định 73/2026/NÐ-CP  có quy định về nội dung kế hoạch tài chính 05 năm tỉnh, thành phố bao gồm:

- Đánh giá tình hình thực hiện các mục tiêu, chỉ tiêu, nhiệm vụ chủ yếu trong kế hoạch tài chính 05 năm của tỉnh, thành phố giai đoạn trước, những kết quả đạt được, hạn chế yếu kém và nguyên nhân, bài học kinh nghiệm;

- Xác định mục tiêu tổng quát;

- Xác định mục tiêu cụ thể, chủ yếu về tài chính - ngân sách của địa phương, gồm: Thu và cơ cấu thu ngân sách, chi và cơ cấu chi ngân sách; bội chi ngân sách địa phương; nợ của ngân sách cấp tỉnh; huy động và phân phối các nguồn lực, cơ cấu ngân sách địa phương trong thời gian 05 năm kế hoạch;

- Xác định khung cân đối ngân sách địa phương, bao gồm:

Tổng thu ngân sách nhà nước trên địa bàn và thu ngân sách địa phương, trong đó chi tiết thu nội địa, thu dầu thô, thu cân đối từ hoạt động xuất, nhập khẩu và thu viện trợ; các yếu tố tác động đến thu ngân sách nhà nước và các giải pháp chủ yếu để thực hiện.

Tổng chi ngân sách địa phương, trong đó chi tiết chi đầu tư phát triển, chi trả nợ lãi, chi viện trợ, chi thường xuyên, các yếu tố tác động đến chi ngân sách địa phương và các giải pháp chủ yếu để thực hiện.

Cân đối ngân sách địa phương, gồm: Bội chi ngân sách địa phương; tổng mức vay của ngân sách địa phương, bao gồm vay bù đắp bội chi và vay để trả nợ gốc của ngân sách địa phương; các yếu tố tác động đến cân đối ngân sách địa phương và các giải pháp để bảo đảm an toàn, bền vững ngân sách địa phương.

- Các chỉ tiêu về quản lý nợ của địa phương, gồm: Hạn mức vay, dư nợ vay của chính quyền địa phương; dự kiến vay, trả nợ; các giải pháp về chính sách và quản lý nhằm bảo đảm an toàn, bền vững nợ của chính quyền địa phương;

- Các giải pháp tài chính khác nhằm thực hiện kế hoạch tài chính 05 năm tỉnh, thành phố.","","","","","2026-03-27","https://thuvienphapluat.vn/hoi-dap-phap-luat/ke-hoach-tai-chinh-05-nam-tinh-thanh-pho-do-doi-tuong-nao-lap-noi-dung-ke-hoach-tai-chinh-05-nam-ti-138084946.html","2026-04-08T16:42:49.678643+00:00"
"138085032","Tải Phụ lục Thông tư 26/2026 hướng dẫn Nghị định 73/2026 ở đâu?","Ngày 25/3/2026, Bộ trưởng Bộ Tài chính ban hành  Thông tư 26/2026/TT-BTC  hướng dẫn  Nghị định 73/2026/NĐ-CP  hướng dẫn Luật Ngân sách nhà nước.

Phụ lục Thông tư 26 2026 hướng dẫn Nghị định 73 2026 gồm có:

- Phụ lục 1: Danh mục biểu mẫu

- Phụ lục 2: Danh mục mẫu quyết định giao toán dự án

- Phụ lục 3: Phương pháp xác định số thưởng vượt dự toán thu ngân sách trung ương cho từng địa phương.

>>>  Tải Phụ lục Thông tư 26/2026 hướng dẫn Nghị định 73/2026 tại đây.   Tải về

Tải Phụ lục Thông tư 26/2026 hướng dẫn Nghị định 73/2026 ở đâu? (Hình từ Internet)

Căn cứ theo Điều 7  Thông tư 26/2026/TT-BTC  quy định nguyên tắc phân cấp nguồn thu, nhiệm vụ chi giữa ngân sách các cấp ở địa phương như sau:

- Việc phân cấp nguồn thu, nhiệm vụ chi giữa ngân sách cấp tỉnh và ngân sách cấp xã thực hiện theo quy định tại Điều 9 và Điều 41  Luật Ngân sách nhà nước 2025 .

- Ngân sách cấp xã được phân cấp nguồn thu bảo đảm chủ động thực hiện nhiệm vụ chi được giao, khuyến khích tăng cường quản lý thu, chống thất thu. Nhiệm vụ chi gắn liền với vai trò của cấp chính quyền nào thì phân cấp cho ngân sách cấp đó thực hiện.

Bảo đảm tỷ lệ phần trăm (%) phân chia các khoản thu cho ngân sách cấp tỉnh và ngân sách cấp xã bằng tỷ lệ phần trăm (%) phân chia của từng khoản thu ngân sách địa phương được hưởng (bao gồm các khoản thu ngân sách địa phương hưởng 100% và các khoản thu phân chia giữa ngân sách trung ương và ngân sách địa phương).

Tại khoản 4 Điều 7  Nghị định 73/2026/NĐ-CP  quy trình tiếp nhận nguồn tài trợ, đóng góp tự nguyện cho ngân sách nhà nước như sau:

- Trường hợp tài trợ, đóng góp tự nguyện trực tiếp cho các bộ, cơ quan ngang bộ, cơ quan thuộc Chính phủ, cơ quan khác ở trung ương (sau đây gọi là các bộ, cơ quan trung ương) và ngân sách các cấp ở địa phương, Bộ trưởng, Thủ trưởng cơ quan trung ương, Chủ tịch Ủy ban nhân dân các cấp quyết định tổ chức tiếp nhận khoản tài trợ, đóng góp tự nguyện nêu nội dung tài trợ, đóng góp phù hợp với chức năng, nhiệm vụ được giao và đảm bảo các nguyên tắc quy định tại khoản 2 Điều 7  Nghị định 73/2026/NĐ-CP ;

- Trường hợp tài trợ, đóng góp tự nguyện trực tiếp cho cơ quan, đơn vị thuộc các bộ, cơ quan trung ương và các cơ quan, đơn vị không thuộc điểm a khoản này, Thủ trưởng cơ quan, đơn vị tự quyết định tiếp nhận khoản tài trợ, đóng góp tự nguyện bảo đảm nội dung tài trợ, đóng góp phù hợp với chức năng, nhiệm vụ được giao và các nguyên tắc quy định tại khoản 2 Điều 7  Nghị định 73/2026/NĐ-CP , đồng thời báo cáo cơ quan quản lý cấp trên trực tiếp về việc tiếp nhận.

Trường hợp phát hiện việc tiếp nhận nguồn tài trợ, đóng góp tự nguyện của đơn vị có dấu hiệu vi phạm các nguyên tắc quy định tại khoản 2 Điều này, chậm nhất là 10 ngày kể từ ngày nhận được báo cáo của cơ quan, đơn vị, tổ chức tiếp nhận nguồn tài trợ, đóng góp tự nguyện (sau đây gọi là đơn vị tiếp nhận), cơ quan quản lý cấp trên trực tiếp có văn bản tạm dừng việc tiếp nhận để kiểm tra, xác minh. Sau khi kết thúc quá trình kiểm tra, xác minh, cơ quan quản lý cấp trên trực tiếp có văn bản thông báo tiếp tục hoặc quyết định đình chỉ việc tiếp nhận, trong đó nêu rõ lý do và yêu cầu đơn vị tiếp nhận xử lý khoản tài trợ, đóng góp tự nguyện đã tiếp nhận (nếu có) theo quy định của pháp luật;

- Việc tiếp nhận phải được lập thành biên bản hoặc văn bản xác nhận giữa đơn vị tiếp nhận và bên tài trợ, đóng góp tự nguyện, trong đó nêu rõ các thông tin tên của tổ chức, cá nhân, mục đích, hình thức, nội dung và số tiền, hiện vật tài trợ, đóng góp tự nguyện.","","","","","2026-03-27","https://thuvienphapluat.vn/hoi-dap-phap-luat/tai-phu-luc-thong-tu-262026-huong-dan-nghi-dinh-732026-o-dau-138085032.html","2026-04-08T16:42:54.817725+00:00"
"138084943","Cho thuê quyền khai thác tài sản kết cấu hạ tầng thủy lợi là gì?","Căn cứ khoản 4 Điều 3  Nghị định 74/2026/NĐ-CP  quy định:

Điều 3. Giải thích từ ngữ

Trong Nghị định này, các từ ngữ dưới đây được hiểu như sau:

[...]

4. Cho thuê quyền khai thác tài sản kết cấu hạ tầng thủy lợi là việc Nhà nước (thông qua đối tượng được giao quản lý tài sản) chuyển giao có thời hạn quyền khai thác tài sản kết cấu hạ tầng thủy lợi cho tổ chức (bao gồm: đơn vị sự nghiệp công lập và doanh nghiệp) theo hợp đồng để nhận một khoản tiền tương ứng. Tổ chức nhận thuê quyền khai thác tài sản kết cấu hạ tầng thủy lợi thực hiện cung cấp các dịch vụ liên quan đến tài sản kết cấu hạ tầng thủy lợi và các dịch vụ khác theo quy định của pháp luật và hợp đồng ký kết.

[...]

Như vậy, cho thuê quyền khai thác tài sản kết cấu hạ tầng thủy lợi là việc Nhà nước (thông qua đối tượng được giao quản lý tài sản) chuyển giao có thời hạn quyền khai thác tài sản kết cấu hạ tầng thủy lợi cho tổ chức (bao gồm: đơn vị sự nghiệp công lập và doanh nghiệp) theo hợp đồng để nhận một khoản tiền tương ứng. Tổ chức nhận thuê quyền khai thác tài sản kết cấu hạ tầng thủy lợi thực hiện cung cấp các dịch vụ liên quan đến tài sản kết cấu hạ tầng thủy lợi và các dịch vụ khác theo quy định của pháp luật và hợp đồng ký kết.

Cho thuê quyền khai thác tài sản kết cấu hạ tầng thủy lợi là gì? (Hình từ Internet)

Theo khoản 9 Điều 18  Nghị định 74/2026/NĐ-CP  quy định hợp đồng cho thuê quyền khai thác tài sản kết cấu hạ tầng thủy lợi gồm các nội dung chủ yếu sau:

- Thông tin của Bên cho thuê quyền khai thác tài sản (cơ quan, đơn vị quản lý tài sản).

- Thông tin của Bên thuê quyền khai thác tài sản (tổ chức trúng đấu giá).

- Danh mục tài sản cho thuê quyền khai thác theo Mẫu số 02B tại Phụ lục kèm theo  Nghị định 74/2026/NĐ-CP .

- Thời hạn cho thuê quyền khai thác tài sản.

- Doanh thu khai thác tài sản từng năm trong thời hạn cho thuê trong phương án giá khởi điểm để đấu giá (sau đây gọi là doanh thu đối chiếu).

- Tiền thuê phải trả (hằng năm, một lần).

- Hình thức, thời hạn thanh toán tiền cho thuê quyền khai thác tài sản.

+ Trường hợp cho thuê quyền khai thác tài sản theo hình thức trả tiền thuê hằng năm thì thanh toán mỗi năm 01 lần chậm nhất là ngày 31 tháng 3 của năm sau. Bên thuê căn cứ quy định tại khoản 2 Điều 20  Nghị định 74/2026/NĐ-CP  để xác định và nộp tiền thuê hằng năm; trường hợp tại thời điểm nộp tiền thuê hằng năm mà Báo cáo tài chính chưa được kiểm toán (đối với doanh nghiệp) hoặc Báo cáo quyết toán năm chưa được xét duyệt, thẩm định (đối với đơn vị sự nghiệp công lập) theo quy định thì Bên thuê thực hiện tạm nộp tính trên doanh thu quyết toán của Bên thuê; trong thời hạn 30 ngày, kể từ ngày Báo cáo tài chính được kiểm toán (đối với doanh nghiệp) hoặc Báo cáo quyết toán năm được xét duyệt, thẩm định (đối với đơn vị sự nghiệp công lập) theo quy định, Bên thuê có trách nhiệm nộp bổ sung (trong trường hợp số tạm nộp nhỏ hơn số phải nộp), được giảm trừ số tiền nộp thừa (trong trường hợp số tạm nộp lớn hơn số phải nộp) vào tiền thuê phải nộp của năm sau.

Trường hợp năm đầu tiên và năm cuối cùng không đủ 12 tháng thì tiền cho thuê quyền khai thác tài sản của năm đầu tiên và năm cuối cùng được tính theo số tháng thuê theo hợp đồng của năm đó; trường hợp kết thúc thời hạn cho thuê quyền khai thác tài sản mà Báo cáo tài chính của năm cuối cùng chưa được kiểm toán (đối với doanh nghiệp) hoặc Báo cáo quyết toán năm cuối cùng chưa được xét duyệt, thẩm định (đối với đơn vị sự nghiệp công lập) theo quy định thì số tiền thanh toán của năm cuối cùng được tính trên cơ sở doanh thu thực tế do Bên thuê và Bên cho thuê xác định nhưng không thấp hơn số tiền thuê tương ứng của năm trước năm cuối cùng.

+ Trường hợp thanh toán tiền thuê quyền khai thác tài sản cho cả thời gian cho thuê quyền khai thác, giá trị thanh toán tối đa 02 lần trong vòng 90 ngày, kể từ ngày ký hợp đồng, trong đó lần 1 thanh toán tối thiểu 50% giá trị thuê quyền khai thác trong vòng 30 ngày, kể từ ngày ký hợp đồng; trường hợp giá trị thuê quyền khai thác trên 1.000 tỷ đồng thì được thanh toán tối đa 03 lần trong vòng 12 tháng, kể từ ngày ký hợp đồng, trong đó lần 1 thanh toán tối thiểu 40% giá trị thuê quyền khai thác trong vòng 60 ngày, kể từ ngày ký hợp đồng, lần 2 thanh toán tối thiểu 30% giá trị thuê quyền khai thác trong vòng 120 ngày, kể từ ngày ký hợp đồng.

- Thực hiện ký quỹ hoặc bảo lãnh ngân hàng để bảo đảm thực hiện hợp đồng (ngoài giá trị tiền thuê quyền khai thác tài sản theo hợp đồng):

+ Trường hợp áp dụng hình thức ký quỹ để bảo đảm thực hiện hợp đồng, mức tiền ký quỹ bằng 5% tổng giá trị tiền thuê của toàn bộ thời hạn cho thuê theo giá trúng đấu giá, do Bên thuê quyền khai thác tài sản gửi vào tài khoản phong tỏa tại một tổ chức tín dụng. Thời hạn gửi tiền ký quỹ vào tài khoản phong tỏa là 15 ngày, kể từ ngày ký hợp đồng. Thời gian ký quỹ tương ứng với thời hạn cho thuê quyền khai thác tài sản.

+ Số tiền ký quỹ được sử dụng để trừ vào nghĩa vụ mà Bên thuê phải trả cho các nghĩa vụ chưa hoàn thành (kể cả nghĩa vụ phát sinh do vi phạm hợp đồng liên quan đến việc bàn giao lại tài sản cho Bên cho thuê), phần còn thừa (nếu có) được xử lý theo quy định của pháp luật về dân sự.

+ Trường hợp áp dụng hình thức bảo lãnh ngân hàng để bảo đảm thực hiện hợp đồng, việc bảo lãnh ngân hàng thực hiện theo quy định của pháp luật về dân sự, pháp luật về bảo lãnh ngân hàng và pháp luật có liên quan, nhưng phải bảo đảm Bên bảo lãnh có trách nhiệm thực hiện đầy đủ nghĩa vụ tài chính thay cho Bên thuê (Bên được bảo lãnh) theo cam kết bảo lãnh khi Bên được bảo lãnh không thực hiện hoặc thực hiện không đầy đủ nghĩa vụ đã cam kết với Bên cho thuê (kể cả nghĩa vụ phát sinh do vi phạm hợp đồng liên quan đến việc bàn giao lại tài sản cho Bên cho thuê).

- Trách nhiệm, yêu cầu kỹ thuật bảo trì công trình thuộc tài sản kết cấu hạ tầng thủy lợi và các nội dung cần thiết khác liên quan đến công tác bảo trì.

- Thời hạn Bên cho thuê quyền khai thác tài sản bàn giao quyền khai thác tài sản cho Bên thuê; thời hạn Bên thuê bàn giao lại quyền khai thác tài sản cho Bên cho thuê.

- Xử lý trường hợp doanh thu khai thác thực tế có biến động lớn so với doanh thu đối chiếu trong trường hợp cho thuê quyền khai thác tài sản theo hình thức trả tiền thuê một lần cho cả thời gian thuê:

+ Hằng năm, trường hợp doanh thu thực tế từ việc khai thác tài sản nhận thuê theo Báo cáo tài chính đã được kiểm toán (đối với doanh nghiệp) hoặc Báo cáo quyết toán năm đã được xét duyệt, thẩm định (đối với đơn vị sự nghiệp công lập) theo quy định lớn hơn so với mức doanh thu đối chiếu từ 125% trở lên thì Bên thuê quyền khai thác tài sản phải nộp bổ sung 50% phần doanh thu tăng thêm trên 125% cho Bên cho thuê; trong đó, doanh thu đối chiếu là doanh thu khai thác tài sản của năm tương ứng của thời hạn cho thuê quyền khai thác tài sản trong phương án giá khởi điểm để đấu giá.

+ Bên cho thuê và Bên thuê quyền khai thác tài sản căn cứ Báo cáo tài chính đã được kiểm toán (đối với doanh nghiệp) hoặc Báo cáo quyết toán năm đã được xét duyệt, thẩm định (đối với đơn vị sự nghiệp công lập) để xác định số tiền Bên thuê phải nộp bổ sung (nếu có) cho Bên cho thuê vào ngân sách địa phương theo quy định của pháp luật về ngân sách nhà nước. Thời hạn thông báo và nộp tiền cho Bên cho thuê trong vòng 30 ngày, kể từ ngày xác định số tiền Bên thuê phải nộp bổ sung và chậm nhất là ngày 31 tháng 10 của năm sau liền kề với năm phát sinh doanh thu tăng thêm phải nộp bổ sung; riêng năm cuối cùng nộp tiền cho Bên cho thuê trước khi thanh lý hợp đồng.

- Điều kiện chấm dứt hợp đồng.

- Quyền và nghĩa vụ của các bên.

- Xử lý vi phạm hợp đồng, xử lý tranh chấp hợp đồng theo quy định của pháp luật về dân sự và pháp luật có liên quan.

- Xử lý trường hợp trong thời hạn cho thuê có thời hạn quyền khai thác tài sản theo hợp đồng mà phát sinh việc nâng cấp, mở rộng tài sản theo dự án sử dụng vốn nhà nước được cơ quan, người có thẩm quyền phê duyệt.

Tại khoản 5 Điều 20  Nghị định 74/2026/NĐ-CP  quy định căn cứ xác định giá khởi điểm để đấu giá chuyển nhượng có thời hạn quyền khai thác tài sản kết cấu hạ tầng thủy lợi gồm:

- Giá trị đầu tư bổ sung theo dự án nâng cấp, mở rộng tài sản được cơ quan, người có thẩm quyền phê duyệt. Trong đó, giá trị đầu tư bổ sung là phần giá trị do doanh nghiệp nhận chuyển nhượng có thời hạn quyền khai thác tài sản có trách nhiệm thực hiện theo dự án được cơ quan, người có thẩm quyền phê duyệt.

- Doanh thu ước tính, chi phí ước tính từ việc khai thác tài sản trong thời gian chuyển nhượng có thời hạn quyền khai thác tài sản.

- Chứng thư thẩm định giá và Báo cáo thẩm định giá của doanh nghiệp thẩm định giá theo quy định của pháp luật về giá hoặc kết quả xác định giá của Hội đồng xác định giá quy định tại khoản 6 Điều 20  Nghị định 74/2026/NĐ-CP . Việc sử dụng Chứng thư thẩm định giá và Báo cáo thẩm định giá của doanh nghiệp thẩm định giá thực hiện theo quy định của pháp luật về giá.","","","","","2026-03-27","https://thuvienphapluat.vn/hoi-dap-phap-luat/cho-thue-quyen-khai-thac-tai-san-ket-cau-ha-tang-thuy-loi-la-gi-138084943.html","2026-04-08T16:42:59.151107+00:00"
