"id","title","content","category","doc_type","doc_number","agency","published_date","url","crawled_at"
"138091278","Điều chỉnh giá xăng ngày 22/5/2026 trên cả nước giá xăng dầu tăng hay giảm như thế nào?","Điều chỉnh giá xăng ngày 22/5/2026 trên cả nước giá xăng dầu tăng hay giảm như thế nào?

Giá xăng dầu có được cao hơn giá cơ sở do Bộ Công thương công bố không?

Thời gian điều hành giá xăng dầu trùng Tết Nguyên Đán thì thực hiện như thế nào?

Giá xăng ngày 22/5/2026 trên cả nước được giữ nguyên theo mức giá như sau:

- Xăng E5RON92 không cao hơn 24.340 đồng/lít

- Xăng RON95-III không cao hơn 25.549 đồng/lít

Xem thêm giá xăng ngày 22 5 2026 trên cả nước do Petrolimex công bố như sau:

Mặt hàng

Đơn vị tính (Đã bao gồm thuế GTGT)

Vùng 1 (đồng/lít, kg)

Vùng 2 (đồng/lít, kg)

Xăng không chì RON 95-V

Đồng/lít

26.440

26.960

Xăng không chì RON 95-III

Đồng/lít

25.540

26.050

Xăng E10 RON 95-V

Đồng/lít

25.950

26.460

Xăng sinh học E10 RON 95-III

Đồng/lít

25.050

25.550

Xăng sinh học E5 RON 92-II

Đồng/lít

24.340

24.820

Xem thêm giá xăng ngày 22 5 2026 trên cả nước do PVOIL (Petrovietnam) công bố như sau:

TT

Mặt hàng

Giá xăng

1

Xăng RON 95-III

25.540

2

Xăng E10 RON 95-III

25.050

3

Xăng E5 RON 92-II

24.340

Căn cứ tại Công văn 3607/BCT-TTTN năm 2026 TẢI VỀ về điều hành kinh doanh xăng dầu, mức trích lập và chi sử dụng Quỹ bình ổn giá xăng dầu (BOG) từ 15 giờ 00 phút ngày 21/5/2026 như sau:

*Trên đây là thông tin Điều chỉnh giá xăng ngày 22 5 2026 trên cả nước giá xăng dầu tăng hay giảm như thế nào?

Điều chỉnh giá xăng ngày 22 5 2026 trên cả nước giá xăng dầu tăng hay giảm như thế nào? (Hình từ Internet)

Căn cứ tại khoản 2 Điều 38 Nghị định 83/2014/NĐ-CP được sửa đỏi bởi khoản 27 Điều 1 Nghị định 95/2021/NĐ-CP và khoản 11 Điều 1 Nghị định 80/2023/NĐ-CP quy định về nguyên tắc điều hành giá xăng dầu như sau:

Theo đó, Thương nhân đầu mối kinh doanh xăng dầu và thương nhân phân phối xăng dầu được quyền quyết định giá bán buôn. Căn cứ vào tình hình thực tế tại doanh nghiệp, thương nhân đầu mối kinh doanh xăng dầu và thương nhân phân phối xăng dầu quyết định giá bán lẻ xăng dầu (riêng dầu madút là giá bán buôn) trong hệ thống phân phối của mình phù hợp với chi phí phát sinh thực tế tại doanh nghiệp và không cao hơn giá điều hành do cơ quan nhà nước có thẩm quyền công bố.

Đối với các địa bàn xa cảng, xa kho đầu mối, xa cơ sở sản xuất xăng dầu, nếu có chi phí thực tế phát sinh hợp lý, hợp lệ (đã được kiểm toán) tăng cao dẫn đến giá bán cao hơn giá điều hành, thương nhân đầu mối kinh doanh xăng dầu được quyết định giá bán thực tế tại địa bàn đó (đã được thông báo với Bộ Công Thương) để bù đắp chi phí phát sinh nhưng không vượt quá 2% giá điều hành công bố cùng thời điểm.

Các thương nhân đầu mối kinh doanh xăng dầu, thương nhân phân phối xăng dầu có trách nhiệm thông báo giá bán với Bộ Công Thương, Bộ Tài chính ngay sau khi quyết định giá bán xăng dầu của doanh nghiệp.

Căn cứ tại Điều 38 Nghị định 83/2014/NĐ-CP được sửa đỏi bởi khoản 27 Điều 1 Nghị định 95/2021/NĐ-CP và khoản 11 Điều 1 Nghị định 80/2023/NĐ-CP quy định trường hợp thời gian điều hành giá trùng vào dịp nghỉ Tết Nguyên Đán thì được thực hiện như sau: Nếu ngày thứ Năm trùng vào ngày cuối cùng của năm Âm lịch (29 hoặc 30 Tết Nguyên Đán), việc điều hành giá xăng dầu được thực hiện vào ngày thứ Tư liền kề trước đó. Nếu thứ Năm là ngày mùng 1, mùng 2 hoặc mùng 3 Tết, thời gian điều hành giá xăng dầu được thực hiện vào ngày mùng 4 Tết.

Trường hợp giá các mặt hàng xăng dầu có biến động bất thường, ảnh hưởng đến phát triển kinh tế - xã hội và đời sống nhân dân, Bộ Công Thương có trách nhiệm báo cáo Thủ tướng Chính phủ xem xét, quyết định thời gian điều hành giá xăng dầu cho phù hợp.

*Bài viết Điều chỉnh giá xăng ngày 22 5 2026 trên cả nước giá xăng dầu tăng hay giảm như thế nào?

[...]

1. Quỹ Bình ổn giá xăng dầu

1.1. Trích lập Quỹ Bình ổn giá xăng dầu (nguồn tạm ứng từ ngân sách nhà nước)

- Xăng sinh học: 0 đồng/lít;

- Xăng không chì: 0 đồng/lít;

- Dầu điêzen: 0 đồng/lít;

- Dầu madút: 0 đồng/kg.

1.2. Chi sử dụng Quỹ Bình ổn giá xăng dầu (nguồn tạm ứng từ ngân sách nhà nước)

- Xăng sinh học: 0 đồng/lít;

- Xăng không chì: 0 đồng/lít;

- Dầu điêzen: 0 đồng/lít;

- Dầu madút: 0 đồng/kg.

2. Giá bán xăng dầu

Sau khi thực hiện việc trích lập và chi sử dụng Quỹ Bình ổn giá xăng dầu đối với các mặt hàng xăng dầu như tại Mục 1 nêu trên, giá bán các mặt hàng xăng dầu tiêu dùng phổ biến trên thị trường không cao hơn mức giá:

- Xăng E5RON92: không cao hơn 24.340 đồng/lít;

- Xăng RON95-III: không cao hơn 25.549 đồng/lít;

- Dầu điêzen 0.05S: không cao hơn 28.761 đồng/lít;

- Dầu madút 180CST 3.5S: không cao hơn 21.483 đồng/kg.

3. Thời gian thực hiện

- Trích lập và chi sử dụng Quỹ Bình ổn giá xăng dầu đối với các mặt hàng xăng dầu tại Mục 1 nêu trên: Áp dụng từ 15 giờ 00' ngày 21 tháng 5 năm 2026.

[...]

Điều 38. Nguyên tắc điều hành giá xăng dầu

1. Giá bán xăng dầu được thực hiện theo cơ chế thị trường, có sự điều tiết của Nhà nước, phù hợp với diễn biến giá xăng dầu thế giới và tình hình kinh tế xã hội trong từng thời kỳ.

2. Thương nhân đầu mối kinh doanh xăng dầu và thương nhân phân phối xăng dầu được quyền quyết định giá bán buôn. Căn cứ vào tình hình thực tế tại doanh nghiệp, thương nhân đầu mối kinh doanh xăng dầu và thương nhân phân phối xăng dầu quyết định giá bán lẻ xăng dầu (riêng dầu madút là giá bán buôn) trong hệ thống phân phối của mình phù hợp với chi phí phát sinh thực tế tại doanh nghiệp và không cao hơn giá điều hành do cơ quan nhà nước có thẩm quyền công bố.

Đối với các địa bàn xa cảng, xa kho đầu mối, xa cơ sở sản xuất xăng dầu, nếu có chi phí thực tế phát sinh hợp lý, hợp lệ (đã được kiểm toán) tăng cao dẫn đến giá bán cao hơn giá điều hành, thương nhân đầu mối kinh doanh xăng dầu được quyết định giá bán thực tế tại địa bàn đó (đã được thông báo với Bộ Công Thương) để bù đắp chi phí phát sinh nhưng không vượt quá 2% giá điều hành công bố cùng thời điểm.

Các thương nhân đầu mối kinh doanh xăng dầu, thương nhân phân phối xăng dầu có trách nhiệm thông báo giá bán với Bộ Công Thương, Bộ Tài chính ngay sau khi quyết định giá bán xăng dầu của doanh nghiệp.

3. Thời gian điều hành giá xăng dầu

Thời gian điều hành giá xăng dầu được thực hiện vào ngày thứ Năm hàng tuần.

[...]","tai-nguyen-moi-truong","","","","2026-05-22T00:00:00","https://thuvienphapluat.vn/hoi-dap-phap-luat/dieu-chinh-gia-xang-ngay-2252026-tren-ca-nuoc-gia-xang-dau-tang-hay-giam-nhu-the-nao-138091278.html","2026-05-21T20:26:40.170975+00:00"
"138091494","CHÍNH THỨC Giá xăng dầu ngày 22 tháng 5 năm 2026 từ 0h Petrolimex, PVOIL đã tăng lên bao nhiêu?","CHÍNH THỨC Giá xăng dầu ngày 22 tháng 5 năm 2026 từ 0h Petrolimex, PVOIL đã tăng lên bao nhiêu?

Toàn bộ mức chi và trích lập Quỹ Bình ổn giá xăng dầu ngày 22 5 2026 là bao nhiêu?

Thứ mấy Bộ Công thưng công bố điều chỉnh giá xăng dầu trong nước định kỳ?

Cập nhật chính thức giá xăng dầu ngày 22 tháng 5 năm 2026 từ 0h hôm nay đã áp dụng giá mới theo Công văn 3607/BCT-TTTN năm 2026 được Bộ Công thương công bố và có hiệu lực từ lúc 15h00 ngày 21/5/2026

TẢI VỀ

Trong đó Bộ Công Thương công bố giá cơ sở các mặt hàng xăng dầu tiêu dùng phổ biến trên thị trường, với mức tăng như sau:

Mặt hàng

Giá cơ sở kỳ trước liền kề, ngày 14/5/2026 (đồng/lít,kg)

Giá cơ sở hiện hành (đồng/lít,kg)

Mức tăng giữa 2 kỳ (đồng/lít,kg)

Xăng E5RON92

23.134

24.340

+1.206

Xăng RON95-III

24.078

25.549

+1.471

Dầu điêzen 0.05S

27.226

28.761

+1.535

Dầu madút 180CST 3.5S

20.585

21.483

+898

Căn cứ dựa trên giá Bộ Công thương công bố, dưới đây là giá Giá xăng dầu ngày 22 tháng 5 năm 2026 từ 0h Petrolimex, PVOIL:

Mặt hàng

Đơn vị tính (Đã bao gồm thuế GTGT)

Petrolimex Vùng 1

Petrolimex Vùng 2

PVOIL

Xăng không chì RON 95-V

Đồng/lít

26.440

26.960

-

Xăng không chì RON 95-III

Đồng/lít

25.540

26.050

25.540

Xăng sinh học E10 RON 95-V

Đồng/lít

25.950

26.460

-

Xăng sinh học E10 RON 95-III

Đồng/lít

25.050

25.550

25.050

Xăng sinh học E5 RON 92-II

Đồng/lít

24.340

24.820

24.340

Điêzen 0,001S-V

Đồng/lít

30.020

30.620

30.020

Điêzen 0,05S-II

Đồng/lít

28.760

29.330

28.760

Dầu hỏa 2 - K

Đồng/lít

28.360

28.920

-

Mazút N°2B (3,5S)

Đồng/kg

21.480

21.900

-

Mazút 180cst - 0,5S (RMG)

Đồng/kg

24.580

25.070

-

Ghi chú: Trên đây là giá bán lẻ, riêng mức giá của mặt hàng Mazút là giá bán buôn.

CHÍNH THỨC Giá xăng dầu ngày 22 tháng 5 năm 2026 từ 0h Petrolimex, PVOIL đã tăng lên bao nhiêu? (Hình từ Internet)

Theo nội dung tại Công văn 3607/BCT-TTTN năm 2026, Bộ Công Thương và Bộ Tài chính quyết định mức trích lập và chi Quỹ Bình ổn giá xăng dầu ngày 22 5 2026 như sau:

[1] Trích lập Quỹ Bình ổn giá xăng dầu (nguồn tạm ứng từngân sách nhà nước)

- Xăng sinh học: 0 đồng/lít;

- Xăng không chì: 0 đồng/lít;

- Dầu điêzen: 0 đồng/lít;

- Dầu madút: 0 đồng/kg.

[2] Chỉ sử dụng Quỹ Bình ổn giá xăng dầu (nguồn tạm ứng từ ngân sách nhà nước)

- Xăng sinh học: 0 đồng/lít;

- Xăng không chì: 0 đồng/lít;

- Dầu điêzen: 0 đồng/lít;

- Dầu madút: 0 đồng/kg.

Theo Điều 38 Nghị định 83/2014/NĐ-CP, sửa đổi tại khoản 27 Điều 1 Nghị định 95/2021/NĐ-CP và khoản 11 Điều 1 Nghị định 80/2023/NĐ-CP quy định như sau:

Như vậy, lịch công bố điều chỉnh giá xăng dầu định kỳ được thực hiện vào ngày thứ Năm hằng tuần theo quy định hiện hành.

Trường hợp trùng với dịp lễ, Tết hoặc có biến động bất thường của thị trường, thời gian điều hành sẽ được điều chỉnh linh hoạt sang ngày liền kề phù hợp hoặc theo quyết định của cơ quan có thẩm quyền.

Điều 38. Nguyên tắc điều hành giá xăng dầu

[...]

3. Thời gian điều hành giá xăng dầu

Thời gian điều hành giá xăng dầu được thực hiện vào ngày thứ Năm hàng tuần.

Trường hợp thời gian điều hành giá trùng vào dịp nghỉ Tết Nguyên Đán thì được thực hiện như sau: Nếu ngày thứ Năm trùng vào ngày cuối cùng của năm Âm lịch (29 hoặc 30 Tết Nguyên Đán), việc điều hành giá xăng dầu được thực hiện vào ngày thứ Tư liền kề trước đó. Nếu thứ Năm là ngày mùng 1, mùng 2 hoặc mùng 3 Tết, thời gian điều hành giá xăng dầu được thực hiện vào ngày mùng 4 Tết.

Trường hợp thời gian điều hành giá trùng với ngày nghỉ lễ theo quy định thì được thực hiện như sau: Nếu ngày thứ Năm trùng với ngày đầu tiên dịp nghỉ lễ, thời gian điều hành giá xăng dầu được thực hiện vào ngày thứ Tư liền kề trước đó. Nếu ngày thứ Năm trùng vào các ngày nghỉ lễ còn lại, thời gian điều hành giá xăng dầu được thực hiện vào ngày làm việc đầu tiên sau kỳ nghỉ lễ.

Trường hợp giá các mặt hàng xăng dầu có biến động bất thường, ảnh hưởng đến phát triển kinh tế - xã hội và đời sống nhân dân, Bộ Công Thương có trách nhiệm báo cáo Thủ tướng Chính phủ xem xét, quyết định thời gian điều hành giá xăng dầu cho phù hợp.","tai-nguyen-moi-truong","","","","2026-05-22T00:00:00","https://thuvienphapluat.vn/hoi-dap-phap-luat/chinh-thuc-gia-xang-dau-ngay-22-thang-5-nam-2026-tu-0h-petrolimex-pvoil-da-tang-len-bao-nhieu-138091494.html","2026-05-21T20:26:47.496550+00:00"
"138091460","Giá xăng dầu hôm nay 22/5/2026 E10, E5, RON95, dầu diesel bao nhiêu tiền 1 lít?","Giá xăng dầu hôm nay 22 5 2026 E10 E5 RON95 dầu diesel bao nhiêu tiền 1 lít?

Quyền công bố điều chỉnh giá bán lẻ xăng dầu thuộc về thương nhân phân phối đúng không?

Việc pha chế xăng dầu hiện nay được thực hiện ở đâu?

>>> Giá xăng dầu Petrolimex hôm nay 22/5/2026 điều chỉnh 34 tỉnh thành bao nhiêu 1 lít?

>>> Điều chỉnh giá xăng ngày 22/5/2026 trên cả nước giá xăng dầu tăng hay giảm như thế nào?

>>> Bảng giá xăng dầu từ 00h00 ngày 22/5/2026 Petrolimex, PVOIL, Petrovietnam tại các cửa hàng bán lẻ bao nhiêu tiền 1 lít?

>>> Giá xăng dầu hôm nay 22/5/2026 E10, E5, RON95, dầu diesel bao nhiêu tiền 1 lít?

>>> Điều chỉnh bảng giá xăng RON95 Petrolimex ngày 22/5/2026 tăng giảm bao nhiêu tiền 1 lít xăng?

>>> MỚI NHẤT bảng giá xăng E10, E5 ngày 22/5/2026 PETROLIMEX điều chỉnh tăng giảm bao nhiêu tiền 1 lít?

>>> CHỐT giá xăng E5 E10 chính thức ngày 22/5/2026 bao nhiêu tiền 1 lít?

>>> CHÍNH THỨC Giá xăng dầu ngày 22 tháng 5 năm 2026 từ 0h Petrolimex, PVOIL đã tăng lên bao nhiêu?

Giá xăng dầu hôm nay 22/5/2026 E5, E10, RON95, dầu diesel được điều hành bởi Bộ Công Thương tại Công văn 3607/BCT-TTTN năm 2026 TẢI VỀ về thông báo giá cơ sở áp dụng cho các mặt hàng xăng dầu.

Theo đó, Mới nhất bảng giá xăng dầu 22/5/2026 E10 E5 RON95 dầu diesel như sau:

Đơn vị: đồng/lít

Sản phẩm

Vùng 1

Vùng 2

Xăng RON 95-V

26.440

26.960

Xăng RON 95-III

25.540

26.050

Xăng E10 RON 95-V

25.950

26.460

Xăng E10 RON 95-III

25.050

25.550

Xăng E5 RON 92-II

24.340

24.820

DO 0,001S-V

30.020

30.620

DO 0,05S-II

28.760

29.330

Dầu hỏa 2-K

28.360

28.920

Ghi chú:

+ Mức giá trên là giá bán lẻ; Riêng mặt hàng Mazút là giá bán buôn; Các mặt hàng Xăng và DO không chịu thuế GTGT.

>>> Chi tiết Bảng giá bán cơ sở các mặt hàng xăng dầu tiêu dùng phổ biến trên thị trường:

Mặt hàng

Giá (đơn vị: đồng/lít, kg)

So với kỳ trước

Xăng RON 95-III

25.549

+1.471

Xăng E5 RON 92

24.340

+1.206

Dầu điêzen 0.05S

28.761

+1.535

Dầu madút 180CST 3.5S

21.483

+898

(Bảng giá xăng dầu mới nhất được Bộ Công thương niêm yết lúc 15h ngày 21/5/2026)

***

* Trên đây là Thông tin về Giá xăng dầu hôm nay 22 5 2026 E10 E5 RON95 dầu diesel bao nhiêu tiền 1 lít?

Giá xăng dầu hôm nay 22 5 2026 E10 E5 RON95 dầu diesel bao nhiêu tiền 1 lít? (Hình từ Internet)

Căn cứ theo Điều 38 Nghị định 83/2014/NĐ-CP được sửa đổi bổ sung bởi khoản 27 Điều 1 Nghị định 95/2021/NĐ-CP quy định về nguyên tắc điều hành giá xăng dầu như sau:

Như vậy, thương nhân phân phối có quyền công bố điều chỉnh giá bán lẻ xăng dầu phù hợp với chi phí phát sinh thực tế tại doanh nghiệp và không cao hơn giá điều hành do cơ quan nhà nước có thẩm quyền công bố.

Căn cứ tại Điều 12 Nghị định 83/2014/NĐ-CP được sửa đổi bởi khoản 5 Điều 1 Nghị định 95/2021/NĐ-CP quy định về pha chế xăng dầu như sau:

Như vậy, việc pha chế xăng dầu được thực hiện tại một trong những địa điểm sau đây:

- Nơi sản xuất

- Xưởng pha chế

- Kho xăng dầu phục vụ cho nhu cầu xăng dầu nội địa của thương nhân đầu mối.

Trên đây là Thông tin về Giá xăng dầu hôm nay 22 5 2026 E10 E5 RON95 dầu diesel bao nhiêu tiền 1 lít?

Điều 38. Nguyên tắc điều hành giá xăng dầu

1. Giá bán xăng dầu được thực hiện theo cơ chế thị trường, có sự điều tiết của Nhà nước, phù hợp với diễn biến giá xăng dầu thế giới và tình hình kinh tế xã hội trong từng thời kỳ.

2. Thương nhân đầu mối kinh doanh xăng dầu và thương nhân phân phối xăng dầu được quyền quyết định giá bán buôn. Căn cứ vào tình hình thực tế tại doanh nghiệp, thương nhân đầu mối kinh doanh xăng dầu và thương nhân phân phối xăng dầu quyết định giá bán lẻ xăng dầu (riêng dầu madút là giá bán buôn) trong hệ thống phân phối của mình phù hợp với chi phí phát sinh thực tế tại doanh nghiệp và không cao hơn giá điều hành do cơ quan nhà nước có thẩm quyền công bố.

Đối với các địa bàn xa cảng, xa kho đầu mối, xa cơ sở sản xuất xăng dầu, nếu có chi phí thực tế phát sinh hợp lý, hợp lệ (đã được kiểm toán) tăng cao dẫn đến giá bán cao hơn giá điều hành, thương nhân đầu mối kinh doanh xăng dầu được quyết định giá bán thực tế tại địa bàn đó (đã được thông báo với Bộ Công Thương) để bù đắp chi phí phát sinh nhưng không vượt quá 2% giá điều hành công bố cùng thời điểm.

Các thương nhân đầu mối kinh doanh xăng dầu, thương nhân phân phối xăng dầu có trách nhiệm thông báo giá bán với Bộ Công Thương, Bộ Tài chính ngay sau khi quyết định giá bán xăng dầu của doanh nghiệp.

[...]

Điều 12. Pha chế xăng dầu

1. Chỉ thương nhân đầu mối được pha chế xăng dầu; pha chế xăng dầu được thực hiện tại nơi sản xuất, xưởng pha chế hoặc kho xăng dầu phục vụ cho nhu cầu xăng dầu nội địa của thương nhân đầu mối.

Thương nhân thuộc các thành phần kinh tế được pha chế xăng dầu trong kho ngoại quan xăng dầu.

2. Trong thời hạn một (01) năm kể từ ngày được cấp Giấy xác nhận đủ điều kiện làm thương nhân đầu mối kinh doanh xăng dầu, thương nhân đầu mối kinh doanh xăng dầu thực hiện pha chế các sản phẩm xăng dầu phải có phòng thử nghiệm đủ năng lực để kiểm tra chất lượng xăng dầu theo quy chuẩn kỹ thuật quốc gia.

3. Thương nhân đầu mối thực hiện pha chế xăng dầu phải đăng ký cơ sở pha chế theo hướng dẫn của Bộ Khoa học và Công nghệ.","tai-nguyen-moi-truong","","","","2026-05-22T00:00:00","https://thuvienphapluat.vn/hoi-dap-phap-luat/gia-xang-dau-hom-nay-2252026-e10-e5-ron95-dau-diesel-bao-nhieu-tien-1-lit-138091460.html","2026-05-21T20:26:56.773861+00:00"
"138091459","Bảng giá xăng dầu từ 00h00 ngày 22/5/2026 Petrolimex, PVOIL, Petrovietnam tại các cửa hàng bán lẻ bao nhiêu tiền 1 lít?","Bảng giá xăng dầu từ 00h00 ngày 22 5 2026 Petrolimex PVOIL Petrovietnam tại các cửa hàng bán lẻ bao nhiêu tiền 1 lít?

Đại lý bán lẻ xăng dầu được ký hợp đồng đại lý cho tối đa bao nhiêu thương nhân?

Thương nhân phân phối có quyền quyết định giá bán lẻ xăng dầu không?

>>> Giá xăng dầu Petrolimex hôm nay 22/5/2026 điều chỉnh 34 tỉnh thành bao nhiêu 1 lít?

>>> Điều chỉnh giá xăng ngày 22/5/2026 trên cả nước giá xăng dầu tăng hay giảm như thế nào?

>>> Bảng giá xăng dầu từ 00h00 ngày 22/5/2026 Petrolimex, PVOIL, Petrovietnam tại các cửa hàng bán lẻ bao nhiêu tiền 1 lít?

>>> Giá xăng dầu hôm nay 22/5/2026 E10, E5, RON95, dầu diesel bao nhiêu tiền 1 lít?

>>> Điều chỉnh bảng giá xăng RON95 Petrolimex ngày 22/5/2026 tăng giảm bao nhiêu tiền 1 lít xăng?

>>> MỚI NHẤT bảng giá xăng E10, E5 ngày 22/5/2026 PETROLIMEX điều chỉnh tăng giảm bao nhiêu tiền 1 lít?

>>> CHỐT giá xăng E5 E10 chính thức ngày 22/5/2026 bao nhiêu tiền 1 lít?

>>> CHÍNH THỨC Giá xăng dầu ngày 22 tháng 5 năm 2026 từ 0h Petrolimex, PVOIL đã tăng lên bao nhiêu?

Bảng giá xăng dầu từ 00h00 hôm nay 22/5 Petrolimex, PVOIL Petrovietnam tại các cửa hàng bán lẻ dựa theo sự điều hành của Bộ Công Thương tại Công văn 3607/BCT-TTTN năm 2026 TẢI VỀ đến khi có kỳ điều hành kế tiếp.

>>> Dưới đây là Bảng giá xăng dầu từ 00h00 hôm nay 22/5 Petrolimex, PVOIL Petrovietnam tại các cửa hàng bán lẻ:

[1] PETROLIMEX

Sản phẩm

Vùng 1

Vùng 2

Xăng RON 95-V

26.440

26.960

Xăng RON 95-III

25.540

26.050

Xăng E10 RON 95-V

25.950

26.460

Xăng E10 RON 95-III

25.050

25.550

Xăng E5 RON 92-II

24.340

24.820

DO 0,001S-V

30.020

30.620

DO 0,05S-II

28.760

29.330

Dầu hỏa 2-K

28.360

28.920

Ghi chú:

+ Mức giá trên là giá bán lẻ; Riêng mặt hàng Mazút là giá bán buôn; Các mặt hàng Xăng và DO không chịu thuế GTGT.

[2] PVOIL, PETROVIETNAM

STT

Mặt hàng xăng dầu

Giá điều chỉnh lúc 15:00 ngày 21/5/2026(Đồng/lít thực tế)

1

Xăng RON 95-III

25.540 đ

2

Xăng E10 RON 95-III

25.050 đ

3

Xăng E5 RON 92-II

24.340 đ

4

Dầu DO 0,05S-II

28.760 đ

5

Dầu DO 0,001S-V

30.020 đ

(Giá trên đã bao gồm thuế GTGT và thuế môi trường)

>>> Giá bán cơ sở các mặt hàng xăng dầu tiêu dùng phổ biến áp dụng cho các cây xăng trên toàn quốc như sau:

Mặt hàng

Giá (đơn vị: đồng/lít, kg)

So với kỳ trước

Xăng RON 95-III

25.549

+1.471

Xăng E5 RON 92

24.340

+1.206

Dầu điêzen 0.05S

28.761

+1.535

Dầu madút 180CST 3.5S

21.483

+898

(Bảng giá xăng dầu mới nhất được Bộ Công thương niêm yết lúc 15h ngày 21/5/2026)

Trong đó:

* Trích lập Quỹ Bình ổn giá xăng dầu (nguồn tạm ứng từ ngân sách nhà nước): 0 đồng/lít

* Chi sử dụng Quỹ Bình ổn giá xăng dầu (nguồn tạm ứng từ ngân sách nhà nước): 0 đồng/lít

Như vậy, Bảng giá xăng dầu hôm nay 22 5 tại các cây xăng trên toàn quốc Petrolimex, PVOIL, Petrovietnam sau khi điều chỉnh theo giá cơ sở niêm yết của Bộ Công Thương.

***

* Trên đây là Thông tin về Bảng giá xăng dầu từ 00h00 ngày 22 5 2026 bảng giá xăng dầu Petrolimex, bảng giá xăng dầu PVOIL, bảng giá xăng dầu Petrovietnam bán lẻ bao nhiêu tiền 1 lít?

Bảng giá xăng dầu từ 00h00 ngày 22 5 2026 Petrolimex PVOIL Petrovietnam tại các cửa hàng bán lẻ bao nhiêu tiền 1 lít? (Hình từ Internet)

Căn cứ tại khoản 2 Điều 21 Nghị định 83/2014/NĐ-CP sửa đổi bởi khoản 7 Điều 1 Nghị định 80/2023/NĐ-CP quy định về quyền và nghĩa vụ của đại lý bán lẻ xăng dầu như sau:

Như vậy, chỉ được ký hợp đồng đại lý bán lẻ xăng dầu cho tối đa ba (03) thương nhân là thương nhân phân phối xăng dầu hoặc thương nhân đầu mối kinh doanh xăng dầu.

Căn cứ theo Điều 38 Nghị định 83/2014/NĐ-CP được sửa đổi bổ sung bởi khoản 27 Điều 1 Nghị định 95/2021/NĐ-CP quy định về nguyên tắc điều hành giá xăng dầu như sau:

Như vậy, thương nhân phân phối có quyền quyết định giá bán lẻ xăng dầu phù hợp với chi phí phát sinh thực tế tại doanh nghiệp và không cao hơn giá điều hành do cơ quan nhà nước có thẩm quyền công bố.

Trên đây là Thông tin về Bảng giá xăng dầu từ 00h00 ngày 22 5 bảng giá xăng dầu Petrolimex, bảng giá xăng dầu PVOIL, bảng giá xăng dầu Petrovietnam bán lẻ bao nhiêu tiền 1 lít?

Điều 21. Quyền và nghĩa vụ của đại lý bán lẻ xăng dầu

1. Được bán lẻ xăng dầu tại cửa hàng bán lẻ xăng dầu của mình theo giá bán lẻ do thương nhân đầu mối hoặc thương nhân phân phối xăng dầu quy định.

Được kinh doanh xăng dầu theo hình thức là bên đại lý cho tổng đại lý hoặc thương nhân phân phối xăng dầu hoặc thương nhân đầu mối và được hưởng thù lao đại lý.

2. Chỉ được ký hợp đồng làm đại lý bán lẻ xăng dầu cho tối đa ba (03) thương nhân là thương nhân phân phối xăng dầu hoặc thương nhân đầu mối kinh doanh xăng dầu.

3. Thương nhân đã ký hợp đồng làm đại lý bán lẻ xăng dầu cho ba (03) thương nhân là thương nhân phân phối xăng dầu hoặc thương nhân đầu mối kinh doanh xăng dầu, không được ký thêm hợp đồng làm đại lý bán lẻ xăng dầu cho thương nhân phân phối xăng dầu hoặc thương nhân đầu mối kinh doanh xăng dầu khác. Đại lý bán lẻ xăng dầu phải nằm trong hệ thống phân phối của thương nhân phân phối xăng dầu hoặc thương nhân đầu mối kinh doanh xăng dầu và chịu sự kiểm soát của thương nhân đó.

[...]

Điều 38. Nguyên tắc điều hành giá xăng dầu

1. Giá bán xăng dầu được thực hiện theo cơ chế thị trường, có sự điều tiết của Nhà nước, phù hợp với diễn biến giá xăng dầu thế giới và tình hình kinh tế xã hội trong từng thời kỳ.

2. Thương nhân đầu mối kinh doanh xăng dầu và thương nhân phân phối xăng dầu được quyền quyết định giá bán buôn. Căn cứ vào tình hình thực tế tại doanh nghiệp, thương nhân đầu mối kinh doanh xăng dầu và thương nhân phân phối xăng dầu quyết định giá bán lẻ xăng dầu (riêng dầu madút là giá bán buôn) trong hệ thống phân phối của mình phù hợp với chi phí phát sinh thực tế tại doanh nghiệp và không cao hơn giá điều hành do cơ quan nhà nước có thẩm quyền công bố.

Đối với các địa bàn xa cảng, xa kho đầu mối, xa cơ sở sản xuất xăng dầu, nếu có chi phí thực tế phát sinh hợp lý, hợp lệ (đã được kiểm toán) tăng cao dẫn đến giá bán cao hơn giá điều hành, thương nhân đầu mối kinh doanh xăng dầu được quyết định giá bán thực tế tại địa bàn đó (đã được thông báo với Bộ Công Thương) để bù đắp chi phí phát sinh nhưng không vượt quá 2% giá điều hành công bố cùng thời điểm.

Các thương nhân đầu mối kinh doanh xăng dầu, thương nhân phân phối xăng dầu có trách nhiệm thông báo giá bán với Bộ Công Thương, Bộ Tài chính ngay sau khi quyết định giá bán xăng dầu của doanh nghiệp.

[...]","tai-nguyen-moi-truong","","","","2026-05-22T00:00:00","https://thuvienphapluat.vn/hoi-dap-phap-luat/bang-gia-xang-dau-tu-00h00-ngay-2252026-petrolimex-pvoil-petrovietnam-tai-cac-cua-hang-ban-le-bao-n-138091459.html","2026-05-21T20:27:05.521465+00:00"
"138091238","CHỐT giá xăng dầu ngày 21/5/2026 từ 22h00 tăng giảm như thế nào?","CHỐT giá xăng dầu ngày 21 5 2026 từ 22h00 tăng giảm như thế nào?

Cơ quan nào có trách nhiệm công bố trên trang thông tin điện tử về số dư Quỹ bình ổn giá xăng dầu hàng quý?

Nguyên tắc điều hành giá xăng dầu thực hiện ra sao?

Hiện nay giá xăng dầu ngày 21/5/2026 từ 22h00 vẫn được áp dụng theo Công văn 3392/BCT-TTTN năm 2026.

Công văn 3392/BCT-TTTN năm 2026 về điều hành kinh doanh xăng dầu, mức trích lập và chi sử dụng Quỹ bình ổn giá xăng dầu (BOG) từ 15 giờ 00 phút ngày 14/5/2026 như sau:

Tính đến 22h00 ngày 21/5/2026 thì giá xăng vẫn được áp dụng theo Công văn 3392/BCT-TTTN năm 2026 điều chỉnh từ 15h00 ngày 14/5/2026.

CHỐT giá xăng dầu ngày 21/5/2026 từ 22H00 như sau:

Mặt hàng

Mức giá cơ sở (Tối đa)

Giá PVOIL công bố

Giá PETROLIMEX công bố

Xăng không chì RON 95-V

-

-

Vùng 1: 24.970

Vùng 2: 25.460

Xăng không chì RON 95-III

24.078

24.070

Vùng 1: 24.070

Vùng 2: 24.550

Xăng E10 RON 95-V

-

-

Vùng 1: 24.350

Vùng 2: 24.830

Xăng E10 RON 95-III

-

23.450

Vùng 1: 23.450

Vùng 2: 23.910

Xăng E5 RON 92-II

23.134

23.130

Vùng 1: 23.130

Vùng 2: 23.590

Điêzen 0,001S-V

-

28.480

Vùng 1: 28.480

Vùng 2: 29.040

Điêzen 0,05S-II

27.226

27.220

Vùng 1: 27.220

Vùng 2: 27.760

Dầu hỏa 2-K

-

-

Vùng 1: 27.710

Vùng 2: 28.260

Mazút N°2B (3.5S)

20.585

-

Vùng 1: 20.580

Vùng 2: 20.990

Mazút 180cst - 0,5S (RMG)

-

-

Vùng 1: 23.680

Vùng 2: 24.150

*Trên đây là thông tin CHỐT giá xăng dầu ngày 21 5 2026 từ 22h00 tăng giảm như thế nào?

CHỐT giá xăng dầu ngày 21 5 2026 từ 22h00 tăng giảm như thế nào? (Hình từ Internet)

Căn cứ tại Điều 39 Nghị định 83/2014/NĐ-CP được sửa đỏi bởi khoản 29 Điều 1 Nghị định 95/2021/NĐ-CP quy định về công khai, minh bạch trong điều hành giá và kinh doanh xăng dầu như sau:

Theo đó, Bộ Tài chính và Bộ Công Thương có trách nhiệm công bố trên trang thông tin điện tử của mình về số dư Quỹ bình ổn giá xăng dầu hàng quý.

Căn cứ tại Điều 38 Nghị định 83/2014/NĐ-CP được sửa đổi bởi khoản 27 Điều 1 Nghị định 95/2021/NĐ-CP và khoản 11 Điều 1 Nghị định 80/2023/NĐ-CP quy định về nguyên tắc điều hành giá xăng dầu như sau:

[1] Giá bán xăng dầu được thực hiện theo cơ chế thị trường, có sự điều tiết của Nhà nước, phù hợp với diễn biến giá xăng dầu thế giới và tình hình kinh tế xã hội trong từng thời kỳ.

[2] Thương nhân đầu mối kinh doanh xăng dầu và thương nhân phân phối xăng dầu được quyền quyết định giá bán buôn. Căn cứ vào tình hình thực tế tại doanh nghiệp, thương nhân đầu mối kinh doanh xăng dầu và thương nhân phân phối xăng dầu quyết định giá bán lẻ xăng dầu (riêng dầu madút là giá bán buôn) trong hệ thống phân phối của mình phù hợp với chi phí phát sinh thực tế tại doanh nghiệp và không cao hơn giá điều hành do cơ quan nhà nước có thẩm quyền công bố.

Đối với các địa bàn xa cảng, xa kho đầu mối, xa cơ sở sản xuất xăng dầu, nếu có chi phí thực tế phát sinh hợp lý, hợp lệ (đã được kiểm toán) tăng cao dẫn đến giá bán cao hơn giá điều hành, thương nhân đầu mối kinh doanh xăng dầu được quyết định giá bán thực tế tại địa bàn đó (đã được thông báo với Bộ Công Thương) để bù đắp chi phí phát sinh nhưng không vượt quá 2% giá điều hành công bố cùng thời điểm.

Các thương nhân đầu mối kinh doanh xăng dầu, thương nhân phân phối xăng dầu có trách nhiệm thông báo giá bán với Bộ Công Thương, Bộ Tài chính ngay sau khi quyết định giá bán xăng dầu của doanh nghiệp.

[3] Thời gian điều hành giá xăng dầu

Thời gian điều hành giá xăng dầu được thực hiện vào ngày thứ Năm hàng tuần.

Trường hợp thời gian điều hành giá trùng vào dịp nghỉ Tết Nguyên Đán thì được thực hiện như sau: Nếu ngày thứ Năm trùng vào ngày cuối cùng của năm Âm lịch (29 hoặc 30 Tết Nguyên Đán), việc điều hành giá xăng dầu được thực hiện vào ngày thứ Tư liền kề trước đó. Nếu thứ Năm là ngày mùng 1, mùng 2 hoặc mùng 3 Tết, thời gian điều hành giá xăng dầu được thực hiện vào ngày mùng 4 Tết.

Trường hợp thời gian điều hành giá trùng với ngày nghỉ lễ theo quy định thì được thực hiện như sau: Nếu ngày thứ Năm trùng với ngày đầu tiên dịp nghỉ lễ, thời gian điều hành giá xăng dầu được thực hiện vào ngày thứ Tư liền kề trước đó. Nếu ngày thứ Năm trùng vào các ngày nghỉ lễ còn lại, thời gian điều hành giá xăng dầu được thực hiện vào ngày làm việc đầu tiên sau kỳ nghỉ lễ.

Trường hợp giá các mặt hàng xăng dầu có biến động bất thường, ảnh hưởng đến phát triển kinh tế - xã hội và đời sống nhân dân, Bộ Công Thương có trách nhiệm báo cáo Thủ tướng Chính phủ xem xét, quyết định thời gian điều hành giá xăng dầu cho phù hợp.

[4] Trường hợp các yếu tố cấu thành biến động làm cho giá cơ sở tăng trên mười phần trăm (> 10%) số với giá cơ sở liền kề trước đó hoặc trường hợp giá các mặt hàng xăng dầu có biến động ảnh hưởng lớn đến phát triển kinh tế - xã hội và đời sống nhân dân, Bộ Công Thương có trách nhiệm báo cáo Thủ tướng Chính phủ xem xét, quyết định về biện pháp điều hành cụ thể.

[5] Các mặt hàng xăng dầu nhà nước công bố giá cơ sở là những mặt hàng xăng dầu được tiêu dùng phổ biến trên thị trường.

*Bài viết CHỐT giá xăng dầu ngày 21 5 2026 từ 22h00 tăng giảm như thế nào?

[...]

1. Quỹ Bình ổn giá xăng dầu

1.1. Trích lập Quỹ Bình ổn giá xăng dầu (nguồn tạm ứng từ ngân sách nhà nước)

- Xăng sinh học: 0 đồng/lít;

- Xăng không chì: 0 đồng/lít;

- Dầu điêzen: 0 đồng/lít;

- Dầu madút: 0 đồng/kg.

1.2. Chi sử dụng Quỹ Bình ổn giá xăng dầu (nguồn tạm ứng từ ngân sách nhà nước)

- Xăng sinh học: 0 đồng/lít;

- Xăng không chì: 0 đồng/lít;

- Dầu điêzen: 0 đồng/lít;

- Dầu madút: 0 đồng/kg.

2. Giá bán xăng dầu

Sau khi thực hiện việc trích lập và chi sử dụng Quỹ Bình ổn giá xăng dầu đối với các mặt hàng xăng dầu như tại Mục 1 nêu trên, giá bán các mặt hàng xăng dầu tiêu dùng phổ biến trên thị trường không cao hơn mức giá:

- Xăng E5RON92: không cao hơn 23.134 đồng/lít;

- Xăng RON95-III: không cao hơn 24.078 đồng/lít;

- Dầu điêzen 0.05S: không cao hơn 27.226 đồng/lít;

- Dầu madút 180CST 3.5S: không cao hơn 20.585 đồng/kg.

3. Thời gian thực hiện

- Trích lập và chi sử dụng Quỹ Bình ổn giá xăng dầu đối với các mặt hàng xăng dầu tại Mục 1 nêu trên: Áp dụng từ 15 giờ 00' ngày 14 tháng 5 năm 2026.

[...]

Điều 39. Công khai, minh bạch trong điều hành giá và kinh doanh xăng dầu

1. Bộ Công Thương chủ trì, phối hợp Bộ Tài chính thực hiện điều hành giá công khai, minh bạch, đúng quy định tại Điều 38 Nghị định này.

2. Bộ Công Thương có trách nhiệm công bố trên trang thông tin điện tử của mình về: Giá xăng dầu thế giới, giá cơ sở, giá điều hành các mặt hàng xăng dầu; thời điểm áp dụng và mức trích lập, mức chi sử dụng Quỹ bình ổn giá tại các kỳ điều hành giá xăng dầu; các biện pháp khác (nếu có).

Bộ Tài chính, Bộ Công Thương có trách nhiệm công bố trên trang thông tin điện tử của mình về số dư Quỹ bình ổn giá xăng dầu hàng quý.

3. Thương nhân đầu mối có trách nhiệm công bố trên trang thông tin điện tử của thương nhân hoặc trên phương tiện thông tin đại chúng về giá bán lẻ hiện hành; số trích lập, số sử dụng và số dư Quỹ bình ổn giá xăng dầu hàng tháng và trước mỗi lần điều chỉnh giá bán xăng dầu trong nước; điều chỉnh mức trích, mức sử dụng Quỹ bình ổn giá; công bố báo cáo tài chính trong năm tài chính khi đã được kiểm toán.","tai-nguyen-moi-truong","","","","2026-05-21T00:00:00","https://thuvienphapluat.vn/hoi-dap-phap-luat/chot-gia-xang-dau-ngay-2152026-tu-22h00-tang-giam-nhu-the-nao-138091238.html","2026-05-21T20:27:15.631770+00:00"
"138091060","Giá xăng E5 E10 tối nay ngày 21/5/2026 Petrolimex công bố từ 19h00 tăng hay giảm nhiêu tiền một lít?","Giá xăng E5 E10 tối nay ngày 21/5/2026 Petrolimex công bố từ 19h00 tăng hay giảm nhiêu tiền một lít?

Trường hợp thời gian điều hành giá xăng dầu trùng với ngày nghỉ lễ thì thực hiện như thế nào?

Rà soát điều chỉnh các yếu tố hình thành giá cơ sở vào thời gian nào?

Giá xăng E5 E10 tối nay ngày 21/5/2026 từ 19h00 Petrolimex vẫn điều chỉnh theo Công văn 3392/BCT-TTTN năm 2026 về điều hành giá xăng dầu của Bộ Tài Chính.

Công văn 3392/BCT-TTTN năm 2026 về điều hành kinh doanh xăng dầu, mức trích lập và chi sử dụng Quỹ bình ổn giá xăng dầu (BOG) từ 15 giờ 00 phút ngày 14/5/2026 như sau:

CHÍNH THỨC giá xăng E5 E10 từ 19h00 ngày 21/5/2026 Petrolimex điều chỉnh như sau:

Mặt hàng

Đơn vị tính (Đã bao gồm thuế GTGT)

Vùng 1

Vùng 2

Xăng sinh học E10 RON 95-V

Đồng/lít

24.350

24.830

Xăng sinh học E10 RON 95-III

Đồng/lít

23.450

23.910

Xăng sinh học E5 RON 92-II

Đồng/lít

23.130

23.590

Ghi chú:

Đối với mặt hàng xăng (trừ etanol), dầu Điêzen và dầu hỏa thuộc đối tượng không phải kê khai, tính nộp thuế GTGT nhưng được khấu trừ thuế GTGT đầu vào theo văn bản số 1088/TTTN-XD ngày 15/4/2026 của Bộ Công Thương, mức giá của mặt hàng Mazút là giá bán buôn.

*Trên đây là thông tin Giá xăng E5 E10 tối nay ngày 21/5/2026 Petrolimex công bố từ 19h00 tăng hay giảm nhiêu tiền một lít?

Giá xăng E5 E10 tối nay ngày 21 5 2026 Petrolimex công bố từ 19h00 tăng hay giảm nhiêu tiền một lít? (Hình từ Internet)

Căn cứ tại khoản 3 Điều 38 Nghị định 83/2014/NĐ-CP được sửa đỏi bởi khoản 27 Điều 1 Nghị định 95/2021/NĐ-CP và khoản 11 Điều 1 Nghị định 80/2023/NĐ-CP quy định trường hợp thời gian điều hành giá trùng với ngày nghỉ lễ theo quy định thì được thực hiện như sau: Nếu ngày thứ Năm trùng với ngày đầu tiên dịp nghỉ lễ, thời gian điều hành giá xăng dầu được thực hiện vào ngày thứ Tư liền kề trước đó. Nếu ngày thứ Năm trùng vào các ngày nghỉ lễ còn lại, thời gian điều hành giá xăng dầu được thực hiện vào ngày làm việc đầu tiên sau kỳ nghỉ lễ.

Trường hợp giá các mặt hàng xăng dầu có biến động bất thường, ảnh hưởng đến phát triển kinh tế - xã hội và đời sống nhân dân, Bộ Công Thương có trách nhiệm báo cáo Thủ tướng Chính phủ xem xét, quyết định thời gian điều hành giá xăng dầu cho phù hợp.

Căn cứ tại khoản 3 Điều 38a Nghị định 83/2014/NĐ-CP được bổ sung bởi khoản 28 Điều 1 Nghị định 95/2021/NĐ-CP quy định rà soát điều chỉnh các yếu tố hình thành giá cơ sở như sau:

- Định kỳ vào ngày 21 tháng cuối quý, thương nhân đầu mối sản xuất xăng dầu có trách nhiệm tổng hợp, báo cáo Bộ Công Thương, Bộ Tài chính sản lượng xăng dầu xuất bán chi tiết từng chủng loại từ ngày 21 tháng trước liền kề tháng đầu tiên của quý đến ngày 20 tháng cuối quý.

- Định kỳ vào ngày 21 hàng tháng, thương nhân đầu mối kinh doanh xăng dầu có trách nhiệm gửi báo cáo giá Etanol mua trong nước, giá Etanol nhập khẩu, sản lượng Etanol mua trong nước và nhập khẩu tương ứng về Bộ Tài chính, Bộ Công Thương.

- Định kỳ trước ngày 21 tháng 6 và 21 tháng 12 hàng năm, các thương nhân đầu mối kinh doanh xăng dầu có trách nhiệm gửi báo cáo chi phí đưa xăng dầu từ nước ngoài về cảng Việt Nam; premium đối với nguồn trong nước; chi phí đưa xăng dầu từ nhà máy lọc dầu trong nước về cảng (nếu có) về Bộ Tài chính.

- Trước ngày 31 tháng 3 hàng năm, thương nhân đầu mối kinh doanh xăng dầu có trách nhiệm kiểm toán riêng chuyên đề về chi phí kinh doanh xăng dầu và gửi báo cáo về Bộ Tài chính, Bộ Công Thương.

- Trường hợp ngày báo cáo trùng vào ngày nghỉ, ngày nghỉ lễ theo quy định, việc gửi báo cáo được lùi sang ngày làm việc liền kề. Thương nhân đầu mối chịu trách nhiệm toàn diện về tính chính xác của số liệu báo cáo.

- Trên cơ sở báo cáo của các thương nhân đầu mối, Bộ Tài chính tổng hợp, rà soát, đánh giá và tiến hành khảo sát thực tế (nếu cần thiết) để xem xét, quyết định chi phí đưa xăng dầu từ nước ngoài về cảng Việt Nam, premium đối với nguồn trong nước, chi phí đưa xăng dầu từ các nhà máy lọc dầu trong nước về đến cảng (nếu có), chi phí kinh doanh định mức và thông báo để Bộ Công Thương áp dụng trong công thức giá cơ sở.

*Bài viết Giá xăng E5 E10 tối nay ngày 21 5 2026 Petrolimex công bố từ 19h00 tăng hay giảm nhiêu tiền một lít?

[...]

1. Quỹ Bình ổn giá xăng dầu

1.1. Trích lập Quỹ Bình ổn giá xăng dầu (nguồn tạm ứng từ ngân sách nhà nước)

- Xăng sinh học: 0 đồng/lít;

- Xăng không chì: 0 đồng/lít;

- Dầu điêzen: 0 đồng/lít;

- Dầu madút: 0 đồng/kg.

1.2. Chi sử dụng Quỹ Bình ổn giá xăng dầu (nguồn tạm ứng từ ngân sách nhà nước)

- Xăng sinh học: 0 đồng/lít;

- Xăng không chì: 0 đồng/lít;

- Dầu điêzen: 0 đồng/lít;

- Dầu madút: 0 đồng/kg.

2. Giá bán xăng dầu

Sau khi thực hiện việc trích lập và chi sử dụng Quỹ Bình ổn giá xăng dầu đối với các mặt hàng xăng dầu như tại Mục 1 nêu trên, giá bán các mặt hàng xăng dầu tiêu dùng phổ biến trên thị trường không cao hơn mức giá:

- Xăng E5RON92: không cao hơn 23.134 đồng/lít;

- Xăng RON95-III: không cao hơn 24.078 đồng/lít;

- Dầu điêzen 0.05S: không cao hơn 27.226 đồng/lít;

- Dầu madút 180CST 3.5S: không cao hơn 20.585 đồng/kg.

3. Thời gian thực hiện

- Trích lập và chi sử dụng Quỹ Bình ổn giá xăng dầu đối với các mặt hàng xăng dầu tại Mục 1 nêu trên: Áp dụng từ 15 giờ 00' ngày 14 tháng 5 năm 2026.

[...]","tai-nguyen-moi-truong","","","","2026-05-21T00:00:00","https://thuvienphapluat.vn/hoi-dap-phap-luat/gia-xang-e5-e10-toi-nay-ngay-2152026-petrolimex-cong-bo-tu-19h00-tang-hay-giam-nhieu-tien-mot-lit-138091060.html","2026-05-21T20:27:22.482345+00:00"
"138091409","Bảng giá xăng E10, E5 chiều tối ngày 21/5/2026 Petrolimex, PVOIL, Petrovietnam sau khi điều chỉnh bao nhiêu tiền 1 lít?","Bảng giá xăng E10 E5 chiều tối ngày 21 5 2026 Petrolimex Pvoil Petrovietnam bán lẻ bao nhiều tiền 1 lít?

Thương nhân nhận quyền bán lẻ xăng dầu có quyền và nghĩa vụ gì?

Thương nhân kinh doanh xăng dầu có sở hữu cửa hàng bán lẻ xăng dầu phải thực hiện những quy định nào?

>>> MỚI NHẤT bảng giá xăng chiều nay 21/5 Petrolimex điều chỉnh tăng giảm bao nhiêu đồng/lít?

>>> Cập nhật giá xăng dầu từ 12h00 trưa ngày 21/5/2026 Petrolimex tăng giảm bao nhiêu tiền 1 lít?

>>> Điều chỉnh giá xăng dầu Petrolimex từ 15h00 chiều ngày 21/5/2026 tăng giảm bao nhiêu tiền 1 lít?

>>> CHÍNH THỨC giá xăng dầu ngày 21/5/2026 từ 15h30 Petrolimex bao nhiêu tiền 1 lít?

>>> Bảng giá xăng E10, E5 chiều tối ngày 21/5/2026 Petrolimex, PVOIL, Petrovietnam sau khi điều chỉnh bao nhiêu tiền 1 lít?

>>> Giá xăng E5 E10 tối nay ngày 21/5/2026 Petrolimex công bố từ 19h00 tăng hay giảm nhiêu tiền một lít?

>>> CHỐT giá xăng dầu ngày 21/5/2026 từ 22h00 tăng giảm như thế nào?

>>> CHÍNH THỨC giá xăng E10 từ 23h ngày 21/5/2026 Petrolimex, PVOIL điều chỉnh bao nhiêu tiền một lít?

Bảng giá xăng E10, E5 chiều tối ngày 21/5/2026 Petrolimex, Pvoil Petrovietnam bán lẻ dựa trên giá cơ sở các mặt hàng xăng dầu tại Công văn 3392/BCT-TTTN năm 2026 áp dụng từ 15h ngày 14/5/2026 đến khi có kỳ điều hành kế tiếp.

Theo đó các tập đoàn dầu khí Việt Nam như Petrolimex, PVOIL, Petrovietnam đã điều chỉnh bảng giá xăng E10, E5 chiều tối ngày 21/5/2026 dựa trên giá cơ sở niêm yết mới nhất như sau:

[1] PETROLIMEX

Đơn vị: đồng/lít

Mặt hàng

Đơn vị tính (Đã bao gồm thuế GTGT)

Vùng 1

Vùng 2

Xăng sinh học E10 RON 95-V

Đồng/lít

24.350

24.830

Xăng sinh học E10 RON 95-III

Đồng/lít

23.450

23.910

Xăng sinh học E5 RON 92-II

Đồng/lít

23.130

23.590

Ghi chú:

+ Mức giá trên là giá bán lẻ; Các mặt hàng Xăng và DO không chịu thuế GTGT.

[2] PVOIL, PETROVIETNAM

Đơn vị: đồng/lít

TT

Mặt hàng xăng dầu

Giá điều chỉnh lúc 15:00 ngày 14/52026(Đồng/lít thực tế)

1

Xăng E10 RON 95-III

23.450 đ

2

Xăng E5 RON 92-II

23.130 đ

(Giá trên đã bao gồm thuế GTGT và thuế môi trường)

>>> Giá bán cơ sở các mặt hàng xăng dầu tiêu dùng phổ biến áp dụng cho các cây xăng trên toàn quốc như sau:

Mặt hàng

Giá (đơn vị: đồng/lít, kg)

So với kỳ trước

Xăng RON 95-III

24.078

-276

Xăng E5 RON 92

23.134

-656

Dầu điêzen 0.05S

27.226

-268

Dầu madút 180CST 3.5S

20.585

-587

(Bảng giá xăng dầu mới nhất được Bộ Công thương niêm yết lúc 15h ngày 14/5/2026)

* Trên đây là Thông tin về Bảng giá xăng E10 E5 chiều tối ngày 21 5 2026 Petrolimex Pvoil Petrovietnam bán lẻ bao nhiều tiền 1 lít?

Bảng giá xăng E10 E5 chiều tối ngày 21 5 2026 Petrolimex Pvoil Petrovietnam bán lẻ bao nhiều tiền 1 lít? (Hình từ Internet)

Căn cứ theo Điều 23 Nghị định 83/2014/NĐ-CP quy định về quyền và nghĩa vụ của thương nhân nhận quyền bán lẻ xăng dầu. Theo đó, thương nhân nhận quyền bán lẻ xăng dầu có các quyền và nghĩa vụ sau đây:

- Được bán lẻ xăng dầu tại cửa hàng bán lẻ xăng dầu của mình theo giá bán lẻ do thương nhân nhượng quyền là thương nhân đầu mối hoặc thương nhân phân phối xăng dầu quy định.

- Chỉ được ký hợp đồng làm thương nhân nhận quyền bán lẻ xăng dầu cho một (01) thương nhân đầu mối hoặc một (01) thương nhân phân phối xăng dầu để bán xăng dầu qua cửa hàng bán lẻ xăng dầu thuộc sở hữu, đồng sở hữu. Nếu thương nhân đầu mối hoặc thương nhân phân phối xăng dầu đó không kinh doanh nhiên liệu sinh học, thương nhân nhận quyền được ký thêm hợp đồng làm thương nhân nhận quyền bán lẻ xăng dầu cho một (01) thương nhân đầu mối hoặc một (01) thương nhân phân phối xăng dầu khác chỉ để kinh doanh nhiên liệu sinh học.

- Thương nhân đã ký hợp đồng làm thương nhân nhận quyền bán lẻ xăng dầu, không được ký thêm hợp đồng làm đại lý cho tổng đại lý hoặc thương nhân phân phối xăng dầu, làm tổng đại lý hoặc đại lý cho thương nhân đầu mối.

Thương nhân nhận quyền bán lẻ xăng dầu phải nằm trong hệ thống phân phối và chịu sự kiểm soát của thương nhân đầu mối hoặc thương nhân phân phối xăng dầu.

- Chịu trách nhiệm về chất lượng, số lượng, giá xăng dầu niêm yết, bán ra theo quy định.

- Thực hiện chế độ ghi chép chứng từ phù hợp với hình thức kinh doanh là bên nhận quyền theo quy định của Bộ Tài chính.

- Tuân thủ các quy định của pháp luật về phòng cháy, chữa cháy và bảo vệ môi trường trong quá trình hoạt động kinh doanh.

- Ngoài việc treo biển hiệu của thương nhân theo quy định hiện hành, phải sử dụng tên thương mại, biểu tượng (lô gô), nhãn hiệu, chỉ dẫn thương mại của thương nhân nhượng quyền, thực hiện bằng hợp đồng phù hợp với Luật Thương mại 2005 về nhượng quyền thương mại, Luật Sở hữu trí tuệ 2005 và các quy định khác của pháp luật.

- Phải đăng ký thời gian bán hàng của cửa hàng bán lẻ xăng dầu thuộc sở hữu của thương nhân với Sở Công Thương địa phương nơi cấp Giấy chứng nhận cửa hàng đủ điều kiện bán lẻ xăng dầu cho cửa hàng đó.

- Phải đăng ký hệ thống phân phối với Sở Công Thương địa phương nơi thương nhân có hệ thống phân phối.

Phải gửi thông tin hệ thống phân phối của mình cho bên nhượng quyền là thương nhân đầu mối hoặc thương nhân phân phối xăng dầu để đăng ký hệ thống phân phối với cơ quan quản lý nhà nước có thẩm quyền.

- Phải xây dựng, áp dụng và duy trì có hiệu lực hệ thống quản lý chất lượng.

Căn cứ theo Điều 21 Thông tư 15/2015/TT-BKHCN quy định về thương nhân kinh doanh xăng dầu có sở hữu cửa hàng bán lẻ xăng dầu phải thực hiện như sau:

- Thực hiện quy trình kiểm soát hệ thống bể chứa xăng dầu do thương nhân chủ sở hữu cửa hàng xăng dầu ban hành để duy trì chất lượng phù hợp quy chuẩn kỹ thuật quốc gia, tiêu chuẩn công bố áp dụng; bảo đảm hệ thống bể chứa xăng dầu không bị rò rỉ và chứa đựng lẫn các loại xăng dầu và việc thực hiện kiểm tra bể chứa xăng dầu phải được lưu hồ sơ.

- Lấy mẫu, niêm phong và lưu mẫu theo quy định tại Điều 7 Mục 1 Chương 3 Thông tư 15/2015/TT-BKHCN.

- Kiểm tra niêm phong của xitec, hầm hàng, ngăn chứa và các van xuất nhập trên các phương tiện chứa xăng dầu trước khi nhập hàng và kiểm tra niêm phong của bình chứa mẫu được lấy tại kho của thương nhân đầu mối hoặc tổng đại lý hoặc thương nhân phân phối.

- Thông báo công khai ở vị trí để nhận biết cho người tiêu dùng các thông tin về: loại xăng dầu kinh doanh theo quy định của quy chuẩn kỹ thuật quốc gia hiện hành; tiêu chuẩn công bố áp dụng.

- Lưu hồ sơ chất lượng theo quy định đối với từng loại xăng dầu khi nhập vào, bao gồm:

+ Biên bản lấy mẫu, niêm phong, bàn giao mẫu và cam kết chất lượng xăng dầu của thương nhân đầu mối hoặc tổng đại lý hoặc thương nhân phân phối xăng dầu (theo Mẫu 1. BBLM-NP-CKCL quy định tại Phụ lục kèm theo Thông tư 15/2015/TT-BKHCN);

+ Biên bản lấy mẫu, bàn giao mẫu và kiểm tra niêm phong (theo Mẫu 2. BBLM-BGM-KTNP quy định tại Phụ lục kèm theo Thông tư 15/2015/TT-BKHCN);

+ Hồ sơ kiểm soát hệ thống bể chứa xăng dầu.

Trên đây là Thông tin về Bảng giá xăng E10 E5 chiều tối ngày 21 5 2026 Petrolimex Pvoil Petrovietnam bán lẻ bao nhiều tiền 1 lít?","tai-nguyen-moi-truong","","","","2026-05-21T00:00:00","https://thuvienphapluat.vn/hoi-dap-phap-luat/bang-gia-xang-e10-e5-chieu-toi-ngay-2152026-petrolimex-pvoil-petrovietnam-sau-khi-dieu-chinh-bao-nh-138091409.html","2026-05-21T20:27:30.441096+00:00"
"138091265","CHÍNH THỨC giá xăng E10 từ 23h ngày 21/5/2026 Petrolimex, PVOIL điều chỉnh bao nhiêu tiền một lít?","CHÍNH THỨC giá xăng E10 từ 23h ngày 21/5/2026 Petrolimex, PVOIL điều chỉnh bao nhiêu tiền một lít?

Lộ trình áp dụng tỷ lệ phối trộn nhiên liệu sinh học và nhiên liệu truyền thống ra sao?

Nhiên liệu truyền thống là xăng không chì gồm những loại xăng nào?

CHÍNH THỨC giá xăng E10 từ 23h ngày 21/5/2026 Petrolimex, PVOIL như sau:

Mặt hàng

Mức giá cơ sở (Tối đa)

Giá PVOIL công bố

Giá PETROLIMEX công bố

Xăng E10 RON 95-V

-

-

Vùng 1: 24.350

Vùng 2: 24.830

Xăng E10 RON 95-III

-

23.450

Vùng 1: 23.450

Vùng 2: 23.910

Xăng E5 RON 92-II

23.134

23.130

Vùng 1: 23.130

Vùng 2: 23.590

Căn cứ tại Công văn 3392/BCT-TTTN năm 2026 về điều hành kinh doanh xăng dầu, mức trích lập và chi sử dụng Quỹ bình ổn giá xăng dầu (BOG) từ 15 giờ 00 phút ngày 14/5/2026 như sau:

*Trên đây là cập nhật bàng giá xăng hôm nay CHÍNH THỨC giá xăng E10 từ 23h ngày 21/5/2026 Petrolimex, PVOIL điều chỉnh bao nhiêu tiền một lít?

CHÍNH THỨC giá xăng E10 từ 23h ngày 21 5 2026 Petrolimex PVOIL điều chỉnh bao nhiêu tiền một lít? (Hình từ Interent)

Căn cứ tại Điều 4 Thông tư 50/2025/TT-BCT quy định lộ trình áp dụng tỷ lệ phối trộn nhiên liệu sinh học và nhiên liệu truyền thống như sau:

[1] Từ ngày 01 tháng 6 năm 2026, xăng không chì (theo quy chuẩn kỹ thuật quốc gia hiện hành) phải phối trộn, pha chế thành xăng E10 để sử dụng cho động cơ xăng trên toàn quốc.

[2] Tiếp tục phối trộn, pha chế xăng E5RON92 để sử dụng cho động cơ xăng đến hết ngày 31 tháng 12 năm 2030.

[3] Trong quá trình triển khai thực hiện lộ trình áp dụng tỷ lệ phối trộn nhiên liệu sinh học với nhiên liệu truyền thống, căn cứ theo tình hình thực tế về kinh tế, xã hội, kỹ thuật, công nghệ, cung, cầu, giá cả và những biến động khác có liên quan, Bộ trưởng Bộ Công Thương xem xét, quyết định điều chỉnh tỷ lệ phối trộn nhiên liệu sinh học với nhiên liệu truyền thống, bổ sung chủng loại mặt hàng xăng kinh doanh trên thị trường phù hợp để đảm bảo mục tiêu an ninh năng lượng, bảo vệ môi trường và bảo vệ quyền lợi của người tiêu dùng.

[4] Trong thời gian chưa quy định bắt buộc sử dụng điêzen sinh học B5, B10 cho động cơ điêzen, khuyến khích các tổ chức, cá nhân tham gia sản xuất, phối trộn, pha chế, kinh doanh và sử dụng điêzen sinh học B5, B10.

Căn cứ tại điểm b khoản 1 Điều 3 Thông tư 50/2025/TT-BCT giải thích như sau:

Theo đó, nhiên liệu truyền thống là xăng không chì (xăng nền) bao gồm RON92, RON95, các loại xăng không chì khác hoặc nhiên liệu điêzen (DO) có chất lượng phù hợp với quy định của pháp luật.

*Bài viết CHÍNH THỨC giá xăng E10 từ 23h ngày 21 5 2026 Petrolimex PVOIL điều chỉnh bao nhiêu tiền một lít?

[...]

1. Quỹ Bình ổn giá xăng dầu

1.1. Trích lập Quỹ Bình ổn giá xăng dầu (nguồn tạm ứng từ ngân sách nhà nước)

- Xăng sinh học: 0 đồng/lít;

- Xăng không chì: 0 đồng/lít;

- Dầu điêzen: 0 đồng/lít;

- Dầu madút: 0 đồng/kg.

1.2. Chi sử dụng Quỹ Bình ổn giá xăng dầu (nguồn tạm ứng từ ngân sách nhà nước)

- Xăng sinh học: 0 đồng/lít;

- Xăng không chì: 0 đồng/lít;

- Dầu điêzen: 0 đồng/lít;

- Dầu madút: 0 đồng/kg.

2. Giá bán xăng dầu

Sau khi thực hiện việc trích lập và chi sử dụng Quỹ Bình ổn giá xăng dầu đối với các mặt hàng xăng dầu như tại Mục 1 nêu trên, giá bán các mặt hàng xăng dầu tiêu dùng phổ biến trên thị trường không cao hơn mức giá:

- Xăng E5RON92: không cao hơn 23.134 đồng/lít;

- Xăng RON95-III: không cao hơn 24.078 đồng/lít;

- Dầu điêzen 0.05S: không cao hơn 27.226 đồng/lít;

- Dầu madút 180CST 3.5S: không cao hơn 20.585 đồng/kg.

3. Thời gian thực hiện

- Trích lập và chi sử dụng Quỹ Bình ổn giá xăng dầu đối với các mặt hàng xăng dầu tại Mục 1 nêu trên: Áp dụng từ 15 giờ 00' ngày 14 tháng 5 năm 2026.

[...]

Điều 3. Giải thích từ ngữ

1. Trong Thông tư này, các từ ngữ sau đây được hiểu như sau:

a) Nhiên liệu sinh học là nhiên liệu sinh học gốc bao gồm etanol nhiên liệu (E100) biến tính hoặc không biến tính và nhiên liệu điêzen sinh học gốc (B100).

b) Nhiên liệu truyền thống là xăng không chì (xăng nền) bao gồm RON92, RON95, các loại xăng không chì khác hoặc nhiên liệu điêzen (DO) có chất lượng phù hợp với quy định của pháp luật.

c) Xăng sinh học tại thông tư này là hỗn hợp của etanol nhiên liệu và xăng nền bao gồm xăng E5RON92 và xăng E10.

d) Phối trộn, pha chế xăng sinh học là việc bổ sung E100 theo các tỷ lệ khác nhau vào xăng nền theo phương pháp phối trộn, pha chế trong bể chứa (in-tank) và trong đường ống (in-line) hoặc các phương pháp phối trộn, pha chế phù hợp khác.

đ) Điêzen B10 là hỗn hợp của DO và B100, có hàm lượng B100 từ 9% đến 10% theo thể tích, ký hiệu là B10.

e) Phối trộn, pha chế điêzen sinh học là việc bổ sung B100 vào DO với các tỷ lệ khác nhau theo phương pháp phối trộn, pha chế trong bể chứa (in-tank) và trong đường ống (in-line) hoặc các phương pháp phối trộn, pha chế phù hợp khác.

[...]","tai-nguyen-moi-truong","","","","2026-05-21T00:00:00","https://thuvienphapluat.vn/hoi-dap-phap-luat/chinh-thuc-gia-xang-e10-tu-23h-ngay-2152026-petrolimex-pvoil-dieu-chinh-bao-nhieu-tien-mot-lit-138091265.html","2026-05-21T20:27:39.686082+00:00"
"138091428","CHÍNH THỨC giá xăng dầu ngày 21/5/2026 từ 15h30 Petrolimex bao nhiêu tiền 1 lít?","CHÍNH THỨC giá xăng dầu ngày 21/5/2026 từ 15h30 Petrolimex bao nhiêu tiền 1 lít?

Thương nhân kinh doanh xăng dầu ghi rõ thời gian bán hàng ở đâu?

Đối tượng nào được gia công xuất khẩu xăng dầu?

>>> MỚI NHẤT bảng giá xăng chiều nay 21/5 Petrolimex điều chỉnh tăng giảm bao nhiêu đồng/lít?

>>> Cập nhật giá xăng dầu từ 12h00 trưa ngày 21/5/2026 Petrolimex tăng giảm bao nhiêu tiền 1 lít?

>>> Điều chỉnh giá xăng dầu Petrolimex từ 15h00 chiều ngày 21/5/2026 tăng giảm bao nhiêu tiền 1 lít?

>>> CHÍNH THỨC giá xăng dầu ngày 21/5/2026 từ 15h30 Petrolimex bao nhiêu tiền 1 lít?

>>> Bảng giá xăng E10, E5 chiều tối ngày 21/5/2026 Petrolimex, PVOIL, Petrovietnam sau khi điều chỉnh bao nhiêu tiền 1 lít?

>>> Giá xăng E5 E10 tối nay ngày 21/5/2026 Petrolimex công bố từ 19h00 tăng hay giảm nhiêu tiền một lít?

>>> CHỐT giá xăng dầu ngày 21/5/2026 từ 22h00 tăng giảm như thế nào?

>>> CHÍNH THỨC giá xăng E10 từ 23h ngày 21/5/2026 Petrolimex, PVOIL điều chỉnh bao nhiêu tiền một lít?

CHÍNH THỨC giá xăng dầu hôm nay ngày 21/5/2026 từ 15h30 Petrolimex công bố như sau:

Mặt hàng

Đơn vị tính (Đã bao gồm thuế GTGT)

Vùng 1

Vùng 2

Xăng không chì RON 95-V

Đồng/lít

24.970

25.460

Xăng không chì RON 95-III

Đồng/lít

24.070

24.550

Xăng sinh học E10 RON 95-V

Đồng/lít

24.350

24.830

Xăng sinh học E10 RON 95-III

Đồng/lít

23.450

23.910

Xăng sinh học E5 RON 92-II

Đồng/lít

23.130

23.590

Điêzen 0,001S-V

Đồng/lít

28.480

29.040

Điêzen 0,05S-II

Đồng/lít

27.220

27.760

Dầu hỏa 2 - K

Đồng/lít

27.710

28.260

Mazút N°2B (3.5S)

Đồng/kg

20.580

20.990

Mazút 180cst - 0,5S (RMG)

Đồng/kg

23.680

24.150

Ghi chú:

Đối với mặt hàng xăng (trừ etanol), dầu Điêzen và dầu hỏa thuộc đối tượng không phải kê khai, tính nộp thuế GTGT nhưng được khấu trừ thuế GTGT đầu vào theo văn bản số 1088/TTTN-XD ngày 15/4/2026 của Bộ Công Thương, mức giá của mặt hàng Mazút là giá bán buôn.

Tính đến 15h30 ngày 21/5/2026 thì giá xăng vẫn được áp dụng theo Công văn 3392/BCT-TTTN năm 2026 điều chỉnh từ 15h00 ngày 14/5/2026.

Công văn 3392/BCT-TTTN năm 2026 về điều hành kinh doanh xăng dầu, mức trích lập và chi sử dụng Quỹ bình ổn giá xăng dầu (BOG) từ 15 giờ 00 phút ngày 14/5/2026 như sau:

*Trên đây là CHÍNH THỨC giá xăng dầu hôm nay ngày 21 5 2026 từ 15h30 Petrolimex bao nhiêu tiền 1 lít?

CHÍNH THỨC giá xăng dầu hôm nay ngày 21 5 2026 từ 15h30 Petrolimex bao nhiêu tiền 1 lít? (Hình từ Internet)

Căn cứ tại khoản 5 Điều 26 Nghị định 83/2014/NĐ-CP quy định quyền và nghĩa vụ của thương nhân kinh doanh xăng dầu đối với cửa hàng bán lẻ xăng dầu gồm:

Theo đó, Thương nhân kinh doanh xăng dầu ghi rõ thời gian bán hàng tại khu vực bán hàng, thuận tiện cho quan sát của người mua hàng.

Căn cứ tại khoản 1 Điều 35 Nghị định 83/2014/NĐ-CP quy định về xuất khẩu, tạm nhập tái xuất, chuyển khẩu, gia công xuất khẩu xăng dầu và nguyên liệu như sau:

Theo đó, đối tượng nào được gia công xuất khẩu xăng dầu là thương nhân sản xuất xăng dầu.

*Bài viết CHÍNH THỨC giá xăng dầu hôm nay ngày 21 5 2026 từ 15h30 Petrolimex bao nhiêu tiền 1 lít?

[...]

1. Quỹ Bình ổn giá xăng dầu

1.1. Trích lập Quỹ Bình ổn giá xăng dầu (nguồn tạm ứng từ ngân sách nhà nước)

- Xăng sinh học: 0 đồng/lít;

- Xăng không chì: 0 đồng/lít;

- Dầu điêzen: 0 đồng/lít;

- Dầu madút: 0 đồng/kg.

1.2. Chi sử dụng Quỹ Bình ổn giá xăng dầu (nguồn tạm ứng từ ngân sách nhà nước)

- Xăng sinh học: 0 đồng/lít;

- Xăng không chì: 0 đồng/lít;

- Dầu điêzen: 0 đồng/lít;

- Dầu madút: 0 đồng/kg.

2. Giá bán xăng dầu

Sau khi thực hiện việc trích lập và chi sử dụng Quỹ Bình ổn giá xăng dầu đối với các mặt hàng xăng dầu như tại Mục 1 nêu trên, giá bán các mặt hàng xăng dầu tiêu dùng phổ biến trên thị trường không cao hơn mức giá:

- Xăng E5RON92: không cao hơn 23.134 đồng/lít;

- Xăng RON95-III: không cao hơn 24.078 đồng/lít;

- Dầu điêzen 0.05S: không cao hơn 27.226 đồng/lít;

- Dầu madút 180CST 3.5S: không cao hơn 20.585 đồng/kg.

3. Thời gian thực hiện

- Trích lập và chi sử dụng Quỹ Bình ổn giá xăng dầu đối với các mặt hàng xăng dầu tại Mục 1 nêu trên: Áp dụng từ 15 giờ 00' ngày 14 tháng 5 năm 2026.

[...]

Điều 26. Quyền và nghĩa vụ của thương nhân kinh doanh xăng dầu đối với cửa hàng bán lẻ xăng dầu

1. Kiểm soát cửa hàng bán lẻ xăng dầu thuộc hệ thống phân phối của mình.

2. Thông báo bằng văn bản về thời gian ngừng bán hàng gửi Sở Công Thương nơi cấp Giấy chứng nhận cửa hàng đủ điều kiện bán lẻ xăng dầu cho cửa hàng bán lẻ xăng dầu, trong đó ghi rõ lý do ngừng bán hàng.

3. Niêm yết giá bán các loại xăng dầu và bán đúng giá niêm yết.

4. Tại khu vực bán hàng, chỉ được treo biển hiệu của thương nhân cung cấp xăng dầu cho cửa hàng là thương nhân đầu mối hoặc thương nhân phân phối xăng dầu. Biển hiệu phải ghi đầy đủ các nội dung theo quy định của pháp luật.

5. Ghi rõ thời gian bán hàng tại khu vực bán hàng, thuận tiện cho quan sát của người mua hàng.

[...]

Điều 35. Xuất khẩu, tạm nhập tái xuất, chuyển khẩu, gia công xuất khẩu xăng dầu và nguyên liệu

1. Chỉ có thương nhân đầu mối được xuất khẩu xăng dầu và nguyên liệu.

2. Chỉ có thương nhân có Giấy phép kinh doanh xuất khẩu, nhập khẩu xăng dầu được tạm nhập tái xuất, chuyển khẩu xăng dầu và nguyên liệu.

3. Chỉ có thương nhân sản xuất được gia công xuất khẩu xăng dầu.

4. Kinh doanh tạm nhập tái xuất xăng dầu gồm những loại hình sau:

a) Thương nhân làm thủ tục nhập khẩu xăng dầu vào Việt Nam và làm thủ tục xuất khẩu xăng dầu ra khỏi Việt Nam.

b) Thương nhân làm thủ tục nhập khẩu xăng dầu vào Việt Nam và bán xăng dầu cho thương nhân thuộc các khu vực hải quan riêng trên lãnh thổ Việt Nam như khu chế xuất, doanh nghiệp chế xuất, khu bảo thuế, khu thương mại công nghiệp và các khu vực kinh tế khác được thành lập theo Quyết định của Thủ tướng Chính phủ trong đó quy định quan hệ mua bán, trao đổi hàng hóa giữa các khu vực này với nội địa là quan hệ xuất khẩu, nhập khẩu, trừ trường hợp Thủ tướng Chính phủ có quy định khác.

5. Thương nhân làm thủ tục nhập khẩu xăng dầu vào Việt Nam để bán cho các đối tượng sau đây cũng được áp dụng các quy định về kinh doanh tạm nhập tái xuất xăng dầu:

[...]","tai-nguyen-moi-truong","","","","2026-05-21T00:00:00","https://thuvienphapluat.vn/hoi-dap-phap-luat/chinh-thuc-gia-xang-dau-ngay-2152026-tu-15h30-petrolimex-bao-nhieu-tien-1-lit-138091428.html","2026-05-21T20:27:47.913605+00:00"
"138091407","Điều chỉnh giá xăng dầu Petrolimex từ 15h00 chiều ngày 21/5/2026 tăng giảm bao nhiêu tiền 1 lít?","Điều chỉnh giá xăng dầu Petrolimex từ 15h00 chiều ngày 21 5 2026 tăng giảm bao nhiêu tiền 1 lít?

Tổng nguồn xăng dầu tối thiểu quy định như thế nào?

05 nguyên tắc điều hành giá xăng dầu thực hiện như thế nào?

>>> MỚI NHẤT bảng giá xăng chiều nay 21/5 Petrolimex điều chỉnh tăng giảm bao nhiêu đồng/lít?

>>> Cập nhật giá xăng dầu từ 12h00 trưa ngày 21/5/2026 Petrolimex tăng giảm bao nhiêu tiền 1 lít?

>>> Điều chỉnh giá xăng dầu Petrolimex từ 15h00 chiều ngày 21/5/2026 tăng giảm bao nhiêu tiền 1 lít?

>>> CHÍNH THỨC giá xăng dầu ngày 21/5/2026 từ 15h30 Petrolimex bao nhiêu tiền 1 lít?

>>> Bảng giá xăng E10, E5 chiều tối ngày 21/5/2026 Petrolimex, PVOIL, Petrovietnam sau khi điều chỉnh bao nhiêu tiền 1 lít?

>>> Giá xăng E5 E10 tối nay ngày 21/5/2026 Petrolimex công bố từ 19h00 tăng hay giảm nhiêu tiền một lít?

>>> CHỐT giá xăng dầu ngày 21/5/2026 từ 22h00 tăng giảm như thế nào?

>>> CHÍNH THỨC giá xăng E10 từ 23h ngày 21/5/2026 Petrolimex, PVOIL điều chỉnh bao nhiêu tiền một lít?

Giá xăng dầu Petrolimex từ 15h00 chiều ngày 21/5/2026 cập nhật từ kỳ điều hành mới nhất 15h ngày 14/5/2026 của Bộ Công Thương theo Công văn 3392/BCT-TTTN năm 2026 đến khi có kỳ điều hành kế tiếp.

>>> Điều chỉnh giá xăng dầu Petrolimex từ 15h00 chiều ngày 21 5 2026 tăng lên ở mức sau:

Đơn vị: đồng/lít

Mặt hàng

Đơn vị tính (Đã bao gồm thuế GTGT)

Vùng 1

Vùng 2

Xăng không chì RON 95-V

Đồng/lít

24.970

25.460

Xăng không chì RON 95-III

Đồng/lít

24.070

24.550

Xăng sinh học E10 RON 95-V

Đồng/lít

24.350

24.830

Xăng sinh học E10 RON 95-III

Đồng/lít

23.450

23.910

Xăng sinh học E5 RON 92-II

Đồng/lít

23.130

23.590

Điêzen 0,001S-V

Đồng/lít

28.480

29.040

Điêzen 0,05S-II

Đồng/lít

27.220

27.760

Dầu hỏa 2-K

Đồng/lít

27.710

28.260

Mazút N°2B (3.5S)

Đồng/kg

20.580

20.990

Mazút 180cst - 0,5S (RMG)

Đồng/kg

23.680

24.150

Đơn vị: đồng/lít - (Giá trên đã bao gồm thuế GTGT và thuế môi trường)

>>> Bảng giá bán cơ sở các mặt hàng xăng dầu tiêu dùng phổ biến và thực hiện so sánh với kỳ điều hành trước đó như sau:

Mặt hàng

Giá (đơn vị: đồng/lít, kg)

So với kỳ trước

Xăng RON 95-III

24.078

-276

Xăng E5 RON 92

23.134

-656

Dầu điêzen 0.05S

27.226

-268

Dầu madút 180CST 3.5S

20.585

-587

(Bảng giá xăng dầu mới nhất được Bộ Công thương niêm yết lúc 15h ngày 14/5/2026)

Trong đó:

* Trích lập Quỹ Bình ổn giá xăng dầu (nguồn tạm ứng từ ngân sách nhà nước): 0 đồng/kg.

* Chi sử dụng Quỹ Bình ổn giá xăng dầu (nguồn tạm ứng từ ngân sách nhà nước): 0 đồng/lít

* Trên đây là Thông tin về Điều chỉnh giá xăng dầu Petrolimex từ 15h00 chiều ngày 21 5 2026 tăng lên bao nhiêu tiền 1 lít?

Điều chỉnh giá xăng dầu Petrolimex từ 15h00 chiều ngày 21 5 2026 tăng lên bao nhiêu tiền 1 lít? (Hình từ Internet)

Căn cứ theo Điều 33 Nghị định 83/2014/NĐ-CP được sửa đổi bởi khoản 24 Điều 1 Nghị định 95/2021/NĐ-CP quy định về tổng nguồn xăng dầu tối thiểu như sau:

- Hàng năm, căn cứ nhu cầu xăng dầu của nền kinh tế quốc dân và nguồn xăng dầu sản xuất trong nước, Bộ Công Thương xác định nhu cầu định hướng về tổng nguồn xăng dầu của năm tiếp theo. Nhu cầu xăng dầu phục vụ cho quốc phòng được xác định riêng.

- Trên cơ sở nhu cầu định hướng về tổng nguồn xăng dầu thực tế tiêu thụ nội địa của năm trước liền kề và đăng ký của thương nhân đầu mối kinh doanh xăng dầu, Bộ Công Thương giao tổng nguồn xăng dầu tối thiểu phục vụ tiêu thụ nội địa cả năm theo cơ cấu chủng loại cho từng thương nhân có Giấy xác nhận đủ điều kiện làm thương nhân đầu mối kinh doanh xăng dầu.

- Trong trường hợp cần thiết, nhằm bảo đảm nguồn cung, Bộ Công Thương quy định cụ thể tiến độ nhập khẩu hoặc mua xăng dầu trong nước để thương nhân đầu mối thực hiện.

- Căn cứ nhu cầu thị trường, thương nhân đầu mối kinh doanh xăng dầu quyết định tổng khối lượng xăng dầu kinh doanh các loại để tiêu thụ tại thị trường trong nước nhưng không thấp hơn mức tối thiểu được giao.

- Bộ Công Thương chủ trì, phối hợp với các bộ, ngành liên quan kiểm tra, giám sát việc bảo đảm tổng nguồn xăng dầu tối thiểu của các thương nhân, bảo đảm đáp ứng nhu cầu của nền kinh tế và tiêu dùng của xã hội. Trong trường hợp cần thiết, Bộ Công Thương điều chỉnh mức tổng nguồn tối thiểu đã giao cho các thương nhân.

Căn cứ tại Điều 38 Nghị định 83/2014/NĐ-CP được sửa đỏi bởi khoản 27 Điều 1 Nghị định 95/2021/NĐ-CP và khoản 11 Điều 1 Nghị định 80/2023/NĐ-CP quy định về nguyên tắc điều hành giá xăng dầu như sau:

[1] Giá bán xăng dầu được thực hiện theo cơ chế thị trường, có sự điều tiết của Nhà nước, phù hợp với diễn biến giá xăng dầu thế giới và tình hình kinh tế xã hội trong từng thời kỳ.

[2] Thương nhân đầu mối kinh doanh xăng dầu và thương nhân phân phối xăng dầu được quyền quyết định giá bán buôn. Căn cứ vào tình hình thực tế tại doanh nghiệp, thương nhân đầu mối kinh doanh xăng dầu và thương nhân phân phối xăng dầu quyết định giá bán lẻ xăng dầu (riêng dầu madút là giá bán buôn) trong hệ thống phân phối của mình phù hợp với chi phí phát sinh thực tế tại doanh nghiệp và không cao hơn giá điều hành do cơ quan nhà nước có thẩm quyền công bố.

Đối với các địa bàn xa cảng, xa kho đầu mối, xa cơ sở sản xuất xăng dầu, nếu có chi phí thực tế phát sinh hợp lý, hợp lệ (đã được kiểm toán) tăng cao dẫn đến giá bán cao hơn giá điều hành, thương nhân đầu mối kinh doanh xăng dầu được quyết định giá bán thực tế tại địa bàn đó (đã được thông báo với Bộ Công Thương) để bù đắp chi phí phát sinh nhưng không vượt quá 2% giá điều hành công bố cùng thời điểm.

Các thương nhân đầu mối kinh doanh xăng dầu, thương nhân phân phối xăng dầu có trách nhiệm thông báo giá bán với Bộ Công Thương, Bộ Tài chính ngay sau khi quyết định giá bán xăng dầu của doanh nghiệp.

[3] Thời gian điều hành giá xăng dầu

Thời gian điều hành giá xăng dầu được thực hiện vào ngày thứ Năm hàng tuần.

Trường hợp thời gian điều hành giá trùng vào dịp nghỉ Tết Nguyên Đán thì được thực hiện như sau: Nếu ngày thứ Năm trùng vào ngày cuối cùng của năm Âm lịch (29 hoặc 30 Tết Nguyên Đán), việc điều hành giá xăng dầu được thực hiện vào ngày thứ Tư liền kề trước đó. Nếu thứ Năm là ngày mùng 1, mùng 2 hoặc mùng 3 Tết, thời gian điều hành giá xăng dầu được thực hiện vào ngày mùng 4 Tết.

Trường hợp thời gian điều hành giá trùng với ngày nghỉ lễ theo quy định thì được thực hiện như sau: Nếu ngày thứ Năm trùng với ngày đầu tiên dịp nghỉ lễ, thời gian điều hành giá xăng dầu được thực hiện vào ngày thứ Tư liền kề trước đó. Nếu ngày thứ Năm trùng vào các ngày nghỉ lễ còn lại, thời gian điều hành giá xăng dầu được thực hiện vào ngày làm việc đầu tiên sau kỳ nghỉ lễ.

Trường hợp giá các mặt hàng xăng dầu có biến động bất thường, ảnh hưởng đến phát triển kinh tế - xã hội và đời sống nhân dân, Bộ Công Thương có trách nhiệm báo cáo Thủ tướng Chính phủ xem xét, quyết định thời gian điều hành giá xăng dầu cho phù hợp.

[4] Trường hợp các yếu tố cấu thành biến động làm cho giá cơ sở tăng trên mười phần trăm (> 10%) số với giá cơ sở liền kề trước đó hoặc trường hợp giá các mặt hàng xăng dầu có biến động ảnh hưởng lớn đến phát triển kinh tế - xã hội và đời sống nhân dân, Bộ Công Thương có trách nhiệm báo cáo Thủ tướng Chính phủ xem xét, quyết định về biện pháp điều hành cụ thể.

[5] Các mặt hàng xăng dầu nhà nước công bố giá cơ sở là những mặt hàng xăng dầu được tiêu dùng phổ biến trên thị trường.

* Trên đây là Thông tin về Điều chỉnh giá xăng dầu Petrolimex từ 15h00 chiều ngày 21 5 2026 tăng giảm bao nhiêu tiền 1 lít?","tai-nguyen-moi-truong","","","","2026-05-21T00:00:00","https://thuvienphapluat.vn/hoi-dap-phap-luat/dieu-chinh-gia-xang-dau-petrolimex-tu-15h00-chieu-ngay-2152026-tang-giam-bao-nhieu-tien-1-lit-138091407.html","2026-05-21T20:27:55.777759+00:00"
"138091406","MỚI NHẤT bảng giá xăng chiều nay 21/5 Petrolimex điều chỉnh tăng giảm bao nhiêu đồng/lít?","MỚI NHẤT bảng giá xăng chiều nay 21 5 Petrolimex điều chỉnh tăng lên bao nhiêu đồng/lít?

Quyền công bố điều chỉnh giá bán lẻ xăng dầu thuộc về thương nhân phân phối đúng không?

Việc pha chế xăng dầu hiện nay được thực hiện ở đâu?

>>> MỚI NHẤT bảng giá xăng chiều nay 21/5 Petrolimex điều chỉnh tăng giảm bao nhiêu đồng/lít?

>>> Cập nhật giá xăng dầu từ 12h00 trưa ngày 21/5/2026 Petrolimex tăng giảm bao nhiêu tiền 1 lít?

>>> Điều chỉnh giá xăng dầu Petrolimex từ 15h00 chiều ngày 21/5/2026 tăng giảm bao nhiêu tiền 1 lít?

>>> CHÍNH THỨC giá xăng dầu ngày 21/5/2026 từ 15h30 Petrolimex bao nhiêu tiền 1 lít?

>>> Bảng giá xăng E10, E5 chiều tối ngày 21/5/2026 Petrolimex, PVOIL, Petrovietnam sau khi điều chỉnh bao nhiêu tiền 1 lít?

>>> Giá xăng E5 E10 tối nay ngày 21/5/2026 Petrolimex công bố từ 19h00 tăng hay giảm nhiêu tiền một lít?

>>> CHỐT giá xăng dầu ngày 21/5/2026 từ 22h00 tăng giảm như thế nào?

>>> CHÍNH THỨC giá xăng E10 từ 23h ngày 21/5/2026 Petrolimex, PVOIL điều chỉnh bao nhiêu tiền một lít?

MỚI NHẤT bảng giá xăng chiều nay 21/5 Petrolimex điều chỉnh giảm theo kỳ điều hành ngày 14/5/2026 tại Công văn 3392/BCT-TTTN năm 2026.

Dựa theo sự điều hành tại Công văn 3392/BCT-TTTN năm 2026, Petrolimex cũng đã công bố MỚI NHẤT bảng giá xăng chiều nay 21 5 Petrolimex điều chỉnh như sau:

PETROLIMEX

Mặt hàng

Đơn vị tính (Đã bao gồm thuế GTGT)

Vùng 1

Vùng 2

Xăng không chì RON 95-V

Đồng/lít

24.970

25.460

Xăng không chì RON 95-III

Đồng/lít

24.070

24.550

Xăng sinh học E10 RON 95-V

Đồng/lít

24.350

24.830

Xăng sinh học E10 RON 95-III

Đồng/lít

23.450

23.910

Xăng sinh học E5 RON 92-II

Đồng/lít

23.130

23.590

Điêzen 0,001S-V

Đồng/lít

28.480

29.040

Điêzen 0,05S-II

Đồng/lít

27.220

27.760

Dầu hỏa 2-K

Đồng/lít

27.710

28.260

Mazút N°2B (3.5S)

Đồng/kg

20.580

20.990

Mazút 180cst - 0,5S (RMG)

Đồng/kg

23.680

24.150

Đơn vị: đồng/lít - (Giá trên đã bao gồm thuế GTGT và thuế môi trường)

>>> Giá bán cơ sở các mặt hàng xăng dầu tiêu dùng phổ biến áp dụng cho các cây xăng trên toàn quốc như sau:

Mặt hàng

Giá (đơn vị: đồng/lít, kg)

So với kỳ trước

Xăng RON 95-III

24.078

-276

Xăng E5 RON 92

23.134

-656

Dầu điêzen 0.05S

27.226

-268

Dầu madút 180CST 3.5S

20.585

-587

(Bảng giá xăng dầu mới nhất được Bộ Công thương niêm yết lúc 15h ngày 14/5/2026)

Trong đó:

* Trích lập Quỹ Bình ổn giá xăng dầu (nguồn tạm ứng từ ngân sách nhà nước): 0 đồng/lít

* Chi sử dụng Quỹ Bình ổn giá xăng dầu (nguồn tạm ứng từ ngân sách nhà nước): 0 đồng/lít

***

***

* Trên đây là Thông tin về MỚI NHẤT bảng giá xăng chiều nay 21 5 Petrolimex điều chỉnh tăng hay giảm bao nhiêu đồng/lít?

MỚI NHẤT bảng giá xăng chiều nay 21 5 Petrolimex điều chỉnh tăng lên bao nhiêu đồng/lít? (Hình từ Internet)

Căn cứ theo Điều 38 Nghị định 83/2014/NĐ-CP được sửa đổi bổ sung bởi khoản 27 Điều 1 Nghị định 95/2021/NĐ-CP quy định về nguyên tắc điều hành giá xăng dầu như sau:

Như vậy, thương nhân phân phối có quyền công bố điều chỉnh giá bán lẻ xăng dầu phù hợp với chi phí phát sinh thực tế tại doanh nghiệp và không cao hơn giá điều hành do cơ quan nhà nước có thẩm quyền công bố.

Căn cứ tại Điều 12 Nghị định 83/2014/NĐ-CP được sửa đổi bởi khoản 5 Điều 1 Nghị định 95/2021/NĐ-CP quy định về pha chế xăng dầu như sau:

Như vậy, việc pha chế xăng dầu được thực hiện tại nơi sản xuất, xưởng pha chế hoặc kho xăng dầu phục vụ cho nhu cầu xăng dầu nội địa của thương nhân đầu mối.

Trên đây là Thông tin về MỚI NHẤT bảng giá xăng chiều nay 21 5 Petrolimex điều chỉnh tăng hay giảm bao nhiêu đồng/lít?

Điều 38. Nguyên tắc điều hành giá xăng dầu

1. Giá bán xăng dầu được thực hiện theo cơ chế thị trường, có sự điều tiết của Nhà nước, phù hợp với diễn biến giá xăng dầu thế giới và tình hình kinh tế xã hội trong từng thời kỳ.

2. Thương nhân đầu mối kinh doanh xăng dầu và thương nhân phân phối xăng dầu được quyền quyết định giá bán buôn. Căn cứ vào tình hình thực tế tại doanh nghiệp, thương nhân đầu mối kinh doanh xăng dầu và thương nhân phân phối xăng dầu quyết định giá bán lẻ xăng dầu (riêng dầu madút là giá bán buôn) trong hệ thống phân phối của mình phù hợp với chi phí phát sinh thực tế tại doanh nghiệp và không cao hơn giá điều hành do cơ quan nhà nước có thẩm quyền công bố.

Đối với các địa bàn xa cảng, xa kho đầu mối, xa cơ sở sản xuất xăng dầu, nếu có chi phí thực tế phát sinh hợp lý, hợp lệ (đã được kiểm toán) tăng cao dẫn đến giá bán cao hơn giá điều hành, thương nhân đầu mối kinh doanh xăng dầu được quyết định giá bán thực tế tại địa bàn đó (đã được thông báo với Bộ Công Thương) để bù đắp chi phí phát sinh nhưng không vượt quá 2% giá điều hành công bố cùng thời điểm.

Các thương nhân đầu mối kinh doanh xăng dầu, thương nhân phân phối xăng dầu có trách nhiệm thông báo giá bán với Bộ Công Thương, Bộ Tài chính ngay sau khi quyết định giá bán xăng dầu của doanh nghiệp.

[...]

Điều 12. Pha chế xăng dầu

1. Chỉ thương nhân đầu mối được pha chế xăng dầu; pha chế xăng dầu được thực hiện tại nơi sản xuất, xưởng pha chế hoặc kho xăng dầu phục vụ cho nhu cầu xăng dầu nội địa của thương nhân đầu mối.

Thương nhân thuộc các thành phần kinh tế được pha chế xăng dầu trong kho ngoại quan xăng dầu.

2. Trong thời hạn một (01) năm kể từ ngày được cấp Giấy xác nhận đủ điều kiện làm thương nhân đầu mối kinh doanh xăng dầu, thương nhân đầu mối kinh doanh xăng dầu thực hiện pha chế các sản phẩm xăng dầu phải có phòng thử nghiệm đủ năng lực để kiểm tra chất lượng xăng dầu theo quy chuẩn kỹ thuật quốc gia.

3. Thương nhân đầu mối thực hiện pha chế xăng dầu phải đăng ký cơ sở pha chế theo hướng dẫn của Bộ Khoa học và Công nghệ.","tai-nguyen-moi-truong","","","","2026-05-21T00:00:00","https://thuvienphapluat.vn/hoi-dap-phap-luat/moi-nhat-bang-gia-xang-chieu-nay-215-petrolimex-dieu-chinh-tang-giam-bao-nhieu-donglit-138091406.html","2026-05-21T20:28:08.257538+00:00"
"138091408","Cập nhật giá xăng dầu từ 12h00 trưa ngày 21/5/2026 Petrolimex tăng giảm bao nhiêu tiền 1 lít?","Cập nhật giá xăng dầu từ 12h00 trưa ngày 21 5 2026 Petrolimex tăng giảm bao nhiêu tiền 1 lít?

Thương nhân kinh doanh xăng dầu muốn chuyển nhượng cổ phần cho nhà đầu tư nước ngoài thì có cần xin phép Chính phủ không?

Thương nhân phân phối xăng dầu phải thực hiện lộ trình áp dụng tỷ lệ phối trộn nhiên liệu sinh học với nhiên liệu truyền thống theo quy định của cơ quan nào?

>>> MỚI NHẤT bảng giá xăng chiều nay 21/5 Petrolimex điều chỉnh tăng giảm bao nhiêu đồng/lít?

>>> Cập nhật giá xăng dầu từ 12h00 trưa ngày 21/5/2026 Petrolimex tăng giảm bao nhiêu tiền 1 lít?

>>> Điều chỉnh giá xăng dầu Petrolimex từ 15h00 chiều ngày 21/5/2026 tăng giảm bao nhiêu tiền 1 lít?

>>> CHÍNH THỨC giá xăng dầu ngày 21/5/2026 từ 15h30 Petrolimex bao nhiêu tiền 1 lít?

>>> Bảng giá xăng E10, E5 chiều tối ngày 21/5/2026 Petrolimex, PVOIL, Petrovietnam sau khi điều chỉnh bao nhiêu tiền 1 lít?

>>> Giá xăng E5 E10 tối nay ngày 21/5/2026 Petrolimex công bố từ 19h00 tăng hay giảm nhiêu tiền một lít?

>>> CHỐT giá xăng dầu ngày 21/5/2026 từ 22h00 tăng giảm như thế nào?

>>> CHÍNH THỨC giá xăng E10 từ 23h ngày 21/5/2026 Petrolimex, PVOIL điều chỉnh bao nhiêu tiền một lít?

Vừa qua, Petrolimex đã công bố bảng giá xăng dầu Petrolimex từ 12h00 trưa ngày 21/5/2026 áp dụng toàn quốc sau khi đã điều chỉnh theo bảng giá xăng cơ sở tại Công văn 3392/BCT-TTTN năm 2026 như sau:

Mặt hàng

Đơn vị tính (Đã bao gồm thuế GTGT)

Vùng 1

Vùng 2

Xăng không chì RON 95-V

Đồng/lít

24.970

25.460

Xăng không chì RON 95-III

Đồng/lít

24.070

24.550

Xăng sinh học E10 RON 95-V

Đồng/lít

24.350

24.830

Xăng sinh học E10 RON 95-III

Đồng/lít

23.450

23.910

Xăng sinh học E5 RON 92-II

Đồng/lít

23.130

23.590

Điêzen 0,001S-V

Đồng/lít

28.480

29.040

Điêzen 0,05S-II

Đồng/lít

27.220

27.760

Dầu hỏa 2-K

Đồng/lít

27.710

28.260

Mazút N°2B (3.5S)

Đồng/kg

20.580

20.990

Mazút 180cst - 0,5S (RMG)

Đồng/kg

23.680

24.150

Đơn vị: đồng/lít - (Giá trên đã bao gồm thuế GTGT và thuế môi trường)

Mới nhất, 15h ngày 14/5/2026, Bộ Công Thương ban hành Công văn 3392/BCT-TTTN năm 2026 về thông báo giá cơ sở các mặt hàng xăng dầu tiêu dùng phổ biến trên thị trường áp dụng đến khi có kỳ điều hành kế tiếp.

>>> Giá bán cơ sở các mặt hàng xăng dầu tiêu dùng phổ biến áp dụng cho các cây xăng trên toàn quốc như sau:

Mặt hàng

Giá (đơn vị: đồng/lít, kg)

So với kỳ trước

Xăng RON 95-III

24.078

-276

Xăng E5 RON 92

23.134

-656

Dầu điêzen 0.05S

27.226

-268

Dầu madút 180CST 3.5S

20.585

-587

(Bảng giá xăng dầu mới nhất được Bộ Công thương niêm yết lúc 15h ngày 14/5/2026)

***

***

* Trên đây là Thông tin về Cập nhật giá xăng dầu từ 12h00 trưa ngày 21 5 2026 Petrolimex tăng lên bao nhiêu tiền 1 lít?

Cập nhật giá xăng dầu từ 12h00 trưa ngày 21 5 2026 Petrolimex tăng lên bao nhiêu tiền 1 lít? (Hình từ Internet)

Căn cứ tại Điều 5a Nghị định 83/2014/NĐ-CP được bổ sung bởi khoản 4 Điều 1 Nghị định 95/2021/NĐ-CP quy định về chuyển nhượng cổ phần cho nhà đầu tư nước ngoài như sau:

Như vậy, ngoài các thương nhân kinh doanh xăng dầu đã được Thủ tướng Chính phủ phê duyệt góp vốn hoặc chuyển nhượng cổ phần cho nhà đầu tư nước ngoài, thương nhân kinh doanh xăng dầu có hoạt động sản xuất xăng dầu nếu có nhu cầu chuyển nhượng cổ phần cho nhà đầu tư nước ngoài thì phải được Thủ tướng Chính phủ cho phép.

Căn cứ tại khoản 17 Điều 15 Nghị định 83/2014/NĐ-CP được bổ sung bởi khoản 5 Điều 1 Nghị định 80/2023/NĐ-CP quy định về quyền và nghĩa vụ của thương nhân phân phối xăng dầu như sau:

Như vậy, Thương nhân phân phối xăng dầu phải thực hiện lộ trình áp dụng tỷ lệ phối trộn nhiên liệu sinh học với nhiên liệu truyền thống theo quy định của Thủ tướng Chính phủ.

* Trên đây là Thông tin về Cập nhật giá xăng dầu từ 12h00 trưa ngày 21 5 2026 Petrolimex tăng lên bao nhiêu tiền 1 lít?

Điều 5a. Chuyển nhượng cổ phần cho nhà đầu tư nước ngoài

Ngoài các thương nhân kinh doanh xăng dầu đã được Thủ tướng Chính phủ phê duyệt góp vốn hoặc chuyển nhượng cổ phần cho nhà đầu tư nước ngoài, thương nhân kinh doanh xăng dầu có hoạt động sản xuất xăng dầu nếu có nhu cầu chuyển nhượng cổ phần cho nhà đầu tư nước ngoài thì phải được Thủ tướng Chính phủ cho phép.

Điều 15. Quyền và nghĩa vụ của thương nhân phân phối xăng dầu

[...]

11. Kiểm tra, giám sát hoạt động của đại lý bán lẻ xăng dầu, thương nhân nhận quyền bán lẻ xăng dầu trong hệ thống phân phối của mình. Liên đới chịu trách nhiệm đối với các hành vi vi phạm của các thương nhân này trong hoạt động kinh doanh xăng dầu theo quy định hiện hành của pháp luật.

12. Chịu trách nhiệm kiểm tra, giám sát hành trình của phương tiện vận tải xăng dầu từ nơi giao hoặc nhận đến nơi nhận hoặc giao xăng dầu.

13. Phải đăng ký thời gian bán hàng của cửa hàng bán lẻ xăng dầu thuộc sở hữu của thương nhân với Sở Công Thương địa phương nơi cấp Giấy chứng nhận cửa hàng đủ điều kiện bán lẻ xăng dầu cho cửa hàng đó.

14. Phải đăng ký hệ thống phân phối với Bộ Công Thương là cơ quan xác nhận đủ điều kiện làm thương nhân phân phối xăng dầu, với Sở Công Thương địa phương nơi thương nhân có hệ thống phân phối.

[...]

16. Thực hiện lộ trình áp dụng tỷ lệ phối trộn nhiên liệu sinh học với nhiên liệu truyền thống theo quy định của Thủ tướng Chính phủ.

17. Thương nhân phân phối xăng dầu có trách nhiệm báo cáo định kỳ hàng quý tình hình sử dụng kho xăng dầu theo quy định của Bộ Công Thương.

18. Trường hợp doanh nghiệp bị chia, hợp nhất, sáp nhập, chuyển đổi hình thức hoặc không tiếp tục làm thương nhân phân phối xăng dầu, trừ trường hợp việc thay đổi trên không ảnh hưởng đến điều kiện kinh doanh, thương nhân phải thông báo cho Bộ Công Thương để tiến hành thu hồi Giấy xác nhận đủ điều kiện làm thương nhân phân phối xăng dầu.","tai-nguyen-moi-truong","","","","2026-05-21T00:00:00","https://thuvienphapluat.vn/hoi-dap-phap-luat/cap-nhat-gia-xang-dau-tu-12h00-trua-ngay-2152026-petrolimex-tang-giam-bao-nhieu-tien-1-lit-138091408.html","2026-05-21T20:28:14.438209+00:00"
"138091410","CHỐT giá xăng E5 E10 chính thức ngày 21/5/2026 bao nhiêu tiền 1 lít?","CHỐT giá xăng E5 E10 chính thức ngày 21/5/2026 bao nhiêu tiền 1 lít?

7 hành vi bị nghiêm cấm trong điều tra cơ bản về dầu khí và hoạt động dầu khí là những hành vi nào?

2 loại hợp đồng dầu khí gồm những loại nào?

>>> Giá xăng dầu Petrolimex hôm nay 22/5/2026 điều chỉnh 34 tỉnh thành bao nhiêu 1 lít?

>>> Điều chỉnh giá xăng ngày 22/5/2026 trên cả nước giá xăng dầu tăng hay giảm như thế nào?

>>> Bảng giá xăng dầu từ 00h00 ngày 22/5/2026 Petrolimex, PVOIL, Petrovietnam tại các cửa hàng bán lẻ bao nhiêu tiền 1 lít?

>>> Giá xăng dầu hôm nay 22/5/2026 E10, E5, RON95, dầu diesel bao nhiêu tiền 1 lít?

>>> Điều chỉnh bảng giá xăng RON95 Petrolimex ngày 22/5/2026 tăng giảm bao nhiêu tiền 1 lít xăng?

>>> MỚI NHẤT bảng giá xăng E10, E5 ngày 22/5/2026 PETROLIMEX điều chỉnh tăng giảm bao nhiêu tiền 1 lít?

>>> CHỐT giá xăng E5 E10 chính thức ngày 22/5/2026 bao nhiêu tiền 1 lít?

>>> CHÍNH THỨC Giá xăng dầu ngày 22 tháng 5 năm 2026 từ 0h Petrolimex, PVOIL đã tăng lên bao nhiêu?

CHỐT giá xăng E5 E10 chính thức ngày 21/5/2026 từ 15h00 theo Công văn 3607/BCT-TTTN năm 2026 TẢI VỀ về điều hành kinh doanh xăng dầu, mức trích lập và chi sử dụng Quỹ bình ổn giá xăng dầu (BOG) từ 15 giờ 00 phút ngày 21/5/2026:

Mặt hàng

Mức giá cơ sở (Tối đa)

Giá PVOIL công bố

Giá PETROLIMEX công bố

Xăng E10 RON 95-V

-

-

Vùng 1: 25.950

Vùng 2: 26.460

Xăng E10 RON 95-III

-

25.050

Vùng 1: 25.050

Vùng 2: 25.550

Xăng E5 RON 92-II

24.340

24.340

Vùng 1: 24.340

Vùng 2: 24.820

---

Theo đó CHỐT giá xăng E5 E10 chính thức ngày 21/5/2026 như sau:

Mặt hàng

Mức giá cơ sở (Tối đa)

Giá PVOIL công bố

Giá PETROLIMEX công bố

Xăng E10 RON 95-V

-

-

Vùng 1: 24.350

Vùng 2: 24.830

Xăng E10 RON 95-III

-

23.450

Vùng 1: 23.450

Vùng 2: 23.910

Xăng E5 RON 92-II

23.134

23.130

Vùng 1: 23.130

Vùng 2: 23.590

Căn cứ tại Công văn 3392/BCT-TTTN năm 2026 về điều hành kinh doanh xăng dầu, mức trích lập và chi sử dụng Quỹ bình ổn giá xăng dầu (BOG) từ 15 giờ 00 phút ngày 14/5/2026 như sau:

*Trên đây là CHỐT giá xăng E5 E10 chính thức ngày 21/5/2026.

CHỐT giá xăng E5 E10 chính thức ngày 21 5 2026 bao nhiêu tiền 1 lít? (Hình từ Internet)

Căn cứ tại Điều 9 Luật Dầu khí 2022 quy định 7 hành vi bị nghiêm cấm trong điều tra cơ bản về dầu khí và hoạt động dầu khí là:

[1] Thực hiện điều tra cơ bản về dầu khí và hoạt động dầu khí khi chưa được cơ quan quản lý nhà nước có thẩm quyền cho phép.

[2] Lợi dụng điều tra cơ bản về dầu khí và hoạt động dầu khí làm ảnh hưởng đến quốc phòng, an ninh, lợi ích quốc gia, quyền và lợi ích hợp pháp của tổ chức, cá nhân; gây ô nhiễm môi trường.

[3] Lợi dụng điều tra cơ bản về dầu khí và hoạt động dầu khí để khai thác tài nguyên, khoáng sản khác.

[4] Cản trở các hoạt động hợp pháp trong điều tra cơ bản về dầu khí và hoạt động dầu khí.

[5] Cố ý phá hoại tài sản, thiết bị, công trình dầu khí; hủy hoại mẫu vật, thông tin, dữ liệu thu được trong quá trình điều tra cơ bản về dầu khí và hoạt động dầu khí.

[6] Cung cấp trái pháp luật mẫu vật, thông tin, dữ liệu thu được từ điều tra cơ bản về dầu khí và hoạt động dầu khí.

[7] Tham nhũng, thất thoát, lãng phí trong thực hiện điều tra cơ bản về dầu khí và hoạt động dầu khí.

Căn cứ tại Điều 29 Luật Dầu khí 2022 quy định về các loại hợp đồng dầu khí như sau:

Theo đó, 2 loại hợp đồng dầu khí gồm:

[1] Hợp đồng chia sản phẩm dầu khí.

[2] Loại hợp đồng dầu khí khác.

*Bài viết CHỐT giá xăng E5 E10 chính thức ngày 21 5 2026 bao nhiêu tiền 1 lít?

[...]

1. Quỹ Bình ổn giá xăng dầu

1.1. Trích lập Quỹ Bình ổn giá xăng dầu (nguồn tạm ứng từ ngân sách nhà nước)

- Xăng sinh học: 0 đồng/lít;

- Xăng không chì: 0 đồng/lít;

- Dầu điêzen: 0 đồng/lít;

- Dầu madút: 0 đồng/kg.

1.2. Chi sử dụng Quỹ Bình ổn giá xăng dầu (nguồn tạm ứng từ ngân sách nhà nước)

- Xăng sinh học: 0 đồng/lít;

- Xăng không chì: 0 đồng/lít;

- Dầu điêzen: 0 đồng/lít;

- Dầu madút: 0 đồng/kg.

2. Giá bán xăng dầu

Sau khi thực hiện việc trích lập và chi sử dụng Quỹ Bình ổn giá xăng dầu đối với các mặt hàng xăng dầu như tại Mục 1 nêu trên, giá bán các mặt hàng xăng dầu tiêu dùng phổ biến trên thị trường không cao hơn mức giá:

- Xăng E5RON92: không cao hơn 23.134 đồng/lít;

- Xăng RON95-III: không cao hơn 24.078 đồng/lít;

- Dầu điêzen 0.05S: không cao hơn 27.226 đồng/lít;

- Dầu madút 180CST 3.5S: không cao hơn 20.585 đồng/kg.

3. Thời gian thực hiện

- Trích lập và chi sử dụng Quỹ Bình ổn giá xăng dầu đối với các mặt hàng xăng dầu tại Mục 1 nêu trên: Áp dụng từ 15 giờ 00' ngày 14 tháng 5 năm 2026.

[...]

Điều 29. Các loại hợp đồng dầu khí

1. Hợp đồng chia sản phẩm dầu khí.

2. Loại hợp đồng dầu khí khác.","tai-nguyen-moi-truong","","","","2026-05-21T00:00:00","https://thuvienphapluat.vn/hoi-dap-phap-luat/chot-gia-xang-e5-e10-chinh-thuc-ngay-2152026-bao-nhieu-tien-1-lit-138091410.html","2026-05-21T20:28:21.586631+00:00"
"138091413","Giá xăng dầu Petrolimex hôm nay 21/5/2026 điều chỉnh 34 tỉnh thành bao nhiêu 1 lít?","Giá xăng dầu Petrolimex hôm nay 21 5 2026 điều chỉnh 34 tỉnh thành bao nhiêu 1 lít?

Ai có quyền quyết định giá bán buôn xăng dầu?

Kinh doanh xăng dầu bao gồm những hoạt động nào?

>>> Giá xăng dầu Petrolimex hôm nay 22/5/2026 điều chỉnh 34 tỉnh thành bao nhiêu 1 lít?

>>> Điều chỉnh giá xăng ngày 22/5/2026 trên cả nước giá xăng dầu tăng hay giảm như thế nào?

>>> Bảng giá xăng dầu từ 00h00 ngày 22/5/2026 Petrolimex, PVOIL, Petrovietnam tại các cửa hàng bán lẻ bao nhiêu tiền 1 lít?

>>> Giá xăng dầu hôm nay 22/5/2026 E10, E5, RON95, dầu diesel bao nhiêu tiền 1 lít?

>>> Điều chỉnh bảng giá xăng RON95 Petrolimex ngày 22/5/2026 tăng giảm bao nhiêu tiền 1 lít xăng?

>>> MỚI NHẤT bảng giá xăng E10, E5 ngày 22/5/2026 PETROLIMEX điều chỉnh tăng giảm bao nhiêu tiền 1 lít?

>>> CHỐT giá xăng E5 E10 chính thức ngày 22/5/2026 bao nhiêu tiền 1 lít?

>>> CHÍNH THỨC Giá xăng dầu ngày 22 tháng 5 năm 2026 từ 0h Petrolimex, PVOIL đã tăng lên bao nhiêu?

Giá xăng dầu Petrolimex hôm nay 21 5 2026 điều chỉnh 34 tỉnh thành theo Công văn 3607/BCT-TTTN năm 2026 TẢI VỀ về điều hành kinh doanh xăng dầu, mức trích lập và chi sử dụng Quỹ bình ổn giá xăng dầu (BOG) từ 15 giờ 00 phút ngày 21/5/2026.

Mặt hàng

Đơn vị tính (Đã bao gồm thuế GTGT)

Vùng 1

Vùng 2

Xăng không chì RON 95-V

Đồng/lít

26.440

26.960

Xăng không chì RON 95-III

Đồng/lít

25.540

26.050

Xăng sinh học E10 RON 95-V

Đồng/lít

25.950

26.460

Xăng sinh học E10 RON 95-III

Đồng/lít

25.050

25.550

Xăng sinh học E5 RON 92-II

Đồng/lít

24.340

24.820

Điêzen 0,001S-V

Đồng/lít

30.020

30.620

Điêzen 0,05S-II

Đồng/lít

28.760

29.330

Dầu hỏa 2 - K

Đồng/lít

28.360

28.920

Mazút Nº2B (3,5S)

Đồng/kg

21.480

21.900

Mazút 180cst - 0,5S (RMG)

Đồng/kg

24.580

25.070

---

Căn cứ tại Công văn 3392/BCT-TTTN năm 2026 về điều hành kinh doanh xăng dầu, mức trích lập và chi sử dụng Quỹ bình ổn giá xăng dầu (BOG) từ 15 giờ 00 phút ngày 14/5/2026 như sau:

Theo đó thì Petrolimex cũng đã điều chỉnh giá xăng dầu từ 15 giờ 00 phút ngày 14/5/2026 áp dụng tại hệ thống phân phối của Petrolimex trên 34 tỉnh thành theo Công văn 3392/BCT-TTTN năm 2026.

Dưới đây là chính thức giá xăng 34 tỉnh thành được Petrolimex ngày 21/5/2026 công bố như sau:

Mặt hàng

Đơn vị tính (Đã bao gồm thuế GTGT)

Vùng 1

Vùng 2

Xăng không chì RON 95-V

Đồng/lít

24.970

25.460

Xăng không chì RON 95-III

Đồng/lít

24.070

24.550

Xăng sinh học E10 RON 95-V

Đồng/lít

24.350

24.830

Xăng sinh học E10 RON 95-III

Đồng/lít

23.450

23.910

Xăng sinh học E5 RON 92-II

Đồng/lít

23.130

23.590

Điêzen 0,001S-V

Đồng/lít

28.480

29.040

Điêzen 0,05S-II

Đồng/lít

27.220

27.760

Dầu hỏa 2 - K

Đồng/lít

27.710

28.260

Mazút N°2B (3.5S)

Đồng/kg

20.580

20.990

Mazút 180cst - 0,5S (RMG)

Đồng/kg

23.680

24.150

Ghi chú:

Đối với mặt hàng xăng (trừ etanol), dầu Điêzen và dầu hỏa thuộc đối tượng không phải kê khai, tính nộp thuế GTGT nhưng được khấu trừ thuế GTGT đầu vào theo văn bản số 1088/TTTN-XD ngày 15/4/2026 của Bộ Công Thương, mức giá của mặt hàng Mazút là giá bán buôn.

*Thông tin bảng Giá xăng dầu Petrolimex hôm nay 21 5 2026 điều chỉnh 34 tỉnh thành bao nhiêu 1 lít?

Thông tin bảng Giá xăng dầu Petrolimex hôm nay 21 5 2026 điều chỉnh 34 tỉnh thành bao nhiêu 1 lít? (Hình từ Internet)

Căn cứ tại khoản 2 Điều 38 Nghị định 83/2014/NĐ-CP được sửa đỏi bởi khoản 27 Điều 1 Nghị định 95/2021/NĐ-CP và khoản 11 Điều 1 Nghị định 80/2023/NĐ-CP quy định về nguyên tắc điều hành giá xăng dầu như sau:

Theo đó, thương nhân đầu mối kinh doanh xăng dầu và thương nhân phân phối xăng dầu được quyền quyết định giá bán buôn xăng dầu.

Căn cứ tại khoản 2 Điều 3 Nghị định 83/2014/NĐ-CP được sửa đổi bởi khoản 2 Điều 1 Nghị định 95/2021/NĐ-CP giải thích từ ngữ kinh doanh xăng dầu bao gồm các hoạt động: Xuất khẩu (xăng dầu, nguyên liệu sản xuất trong nước và xăng dầu, nguyên liệu có nguồn gốc nhập khẩu), nhập khẩu, tạm nhập tái xuất, chuyển khẩu, gia công xuất khẩu xăng dầu, nguyên liệu; sản xuất và pha chế xăng dầu; phân phối xăng dầu tại thị trường trong nước; dịch vụ cho thuê kho, cảng, tiếp nhận, bảo quản và vận chuyển xăng dầu.

*Bài viết Thông tin bảng Giá xăng dầu Petrolimex hôm nay 21 5 2026 điều chỉnh 34 tỉnh thành bao nhiêu 1 lít?

[...]

1. Quỹ Bình ổn giá xăng dầu

1.1. Trích lập Quỹ Bình ổn giá xăng dầu (nguồn tạm ứng từ ngân sách nhà nước)

- Xăng sinh học: 0 đồng/lít;

- Xăng không chì: 0 đồng/lít;

- Dầu điêzen: 0 đồng/lít;

- Dầu madút: 0 đồng/kg.

1.2. Chi sử dụng Quỹ Bình ổn giá xăng dầu (nguồn tạm ứng từ ngân sách nhà nước)

- Xăng sinh học: 0 đồng/lít;

- Xăng không chì: 0 đồng/lít;

- Dầu điêzen: 0 đồng/lít;

- Dầu madút: 0 đồng/kg.

2. Giá bán xăng dầu

Sau khi thực hiện việc trích lập và chi sử dụng Quỹ Bình ổn giá xăng dầu đối với các mặt hàng xăng dầu như tại Mục 1 nêu trên, giá bán các mặt hàng xăng dầu tiêu dùng phổ biến trên thị trường không cao hơn mức giá:

- Xăng E5RON92: không cao hơn 23.134 đồng/lít;

- Xăng RON95-III: không cao hơn 24.078 đồng/lít;

- Dầu điêzen 0.05S: không cao hơn 27.226 đồng/lít;

- Dầu madút 180CST 3.5S: không cao hơn 20.585 đồng/kg.

3. Thời gian thực hiện

- Trích lập và chi sử dụng Quỹ Bình ổn giá xăng dầu đối với các mặt hàng xăng dầu tại Mục 1 nêu trên: Áp dụng từ 15 giờ 00' ngày 14 tháng 5 năm 2026.

[...]

Điều 38. Nguyên tắc điều hành giá xăng dầu

1. Giá bán xăng dầu được thực hiện theo cơ chế thị trường, có sự điều tiết của Nhà nước, phù hợp với diễn biến giá xăng dầu thế giới và tình hình kinh tế xã hội trong từng thời kỳ.

2. Thương nhân đầu mối kinh doanh xăng dầu và thương nhân phân phối xăng dầu được quyền quyết định giá bán buôn. Căn cứ vào tình hình thực tế tại doanh nghiệp, thương nhân đầu mối kinh doanh xăng dầu và thương nhân phân phối xăng dầu quyết định giá bán lẻ xăng dầu (riêng dầu madút là giá bán buôn) trong hệ thống phân phối của mình phù hợp với chi phí phát sinh thực tế tại doanh nghiệp và không cao hơn giá điều hành do cơ quan nhà nước có thẩm quyền công bố.

Đối với các địa bàn xa cảng, xa kho đầu mối, xa cơ sở sản xuất xăng dầu, nếu có chi phí thực tế phát sinh hợp lý, hợp lệ (đã được kiểm toán) tăng cao dẫn đến giá bán cao hơn giá điều hành, thương nhân đầu mối kinh doanh xăng dầu được quyết định giá bán thực tế tại địa bàn đó (đã được thông báo với Bộ Công Thương) để bù đắp chi phí phát sinh nhưng không vượt quá 2% giá điều hành công bố cùng thời điểm.

Các thương nhân đầu mối kinh doanh xăng dầu, thương nhân phân phối xăng dầu có trách nhiệm thông báo giá bán với Bộ Công Thương, Bộ Tài chính ngay sau khi quyết định giá bán xăng dầu của doanh nghiệp.

3. Thời gian điều hành giá xăng dầu

Thời gian điều hành giá xăng dầu được thực hiện vào ngày thứ Năm hàng tuần.

[...]","tai-nguyen-moi-truong","","","","2026-05-21T00:00:00","https://thuvienphapluat.vn/hoi-dap-phap-luat/gia-xang-dau-petrolimex-hom-nay-2152026-dieu-chinh-34-tinh-thanh-bao-nhieu-1-lit-138091413.html","2026-05-21T20:28:32.351114+00:00"
"138091364","Điều chỉnh bảng giá xăng RON95 Petrolimex ngày 21/5/2026 tăng giảm bao nhiêu tiền 1 lít xăng?","Điều chỉnh bảng giá xăng RON95 Petrolimex ngày 21 5 2026 tăng giảm bao nhiêu tiền 1 lít xăng?

Việc điều hành giá xăng dầu hiện nay được quy định như thế nào?

Nội dung không bắt buộc phải có trên hóa đơn điện tử bán xăng dầu là gì?

>>> Giá xăng dầu Petrolimex hôm nay 22/5/2026 điều chỉnh 34 tỉnh thành bao nhiêu 1 lít?

>>> Điều chỉnh giá xăng ngày 22/5/2026 trên cả nước giá xăng dầu tăng hay giảm như thế nào?

>>> Bảng giá xăng dầu từ 00h00 ngày 22/5/2026 Petrolimex, PVOIL, Petrovietnam tại các cửa hàng bán lẻ bao nhiêu tiền 1 lít?

>>> Giá xăng dầu hôm nay 22/5/2026 E10, E5, RON95, dầu diesel bao nhiêu tiền 1 lít?

>>> Điều chỉnh bảng giá xăng RON95 Petrolimex ngày 22/5/2026 tăng giảm bao nhiêu tiền 1 lít xăng?

>>> MỚI NHẤT bảng giá xăng E10, E5 ngày 22/5/2026 PETROLIMEX điều chỉnh tăng giảm bao nhiêu tiền 1 lít?

>>> CHỐT giá xăng E5 E10 chính thức ngày 22/5/2026 bao nhiêu tiền 1 lít?

>>> CHÍNH THỨC Giá xăng dầu ngày 22 tháng 5 năm 2026 từ 0h Petrolimex, PVOIL đã tăng lên bao nhiêu?

Dựa trên giá xăng cơ sở do Bộ Công thương ban hành, Petrolimex điều chỉnh bảng giá xăng RON95 Petrolimex ngày 21 5 2026 điều chỉnh ở mức như sau:

- Xăng không chì RON 95-III: 24.070 đồng/lít (vùng 1) và 24.550 đồng/lít (vùng 2)

- Xăng không chì RON 95-V: 24.970 đồng/lít (vùng 1) và 25.460 đồng/lít (vùng 2)

- Xăng sinh học E10 RON 95-III: 23.450 đồng/lít (vùng 1) và 23.910 đồng/lít (vùng 2)

Theo đó, lúc 15H ngày 14/5/2026, Bộ Công Thương ban hành Công văn 3392/BCT-TTTN năm 2026 về thông báo giá cơ sở các mặt hàng xăng dầu tiêu dùng phổ biến trên thị trường áp dụng đến khi có kỳ điều hành kế tiếp.

>>> Chi tiết Bảng giá bán cơ sở các mặt hàng xăng dầu tiêu dùng phổ biến trên thị trường:

Mặt hàng

Giá (đơn vị: đồng/lít, kg)

So với kỳ trước

Xăng RON 95-III

24.078

-276

Xăng E5 RON 92

23.134

-656

Dầu điêzen 0.05S

27.226

-268

Dầu madút 180CST 3.5S

20.585

-587

(Bảng giá xăng dầu mới nhất được Bộ Công thương niêm yết lúc 15h ngày 14/5/2026)

Theo đó, giá niêm yết đối với mặt hàng xăng RON95 không cao hơn 24.078 đồng/lít, điều chỉnh giảm 276 đồng/lít so với kỳ điều hành trước đó.

>>> Xem chi tiết Bảng giá xăng ngày 21/5/2026 Petrolimex điều chỉnh như sau:

Đơn vị: đồng/lít

Mặt hàng

Đơn vị tính (Đã bao gồm thuế GTGT)

Vùng 1

Vùng 2

Xăng không chì RON 95-V

Đồng/lít

24.970

25.460

Xăng không chì RON 95-III

Đồng/lít

24.070

24.550

Xăng sinh học E10 RON 95-V

Đồng/lít

24.350

24.830

Xăng sinh học E10 RON 95-III

Đồng/lít

23.450

23.910

Xăng sinh học E5 RON 92-II

Đồng/lít

23.130

23.590

Đơn vị: đồng/lít - (Giá trên đã bao gồm thuế GTGT và thuế môi trường)

Như vậy, dựa trên giá xăng cơ sở do Bộ Công thương ban hành, Petrolimex điều chỉnh bảng giá xăng RON95 Petrolimex ngày 21 5 2026 điều chỉnh ở mức như sau:

- Xăng không chì RON 95-III: 24.070 đồng/lít (vùng 1) và 24.550 đồng/lít (vùng 2)

- Xăng không chì RON 95-V: 24.970 đồng/lít (vùng 1) và 25.460 đồng/lít (vùng 2)

- Xăng sinh học E10 RON 95-III: 23.450 đồng/lít (vùng 1) và 23.910 đồng/lít (vùng 2)

***

* Trên đây là Thông tin về Điều chỉnh bảng giá xăng RON95 Petrolimex ngày 21 5 2026 tăng giảm bao nhiêu tiền 1 lít xăng?

Điều chỉnh bảng giá xăng RON95 Petrolimex ngày 21 5 2026 tăng giảm bao nhiêu tiền 1 lít xăng? (Hình từ Internet)

Căn cứ theo Điều 6a Thông tư 38/2014/TT-BCT được sửa đổi bởi khoản 2 Điều 1 Thông tư 18/2025/TT-BCT quy định về điều hành giá xăng dầu như sau:

- Các mặt hàng xăng dầu nhà nước công bố giá cơ sở là những mặt hàng xăng, dầu được tiêu dùng phổ biến trên thị trường gồm xăng sinh học, xăng khoáng, dầu điêzen, dầu hỏa, dầu madút. Bộ Công Thương xác định từng mặt hàng xăng, dầu tiêu dùng nhiều nhất thuộc các nhóm mặt hàng xăng sinh học, xăng khoáng, dầu điêzen, dầu hỏa, dầu madút để thực hiện công bố giá cơ sở.

- Báo cáo lượng xăng dầu sản xuất trong nước: Định kỳ, trước ngày 29 của tháng cuối quý, thương nhân đầu mối sản xuất xăng dầu báo cáo sản lượng bán xăng dầu trong nước theo từng chủng loại theo Mẫu số 7a tại Phụ lục kèm theo Thông tư 17/2021/TT-BCT trong kỳ từ ngày 21 tháng trước liền kề tháng đầu tiên của quý đến ngày 20 tháng cuối quý về Bộ Công Thương để tổng hợp tính toán, xác định tỷ trọng (%) sản lượng xăng dầu từ nguồn trong nước và nhập khẩu trong công thức giá cơ sở.

- Trên cơ sở số liệu về các yếu tố cấu thành giá cơ sở xăng dầu theo quy định và ý kiến tham gia điều hành giá xăng dầu của Bộ Tài chính bằng văn bản, Bộ Công Thương công bố giá cơ sở và giá bán xăng dầu.

Căn cứ tại điểm c khoản 14 Điều 10 Nghị định 123/2020/NĐ-CP được sửa đổi bởi điểm d khoản 7 Điều 1 Nghị định 70/2025/NĐ-CP quy định về nội dung của hóa đơn như sau:

Như vậy, nội dung không bắt buộc phải có trên hóa đơn điện tử bán xăng dầu cho khách hàng là cá nhân không kinh doanh thì không nhất thiết phải có các chỉ tiêu:

- Tên,

- Địa chỉ,

- Mã số thuế của người mua,

- Chữ ký số của người mua.

Trên đây là Thông tin về Điều chỉnh bảng giá xăng RON95 Petrolimex ngày 21 5 2026 tăng giảm bao nhiêu tiền 1 lít xăng?

Điều 10. Nội dung của hóa đơn

[...]

14. Một số trường hợp hóa đơn điện tử không nhất thiết có đầy đủ các nội dung

a) Trên hóa đơn điện tử không nhất thiết phải có chữ ký điện tử của người mua (bao gồm cả trường hợp lập hóa đơn điện tử khi bán hàng hóa, cung cấp dịch vụ cho khách hàng ở nước ngoài). Trường hợp người mua là cơ sở kinh doanh và người mua, người bán có thỏa thuận về việc người mua đáp ứng các điều kiện kỹ thuật để ký số, ký điện tử trên hóa đơn điện tử do người bán lập thì hóa đơn điện tử có chữ ký số, ký điện tử của người bán và người mua theo thỏa thuận giữa hai bên.

b) Đối với hóa đơn điện tử của cơ quan thuế cấp theo từng lần phát sinh không nhất thiết phải có chữ ký số của người bán, người mua.

c) Đối với hóa đơn điện tử bán hàng tại siêu thị, trung tâm thương mại mà người mua là cá nhân không kinh doanh thì trên hóa đơn không nhất thiết phải có tên, địa chỉ, mã số thuế người mua, chữ ký số của người mua.

Đối với hóa đơn điện tử bán xăng dầu cho khách hàng là cá nhân không kinh doanh thì không nhất thiết phải có các chỉ tiêu: Tên, địa chỉ, mã số thuế của người mua, chữ ký số của người mua.

[...]","tai-nguyen-moi-truong","","","","2026-05-21T00:00:00","https://thuvienphapluat.vn/hoi-dap-phap-luat/dieu-chinh-bang-gia-xang-ron95-petrolimex-ngay-2152026-tang-giam-bao-nhieu-tien-1-lit-xang-138091364.html","2026-05-21T20:28:43.389807+00:00"
"138091425","CHÍNH THỨC giá gas hôm nay 21/5/2026 bao nhiêu tiền một bình?","CHÍNH THỨC giá gas hôm nay 21 5 2026 bao nhiêu tiền một bình?

Cửa hàng bán lẻ LPG chai phải có diện tích tối thiểu bao nhiêu?

Quy định về an toàn vận chuyển LPG chai bằng ô tô như thế nào?

>>> Giá xăng dầu Petrolimex hôm nay 22/5/2026 điều chỉnh 34 tỉnh thành bao nhiêu 1 lít?

>>> Điều chỉnh giá xăng ngày 22/5/2026 trên cả nước giá xăng dầu tăng hay giảm như thế nào?

>>> Bảng giá xăng dầu từ 00h00 ngày 22/5/2026 Petrolimex, PVOIL, Petrovietnam tại các cửa hàng bán lẻ bao nhiêu tiền 1 lít?

>>> Giá xăng dầu hôm nay 22/5/2026 E10, E5, RON95, dầu diesel bao nhiêu tiền 1 lít?

>>> Điều chỉnh bảng giá xăng RON95 Petrolimex ngày 22/5/2026 tăng giảm bao nhiêu tiền 1 lít xăng?

>>> MỚI NHẤT bảng giá xăng E10, E5 ngày 22/5/2026 PETROLIMEX điều chỉnh tăng giảm bao nhiêu tiền 1 lít?

>>> CHỐT giá xăng E5 E10 chính thức ngày 22/5/2026 bao nhiêu tiền 1 lít?

>>> CHÍNH THỨC Giá xăng dầu ngày 22 tháng 5 năm 2026 từ 0h Petrolimex, PVOIL đã tăng lên bao nhiêu?

Theo khoản 10 Điều 20 Nghị định 87/2018/NĐ-CP quy định về tổ chức bán lẻ LPG và LPG chai trong hệ thống phân phối do thương nhân quản lý, bán trực tiếp cho khách hàng sử dụng và niêm yết công khai giá bán lẻ.

Tổng công ty Gas Petrolimex đã công bố bảng giá bán lẻ Gas Petrolimex ngày 21/5/2026 như sau:

Khu vực

Bình 12 kí

Bình 48 kí

Hà Nội

598.104

2.392.416

Hải Phòng

596.160

2.428.704

Đà Nẵng

587.000

2.263.000

Hồ Chí Minh

592.000

2.364.000

Cần Thơ

550.000

2.200.000

Đồng thời Công ty cổ phần kinh doanh LPG Việt Nam thuộc Petrovietnam đã công bố bảng giá bán lẻ Gas hôm nay 21/5/2026 như sau:

Khu vực

Bình 12kg

Bình 45kg

Hiệu lực từ

Hà Nội

610.200 VNĐ

2.288.250 VNĐ

01/5/2026

Bắc Ninh

610.200 VNĐ

2.288.250 VNĐ

01/5/2026

Hải Phòng

594.404 VNĐ

2.229.015 VNĐ

01/5/2026

Quảng Ninh

600.000 VNĐ

2.250.000 VNĐ

01/5/2026

Hưng Yên

587.708 VNĐ

2.203.905 VNĐ

01/5/2026

Ninh Bình

592.340 VNĐ

2.221.275 VNĐ

01/5/2026

Thanh Hóa

620.780 VNĐ

2.327.925 VNĐ

01/5/2026

Thái Nguyên

616.404 VNĐ

2.311.515 VNĐ

01/5/2026

Phú Thọ

615.396 VNĐ

2.307.735 VNĐ

01/5/2026

Lạng Sơn

616.404 VNĐ

2.311.515 VNĐ

01/5/2026

Tuyên Quang

616.404 VNĐ

2.311.515 VNĐ

01/5/2026

Cao Bằng

620.400 VNĐ

2.326.500 VNĐ

01/5/2026

Lào Cai

620.400 VNĐ

2.326.500 VNĐ

01/5/2026

Sơn La

620.400 VNĐ

2.326.500 VNĐ

01/5/2026

Điện Biên

638.400 VNĐ

2.394.000 VNĐ

01/5/2026

Lai Châu

638.400 VNĐ

2.394.000 VNĐ

01/5/2026

Đà Nẵng

652.444 VNĐ

2.446.665 VNĐ

01/5/2026

Thừa Thiên - Huế

612.000 VNĐ

2.295.000 VNĐ

01/5/2026

Quảng Trị

600.000 VNĐ

2.250.000 VNĐ

01/5/2026

Hà Tĩnh

591.472 VNĐ

2.218.020 VNĐ

01/5/2026

Nghệ An

591.472 VNĐ

2.218.020 VNĐ

01/5/2026

Hồ Chí Minh

667.081 VNĐ

2.501.509 VNĐ

01/5/2026

Đồng Nai

667.081 VNĐ

2.501.509 VNĐ

01/5/2026

Tây Ninh

645.076 VNĐ

2.419.020 VNĐ

01/5/2026

Đồng Tháp

661.284 VNĐ

2.479.757 VNĐ

01/5/2026

Vĩnh Long

661.284 VNĐ

2.479.757 VNĐ

01/5/2026

Cần Thơ

661.284 VNĐ

2.479.757 VNĐ

01/5/2026

An Giang

661.284 VNĐ

2.479.757 VNĐ

01/5/2026

Cà Mau

661.284 VNĐ

2.479.757 VNĐ

01/5/2026

Quảng Ngãi

662.757 VNĐ

2.485.280 VNĐ

01/5/2026

Gia Lai

662.757 VNĐ

2.485.280 VNĐ

01/5/2026

Khánh Hòa

662.757 VNĐ

2.485.280 VNĐ

01/5/2026

Lâm Đồng

662.757 VNĐ

2.485.280 VNĐ

01/5/2026

Đắk Lắk

662.757 VNĐ

2.485.280 VNĐ

01/5/2026

Saigon Petro cũng đã công bố bảng giá bán lẻ Gas hôm nay 21/5/2026 như sau:

STT

Mặt hàng

Mức giá kê khai thực hiện từ ngày 01.05.2026

(Đồng/lít thực tế)

1

Chai gas SP loại 45 kg

2.455.000 đ

2

Chai gas SP loại 12 kg (màu xám, đỏ, xanh lam, xanh lá)

654.500 đ

*Trên đây là CHÍNH THỨC giá gas hôm nay 21 5 2026.

CHÍNH THỨC giá gas hôm nay 21 5 2026 bao nhiêu tiền một bình? (Hình từ Internet)

Căn cứ tại khoản 1 Điều 53 Nghị định 87/2018/NĐ-CP quy định về an toàn đối với cửa hàng bán lẻ LPG chai như sau:

Theo đó, cửa hàng lẻ LPG chai phải có diện tích tối thiểu là 12 m2.

Căn cứ tại Điều 54 Nghị định 87/2018/NĐ-CP quy định an toàn vận chuyển LPG chai bằng ô tô như sau:

[1] Ô tô vận chuyển LPG chai phải được cấp giấy phép vận chuyển hàng nguy hiểm theo quy định hiện hành.

[2] Chai phải xếp theo chiều thẳng đứng, van chai ở phía trên. Đối với chai có dung tích trên 99 lít chỉ được xếp một lớp. Chai có dung tích dưới 99 lít được xếp từ 2 lớp trở lên nhưng không được cao hơn thành xe và giữa hai lớp phải có lớp ván lót.

[3] Không được đỗ ô tô nơi gần nguồn gây cháy, nơi có nhiều người và phương tiện qua lại. Trường hợp ô tô tạm đỗ để bốc dỡ hàng phải đỗ ở nơi bảo đảm an toàn cho người và không cản trở các phương tiện giao thông khác.

*Bài viết CHÍNH THỨC giá gas hôm nay 21 5 2026 bao nhiêu tiền một bình?

Điều 53. An toàn đối với cửa hàng bán lẻ LPG chai

1. Cửa hàng phải có diện tích tối thiểu là 12 m2.

2. Cửa hàng phải cách ly với các nguồn gây cháy ít nhất 03 m về phía không có tường chịu lửa; nếu có tường chịu lửa thì không yêu cầu khoảng cách giữa nguồn gây cháy và cửa hàng. Kết cấu xây dựng, bậc chịu lửa của cửa hàng tối thiểu bậc II. Thiết bị điện của cửa hàng phải là loại phòng nổ, cách chai LPG tối thiểu 1,5 m.

3. Chỉ được phép trưng bày trên giá quảng cáo những chai không chứa LPG.

4. Nơi chứa chai LPG phải bảo đảm thông thoáng. Không được bố trí trong phòng kín, hầm kín, không được cất giữ chai LPG ở khu vực cửa ra vào, lối đi công cộng. Trường hợp có kho chứa LPG chai, kho phải có ít nhất 01 cửa chính và 01 lối thoát dự phòng có cửa mở ra phía ngoài.

5. Không được tiến hành sửa chữa chai, nạp LPG tại cửa hàng.","tai-nguyen-moi-truong","","","","2026-05-21T00:00:00","https://thuvienphapluat.vn/hoi-dap-phap-luat/chinh-thuc-gia-gas-hom-nay-2152026-bao-nhieu-tien-mot-binh-138091425.html","2026-05-21T20:28:57.370781+00:00"
"138091363","MỚI NHẤT bảng giá xăng E10, E5 ngày 21/5/2026 PETROLIMEX điều chỉnh tăng giảm bao nhiêu tiền 1 lít?","MỚI NHẤT bảng giá xăng E10 E5 ngày 21 5 2026 PETROLIMEX điều chỉnh tăng giảm bao nhiêu tiền 1 lít?

05 nguyên tắc điều hành giá xăng dầu thực hiện như thế nào?

Quy định về công khai minh bạch trong điều hành giá và kinh doanh xăng dầu ra sao?

>>> Giá xăng dầu Petrolimex hôm nay 22/5/2026 điều chỉnh 34 tỉnh thành bao nhiêu 1 lít?

>>> Điều chỉnh giá xăng ngày 22/5/2026 trên cả nước giá xăng dầu tăng hay giảm như thế nào?

>>> Bảng giá xăng dầu từ 00h00 ngày 22/5/2026 Petrolimex, PVOIL, Petrovietnam tại các cửa hàng bán lẻ bao nhiêu tiền 1 lít?

>>> Giá xăng dầu hôm nay 22/5/2026 E10, E5, RON95, dầu diesel bao nhiêu tiền 1 lít?

>>> Điều chỉnh bảng giá xăng RON95 Petrolimex ngày 22/5/2026 tăng giảm bao nhiêu tiền 1 lít xăng?

>>> MỚI NHẤT bảng giá xăng E10, E5 ngày 22/5/2026 PETROLIMEX điều chỉnh tăng giảm bao nhiêu tiền 1 lít?

>>> CHỐT giá xăng E5 E10 chính thức ngày 22/5/2026 bao nhiêu tiền 1 lít?

>>> CHÍNH THỨC Giá xăng dầu ngày 22 tháng 5 năm 2026 từ 0h Petrolimex, PVOIL đã tăng lên bao nhiêu?

Bảng giá xăng ngày 21/5/2026 PETROLIMEX điều chỉnh giảm theo Công văn 3392/BCT-TTTN năm 2026 về thông báo giá cơ sở các mặt hàng xăng dầu tiêu dùng phổ biến trên thị trường.

>>> Bảng giá xăng E10, E5 ngày 21/5/2026 PETROLIMEX điều chỉnh như sau:

Đơn vị: đồng/lít

PETROLIMEX

Mặt hàng

Đơn vị tính (Đã bao gồm thuế GTGT)

Vùng 1

Vùng 2

Xăng không chì RON 95-V

Đồng/lít

24.970

25.460

Xăng không chì RON 95-III

Đồng/lít

24.070

24.550

Xăng sinh học E10 RON 95-V

Đồng/lít

24.350

24.830

Xăng sinh học E10 RON 95-III

Đồng/lít

23.450

23.910

Xăng sinh học E5 RON 92-II

Đồng/lít

23.130

23.590

Đơn vị: đồng/lít - (Giá trên đã bao gồm thuế GTGT và thuế môi trường)

Cụ thể, Bộ Công Thương ban hành Công văn 3392/BCT-TTTN năm 2026 về thông báo giá cơ sở các mặt hàng xăng dầu tiêu dùng phổ biến trên thị trường áp dụng từ 15h ngày 14/5/2026 đến khi có kỳ điều hành kế tiếp.

- Xăng E5RON92: không cao hơn 23.134 đồng/lít;

- Xăng RON95-III: không cao hơn 24.078 đồng/lít;

- Dầu điêzen 0.055: không cao hơn 27.226 đồng/lít;

- Dầu madút 180CST 3.58: không cao hơn 20.585 đồng/kg.

Trong đó:

- Mức Trích lập Quỹ Bình ổn giá xăng dầu (nguồn tạm ứng từ ngân sách nhà nước): 0 đồng.

- Mức chi sử dụng Quỹ Bình ổn giá xăng dầu (nguồn tạm ứng từ ngân sách nhà nước): 0 đồng.

>>> Bảng giá bán cơ sở các mặt hàng xăng dầu tiêu dùng phổ biến trên thị trường niêm yết theo kỳ điều hành mới nhất:

Mặt hàng

Giá (đơn vị: đồng/lít, kg)

So với kỳ trước

Xăng RON 95-III

24.078

-276

Xăng E5 RON 92

23.134

-656

Dầu điêzen 0.05S

27.226

-268

Dầu madút 180CST 3.5S

20.585

-587

(Bảng giá xăng dầu mới nhất được Bộ Công thương niêm yết lúc 15h ngày 14/5/2026)

***

* Trên đây là Thông tin về MỚI NHẤT bảng giá xăng E10 E5 ngày 21 5 2026 PETROLIMEX sau khi điều chỉnh bao nhiêu tiền 1 lít?

***

MỚI NHẤT bảng giá xăng E10 E5 ngày 21 5 2026 PETROLIMEX sau khi điều chỉnh bao nhiêu tiền 1 lít? (Hình từ Internet)

Căn cứ tại Điều 38 Nghị định 83/2014/NĐ-CP được sửa đỏi bởi khoản 27 Điều 1 Nghị định 95/2021/NĐ-CP và khoản 11 Điều 1 Nghị định 80/2023/NĐ-CP quy định về nguyên tắc điều hành giá xăng dầu như sau:

[1] Giá bán xăng dầu được thực hiện theo cơ chế thị trường, có sự điều tiết của Nhà nước, phù hợp với diễn biến giá xăng dầu thế giới và tình hình kinh tế xã hội trong từng thời kỳ.

[2] Thương nhân đầu mối kinh doanh xăng dầu và thương nhân phân phối xăng dầu được quyền quyết định giá bán buôn. Căn cứ vào tình hình thực tế tại doanh nghiệp, thương nhân đầu mối kinh doanh xăng dầu và thương nhân phân phối xăng dầu quyết định giá bán lẻ xăng dầu (riêng dầu madút là giá bán buôn) trong hệ thống phân phối của mình phù hợp với chi phí phát sinh thực tế tại doanh nghiệp và không cao hơn giá điều hành do cơ quan nhà nước có thẩm quyền công bố.

Đối với các địa bàn xa cảng, xa kho đầu mối, xa cơ sở sản xuất xăng dầu, nếu có chi phí thực tế phát sinh hợp lý, hợp lệ (đã được kiểm toán) tăng cao dẫn đến giá bán cao hơn giá điều hành, thương nhân đầu mối kinh doanh xăng dầu được quyết định giá bán thực tế tại địa bàn đó (đã được thông báo với Bộ Công Thương) để bù đắp chi phí phát sinh nhưng không vượt quá 2% giá điều hành công bố cùng thời điểm.

Các thương nhân đầu mối kinh doanh xăng dầu, thương nhân phân phối xăng dầu có trách nhiệm thông báo giá bán với Bộ Công Thương, Bộ Tài chính ngay sau khi quyết định giá bán xăng dầu của doanh nghiệp.

[3] Thời gian điều hành giá xăng dầu

Thời gian điều hành giá xăng dầu được thực hiện vào ngày thứ Năm hàng tuần.

Trường hợp thời gian điều hành giá trùng vào dịp nghỉ Tết Nguyên Đán thì được thực hiện như sau: Nếu ngày thứ Năm trùng vào ngày cuối cùng của năm Âm lịch (29 hoặc 30 Tết Nguyên Đán), việc điều hành giá xăng dầu được thực hiện vào ngày thứ Tư liền kề trước đó. Nếu thứ Năm là ngày mùng 1, mùng 2 hoặc mùng 3 Tết, thời gian điều hành giá xăng dầu được thực hiện vào ngày mùng 4 Tết.

Trường hợp thời gian điều hành giá trùng với ngày nghỉ lễ theo quy định thì được thực hiện như sau: Nếu ngày thứ Năm trùng với ngày đầu tiên dịp nghỉ lễ, thời gian điều hành giá xăng dầu được thực hiện vào ngày thứ Tư liền kề trước đó. Nếu ngày thứ Năm trùng vào các ngày nghỉ lễ còn lại, thời gian điều hành giá xăng dầu được thực hiện vào ngày làm việc đầu tiên sau kỳ nghỉ lễ.

Trường hợp giá các mặt hàng xăng dầu có biến động bất thường, ảnh hưởng đến phát triển kinh tế - xã hội và đời sống nhân dân, Bộ Công Thương có trách nhiệm báo cáo Thủ tướng Chính phủ xem xét, quyết định thời gian điều hành giá xăng dầu cho phù hợp.

[4] Trường hợp các yếu tố cấu thành biến động làm cho giá cơ sở tăng trên mười phần trăm (> 10%) số với giá cơ sở liền kề trước đó hoặc trường hợp giá các mặt hàng xăng dầu có biến động ảnh hưởng lớn đến phát triển kinh tế - xã hội và đời sống nhân dân, Bộ Công Thương có trách nhiệm báo cáo Thủ tướng Chính phủ xem xét, quyết định về biện pháp điều hành cụ thể.

[5] Các mặt hàng xăng dầu nhà nước công bố giá cơ sở là những mặt hàng xăng dầu được tiêu dùng phổ biến trên thị trường.

Căn cứ tại Điều 39 Nghị định 83/2014/NĐ-CP được sửa đỏi bởi khoản 29 Điều 1 Nghị định 95/2021/NĐ-CP quy định về công khai minh bạch trong điều hành giá và kinh doanh xăng dầu như sau:

[1] Bộ Công Thương chủ trì, phối hợp Bộ Tài chính thực hiện điều hành giá công khai, minh bạch, đúng quy định tại Điều 38 Nghị định 83/2014/NĐ-CP.

[2] Bộ Công Thương có trách nhiệm công bố trên trang thông tin điện tử của mình về: Giá xăng dầu thế giới, giá cơ sở, giá điều hành các mặt hàng xăng dầu; thời điểm áp dụng và mức trích lập, mức chi sử dụng Quỹ bình ổn giá tại các kỳ điều hành giá xăng dầu; các biện pháp khác (nếu có).

Bộ Tài chính, Bộ Công Thương có trách nhiệm công bố trên trang thông tin điện tử của mình về số dư Quỹ bình ổn giá xăng dầu hàng quý.

[3] Thương nhân đầu mối có trách nhiệm công bố trên trang thông tin điện tử của thương nhân hoặc trên phương tiện thông tin đại chúng về giá bán lẻ hiện hành; số trích lập, số sử dụng và số dư Quỹ bình ổn giá xăng dầu hàng tháng và trước mỗi lần điều chỉnh giá bán xăng dầu trong nước; điều chỉnh mức trích, mức sử dụng Quỹ bình ổn giá; công bố báo cáo tài chính trong năm tài chính khi đã được kiểm toán.

Trên đây là Thông tin về Mới nhất bảng giá xăng E10 E5 ngày 21 5 2026 PETROLIMEX sau khi điều chỉnh bao nhiêu tiền 1 lít?","tai-nguyen-moi-truong","","","","2026-05-21T00:00:00","https://thuvienphapluat.vn/hoi-dap-phap-luat/moi-nhat-bang-gia-xang-e10-e5-ngay-2152026-petrolimex-dieu-chinh-tang-giam-bao-nhieu-tien-1-lit-138091363.html","2026-05-21T20:29:08.386342+00:00"
"138091412","Điều chỉnh giá xăng ngày 21/5/2026 trên cả nước giá xăng dầu tăng hay giảm như thế nào?","Điều chỉnh giá xăng ngày 21/5/2026 trên cả nước giá xăng dầu tăng hay giảm như thế nào?

Quỹ bình ổn giá xăng dầu là gì?

Việc trích lập, chi sử dụng Quỹ bình ổn giá được thực hiện như thế nào?

>>> Giá xăng dầu Petrolimex hôm nay 22/5/2026 điều chỉnh 34 tỉnh thành bao nhiêu 1 lít?

>>> Điều chỉnh giá xăng ngày 22/5/2026 trên cả nước giá xăng dầu tăng hay giảm như thế nào?

>>> Bảng giá xăng dầu từ 00h00 ngày 22/5/2026 Petrolimex, PVOIL, Petrovietnam tại các cửa hàng bán lẻ bao nhiêu tiền 1 lít?

>>> Giá xăng dầu hôm nay 22/5/2026 E10, E5, RON95, dầu diesel bao nhiêu tiền 1 lít?

>>> Điều chỉnh bảng giá xăng RON95 Petrolimex ngày 22/5/2026 tăng giảm bao nhiêu tiền 1 lít xăng?

>>> MỚI NHẤT bảng giá xăng E10, E5 ngày 22/5/2026 PETROLIMEX điều chỉnh tăng giảm bao nhiêu tiền 1 lít?

>>> CHỐT giá xăng E5 E10 chính thức ngày 22/5/2026 bao nhiêu tiền 1 lít?

>>> CHÍNH THỨC Giá xăng dầu ngày 22 tháng 5 năm 2026 từ 0h Petrolimex, PVOIL đã tăng lên bao nhiêu?

Điều chỉnh giá xăng ngày 21/5/2026 trên cả nước từ 15h00 theo Công văn 3607/BCT-TTTN năm 2026 TẢI VỀ về điều hành kinh doanh xăng dầu, mức trích lập và chi sử dụng Quỹ bình ổn giá xăng dầu (BOG) từ 15 giờ 00 phút ngày 21/5/2026 như sau:

Xem thêm giá xăng ngày 21 5 2026 trên cả nước do Petrolimex công bố như sau:

Mặt hàng

Đơn vị tính (Đã bao gồm thuế GTGT)

Vùng 1 (đồng/lít, kg)

Vùng 2 (đồng/lít, kg)

Xăng không chì RON 95-V

Đồng/lít

26.440

26.960

Xăng không chì RON 95-III

Đồng/lít

25.540

26.050

Xăng E10 RON 95-V

Đồng/lít

25.950

26.460

Xăng sinh học E10 RON 95-III

Đồng/lít

25.050

25.550

Xăng sinh học E5 RON 92-II

Đồng/lít

24.340

24.820

Xem thêm giá xăng ngày 21 5 2026 trên cả nước do PVOIL (Petrovietnam) công bố như sau:

TT

Mặt hàng

Giá xăng

1

Xăng RON 95-III

25.540

2

Xăng E10 RON 95-III

25.050

3

Xăng E5 RON 92-II

24.340

---

Giá xăng ngày 21/5/2026 trên cả nước được giữ nguyên theo mức giá như sau:

- Xăng E5RON92 không cao hơn 23.134 đồng/lít

- Xăng RON95-III không cao hơn 24.078 đồng/lít

Xem thêm giá xăng ngày 21 5 2026 trên cả nước do Petrolimex công bố như sau:

Mặt hàng

Đơn vị tính (Đã bao gồm thuế GTGT)

Vùng 1 (đồng/lít, kg)

Vùng 2 (đồng/lít, kg)

Xăng không chì RON 95-V

Đồng/lít

24.970

25.460

Xăng không chì RON 95-III

Đồng/lít

24.070

24.550

Xăng E10 RON 95-V

Đồng/lít

24.350

24.830

Xăng sinh học E10 RON 95-III

Đồng/lít

23.450

23.910

Xăng sinh học E5 RON 92-II

Đồng/lít

23.130

23.590

Xem thêm giá xăng ngày 21 5 2026 trên cả nước do PVOIL (Petrovietnam) công bố như sau:

TT

Mặt hàng

Giá xăng

1

Xăng RON 95-III

24.070

2

Xăng E10 RON 95-III

23.450

3

Xăng E5 RON 92-II

23.130

Căn cứ tại Công văn 3392/BCT-TTTN năm 2026 về điều hành kinh doanh xăng dầu, mức trích lập và chi sử dụng Quỹ bình ổn giá xăng dầu (BOG) từ 15 giờ 00 phút ngày 14/5/2026 như sau:

*Trên đây là thông tin Điều chỉnh giá xăng ngày 21 5 2026 trên cả nước giá xăng dầu tăng hay giảm như thế nào?

Điều chỉnh giá xăng ngày 21 5 2026 trên cả nước giá xăng dầu tăng hay giảm như thế nào? (Hình từ Internet)

Căn cứ tại khoản 1 Điều 37 Nghị định 83/2014/NĐ-CP được sửa đổi bởi khoản 27 Điều 1 Nghị định 95/2021/NĐ-CP quy định Quỹ bình ổn giá xăng dầu là Quỹ tài chính không nằm trong cân đối ngân sách nhà nước (sau đây gọi chung là Quỹ bình ổn giá); toàn bộ nguồn trích lập, chi sử dụng để tham gia điều tiết, hỗ trợ cho mục tiêu bình ổn giá bán xăng dầu trong nước.

Thương nhân đầu mối kinh doanh xăng dầu có nghĩa vụ trích lập Quỹ bình ổn giá; hạch toán và theo dõi riêng Quỹ bình ổn giá bằng tài khoản mở tại ngân hàng thương mại, chi nhánh ngân hàng nước ngoài hoạt động hợp pháp tại Việt Nam (sau đây gọi chung là ngân hàng) theo quy định tại Nghị định này và hướng dẫn của Bộ Tài chính. Thương nhân đầu mối kinh doanh xăng dầu chịu trách nhiệm toàn diện trước pháp luật về việc lựa chọn ngân hàng, quản lý và đảm bảo bảo toàn số dư Quỹ bình ổn giá.

Căn cứ tại khoản 1 Điều 37 Nghị định 83/2014/NĐ-CP được sửa đổi bởi khoản 27 Điều 1 Nghị định 95/2021/NĐ-CP quy định về trích lập, chi sử dụng Quỹ bình ổn giá như sau:

- Mức trích lập Quỹ bình ổn giá: là một yếu tố cấu thành giá cơ sở; là một khoản tiền cụ thể tính trên một lít, kg xăng, dầu thực tế tiêu thụ (đồng/lít, kg) theo thông báo điều hành giá xăng dầu của Bộ Công Thương.

Trường hợp tại thời điểm điều hành giá xăng dầu nếu số dư Quỹ bình ổn giá lớn, Bộ Công Thương xem xét có phương án điều chỉnh giảm hoặc tạm dừng trích lập Quỹ bình ổn giá.

- Mức chi sử dụng Quỹ bình ổn giá: là một khoản tiền cụ thể tính trên một lít, kg xăng, dầu thực tế tiêu thụ (đồng/lít, kg) theo thông báo điều hành giá xăng dầu của Bộ Công Thương, được xem xét điều hành linh hoạt trong các trường hợp giá cơ sở tăng cao hoặc việc tăng giá xăng, dầu ảnh hưởng đến phát triển kinh tế - xã hội và đời sống nhân dân.

Thương nhân đầu mối kinh doanh xăng dầu chỉ được chi sử dụng Quỹ bình ổn giá theo thông báo điều hành giá xăng dầu của Bộ Công Thương, không được sử dụng Quỹ bình ổn giá xăng dầu cho các mục đích khác.

- Bộ Công Thương căn cứ tình hình thực tế, số dư Quỹ bình ổn giá, diễn biến giá cơ sở xăng dầu tại thời điểm điều hành giá xăng dầu để quyết định mức trích lập, mức chi sử dụng Quỹ bình ổn giá sau khi thống nhất về chủ trương với Bộ Tài chính.

- Số tiền trích lập, chi sử dụng Quỹ bình ổn giá trong kỳ phải được đối trừ và nộp kịp thời vào tài khoản Quỹ bình ổn giá tại ngân hàng; số dư tài khoản tiền gửi Quỹ bình ổn giá được tính lãi suất theo mức lãi suất áp dụng cho tài khoản tiền gửi thanh toán của ngân hàng nơi thương nhân đầu mối kinh doanh xăng dầu mở tài khoản tiền gửi Quỹ bình ổn giá trong cùng thời kỳ. Phần lãi phát sinh trên tài khoản số dư Quỹ bình ổn giá dương được hạch toán vào Quỹ bình ổn giá.

Thương nhân đầu mối kinh doanh xăng dầu sử dụng Quỹ bình ổn giá theo thông báo điều hành của Bộ Công Thương nhưng tại thời điểm đó số dư của tài khoản tiền gửi Quỹ bình ổn giá không còn (số dư tài khoản tiền gửi Quỹ bình ổn giá tại ngân hàng bằng không (0)), thương nhân đầu mối kinh doanh xăng dầu được vay vốn hoặc sử dụng các nguồn tài chính hợp pháp để bù đắp cho phần chi sử dụng vượt Quỹ bình ổn giá (phần số dư Quỹ bình ổn giá âm).

+ Trường hợp thương nhân đầu mối kinh doanh xăng dầu vay vốn ngân hàng để bù đắp cho phần chi sử dụng vượt Quỹ bình ổn giá, sẽ được tính lãi suất theo mức lãi suất thỏa thuận thấp nhất tại ngân hàng nơi thương nhân đầu mối kinh doanh xăng dầu vay vốn.

+ Trường hợp thương nhân đầu mối kinh doanh xăng dầu sử dụng các nguồn tài chính hợp pháp để bù đắp cho phần chi sử dụng vượt Quỹ bình ổn giá, sẽ được tính lãi suất tối đa bằng mức lãi suất áp dụng cho tài khoản tiền gửi thanh toán thấp nhất của một (01) trong các ngân hàng nơi thương nhân đầu mối mở tài khoản tiền gửi Quỹ bình ổn giá.

*Bài viết điều chỉnh giá xăng ngày 21 5 2026 trên cả nước giá xăng dầu tăng hay giảm như thế nào?

[...]

1. Quỹ Bình ổn giá xăng dầu

1.1. Trích lập Quỹ Bình ổn giá xăng dầu (nguồn tạm ứng từ ngân sách nhà nước)

- Xăng sinh học: 0 đồng/lít;

- Xăng không chì: 0 đồng/lít;

- Dầu điêzen: 0 đồng/lít;

- Dầu madút: 0 đồng/kg.

1.2. Chi sử dụng Quỹ Bình ổn giá xăng dầu (nguồn tạm ứng từ ngân sách nhà nước)

- Xăng sinh học: 0 đồng/lít;

- Xăng không chì: 0 đồng/lít;

- Dầu điêzen: 0 đồng/lít;

- Dầu madút: 0 đồng/kg.

2. Giá bán xăng dầu

Sau khi thực hiện việc trích lập và chi sử dụng Quỹ Bình ổn giá xăng dầu đối với các mặt hàng xăng dầu như tại Mục 1 nêu trên, giá bán các mặt hàng xăng dầu tiêu dùng phổ biến trên thị trường không cao hơn mức giá:

- Xăng E5RON92: không cao hơn 23.134 đồng/lít;

- Xăng RON95-III: không cao hơn 24.078 đồng/lít;

- Dầu điêzen 0.05S: không cao hơn 27.226 đồng/lít;

- Dầu madút 180CST 3.5S: không cao hơn 20.585 đồng/kg.

3. Thời gian thực hiện

- Trích lập và chi sử dụng Quỹ Bình ổn giá xăng dầu đối với các mặt hàng xăng dầu tại Mục 1 nêu trên: Áp dụng từ 15 giờ 00' ngày 14 tháng 5 năm 2026.

[...]","tai-nguyen-moi-truong","","","","2026-05-21T00:00:00","https://thuvienphapluat.vn/hoi-dap-phap-luat/dieu-chinh-gia-xang-ngay-2152026-tren-ca-nuoc-gia-xang-dau-tang-hay-giam-nhu-the-nao-138091412.html","2026-05-21T20:29:19.456066+00:00"
"138091414","CHÍNH THỨC Giá xăng dầu ngày 21 tháng 5 năm 2026 từ 0h Petrolimex, PVOIL giá công bố mới nhất ra sao?","CHÍNH THỨC Giá xăng dầu ngày 21 tháng 5 năm 2026 từ 0h Petrolimex, PVOIL giá công bố mới nhất ra sao?

Giá xăng dầu ngày 21 5 2026 được áp dụng kéo dài tới ngày nào thì thay đổi?

Thứ mấy Bộ Công thưng công bố điều chỉnh giá xăng dầu trong nước định kỳ?

>>> MỚI NHẤT bảng giá xăng chiều nay 21/5 Petrolimex điều chỉnh tăng giảm bao nhiêu đồng/lít?

>>> Cập nhật giá xăng dầu từ 12h00 trưa ngày 21/5/2026 Petrolimex tăng giảm bao nhiêu tiền 1 lít?

>>> Điều chỉnh giá xăng dầu Petrolimex từ 15h00 chiều ngày 21/5/2026 tăng giảm bao nhiêu tiền 1 lít?

>>> CHÍNH THỨC giá xăng dầu ngày 21/5/2026 từ 15h30 Petrolimex bao nhiêu tiền 1 lít?

>>> Bảng giá xăng E10, E5 chiều tối ngày 21/5/2026 Petrolimex, PVOIL, Petrovietnam sau khi điều chỉnh bao nhiêu tiền 1 lít?

>>> Giá xăng E5 E10 tối nay ngày 21/5/2026 Petrolimex công bố từ 19h00 tăng hay giảm nhiêu tiền một lít?

>>> CHỐT giá xăng dầu ngày 21/5/2026 từ 22h00 tăng giảm như thế nào?

>>> CHÍNH THỨC giá xăng E10 từ 23h ngày 21/5/2026 Petrolimex, PVOIL điều chỉnh bao nhiêu tiền một lít?

Cập nhật chính thức giá xăng dầu ngày 21 tháng 5 năm 2026 từ 0h hôm nay tiếp tục thực hiện theo giá Bộ Công thương công bố tại Công văn 3392/BCT-TTTN năm 2026 bắt đầu lúc 15h ngày 14/5/2026.

Cụ thể tại kỳ công bố mới nhất, giá bán các mặt hàng xăng dầu tiêu dùng phổ biến trên thị trường không cao hơn mức giá:

- Xăng E5RON92: không cao hơn 23.130 đồng/lít;

- Xăng RON95-III: không cao hơn 24.070 đồng/lít;

- Dầu điêzen 0.05S: không cao hơn 27.220 đồng/lít;

- Dầu madút 180CST 3.5S: không cao hơn 20.580 đồng/kg.

Đối với giá xăng dầu ngày 21 tháng 5 năm 2026 bán lẻ từ 0h Petrolimex, PVOIL, Petrovietnam đang được niêm yết như sau:

Bảng giá xăng dầu ngày 21 tháng 5 năm 2026

Sản phẩm

Petrolimex Vùng 1

Petrolimex Vùng 2

PVOIL, Petrovietnam

Xăng RON 95-V

24.970

25.460

-

Xăng RON 95-III

24.070

24.550

24.070

Xăng E10 RON 95-V

24.350

24.830

-

Xăng E10 RON 95-III

23.450

23.910

23.450

Xăng E5 RON 92-II

23.130

23.590

23.130

DO 0,001S-V

28.480

29.040

28.480

DO 0,05S-II

27.220

27.760

27.220

Dầu hỏa 2-K

27.710

28.260

-

Đơn vị: đồng/lít - (Giá trên đã bao gồm thuế GTGT và thuế môi trường).

* Trên đây là toàn bộ nội dung CHÍNH THỨC Giá xăng dầu ngày 21 tháng 5 năm 2026 từ 0h Petrolimex, PVOIL công bố mới nhất

CHÍNH THỨC Giá xăng dầu ngày 21 tháng 5 năm 2026 từ 0h Petrolimex, PVOIL giá công bố mới nhất ra sao? (Hình từ Internet)

Căn cứ theo nội dung Công văn 3392/BCT-TTTN năm 2026 như sau:

Giá xăng dầu ngày 21 5 2026 hiện hành được duy trì áp dụng từ kỳ điều hành ngày 14/5/2026 và kéo dài cho đến trước khi Bộ Công Thương công bố mức giá xăng dầu mới tiếp theo.

Theo Điều 38 Nghị định 83/2014/NĐ-CP, sửa đổi tại khoản 27 Điều 1 Nghị định 95/2021/NĐ-CP và khoản 11 Điều 1 Nghị định 80/2023/NĐ-CP quy định như sau:

Như vậy, lịch công bố điều chỉnh giá xăng dầu định kỳ được thực hiện vào ngày thứ Năm hằng tuần theo quy định hiện hành.

Trường hợp trùng với dịp lễ, Tết hoặc có biến động bất thường của thị trường, thời gian điều hành sẽ được điều chỉnh linh hoạt sang ngày liền kề phù hợp hoặc theo quyết định của cơ quan có thẩm quyền.

3. Thời gian thực hiện

- Trích lập và chi sử dụng Quỹ Bình ổn giá xăng dầu đối với các mặt hàng xăng dầu tại Mục 1 nêu trên: Áp dụng từ 15 giờ 00’ ngày 14 tháng 5 năm 2026.

- Điều chỉnh giá bán các mặt hàng xăng dầu: Do thương nhân đầu mối kinh doanh xăng dầu, thương nhân phân phối xăng dầu quy định nhưng không muộn hơn 15 giờ 00’ ngày 14 tháng 5 năm 2026.

- Kể từ 15 giờ 00’ ngày 14 tháng 5 năm 2026, là thời điểm Bộ Công Thương thông báo giá xăng dầu tại Công văn này cho đến trước ngày Bộ Công Thương thông báo giá bán xăng dầu tiếp theo, việc điều chỉnh giá bán các mặt hàng xăng dầu do thương nhân đầu mối kinh doanh xăng dầu, thương nhân phân phối xăng dầu quyết định phù hợp với các quy định tại Nghị định số 83/2014/NĐ-CP, Nghị định số 95/2021/NĐ-CP, Nghị định số 80/2023/NĐ-CP, Thông tư số 17/2021/TT-BCT, Thông tư số 18/2025/TT-BCT, Thông tư số 103/2021/TT-BTC, Thông tư số 104/2021/TT-BTC, Thông tư số 19/2026/TT-BCT ngày 03/4/2026 của Bộ trưởng Bộ Công Thương, Thông tư số 21/2026/TT-BCT ngày 28/4/2026 của Bộ trưởng Bộ Công Thương.

4. Bộ Công Thương sẽ phối hợp với các cơ quan chức năng kiểm tra, giám sát việc thực hiện trách nhiệm bảo đảm nguồn cung xăng dầu cho thị trường của các thương nhân kinh doanh xăng dầu và sẽ xử lý nghiêm các hành vi vi phạm nếu có.

Bộ Công Thương sẽ tiếp tục theo dõi sát diễn biến thị trường để có biện pháp điều hành giá xăng dầu phù hợp, đúng chỉ đạo của Chính phủ, Thủ tướng Chính phủ.

Bộ Công Thương thông báo các thương nhân đầu mối kinh doanh xăng dầu, thương nhân phân phối xăng dầu biết, thực hiện và báo cáo tình hình thực hiện về Bộ Công Thương, Bộ Tài chính để giám sát theo quy định./.

Điều 38. Nguyên tắc điều hành giá xăng dầu

[...]

3. Thời gian điều hành giá xăng dầu

Thời gian điều hành giá xăng dầu được thực hiện vào ngày thứ Năm hàng tuần.

Trường hợp thời gian điều hành giá trùng vào dịp nghỉ Tết Nguyên Đán thì được thực hiện như sau: Nếu ngày thứ Năm trùng vào ngày cuối cùng của năm Âm lịch (29 hoặc 30 Tết Nguyên Đán), việc điều hành giá xăng dầu được thực hiện vào ngày thứ Tư liền kề trước đó. Nếu thứ Năm là ngày mùng 1, mùng 2 hoặc mùng 3 Tết, thời gian điều hành giá xăng dầu được thực hiện vào ngày mùng 4 Tết.

Trường hợp thời gian điều hành giá trùng với ngày nghỉ lễ theo quy định thì được thực hiện như sau: Nếu ngày thứ Năm trùng với ngày đầu tiên dịp nghỉ lễ, thời gian điều hành giá xăng dầu được thực hiện vào ngày thứ Tư liền kề trước đó. Nếu ngày thứ Năm trùng vào các ngày nghỉ lễ còn lại, thời gian điều hành giá xăng dầu được thực hiện vào ngày làm việc đầu tiên sau kỳ nghỉ lễ.

Trường hợp giá các mặt hàng xăng dầu có biến động bất thường, ảnh hưởng đến phát triển kinh tế - xã hội và đời sống nhân dân, Bộ Công Thương có trách nhiệm báo cáo Thủ tướng Chính phủ xem xét, quyết định thời gian điều hành giá xăng dầu cho phù hợp.","tai-nguyen-moi-truong","","","","2026-05-21T00:00:00","https://thuvienphapluat.vn/hoi-dap-phap-luat/chinh-thuc-gia-xang-dau-ngay-21-thang-5-nam-2026-tu-0h-petrolimex-pvoil-gia-cong-bo-moi-nhat-ra-sao-138091414.html","2026-05-21T20:29:29.116982+00:00"
"138091362","Giá xăng dầu hôm nay 21/5/2026 E10, E5, RON95, dầu diesel bao nhiêu tiền 1 lít?","Giá xăng dầu hôm nay 21 5 2026 E10 E5 RON95 dầu diesel bao nhiêu tiền 1 lít?

Quyền công bố điều chỉnh giá bán lẻ xăng dầu thuộc về thương nhân phân phối đúng không?

Việc pha chế xăng dầu hiện nay được thực hiện ở đâu?

>>> Giá xăng dầu Petrolimex hôm nay 22/5/2026 điều chỉnh 34 tỉnh thành bao nhiêu 1 lít?

>>> Điều chỉnh giá xăng ngày 22/5/2026 trên cả nước giá xăng dầu tăng hay giảm như thế nào?

>>> Bảng giá xăng dầu từ 00h00 ngày 22/5/2026 Petrolimex, PVOIL, Petrovietnam tại các cửa hàng bán lẻ bao nhiêu tiền 1 lít?

>>> Giá xăng dầu hôm nay 22/5/2026 E10, E5, RON95, dầu diesel bao nhiêu tiền 1 lít?

>>> Điều chỉnh bảng giá xăng RON95 Petrolimex ngày 22/5/2026 tăng giảm bao nhiêu tiền 1 lít xăng?

>>> MỚI NHẤT bảng giá xăng E10, E5 ngày 22/5/2026 PETROLIMEX điều chỉnh tăng giảm bao nhiêu tiền 1 lít?

>>> CHỐT giá xăng E5 E10 chính thức ngày 22/5/2026 bao nhiêu tiền 1 lít?

>>> CHÍNH THỨC Giá xăng dầu ngày 22 tháng 5 năm 2026 từ 0h Petrolimex, PVOIL đã tăng lên bao nhiêu?

Giá xăng dầu hôm nay 21/5/2026 E5, E10, RON95, dầu diesel được điều hành bởi Bộ Công Thương tại Công văn 3392/BCT-TTTN năm 2026 về thông báo giá cơ sở áp dụng cho các mặt hàng xăng dầu.

Theo đó, Mới nhất bảng giá xăng dầu 21/5/2026 E10 E5 RON95 dầu diesel như sau:

Đơn vị: đồng/lít

Mặt hàng

Đơn vị tính (Đã bao gồm thuế GTGT)

Vùng 1

Vùng 2

Xăng không chì RON 95-V

Đồng/lít

24.970

25.460

Xăng không chì RON 95-III

Đồng/lít

24.070

24.550

Xăng sinh học E10 RON 95-V

Đồng/lít

24.350

24.830

Xăng sinh học E10 RON 95-III

Đồng/lít

23.450

23.910

Xăng sinh học E5 RON 92-II

Đồng/lít

23.130

23.590

Điêzen 0,001S-V

Đồng/lít

28.480

29.040

Điêzen 0,05S-II

Đồng/lít

27.220

27.760

Ghi chú:

+ Mức giá trên là giá bán lẻ; Riêng mặt hàng Mazút là giá bán buôn; Các mặt hàng Xăng và DO không chịu thuế GTGT.

>>> Chi tiết Bảng giá bán cơ sở các mặt hàng xăng dầu tiêu dùng phổ biến trên thị trường:

Mặt hàng

Giá (đơn vị: đồng/lít, kg)

So với kỳ trước

Xăng RON 95-III

24.078

-276

Xăng E5 RON 92

23.134

-656

Dầu điêzen 0.05S

27.226

-268

Dầu madút 180CST 3.5S

20.585

-587

(Bảng giá xăng dầu mới nhất được Bộ Công thương niêm yết lúc 15h ngày 14/5/2026)

***

* Trên đây là Thông tin về Giá xăng dầu hôm nay 21 5 2026 E10 E5 RON95 dầu diesel bao nhiêu tiền 1 lít?

Giá xăng dầu hôm nay 21 5 2026 E10 E5 RON95 dầu diesel bao nhiêu tiền 1 lít? (Hình từ Internet)

Căn cứ theo Điều 38 Nghị định 83/2014/NĐ-CP được sửa đổi bổ sung bởi khoản 27 Điều 1 Nghị định 95/2021/NĐ-CP quy định về nguyên tắc điều hành giá xăng dầu như sau:

Như vậy, thương nhân phân phối có quyền công bố điều chỉnh giá bán lẻ xăng dầu phù hợp với chi phí phát sinh thực tế tại doanh nghiệp và không cao hơn giá điều hành do cơ quan nhà nước có thẩm quyền công bố.

Căn cứ tại Điều 12 Nghị định 83/2014/NĐ-CP được sửa đổi bởi khoản 5 Điều 1 Nghị định 95/2021/NĐ-CP quy định về pha chế xăng dầu như sau:

Như vậy, việc pha chế xăng dầu được thực hiện tại một trong những địa điểm sau đây:

- Nơi sản xuất

- Xưởng pha chế

- Kho xăng dầu phục vụ cho nhu cầu xăng dầu nội địa của thương nhân đầu mối.

Trên đây là Thông tin về Giá xăng dầu hôm nay 21 5 2026 E10 E5 RON95 dầu diesel bao nhiêu tiền 1 lít?

Điều 38. Nguyên tắc điều hành giá xăng dầu

1. Giá bán xăng dầu được thực hiện theo cơ chế thị trường, có sự điều tiết của Nhà nước, phù hợp với diễn biến giá xăng dầu thế giới và tình hình kinh tế xã hội trong từng thời kỳ.

2. Thương nhân đầu mối kinh doanh xăng dầu và thương nhân phân phối xăng dầu được quyền quyết định giá bán buôn. Căn cứ vào tình hình thực tế tại doanh nghiệp, thương nhân đầu mối kinh doanh xăng dầu và thương nhân phân phối xăng dầu quyết định giá bán lẻ xăng dầu (riêng dầu madút là giá bán buôn) trong hệ thống phân phối của mình phù hợp với chi phí phát sinh thực tế tại doanh nghiệp và không cao hơn giá điều hành do cơ quan nhà nước có thẩm quyền công bố.

Đối với các địa bàn xa cảng, xa kho đầu mối, xa cơ sở sản xuất xăng dầu, nếu có chi phí thực tế phát sinh hợp lý, hợp lệ (đã được kiểm toán) tăng cao dẫn đến giá bán cao hơn giá điều hành, thương nhân đầu mối kinh doanh xăng dầu được quyết định giá bán thực tế tại địa bàn đó (đã được thông báo với Bộ Công Thương) để bù đắp chi phí phát sinh nhưng không vượt quá 2% giá điều hành công bố cùng thời điểm.

Các thương nhân đầu mối kinh doanh xăng dầu, thương nhân phân phối xăng dầu có trách nhiệm thông báo giá bán với Bộ Công Thương, Bộ Tài chính ngay sau khi quyết định giá bán xăng dầu của doanh nghiệp.

[...]

Điều 12. Pha chế xăng dầu

1. Chỉ thương nhân đầu mối được pha chế xăng dầu; pha chế xăng dầu được thực hiện tại nơi sản xuất, xưởng pha chế hoặc kho xăng dầu phục vụ cho nhu cầu xăng dầu nội địa của thương nhân đầu mối.

Thương nhân thuộc các thành phần kinh tế được pha chế xăng dầu trong kho ngoại quan xăng dầu.

2. Trong thời hạn một (01) năm kể từ ngày được cấp Giấy xác nhận đủ điều kiện làm thương nhân đầu mối kinh doanh xăng dầu, thương nhân đầu mối kinh doanh xăng dầu thực hiện pha chế các sản phẩm xăng dầu phải có phòng thử nghiệm đủ năng lực để kiểm tra chất lượng xăng dầu theo quy chuẩn kỹ thuật quốc gia.

3. Thương nhân đầu mối thực hiện pha chế xăng dầu phải đăng ký cơ sở pha chế theo hướng dẫn của Bộ Khoa học và Công nghệ.","tai-nguyen-moi-truong","","","","2026-05-21T00:00:00","https://thuvienphapluat.vn/hoi-dap-phap-luat/gia-xang-dau-hom-nay-2152026-e10-e5-ron95-dau-diesel-bao-nhieu-tien-1-lit-138091362.html","2026-05-21T20:29:43.624082+00:00"
"138091361","Bảng giá xăng dầu từ 00h00 ngày 21/5/2026 Petrolimex, PVOIL, Petrovietnam tại các cửa hàng bán lẻ bao nhiêu tiền 1 lít?","Bảng giá xăng dầu từ 00h00 ngày 21 5 2026 Petrolimex PVOIL Petrovietnam tại các cửa hàng bán lẻ bao nhiêu tiền 1 lít?

Đại lý bán lẻ xăng dầu được ký hợp đồng đại lý cho tối đa bao nhiêu thương nhân?

Thương nhân phân phối có quyền quyết định giá bán lẻ xăng dầu không?

>>> Giá xăng dầu Petrolimex hôm nay 22/5/2026 điều chỉnh 34 tỉnh thành bao nhiêu 1 lít?

>>> Điều chỉnh giá xăng ngày 22/5/2026 trên cả nước giá xăng dầu tăng hay giảm như thế nào?

>>> Bảng giá xăng dầu từ 00h00 ngày 22/5/2026 Petrolimex, PVOIL, Petrovietnam tại các cửa hàng bán lẻ bao nhiêu tiền 1 lít?

>>> Giá xăng dầu hôm nay 22/5/2026 E10, E5, RON95, dầu diesel bao nhiêu tiền 1 lít?

>>> Điều chỉnh bảng giá xăng RON95 Petrolimex ngày 22/5/2026 tăng giảm bao nhiêu tiền 1 lít xăng?

>>> MỚI NHẤT bảng giá xăng E10, E5 ngày 22/5/2026 PETROLIMEX điều chỉnh tăng giảm bao nhiêu tiền 1 lít?

>>> CHỐT giá xăng E5 E10 chính thức ngày 22/5/2026 bao nhiêu tiền 1 lít?

>>> CHÍNH THỨC Giá xăng dầu ngày 22 tháng 5 năm 2026 từ 0h Petrolimex, PVOIL đã tăng lên bao nhiêu?

Bảng giá xăng dầu từ 00h00 hôm nay 21/5 Petrolimex, PVOIL Petrovietnam tại các cửa hàng bán lẻ dựa theo sự điều hành của Bộ Công Thương tại Công văn 3392/BCT-TTTN năm 2026 đến khi có kỳ điều hành kế tiếp như sau:

[1] PETROLIMEX

Mặt hàng

Đơn vị tính (Đã bao gồm thuế GTGT)

Vùng 1

Vùng 2

Xăng không chì RON 95-V

Đồng/lít

24.970

25.460

Xăng không chì RON 95-III

Đồng/lít

24.070

24.550

Xăng sinh học E10 RON 95-V

Đồng/lít

24.350

24.830

Xăng sinh học E10 RON 95-III

Đồng/lít

23.450

23.910

Xăng sinh học E5 RON 92-II

Đồng/lít

23.130

23.590

Điêzen 0,001S-V

Đồng/lít

28.480

29.040

Điêzen 0,05S-II

Đồng/lít

27.220

27.760

Dầu hỏa 2-K

Đồng/lít

27.710

28.260

Mazút N°2B (3.5S)

Đồng/kg

20.580

20.990

Mazút 180cst - 0,5S (RMG)

Đồng/kg

23.680

24.150

Ghi chú:

+ Mức giá trên là giá bán lẻ; Riêng mặt hàng Mazút là giá bán buôn; Các mặt hàng Xăng và DO không chịu thuế GTGT.

[2] PVOIL, PETROVIETNAM

STT

Mặt hàng xăng dầu

Giá điều chỉnh lúc 15:00 ngày 14/5/2026(Đồng/lít thực tế)

1

Xăng RON 95-III

24.070 đ

2

Xăng E10 RON 95-III

23.450 đ

3

Xăng E5 RON 92-II

23.130 đ

4

Dầu DO 0,05S-II

27.220 đ

5

Dầu DO 0,001S-V

28.480 đ

(Giá trên đã bao gồm thuế GTGT và thuế môi trường)

>>> Giá bán cơ sở các mặt hàng xăng dầu tiêu dùng phổ biến áp dụng cho các cây xăng trên toàn quốc như sau:

Mặt hàng

Giá (đơn vị: đồng/lít, kg)

So với kỳ trước

Xăng RON 95-III

24.078

-276

Xăng E5 RON 92

23.134

-656

Dầu điêzen 0.05S

27.226

-268

Dầu madút 180CST 3.5S

20.585

-587

(Bảng giá xăng dầu mới nhất được Bộ Công thương niêm yết lúc 15h ngày 14/5/2026)

Trong đó:

* Trích lập Quỹ Bình ổn giá xăng dầu (nguồn tạm ứng từ ngân sách nhà nước): 0 đồng/lít

* Chi sử dụng Quỹ Bình ổn giá xăng dầu (nguồn tạm ứng từ ngân sách nhà nước): 0 đồng/lít

Như vậy, Bảng giá xăng dầu hôm nay 20 5 tại các cây xăng trên toàn quốc Petrolimex, PVOIL, Petrovietnam sau khi điều chỉnh theo giá cơ sở niêm yết của Bộ Công Thương.

***

* Trên đây là Thông tin về Bảng giá xăng dầu từ 00h00 ngày 21 5 2026 bảng giá xăng dầu Petrolimex, bảng giá xăng dầu PVOIL, bảng giá xăng dầu Petrovietnam bán lẻ bao nhiêu tiền 1 lít?

Bảng giá xăng dầu từ 00h00 ngày 21 5 2026 Petrolimex PVOIL Petrovietnam tại các cửa hàng bán lẻ bao nhiêu tiền 1 lít? (Hình từ Internet)

Căn cứ tại khoản 2 Điều 21 Nghị định 83/2014/NĐ-CP sửa đổi bởi khoản 7 Điều 1 Nghị định 80/2023/NĐ-CP quy định về quyền và nghĩa vụ của đại lý bán lẻ xăng dầu như sau:

Như vậy, chỉ được ký hợp đồng đại lý bán lẻ xăng dầu cho tối đa ba (03) thương nhân là thương nhân phân phối xăng dầu hoặc thương nhân đầu mối kinh doanh xăng dầu.

Căn cứ theo Điều 38 Nghị định 83/2014/NĐ-CP được sửa đổi bổ sung bởi khoản 27 Điều 1 Nghị định 95/2021/NĐ-CP quy định về nguyên tắc điều hành giá xăng dầu như sau:

Như vậy, thương nhân phân phối có quyền quyết định giá bán lẻ xăng dầu phù hợp với chi phí phát sinh thực tế tại doanh nghiệp và không cao hơn giá điều hành do cơ quan nhà nước có thẩm quyền công bố.

Trên đây là Thông tin về Bảng giá xăng dầu từ 00h00 ngày 21 5 bảng giá xăng dầu Petrolimex, bảng giá xăng dầu PVOIL, bảng giá xăng dầu Petrovietnam bán lẻ bao nhiêu tiền 1 lít?

Điều 21. Quyền và nghĩa vụ của đại lý bán lẻ xăng dầu

1. Được bán lẻ xăng dầu tại cửa hàng bán lẻ xăng dầu của mình theo giá bán lẻ do thương nhân đầu mối hoặc thương nhân phân phối xăng dầu quy định.

Được kinh doanh xăng dầu theo hình thức là bên đại lý cho tổng đại lý hoặc thương nhân phân phối xăng dầu hoặc thương nhân đầu mối và được hưởng thù lao đại lý.

2. Chỉ được ký hợp đồng làm đại lý bán lẻ xăng dầu cho tối đa ba (03) thương nhân là thương nhân phân phối xăng dầu hoặc thương nhân đầu mối kinh doanh xăng dầu.

3. Thương nhân đã ký hợp đồng làm đại lý bán lẻ xăng dầu cho ba (03) thương nhân là thương nhân phân phối xăng dầu hoặc thương nhân đầu mối kinh doanh xăng dầu, không được ký thêm hợp đồng làm đại lý bán lẻ xăng dầu cho thương nhân phân phối xăng dầu hoặc thương nhân đầu mối kinh doanh xăng dầu khác. Đại lý bán lẻ xăng dầu phải nằm trong hệ thống phân phối của thương nhân phân phối xăng dầu hoặc thương nhân đầu mối kinh doanh xăng dầu và chịu sự kiểm soát của thương nhân đó.

[...]

Điều 38. Nguyên tắc điều hành giá xăng dầu

1. Giá bán xăng dầu được thực hiện theo cơ chế thị trường, có sự điều tiết của Nhà nước, phù hợp với diễn biến giá xăng dầu thế giới và tình hình kinh tế xã hội trong từng thời kỳ.

2. Thương nhân đầu mối kinh doanh xăng dầu và thương nhân phân phối xăng dầu được quyền quyết định giá bán buôn. Căn cứ vào tình hình thực tế tại doanh nghiệp, thương nhân đầu mối kinh doanh xăng dầu và thương nhân phân phối xăng dầu quyết định giá bán lẻ xăng dầu (riêng dầu madút là giá bán buôn) trong hệ thống phân phối của mình phù hợp với chi phí phát sinh thực tế tại doanh nghiệp và không cao hơn giá điều hành do cơ quan nhà nước có thẩm quyền công bố.

Đối với các địa bàn xa cảng, xa kho đầu mối, xa cơ sở sản xuất xăng dầu, nếu có chi phí thực tế phát sinh hợp lý, hợp lệ (đã được kiểm toán) tăng cao dẫn đến giá bán cao hơn giá điều hành, thương nhân đầu mối kinh doanh xăng dầu được quyết định giá bán thực tế tại địa bàn đó (đã được thông báo với Bộ Công Thương) để bù đắp chi phí phát sinh nhưng không vượt quá 2% giá điều hành công bố cùng thời điểm.

Các thương nhân đầu mối kinh doanh xăng dầu, thương nhân phân phối xăng dầu có trách nhiệm thông báo giá bán với Bộ Công Thương, Bộ Tài chính ngay sau khi quyết định giá bán xăng dầu của doanh nghiệp.

[...]","tai-nguyen-moi-truong","","","","2026-05-21T00:00:00","https://thuvienphapluat.vn/hoi-dap-phap-luat/bang-gia-xang-dau-tu-00h00-ngay-2152026-petrolimex-pvoil-petrovietnam-tai-cac-cua-hang-ban-le-bao-n-138091361.html","2026-05-21T20:31:38.852546+00:00"
"138051494","Lịch Vạn niên 2026 - Lịch âm 2026 - Lịch dương 2026 chi tiết, đầy đủ 365 ngày tương ứng âm và dương?","Lịch Vạn niên 2026 - Lịch âm 2026 - Lịch dương 2026 chi tiết, đầy đủ 365 ngày tương ứng âm và dương?

Năm 2026, người lao động được nghỉ các ngày lễ, tết nào trong năm?

Người lao động có các quyền và nghĩa vụ gì?

Xem mới:

>>> Kịch bản sinh hoạt chi bộ tháng 5 2026 chi tiết ra sao?

>>> Tài liệu sinh hoạt chi bộ tháng 5/2026 chi tiết như thế nào?

>>> Nội dung trọng tâm sinh hoạt chi bộ Tháng 5/2026 chi tiết thế nào?

>>> Mẫu nội dung sinh hoạt chi bộ Tháng 5 năm 2026 chi tiết ra sao?

>>> Hướng dẫn sinh hoạt chi bộ tháng 5/2026 đầy đủ như thế nào?

Theo Lịch Vạn niên 2026 - Lịch âm 2026 - Lịch dương 2026, tết Âm lịch 2026 sẽ rơi vào các ngày sau:

- 29 tháng Chạp năm Ất Tỵ (29 Tết): Thứ hai, ngày 16/02/2026 dương lịch

- Mùng 1 tháng Giêng năm Bính Ngọ (Mùng 1 Tết): Thứ ba, ngày 17/02/2026 dương lịch

- Mùng 2 tháng Giêng năm Bính Ngọ (Mùng 2 Tết): Thứ tư, ngày 18/02/2026 dương lịch

- Mùng 3 tháng Giêng năm Bính Ngọ (Mùng 3 Tết): Thứ năm, ngày 19/02/2026 dương lịch

Dưới đây là Lịch Vạn niên 2026 - Lịch âm 2026 - Lịch dương 2026 chi tiết, đầy đủ 365 ngày tương ứng âm và dương:

Lịch Tháng 1 năm 2026

Lịch Tháng 2 năm 2026

Lịch Tháng 3 năm 2026

Lịch Tháng 4 năm 2026

Lịch Tháng 5 năm 2026

Lịch Tháng 6 năm 2026

Lịch Tháng 7 năm 2026

Lịch Tháng 8 năm 2026

Lịch Tháng 9 năm 2026

Lịch Tháng 10 năm 2026

Lịch Tháng 11 năm 2026

Lịch Tháng 12 năm 2026

XEM ĐẦY ĐỦ:

THÁNG 1/2026

>>> Xem lịch âm tháng 1 năm 2026 - Lịch vạn niên tháng 1 năm 2026 đầy đủ, chi tiết, mới nhất

>>> Lịch Dương Tháng 1 2026 chi tiết, chính xác nhất

THÁNG 2/2026

>>> Xem lịch âm tháng 2 năm 2026 - Lịch vạn niên tháng 2 năm 2026 đầy đủ, chi tiết, mới nhất

>>> Lịch Dương Tháng 2 2026 chi tiết, chính xác nhất

THÁNG 3/2026

>>> Xem lịch âm tháng 3 năm 2026 - Lịch vạn niên tháng 3 năm 2026 đầy đủ, chi tiết, mới nhất

>>> Lịch Dương Tháng 3 2026 chi tiết, chính xác nhất

THÁNG 4/2026

>>> Xem lịch âm tháng 4 năm 2026 - Lịch vạn niên tháng 4 năm 2026 đầy đủ, chi tiết, mới nhất

>>> Lịch Dương Tháng 4 2026 chi tiết, chính xác nhất

THÁNG 5/2026

>>> Xem lịch âm tháng 5 năm 2026 - Lịch vạn niên tháng 5 năm 2026 đầy đủ, chi tiết, mới nhất

>>> Lịch Dương Tháng 5 2026 chi tiết, chính xác nhất

THÁNG 6/2026

>>> Xem lịch âm tháng 6 năm 2026 - Lịch vạn niên tháng 6 năm 2026 đầy đủ, chi tiết, mới nhất

>>> Lịch Dương Tháng 6 2026 chi tiết, chính xác nhất

THÁNG 7/2026

>>> Xem lịch âm tháng 7 năm 2026 - Lịch vạn niên tháng 7 năm 2026 đầy đủ, chi tiết, mới nhất

>>> Lịch Dương Tháng 7 2026 chi tiết, chính xác nhất

THÁNG 8/2026

>>> Xem lịch âm tháng 8 năm 2026 - Lịch vạn niên tháng 8 năm 2026 đầy đủ, chi tiết, mới nhất

>>> Lịch Dương Tháng 8 2026 chi tiết, chính xác nhất

THÁNG 9/2026

>>> Xem lịch âm tháng 9 năm 2026 - Lịch vạn niên tháng 9 năm 2026 đầy đủ, chi tiết, mới nhất

>>> Lịch Dương Tháng 9 2026 chi tiết, chính xác nhất

THÁNG 10/2026

>>> Xem lịch âm tháng 10 năm 2026 - Lịch vạn niên tháng 10 năm 2026 đầy đủ, chi tiết, mới nhất

>>> Lịch Dương Tháng 10 2026 chi tiết, chính xác nhất

THÁNG 11/2026

>>> Xem lịch âm tháng 11 năm 2026 - Lịch vạn niên tháng 11 năm 2026 đầy đủ, chi tiết, mới nhất

>>> Lịch Dương Tháng 11 2026 chi tiết, chính xác nhất

THÁNG 12/2026

>>> Xem lịch âm tháng 12 năm 2026 - Lịch vạn niên tháng 12 năm 2026 đầy đủ, chi tiết, mới nhất

>>> Lịch Dương Tháng 12 2026 chi tiết, chính xác nhất

* Trên đây là Thông tin Lịch Vạn niên 2026 - Lịch âm 2026 - Lịch dương 2026 chi tiết, đầy đủ 365 ngày tương ứng âm và dương?

Lịch Vạn niên 2026 - Lịch âm 2026 - Lịch dương 2026 chi tiết, đầy đủ 365 ngày tương ứng âm và dương? (Hình từ Internet)

Căn cứ Điều 112 Bộ luật Lao động 2019 quy định về nghỉ lễ, tết như sau:

Như vậy, năm 2026 người lao động được nghỉ các ngày lễ, tết sau đây:

(1) Tết Dương lịch: 01 ngày (ngày 01 tháng 01 dương lịch);

(2) Tết Âm lịch: 05 ngày;

(3) Ngày Chiến thắng: 01 ngày (ngày 30 tháng 4 dương lịch);

(4) Ngày Quốc tế lao động: 01 ngày (ngày 01 tháng 5 dương lịch);

(5) Quốc khánh: 02 ngày (ngày 02 tháng 9 dương lịch và 01 ngày liền kề trước hoặc sau);

(6) Ngày Giỗ Tổ Hùng Vương: 01 ngày (ngày 10 tháng 3 âm lịch).

Ngoài ra, người lao động là người nước ngoài làm việc tại Việt Nam ngoài các ngày nghỉ nêu trên còn được nghỉ thêm 01 ngày Tết cổ truyền dân tộc và 01 ngày Quốc khánh của nước họ.

Lưu ý: Hằng năm, căn cứ vào điều kiện thực tế, Thủ tướng Chính phủ quyết định cụ thể ngày nghỉ quy định tại điểm b và điểm đ khoản 1 Điều 112 Bộ luật Lao động 2019

Căn cứ Điều 5 Bộ luật Lao động 2019 quy định cụ thể như sau:

Như vậy, người lao động có các quyền và nghĩa vụ như sau:

[1] Người lao động có các quyền sau đây:

- Làm việc; tự do lựa chọn việc làm, nơi làm việc, nghề nghiệp, học nghề, nâng cao trình độ nghề nghiệp; không bị phân biệt đối xử, cưỡng bức lao động, quấy rối tình dục tại nơi làm việc

- Hưởng lương phù hợp với trình độ, kỹ năng nghề trên cơ sở thỏa thuận với người sử dụng lao động; được bảo hộ lao động, làm việc trong điều kiện bảo đảm về an toàn, vệ sinh lao động; nghỉ theo chế độ, nghỉ hằng năm có hưởng lương và được hưởng phúc lợi tập thể

- Thành lập, gia nhập, hoạt động trong tổ chức đại diện người lao động, tổ chức nghề nghiệp và tổ chức khác theo quy định của pháp luật; yêu cầu và tham gia đối thoại, thực hiện quy chế dân chủ, thương lượng tập thể với người sử dụng lao động và được tham vấn tại nơi làm việc để bảo vệ quyền và lợi ích hợp pháp, chính đáng của mình; tham gia quản lý theo nội quy của người sử dụng lao động

- Từ chối làm việc nếu có nguy cơ rõ ràng đe dọa trực tiếp đến tính mạng, sức khỏe trong quá trình thực hiện công việc

- Đơn phương chấm dứt hợp đồng lao động

- Đình công

- Các quyền khác theo quy định của pháp luật

[2] Người lao động có các nghĩa vụ sau đây:

- Thực hiện hợp đồng lao động, thỏa ước lao động tập thể và thỏa thuận hợp pháp khác

- Chấp hành kỷ luật lao động, nội quy lao động; tuân theo sự quản lý, điều hành, giám sát của người sử dụng lao động

- Thực hiện quy định của pháp luật về lao động, việc làm, giáo dục nghề nghiệp, bảo hiểm xã hội, bảo hiểm y tế, bảo hiểm thất nghiệp và an toàn, vệ sinh lao động

Điều 112. Nghỉ lễ, tết

1. Người lao động được nghỉ làm việc, hưởng nguyên lương trong những ngày lễ, tết sau đây:

a) Tết Dương lịch: 01 ngày (ngày 01 tháng 01 dương lịch);

b) Tết Âm lịch: 05 ngày;

c) Ngày Chiến thắng: 01 ngày (ngày 30 tháng 4 dương lịch);

d) Ngày Quốc tế lao động: 01 ngày (ngày 01 tháng 5 dương lịch);

đ) Quốc khánh: 02 ngày (ngày 02 tháng 9 dương lịch và 01 ngày liền kề trước hoặc sau);

e) Ngày Giỗ Tổ Hùng Vương: 01 ngày (ngày 10 tháng 3 âm lịch).

2. Lao động là người nước ngoài làm việc tại Việt Nam ngoài các ngày nghỉ theo quy định tại khoản 1 Điều này còn được nghỉ thêm 01 ngày Tết cổ truyền dân tộc và 01 ngày Quốc khánh của nước họ.

3. Hằng năm, căn cứ vào điều kiện thực tế, Thủ tướng Chính phủ quyết định cụ thể ngày nghỉ quy định tại điểm b và điểm đ khoản 1 Điều này.

Điều 5. Quyền và nghĩa vụ của người lao động

1. Người lao động có các quyền sau đây:

a) Làm việc; tự do lựa chọn việc làm, nơi làm việc, nghề nghiệp, học nghề, nâng cao trình độ nghề nghiệp; không bị phân biệt đối xử, cưỡng bức lao động, quấy rối tình dục tại nơi làm việc;

b) Hưởng lương phù hợp với trình độ, kỹ năng nghề trên cơ sở thỏa thuận với người sử dụng lao động; được bảo hộ lao động, làm việc trong điều kiện bảo đảm về an toàn, vệ sinh lao động; nghỉ theo chế độ, nghỉ hằng năm có hưởng lương và được hưởng phúc lợi tập thể;

c) Thành lập, gia nhập, hoạt động trong tổ chức đại diện người lao động, tổ chức nghề nghiệp và tổ chức khác theo quy định của pháp luật; yêu cầu và tham gia đối thoại, thực hiện quy chế dân chủ, thương lượng tập thể với người sử dụng lao động và được tham vấn tại nơi làm việc để bảo vệ quyền và lợi ích hợp pháp, chính đáng của mình; tham gia quản lý theo nội quy của người sử dụng lao động;

d) Từ chối làm việc nếu có nguy cơ rõ ràng đe dọa trực tiếp đến tính mạng, sức khỏe trong quá trình thực hiện công việc;

[....]","tai-nguyen-moi-truong","","","","2026-05-20T00:00:00","https://thuvienphapluat.vn/hoi-dap-phap-luat/lich-van-nien-2026--lich-am-2026--lich-duong-2026-chi-tiet-day-du-365-ngay-tuong-ung-am-va-duong-138051494.html","2026-05-21T20:29:51.798334+00:00"
"138051550","Lịch nghỉ lễ 2026 - Tổng hợp các ngày lễ 2026 ở Việt Nam chi tiết ra sao?","Lịch nghỉ lễ 2026 - Tổng hợp các ngày lễ 2026 ở Việt Nam chi tiết ra sao?

Tổ chức làm việc theo ca phải bố trí ít nhất mấy người?

Người lao động làm việc chưa đủ 12 tháng thì số ngày nghỉ hằng năm được xác định như thế nào?

Mới nhất:

>>> Tổng hợp các ngày nghỉ làm hưởng nguyên lương trong năm 2026

>>> Lịch nghỉ lễ Ngày Văn hoá Việt Nam 2026 chi tiết ra sao rơi vào thứ mấy?

Xem mới:

>>> Tết âm lịch 2026 đếm ngược? Giao thừa 2026 đếm ngược? Năm bính ngọ 2026 có bao nhiêu ngày?

Xem mới:

>>> Tháng 1 2026 có ngày lễ sự kiện gì? Tổng hợp các ngày lễ, sự kiện tháng 1/2026 trong nước và quốc tế ra sao?

>>> Chính thức: Lịch nghỉ Tết dương lịch 2026 của cán bộ, công chức, viên chức, người lao động và học sinh

>>> Lịch nghỉ Tết Dương lịch 2026 chính thức 4 ngày

>>> Công văn 12729/VPCP-KGVX Chính thức nghỉ Tết Dương lịch 2026 4 ngày đối với công chức, viên chức

>>> Lịch nghỉ Tết Dương lịch chính thức 2026 nếu được thông qua

>>> Tết dương lịch 2026 được nghỉ 1 ngày hay 4 ngày?

>>> Tại sao Tết Dương lịch 2026 được nghỉ 4 ngày liên tục?

>>> Bộ Nội vụ đề xuất hoán đổi ngày làm việc để Tết Dương lịch 2026 được nghỉ 4 ngày

Lịch nghỉ lễ 2026 - Tổng hợp các ngày lễ 2026 ở Việt Nam chi tiết dưới đây:

Các ngày nghỉ lễ được hưởng nguyên lương trong năm 2026

Căn cứ Điều 112 Bộ luật Lao động 2019 quy định về nghỉ lễ, tết, năm 2026 người lao động được nghỉ các ngày lễ, tết sau đây:

(1) Tết Dương lịch: 01 ngày (ngày 01 tháng 01 dương lịch);

(2) Tết Âm lịch: 05 ngày;

(3) Ngày Chiến thắng: 01 ngày (ngày 30 tháng 4 dương lịch);

(4) Ngày Quốc tế lao động: 01 ngày (ngày 01 tháng 5 dương lịch);

(5) Quốc khánh: 02 ngày (ngày 02 tháng 9 dương lịch và 01 ngày liền kề trước hoặc sau);

(6) Ngày Giỗ Tổ Hùng Vương: 01 ngày (ngày 10 tháng 3 âm lịch).

Lưu ý: Hằng năm, căn cứ vào điều kiện thực tế, Thủ tướng Chính phủ quyết định cụ thể ngày nghỉ Tết Âm lịch và Quốc khánh.

Các ngày lễ, sự kiện khác trong năm tại Việt Nam và quốc tế

Danh sách các ngày lễ Dương lịch 2026

Thứ

Dương lịch

Âm lịch

Tên ngày lễ

Thứ Năm

1/1/2026

13/11/2025

Tết Dương lịch năm 2026

Thứ Ba

6/1/2026

18/11/2025

Tổng tuyển cử quốc hội khóa đầu tiên của nước Việt Nam năm 2026

Thứ Sáu

9/1/2026

21/11/2025

Ngày Học sinh - Sinh viên Việt Nam năm 2026

Chủ Nhật

11/1/2026

23/11/2025

Việt Nam chính thức gia nhập WTO năm 2026

Thứ Ba

27/1/2026

9/12/2025

Ký Hiệp định Pari chấm dứt chiến tranh ở Việt Nam năm 2026

Thứ Ba

3/2/2026

16/12/2025

Ngày thành lập Đảng Cộng sản Việt Nam năm 2026

Thứ Tư

4/2/2026

17/12/2025

Ngày thống nhất các tổ chức mặt trận thành mặt trận Tổ quốc Việt Nam năm 2026

Thứ Bảy

14/2/2026

27/12/2025

Ngày lễ tình nhân (Valentine) năm 2026

Thứ Sáu

20/2/2026

4/1/2026

Ngày Công bằng xã hội thế giới năm 2026

Thứ Bảy

21/2/2026

5/1/2026

Ngày Ngôn ngữ mẹ đẻ Quốc tế năm 2026

Thứ Sáu

27/2/2026

11/1/2026

Ngày thầy thuốc Việt Nam năm 2026

Chủ Nhật

8/3/2026

20/1/2026

Ngày Quốc tế Phụ nữ năm 2026

Thứ Năm

19/3/2026

1/2/2026

Ngày toàn quốc chống Mỹ năm 2026

Thứ Sáu

20/3/2026

2/2/2026

Ngày Quốc Tế hạnh phúc năm 2026

Thứ Bảy

21/3/2026

3/2/2026

Ngày Hội chứng Down thế giới và Ngày Quốc tế xóa bỏ phân biệt chủng tộc năm 2026

Chủ Nhật

22/3/2026

4/2/2026

Ngày Nước sạch Thế giới năm 2026

Thứ Hai

23/3/2026

5/2/2026

Ngày Khí tượng Thế giới năm 2026

Thứ Năm

26/3/2026

8/2/2026

Ngày thành lập Đoàn TNCS Hồ Chí Minh năm 2026

Thứ Sáu

27/3/2026

9/2/2026

Ngày Thể Thao Việt Nam năm 2026

Thứ Tư

1/4/2026

14/2/2026

Ngày Cá tháng Tư năm 2026

Thứ Bảy

4/4/2026

17/2/2026

Ngày Quốc tế Nhận thức bom mìn và Hỗ trợ bằng hành động chống bom mìn năm 2026

Chủ Nhật

5/4/2026

18/2/2026

Tết Thanh minh năm 2026

Thứ Ba

7/4/2026

20/2/2026

Ngày Y tế Thế giới năm 2026

Thứ Ba

14/4/2026

27/2/2026

Tết Dân tộc Khmer Nam Bộ năm 2026

Thứ Tư

22/4/2026

6/3/2026

Ngày Trái đất năm 2026

Thứ Năm

23/4/2026

7/3/2026

Ngày Sách và Bản quyền Thế giới năm 2026

Chủ Nhật

26/4/2026

10/3/2026

Ngày Sở hữu trí tuệ thế giới năm 2026

Thứ Năm

30/4/2026

14/3/2026

Ngày giải phóng miền Nam năm 2026

Thứ Sáu

1/5/2026

15/3/2026

Ngày Quốc tế Lao động năm 2026

Chủ Nhật

3/5/2026

17/3/2026

Ngày Tự do Báo chí thế giới năm 2026

Thứ Ba

5/5/2026

19/3/2026

Ngày sinh Các - Mác năm 2026

Thứ Năm

7/5/2026

21/3/2026

Ngày chiến thắng Điện Biên Phủ năm 2026

Thứ Sáu

15/5/2026

29/3/2026

Ngày thành lập Đội Thiếu niên Tiền phong Hồ Chí Minh năm 2026

Chủ Nhật

17/5/2026

1/4/2026

Ngày Xã hội Thông tin Thế giới năm 2026

Thứ Ba

19/5/2026

3/4/2026

Ngày sinh chủ tịch Hồ Chí Minh năm 2026

Thứ Năm

21/5/2026

5/4/2026

Ngày Thế giới về Đa dạng Văn hóa vì Đối thoại và Phát triển năm 2026

Thứ Sáu

22/5/2026

6/4/2026

Ngày quốc tế Đa dạng sinh học năm 2026

Thứ Sáu

29/5/2026

13/4/2026

Ngày Quốc tế Gìn giữ hòa bình Liên Hiệp Quốc năm 2026

Chủ Nhật

31/5/2026

15/4/2026

Ngày Thế giới không thuốc lá năm 2026

Thứ Hai

1/6/2026

16/4/2026

Ngày Quốc tế thiếu nhi năm 2026

Thứ Năm

4/6/2026

19/4/2026

Ngày Quốc tế của trẻ em vô tội và là nạn nhân bị xâm lược năm 2026

Thứ Sáu

5/6/2026

20/4/2026

Ngày Môi trường Thế giới năm 2026

Thứ Tư

17/6/2026

3/5/2026

Ngày Thế giới chống sa mạc hóa và hạn hán năm 2026

Thứ Bảy

20/6/2026

6/5/2026

Ngày Tị nạn Thế giới năm 2026

Chủ Nhật

21/6/2026

7/5/2026

Ngày báo chí Việt Nam năm 2026

Thứ Ba

23/6/2026

9/5/2026

Ngày Dịch vụ Công cộng Liên Hiệp Quốc năm 2026

Chủ Nhật

28/6/2026

14/5/2026

Ngày gia đình Việt Nam năm 2026

Thứ Năm

2/7/2026

18/5/2026

Quốc hội Khóa VI quyết nghị lấy tên nước là Cộng hòa Xã hội Chủ nghĩa Việt Nam năm 2026

Thứ Hai

6/7/2026

22/5/2026

Ngày Hôn thế giới năm 2026

Thứ Bảy

11/7/2026

27/5/2026

Ngày dân số thế giới năm 2026

Thứ Tư

15/7/2026

2/6/2026

Ngày truyền thống Thanh niên xung phong năm 2026

Thứ Hai

27/7/2026

14/6/2026

Ngày Thương binh liệt sĩ năm 2026

Thứ Ba

28/7/2026

15/6/2026

Ngày thành lập công đoàn Việt Nam năm 2026

Chủ Nhật

9/8/2026

27/6/2026

Ngày Quốc tế của người thổ dân thế giới năm 2026

Thứ Tư

12/8/2026

30/6/2026

Ngày Quốc tế Thanh Thiếu niên năm 2026

Thứ Tư

19/8/2026

7/7/2026

Ngày tổng khởi nghĩa năm 2026

Chủ Nhật

23/8/2026

11/7/2026

Ngày Quốc tế tưởng niệm việc buôn bán nô lệ và việc hủy bỏ nó năm 2026

Thứ Ba

25/8/2026

13/7/2026

Bảo Đại thoái vị năm 2026

Chủ Nhật

30/8/2026

18/7/2026

Ngày sinh tỷ phú Warren Edward Buffett năm 2026

Thứ Ba

1/9/2026

20/7/2026

Chiến tranh thế giới thứ hai bùng nổ năm 2026

Thứ Tư

2/9/2026

21/7/2026

Ngày Quốc Khánh năm 2026

Thứ Năm

10/9/2026

29/7/2026

Ngày thành lập Mặt trận Tổ quốc Việt Nam năm 2026

Thứ Bảy

12/9/2026

2/8/2026

Chiến dịch Xô Viết Nghệ Tĩnh năm 2026

Thứ Ba

15/9/2026

5/8/2026

Ngày Quốc tế Dân chủ năm 2026

Thứ Tư

16/9/2026

6/8/2026

Ngày Quốc tế Bảo vệ Tầng ôzôn năm 2026

Chủ Nhật

20/9/2026

10/8/2026

Việt Nam gia nhập Liên Hiệp Quốc năm 2026

Thứ Hai

21/9/2026

11/8/2026

Ngày Quốc tế Hòa bình năm 2026

Thứ Tư

23/9/2026

13/8/2026

Ngày Nam Bộ kháng chiến năm 2026

Chủ Nhật

27/9/2026

17/8/2026

Khởi nghĩa Bắc Sơn năm 2026

Thứ Năm

1/10/2026

21/8/2026

Ngày quốc tế người cao tuổi năm 2026

Thứ Sáu

2/10/2026

22/8/2026

Ngày Quốc tế bất bạo động năm 2026

Chủ Nhật

4/10/2026

24/8/2026

Ngày Động vật thế giới năm 2026

Thứ Hai

5/10/2026

25/8/2026

Ngày Nhà giáo thế giới năm 2026

Thứ Sáu

9/10/2026

29/8/2026

Ngày Bưu chính Thế giới năm 2026

Thứ Ba

13/10/2026

4/9/2026

Ngày doanh nhân Việt Nam năm 2026

Thứ Tư

14/10/2026

5/9/2026

Ngày thành lập Hội Nông dân Việt Nam năm 2026

Thứ Năm

15/10/2026

6/9/2026

Ngày truyền thống Hội liên hiệp Thanh niên Việt Nam năm 2026

Thứ Sáu

16/10/2026

7/9/2026

Ngày Lương thực thế giới năm 2026

Thứ Bảy

17/10/2026

8/9/2026

Ngày quốc tế xóa nghèo năm 2026

Thứ Ba

20/10/2026

11/9/2026

Ngày Phụ nữ Việt Nam năm 2026

Thứ Bảy

31/10/2026

22/9/2026

Ngày Hallowen năm 2026

Thứ Hai

9/11/2026

1/10/2026

Ngày pháp luật Việt Nam năm 2026

Thứ Sáu

20/11/2026

12/10/2026

Ngày Nhà giáo Việt Nam năm 2026

Thứ Hai

23/11/2026

15/10/2026

Ngày thành lập Hội chữ thập đỏ Việt Nam năm 2026

Thứ Bảy

28/11/2026

20/10/2026

Ngày Lâm nghiệp Việt Nam năm 2026

Thứ Ba

1/12/2026

23/10/2026

Ngày thế giới phòng chống AIDS năm 2026

Thứ Tư

2/12/2026

24/10/2026

Ngày Quốc tế Giải phóng Nô lệ năm 2026

Thứ Hai

7/12/2026

29/10/2026

Ngày Hàng không Dân dụng Quốc tế năm 2026

Thứ Tư

9/12/2026

1/11/2026

Ngày Quốc tế chống Tham nhũng năm 2026

Thứ Bảy

19/12/2026

11/11/2026

Ngày toàn quốc kháng chiến năm 2026

Thứ Ba

22/12/2026

14/11/2026

Ngày thành lập quân đội nhân dân Việt Nam năm 2026

Thứ Năm

24/12/2026

16/11/2026

Lễ Giáng sinh (Noen) năm 2026

Danh sách các ngày lễ Âm lịch 2026

Thứ

Âm lịch

Dương lịch

Tên ngày lễ

Thứ Ba

1/1/2026

17/2/2026

Tết Nguyên Đán năm 2026

Thứ Sáu

4/1/2026

20/2/2026

Lễ hội Đồng Kỵ (Bắc Ninh) năm 2026

Thứ Bảy

5/1/2026

21/2/2026

Lễ hội gò Đống Đa năm 2026

Chủ Nhật

6/1/2026

22/2/2026

Hội Gióng Sóc Sơn (Hà Nội), Khai hội chùa Hương năm 2026

Thứ Hai

7/1/2026

23/2/2026

Hội chợ Viềng (Nam Định), Lễ hội đầm Ô Loan (Phú Yên) năm 2026

Thứ Ba

8/1/2026

24/2/2026

Lễ hội đền Vua Bà (Hòa Bình) năm 2026

Thứ Tư

9/1/2026

25/2/2026

Lễ hội Đức Chí Tôn (Tây Ninh) năm 2026

Thứ Năm

10/1/2026

26/2/2026

Khai hội Yên Tử (Quảng Ninh) năm 2026

Chủ Nhật

13/1/2026

1/3/2026

Hội Lim (Tiên Du - Bắc Ninh) năm 2026

Thứ Hai

14/1/2026

2/3/2026

Lễ hội Bà Chúa Kho (Bắc Ninh) năm 2026

Thứ Ba

15/1/2026

3/3/2026

Tết Nguyên tiêu năm 2026

Thứ Năm

17/1/2026

5/3/2026

Lễ hội chọi trâu (Vĩnh Phúc) năm 2026

Chủ Nhật

27/1/2026

15/3/2026

Lễ Cầu tháng Giêng (Phú Thọ) năm 2026

Thứ Hai

28/1/2026

16/3/2026

Hội làng Bùi (Bắc Ninh) năm 2026

Thứ Sáu

2/2/2026

20/3/2026

Lễ hội Chùa Trầm năm 2026

Thứ Năm

8/2/2026

26/3/2026

Hội làng Long Khám (Bắc Ninh) năm 2026

Thứ Bảy

10/2/2026

28/3/2026

Lễ hội đình Yên Phụ (Hà Nội) năm 2026

Thứ Hai

12/2/2026

30/3/2026

Hội chọi trâu Phù Ninh (Phú Thọ), Lễ hội Làng rèn Tây Phương Danh (Bình Định) năm 2026

Thứ Ba

13/2/2026

31/3/2026

Lễ hội Hoa Ban (Lai Châu) năm 2026

Thứ Tư

14/2/2026

1/4/2026

Lễ hội chùa Vĩnh Nghiêm (Bắc Giang) năm 2026

Thứ Hai

19/2/2026

6/4/2026

Lễ hội Quan Thế Âm (Đà Nẵng) năm 2026

Thứ Năm

22/2/2026

9/4/2026

Hội đình Trúc Tay (Bắc Giang) năm 2026

Thứ Ba

27/2/2026

14/4/2026

Hội chùa Sàn (Lục Nam, Bắc Giang) năm 2026

Chủ Nhật

3/3/2026

19/4/2026

Tết Hàn thực năm 2026

Thứ Tư

6/3/2026

22/4/2026

Lễ hội Cố đô Hoa Lư (Ninh Bình) năm 2026

Thứ Năm

7/3/2026

23/4/2026

Lễ hội chùa Thầy (Hà Nội) năm 2026

Thứ Bảy

9/3/2026

25/4/2026

Lễ hội Nam Trì (Hưng Yên) năm 2026

Chủ Nhật

10/3/2026

26/4/2026

Giỗ tổ Hùng Vương năm 2026

Thứ Sáu

15/3/2026

1/5/2026

Hội làng Đông Hồ (Bắc Ninh) năm 2026

Thứ Hai

18/3/2026

4/5/2026

Hội Đậu (Bắc Ninh) năm 2026

Thứ Bảy

23/3/2026

9/5/2026

Hội chùa Bút Tháp (Bắc Ninh) năm 2026

Thứ Tư

27/3/2026

13/5/2026

Hội thả chim bồ câu (Bắc Ninh) năm 2026

Chủ Nhật

1/4/2026

17/5/2026

Lễ hội làng cá Cát Bà (Hải Phòng) năm 2026

Chủ Nhật

8/4/2026

24/5/2026

Lễ hội chùa Dâu (Bắc Ninh) năm 2026

Thứ Hai

9/4/2026

25/5/2026

Hội Gióng Phù Đổng (Hà Nội) năm 2026

Thứ Ba

10/4/2026

26/5/2026

Hội làng Cựu Ấp (Vĩnh Phúc) năm 2026

Thứ Bảy

14/4/2026

30/5/2026

Tết Dân tộc Khmer năm 2026

Chủ Nhật

15/4/2026

31/5/2026

Lễ Phật Đản năm 2026

Thứ Sáu

5/5/2026

19/6/2026

Tết Đoan Ngọ năm 2026

Thứ Ba

9/5/2026

23/6/2026

Lễ hội đình Châu Phú (An Giang) năm 2026

Thứ Tư

10/5/2026

24/6/2026

Lễ hội cúng biển Mỹ Long (Trà Vinh) năm 2026

Chủ Nhật

14/5/2026

28/6/2026

Lễ hội đình – đền Chèm (Hà Nội) năm 2026

Thứ Ba

1/6/2026

14/7/2026

Lễ hội đình Trà Cổ (Quảng Ninh) năm 2026

Thứ Năm

10/6/2026

23/7/2026

Hội kéo ngựa gỗ (Hải Phòng) năm 2026

Thứ Tư

7/7/2026

19/8/2026

Lễ Thất Tịch năm 2026

Thứ Năm

15/7/2026

27/8/2026

Lễ Vu Lan, Tết Trung nguyên năm 2026

Thứ Sáu

1/8/2026

11/9/2026

Tết Katê năm 2026

Thứ Hai

4/8/2026

14/9/2026

Lễ hội Đình Châm Khê (Bắc Ninh) năm 2026

Thứ Bảy

9/8/2026

19/9/2026

Lễ hội chọi trâu (Đồ Sơn, Hải Phòng) năm 2026

Chủ Nhật

10/8/2026

20/9/2026

Hội Thị Cầu (Bắc Ninh) năm 2026

Thứ Sáu

15/8/2026

25/9/2026

Tết Trung Thu năm 2026

Chủ Nhật

9/9/2026

18/10/2026

Tết Trùng Cửu năm 2026

Thứ Năm

13/9/2026

22/10/2026

Lễ hội chùa Keo (Thái Bình) năm 2026

Thứ Năm

20/9/2026

29/10/2026

Hội đền Bắc Lệ (Lạng Sơn) năm 2026

Thứ Bảy

29/9/2026

7/11/2026

Hội Đại Bái (Bắc Ninh) năm 2026

Thứ Tư

10/10/2026

18/11/2026

Tết Trùng Thập năm 2026

Thứ Hai

15/10/2026

23/11/2026

Tết Hạ Nguyên (Tết cơm mới) năm 2026

Thứ Tư

8/11/2026

16/12/2026

Hội chùa Canh Bầu (Bắc Giang) năm 2026

Thứ Sáu

10/11/2026

18/12/2026

Tết cơm mới của người La Hủ (Lai Châu) năm 2026

Thứ Ba

14/11/2026

22/12/2026

Lễ hội đền Nguyễn Công Trứ (Ninh Bình) năm 2026

Thứ Tư

15/11/2026

23/12/2026

Hội Đình Phường Bông (Nam Định) năm 2026

Thứ Bảy

25/11/2026

2/1/2027

Hội Vân Lệ (Thanh Hóa) năm 2026

Thứ Ba

12/12/2026

19/1/2027

Hội Mậu Lân (Vĩnh Phúc) năm 2026

Thứ Bảy

23/12/2026

30/1/2027

Ông Táo chầu trời năm 2026

Thứ Năm

28/12/2026

4/2/2027

Hội Bạch Lưu (Vĩnh Phúc) năm 2026

* Trên đây là Thông tin Lịch nghỉ lễ 2026 - Tổng hợp các ngày lễ 2026 ở Việt Nam chi tiết ra sao?

Lịch nghỉ lễ 2026 - Tổng hợp các ngày lễ 2026 ở Việt Nam chi tiết ra sao? (Hình từ Internet)

Căn cứ khoản 3 Điều 63 Nghị định 145/2020/NĐ-CP có quy định về ca làm việc và tổ chức làm việc theo ca như sau:

Như vậy, tổ chức làm việc theo ca là việc bố trí ít nhất 02 người hoặc 02 nhóm người thay phiên nhau làm việc trên cùng một vị trí làm việc, tính trong thời gian 01 ngày (24 giờ liên tục).

Căn cứ theo khoản 2 Điều 113 Bộ luật Lao động 2019 quy định về nghỉ hằng năm như sau:

Như vậy, theo quy định trên thì người lao động làm việc chưa đủ 12 tháng thì số ngày nghỉ hằng năm được tính theo tỷ lệ tương ứng với số tháng làm việc.

Điều 63. Ca làm việc và tổ chức làm việc theo ca

1. Ca làm việc là khoảng thời gian làm việc của người lao động từ khi bắt đầu nhận nhiệm vụ cho đến khi kết thúc và bàn giao nhiệm vụ cho người khác, bao gồm cả thời gian làm việc và thời gian nghỉ giữa giờ.

2. Tổ chức làm việc theo ca là việc bố trí ít nhất 02 người hoặc 02 nhóm người thay phiên nhau làm việc trên cùng một vị trí làm việc, tính trong thời gian 01 ngày (24 giờ liên tục).

[....]

Điều 113. Nghỉ hằng năm

[.....]

2. Người lao động làm việc chưa đủ 12 tháng cho một người sử dụng lao động thì số ngày nghỉ hằng năm theo tỷ lệ tương ứng với số tháng làm việc.

[....]","tai-nguyen-moi-truong","","","","2026-05-20T00:00:00","https://thuvienphapluat.vn/hoi-dap-phap-luat/lich-nghi-le-2026--tong-hop-cac-ngay-le-2026-o-viet-nam-chi-tiet-ra-sao-138051550.html","2026-05-21T20:30:11.700906+00:00"
"138057531","Lịch Vạn niên 2027 - Lịch âm 2027 - Lịch dương 2027 chi tiết, đầy đủ 365 ngày tương ứng âm và dương?","Lịch Vạn niên 2027 - Lịch âm 2027 - Lịch dương 2027 chi tiết, đầy đủ 365 ngày tương ứng âm và dương?

Người lao động được nghỉ việc riêng mà vẫn hưởng nguyên lương khi nào?

Chính sách của Nhà nước về lao động cụ thể ra sao?

Căn cứ Điều 112 Bộ luật Lao động 2019 quy định về nghỉ lễ, tết như sau:

Theo Bộ luật Lao động 2019, người lao động được nghỉ Tết Âm lịch tối thiểu 5 ngày. Hằng năm, căn cứ vào tình hình thực tế, Thủ tướng Chính phủ sẽ quyết định cụ thể lịch nghỉ Tết.

Lịch Vạn niên 2027 - Lịch âm 2027 - Lịch dương 2027, tết Âm lịch 2027 sẽ rơi vào các ngày sau:

- Mùng 1 Tết Nguyên Đán 2027 sẽ rơi vào Thứ bảy, ngày 06 tháng 02 năm 2027 dương lịch.

- Mùng 2 Tết Nguyên Đán 2027 sẽ rơi vào Chủ nhật, ngày 07 tháng 02 năm 2027 dương lịch.

- Mùng 3 Tết Nguyên Đán 2027 sẽ rơi vào Thứ hai, ngày 08 tháng 02 năm 2027 dương lịch.

Dưới đây là Lịch Vạn niên 2027 - Lịch âm 2027 - Lịch dương 2027 chi tiết, đầy đủ 365 ngày tương ứng âm và dương:

Lịch Tháng 1 năm 2027

Lịch Tháng 2 năm 2027

Lịch Tháng 3 năm 2027

Lịch Tháng 4 năm 2027

Lịch Tháng 5 năm 2027

Lịch Tháng 6 năm 2027

Lịch Tháng 7 năm 2027

Lịch Tháng 8 năm 2027

Lịch Tháng 9 năm 2027

Lịch Tháng 10 năm 2027

Lịch Tháng 11 năm 2027

Lịch Tháng 12 năm 2027

* Trên đây là Thông tin Lịch Vạn niên 2027 - Lịch âm 2027 - Lịch dương 2027 chi tiết, đầy đủ 365 ngày tương ứng âm và dương?

Lịch Vạn niên 2027 - Lịch âm 2027 - Lịch dương 2027 chi tiết, đầy đủ 365 ngày tương ứng âm và dương? (Hình từ Internet)

Căn cứ Điều 115 Bộ luật Lao động 2019 quy định nghỉ việc riêng, nghỉ không hưởng lương:

Theo quy định trên, người lao động được nghỉ việc riêng mà vẫn hưởng nguyên lương các ngày sau:

- Kết hôn: nghỉ 03 ngày

- Con đẻ, con nuôi kết hôn: nghỉ 01 ngày

- Cha đẻ, mẹ đẻ, cha nuôi, mẹ nuôi; cha đẻ, mẹ đẻ, cha nuôi, mẹ nuôi của vợ hoặc chồng; vợ hoặc chồng; con đẻ, con nuôi chết: nghỉ 03 ngày

Lưu ý: Người lao động phải báo cáo lý do nghỉ việc riêng cho người sử dụng lao động biết và được người sử dụng lao động đồng ý.

Người sử dụng lao động không bảo đảm cho người lao động nghỉ việc riêng thì có thể bị phạt tiền.

Căn cứ Điều 4 Bộ luật Lao động 2019 quy định chính sách của Nhà nước về lao động như sau:

- Bảo đảm quyền và lợi ích hợp pháp, chính đáng của người lao động, người làm việc không có quan hệ lao động; khuyến khích những thỏa thuận bảo đảm cho người lao động có điều kiện thuận lợi hơn so với quy định của pháp luật về lao động.

- Bảo đảm quyền và lợi ích hợp pháp của người sử dụng lao động, quản lý lao động đúng pháp luật, dân chủ, công bằng, văn minh và nâng cao trách nhiệm xã hội.

- Tạo điều kiện thuận lợi đối với hoạt động tạo việc làm, tự tạo việc làm, dạy nghề và học nghề để có việc làm; hoạt động sản xuất, kinh doanh thu hút nhiều lao động; áp dụng một số quy định của Bộ luật này đối với người làm việc không có quan hệ lao động.

- Có chính sách phát triển, phân bố nguồn nhân lực; nâng cao năng suất lao động; đào tạo, bồi dưỡng và nâng cao trình độ, kỹ năng nghề cho người lao động; hỗ trợ duy trì, chuyển đổi nghề nghiệp, việc làm cho người lao động; ưu đãi đối với người lao động có trình độ chuyên môn, kỹ thuật cao đáp ứng yêu cầu của cách mạng công nghiệp, sự nghiệp công nghiệp hóa, hiện đại hóa đất nước.

- Có chính sách phát triển thị trường lao động, đa dạng các hình thức kết nối cung, cầu lao động.

- Thúc đẩy người lao động và người sử dụng lao động đối thoại, thương lượng tập thể, xây dựng quan hệ lao động tiến bộ, hài hòa và ổn định.

- Bảo đảm bình đẳng giới; quy định chế độ lao động và chính sách xã hội nhằm bảo vệ lao động nữ, lao động là người khuyết tật, người lao động cao tuổi, lao động chưa thành niên.

Điều 112. Nghỉ lễ, tết

1. Người lao động được nghỉ làm việc, hưởng nguyên lương trong những ngày lễ, tết sau đây:

a) Tết Dương lịch: 01 ngày (ngày 01 tháng 01 dương lịch);

b) Tết Âm lịch: 05 ngày;

[...]

Điều 115. Nghỉ việc riêng, nghỉ không hưởng lương

1. Người lao động được nghỉ việc riêng mà vẫn hưởng nguyên lương và phải thông báo với người sử dụng lao động trong trường hợp sau đây:

a) Kết hôn: nghỉ 03 ngày;

b) Con đẻ, con nuôi kết hôn: nghỉ 01 ngày;

c) Cha đẻ, mẹ đẻ, cha nuôi, mẹ nuôi; cha đẻ, mẹ đẻ, cha nuôi, mẹ nuôi của vợ hoặc chồng; vợ hoặc chồng; con đẻ, con nuôi chết: nghỉ 03 ngày.

2. Người lao động được nghỉ không hưởng lương 01 ngày và phải thông báo với người sử dụng lao động khi ông nội, bà nội, ông ngoại, bà ngoại, anh, chị, em ruột chết; cha hoặc mẹ kết hôn; anh, chị, em ruột kết hôn.

3. Ngoài quy định tại khoản 1 và khoản 2 Điều này, người lao động có thể thỏa thuận với người sử dụng lao động để nghỉ không hưởng lương.","tai-nguyen-moi-truong","","","","2026-05-20T00:00:00","https://thuvienphapluat.vn/hoi-dap-phap-luat/lich-van-nien-2027--lich-am-2027--lich-duong-2027-chi-tiet-day-du-365-ngay-tuong-ung-am-va-duong-138057531.html","2026-05-21T20:30:20.604136+00:00"
"138066888","Chính thức đã có lịch nghỉ lễ Quốc khánh 2/9/2026 cho người lao động?","Chính thức đã có lịch nghỉ lễ Quốc khánh 2/9/2026 cho người lao động?

Năm 2026 kỷ niệm bao nhiêu năm Quốc khánh nước Cộng hòa XHCN Việt Nam?

Người lao động được nghỉ hưởng nguyên lương mấy ngày vào dịp lễ Quốc khánh 2 tháng 9?

Xem thêm:

>>> Kéo dài lịch nghỉ Giỗ tổ hùng vương, 30/4 và 1/5 9 ngày liên tục năm 2026 khi nào?

Căn cứ theo Thông báo 9441/TB-BNV năm 2025 về việc nghỉ tết Âm lịch, nghỉ lễ Quốc khánh năm 2026 đối với cán bộ, công chức viên chức và người lao động như sau:

Như vậy, lịch nghỉ lễ Quốc Khánh 2/9/2026 cho người lao động cụ thể như sau:

- Đối với cán bộ, công chức, viên chức và người lao động của các cơ quan hành chính, sự nghiệp, tổ chức chính trị, tổ chức chính trị - xã hội:

+ 05 ngày từ thứ Bảy ngày 29/8/2026 đến hết thứ Tư ngày 2/9/2026.

- Đối với người lao động ngoài khu vực nhà nước (không thuộc đối tượng nêu tại khoản 1 Thông báo 9441/TB-BNV năm 2025):

+ Người sử dụng lao động quyết định lựa chọn 01 trong 02 phương án nghỉ lễ Quốc khánh 2026 sau:

[1] Nghỉ thứ Tư ngày 02/9/2026 và thứ Ba ngày 01/9/2026

[2] Nghỉ thứ Tư ngày 02/9/2026 và thứ Năm ngày 03/9/2026 Dương lịch.

Xem thêm:

>>> Kỷ niệm 100 năm Quốc khánh nước Cộng hòa XHCN Việt Nam là năm bao nhiêu?

>>> Chính thức lịch nghỉ lễ Quốc khánh 2026 kéo dài 5 ngày liên tiếp đúng không?

*Trên đây là nội dung thông tin về Chính thức đã có lịch nghỉ lễ Quốc khánh 2 9 2026 cho người lao động?

Chính thức đã có lịch nghỉ lễ Quốc khánh 2 9 2026 cho người lao động? (Hình từ Internet)

Căn cứ theo Điều 4 Nghị định 145/2013/NĐ-CP quy định về các ngày lễ lớn như sau:

Theo đó, ngày 2 tháng 9 năm 1945 là Ngày Quốc khánh nước Cộng hòa xã hội chủ nghĩa Việt Nam.

Như vậy, năm 2026 kỷ niệm 81 năm Quốc khánh nước Cộng hòa XHCN Việt Nam.

Căn cứ theo Điều 112 Bộ luật Lao động 2019 quy định về nghỉ lễ, tết như sau:

Như vậy, người lao động được nghỉ hưởng nguyên lương 02 ngày vào dịp lễ Quốc khánh 2 tháng 9 (ngày 02 tháng 9 dương lịch và 01 ngày liền kề trước hoặc sau).

[...]

2. Công chức, viên chức được nghỉ dịp lễ Quốc khánh năm 2026 như sau: Nghỉ 02 ngày theo quy định gồm ngày 02/9/2026 Dương lịch và 01 ngày liền kề trước là ngày 01/9/2026 Dương lịch; Hoán đổi từ ngày làm việc thứ Hai ngày 31/8/2026 Dương lịch sang ngày nghỉ hằng tuần thứ Bảy ngày 22/8/2026 Dương lịch (nghỉ thứ Hai ngày 31/8/2026 và làm bù vào ngày thứ Bảy ngày 22/8/2026).

[...]

6. Đối với người lao động không thuộc đối tượng quy định tại khoản 1 Thông báo này, người sử dụng lao động quyết định lựa chọn phương án nghỉ tết Âm lịch, nghỉ lễ Quốc khánh năm 2026 như sau:

- Dịp tết Âm lịch: Lựa chọn nghỉ 01 ngày cuối năm Ất Tỵ và 04 ngày đầu năm Bính Ngọ hoặc 02 ngày cuối năm Ất Tỵ và 03 ngày đầu năm Bính Ngọ hoặc 03 ngày cuối năm Ất Tỵ và 02 ngày đầu năm Bính Ngọ.

- Dịp lễ Quốc khánh: Nghỉ thứ Tư ngày 02/9/2026 Dương lịch và lựa chọn nghỉ 01 trong 02 ngày: thứ Ba ngày 01/9/2026 hoặc thứ Năm ngày 03/9/2026 Dương lịch.

- Thông báo phương án nghỉ tết Âm lịch và nghỉ lễ Quốc khánh năm 2026 cho người lao động trước khi thực hiện ít nhất 30 ngày.

- Nếu ngày nghỉ hằng tuần trùng với ngày nghỉ lễ, tết quy định tại khoản 1 Điều 112 của Bộ luật Lao động thì người lao động được nghỉ bù ngày nghỉ hằng tuần vào ngày làm việc kế tiếp theo quy định tại khoản 3 Điều 111 Bộ luật Lao động.

- Khuyến khích người sử dụng lao động áp dụng thời gian nghỉ tết Âm lịch, nghỉ lễ Quốc khánh năm 2026 cho người lao động như quy định đối với công chức, viên chức; Khuyến khích những thỏa thuận có lợi hơn cho người lao động.

[...]

Điều 4. Các ngày lễ lớn

Các ngày lễ lớn trong nước bao gồm:

1. Ngày Tết Nguyên đán (01 tháng Giêng Âm lịch).

2. Ngày thành lập Đảng Cộng sản Việt Nam (03-02-1930).

3. Ngày Giỗ Tổ Hùng Vương (10-3 Âm lịch).

4. Ngày Giải phóng miền Nam, thống nhất đất nước (30-4-1975).

5. Ngày Chiến thắng Điện Biên Phủ (07-5-1954).

6. Ngày sinh Chủ tịch Hồ Chí Minh (19-5-1890).

7. Ngày Cách mạng Tháng Tám (19-8-1945) và Ngày Quốc khánh nước Cộng hòa xã hội chủ nghĩa Việt Nam (02-9-1945).

Điều 112. Nghỉ lễ, tết

1. Người lao động được nghỉ làm việc, hưởng nguyên lương trong những ngày lễ, tết sau đây:

a) Tết Dương lịch: 01 ngày (ngày 01 tháng 01 dương lịch);

b) Tết Âm lịch: 05 ngày;

c) Ngày Chiến thắng: 01 ngày (ngày 30 tháng 4 dương lịch);

d) Ngày Quốc tế lao động: 01 ngày (ngày 01 tháng 5 dương lịch);

đ) Quốc khánh: 02 ngày (ngày 02 tháng 9 dương lịch và 01 ngày liền kề trước hoặc sau);

e) Ngày Giỗ Tổ Hùng Vương: 01 ngày (ngày 10 tháng 3 âm lịch).

2. Lao động là người nước ngoài làm việc tại Việt Nam ngoài các ngày nghỉ theo quy định tại khoản 1 Điều này còn được nghỉ thêm 01 ngày Tết cổ truyền dân tộc và 01 ngày Quốc khánh của nước họ.

3. Hằng năm, căn cứ vào điều kiện thực tế, Thủ tướng Chính phủ quyết định cụ thể ngày nghỉ quy định tại điểm b và điểm đ khoản 1 Điều này.","tai-nguyen-moi-truong","","","","2026-05-20T00:00:00","https://thuvienphapluat.vn/hoi-dap-phap-luat/chinh-thuc-da-co-lich-nghi-le-quoc-khanh-292026-cho-nguoi-lao-dong-138066888.html","2026-05-21T20:30:29.131769+00:00"
"138090921","Chính thức bỏ kê khai thuế TNCN tháng 4/2026 chuyển sang kê khai quý 2 ra sao?","Chính thức bỏ kê khai thuế TNCN tháng 4/2026 chuyển sang kê khai quý 2 ra sao?

Tải mẫu tờ khai thuế TNCN tháng/quý Mẫu 05 KK TNCN ở đâu?

Mức giảm trừ gia cảnh áp dụng khi quyết toán thuế TNCN trong năm 2026 là bao nhiêu?

>>> Hiểu thế nào bỏ kê khai thuế TNCN theo tháng từ năm 2026?

>>> Bỏ tờ khai thuế TNCN tháng 5/2026 thay bằng tờ khai quý 2/2026 đúng không?

>>> THÔNG TIN quan trọng về Tờ khai 05/KK-TNCN theo TT80 khi bỏ kê khai theo tháng chuyển sang quý thế nào?

>>> Tờ khai 05/KK-TNCN tháng 4, 5, 6/2026 chính thức bỏ khai theo tháng chuyển sang kê khai quý 2/2026 ra sao?

>>> Quyết định 1109/QĐ-BTC năm 2026 bỏ kê khai thuế TNCN tháng 4/2026 chuyển sang kê khai quý 2 quy định cụ thể ra sao?

>>> Hạn nộp tờ khai thuế TNCN quý 2 năm 2026 là khi nào?

>>> Doanh thu bao nhiêu thì khai thuế TNCN tháng theo thủ tục tại Quyết định 1109 năm 2026?

***

>>> Kê khai thuế TNCN theo quý thì có khai thuế GTGT theo quý không?

>>> Đã nộp tiền thuế tháng 4 2026 thì xử lý như thế nào khi bỏ khai thuế TNCN theo tháng?

>>> Xử lý tờ khai thuế TNCN tháng 4/2026 đã nộp khi bỏ kê khai thuế TNCN theo tháng như thế nào?

***

>>> Hiểu thế nào về bỏ TTHC 2002235 khai thuế TNCN tháng theo quy định mới nhất?

Xem thêm:

>>> Bỏ TTHC 2.002235 kê khai quý/tháng bỏ kê khai tháng thì kê khai thuế TNCN theo trình tự nào?

>>> CHÍNH THỨC bỏ tờ khai thuế TNCN tháng 4-5-6/2026 thay bằng tờ khai quý 2/2026 đúng hay không?

>>> Hướng dẫn thủ tục khai thuế TNCN tháng 4-5-6/2026 theo thủ tục mới sau khi bỏ khai tháng ra sao?

>>> Hướng dẫn sửa lỗi kỳ kê khai tháng không được phép nộp tờ khai, vui lòng chọn lại kỳ kê khai phù hợp ra sao?

>>> Chính thức bỏ kê khai thuế TNCN tháng 4/2026 chuyển sang kê khai quý 2 ra sao?

Căn cứ Quyết định 1109/QĐ-BTC năm 2026 của Bộ Tài chính về việc công bố thủ tục hành chính được sửa đổi, bổ sung, bãi bỏ trong lĩnh vực quản lý thuế, hải quan thuộc phạm vi chức năng quản lý của Bộ Tài chính.

Đối với thủ tục hành chính nộp tờ khai thuế TNCN tháng Tờ khai 05 KK TNCN Mã [2.002235] được sửa đổi như sau:

Khai thuế thu nhập cá nhân quý của tổ chức, cá nhân trả thu nhập khấu trừ thuế đối với tiền lương, tiền công (Mã số TTHC 2.002235)

- Trình tự thực hiện:

+Bước 1.

++ Tổ chức, cá nhân trả thu nhập có phát sinh khấu trừ thuế chuẩn bị hồ sơ khai thuế, gửi đến cơ quan Thuế. Thời hạn nộp hồ sơ khai thuế quý chậm nhất là ngày cuối cùng của tháng đầu tiên của quý tiếp theo quý phát sinh nghĩa vụ thuế. Nếu ngày cuối cùng trùng ngày nghi/lễ, hạn cuối cùng được chuyển sang ngày làm việc tiếp theo.

(Thủ tục đăng ký chứng từ khấu trừ thuế TNCN được thực hiện riêng theo quy định tại Nghị định 70/2025/NĐ-CP của Chính phủ).

+ Bước 2. Cơ quan thuế tiếp nhận:

++ Trường hợp hồ sơ được nộp trực tiếp tại cơ quan thuế hoặc hồ sơ được gửi qua đường bưu chính: cơ quan thuế thực hiện tiếp nhận, giải quyết hồ sơ theo quy định.

++ Trường hợp hồ sơ được nộp thông qua giao dịch điện tử, việc tiếp nhận, kiểm tra, chấp nhận, giải quyết hồ sơ (và trả kết quả nếu có kết quả) thông qua hệ thống xử lý dữ liệu điện tử của cơ quan thuế

- Cách thức thực hiện:

+ Trực tiếp: Tại TTPVHCC cấp tỉnh, xã

+Thông qua dịch vụ bưu chính công ích theo quy định của Thủ tướng Chính phủ, qua thuê dịch vụ của doanh nghiệp, cá nhân hoặc qua ủy quyền theo quy định của pháp luật;

+ Trực tuyến: Qua Cổng dịch vụ công quốc gia

- Thành phần, số lượng hồ sơ:

+ Thành phần hồ sơ gồm:

++ Tờ khai thuế thu nhập cá nhân (áp dụng đối với tổ chức, cá nhân trả các khoản thu nhập từ tiền lương, tiền công) mẫu số 05/KK-TNCN theo Phụ lục I - Danh mục hồ sơ khai thuế ban hành kèm theo Nghị định số 126/2020/NĐ-CP ngày 19/10/2020 của Chính phủ và Phụ lục II - Mẫu biểu hồ sơ khai thuế ban hành kèm theo Thông tư số 80/2021/TT-BTC ngày 29/9/2021/TT-BTC của Bộ trưởng Bộ Tài chính.

++ Phụ lục bảng xác định số thuế thu nhập cá nhân phải nộp cho các địa phương được hưởng nguồn thu mẫu số 05-1/PBT-KK-TNCN theo Phụ lục I - Danh mục hồ sơ khai thuế ban hành kèm theo Nghị định số 126/2020/NĐ-CP ngày 19/10/2020 của Chính phủ và Phụ lục II - Mẫu biểu hồ sơ khai thuế ban hành theo Thông tư 80/2021/TT-BTC

>> Như vậy, theo nội dung sửa đổi tại Quyết định 1109/QĐ-BTC năm 2026, việc kê khai thuế TNCN theo tháng đối với Tờ khai mẫu 05/KK-TNCN đã được chuyển sang thực hiện theo quý. Theo đó, doanh nghiệp, tổ chức trả thu nhập phát sinh khấu trừ thuế trong tháng 4/2026 sẽ thực hiện kê khai gộp vào quý II/2026 và nộp hồ sơ khai thuế chậm nhất vào ngày cuối cùng của tháng đầu tiên của quý tiếp theo theo quy định.

Chính thức bỏ kê khai thuế TNCN tháng 4/2026 chuyển sang kê khai quý 2 ra sao? (Hình từ Internet)

Tờ khai thuế thu nhập cá nhân với thu nhập từ tiền lương, tiền công hiện đang áp dụng Mẫu 05/KK-TNCN ban hành kèm theo Thông tư 80/2021/TT-BTC được sửa đổi bởi điểm g khoản 7 Điều 1 Thông tư 40/2025/TT-BTC, có dạng như sau:

>> Tải mẫu tờ khai thuế TNCN Tờ khai 05 KK TNCN: TẢI VỀ

Ghi chú:

- Tờ khai này chỉ áp dụng đối với tổ chức, cá nhân phát sinh trả thu nhập từ tiền lương, tiền công cho cá nhân trong tháng/quý, không phân biệt có phát sinh khấu trừ thuế hay không phát sinh khấu trừ thuế.

- Kỳ khai thuế theo tháng áp dụng đối với tổ chức, cá nhân trả thu nhập có tổng doanh thu bán hàng hóa và cung cấp dịch vụ của năm trước liền kề trên 50 tỷ đồng hoặc trường hợp tổ chức, cá nhân trả thu nhập lựa chọn khai thuế theo tháng.

- Kỳ khai thuế theo quý áp dụng đối với tổ chức, cá nhân trả thu nhập có tổng doanh thu bán hàng hóa và cung cấp dịch vụ của năm trước liền kề từ 50 tỷ đồng trở xuống, bao gồm cả tổ chức, cá nhân trả thu nhập không phát sinh doanh thu bán hàng hóa và cung cấp dịch vụ.

Tại tiểu mục 1 Mục A Công văn 1296/CT-NVT năm 2026 có hướng dẫn mức giảm trừ gia cảnh như sau:

Đối với kỳ quyết toán 2025 người nộp thuế thực hiện quyết toán TNCN trong năm 2026 áp dụng mức giảm trừ gia cảnh được xác định theo quy định tại Nghị quyết 954/2020/UBTVQH14 năm 2020 của Ủy ban Thường vụ Quốc hội, cụ thể như sau:

+ Mức giảm trừ đối với đối tượng nộp thuế là 11 triệu đồng/tháng (132 triệu đồng/năm);

+ Mức giảm trừ đối với mỗi người phụ thuộc là 4,4 triệu đồng/tháng.

Tại kỳ tính thuế này người nộp thuế chưa được áp dụng mức giảm trừ gia cảnh theo Nghị quyết 110/2025/UBTVQH15 năm 2026 (Mức 15,5 triệu đồng/tháng đối với NTT và 6,2 triệu đồng/tháng đối với người phụ thuộc)","tai-nguyen-moi-truong","","","","2026-05-20T00:00:00","https://thuvienphapluat.vn/hoi-dap-phap-luat/chinh-thuc-bo-ke-khai-thue-tncn-thang-42026-chuyen-sang-ke-khai-quy-2-ra-sao-138090921.html","2026-05-21T20:30:39.832356+00:00"
"138059892","Lịch thi THPT quốc gia 2026: diễn ra vào ngày 11/6-12/6/2026 (dự kiến) đúng không?","Lịch thi THPT quốc gia 2026: diễn ra vào ngày 11/6-12/6/2026 (dự kiến) đúng không?

Đối tượng dự thi THPT quốc gia gồm những ai?

Đối tượng được đặc cách thi THPT quốc gia gồm những ai?

Căn cứ Điều 1 Quyết định 2269/QĐ-BGDĐT năm 2025 TẢI VỀ như sau:

Như vậy, lịch thi THPT quốc gia 2026 dự kiến diễn ra trong ngày 11 và ngày 12 tháng 6 năm 2026.

Căn cứ tại Tiểu mục 1 Mục 1 Công văn 1257/BGDĐT-QLCL năm 2026 kỳ thi tốt nghiệp THPT 2026 chính thức sẽ diễn ra vào ngày 11/6/2026 và ngày 12/6/2026.

Trên đây là thông tin về ""Lịch thi THPT quốc gia 2026: diễn ra vào ngày 11/6-12/6/2026 (dự kiến) đúng không?"".

Hệ thống Group Hỗ Trợ thi THPT 2026: Cập nhật thủ tục + thông tin + đề ôn + đề thi:

- Nhóm Tổng hợp + Tỉnh, thành: Tại đây

- Nhóm Môn Thi: Tại đây

- Nhóm Ôn Thi Theo Khối: Tại đây

- Nhóm Điểm Chuẩn: Tại đây

Lịch thi THPT quốc gia 2026: diễn ra vào ngày 11/6-12/6/2026 (dự kiến) đúng không? (Hình từ Internet)

Theo khoản 1 Điều 19 Quy chế thi tốt nghiệp trung học phổ thông ban hành kèm theo Thông tư 24/2024/TT-BGDĐT quy định như sau:

Theo đó, đối tượng dự thi THPT quốc gia gồm:

- Người đã hoàn thành Chương trình GDPT/GDTX trong năm tổ chức kỳ thi;

- Người đã hoàn thành Chương trình GDPT/GDTX nhưng chưa tốt nghiệp THPT ở những năm trước;

- Người đã có Bằng tốt nghiệp THPT dự thi để lấy kết quả làm cơ sở đăng ký xét tuyển sinh;

- Người đã có Bằng tốt nghiệp trung cấp dự thi để lấy kết quả làm cơ sở đăng ký xét tuyển sinh.

Theo Điều 40 Quy chế thi tốt nghiệp trung học phổ thông ban hành kèm theo Thông tư 24/2024/TT-BGDĐT quy định về đối tượng được đặc cách thi THPT quốc gia như sau:

(1) Người học được xét đặc cách tốt nghiệp THPT trong trường hợp bị tai nạn, bị ốm hoặc có việc đột xuất đặc biệt trước ngày thi không quá 10 ngày hoặc ngay trong buổi thi đầu tiên, không thể dự thi và thuộc các đối tượng dưới đây:

- Người đã hoàn thành Chương trình GDPT/GDTX trong năm tổ chức kỳ thi;

- Người đã hoàn thành Chương trình GDPT/GDTX nhưng chưa tốt nghiệp THPT ở những năm trước;

(2) Người học được xét đặc cách tốt nghiệp THPT trong trường hợp bị tai nạn, bị ốm hay có việc đột xuất đặc biệt sau khi đã thi ít nhất một bài thi và không thể tiếp tục dự thi hoặc sau khi bị tai nạn, bị ốm hay có việc đột xuất đặc biệt tự nguyện dự thi số bài thi còn lại và thuộc các đối tượng dưới đây:

- Người đã hoàn thành Chương trình GDPT/GDTX trong năm tổ chức kỳ thi;

- Người đã hoàn thành Chương trình GDPT/GDTX nhưng chưa tốt nghiệp THPT ở những năm trước;

(3) Các đối tượng là vận động viên đủ điều kiện được xét đặc cách tốt nghiệp THPT:

- Vận động viên đang học tập tại các cơ sở giáo dục, cơ sở giáo dục nghề nghiệp được triệu tập vào đội tuyển thể thao quốc gia, đội tuyển thể thao của các tỉnh, thành phố trực thuộc trung ương, các ngành để tập huấn và thi đấu thì được cơ quan sử dụng vận động viên chi trả học phí theo quy định của pháp luật.

- Vận động viên đạt thành tích xuất sắc trong các giải thi đấu thể thao quốc gia hoặc quốc tế được xét đặc cách tốt nghiệp trung học cơ sở, trung học phổ thông nếu thời gian thi trùng với thời gian vận động viên tập huấn ở nước ngoài hoặc tham dự thi đấu tại các giải thể thao quốc tế.

Điều 1. Ban hành khung kế hoạch thời gian năm học 2025 - 2026 đối với giáo dục mầm non, giáo dục phổ thông và giáo dục thường xuyên áp dụng trong toàn quốc như sau:

1. Tựu trường sớm nhất trước 01 tuần so với ngày tổ chức khai giảng. Riêng đối với lớp 1, lớp 9, lớp 12 tựu trường sớm nhất trước 02 tuần so với ngày tổ chức khai giảng.

2. Tổ chức khai giảng vào ngày 05 tháng 9 năm 2025.

3. Kết thúc học kỳ I trước ngày 18 tháng 01 năm 2026, hoàn thành chương trình và kết thúc năm học trước ngày 31 tháng 5 năm 2026.

4. Xét công nhận hoàn thành chương trình tiểu học và xét công nhận tốt nghiệp trung học cơ sở trước ngày 30 tháng 6 năm 2026.

5. Hoàn thành tuyển sinh các lớp đầu cấp trước ngày 31 tháng 7 năm 2026.

6. Thi tốt nghiệp trung học phổ thông năm 2026 dự kiến diễn ra trong ngày 11 và ngày 12 tháng 6 năm 2026.

7. Các kỳ thi cấp quốc gia khác được tổ chức theo quy định và hướng dẫn của Bộ Giáo dục và Đào tạo.

[...]

Điều 19. Đối tượng, điều kiện dự thi

1. Đối tượng dự thi gồm:

a) Người đã hoàn thành Chương trình GDPT/GDTX trong năm tổ chức kỳ thi;

b) Người đã hoàn thành Chương trình GDPT/GDTX nhưng chưa tốt nghiệp THPT ở những năm trước;

c) Người đã có Bằng tốt nghiệp THPT dự thi để lấy kết quả làm cơ sở đăng ký xét tuyển sinh;

d) Người đã có Bằng tốt nghiệp trung cấp dự thi để lấy kết quả làm cơ sở đăng ký xét tuyển sinh.

2. Điều kiện dự thi:

a) Các đối tượng dự thi phải ĐKDT và nộp đầy đủ các giấy tờ đúng thời hạn;

b) Đối tượng quy định tại điểm d khoản 1 Điều này phải bảo đảm đã học và thi đạt yêu cầu đủ khối lượng kiến thức văn hóa THPT theo quy định của Luật Giáo dục và các văn bản hướng dẫn hiện hành của Bộ GDĐT.","tai-nguyen-moi-truong","","","","2026-05-20T00:00:00","https://thuvienphapluat.vn/hoi-dap-phap-luat/lich-thi-thpt-quoc-gia-2026-dien-ra-vao-ngay-1161262026-du-kien-dung-khong-138059892.html","2026-05-21T20:30:47.500116+00:00"
"138062956","Lịch nghỉ lễ 2027 - Tổng hợp các ngày lễ 2027 ở Việt Nam chi tiết ra sao?","Lịch nghỉ lễ 2027 - Tổng hợp các ngày lễ 2027 ở Việt Nam chi tiết ra sao?

Nghỉ giải lao theo tính chất của công việc có được tính vào thời giờ làm việc được hưởng lương không?

Cách tính ngày nghỉ hằng năm trong một số trường hợp đặc biệt được quy định cụ thể ra sao?

Lịch nghỉ lễ 2027 - Tổng hợp các ngày lễ 2027 ở Việt Nam chi tiết dưới đây:

Các ngày nghỉ lễ được hưởng nguyên lương trong năm 2027

Căn cứ Điều 112 Bộ luật Lao động 2019 quy định về nghỉ lễ, tết, năm 2027 người lao động được nghỉ các ngày lễ, tết sau đây:

(1) Tết Dương lịch: 01 ngày (ngày 01 tháng 01 dương lịch);

(2) Tết Âm lịch: 05 ngày;

(3) Ngày Chiến thắng: 01 ngày (ngày 30 tháng 4 dương lịch);

(4) Ngày Quốc tế lao động: 01 ngày (ngày 01 tháng 5 dương lịch);

(5) Quốc khánh: 02 ngày (ngày 02 tháng 9 dương lịch và 01 ngày liền kề trước hoặc sau);

(6) Ngày Giỗ Tổ Hùng Vương: 01 ngày (ngày 10 tháng 3 âm lịch).

Lưu ý: Hằng năm, căn cứ vào điều kiện thực tế, sẽ có quyết định cụ thể ngày nghỉ Tết Âm lịch và Quốc khánh.

Các ngày lễ, sự kiện khác trong năm tại Việt Nam và quốc tế

Tên ngày lễ

Ngày

Ông Táo chầu trời

30 tháng 1, 2027

Chiến thắng Ngọc Hồi - Đống Đa

10 tháng 2, 2027

Ngày thành lập Đảng

3 tháng 2, 2027

Tết Nguyên Tiêu

20 tháng 2, 2027

Quốc tế Phụ nữ

8 tháng 3, 2027

Ngày Sách Việt Nam

21 tháng 4, 2027

Ngày Chiến thắng Điện Biện Phủ

7 tháng 5, 2027

Lễ Phật đản

20 tháng 5, 2027

Ngày sinh Chủ tịch Hồ Chí Minh

19 tháng 5, 2027

Tết Đoan ngọ

9 tháng 6, 2027

Ngày quốc tế Thiếu nhi

1 tháng 6, 2027

Ngày Gia đình Việt Nam

28 tháng 6, 2027

Ngày Thương Binh Liệt Sĩ

27 tháng 7, 2027

Ngày cách mạng Tháng Tám

19 tháng 8, 2027

Rằm Tháng Bảy, Vu Lan

16 tháng 8, 2027

Tết Trung thu

15 tháng 9, 2027

Ngày giải phóng Thủ Đô

10 tháng 10, 2027

Ngày Phụ nữ Việt Nam

20 tháng 10, 2027

Ngày Nhà giáo Việt Nam

20 tháng 11, 2027

Ngày hội Quốc phòng Toàn dân

22 tháng 12, 2027

[...]

* Trên đây là Thông tin Lịch nghỉ lễ 2027 - Tổng hợp các ngày lễ 2027 ở Việt Nam chi tiết ra sao?

Lịch nghỉ lễ 2027 - Tổng hợp các ngày lễ 2027 ở Việt Nam chi tiết ra sao? (Hình từ Internet)

Căn cứ Điều 58 Nghị định 145/2020/NĐ-CP có quy định thời giờ được tính vào thời giờ làm việc được hưởng lương như sau:

Như vậy, theo quy định, nghỉ giải lao theo tính chất của công việc thuộc một trong những trường hợp được tính vào thời giờ làm việc được hưởng lương.

Căn cứ Điều 66 Nghị định 145/2020/NĐ-CP, cách tính ngày nghỉ hằng năm trong một số trường hợp đặc biệt như sau:

- Số ngày nghỉ hằng năm của người lao động làm việc chưa đủ 12 tháng theo quy định tại khoản 2 Điều 113 Bộ luật Lao động 2019 được tính như sau: lấy số ngày nghỉ hằng năm cộng với số ngày được nghỉ tăng thêm theo thâm niên (nếu có), chia cho 12 tháng, nhân với số tháng làm việc thực tế trong năm để tính thành số ngày được nghỉ hằng năm.

- Trường hợp người lao động làm việc chưa đủ tháng, nếu tổng số ngày làm việc và ngày nghỉ có hưởng lương của người lao động (nghỉ lễ, tết, nghỉ hằng năm, nghỉ việc riêng có hưởng lương theo Điều 112, Điều 113, Điều 114 và Điều 115 Bộ luật Lao động 2019) chiếm tỷ lệ từ 50% số ngày làm việc bình thường trong tháng theo thỏa thuận thì tháng đó được tính là 01 tháng làm việc để tính ngày nghỉ hằng năm.

- Toàn bộ thời gian người lao động làm việc tại các cơ quan, tổ chức, đơn vị thuộc khu vực nhà nước và doanh nghiệp nhà nước được tính là thời gian làm việc để tính ngày nghỉ hằng năm tăng thêm theo quy định tại Điều 114 Bộ luật Lao động 2019 nếu người lao động tiếp tục làm việc tại các cơ quan, tổ chức, đơn vị thuộc khu vực nhà nước và doanh nghiệp nhà nước.

Điều 58. Thời giờ được tính vào thời giờ làm việc được hưởng lương

1. Nghỉ giữa giờ quy định khoản 2 Điều 64 Nghị định này.

2. Nghỉ giải lao theo tính chất của công việc.

3. Nghỉ cần thiết trong quá trình lao động đã được tính trong định mức lao động cho nhu cầu sinh lý tự nhiên của con người.

4. Thời giờ nghỉ đối với lao động nữ khi mang thai hoặc nuôi con dưới 12 tháng tuổi, trong thời gian hành kinh theo quy định tại khoản 2 và khoản 4 Điều 137 của Bộ luật Lao động.

5. Thời giờ phải ngừng việc không do lỗi của người lao động.

6. Thời giờ hội họp, học tập, tập huấn do yêu cầu của người sử dụng lao động hoặc được người sử dụng lao động đồng ý.

7. Thời giờ người học nghề, tập nghề trực tiếp hoặc tham gia lao động theo quy định tại khoản 5 Điều 61 của Bộ luật Lao động.

8. Thời giờ mà người lao động là thành viên ban lãnh đạo của tổ chức đại diện người lao động tại cơ sở được sử dụng để thực hiện nhiệm vụ theo quy định tại khoản 2 và khoản 3 Điều 176 của Bộ luật Lao động.

9. Thời giờ khám sức khỏe, khám phát hiện bệnh nghề nghiệp, giám định y khoa để xác định mức độ suy giảm khả năng lao động do tai nạn lao động, bệnh nghề nghiệp, nếu thời giờ đó được thực hiện theo sự bố trí hoặc do yêu cầu của người sử dụng lao động.

10. Thời giờ đăng ký, khám, kiểm tra sức khỏe nghĩa vụ quân sự, nếu thời giờ đó được hưởng nguyên lương theo quy định của pháp luật về nghĩa vụ quân sự.","tai-nguyen-moi-truong","","","","2026-05-20T00:00:00","https://thuvienphapluat.vn/hoi-dap-phap-luat/lich-nghi-le-2027--tong-hop-cac-ngay-le-2027-o-viet-nam-chi-tiet-ra-sao-138062956.html","2026-05-21T20:31:17.284827+00:00"
"138091384","CHÍNH THỨC bỏ tờ khai thuế TNCN tháng 4-5-6/2026 thay bằng tờ khai quý 2/2026 đúng hay không?","CHÍNH THỨC bỏ tờ khai thuế TNCN tháng 4-5-6/2026 thay bằng tờ khai quý 2/2026 đúng hay không?

Hạn chót nộp tờ khai thuế TNCN tháng 4 2026 là khi nào?

Hạn chót nộp tờ khai thuế TNCN quý 2 2026 là khi nào?

>>> Hiểu thế nào về bỏ TTHC 2002235 khai thuế TNCN tháng theo quy định mới nhất?

Xem thêm:

>>> Bỏ TTHC 2.002235 kê khai quý/tháng bỏ kê khai tháng thì kê khai thuế TNCN theo trình tự nào?

>>> Tờ khai 05/KK-TNCN tháng 4, 5, 6/2026 chính thức bỏ khai theo tháng chuyển sang kê khai quý 2/2026 ra sao?

>>> CHÍNH THỨC bỏ tờ khai thuế TNCN tháng 4-5-6/2026 thay bằng tờ khai quý 2/2026 đúng hay không?

>>> Hướng dẫn thủ tục khai thuế TNCN tháng 4-5-6/2026 theo thủ tục mới sau khi bỏ khai tháng ra sao?

>>> Hướng dẫn sửa lỗi kỳ kê khai tháng không được phép nộp tờ khai, vui lòng chọn lại kỳ kê khai phù hợp ra sao?

>>> Chính thức bỏ kê khai thuế TNCN tháng 4/2026 chuyển sang kê khai quý 2 ra sao?

Ngày 08/05/2026 Bộ Tài chính đã ban hành Quyết định 1109/QĐ-BTC năm 2026 công bố thủ tục hành chính được sửa đổi, bổ sung, bãi bỏ trong lĩnh vực quản lý thuế, hải quan

Theo đó đã sửa đổi bổ sung Thủ tục hành chính 2.002235 Khai thuế thu nhập cá nhân tháng/quý của tỔ chức, cá nhân trả thu nhập khấu trừ thuế đối với tiền lương, tiền công

Theo thủ tục trên thì không còn kê khai theo tháng, theo đó CHÍNH THỨC bỏ tờ khai thuế TNCN tháng và thay bằng tờ khai quý từ ngày 8/5/2026.

Như vậy đối với khai thuế TNCN tháng 4-5-6 năm 2026 sẽ được chuyển sang thành khai thuế TNCN quý 2 năm 2026.

*Bài viết CHÍNH THỨC bỏ tờ khai thuế TNCN tháng 4-5-6/2026 thay bằng tờ khai quý 2/2026 đúng hay không?

CHÍNH THỨC bỏ tờ khai thuế TNCN tháng 4 5 6 2026 thay bằng tờ khai quý 2 2026 đúng hay không? (Hình từ Internet)

Căn cứ tại khoản 1 Điều 44 Luật Quản lý thuế 2019 quy định về thời hạn nộp hồ sơ khai thuế cụ thể như sau:

Như vậy, hạn chót nộp tờ khai thuế TNCN tháng 4 2026 là ngày 20/5/2026.

Căn cứ tại điểm b khoản 1 Điều 44 Luật Quản lý thuế 2019 quy định về thời hạn nộp hồ sơ khai thuế cụ thể như sau:

Hạn chót nộp tờ khai thuế TNCN quý 2 2026 là 31/7/2026.

*Bài viết CHÍNH THỨC bỏ tờ khai thuế TNCN tháng 4 5 6 2026 thay bằng tờ khai quý 2 2026 đúng hay không?

6. Khai thuế thu nhập cá nhân quý của tổ chức, cá nhân trả thu nhập khấu trừ thuế đối với tiền lương, tiền công (Mã số TTHC 2.002235)

- Trình tự thực hiện:

+Bước 1.

++ Tổ chức, cá nhân trả thu nhập có phát sinh khấu trừ thuế chuẩn bị hồ sơ khai thuế, gửi đến cơ quan Thuế. Thời hạn nộp hồ sơ khai thuế quý chậm nhất là ngày cuối cùng của tháng đầu tiên của quý tiếp theo quý phát sinh nghĩa vụ thuế. Nếu ngày cuối cùng trùng ngày nghỉ lễ, hạn cuối cùng được chuyển sang ngày làm việc tiếp theo.

(Thủ tục đăng ký chứng từ khấu trừ thuế TNCN được thực hiện riêng theo quy định tại Nghị định 70/2025/NĐ-CP của Chính phủ).

[...]

Điều 44. Thời hạn nộp hồ sơ khai thuế

1. Thời hạn nộp hồ sơ khai thuế đối với loại thuế khai theo tháng, theo quý được quy định như sau:

a) Chậm nhất là ngày thứ 20 của tháng tiếp theo tháng phát sinh nghĩa vụ thuế đối với trường hợp khai và nộp theo tháng;

b) Chậm nhất là ngày cuối cùng của tháng đầu của quý tiếp theo quý phát sinh nghĩa vụ thuế đối với trường hợp khai và nộp theo quý.

2. Thời hạn nộp hồ sơ khai thuế đối với loại thuế có kỳ tính thuế theo năm được quy định như sau:

a) Chậm nhất là ngày cuối cùng của tháng thứ 3 kể từ ngày kết thúc năm dương lịch hoặc năm tài chính đối với hồ sơ quyết toán thuế năm; chậm nhất là ngày cuối cùng của tháng đầu tiên của năm dương lịch hoặc năm tài chính đối với hồ sơ khai thuế năm;

b) Chậm nhất là ngày cuối cùng của tháng thứ 4 kể từ ngày kết thúc năm dương lịch đối với hồ sơ quyết toán thuế thu nhập cá nhân của cá nhân trực tiếp quyết toán thuế;

c) Chậm nhất là ngày 15 tháng 12 của năm trước liền kề đối với hồ sơ khai thuế khoán của hộ kinh doanh, cá nhân kinh doanh nộp thuế theo phương pháp khoán; trường hợp hộ kinh doanh, cá nhân kinh doanh mới kinh doanh thì thời hạn nộp hồ sơ khai thuế khoán chậm nhất là 10 ngày kể từ ngày bắt đầu kinh doanh.

[...]

Điều 44. Thời hạn nộp hồ sơ khai thuế

1. Thời hạn nộp hồ sơ khai thuế đối với loại thuế khai theo tháng, theo quý được quy định như sau:

a) Chậm nhất là ngày thứ 20 của tháng tiếp theo tháng phát sinh nghĩa vụ thuế đối với trường hợp khai và nộp theo tháng;

b) Chậm nhất là ngày cuối cùng của tháng đầu của quý tiếp theo quý phát sinh nghĩa vụ thuế đối với trường hợp khai và nộp theo quý.

2. Thời hạn nộp hồ sơ khai thuế đối với loại thuế có kỳ tính thuế theo năm được quy định như sau:

a) Chậm nhất là ngày cuối cùng của tháng thứ 3 kể từ ngày kết thúc năm dương lịch hoặc năm tài chính đối với hồ sơ quyết toán thuế năm; chậm nhất là ngày cuối cùng của tháng đầu tiên của năm dương lịch hoặc năm tài chính đối với hồ sơ khai thuế năm;

b) Chậm nhất là ngày cuối cùng của tháng thứ 4 kể từ ngày kết thúc năm dương lịch đối với hồ sơ quyết toán thuế thu nhập cá nhân của cá nhân trực tiếp quyết toán thuế;

c) Chậm nhất là ngày 15 tháng 12 của năm trước liền kề đối với hồ sơ khai thuế khoán của hộ kinh doanh, cá nhân kinh doanh nộp thuế theo phương pháp khoán; trường hợp hộ kinh doanh, cá nhân kinh doanh mới kinh doanh thì thời hạn nộp hồ sơ khai thuế khoán chậm nhất là 10 ngày kể từ ngày bắt đầu kinh doanh.

[...]","tai-nguyen-moi-truong","","","","2026-05-20T00:00:00","https://thuvienphapluat.vn/hoi-dap-phap-luat/chinh-thuc-bo-to-khai-thue-tncn-thang-4562026-thay-bang-to-khai-quy-22026-dung-hay-khong-138091384.html","2026-05-21T20:31:26.859574+00:00"
"138091055","CHỐT giá xăng dầu ngày 20/5/2026 từ 22h00 tăng giảm như thế nào?","CHỐT giá xăng dầu ngày 20 5 2026 từ 22h00 tăng giảm như thế nào?

Ai nào được xuất khẩu xăng dầu và nguyên liệu?

Thương nhân kinh doanh xăng dầu phải kiểm soát cửa hàng bán lẻ xăng dầu thuộc hệ thống của mình đúng không?

>>> Giá xăng dầu Petrolimex hôm nay 22/5/2026 điều chỉnh 34 tỉnh thành bao nhiêu 1 lít?

>>> Điều chỉnh giá xăng ngày 22/5/2026 trên cả nước giá xăng dầu tăng hay giảm như thế nào?

>>> Bảng giá xăng dầu từ 00h00 ngày 22/5/2026 Petrolimex, PVOIL, Petrovietnam tại các cửa hàng bán lẻ bao nhiêu tiền 1 lít?

>>> Giá xăng dầu hôm nay 22/5/2026 E10, E5, RON95, dầu diesel bao nhiêu tiền 1 lít?

>>> Điều chỉnh bảng giá xăng RON95 Petrolimex ngày 22/5/2026 tăng giảm bao nhiêu tiền 1 lít xăng?

>>> MỚI NHẤT bảng giá xăng E10, E5 ngày 22/5/2026 PETROLIMEX điều chỉnh tăng giảm bao nhiêu tiền 1 lít?

>>> CHỐT giá xăng E5 E10 chính thức ngày 22/5/2026 bao nhiêu tiền 1 lít?

>>> CHÍNH THỨC Giá xăng dầu ngày 22 tháng 5 năm 2026 từ 0h Petrolimex, PVOIL đã tăng lên bao nhiêu?

Hiện nay giá xăng dầu ngày 20/5/2026 từ 22h00 vẫn được áp dụng theo Công văn 3392/BCT-TTTN năm 2026.

Công văn 3392/BCT-TTTN năm 2026 về điều hành kinh doanh xăng dầu, mức trích lập và chi sử dụng Quỹ bình ổn giá xăng dầu (BOG) từ 15 giờ 00 phút ngày 14/5/2026 như sau:

Tính đến 22h00 ngày 20/5/2026 thì giá xăng vẫn được áp dụng theo Công văn 3392/BCT-TTTN năm 2026 điều chỉnh từ 15h00 ngày 14/5/2026.

CHỐT giá xăng dầu ngày 20/5/2026 từ 22H00 như sau:

Mặt hàng

Mức giá cơ sở (Tối đa)

Giá PVOIL công bố

Giá PETROLIMEX công bố

Xăng không chì RON 95-V

-

-

Vùng 1: 24.970

Vùng 2: 25.460

Xăng không chì RON 95-III

24.078

24.070

Vùng 1: 24.070

Vùng 2: 24.550

Xăng E10 RON 95-V

-

-

Vùng 1: 24.350

Vùng 2: 24.830

Xăng E10 RON 95-III

-

23.450

Vùng 1: 23.450

Vùng 2: 23.910

Xăng E5 RON 92-II

23.134

23.130

Vùng 1: 23.130

Vùng 2: 23.590

Điêzen 0,001S-V

-

28.480

Vùng 1: 28.480

Vùng 2: 29.040

Điêzen 0,05S-II

27.226

27.220

Vùng 1: 27.220

Vùng 2: 27.760

Dầu hỏa 2-K

-

-

Vùng 1: 27.710

Vùng 2: 28.260

Mazút N°2B (3.5S)

20.585

-

Vùng 1: 20.580

Vùng 2: 20.990

Mazút 180cst - 0,5S (RMG)

-

-

Vùng 1: 23.680

Vùng 2: 24.150

*Trên đây là thông tin CHỐT giá xăng dầu ngày 20 5 2026 từ 22h00 tăng giảm như thế nào?

CHỐT giá xăng dầu ngày 20 5 2026 từ 22h00 tăng giảm như thế nào? (Hình từ Internet)

Căn cứ tại khoản 3 Điều 35 Nghị định 83/2014/NĐ-CP quy định về xuất khẩu, tạm nhập tái xuất, chuyển khẩu, gia công xuất khẩu xăng dầu và nguyên liệu như sau:

Theo đó, chỉ có thương nhân đầu mối được xuất khẩu xăng dầu và nguyên liệu.

Căn cứ tại khoản 1 Điều 26 Nghị định 83/2014/NĐ-CP quy định quyền và nghĩa vụ của thương nhân kinh doanh xăng dầu đối với cửa hàng bán lẻ xăng dầu gồm:

Theo đó, Thương nhân kinh doanh xăng dầu phải kiểm soát cửa hàng bán lẻ xăng dầu thuộc hệ thống phân phối của mình.

*Bài viết CHỐT giá xăng dầu ngày 20 5 2026 từ 22h00 tăng giảm như thế nào?

[...]

1. Quỹ Bình ổn giá xăng dầu

1.1. Trích lập Quỹ Bình ổn giá xăng dầu (nguồn tạm ứng từ ngân sách nhà nước)

- Xăng sinh học: 0 đồng/lít;

- Xăng không chì: 0 đồng/lít;

- Dầu điêzen: 0 đồng/lít;

- Dầu madút: 0 đồng/kg.

1.2. Chi sử dụng Quỹ Bình ổn giá xăng dầu (nguồn tạm ứng từ ngân sách nhà nước)

- Xăng sinh học: 0 đồng/lít;

- Xăng không chì: 0 đồng/lít;

- Dầu điêzen: 0 đồng/lít;

- Dầu madút: 0 đồng/kg.

2. Giá bán xăng dầu

Sau khi thực hiện việc trích lập và chi sử dụng Quỹ Bình ổn giá xăng dầu đối với các mặt hàng xăng dầu như tại Mục 1 nêu trên, giá bán các mặt hàng xăng dầu tiêu dùng phổ biến trên thị trường không cao hơn mức giá:

- Xăng E5RON92: không cao hơn 23.134 đồng/lít;

- Xăng RON95-III: không cao hơn 24.078 đồng/lít;

- Dầu điêzen 0.05S: không cao hơn 27.226 đồng/lít;

- Dầu madút 180CST 3.5S: không cao hơn 20.585 đồng/kg.

3. Thời gian thực hiện

- Trích lập và chi sử dụng Quỹ Bình ổn giá xăng dầu đối với các mặt hàng xăng dầu tại Mục 1 nêu trên: Áp dụng từ 15 giờ 00' ngày 14 tháng 5 năm 2026.

[...]

Điều 35. Xuất khẩu, tạm nhập tái xuất, chuyển khẩu, gia công xuất khẩu xăng dầu và nguyên liệu

1. Chỉ có thương nhân đầu mối được xuất khẩu xăng dầu và nguyên liệu.

2. Chỉ có thương nhân có Giấy phép kinh doanh xuất khẩu, nhập khẩu xăng dầu được tạm nhập tái xuất, chuyển khẩu xăng dầu và nguyên liệu.

3. Chỉ có thương nhân sản xuất được gia công xuất khẩu xăng dầu.

4. Kinh doanh tạm nhập tái xuất xăng dầu gồm những loại hình sau:

a) Thương nhân làm thủ tục nhập khẩu xăng dầu vào Việt Nam và làm thủ tục xuất khẩu xăng dầu ra khỏi Việt Nam.

b) Thương nhân làm thủ tục nhập khẩu xăng dầu vào Việt Nam và bán xăng dầu cho thương nhân thuộc các khu vực hải quan riêng trên lãnh thổ Việt Nam như khu chế xuất, doanh nghiệp chế xuất, khu bảo thuế, khu thương mại công nghiệp và các khu vực kinh tế khác được thành lập theo Quyết định của Thủ tướng Chính phủ trong đó quy định quan hệ mua bán, trao đổi hàng hóa giữa các khu vực này với nội địa là quan hệ xuất khẩu, nhập khẩu, trừ trường hợp Thủ tướng Chính phủ có quy định khác.

5. Thương nhân làm thủ tục nhập khẩu xăng dầu vào Việt Nam để bán cho các đối tượng sau đây cũng được áp dụng các quy định về kinh doanh tạm nhập tái xuất xăng dầu:

[...]

Điều 26. Quyền và nghĩa vụ của thương nhân kinh doanh xăng dầu đối với cửa hàng bán lẻ xăng dầu

1. Kiểm soát cửa hàng bán lẻ xăng dầu thuộc hệ thống phân phối của mình.

2. Thông báo bằng văn bản về thời gian ngừng bán hàng gửi Sở Công Thương nơi cấp Giấy chứng nhận cửa hàng đủ điều kiện bán lẻ xăng dầu cho cửa hàng bán lẻ xăng dầu, trong đó ghi rõ lý do ngừng bán hàng.

3. Niêm yết giá bán các loại xăng dầu và bán đúng giá niêm yết.

4. Tại khu vực bán hàng, chỉ được treo biển hiệu của thương nhân cung cấp xăng dầu cho cửa hàng là thương nhân đầu mối hoặc thương nhân phân phối xăng dầu. Biển hiệu phải ghi đầy đủ các nội dung theo quy định của pháp luật.

5. Ghi rõ thời gian bán hàng tại khu vực bán hàng, thuận tiện cho quan sát của người mua hàng.

[...]","tai-nguyen-moi-truong","","","","2026-05-20T00:00:00","https://thuvienphapluat.vn/hoi-dap-phap-luat/chot-gia-xang-dau-ngay-2052026-tu-22h00-tang-giam-nhu-the-nao-138091055.html","2026-05-21T20:31:50.197133+00:00"
"138090848","Giá xăng E5 E10 tối nay ngày 20/5/2026 Petrolimex công bố từ 19h00 tăng hay giảm nhiêu tiền một lít?","Giá xăng E5 E10 tối nay ngày 20/5/2026 Petrolimex công bố từ 19h00 tăng hay giảm nhiêu tiền một lít?

Cần đáp ứng điều kiện nào để được kinh doanh dịch vụ cho thuê cảng, kho tiếp nhận xăng dầu?

Quy định về dự trữ xăng dầu bắt buộc ra sao?

>>> Giá xăng dầu Petrolimex hôm nay 22/5/2026 điều chỉnh 34 tỉnh thành bao nhiêu 1 lít?

>>> Điều chỉnh giá xăng ngày 22/5/2026 trên cả nước giá xăng dầu tăng hay giảm như thế nào?

>>> Bảng giá xăng dầu từ 00h00 ngày 22/5/2026 Petrolimex, PVOIL, Petrovietnam tại các cửa hàng bán lẻ bao nhiêu tiền 1 lít?

>>> Giá xăng dầu hôm nay 22/5/2026 E10, E5, RON95, dầu diesel bao nhiêu tiền 1 lít?

>>> Điều chỉnh bảng giá xăng RON95 Petrolimex ngày 22/5/2026 tăng giảm bao nhiêu tiền 1 lít xăng?

>>> MỚI NHẤT bảng giá xăng E10, E5 ngày 22/5/2026 PETROLIMEX điều chỉnh tăng giảm bao nhiêu tiền 1 lít?

>>> CHỐT giá xăng E5 E10 chính thức ngày 22/5/2026 bao nhiêu tiền 1 lít?

>>> CHÍNH THỨC Giá xăng dầu ngày 22 tháng 5 năm 2026 từ 0h Petrolimex, PVOIL đã tăng lên bao nhiêu?

Giá xăng E5 E10 tối nay ngày 20/5/2026 từ 19h00 Petrolimex vẫn điều chỉnh theo Công văn 3392/BCT-TTTN năm 2026 về điều hành giá xăng dầu của Bộ Tài Chính.

Công văn 3392/BCT-TTTN năm 2026 về điều hành kinh doanh xăng dầu, mức trích lập và chi sử dụng Quỹ bình ổn giá xăng dầu (BOG) từ 15 giờ 00 phút ngày 14/5/2026 như sau:

CHÍNH THỨC giá xăng E5 E10 từ 19h00 ngày 20/5/2026 Petrolimex điều chỉnh như sau:

Mặt hàng

Đơn vị tính (Đã bao gồm thuế GTGT)

Vùng 1

Vùng 2

Xăng sinh học E10 RON 95-V

Đồng/lít

24.350

24.830

Xăng sinh học E10 RON 95-III

Đồng/lít

23.450

23.910

Xăng sinh học E5 RON 92-II

Đồng/lít

23.130

23.590

Ghi chú:

Đối với mặt hàng xăng (trừ etanol), dầu Điêzen và dầu hỏa thuộc đối tượng không phải kê khai, tính nộp thuế GTGT nhưng được khấu trừ thuế GTGT đầu vào theo văn bản số 1088/TTTN-XD ngày 15/4/2026 của Bộ Công Thương, mức giá của mặt hàng Mazút là giá bán buôn.

*Trên đây là thông tin Giá xăng E5 E10 tối nay ngày 20/5/2026 Petrolimex công bố từ 19h00 tăng hay giảm nhiêu tiền một lít?

Giá xăng E5 E10 tối nay ngày 20 5 2026 Petrolimex công bố từ 19h00 tăng hay giảm nhiêu tiền một lít? (Hình từ Internet)

Căn cứ tại Điều 27 Nghị định 83/2014/NĐ-CP được sửa đổi bởi khoản 2 Điều 1 Nghị định 08/2018/NĐ-CP quy định về điều kiện kinh doanh dịch vụ cho thuê cảng, kho tiếp nhận xăng dầu như sau:

[1] Doanh nghiệp được thành lập theo quy định của pháp luật, trong Giấy chứng nhận đăng ký doanh nghiệp có đăng ký kinh doanh xăng dầu.

[2] Có cầu cảng chuyên dụng nằm trong hệ thống cảng biển, cảng thủy nội địa, có kho chứa thuộc sở hữu doanh nghiệp hoặc đồng sở hữu, được xây dựng theo các tiêu chuẩn quy định.

[3] Cán bộ quản lý, nhân viên trực tiếp kinh doanh phải được đào tạo, huấn luyện và có chứng chỉ đào tạo, huấn luyện nghiệp vụ về phòng cháy, chữa cháy và bảo vệ môi trường theo quy định của pháp luật hiện hành.

Căn cứ tại Điều 31 Nghị định 83/2014/NĐ-CP được sửa đổi bởi khoản 23 Điều 1 Nghị định 95/2021/NĐ-CP quy định về dự trữ xăng dầu bắt buộc như sau:

[1] Kể từ ngày Nghị định này có hiệu lực, thương nhân đầu mối kinh doanh xăng dầu và thương nhân đầu mối sản xuất xăng dầu có tổ chức hệ thống phân phối xăng dầu phải bảo đảm ổn định mức dự trữ xăng dầu bắt buộc tối thiểu bằng hai mươi (20) ngày cung ứng, tính theo sản lượng tiêu thụ nội địa bình quân một (01) ngày của năm trước liền kề, cả về cơ cấu chủng loại; bao gồm dự trữ phục vụ an ninh năng lượng quốc gia, dự trữ lưu thông bắt buộc.

[2] Kể từ ngày Nghị định này có hiệu lực, thương nhân phân phối xăng dầu phải bảo đảm ổn định mức dự trữ xăng dầu bắt buộc tối thiểu bằng năm (05) ngày cung ứng, tính theo sản lượng tiêu thụ nội địa bình quân một (01) ngày của năm trước liền kề, cả về cơ cấu chủng loại.

[3] Kể từ ngày Nghị định này có hiệu lực, thương nhân đầu mối sản xuất xăng dầu phải bảo đảm ổn định mức dự trữ xăng dầu bắt buộc tối thiểu theo các quy định hiện hành về dự trữ xăng dầu.

[4] Cơ chế sử dụng nguồn xăng dầu dự trữ bắt buộc thực hiện theo quy định của pháp luật về dự trữ quốc gia và/hoặc theo chỉ đạo của Bộ Công Thương để phục vụ công tác bảo đảm cân đối cung cầu, bình ổn thị trường khi cần thiết.

*Bài viết Giá xăng E5 E10 tối nay ngày 20 5 2026 Petrolimex công bố từ 19h00 tăng hay giảm nhiêu tiền một lít?

[...]

1. Quỹ Bình ổn giá xăng dầu

1.1. Trích lập Quỹ Bình ổn giá xăng dầu (nguồn tạm ứng từ ngân sách nhà nước)

- Xăng sinh học: 0 đồng/lít;

- Xăng không chì: 0 đồng/lít;

- Dầu điêzen: 0 đồng/lít;

- Dầu madút: 0 đồng/kg.

1.2. Chi sử dụng Quỹ Bình ổn giá xăng dầu (nguồn tạm ứng từ ngân sách nhà nước)

- Xăng sinh học: 0 đồng/lít;

- Xăng không chì: 0 đồng/lít;

- Dầu điêzen: 0 đồng/lít;

- Dầu madút: 0 đồng/kg.

2. Giá bán xăng dầu

Sau khi thực hiện việc trích lập và chi sử dụng Quỹ Bình ổn giá xăng dầu đối với các mặt hàng xăng dầu như tại Mục 1 nêu trên, giá bán các mặt hàng xăng dầu tiêu dùng phổ biến trên thị trường không cao hơn mức giá:

- Xăng E5RON92: không cao hơn 23.134 đồng/lít;

- Xăng RON95-III: không cao hơn 24.078 đồng/lít;

- Dầu điêzen 0.05S: không cao hơn 27.226 đồng/lít;

- Dầu madút 180CST 3.5S: không cao hơn 20.585 đồng/kg.

3. Thời gian thực hiện

- Trích lập và chi sử dụng Quỹ Bình ổn giá xăng dầu đối với các mặt hàng xăng dầu tại Mục 1 nêu trên: Áp dụng từ 15 giờ 00' ngày 14 tháng 5 năm 2026.

[...]","tai-nguyen-moi-truong","","","","2026-05-20T00:00:00","https://thuvienphapluat.vn/hoi-dap-phap-luat/gia-xang-e5-e10-toi-nay-ngay-2052026-petrolimex-cong-bo-tu-19h00-tang-hay-giam-nhieu-tien-mot-lit-138090848.html","2026-05-21T20:31:59.912649+00:00"
"138091316","Bảng giá xăng E10, E5 chiều tối ngày 20/5/2026 Petrolimex, PVOIL, Petrovietnam sau khi điều chỉnh bao nhiêu tiền 1 lít?","Bảng giá xăng E10 E5 chiều tối ngày 20 5 2026 Petrolimex Pvoil Petrovietnam bán lẻ bao nhiều tiền 1 lít?

Thương nhân nhận quyền bán lẻ xăng dầu có quyền và nghĩa vụ gì?

Thương nhân kinh doanh xăng dầu có sở hữu cửa hàng bán lẻ xăng dầu phải thực hiện những quy định nào?

>>> Giá xăng dầu Petrolimex hôm nay 22/5/2026 điều chỉnh 34 tỉnh thành bao nhiêu 1 lít?

>>> Điều chỉnh giá xăng ngày 22/5/2026 trên cả nước giá xăng dầu tăng hay giảm như thế nào?

>>> Bảng giá xăng dầu từ 00h00 ngày 22/5/2026 Petrolimex, PVOIL, Petrovietnam tại các cửa hàng bán lẻ bao nhiêu tiền 1 lít?

>>> Giá xăng dầu hôm nay 22/5/2026 E10, E5, RON95, dầu diesel bao nhiêu tiền 1 lít?

>>> Điều chỉnh bảng giá xăng RON95 Petrolimex ngày 22/5/2026 tăng giảm bao nhiêu tiền 1 lít xăng?

>>> MỚI NHẤT bảng giá xăng E10, E5 ngày 22/5/2026 PETROLIMEX điều chỉnh tăng giảm bao nhiêu tiền 1 lít?

>>> CHỐT giá xăng E5 E10 chính thức ngày 22/5/2026 bao nhiêu tiền 1 lít?

>>> CHÍNH THỨC Giá xăng dầu ngày 22 tháng 5 năm 2026 từ 0h Petrolimex, PVOIL đã tăng lên bao nhiêu?

Bảng giá xăng E10, E5 chiều tối ngày 20/5/2026 Petrolimex, Pvoil Petrovietnam bán lẻ dựa trên giá cơ sở các mặt hàng xăng dầu tại Công văn 3392/BCT-TTTN năm 2026 áp dụng từ 15h ngày 14/5/2026 đến khi có kỳ điều hành kế tiếp.

Theo đó các tập đoàn dầu khí Việt Nam như Petrolimex, PVOIL, Petrovietnam đã điều chỉnh bảng giá xăng E10, E5 chiều tối ngày 20/5/2026 dựa trên giá cơ sở niêm yết mới nhất như sau:

[1] PETROLIMEX

Đơn vị: đồng/lít

Mặt hàng

Đơn vị tính (Đã bao gồm thuế GTGT)

Vùng 1

Vùng 2

Xăng sinh học E10 RON 95-V

Đồng/lít

24.350

24.830

Xăng sinh học E10 RON 95-III

Đồng/lít

23.450

23.910

Xăng sinh học E5 RON 92-II

Đồng/lít

23.130

23.590

Ghi chú:

+ Mức giá trên là giá bán lẻ; Các mặt hàng Xăng và DO không chịu thuế GTGT.

[2] PVOIL, PETROVIETNAM

Đơn vị: đồng/lít

TT

Mặt hàng xăng dầu

Giá điều chỉnh lúc 15:00 ngày 14/52026(Đồng/lít thực tế)

1

Xăng E10 RON 95-III

23.450 đ

2

Xăng E5 RON 92-II

23.130 đ

(Giá trên đã bao gồm thuế GTGT và thuế môi trường)

>>> Giá bán cơ sở các mặt hàng xăng dầu tiêu dùng phổ biến áp dụng cho các cây xăng trên toàn quốc như sau:

Mặt hàng

Giá (đơn vị: đồng/lít, kg)

So với kỳ trước

Xăng RON 95-III

24.078

-276

Xăng E5 RON 92

23.134

-656

Dầu điêzen 0.05S

27.226

-268

Dầu madút 180CST 3.5S

20.585

-587

(Bảng giá xăng dầu mới nhất được Bộ Công thương niêm yết lúc 15h ngày 14/5/2026)

* Trên đây là Thông tin về Bảng giá xăng E10 E5 chiều tối ngày 20 5 2026 Petrolimex Pvoil Petrovietnam bán lẻ bao nhiều tiền 1 lít?

Bảng giá xăng E10 E5 chiều tối ngày 20 5 2026 Petrolimex Pvoil Petrovietnam bán lẻ bao nhiều tiền 1 lít? (Hình từ Internet)

Căn cứ theo Điều 23 Nghị định 83/2014/NĐ-CP quy định về quyền và nghĩa vụ của thương nhân nhận quyền bán lẻ xăng dầu. Theo đó, thương nhân nhận quyền bán lẻ xăng dầu có các quyền và nghĩa vụ sau đây:

- Được bán lẻ xăng dầu tại cửa hàng bán lẻ xăng dầu của mình theo giá bán lẻ do thương nhân nhượng quyền là thương nhân đầu mối hoặc thương nhân phân phối xăng dầu quy định.

- Chỉ được ký hợp đồng làm thương nhân nhận quyền bán lẻ xăng dầu cho một (01) thương nhân đầu mối hoặc một (01) thương nhân phân phối xăng dầu để bán xăng dầu qua cửa hàng bán lẻ xăng dầu thuộc sở hữu, đồng sở hữu. Nếu thương nhân đầu mối hoặc thương nhân phân phối xăng dầu đó không kinh doanh nhiên liệu sinh học, thương nhân nhận quyền được ký thêm hợp đồng làm thương nhân nhận quyền bán lẻ xăng dầu cho một (01) thương nhân đầu mối hoặc một (01) thương nhân phân phối xăng dầu khác chỉ để kinh doanh nhiên liệu sinh học.

- Thương nhân đã ký hợp đồng làm thương nhân nhận quyền bán lẻ xăng dầu, không được ký thêm hợp đồng làm đại lý cho tổng đại lý hoặc thương nhân phân phối xăng dầu, làm tổng đại lý hoặc đại lý cho thương nhân đầu mối.

Thương nhân nhận quyền bán lẻ xăng dầu phải nằm trong hệ thống phân phối và chịu sự kiểm soát của thương nhân đầu mối hoặc thương nhân phân phối xăng dầu.

- Chịu trách nhiệm về chất lượng, số lượng, giá xăng dầu niêm yết, bán ra theo quy định.

- Thực hiện chế độ ghi chép chứng từ phù hợp với hình thức kinh doanh là bên nhận quyền theo quy định của Bộ Tài chính.

- Tuân thủ các quy định của pháp luật về phòng cháy, chữa cháy và bảo vệ môi trường trong quá trình hoạt động kinh doanh.

- Ngoài việc treo biển hiệu của thương nhân theo quy định hiện hành, phải sử dụng tên thương mại, biểu tượng (lô gô), nhãn hiệu, chỉ dẫn thương mại của thương nhân nhượng quyền, thực hiện bằng hợp đồng phù hợp với Luật Thương mại 2005 về nhượng quyền thương mại, Luật Sở hữu trí tuệ 2005 và các quy định khác của pháp luật.

- Phải đăng ký thời gian bán hàng của cửa hàng bán lẻ xăng dầu thuộc sở hữu của thương nhân với Sở Công Thương địa phương nơi cấp Giấy chứng nhận cửa hàng đủ điều kiện bán lẻ xăng dầu cho cửa hàng đó.

- Phải đăng ký hệ thống phân phối với Sở Công Thương địa phương nơi thương nhân có hệ thống phân phối.

Phải gửi thông tin hệ thống phân phối của mình cho bên nhượng quyền là thương nhân đầu mối hoặc thương nhân phân phối xăng dầu để đăng ký hệ thống phân phối với cơ quan quản lý nhà nước có thẩm quyền.

- Phải xây dựng, áp dụng và duy trì có hiệu lực hệ thống quản lý chất lượng.

Căn cứ theo Điều 21 Thông tư 15/2015/TT-BKHCN quy định về thương nhân kinh doanh xăng dầu có sở hữu cửa hàng bán lẻ xăng dầu phải thực hiện như sau:

- Thực hiện quy trình kiểm soát hệ thống bể chứa xăng dầu do thương nhân chủ sở hữu cửa hàng xăng dầu ban hành để duy trì chất lượng phù hợp quy chuẩn kỹ thuật quốc gia, tiêu chuẩn công bố áp dụng; bảo đảm hệ thống bể chứa xăng dầu không bị rò rỉ và chứa đựng lẫn các loại xăng dầu và việc thực hiện kiểm tra bể chứa xăng dầu phải được lưu hồ sơ.

- Lấy mẫu, niêm phong và lưu mẫu theo quy định tại Điều 7 Mục 1 Chương 3 Thông tư 15/2015/TT-BKHCN.

- Kiểm tra niêm phong của xitec, hầm hàng, ngăn chứa và các van xuất nhập trên các phương tiện chứa xăng dầu trước khi nhập hàng và kiểm tra niêm phong của bình chứa mẫu được lấy tại kho của thương nhân đầu mối hoặc tổng đại lý hoặc thương nhân phân phối.

- Thông báo công khai ở vị trí để nhận biết cho người tiêu dùng các thông tin về: loại xăng dầu kinh doanh theo quy định của quy chuẩn kỹ thuật quốc gia hiện hành; tiêu chuẩn công bố áp dụng.

- Lưu hồ sơ chất lượng theo quy định đối với từng loại xăng dầu khi nhập vào, bao gồm:

+ Biên bản lấy mẫu, niêm phong, bàn giao mẫu và cam kết chất lượng xăng dầu của thương nhân đầu mối hoặc tổng đại lý hoặc thương nhân phân phối xăng dầu (theo Mẫu 1. BBLM-NP-CKCL quy định tại Phụ lục kèm theo Thông tư 15/2015/TT-BKHCN);

+ Biên bản lấy mẫu, bàn giao mẫu và kiểm tra niêm phong (theo Mẫu 2. BBLM-BGM-KTNP quy định tại Phụ lục kèm theo Thông tư 15/2015/TT-BKHCN);

+ Hồ sơ kiểm soát hệ thống bể chứa xăng dầu.

Trên đây là Thông tin về Bảng giá xăng E10 E5 chiều tối ngày 20 5 2026 Petrolimex Pvoil Petrovietnam bán lẻ bao nhiều tiền 1 lít?","tai-nguyen-moi-truong","","","","2026-05-20T00:00:00","https://thuvienphapluat.vn/hoi-dap-phap-luat/bang-gia-xang-e10-e5-chieu-toi-ngay-2052026-petrolimex-pvoil-petrovietnam-sau-khi-dieu-chinh-bao-nh-138091316.html","2026-05-21T20:32:11.465197+00:00"
"138091059","CHÍNH THỨC giá xăng E10 từ 23h ngày 20/5/2026 Petrolimex, PVOIL điều chỉnh bao nhiêu tiền một lít?","CHÍNH THỨC giá xăng E10 từ 23h ngày 20/5/2026 Petrolimex, PVOIL điều chỉnh bao nhiêu tiền một lít?

Thương nhân kinh doanh xăng dầu kiểm tra phòng cháy, chữa cháy, bảo vệ môi trường định kỳ mấy tháng 1 lần?

Áp dụng điều ước quốc tế và pháp luật có liên quan trong kinh doanh xăng dầu như thế nào?

>>> Giá xăng dầu Petrolimex hôm nay 22/5/2026 điều chỉnh 34 tỉnh thành bao nhiêu 1 lít?

>>> Điều chỉnh giá xăng ngày 22/5/2026 trên cả nước giá xăng dầu tăng hay giảm như thế nào?

>>> Bảng giá xăng dầu từ 00h00 ngày 22/5/2026 Petrolimex, PVOIL, Petrovietnam tại các cửa hàng bán lẻ bao nhiêu tiền 1 lít?

>>> Giá xăng dầu hôm nay 22/5/2026 E10, E5, RON95, dầu diesel bao nhiêu tiền 1 lít?

>>> Điều chỉnh bảng giá xăng RON95 Petrolimex ngày 22/5/2026 tăng giảm bao nhiêu tiền 1 lít xăng?

>>> MỚI NHẤT bảng giá xăng E10, E5 ngày 22/5/2026 PETROLIMEX điều chỉnh tăng giảm bao nhiêu tiền 1 lít?

>>> CHỐT giá xăng E5 E10 chính thức ngày 22/5/2026 bao nhiêu tiền 1 lít?

>>> CHÍNH THỨC Giá xăng dầu ngày 22 tháng 5 năm 2026 từ 0h Petrolimex, PVOIL đã tăng lên bao nhiêu?

CHÍNH THỨC giá xăng E10 từ 23h ngày 20/5/2026 Petrolimex, PVOIL như sau:

Mặt hàng

Mức giá cơ sở (Tối đa)

Giá PVOIL công bố

Giá PETROLIMEX công bố

Xăng E10 RON 95-V

-

-

Vùng 1: 24.350

Vùng 2: 24.830

Xăng E10 RON 95-III

-

23.450

Vùng 1: 23.450

Vùng 2: 23.910

Xăng E5 RON 92-II

23.134

23.130

Vùng 1: 23.130

Vùng 2: 23.590

Căn cứ tại Công văn 3392/BCT-TTTN năm 2026 về điều hành kinh doanh xăng dầu, mức trích lập và chi sử dụng Quỹ bình ổn giá xăng dầu (BOG) từ 15 giờ 00 phút ngày 14/5/2026 như sau:

*Trên đây là cập nhật bàng giá xăng hôm nay CHÍNH THỨC giá xăng E10 từ 23h ngày 20/5/2026 Petrolimex, PVOIL điều chỉnh bao nhiêu tiền một lít?

CHÍNH THỨC giá xăng E10 từ 23h ngày 20 5 2026 Petrolimex PVOIL điều chỉnh bao nhiêu tiền một lít? (Hình từ Interent)

Căn cứ tại khoản 2 Điều 6 Nghị định 83/2014/NĐ-CP quy định về phòng cháy, chữa cháy và bảo vệ môi trường trong kinh doanh xăng dầu như sau:

Theo đó, Thương nhân kinh doanh xăng dầu phải tổ chức kiểm tra định kỳ sáu (06) tháng một lần các cơ sở kinh doanh xăng dầu thuộc hệ thống bảo đảm tuân thủ các quy định của pháp luật hiện hành về phòng cháy, chữa cháy, bảo vệ môi trường và quy chuẩn, tiêu chuẩn chất lượng xăng dầu.

Căn cứ tại Điều 4 Nghị định 83/2014/NĐ-CP quy định về áp dụng điều ước quốc tế và pháp luật có liên quan trong kinh doanh xăng dầu như sau:

[1] Thương nhân nước ngoài kinh doanh xăng dầu tại Việt Nam theo điều ước quốc tế mà nước Cộng hòa xã hội chủ nghĩa Việt Nam là thành viên, phải tuân thủ các quy định tại Nghị định này; trường hợp điều ước quốc tế quy định khác với quy định tại Nghị định này thì áp dụng quy định của điều ước quốc tế đó.

[2] Thương nhân kinh doanh xăng dầu, ngoài việc tuân thủ các quy định Nghị định này còn phải tuân thủ các quy định khác của pháp luật có liên quan.

*Bài viết CHÍNH THỨC giá xăng E10 từ 23h ngày 20 5 2026 Petrolimex PVOIL điều chỉnh bao nhiêu tiền một lít?

[...]

1. Quỹ Bình ổn giá xăng dầu

1.1. Trích lập Quỹ Bình ổn giá xăng dầu (nguồn tạm ứng từ ngân sách nhà nước)

- Xăng sinh học: 0 đồng/lít;

- Xăng không chì: 0 đồng/lít;

- Dầu điêzen: 0 đồng/lít;

- Dầu madút: 0 đồng/kg.

1.2. Chi sử dụng Quỹ Bình ổn giá xăng dầu (nguồn tạm ứng từ ngân sách nhà nước)

- Xăng sinh học: 0 đồng/lít;

- Xăng không chì: 0 đồng/lít;

- Dầu điêzen: 0 đồng/lít;

- Dầu madút: 0 đồng/kg.

2. Giá bán xăng dầu

Sau khi thực hiện việc trích lập và chi sử dụng Quỹ Bình ổn giá xăng dầu đối với các mặt hàng xăng dầu như tại Mục 1 nêu trên, giá bán các mặt hàng xăng dầu tiêu dùng phổ biến trên thị trường không cao hơn mức giá:

- Xăng E5RON92: không cao hơn 23.134 đồng/lít;

- Xăng RON95-III: không cao hơn 24.078 đồng/lít;

- Dầu điêzen 0.05S: không cao hơn 27.226 đồng/lít;

- Dầu madút 180CST 3.5S: không cao hơn 20.585 đồng/kg.

3. Thời gian thực hiện

- Trích lập và chi sử dụng Quỹ Bình ổn giá xăng dầu đối với các mặt hàng xăng dầu tại Mục 1 nêu trên: Áp dụng từ 15 giờ 00' ngày 14 tháng 5 năm 2026.

[...]

Điều 6. Phòng cháy, chữa cháy và bảo vệ môi trường

1. Cơ sở kinh doanh xăng dầu phải bảo đảm các quy định của pháp luật về phòng cháy, chữa cháy và bảo vệ môi trường trong quá trình hoạt động kinh doanh xăng dầu.

2. Thương nhân kinh doanh xăng dầu phải tổ chức kiểm tra định kỳ sáu (06) tháng một lần các cơ sở kinh doanh xăng dầu thuộc hệ thống bảo đảm tuân thủ các quy định của pháp luật hiện hành về phòng cháy, chữa cháy, bảo vệ môi trường và quy chuẩn, tiêu chuẩn chất lượng xăng dầu.","tai-nguyen-moi-truong","","","","2026-05-20T00:00:00","https://thuvienphapluat.vn/hoi-dap-phap-luat/chinh-thuc-gia-xang-e10-tu-23h-ngay-2052026-petrolimex-pvoil-dieu-chinh-bao-nhieu-tien-mot-lit-138091059.html","2026-05-21T20:32:22.279199+00:00"
"138070046","Xem lịch âm tháng 3 năm 2026 - Lịch vạn niên tháng 3 năm 2026 đầy đủ, chi tiết, mới nhất ra sao? Tháng 3 2026 có ngày lễ lớn nào không?","Xem lịch âm tháng 3 năm 2026 - Lịch vạn niên tháng 3 năm 2026 đầy đủ, chi tiết, mới nhất ra sao? Tháng 3 2026 có ngày lễ lớn nào không?

Người lao động được kiểm tra, giám sát việc trích nộp kinh phí công đoàn tại nơi làm việc không?

Người lao động được tham gia ý kiến về những nội dung nào?

Xem lịch âm tháng 3 năm 2026 - Lịch vạn niên tháng 3 năm 2026 đầy đủ, chi tiết, mới nhất dưới đây:

Lịch Tháng 3 năm 2026

Lịch Tháng 4 năm 2026

Lịch Tháng 5 năm 2026

Có thể thấy:

Theo lịch vạn niên, Tháng 3 năm 2026 âm lịch bao gồm 30 ngày. Trong đó:

- Ngày 01/3/2026 âm lịch sẽ rơi vào ngày 17/4/2026 dương lịch (Thứ sáu)

- Ngày 30/3/2026 âm lịch là ngày 16/5/2026 dương lịch (Thứ bảy).

Ngoài ra, Tháng 3 năm 2026 dương lịch bao gồm 31 ngày, cụ thể:

- Ngày 01/3/2026 dương lịch rơi vào Chủ nhật nhằm ngày 13/1/2026 âm lịch.

- Ngày 31/3/2026 dương lịch rơi vào Thứ ba nhằm ngày 13/2/2026 âm lịch.

Ngoài ra, tại Điều 4 Nghị định 145/2013/NĐ-CP có quy định về các ngày lễ lớn như sau:

Như vậy, trong tháng 3 năm 2026 theo dương lịch, nước ta không có ngày lễ lớn nào. Tuy nhiên, theo lịch âm, nước ta có Ngày Giỗ Tổ Hùng Vương (10-3 Âm lịch) là ngày lễ lớn.

* Trên đây là Thông tin Xem lịch âm tháng 2 năm 2026 - Lịch vạn niên tháng 2 năm 2026 đầy đủ, chi tiết, mới nhất ra sao? Tháng 2 2026 có ngày lễ lớn nào không?

Xem thêm:

>>> Lịch Vạn niên 2026 - Lịch âm 2026 - Lịch dương 2026 chi tiết, đầy đủ 365 ngày tương ứng âm và dương?

>>> Xem lịch âm tháng 1 năm 2026 - Lịch vạn niên tháng 1 năm 2026 đầy đủ, chi tiết, mới nhất ra sao? Tháng 1 2026 có ngày lễ lớn nào không?

Xem lịch âm tháng 3 năm 2026 - Lịch vạn niên tháng 3 năm 2026 đầy đủ, chi tiết, mới nhất ra sao? Tháng 3 2026 có ngày lễ lớn nào không? (Hình từ Internet)

Căn cứ theo Điều 46 Nghị định 145/2020/NĐ-CP quy định nội dung, hình thức người lao động được kiểm tra, giám sát như sau:

Như vậy, theo quy định, người lao động có quyền kiểm tra, giám sát việc trích nộp kinh phí công đoàn tại nơi làm việc.

Tại khoản 1 Điều 44 Nghị định 145/2020/NĐ-CP quy định người lao động được tham gia ý kiến về những nội dung sau:

- Xây dựng, sửa đổi, bổ sung nội quy, quy chế và các văn bản quy định khác của người sử dụng lao động liên quan đến quyền, nghĩa vụ và lợi ích của người lao động;

- Xây dựng, sửa đổi, bổ sung thang lương, bảng lương, định mức lao động; đề xuất nội dung thương lượng tập thể;

- Đề xuất, thực hiện giải pháp tiết kiệm chi phí, nâng cao năng suất lao động, cải thiện điều kiện làm việc, bảo vệ môi trường, phòng chống cháy nổ;

- Nội dung khác liên quan đến quyền, nghĩa vụ và lợi ích của người lao động theo quy định của pháp luật.

Đồng thời, những nội dung quy định tại khoản 1 Điều 44 Nghị định 145/2020/NĐ-CP mà pháp luật quy định cụ thể hình thức người lao động tham gia ý kiến thì thực hiện theo quy định đó; trường hợp pháp luật không quy định cụ thể hình thức thì người lao động căn cứ vào đặc điểm sản xuất, kinh doanh, tổ chức lao động, nội dung người lao động được tham gia ý kiến và quy chế dân chủ ở cơ sở tại nơi làm việc để lựa chọn hình thức sau đây:

- Tham gia ý kiến trực tiếp hoặc thông qua tổ chức đại diện người lao động tại cơ sở, nhóm đại diện đối thoại của người lao động tại hội nghị người lao động, đối thoại tại nơi làm việc;

- Gửi góp ý, kiến nghị trực tiếp;

- Hình thức khác mà pháp luật không cấm.

Điều 4. Các ngày lễ lớn

Các ngày lễ lớn trong nước bao gồm:

1. Ngày Tết Nguyên đán (01 tháng Giêng Âm lịch).

2. Ngày thành lập Đảng Cộng sản Việt Nam (03-02-1930).

3. Ngày Giỗ Tổ Hùng Vương (10-3 Âm lịch).

4. Ngày Giải phóng miền Nam, thống nhất đất nước (30-4-1975).

5. Ngày Chiến thắng Điện Biên Phủ (07-5-1954).

6. Ngày sinh Chủ tịch Hồ Chí Minh (19-5-1890).

7. Ngày Cách mạng Tháng Tám (19-8-1945) và Ngày Quốc khánh nước Cộng hòa xã hội chủ nghĩa Việt Nam (02-9-1945).

Điều 46. Nội dung, hình thức người lao động được kiểm tra, giám sát

1. Người lao động được kiểm tra, giám sát những nội dung sau:

a) Việc thực hiện hợp đồng lao động và thỏa ước lao động tập thể;

b) Việc thực hiện nội quy lao động, quy chế và các văn bản quy định khác của người sử dụng lao động liên quan đến quyền, nghĩa vụ và lợi ích của người lao động;

c) Việc sử dụng quỹ khen thưởng, quỹ phúc lợi, các quỹ do người lao động đóng góp;

d) Việc trích nộp kinh phí công đoàn, đóng bảo hiểm xã hội, bảo hiểm y tế, bảo hiểm thất nghiệp của người sử dụng lao động;

đ) Việc thực hiện thi đua, khen thưởng, kỷ luật, giải quyết khiếu nại, tố cáo liên quan đến quyền, nghĩa vụ và lợi ích của người lao động.

2. Hình thức kiểm tra, giám sát của người lao động thực hiện theo quy định của pháp luật.","tai-nguyen-moi-truong","","","","2026-05-18T00:00:00","https://thuvienphapluat.vn/hoi-dap-phap-luat/xem-lich-am-thang-3-nam-2026--lich-van-nien-thang-3-nam-2026-day-du-chi-tiet-moi-nhat-ra-sao-thang--138070046.html","2026-05-21T20:31:07.305253+00:00"
"138074267","Hướng dẫn quyết toán thuế TNCN 2026 trên eTax Mobile chi tiết thế nào?","Hướng dẫn quyết toán thuế TNCN 2026 trên eTax Mobile chi tiết thế nào?

Hồ sơ khai thuế đối với loại thuế có kỳ tính thuế theo năm bao gồm những gì?

Thời hạn nộp hồ sơ khai thuế đối với loại thuế có kỳ tính thuế theo năm là khi nào?

Tại khoản 2 Điều 44 Luật Quản lý thuế 2019 có quy định về thời hạn nộp quyết toán thuế TNCN 2025 như sau:

- Trường hợp 1: Cá nhân ủy quyền cho tổ chức thực hiện quyết toán thuế TNCN thay cho mình

Thời gian quyết toán thuế TNCN 2025 trong năm 2026 chậm nhất là ngày cuối cùng của tháng thứ 3 kể từ ngày kết thúc năm dương lịch tức chậm nhất là ngày 31/03/2026.

- Trường hợp 2: Cá nhân tự quyết toán thuế TNCN

Thời gian quyết toán thuế TNCN 2025 trong năm 2026 chậm nhất là ngày cuối cùng của tháng thứ 4 kể từ ngày kết thúc năm dương lịch tức ngày 30/4/2026.

Tuy nhiên, căn cứ theo Điều 86 Thông tư 80/2021/TT-BTC quy định trường hợp thời hạn nộp hồ sơ khai thuế, thời hạn nộp thuế trùng với ngày nghỉ theo quy định thì thời hạn nộp hồ sơ khai thuế, thời hạn nộp thuế được tính là ngày làm việc tiếp theo của ngày nghỉ đó theo quy định tại khoản 5 Điều 148 Bộ luật Dân sự 2015.

Theo đó, ngày 30/4/2026 là ngày nghỉ lễ liên tiếp với ngày nghỉ lễ 01/5/2026 và sau đó rơi vào thứ bảy ngày 02/5/2026 và chủ nhật ngày 03/05/2026, do đó thời hạn được kéo dài đến ngày 04/5/2026.

Như vậy, đối với trường hợp cá nhân tự quyết toán thuế TNCN, thời gian quyết toán thuế TNCN 2025 trong năm 2026 chậm nhất là ngày 04/5/2026.

>>> Dưới đây là Hướng dẫn quyết toán thuế TNCN 2026 trên eTax Mobile chi tiết như sau:

Bước 1: Tải ứng dụng eTax Mobile phiên bản 3.2.3 mới nhất

- Đối với hệ điều hành Android: tải ứng dụng trên Google Play.

- Đối với hệ điều hành IOS: tải ứng dụng trên App Store.

Bước 2: Đăng nhập vào eTax Mobile

Bước 3: Chọn menu Hỗ trợ quyết toán thuế TNCN => Hỗ trợ lập tờ khai quyết toán.

Hệ thống sẽ hiển thị màn hình Hỗ trợ lập tờ khai quyết toán gồm:

- Mã số thuế: Hiển thị mặc định mã số thuế đăng nhập, không cho sửa.

- Năm quyết toán: Hiển thị list danh sách năm từ năm 2021 đến năm hiện tại.

Bước 5: Nhấn Tạo tờ khai 02/QTTTNCN gợi ý, hệ thống hiển thị màn hình Tạo tờ khai 02/QTT-TNC gợi ý gồm các thông tin sau:

- Loại tờ khai: Mặc định hiển thị: Chính thức, không cho sửa.

- Năm kê khai: Hiển thị theo năm tra cứu quyết toán, không cho sửa.

- Trường hợp quyết toán: Hiển thị mặc định Quyết toán theo năm dương lịch, không cho sửa.

- Từ tháng: Tự động hiển thị theo năm quyết toán, cho phép sửa.

- Đến tháng: Tự động hiển thị tháng cuối của năm quyết toán

Bước 6: Nhấn Tiếp tục, hệ thống thực hiện xác định cơ quan thuế nộp tờ khai.

- Trường hợp 1: Cá nhân cư trú không ký hợp đồng lao động, hoặc ký hợp đồng lao động dưới 03 tháng, hoặc ký hợp đồng cung cấp dịch vụ có thu nhập tại một nơi hoặc nhiều nơi đã khấu trừ 10%, hệ thống hỗ trợ hiển thị màn hình chọn Tỉnh/Thành phố, Quận/Huyện.

- Trường hợp 2: Cá nhân cư trú có thu nhập tiền lương, tiền công tại một nơi và thuộc diện tự khai thuế trong năm, hệ thống hỗ trợ hiển thị luôn cơ quan thuế nơi cá nhân nộp hồ sơ khai QTT (theo cơ quan thuế nơi cá nhân nộp hồ sơ khai thuế trong năm tờ khai 02/KK). Cá nhân không phải tích chọn hoặc điền bất kỳ thông tin gì.

- Trường hợp 3: Cá nhân:

+ Chỉ có 02KK-TNCN có nhiều CQT khác sau thì hệ thống thực hiện so sánh hiển thị luôn CQT nơi có nguồn thu nhập lớn nhất.

+ Đồng thời có 05QTT và 02KK thì hệ thống so sánh lấy nơi có nguồn thu nhập lớn nhất trong năm.

Lưu ý: Trường hợp các nơi có nguồn thu nhập bằng nhau thì hệ thống hiển thị danh sách Cơ quan thuế để NNT tự chọn.

Các trường hợp khác (ngoài 3 trường hợp trên) hệ thống hiển thị theo các câu hỏi để người nộp thuế chọn và nhập.

Bước 7: Sau khi xác định cơ quan thuế, hệ thống hiển thị màn hình Thông tin chung gồm:

- Cơ quan thuế quyết toán.

- Tên người nộp thuế: Tự động hiển thị tên của NNT, không cho phép sửa.

- Mã số thuế: Tự động hiển thị MST của NNT, không cho phép sửa.

- Địa chỉ: Tự động hiển thị theo thông tin ĐKT, cho phép sửa.

- Tỉnh/Thành phố: Tự động hiển thị theo thông tin ĐKT, cho phép chọn lại.

- Quận/Huyện: Tự động hiển thị theo thông tin ĐKT, cho phép chọn lại.

- Điện thoại: Tự động hiển thị, không cho sửa.

- Fax: Tự động hiển thị, không cho sửa.

- Email: Tự động hiển thị, không cho sửa.

- Mã số thuế tổ chức trả thu nhập: Tự động hiển thị, không cho sửa.

- Tên tổ chức trả thu nhập: Tự động hiển thị, không cho sửa.

- Địa chỉ: Tự động hiển thị theo đăng ký thuế của MST tổ chức trả thu nhập, không cho phép sửa.

- Quận/Huyện: Tự động hiển thị theo đăng ký thuế của MST tổ chức trả thu nhập, không cho phép sửa.

- Tỉnh/Thành phố: Tự động hiển thị theo đăng ký thuế của MST tổ chức trả thu nhập, không cho sửa.

Bước 8: Nhấn Tiếp tục, hệ thống hiển thị màn kê khai các chỉ tiêu trên tờ khai từ [20] đến [48], cho phép sửa dữ liệu.

Lưu ý: Chỉ tiêu [24] = Tổng số dòng trên bảng kê 02-1/BK-QTT-TNCN.

8.1. Trường hợp NNT nhấn Bảng kê 02-1/BK-QTT-TNCN, hệ thống hiển thị màn hình bảng kê 02-1/BK-QTTTNCN để NNT nhập:

Chọn Thêm mới người phụ thuộc, hệ thống hiển thị màn hình thông tin người phụ thuộc gồm các thông tin:

- Họ và tên [10]: Mặc định trống, bắt buộc nhập.

- Mã số thuế [11]: Mặc định trống, bắt buộc nhập/chọn 1 trong 2 chỉ tiêu [11] hoặc [12].

- Loại giấy tờ [12]: Mặc định trống, cho chọn trong danh sách.

- Số giấy tờ [13]: Mặc định trống, bắt buộc nhập nếu NSD chọn Loại giấy tờ.

- Ngày sinh [14]: Hiển thị mặc định ngày hiện tại, cho phép chọn lại.

- Quan hệ với người nộp thuế [15]: Mặc định trống, cho chọn trong danh sách.

Mục Thời gian được tính giảm trừ trong năm

- Từ tháng [16]: Mặc định trống, bắt buộc nhập.

- Đến tháng [17]: Mặc định trống, bắt buộc nhập.

Sau đó chọn Tiếp tục, hệ thống hiển thị Thông tin người phụ thuộc đã thêm.

NNT nhấn Xem chi tiết người phụ thuộc, hệ thống hiển thị màn hình Thông tin chi tiết.

Chọn Tiếp tục, hệ thống chuyển sang màn hình Thông tin hỗ trợ quyết toán thuế và lưu thông tin người phụ thuộc tại bảng kê 02-1/BK-QTTTNCN.

8.2 Trường hợp chỉ tiêu [46] > 0, hệ thống hiển thị Nhập thông tin hoàn trả:

Nhập thông tin hoàn trả, hệ thống hiển thị màn hình nhập thông tin hoàn trả gồm các thông tin:

- Số tiền hoàn trả: Hiển thị theo số tiền tại chỉ tiêu [46], không cho sửa

- Hình thức hoàn trả: Mặc định Chuyển khoản, cho chọn lại Tiền mặt.

Tại màn hình chọn Chuyển khoản điền các thông tin sau:

- Tên chủ tài khoản: Tự động hiển thị tên NNT, không cho sửa.

- Số tài khoản: Mặc định trống, bắt buộc nhập.

- Tỉnh/Thành phố: Mặc định trống, bắt buộc chọn trong danh sách.

- Tại ngân hàng/KBNN: Mặc định trống, bắt buộc chọn trong danh sách.

Tại màn hình chọn Tiền mặt hiển thị thông tin như sau:

- Tên người nhận tiền: Mặc định trống, bắt buộc nhập.

- Loại giấy tờ: Mặc định trống, bắt buộc chọn.

- CMND/CCCD/HC số: Mặc định trống, bắt buộc nhập.

- Ngày cấp: Mặc định ngày hiện tại, cho chọn lại.

- Nơi cấp: Mặc định trống, bắt buộc nhập.

- Nơi nhận hoàn tiền thuế: Mặc định trống, bắt buộc nhập.

Lưu ý: Chỉ hỗ trợ hoàn trả Tiền mặt trong trường hợp số tiền nhỏ hơn hoặc bằng 5.000.000 VND.

Sau đó chọn Tiếp tục, hệ thống chuyển sang màn hình Thông tin hỗ trợ quyết toán thuế và lưu thông tin hoàn trả NNT đã nhập.

8.3. Trường hợp chỉ tiêu [47] > 0, hệ thống hiển thị button Đề nghị bù trừ.

NNT nhấn Đề nghị bù trừ, hệ thống tự động hiển thị tất cả các khoản nộp đã quá hạn của NNT.

Lưu ý: NNT kê khai chỉ tiêu [47] Số thuế bù trừ cho khoản phải nộp ngân sách nhà nước khác = Tổng chỉ tiêu (12) Tổng Số tiền còn phải nộp đề nghị bù trừ với số tiền nộp thừa.

Sau đó chọn Tiếp tục, hệ thống chuyển sang màn hình Thông tin hỗ trợ quyết toán thuế và lưu thông tin đề nghị bù trừ đã nhập.

Bước 9: Tiếp tục, hệ thống hiển thị màn hình hoàn thành tờ khai 02 QTT.

Bước 10: Nộp tờ khai, hệ thống hiển thị màn hình Đính kèm phụ lục, bắt buộc đính kèm ít nhất 1 tài liệu.

Bước 11: Tiếp tục, hệ thống hiển thị màn nhập OTP được gửi về số điện thoại của NNT.

Bước 12: Chọn Xác nhận, hệ thống hiển thị màn thông báo Nộp tờ khai thành công.

Trên đây là Thông tin về Hướng dẫn quyết toán thuế TNCN 2025 trên eTax Mobile chi tiết thế nào?

Hướng dẫn quyết toán thuế TNCN 2026 trên eTax Mobile chi tiết thế nào? (Hình từ Internet)

Căn cứ theo khoản 3 Điều 43 Luật Quản lý thuế 2019 quy định hồ sơ khai thuế đối với loại thuế có kỳ tính thuế theo năm bao gồm:

- Hồ sơ khai thuế năm gồm tờ khai thuế năm và các tài liệu khác có liên quan đến xác định số tiền thuế phải nộp;

- Hồ sơ khai quyết toán thuế khi kết thúc năm gồm tờ khai quyết toán thuế năm, báo cáo tài chính năm, tờ khai giao dịch liên kết; các tài liệu khác có liên quan đến quyết toán thuế.

Căn cứ theo khoản 2 Điều 44 Luật Quản lý thuế 2019 quy định về thời hạn nộp hồ sơ khai thuế đối với loại thuế có kỳ tính thuế theo năm như sau:

- Chậm nhất là ngày cuối cùng của tháng thứ 3 kể từ ngày kết thúc năm dương lịch hoặc năm tài chính đối với hồ sơ quyết toán thuế năm; chậm nhất là ngày cuối cùng của tháng đầu tiên của năm dương lịch hoặc năm tài chính đối với hồ sơ khai thuế năm;

- Chậm nhất là ngày cuối cùng của tháng thứ 4 kể từ ngày kết thúc năm dương lịch đối với hồ sơ quyết toán thuế thu nhập cá nhân của cá nhân trực tiếp quyết toán thuế;

- Chậm nhất là ngày 15 tháng 12 của năm trước liền kề đối với hồ sơ khai thuế khoán của hộ kinh doanh, cá nhân kinh doanh nộp thuế theo phương pháp khoán; trường hợp hộ kinh doanh, cá nhân kinh doanh mới kinh doanh thì thời hạn nộp hồ sơ khai thuế khoán chậm nhất là 10 ngày kể từ ngày bắt đầu kinh doanh.

Trên đây là Thông tin về Hướng dẫn quyết toán thuế TNCN 2026 trên eTax Mobile chi tiết thế nào?","tai-nguyen-moi-truong","","","","2026-05-09T00:00:00","https://thuvienphapluat.vn/hoi-dap-phap-luat/huong-dan-quyet-toan-thue-tncn-2026-tren-etax-mobile-chi-tiet-the-nao-138074267.html","2026-05-21T20:30:57.150803+00:00"
"138087206","Cập nhật mới nhất giá gas chiều nay 13/4/2026 Petrolimex, Petrovietnam bao nhiêu tiền 1 bình?","MỚI NHẤT 13/4/2026:

>>>  CHÍNH THỨC giá bình Gas 12kg hôm nay 13/4/2026 cập nhật giá gas từ 7h sáng bao nhiêu tiền?

>>>  CẬP NHẬT giá gas trưa nay 13/4 từ 15h00 bao nhiêu tiền 1 bình?

Căn cứ tại khoản 10 Điều 20  Nghị định 87/2018/NĐ-CP  quy định về tổ chức bán lẻ LPG và LPG chai trong hệ thống phân phối do thương nhân quản lý, bán trực tiếp cho khách hàng sử dụng và  niêm yết công khai giá bán lẻ .

Dưới đây là cập nhật giá gas chiều nay  13/4/2026   Petrolimex ,  Petrovietnam  như sau:

Tổng công ty Gas Petrolimex  đã công bố bảng  giá bán lẻ Gas Petrolimex chiều nay ngày 13/4/2026  như sau:

Khu vực

Bình 12 kí

Bình 48 kí

Hà Nội

629.208

2.516.832

Hải Phòng

638.928

2.540.160

Đà Nẵng

555.000

2.135.000

Hồ Chí Minh

612.000

2.444.000

Cần Thơ

550.000

2.200.000

Công ty cổ phần kinh doanh LPG Việt Nam  thuộc  Petrovietnam  đã công bố bảng  giá bán lẻ Gas chiều nay ngày 13/4/2026  như sau:

Khu vực

Bình 12kg

Bình 45kg

Hà Nội

610.200 VNĐ

2.288.250 VNĐ

Bắc Ninh

610.200 VNĐ

2.288.250 VNĐ

Hải Phòng

594.404 VNĐ

2.229.015 VNĐ

Quảng Ninh

621.104 VNĐ

2.329.140 VNĐ

Hưng Yên

587.708 VNĐ

2.203.905 VNĐ

Ninh Bình

592.340 VNĐ

2.221.275 VNĐ

Thanh Hóa

620.780 VNĐ

2.327.925 VNĐ

Thái Nguyên

616.404 VNĐ

2.311.515 VNĐ

Phú Thọ

615.396 VNĐ

2.307.735 VNĐ

Lạng Sơn

616.404 VNĐ

2.311.515 VNĐ

Tuyên Quang

616.404 VNĐ

2.311.515 VNĐ

Cao Bằng

620.400 VNĐ

2.326.500 VNĐ

Lào Cai

620.400 VNĐ

2.326.500 VNĐ

Sơn La

620.400 VNĐ

2.326.500 VNĐ

Điện Biên

638.400 VNĐ

2.394.000 VNĐ

Lai Châu

638.400 VNĐ

2.394.000 VNĐ

Đà Nẵng

622.444 VNĐ

2.334.165 VNĐ

Thừa Thiên - Huế

612.000 VNĐ

2.295.000 VNĐ

Quảng Trị

600.000 VNĐ

2.250.000 VNĐ

Hà Tĩnh

576.472 VNĐ

2.161.770 VNĐ

Nghệ An

576.472 VNĐ

2.161.770 VNĐ

Hồ Chí Minh

660.081 VNĐ

2.475.259 VNĐ

Đồng Nai

660.081 VNĐ

2.475.259 VNĐ

Tây Ninh

638.076 VNĐ

2.392.770 VNĐ

Đồng Tháp

654.284 VNĐ

2.453.507 VNĐ

Vĩnh Long

654.284 VNĐ

2.453.507 VNĐ

Cần Thơ

654.284 VNĐ

2.453.507 VNĐ

An Giang

654.284 VNĐ

2.453.507 VNĐ

Cà Mau

654.284 VNĐ

2.453.507 VNĐ

Quảng Ngãi

655.757 VNĐ

2.459.030 VNĐ

Gia Lai

655.757 VNĐ

2.459.030 VNĐ

Khánh Hòa

655.757 VNĐ

2.459.030 VNĐ

Lâm Đồng

655.757 VNĐ

2.459.030 VNĐ

Đắk Lắk

655.757 VNĐ

2.459.030 VNĐ

*Trên đây là Cập nhật mới nhất giá gas chiều nay 13/4/2026 Petrolimex, Petrovietnam bao nhiêu tiền 1 bình?

Cập nhật mới nhất giá gas chiều nay 13 4 2026 Petrolimex, Petrovietnam bao nhiêu tiền 1 bình? (Hình từ Internet)

Căn cứ tại Điều 6  Nghị định 87/2018/NĐ-CP được sửa đổi bởi khoản 1 Điều 15  Nghị định 17/2020/NĐ-CP  quy định về điều kiện đối với thương nhân xuất khẩu, nhập khẩu khí như sau:

[1] Điều kiện đối với thương nhân xuất khẩu, nhập khẩu khí gồm:

- Là doanh nghiệp được thành lập theo quy định của pháp luật;

- Có cầu cảng hoặc có hợp đồng thuê tối thiểu 05 năm cầu cảng thuộc hệ thống cảng Việt Nam đã được cấp có thẩm quyền cho phép sử dụng;

- Có bồn chứa khí hoặc hợp đồng thuê bồn chứa khí đáp ứng các quy định về an toàn;

- Đáp ứng các điều kiện về phòng cháy và chữa cháy theo quy định của pháp luật;

- Có chai LPG hoặc hợp đồng thuê chai LPG đáp ứng đủ điều kiện lưu thông trên thị trường đối với thương nhân xuất khẩu, nhập khẩu LPG kinh doanh LPG chai.

[2] Đối với thương nhân xuất khẩu, nhập khẩu kinh doanh khí qua đường ống ngoài đáp ứng các điều kiện quy định tại điểm a, b và c khoản 1 Điều này còn phải có trạm cấp khí đáp ứng các điều kiện về an toàn theo quy định tại Chương IV Nghị định này.

Căn cứ tại Điều 7  Nghị định 87/2018/NĐ-CP  quy định về điều kiện đối với thương nhân sản xuất, chế biến khí như sau:

Điều 7. Điều kiện đối với thương nhân sản xuất, chế biến khí

1. Điều kiện đối với thương nhân sản xuất, chế biến khí gồm:

a) Là doanh nghiệp được thành lập theo quy định của pháp luật;

b) Cơ sở sản xuất, chế biến khí được cấp có thẩm quyền phê duyệt cho phép đầu tư xây dựng;

c) Dây chuyền, máy, thiết bị đã được kiểm định theo quy định;

d) Có phòng thử nghiệm chất lượng khí hoặc có hợp đồng thuê tối thiểu 01 năm của thương nhân, tổ chức có phòng thử nghiệm đủ năng lực thử nghiệm các chỉ tiêu theo quy định tại quy chuẩn kỹ thuật quốc gia;

đ) Đáp ứng các điều kiện về phòng cháy và chữa cháy theo quy định của pháp luật.

2. Đối với thương nhân sản xuất, chế biến LNG ngoài các điều kiện quy định tại khoản 1 Điều này phải có hệ thống bơm, nạp LNG để vận chuyển hoặc có hệ thống thiết bị phục vụ hoạt động hóa khí cung cấp cho khách hàng.

3. Đối với thương nhân sản xuất, chế biến CNG ngoài các điều kiện quy định tại khoản 1 Điều này phải có trạm nén khí CNG.

Theo đó, thương nhân sản xuất, chế biến khí đáp ứng những điều kiện sau:

[1] Điều kiện đối với thương nhân sản xuất, chế biến khí gồm:

- Là doanh nghiệp được thành lập theo quy định của pháp luật;

- Cơ sở sản xuất, chế biến khí được cấp có thẩm quyền phê duyệt cho phép đầu tư xây dựng;

- Dây chuyền, máy, thiết bị đã được kiểm định theo quy định;

- Có phòng thử nghiệm chất lượng khí hoặc có hợp đồng thuê tối thiểu 01 năm của thương nhân, tổ chức có phòng thử nghiệm đủ năng lực thử nghiệm các chỉ tiêu theo quy định tại quy chuẩn kỹ thuật quốc gia;

- Đáp ứng các điều kiện về phòng cháy và chữa cháy theo quy định của pháp luật.

[2] Đối với thương nhân sản xuất, chế biến LNG ngoài các điều kiện quy định tại khoản 1 Điều 7  Nghị định 87/2018/NĐ-CP  phải có hệ thống bơm, nạp LNG để vận chuyển hoặc có hệ thống thiết bị phục vụ hoạt động hóa khí cung cấp cho khách hàng.

[3] Đối với thương nhân sản xuất, chế biến CNG ngoài các điều kiện quy định tại khoản 1 Điều 7  Nghị định 87/2018/NĐ-CP  phải có trạm nén khí CNG.

*Trên đây là thông tin bài viết Cập nhật mới nhất giá gas chiều nay 13 4 2026 Petrolimex, Petrovietnam bao nhiêu tiền 1 bình?","","","","","2026-04-13","https://thuvienphapluat.vn/hoi-dap-phap-luat/cap-nhat-moi-nhat-gia-gas-chieu-nay-1342026-petrolimex-petrovietnam-bao-nhieu-tien-1-binh-138087206.html","2026-04-13T07:02:45.996380+00:00"
"138086788","CHÍNH THỨC bảng giá xăng dầu chiều nay 13/4 Petrolimex cập nhật mới nhất bao nhiêu tiền một lít?","Cập nhật mới nhất từ  Công văn 2455/BCT-TTTN năm 2026  thông báo giá xăng dầu từ 15h30 ngày 09/4/2026, Bộ Công Thương công bố giá cơ sở các mặt hàng xăng dầu tiêu dùng phổ biến trên thị trường.

>>> Chi tiết mức giá bán xăng dầu mới nhất được Bộ Công thương niêm yết ở mức sau:

Mặt hàng

Giá bán cơ sở

So với kỳ trước

Xăng E5RON92

Không cao hơn 21.544 đồng/lít

- 3.193 đồng/lít

Xăng RON95-III

Không cao hơn 22.743 đồng/lít

- 3.793 đ ồng/lít

Dầu điêzen 0.05S

Không cao hơn 31.969 đồng/lít

-  10.872 đồng/lít

Dầu madút 180CST 3.5S

Không cao hơn 21.749 đồng/kg

- 2.522 đồng/kg

(Bảng giá xăng dầu mới nhất được Bộ Công thương niêm yết lúc 15:30 phút ngày 9/4/2026)

Bảng giá xăng dầu chiều nay 13/4 Petrolimex cũng đã điều chỉnh lại giá xăng dầu dựa trên giá cơ sở do Bộ Công thương niêm yết theo kỳ mới nhất.

CHÍNH THỨC bảng giá xăng dầu chiều nay 13/4 Petrolimex cập nhật mới nhất như sau:

Đơn vị: đồng/lít

Sản phẩm

Vùng 1

Vùng 2

Xăng RON 95-V

24.380

24.860

Xăng RON 95-III

23.540

24.010

Xăng E10 RON 95-III

23.070

23.530

Xăng E5 RON 92-II

22.340

22.780

DO 0,001S-V

33.730

34.400

DO 0,05S-II

32.960

33.610

Dầu hỏa 2-K

37.700

38.450

(Giá trên đã bao gồm thuế GTGT và thuế môi trường)

* Trên đây là Thông tin về CHÍNH THỨC bảng giá xăng dầu chiều nay 13 4 Petrolimex cập nhật mới nhất bao nhiêu tiền một lít?

CHÍNH THỨC bảng giá xăng dầu chiều nay 13 4 Petrolimex cập nhật mới nhất bao nhiêu tiền một lít? (Hình từ Internet)

Căn cứ tại Điều 23  Nghị định 83/2014/NĐ-CP  quy định về 10 quyền và nghĩa vụ của thương nhân nhận quyền bán lẻ xăng dầu như sau:

[1] Được bán lẻ xăng dầu tại cửa hàng bán lẻ xăng dầu của mình theo giá bán lẻ do thương nhân nhượng quyền là thương nhân đầu mối hoặc thương nhân phân phối xăng dầu quy định.

[2] Chỉ được ký hợp đồng làm thương nhân nhận quyền bán lẻ xăng dầu cho một (01) thương nhân đầu mối hoặc một (01) thương nhân phân phối xăng dầu để bán xăng dầu qua cửa hàng bán lẻ xăng dầu thuộc sở hữu, đồng sở hữu. Nếu thương nhân đầu mối hoặc thương nhân phân phối xăng dầu đó không kinh doanh nhiên liệu sinh học, thương nhân nhận quyền được ký thêm hợp đồng làm thương nhân nhận quyền bán lẻ xăng dầu cho một (01) thương nhân đầu mối hoặc một (01) thương nhân phân phối xăng dầu khác chỉ để kinh doanh nhiên liệu sinh học.

[3] Thương nhân đã ký hợp đồng làm thương nhân nhận quyền bán lẻ xăng dầu, không được ký thêm hợp đồng làm đại lý cho tổng đại lý hoặc thương nhân phân phối xăng dầu, làm tổng đại lý hoặc đại lý cho thương nhân đầu mối.

Thương nhân nhận quyền bán lẻ xăng dầu phải nằm trong hệ thống phân phối và chịu sự kiểm soát của thương nhân đầu mối hoặc thương nhân phân phối xăng dầu.

[4] Chịu trách nhiệm về chất lượng, số lượng, giá xăng dầu niêm yết, bán ra theo quy định.

[5] Thực hiện chế độ ghi chép chứng từ phù hợp với hình thức kinh doanh là bên nhận quyền theo quy định của Bộ Tài chính.

[6] Tuân thủ các quy định của pháp luật về phòng cháy, chữa cháy và bảo vệ môi trường trong quá trình hoạt động kinh doanh.

[7] Ngoài việc treo biển hiệu của thương nhân theo quy định hiện hành, phải sử dụng tên thương mại, biểu tượng (lô gô), nhãn hiệu, chỉ dẫn thương mại của thương nhân nhượng quyền, thực hiện bằng hợp đồng phù hợp với Luật Thương mại về nhượng quyền thương mại, Luật Sở hữu trí tuệ và các quy định khác của pháp luật.

[8] Phải đăng ký thời gian bán hàng của cửa hàng bán lẻ xăng dầu thuộc sở hữu của thương nhân với Sở Công Thương địa phương nơi cấp Giấy chứng nhận cửa hàng đủ điều kiện bán lẻ xăng dầu cho cửa hàng đó.

[9] Phải đăng ký hệ thống phân phối với Sở Công Thương địa phương nơi thương nhân có hệ thống phân phối.

Phải gửi thông tin hệ thống phân phối của mình cho bên nhượng quyền là thương nhân đầu mối hoặc thương nhân phân phối xăng dầu để đăng ký hệ thống phân phối với cơ quan quản lý nhà nước có thẩm quyền.

[10] Phải xây dựng, áp dụng và duy trì có hiệu lực hệ thống quản lý chất lượng.

Căn cứ tại Điều 11  Nghị định 83/2014/NĐ-CP  được sửa đổi bởi khoản 9 Điều 1  Nghị định 95/2021/NĐ-CP  quy định về 8 quyền và nghĩa vụ của thương nhân sản xuất xăng dầu như sau:

[1] Được mua nguyên liệu trong nước, trực tiếp nhập khẩu nguyên liệu, thành phẩm xăng dầu hoặc ủy thác cho thương nhân có Giấy xác nhận đủ điều kiện làm thương nhân đầu mối kinh doanh xăng dầu thực hiện. Việc nhập khẩu nguyên liệu và thành phẩm xăng dầu phải theo kế hoạch đã được Bộ Công Thương xác nhận, thông báo cho cơ quan hải quan làm thủ tục và kiểm soát việc nhập khẩu nguyên liệu và thành phẩm xăng dầu của thương nhân.

[2] Được nhận gia công trong nước và gia công xuất khẩu xăng dầu.

[3] Được tiêu thụ tại thị trường trong nước xăng dầu do thương nhân sản xuất thông qua hệ thống phân phối của mình theo quy định tại khoản 8 Điều này, được bán xăng dầu cho thương nhân đầu mối khác. Ngoài ra, được bán các loại xăng dầu đặc chủng (là các loại xăng dầu không được phép lưu thông trên thị trường) cho các đơn vị chức năng để phục vụ mục tiêu an ninh, quốc phòng theo danh sách đã được Thủ tướng Chính phủ phê duyệt.

[4] Được xuất khẩu xăng dầu do thương nhân sản xuất theo kế hoạch đăng ký với Bộ Công Thương, phù hợp với dự án đầu tư được phê duyệt.

[5] Sản xuất xăng dầu theo kế hoạch đăng ký được Bộ Công Thương xác nhận hàng năm; duy trì mức dự trữ xăng dầu và nguyên liệu cho sản xuất tối thiểu phù hợp với dự án đầu tư được phê duyệt và kế hoạch sản xuất đã đăng ký với Bộ Công Thương.

[6] Sản xuất xăng dầu đưa vào lưu thông phải phù hợp quy chuẩn kỹ thuật quốc gia, tiêu chuẩn công bố áp dụng.

[7] Xây dựng, áp dụng, duy trì có hiệu lực hệ thống quản lý chất lượng và hệ thống quản lý năng lực phòng thử nghiệm.

[8] Tổ chức hệ thống phân phối xăng dầu trong nước, phải tuân thủ các quy định tại khoản 4 và 5 Điều 7; khoản 3, 4, 9, 10, 11, 12, 13, 14, 15, 16, 17 và 18 Điều 9  Nghị định 83/2014/NĐ-CP  và được Bộ Công Thương cấp Giấy xác nhận đủ điều kiện làm thương nhân đầu mối kinh doanh xăng dầu.

Trên đây là Thông tin về CHÍNH THỨC bảng giá xăng dầu chiều nay 13 4 Petrolimex cập nhật mới nhất bao nhiêu tiền một lít?","","","","","2026-04-13","https://thuvienphapluat.vn/hoi-dap-phap-luat/chinh-thuc-bang-gia-xang-dau-chieu-nay-134-petrolimex-cap-nhat-moi-nhat-bao-nhieu-tien-mot-lit-138086788.html","2026-04-13T07:02:52.041890+00:00"
"138086786","Giá xăng dầu Petrolimex từ 12h ngày 13/4/2026 giảm xuống bao nhiêu tiền 1 lít?","Mới nhất, Bộ Công thương ban hành  Công văn 2455/BCT-TTTN năm 2026  về điều hành kinh doanh xăng dầu, mức trích lập và chi sử dụng Quỹ bình ổn giá xăng dầu (BOG)  từ 15h30 ngày 09/4/2026.

>>> Chi tiết giá bán các mặt hàng xăng dầu tiêu dùng phổ biến trên thị trường như sau:

- Xăng E5RON92:  không cao hơn 22.344 đồng/lít;

- Xăng RON95-III:  không cao hơn 23.543 đồng/lít;

- Dầu điêzen 0.05S:  không cao hơn 32.969 đồng/lít;

- Dầu madút 180CST 3.5S:  không cao hơn 22.613 đồng/kg.

* Trích lập Quỹ Bình ổn giá xăng dầu (nguồn tạm ứng từ ngân sách nhà nước):

- Xăng sinh học: 800 đồng/lít;

- Xăng không chì: 800 đồng/lít;

- Dầu điêzen: 1.000 đồng/lít;

- Dầu madút: 800 đồng/kg.

* Chi sử dụng Quỹ bình ổn giá xăng dầu đối với các mặt hàng là 0 đồng.

Theo đó, căn cứ theo bảng giá xăng cơ sở do Bộ Công thương ban hành, Petrolimex cũng đã công bố điều chỉnh giá xăng dầu Petrolimex ngày 13 4 2026.

>>> Dưới đây là Bảng giá xăng dầu Petrolimex từ 12h ngày 13/4/2026 toàn quốc như sau:

Đơn vị: đồng/lít

Sản phẩm

Vùng 1

Vùng 2

Xăng RON 95-V

24.380

24.860

Xăng RON 95-III

23.540

24.010

Xăng E10 RON 95-III

23.070

23.530

Xăng E5 RON 92-II

22.340

22.780

DO 0,001S-V

33.730

34.400

DO 0,05S-II

32.960

33.610

Dầu hỏa 2-K

37.700

38.450

(Giá trên đã bao gồm thuế GTGT và thuế môi trường)

* Trên đây là Thông tin về Giá xăng dầu Petrolimex từ 12h ngày 13 4 2026 tăng lên bao nhiêu tiền 1 lít?

Giá xăng dầu Petrolimex từ 12h ngày 13 4 2026 tăng lên bao nhiêu tiền 1 lít? (Hình từ Internet)

Căn cứ tại Điều 5a  Nghị định 83/2014/NĐ-CP  được bổ sung bởi khoản 4 Điều 1  Nghị định 95/2021/NĐ-CP  quy định về chuyển nhượng cổ phần cho nhà đầu tư nước ngoài như sau:

Điều 5a. Chuyển nhượng cổ phần cho nhà đầu tư nước ngoài

Ngoài các thương nhân kinh doanh xăng dầu đã được Thủ tướng Chính phủ phê duyệt góp vốn hoặc chuyển nhượng cổ phần cho nhà đầu tư nước ngoài, thương nhân kinh doanh xăng dầu có hoạt động sản xuất xăng dầu nếu có nhu cầu chuyển nhượng cổ phần cho nhà đầu tư nước ngoài thì phải được Thủ tướng Chính phủ cho phép.

Như vậy, ngoài các thương nhân kinh doanh xăng dầu đã được Thủ tướng Chính phủ phê duyệt góp vốn hoặc chuyển nhượng cổ phần cho nhà đầu tư nước ngoài, thương nhân kinh doanh xăng dầu có hoạt động sản xuất xăng dầu nếu có nhu cầu chuyển nhượng   cổ phần cho nhà đầu tư nước ngoài thì  phải được Thủ tướng Chính phủ cho phé p.

Căn cứ tại khoản 17 Điều 15  Nghị định 83/2014/NĐ-CP  được bổ sung bởi khoản 5 Điều 1  Nghị định 80/2023/NĐ-CP  quy định về quyền và nghĩa vụ của thương nhân phân phối xăng dầu như sau:

Điều 15. Quyền và nghĩa vụ của thương nhân phân phối xăng dầu

[...]

11. Kiểm tra, giám sát hoạt động của đại lý bán lẻ xăng dầu, thương nhân nhận quyền bán lẻ xăng dầu trong hệ thống phân phối của mình. Liên đới chịu trách nhiệm đối với các hành vi vi phạm của các thương nhân này trong hoạt động kinh doanh xăng dầu theo quy định hiện hành của pháp luật.

12. Chịu trách nhiệm kiểm tra, giám sát hành trình của phương tiện vận tải xăng dầu từ nơi giao hoặc nhận đến nơi nhận hoặc giao xăng dầu.

13. Phải đăng ký thời gian bán hàng của cửa hàng bán lẻ xăng dầu thuộc sở hữu của thương nhân với Sở Công Thương địa phương nơi cấp Giấy chứng nhận cửa hàng đủ điều kiện bán lẻ xăng dầu cho cửa hàng đó.

14. Phải đăng ký hệ thống phân phối với Bộ Công Thương là cơ quan xác nhận đủ điều kiện làm thương nhân phân phối xăng dầu, với Sở Công Thương địa phương nơi thương nhân có hệ thống phân phối.

[...]

16. Thực hiện lộ trình áp dụng tỷ lệ phối trộn nhiên liệu sinh học với nhiên liệu truyền thống theo quy định của Thủ tướng Chính phủ.

17. Thương nhân phân phối xăng dầu có trách nhiệm báo cáo định kỳ hàng quý tình hình sử dụng kho xăng dầu theo quy định của Bộ Công Thương.

18. Trường hợp doanh nghiệp bị chia, hợp nhất, sáp nhập, chuyển đổi hình thức hoặc không tiếp tục làm thương nhân phân phối xăng dầu, trừ trường hợp việc thay đổi trên không ảnh hưởng đến điều kiện kinh doanh, thương nhân phải thông báo cho Bộ Công Thương để tiến hành thu hồi Giấy xác nhận đủ điều kiện làm thương nhân phân phối xăng dầu.

Theo đó thì thương nhân phân phối xăng dầu  có trách nhiệm báo cáo định kỳ hàng quý  tình hình sử dụng kho xăng dầu theo quy định của Bộ Công Thương.

Trên đây là Thông tin về Giá xăng dầu Petrolimex từ 12h ngày 13 4 2026 tăng lên bao nhiêu tiền 1 lít?","","","","","2026-04-13","https://thuvienphapluat.vn/hoi-dap-phap-luat/gia-xang-dau-petrolimex-tu-12h-ngay-1342026-giam-xuong-bao-nhieu-tien-1-lit-138086786.html","2026-04-13T07:02:59.068441+00:00"
"138086839","Khai thác khoáng sản nhóm IV có cần xin giấy phép thăm dò khoáng sản không?","Căn cứ điểm a khoản 1 Điều 73  Luật Địa chất và Khoáng sản 2024  quy định về quy định chung về khai thác khoáng sản nhóm IV như sau:

Điều 73. Quy định chung về khai thác khoáng sản nhóm IV

1. Khai thác khoáng sản nhóm IV được thực hiện như sau:

a) Không phải thực hiện thủ tục cấp giấy phép thăm dò khoáng sản nhưng phải khảo sát, đánh giá thông tin chung về khoáng sản dự kiến khai thác;

b) Việc cấp giấy phép khai thác khoáng sản được thực hiện theo quy định tại khoản 2 Điều này và Điều 74 của Luật này, trừ trường hợp khai thác tận thu khoáng sản.

2. Nguyên tắc khai thác khoáng sản nhóm IV bao gồm:

a) Chỉ cho phép khai thác ở khu vực không có tổ chức, cá nhân đang thăm dò, khai thác khoáng sản hợp pháp;

[...]

Như vậy, khai thác khoáng sản nhóm IV không cần xin giấy phép thăm dò khoáng sản.

Khai thác khoáng sản nhóm IV có cần xin giấy phép thăm dò khoáng sản không? (Hình từ Internet)

Căn cứ Điều 72  Luật Địa chất và Khoáng sản 2024  được sửa đổi bởi khoản 21 Điều 1  Luật Địa chất và khoáng sản sửa đổi 2025  quy định về tổ chức, cá nhân khai thác khoáng sản nhóm IV như sau:

Điều 72. Tổ chức, cá nhân khai thác khoáng sản nhóm IV

Tổ chức, cá nhân được xem xét cấp giấy phép khai thác khoáng sản nhóm IV bao gồm:

1. Tổ chức, cá nhân quy định tại Điều 53 của Luật này;

2. Tổ chức được cơ quan quản lý nhà nước có thẩm quyền chấp thuận, lựa chọn là nhà thầu thi công trong các trường hợp sau đây:

a) Thi công dự án quan trọng quốc gia, dự án đầu tư công khẩn cấp, công trình, hạng mục công trình thuộc chương trình mục tiêu quốc gia theo quy định của pháp luật về đầu tư công;

b) Thực hiện biện pháp huy động khẩn cấp để kịp thời ứng phó với tình huống khẩn cấp về thiên tai, thi công công trình phòng, chống thiên tai theo quy định của pháp luật về phòng, chống thiên tai.

[...]

Căn cứ Điều 53  Luật Địa chất và Khoáng sản 2024  được bổ sung bởi khoản 16 Điều 1  Luật Địa chất và khoáng sản sửa đổi 2025  quy đinh về điều kiện đối với tổ chức, cá nhân được cấp giấy phép khai thác khoáng sản như sau:

Điều 53. Điều kiện đối với tổ chức, cá nhân được cấp giấy phép khai thác khoáng sản

1. Tổ chức đăng ký kinh doanh ngành, nghề khai thác khoáng sản được xem xét cấp giấy phép khai thác khoáng sản bao gồm:

a) Doanh nghiệp được thành lập theo Luật Doanh nghiệp;

1a. Nhà thầu thi công, nhà đầu tư, chủ đầu tư thực hiện các công trình, dự án quy định tại các điểm a, b, c, d và đ khoản 1a Điều 55 của Luật này

b) Hợp tác xã, liên hiệp hợp tác xã được thành lập theo Luật Hợp tác xã.

2. Cá nhân hoặc các thành viên hộ gia đình đăng ký thành lập hộ kinh doanh có đăng ký kinh doanh ngành, nghề khai thác khoáng sản được xem xét cấp giấy phép khai thác khoáng sản nhóm III.

3. Tổ chức, cá nhân quy định tại khoản 1 và khoản 2 Điều này phải có đủ năng lực tài chính để thực hiện dự án đầu tư khai thác khoáng sản.

4. Chính phủ quy định chi tiết Điều này.

Như vậy, tổ chức, cá nhân sau đây được xem xét cấp giấy phép khai thác khoáng sản nhóm IV:

*Tổ chức, cá nhân bao gồm:

- Tổ chức đăng ký kinh doanh ngành, nghề khai thác khoáng sản:

+ Doanh nghiệp được thành lập theo Luật Doanh nghiệp;

Nhà thầu thi công, nhà đầu tư, chủ đầu tư thực hiện các công trình, dự án quy định tại các điểm a, b, c, d và đ khoản 1a Điều 55 của  Luật Địa chất và Khoáng sản 2024 .

+ Hợp tác xã, liên hiệp hợp tác xã được thành lập theo Luật Hợp tác xã.

- Cá nhân hoặc các thành viên hộ gia đình đăng ký thành lập hộ kinh doanh có đăng ký kinh doanh ngành, nghề khai thác khoáng sản được xem xét cấp giấy phép khai thác khoáng sản nhóm III.

- Tổ chức, cá nhân quy định tại khoản 1 và khoản 2 Điều 53  Luật Địa chất và Khoáng sản 2024  phải có đủ năng lực tài chính để thực hiện dự án đầu tư khai thác khoáng sản.

- Chính phủ quy định chi tiết Điều 53  Luật Địa chất và Khoáng sản 2024 .

* Tổ chức được cơ quan quản lý nhà nước có thẩm quyền chấp thuận, lựa chọn là nhà thầu thi công trong các trường hợp sau đây:

- Thi công dự án quan trọng quốc gia, dự án đầu tư công khẩn cấp, công trình, hạng mục công trình thuộc chương trình mục tiêu quốc gia theo quy định của pháp luật về đầu tư công;

- Thực hiện biện pháp huy động khẩn cấp để kịp thời ứng phó với tình huống khẩn cấp về thiên tai, thi công công trình phòng, chống thiên tai theo quy định của pháp luật về phòng, chống thiên tai.

Căn cứ khoản 3 Điều 74  Luật Địa chất và khoáng sản 2024  được sửa đổi bởi khoản 30 Điều 1  Luật Địa chất và khoáng sản sửa đổi 2025  quy định về cấp giấy phép khai thác khoáng sản nhóm IV như sau:

Điều 74. Cấp giấy phép khai thác khoáng sản nhóm IV

[...]

3. Bộ trưởng Bộ Nông nghiệp và Môi trường quy định mẫu giấy phép khai thác khoáng sản nhóm IV, mẫu văn bản của hồ sơ đề nghị cấp giấy phép khai thác khoáng sản nhóm IV.

Như vậy, Bộ trưởng Bộ Nông nghiệp và Môi trường quy định mẫu giấy phép khai thác khoáng sản nhóm IV.","","","","","2026-04-13","https://thuvienphapluat.vn/hoi-dap-phap-luat/khai-thac-khoang-san-nhom-iv-co-can-xin-giay-phep-tham-do-khoang-san-khong-138086839.html","2026-04-13T07:03:05.962925+00:00"
"138086870","MỚI NHẤT bảng giá xăng dầu hôm nay 13/4/2026 tại các cửa hàng theo kỳ điều hành của Bộ Công Thương bao nhiêu tiền 1 lít?","Vừa qua, Bộ Công thương ban hành  Công văn 2455/BCT-TTTN năm 2026  về điều hành kinh doanh xăng dầu, mức trích lập và chi sử dụng Quỹ bình ổn giá xăng dầu (BOG) từ 15h30 ngày 09/4/2026.

Theo đó, Công văn 2455 thông báo giá xăng dầu từ 15h30 ngày 09/4/2026, Bộ Công Thương công bố giá cơ sở các mặt hàng xăng dầu tiêu dùng phổ biến trên thị trường.

>>> Chi tiết mức giá bán xăng dầu mới nhất được Bộ Công thương niêm yết ở mức sau:

Mặt hàng

Giá bán cơ sở

So với kỳ trước

Xăng E5RON92

Không cao hơn 21.544 đồng/lít

- 3.193 đồng/lít

Xăng RON95-III

Không cao hơn 22.743 đồng/lít

- 3.793 đồng/lít

Dầu điêzen 0.05S

Không cao hơn 31.969 đồng/lít

- 10.872 đồng/lít

Dầu madút 180CST 3.5S

Không cao hơn 21.749 đồng/kg

- 2.522 đồng/kg

(Bảng giá xăng dầu mới nhất được Bộ Công thương niêm yết lúc 15:30 phút ngày 9/4/2026)

Cập nhật   MỚI NHẤT   bảng giá xăng dầu hôm nay 13/4/2026  tại các cửa hàng bán lẻ gồm Petrolimex, PVOIL, Petrovietnam sau khi điều chỉnh theo kỳ điều hành của Bộ Công Thương như sau:

[1] PETROLIMEX

Đơn vị: đồng/lít

Sản phẩm

Vùng 1

Vùng 2

Xăng RON 95-V

24.380

24.860

Xăng RON 95-III

23.540

24.010

Xăng E10 RON 95-III

23.070

23.530

Xăng E5 RON 92-II

22.340

22.780

DO 0,001S-V

33.730

34.400

DO 0,05S-II

32.960

33.610

Dầu hỏa 2-K

37.700

38.450

Đơn vị: đồng/lít - (Giá trên đã bao gồm thuế GTGT và thuế môi trường)

[2] PVOIL, PETROVIETNAM

TT

Mặt hàng

Giá điều chỉnh lúc 15:30 ngày 09/04/2026 (Đồng/lít thực tế)

Chênh lệch giá điều chỉnh (tăng/giảm) (Đồng/lít thực tế)

1

Xăng RON 95-III

23.540 đ

-2990

2

Xăng E10 RON 95-III

23.070 đ

-2620

3

Xăng E5 RON 92-II

22.340 đ

-2390

4

Dầu DO 0,05S-II

32.960 đ

-9880

5

Dầu DO 0,001S-V

33.960 đ

-9280

(Giá trên đã bao gồm thuế GTGT và thuế môi trường)

* Trên đây là Thông tin về MỚI NHẤT bảng giá xăng dầu hôm nay 13 4 2026 tại các cửa hàng theo kỳ điều hành của Bộ Công Thương bao nhiêu tiền 1 lít?

MỚI NHẤT bảng giá xăng dầu hôm nay 13 4 2026 tại các cửa hàng theo kỳ điều hành của Bộ Công Thương bao nhiêu tiền 1 lít? (Hình từ Internet)

Căn cứ theo Điều 38  Nghị định 83/2014/NĐ-CP  được sửa đổi bổ sung bởi khoản 27 Điều 1  Nghị định 95/2021/NĐ-CP  quy định về nguyên tắc điều hành giá xăng dầu như sau:

Điều 38. Nguyên tắc điều hành giá xăng dầu

1. Giá bán xăng dầu được thực hiện theo cơ chế thị trường, có sự điều tiết của Nhà nước, phù hợp với diễn biến giá xăng dầu thế giới và tình hình kinh tế xã hội trong từng thời kỳ.

2. Thương nhân đầu mối kinh doanh xăng dầu và thương nhân phân phối xăng dầu  được quyền quyết định giá bán buôn. Căn cứ vào tình hình thực tế tại doanh nghiệp, thương nhân đầu mối kinh doanh xăng dầu và thương nhân phân phối xăng dầu quyết định giá bán lẻ xăng dầu (riêng dầu madút là giá bán buôn) trong hệ thống phân phối của mình phù hợp với chi phí phát sinh thực tế tại doanh nghiệp và không cao hơn giá điều hành do cơ quan nhà nước có thẩm quyền công bố.

Đối với các địa bàn xa cảng, xa kho đầu mối, xa cơ sở sản xuất xăng dầu, nếu có chi phí thực tế phát sinh hợp lý, hợp lệ (đã được kiểm toán) tăng cao dẫn đến giá bán cao hơn giá điều hành, thương nhân đầu mối kinh doanh xăng dầu được quyết định giá bán thực tế tại địa bàn đó (đã được thông báo với Bộ Công Thương) để bù đắp chi phí phát sinh nhưng không vượt quá 2% giá điều hành công bố cùng thời điểm.

Các thương nhân đầu mối kinh doanh xăng dầu, thương nhân phân phối xăng dầu có trách nhiệm thông báo giá bán với Bộ Công Thương, Bộ Tài chính ngay sau khi quyết định giá bán xăng dầu của doanh nghiệp.

[...]

Như vậy, thương nhân phân phối có quyền công bố điều chỉnh giá bán lẻ xăng dầu phù hợp với chi phí phát sinh thực tế tại doanh nghiệp và không cao hơn giá điều hành do cơ quan nhà nước có thẩm quyền công bố.

Căn cứ tại Điều 12  Nghị định 83/2014/NĐ-CP  được sửa đổi bởi khoản 5 Điều 1  Nghị định 95/2021/NĐ-CP  quy định về pha chế xăng dầu như sau:

Điều 12. Pha chế xăng dầu

1. Chỉ thương nhân đầu mối được pha chế xăng dầu; pha chế xăng dầu được thực hiện tại nơi sản xuất, xưởng pha chế hoặc kho xăng dầu phục vụ cho nhu cầu xăng dầu nội địa của thương nhân đầu mối.

Thương nhân thuộc các thành phần kinh tế được pha chế xăng dầu trong kho ngoại quan xăng dầu.

2. Trong thời hạn một (01) năm kể từ ngày được cấp Giấy xác nhận đủ điều kiện làm thương nhân đầu mối kinh doanh xăng dầu, thương nhân đầu mối kinh doanh xăng dầu thực hiện pha chế các sản phẩm xăng dầu phải có phòng thử nghiệm đủ năng lực để kiểm tra chất lượng xăng dầu theo quy chuẩn kỹ thuật quốc gia.

3. Thương nhân đầu mối thực hiện pha chế xăng dầu phải đăng ký cơ sở pha chế theo hướng dẫn của Bộ Khoa học và Công nghệ.

Như vậy, thương nhân đầu mối thực hiện pha chế xăng dầu phải đăng ký cơ sở pha chế theo hướng dẫn của Bộ Khoa học và Công nghệ.

Trên đây là Thông tin về MỚI NHẤT bảng giá xăng dầu hôm nay 13 4 2026 tại các cửa hàng theo kỳ điều hành của Bộ Công Thương bao nhiêu tiền 1 lít?","","","","","2026-04-13","https://thuvienphapluat.vn/hoi-dap-phap-luat/moi-nhat-bang-gia-xang-dau-hom-nay-1342026-tai-cac-cua-hang-theo-ky-dieu-hanh-cua-bo-cong-thuong-ba-138086870.html","2026-04-13T07:03:12.917483+00:00"
"138087053","TỔNG HỢP 3 bảng giá xăng dầu ngày 13/4/2026 hôm nay được công bố trong kỳ mới nhất ra sao?","Căn cứ mức giá công bố tại kỳ mới nhất theo  Công văn 2455/BCT-TTTN năm 2026 . Dưới đây là 3 bảng giá xăng dầu ngày 13/4/2026:

Bảng giá xăng dầu ngày 13 4 2026 - Giá cơ sở

Mặt hàng

Giá cơ sở kỳ trước liền kề,08/4/2026

Giá cơ sở kỳ  hiện hành  9/4/2026

Chênh lệch giữa 2 kỳ

1. Xăng E5RON92

24.737

21.544

-3.193

2. Xăng RON95-III

26.536

22.743

-3.793

3. Dầu điêzen 0.05S

42.841

31.969

-10.872

4. Dầu madút 180CST 3.5S

24.271

21.749

-2.522

(Đơn vị: đồng/lít,kg)

Lưu ý:  Sau khi thực hiện trích lập và chi sử dụng Quỹ Bình ổn giá xăng dầu giá bán các mặt hàng xăng dầu tiêu dùng phổ biến trên thị trường không cao hơn mức giá:

- Xăng E5RON92: không cao hơn 22.344 đồng/lít;

- Xăng RON95-III: không cao hơn 23.543 đồng/lít;

- Dầu điêzen 0.05S: không cao hơn 32.969 đồng/lít;

- Dầu madút 180CST 3.5S: không cao hơn 22.613 đồng/kg.

Trong đó:

- Mức Trích lập Quỹ Bình ổn giá xăng dầu (nguồn tạm ứng từ ngân sách nhà nước): Xăng sinh học: 800 đồng/lít; - Xăng không chì: 800 đồng/lít; - Dầu điêzen: 1.000 đồng/lít; -Dầu madút: 800 đồng/kg.

- Mức chi sử dụng Quỹ Bình ổn giá xăng dầu (nguồn tạm ứng từ ngân sách nhà nước) là 0 đồng.

Căn cứ vào mức giá cơ sở được công bố, các doanh nghiệp Petrolimex và PVOIL đã cập nhật và niêm yết giá bán lẻ xăng dầu mới nhất trên website chính thức. Cụ thể:

Bảng giá xăng dầu ngày 13 4 2026 - Giá bán lẻ

Sản phẩm

Petrolimex Vùng 1

Petrolimex Vùng 2

Giá PVOIL

Xăng RON 95-V

24.380

24.860

–

Xăng RON 95-III

23.540

24.010

23.540

Xăng E10 RON 95-III

23.070

23.530

23.070

Xăng E5 RON 92-II

22.340

22.780

22.340

DO 0,001S-V

33.730

34.400

33.730

DO 0,05S-II

32.960

33.610

32.960

Dầu hỏa 2-K

37.700

38.450

–

Đơn vị: đồng/lít - (Giá trên đã bao gồm thuế GTGT và thuế môi trường)

Bên cạnh đó tại  Công văn 2455/BCT-TTTN năm 2026  cũng đã công bố Bảng giá thành phẩm xăng dầu thế giới giữa 02 kỳ (08/4/2026) như sau:

Bảng giá thành phẩm xăng dầu thế giới giữa 02 kỳ công bố

(08/4/2026)

TT

Ngày

X92

X95

DO 0,05

FO 3,5s

VCB mua CK

VCB bán

1

8/4/26

119.460

125.820

183.290

642.170

26,142

26,361

Bquân

119.460

125.820

183.290

642.170

26,142

26,361

* Trên đây là nội dung TỔNG HỢP 3 bảng giá xăng dầu ngày 13 4 2026 hôm nay được công bố trong kỳ mới nhất.

TỔNG HỢP 3 bảng giá xăng dầu ngày 13/4/2026 hôm nay được công bố trong kỳ mới nhất ra sao? (Hình từ Internet)

Theo Điều 38  Nghị định 83/2014/NĐ-CP , sửa đổi tại khoản 27 Điều 1  Nghị định 95/2021/NĐ-CP  và khoản 11 Điều 1  Nghị định 80/2023/NĐ-CP  quy định như sau:

Điều 38. Giá bán xăng dầu

[...]

3. Thời gian điều hành giá xăng dầu

Thời gian điều hành giá xăng dầu được thực hiện vào ngày thứ Năm hàng tuần.

Trường hợp thời gian điều hành giá trùng vào dịp nghỉ Tết Nguyên Đán thì được thực hiện như sau: Nếu ngày thứ Năm trùng vào ngày cuối cùng của năm Âm lịch (29 hoặc 30 Tết Nguyên Đán), việc điều hành giá xăng dầu được thực hiện vào ngày thứ Tư liền kề trước đó. Nếu thứ Năm là ngày mùng 1, mùng 2 hoặc mùng 3 Tết, thời gian điều hành giá xăng dầu được thực hiện vào ngày mùng 4 Tết.

Trường hợp thời gian điều hành giá trùng với ngày nghỉ lễ theo quy định thì được thực hiện như sau: Nếu ngày thứ Năm trùng với ngày đầu tiên dịp nghỉ lễ, thời gian điều hành giá xăng dầu được thực hiện vào ngày thứ Tư liền kề trước đó. Nếu ngày thứ Năm trùng vào các ngày nghỉ lễ còn lại, thời gian điều hành giá xăng dầu được thực hiện vào ngày làm việc đầu tiên sau kỳ nghỉ lễ.

Trường hợp giá các mặt hàng xăng dầu có biến động bất thường, ảnh hưởng đến phát triển kinh tế - xã hội và đời sống nhân dân, Bộ Công Thương có trách nhiệm báo cáo Thủ tướng Chính phủ xem xét, quyết định thời gian điều hành giá xăng dầu cho phù hợp.

Như vậy, lịch công bố điều chỉnh giá xăng dầu định kỳ được thực hiện vào ngày thứ Năm hằng tuần theo quy định hiện hành.

Trường hợp trùng với dịp lễ, Tết hoặc có biến động bất thường của thị trường, thời gian điều hành sẽ được điều chỉnh linh hoạt sang ngày liền kề phù hợp hoặc theo quyết định của cơ quan có thẩm quyền.

Ngày 19/3/2026, Chính phủ ban hành  Nghị quyết 55/NQ-CP năm 2026  sửa đổi, bổ sung một số nội dung tại Nghị quyết số 36/NQ-CP ngày 6/3/2026 của Chính phủ về Phiên họp Chính phủ thường kỳ tháng 2/2026.

Điều 1. Sửa đổi, bổ sung một số nội dung tại Mục 6 Phần IV Nghị quyết số 36/NQ-CP ngày 06 tháng 3 năm 2026 của Chính phủ như sau:

“Đồng ý Bộ Công Thương chủ trì, phối hợp với Bộ Tài chính áp dụng ngay sau khi Nghị quyết này được ban hành các nội dung sau:

- Điều chỉnh giá xăng dầu khi giá cơ sở của một trong các mặt hàng xăng dầu được tiêu dùng phổ biến trên thị trường trong ngày tăng từ 15% trở lên so với giá cơ sở công bố tại kỳ điều hành trước liền kề. Việc điều hành giá xăng dầu và công bố giá cơ sở xăng dầu do Bộ Công Thương chủ trì, phối hợp với Bộ Tài chính thực hiện ngay sau ngày giá cơ sở tăng từ 15% trở lên. Nguyên tắc tính giá xăng dầu thế giới do Bộ Công Thương xác định theo nguyên tắc tính bình quân theo số ngày có giá giữa hai kỳ công bố giá cơ sở của giá các sản phẩm xăng dầu được giao dịch trên thị trường quốc tế.

Trường hợp giá cơ sở của tất cả các mặt hàng xăng dầu được tiêu dùng phổ biến trên thị trường tăng dưới 15% so với giá cơ sở công bố tại kỳ điều hành trước liền kề thì việc điều hành giá xăng dầu tiếp tục thực hiện theo quy định tại khoản 11 Điều 1 Nghị định số 80/2023/NĐ-CP (ngày thứ Năm hằng tuần).

- Điều chỉnh giá xăng dầu khi giá cơ sở của một trong các mặt hàng xăng dầu được tiêu dùng phổ biến trên thị trường trong ngày giảm từ 10% trở lên so với giá cơ sở công bố tại kỳ điều hành trước liền kề. Việc điều hành giá xăng dầu và công bố giá cơ sở xăng dầu do Bộ Công Thương chủ trì, phối hợp với Bộ Tài chính thực hiện ngay sau ngày giá cơ sở giảm từ 10% trở lên. Nguyên tắc tính giá xăng dầu thế giới do Bộ Công Thương xác định theo nguyên tắc tính bình quân theo số ngày có giá giữa hai kỳ công bố giá cơ sở của giá các sản phẩm xăng dầu được giao dịch trên thị trường quốc tế.

Trường hợp giá cơ sở của tất cả các mặt hàng xăng dầu được tiêu dùng phổ biến trên thị trường giảm dưới 10% so với giá cơ sở công bố tại kỳ điều hành trước liền kề thì việc điều hành giá xăng dầu tiếp tục thực hiện theo quy định tại khoản 11 Điều 1 Nghị định số 80/2023/NĐ-CP (ngày thứ Năm hằng tuần).

Trên cơ sở số liệu về các yếu tố cấu thành giá cơ sở xăng dầu theo quy định và ý kiến tham gia điều hành giá xăng dầu của Bộ Tài chính gửi bằng văn bản trước 12 giờ của ngày điều hành, Bộ Công Thương công bố giá cơ sở và giá bán xăng dầu.”

Theo nội dung sửa đổi trên, Bộ Công Thương chủ trì, phối hợp với Bộ Tài chính điều chỉnh giá xăng dầu ngay sau khi giá cơ sở tăng từ 15% trở lên so với giá cơ sở công bố tại kỳ điều hành trước liền kề. Việc điều hành và công bố giá cơ sở xăng dầu được thực hiện ngay sau ngày giá cơ sở tăng từ mức 15% trở lên, thay vì chờ đến kỳ điều hành định kỳ.

Trường hợp giá cơ sở của tất cả các mặt hàng xăng dầu được tiêu dùng phổ biến trên thị trường tăng dưới 15% so với giá cơ sở công bố tại kỳ điều hành trước liền kề thì việc điều hành giá xăng dầu tiếp tục thực hiện theo quy định tại khoản 11 Điều 1  Nghị định 80/2023/NĐ-CP  (ngày thứ Năm hằng tuần).","","","","","2026-04-13","https://thuvienphapluat.vn/hoi-dap-phap-luat/tong-hop-3-bang-gia-xang-dau-ngay-1342026-hom-nay-duoc-cong-bo-trong-ky-moi-nhat-ra-sao-138087053.html","2026-04-13T07:03:19.557635+00:00"
"138086771","CẬP NHẬT mới nhất giá xăng dầu ngày 13/4/2026 Petrolimex bao nhiêu tiền một lít?","NÓNG:

>>>  CHÍNH THỨC giá xăng hôm nay 13/4/2026 bao nhiêu tiền 1 lít?

>>>  CHÍNH THỨC giá bán lẻ xăng dầu 13/4/2026 hôm nay và giá xăng ngày mai 14/4/2026 dự kiến giá

MỚI:

>>>  CHÍNH THỨC giá xăng RON95 Petrolimex ngày 13/4/2026 giảm bao nhiêu tiền 1 lít xăng?

>>>  Giá xăng dầu Petrolimex từ 0h đến 24h ngày 13/4/2026 bao nhiêu tiền 1 lít?

***

MỚI NHẤT:

>>>  Bảng giá xăng dầu hôm nay 13/4 Petrolimex, PVOIL, Petrovienam cập nhật mới nhất

>>>  Bảng giá xăng ngày 13/4/2026 PETROLIMEX điều chỉnh bao nhiêu tiền 1 lít?

XEM THÊM:

>>>  Giá xăng sáng nay ngày 13/4/2026 từ 7h bao nhiêu tiền một lít?

>>>  TOÀN BỘ giá xăng dầu ngày 13 tháng 4 năm 2026 hôm nay bao nhiêu?

>>>  TỔNG HỢP 3 bảng giá xăng dầu ngày 13/4/2026 hôm nay được công bố trong kỳ mới nhất

***

QUAN TRỌNG:

>>>  CHÍNH THỨC giá xăng 92, 95 Petrolimex, PVOIL ngày 13/4/2026 bao nhiêu tiền?

>>>  CHÍNH THỨC giá gas hôm nay 13/4/2026 bao nhiêu tiền 1 bình?

HOT:

>>>  CẬP NHẬT mới nhất giá xăng dầu ngày 13/4/2026 Petrolimex bao nhiêu tiền một lít?

>>>  Giá xăng dầu Petrolimex hôm nay 13/4/2026 34 tỉnh thành đã điều chỉnh giá xăng dầu bao nhiêu 1 lít?

>>>  MỚI NHẤT bảng giá xăng dầu hôm nay 13/4/2026 tại các cửa hàng theo kỳ điều hành của Bộ Công Thương

Căn cứ tại  Công văn 2455/BCT-TTTN năm 2026  về điều hành kinh doanh xăng dầu, mức trích lập và chi sử dụng Quỹ bình ổn giá xăng dầu (BOG)  từ 15 giờ 30 phút ngày 9/4/2026  như sau:

Trước những diễn biến giá thành phẩm xăng dầu thế giới trong thời gian gần đây và thực hiện điều hành giá xăng dầu theo cơ chế thị trường có sự quản lý của Nhà nước, Bộ Công Thương và Bộ Tài chính quyết định:

1. Quỹ Bình ổn giá xăng dầu

1.1. Trích lập Quỹ Bình ổn giá xăng dầu (nguồn tạm ứng từ ngân sách nhà nước)

- Xăng sinh học: 800 đồng/lít;

- Xăng không chì: 800 đồng/lít;

- Dầu điêzen: 1.000 đồng/lít;

- Dầu madút: 800 đồng/kg.

1.2. Chi sử dụng Quỹ Bình ổn giá xăng dầu

- Xăng sinh học: 0 đồng/lít;

- Xăng không chì: 0 đồng/lít;

- Dầu điêzen: 0 đồng/lít;

- Dầu madút: 0 đồng/kg.

2. Giá bán xăng dầu

Sau khi thực hiện việc trích lập và chi sử dụng Quỹ Bình ổn giá xăng dầu đối với các mặt hàng xăng dầu như tại Mục 1 nêu trên, giá bán các mặt hàng xăng dầu tiêu dùng phổ biến trên thị trường không cao hơn mức giá:

- Xăng E5RON92: không cao hơn  22.344  đồng/lít;

- Xăng RON95-III: không cao hơn  23.543  đồng/lít;

- Dầu điêzen 0.05S: không cao hơn  32.969  đồng/lít;

- Dầu madút 180CST 3.5S: không cao hơn  22.613  đồng/kg.

3. Thời gian thực hiện

- Trích lập và chi sử dụng Quỹ Bình ổn giá xăng dầu đối với các mặt hàng xăng dầu tại Mục 1 nêu trên: Áp dụng từ 15 giờ 30' ngày 09 tháng 4 năm 2026.

- Điều chỉnh giá bán các mặt hàng xăng dầu: Do thương nhân đầu mối kinh doanh xăng dầu, thương nhân phân phối xăng dầu quy định nhưng không muộn hơn 15 giờ 30' ngày 09 tháng 4 năm 2026.

[...]

Theo đó thì Petrolimex cũng đã điều chỉnh giá xăng dầu từ 15h30 ngày 9/4/2026 áp dụng tại hệ thống phân phối của Petrolimex trên 34 tỉnh thành.

Như vậy, dưới đây là  CẬP NHẬT   mới nhất  giá xăng dầu ngày 13/4/2026  Petrolimex:

Mặt hàng

Vùng 1

Vùng 2

Xăng không chì RON 95-V

24.380

24.860

Xăng không chì RON 95-III

23.540

24.010

Xăng sinh học E10 RON 95-III

23.540

24.010

Xăng sinh học E5 RON 92-II

22.340

22.780

Điêzen 0,001S-V

33.730

34.400

Điêzen 0,05S-II

32.960

33.610

Dầu hỏa 2 - K

37.700

38.450

Mazút N°2B (3,5S)

22.610

23.060

Mazút 180cst - 0,5S (RMG)

26.110

26.630

*Trên đây là CẬP NHẬT mới nhất giá xăng ngày 13 4 giá xăng dầu ngày 13 4 2026 Petrolimex bao nhiêu tiền một lít?

CẬP NHẬT mới nhất giá xăng ngày 13 4 giá xăng dầu ngày 13 4 2026 Petrolimex bao nhiêu tiền một lít? (Hình từ Internet)

Căn cứ tại khoản 1 Điều 30  Nghị định 83/2014/NĐ-CP  quy định đối tượng thực hiện dự trữ xăng dầu như sau:

Điều 30. Đối tượng thực hiện dự trữ xăng dầu

1.  Đối tượng thực hiện dự trữ xăng dầu bắt buộc là thương nhân đầu mối.

2. Dự trữ quốc gia về xăng dầu theo quy định của pháp luật về dự trữ quốc gia.

Theo đó, đối tượng thực hiện dự trữ xăng dầu bắt buộc là  thương nhân đầu mối.

Căn cứ tại khoản 2 Điều 31  Nghị định 83/2014/NĐ-CP  được sửa đổi bởi Khoản 23 Điều 1  Nghị định 95/2021/NĐ-CP  quy định về dự trữ xăng dầu bắt buộc như sau:

Điều 31. Dự trữ xăng dầu bắt buộc

1. Kể từ ngày Nghị định này có hiệu lực, thương nhân đầu mối kinh doanh xăng dầu và thương nhân đầu mối sản xuất xăng dầu có tổ chức hệ thống phân phối xăng dầu phải bảo đảm ổn định mức dự trữ xăng dầu bắt buộc tối thiểu bằng hai mươi (20) ngày cung ứng, tính theo sản lượng tiêu thụ nội địa bình quân một (01) ngày của năm trước liền kề, cả về cơ cấu chủng loại; bao gồm dự trữ phục vụ an ninh năng lượng quốc gia, dự trữ lưu thông bắt buộc.

2. Kể từ ngày Nghị định này có hiệu lực,  thương nhân phân phối xăng dầu phải bảo đảm ổn định mức dự trữ xăng dầu bắt buộc tối thiểu bằng năm (05) ngày cung ứng , tính theo sản lượng tiêu thụ nội địa bình quân một (01) ngày của năm trước liền kề, cả về cơ cấu chủng loại.

3. Kể từ ngày Nghị định này có hiệu lực, thương nhân đầu mối sản xuất xăng dầu phải bảo đảm ổn định mức dự trữ xăng dầu bắt buộc tối thiểu theo các quy định hiện hành về dự trữ xăng dầu.

[...]

Theo đó, thương nhân phân phối xăng dầu phải bảo đảm ổn định mức dự trữ xăng dầu bắt buộc tối thiểu bằng  năm (05) ngày cung ứng  tính theo sản lượng tiêu thụ nội địa bình quân một (01) ngày của năm trước liền kề, cả về cơ cấu chủng loại.

*Trên đây là thông tin CẬP NHẬT mới nhất giá xăng dầu ngày 13 4 2026 Petrolimex bao nhiêu tiền một lít?","","","","","2026-04-13","https://thuvienphapluat.vn/hoi-dap-phap-luat/cap-nhat-moi-nhat-gia-xang-dau-ngay-1342026-petrolimex-bao-nhieu-tien-mot-lit-138086771.html","2026-04-13T07:03:25.678877+00:00"
"138086770","CHÍNH THỨC giá xăng hôm nay 13/4/2026 bao nhiêu tiền 1 lít?","NÓNG:

>>>  CHÍNH THỨC giá xăng hôm nay 13/4/2026 bao nhiêu tiền 1 lít?

>>>  CHÍNH THỨC giá bán lẻ xăng dầu 13/4/2026 hôm nay và giá xăng ngày mai 14/4/2026 dự kiến giá

MỚI:

>>>  CHÍNH THỨC giá xăng RON95 Petrolimex ngày 13/4/2026 giảm bao nhiêu tiền 1 lít xăng?

>>>  Giá xăng dầu Petrolimex từ 0h đến 24h ngày 13/4/2026 bao nhiêu tiền 1 lít?

***

MỚI NHẤT:

>>>  Bảng giá xăng dầu hôm nay 13/4 Petrolimex, PVOIL, Petrovienam cập nhật mới nhất

>>>  Bảng giá xăng ngày 13/4/2026 PETROLIMEX điều chỉnh bao nhiêu tiền 1 lít?

XEM THÊM:

>>>  Giá xăng sáng nay ngày 13/4/2026 từ 7h bao nhiêu tiền một lít?

>>>  TOÀN BỘ giá xăng dầu ngày 13 tháng 4 năm 2026 hôm nay bao nhiêu?

>>>  TỔNG HỢP 3 bảng giá xăng dầu ngày 13/4/2026 hôm nay được công bố trong kỳ mới nhất

***

QUAN TRỌNG:

>>>  CHÍNH THỨC giá xăng 92, 95 Petrolimex, PVOIL ngày 13/4/2026 bao nhiêu tiền?

>>>  CHÍNH THỨC giá gas hôm nay 13/4/2026 bao nhiêu tiền 1 bình?

HOT:

>>>  CẬP NHẬT mới nhất giá xăng dầu ngày 13/4/2026 Petrolimex bao nhiêu tiền một lít?

>>>  Giá xăng dầu Petrolimex hôm nay 13/4/2026 34 tỉnh thành đã điều chỉnh giá xăng dầu bao nhiêu 1 lít?

>>>  MỚI NHẤT bảng giá xăng dầu hôm nay 13/4/2026 tại các cửa hàng theo kỳ điều hành của Bộ Công Thương

(CẬP NHẬT lúc  00h00  ngày  13/4/2026 )

Dưới đây là  CHÍNH THỨC  giá xăng hôm nay ngày  13/4/2026  như sau:

Mặt hàng

Mức giá  cơ sở  (Tối đa)

Giá  PVOIL  công bố

Giá  PETROLIMEX  công bố

Xăng không chì RON 95-V

-

-

Vùng 1:  24.380

Vùng 2:  24.860

Xăng không chì RON 95-III

23.543

23.540

Vùng 1:  23.540

Vùng 2:  24.010

Xăng E10 RON 95-III

-

23.540

Vùng 1:  23.540

Vùng 2:  24.010

Xăng E5 RON 92-II

22.344

22.340

Vùng 1:  22.340

Vùng 2:  22.780

Mức giá trên căn cứ tại  Công văn 2455/BCT-TTTN năm 2026  về điều hành kinh doanh xăng dầu, mức trích lập và chi sử dụng Quỹ bình ổn giá xăng dầu (BOG)  từ 15 giờ 30 phút ngày 9/4/2026  như sau:

Trước những diễn biến giá thành phẩm xăng dầu thế giới trong thời gian gần đây và thực hiện điều hành giá xăng dầu theo cơ chế thị trường có sự quản lý của Nhà nước, Bộ Công Thương và Bộ Tài chính quyết định:

1. Quỹ Bình ổn giá xăng dầu

1.1. Trích lập Quỹ Bình ổn giá xăng dầu (nguồn tạm ứng từ ngân sách nhà nước)

- Xăng sinh học: 800 đồng/lít;

- Xăng không chì: 800 đồng/lít;

- Dầu điêzen: 1.000 đồng/lít;

- Dầu madút: 800 đồng/kg.

1.2. Chi sử dụng Quỹ Bình ổn giá xăng dầu

- Xăng sinh học: 0 đồng/lít;

- Xăng không chì: 0 đồng/lít;

- Dầu điêzen: 0 đồng/lít;

- Dầu madút: 0 đồng/kg.

2. Giá bán xăng dầu

Sau khi thực hiện việc trích lập và chi sử dụng Quỹ Bình ổn giá xăng dầu đối với các mặt hàng xăng dầu như tại Mục 1 nêu trên, giá bán các mặt hàng xăng dầu tiêu dùng phổ biến trên thị trường không cao hơn mức giá:

- Xăng E5RON92: không cao hơn  22.344  đồng/lít;

- Xăng RON95-III: không cao hơn  23.543  đồng/lít;

- Dầu điêzen 0.05S: không cao hơn  32.969  đồng/lít;

- Dầu madút 180CST 3.5S: không cao hơn  22.613  đồng/kg.

3. Thời gian thực hiện

- Trích lập và chi sử dụng Quỹ Bình ổn giá xăng dầu đối với các mặt hàng xăng dầu tại Mục 1 nêu trên: Áp dụng từ 15 giờ 30' ngày 09 tháng 4 năm 2026.

- Điều chỉnh giá bán các mặt hàng xăng dầu: Do thương nhân đầu mối kinh doanh xăng dầu, thương nhân phân phối xăng dầu quy định nhưng không muộn hơn 15 giờ 30' ngày 09 tháng 4 năm 2026.

[...]

*Trên đây là thông tin bài viết CHÍNH THỨC giá xăng hôm nay 13 4 2026 bao nhiêu tiền 1 lít?

CHÍNH THỨC giá xăng hôm nay 13 4 2026 bao nhiêu tiền 1 lít? (Hình từ Internet)

Căn cứ tại khoản 3 Điều 38  Nghị định 83/2014/NĐ-CP  được sửa đỏi bởi khoản 27 Điều 1  Nghị định 95/2021/NĐ-CP  và khoản 11 Điều 1  Nghị định 80/2023/NĐ-CP  quy định nguyên tắc điều hành giá xăng dầu như sau:

[1] Giá bán xăng dầu được thực hiện theo cơ chế thị trường, có sự điều tiết của Nhà nước, phù hợp với diễn biến giá xăng dầu thế giới và tình hình kinh tế xã hội trong từng thời kỳ.

[2] Thương nhân đầu mối kinh doanh xăng dầu và thương nhân phân phối xăng dầu được quyền quyết định giá bán buôn. Căn cứ vào tình hình thực tế tại doanh nghiệp, thương nhân đầu mối kinh doanh xăng dầu và thương nhân phân phối xăng dầu quyết định giá bán lẻ xăng dầu (riêng dầu madút là giá bán buôn) trong hệ thống phân phối của mình phù hợp với chi phí phát sinh thực tế tại doanh nghiệp và không cao hơn giá điều hành do cơ quan nhà nước có thẩm quyền công bố.

Đối với các địa bàn xa cảng, xa kho đầu mối, xa cơ sở sản xuất xăng dầu, nếu có chi phí thực tế phát sinh hợp lý, hợp lệ (đã được kiểm toán) tăng cao dẫn đến giá bán cao hơn giá điều hành, thương nhân đầu mối kinh doanh xăng dầu được quyết định giá bán thực tế tại địa bàn đó (đã được thông báo với Bộ Công Thương) để bù đắp chi phí phát sinh nhưng không vượt quá 2% giá điều hành công bố cùng thời điểm.

Các thương nhân đầu mối kinh doanh xăng dầu, thương nhân phân phối xăng dầu có trách nhiệm thông báo giá bán với Bộ Công Thương, Bộ Tài chính ngay sau khi quyết định giá bán xăng dầu của doanh nghiệp.

[3] Thời gian điều hành giá xăng dầu

Thời gian điều hành giá xăng dầu được thực hiện vào ngày thứ Năm hàng tuần.

Trường hợp thời gian điều hành giá trùng vào dịp nghỉ Tết Nguyên Đán thì được thực hiện như sau: Nếu ngày thứ Năm trùng vào ngày cuối cùng của năm Âm lịch (29 hoặc 30 Tết Nguyên Đán), việc điều hành giá xăng dầu được thực hiện vào ngày thứ Tư liền kề trước đó. Nếu thứ Năm là ngày mùng 1, mùng 2 hoặc mùng 3 Tết, thời gian điều hành giá xăng dầu được thực hiện vào ngày mùng 4 Tết.

Trường hợp thời gian điều hành giá trùng với ngày nghỉ lễ theo quy định thì được thực hiện như sau: Nếu ngày thứ Năm trùng với ngày đầu tiên dịp nghỉ lễ, thời gian điều hành giá xăng dầu được thực hiện vào ngày thứ Tư liền kề trước đó. Nếu ngày thứ Năm trùng vào các ngày nghỉ lễ còn lại, thời gian điều hành giá xăng dầu được thực hiện vào ngày làm việc đầu tiên sau kỳ nghỉ lễ.

Trường hợp giá các mặt hàng xăng dầu có biến động bất thường, ảnh hưởng đến phát triển kinh tế - xã hội và đời sống nhân dân, Bộ Công Thương có trách nhiệm báo cáo Thủ tướng Chính phủ xem xét, quyết định thời gian điều hành giá xăng dầu cho phù hợp.

[4] Trường hợp các yếu tố cấu thành biến động làm cho giá cơ sở tăng trên mười phần trăm (> 10%) số với giá cơ sở liền kề trước đó hoặc trường hợp giá các mặt hàng xăng dầu có biến động ảnh hưởng lớn đến phát triển kinh tế - xã hội và đời sống nhân dân, Bộ Công Thương có trách nhiệm báo cáo Thủ tướng Chính phủ xem xét, quyết định về biện pháp điều hành cụ thể.

[5] Các mặt hàng xăng dầu nhà nước công bố giá cơ sở là những mặt hàng xăng dầu được tiêu dùng phổ biến trên thị trường.

Căn cứ tại khoản 2 Điều 34  Nghị định 83/2014/NĐ-CP  được sửa đổi bởi khoản 25 Điều 1  Nghị định 95/2021/NĐ-CP  quy định về thủ tục đăng ký tổng nguồn xăng dầu tối thiểu như sau:

Điều 34. Thủ tục đăng ký tổng nguồn xăng dầu tối thiểu

1. Hàng năm, trên cơ sở tình hình tiêu thụ xăng dầu trong năm và kế hoạch phát triển trong năm tiếp theo, thương nhân đầu mối kinh doanh xăng dầu đăng ký tổng nguồn xăng dầu tối thiểu với Bộ Công Thương.

2. Hồ sơ đăng ký là một (01) bộ, gồm có:

a) Công văn đề nghị trong đó nêu rõ số lượng, chủng loại xăng dầu đăng ký được giao tổng nguồn tối thiểu.

b) Báo cáo tình hình kinh doanh xăng dầu của đơn vị trong năm.

Theo đó Hồ sơ đăng ký tổng nguồn xăng dầu tối thiểu là một (01) bộ, gồm có:

- Công văn đề nghị trong đó nêu rõ số lượng, chủng loại xăng dầu đăng ký được giao tổng nguồn tối thiểu.

- Báo cáo tình hình kinh doanh xăng dầu của đơn vị trong năm.

*Trên đây là thông tin bài viết CHÍNH THỨC giá xăng hôm nay 13 4 2026 bao nhiêu tiền 1 lít?","","","","","2026-04-13","https://thuvienphapluat.vn/hoi-dap-phap-luat/chinh-thuc-gia-xang-hom-nay-1342026-bao-nhieu-tien-1-lit-138086770.html","2026-04-13T07:03:31.581640+00:00"
"138086927","CHÍNH THỨC giá bán lẻ xăng dầu 13/4/2026 hôm nay và giá xăng ngày mai 14/4/2026 dự kiến là bao nhiêu theo giá công bố mới nhất?","Cập nhật nội dung chính thức giá xăng dầu ngày 13/4 hôm nay vẫn đang áp dụng theo mức giá công bố ngày ngày  9/4/2026  tại  Công văn 2455/BCT-TTTN năm 2026 .

Căn cứ giá cơ sở do Bộ Công Thương công bố tại  Công văn 2455/BCT-TTTN năm 2026 , Petrolimex và PVOIL đã niêm yết giá xăng dầu bán lẻ mới nhất ngày 13/4/2026 trên toàn quốc như sau:

Bảng giá bán lẻ xăng dầu 13 4 2026

Sản phẩm

Petrolimex Vùng 1

Petrolimex Vùng 2

Giá PVOIL

Xăng RON 95-V

24.380

24.860

–

Xăng RON 95-III

23.540

24.010

23.540

Xăng E10 RON 95-III

23.070

23.530

23.070

Xăng E5 RON 92-II

22.340

22.780

22.340

DO 0,001S-V

33.730

34.400

33.730

DO 0,05S-II

32.960

33.610

32.960

Dầu hỏa 2-K

37.700

38.450

–

Đơn vị: đồng/lít - (Giá trên đã bao gồm thuế GTGT và thuế môi trường)

Như vậy, giá bán lẻ xăng dầu 13 4 2026 hôm nay tiếp tục giữ nguyên theo mức công bố từ ngày 09/4/2026, với giá xăng phổ biến khoảng 22.340 – 24.860 đồng/lít tùy loại và khu vực.

Kỳ điều chỉnh giá xăng mới nhất của Bộ Công thương là vào Thứ Năm, ngày 09/4/2026; mức giá mới chính thức có hiệu lực từ 15 giờ 30 phút cùng ngày.

Căn cứ cơ chế điều hành giá xăng dầu quy định tại  Nghị quyết số 55/NQ-CP năm 2026  có nội dung như sau:

Điều 1. Sửa đổi, bổ sung một số nội dung tại Mục 6 Phần IV Nghị quyết số 36/NQ-CP ngày 06 tháng 3 năm 2026 của Chính phủ như sau:

“Đồng ý Bộ Công Thương chủ trì, phối hợp với Bộ Tài chính áp dụng ngay sau khi Nghị quyết này được ban hành các nội dung sau:

- Điều chỉnh giá xăng dầu khi giá cơ sở của một trong các mặt hàng xăng dầu được tiêu dùng phổ biến trên thị trường trong ngày tăng từ 15% trở lên so với giá cơ sở công bố tại kỳ điều hành trước liền kề. Việc điều hành giá xăng dầu và công bố giá cơ sở xăng dầu do Bộ Công Thương chủ trì, phối hợp với Bộ Tài chính thực hiện ngay sau ngày giá cơ sở tăng từ 15% trở lên. Nguyên tắc tính giá xăng dầu thế giới do Bộ Công Thương xác định theo nguyên tắc tính bình quân theo số ngày có giá giữa hai kỳ công bố giá cơ sở của giá các sản phẩm xăng dầu được giao dịch trên thị trường quốc tế.

Trường hợp giá cơ sở của tất cả các mặt hàng xăng dầu được tiêu dùng phổ biến trên thị trường tăng dưới 15% so với giá cơ sở công bố tại kỳ điều hành trước liền kề thì việc điều hành giá xăng dầu tiếp tục thực hiện theo quy định tại khoản 11 Điều 1 Nghị định số 80/2023/NĐ-CP (ngày thứ Năm hằng tuần).

- Điều chỉnh giá xăng dầu khi giá cơ sở của một trong các mặt hàng xăng dầu được tiêu dùng phổ biến trên thị trường trong ngày giảm từ 10% trở lên so với giá cơ sở công bố tại kỳ điều hành trước liền kề. Việc điều hành giá xăng dầu và công bố giá cơ sở xăng dầu do Bộ Công Thương chủ trì, phối hợp với Bộ Tài chính thực hiện ngay sau ngày giá cơ sở giảm từ 10% trở lên. Nguyên tắc tính giá xăng dầu thế giới do Bộ Công Thương xác định theo nguyên tắc tính bình quân theo số ngày có giá giữa hai kỳ công bố giá cơ sở của giá các sản phẩm xăng dầu được giao dịch trên thị trường quốc tế.

Trường hợp giá cơ sở của tất cả các mặt hàng xăng dầu được tiêu dùng phổ biến trên thị trường giảm dưới 10% so với giá cơ sở công bố tại kỳ điều hành trước liền kề thì việc điều hành giá xăng dầu tiếp tục thực hiện theo quy định tại khoản 11 Điều 1 Nghị định số 80/2023/NĐ-CP (ngày thứ Năm hằng tuần).

Trên cơ sở số liệu về các yếu tố cấu thành giá cơ sở xăng dầu theo quy định và ý kiến tham gia điều hành giá xăng dầu của Bộ Tài chính gửi bằng văn bản trước 12 giờ của ngày điều hành, Bộ Công Thương công bố giá cơ sở và giá bán xăng dầu.”

Theo quy định điều hành hiện hành và dữ liệu giá cơ sở gần nhất, giá xăng ngày mai 14/4/2026 trong nước nhiều khả năng sẽ tiếp tục được giữ nguyên do chưa tới kỳ điều hành định kỳ (Thứ Năm hàng tuần) trừ trường hợp giá cơ sở của tất cả các mặt hàng xăng dầu được tiêu dùng phổ biến trên thị trường tăng từ 15% trở lên hoặc giảm từ 10% trở lên.

Do đó, mặt bằng giá xăng dầu ngày 14/4/2026 dự kiến vẫn duy trì theo mức đã công bố ngày 09/4/2026.

Trường hợp có biến động vượt ngưỡng nêu trên, dựa trên cơ sở số liệu về các yếu tố cấu thành giá cơ sở xăng dầu theo quy định và ý kiến tham gia điều hành giá xăng dầu của Bộ Tài chính gửi bằng văn bản trước 12 giờ của ngày điều hành, Bộ Công Thương công bố giá cơ sở và giá bán xăng dầu.

Tên đây là toàn bộ nội dung  CHÍNH THỨC giá bán lẻ xăng dầu 13 4 2026 hôm nay và giá xăng ngày mai 14 4 2026 dự kiến theo giá công bố mới nhất

Tại  Công văn 2455/BCT-TTTN năm 2026  về điều hành giá xăng dầu ngày 09/4/2026 Bộ Công thương cũng đã công bố giá thành phẩm xăng dầu thế giới giữa 02 kỳ công bố gần nhất như sau:

Bảng giá thành phẩm xăng dầu thế giới giữa 02 kỳ công bố (08/4/2026)","","","","","2026-04-13","https://thuvienphapluat.vn/hoi-dap-phap-luat/chinh-thuc-gia-ban-le-xang-dau-1342026-hom-nay-va-gia-xang-ngay-mai-1442026-du-kien-la-bao-nhieu-th-138086927.html","2026-04-13T07:03:37.911698+00:00"
"138086769","CHÍNH THỨC giá gas hôm nay 13/4/2026 bao nhiêu tiền 1 bình?","Căn cứ tại khoản 10 Điều 20  Nghị định 87/2018/NĐ-CP  quy định về tổ chức bán lẻ LPG và LPG chai trong hệ thống phân phối do thương nhân quản lý, bán trực tiếp cho khách hàng sử dụng và  niêm yết công khai giá bán lẻ .

Tổng công ty Gas Petrolimex  đã công bố bảng  giá bán lẻ Gas Petrolimex ngày 13/4/2026  như sau:

Khu vực

Bình 12 kí

Bình 48 kí

Hà Nội

629.208

2.516.832

Hải Phòng

638.928

2.540.160

Đà Nẵng

555.000

2.135.000

Hồ Chí Minh

612.000

2.444.000

Cần Thơ

550.000

2.200.000

Đồng thời Công ty cổ phần kinh doanh LPG Việt Nam thuộc Petrovietnam đã công bố bảng  giá bán lẻ Gas hôm nay 13/4/2026  như sau:

Khu vực

Bình 12kg

Bình 45kg

Hà Nội

610.200 VNĐ

2.288.250 VNĐ

Bắc Ninh

610.200 VNĐ

2.288.250 VNĐ

Hải Phòng

594.404 VNĐ

2.229.015 VNĐ

Quảng Ninh

621.104 VNĐ

2.329.140 VNĐ

Hưng Yên

587.708 VNĐ

2.203.905 VNĐ

Ninh Bình

592.340 VNĐ

2.221.275 VNĐ

Thanh Hóa

620.780 VNĐ

2.327.925 VNĐ

Thái Nguyên

616.404 VNĐ

2.311.515 VNĐ

Phú Thọ

615.396 VNĐ

2.307.735 VNĐ

Lạng Sơn

616.404 VNĐ

2.311.515 VNĐ

Tuyên Quang

616.404 VNĐ

2.311.515 VNĐ

Cao Bằng

620.400 VNĐ

2.326.500 VNĐ

Lào Cai

620.400 VNĐ

2.326.500 VNĐ

Sơn La

620.400 VNĐ

2.326.500 VNĐ

Điện Biên

638.400 VNĐ

2.394.000 VNĐ

Lai Châu

638.400 VNĐ

2.394.000 VNĐ

Đà Nẵng

622.444 VNĐ

2.334.165 VNĐ

Thừa Thiên - Huế

612.000 VNĐ

2.295.000 VNĐ

Quảng Trị

600.000 VNĐ

2.250.000 VNĐ

Hà Tĩnh

576.472 VNĐ

2.161.770 VNĐ

Nghệ An

576.472 VNĐ

2.161.770 VNĐ

Hồ Chí Minh

660.081 VNĐ

2.475.259 VNĐ

Đồng Nai

660.081 VNĐ

2.475.259 VNĐ

Tây Ninh

638.076 VNĐ

2.392.770 VNĐ

Đồng Tháp

654.284 VNĐ

2.453.507 VNĐ

Vĩnh Long

654.284 VNĐ

2.453.507 VNĐ

Cần Thơ

654.284 VNĐ

2.453.507 VNĐ

An Giang

654.284 VNĐ

2.453.507 VNĐ

Cà Mau

654.284 VNĐ

2.453.507 VNĐ

Quảng Ngãi

655.757 VNĐ

2.459.030 VNĐ

Gia Lai

655.757 VNĐ

2.459.030 VNĐ

Khánh Hòa

655.757 VNĐ

2.459.030 VNĐ

Lâm Đồng

655.757 VNĐ

2.459.030 VNĐ

Đắk Lắk

655.757 VNĐ

2.459.030 VNĐ

*Trên đây là CHÍNH THỨC giá gas hôm nay 13 4 2026 bao nhiêu tiền 1 bình?

CHÍNH THỨC giá gas hôm nay 13 4 2026 bao nhiêu tiền 1 bình? (Hình từ Internet)

Căn cứ tại khoản 1 Điều 53  Nghị định 87/2018/NĐ-CP  quy định về an toàn đối với cửa hàng bán lẻ LPG chai như sau:

Điều 53. An toàn đối với cửa hàng bán lẻ LPG chai

1. Cửa hàng phải có diện tích tối thiểu là 12 m2.

2. Cửa hàng phải cách ly với các nguồn gây cháy ít nhất 03 m về phía không có tường chịu lửa; nếu có tường chịu lửa thì không yêu cầu khoảng cách giữa nguồn gây cháy và cửa hàng. Kết cấu xây dựng, bậc chịu lửa của cửa hàng tối thiểu bậc II. Thiết bị điện của cửa hàng phải là loại phòng nổ, cách chai LPG tối thiểu 1,5 m.

3. Chỉ được phép trưng bày trên giá quảng cáo những chai không chứa LPG.

4. Nơi chứa chai LPG phải bảo đảm thông thoáng. Không được bố trí trong phòng kín, hầm kín, không được cất giữ chai LPG ở khu vực cửa ra vào, lối đi công cộng. Trường hợp có kho chứa LPG chai, kho phải có ít nhất 01 cửa chính và 01 lối thoát dự phòng có cửa mở ra phía ngoài.

5. Không được tiến hành sửa chữa chai, nạp LPG tại cửa hàng.

Theo đó, cửa hàng lẻ LPG chai phải có diện tích tối thiểu là 12 m2.

Đối với cửa hàng phải cách ly với các nguồn gây cháy ít nhất 03 m về phía không có tường chịu lửa; nếu có tường chịu lửa thì không yêu cầu khoảng cách giữa nguồn gây cháy và cửa hàng. Kết cấu xây dựng, bậc chịu lửa của cửa hàng tối thiểu bậc II. Thiết bị điện của cửa hàng phải là loại phòng nổ, cách chai LPG tối thiểu 1,5 m.

Căn cứ tại Điều 54  Nghị định 87/2018/NĐ-CP  quy định an toàn vận chuyển LPG chai bằng ô tô như sau:

Điều 54. An toàn vận chuyển LPG chai bằng ô tô

1. Ô tô vận chuyển LPG chai phải được cấp giấy phép vận chuyển hàng nguy hiểm theo quy định hiện hành.

2. Chai phải xếp theo chiều thẳng đứng, van chai ở phía trên. Đối với chai có dung tích trên 99 lít chỉ được xếp một lớp. Chai có dung tích dưới 99 lít được xếp từ 2 lớp trở lên nhưng không được cao hơn thành xe và giữa hai lớp phải có lớp ván lót.

3. Không được đỗ ô tô nơi gần nguồn gây cháy, nơi có nhiều người và phương tiện qua lại. Trường hợp ô tô tạm đỗ để bốc dỡ hàng phải đỗ ở nơi bảo đảm an toàn cho người và không cản trở các phương tiện giao thông khác.

Theo đó quy định về an toàn vận chuyển LPG chai bằng ô tô như sau:

[1] Ô tô vận chuyển LPG chai phải được cấp giấy phép vận chuyển hàng nguy hiểm theo quy định hiện hành.

[2] Chai phải xếp theo chiều thẳng đứng, van chai ở phía trên. Đối với chai có dung tích trên 99 lít chỉ được xếp một lớp. Chai có dung tích dưới 99 lít được xếp từ 2 lớp trở lên nhưng không được cao hơn thành xe và giữa hai lớp phải có lớp ván lót.

[3] Không được đỗ ô tô nơi gần nguồn gây cháy, nơi có nhiều người và phương tiện qua lại. Trường hợp ô tô tạm đỗ để bốc dỡ hàng phải đỗ ở nơi bảo đảm an toàn cho người và không cản trở các phương tiện giao thông khác.

*Trên đây là thông tin bài viết CHÍNH THỨC giá gas hôm nay 13 4 2026 bao nhiêu tiền 1 bình?","","","","","2026-04-13","https://thuvienphapluat.vn/hoi-dap-phap-luat/chinh-thuc-gia-gas-hom-nay-1342026-bao-nhieu-tien-1-binh-138086769.html","2026-04-13T07:03:43.409240+00:00"
"138086842","Giá xăng dầu Petrolimex hôm nay 13/4/2026 34 tỉnh thành đã điều chỉnh giá xăng dầu bao nhiêu 1 lít?","NÓNG:

>>>  CHÍNH THỨC giá xăng hôm nay 13/4/2026 bao nhiêu tiền 1 lít?

>>>  CHÍNH THỨC giá bán lẻ xăng dầu 13/4/2026 hôm nay và giá xăng ngày mai 14/4/2026 dự kiến giá

MỚI:

>>>  CHÍNH THỨC giá xăng RON95 Petrolimex ngày 13/4/2026 giảm bao nhiêu tiền 1 lít xăng?

>>>  Giá xăng dầu Petrolimex từ 0h đến 24h ngày 13/4/2026 bao nhiêu tiền 1 lít?

***

MỚI NHẤT:

>>>  Bảng giá xăng dầu hôm nay 13/4 Petrolimex, PVOIL, Petrovienam cập nhật mới nhất

>>>  Bảng giá xăng ngày 13/4/2026 PETROLIMEX điều chỉnh bao nhiêu tiền 1 lít?

XEM THÊM:

>>>  Giá xăng sáng nay ngày 13/4/2026 từ 7h bao nhiêu tiền một lít?

>>>  TOÀN BỘ giá xăng dầu ngày 13 tháng 4 năm 2026 hôm nay bao nhiêu?

>>>  TỔNG HỢP 3 bảng giá xăng dầu ngày 13/4/2026 hôm nay được công bố trong kỳ mới nhất

***

QUAN TRỌNG:

>>>  CHÍNH THỨC giá xăng 92, 95 Petrolimex, PVOIL ngày 13/4/2026 bao nhiêu tiền?

>>>  CHÍNH THỨC giá gas hôm nay 13/4/2026 bao nhiêu tiền 1 bình?

HOT:

>>>  CẬP NHẬT mới nhất giá xăng dầu ngày 13/4/2026 Petrolimex bao nhiêu tiền một lít?

>>>  Giá xăng dầu Petrolimex hôm nay 13/4/2026 34 tỉnh thành đã điều chỉnh giá xăng dầu bao nhiêu 1 lít?

>>>  MỚI NHẤT bảng giá xăng dầu hôm nay 13/4/2026 tại các cửa hàng theo kỳ điều hành của Bộ Công Thương

Căn cứ tại  Công văn 2455/BCT-TTTN năm 2026  về điều hành kinh doanh xăng dầu, mức trích lập và chi sử dụng Quỹ bình ổn giá xăng dầu (BOG)  từ 15 giờ 30 phút ngày 9/4/2026  như sau:

Trước những diễn biến giá thành phẩm xăng dầu thế giới trong thời gian gần đây và thực hiện điều hành giá xăng dầu theo cơ chế thị trường có sự quản lý của Nhà nước, Bộ Công Thương và Bộ Tài chính quyết định:

1. Quỹ Bình ổn giá xăng dầu

1.1. Trích lập Quỹ Bình ổn giá xăng dầu (nguồn tạm ứng từ ngân sách nhà nước)

- Xăng sinh học: 800 đồng/lít;

- Xăng không chì: 800 đồng/lít;

- Dầu điêzen: 1.000 đồng/lít;

- Dầu madút: 800 đồng/kg.

1.2. Chi sử dụng Quỹ Bình ổn giá xăng dầu

- Xăng sinh học: 0 đồng/lít;

- Xăng không chì: 0 đồng/lít;

- Dầu điêzen: 0 đồng/lít;

- Dầu madút: 0 đồng/kg.

2. Giá bán xăng dầu

Sau khi thực hiện việc trích lập và chi sử dụng Quỹ Bình ổn giá xăng dầu đối với các mặt hàng xăng dầu như tại Mục 1 nêu trên, giá bán các mặt hàng xăng dầu tiêu dùng phổ biến trên thị trường không cao hơn mức giá:

- Xăng E5RON92: không cao hơn  22.344  đồng/lít;

- Xăng RON95-III: không cao hơn  23.543  đồng/lít;

- Dầu điêzen 0.05S: không cao hơn  32.969  đồng/lít;

- Dầu madút 180CST 3.5S: không cao hơn  22.613  đồng/kg.

3. Thời gian thực hiện

- Trích lập và chi sử dụng Quỹ Bình ổn giá xăng dầu đối với các mặt hàng xăng dầu tại Mục 1 nêu trên: Áp dụng từ 15 giờ 30' ngày 09 tháng 4 năm 2026.

- Điều chỉnh giá bán các mặt hàng xăng dầu: Do thương nhân đầu mối kinh doanh xăng dầu, thương nhân phân phối xăng dầu quy định nhưng không muộn hơn 15 giờ 30' ngày 09 tháng 4 năm 2026.

[...]

Theo đó thì Petrolimex cũng đã điều chỉnh giá xăng dầu từ  15h30  ngày  9/4/2026  áp dụng tại hệ thống phân phối của Petrolimex trên  34 tỉnh thành.

Dưới đây là chi tiết  giá xăng 34 tỉnh thành  ngày  13/4/2026 Petrolimex   công bố như sau:

Mặt hàng

Vùng 1 (đồng)

Vùng 2 (đồng)

Xăng không chì RON 95-V

24.380

24.860

Xăng không chì RON 95-III

23.540

24.010

Xăng sinh học E10 RON 95-III

23.540

24.010

Xăng sinh học E5 RON 92-II

22.340

22.780

Ghi chú:

+ Mức giá trên là giá bán lẻ.

+ Riêng mặt hàng Mazút là giá bán buôn.

+ Các mặt hàng Xăng và DO không chịu thuế GTGT.

*Trên đây là giá bán lẻ xăng dầu Giá xăng dầu Petrolimex hôm nay 13 4 2026 34 tỉnh thành đã điều chỉnh giá xăng dầu bao nhiêu 1 lít?

Giá xăng dầu Petrolimex hôm nay 13/4/2026 34 tỉnh thành đã điều chỉnh giá xăng dầu bao nhiêu 1 lít? (Hình từ Internet)

Căn cứ tại Điều 31  Nghị định 83/2014/NĐ-CP  được sửa đổi bởi Khoản 23 Điều 1  Nghị định 95/2021/NĐ-CP  quy định về dự trữ xăng dầu bắt buộc như sau:

Điều 31. Dự trữ xăng dầu bắt buộc

1. Kể từ ngày Nghị định này có hiệu lực, thương nhân đầu mối kinh doanh xăng dầu và thương nhân đầu mối sản xuất xăng dầu có tổ chức hệ thống phân phối xăng dầu phải bảo đảm  ổn định mức dự trữ xăng dầu bắt buộc tối thiểu bằng hai mươi (20) ngày cung ứng , tính theo sản lượng tiêu thụ nội địa bình quân một (01) ngày của năm trước liền kề, cả về cơ cấu chủng loại; bao gồm dự trữ phục vụ an ninh năng lượng quốc gia, dự trữ lưu thông bắt buộc.

2. Kể từ ngày Nghị định này có hiệu lực, thương nhân phân phối xăng dầu phải bảo đảm ổn định mức dự trữ xăng dầu bắt buộc tối thiểu bằng năm (05) ngày cung ứng, tính theo sản lượng tiêu thụ nội địa bình quân một (01) ngày của năm trước liền kề, cả về cơ cấu chủng loại.

3. Kể từ ngày Nghị định này có hiệu lực, thương nhân đầu mối sản xuất xăng dầu phải bảo đảm ổn định mức dự trữ xăng dầu bắt buộc tối thiểu theo các quy định hiện hành về dự trữ xăng dầu.

4. Cơ chế sử dụng nguồn xăng dầu dự trữ bắt buộc thực hiện theo quy định của pháp luật về dự trữ quốc gia và/hoặc theo chỉ đạo của Bộ Công Thương để phục vụ công tác bảo đảm cân đối cung cầu, bình ổn thị trường khi cần thiết.

Theo đó, mức dự trữ xăng dầu bắt buộc tối thiểu bằng  hai mươi (20) ngày cung ứng  tính theo sản lượng tiêu thụ nội địa bình quân một (01) ngày của năm trước liền kề

Căn cứ tại Điều 30  Nghị định 83/2014/NĐ-CP  quy định đối tượng thực hiện dự trữ xăng dầu như sau:

Điều 30. Đối tượng thực hiện dự trữ xăng dầu

1. Đối tượng thực hiện dự trữ xăng dầu bắt buộc là thương nhân đầu mối.

2. Dự trữ quốc gia về xăng dầu theo quy định của pháp luật về dự trữ quốc gia.

Như vậy đối tượng thực hiện dự trữ xăng dầu gồm:

[1] Đối tượng thực hiện dự trữ xăng dầu bắt buộc là thương nhân đầu mối.

[2] Dự trữ quốc gia về xăng dầu theo quy định của pháp luật về dự trữ quốc gia.

*Trên đây là thông tin bài viết Giá xăng dầu Petrolimex hôm nay 13 4 2026 34 tỉnh thành đã điều chỉnh giá xăng dầu bao nhiêu 1 lít?","","","","","2026-04-13","https://thuvienphapluat.vn/hoi-dap-phap-luat/gia-xang-dau-petrolimex-hom-nay-1342026-34-tinh-thanh-da-dieu-chinh-gia-xang-dau-bao-nhieu-1-lit-138086842.html","2026-04-13T07:03:50.268385+00:00"
"138086850","Giá xăng sáng nay ngày 13/4/2026 từ 7h bao nhiêu tiền một lít?","NÓNG:

>>>  CHÍNH THỨC giá xăng hôm nay 13/4/2026 bao nhiêu tiền 1 lít?

>>>  CHÍNH THỨC giá bán lẻ xăng dầu 13/4/2026 hôm nay và giá xăng ngày mai 14/4/2026 dự kiến giá

MỚI:

>>>  CHÍNH THỨC giá xăng RON95 Petrolimex ngày 13/4/2026 giảm bao nhiêu tiền 1 lít xăng?

>>>  Giá xăng dầu Petrolimex từ 0h đến 24h ngày 13/4/2026 bao nhiêu tiền 1 lít?

***

MỚI NHẤT:

>>>  Bảng giá xăng dầu hôm nay 13/4 Petrolimex, PVOIL, Petrovienam cập nhật mới nhất

>>>  Bảng giá xăng ngày 13/4/2026 PETROLIMEX điều chỉnh bao nhiêu tiền 1 lít?

XEM THÊM:

>>>  Giá xăng sáng nay ngày 13/4/2026 từ 7h bao nhiêu tiền một lít?

>>>  TOÀN BỘ giá xăng dầu ngày 13 tháng 4 năm 2026 hôm nay bao nhiêu?

>>>  TỔNG HỢP 3 bảng giá xăng dầu ngày 13/4/2026 hôm nay được công bố trong kỳ mới nhất

***

QUAN TRỌNG:

>>>  CHÍNH THỨC giá xăng 92, 95 Petrolimex, PVOIL ngày 13/4/2026 bao nhiêu tiền?

>>>  CHÍNH THỨC giá gas hôm nay 13/4/2026 bao nhiêu tiền 1 bình?

HOT:

>>>  CẬP NHẬT mới nhất giá xăng dầu ngày 13/4/2026 Petrolimex bao nhiêu tiền một lít?

>>>  Giá xăng dầu Petrolimex hôm nay 13/4/2026 34 tỉnh thành đã điều chỉnh giá xăng dầu bao nhiêu 1 lít?

>>>  MỚI NHẤT bảng giá xăng dầu hôm nay 13/4/2026 tại các cửa hàng theo kỳ điều hành của Bộ Công Thương

Cập nhật lúc  07h00  thứ Bảy ngày  13/4/2026

Cập nhật  giá xăng sáng nay   ngày   13/4/2026   từ  07h00  như sau:

Mặt hàng

Mức giá  cơ sở  (Tối đa)

Giá  PVOIL  công bố

Giá  PETROLIMEX  công bố

Xăng không chì RON 95-V

-

-

Vùng 1:  24.380

Vùng 2:  24.860

Xăng không chì RON 95-III

23.543

23.540

Vùng 1:  23.540

Vùng 2:  24.010

Xăng E10 RON 95-III

-

23.540

Vùng 1:  23.540

Vùng 2:  24.010

Xăng E5 RON 92-II

22.344

22.340

Vùng 1:  22.340

Vùng 2:  22.780

*Mức giá trên áp dụng theo kỳ điều chỉnh 15h30 ngày 09/4/2026 tại  Công văn 2455/BCT-TTTN năm 2026 .

*Trên đây là thông tin Giá xăng sáng nay ngày 13 4 2026 từ 7h bao nhiêu tiền một lít?

Giá xăng sáng nay ngày 13 4 2026 từ 7h bao nhiêu tiền một lít? (Hình từ Internet)

Căn cứ tại khoản 3 Điều 45  Luật Dầu khí 2022  quy định về lập, thẩm định, phê duyệt báo cáo tài nguyên, trữ lượng dầu khí như sau:

Điều 45. Lập, thẩm định, phê duyệt báo cáo tài nguyên, trữ lượng dầu khí

1. Trên cơ sở kết quả thăm dò, thẩm lượng dầu khí, nếu phát hiện dầu khí có tính thương mại trong diện tích hợp đồng dầu khí, nhà thầu lập báo cáo tài nguyên, trữ lượng dầu khí trình Tập đoàn Dầu khí Việt Nam báo cáo Bộ Công Thương thẩm định, phê duyệt.

2. Nội dung chính của báo cáo tài nguyên, trữ lượng dầu khí bao gồm:

a) Lịch sử tìm kiếm thăm dò, thẩm lượng, phát triển và khai thác dầu khí;

b) Tài liệu khảo sát địa chấn và phương pháp địa vật lý thăm dò khác; tài liệu khoan; tài liệu khảo sát và nghiên cứu khác;

c) Địa chất khu vực, địa chất mỏ;

d) Thông số vỉa chứa bao gồm thành tạo địa chất các thân chứa dầu khí, địa vật lý giếng khoan, công nghệ mỏ, kết quả khai thác, bơm ép dầu, khí, nước (nếu có);

đ) Tính toán dầu khí tại chỗ ban đầu, trữ lượng dầu khí của phát hiện dầu khí, mỏ dầu khí;

e) Kết luận và kiến nghị.

3. Nội dung thẩm định báo cáo tài nguyên, trữ lượng dầu khí bao gồm:

a) Đánh giá kết quả thực hiện công tác thăm dò, thẩm lượng dầu khí;

b) Tính hợp lý về địa chất, mô hình địa chất vỉa chứa, thông số vỉa chứa và công nghệ mỏ;

c) Tính hợp lý và độ tin cậy của kết quả tính toán dầu khí tại chỗ ban đầu và trữ lượng dầu khí.

4. Tập đoàn Dầu khí Việt Nam có trách nhiệm theo dõi, tổng hợp tài nguyên, trữ lượng dầu khí của các mỏ dầu khí trên lãnh thổ Việt Nam và cập nhật hằng năm thông tin về tài nguyên, trữ lượng dầu khí báo cáo Bộ Công Thương.

[...]

Theo đó, 3 nội dung thẩm định báo cáo tài nguyên, trữ lượng dầu khí bao gồm:

- Đánh giá kết quả thực hiện công tác thăm dò, thẩm lượng dầu khí;

- Tính hợp lý về địa chất, mô hình địa chất vỉa chứa, thông số vỉa chứa và công nghệ mỏ;

- Tính hợp lý và độ tin cậy của kết quả tính toán dầu khí tại chỗ ban đầu và trữ lượng dầu khí.

Căn cứ tại khoản 2 Điều 46  Luật Dầu khí 2022  quy định về nội dung chính của kế hoạch đại cương phát triển mỏ dầu khí bao gồm:

- Lịch sử tìm kiếm, thăm dò, thẩm lượng dầu khí, mô hình địa chất của mỏ và kế hoạch thẩm lượng ở giai đoạn tiếp theo;

- Công nghệ mỏ và hệ số thu hồi dầu khí sơ bộ; các phương án phát triển dự kiến và phương án lựa chọn;

- Dự báo sản lượng khai thác và quản lý vận hành mỏ;

- Thiết kế sơ bộ theo các phương án phát triển lựa chọn và xác định sơ bộ chi phí đầu tư;

- Công nghệ khoan, kế hoạch khoan và hoàn thiện giếng;

- Kế hoạch thực hiện công tác an toàn và bảo vệ môi trường;

- Đánh giá kinh tế, kỹ thuật và lựa chọn phương án phát triển thích hợp tại thời điểm lập báo cáo;

- Các thông số, tiêu chí chính của phương án được lựa chọn làm cơ sở để lập thiết kế kỹ thuật tổng thể;

- Phương án tiêu thụ khí sơ bộ;

- Đánh giá mức độ rủi ro công nghệ, biến động giá dầu và tài chính của dự án;

- Dự kiến tiến độ thực hiện;

- Đối với dự án phát triển mỏ dầu khí trên đất liền, dự án phát triển mỏ dầu khí có chuỗi đồng bộ các hạng mục công trình, thiết bị dầu khí trên đất liền và trên biển, ngoài những nội dung quy định tại các điểm a, b, c, d, đ, e, g, h, i, k và l khoản 2 Điều 46  Luật Dầu khí 2022  phải có các nội dung chính sau đây theo quy định của pháp luật về xây dựng: sơ bộ nhu cầu sử dụng đất; nhu cầu sử dụng tài nguyên; sự phù hợp của dự án với chiến lược, quy hoạch có liên quan; đánh giá tác động kinh tế - xã hội, bảo đảm quốc phòng, an ninh của dự án;

- Kết luận và kiến nghị.

*Trên đây là thông tin Giá xăng sáng nay ngày 13 4 2026 từ 7h bao nhiêu tiền một lít?","","","","","2026-04-13","https://thuvienphapluat.vn/hoi-dap-phap-luat/gia-xang-sang-nay-ngay-1342026-tu-7h-bao-nhieu-tien-mot-lit-138086850.html","2026-04-13T07:03:56.660447+00:00"
"138086928","TOÀN BỘ giá xăng dầu ngày 13 tháng 4 năm 2026 hôm nay bao nhiêu 1 lít theo mức giá mới?","Cập nhật giá xăng mới nhất ngày 13/4/2026 đang áp dụng theo mức giá được công bố tại  Công văn 2455/BCT-TTTN năm 2026 .

Dưới đây là toàn bộ giá xăng dầu ngày 13 tháng 4 năm 2026 được Bộ Công thương công bố mới nhất:

Mặt hàng

Giá cơ sở kỳ trước liền kề,08/4/2026 [1]

Giá cơ sở kỳ  hiện hành  [2]

Mức chênh lệch giữa 2 kỳ

1. Xăng E5RON92

24.737

21.544

-3.193

2. Xăng RON95-III

26.536

22.743

-3.793

3. Dầu điêzen 0.05S

42.841

31.969

-10.872

4. Dầu madút 180CST 3.5S

24.271

21.749

-2.522

(Đơn vị: đồng/lít,kg)

Sau khi thực hiện trích lập và chi sử dụng Quỹ Bình ổn giá xăng dầu giá bán các mặt hàng xăng dầu tiêu dùng phổ biến trên thị trường không cao hơn mức giá:

- Xăng E5RON92: không cao hơn 22.344 đồng/lít;

- Xăng RON95-III: không cao hơn 23.543 đồng/lít;

- Dầu điêzen 0.05S: không cao hơn 32.969 đồng/lít;

- Dầu madút 180CST 3.5S: không cao hơn 22.613 đồng/kg.

Căn cứ giá cơ sở nêu trên, các doanh nghiệp đầu mối như Petrolimex và PVOIL đã cập nhật giá xăng dầu bán lẻ áp dụng cho ngày 13/4/2026 trên website chính thức. Cụ thể như sau:

Bảng giá xăng dầu ngày 13 tháng 4 năm 2026 - Giá bán lẻ

Sản phẩm

Petrolimex Vùng 1

Petrolimex Vùng 2

Giá PVOIL

Xăng RON 95-V

24.380

24.860

–

Xăng RON 95-III

23.540

24.010

23.540

Xăng E10 RON 95-III

23.070

23.530

23.070

Xăng E5 RON 92-II

22.340

22.780

22.340

DO 0,001S-V

33.730

34.400

33.730

DO 0,05S-II

32.960

33.610

32.960

Dầu hỏa 2-K

37.700

38.450

–

Đơn vị: đồng/lít - (Giá trên đã bao gồm thuế GTGT và thuế môi trường)

Giá xăng dầu ngày 13 tháng 4 năm 2026 đang được áp dụng theo mức điều hành từ 15h30 ngày 09/4/2026, dao động khoảng 22.340 – 24.860 đồng/lít tùy loại và khu vực, là mức giá giảm với kỳ trước.

* Trên đây là toàn bộ nội dung cập nhật giá xăng dầu ngày 13 4 2026 bao nhiêu 1 lít?

TOÀN BỘ giá xăng dầu ngày 13 tháng 4 năm 2026 hôm nay bao nhiêu 1 lít theo mức giá mới? (Hình từ Internet)

Căn cứ khoản 9 Điều 3  Nghị định 83/2014/NĐ-CP  được sửa đổi bởi khoản 2 Điều 1  Nghị định 95/2021/NĐ-CP  quy định:

Điều 3. Giải thích từ ngữ

[...]

9. Giá cơ sở được xác định dựa trên các yếu tố hình thành giá tổng hợp từ các nguồn xăng dầu sản xuất trong nước, nhập khẩu; làm căn cứ để cơ quan nhà nước xác định giá điều hành (giá cơ sở trừ (-) đi mức chi sử dụng Quỹ bình ổn giá), là căn cứ cho việc quyết định giá bán lẻ xăng dầu trong nước (riêng dầu madút là giá bán buôn).

Căn cứ cho việc quyết định giá bán lẻ xăng dầu trong nước được dựa trên Giá cơ sở trừ đi mức chi sử dụng Quỹ bình ổn giá.

Ngày 19/3/2026, Chính phủ ban hành  Nghị quyết 55/NQ-CP năm 2026  sửa đổi, bổ sung một số nội dung tại Nghị quyết số 36/NQ-CP ngày 6/3/2026 của Chính phủ về Phiên họp Chính phủ thường kỳ tháng 2/2026.

Điều 1. Sửa đổi, bổ sung một số nội dung tại Mục 6 Phần IV Nghị quyết số 36/NQ-CP ngày 06 tháng 3 năm 2026 của Chính phủ như sau:

“Đồng ý Bộ Công Thương chủ trì, phối hợp với Bộ Tài chính áp dụng ngay sau khi Nghị quyết này được ban hành các nội dung sau:

- Điều chỉnh giá xăng dầu khi giá cơ sở của một trong các mặt hàng xăng dầu được tiêu dùng phổ biến trên thị trường trong ngày tăng từ 15% trở lên so với giá cơ sở công bố tại kỳ điều hành trước liền kề. Việc điều hành giá xăng dầu và công bố giá cơ sở xăng dầu do Bộ Công Thương chủ trì, phối hợp với Bộ Tài chính thực hiện ngay sau ngày giá cơ sở tăng từ 15% trở lên. Nguyên tắc tính giá xăng dầu thế giới do Bộ Công Thương xác định theo nguyên tắc tính bình quân theo số ngày có giá giữa hai kỳ công bố giá cơ sở của giá các sản phẩm xăng dầu được giao dịch trên thị trường quốc tế.

Trường hợp giá cơ sở của tất cả các mặt hàng xăng dầu được tiêu dùng phổ biến trên thị trường tăng dưới 15% so với giá cơ sở công bố tại kỳ điều hành trước liền kề thì việc điều hành giá xăng dầu tiếp tục thực hiện theo quy định tại khoản 11 Điều 1 Nghị định số 80/2023/NĐ-CP (ngày thứ Năm hằng tuần).

- Điều chỉnh giá xăng dầu khi giá cơ sở của một trong các mặt hàng xăng dầu được tiêu dùng phổ biến trên thị trường trong ngày giảm từ 10% trở lên so với giá cơ sở công bố tại kỳ điều hành trước liền kề. Việc điều hành giá xăng dầu và công bố giá cơ sở xăng dầu do Bộ Công Thương chủ trì, phối hợp với Bộ Tài chính thực hiện ngay sau ngày giá cơ sở giảm từ 10% trở lên. Nguyên tắc tính giá xăng dầu thế giới do Bộ Công Thương xác định theo nguyên tắc tính bình quân theo số ngày có giá giữa hai kỳ công bố giá cơ sở của giá các sản phẩm xăng dầu được giao dịch trên thị trường quốc tế.

Trường hợp giá cơ sở của tất cả các mặt hàng xăng dầu được tiêu dùng phổ biến trên thị trường giảm dưới 10% so với giá cơ sở công bố tại kỳ điều hành trước liền kề thì việc điều hành giá xăng dầu tiếp tục thực hiện theo quy định tại khoản 11 Điều 1 Nghị định số 80/2023/NĐ-CP (ngày thứ Năm hằng tuần).

Trên cơ sở số liệu về các yếu tố cấu thành giá cơ sở xăng dầu theo quy định và ý kiến tham gia điều hành giá xăng dầu của Bộ Tài chính gửi bằng văn bản trước 12 giờ của ngày điều hành, Bộ Công Thương công bố giá cơ sở và giá bán xăng dầu.”

Căn cứ nội dung nêu trên, Bộ Công Thương thực hiện điều chỉnh giá xăng dầu trong các trường hợp sau: khi giá cơ sở của một trong các mặt hàng xăng dầu phổ biến trên thị trường tăng từ 15% trở lên hoặc giảm từ 10% trở lên so với kỳ điều hành liền kề trước đó thì việc điều chỉnh được thực hiện ngay sau ngày phát sinh biến động.

Trường hợp giá cơ sở không đạt các ngưỡng nêu trên, việc điều hành giá xăng dầu tiếp tục được thực hiện theo chu kỳ định kỳ vào ngày thứ Năm hằng tuần, trên cơ sở phối hợp giữa Bộ Công Thương và Bộ Tài chính.","","","","","2026-04-13","https://thuvienphapluat.vn/hoi-dap-phap-luat/toan-bo-gia-xang-dau-ngay-13-thang-4-nam-2026-hom-nay-bao-nhieu-1-lit-theo-muc-gia-moi-138086928.html","2026-04-13T07:04:02.483988+00:00"
"138086847","CHÍNH THỨC giá xăng 92, 95 Petrolimex, PVOIL ngày 13/4/2026 bao nhiêu tiền?","NÓNG:

>>>  CHÍNH THỨC giá xăng hôm nay 13/4/2026 bao nhiêu tiền 1 lít?

>>>  CHÍNH THỨC giá bán lẻ xăng dầu 13/4/2026 hôm nay và giá xăng ngày mai 14/4/2026 dự kiến giá

MỚI:

>>>  CHÍNH THỨC giá xăng RON95 Petrolimex ngày 13/4/2026 giảm bao nhiêu tiền 1 lít xăng?

>>>  Giá xăng dầu Petrolimex từ 0h đến 24h ngày 13/4/2026 bao nhiêu tiền 1 lít?

***

MỚI NHẤT:

>>>  Bảng giá xăng dầu hôm nay 13/4 Petrolimex, PVOIL, Petrovienam cập nhật mới nhất

>>>  Bảng giá xăng ngày 13/4/2026 PETROLIMEX điều chỉnh bao nhiêu tiền 1 lít?

XEM THÊM:

>>>  Giá xăng sáng nay ngày 13/4/2026 từ 7h bao nhiêu tiền một lít?

>>>  TOÀN BỘ giá xăng dầu ngày 13 tháng 4 năm 2026 hôm nay bao nhiêu?

>>>  TỔNG HỢP 3 bảng giá xăng dầu ngày 13/4/2026 hôm nay được công bố trong kỳ mới nhất

***

QUAN TRỌNG:

>>>  CHÍNH THỨC giá xăng 92, 95 Petrolimex, PVOIL ngày 13/4/2026 bao nhiêu tiền?

>>>  CHÍNH THỨC giá gas hôm nay 13/4/2026 bao nhiêu tiền 1 bình?

HOT:

>>>  CẬP NHẬT mới nhất giá xăng dầu ngày 13/4/2026 Petrolimex bao nhiêu tiền một lít?

>>>  Giá xăng dầu Petrolimex hôm nay 13/4/2026 34 tỉnh thành đã điều chỉnh giá xăng dầu bao nhiêu 1 lít?

>>>  MỚI NHẤT bảng giá xăng dầu hôm nay 13/4/2026 tại các cửa hàng theo kỳ điều hành của Bộ Công Thương

Căn cứ tại  Công văn 2455/BCT-TTTN năm 2026  về điều hành kinh doanh xăng dầu, mức trích lập và chi sử dụng Quỹ bình ổn giá xăng dầu (BOG)  từ 15 giờ 30 phút ngày 9/4/2026  như sau:

Trước những diễn biến giá thành phẩm xăng dầu thế giới trong thời gian gần đây và thực hiện điều hành giá xăng dầu theo cơ chế thị trường có sự quản lý của Nhà nước, Bộ Công Thương và Bộ Tài chính quyết định:

1. Quỹ Bình ổn giá xăng dầu

1.1. Trích lập Quỹ Bình ổn giá xăng dầu (nguồn tạm ứng từ ngân sách nhà nước)

- Xăng sinh học: 800 đồng/lít;

- Xăng không chì: 800 đồng/lít;

- Dầu điêzen: 1.000 đồng/lít;

- Dầu madút: 800 đồng/kg.

1.2. Chi sử dụng Quỹ Bình ổn giá xăng dầu

- Xăng sinh học: 0 đồng/lít;

- Xăng không chì: 0 đồng/lít;

- Dầu điêzen: 0 đồng/lít;

- Dầu madút: 0 đồng/kg.

2. Giá bán xăng dầu

Sau khi thực hiện việc trích lập và chi sử dụng Quỹ Bình ổn giá xăng dầu đối với các mặt hàng xăng dầu như tại Mục 1 nêu trên, giá bán các mặt hàng xăng dầu tiêu dùng phổ biến trên thị trường không cao hơn mức giá:

- Xăng E5RON92: không cao hơn  22.344  đồng/lít;

- Xăng RON95-III: không cao hơn  23.543  đồng/lít;

- Dầu điêzen 0.05S: không cao hơn  32.969  đồng/lít;

- Dầu madút 180CST 3.5S: không cao hơn  22.613  đồng/kg.

3. Thời gian thực hiện

- Trích lập và chi sử dụng Quỹ Bình ổn giá xăng dầu đối với các mặt hàng xăng dầu tại Mục 1 nêu trên: Áp dụng từ 15 giờ 30' ngày 09 tháng 4 năm 2026.

- Điều chỉnh giá bán các mặt hàng xăng dầu: Do thương nhân đầu mối kinh doanh xăng dầu, thương nhân phân phối xăng dầu quy định nhưng không muộn hơn 15 giờ 30' ngày 09 tháng 4 năm 2026.

[...]

Theo đó thì Petrolimex cũng đã điều chỉnh giá xăng dầu từ  15h30  ngày  9/4/2026  áp dụng tại hệ thống phân phối của Petrolimex.

Đồng thời Petrolimex, PVOIL cũng đã điều chỉnh giá xăng dầu phù hợp với quy định tại  Công văn 2455/BCT-TTTN năm 2026 .

Dưới đây là  CHÍNH THỨC   giá xă ng 92, giá xăng 95 Petrolimex, PVOIL ngày  13/4/2026 :

Giá  xăng 92  Petrolimex ngày 13/4/2026:

Xăng E5 RON 92-II:

+ Vùng 1: 22.340  Đồng/lít

+ Vùng 2: 22.780  Đồng/lít

Giá  xăng 92  PVOIL ngày 13/4/2026:

Xăng E5 RON 92-II:  22.340 Đồng/lít

Giá  xăng 95  Petrolimex ngày 13/4/2026:

Xăng không chì RON 95-V:

+ Vùng 1: 24.380  Đồng/lít

+ Vùng 2: 24.860  Đồng/lít

Xăng không chì RON 95-III:

+ Vùng 1:   23.540  Đồng/lít

+ Vùng 2: 24.010  Đồng/lít

Xăng E10 RON 95-III:

+ Vùng 1: 23.540  Đồng/lít

+ Vùng 2: 24.010  Đồng/lít

Giá  xăng 95  PVOIL ngày 13/4/2026:

Xăng không chì RON 95-III : 23.540 Đồng/lít

Xăng E10 RON 95-III:  23.540 Đồng/lít

*Trên đây là thông tin CHÍNH THỨC giá xăng 92, 95 Petrolimex, PVOIL ngày 13 4 2026 bao nhiêu tiền?

CHÍNH THỨC giá xăng 92, 95 Petrolimex, PVOIL ngày 13 4 2026 bao nhiêu tiền? (Hình từ Internet)

Căn cứ tại khoản 2 Điều 38  Nghị định 83/2014/NĐ-CP  được sửa đỏi bởi khoản 27 Điều 1  Nghị định 95/2021/NĐ-CP  và khoản 11 Điều 1  Nghị định 80/2023/NĐ-CP  quy định về nguyên tắc điều hành giá xăng dầu như sau:

Điều 38. Nguyên tắc điều hành giá xăng dầu

1. Giá bán xăng dầu được thực hiện theo cơ chế thị trường, có sự điều tiết của Nhà nước, phù hợp với diễn biến giá xăng dầu thế giới và tình hình kinh tế xã hội trong từng thời kỳ.

2. Thương nhân đầu mối kinh doanh xăng dầu và thương nhân phân phối xăng dầu được quyền quyết định giá bán buôn.  Căn cứ vào tình hình thực tế tại doanh nghiệp, thương nhân đầu mối kinh doanh xăng dầu và thương nhân phân phối xăng dầu quyết định giá bán lẻ xăng dầu (riêng dầu madút là giá bán buôn) trong hệ thống phân phối của mình phù hợp với chi phí phát sinh thực tế tại doanh nghiệp và không cao hơn giá điều hành do cơ quan nhà nước có thẩm quyền công bố.

Đối với các địa bàn xa cảng, xa kho đầu mối, xa cơ sở sản xuất xăng dầu, nếu có chi phí thực tế phát sinh hợp lý, hợp lệ (đã được kiểm toán) tăng cao dẫn đến giá bán cao hơn giá điều hành, thương nhân đầu mối kinh doanh xăng dầu được quyết định giá bán thực tế tại địa bàn đó (đã được thông báo với Bộ Công Thương) để bù đắp chi phí phát sinh nhưng không vượt quá 2% giá điều hành công bố cùng thời điểm.

Các thương nhân đầu mối kinh doanh xăng dầu, thương nhân phân phối xăng dầu có trách nhiệm thông báo giá bán với Bộ Công Thương, Bộ Tài chính ngay sau khi quyết định giá bán xăng dầu của doanh nghiệp.

3. Thời gian điều hành giá xăng dầu

Thời gian điều hành giá xăng dầu được thực hiện vào ngày thứ Năm hàng tuần.

[...]

Theo đó, thương nhân đầu mối kinh doanh xăng dầu và thương nhân phân phối xăng dầu được quyền quyết định giá bán buôn xăng dầu.

Căn cứ tại Điều 12  Nghị định 83/2014/NĐ-CP  được sửa đổi bởi khoản 5 Điều 1  Nghị định 95/2021/NĐ-CP  quy định về pha chế xăng dầu như sau:

Điều 12. Pha chế xăng dầu

1. Chỉ thương nhân đầu mối được pha chế xăng dầu; pha chế xăng dầu được thực hiện tại nơi sản xuất, xưởng pha chế hoặc kho xăng dầu phục vụ cho nhu cầu xăng dầu nội địa của thương nhân đầu mối.

Thương nhân thuộc các thành phần kinh tế được pha chế xăng dầu trong kho ngoại quan xăng dầu.

2. Trong thời hạn một (01) năm kể từ ngày được cấp Giấy xác nhận đủ điều kiện làm thương nhân đầu mối kinh doanh xăng dầu, thương nhân đầu mối kinh doanh xăng dầu thực hiện pha chế các sản phẩm xăng dầu phải có phòng thử nghiệm đủ năng lực để kiểm tra chất lượng xăng dầu theo quy chuẩn kỹ thuật quốc gia.

3. Thương nhân đầu mối thực hiện pha chế xăng dầu phải đăng ký cơ sở pha chế theo hướng dẫn của Bộ Khoa học và Công nghệ.

Theo đó quy định về pha chế xăng dầu như sau:

[1] Chỉ thương nhân đầu mối được pha chế xăng dầu; pha chế xăng dầu được thực hiện tại nơi sản xuất, xưởng pha chế hoặc kho xăng dầu phục vụ cho nhu cầu xăng dầu nội địa của thương nhân đầu mối.

Thương nhân thuộc các thành phần kinh tế được pha chế xăng dầu trong kho ngoại quan xăng dầu.

[2] Trong thời hạn một (01) năm kể từ ngày được cấp Giấy xác nhận đủ điều kiện làm thương nhân đầu mối kinh doanh xăng dầu, thương nhân đầu mối kinh doanh xăng dầu thực hiện pha chế các sản phẩm xăng dầu phải có phòng thử nghiệm đủ năng lực để kiểm tra chất lượng xăng dầu theo quy chuẩn kỹ thuật quốc gia.

[3] Thương nhân đầu mối thực hiện pha chế xăng dầu phải đăng ký cơ sở pha chế theo hướng dẫn của Bộ Khoa học và Công nghệ.

*Trên đây là thông tin CHÍNH THỨC giá xăng 92, 95 Petrolimex, PVOIL ngày 13 4 2026 bao nhiêu tiền?","","","","","2026-04-13","https://thuvienphapluat.vn/hoi-dap-phap-luat/chinh-thuc-gia-xang-92-95-petrolimex-pvoil-ngay-1342026-bao-nhieu-tien-138086847.html","2026-04-13T07:04:09.095637+00:00"
"138086785","Bảng giá xăng ngày 13/4/2026 PETROLIMEX điều chỉnh bao nhiêu tiền 1 lít?","NÓNG:

>>>  CHÍNH THỨC giá xăng hôm nay 13/4/2026 bao nhiêu tiền 1 lít?

>>>  CHÍNH THỨC giá bán lẻ xăng dầu 13/4/2026 hôm nay và giá xăng ngày mai 14/4/2026 dự kiến giá

MỚI:

>>>  CHÍNH THỨC giá xăng RON95 Petrolimex ngày 13/4/2026 giảm bao nhiêu tiền 1 lít xăng?

>>>  Giá xăng dầu Petrolimex từ 0h đến 24h ngày 13/4/2026 bao nhiêu tiền 1 lít?

***

MỚI NHẤT:

>>>  Bảng giá xăng dầu hôm nay 13/4 Petrolimex, PVOIL, Petrovienam cập nhật mới nhất

>>>  Bảng giá xăng ngày 13/4/2026 PETROLIMEX điều chỉnh bao nhiêu tiền 1 lít?

XEM THÊM:

>>>  Giá xăng sáng nay ngày 13/4/2026 từ 7h bao nhiêu tiền một lít?

>>>  TOÀN BỘ giá xăng dầu ngày 13 tháng 4 năm 2026 hôm nay bao nhiêu?

>>>  TỔNG HỢP 3 bảng giá xăng dầu ngày 13/4/2026 hôm nay được công bố trong kỳ mới nhất

***

QUAN TRỌNG:

>>>  CHÍNH THỨC giá xăng 92, 95 Petrolimex, PVOIL ngày 13/4/2026 bao nhiêu tiền?

>>>  CHÍNH THỨC giá gas hôm nay 13/4/2026 bao nhiêu tiền 1 bình?

HOT:

>>>  CẬP NHẬT mới nhất giá xăng dầu ngày 13/4/2026 Petrolimex bao nhiêu tiền một lít?

>>>  Giá xăng dầu Petrolimex hôm nay 13/4/2026 34 tỉnh thành đã điều chỉnh giá xăng dầu bao nhiêu 1 lít?

>>>  MỚI NHẤT bảng giá xăng dầu hôm nay 13/4/2026 tại các cửa hàng theo kỳ điều hành của Bộ Công Thương

Từ 15h30 ngày 9/4/2026, Bộ Công thương đã ban hành  Công văn 2455/BCT-TTTN năm 2026  về điều hành kinh doanh xăng dầu, mức trích lập và chi sử dụng Quỹ bình ổn giá xăng dầu (BOG).

Sau khi thực hiện việc trích lập và chỉ sử dụng Quỹ Bình ổn giá xăng dầu đối với các mặt hàng xăng dầu, giá bán các mặt hàng xăng dầu tiêu dùng phổ biến trên thị trường không cao hơn mức giá:

- Xăng E5RON92: không cao hơn 22.344 đồng/lít;

- Xăng RON95-III: không cao hơn 23.543 đồng/lít;

- Dầu điêzen 0.05S: không cao hơn 32.969 đồng/lít;

- Dầu madút 180CST 3.5S: không cao hơn 22.613 đồng/kg.

Theo đó, căn cứ theo bảng giá xăng cơ sở do Bộ Công thương ban hành, Petrolimex cũng đã công bố điều chỉnh giá xăng hôm nay ngày 13 4 2026 ở mức sau:

Bảng giá xăng ngày 13/4/2026 PETROLIMEX (đồng/lít):

Đơn vị: đồng/lít

Mặt hàng

Vùng 1 (đồng)

Vùng 2 (đồng)

Xăng không chì RON 95-V

24.380

24.860

Xăng không chì RON 95-III

23.540

24.010

Xăng sinh học E10 RON 95-III

23.540

24.010

Xăng sinh học E5 RON 92-II

22.340

22.780

Đơn vị: đồng/lít - (Giá trên đã bao gồm thuế GTGT và thuế môi trường)

* Trên đây là Thông tin về Bảng giá xăng ngày 13 4 2026 PETROLIMEX sau khi điều chỉnh bao nhiêu tiền 1 lít?

Bảng giá xăng ngày 13 4 2026 PETROLIMEX sau khi điều chỉnh bao nhiêu tiền 1 lít? (Hình từ Internet)

Căn cứ tại Điều 63  Luật Dầu khí 2022  quy định Hội đồng thành viên Tập đoàn Dầu khí Việt Nam chịu trách nhiệm:

[1] Phê duyệt việc sử dụng vốn của Tập đoàn Dầu khí Việt Nam và doanh nghiệp 100% vốn của Tập đoàn Dầu khí Việt Nam không phụ thuộc vào mức vốn góp sau khi được phê duyệt theo quy định của Luật này trong các trường hợp sau đây:

- Thực hiện quyền tham gia vào hợp đồng dầu khí và quyền ưu tiên mua trước một phần hoặc toàn bộ quyền lợi tham gia quy định tại Điều 39  Luật Dầu khí 2022 ;

- Thực hiện hoạt động dầu khí theo các giai đoạn của hợp đồng dầu khí, dự án dầu khí;

[2] Phê duyệt kết thúc dự án dầu khí không thành công và chi phí dự án dầu khí không thành công của Tập đoàn Dầu khí Việt Nam và doanh nghiệp 100% vốn của Tập đoàn Dầu khí Việt Nam;

[3] Báo cáo Ủy ban Quản lý vốn nhà nước tại doanh nghiệp về các nội dung đã phê duyệt theo quy định tại khoản 1 và khoản 2 Điều 63  Luật Dầu khí 2022  để theo dõi, kiểm tra, giám sát.

Căn cứ tại Điều 64  Luật Dầu khí 2022  quy định về xử lý các chi phí của Tập đoàn Dầu khí Việt Nam như sau:

[1] Chi phí điều tra cơ bản về dầu khí do Tập đoàn Dầu khí Việt Nam thực hiện ngoài phần kinh phí được bảo đảm bằng nguồn ngân sách nhà nước (nếu có) được thanh toán bằng nguồn lợi nhuận sau thuế của Tập đoàn Dầu khí Việt Nam.

[2] Chi phí tìm kiếm thăm dò dầu khí của dự án tìm kiếm thăm dò dầu khí không thành công của Tập đoàn Dầu khí Việt Nam, sau khi có quyết định của Hội đồng thành viên Tập đoàn Dầu khí Việt Nam về việc kết thúc dự án dầu khí và quyết toán chi phí, được bù đắp từ nguồn lợi nhuận sau thuế hằng năm của Tập đoàn Dầu khí Việt Nam và thực hiện phân bổ trong thời gian 05 năm kể từ thời điểm có quyết định kết thúc dự án và quyết toán chi phí.

[3] Các chi phí quy định tại khoản 1 và khoản 2 Điều 64  Luật Dầu khí 2022  được xử lý từ nguồn lợi nhuận sau thuế của Tập đoàn Dầu khí Việt Nam trước khi trích các quỹ theo quy định của pháp luật về quản lý, sử dụng vốn nhà nước đầu tư vào sản xuất, kinh doanh tại doanh nghiệp.

[4] Tập đoàn Dầu khí Việt Nam được sử dụng tiền từ việc bán phần sản phẩm dầu, khí lãi của nước chủ nhà từ các hợp đồng dầu khí trước khi xác định lãi được chia cho nước chủ nhà nộp ngân sách nhà nước để thanh toán các chi phí, nghĩa vụ sau đây:

- Các chi phí thuộc trách nhiệm của nước chủ nhà theo quy định tại hợp đồng dầu khí được Tập đoàn Dầu khí Việt Nam thực hiện thay;

- Các nghĩa vụ đối với phần dầu, khí lãi của nước chủ nhà từ hợp đồng dầu khí do Tập đoàn Dầu khí Việt Nam thực hiện thay;

- Chi phí quản lý, giám sát các hợp đồng dầu khí;

- Chi phí duy trì hợp đồng dầu khí trong trường hợp tiếp nhận quyền lợi tham gia từ nhà thầu vì lý do đặc biệt hoặc thực hiện các nhiệm vụ được Thủ tướng Chính phủ giao liên quan đến hoạt động dầu khí.

Trên đây là Thông tin về Bảng giá xăng ngày 13 4 2026 PETROLIMEX sau khi điều chỉnh bao nhiêu tiền 1 lít?","","","","","2026-04-13","https://thuvienphapluat.vn/hoi-dap-phap-luat/bang-gia-xang-ngay-1342026-petrolimex-dieu-chinh-bao-nhieu-tien-1-lit-138086785.html","2026-04-13T07:04:15.768729+00:00"
"138086873","Bảng giá xăng dầu hôm nay 13/4 Petrolimex, PVOIL, Petrovienam cập nhật mới nhất ra sao?","Mới nhất từ 15h30 ngày 09/4/2026, Bộ Công thương ban hành Công văn 2455/BCT-TTTN   Tải về  về điều hành kinh doanh xăng dầu, mức trích lập và chi sử dụng Quỹ bình ổn giá xăng dầu (BOG).

>>> Chi tiết Bảng giá bán các mặt hàng xăng dầu tiêu dùng phổ biến trên thị trường như sau:

- Xăng E5RON92:  không cao hơn 22.344 đồng/lít;

- Xăng RON95-III:  không cao hơn 23.543 đồng/lít;

- Dầu điêzen 0.05S:  không cao hơn 32.969 đồng/lít;

- Dầu madút 180CST 3.5S:  không cao hơn 22.613 đồng/kg.

Lưu ý: Việc trích lập và chi sử dụng Quỹ bình ổn giá xăng dầu đối với các mặt hàng xăng dầu áp dụng từ 15h30’ ngày 9 tháng 4 năm 2026.

Theo đó, Bảng giá xăng dầu hôm nay 13 4 Petrolimex, bảng giá xăng dầu PVOIL, bảng giá xăng dầu Petrovietnam cập nhật mới nhất theo giá niêm yết mới nhất ngày 9/4/2026 của Bộ Công Thương như sau:

PETROLIMEX

Đơn vị: đồng/lít

STT

Sản phẩm

Vùng 1

Vùng 2

1

Xăng RON 95-V

24.380

24.860

2

Xăng RON 95-III

23.540

24.010

3

Xăng E10 RON 95-III

23.070

23.530

4

Xăng E5 RON 92-II

22.340

22.780

5

DO 0,001S-V

33.730

34.400

6

DO 0,05S-II

32.960

33.610

7

Dầu hỏa 2-K

37.700

38.450

Đơn vị: đồng/lít - (Giá trên đã bao gồm thuế GTGT và thuế môi trường)

PVOIL, PETROVIETNAM

TT

Mặt hàng

Giá điều chỉnh lúc 15:30 ngày 09/04/2026 (Đồng/lít thực tế)

Chênh lệch giá điều chỉnh (tăng/giảm) (Đồng/lít thực tế)

1

Xăng RON 95-III

23.540 đ

-2990

2

Xăng E10 RON 95-III

23.070 đ

-2620

3

Xăng E5 RON 92-II

22.340 đ

-2390

4

Dầu DO 0,05S-II

32.960 đ

-9880

5

Dầu DO 0,001S-V

33.960 đ

-9280

(Giá trên đã bao gồm thuế GTGT và thuế môi trường)

***

* Trên đây là Thông tin về Bảng giá xăng dầu hôm nay 13 4 Petrolimex, bảng giá xăng dầu PVOIL, bảng giá xăng dầu Petrovietnam cập nhật mới nhất ra sao?

Bảng giá xăng dầu hôm nay 13 4 Petrolimex, bảng giá xăng dầu PVOIL, bảng giá xăng dầu Petrovietnam cập nhật mới nhất ra sao? (Hình từ Internet)

Tại khoản 2 Điều 39  Nghị định 83/2014/NĐ-CP  được sửa đổi bởi khoản 29 Điều 1  Nghị định 95/2021/NĐ-CP  quy định về công khai, minh bạch trong điều hành giá và kinh doanh xăng dầu như sau:

Điều 39. Công khai, minh bạch trong điều hành giá và kinh doanh xăng dầu

1. Bộ Công Thương chủ trì, phối hợp Bộ Tài chính thực hiện điều hành giá công khai, minh bạch, đúng quy định tại Điều 38 Nghị định này.

2. Bộ Công Thương có trách nhiệm công bố trên trang thông tin điện tử của mình về: Giá xăng dầu thế giới, giá cơ sở, giá điều hành các mặt hàng xăng dầu; thời điểm áp dụng và mức trích lập, mức chi sử dụng Quỹ bình ổn giá tại các kỳ điều hành giá xăng dầu; các biện pháp khác (nếu có).

Bộ Tài chính, Bộ Công Thương có trách nhiệm công bố trên trang thông tin điện tử của mình về số dư Quỹ bình ổn giá xăng dầu hàng quý.

3.  Thương nhân đầu mối có trách nhiệm công bố trên trang thông tin điện tử của thương nhân hoặc trên phương tiện thông tin đại chúng về giá bán lẻ hiện hành ; số trích lập, số sử dụng và số dư Quỹ bình ổn giá xăng dầu hàng tháng và trước mỗi lần điều chỉnh giá bán xăng dầu trong nước; điều chỉnh mức trích, mức sử dụng Quỹ bình ổn giá; công bố báo cáo tài chính trong năm tài chính khi đã được kiểm toán.

Như vậy, Thương nhân đầu mối có trách nhiệm công bố trên trang thông tin điện tử của thương nhân hoặc trên phương tiện thông tin đại chúng về giá bán lẻ xăng dầu hiện hành.

Căn cứ theo khoản 1 Điều 37  Nghị định 83/2014/NĐ-CP  được sửa đổi bởi khoản 10 Điều 1  Nghị định 80/2023/NĐ-CP  quy định về quỹ bình ổn giá xăng dầu như sau:

Điều 37. Quỹ bình ổn giá xăng dầu

1. Quỹ bình ổn giá xăng dầu là Quỹ tài chính không nằm trong cân đối ngân sách nhà nước (sau đây gọi chung là Quỹ bình ổn giá); toàn bộ nguồn trích lập, chi sử dụng để tham gia điều tiết, hỗ trợ cho mục tiêu bình ổn giá bán xăng dầu trong nước.

Thương nhân đầu mối kinh doanh xăng dầu có nghĩa vụ trích lập Quỹ bình ổn giá; hạch toán và theo dõi riêng Quỹ bình ổn giá bằng tài khoản mở tại ngân hàng thương mại, chi nhánh ngân hàng nước ngoài hoạt động hợp pháp tại Việt Nam (sau đây gọi chung là ngân hàng) theo quy định tại Nghị định này và hướng dẫn của Bộ Tài chính. Thương nhân đầu mối kinh doanh xăng dầu chịu trách nhiệm toàn diện trước pháp luật về việc lựa chọn ngân hàng, quản lý và đảm bảo bảo toàn số dư Quỹ bình ổn giá.

2. Trích lập, chi sử dụng Quỹ bình ổn giá

a) Mức trích lập Quỹ bình ổn giá: là một yếu tố cấu thành giá cơ sở; là một khoản tiền cụ thể tính trên một lít, kg xăng, dầu thực tế tiêu thụ (đồng/lít, kg) theo thông báo điều hành giá xăng dầu của Bộ Công Thương.

Trường hợp tại thời điểm điều hành giá xăng dầu nếu số dư Quỹ bình ổn giá lớn, Bộ Công Thương xem xét có phương án điều chỉnh giảm hoặc tạm dừng trích lập Quỹ bình ổn giá

[....]

Theo đó, mức trích lập Quỹ bình ổn giá: là một yếu tố cấu thành giá cơ sở; là một khoản tiền cụ thể tính trên một lít, kg xăng, dầu thực tế tiêu thụ (đồng/lít, kg) theo thông báo điều hành giá xăng dầu của Bộ Công Thương.

Như vậy, mức trích lập Quỹ bình ổn giá xăng dầu là yếu tố cấu thành giá cơ sở.

Trên đây là Bảng giá xăng dầu hôm nay 13 4 Petrolimex, bảng giá xăng dầu PVOIL, bảng giá xăng dầu Petrovietnam cập nhật mới nhất ra sao?","","","","","2026-04-13","https://thuvienphapluat.vn/hoi-dap-phap-luat/bang-gia-xang-dau-hom-nay-134-petrolimex-pvoil-petrovienam-cap-nhat-moi-nhat-ra-sao-138086873.html","2026-04-13T07:04:21.577904+00:00"
"138086858","CHÍNH THỨC giá xăng RON95 Petrolimex ngày 13/4/2026 giảm bao nhiêu tiền 1 lít xăng?","NÓNG:

>>>  CHÍNH THỨC giá xăng hôm nay 13/4/2026 bao nhiêu tiền 1 lít?

>>>  CHÍNH THỨC giá bán lẻ xăng dầu 13/4/2026 hôm nay và giá xăng ngày mai 14/4/2026 dự kiến giá

MỚI:

>>>  CHÍNH THỨC giá xăng RON95 Petrolimex ngày 13/4/2026 giảm bao nhiêu tiền 1 lít xăng?

>>>  Giá xăng dầu Petrolimex từ 0h đến 24h ngày 13/4/2026 bao nhiêu tiền 1 lít?

***

MỚI NHẤT:

>>>  Bảng giá xăng dầu hôm nay 13/4 Petrolimex, PVOIL, Petrovienam cập nhật mới nhất

>>>  Bảng giá xăng ngày 13/4/2026 PETROLIMEX điều chỉnh bao nhiêu tiền 1 lít?

XEM THÊM:

>>>  Giá xăng sáng nay ngày 13/4/2026 từ 7h bao nhiêu tiền một lít?

>>>  TOÀN BỘ giá xăng dầu ngày 13 tháng 4 năm 2026 hôm nay bao nhiêu?

>>>  TỔNG HỢP 3 bảng giá xăng dầu ngày 13/4/2026 hôm nay được công bố trong kỳ mới nhất

***

QUAN TRỌNG:

>>>  CHÍNH THỨC giá xăng 92, 95 Petrolimex, PVOIL ngày 13/4/2026 bao nhiêu tiền?

>>>  CHÍNH THỨC giá gas hôm nay 13/4/2026 bao nhiêu tiền 1 bình?

HOT:

>>>  CẬP NHẬT mới nhất giá xăng dầu ngày 13/4/2026 Petrolimex bao nhiêu tiền một lít?

>>>  Giá xăng dầu Petrolimex hôm nay 13/4/2026 34 tỉnh thành đã điều chỉnh giá xăng dầu bao nhiêu 1 lít?

>>>  MỚI NHẤT bảng giá xăng dầu hôm nay 13/4/2026 tại các cửa hàng theo kỳ điều hành của Bộ Công Thương

Vừa qua, Bộ Công thương ban hành  Công văn 2455/BCT-TTTN năm 2026  về điều hành kinh doanh xăng dầu, mức trích lập và chi sử dụng Quỹ bình ổn giá xăng dầu (BOG)  từ 15h30 ngày 09/4/2026.

Lưu ý:  Chi sử dụng Quỹ bình ổn giá xăng dầu đối với các mặt hàng là 0 đồng.

Đồng thời, trích lập Quỹ Bình ổn giá xăng dầu (nguồn tạm ứng từ ngân sách nhà nước) cho xăng sinh học: 800 đồng/lít; xăng không chì: 800 đồng/lít; dầu điêzen: 1.000 đồng/lít; dầu madút: 800 đồng/kg.

>>> Chi tiết bản giá bán cơ sở các mặt hàng xăng dầu tiêu dùng phổ biến trên thị trường như sau:

Mặt hàng

Giá bán cơ sở

So với kỳ trước

Xăng E5RON92

Không cao hơn 21.544 đồng/lít

- 3.193 đồng/lít

Xăng RON95-III

Không cao hơn 22.743 đồng/lít

- 3.793 đ ồng/lít

Dầu điêzen 0.05S

Không cao hơn 31.969 đồng/lít

- 10.872 đồng/lít

Dầu madút 180CST 3.5S

Không cao hơn 21.749 đồng/kg

- 2.522 đồng/kg

Theo đó, giá niêm yết đối với mặt hàng xăng RON95 không cao hơn 22.743 đồng/lít,  điều chỉnh giảm 3.793 đồng/lít  so với kỳ điều hành trước đó.

>>> Bảng giá xăng ngày 13/4/2026 Petrolimex điều chỉnh như sau:

Đơn vị: đồng/lít

Mặt hàng

Vùng 1 (đồng)

Vùng 2 (đồng)

Xăng không chì RON 95-V

24.380

24.860

Xăng không chì RON 95-III

23.540

24.010

Xăng sinh học E10 RON 95-III

23.540

24.010

Xăng sinh học E5 RON 92-II

22.340

22.780

Đơn vị: đồng/lít - (Giá trên đã bao gồm thuế GTGT và thuế môi trường)

Như vậy,  Giá xăng E5 RON 95 Petrolimex ngày 13/4/2026  sau khi điều chỉnh giảm theo giá xăng cơ sở do Bộ Công thương ban hành như sau:

- Xăng không chì RON 95-III:   23.540 đồng/lít (vùng 1) và 24.010 đồng/lít (vùng 2)

- Xăng không chì RON 95-V:   24.380 đồng/lít (vùng 1) và 24.860 đồng/lít (vùng 2)

- Xăng sinh học E10 RON 95-III:   23.540 đồng/lít (vùng 1) và 24.010 đồng/lít (vùng 2)

* Trên đây là Thông tin về CHÍNH THỨC Giá xăng RON95 Petrolimex ngày 13 4 2026 bao nhiêu tiền 1 lít xăng?

CHÍNH THỨC Giá xăng RON95 Petrolimex ngày 13 4 2026 giảm bao nhiêu 1 lít? (Hình từ Internet)

Căn cứ tại Điều 24  Nghị định 83/2014/NĐ-CP  được sửa đổi bởi khoản 1 Điều 2  Nghị định 08/2018/NĐ-CP  và khoản 18 Điều 1  Nghị định 95/2021/NĐ-CP  quy định cửa hàng xăng dầu có đủ các điều kiện dưới đây được Sở Công Thương cấp Giấy chứng nhận đủ điều kiện bán lẻ xăng dầu:

- Thuộc sở hữu hoặc thuê với thời hạn thuê từ năm (05) năm trở lên của thương nhân là đại lý bán lẻ xăng dầu hoặc tổng đại lý kinh doanh xăng dầu hoặc thương nhân nhận quyền bán lẻ xăng dầu hoặc thương nhân phân phối xăng dầu hoặc thương nhân đầu mối kinh doanh xăng dầu hoặc thương nhân đầu mối sản xuất xăng dầu có hệ thống phân phối theo quy định tại Nghị định này (thương nhân đề nghị cấp phải đứng tên tại Giấy chứng nhận cửa hàng đủ điều kiện bán lẻ xăng dầu). Trường hợp đi thuê cửa hàng bán lẻ xăng dầu, thương nhân đi thuê phải đứng tên tại Giấy chứng nhận cửa hàng đủ điều kiện bán lẻ xăng dầu.

- Được thiết kế, xây dựng và có trang thiết bị theo đúng quy định tại Quy chuẩn kỹ thuật quốc gia về yêu cầu thiết kế cửa hàng xăng dầu, bảo đảm an toàn phòng cháy, chữa cháy, bảo vệ môi trường của cơ quan quản lý nhà nước có thẩm quyền.

- Cán bộ quản lý, nhân viên trực tiếp kinh doanh phải được đào tạo, huấn luyện và có chứng chỉ đào tạo, huấn luyện nghiệp vụ về phòng cháy, chữa cháy và bảo vệ môi trường theo quy định của pháp luật hiện hành.

Căn cứ tại điểm a khoản 4 Điều 24a  Nghị định 83/2014/NĐ-CP  được bổ sung bởi khoản 19 Điều 1  Nghị định 95/2021/NĐ-CP  quy định hồ sơ đề nghị cấp Giấy tiếp nhận thông báo kinh doanh xăng dầu bằng thiết bị bán xăng dầu quy mô nhỏ bao gồm:

- Thông báo kinh doanh xăng dầu bằng thiết bị bán xăng dầu quy mô nhỏ theo Mẫu số 3 a của Phụ lục kèm theo  Nghị định 83/2014/NĐ-CP .

- Bản sao Giấy xác nhận làm thương nhân kinh doanh xăng dầu theo các loại hình tương ứng theo quy định tại  Nghị định 83/2014/NĐ-CP .

- Bản sao Chứng chỉ đào tạo, huấn luyện nghiệp vụ về phòng cháy, chữa cháy của nhân viên kinh doanh trực tiếp.

- Bản sao Giấy chứng nhận kiểm định thiết bị bán xăng dầu quy mô nhỏ.

Trên đây là Thông tin về CHÍNH THỨC Giá xăng RON95 Petrolimex ngày 13 4 2026 giảm bao nhiêu 1 lít?","","","","","2026-04-13","https://thuvienphapluat.vn/hoi-dap-phap-luat/chinh-thuc-gia-xang-ron95-petrolimex-ngay-1342026-giam-bao-nhieu-tien-1-lit-xang-138086858.html","2026-04-13T07:04:27.871051+00:00"
"138086854","Văn bản chấp thuận đăng ký dự án Điều 6.2 bị thu hồi khi nào?","Căn cứ khoản 1 Điều 14  Nghị định 112/2026/NĐ-CP  quy định về thu hồi văn bản chấp thuận đăng ký dự án Điều 6.2 như sau:

Điều 14. Thu hồi văn bản chấp thuận đăng ký dự án Điều 6.2

1. Bộ Nông nghiệp và Môi trường thực hiện thu hồi văn bản chấp thuận đăng ký dự án trong các trường hợp sau đây:

a) Hoạt động của chương trình, dự án bị chấm dứt theo quyết định của cơ quan quản lý nhà nước về đầu tư hoặc theo bản án, quyết định của Tòa án;

b) Các trường hợp khác theo quy định pháp luật hoặc theo Thỏa thuận Điều 6.2.

[...]

Như vậy, văn bản chấp thuận đăng ký dự án Điều 6.2 bị thu hồi khi:

- Hoạt động của chương trình, dự án bị chấm dứt theo quyết định của cơ quan quản lý nhà nước về đầu tư hoặc theo bản án, quyết định của Tòa án;

- Các trường hợp khác theo quy định pháp luật hoặc theo Thỏa thuận Điều 6.2.

Văn bản chấp thuận đăng ký dự án Điều 6.2 bị thu hồi khi nào? (Hình từ Internet)

Căn cứ khoản 2 Điều 8  Nghị định 112/2026/NĐ-CP  quy định về ký kết Thỏa thuận Điều 6.2 như sau:

Điều 8. Ký kết Thỏa thuận Điều 6.2

[...]

2. Thỏa thuận gồm những nội dung chính sau:

a) Việc đăng ký dự án;

b) Việc công nhận kết quả giảm nhẹ phát thải khí nhà kính và cấp tín chỉ các-bon;

c) Tiêu chuẩn các-bon hoặc phương pháp tạo tín chỉ các-bon được áp dụng;

d) Nghĩa vụ tài chính liên quan đến trao đổi quốc tế kết quả giảm nhẹ phát thải khí nhà kính, tín chỉ các-bon;

đ) Cơ chế giải quyết tranh chấp;

e) Công nhận và công bố đơn vị thẩm định;

g) Cơ chế chia sẻ thông tin;

h) Quy trình về chấp thuận chuyển giao quốc tế kết quả giảm nhẹ phát thải khí nhà kính, tín chỉ các-bon đối với trường hợp Việt Nam là bên nhận kết quả giảm nhẹ phát thải khí nhà kính, tín chỉ các-bon.

Như vậy, thỏa thuận Điều 6.2 gồm những nội dung chính sau:

- Việc đăng ký dự án;

- Việc công nhận kết quả giảm nhẹ phát thải khí nhà kính và cấp tín chỉ các-bon;

- Tiêu chuẩn các-bon hoặc phương pháp tạo tín chỉ các-bon được áp dụng;

- Nghĩa vụ tài chính liên quan đến trao đổi quốc tế kết quả giảm nhẹ phát thải khí nhà kính, tín chỉ các-bon;

- Cơ chế giải quyết tranh chấp;

- Công nhận và công bố đơn vị thẩm định;

- Cơ chế chia sẻ thông tin;

- Quy trình về chấp thuận chuyển giao quốc tế kết quả giảm nhẹ phát thải khí nhà kính, tín chỉ các-bon đối với trường hợp Việt Nam là bên nhận kết quả giảm nhẹ phát thải khí nhà kính, tín chỉ các-bon.

Căn cứ khoản 2 Điều 9  Nghị định 112/2026/NĐ-CP  quy định về đăng ký dự án theo Thỏa thuận Điều 6.2 như sau:

Điều 9. Đăng ký dự án theo Thỏa thuận Điều 6.2

[...]

2. Hồ sơ bao gồm:

a) Đơn đề nghị đăng ký ý tưởng dự án Điều 6.2 theo Mẫu số 01 tại Phụ lục II ban hành kèm theo Nghị định này;

b) Bản sao các loại giấy phép và văn bản có liên quan đến tư cách pháp nhân, hoạt động của cơ quan, tổ chức theo yêu cầu của thỏa thuận và quy định pháp luật có liên quan;

c) Tài liệu khác theo yêu cầu của thỏa thuận (nếu có).

Trường hợp các tài liệu liên quan quy định tại điểm b và điểm c khoản 2 Điều này bằng tiếng nước ngoài thì gửi kèm bản dịch sang tiếng Việt và có đóng dấu giáp lai của cơ quan, tổ chức nộp hồ sơ. Cơ quan, tổ chức nộp hồ sơ chịu trách nhiệm trước pháp luật về tính đúng đắn, chính xác về nội dung của bản dịch.

Trong thời hạn 02 ngày làm việc kể từ ngày nhận được hồ sơ đăng ký ý tưởng dự án, Bộ Nông nghiệp và Môi trường thông báo bằng văn bản cho cơ quan, tổ chức đã gửi hồ sơ về một trong các trường hợp: chấp nhận hồ sơ hợp lệ; yêu cầu bổ sung, hoàn thiện hồ sơ nếu hồ sơ chưa hợp lệ. Thời hạn bổ sung, hoàn thiện hồ sơ là 15 ngày làm việc kể từ ngày nhận được thông báo về yêu cầu bổ sung, hoàn thiện hồ sơ.

[...]

Như vậy, hồ sơ đăng ký dự án theo Thỏa thuận Điều 6.2 bao gồm các giấy tờ sau đây:

- Đơn đề nghị đăng ký ý tưởng dự án Điều 6.2 theo Mẫu số 01 tại Phụ lục II ban hành kèm theo  Nghị định 112/2026/NĐ-CP ;

- Bản sao các loại giấy phép và văn bản có liên quan đến tư cách pháp nhân, hoạt động của cơ quan, tổ chức theo yêu cầu của thỏa thuận và quy định pháp luật có liên quan;

- Tài liệu khác theo yêu cầu của thỏa thuận (nếu có).

Trường hợp các tài liệu liên quan quy định tại điểm b và điểm c khoản 2 Điều 9  Nghị định 112/2026/NĐ-CP  bằng tiếng nước ngoài thì gửi kèm bản dịch sang tiếng Việt và có đóng dấu giáp lai của cơ quan, tổ chức nộp hồ sơ. Cơ quan, tổ chức nộp hồ sơ chịu trách nhiệm trước pháp luật về tính đúng đắn, chính xác về nội dung của bản dịch.

Trong thời hạn 02 ngày làm việc kể từ ngày nhận được hồ sơ đăng ký ý tưởng dự án, Bộ Nông nghiệp và Môi trường thông báo bằng văn bản cho cơ quan, tổ chức đã gửi hồ sơ về một trong các trường hợp: chấp nhận hồ sơ hợp lệ; yêu cầu bổ sung, hoàn thiện hồ sơ nếu hồ sơ chưa hợp lệ. Thời hạn bổ sung, hoàn thiện hồ sơ là 15 ngày làm việc kể từ ngày nhận được thông báo về yêu cầu bổ sung, hoàn thiện hồ sơ.

Trên đây là nội dung Văn bản chấp thuận đăng ký dự án Điều 6.2 bị thu hồi khi nào?","","","","","2026-04-13","https://thuvienphapluat.vn/hoi-dap-phap-luat/van-ban-chap-thuan-dang-ky-du-an-dieu-62-bi-thu-hoi-khi-nao-138086854.html","2026-04-13T07:04:35.234918+00:00"
"138086783","Giá xăng dầu Petrolimex từ 0h đến 24h ngày 13/4/2026 bao nhiêu tiền 1 lít?","TRƯA 13/4/2026:

>>>  CHÍNH THỨC bảng giá xăng dầu chiều nay 13/4 Petrolimex cập nhật mới nhất bao nhiêu tiền một lít?

>>>  Giá xăng dầu Petrolimex từ 12h ngày 13/4/2026 giảm xuống bao nhiêu tiền 1 lít?

>>>  CẬP NHẬT mới nhất giá xăng dầu 15h30 ngày 13/4/2026 Petrolimex bao nhiêu 1 lít?

>>>  Cập nhật giá xăng dầu Petrolimex từ 15h ngày 13/4/2026 giảm xuống còn bao nhiêu tiền 1 lít?

>>>  Giá xăng dầu toàn quốc ngày 13/4/2026 Petrolimex bao nhiêu 1 lít?

***

CHIẾU 13/4/2026:

>>>  Giá xăng dầu bán lẻ chiều tối 13/4/2026 hôm nay theo giá cập nhật mới nhất bao nhiêu tiền 1 lít?

>>>  Giá xăng E5 RON 92 Petrolimex ngày 13/4/2026 giảm xuống bao nhiêu tiền 1 lít xăng?

>>>  Cập nhật giá xăng E10 RON 95 III ngày 13/4/2026 áp dụng giá mới nhất bao nhiêu tiền 1 lít?

>>>  Bảng giá xăng dầu PVOIL ngày 13/4/2026 sau khi điều chỉnh bao nhiêu tiền 1 lít?

***

TỐI 13/4/2026:

>>>  Giá xăng hôm nay 13/4 từ 17h Petrolimex, PVOIL, Bộ Công thương bao nhiêu tiền 1 lít?

>>>  Cập nhật giá xăng tối nay ngày 13/4 từ 19h Petrolimex bao nhiêu tiền một lít?

>>>  CẬP NHẬT giá xăng từ 21H ngày 13/4/2026 bao nhiêu tiền 1 lít?

>>>  Cập nhật giá xăng 23h ngày 13/4 Petrolimex, PVOIL bao nhiêu tiền một lít?

Giá xăng dầu Petrolimex từ 0h đến 24h ngày 13 4 2026  cập nhật theo Công văn 2455/BCT-TTTN   Tải về  về điều hành kinh doanh xăng dầu, mức trích lập và chi sử dụng Quỹ bình ổn giá xăng dầu (BOG).

Theo đó, Công văn 2455 thông báo giá xăng dầu từ 15h30 ngày 09/4/2026, Bộ Công Thương công bố giá cơ sở các mặt hàng xăng dầu tiêu dùng phổ biến trên thị trường.

>>> Chi tiết mức giá bán xăng dầu mới nhất được Bộ Công thương niêm yết ở mức sau:

Mặt hàng

Giá bán cơ sở

So với kỳ trước

Xăng E5RON92

Không cao hơn 21.544 đồng/lít

- 3.193 đồng/lít

Xăng RON95-III

Không cao hơn 22.743 đồng/lít

- 3.793 đồng/lít

Dầu điêzen 0.05S

Không cao hơn 31.969 đồng/lít

- 10.872 đồng/lít

Dầu madút 180CST 3.5S

Không cao hơn 21.749 đồng/kg

- 2.522 đồng/kg

(Bảng giá xăng dầu mới nhất được Bộ Công thương niêm yết lúc 15:30 phút ngày 9/4/2026)

Theo đó, căn cứ theo bảng giá xăng cơ sở do Bộ Công thương ban hành, Petrolimex cũng đã công bố điều chỉnh giá xăng dầu Petrolimex từ 0h đến 24h ngày 13 4 2026.

Bảng giá xăng dầu Petrolimex từ 0h đến 24h ngày 13 4 2026 PETROLIMEX cụ thể như sau:

Đơn vị: đồng/lít - (Giá đã bao gồm thuế GTGT và thuế môi trường)

Sản phẩm

Vùng 1

Vùng 2

Xăng RON 95-V

24.380

24.860

Xăng RON 95-III

23.540

24.010

Xăng E10 RON 95-III

23.070

23.530

Xăng E5 RON 92-II

22.340

22.780

DO 0,001S-V

33.730

34.400

DO 0,05S-II

32.960

33.610

Dầu hỏa 2-K

37.700

38.450

* Trên đây là Thông tin về Giá xăng dầu Petrolimex từ 0h đến 24h ngày 13 4 2026 bao nhiêu tiền 1 lít?

Giá xăng dầu Petrolimex từ 0h đến 24h ngày 13 4 2026 bao nhiêu tiền 1 lít? (Hình từ Internet)

Căn cứ tại khoản 2 Điều 38  Nghị định 83/2014/NĐ-CP  được sửa đỏi bởi khoản 27 Điều 1  Nghị định 95/2021/NĐ-CP  và khoản 11 Điều 1  Nghị định 80/2023/NĐ-CP  quy định về nguyên tắc điều hành giá xăng dầu như sau:

Điều 38. Nguyên tắc điều hành giá xăng dầu

1. Giá bán xăng dầu được thực hiện theo cơ chế thị trường, có sự điều tiết của Nhà nước, phù hợp với diễn biến giá xăng dầu thế giới và tình hình kinh tế xã hội trong từng thời kỳ.

2. Thương nhân đầu mối kinh doanh xăng dầu và thương nhân phân phối xăng dầu được quyền quyết định giá bán buôn. Căn cứ vào tình hình thực tế tại doanh nghiệp, thương nhân đầu mối kinh doanh xăng dầu và thương nhân phân phối xăng dầu quyết định giá bán lẻ xăng dầu (riêng dầu madút là giá bán buôn) trong hệ thống phân phối của mình phù hợp với chi phí phát sinh thực tế tại doanh nghiệp và không cao hơn giá điều hành do cơ quan nhà nước có thẩm quyền công bố.

Đối với các địa bàn xa cảng, xa kho đầu mối, xa cơ sở sản xuất xăng dầu, nếu có chi phí thực tế phát sinh hợp lý, hợp lệ (đã được kiểm toán) tăng cao dẫn đến giá bán cao hơn giá điều hành, thương nhân đầu mối kinh doanh xăng dầu được quyết định giá bán thực tế tại địa bàn đó (đã được thông báo với Bộ Công Thương) để bù đắp chi phí phát sinh nhưng không vượt quá 2% giá điều hành công bố cùng thời điểm.

Các thương nhân đầu mối kinh doanh xăng dầu, thương nhân phân phối xăng dầu có trách nhiệm thông báo giá bán với Bộ Công Thương, Bộ Tài chính ngay sau khi quyết định giá bán xăng dầu của doanh nghiệp.

3. Thời gian điều hành giá xăng dầu

Thời gian điều hành giá xăng dầu được thực hiện vào ngày thứ Năm hàng tuần.

[...]

Theo đó, Thương nhân đầu mối kinh doanh xăng dầu và thương nhân phân phối xăng dầu được quyền quyết định giá bán buôn. Căn cứ vào tình hình thực tế tại doanh nghiệp, thương nhân đầu mối kinh doanh xăng dầu và thương nhân phân phối xăng dầu quyết định giá bán lẻ xăng dầu (riêng dầu madút là giá bán buôn) trong hệ thống phân phối của mình phù hợp với chi phí phát sinh thực tế tại doanh nghiệp và  không cao hơn giá điều hành do cơ quan nhà nước có thẩm quyền công bố.

Đối với các địa bàn xa cảng, xa kho đầu mối, xa cơ sở sản xuất xăng dầu, nếu có chi phí thực tế phát sinh hợp lý, hợp lệ (đã được kiểm toán) tăng cao dẫn đến giá bán cao hơn giá điều hành, thương nhân đầu mối kinh doanh xăng dầu được quyết định giá bán thực tế tại địa bàn đó (đã được thông báo với Bộ Công Thương) để bù đắp chi phí phát sinh nhưng không vượt quá 2% giá điều hành công bố cùng thời điểm.

Các thương nhân đầu mối kinh doanh xăng dầu, thương nhân phân phối xăng dầu có trách nhiệm thông báo giá bán với Bộ Công Thương, Bộ Tài chính ngay sau khi quyết định giá bán xăng dầu của doanh nghiệp.

Trường hợp thời gian điều hành giá trùng vào dịp nghỉ Tết Nguyên Đán thì được thực hiện như sau: Nếu ngày thứ Năm trùng vào ngày cuối cùng của năm Âm lịch (29 hoặc 30 Tết Nguyên Đán), việc điều hành giá xăng dầu được thực hiện vào ngày thứ Tư liền kề trước đó. Nếu thứ Năm là ngày mùng 1, mùng 2 hoặc mùng 3 Tết, thời gian điều hành giá xăng dầu được thực hiện vào ngày mùng 4 Tết.

Trường hợp giá các mặt hàng xăng dầu có biến động bất thường, ảnh hưởng đến phát triển kinh tế - xã hội và đời sống nhân dân, Bộ Công Thương có trách nhiệm báo cáo Thủ tướng Chính phủ xem xét, quyết định thời gian điều hành giá xăng dầu cho phù hợp.

Trên đây là Thông tin về Giá xăng dầu Petrolimex từ 0h đến 24h ngày 13 4 2026 bao nhiêu tiền 1 lít?","","","","","2026-04-13","https://thuvienphapluat.vn/hoi-dap-phap-luat/gia-xang-dau-petrolimex-tu-0h-den-24h-ngay-1342026-bao-nhieu-tien-1-lit-138086783.html","2026-04-13T07:04:41.934834+00:00"
"138086774","Cập nhật giá xăng 23h ngày 12/4 Petrolimex, PVOIL bao nhiêu tiền một lít?","NÓNG:

>>>  CHÍNH THỨC giá xăng hôm nay 13/4/2026 bao nhiêu tiền 1 lít?

>>>  CHÍNH THỨC giá bán lẻ xăng dầu 13/4/2026 hôm nay và giá xăng ngày mai 14/4/2026 dự kiến giá

MỚI:

>>>  CHÍNH THỨC giá xăng RON95 Petrolimex ngày 13/4/2026 giảm bao nhiêu tiền 1 lít xăng?

>>>  Giá xăng dầu Petrolimex từ 0h đến 24h ngày 13/4/2026 bao nhiêu tiền 1 lít?

***

MỚI NHẤT:

>>>  Bảng giá xăng dầu hôm nay 13/4 Petrolimex, PVOIL, Petrovienam cập nhật mới nhất

>>>  Bảng giá xăng ngày 13/4/2026 PETROLIMEX điều chỉnh bao nhiêu tiền 1 lít?

XEM THÊM:

>>>  Giá xăng sáng nay ngày 13/4/2026 từ 7h bao nhiêu tiền một lít?

>>>  TOÀN BỘ giá xăng dầu ngày 13 tháng 4 năm 2026 hôm nay bao nhiêu?

>>>  TỔNG HỢP 3 bảng giá xăng dầu ngày 13/4/2026 hôm nay được công bố trong kỳ mới nhất

***

QUAN TRỌNG:

>>>  CHÍNH THỨC giá xăng 92, 95 Petrolimex, PVOIL ngày 13/4/2026 bao nhiêu tiền?

>>>  CHÍNH THỨC giá gas hôm nay 13/4/2026 bao nhiêu tiền 1 bình?

HOT:

>>>  CẬP NHẬT mới nhất giá xăng dầu ngày 13/4/2026 Petrolimex bao nhiêu tiền một lít?

>>>  Giá xăng dầu Petrolimex hôm nay 13/4/2026 34 tỉnh thành đã điều chỉnh giá xăng dầu bao nhiêu 1 lít?

>>>  MỚI NHẤT bảng giá xăng dầu hôm nay 13/4/2026 tại các cửa hàng theo kỳ điều hành của Bộ Công Thương

Căn cứ tại  Công văn 2455/BCT-TTTN năm 2026  về điều hành kinh doanh xăng dầu, mức trích lập và chi sử dụng Quỹ bình ổn giá xăng dầu (BOG)  từ 15 giờ 30 phút ngày 9/4/2026  như sau:

Trước những diễn biến giá thành phẩm xăng dầu thế giới trong thời gian gần đây và thực hiện điều hành giá xăng dầu theo cơ chế thị trường có sự quản lý của Nhà nước, Bộ Công Thương và Bộ Tài chính quyết định:

1. Quỹ Bình ổn giá xăng dầu

1.1. Trích lập Quỹ Bình ổn giá xăng dầu (nguồn tạm ứng từ ngân sách nhà nước)

- Xăng sinh học: 800 đồng/lít;

- Xăng không chì: 800 đồng/lít;

- Dầu điêzen: 1.000 đồng/lít;

- Dầu madút: 800 đồng/kg.

1.2. Chi sử dụng Quỹ Bình ổn giá xăng dầu

- Xăng sinh học: 0 đồng/lít;

- Xăng không chì: 0 đồng/lít;

- Dầu điêzen: 0 đồng/lít;

- Dầu madút: 0 đồng/kg.

2. Giá bán xăng dầu

Sau khi thực hiện việc trích lập và chi sử dụng Quỹ Bình ổn giá xăng dầu đối với các mặt hàng xăng dầu như tại Mục 1 nêu trên, giá bán các mặt hàng xăng dầu tiêu dùng phổ biến trên thị trường không cao hơn mức giá:

- Xăng E5RON92: không cao hơn  22.344  đồng/lít;

- Xăng RON95-III: không cao hơn  23.543  đồng/lít;

- Dầu điêzen 0.05S: không cao hơn  32.969  đồng/lít;

- Dầu madút 180CST 3.5S: không cao hơn  22.613  đồng/kg.

3. Thời gian thực hiện

- Trích lập và chi sử dụng Quỹ Bình ổn giá xăng dầu đối với các mặt hàng xăng dầu tại Mục 1 nêu trên: Áp dụng từ 15 giờ 30' ngày 09 tháng 4 năm 2026.

- Điều chỉnh giá bán các mặt hàng xăng dầu: Do thương nhân đầu mối kinh doanh xăng dầu, thương nhân phân phối xăng dầu quy định nhưng không muộn hơn 15 giờ 30' ngày 09 tháng 4 năm 2026.

[...]

Theo đó thì  Petrolimex  và  PVOIL  cũng đã điều chỉnh  giá xăng dầu từ 15h30 ngày 9/4/2026  áp dụng tại toàn bộ hệ thống phân phối.

Tuy nhiên tính đến  23h ngày 12 4 2026  thì giá xăng vẫn áp dụng theo kỳ điều chỉnh tại  Công văn 2455/BCT-TTTN năm 2026  điều chỉnh từ 15h30 ngày 9/4/2026.

Dưới đây là  giá xăng 23h ngày 12 4 Petrolimex  như sau:

Mặt hàng

Vùng 1

Vùng 2

Xăng không chì RON 95-V

24.380

24.860

Xăng không chì RON 95-III

23.540

24.010

Xăng sinh học E10 RON 95-III

23.540

24.010

Xăng sinh học E5 RON 92-II

22.340

22.780

Điêzen 0,001S-V

33.730

34.400

Điêzen 0,05S-II

32.960

33.610

Dầu hỏa 2 - K

37.700

38.450

Mazút N°2B (3,5S)

22.610

23.060

Mazút 180cst - 0,5S (RMG)

26.110

26.630

Ghi chú:

+ Mức giá trên là giá bán lẻ.

+ Riêng mặt hàng Mazút là giá bán buôn.

+ Các mặt hàng Xăng và DO không chịu thuế GTGT.

Dưới đây là  giá xăng 23h ngày 12 4 2026 PVOIL như sau:

TT

Mặt hàng

Giá

1

Xăng RON 95-III

23.540 đ

2

Xăng E10 RON 95-III

23.540 đ

3

Xăng E5 RON 92-II

22.340 đ

*Trên đây là Cập nhật giá xăng 23h ngày 12 4 Petrolimex, PVOIL bao nhiêu tiền một lít?

Cập nhật giá xăng 23h ngày 12 4 Petrolimex, PVOIL bao nhiêu tiền một lít? (Hình từ Internet)

Căn cứ tại Điều 9  Luật Dầu khí 2022  quy định về các hành vi bị nghiêm cấm trong điều tra cơ bản về dầu khí và hoạt động dầu khí gồm:

[1] Thực hiện điều tra cơ bản về dầu khí và hoạt động dầu khí khi chưa được cơ quan quản lý nhà nước có thẩm quyền cho phép.

[2] Lợi dụng điều tra cơ bản về dầu khí và hoạt động dầu khí làm ảnh hưởng đến quốc phòng, an ninh, lợi ích quốc gia, quyền và lợi ích hợp pháp của tổ chức, cá nhân; gây ô nhiễm môi trường.

[3] Lợi dụng điều tra cơ bản về dầu khí và hoạt động dầu khí để khai thác tài nguyên, khoáng sản khác.

[4] Cản trở các hoạt động hợp pháp trong điều tra cơ bản về dầu khí và hoạt động dầu khí.

[5] Cố ý phá hoại tài sản, thiết bị, công trình dầu khí; hủy hoại mẫu vật, thông tin, dữ liệu thu được trong quá trình điều tra cơ bản về dầu khí và hoạt động dầu khí.

[6] Cung cấp trái pháp luật mẫu vật, thông tin, dữ liệu thu được từ điều tra cơ bản về dầu khí và hoạt động dầu khí.

[7] Tham nhũng, thất thoát, lãng phí trong thực hiện điều tra cơ bản về dầu khí và hoạt động dầu khí.

Căn cứ tại khoản 2 Điều 8  Luật Dầu khí 2022  quy định vùng an toàn xung quanh công trình dầu khí trên biển bao gồm:

- Vùng cấm xâm nhập đối với các công trình dầu khí trên biển, ngoại trừ các công trình ngầm, là vùng được xác định bằng bán kính 500 mét tính từ rìa ngoài cùng của các công trình về mọi phía bao gồm cả vị trí thả neo đối với các phương tiện nổi, công trình di động, trừ trường hợp đặc biệt do Thủ tướng Chính phủ quyết định;

- Vùng cấm thả neo hoặc tiến hành các hoạt động ngầm dưới đáy biển là vùng được xác định trong phạm vi 02 hải lý tính từ rìa ngoài cùng của công trình dầu khí bao gồm cả các công trình ngầm dưới đáy biển; các phương tiện, tàu thuyền không được thả neo hoặc tiến hành các hoạt động ngầm dưới đáy biển, trừ trường hợp đặc biệt do nhà thầu chấp thuận hoặc Thủ tướng Chính phủ quyết định.

*Trên đây là thông tin bài viết Cập nhật giá xăng 23h ngày 12/4 Petrolimex, PVOIL bao nhiêu tiền một lít?","","","","","2026-04-12","https://thuvienphapluat.vn/hoi-dap-phap-luat/cap-nhat-gia-xang-23h-ngay-124-petrolimex-pvoil-bao-nhieu-tien-mot-lit-138086774.html","2026-04-13T07:04:48.384527+00:00"
"138086862","Cập nhật giá xăng tối nay ngày 12/4 từ 19h Petrolimex bao nhiêu tiền một lít?","NÓNG:

>>>  CHÍNH THỨC giá xăng hôm nay 13/4/2026 bao nhiêu tiền 1 lít?

>>>  CHÍNH THỨC giá bán lẻ xăng dầu 13/4/2026 hôm nay và giá xăng ngày mai 14/4/2026 dự kiến giá

MỚI:

>>>  CHÍNH THỨC giá xăng RON95 Petrolimex ngày 13/4/2026 giảm bao nhiêu tiền 1 lít xăng?

>>>  Giá xăng dầu Petrolimex từ 0h đến 24h ngày 13/4/2026 bao nhiêu tiền 1 lít?

***

MỚI NHẤT:

>>>  Bảng giá xăng dầu hôm nay 13/4 Petrolimex, PVOIL, Petrovienam cập nhật mới nhất

>>>  Bảng giá xăng ngày 13/4/2026 PETROLIMEX điều chỉnh bao nhiêu tiền 1 lít?

XEM THÊM:

>>>  Giá xăng sáng nay ngày 13/4/2026 từ 7h bao nhiêu tiền một lít?

>>>  TOÀN BỘ giá xăng dầu ngày 13 tháng 4 năm 2026 hôm nay bao nhiêu?

>>>  TỔNG HỢP 3 bảng giá xăng dầu ngày 13/4/2026 hôm nay được công bố trong kỳ mới nhất

***

QUAN TRỌNG:

>>>  CHÍNH THỨC giá xăng 92, 95 Petrolimex, PVOIL ngày 13/4/2026 bao nhiêu tiền?

>>>  CHÍNH THỨC giá gas hôm nay 13/4/2026 bao nhiêu tiền 1 bình?

HOT:

>>>  CẬP NHẬT mới nhất giá xăng dầu ngày 13/4/2026 Petrolimex bao nhiêu tiền một lít?

>>>  Giá xăng dầu Petrolimex hôm nay 13/4/2026 34 tỉnh thành đã điều chỉnh giá xăng dầu bao nhiêu 1 lít?

>>>  MỚI NHẤT bảng giá xăng dầu hôm nay 13/4/2026 tại các cửa hàng theo kỳ điều hành của Bộ Công Thương

Căn cứ tại  Công văn 2455/BCT-TTTN năm 2026  về điều hành kinh doanh xăng dầu, mức trích lập và chi sử dụng Quỹ bình ổn giá xăng dầu (BOG)  từ 15 giờ 30 phút ngày 9/4/2026  như sau:

Trước những diễn biến giá thành phẩm xăng dầu thế giới trong thời gian gần đây và thực hiện điều hành giá xăng dầu theo cơ chế thị trường có sự quản lý của Nhà nước, Bộ Công Thương và Bộ Tài chính quyết định:

1. Quỹ Bình ổn giá xăng dầu

1.1. Trích lập Quỹ Bình ổn giá xăng dầu (nguồn tạm ứng từ ngân sách nhà nước)

- Xăng sinh học: 800 đồng/lít;

- Xăng không chì: 800 đồng/lít;

- Dầu điêzen: 1.000 đồng/lít;

- Dầu madút: 800 đồng/kg.

1.2. Chi sử dụng Quỹ Bình ổn giá xăng dầu

- Xăng sinh học: 0 đồng/lít;

- Xăng không chì: 0 đồng/lít;

- Dầu điêzen: 0 đồng/lít;

- Dầu madút: 0 đồng/kg.

2. Giá bán xăng dầu

Sau khi thực hiện việc trích lập và chi sử dụng Quỹ Bình ổn giá xăng dầu đối với các mặt hàng xăng dầu như tại Mục 1 nêu trên, giá bán các mặt hàng xăng dầu tiêu dùng phổ biến trên thị trường không cao hơn mức giá:

- Xăng E5RON92: không cao hơn  22.344  đồng/lít;

- Xăng RON95-III: không cao hơn  23.543  đồng/lít;

- Dầu điêzen 0.05S: không cao hơn  32.969  đồng/lít;

- Dầu madút 180CST 3.5S: không cao hơn  22.613  đồng/kg.

3. Thời gian thực hiện

- Trích lập và chi sử dụng Quỹ Bình ổn giá xăng dầu đối với các mặt hàng xăng dầu tại Mục 1 nêu trên: Áp dụng từ 15 giờ 30' ngày 09 tháng 4 năm 2026.

- Điều chỉnh giá bán các mặt hàng xăng dầu: Do thương nhân đầu mối kinh doanh xăng dầu, thương nhân phân phối xăng dầu quy định nhưng không muộn hơn 15 giờ 30' ngày 09 tháng 4 năm 2026.

[...]

Tính đến   19h00 ngày 12/4/2026  thì giá xăng dầu vẫn điều chỉnh theo  Công văn 2455/BCT-TTTN năm 2026 .

Dưới đây là cập nhật  giá xăng tối nay ngày 12/4 từ 19h Petrolimex :

Mặt hàng

Vùng 1 (đồng)

Vùng 2 (đồng)

Xăng không chì RON 95-V

24.380

24.860

Xăng không chì RON 95-III

23.540

24.010

Xăng sinh học E10 RON 95-III

23.540

24.010

Xăng sinh học E5 RON 92-II

22.340

22.780

Ghi chú:

+ Mức giá trên là giá bán lẻ.

+ Riêng mặt hàng Mazút là giá bán buôn.

+ Các mặt hàng Xăng và DO không chịu thuế GTGT.

*Trên đây là Cập nhật giá xăng tối nay ngày 12 4 từ 19h Petrolimex bao nhiêu tiền một lít?

Cập nhật giá xăng tối nay ngày 12 4 từ 19h Petrolimex bao nhiêu tiền một lít? (Hình từ Internet)

Căn cứ tại khoản 2 Điều 3  Nghị định 83/2014/NĐ-CP  được sửa đổi bởi khoản 2 Điều 1  Nghị định 95/2021/NĐ-CP  giải thích từ ngữ  kinh doanh xăng dầu  bao gồm các hoạt động: Xuất khẩu (xăng dầu, nguyên liệu sản xuất trong nước và xăng dầu, nguyên liệu có nguồn gốc nhập khẩu), nhập khẩu, tạm nhập tái xuất, chuyển khẩu, gia công xuất khẩu xăng dầu, nguyên liệu; sản xuất và pha chế xăng dầu; phân phối xăng dầu tại thị trường trong nước; dịch vụ cho thuê kho, cảng, tiếp nhận, bảo quản và vận chuyển xăng dầu.

Căn cứ tại khoản 1 Điều 6  Luật Dầu khí 2022  quy định về nguyên tắc thực hiện điều tra cơ bản về dầu khí và hoạt động dầu khí như sau:

Điều 6. Nguyên tắc thực hiện điều tra cơ bản về dầu khí và hoạt động dầu khí

1. Tài nguyên dầu khí của Việt Nam thuộc sở hữu toàn dân, do Nhà nước đại diện chủ sở hữu và thống nhất quản lý.

2. Tổ chức, cá nhân tiến hành điều tra cơ bản về dầu khí và hoạt động dầu khí trên cơ sở tôn trọng độc lập, chủ quyền, toàn vẹn lãnh thổ, quyền chủ quyền, quyền tài phán, bảo đảm lợi ích và an ninh quốc gia của Việt Nam, tuân thủ pháp luật Việt Nam và điều ước quốc tế mà nước Cộng hòa xã hội chủ nghĩa Việt Nam là thành viên.

3. Tổ chức, cá nhân tiến hành điều tra cơ bản về dầu khí và hoạt động dầu khí phải tuân thủ quy định của pháp luật Việt Nam về quốc phòng, an ninh quốc gia, trật tự, an toàn xã hội, sức khỏe của cộng đồng, bảo vệ môi trường, ứng phó với biến đổi khí hậu, ứng phó sự cố tràn dầu, bảo vệ tài nguyên, di sản văn hóa và bảo tồn di tích lịch sử - văn hóa, danh lam thắng cảnh.

4. Tổ chức, cá nhân tiến hành điều tra cơ bản về dầu khí và hoạt động dầu khí phải sử dụng kỹ thuật, công nghệ hiện đại, tuân thủ quy chuẩn kỹ thuật quốc gia, áp dụng các tiêu chuẩn phù hợp với quy định của pháp luật Việt Nam và thông lệ công nghiệp dầu khí quốc tế.

[...]

Theo đó Tài nguyên dầu khí của Việt Nam thuộc  sở hữu toàn dân , do Nhà nước đại diện chủ sở hữu và thống nhất quản lý.

*Trên đây là thông tin bài viết Cập nhật giá xăng tối nay ngày 12 4 từ 19h Petrolimex bao nhiêu tiền một lít?","","","","","2026-04-12","https://thuvienphapluat.vn/hoi-dap-phap-luat/cap-nhat-gia-xang-toi-nay-ngay-124-tu-19h-petrolimex-bao-nhieu-tien-mot-lit-138086862.html","2026-04-13T07:04:53.937971+00:00"
"138086867","Giá xăng hôm nay 12/4 từ 17h Petrolimex, PVOIL, Bộ Công thương bao nhiêu tiền 1 lít?","NÓNG:

>>>  CHÍNH THỨC giá xăng hôm nay 13/4/2026 bao nhiêu tiền 1 lít?

>>>  CHÍNH THỨC giá bán lẻ xăng dầu 13/4/2026 hôm nay và giá xăng ngày mai 14/4/2026 dự kiến giá

MỚI:

>>>  CHÍNH THỨC giá xăng RON95 Petrolimex ngày 13/4/2026 giảm bao nhiêu tiền 1 lít xăng?

>>>  Giá xăng dầu Petrolimex từ 0h đến 24h ngày 13/4/2026 bao nhiêu tiền 1 lít?

***

MỚI NHẤT:

>>>  Bảng giá xăng dầu hôm nay 13/4 Petrolimex, PVOIL, Petrovienam cập nhật mới nhất

>>>  Bảng giá xăng ngày 13/4/2026 PETROLIMEX điều chỉnh bao nhiêu tiền 1 lít?

XEM THÊM:

>>>  Giá xăng sáng nay ngày 13/4/2026 từ 7h bao nhiêu tiền một lít?

>>>  TOÀN BỘ giá xăng dầu ngày 13 tháng 4 năm 2026 hôm nay bao nhiêu?

>>>  TỔNG HỢP 3 bảng giá xăng dầu ngày 13/4/2026 hôm nay được công bố trong kỳ mới nhất

***

QUAN TRỌNG:

>>>  CHÍNH THỨC giá xăng 92, 95 Petrolimex, PVOIL ngày 13/4/2026 bao nhiêu tiền?

>>>  CHÍNH THỨC giá gas hôm nay 13/4/2026 bao nhiêu tiền 1 bình?

HOT:

>>>  CẬP NHẬT mới nhất giá xăng dầu ngày 13/4/2026 Petrolimex bao nhiêu tiền một lít?

>>>  Giá xăng dầu Petrolimex hôm nay 13/4/2026 34 tỉnh thành đã điều chỉnh giá xăng dầu bao nhiêu 1 lít?

>>>  MỚI NHẤT bảng giá xăng dầu hôm nay 13/4/2026 tại các cửa hàng theo kỳ điều hành của Bộ Công Thương

Căn cứ tại  Công văn 2455/BCT-TTTN năm 2026  về điều hành kinh doanh xăng dầu, mức trích lập và chi sử dụng Quỹ bình ổn giá xăng dầu (BOG)  từ 15 giờ 30 phút ngày 9/4/2026  như sau:

Trước những diễn biến giá thành phẩm xăng dầu thế giới trong thời gian gần đây và thực hiện điều hành giá xăng dầu theo cơ chế thị trường có sự quản lý của Nhà nước, Bộ Công Thương và Bộ Tài chính quyết định:

1. Quỹ Bình ổn giá xăng dầu

1.1. Trích lập Quỹ Bình ổn giá xăng dầu (nguồn tạm ứng từ ngân sách nhà nước)

- Xăng sinh học: 800 đồng/lít;

- Xăng không chì: 800 đồng/lít;

- Dầu điêzen: 1.000 đồng/lít;

- Dầu madút: 800 đồng/kg.

1.2. Chi sử dụng Quỹ Bình ổn giá xăng dầu

- Xăng sinh học: 0 đồng/lít;

- Xăng không chì: 0 đồng/lít;

- Dầu điêzen: 0 đồng/lít;

- Dầu madút: 0 đồng/kg.

2. Giá bán xăng dầu

Sau khi thực hiện việc trích lập và chi sử dụng Quỹ Bình ổn giá xăng dầu đối với các mặt hàng xăng dầu như tại Mục 1 nêu trên, giá bán các mặt hàng xăng dầu tiêu dùng phổ biến trên thị trường không cao hơn mức giá:

- Xăng E5RON92: không cao hơn  22.344  đồng/lít;

- Xăng RON95-III: không cao hơn  23.543  đồng/lít;

- Dầu điêzen 0.05S: không cao hơn  32.969  đồng/lít;

- Dầu madút 180CST 3.5S: không cao hơn  22.613  đồng/kg.

3. Thời gian thực hiện

- Trích lập và chi sử dụng Quỹ Bình ổn giá xăng dầu đối với các mặt hàng xăng dầu tại Mục 1 nêu trên: Áp dụng từ 15 giờ 30' ngày 09 tháng 4 năm 2026.

- Điều chỉnh giá bán các mặt hàng xăng dầu: Do thương nhân đầu mối kinh doanh xăng dầu, thương nhân phân phối xăng dầu quy định nhưng không muộn hơn 15 giờ 30' ngày 09 tháng 4 năm 2026.

[...]

Tính đến   17h00 ngày 12/4/2026  thì giá xăng dầu vẫn điều chỉnh theo  Công văn 2455/BCT-TTTN năm 2026 .

Dưới đây là Giá xăng hôm nay  12/4 từ 17h   Petrolimex, PVOIL, Bộ Công thương :

Giá cơ sở do Bộ Công thương công bố:

- Xăng  E5RON92 : không cao hơn  22.344 đồng/lít

- Xăng  RON95-III : không cao hơn  23.543 đồng/lít

Petrolimex công bố:

Mặt hàng

Vùng 1 (đồng)

Vùng 2 (đồng)

Xăng không chì RON 95-V

24.380

24.860

Xăng không chì RON 95-III

23.540

24.010

Xăng sinh học E10 RON 95-III

23.540

24.010

Xăng sinh học E5 RON 92-II

22.340

22.780

PVOIL công bố:

TT

Mặt hàng

Giá điều chỉnh lúc 15:30 ngày 09/04/2026(Đồng/lít thực tế)

1

Xăng RON 95-III

23.540 đ

2

Xăng E10 RON 95-III

23.070 đ

3

Xăng E5 RON 92-II

22.340 đ

4

Dầu DO 0,05S-II

32.960 đ

5

Dầu DO 0,001S-V

33.960 đ

*Trên đây là thông tin Giá xăng hôm nay 12 4 từ 17h Petrolimex, PVOIL, Bộ Công thương bao nhiêu tiền 1 lít?

Giá xăng hôm nay 12 4 từ 17h Petrolimex, PVOIL, Bộ Công thương bao nhiêu tiền 1 lít? (Hình từ Internet)

Căn cứ tại Điều 27  Nghị định 83/2014/NĐ-CP  được sửa đổi bởi khoản 2 Điều 1  Nghị định 08/2018/NĐ-CP  quy định về điều kiện kinh doanh dịch vụ cho thuê cảng, kho tiếp nhận xăng dầu như sau:

[1] Doanh nghiệp được thành lập theo quy định của pháp luật, trong Giấy chứng nhận đăng ký doanh nghiệp có đăng ký kinh doanh xăng dầu.

[2] Có cầu cảng chuyên dụng nằm trong hệ thống cảng biển, cảng thủy nội địa, có kho chứa thuộc sở hữu doanh nghiệp hoặc đồng sở hữu, được xây dựng theo các tiêu chuẩn quy định.

[3] Cán bộ quản lý, nhân viên trực tiếp kinh doanh phải được đào tạo, huấn luyện và có chứng chỉ đào tạo, huấn luyện nghiệp vụ về phòng cháy, chữa cháy và bảo vệ môi trường theo quy định của pháp luật hiện hành.

Căn cứ tại Điều 38  Nghị định 83/2014/NĐ-CP  được sửa đỏi bởi khoản 27 Điều 1  Nghị định 95/2021/NĐ-CP  và khoản 11 Điều 1  Nghị định 80/2023/NĐ-CP  quy định về nguyên tắc điều hành giá xăng dầu như sau:

[1] Giá bán xăng dầu được thực hiện theo cơ chế thị trường, có sự điều tiết của Nhà nước, phù hợp với diễn biến giá xăng dầu thế giới và tình hình kinh tế xã hội trong từng thời kỳ.

[2] Thương nhân đầu mối kinh doanh xăng dầu và thương nhân phân phối xăng dầu được quyền quyết định giá bán buôn. Căn cứ vào tình hình thực tế tại doanh nghiệp, thương nhân đầu mối kinh doanh xăng dầu và thương nhân phân phối xăng dầu quyết định giá bán lẻ xăng dầu (riêng dầu madút là giá bán buôn) trong hệ thống phân phối của mình phù hợp với chi phí phát sinh thực tế tại doanh nghiệp và không cao hơn giá điều hành do cơ quan nhà nước có thẩm quyền công bố.

Đối với các địa bàn xa cảng, xa kho đầu mối, xa cơ sở sản xuất xăng dầu, nếu có chi phí thực tế phát sinh hợp lý, hợp lệ (đã được kiểm toán) tăng cao dẫn đến giá bán cao hơn giá điều hành, thương nhân đầu mối kinh doanh xăng dầu được quyết định giá bán thực tế tại địa bàn đó (đã được thông báo với Bộ Công Thương) để bù đắp chi phí phát sinh nhưng không vượt quá 2% giá điều hành công bố cùng thời điểm.

Các thương nhân đầu mối kinh doanh xăng dầu, thương nhân phân phối xăng dầu có trách nhiệm thông báo giá bán với Bộ Công Thương, Bộ Tài chính ngay sau khi quyết định giá bán xăng dầu của doanh nghiệp.

[3] Thời gian điều hành giá xăng dầu

Thời gian điều hành giá xăng dầu được thực hiện vào ngày thứ Năm hàng tuần.

Trường hợp thời gian điều hành giá trùng vào dịp nghỉ Tết Nguyên Đán thì được thực hiện như sau: Nếu ngày thứ Năm trùng vào ngày cuối cùng của năm Âm lịch (29 hoặc 30 Tết Nguyên Đán), việc điều hành giá xăng dầu được thực hiện vào ngày thứ Tư liền kề trước đó. Nếu thứ Năm là ngày mùng 1, mùng 2 hoặc mùng 3 Tết, thời gian điều hành giá xăng dầu được thực hiện vào ngày mùng 4 Tết.

Trường hợp thời gian điều hành giá trùng với ngày nghỉ lễ theo quy định thì được thực hiện như sau: Nếu ngày thứ Năm trùng với ngày đầu tiên dịp nghỉ lễ, thời gian điều hành giá xăng dầu được thực hiện vào ngày thứ Tư liền kề trước đó. Nếu ngày thứ Năm trùng vào các ngày nghỉ lễ còn lại, thời gian điều hành giá xăng dầu được thực hiện vào ngày làm việc đầu tiên sau kỳ nghỉ lễ.

Trường hợp giá các mặt hàng xăng dầu có biến động bất thường, ảnh hưởng đến phát triển kinh tế - xã hội và đời sống nhân dân, Bộ Công Thương có trách nhiệm báo cáo Thủ tướng Chính phủ xem xét, quyết định thời gian điều hành giá xăng dầu cho phù hợp.

[4] Trường hợp các yếu tố cấu thành biến động làm cho giá cơ sở tăng trên mười phần trăm (> 10%) số với giá cơ sở liền kề trước đó hoặc trường hợp giá các mặt hàng xăng dầu có biến động ảnh hưởng lớn đến phát triển kinh tế - xã hội và đời sống nhân dân, Bộ Công Thương có trách nhiệm báo cáo Thủ tướng Chính phủ xem xét, quyết định về biện pháp điều hành cụ thể.

[5] Các mặt hàng xăng dầu nhà nước công bố giá cơ sở là những mặt hàng xăng dầu được tiêu dùng phổ biến trên thị trường.

*Trên đây là thông tin bài viết Giá xăng hôm nay 12 4 từ 17h Petrolimex, PVOIL, Bộ Công thương bao nhiêu tiền 1 lít?","","","","","2026-04-12","https://thuvienphapluat.vn/hoi-dap-phap-luat/gia-xang-hom-nay-124-tu-17h-petrolimex-pvoil-bo-cong-thuong-bao-nhieu-tien-1-lit-138086867.html","2026-04-13T07:05:00.107371+00:00"
"138086866","Cập nhật giá xăng E10 RON 95 III 12/4/2026 hôm nay đã điều chỉnh theo giá mới nhất là bao nhiêu?","NÓNG:

>>>  CHÍNH THỨC giá xăng hôm nay 13/4/2026 bao nhiêu tiền 1 lít?

>>>  CHÍNH THỨC giá bán lẻ xăng dầu 13/4/2026 hôm nay và giá xăng ngày mai 14/4/2026 dự kiến giá

MỚI:

>>>  CHÍNH THỨC giá xăng RON95 Petrolimex ngày 13/4/2026 giảm bao nhiêu tiền 1 lít xăng?

>>>  Giá xăng dầu Petrolimex từ 0h đến 24h ngày 13/4/2026 bao nhiêu tiền 1 lít?

***

MỚI NHẤT:

>>>  Bảng giá xăng dầu hôm nay 13/4 Petrolimex, PVOIL, Petrovienam cập nhật mới nhất

>>>  Bảng giá xăng ngày 13/4/2026 PETROLIMEX điều chỉnh bao nhiêu tiền 1 lít?

XEM THÊM:

>>>  Giá xăng sáng nay ngày 13/4/2026 từ 7h bao nhiêu tiền một lít?

>>>  TOÀN BỘ giá xăng dầu ngày 13 tháng 4 năm 2026 hôm nay bao nhiêu?

>>>  TỔNG HỢP 3 bảng giá xăng dầu ngày 13/4/2026 hôm nay được công bố trong kỳ mới nhất

***

QUAN TRỌNG:

>>>  CHÍNH THỨC giá xăng 92, 95 Petrolimex, PVOIL ngày 13/4/2026 bao nhiêu tiền?

>>>  CHÍNH THỨC giá gas hôm nay 13/4/2026 bao nhiêu tiền 1 bình?

HOT:

>>>  CẬP NHẬT mới nhất giá xăng dầu ngày 13/4/2026 Petrolimex bao nhiêu tiền một lít?

>>>  Giá xăng dầu Petrolimex hôm nay 13/4/2026 34 tỉnh thành đã điều chỉnh giá xăng dầu bao nhiêu 1 lít?

>>>  MỚI NHẤT bảng giá xăng dầu hôm nay 13/4/2026 tại các cửa hàng theo kỳ điều hành của Bộ Công Thương

Cập nhật mới nhất giá xăng ngày 12/4/2026 đang áp dụng mức giá được công bố tại  Công văn 2455/BCT-TTTN năm 2026 . Theo đó giá xăng hôm nay như sau:

- Xăng E5RON92: không cao hơn  22.344 đồng/lít;

- Xăng RON95-III: không cao hơn  23.543 đồng/lít;

Mức giá trên đã thực hiện trích lập và chi sử dụng Quỹ Bình ổn giá xăng dầu như sau:

- Mức trích lập Quỹ Bình ổn giá xăng dầu: Xăng sinh học: 800 đồng/lít; - Xăng không chì: 800 đồng/lít

- Mức chi sử dụng Quỹ Bình ổn giá xăng dầu: 0 đồng.

Căn cứ mức giá cơ sở được công bố nêu trên, các doanh nghiệp Petrolimex và PVOIL đã cập nhật và niêm yết giá bán lẻ xăng dầu mới nhất trên website chính thức. Cụ thể giá xăng ngày 12 4 2026 hôm nay như sau:

Bảng giá xăng ngày 12 4 2026 - Giá bán lẻ

Sản phẩm

Petrolimex Vùng 1

Petrolimex Vùng 2

Giá PVOIL

Xăng RON 95-V

24.380

24.860

–

Xăng RON 95-III

23.540

24.010

23.540

Xăng E10 RON 95 III

23.070

23.530

23.070

Xăng E5 RON 92-II

22.340

22.780

22.340

Theo đó cập nhật giá xăng E10 RON 95 III 12 4 2026 hôm nay như sau:

- Giá Petrolimex Vùng 1 và PVOIL: 23.070 đồng/lít

- Giá Petrolimex Vùng 2: 23.530 đồng/lít

* Trên đây là toàn bộ nội dung Cập nhật giá xăng E10 RON 95 III 12 4 2026 hôm nay đã điều chỉnh theo giá mới nhất

Cập nhật giá xăng E10 RON 95 III 12/4/2026 hôm nay đã điều chỉnh theo giá mới nhất là bao nhiêu? (Hình từ Internet)

Theo Điều 38  Nghị định 83/2014/NĐ-CP , sửa đổi tại khoản 27 Điều 1  Nghị định 95/2021/NĐ-CP  và khoản 11 Điều 1  Nghị định 80/2023/NĐ-CP  quy định như sau:

Điều 38. Giá bán xăng dầu

[...]

3. Thời gian điều hành giá xăng dầu

Thời gian điều hành giá xăng dầu được thực hiện vào ngày thứ Năm hàng tuần.

Trường hợp thời gian điều hành giá trùng vào dịp nghỉ Tết Nguyên Đán thì được thực hiện như sau: Nếu ngày thứ Năm trùng vào ngày cuối cùng của năm Âm lịch (29 hoặc 30 Tết Nguyên Đán), việc điều hành giá xăng dầu được thực hiện vào ngày thứ Tư liền kề trước đó. Nếu thứ Năm là ngày mùng 1, mùng 2 hoặc mùng 3 Tết, thời gian điều hành giá xăng dầu được thực hiện vào ngày mùng 4 Tết.

Trường hợp thời gian điều hành giá trùng với ngày nghỉ lễ theo quy định thì được thực hiện như sau: Nếu ngày thứ Năm trùng với ngày đầu tiên dịp nghỉ lễ, thời gian điều hành giá xăng dầu được thực hiện vào ngày thứ Tư liền kề trước đó. Nếu ngày thứ Năm trùng vào các ngày nghỉ lễ còn lại, thời gian điều hành giá xăng dầu được thực hiện vào ngày làm việc đầu tiên sau kỳ nghỉ lễ.

Trường hợp giá các mặt hàng xăng dầu có biến động bất thường, ảnh hưởng đến phát triển kinh tế - xã hội và đời sống nhân dân, Bộ Công Thương có trách nhiệm báo cáo Thủ tướng Chính phủ xem xét, quyết định thời gian điều hành giá xăng dầu cho phù hợp.

Theo đó Thời gian điều chỉnh giá xăng định kỳ là vào ngày Thứ Năm hàng tuần.

Trường hợp trùng với dịp lễ, Tết hoặc có biến động bất thường của thị trường, thời gian điều hành sẽ được điều chỉnh linh hoạt sang ngày liền kề phù hợp hoặc theo quyết định của cơ quan có thẩm quyền.

Bên cạnh đó quy định nêu trên cũng cho phép điều chỉnh giá xăng bất thường khi giá các mặt hàng xăng dầu có biến động bất thường, ảnh hưởng đến phát triển kinh tế - xã hội và đời sống nhân dân.

Ngày 19/3/2026, Chính phủ ban hành  Nghị quyết 55/NQ-CP năm 2026  sửa đổi, bổ sung một số nội dung tại  Nghị quyết số 36/NQ-CP  có nêu như sau:

Điều 1. Sửa đổi, bổ sung một số nội dung tại Mục 6 Phần IV Nghị quyết số 36/NQ-CP ngày 06 tháng 3 năm 2026 của Chính phủ như sau:

“Đồng ý Bộ Công Thương chủ trì, phối hợp với Bộ Tài chính áp dụng ngay sau khi Nghị quyết này được ban hành các nội dung sau:

- Điều chỉnh giá xăng dầu khi giá cơ sở của một trong các mặt hàng xăng dầu được tiêu dùng phổ biến trên thị trường trong ngày tăng từ 15% trở lên so với giá cơ sở công bố tại kỳ điều hành trước liền kề. Việc điều hành giá xăng dầu và công bố giá cơ sở xăng dầu do Bộ Công Thương chủ trì, phối hợp với Bộ Tài chính thực hiện ngay sau ngày giá cơ sở tăng từ 15% trở lên. Nguyên tắc tính giá xăng dầu thế giới do Bộ Công Thương xác định theo nguyên tắc tính bình quân theo số ngày có giá giữa hai kỳ công bố giá cơ sở của giá các sản phẩm xăng dầu được giao dịch trên thị trường quốc tế.

Trường hợp giá cơ sở của tất cả các mặt hàng xăng dầu được tiêu dùng phổ biến trên thị trường tăng dưới 15% so với giá cơ sở công bố tại kỳ điều hành trước liền kề thì việc điều hành giá xăng dầu tiếp tục thực hiện theo quy định tại khoản 11 Điều 1 Nghị định số 80/2023/NĐ-CP (ngày thứ Năm hằng tuần).

- Điều chỉnh giá xăng dầu khi giá cơ sở của một trong các mặt hàng xăng dầu được tiêu dùng phổ biến trên thị trường trong ngày giảm từ 10% trở lên so với giá cơ sở công bố tại kỳ điều hành trước liền kề. Việc điều hành giá xăng dầu và công bố giá cơ sở xăng dầu do Bộ Công Thương chủ trì, phối hợp với Bộ Tài chính thực hiện ngay sau ngày giá cơ sở giảm từ 10% trở lên. Nguyên tắc tính giá xăng dầu thế giới do Bộ Công Thương xác định theo nguyên tắc tính bình quân theo số ngày có giá giữa hai kỳ công bố giá cơ sở của giá các sản phẩm xăng dầu được giao dịch trên thị trường quốc tế.

Trường hợp giá cơ sở của tất cả các mặt hàng xăng dầu được tiêu dùng phổ biến trên thị trường giảm dưới 10% so với giá cơ sở công bố tại kỳ điều hành trước liền kề thì việc điều hành giá xăng dầu tiếp tục thực hiện theo quy định tại khoản 11 Điều 1 Nghị định số 80/2023/NĐ-CP (ngày thứ Năm hằng tuần).

Trên cơ sở số liệu về các yếu tố cấu thành giá cơ sở xăng dầu theo quy định và ý kiến tham gia điều hành giá xăng dầu của Bộ Tài chính gửi bằng văn bản trước 12 giờ của ngày điều hành, Bộ Công Thương công bố giá cơ sở và giá bán xăng dầu.”

Theo quy định nêu trên việc điều chỉnh giá xăng dầu bất thường sẽ được thực hiện ngay khi giá cơ sở biến động mạnh, cụ thể là tăng từ 15% trở lên hoặc giảm từ 10% trở lên so với kỳ điều hành liền kề trước đó.","","","","","2026-04-12","https://thuvienphapluat.vn/hoi-dap-phap-luat/cap-nhat-gia-xang-e10-ron-95-iii-1242026-hom-nay-da-dieu-chinh-theo-gia-moi-nhat-la-bao-nhieu-138086866.html","2026-04-13T07:05:06.931389+00:00"
"138086869","CẬP NHẬT mới nhất giá xăng dầu 15h30 ngày 12/4/2026 Petrolimex bao nhiêu 1 lít?","NÓNG:

>>>  CHÍNH THỨC giá xăng hôm nay 13/4/2026 bao nhiêu tiền 1 lít?

>>>  CHÍNH THỨC giá bán lẻ xăng dầu 13/4/2026 hôm nay và giá xăng ngày mai 14/4/2026 dự kiến giá

MỚI:

>>>  CHÍNH THỨC giá xăng RON95 Petrolimex ngày 13/4/2026 giảm bao nhiêu tiền 1 lít xăng?

>>>  Giá xăng dầu Petrolimex từ 0h đến 24h ngày 13/4/2026 bao nhiêu tiền 1 lít?

***

MỚI NHẤT:

>>>  Bảng giá xăng dầu hôm nay 13/4 Petrolimex, PVOIL, Petrovienam cập nhật mới nhất

>>>  Bảng giá xăng ngày 13/4/2026 PETROLIMEX điều chỉnh bao nhiêu tiền 1 lít?

XEM THÊM:

>>>  Giá xăng sáng nay ngày 13/4/2026 từ 7h bao nhiêu tiền một lít?

>>>  TOÀN BỘ giá xăng dầu ngày 13 tháng 4 năm 2026 hôm nay bao nhiêu?

>>>  TỔNG HỢP 3 bảng giá xăng dầu ngày 13/4/2026 hôm nay được công bố trong kỳ mới nhất

***

QUAN TRỌNG:

>>>  CHÍNH THỨC giá xăng 92, 95 Petrolimex, PVOIL ngày 13/4/2026 bao nhiêu tiền?

>>>  CHÍNH THỨC giá gas hôm nay 13/4/2026 bao nhiêu tiền 1 bình?

HOT:

>>>  CẬP NHẬT mới nhất giá xăng dầu ngày 13/4/2026 Petrolimex bao nhiêu tiền một lít?

>>>  Giá xăng dầu Petrolimex hôm nay 13/4/2026 34 tỉnh thành đã điều chỉnh giá xăng dầu bao nhiêu 1 lít?

>>>  MỚI NHẤT bảng giá xăng dầu hôm nay 13/4/2026 tại các cửa hàng theo kỳ điều hành của Bộ Công Thương

Cập nhật lúc  15h30  ngày  12/4/2026

Căn cứ tại  Công văn 2455/BCT-TTTN năm 2026  về điều hành kinh doanh xăng dầu, mức trích lập và chi sử dụng Quỹ bình ổn giá xăng dầu (BOG)  từ 15 giờ 30 phút ngày 9/4/2026  như sau:

Trước những diễn biến giá thành phẩm xăng dầu thế giới trong thời gian gần đây và thực hiện điều hành giá xăng dầu theo cơ chế thị trường có sự quản lý của Nhà nước, Bộ Công Thương và Bộ Tài chính quyết định:

1. Quỹ Bình ổn giá xăng dầu

1.1. Trích lập Quỹ Bình ổn giá xăng dầu (nguồn tạm ứng từ ngân sách nhà nước)

- Xăng sinh học: 800 đồng/lít;

- Xăng không chì: 800 đồng/lít;

- Dầu điêzen: 1.000 đồng/lít;

- Dầu madút: 800 đồng/kg.

1.2. Chi sử dụng Quỹ Bình ổn giá xăng dầu

- Xăng sinh học: 0 đồng/lít;

- Xăng không chì: 0 đồng/lít;

- Dầu điêzen: 0 đồng/lít;

- Dầu madút: 0 đồng/kg.

2. Giá bán xăng dầu

Sau khi thực hiện việc trích lập và chi sử dụng Quỹ Bình ổn giá xăng dầu đối với các mặt hàng xăng dầu như tại Mục 1 nêu trên, giá bán các mặt hàng xăng dầu tiêu dùng phổ biến trên thị trường không cao hơn mức giá:

- Xăng E5RON92: không cao hơn  22.344  đồng/lít;

- Xăng RON95-III: không cao hơn  23.543  đồng/lít;

- Dầu điêzen 0.05S: không cao hơn  32.969  đồng/lít;

- Dầu madút 180CST 3.5S: không cao hơn  22.613  đồng/kg.

3. Thời gian thực hiện

- Trích lập và chi sử dụng Quỹ Bình ổn giá xăng dầu đối với các mặt hàng xăng dầu tại Mục 1 nêu trên: Áp dụng từ 15 giờ 30' ngày 09 tháng 4 năm 2026.

- Điều chỉnh giá bán các mặt hàng xăng dầu: Do thương nhân đầu mối kinh doanh xăng dầu, thương nhân phân phối xăng dầu quy định nhưng không muộn hơn 15 giờ 30' ngày 09 tháng 4 năm 2026.

[...]

Theo đó thì Petrolimex cũng đã điều chỉnh giá xăng dầu từ 15h30 ngày 9/4/2026 theo  Công văn 2455/BCT-TTTN năm 2026  áp dụng tại hệ thống phân phối của Petrolimex.

Tính đến   15h30 ngày 12/4/2026  thì giá xăng dầu vẫn điều chỉnh theo  Công văn 2455/BCT-TTTN năm 2026  và chưa có thông báo thay đổi giá điều hành mới.

Do đó  CẬP NHẬT  mới nhất giá xăng dầu  15h30  ngày  12/4/2026 Petrolimex  như sau:

Mặt hàng

Đơn vị tính (Đã bao gồm thuế GTGT)

Vùng 1

Vùng 2

Xăng không chì RON 95-V

Đồng/lít

24.380

24.860

Xăng không chì RON 95-III

Đồng/lít

23.540

24.010

Xăng sinh học E10 RON 95-III

Đồng/lít

23.070

23.530

Xăng sinh học E5 RON 92

Đồng/lít

22.340

22.780

Điêzen 0,001S-V

Đồng/lít

33.730

34.400

Điêzen 0,05S-II

Đồng/lít

32.960

33.610

Dầu hỏa 2 - K

Đồng/lít

37.700

38.450

Mazút N°2B (3,5S)

Đồng/kg

22.610

23.060

Mazút 180cst - 0,5S (RMG)

Đồng/kg

26.110

26.630

Lưu ý:

+ Mức giá trên là giá bán lẻ, riêng mặt hàng Mazút là giá bán buôn.

+ Các mặt hàng xăng và DO không chịu thuế GTGT.

Mức giá trên đã được cập nhật mới nhất

*Trên đây là thông tin bài viết CẬP NHẬT mới nhất giá xăng dầu 15h30 ngày 12/4/2026 Petrolimex bao nhiêu 1 lít?

CẬP NHẬT mới nhất giá xăng dầu 15h30 ngày 12/4/2026 Petrolimex bao nhiêu 1 lít? (Hình từ Internet)

Căn cứ tại khoản 3 Điều 38  Nghị định 83/2014/NĐ-CP  được sửa đỏi bởi khoản 27 Điều 1  Nghị định 95/2021/NĐ-CP  và khoản 11 Điều 1  Nghị định 80/2023/NĐ-CP  quy định trường hợp thời gian điều hành giá  trùng với ngày nghỉ lễ  theo quy định thì được thực hiện như sau: Nếu ngày thứ Năm trùng với ngày đầu tiên dịp nghỉ lễ, thời gian điều hành giá xăng dầu được thực hiện vào ngày thứ Tư liền kề trước đó. Nếu ngày thứ Năm trùng vào các ngày nghỉ lễ còn lại, thời gian điều hành giá xăng dầu được thực hiện vào ngày làm việc đầu tiên sau kỳ nghỉ lễ.

Căn cứ tại Điều 31  Nghị định 83/2014/NĐ-CP  được sửa đổi bởi khoản 23 Điều 1  Nghị định 95/2021/NĐ-CP  quy định về dự trữ xăng dầu bắt buộc như sau:

[1] Kể từ ngày Nghị định này có hiệu lực, thương nhân đầu mối kinh doanh xăng dầu và thương nhân đầu mối sản xuất xăng dầu có tổ chức hệ thống phân phối xăng dầu phải bảo đảm ổn định mức dự trữ xăng dầu bắt buộc tối thiểu bằng hai mươi (20) ngày cung ứng, tính theo sản lượng tiêu thụ nội địa bình quân một (01) ngày của năm trước liền kề, cả về cơ cấu chủng loại; bao gồm dự trữ phục vụ an ninh năng lượng quốc gia, dự trữ lưu thông bắt buộc.

[2] Kể từ ngày Nghị định này có hiệu lực, thương nhân phân phối xăng dầu phải bảo đảm ổn định mức dự trữ xăng dầu bắt buộc tối thiểu bằng năm (05) ngày cung ứng, tính theo sản lượng tiêu thụ nội địa bình quân một (01) ngày của năm trước liền kề, cả về cơ cấu chủng loại.

[3] Kể từ ngày Nghị định này có hiệu lực, thương nhân đầu mối sản xuất xăng dầu phải bảo đảm ổn định mức dự trữ xăng dầu bắt buộc tối thiểu theo các quy định hiện hành về dự trữ xăng dầu.

[4] Cơ chế sử dụng nguồn xăng dầu dự trữ bắt buộc thực hiện theo quy định của pháp luật về dự trữ quốc gia và/hoặc theo chỉ đạo của Bộ Công Thương để phục vụ công tác bảo đảm cân đối cung cầu, bình ổn thị trường khi cần thiết.

*Trên đây là thông tin bài viết CẬP NHẬT mới nhất giá xăng dầu 15h30 ngày 12 4 2026 Petrolimex bao nhiêu 1 lít?","","","","","2026-04-12","https://thuvienphapluat.vn/hoi-dap-phap-luat/cap-nhat-moi-nhat-gia-xang-dau-15h30-ngay-1242026-petrolimex-bao-nhieu-1-lit-138086869.html","2026-04-13T07:05:12.755268+00:00"
