"id","title","content","category","doc_type","doc_number","agency","published_date","url","crawled_at"
"138090051","Phải thực hiện cảnh báo dịch bệnh khi xảy ra tình huống nào?","Phải thực hiện cảnh báo dịch bệnh khi xảy ra tình huống nào?

Điều tra, xác định dịch bệnh truyền nhiễm được thực hiện theo các bước nào?

Nội dung thông tin về việc có dịch bệnh truyền nhiễm, kết thúc dịch bệnh truyền nhiễm được quy định như thế nào?

Thông tư 15/2026/TT-BYT quy định phải thực hiện cảnh báo dịch bệnh khi xảy ra một số tình huống cụ thể như sau:

Căn cứ khoản 1 Điều 22 Thông tư 15/2026/TT-BYT quy định về cảnh báo dịch bệnh như sau:

Như vậy, phải thực hiện cảnh báo dịch bệnh khi xảy ra tình huống sau đây:

- Đối với các bệnh truyền nhiễm nhóm A: khi xuất hiện một ca bệnh xác định trên địa bàn cấp xã;

- Đối với bệnh truyền nhiễm nhóm B và C lưu hành tại địa bàn cấp xã: cảnh báo dịch bệnh được xác định khi trên địa bàn cấp xã tại một thời điểm bất kỳ trong tuần có số trường hợp mắc bệnh cộng dồn từ đầu tuần trong khoảng từ số mắc trung bình của tuần cùng kỳ trong 05 năm gần nhất (trừ năm có dịch bệnh) của xã đó cộng với 01 lần độ lệch chuẩn đến số mắc trung bình của tuần cùng kỳ trong 05 năm gần nhất (trừ năm có dịch bệnh) của xã đó cộng với 02 lần độ lệch chuẩn;

- Đối với bệnh truyền nhiễm nhóm B và C không lưu hành tại địa bàn cấp xã: cảnh báo dịch bệnh được xác định khi trên địa bàn cấp xã tại một thời điểm bất kỳ trong tuần ghi nhận 03 trường hợp mắc bệnh có liên quan dịch tễ với nhau;

- Đối với bệnh truyền nhiễm chưa ghi nhận tại Việt Nam: cảnh báo dịch bệnh căn cứ theo kết quả đánh giá nguy cơ dịch bệnh đột xuất được quy định tại khoản 2 Điều 21 Thông tư 15/2026/TT-BYT có mức từ trung bình trở lên.

Phải thực hiện cảnh báo dịch bệnh khi xảy ra tình huống nào? (Hình từ Internet)

Căn cứ Điều 23 Thông tư 15/2026/TT-BYT quy định về điều tra ổ dịch, dịch bệnh truyền nhiễm như sau:

Như vậy, điều tra, xác định dịch bệnh truyền nhiễm được thực hiện theo các bước sau đây:

- Chuẩn bị điều tra ổ dịch, dịch bệnh truyền nhiễm.

- Xác minh chẩn đoán.

- Khẳng định sự tồn tại của ổ dịch, dịch bệnh truyền nhiễm.

- Điều tra, phát hiện trường hợp bệnh, trường hợp nghi ngờ mắc bệnh trong ổ dịch theo hướng dẫn chuyên môn đối với từng bệnh.

- Tiến hành mô tả ổ dịch theo 3 yếu tố thời gian, địa điểm và con người.

- Xây dựng giả thuyết về ổ dịch, dịch, nguồn lây và tác nhân, phương thức, đường lây truyền, yếu tố trung gian truyền bệnh hoặc véc tơ, sự phơi nhiễm, các yếu tố nguy cơ.

- Đánh giá và kiểm định giả thuyết.

- Hoàn thiện giả thuyết và thực hiện nghiên cứu bổ sung.

- Đề xuất các biện pháp phòng ngừa và kiểm soát.

- Báo cáo kết quả điều tra ổ dịch, dịch bệnh truyền nhiễm.

Căn cứ Điều 25 Thông tư 15/2026/TT-BYT quy định về nội dung thông tin về việc có dịch bệnh truyền nhiễm, kết thúc dịch bệnh truyền nhiễm như sau:

Như vậy, nội dung thông tin về việc có dịch bệnh truyền nhiễm, kết thúc dịch bệnh truyền nhiễm được quy định như sau:

- Nội dung thông tin có dịch bệnh:

+ Tên dịch bệnh;

+ Thời gian;

+ Địa điểm có ổ dịch;

+ Các khuyến nghị phòng, chống dịch bệnh.

- Nội dung thông tin kết thúc dịch bệnh:

+ Tên dịch bệnh;

+ Thời gian hết dịch bệnh;

+ Các khuyến nghị.

Điều 22. Cảnh báo dịch bệnh

1. Thực hiện cảnh báo dịch bệnh khi có một trong các tình huống sau:

a) Đối với các bệnh truyền nhiễm nhóm A: khi xuất hiện một ca bệnh xác định trên địa bàn cấp xã;

b) Đối với bệnh truyền nhiễm nhóm B và C lưu hành tại địa bàn cấp xã: cảnh báo dịch bệnh được xác định khi trên địa bàn cấp xã tại một thời điểm bất kỳ trong tuần có số trường hợp mắc bệnh cộng dồn từ đầu tuần trong khoảng từ số mắc trung bình của tuần cùng kỳ trong 05 năm gần nhất (trừ năm có dịch bệnh) của xã đó cộng với 01 lần độ lệch chuẩn đến số mắc trung bình của tuần cùng kỳ trong 05 năm gần nhất (trừ năm có dịch bệnh) của xã đó cộng với 02 lần độ lệch chuẩn;

c) Đối với bệnh truyền nhiễm nhóm B và C không lưu hành tại địa bàn cấp xã: cảnh báo dịch bệnh được xác định khi trên địa bàn cấp xã tại một thời điểm bất kỳ trong tuần ghi nhận 03 trường hợp mắc bệnh có liên quan dịch tễ với nhau;

d) Đối với bệnh truyền nhiễm chưa ghi nhận tại Việt Nam: cảnh báo dịch bệnh căn cứ theo kết quả đánh giá nguy cơ dịch bệnh đột xuất được quy định tại khoản 2 Điều 21 Thông tư này có mức từ trung bình trở lên.

[...]

Điều 23. Điều tra ổ dịch, dịch bệnh truyền nhiễm

Điều tra, xác định ổ dịch, dịch bệnh truyền nhiễm được thực hiện theo các bước sau đây và có thể điều chỉnh phù hợp với tính chất của ổ dịch, dịch bệnh:

1. Chuẩn bị điều tra ổ dịch, dịch bệnh truyền nhiễm.

2. Xác minh chẩn đoán.

3. Khẳng định sự tồn tại của ổ dịch, dịch bệnh truyền nhiễm.

4. Điều tra, phát hiện trường hợp bệnh, trường hợp nghi ngờ mắc bệnh trong ổ dịch theo hướng dẫn chuyên môn đối với từng bệnh.

5. Tiến hành mô tả ổ dịch theo 3 yếu tố thời gian, địa điểm và con người.

6. Xây dựng giả thuyết về ổ dịch, dịch, nguồn lây và tác nhân, phương thức, đường lây truyền, yếu tố trung gian truyền bệnh hoặc véc tơ, sự phơi nhiễm, các yếu tố nguy cơ.

7. Đánh giá và kiểm định giả thuyết.

8. Hoàn thiện giả thuyết và thực hiện nghiên cứu bổ sung.

9. Đề xuất các biện pháp phòng ngừa và kiểm soát.

10. Báo cáo kết quả điều tra ổ dịch, dịch bệnh truyền nhiễm.

Điều 25. Nội dung thông tin về việc có dịch bệnh truyền nhiễm, kết thúc dịch bệnh truyền nhiễm

1. Nội dung thông tin có dịch bệnh:

a) Tên dịch bệnh;

b) Thời gian;

c) Địa điểm có ổ dịch;

d) Các khuyến nghị phòng, chống dịch bệnh.

2. Nội dung thông tin kết thúc dịch bệnh:

a) Tên dịch bệnh;

b) Thời gian hết dịch bệnh;

c) Các khuyến nghị.

[...]","the-thao-y-te","","","","2026-05-21T00:00:00","https://thuvienphapluat.vn/hoi-dap-phap-luat/phai-thuc-hien-canh-bao-dich-benh-khi-xay-ra-tinh-huong-nao-138090051.html","2026-05-21T20:32:51.235969+00:00"
"138090792","Nội dung chăm sóc người cao tuổi trong câu lạc bộ chăm sóc người cao tuổi tại cộng đồng gồm có gì từ ngày 01/07/2026?","Nội dung chăm sóc người cao tuổi trong câu lạc bộ chăm sóc người cao tuổi tại cộng đồng gồm có gì?

Người cao tuổi có các quyền nào?

Các hành vi nào bị cấm đối với người cao tuổi?

Những nội dung chăm sóc người cao tuổi trong câu lạc bộ chăm sóc người cao tuổi tại cộng đồng bao gồm hướng dẫn kiến thức, kỹ năng; Tổ chức hoạt động vui chơi, giải trí; Tổ chức các hoạt động phù hợp. Cụ thể như sau:

Căn cứ Điều 6 Nghị định 168/2026/NĐ-CP quy định về nội dung chăm sóc người cao tuổi trong câu lạc bộ chăm sóc người cao tuổi tại cộng đồng như sau:

Như vậy, nội dung chăm sóc người cao tuổi trong câu lạc bộ chăm sóc người cao tuổi tại cộng đồng gồm có:

- Hướng dẫn kiến thức, kỹ năng chăm sóc, phòng bệnh, nâng cao sức khỏe thể chất, tinh thần; phát hiện nguy cơ bệnh sớm, tự chăm sóc bản thân khi mắc một số bệnh thường gặp;

- Tổ chức hoạt động vui chơi, giải trí, văn hóa, văn nghệ; thể dục, thể thao; luyện tập dưỡng sinh và các bài thể dục khác để nâng cao sức khỏe thể chất, tinh thần;

- Tổ chức các hoạt động để phát huy vai trò, kinh nghiệm phù hợp với sở thích, nhu cầu của thành viên câu lạc bộ.

Nội dung chăm sóc người cao tuổi trong câu lạc bộ chăm sóc người cao tuổi tại cộng đồng gồm có gì? (Hình từ Internet)

Căn cứ khoản 1 Điều 3 Luật Người cao tuổi 2009 quy định về người cao tuổi có các quyền như sau:

Như vậy, người cao tuổi có các quyền sau đây:

- Được bảo đảm các nhu cầu cơ bản về ăn, mặc, ở, đi lại, chăm sóc sức khoẻ;

- Quyết định sống chung với con, cháu hoặc sống riêng theo ý muốn;

- Được ưu tiên khi sử dụng các dịch vụ theo quy định của Luật này và các quy định khác của pháp luật có liên quan;

- Được tạo điều kiện tham gia hoạt động văn hoá, giáo dục, thể dục, thể thao, giải trí, du lịch và nghỉ ngơi;

- Được tạo điều kiện làm việc phù hợp với sức khoẻ, nghề nghiệp và các điều kiện khác để phát huy vai trò người cao tuổi;

- Được miễn các khoản đóng góp cho các hoạt động xã hội, trừ trường hợp tự nguyện đóng góp;

- Được ưu tiên nhận tiền, hiện vật cứu trợ, chăm sóc sức khỏe và chỗ ở nhằm khắc phục khó khăn ban đầu khi gặp khó khăn do hậu quả thiên tai hoặc rủi ro bất khả kháng khác;

- Được tham gia Hội người cao tuổi Việt Nam theo quy định của Điều lệ Hội;

- Các quyền khác theo quy định của pháp luật.

Căn cứ Điều 9 Luật Người cao tuổi 2009 quy định về các hành vi bị cấm như sau:

Như vậy, các hành vi sau đây bị cấm đối với người cao tuổi:

- Lăng mạ, ngược đãi, xúc phạm, hành hạ, phân biệt đối xử đối với người cao tuổi.

- Xâm phạm, cản trở người cao tuổi thực hiện quyền về hôn nhân, quyền về sở hữu tài sản và các quyền hợp pháp khác.

- Không thực hiện nghĩa vụ phụng dưỡng người cao tuổi.

- Lợi dụng việc chăm sóc, phụng dưỡng người cao tuổi để vụ lợi.

- Ép buộc người cao tuổi lao động hoặc làm những việc trái với quy định của pháp luật.

- Ép buộc, kích động, xúi giục, giúp người khác thực hiện hành vi vi phạm pháp luật đối với người cao tuổi.

- Trả thù, đe doạ người giúp đỡ người cao tuổi, người phát hiện, báo tin ngăn chặn hành vi vi phạm pháp luật đối với người cao tuổi.

Điều 6. Nội dung chăm sóc người cao tuổi trong câu lạc bộ chăm sóc người cao tuổi tại cộng đồng

1. Nội dung chăm sóc người cao tuổi trong câu lạc bộ chăm sóc người cao tuổi tại cộng đồng:

a) Hướng dẫn kiến thức, kỹ năng chăm sóc, phòng bệnh, nâng cao sức khỏe thể chất, tinh thần; phát hiện nguy cơ bệnh sớm, tự chăm sóc bản thân khi mắc một số bệnh thường gặp;

b) Tổ chức hoạt động vui chơi, giải trí, văn hóa, văn nghệ; thể dục, thể thao; luyện tập dưỡng sinh và các bài thể dục khác để nâng cao sức khỏe thể chất, tinh thần;

c) Tổ chức các hoạt động để phát huy vai trò, kinh nghiệm phù hợp với sở thích, nhu cầu của thành viên câu lạc bộ.

2. Khuyến khích người đứng đầu câu lạc bộ đưa các nội dung quy định tại khoản 1 Điều này vào nội dung hoạt động của câu lạc bộ quy định tại khoản 1 Điều 5 Nghị định này.

Điều 3. Quyền và nghĩa vụ của người cao tuổi

1. Người cao tuổi có các quyền sau đây:

a) Được bảo đảm các nhu cầu cơ bản về ăn, mặc, ở, đi lại, chăm sóc sức khoẻ;

b) Quyết định sống chung với con, cháu hoặc sống riêng theo ý muốn;

c) Được ưu tiên khi sử dụng các dịch vụ theo quy định của Luật này và các quy định khác của pháp luật có liên quan;

d) Được tạo điều kiện tham gia hoạt động văn hoá, giáo dục, thể dục, thể thao, giải trí, du lịch và nghỉ ngơi;

đ) Được tạo điều kiện làm việc phù hợp với sức khoẻ, nghề nghiệp và các điều kiện khác để phát huy vai trò người cao tuổi;

e) Được miễn các khoản đóng góp cho các hoạt động xã hội, trừ trường hợp tự nguyện đóng góp;

g) Được ưu tiên nhận tiền, hiện vật cứu trợ, chăm sóc sức khỏe và chỗ ở nhằm khắc phục khó khăn ban đầu khi gặp khó khăn do hậu quả thiên tai hoặc rủi ro bất khả kháng khác;

h) Được tham gia Hội người cao tuổi Việt Nam theo quy định của Điều lệ Hội;

i) Các quyền khác theo quy định của pháp luật.

[...]

Điều 9. Các hành vi bị cấm

1. Lăng mạ, ngược đãi, xúc phạm, hành hạ, phân biệt đối xử đối với người cao tuổi.

2. Xâm phạm, cản trở người cao tuổi thực hiện quyền về hôn nhân, quyền về sở hữu tài sản và các quyền hợp pháp khác.

3. Không thực hiện nghĩa vụ phụng dưỡng người cao tuổi.

4. Lợi dụng việc chăm sóc, phụng dưỡng người cao tuổi để vụ lợi.

5. Ép buộc người cao tuổi lao động hoặc làm những việc trái với quy định của pháp luật.

6. Ép buộc, kích động, xúi giục, giúp người khác thực hiện hành vi vi phạm pháp luật đối với người cao tuổi.

7. Trả thù, đe doạ người giúp đỡ người cao tuổi, người phát hiện, báo tin ngăn chặn hành vi vi phạm pháp luật đối với người cao tuổi.","the-thao-y-te","","","","2026-05-21T00:00:00","https://thuvienphapluat.vn/hoi-dap-phap-luat/noi-dung-cham-soc-nguoi-cao-tuoi-trong-cau-lac-bo-cham-soc-nguoi-cao-tuoi-tai-cong-dong-gom-co-gi-t-138090792.html","2026-05-21T20:32:58.016896+00:00"
"138090857","Hỗ trợ tối thiểu 2 triệu cho phụ nữ sinh con trong trường hợp nào?","Hỗ trợ tối thiểu 2 triệu cho phụ nữ sinh con trong trường hợp nào?

Điều kiện, thủ tục hưởng chế độ nghỉ thai sản khi sinh con thứ hai được quy định như thế nào?

Lao động nam đang tham gia bảo hiểm xã hội bắt buộc có vợ sinh con có được hưởng chế độ thai sản hay không?

Từ 01/07/2026 hỗ trợ tối thiểu 2 triệu cho phụ nữ sinh con trong trường hợp quy định tại Nghị định 168/2026/NĐ-CP như sau:

Căn cứ khoản 1 Điều 3 Nghị định 168/2026/NĐ-CP (có hiệu lực thi hành từ 01/07/2026) quy định về mức hỗ trợ tài chính khi sinh con và trình tự, thủ tục thực hiện việc hỗ trợ tài chính như sau:

Như vậy, hỗ trợ tối thiểu 2 triệu cho phụ nữ sinh con trong trường hợp sau:

- Phụ nữ dân tộc thiểu số rất ít người;

- Phụ nữ ở tỉnh, thành phố có mức sinh dưới mức sinh thay thế;

- Phụ nữ sinh đủ 02 con trước 35 tuổi.

Ngoài ra, phụ nữ khi sinh con đồng thời thuộc các trường hợp được quy định tại điểm a, b và điểm c khoản 1 Điều 3 Nghị định 168/2026/NĐ-CP thì được hưởng một mức hỗ trợ.

Xem thêm

>>> Toàn văn Nghị định 168/2026/NĐ-CP hướng dẫn Luật Dân số như thế nào?

>>> Tổng hợp văn bản hướng dẫn Luật Dân số mới nhất 2026?

Hỗ trợ tối thiểu 2 triệu cho phụ nữ sinh con trong trường hợp nào? (Hình từ Internet)

Căn cứ Điều 2 Nghị định 168/2026/NĐ-CP quy định điều kiện, thủ tục hưởng chế độ nghỉ thai sản khi sinh con thứ hai như sau:

- Điều kiện hưởng chế độ nghỉ thai sản khi sinh con thứ hai

Lao động nữ sinh con thứ hai, lao động nam khi vợ sinh con thứ hai đủ điều kiện hưởng chế độ thai sản theo quy định của pháp luật về bảo hiểm xã hội và được hưởng chế độ nghỉ thai sản khi sinh con thứ hai quy định tại điểm a khoản 1 Điều 14 Luật Dân số 2025 thuộc các trường hợp sau:

+ Lao động nữ khi sinh con mà tại thời điểm sinh có một con đẻ còn sống;

+ Lao động nam khi vợ sinh con mà tại thời điểm sinh, người vợ có một con đẻ còn sống.

- Trường hợp quy định tại khoản 2 Điều 52 Luật Bảo hiểm xã hội 2024 không được hưởng chế độ nghỉ thai sản khi sinh con thứ hai quy định tại khoản 1 Điều 2 Nghị định 168/2026/NĐ-CP.

- Thủ tục hưởng chế độ nghỉ thai sản khi sinh con thứ hai thực hiện theo pháp luật về bảo hiểm xã hội và quy trình giải quyết hưởng các chế độ bảo hiểm xã hội, chi trả các chế độ bảo hiểm xã hội, bảo hiểm thất nghiệp của Bộ trưởng Bộ Tài chính.

- Người kê khai chịu trách nhiệm toàn diện trước pháp luật về tính chính xác, trung thực của nội dung kê khai đề nghị hưởng chế độ quy định tại khoản 1 Điều 2 Nghị định 168/2026/NĐ-CP.

Căn cứ khoản 1 Điều 50 Luật Bảo hiểm xã hội 2024 quy định về đối tượng và điều kiện hưởng chế độ thai sản như sau:

Như vậy, lao động nam đang tham gia bảo hiểm xã hội bắt buộc có vợ sinh con được hưởng chế độ thai sản.

Điều 3. Mức hỗ trợ tài chính khi sinh con và trình tự, thủ tục thực hiện việc hỗ trợ tài chính

1. Mức hỗ trợ tài chính tối thiểu là 2.000.000 đồng/phụ nữ khi sinh con thuộc các trường hợp sau:

a) Phụ nữ dân tộc thiểu số rất ít người;

b) Phụ nữ ở tỉnh, thành phố có mức sinh dưới mức sinh thay thế;

c) Phụ nữ sinh đủ 02 con trước 35 tuổi.

Phụ nữ khi sinh con đồng thời thuộc các trường hợp được quy định tại điểm a, b và điểm c khoản 1 Điều này thì được hưởng một mức hỗ trợ.

[...]

Điều 50. Đối tượng và điều kiện hưởng chế độ thai sản

1. Đối tượng quy định tại các điểm a, b, c, d, i, k, l, m và n khoản 1 và khoản 2 Điều 2 của Luật này được hưởng chế độ thai sản khi thuộc một trong các trường hợp sau đây:

a) Lao động nữ mang thai;

b) Lao động nữ sinh con;

c) Lao động nữ mang thai hộ;

d) Lao động nữ nhờ mang thai hộ;

đ) Người lao động nhận nuôi con nuôi dưới 06 tháng tuổi;

e) Người lao động sử dụng các biện pháp tránh thai mà các biện pháp đó phải được thực hiện tại cơ sở khám bệnh, chữa bệnh;

g) Lao động nam đang tham gia bảo hiểm xã hội bắt buộc có vợ sinh con, vợ mang thai hộ sinh con.

[...]","the-thao-y-te","","","","2026-05-21T00:00:00","https://thuvienphapluat.vn/hoi-dap-phap-luat/ho-tro-toi-thieu-2-trieu-cho-phu-nu-sinh-con-trong-truong-hop-nao-138090857.html","2026-05-21T20:33:06.007619+00:00"
"138091245","Danh mục 137 bệnh được thông báo, tiết lộ giới tính thai nhi từ 01/7/2026 ra sao?","Danh mục 137 bệnh được thông báo, tiết lộ giới tính thai nhi từ 01/7/2026 ra sao?

Bác sĩ tiết lộ giới tính thai nhi để phá thai sẽ bị đình chỉ hành nghề từ 01/7/2026 đúng không?

Thời gian nghỉ việc hưởng chế độ thai sản có tính ngày nghỉ hằng tuần không?

Căn cứ Danh mục các bệnh được thông báo, tiết lộ giới tính thai nhi để phục vụ chẩn đoán và điều trị ban hành kèm theo Thông tư 11/2026/TT-BYT thì Danh mục 137 bệnh được thông báo, tiết lộ giới tính thai nhi từ 01/7/2026 như sau:

STT

Mã ICD-10

Tên Bệnh/Hội chứng

1

H35.5

Loạn dưỡng võng mạc di truyền

2

H90

Giảm thính lực dẫn truyền và/hoặc giảm thính lực thần kinh giác quan

3

H90.3

Giảm thính lực thần kinh giác quan, hai tai

4

Q55.8

Dị tật bẩm sinh xác định khác của cơ quan sinh dục nam

5

D55.0

Thiếu máu do thiếu men glucose-6-phosphate dehydrogenase [G6PD]

6

D58.1

Hồng cầu hình bầu dục [oval] di truyền

7

D58

Thiếu máu tan máu di truyền khác

8

D61.3

Suy tủy xương [thiếu máu bất sản] vô căn

9

D64

Bệnh thiếu máu khác

10

D64.0

Thiếu máu nguyên hồng cầu sắt di truyền

11

D66

Thiếu hụt yếu tố VIII di truyền

12

D67

Thiếu hụt yếu tố IX di truyền

13

D68.5

Bệnh tăng đông máu nguyên phát

14

D69.4

Giảm tiểu cầu nguyên phát khác

15

D80.5

Suy giảm miễn dịch kèm tăng immunoglobulin M [IgM]

16

D81.2

Suy giảm miễn dịch kết hợp trầm trọng [SCID] với số lượng tế bào B thấp hoặc bình thường

17

D81.8

Suy giảm miễn dịch kết hợp khác

18

D81.9

Suy giảm miễn dịch hỗn hợp, không xác định

19

D82.0

Hội chứng Wiskott-Aldrich

20

D84.1

Bất thường của hệ thống bổ thể

21

D84.9

Suy giảm miễn dịch, không xác định

22

D89.8

Rối loạn xác định khác liên quan cơ chế miễn dịch, không phân loại mục khác

23

E03

Suy tuyến giáp khác

24

E20.8

Suy cận giáp khác

25

E22.2

Hội chứng tiết nội tiết tố [hormon] chống bài niệu không thích hợp

26

E23.0

Suy tuyến yên

27

E25

Rối loạn thượng thận - sinh dục

28

E26.8

Cường aldosterone khác

29

E28.3

Suy buồng trứng nguyên phát

30

E30.1

Dậy thì sớm

31

E34.5

Hội chứng kháng androgen

32

E70.3

Chứng bạch tạng

33

E72.0

Rối loạn vận chuyển acid amin

34

E72.4

Rối loạn chuyển hóa ornithine

35

E74.0

Bệnh tích lũy glycogen

36

E74.4

Rối loạn chuyển hóa pyruvat và/hoặc tân tạo glucose

37

E75.2

Bệnh nhiễm sphingolipid khác

38

E76.1

Bệnh mucopolysaccharid [MPS], típ II

39

E77.8

Rối loạn chuyển hóa glycoprotein khác

40

E79.1

Hội chứng Lesch-Nyhan

41

E79.8

Rối loạn khác của chuyển hóa purine và/hoặc pyrimidine

42

E80.0

Rối loạn chuyển hóa porphyrin sinh hồng cầu di truyền

43

E83.3

Rối loạn chuyển hóa phospho và/hoặc phosphatase

44

F78

Chậm phát triển trí tuệ khác

45

F79

Chậm phát triển trí tuệ không xác định

46

F84.2

Hội chứng Rett

47

G11.4

Liệt cứng nửa người di truyền

48

G12.1

Bệnh teo cơ do tủy sống di truyền khác

49

G40

Bệnh động kinh

50

G60.0

Bệnh lý dây thần kinh cảm giác và/hoặc vận động di truyền

51

G71.0

Bệnh loạn dưỡng cơ

52

G71.2

Bệnh lý cơ bẩm sinh

53

H26.0

Đục thể thủy tinh ở trẻ nhỏ, người trẻ và/hoặc trước tuổi già

54

H31.2

Loạn dưỡng hắc mạc di truyền

55

H33.1

Tách lớp võng mạc và/hoặc nang võng mạc

56

H53.5

Rối loạn sắc giác

57

H53.6

Quáng gà

58

H55

Rung giật nhãn cầu và/hoặc rối loạn vận nhãn khác

59

H90

Giảm thính lực dẫn truyền và/hoặc giảm thính lực thần kinh giác quan

60

H90.5

Giảm thính lực thần kinh giác quan, không xác định

61

I42.0

Bệnh lý cơ tim giãn

62

K00

Rối loạn phát triển răng và/hoặc mọc răng

63

K00.5

Rối loạn di truyền cấu trúc răng, không phân loại mục khác

64

K59.8

Rối loạn chức năng xác định khác của ruột

65

L67.8

Bất thường khác về màu tóc và/hoặc sợi tóc

66

L85.8

Dày thượng bì xác định khác

67

L85.9

Dày thượng bì, không xác định

68

L99*

Rối loạn khác của da và/hoặc mô dưới da do bệnh phân loại mục khác

69

L99.0*

Thoái hóa dạng bột ở da (E85.-†)

70

N04

Hội chứng thận hư

71

N20.0

Sỏi thận

72

N25.1

Đái tháo nhạt do thận

73

N25.8

Rối loạn khác do suy giảm chức năng ống thận

74

N25.9

Rối loạn do suy giảm chức năng ống thận, không xác định

75

N46

Vô sinh ở nam giới

76

Q03

Bệnh não úng thủy bẩm sinh

77

Q04.3

Dị tật khuyết thiếu khác của não

78

Q04.8

Dị tật bẩm sinh xác định khác của não

79

Q10.3

Dị tật mí mắt bẩm sinh khác

80

Q11.2

Dị tật mắt bé

81

Q24.9

Dị tật tim bẩm sinh, không xác định

82

Q34.8

Dị tật bẩm sinh xác định khác của hệ hô hấp

83

Q41.8

Dị tật thiếu, teo và/hoặc hẹp phần xác định khác của ruột non bẩm sinh

84

Q50

Dị tật bẩm sinh của buồng trứng, vòi trứng và/hoặc dây chằng rộng

85

Q50.3

Dị tật bẩm sinh khác của buồng trứng

86

Q51

Dị tật bẩm sinh của tử cung và/hoặc cổ tử cung

87

Q54

Dị tật bẩm sinh lỗ tiểu lệch thấp

88

Q54.9

Dị tật bẩm sinh lỗ tiểu lệch thấp, không xác định

89

Q55

Dị tật bẩm sinh khác của cơ quan sinh dục nam

90

Q56

Giới tính chưa định hình chính xác và/hoặc hội chứng giả lưỡng giới

91

Q77.3

Loạn sản sụn từng đám nhỏ

92

Q77.7

Loạn sản đầu đốt xương cột sống

93

Q78.0

Chứng tạo xương bất toàn [bệnh xương thủy tinh]

94

Q78.5

Loạn sản hành xương

95

Q80.1

Bệnh da vẩy cá liên quan đến nhiễm sắc thể X

96

Q82.3

Bệnh sắc tố dầm dề [sắc tố incontinentia]

97

Q82.4

Loạn sản ngoại bì (làm giảm tiết mồ hôi)

98

Q82.8

Dị tật bẩm sinh xác định khác của da

99

Q87

Hội chứng dị tật bẩm sinh khác tác động nhiều hệ thống

100

Q87.0

Hội chứng dị tật bẩm sinh tác động chủ yếu vào diện mạo [hình dạng] của mặt

101

Q87.1

Hội chứng dị tật bẩm sinh liên quan chủ yếu đến tầm vóc thấp

102

Q87.2

Hội chứng dị tật bẩm sinh liên quan chủ yếu đến các chi

103

Q87.3

Hội chứng dị tật bẩm sinh có phát triển sớm quá mức

104

Q87.8

Hội chứng dị tật bẩm sinh xác định khác, không phân loại mục khác

105

Q89.3

Đảo ngược phủ tạng

106

Q93.5

Mất đoạn khác của nhiễm sắc thể

107

Q96

Hội chứng Turner

108

Q96.0

Công thức nhiễm sắc thể 45,X

109

Q96.1

Công thức nhiễm sắc thể 46,X iso (Xq)

110

Q96.2

Công thức nhiễm sắc thể 46,X với nhiễm sắc thể giới tính bất thường, trừ iso (Xq)

111

Q96.3

Thể khảm, 45,X/46,XX hay XY

112

Q96.4

Thể khảm, 45,X /dòng tế bào khác có nhiễm sắc thể giới tính bất thường

113

Q96.8

Thể khác của hội chứng Turner

114

Q96.9

Hội chứng Turner, không xác định

115

Q97

Bất thường nhiễm sắc thể giới tính khác, kiểu hình nữ, không phân loại mục khác

116

Q97.0

Công thức nhiễm sắc thể 47,XXX

117

Q97.1

Nữ có hơn 3 nhiễm sắc thể X

118

Q97.2

Thể khảm, dòng có số lượng nhiễm sắc thể X khác nhau

119

Q97.3

Nữ có công thức nhiễm sắc thể 46,XY

120

Q97.8

Bất thường nhiễm sắc thể giới tính xác định khác, kiểu hình nữ

121

Q97.9

Bất thường nhiễm sắc thể giới tính, kiểu hình nữ, không xác định

122

Q98

Bất thường nhiễm sắc thể giới tính khác, kiểu hình nam không phân loại mục khác

123

Q98.0

Hội chứng Klinefelter có công thức nhiễm sắc thể 47,XXY

124

Q98.1

Hội chứng Klinefelter, nam giới có hơn 2 nhiễm sắc thể X

125

Q98.2

Hội chứng Klinefelter, nam giới có công thức nhiễm sắc thể 46,XX

126

Q98.3

Nam giới khác có công thức nhiễm sắc thể 46,XX

127

Q98.4

Hội chứng Klinefelter, không xác định

128

Q98.5

Công thức nhiễm sắc thể 47,XYY

129

Q98.6

Nam có cấu trúc nhiễm sắc thể giới tính bất thường

130

Q98.7

Nam có thể khảm nhiễm sắc thể giới tính

131

Q98.8

Bất thường nhiễm sắc thể giới tính xác định khác, kiểu hình nam

132

Q98.9

Bất thường nhiễm sắc thể giới tính, kiểu hình nam, không xác định

133

Q99.0

Hợp thể khảm 46,XX/46,XY

134

Q99.1

Lưỡng tính thật 46,XX

135

Q99.2

Nhiễm sắc thể X dễ gãy [Fragile X]

136

Q99.8

Bất thường nhiễm sắc thể xác định khác

137

Q99.9

Bất thường nhiễm sắc thể, không xác định

Danh mục 137 bệnh được thông báo, tiết lộ giới tính thai nhi từ 01/7/2026 ra sao? (Hình từ Internet)

Theo Điều 34 Luật Khám bệnh, chữa bệnh 2023 có quy định về các hành vi bị đình chỉ hành nghề như sau:

Theo đó, từ ngày 01/7/2026, nếu bác sĩ tiết lộ giới tính thai nhi để phá thai sẽ bị đình chỉ hành nghề.

Theo Điều 51 Luật Bảo hiểm xã hội 2024 quy định về thời gian nghỉ việc hưởng chế độ thai sản khi sinh con như sau:

Theo đó, thời gian nghỉ việc hưởng chế độ thai sản sẽ tính cả ngày nghỉ lễ, tết, ngày nghỉ hằng tuần.

Điều 34. Đình chỉ hành nghề

1. Người hành nghề bị đình chỉ hành nghề trong các trường hợp sau đây:

a) Bị Hội đồng chuyên môn quy định tại Điều 101 của Luật này xác định có sai sót chuyên môn kỹ thuật đến mức phải đình chỉ hành nghề nhưng chưa đến mức bị thu hồi giấy phép hành nghề;

b) Bị cơ quan có thẩm quyền kết luận có vi phạm đạo đức nghề nghiệp nhưng chưa đến mức phải thu hồi giấy phép hành nghề;

c) Không đủ sức khỏe để hành nghề.

d) Có hành vi thông báo, tiết lộ giới tính thai nhi để phá thai.

2. Tùy theo tính chất, mức độ sai sót chuyên môn kỹ thuật, vi phạm đạo đức nghề nghiệp, tình trạng sức khỏe, người hành nghề bị đình chỉ hành nghề trong thời hạn từ 01 tháng đến 24 tháng.

3. Sau khi bị đình chỉ hành nghề, tùy tính chất, mức độ sai sót chuyên môn kỹ thuật mà người hành nghề phải cập nhật kiến thức y khoa theo kết luận của Hội đồng chuyên môn quy định tại Điều 101 của Luật này.

4. Chính phủ quy định chi tiết Điều này.

Điều 53. Thời gian nghỉ việc hưởng chế độ thai sản khi sinh con

[...]

2. Lao động nam đang tham gia bảo hiểm xã hội bắt buộc khi vợ sinh con được nghỉ việc hưởng chế độ thai sản với thời gian như sau:

a) 05 ngày làm việc;

b) 07 ngày làm việc khi vợ sinh con phải phẫu thuật hoặc sinh con dưới 32 tuần tuổi;

c) Trường hợp vợ sinh đôi thì được nghỉ 10 ngày làm việc. Trường hợp sinh ba trở lên thì được nghỉ thêm 03 ngày làm việc cho mỗi con tính từ con thứ ba trở đi;

d) Trường hợp vợ sinh đôi phải phẫu thuật thì được nghỉ 14 ngày làm việc. Trường hợp sinh ba trở lên phải phẫu thuật thì được nghỉ thêm 03 ngày làm việc cho mỗi con tính từ con thứ ba trở đi.

[...]

9. Thời gian nghỉ việc hưởng chế độ thai sản quy định tại các khoản 1, 4, 5, 6 và 7 Điều này tính cả ngày nghỉ lễ, tết, ngày nghỉ hằng tuần.","the-thao-y-te","","","","2026-05-20T00:00:00","https://thuvienphapluat.vn/hoi-dap-phap-luat/danh-muc-137-benh-duoc-thong-bao-tiet-lo-gioi-tinh-thai-nhi-tu-0172026-ra-sao-138091245.html","2026-05-21T20:33:18.515451+00:00"
"138091377","Từ 1/1/2027, phụ nữ sinh đủ 2 con trước 35 tuổi được hỗ trợ 2 triệu đồng đúng không?","Từ 1/1/2027, phụ nữ sinh đủ 2 con trước 35 tuổi được hỗ trợ 2 triệu đồng đúng không?

Phạm vi, đối tượng khám sàng lọc một số bệnh bẩm sinh trước sinh và sơ sinh ra sao?

Phụ nữ sinh con thứ 3 được nghỉ thai sản 7 tháng từ ngày 01/7/2026 đúng không?

Từ ngày 1/1/2027, phụ nữ sinh đủ 2 con trước 35 tuổi sẽ được nhận mức hỗ trợ tài chính tối thiểu là 2.000.000 đồng/phụ nữ khi sinh con.

Căn cứ Điều 3 Nghị định 168/2026/NĐ-CP quy định như sau:

Căn cứ Điều 14 Nghị định 168/2026/NĐ-CP quy định như sau:

Như vậy, mức hỗ trợ tài chính tối thiểu là 2.000.000 đồng/phụ nữ khi sinh con trước 35 tuổi, quy định này có hiệu lực thi hành từ ngày 01 tháng 01 năm 2027.

Trên đây là thông tin về ""Từ 1/1/2027, phụ nữ sinh đủ 2 con trước 35 tuổi được hỗ trợ 2 triệu đồng đúng không?"".

Từ 1/1/2027, phụ nữ sinh đủ 2 con trước 35 tuổi được hỗ trợ 2 triệu đồng đúng không? (Hình từ Internet)

Theo Điều 9 Nghị định 168/2026/NĐ-CP quy định phạm vi, đối tượng khám sàng lọc một số bệnh bẩm sinh trước sinh và sơ sinh như sau:

- Phụ nữ mang thai được khám và thực hiện các phương pháp sàng lọc trước sinh đủ 04 bệnh cơ bản: Hội chứng Down, hội chứng Edwards, hội chứng Patau, bệnh Thalassemia (tan máu bẩm sinh) (sau đây gọi là gói dịch vụ sàng lọc trước sinh).

- Trẻ sơ sinh được khám và thực hiện các phương pháp sàng lọc sơ sinh đủ 05 bệnh cơ bản: Suy giáp trạng bẩm sinh, thiếu men G6PD, tăng sản thượng thận bẩm sinh, khiếm thính bẩm sinh, bất thường tim bẩm sinh nặng (sau đây gọi là gói dịch vụ sàng lọc sơ sinh).

Theo khoản 1 Điều 139 Bộ luật Lao động 2019 được sửa đổi bởi khoản 1 Điều 29 Luật Dân số 2025 (có hiệu lực từ ngày 01/7/2026) như sau:

Theo đó, từ ngày 01/7/2026, lao động nữ sinh con thứ 3 (sinh đơn) được nghỉ thai sản 06 tháng, không được nghỉ 07 tháng, ngoại trừ trường hợp sinh đôi trở lên thì tính từ con thứ hai trở đi cứ mỗi con được nghỉ thêm 01 tháng.

Điều 3. Mức hỗ trợ tài chính khi sinh con và trình tự, thủ tục thực hiện việc hỗ trợ tài chính

1. Mức hỗ trợ tài chính tối thiểu là 2.000.000 đồng/phụ nữ khi sinh con thuộc các trường hợp sau:

a) Phụ nữ dân tộc thiểu số rất ít người;

b) Phụ nữ ở tỉnh, thành phố có mức sinh dưới mức sinh thay thế;

c) Phụ nữ sinh đủ 02 con trước 35 tuổi.

Phụ nữ khi sinh con đồng thời thuộc các trường hợp được quy định tại điểm a, b và điểm c khoản 1 Điều này thì được hưởng một mức hỗ trợ.

2. Trình tự, thủ tục thực hiện hỗ trợ kinh phí khi sinh con

Chủ tịch Ủy ban nhân dân xã, phường, đặc khu (gọi chung là Ủy ban nhân dân cấp xã) căn cứ thông tin từ hệ thống liên thông thủ tục đăng ký khai sinh, cơ sở dữ liệu quốc gia dân cư, ứng dụng định danh quốc gia (VnelD) và các cơ sở dữ liệu có sẵn để quyết định hỗ trợ kinh phí và thực hiện chi trả cho phụ nữ sinh con theo quy định tại khoản 1 Điều này cùng với thời điểm đăng ký khai sinh.

Điều 14. Hiệu lực thi hành

1. Nghị định này có hiệu lực thi hành từ ngày 01 tháng 7 năm 2026, trừ trường hợp quy định tại khoản 2 Điều này.

2. Quy định tại điểm b, điểm c khoản 1 Điều 3 Nghị định này, điểm b khoản 2 Điều 10 Nghị định này và điểm b khoản 2 Điều 12 Nghị định này có hiệu lực thi hành từ ngày 01 tháng 01 năm 2027.

3. Nghị định số 39/2015/NĐ-CP của Chính phủ quy định chính sách hỗ trợ cho phụ nữ thuộc hộ nghèo là người dân tộc thiểu số khi sinh con đúng chính sách dân số hết hiệu lực từ ngày 01 tháng 7 năm 2026.

Điều 139. Nghỉ thai sản

1. Lao động nữ được nghỉ thai sản trước và sau khi sinh con là 06 tháng; trường hợp sinh con thứ hai, lao động nữ được nghỉ thai sản trước và sau khi sinh con là 07 tháng; thời gian nghỉ trước khi sinh không quá 02 tháng.

Trường hợp lao động nữ sinh đôi trở lên thì tính từ con thứ hai trở đi, cứ mỗi con, người mẹ được nghỉ thêm 01 tháng.

2. Trong thời gian nghỉ thai sản, lao động nữ được hưởng chế độ thai sản theo quy định của pháp luật về bảo hiểm xã hội.

3. Hết thời gian nghỉ thai sản theo quy định tại khoản 1 Điều này, nếu có nhu cầu, lao động nữ có thể nghỉ thêm một thời gian không hưởng lương sau khi thỏa thuận với người sử dụng lao động.

[...]","the-thao-y-te","","","","2026-05-20T00:00:00","https://thuvienphapluat.vn/hoi-dap-phap-luat/tu-112027-phu-nu-sinh-du-2-con-truoc-35-tuoi-duoc-ho-tro-2-trieu-dong-dung-khong-138091377.html","2026-05-21T20:33:24.264745+00:00"
"138091337","Toàn văn Nghị định 165/2026/NĐ-CP hướng dẫn Luật Phòng bệnh chi tiết thế nào?","Toàn văn Nghị định 165 2026 NĐ CP hướng dẫn Luật Phòng bệnh chi tiết thế nào?

Từ 1/7/2026, Quỹ phòng bệnh chi cho các nội dung nào?

Từ 1/7/2026, định kỳ bao lâu thì Bộ Y tế báo cáo Chính phủ để báo cáo Quốc hội về kết quả hoạt động và việc quản lý, sử dụng Quỹ phòng bệnh?

Ngày 15/5/2026, Chính phủ ban hành Nghị định 165/2026/NĐ-CP quy định chi tiết và hướng dẫn thi hành một số điều của Luật Phòng bệnh 2025.

Tải về Nghị định 165/2026/NĐ-CP

Nghị định 165/2026/NĐ-CP quy định chi tiết Điều 14, điểm b khoản 5 Điều 15, điểm d khoản 1 Điều 16, Điều 19, Điều 20, khoản 5 Điều 22, khoản 4 Điều 23, Điều 24, Điều 25, khoản 3 Điều 27, khoản 5 Điều 30, khoản 6 Điều 31, khoản 4 Điều 32, khoản 4 Điều 34, khoản 3 Điều 35, Điều 40, khoản 2 Điều 41, khoản 7 Điều 43 Luật Phòng bệnh 2025 và biện pháp để tổ chức, hướng dẫn thi hành Luật Phòng bệnh 2025 về tổ chức kiểm dịch y tế, yêu cầu kỹ thuật và tổ chức thực hiện cho hoạt động kiểm dịch y tế và xét nghiệm trong giám sát, phòng, chống bệnh truyền nhiễm.

Nghị định 165/2026/NĐ-CP có hiệu lực thi hành từ ngày 01/7/2026, ngoại trừ:

- Điều 49 và khoản 3 Điều 60 Nghị định 165/2026/NĐ-CP có hiệu lực thi hành từ ngày 01/7/2027.

- Các điều 66, 67 và 68 Nghị định 165/2026/NĐ-CP có hiệu lực thi hành từ ngày 01/01/2028.

Toàn văn Nghị định 165 2026 NĐ CP hướng dẫn Luật Phòng bệnh chi tiết thế nào? (Hình từ Internet)

Căn cứ theo Điều 92 Nghị định 165/2026/NĐ-CP Tải về, từ ngày 01/7/2026, nội dung chi của Quỹ phòng bệnh bao gồm:

- Chi cho các hoạt động phòng, chống tác hại của thuốc lá:

+ Xây dựng nội dung và tổ chức giáo dục về tác hại và phòng, chống tác hại của thuốc lá trong các cơ sở giáo dục; truyền thông về tác hại của thuốc lá và phòng, chống tác hại của thuốc lá;

+ Xây dựng, triển khai môi trường cộng đồng, cơ quan, tổ chức không khói thuốc lá và tổ chức các chiến dịch, sáng kiến về phòng, chống tác hại của thuốc lá;

+ Tổ chức cai nghiện thuốc lá;

+ Nghiên cứu đưa ra những bằng chứng phục vụ cho công tác phòng, chống tác hại của thuốc lá;

+ Xây dựng, hỗ trợ hoạt động, nâng cao năng lực cho mạng lưới cộng tác viên và cán bộ tham gia hoạt động về phòng, chống tác hại của thuốc lá;

+ Nghiên cứu các giải pháp chuyển đổi ngành, nghề cho người trồng cây thuốc lá;

+ Thực hiện các nhiệm vụ khác theo quy định của pháp luật.

- Chi hỗ trợ cho các hoạt động khám sức khỏe định kỳ hoặc khám sàng lọc miễn phí:

+ Khám sức khỏe định kỳ hoặc khám sàng lọc miễn phí; kiểm tra sức khỏe đầu năm học, khám sàng lọc bệnh, tật;

+ Truyền thông về khám sức khoẻ định kỳ hoặc khám sàng lọc miễn phí cho người dân;

+ Tổ chức thực hiện các hoạt động khám sức khỏe định kỳ hoặc khám sàng lọc miễn phí.

- Chi hỗ trợ cho các hoạt động phòng, chống bệnh không lây nhiễm:

+ Phòng, chống các yếu tố nguy cơ mắc bệnh không lây nhiễm;

+ Thực hiện dự phòng bệnh không lây nhiễm tại cộng đồng;

+ Thực hiện quản lý bệnh không lây nhiễm tại cộng đồng.

- Chi hỗ trợ cho các hoạt động phòng, chống rối loạn tâm thần:

+ Phòng, chống các yếu tố nguy cơ rối loạn tâm thần;

+ Quản lý người mắc rối loạn tâm thần tại cộng đồng;

+ Thực hiện quản lý, chăm sóc y tế, xã hội cho người mắc rối loạn tâm thần tại cộng đồng.

- Chi hỗ trợ cho các hoạt động thực hiện dinh dưỡng trong phòng bệnh:

+ Đánh giá, theo dõi về tình trạng dinh dưỡng;

+ Tư vấn, hướng dẫn dinh dưỡng hợp lý;

+ Thông tin, giáo dục, truyền thông về dinh dưỡng hợp lý;

+ Can thiệp dinh dưỡng theo từng lứa tuổi, từng đối tượng phù hợp với tình trạng dinh dưỡng;

+ Các biện pháp thực hiện dinh dưỡng trong phòng bệnh khác do Bộ trưởng Bộ Y tế quyết định phù hợp với tình hình thực tế.

- Chi hỗ trợ cho các hoạt động nghiên cứu, ứng dụng khoa học, công nghệ, đổi mới sáng tạo và chuyển đổi số trong phòng bệnh:

+ Thống nhất, tích hợp, liên thông dữ liệu giữa các ứng dụng công nghệ thông tin phục vụ công tác phòng bệnh bảo đảm an toàn và bảo mật thông tin;

+ Nghiên cứu, đánh giá, ứng dụng khoa học, công nghệ, dữ liệu lớn, trí tuệ nhân tạo và đổi mới sáng tạo trong nghiên cứu về hoạt động phòng, chống tác hại của thuốc lá; phòng, chống bệnh truyền nhiễm; phòng, chống bệnh không lây nhiễm; phòng, chống rối loạn tâm thần; dinh dưỡng trong phòng bệnh; dự phòng và sơ cứu, cấp cứu thương tích tại cộng đồng;

+ Hỗ trợ cho các Hội đồng chuyên môn trong phòng bệnh;

+ Hỗ trợ cấp học bổng hoặc trợ cấp cho người học đại học thuộc lĩnh vực y học dự phòng, y tế công cộng, dinh dưỡng.

- Chi hỗ trợ cho các hoạt động hợp tác quốc tế về phòng bệnh:

+ Học tập kinh nghiệm quốc tế về phòng bệnh;

+ Tham dự các cuộc họp, hội nghị, hội thảo, tọa đàm quốc tế về phòng bệnh.

- Thực hiện một số dịch vụ y tế dự phòng để phòng, chống bệnh truyền nhiễm; phòng, chống bệnh không lây nhiễm; phòng, chống rối loạn tâm thần; dinh dưỡng trong phòng bệnh và dịch vụ y tế dự phòng khác do Bộ trưởng Bộ Y tế quy định.

Căn cứ theo khoản 3 Điều 93 Nghị định 165/2026/NĐ-CP Tải về quy định như sau:

Như vậy, từ ngày 01/7/2026, định kỳ 03 năm một lần thì Bộ Y tế báo cáo Chính phủ để báo cáo Quốc hội về kết quả hoạt động và việc quản lý, sử dụng Quỹ phòng bệnh.

Điều 93. Quản lý tài chính, chế độ kế toán, kiểm toán của Quỹ phòng bệnh

1. Cơ chế, thủ tục thu, nộp khoản đóng góp bắt buộc vào Quỹ phòng bệnh; nội dung chi, mức chi đối với hoạt động Quỹ phòng bệnh theo hướng dẫn của Bộ Tài chính. Chế độ báo cáo kế toán, quyết toán theo quy định của pháp luật về kế toán.

2. Thực hiện công khai số thu (khoản đóng góp bắt buộc 2% trên giá tính thuế tiêu thụ đặc biệt của cơ sở sản xuất, nhập khẩu thuốc lá; nguồn tài trợ, đóng góp tự nguyện, hợp pháp của doanh nghiệp, tổ chức, cá nhân trong nước và nước ngoài; viện trợ không hoàn lại không thuộc hỗ trợ phát triển chính thức của cá nhân, tổ chức nước ngoài; các nguồn thu hợp pháp khác theo quy định của pháp luật) và số chi, số dư Quỹ phòng bệnh hằng năm.

3. Hằng năm, Quỹ phòng bệnh có trách nhiệm báo cáo tình hình thực hiện thu, chỉ năm trước và dự kiến thu, chi năm kế hoạch gửi Bộ Y tế cùng với thời điểm lập dự toán ngân sách nhà nước để tổng hợp chung gửi Bộ Tài chính theo quy định; gửi báo cáo quyết toán và báo cáo tài chính về Bộ Y tế để tổng hợp chung báo cáo Bộ Tài chính theo quy định.

4. Định kỳ 03 năm một lần, Bộ Y tế báo cáo Chính phủ để báo cáo Quốc hội về kết quả hoạt động và việc quản lý, sử dụng Quỹ phòng bệnh.","the-thao-y-te","","","","2026-05-20T00:00:00","https://thuvienphapluat.vn/hoi-dap-phap-luat/toan-van-nghi-dinh-1652026ndcp-huong-dan-luat-phong-benh-chi-tiet-the-nao-138091337.html","2026-05-21T20:33:30.813883+00:00"
"138091347","Đáp án Tìm hiểu Nghị quyết 72-NQ/TW của Bộ Chính trị về bảo vệ chăm sóc và nâng cao sức khỏe Nhân dân như thế nào?","Đáp án Tìm hiểu Nghị quyết 72-NQ/TW của Bộ Chính trị về bảo vệ chăm sóc và nâng cao sức khỏe Nhân dân như thế nào?

Theo Nghị quyết 72-NQ/TW năm 2025, đến năm 2030, số trạm y tế cấp xã được đầu tư cơ sở vật chất, thiết bị y tế, nhân lực theo chức năng, nhiệm vụ đạt bao nhiêu %?

Theo Nghị quyết 72-NQ/TW năm 2025, tầm nhìn đến năm 2045, người dân có tuổi thọ trung bình là bao nhiêu tuổi?

Trung tâm Kiểm soát bệnh tật Thành phố Hồ Chí Minh chính thức phát động Cuộc thi trắc nghiệm trực tuyến Tìm hiểu Nghị quyết 72-NQ/TW năm 2025 của Bộ Chính trị về bảo vệ, chăm sóc và nâng cao sức khỏe Nhân dân.

Cuộc thi Tìm hiểu Nghị quyết 72-NQ/TW năm 2025 của Bộ Chính trị về bảo vệ chăm sóc và nâng cao sức khỏe Nhân dân diễn ra từ 8 giờ ngày 20/5/2026 đến 23 giờ ngày 26/5/2026 tại https://hcdc.vn/cuocthi-nq72

Dưới đây là Đáp án Cuộc thi Tìm hiểu Nghị quyết 72-NQ/TW của Bộ Chính trị về bảo vệ chăm sóc và nâng cao sức khỏe Nhân dân:

Câu 1

Vai trò của y học cổ truyền trong hệ thống y tế cơ sở được đẩy mạnh theo hướng nào?

A. Loại bỏ dần các bài thuốc dân gian không rõ nguồn gốc.

B. Kết hợp chặt chẽ YHCT và y học hiện đại; phát triển vùng trồng dược liệu đạt chuẩn.

C. Chỉ sử dụng YHCT để xoa bóp và bấm huyệt đơn thuần.

D. Biến các trạm y tế xã thành các hiệu thuốc đông y chuyên biệt.

Câu 2

Quan điểm của Nghị quyết về việc huy động nguồn lực cho y tế là gì?

A. Ngân sách nhà nước giữ vai trò chủ đạo trong đầu tư y tế.

B. Huy động và sử dụng hiệu quả mọi nguồn lực, khuyến khích, phát triển y tế tư nhân.

C. Kiểm soát chặt chẽ nguồn vốn đầu tư từ bên ngoài.

D. Mở rộng phạm vi chi trả của ngân sách cho các dịch vụ kỹ thuật cao.

Câu 3

Theo quan điểm chỉ đạo tại Nghị quyết số 72-NQ/TW, mục đích của việc ban hành chính sách, cơ chế đột phá trong huy động và sử dụng hiệu quả mọi nguồn lực là gì?

A. Từng bước cơ cấu lại chi ngân sách nhà nước cho lĩnh vực y tế

B. Nâng cao chất lượng công tác bảo vệ, chăm sóc, nâng cao sức khoẻ Nhân dân; đẩy mạnh phát triển khoa học, công nghệ và chuyển đổi số trong y tế: cải cách mạnh mẽ tài chính y tế, bảo đảm hiệu quả, bền vững của chính sách bảo hiểm y tế.

C. Phân bổ lại chi phí y tế theo hướng tăng trách nhiệm của người sử dụng dịch vụ.

D. Ưu tiên nguồn lực tài chính cho các cơ sở y tế chất lượng cao

Câu 4

Giải pháp về giáo dục sức khỏe trong nhà trường tập trung vào điều gì?

A. Cách sử dụng các loại thuốc kháng sinh cơ bản.

B. Giáo dục thể chất, sức khỏe, dinh dưỡng phù hợp với từng cấp học.

C. Quy trình thủ tục hành chính khi đi khám bệnh.

D. Lịch sử hình thành các loại vắc-xin trên thế giới.

Câu 5

Theo Nghị quyết, giải pháp phát triển y tế cho người cao tuổi bao gồm nội dung nào?

A. Khuyến khích người già ở tại nhà tự chăm sóc.

B. Mỗi tỉnh, thành phố trực thuộc Trung ương có ít nhất 1 bệnh viện lão khoa hoặc bệnh viện đa khoa có chuyên khoa lão khoa.

C. Chuyển toàn bộ người cao tuổi vào các nhà dưỡng lão tư nhân.

D. Chỉ cấp phát thuốc miễn phí cho người trên 90 tuổi.

Câu 6

Trong xây dựng và thực hiện các chính sách y tế, người dân được xác định ở vị trí và mức độ ưu tiên như thế nào?

A. Là đối tượng thụ hưởng, được ưu tiên sau các chuyên gia.

B. Là chủ thể trung tâm, được ưu tiên cao nhất

C. Là khách hàng dịch vụ, được ưu tiên theo mức đóng phí

D. Là người phối hợp, được ưu tiên tại các thành phố lớn.

Câu 7

Ban Tuyên giáo và Dân vận Trung ương có nhiệm vụ gì trong việc triển khai Nghị quyết 72?

A. Xây dựng chương trình, kế hoạch triển khai thực hiện

B. Chủ trì, phối hợp với các cơ quan liên quan xây dựng kế hoạch tuyên truyền triển khai Nghị quyết.

C. Tổ chức, chỉ đạo, phân công thực hiện công tác báo cáo, đánh giá tình hình, tiến độ, kết quả thực hiện Nghị quyết theo chức năng, nhiệm vụ

D. Khuyến khích người dân tự sản xuất các loại thực phẩm tại nhà.

Câu 8

Theo Nghị quyết đến năm 2030, tăng tỉ lệ khám bệnh, chữa bệnh bảo hiểm y tế tại trạm y tế cấp xã lên mức bao nhiêu %7

A. Trên 35%

B. Trên 30%

C. Trên 25%

D. Trên 20%

Câu 9

Theo Nghị quyết số 72-NQ/TW, mục tiêu đến năm nào mỗi trạm y tế cấp xã có ít nhất từ 4 - 5 bác sĩ?

A. Năm 2027.

B. Năm 2028.

C. Năm 2029.

D. Năm 2030

Câu 10

Theo Nghị quyết, mỗi người dân cần làm gì để phối hợp quản lý sức khỏe cá nhân hiệu quả?

A. Chỉ cần ghi chép số tay cá nhân của chính mình.

B. Chủ động phối hợp thiết lập và sử dụng hồ sơ sức khỏe điện tử

C. Từ chối cung cấp thông tin y tế để bảo mật đời tư

D. Chỉ cung cấp thông tin khi có yêu cầu từ công an địa phương.

Câu 11

Theo Nghị quyết số 72-NQ/TW, dinh dưỡng trong phòng bệnh phải được chú trọng thực hiện như thế nào?

A. Bảo đảm cân đối về khẩu phần, thành phần dinh dưỡng phù hợp với trẻ ở từng độ tuổi.

B. Chú trọng thực hiện trong giai đoạn đầu đời.

C. Chú trong thực hiện trong 24 tháng đầu đời.

D. Thực hiện trong suốt vòng đời, theo từng lứa tuổi, giai đoạn phát triển, tình trạng sức khoẻ, bảo đảm cân đối về khẩu phần, thành phần dinh dưỡng, chất lượng bữa ăn, phù hợp với thể trạng, văn hoá và điều kiện kinh tế của người Việt Nam.

Câu 12

Nghị quyết xác định sức khỏe giữ vị trí, vai trò thế nào đối với sự phát triển của dân tộc?

A. Là một trong các kết quả phản ánh trình độ phát triển kinh tế - xã hội

B. Là nền tảng quan trọng nhất cho hạnh phúc của mọi người, sự tồn vong của dân tộc.

C. Là lĩnh vực dịch vụ đặc thù góp phần tăng trưởng kinh tế.

D. Là mục tiêu phát triển được ưu tiên theo từng giai đoạn phát triển của đất nước

Câu 13

Nghị quyết đề ra mục tiêu đến năm bao nhiêu người dân được miễn viện phí ở mức cơ bản trong phạm vi BHYT?

A. 2026

B. 2027

C. 2030

D. 2045

Câu 14

Theo Nghị quyết 72-NQ/TW công tác bảo vệ, chăm sóc và nâng cao sức khỏe Nhân dân được xác định là:

A. Nhiệm vụ thường xuyên gần với hoạt động chuyên môn của ngành,

B. Nhiệm vụ chính trị hàng đầu.

C. Nhiệm vụ ưu tiên trong các tình huống đặc biệt về y tế.

D. Nhiệm vụ cần đẩy mạnh xã hội hóa và phân cấp thực hiện.

Câu 15

Theo Nghị quyết số 72-NQ/TW, một trong những nội dung cần thực hiện đề xây dựng môi trường sống khoẻ mạnh cho Nhân dân là gì?

A. Chỉ quan tâm đến việc dọn vệ sinh trong khuôn viên nhà mình.

B. Xây dựng các mô hình cộng đồng, trường học và nơi làm việc an toàn, khoẻ mạnh.

C. Để chính quyền tự lo việc vệ sinh môi trường công cộng.

D. Phản đối việc xây dựng các khu xử lý rác thải tại địa phương.

Câu 16

Theo tầm nhìn 2045, số năm sống khỏe mạnh của người dân đạt bao nhiêu tuổi?

A. Trên 68 tuổi,

B. Trên 70 tuổi.

C. Trên 71 tuổi

D. Trên 75 tuổi.

Câu 17

Theo Nghị quyết, nguồn tài chính nào giữ vai trò chủ đạo trong chỉ thường xuyên và đầu tư cho y tế dự phòng, y tế cơ sở?

A. Nguồn viện trợ quốc tế.

B. Ngân sách nhà nước.

C. Nguồn đóng góp tự nguyện của Nhân dân.

D. Nguồn thu từ các dịch vụ khám chữa bệnh theo yêu cầu.

Câu 18

Theo Nghị quyết, giải pháp phát triển một số trung tâm y tế chuyên sâu chất lượng cao ngang tầm khu vực, quốc tế nhằm mục tiêu gì?

A. Thay thế hoàn toàn các bệnh viện tuyến tỉnh hiện có.

B. Thu hút, phát triển du lịch chữa bệnh tại Việt Nam, giảm tình trạng người dân ra nước ngoài chữa bệnh.

C. Tập trung nguồn lực phục vụ riêng cho các chuyên gia nước ngoài

D. Chuyên môn hóa việc sản xuất các thiết bị y tế kỹ thuật cao

Câu 19

Nghị quyết đề ra mục tiêu tỉ lệ bao phủ Bảo hiểm y tế đạt trên 95% dân số vào năm nào?

A. 2026

B. 2027

C. 2030

D. 2045

Câu 20

Nghị quyết đề ra mục tiêu bao nhiêu trạm y tế cấp xã đến năm 2030 được đầu tư cơ sở vật chất, thiết bị y tế, nhân lực theo chức năng, nhiệm vụ?

A. 100% trạm y tế cấp xã được đầu tư cơ sở vật chất, thiết bị y tế, nhân lực theo chức năng, nhiệm vụ

B. 95% trạm y tế cấp xã được đầu tư cơ sở vật chất, thiết bị y tế, nhân lực theo chức năng, nhiệm vụ.

C. 90% trạm y tế cấp xã được đầu tư cơ sở vật chất, thiết bị y tế, nhân lực theo chức năng, nhiệm vụ

D. 85% trạm y tế cấp xã được đầu tư cơ sở vật chất, thiết bị y tế, nhân lực theo chức năng, nhiệm vụ.

Xem thêm:

Từ 2026, doanh nghiệp phải tổ chức khám sức khỏe định kỳ, khám sàng lọc miễn phí hằng năm cho người lao động theo Chỉ thị 17 đúng không?

Khám sức khỏe định kỳ miễn phí cho học sinh sinh viên từ năm học 2026 2027 theo Chỉ thị 17 đúng không?

Lưu ý: Đáp án Tìm hiểu Nghị quyết 72-NQ/TW của Bộ Chính trị về bảo vệ chăm sóc và nâng cao sức khỏe Nhân dân chỉ mang tính chất tham khảo!

Căn cứ theo Tiểu mục 1 Mục 2 Nghị quyết 72-NQ/TW năm 2025 nêu:

Như vậy, mục tiêu đến năm 2030 đạt 100% trạm y tế cấp xã được đầu tư cơ sở vật chất, thiết bị y tế, nhân lực theo chức năng, nhiệm vụ.

Căn cứ theo Tiểu mục 2 Mục 2 Nghị quyết 72-NQ/TW năm 2025 nêu:

Như vậy, tầm nhìn đến năm 2045, người dân có tuổi thọ trung bình đạt trên 80 tuổi, trong đó số năm sống khoẻ mạnh tăng lên trên 71 tuổi, tầm vóc, thể lực, chiều cao trung bình của thanh niên tương đương các quốc gia có cùng mức phát triển.

II- MỤC TIÊU

1. Mục tiêu đến năm 2030

- Nâng cao thể lực, trí lực, tầm vóc và tuổi thọ khỏe mạnh của Nhân dân. Đến năm 2030, tăng chiều cao trung bình của trẻ em và thanh thiếu niên từ 1 - 18 tuổi thêm tối thiểu 1,5cm; tuổi thọ trung bình đạt 75,5 tuổi, trong đó số năm sống khỏe mạnh đạt tối thiểu 68 năm.

- Giảm gánh nặng bệnh tật và kiểm soát các yếu tố nguy cơ ảnh hưởng đến sức khỏe. Tỷ lệ tiêm chủng các vắc-xin trong Chương trình tiêm chủng thiết yếu đạt trên 95%. Tỷ lệ người dân thường xuyên tham gia hoạt động thể chất tăng thêm 10%. Tăng cường kiểm soát các yếu tố nguy cơ ảnh hưởng đến sức khỏe như rượu, bia, thuốc lá và từ môi trường đất, nước, không khí...

- Người dân được tiếp cận dịch vụ y tế có chất lượng, hướng tới chăm sóc sức khỏe toàn diện. Từ năm 2026, người dân được khám sức khỏe định kỳ hoặc khám sàng lọc miễn phí ít nhất mỗi năm 1 lần, được lập sổ sức khỏe điện tử để quản lý sức khỏe theo vòng đời, từng bước giảm gánh nặng chi phí y tế. Đến năm 2030, người dân được miễn viện phí ở mức cơ bản trong phạm vi quyền lợi bảo hiểm y tế theo lộ trình.

- 100% trạm y tế cấp xã được đầu tư cơ sở vật chất, thiết bị y tế, nhân lực theo chức năng, nhiệm vụ; đến năm 2027 có ít nhất từ 4 - 5 bác sĩ. Tăng tỷ lệ khám bệnh, chữa bệnh bảo hiểm y tế tại trạm y tế cấp xã lên trên 20%.

[...]

II- MỤC TIÊU

[...]

2. Tầm nhìn đến năm 2045

Phấn đấu môi trường sống có chất lượng tốt; các chỉ số sức khỏe của người dân, chỉ số bao phủ dịch vụ chăm sóc sức khỏe thiết yếu ngang tầm các nước phát triển trong khu vực và trên thế giới. Người dân có tuổi thọ trung bình đạt trên 80 tuổi, trong đó số năm sống khoẻ mạnh tăng lên trên 71 tuổi, tầm vóc, thể lực, chiều cao trung bình của thanh niên tương đương các quốc gia có cùng mức phát triển. Hệ thống y tế hiện đại, công bằng, hiệu quả, bền vững, lấy phòng bệnh làm ưu tiên hàng đầu, đáp ứng yêu cầu chăm sóc sức khỏe ngày càng cao và đa dạng của nhân dân.","the-thao-y-te","","","","2026-05-20T00:00:00","https://thuvienphapluat.vn/hoi-dap-phap-luat/dap-an-tim-hieu-nghi-quyet-72nqtw-cua-bo-chinh-tri-ve-bao-ve-cham-soc-va-nang-cao-suc-khoe-nhan-dan-138091347.html","2026-05-21T20:33:40.975453+00:00"
"138051494","Lịch Vạn niên 2026 - Lịch âm 2026 - Lịch dương 2026 chi tiết, đầy đủ 365 ngày tương ứng âm và dương?","Lịch Vạn niên 2026 - Lịch âm 2026 - Lịch dương 2026 chi tiết, đầy đủ 365 ngày tương ứng âm và dương?

Năm 2026, người lao động được nghỉ các ngày lễ, tết nào trong năm?

Người lao động có các quyền và nghĩa vụ gì?

Xem mới:

>>> Kịch bản sinh hoạt chi bộ tháng 5 2026 chi tiết ra sao?

>>> Tài liệu sinh hoạt chi bộ tháng 5/2026 chi tiết như thế nào?

>>> Nội dung trọng tâm sinh hoạt chi bộ Tháng 5/2026 chi tiết thế nào?

>>> Mẫu nội dung sinh hoạt chi bộ Tháng 5 năm 2026 chi tiết ra sao?

>>> Hướng dẫn sinh hoạt chi bộ tháng 5/2026 đầy đủ như thế nào?

Theo Lịch Vạn niên 2026 - Lịch âm 2026 - Lịch dương 2026, tết Âm lịch 2026 sẽ rơi vào các ngày sau:

- 29 tháng Chạp năm Ất Tỵ (29 Tết): Thứ hai, ngày 16/02/2026 dương lịch

- Mùng 1 tháng Giêng năm Bính Ngọ (Mùng 1 Tết): Thứ ba, ngày 17/02/2026 dương lịch

- Mùng 2 tháng Giêng năm Bính Ngọ (Mùng 2 Tết): Thứ tư, ngày 18/02/2026 dương lịch

- Mùng 3 tháng Giêng năm Bính Ngọ (Mùng 3 Tết): Thứ năm, ngày 19/02/2026 dương lịch

Dưới đây là Lịch Vạn niên 2026 - Lịch âm 2026 - Lịch dương 2026 chi tiết, đầy đủ 365 ngày tương ứng âm và dương:

Lịch Tháng 1 năm 2026

Lịch Tháng 2 năm 2026

Lịch Tháng 3 năm 2026

Lịch Tháng 4 năm 2026

Lịch Tháng 5 năm 2026

Lịch Tháng 6 năm 2026

Lịch Tháng 7 năm 2026

Lịch Tháng 8 năm 2026

Lịch Tháng 9 năm 2026

Lịch Tháng 10 năm 2026

Lịch Tháng 11 năm 2026

Lịch Tháng 12 năm 2026

XEM ĐẦY ĐỦ:

THÁNG 1/2026

>>> Xem lịch âm tháng 1 năm 2026 - Lịch vạn niên tháng 1 năm 2026 đầy đủ, chi tiết, mới nhất

>>> Lịch Dương Tháng 1 2026 chi tiết, chính xác nhất

THÁNG 2/2026

>>> Xem lịch âm tháng 2 năm 2026 - Lịch vạn niên tháng 2 năm 2026 đầy đủ, chi tiết, mới nhất

>>> Lịch Dương Tháng 2 2026 chi tiết, chính xác nhất

THÁNG 3/2026

>>> Xem lịch âm tháng 3 năm 2026 - Lịch vạn niên tháng 3 năm 2026 đầy đủ, chi tiết, mới nhất

>>> Lịch Dương Tháng 3 2026 chi tiết, chính xác nhất

THÁNG 4/2026

>>> Xem lịch âm tháng 4 năm 2026 - Lịch vạn niên tháng 4 năm 2026 đầy đủ, chi tiết, mới nhất

>>> Lịch Dương Tháng 4 2026 chi tiết, chính xác nhất

THÁNG 5/2026

>>> Xem lịch âm tháng 5 năm 2026 - Lịch vạn niên tháng 5 năm 2026 đầy đủ, chi tiết, mới nhất

>>> Lịch Dương Tháng 5 2026 chi tiết, chính xác nhất

THÁNG 6/2026

>>> Xem lịch âm tháng 6 năm 2026 - Lịch vạn niên tháng 6 năm 2026 đầy đủ, chi tiết, mới nhất

>>> Lịch Dương Tháng 6 2026 chi tiết, chính xác nhất

THÁNG 7/2026

>>> Xem lịch âm tháng 7 năm 2026 - Lịch vạn niên tháng 7 năm 2026 đầy đủ, chi tiết, mới nhất

>>> Lịch Dương Tháng 7 2026 chi tiết, chính xác nhất

THÁNG 8/2026

>>> Xem lịch âm tháng 8 năm 2026 - Lịch vạn niên tháng 8 năm 2026 đầy đủ, chi tiết, mới nhất

>>> Lịch Dương Tháng 8 2026 chi tiết, chính xác nhất

THÁNG 9/2026

>>> Xem lịch âm tháng 9 năm 2026 - Lịch vạn niên tháng 9 năm 2026 đầy đủ, chi tiết, mới nhất

>>> Lịch Dương Tháng 9 2026 chi tiết, chính xác nhất

THÁNG 10/2026

>>> Xem lịch âm tháng 10 năm 2026 - Lịch vạn niên tháng 10 năm 2026 đầy đủ, chi tiết, mới nhất

>>> Lịch Dương Tháng 10 2026 chi tiết, chính xác nhất

THÁNG 11/2026

>>> Xem lịch âm tháng 11 năm 2026 - Lịch vạn niên tháng 11 năm 2026 đầy đủ, chi tiết, mới nhất

>>> Lịch Dương Tháng 11 2026 chi tiết, chính xác nhất

THÁNG 12/2026

>>> Xem lịch âm tháng 12 năm 2026 - Lịch vạn niên tháng 12 năm 2026 đầy đủ, chi tiết, mới nhất

>>> Lịch Dương Tháng 12 2026 chi tiết, chính xác nhất

* Trên đây là Thông tin Lịch Vạn niên 2026 - Lịch âm 2026 - Lịch dương 2026 chi tiết, đầy đủ 365 ngày tương ứng âm và dương?

Lịch Vạn niên 2026 - Lịch âm 2026 - Lịch dương 2026 chi tiết, đầy đủ 365 ngày tương ứng âm và dương? (Hình từ Internet)

Căn cứ Điều 112 Bộ luật Lao động 2019 quy định về nghỉ lễ, tết như sau:

Như vậy, năm 2026 người lao động được nghỉ các ngày lễ, tết sau đây:

(1) Tết Dương lịch: 01 ngày (ngày 01 tháng 01 dương lịch);

(2) Tết Âm lịch: 05 ngày;

(3) Ngày Chiến thắng: 01 ngày (ngày 30 tháng 4 dương lịch);

(4) Ngày Quốc tế lao động: 01 ngày (ngày 01 tháng 5 dương lịch);

(5) Quốc khánh: 02 ngày (ngày 02 tháng 9 dương lịch và 01 ngày liền kề trước hoặc sau);

(6) Ngày Giỗ Tổ Hùng Vương: 01 ngày (ngày 10 tháng 3 âm lịch).

Ngoài ra, người lao động là người nước ngoài làm việc tại Việt Nam ngoài các ngày nghỉ nêu trên còn được nghỉ thêm 01 ngày Tết cổ truyền dân tộc và 01 ngày Quốc khánh của nước họ.

Lưu ý: Hằng năm, căn cứ vào điều kiện thực tế, Thủ tướng Chính phủ quyết định cụ thể ngày nghỉ quy định tại điểm b và điểm đ khoản 1 Điều 112 Bộ luật Lao động 2019

Căn cứ Điều 5 Bộ luật Lao động 2019 quy định cụ thể như sau:

Như vậy, người lao động có các quyền và nghĩa vụ như sau:

[1] Người lao động có các quyền sau đây:

- Làm việc; tự do lựa chọn việc làm, nơi làm việc, nghề nghiệp, học nghề, nâng cao trình độ nghề nghiệp; không bị phân biệt đối xử, cưỡng bức lao động, quấy rối tình dục tại nơi làm việc

- Hưởng lương phù hợp với trình độ, kỹ năng nghề trên cơ sở thỏa thuận với người sử dụng lao động; được bảo hộ lao động, làm việc trong điều kiện bảo đảm về an toàn, vệ sinh lao động; nghỉ theo chế độ, nghỉ hằng năm có hưởng lương và được hưởng phúc lợi tập thể

- Thành lập, gia nhập, hoạt động trong tổ chức đại diện người lao động, tổ chức nghề nghiệp và tổ chức khác theo quy định của pháp luật; yêu cầu và tham gia đối thoại, thực hiện quy chế dân chủ, thương lượng tập thể với người sử dụng lao động và được tham vấn tại nơi làm việc để bảo vệ quyền và lợi ích hợp pháp, chính đáng của mình; tham gia quản lý theo nội quy của người sử dụng lao động

- Từ chối làm việc nếu có nguy cơ rõ ràng đe dọa trực tiếp đến tính mạng, sức khỏe trong quá trình thực hiện công việc

- Đơn phương chấm dứt hợp đồng lao động

- Đình công

- Các quyền khác theo quy định của pháp luật

[2] Người lao động có các nghĩa vụ sau đây:

- Thực hiện hợp đồng lao động, thỏa ước lao động tập thể và thỏa thuận hợp pháp khác

- Chấp hành kỷ luật lao động, nội quy lao động; tuân theo sự quản lý, điều hành, giám sát của người sử dụng lao động

- Thực hiện quy định của pháp luật về lao động, việc làm, giáo dục nghề nghiệp, bảo hiểm xã hội, bảo hiểm y tế, bảo hiểm thất nghiệp và an toàn, vệ sinh lao động

Điều 112. Nghỉ lễ, tết

1. Người lao động được nghỉ làm việc, hưởng nguyên lương trong những ngày lễ, tết sau đây:

a) Tết Dương lịch: 01 ngày (ngày 01 tháng 01 dương lịch);

b) Tết Âm lịch: 05 ngày;

c) Ngày Chiến thắng: 01 ngày (ngày 30 tháng 4 dương lịch);

d) Ngày Quốc tế lao động: 01 ngày (ngày 01 tháng 5 dương lịch);

đ) Quốc khánh: 02 ngày (ngày 02 tháng 9 dương lịch và 01 ngày liền kề trước hoặc sau);

e) Ngày Giỗ Tổ Hùng Vương: 01 ngày (ngày 10 tháng 3 âm lịch).

2. Lao động là người nước ngoài làm việc tại Việt Nam ngoài các ngày nghỉ theo quy định tại khoản 1 Điều này còn được nghỉ thêm 01 ngày Tết cổ truyền dân tộc và 01 ngày Quốc khánh của nước họ.

3. Hằng năm, căn cứ vào điều kiện thực tế, Thủ tướng Chính phủ quyết định cụ thể ngày nghỉ quy định tại điểm b và điểm đ khoản 1 Điều này.

Điều 5. Quyền và nghĩa vụ của người lao động

1. Người lao động có các quyền sau đây:

a) Làm việc; tự do lựa chọn việc làm, nơi làm việc, nghề nghiệp, học nghề, nâng cao trình độ nghề nghiệp; không bị phân biệt đối xử, cưỡng bức lao động, quấy rối tình dục tại nơi làm việc;

b) Hưởng lương phù hợp với trình độ, kỹ năng nghề trên cơ sở thỏa thuận với người sử dụng lao động; được bảo hộ lao động, làm việc trong điều kiện bảo đảm về an toàn, vệ sinh lao động; nghỉ theo chế độ, nghỉ hằng năm có hưởng lương và được hưởng phúc lợi tập thể;

c) Thành lập, gia nhập, hoạt động trong tổ chức đại diện người lao động, tổ chức nghề nghiệp và tổ chức khác theo quy định của pháp luật; yêu cầu và tham gia đối thoại, thực hiện quy chế dân chủ, thương lượng tập thể với người sử dụng lao động và được tham vấn tại nơi làm việc để bảo vệ quyền và lợi ích hợp pháp, chính đáng của mình; tham gia quản lý theo nội quy của người sử dụng lao động;

d) Từ chối làm việc nếu có nguy cơ rõ ràng đe dọa trực tiếp đến tính mạng, sức khỏe trong quá trình thực hiện công việc;

[....]","the-thao-y-te","","","","2026-05-20T00:00:00","https://thuvienphapluat.vn/hoi-dap-phap-luat/lich-van-nien-2026--lich-am-2026--lich-duong-2026-chi-tiet-day-du-365-ngay-tuong-ung-am-va-duong-138051494.html","2026-05-21T20:35:37.577715+00:00"
"138051550","Lịch nghỉ lễ 2026 - Tổng hợp các ngày lễ 2026 ở Việt Nam chi tiết ra sao?","Lịch nghỉ lễ 2026 - Tổng hợp các ngày lễ 2026 ở Việt Nam chi tiết ra sao?

Tổ chức làm việc theo ca phải bố trí ít nhất mấy người?

Người lao động làm việc chưa đủ 12 tháng thì số ngày nghỉ hằng năm được xác định như thế nào?

Mới nhất:

>>> Tổng hợp các ngày nghỉ làm hưởng nguyên lương trong năm 2026

>>> Lịch nghỉ lễ Ngày Văn hoá Việt Nam 2026 chi tiết ra sao rơi vào thứ mấy?

Xem mới:

>>> Tết âm lịch 2026 đếm ngược? Giao thừa 2026 đếm ngược? Năm bính ngọ 2026 có bao nhiêu ngày?

Xem mới:

>>> Tháng 1 2026 có ngày lễ sự kiện gì? Tổng hợp các ngày lễ, sự kiện tháng 1/2026 trong nước và quốc tế ra sao?

>>> Chính thức: Lịch nghỉ Tết dương lịch 2026 của cán bộ, công chức, viên chức, người lao động và học sinh

>>> Lịch nghỉ Tết Dương lịch 2026 chính thức 4 ngày

>>> Công văn 12729/VPCP-KGVX Chính thức nghỉ Tết Dương lịch 2026 4 ngày đối với công chức, viên chức

>>> Lịch nghỉ Tết Dương lịch chính thức 2026 nếu được thông qua

>>> Tết dương lịch 2026 được nghỉ 1 ngày hay 4 ngày?

>>> Tại sao Tết Dương lịch 2026 được nghỉ 4 ngày liên tục?

>>> Bộ Nội vụ đề xuất hoán đổi ngày làm việc để Tết Dương lịch 2026 được nghỉ 4 ngày

Lịch nghỉ lễ 2026 - Tổng hợp các ngày lễ 2026 ở Việt Nam chi tiết dưới đây:

Các ngày nghỉ lễ được hưởng nguyên lương trong năm 2026

Căn cứ Điều 112 Bộ luật Lao động 2019 quy định về nghỉ lễ, tết, năm 2026 người lao động được nghỉ các ngày lễ, tết sau đây:

(1) Tết Dương lịch: 01 ngày (ngày 01 tháng 01 dương lịch);

(2) Tết Âm lịch: 05 ngày;

(3) Ngày Chiến thắng: 01 ngày (ngày 30 tháng 4 dương lịch);

(4) Ngày Quốc tế lao động: 01 ngày (ngày 01 tháng 5 dương lịch);

(5) Quốc khánh: 02 ngày (ngày 02 tháng 9 dương lịch và 01 ngày liền kề trước hoặc sau);

(6) Ngày Giỗ Tổ Hùng Vương: 01 ngày (ngày 10 tháng 3 âm lịch).

Lưu ý: Hằng năm, căn cứ vào điều kiện thực tế, Thủ tướng Chính phủ quyết định cụ thể ngày nghỉ Tết Âm lịch và Quốc khánh.

Các ngày lễ, sự kiện khác trong năm tại Việt Nam và quốc tế

Danh sách các ngày lễ Dương lịch 2026

Thứ

Dương lịch

Âm lịch

Tên ngày lễ

Thứ Năm

1/1/2026

13/11/2025

Tết Dương lịch năm 2026

Thứ Ba

6/1/2026

18/11/2025

Tổng tuyển cử quốc hội khóa đầu tiên của nước Việt Nam năm 2026

Thứ Sáu

9/1/2026

21/11/2025

Ngày Học sinh - Sinh viên Việt Nam năm 2026

Chủ Nhật

11/1/2026

23/11/2025

Việt Nam chính thức gia nhập WTO năm 2026

Thứ Ba

27/1/2026

9/12/2025

Ký Hiệp định Pari chấm dứt chiến tranh ở Việt Nam năm 2026

Thứ Ba

3/2/2026

16/12/2025

Ngày thành lập Đảng Cộng sản Việt Nam năm 2026

Thứ Tư

4/2/2026

17/12/2025

Ngày thống nhất các tổ chức mặt trận thành mặt trận Tổ quốc Việt Nam năm 2026

Thứ Bảy

14/2/2026

27/12/2025

Ngày lễ tình nhân (Valentine) năm 2026

Thứ Sáu

20/2/2026

4/1/2026

Ngày Công bằng xã hội thế giới năm 2026

Thứ Bảy

21/2/2026

5/1/2026

Ngày Ngôn ngữ mẹ đẻ Quốc tế năm 2026

Thứ Sáu

27/2/2026

11/1/2026

Ngày thầy thuốc Việt Nam năm 2026

Chủ Nhật

8/3/2026

20/1/2026

Ngày Quốc tế Phụ nữ năm 2026

Thứ Năm

19/3/2026

1/2/2026

Ngày toàn quốc chống Mỹ năm 2026

Thứ Sáu

20/3/2026

2/2/2026

Ngày Quốc Tế hạnh phúc năm 2026

Thứ Bảy

21/3/2026

3/2/2026

Ngày Hội chứng Down thế giới và Ngày Quốc tế xóa bỏ phân biệt chủng tộc năm 2026

Chủ Nhật

22/3/2026

4/2/2026

Ngày Nước sạch Thế giới năm 2026

Thứ Hai

23/3/2026

5/2/2026

Ngày Khí tượng Thế giới năm 2026

Thứ Năm

26/3/2026

8/2/2026

Ngày thành lập Đoàn TNCS Hồ Chí Minh năm 2026

Thứ Sáu

27/3/2026

9/2/2026

Ngày Thể Thao Việt Nam năm 2026

Thứ Tư

1/4/2026

14/2/2026

Ngày Cá tháng Tư năm 2026

Thứ Bảy

4/4/2026

17/2/2026

Ngày Quốc tế Nhận thức bom mìn và Hỗ trợ bằng hành động chống bom mìn năm 2026

Chủ Nhật

5/4/2026

18/2/2026

Tết Thanh minh năm 2026

Thứ Ba

7/4/2026

20/2/2026

Ngày Y tế Thế giới năm 2026

Thứ Ba

14/4/2026

27/2/2026

Tết Dân tộc Khmer Nam Bộ năm 2026

Thứ Tư

22/4/2026

6/3/2026

Ngày Trái đất năm 2026

Thứ Năm

23/4/2026

7/3/2026

Ngày Sách và Bản quyền Thế giới năm 2026

Chủ Nhật

26/4/2026

10/3/2026

Ngày Sở hữu trí tuệ thế giới năm 2026

Thứ Năm

30/4/2026

14/3/2026

Ngày giải phóng miền Nam năm 2026

Thứ Sáu

1/5/2026

15/3/2026

Ngày Quốc tế Lao động năm 2026

Chủ Nhật

3/5/2026

17/3/2026

Ngày Tự do Báo chí thế giới năm 2026

Thứ Ba

5/5/2026

19/3/2026

Ngày sinh Các - Mác năm 2026

Thứ Năm

7/5/2026

21/3/2026

Ngày chiến thắng Điện Biên Phủ năm 2026

Thứ Sáu

15/5/2026

29/3/2026

Ngày thành lập Đội Thiếu niên Tiền phong Hồ Chí Minh năm 2026

Chủ Nhật

17/5/2026

1/4/2026

Ngày Xã hội Thông tin Thế giới năm 2026

Thứ Ba

19/5/2026

3/4/2026

Ngày sinh chủ tịch Hồ Chí Minh năm 2026

Thứ Năm

21/5/2026

5/4/2026

Ngày Thế giới về Đa dạng Văn hóa vì Đối thoại và Phát triển năm 2026

Thứ Sáu

22/5/2026

6/4/2026

Ngày quốc tế Đa dạng sinh học năm 2026

Thứ Sáu

29/5/2026

13/4/2026

Ngày Quốc tế Gìn giữ hòa bình Liên Hiệp Quốc năm 2026

Chủ Nhật

31/5/2026

15/4/2026

Ngày Thế giới không thuốc lá năm 2026

Thứ Hai

1/6/2026

16/4/2026

Ngày Quốc tế thiếu nhi năm 2026

Thứ Năm

4/6/2026

19/4/2026

Ngày Quốc tế của trẻ em vô tội và là nạn nhân bị xâm lược năm 2026

Thứ Sáu

5/6/2026

20/4/2026

Ngày Môi trường Thế giới năm 2026

Thứ Tư

17/6/2026

3/5/2026

Ngày Thế giới chống sa mạc hóa và hạn hán năm 2026

Thứ Bảy

20/6/2026

6/5/2026

Ngày Tị nạn Thế giới năm 2026

Chủ Nhật

21/6/2026

7/5/2026

Ngày báo chí Việt Nam năm 2026

Thứ Ba

23/6/2026

9/5/2026

Ngày Dịch vụ Công cộng Liên Hiệp Quốc năm 2026

Chủ Nhật

28/6/2026

14/5/2026

Ngày gia đình Việt Nam năm 2026

Thứ Năm

2/7/2026

18/5/2026

Quốc hội Khóa VI quyết nghị lấy tên nước là Cộng hòa Xã hội Chủ nghĩa Việt Nam năm 2026

Thứ Hai

6/7/2026

22/5/2026

Ngày Hôn thế giới năm 2026

Thứ Bảy

11/7/2026

27/5/2026

Ngày dân số thế giới năm 2026

Thứ Tư

15/7/2026

2/6/2026

Ngày truyền thống Thanh niên xung phong năm 2026

Thứ Hai

27/7/2026

14/6/2026

Ngày Thương binh liệt sĩ năm 2026

Thứ Ba

28/7/2026

15/6/2026

Ngày thành lập công đoàn Việt Nam năm 2026

Chủ Nhật

9/8/2026

27/6/2026

Ngày Quốc tế của người thổ dân thế giới năm 2026

Thứ Tư

12/8/2026

30/6/2026

Ngày Quốc tế Thanh Thiếu niên năm 2026

Thứ Tư

19/8/2026

7/7/2026

Ngày tổng khởi nghĩa năm 2026

Chủ Nhật

23/8/2026

11/7/2026

Ngày Quốc tế tưởng niệm việc buôn bán nô lệ và việc hủy bỏ nó năm 2026

Thứ Ba

25/8/2026

13/7/2026

Bảo Đại thoái vị năm 2026

Chủ Nhật

30/8/2026

18/7/2026

Ngày sinh tỷ phú Warren Edward Buffett năm 2026

Thứ Ba

1/9/2026

20/7/2026

Chiến tranh thế giới thứ hai bùng nổ năm 2026

Thứ Tư

2/9/2026

21/7/2026

Ngày Quốc Khánh năm 2026

Thứ Năm

10/9/2026

29/7/2026

Ngày thành lập Mặt trận Tổ quốc Việt Nam năm 2026

Thứ Bảy

12/9/2026

2/8/2026

Chiến dịch Xô Viết Nghệ Tĩnh năm 2026

Thứ Ba

15/9/2026

5/8/2026

Ngày Quốc tế Dân chủ năm 2026

Thứ Tư

16/9/2026

6/8/2026

Ngày Quốc tế Bảo vệ Tầng ôzôn năm 2026

Chủ Nhật

20/9/2026

10/8/2026

Việt Nam gia nhập Liên Hiệp Quốc năm 2026

Thứ Hai

21/9/2026

11/8/2026

Ngày Quốc tế Hòa bình năm 2026

Thứ Tư

23/9/2026

13/8/2026

Ngày Nam Bộ kháng chiến năm 2026

Chủ Nhật

27/9/2026

17/8/2026

Khởi nghĩa Bắc Sơn năm 2026

Thứ Năm

1/10/2026

21/8/2026

Ngày quốc tế người cao tuổi năm 2026

Thứ Sáu

2/10/2026

22/8/2026

Ngày Quốc tế bất bạo động năm 2026

Chủ Nhật

4/10/2026

24/8/2026

Ngày Động vật thế giới năm 2026

Thứ Hai

5/10/2026

25/8/2026

Ngày Nhà giáo thế giới năm 2026

Thứ Sáu

9/10/2026

29/8/2026

Ngày Bưu chính Thế giới năm 2026

Thứ Ba

13/10/2026

4/9/2026

Ngày doanh nhân Việt Nam năm 2026

Thứ Tư

14/10/2026

5/9/2026

Ngày thành lập Hội Nông dân Việt Nam năm 2026

Thứ Năm

15/10/2026

6/9/2026

Ngày truyền thống Hội liên hiệp Thanh niên Việt Nam năm 2026

Thứ Sáu

16/10/2026

7/9/2026

Ngày Lương thực thế giới năm 2026

Thứ Bảy

17/10/2026

8/9/2026

Ngày quốc tế xóa nghèo năm 2026

Thứ Ba

20/10/2026

11/9/2026

Ngày Phụ nữ Việt Nam năm 2026

Thứ Bảy

31/10/2026

22/9/2026

Ngày Hallowen năm 2026

Thứ Hai

9/11/2026

1/10/2026

Ngày pháp luật Việt Nam năm 2026

Thứ Sáu

20/11/2026

12/10/2026

Ngày Nhà giáo Việt Nam năm 2026

Thứ Hai

23/11/2026

15/10/2026

Ngày thành lập Hội chữ thập đỏ Việt Nam năm 2026

Thứ Bảy

28/11/2026

20/10/2026

Ngày Lâm nghiệp Việt Nam năm 2026

Thứ Ba

1/12/2026

23/10/2026

Ngày thế giới phòng chống AIDS năm 2026

Thứ Tư

2/12/2026

24/10/2026

Ngày Quốc tế Giải phóng Nô lệ năm 2026

Thứ Hai

7/12/2026

29/10/2026

Ngày Hàng không Dân dụng Quốc tế năm 2026

Thứ Tư

9/12/2026

1/11/2026

Ngày Quốc tế chống Tham nhũng năm 2026

Thứ Bảy

19/12/2026

11/11/2026

Ngày toàn quốc kháng chiến năm 2026

Thứ Ba

22/12/2026

14/11/2026

Ngày thành lập quân đội nhân dân Việt Nam năm 2026

Thứ Năm

24/12/2026

16/11/2026

Lễ Giáng sinh (Noen) năm 2026

Danh sách các ngày lễ Âm lịch 2026

Thứ

Âm lịch

Dương lịch

Tên ngày lễ

Thứ Ba

1/1/2026

17/2/2026

Tết Nguyên Đán năm 2026

Thứ Sáu

4/1/2026

20/2/2026

Lễ hội Đồng Kỵ (Bắc Ninh) năm 2026

Thứ Bảy

5/1/2026

21/2/2026

Lễ hội gò Đống Đa năm 2026

Chủ Nhật

6/1/2026

22/2/2026

Hội Gióng Sóc Sơn (Hà Nội), Khai hội chùa Hương năm 2026

Thứ Hai

7/1/2026

23/2/2026

Hội chợ Viềng (Nam Định), Lễ hội đầm Ô Loan (Phú Yên) năm 2026

Thứ Ba

8/1/2026

24/2/2026

Lễ hội đền Vua Bà (Hòa Bình) năm 2026

Thứ Tư

9/1/2026

25/2/2026

Lễ hội Đức Chí Tôn (Tây Ninh) năm 2026

Thứ Năm

10/1/2026

26/2/2026

Khai hội Yên Tử (Quảng Ninh) năm 2026

Chủ Nhật

13/1/2026

1/3/2026

Hội Lim (Tiên Du - Bắc Ninh) năm 2026

Thứ Hai

14/1/2026

2/3/2026

Lễ hội Bà Chúa Kho (Bắc Ninh) năm 2026

Thứ Ba

15/1/2026

3/3/2026

Tết Nguyên tiêu năm 2026

Thứ Năm

17/1/2026

5/3/2026

Lễ hội chọi trâu (Vĩnh Phúc) năm 2026

Chủ Nhật

27/1/2026

15/3/2026

Lễ Cầu tháng Giêng (Phú Thọ) năm 2026

Thứ Hai

28/1/2026

16/3/2026

Hội làng Bùi (Bắc Ninh) năm 2026

Thứ Sáu

2/2/2026

20/3/2026

Lễ hội Chùa Trầm năm 2026

Thứ Năm

8/2/2026

26/3/2026

Hội làng Long Khám (Bắc Ninh) năm 2026

Thứ Bảy

10/2/2026

28/3/2026

Lễ hội đình Yên Phụ (Hà Nội) năm 2026

Thứ Hai

12/2/2026

30/3/2026

Hội chọi trâu Phù Ninh (Phú Thọ), Lễ hội Làng rèn Tây Phương Danh (Bình Định) năm 2026

Thứ Ba

13/2/2026

31/3/2026

Lễ hội Hoa Ban (Lai Châu) năm 2026

Thứ Tư

14/2/2026

1/4/2026

Lễ hội chùa Vĩnh Nghiêm (Bắc Giang) năm 2026

Thứ Hai

19/2/2026

6/4/2026

Lễ hội Quan Thế Âm (Đà Nẵng) năm 2026

Thứ Năm

22/2/2026

9/4/2026

Hội đình Trúc Tay (Bắc Giang) năm 2026

Thứ Ba

27/2/2026

14/4/2026

Hội chùa Sàn (Lục Nam, Bắc Giang) năm 2026

Chủ Nhật

3/3/2026

19/4/2026

Tết Hàn thực năm 2026

Thứ Tư

6/3/2026

22/4/2026

Lễ hội Cố đô Hoa Lư (Ninh Bình) năm 2026

Thứ Năm

7/3/2026

23/4/2026

Lễ hội chùa Thầy (Hà Nội) năm 2026

Thứ Bảy

9/3/2026

25/4/2026

Lễ hội Nam Trì (Hưng Yên) năm 2026

Chủ Nhật

10/3/2026

26/4/2026

Giỗ tổ Hùng Vương năm 2026

Thứ Sáu

15/3/2026

1/5/2026

Hội làng Đông Hồ (Bắc Ninh) năm 2026

Thứ Hai

18/3/2026

4/5/2026

Hội Đậu (Bắc Ninh) năm 2026

Thứ Bảy

23/3/2026

9/5/2026

Hội chùa Bút Tháp (Bắc Ninh) năm 2026

Thứ Tư

27/3/2026

13/5/2026

Hội thả chim bồ câu (Bắc Ninh) năm 2026

Chủ Nhật

1/4/2026

17/5/2026

Lễ hội làng cá Cát Bà (Hải Phòng) năm 2026

Chủ Nhật

8/4/2026

24/5/2026

Lễ hội chùa Dâu (Bắc Ninh) năm 2026

Thứ Hai

9/4/2026

25/5/2026

Hội Gióng Phù Đổng (Hà Nội) năm 2026

Thứ Ba

10/4/2026

26/5/2026

Hội làng Cựu Ấp (Vĩnh Phúc) năm 2026

Thứ Bảy

14/4/2026

30/5/2026

Tết Dân tộc Khmer năm 2026

Chủ Nhật

15/4/2026

31/5/2026

Lễ Phật Đản năm 2026

Thứ Sáu

5/5/2026

19/6/2026

Tết Đoan Ngọ năm 2026

Thứ Ba

9/5/2026

23/6/2026

Lễ hội đình Châu Phú (An Giang) năm 2026

Thứ Tư

10/5/2026

24/6/2026

Lễ hội cúng biển Mỹ Long (Trà Vinh) năm 2026

Chủ Nhật

14/5/2026

28/6/2026

Lễ hội đình – đền Chèm (Hà Nội) năm 2026

Thứ Ba

1/6/2026

14/7/2026

Lễ hội đình Trà Cổ (Quảng Ninh) năm 2026

Thứ Năm

10/6/2026

23/7/2026

Hội kéo ngựa gỗ (Hải Phòng) năm 2026

Thứ Tư

7/7/2026

19/8/2026

Lễ Thất Tịch năm 2026

Thứ Năm

15/7/2026

27/8/2026

Lễ Vu Lan, Tết Trung nguyên năm 2026

Thứ Sáu

1/8/2026

11/9/2026

Tết Katê năm 2026

Thứ Hai

4/8/2026

14/9/2026

Lễ hội Đình Châm Khê (Bắc Ninh) năm 2026

Thứ Bảy

9/8/2026

19/9/2026

Lễ hội chọi trâu (Đồ Sơn, Hải Phòng) năm 2026

Chủ Nhật

10/8/2026

20/9/2026

Hội Thị Cầu (Bắc Ninh) năm 2026

Thứ Sáu

15/8/2026

25/9/2026

Tết Trung Thu năm 2026

Chủ Nhật

9/9/2026

18/10/2026

Tết Trùng Cửu năm 2026

Thứ Năm

13/9/2026

22/10/2026

Lễ hội chùa Keo (Thái Bình) năm 2026

Thứ Năm

20/9/2026

29/10/2026

Hội đền Bắc Lệ (Lạng Sơn) năm 2026

Thứ Bảy

29/9/2026

7/11/2026

Hội Đại Bái (Bắc Ninh) năm 2026

Thứ Tư

10/10/2026

18/11/2026

Tết Trùng Thập năm 2026

Thứ Hai

15/10/2026

23/11/2026

Tết Hạ Nguyên (Tết cơm mới) năm 2026

Thứ Tư

8/11/2026

16/12/2026

Hội chùa Canh Bầu (Bắc Giang) năm 2026

Thứ Sáu

10/11/2026

18/12/2026

Tết cơm mới của người La Hủ (Lai Châu) năm 2026

Thứ Ba

14/11/2026

22/12/2026

Lễ hội đền Nguyễn Công Trứ (Ninh Bình) năm 2026

Thứ Tư

15/11/2026

23/12/2026

Hội Đình Phường Bông (Nam Định) năm 2026

Thứ Bảy

25/11/2026

2/1/2027

Hội Vân Lệ (Thanh Hóa) năm 2026

Thứ Ba

12/12/2026

19/1/2027

Hội Mậu Lân (Vĩnh Phúc) năm 2026

Thứ Bảy

23/12/2026

30/1/2027

Ông Táo chầu trời năm 2026

Thứ Năm

28/12/2026

4/2/2027

Hội Bạch Lưu (Vĩnh Phúc) năm 2026

* Trên đây là Thông tin Lịch nghỉ lễ 2026 - Tổng hợp các ngày lễ 2026 ở Việt Nam chi tiết ra sao?

Lịch nghỉ lễ 2026 - Tổng hợp các ngày lễ 2026 ở Việt Nam chi tiết ra sao? (Hình từ Internet)

Căn cứ khoản 3 Điều 63 Nghị định 145/2020/NĐ-CP có quy định về ca làm việc và tổ chức làm việc theo ca như sau:

Như vậy, tổ chức làm việc theo ca là việc bố trí ít nhất 02 người hoặc 02 nhóm người thay phiên nhau làm việc trên cùng một vị trí làm việc, tính trong thời gian 01 ngày (24 giờ liên tục).

Căn cứ theo khoản 2 Điều 113 Bộ luật Lao động 2019 quy định về nghỉ hằng năm như sau:

Như vậy, theo quy định trên thì người lao động làm việc chưa đủ 12 tháng thì số ngày nghỉ hằng năm được tính theo tỷ lệ tương ứng với số tháng làm việc.

Điều 63. Ca làm việc và tổ chức làm việc theo ca

1. Ca làm việc là khoảng thời gian làm việc của người lao động từ khi bắt đầu nhận nhiệm vụ cho đến khi kết thúc và bàn giao nhiệm vụ cho người khác, bao gồm cả thời gian làm việc và thời gian nghỉ giữa giờ.

2. Tổ chức làm việc theo ca là việc bố trí ít nhất 02 người hoặc 02 nhóm người thay phiên nhau làm việc trên cùng một vị trí làm việc, tính trong thời gian 01 ngày (24 giờ liên tục).

[....]

Điều 113. Nghỉ hằng năm

[.....]

2. Người lao động làm việc chưa đủ 12 tháng cho một người sử dụng lao động thì số ngày nghỉ hằng năm theo tỷ lệ tương ứng với số tháng làm việc.

[....]","the-thao-y-te","","","","2026-05-20T00:00:00","https://thuvienphapluat.vn/hoi-dap-phap-luat/lich-nghi-le-2026--tong-hop-cac-ngay-le-2026-o-viet-nam-chi-tiet-ra-sao-138051550.html","2026-05-21T20:35:54.663115+00:00"
"138057531","Lịch Vạn niên 2027 - Lịch âm 2027 - Lịch dương 2027 chi tiết, đầy đủ 365 ngày tương ứng âm và dương?","Lịch Vạn niên 2027 - Lịch âm 2027 - Lịch dương 2027 chi tiết, đầy đủ 365 ngày tương ứng âm và dương?

Người lao động được nghỉ việc riêng mà vẫn hưởng nguyên lương khi nào?

Chính sách của Nhà nước về lao động cụ thể ra sao?

Căn cứ Điều 112 Bộ luật Lao động 2019 quy định về nghỉ lễ, tết như sau:

Theo Bộ luật Lao động 2019, người lao động được nghỉ Tết Âm lịch tối thiểu 5 ngày. Hằng năm, căn cứ vào tình hình thực tế, Thủ tướng Chính phủ sẽ quyết định cụ thể lịch nghỉ Tết.

Lịch Vạn niên 2027 - Lịch âm 2027 - Lịch dương 2027, tết Âm lịch 2027 sẽ rơi vào các ngày sau:

- Mùng 1 Tết Nguyên Đán 2027 sẽ rơi vào Thứ bảy, ngày 06 tháng 02 năm 2027 dương lịch.

- Mùng 2 Tết Nguyên Đán 2027 sẽ rơi vào Chủ nhật, ngày 07 tháng 02 năm 2027 dương lịch.

- Mùng 3 Tết Nguyên Đán 2027 sẽ rơi vào Thứ hai, ngày 08 tháng 02 năm 2027 dương lịch.

Dưới đây là Lịch Vạn niên 2027 - Lịch âm 2027 - Lịch dương 2027 chi tiết, đầy đủ 365 ngày tương ứng âm và dương:

Lịch Tháng 1 năm 2027

Lịch Tháng 2 năm 2027

Lịch Tháng 3 năm 2027

Lịch Tháng 4 năm 2027

Lịch Tháng 5 năm 2027

Lịch Tháng 6 năm 2027

Lịch Tháng 7 năm 2027

Lịch Tháng 8 năm 2027

Lịch Tháng 9 năm 2027

Lịch Tháng 10 năm 2027

Lịch Tháng 11 năm 2027

Lịch Tháng 12 năm 2027

* Trên đây là Thông tin Lịch Vạn niên 2027 - Lịch âm 2027 - Lịch dương 2027 chi tiết, đầy đủ 365 ngày tương ứng âm và dương?

Lịch Vạn niên 2027 - Lịch âm 2027 - Lịch dương 2027 chi tiết, đầy đủ 365 ngày tương ứng âm và dương? (Hình từ Internet)

Căn cứ Điều 115 Bộ luật Lao động 2019 quy định nghỉ việc riêng, nghỉ không hưởng lương:

Theo quy định trên, người lao động được nghỉ việc riêng mà vẫn hưởng nguyên lương các ngày sau:

- Kết hôn: nghỉ 03 ngày

- Con đẻ, con nuôi kết hôn: nghỉ 01 ngày

- Cha đẻ, mẹ đẻ, cha nuôi, mẹ nuôi; cha đẻ, mẹ đẻ, cha nuôi, mẹ nuôi của vợ hoặc chồng; vợ hoặc chồng; con đẻ, con nuôi chết: nghỉ 03 ngày

Lưu ý: Người lao động phải báo cáo lý do nghỉ việc riêng cho người sử dụng lao động biết và được người sử dụng lao động đồng ý.

Người sử dụng lao động không bảo đảm cho người lao động nghỉ việc riêng thì có thể bị phạt tiền.

Căn cứ Điều 4 Bộ luật Lao động 2019 quy định chính sách của Nhà nước về lao động như sau:

- Bảo đảm quyền và lợi ích hợp pháp, chính đáng của người lao động, người làm việc không có quan hệ lao động; khuyến khích những thỏa thuận bảo đảm cho người lao động có điều kiện thuận lợi hơn so với quy định của pháp luật về lao động.

- Bảo đảm quyền và lợi ích hợp pháp của người sử dụng lao động, quản lý lao động đúng pháp luật, dân chủ, công bằng, văn minh và nâng cao trách nhiệm xã hội.

- Tạo điều kiện thuận lợi đối với hoạt động tạo việc làm, tự tạo việc làm, dạy nghề và học nghề để có việc làm; hoạt động sản xuất, kinh doanh thu hút nhiều lao động; áp dụng một số quy định của Bộ luật này đối với người làm việc không có quan hệ lao động.

- Có chính sách phát triển, phân bố nguồn nhân lực; nâng cao năng suất lao động; đào tạo, bồi dưỡng và nâng cao trình độ, kỹ năng nghề cho người lao động; hỗ trợ duy trì, chuyển đổi nghề nghiệp, việc làm cho người lao động; ưu đãi đối với người lao động có trình độ chuyên môn, kỹ thuật cao đáp ứng yêu cầu của cách mạng công nghiệp, sự nghiệp công nghiệp hóa, hiện đại hóa đất nước.

- Có chính sách phát triển thị trường lao động, đa dạng các hình thức kết nối cung, cầu lao động.

- Thúc đẩy người lao động và người sử dụng lao động đối thoại, thương lượng tập thể, xây dựng quan hệ lao động tiến bộ, hài hòa và ổn định.

- Bảo đảm bình đẳng giới; quy định chế độ lao động và chính sách xã hội nhằm bảo vệ lao động nữ, lao động là người khuyết tật, người lao động cao tuổi, lao động chưa thành niên.

Điều 112. Nghỉ lễ, tết

1. Người lao động được nghỉ làm việc, hưởng nguyên lương trong những ngày lễ, tết sau đây:

a) Tết Dương lịch: 01 ngày (ngày 01 tháng 01 dương lịch);

b) Tết Âm lịch: 05 ngày;

[...]

Điều 115. Nghỉ việc riêng, nghỉ không hưởng lương

1. Người lao động được nghỉ việc riêng mà vẫn hưởng nguyên lương và phải thông báo với người sử dụng lao động trong trường hợp sau đây:

a) Kết hôn: nghỉ 03 ngày;

b) Con đẻ, con nuôi kết hôn: nghỉ 01 ngày;

c) Cha đẻ, mẹ đẻ, cha nuôi, mẹ nuôi; cha đẻ, mẹ đẻ, cha nuôi, mẹ nuôi của vợ hoặc chồng; vợ hoặc chồng; con đẻ, con nuôi chết: nghỉ 03 ngày.

2. Người lao động được nghỉ không hưởng lương 01 ngày và phải thông báo với người sử dụng lao động khi ông nội, bà nội, ông ngoại, bà ngoại, anh, chị, em ruột chết; cha hoặc mẹ kết hôn; anh, chị, em ruột kết hôn.

3. Ngoài quy định tại khoản 1 và khoản 2 Điều này, người lao động có thể thỏa thuận với người sử dụng lao động để nghỉ không hưởng lương.","the-thao-y-te","","","","2026-05-20T00:00:00","https://thuvienphapluat.vn/hoi-dap-phap-luat/lich-van-nien-2027--lich-am-2027--lich-duong-2027-chi-tiet-day-du-365-ngay-tuong-ung-am-va-duong-138057531.html","2026-05-21T20:36:04.679252+00:00"
"138066888","Chính thức đã có lịch nghỉ lễ Quốc khánh 2/9/2026 cho người lao động?","Chính thức đã có lịch nghỉ lễ Quốc khánh 2/9/2026 cho người lao động?

Năm 2026 kỷ niệm bao nhiêu năm Quốc khánh nước Cộng hòa XHCN Việt Nam?

Người lao động được nghỉ hưởng nguyên lương mấy ngày vào dịp lễ Quốc khánh 2 tháng 9?

Xem thêm:

>>> Kéo dài lịch nghỉ Giỗ tổ hùng vương, 30/4 và 1/5 9 ngày liên tục năm 2026 khi nào?

Căn cứ theo Thông báo 9441/TB-BNV năm 2025 về việc nghỉ tết Âm lịch, nghỉ lễ Quốc khánh năm 2026 đối với cán bộ, công chức viên chức và người lao động như sau:

Như vậy, lịch nghỉ lễ Quốc Khánh 2/9/2026 cho người lao động cụ thể như sau:

- Đối với cán bộ, công chức, viên chức và người lao động của các cơ quan hành chính, sự nghiệp, tổ chức chính trị, tổ chức chính trị - xã hội:

+ 05 ngày từ thứ Bảy ngày 29/8/2026 đến hết thứ Tư ngày 2/9/2026.

- Đối với người lao động ngoài khu vực nhà nước (không thuộc đối tượng nêu tại khoản 1 Thông báo 9441/TB-BNV năm 2025):

+ Người sử dụng lao động quyết định lựa chọn 01 trong 02 phương án nghỉ lễ Quốc khánh 2026 sau:

[1] Nghỉ thứ Tư ngày 02/9/2026 và thứ Ba ngày 01/9/2026

[2] Nghỉ thứ Tư ngày 02/9/2026 và thứ Năm ngày 03/9/2026 Dương lịch.

Xem thêm:

>>> Kỷ niệm 100 năm Quốc khánh nước Cộng hòa XHCN Việt Nam là năm bao nhiêu?

>>> Chính thức lịch nghỉ lễ Quốc khánh 2026 kéo dài 5 ngày liên tiếp đúng không?

*Trên đây là nội dung thông tin về Chính thức đã có lịch nghỉ lễ Quốc khánh 2 9 2026 cho người lao động?

Chính thức đã có lịch nghỉ lễ Quốc khánh 2 9 2026 cho người lao động? (Hình từ Internet)

Căn cứ theo Điều 4 Nghị định 145/2013/NĐ-CP quy định về các ngày lễ lớn như sau:

Theo đó, ngày 2 tháng 9 năm 1945 là Ngày Quốc khánh nước Cộng hòa xã hội chủ nghĩa Việt Nam.

Như vậy, năm 2026 kỷ niệm 81 năm Quốc khánh nước Cộng hòa XHCN Việt Nam.

Căn cứ theo Điều 112 Bộ luật Lao động 2019 quy định về nghỉ lễ, tết như sau:

Như vậy, người lao động được nghỉ hưởng nguyên lương 02 ngày vào dịp lễ Quốc khánh 2 tháng 9 (ngày 02 tháng 9 dương lịch và 01 ngày liền kề trước hoặc sau).

[...]

2. Công chức, viên chức được nghỉ dịp lễ Quốc khánh năm 2026 như sau: Nghỉ 02 ngày theo quy định gồm ngày 02/9/2026 Dương lịch và 01 ngày liền kề trước là ngày 01/9/2026 Dương lịch; Hoán đổi từ ngày làm việc thứ Hai ngày 31/8/2026 Dương lịch sang ngày nghỉ hằng tuần thứ Bảy ngày 22/8/2026 Dương lịch (nghỉ thứ Hai ngày 31/8/2026 và làm bù vào ngày thứ Bảy ngày 22/8/2026).

[...]

6. Đối với người lao động không thuộc đối tượng quy định tại khoản 1 Thông báo này, người sử dụng lao động quyết định lựa chọn phương án nghỉ tết Âm lịch, nghỉ lễ Quốc khánh năm 2026 như sau:

- Dịp tết Âm lịch: Lựa chọn nghỉ 01 ngày cuối năm Ất Tỵ và 04 ngày đầu năm Bính Ngọ hoặc 02 ngày cuối năm Ất Tỵ và 03 ngày đầu năm Bính Ngọ hoặc 03 ngày cuối năm Ất Tỵ và 02 ngày đầu năm Bính Ngọ.

- Dịp lễ Quốc khánh: Nghỉ thứ Tư ngày 02/9/2026 Dương lịch và lựa chọn nghỉ 01 trong 02 ngày: thứ Ba ngày 01/9/2026 hoặc thứ Năm ngày 03/9/2026 Dương lịch.

- Thông báo phương án nghỉ tết Âm lịch và nghỉ lễ Quốc khánh năm 2026 cho người lao động trước khi thực hiện ít nhất 30 ngày.

- Nếu ngày nghỉ hằng tuần trùng với ngày nghỉ lễ, tết quy định tại khoản 1 Điều 112 của Bộ luật Lao động thì người lao động được nghỉ bù ngày nghỉ hằng tuần vào ngày làm việc kế tiếp theo quy định tại khoản 3 Điều 111 Bộ luật Lao động.

- Khuyến khích người sử dụng lao động áp dụng thời gian nghỉ tết Âm lịch, nghỉ lễ Quốc khánh năm 2026 cho người lao động như quy định đối với công chức, viên chức; Khuyến khích những thỏa thuận có lợi hơn cho người lao động.

[...]

Điều 4. Các ngày lễ lớn

Các ngày lễ lớn trong nước bao gồm:

1. Ngày Tết Nguyên đán (01 tháng Giêng Âm lịch).

2. Ngày thành lập Đảng Cộng sản Việt Nam (03-02-1930).

3. Ngày Giỗ Tổ Hùng Vương (10-3 Âm lịch).

4. Ngày Giải phóng miền Nam, thống nhất đất nước (30-4-1975).

5. Ngày Chiến thắng Điện Biên Phủ (07-5-1954).

6. Ngày sinh Chủ tịch Hồ Chí Minh (19-5-1890).

7. Ngày Cách mạng Tháng Tám (19-8-1945) và Ngày Quốc khánh nước Cộng hòa xã hội chủ nghĩa Việt Nam (02-9-1945).

Điều 112. Nghỉ lễ, tết

1. Người lao động được nghỉ làm việc, hưởng nguyên lương trong những ngày lễ, tết sau đây:

a) Tết Dương lịch: 01 ngày (ngày 01 tháng 01 dương lịch);

b) Tết Âm lịch: 05 ngày;

c) Ngày Chiến thắng: 01 ngày (ngày 30 tháng 4 dương lịch);

d) Ngày Quốc tế lao động: 01 ngày (ngày 01 tháng 5 dương lịch);

đ) Quốc khánh: 02 ngày (ngày 02 tháng 9 dương lịch và 01 ngày liền kề trước hoặc sau);

e) Ngày Giỗ Tổ Hùng Vương: 01 ngày (ngày 10 tháng 3 âm lịch).

2. Lao động là người nước ngoài làm việc tại Việt Nam ngoài các ngày nghỉ theo quy định tại khoản 1 Điều này còn được nghỉ thêm 01 ngày Tết cổ truyền dân tộc và 01 ngày Quốc khánh của nước họ.

3. Hằng năm, căn cứ vào điều kiện thực tế, Thủ tướng Chính phủ quyết định cụ thể ngày nghỉ quy định tại điểm b và điểm đ khoản 1 Điều này.","the-thao-y-te","","","","2026-05-20T00:00:00","https://thuvienphapluat.vn/hoi-dap-phap-luat/chinh-thuc-da-co-lich-nghi-le-quoc-khanh-292026-cho-nguoi-lao-dong-138066888.html","2026-05-21T20:36:13.082561+00:00"
"138090921","Chính thức bỏ kê khai thuế TNCN tháng 4/2026 chuyển sang kê khai quý 2 ra sao?","Chính thức bỏ kê khai thuế TNCN tháng 4/2026 chuyển sang kê khai quý 2 ra sao?

Tải mẫu tờ khai thuế TNCN tháng/quý Mẫu 05 KK TNCN ở đâu?

Mức giảm trừ gia cảnh áp dụng khi quyết toán thuế TNCN trong năm 2026 là bao nhiêu?

>>> Hiểu thế nào bỏ kê khai thuế TNCN theo tháng từ năm 2026?

>>> Bỏ tờ khai thuế TNCN tháng 5/2026 thay bằng tờ khai quý 2/2026 đúng không?

>>> THÔNG TIN quan trọng về Tờ khai 05/KK-TNCN theo TT80 khi bỏ kê khai theo tháng chuyển sang quý thế nào?

>>> Tờ khai 05/KK-TNCN tháng 4, 5, 6/2026 chính thức bỏ khai theo tháng chuyển sang kê khai quý 2/2026 ra sao?

>>> Quyết định 1109/QĐ-BTC năm 2026 bỏ kê khai thuế TNCN tháng 4/2026 chuyển sang kê khai quý 2 quy định cụ thể ra sao?

>>> Hạn nộp tờ khai thuế TNCN quý 2 năm 2026 là khi nào?

>>> Doanh thu bao nhiêu thì khai thuế TNCN tháng theo thủ tục tại Quyết định 1109 năm 2026?

***

>>> Kê khai thuế TNCN theo quý thì có khai thuế GTGT theo quý không?

>>> Đã nộp tiền thuế tháng 4 2026 thì xử lý như thế nào khi bỏ khai thuế TNCN theo tháng?

>>> Xử lý tờ khai thuế TNCN tháng 4/2026 đã nộp khi bỏ kê khai thuế TNCN theo tháng như thế nào?

***

>>> Hiểu thế nào về bỏ TTHC 2002235 khai thuế TNCN tháng theo quy định mới nhất?

Xem thêm:

>>> Bỏ TTHC 2.002235 kê khai quý/tháng bỏ kê khai tháng thì kê khai thuế TNCN theo trình tự nào?

>>> CHÍNH THỨC bỏ tờ khai thuế TNCN tháng 4-5-6/2026 thay bằng tờ khai quý 2/2026 đúng hay không?

>>> Hướng dẫn thủ tục khai thuế TNCN tháng 4-5-6/2026 theo thủ tục mới sau khi bỏ khai tháng ra sao?

>>> Hướng dẫn sửa lỗi kỳ kê khai tháng không được phép nộp tờ khai, vui lòng chọn lại kỳ kê khai phù hợp ra sao?

>>> Chính thức bỏ kê khai thuế TNCN tháng 4/2026 chuyển sang kê khai quý 2 ra sao?

Căn cứ Quyết định 1109/QĐ-BTC năm 2026 của Bộ Tài chính về việc công bố thủ tục hành chính được sửa đổi, bổ sung, bãi bỏ trong lĩnh vực quản lý thuế, hải quan thuộc phạm vi chức năng quản lý của Bộ Tài chính.

Đối với thủ tục hành chính nộp tờ khai thuế TNCN tháng Tờ khai 05 KK TNCN Mã [2.002235] được sửa đổi như sau:

Khai thuế thu nhập cá nhân quý của tổ chức, cá nhân trả thu nhập khấu trừ thuế đối với tiền lương, tiền công (Mã số TTHC 2.002235)

- Trình tự thực hiện:

+Bước 1.

++ Tổ chức, cá nhân trả thu nhập có phát sinh khấu trừ thuế chuẩn bị hồ sơ khai thuế, gửi đến cơ quan Thuế. Thời hạn nộp hồ sơ khai thuế quý chậm nhất là ngày cuối cùng của tháng đầu tiên của quý tiếp theo quý phát sinh nghĩa vụ thuế. Nếu ngày cuối cùng trùng ngày nghi/lễ, hạn cuối cùng được chuyển sang ngày làm việc tiếp theo.

(Thủ tục đăng ký chứng từ khấu trừ thuế TNCN được thực hiện riêng theo quy định tại Nghị định 70/2025/NĐ-CP của Chính phủ).

+ Bước 2. Cơ quan thuế tiếp nhận:

++ Trường hợp hồ sơ được nộp trực tiếp tại cơ quan thuế hoặc hồ sơ được gửi qua đường bưu chính: cơ quan thuế thực hiện tiếp nhận, giải quyết hồ sơ theo quy định.

++ Trường hợp hồ sơ được nộp thông qua giao dịch điện tử, việc tiếp nhận, kiểm tra, chấp nhận, giải quyết hồ sơ (và trả kết quả nếu có kết quả) thông qua hệ thống xử lý dữ liệu điện tử của cơ quan thuế

- Cách thức thực hiện:

+ Trực tiếp: Tại TTPVHCC cấp tỉnh, xã

+Thông qua dịch vụ bưu chính công ích theo quy định của Thủ tướng Chính phủ, qua thuê dịch vụ của doanh nghiệp, cá nhân hoặc qua ủy quyền theo quy định của pháp luật;

+ Trực tuyến: Qua Cổng dịch vụ công quốc gia

- Thành phần, số lượng hồ sơ:

+ Thành phần hồ sơ gồm:

++ Tờ khai thuế thu nhập cá nhân (áp dụng đối với tổ chức, cá nhân trả các khoản thu nhập từ tiền lương, tiền công) mẫu số 05/KK-TNCN theo Phụ lục I - Danh mục hồ sơ khai thuế ban hành kèm theo Nghị định số 126/2020/NĐ-CP ngày 19/10/2020 của Chính phủ và Phụ lục II - Mẫu biểu hồ sơ khai thuế ban hành kèm theo Thông tư số 80/2021/TT-BTC ngày 29/9/2021/TT-BTC của Bộ trưởng Bộ Tài chính.

++ Phụ lục bảng xác định số thuế thu nhập cá nhân phải nộp cho các địa phương được hưởng nguồn thu mẫu số 05-1/PBT-KK-TNCN theo Phụ lục I - Danh mục hồ sơ khai thuế ban hành kèm theo Nghị định số 126/2020/NĐ-CP ngày 19/10/2020 của Chính phủ và Phụ lục II - Mẫu biểu hồ sơ khai thuế ban hành theo Thông tư 80/2021/TT-BTC

>> Như vậy, theo nội dung sửa đổi tại Quyết định 1109/QĐ-BTC năm 2026, việc kê khai thuế TNCN theo tháng đối với Tờ khai mẫu 05/KK-TNCN đã được chuyển sang thực hiện theo quý. Theo đó, doanh nghiệp, tổ chức trả thu nhập phát sinh khấu trừ thuế trong tháng 4/2026 sẽ thực hiện kê khai gộp vào quý II/2026 và nộp hồ sơ khai thuế chậm nhất vào ngày cuối cùng của tháng đầu tiên của quý tiếp theo theo quy định.

Chính thức bỏ kê khai thuế TNCN tháng 4/2026 chuyển sang kê khai quý 2 ra sao? (Hình từ Internet)

Tờ khai thuế thu nhập cá nhân với thu nhập từ tiền lương, tiền công hiện đang áp dụng Mẫu 05/KK-TNCN ban hành kèm theo Thông tư 80/2021/TT-BTC được sửa đổi bởi điểm g khoản 7 Điều 1 Thông tư 40/2025/TT-BTC, có dạng như sau:

>> Tải mẫu tờ khai thuế TNCN Tờ khai 05 KK TNCN: TẢI VỀ

Ghi chú:

- Tờ khai này chỉ áp dụng đối với tổ chức, cá nhân phát sinh trả thu nhập từ tiền lương, tiền công cho cá nhân trong tháng/quý, không phân biệt có phát sinh khấu trừ thuế hay không phát sinh khấu trừ thuế.

- Kỳ khai thuế theo tháng áp dụng đối với tổ chức, cá nhân trả thu nhập có tổng doanh thu bán hàng hóa và cung cấp dịch vụ của năm trước liền kề trên 50 tỷ đồng hoặc trường hợp tổ chức, cá nhân trả thu nhập lựa chọn khai thuế theo tháng.

- Kỳ khai thuế theo quý áp dụng đối với tổ chức, cá nhân trả thu nhập có tổng doanh thu bán hàng hóa và cung cấp dịch vụ của năm trước liền kề từ 50 tỷ đồng trở xuống, bao gồm cả tổ chức, cá nhân trả thu nhập không phát sinh doanh thu bán hàng hóa và cung cấp dịch vụ.

Tại tiểu mục 1 Mục A Công văn 1296/CT-NVT năm 2026 có hướng dẫn mức giảm trừ gia cảnh như sau:

Đối với kỳ quyết toán 2025 người nộp thuế thực hiện quyết toán TNCN trong năm 2026 áp dụng mức giảm trừ gia cảnh được xác định theo quy định tại Nghị quyết 954/2020/UBTVQH14 năm 2020 của Ủy ban Thường vụ Quốc hội, cụ thể như sau:

+ Mức giảm trừ đối với đối tượng nộp thuế là 11 triệu đồng/tháng (132 triệu đồng/năm);

+ Mức giảm trừ đối với mỗi người phụ thuộc là 4,4 triệu đồng/tháng.

Tại kỳ tính thuế này người nộp thuế chưa được áp dụng mức giảm trừ gia cảnh theo Nghị quyết 110/2025/UBTVQH15 năm 2026 (Mức 15,5 triệu đồng/tháng đối với NTT và 6,2 triệu đồng/tháng đối với người phụ thuộc)","the-thao-y-te","","","","2026-05-20T00:00:00","https://thuvienphapluat.vn/hoi-dap-phap-luat/chinh-thuc-bo-ke-khai-thue-tncn-thang-42026-chuyen-sang-ke-khai-quy-2-ra-sao-138090921.html","2026-05-21T20:37:00.744455+00:00"
"138059892","Lịch thi THPT quốc gia 2026: diễn ra vào ngày 11/6-12/6/2026 (dự kiến) đúng không?","Lịch thi THPT quốc gia 2026: diễn ra vào ngày 11/6-12/6/2026 (dự kiến) đúng không?

Đối tượng dự thi THPT quốc gia gồm những ai?

Đối tượng được đặc cách thi THPT quốc gia gồm những ai?

Căn cứ Điều 1 Quyết định 2269/QĐ-BGDĐT năm 2025 TẢI VỀ như sau:

Như vậy, lịch thi THPT quốc gia 2026 dự kiến diễn ra trong ngày 11 và ngày 12 tháng 6 năm 2026.

Căn cứ tại Tiểu mục 1 Mục 1 Công văn 1257/BGDĐT-QLCL năm 2026 kỳ thi tốt nghiệp THPT 2026 chính thức sẽ diễn ra vào ngày 11/6/2026 và ngày 12/6/2026.

Trên đây là thông tin về ""Lịch thi THPT quốc gia 2026: diễn ra vào ngày 11/6-12/6/2026 (dự kiến) đúng không?"".

Hệ thống Group Hỗ Trợ thi THPT 2026: Cập nhật thủ tục + thông tin + đề ôn + đề thi:

- Nhóm Tổng hợp + Tỉnh, thành: Tại đây

- Nhóm Môn Thi: Tại đây

- Nhóm Ôn Thi Theo Khối: Tại đây

- Nhóm Điểm Chuẩn: Tại đây

Lịch thi THPT quốc gia 2026: diễn ra vào ngày 11/6-12/6/2026 (dự kiến) đúng không? (Hình từ Internet)

Theo khoản 1 Điều 19 Quy chế thi tốt nghiệp trung học phổ thông ban hành kèm theo Thông tư 24/2024/TT-BGDĐT quy định như sau:

Theo đó, đối tượng dự thi THPT quốc gia gồm:

- Người đã hoàn thành Chương trình GDPT/GDTX trong năm tổ chức kỳ thi;

- Người đã hoàn thành Chương trình GDPT/GDTX nhưng chưa tốt nghiệp THPT ở những năm trước;

- Người đã có Bằng tốt nghiệp THPT dự thi để lấy kết quả làm cơ sở đăng ký xét tuyển sinh;

- Người đã có Bằng tốt nghiệp trung cấp dự thi để lấy kết quả làm cơ sở đăng ký xét tuyển sinh.

Theo Điều 40 Quy chế thi tốt nghiệp trung học phổ thông ban hành kèm theo Thông tư 24/2024/TT-BGDĐT quy định về đối tượng được đặc cách thi THPT quốc gia như sau:

(1) Người học được xét đặc cách tốt nghiệp THPT trong trường hợp bị tai nạn, bị ốm hoặc có việc đột xuất đặc biệt trước ngày thi không quá 10 ngày hoặc ngay trong buổi thi đầu tiên, không thể dự thi và thuộc các đối tượng dưới đây:

- Người đã hoàn thành Chương trình GDPT/GDTX trong năm tổ chức kỳ thi;

- Người đã hoàn thành Chương trình GDPT/GDTX nhưng chưa tốt nghiệp THPT ở những năm trước;

(2) Người học được xét đặc cách tốt nghiệp THPT trong trường hợp bị tai nạn, bị ốm hay có việc đột xuất đặc biệt sau khi đã thi ít nhất một bài thi và không thể tiếp tục dự thi hoặc sau khi bị tai nạn, bị ốm hay có việc đột xuất đặc biệt tự nguyện dự thi số bài thi còn lại và thuộc các đối tượng dưới đây:

- Người đã hoàn thành Chương trình GDPT/GDTX trong năm tổ chức kỳ thi;

- Người đã hoàn thành Chương trình GDPT/GDTX nhưng chưa tốt nghiệp THPT ở những năm trước;

(3) Các đối tượng là vận động viên đủ điều kiện được xét đặc cách tốt nghiệp THPT:

- Vận động viên đang học tập tại các cơ sở giáo dục, cơ sở giáo dục nghề nghiệp được triệu tập vào đội tuyển thể thao quốc gia, đội tuyển thể thao của các tỉnh, thành phố trực thuộc trung ương, các ngành để tập huấn và thi đấu thì được cơ quan sử dụng vận động viên chi trả học phí theo quy định của pháp luật.

- Vận động viên đạt thành tích xuất sắc trong các giải thi đấu thể thao quốc gia hoặc quốc tế được xét đặc cách tốt nghiệp trung học cơ sở, trung học phổ thông nếu thời gian thi trùng với thời gian vận động viên tập huấn ở nước ngoài hoặc tham dự thi đấu tại các giải thể thao quốc tế.

Điều 1. Ban hành khung kế hoạch thời gian năm học 2025 - 2026 đối với giáo dục mầm non, giáo dục phổ thông và giáo dục thường xuyên áp dụng trong toàn quốc như sau:

1. Tựu trường sớm nhất trước 01 tuần so với ngày tổ chức khai giảng. Riêng đối với lớp 1, lớp 9, lớp 12 tựu trường sớm nhất trước 02 tuần so với ngày tổ chức khai giảng.

2. Tổ chức khai giảng vào ngày 05 tháng 9 năm 2025.

3. Kết thúc học kỳ I trước ngày 18 tháng 01 năm 2026, hoàn thành chương trình và kết thúc năm học trước ngày 31 tháng 5 năm 2026.

4. Xét công nhận hoàn thành chương trình tiểu học và xét công nhận tốt nghiệp trung học cơ sở trước ngày 30 tháng 6 năm 2026.

5. Hoàn thành tuyển sinh các lớp đầu cấp trước ngày 31 tháng 7 năm 2026.

6. Thi tốt nghiệp trung học phổ thông năm 2026 dự kiến diễn ra trong ngày 11 và ngày 12 tháng 6 năm 2026.

7. Các kỳ thi cấp quốc gia khác được tổ chức theo quy định và hướng dẫn của Bộ Giáo dục và Đào tạo.

[...]

Điều 19. Đối tượng, điều kiện dự thi

1. Đối tượng dự thi gồm:

a) Người đã hoàn thành Chương trình GDPT/GDTX trong năm tổ chức kỳ thi;

b) Người đã hoàn thành Chương trình GDPT/GDTX nhưng chưa tốt nghiệp THPT ở những năm trước;

c) Người đã có Bằng tốt nghiệp THPT dự thi để lấy kết quả làm cơ sở đăng ký xét tuyển sinh;

d) Người đã có Bằng tốt nghiệp trung cấp dự thi để lấy kết quả làm cơ sở đăng ký xét tuyển sinh.

2. Điều kiện dự thi:

a) Các đối tượng dự thi phải ĐKDT và nộp đầy đủ các giấy tờ đúng thời hạn;

b) Đối tượng quy định tại điểm d khoản 1 Điều này phải bảo đảm đã học và thi đạt yêu cầu đủ khối lượng kiến thức văn hóa THPT theo quy định của Luật Giáo dục và các văn bản hướng dẫn hiện hành của Bộ GDĐT.","the-thao-y-te","","","","2026-05-20T00:00:00","https://thuvienphapluat.vn/hoi-dap-phap-luat/lich-thi-thpt-quoc-gia-2026-dien-ra-vao-ngay-1161262026-du-kien-dung-khong-138059892.html","2026-05-21T20:37:09.980951+00:00"
"138062956","Lịch nghỉ lễ 2027 - Tổng hợp các ngày lễ 2027 ở Việt Nam chi tiết ra sao?","Lịch nghỉ lễ 2027 - Tổng hợp các ngày lễ 2027 ở Việt Nam chi tiết ra sao?

Nghỉ giải lao theo tính chất của công việc có được tính vào thời giờ làm việc được hưởng lương không?

Cách tính ngày nghỉ hằng năm trong một số trường hợp đặc biệt được quy định cụ thể ra sao?

Lịch nghỉ lễ 2027 - Tổng hợp các ngày lễ 2027 ở Việt Nam chi tiết dưới đây:

Các ngày nghỉ lễ được hưởng nguyên lương trong năm 2027

Căn cứ Điều 112 Bộ luật Lao động 2019 quy định về nghỉ lễ, tết, năm 2027 người lao động được nghỉ các ngày lễ, tết sau đây:

(1) Tết Dương lịch: 01 ngày (ngày 01 tháng 01 dương lịch);

(2) Tết Âm lịch: 05 ngày;

(3) Ngày Chiến thắng: 01 ngày (ngày 30 tháng 4 dương lịch);

(4) Ngày Quốc tế lao động: 01 ngày (ngày 01 tháng 5 dương lịch);

(5) Quốc khánh: 02 ngày (ngày 02 tháng 9 dương lịch và 01 ngày liền kề trước hoặc sau);

(6) Ngày Giỗ Tổ Hùng Vương: 01 ngày (ngày 10 tháng 3 âm lịch).

Lưu ý: Hằng năm, căn cứ vào điều kiện thực tế, sẽ có quyết định cụ thể ngày nghỉ Tết Âm lịch và Quốc khánh.

Các ngày lễ, sự kiện khác trong năm tại Việt Nam và quốc tế

Tên ngày lễ

Ngày

Ông Táo chầu trời

30 tháng 1, 2027

Chiến thắng Ngọc Hồi - Đống Đa

10 tháng 2, 2027

Ngày thành lập Đảng

3 tháng 2, 2027

Tết Nguyên Tiêu

20 tháng 2, 2027

Quốc tế Phụ nữ

8 tháng 3, 2027

Ngày Sách Việt Nam

21 tháng 4, 2027

Ngày Chiến thắng Điện Biện Phủ

7 tháng 5, 2027

Lễ Phật đản

20 tháng 5, 2027

Ngày sinh Chủ tịch Hồ Chí Minh

19 tháng 5, 2027

Tết Đoan ngọ

9 tháng 6, 2027

Ngày quốc tế Thiếu nhi

1 tháng 6, 2027

Ngày Gia đình Việt Nam

28 tháng 6, 2027

Ngày Thương Binh Liệt Sĩ

27 tháng 7, 2027

Ngày cách mạng Tháng Tám

19 tháng 8, 2027

Rằm Tháng Bảy, Vu Lan

16 tháng 8, 2027

Tết Trung thu

15 tháng 9, 2027

Ngày giải phóng Thủ Đô

10 tháng 10, 2027

Ngày Phụ nữ Việt Nam

20 tháng 10, 2027

Ngày Nhà giáo Việt Nam

20 tháng 11, 2027

Ngày hội Quốc phòng Toàn dân

22 tháng 12, 2027

[...]

* Trên đây là Thông tin Lịch nghỉ lễ 2027 - Tổng hợp các ngày lễ 2027 ở Việt Nam chi tiết ra sao?

Lịch nghỉ lễ 2027 - Tổng hợp các ngày lễ 2027 ở Việt Nam chi tiết ra sao? (Hình từ Internet)

Căn cứ Điều 58 Nghị định 145/2020/NĐ-CP có quy định thời giờ được tính vào thời giờ làm việc được hưởng lương như sau:

Như vậy, theo quy định, nghỉ giải lao theo tính chất của công việc thuộc một trong những trường hợp được tính vào thời giờ làm việc được hưởng lương.

Căn cứ Điều 66 Nghị định 145/2020/NĐ-CP, cách tính ngày nghỉ hằng năm trong một số trường hợp đặc biệt như sau:

- Số ngày nghỉ hằng năm của người lao động làm việc chưa đủ 12 tháng theo quy định tại khoản 2 Điều 113 Bộ luật Lao động 2019 được tính như sau: lấy số ngày nghỉ hằng năm cộng với số ngày được nghỉ tăng thêm theo thâm niên (nếu có), chia cho 12 tháng, nhân với số tháng làm việc thực tế trong năm để tính thành số ngày được nghỉ hằng năm.

- Trường hợp người lao động làm việc chưa đủ tháng, nếu tổng số ngày làm việc và ngày nghỉ có hưởng lương của người lao động (nghỉ lễ, tết, nghỉ hằng năm, nghỉ việc riêng có hưởng lương theo Điều 112, Điều 113, Điều 114 và Điều 115 Bộ luật Lao động 2019) chiếm tỷ lệ từ 50% số ngày làm việc bình thường trong tháng theo thỏa thuận thì tháng đó được tính là 01 tháng làm việc để tính ngày nghỉ hằng năm.

- Toàn bộ thời gian người lao động làm việc tại các cơ quan, tổ chức, đơn vị thuộc khu vực nhà nước và doanh nghiệp nhà nước được tính là thời gian làm việc để tính ngày nghỉ hằng năm tăng thêm theo quy định tại Điều 114 Bộ luật Lao động 2019 nếu người lao động tiếp tục làm việc tại các cơ quan, tổ chức, đơn vị thuộc khu vực nhà nước và doanh nghiệp nhà nước.

Điều 58. Thời giờ được tính vào thời giờ làm việc được hưởng lương

1. Nghỉ giữa giờ quy định khoản 2 Điều 64 Nghị định này.

2. Nghỉ giải lao theo tính chất của công việc.

3. Nghỉ cần thiết trong quá trình lao động đã được tính trong định mức lao động cho nhu cầu sinh lý tự nhiên của con người.

4. Thời giờ nghỉ đối với lao động nữ khi mang thai hoặc nuôi con dưới 12 tháng tuổi, trong thời gian hành kinh theo quy định tại khoản 2 và khoản 4 Điều 137 của Bộ luật Lao động.

5. Thời giờ phải ngừng việc không do lỗi của người lao động.

6. Thời giờ hội họp, học tập, tập huấn do yêu cầu của người sử dụng lao động hoặc được người sử dụng lao động đồng ý.

7. Thời giờ người học nghề, tập nghề trực tiếp hoặc tham gia lao động theo quy định tại khoản 5 Điều 61 của Bộ luật Lao động.

8. Thời giờ mà người lao động là thành viên ban lãnh đạo của tổ chức đại diện người lao động tại cơ sở được sử dụng để thực hiện nhiệm vụ theo quy định tại khoản 2 và khoản 3 Điều 176 của Bộ luật Lao động.

9. Thời giờ khám sức khỏe, khám phát hiện bệnh nghề nghiệp, giám định y khoa để xác định mức độ suy giảm khả năng lao động do tai nạn lao động, bệnh nghề nghiệp, nếu thời giờ đó được thực hiện theo sự bố trí hoặc do yêu cầu của người sử dụng lao động.

10. Thời giờ đăng ký, khám, kiểm tra sức khỏe nghĩa vụ quân sự, nếu thời giờ đó được hưởng nguyên lương theo quy định của pháp luật về nghĩa vụ quân sự.","the-thao-y-te","","","","2026-05-20T00:00:00","https://thuvienphapluat.vn/hoi-dap-phap-luat/lich-nghi-le-2027--tong-hop-cac-ngay-le-2027-o-viet-nam-chi-tiet-ra-sao-138062956.html","2026-05-21T20:37:34.826254+00:00"
"138091384","CHÍNH THỨC bỏ tờ khai thuế TNCN tháng 4-5-6/2026 thay bằng tờ khai quý 2/2026 đúng hay không?","CHÍNH THỨC bỏ tờ khai thuế TNCN tháng 4-5-6/2026 thay bằng tờ khai quý 2/2026 đúng hay không?

Hạn chót nộp tờ khai thuế TNCN tháng 4 2026 là khi nào?

Hạn chót nộp tờ khai thuế TNCN quý 2 2026 là khi nào?

>>> Hiểu thế nào về bỏ TTHC 2002235 khai thuế TNCN tháng theo quy định mới nhất?

Xem thêm:

>>> Bỏ TTHC 2.002235 kê khai quý/tháng bỏ kê khai tháng thì kê khai thuế TNCN theo trình tự nào?

>>> Tờ khai 05/KK-TNCN tháng 4, 5, 6/2026 chính thức bỏ khai theo tháng chuyển sang kê khai quý 2/2026 ra sao?

>>> CHÍNH THỨC bỏ tờ khai thuế TNCN tháng 4-5-6/2026 thay bằng tờ khai quý 2/2026 đúng hay không?

>>> Hướng dẫn thủ tục khai thuế TNCN tháng 4-5-6/2026 theo thủ tục mới sau khi bỏ khai tháng ra sao?

>>> Hướng dẫn sửa lỗi kỳ kê khai tháng không được phép nộp tờ khai, vui lòng chọn lại kỳ kê khai phù hợp ra sao?

>>> Chính thức bỏ kê khai thuế TNCN tháng 4/2026 chuyển sang kê khai quý 2 ra sao?

Ngày 08/05/2026 Bộ Tài chính đã ban hành Quyết định 1109/QĐ-BTC năm 2026 công bố thủ tục hành chính được sửa đổi, bổ sung, bãi bỏ trong lĩnh vực quản lý thuế, hải quan

Theo đó đã sửa đổi bổ sung Thủ tục hành chính 2.002235 Khai thuế thu nhập cá nhân tháng/quý của tỔ chức, cá nhân trả thu nhập khấu trừ thuế đối với tiền lương, tiền công

Theo thủ tục trên thì không còn kê khai theo tháng, theo đó CHÍNH THỨC bỏ tờ khai thuế TNCN tháng và thay bằng tờ khai quý từ ngày 8/5/2026.

Như vậy đối với khai thuế TNCN tháng 4-5-6 năm 2026 sẽ được chuyển sang thành khai thuế TNCN quý 2 năm 2026.

*Bài viết CHÍNH THỨC bỏ tờ khai thuế TNCN tháng 4-5-6/2026 thay bằng tờ khai quý 2/2026 đúng hay không?

CHÍNH THỨC bỏ tờ khai thuế TNCN tháng 4 5 6 2026 thay bằng tờ khai quý 2 2026 đúng hay không? (Hình từ Internet)

Căn cứ tại khoản 1 Điều 44 Luật Quản lý thuế 2019 quy định về thời hạn nộp hồ sơ khai thuế cụ thể như sau:

Như vậy, hạn chót nộp tờ khai thuế TNCN tháng 4 2026 là ngày 20/5/2026.

Căn cứ tại điểm b khoản 1 Điều 44 Luật Quản lý thuế 2019 quy định về thời hạn nộp hồ sơ khai thuế cụ thể như sau:

Hạn chót nộp tờ khai thuế TNCN quý 2 2026 là 31/7/2026.

*Bài viết CHÍNH THỨC bỏ tờ khai thuế TNCN tháng 4 5 6 2026 thay bằng tờ khai quý 2 2026 đúng hay không?

6. Khai thuế thu nhập cá nhân quý của tổ chức, cá nhân trả thu nhập khấu trừ thuế đối với tiền lương, tiền công (Mã số TTHC 2.002235)

- Trình tự thực hiện:

+Bước 1.

++ Tổ chức, cá nhân trả thu nhập có phát sinh khấu trừ thuế chuẩn bị hồ sơ khai thuế, gửi đến cơ quan Thuế. Thời hạn nộp hồ sơ khai thuế quý chậm nhất là ngày cuối cùng của tháng đầu tiên của quý tiếp theo quý phát sinh nghĩa vụ thuế. Nếu ngày cuối cùng trùng ngày nghỉ lễ, hạn cuối cùng được chuyển sang ngày làm việc tiếp theo.

(Thủ tục đăng ký chứng từ khấu trừ thuế TNCN được thực hiện riêng theo quy định tại Nghị định 70/2025/NĐ-CP của Chính phủ).

[...]

Điều 44. Thời hạn nộp hồ sơ khai thuế

1. Thời hạn nộp hồ sơ khai thuế đối với loại thuế khai theo tháng, theo quý được quy định như sau:

a) Chậm nhất là ngày thứ 20 của tháng tiếp theo tháng phát sinh nghĩa vụ thuế đối với trường hợp khai và nộp theo tháng;

b) Chậm nhất là ngày cuối cùng của tháng đầu của quý tiếp theo quý phát sinh nghĩa vụ thuế đối với trường hợp khai và nộp theo quý.

2. Thời hạn nộp hồ sơ khai thuế đối với loại thuế có kỳ tính thuế theo năm được quy định như sau:

a) Chậm nhất là ngày cuối cùng của tháng thứ 3 kể từ ngày kết thúc năm dương lịch hoặc năm tài chính đối với hồ sơ quyết toán thuế năm; chậm nhất là ngày cuối cùng của tháng đầu tiên của năm dương lịch hoặc năm tài chính đối với hồ sơ khai thuế năm;

b) Chậm nhất là ngày cuối cùng của tháng thứ 4 kể từ ngày kết thúc năm dương lịch đối với hồ sơ quyết toán thuế thu nhập cá nhân của cá nhân trực tiếp quyết toán thuế;

c) Chậm nhất là ngày 15 tháng 12 của năm trước liền kề đối với hồ sơ khai thuế khoán của hộ kinh doanh, cá nhân kinh doanh nộp thuế theo phương pháp khoán; trường hợp hộ kinh doanh, cá nhân kinh doanh mới kinh doanh thì thời hạn nộp hồ sơ khai thuế khoán chậm nhất là 10 ngày kể từ ngày bắt đầu kinh doanh.

[...]

Điều 44. Thời hạn nộp hồ sơ khai thuế

1. Thời hạn nộp hồ sơ khai thuế đối với loại thuế khai theo tháng, theo quý được quy định như sau:

a) Chậm nhất là ngày thứ 20 của tháng tiếp theo tháng phát sinh nghĩa vụ thuế đối với trường hợp khai và nộp theo tháng;

b) Chậm nhất là ngày cuối cùng của tháng đầu của quý tiếp theo quý phát sinh nghĩa vụ thuế đối với trường hợp khai và nộp theo quý.

2. Thời hạn nộp hồ sơ khai thuế đối với loại thuế có kỳ tính thuế theo năm được quy định như sau:

a) Chậm nhất là ngày cuối cùng của tháng thứ 3 kể từ ngày kết thúc năm dương lịch hoặc năm tài chính đối với hồ sơ quyết toán thuế năm; chậm nhất là ngày cuối cùng của tháng đầu tiên của năm dương lịch hoặc năm tài chính đối với hồ sơ khai thuế năm;

b) Chậm nhất là ngày cuối cùng của tháng thứ 4 kể từ ngày kết thúc năm dương lịch đối với hồ sơ quyết toán thuế thu nhập cá nhân của cá nhân trực tiếp quyết toán thuế;

c) Chậm nhất là ngày 15 tháng 12 của năm trước liền kề đối với hồ sơ khai thuế khoán của hộ kinh doanh, cá nhân kinh doanh nộp thuế theo phương pháp khoán; trường hợp hộ kinh doanh, cá nhân kinh doanh mới kinh doanh thì thời hạn nộp hồ sơ khai thuế khoán chậm nhất là 10 ngày kể từ ngày bắt đầu kinh doanh.

[...]","the-thao-y-te","","","","2026-05-20T00:00:00","https://thuvienphapluat.vn/hoi-dap-phap-luat/chinh-thuc-bo-to-khai-thue-tncn-thang-4562026-thay-bang-to-khai-quy-22026-dung-hay-khong-138091384.html","2026-05-21T20:37:42.901171+00:00"
"138091267","Từ 01/7/2026, đưa vắc xin HPV vào danh mục tiêm chủng bắt buộc đúng không?","Từ 01/7/2026, đưa vắc xin HPV vào danh mục tiêm chủng bắt buộc đúng không?

Giá dịch vụ tiêm chủng được tính dựa trên các yếu tố nào?

Việc tiêm chủng phải thực hiện đầy đủ các bước nào?

Theo đó, từ 01/7/2026, bệnh do vi rút HPV (Human Papilloma Virus) ở người thuộc danh mục bệnh phải sử dụng vắc xin, sinh phẩm trong tiêm chủng bắt buộc thông qua hoạt động của Chương trình tiêm chủng mở rộng.

Căn cứ theo Điều 3 Thông tư 13/2026/TT-BYT quy định vắc xin HPV như sau:

Trên đây là thông tin: Từ 01/7/2026, đưa vắc xin HPV vào danh mục tiêm chủng bắt buộc theo Thông tư 13 đúng không?

Xem thêm:

>>> Cơ sở tiêm chủng tự ý hoạt động khi chưa công bố đủ điều kiện tiêm chủng bị xử phạt như thế nào?

>>> Cơ sở tiêm chủng không đảm bảo an toàn khi tiêm vaccine cho người dân bị phạt bao nhiêu tiền?

Từ 01/7/2026, đưa vắc xin HPV vào danh mục tiêm chủng bắt buộc đúng không? (Hình từ Internet)

Căn cứ tại khoản 1 Điều 13 Nghị định 104/2016/NĐ-CP quy định về giá dịch vụ tiêm chủng như sau:

Như vậy, giá dịch vụ tiêm chủng được tính dựa trên các yếu tố sau:

- Giá mua vắc xin;

- Chi phí vận chuyển, bảo quản vắc xin;

- Chi phí dịch vụ tiêm chủng.

Căn cứ tại khoản 1 Điều 5 Nghị định 104/2016/NĐ-CP quy định về quy trình tiêm chủng như sau:

Theo đó, việc tiêm chủng phải thực hiện đầy đủ các bước sau:

- Trước khi tiêm chủng: Khám sàng lọc, tư vấn cho đối tượng tiêm chủng. Trường hợp đối tượng tiêm chủng là trẻ em thì việc tư vấn được thực hiện với cha, mẹ hoặc người giám hộ của trẻ;

- Trong khi tiêm chủng: Thực hiện tiêm chủng theo đúng chỉ định, bảo đảm an toàn;

- Sau khi tiêm chủng: Theo dõi người được tiêm chủng ít nhất 30 phút sau tiêm chủng và hướng dẫn gia đình hoặc đối tượng tiêm chủng để tiếp tục theo dõi ít nhất 24 giờ sau tiêm chủng.

Điều 3. Danh mục bệnh phải sử dụng vắc xin, sinh phẩm trong tiêm chủng bắt buộc thông qua hoạt động của Chương trình tiêm chủng mở rộng

1. Bệnh viêm gan vi rút B.

2. Bệnh lao.

3. Bệnh bạch hầu.

4. Bệnh ho gà.

5. Bệnh uốn ván.

6. Bệnh bại liệt.

7. Bệnh do Haemophilus influenzae týp b.

8. Bệnh sởi.

9. Bệnh rubella.

10. Bệnh viêm não Nhật Bản.

11. Bệnh tiêu chảy do vi rút Rota.

12. Bệnh do phế cầu.

13. Bệnh do vi rút HPV (Human Papilloma Virus) ở người.

14. Bệnh khác theo quy định của Bộ trưởng Bộ Y tế.

Điều 13. Giá dịch vụ tiêm chủng

1. Giá dịch vụ tiêm chủng được tính dựa trên các yếu tố sau đây:

a) Giá mua vắc xin;

b) Chi phí vận chuyển, bảo quản vắc xin;

c) Chi phí dịch vụ tiêm chủng.

2. Chi phí dịch vụ tiêm chủng được tính theo từng loại vắc xin, số lần tiêm hoặc uống và được tính đúng, tính đủ các yếu tố chi phí trực tiếp, gián tiếp sau đây:

a) Tiền công khám sàng lọc, tư vấn, công tiêm, theo dõi sau tiêm chủng;

b) Tiền vật tư tiêu hao;

c) Tiền điện, nước, nhiên liệu, xử lý chất thải y tế và vệ sinh môi trường trực tiếp cho việc thực hiện dịch vụ tiêm chủng;

[...]

Điều 5. Quy trình tiêm chủng

1. Việc tiêm chủng phải thực hiện đầy đủ các bước sau:

a) Trước khi tiêm chủng: Khám sàng lọc, tư vấn cho đối tượng tiêm chủng. Trường hợp đối tượng tiêm chủng là trẻ em thì việc tư vấn được thực hiện với cha, mẹ hoặc người giám hộ của trẻ;

b) Trong khi tiêm chủng: Thực hiện tiêm chủng theo đúng chỉ định, bảo đảm an toàn;

c) Sau khi tiêm chủng: Theo dõi người được tiêm chủng ít nhất 30 phút sau tiêm chủng và hướng dẫn gia đình hoặc đối tượng tiêm chủng để tiếp tục theo dõi ít nhất 24 giờ sau tiêm chủng.

2. Khi đang triển khai tiêm chủng mà xảy ra tai biến nặng sau tiêm chủng, người đứng đầu cơ sở tiêm chủng có trách nhiệm:

a) Dừng ngay buổi tiêm chủng;

b) Xử trí cấp cứu, chẩn đoán nguyên nhân tai biến nặng sau tiêm chủng; trường hợp vượt quá khả năng thì phải chuyển người bị tai biến nặng sau tiêm chủng đến cơ sở khám bệnh, chữa bệnh gần nhất;

c) Thống kê đầy đủ thông tin liên quan đến trường hợp tai biến nặng theo quy định của Bộ trưởng Bộ Y tế và báo cáo cho Sở Y tế trong thời hạn 24 giờ kể từ thời điểm xảy ra tai biến.

3. Cơ sở khám bệnh, chữa bệnh tiếp nhận trường hợp tai biến nặng sau tiêm chủng phải tiến hành cấp cứu, điều trị và báo cáo Sở Y tế trong thời hạn 24 giờ kể từ thời điểm tiếp nhận người bị tai biến.

[...]","the-thao-y-te","","","","2026-05-19T00:00:00","https://thuvienphapluat.vn/hoi-dap-phap-luat/tu-0172026-dua-vac-xin-hpv-vao-danh-muc-tiem-chung-bat-buoc-dung-khong-138091267.html","2026-05-21T20:33:49.043057+00:00"
"138091231","Toàn văn Thông tư 13/2026/TT-BYT về hoạt động tiêm chủng chi tiết như thế nào?","Toàn văn Thông tư 13 2026 TT BYT về hoạt động tiêm chủng chi tiết như thế nào?

Từ 1/7/2026, bệnh nào phải sử dụng vắc xin, sinh phẩm trong tiêm chủng bắt buộc thông qua hoạt động của Chương trình tiêm chủng mở rộng?

Từ 1/7/2026, cơ sở tiêm chủng có trách nhiệm gì trong hoạt động tiêm chủng?

Ngày 16/5/2026, Bộ trưởng Bộ Y tế ban hành Thông tư 13/2026/TT-BYT quy định về hoạt động tiêm chủng.

TẢI VỀ Thông tư 13/2026/TT-BYT

Thông tư 13/2026/TT-BYTquy định chi tiết khoản 4 Điều 22, khoản 2 Điều 23 Luật Phòng bệnh 2025 và khoản 7 Điều 52 Nghị định 165/2026/NĐ-CP quy định chi tiết và hướng dẫn thi hành một số điều của Luật Phòng bệnh, bao gồm:

- Danh mục bệnh phải sử dụng vắc xin, sinh phẩm trong tiêm chủng bắt buộc quy định tại điểm a khoản 4 Điều 22 Luật Phòng bệnh 2025.

- Tiêm chủng thường xuyên, tiêm chủng bù liều, tiêm chủng chiến dịch chủ động và các phương thức tổ chức tiêm chủng khác trong Chương trình tiêm chủng mở rộng; tiêm chủng chống dịch quy định tại điểm b khoản 4 Điều 22 Luật Phòng bệnh 2025.

- Việc tổ chức tiêm chủng quy định tại điểm c khoản 4 Điều 22 Luật Phòng bệnh 2025.

- Chế độ thông tin, báo cáo về hoạt động tiêm chủng quy định tại khoản 2 Điều 23 Luật Phòng bệnh 2025.

- Thành lập, tổ chức và hoạt động của Hội đồng tư vấn chuyên môn đánh giá nguyên nhân tai biến nặng trong quá trình sử dụng vắc xin, sinh phẩm quy định tại khoản 7 Điều 52 Nghị định 165/2026/NĐ-CP.

Thông tư 13/2026/TT-BYT có hiệu lực thi hành từ ngày 01/7/2026.

Các Thông tư sau đây hết hiệu lực kể từ ngày Thông tư 13/2026/TT-BYT có hiệu lực thi hành:

- Thông tư 24/2018/TT-BYT quy định việc thành lập, tổ chức và hoạt động của Hội đồng tư vấn chuyên môn đánh giá nguyên nhân tai biến nặng trong quá trình sử dụng vắc xin;

- Thông tư 34/2018/TT-BYT quy định chi tiết một số điều của Nghị định số 104/2016/NĐ-CP ngày 01 tháng 7 năm 2016 của Chính phủ quy định về hoạt động tiêm chủng;

- Thông tư 05/2020/TT-BYT sửa đổi, bổ sung một số điều của Thông tư 24/2018/TT-BYT quy định việc thành lập, tổ chức và hoạt động của Hội đồng tư vấn chuyên môn đánh giá nguyên nhân tai biến nặng trong quá trình sử dụng vắc xin;

- Thông tư 52/2025/TT-BYT ban hành danh mục bệnh truyền nhiễm, đối tượng và phạm vi phải sử dụng vắc xin, sinh phẩm y tế bắt buộc.

Xem thêm:

Tổng hợp Nghị định có hiệu lực từ 15/5/2026 chi tiết thế nào?

Tổng hợp Thông tư có hiệu lực từ 15/5/2026 chi tiết thế nào?

Toàn văn Thông tư 13 2026 TT BYT về hoạt động tiêm chủng chi tiết như thế nào? (Hình từ Internet)

Căn cứ theo Điều 3 Thông tư 13/2026/TT-BYT, từ ngày 01/7/2026, danh mục bệnh phải sử dụng vắc xin, sinh phẩm trong tiêm chủng bắt buộc thông qua hoạt động của Chương trình tiêm chủng mở rộng gồm:

- Bệnh viêm gan vi rút B.

- Bệnh lao.

- Bệnh bạch hầu.

- Bệnh ho gà.

- Bệnh uốn ván.

- Bệnh bại liệt.

- Bệnh do Haemophilus influenzae týp b.

- Bệnh sởi.

- Bệnh rubella.

- Bệnh viêm não Nhật Bản.

- Bệnh tiêu chảy do vi rút Rota.

- Bệnh do phế cầu.

- Bệnh do vi rút HPV (Human Papilloma Virus) ở người.

- Bệnh khác theo quy định của Bộ trưởng Bộ Y tế.

Căn cứ theo Điều 25 Thông tư 13/2026/TT-BYT, từ ngày 01/7/2026, trách nhiệm của cơ sở tiêm chủng trong hoạt động tiêm chủng là:

- Tổ chức triển khai tiêm chủng bắt buộc và tiêm chủng tự nguyện theo quy định.

- Các cơ sở tiêm chủng công lập theo chức năng, nhiệm vụ được giao phải thực hiện tiêm chủng vắc xin, sinh phẩm bắt buộc trong Chương trình tiêm chủng mở rộng, tiêm chủng chống dịch.

- Cơ sở khám bệnh, chữa bệnh công lập ngoài quy định tại khoản 2 Điều 25 Thông tư 13/2026/TT-BYT, các cơ sở khám bệnh, chữa bệnh tư nhân, các cơ sở tiêm chủng tư nhân được thực hiện tiêm chủng vắc xin, sinh phẩm bắt buộc trong Chương trình tiêm chủng mở rộng khi được cơ quan chuyên môn về y tế thuộc Ủy ban nhân dân cấp tỉnh phân công; tổ chức triển khai tiêm chủng chống dịch khi được cơ quan quản lý nhà nước có thẩm quyền yêu cầu.

- Thực hiện hoạt động tiêm chủng theo quy định tại Thông tư 13/2026/TT-BYT và các văn bản khác có liên quan.

- Tuân thủ quy trình chuyên môn kỹ thuật về sử dụng vắc xin, sinh phẩm và an toàn tiêm chủng.

- Phối hợp với các tổ chức, đoàn thể tuyên truyền, vận động người dân tham gia tiêm chủng phòng bệnh.

- Phối hợp với các đơn vị liên quan thực hiện và tạo điều kiện thuận lợi cho việc điều tra nguyên nhân tai biến nặng sau tiêm chủng.

- Triển khai thực hiện Hệ thống quản lý thông tin tiêm chủng quốc gia theo hướng dẫn chuyên môn của Cục Phòng bệnh. Trường hợp cơ sở sử dụng hệ thống riêng thì phải bảo đảm kết nối liên thông, chia sẻ dữ liệu thời gian thực với Hệ thống quản lý thông tin tiêm chủng quốc gia và bảo đảm an toàn, an ninh thông tin theo quy định, trừ dữ liệu của các đối tượng thuộc Bộ Công an, Bộ Quốc phòng quản lý.

- Tổng hợp, báo cáo công tác tiêm chủng.

- Lưu giữ, quản lý các tài liệu, hồ sơ về tiêm chủng và sự cố bất lợi sau tiêm chủng theo quy định.","the-thao-y-te","","","","2026-05-19T00:00:00","https://thuvienphapluat.vn/hoi-dap-phap-luat/toan-van-thong-tu-132026ttbyt-ve-hoat-dong-tiem-chung-chi-tiet-nhu-the-nao-138091231.html","2026-05-21T20:33:56.077105+00:00"
"138091159","Ebola là bệnh gì? Hướng dẫn chẩn đoán, điều trị bệnh do vi rút Ebola như thế nào?","Ebola là bệnh gì?

Hướng dẫn chẩn đoán, điều trị bệnh do vi rút Ebola như thế nào?

Hướng dẫn phòng lây nhiễm vi rút Ebola đối với người bệnh như thế nào?

Căn cứ tại Mục 1 Hướng dẫn chẩn đoán, điều trị bệnh do vi rút Ebola ban hành kèm Quyết định 4600/QĐ-BYT năm 2014 nêu như sau:

Bệnh do vi rút Ebola (trước đây gọi là sốt xuất huyết Ebola) là một bệnh truyền nhiễm nặng, dễ lây lan và bùng phát thành dịch; tỷ lệ tử vong cao, có thể lên đến 90%.

Bệnh lây truyền do tiếp xúc trực tiếp hoặc gián tiếp với mô, máu và dịch cơ thể của động vật hoặc người nhiễm bệnh (chất nôn, phân, nước tiểu, nước bọt, tinh dịch, mồ hôi hoặc đồ vật của bệnh nhân bị nhiễm vi rút như đồ vải, kim tiêm đã sử dụng,...).

- Vi rút Ebola là một trong ba chi thuộc họ Filoviridae (filovirus), cùng với Marburgvirus và Cuevavirus. Ebolavirus bao gồm 5 chủng khác nhau là:

+ Zaire ebolavirus (EBOV)

+ Sudan ebolavirus (SUDV)

+ Bundibugyo ebolavirus (BDBV)

+ Taï Forest ebolavirus (TAFV).

+ Reston ebolavirus (RESTV)

Trong đó, BDBV, EBOV, và SUDV đã từng gây dịch lớn tại châu Phi, trong khi RESTV và TAFV chưa từng gây dịch.

- Đối tượng có nguy cơ mắc bệnh:

+ Thành viên gia đình hoặc những người có tiếp xúc gần với người bị bệnh.

+ Nhân viên lễ tang, người có tiếp xúc trực tiếp với thi thể bệnh nhân.

+ Nhân viên y tế trực tiếp chăm sóc bệnh nhân.

+ Thợ săn, người sống trong rừng có tiếp xúc với động vật ốm hoặc chết (tinh tinh, vượn người, khỉ rừng, linh dương, nhím, dơi ăn quả.).

+ Người vận chuyển, giết mổ, tiêu thụ động vật bị nhiễm vi rút.

*Trên đây là thông tin Ebola là bệnh gì?

Ebola là bệnh gì? Hướng dẫn chẩn đoán, điều trị bệnh do vi rút Ebola như thế nào? (Hình từ Internet)

Căn cứ tại Mục 3 Hướng dẫn chẩn đoán, điều trị bệnh do vi rút Ebola ban hành kèm Quyết định 4600/QĐ-BYT năm 2014 hướng dẫn chẩn đoán ca bệnh do vi rút Ebola như sau:

[1] Ca bệnh nghi ngờ

Bệnh nhân có yếu tố nguy cơ và triệu chứng lâm sàng như sau:

- Có yếu tố dịch tễ trong vòng 21 ngày trước khi khởi phát triệu chứng, như tiếp xúc với máu hoặc dịch cơ thể của bệnh nhân nghi ngờ hoặc đã khẳng định nhiễm vi rút Ebola; sống hoặc đi tới từ vùng có dịch Ebola đang lưu hành.

- Sốt và/hoặc có các triệu chứng như đau đầu nặng, đau cơ, nôn, tiêu chảy, đau bụng hoặc xuất huyết không rõ nguyên nhân.

[2] Ca bệnh có thể

Là ca bệnh nghi ngờ và có các nguy cơ phơi nhiễm:

- Tiếp xúc trực tiếp qua da, niêm mạc hoặc phơi nhiễm với máu hoặc dịch cơ thể của bệnh nhân Ebola được khẳng định mà không sử dụng biện pháp phòng hộ cá nhân phù hợp.

- Xử lý máu và dịch cơ thể của bệnh nhân Ebola được khẳng định mà không sử dụng biện pháp phòng hộ cá nhân phù hợp hoặc các phương pháp an toàn sinh học chuẩn.

- Tiếp xúc trực tiếp với tử thi ở địa phương có dịch Ebola lưu hành mà không sử dụng biện pháp phòng hộ cá nhân phù hợp.

- Tiếp xúc trong gia đình với bệnh nhân Ebola.

[3] Ca bệnh xác định

Là ca bệnh nghi ngờ và được khẳng định bằng xét nghiệm RT-PCR dương tính.

[4] Chẩn đoán phân biệt

Bệnh do vi rút Ebola cần phải phân biệt với:

+ Sốt xuất huyết Dengue.

+ Bệnh do liên cầu lợn (Streptococcus suis).

+ Nhiễm trùng huyết do não mô cầu.

+ Nhiễm khuẩn huyết và sốc nhiễm khuẩn.

+ Bệnh do xoắn khuẩn (Leptospira).

+ Sốt rét có biến chứng.

Căn cứ tại Mục 4 Hướng dẫn chẩn đoán, điều trị bệnh do vi rút Ebola ban hành kèm Quyết định 4600/QĐ-BYT năm 2014 hướng dẫn điều trị bệnh do vi rút Ebola như sau:

[1] Nguyên tắc điều trị

- Không có điều trị đặc hiệu, chủ yếu là điều trị hỗ trợ.

- Các ca bệnh nghi ngờ đều phải được khám tại bệnh viện, cách ly và lấy mẫu bệnh phẩm gửi làm xét nghiệm đặc hiệu để chẩn đoán bệnh.

- Các ca bệnh xác định cần phải nhập viện điều trị và cách ly hoàn toàn.

[2] Điều trị hỗ trợ

Triệu chứng

Xử trí

Sốt > 38ºC

- Hạ nhiệt bằng Paracetamol: 10-15mg/kg cân nặng mỗi 4-6 giờ, không quá 60mg/kg cân nặng/ngày.

- Tránh dùng các NSAIDs (Diclofenac, Ibupropen,...) hoặc thuốc nhóm Salicylate vì làm nặng rối loạn đông máu.

Đau

- Giảm đau bằng Paracetamol (nếu mức độ nhẹ) hoặc Morphin (nếu mức độ trung bình hoặc nặng).

- Tránh dùng các NSAIDs (Diclofenac, Ibupropen,...) hoặc thuốc nhóm Salicylate vì làm nặng rối loạn đông máu.

Tiêu chảy, nôn, có dấu hiệu mất nước

- Cho uống Oresol ngay cả khi không có dấu hiệu mất nước.

- Theo dõi sát các dấu hiệu mất nước và bù dịch tương ứng theo hướng dẫn.

- Buồn nôn và nôn rất thường gặp. Các thuốc chống nôn có thể làm giảm triệu chứng và giúp bệnh nhân uống được Oresol. Đối với người lớn: Chlorpromazine 25-50mg, tiêm bắp 4 lần/ngày hoặc metoclopramide 10mg, tiêm tĩnh mạch/uống 3 lần/ngày đến khi bệnh nhân hết nôn. Đối với trẻ em trên 2 tuổi: dùng promethazine, chú ý theo dõi các dấu hiệu ngoại tháp.

Co giật

- Dùng diazepam để cắt cơn giật, người lớn: 10-20mg, trẻ em: 0,1-0,3mg/kg, tiêm tĩnh mạch chậm. Sau đó khống chế cơn giật bằng phenobarbital, người lớn: 10mg/kg, trẻ em: 10-15mg/kg, truyền tĩnh mạch chậm trong 15 phút.

Dấu hiệu của chảy máu cấp/tái nhợt mức độ trung bình đến nặng/các dấu hiệu cấp cứu của sốc giảm khối lượng tuần hoàn

- Truyền máu và các chế phẩm của máu.

Sốc, suy đa tạng (nếu có)

- Đảm bảo khối lượng tuần hoàn, cân bằng dịch, duy trì huyết áp, lợi tiểu, cung cấp đủ oxy.

- Lọc máu, hỗ trợ ECMO khi có chỉ định.

[3] Truyền máu hoặc huyết tương của bệnh nhân nhiễm Ebola đã khỏi bệnh (nếu có)

Truyền máu toàn phần hoặc huyết tương của bệnh nhân nhiễm Ebola đã khỏi bệnh có thể được áp dụng cho các bệnh nhân nhiễm Ebola sớm.

* Liều dùng khuyến cáo:

- Người lớn:

+ Máu toàn phần: truyền 1 đơn vị máu toàn phần (350/450ml).

+ Huyết tương: truyền 2 đơn vị huyết tương (mỗi đơn vị 200-250ml).

- Trẻ em: truyền máu toàn phần hoặc huyết tương với liều 10ml/kg, có thể cân nhắc điều chỉnh theo thể tích máu.

* Lưu ý truyền thật chậm, theo dõi sát. Tổng thời gian truyền máu nên kéo dài từ 1 đến 4 giờ.

* Truyền nhắc lại máu hoặc huyết tương nên được chỉ định dựa trên đánh giá về đáp ứng lâm sàng.

[4] Lưu ý với một số nhóm bệnh nhân

- Phụ nữ mang thai: có nguy cơ sảy thai/đẻ non, chảy máu sau sinh rất cao. Việc chỉ định dùng oxytocin và các can thiệp sau sinh cần tuân thủ đúng các hướng dẫn nhằm giúp bệnh nhân cầm máu.

- Phụ nữ cho con bú: vi rút Ebola có thể truyền qua sữa mẹ. Khi nghi ngờ mẹ bị nhiễm bệnh, mẹ và trẻ cần được nhập viện và cách ly cho đến khi loại trừ nhiễm bệnh. Mẹ nên ngừng cho con bú.

[5] Tiêu chuẩn xuất viện

- Bệnh nhân được xuất viện khi:

+ ≥ 3 ngày không sốt và không có các dấu hiệu gợi ý có sự đào thải vi rút ra môi trường như: đi ngoài phân lỏng, ho, chảy máu,…

+ Các triệu chứng lâm sàng cải thiện tốt, tình trạng bệnh nhân ổn định, có thể tự thực hiện các hoạt động thường ngày.

- Trong trường hợp làm được xét nghiệm:

+ Kết quả PCR vi rút Ebola âm tính (từ ngày thứ 3 trở đi kể từ khi khởi phát).

+ Nếu xét nghiệm PCR vi rút Ebola âm tính 2 lần liên tiếp, làm cách nhau tối thiểu 48 giờ, trong đó có ít nhất 1 xét nghiệm làm vào ngày thứ 3 trở đi kể từ khi khởi phát mà các triệu chứng lâm sàng không cải thiện, có thể chuyển bệnh nhân ra khỏi khu vực cách ly để tiếp tục chăm sóc.

[6] Phân tuyến điều trị

Các bệnh nhân xác định hoặc nghi nhiễm vi rút Ebola phải được chuyển đến cơ sở điều trị do Bộ Y tế chỉ định (xem Phụ lục 3 ban hành kèm Quyết định 4600/QĐ-BYT năm 2014).

Căn cứ tại Tiểu mục 2 Mục 5 Hướng dẫn chẩn đoán, điều trị bệnh do vi rút Ebola ban hành kèm Quyết định 4600/QĐ-BYT năm 2014 về hướng dẫn phòng lây nhiễm vi rút Ebola đối với người bệnh như sau:

- Cách ly, điều trị tại cơ sở y tế theo hướng dẫn của Bộ Y tế.

- Sử dụng trang bị phòng hộ cá nhân đúng để hạn chế lây truyền bệnh.

- Hạn chế tiếp xúc, vận chuyển bệnh nhân, trong trường hợp cần vận chuyển phải sử dụng trang bị phòng hộ cá nhân và xe chuyên dụng. Các vật dụng bị ô nhiễm, đồ thải bỏ và chất thải của bệnh nhân cần phải khử trùng và xử lý theo quy định.

- Vi rút Ebola tiếp tục được bài tiết qua tinh dịch và sữa mẹ vì vậy cần tư vấn cho bệnh nhân cách phòng tránh lây truyền sau khi xuất viện.

*Bài viết Ebola là bệnh gì? Hướng dẫn chẩn đoán, điều trị bệnh do vi rút Ebola như thế nào?","the-thao-y-te","","","","2026-05-19T00:00:00","https://thuvienphapluat.vn/hoi-dap-phap-luat/ebola-la-benh-gi-huong-dan-chan-doan-dieu-tri-benh-do-vi-rut-ebola-nhu-the-nao-138091159.html","2026-05-21T20:34:07.461746+00:00"
"138091205","Thông điệp tuyên truyền Tuần lễ Quốc gia không thuốc lá 2026 chi tiết thế nào?","Thông điệp tuyên truyền Tuần lễ Quốc gia không thuốc lá 2026 chi tiết thế nào?

Bao nhiêu tuổi không được sử dụng thuốc lá?

Cơ quan nào thống nhất quản lý nhà nước về phòng chống tác hại của thuốc lá?

Căn cứ theo Công văn 3463/BYT-KCB năm 2026 của Bộ Y tế TẢI VỀ có hướng dẫn thời gian diễn ra Tuần lễ Quốc gia không thuốc lá năm 2026 như sau:

Như vậy, Tuần lễ Quốc gia không thuốc lá 2026 được tổ chức từ ngày 25/5/2026 đến ngày 31/5/2026.

Dưới đây là Một số thông điệp tuyên truyền Tuần lễ Quốc gia không thuốc lá 2026:

- Cấm sản xuất, kinh doanh, nhập khẩu, chứa chấp, vận chuyển, sử dụng thuốc lá điện tử, thuốc lá nung nóng (Nghị quyết số 173/2024/QH15).

- Thuốc lá điện tử, thuốc lá nung nóng chứa hóa chất độc hại như các hoá chất có trong khói xe ô tô, thuốc trừ sâu.

- Sử dụng thuốc lá, thuốc lá điện tử, thuốc lá nung nóng gây tổn thương phổi, tim và não, đặc biệt là ở người trẻ.

- Phạt tiền từ 3 triệu đồng đến 5 triệu đồng đối với hành vi sử dụng thuốc lá điện tử, thuốc lá nung nóng (Nghị định số 90/2026/NĐ-CP).

- Sử dụng thuốc lá là nguyên nhân chính gây ung thư phổi, nhồi máu cơ tim, bệnh phổi tắc nghẽn mạn tính, đột quỵ...

- Sử dụng thuốc lá là nguyên nhân gây tử vong sớm cho hơn một nửa số người sử dụng.

- Nicotine trong thuốc lá gây nghiện và ảnh hưởng đến sự phát triển não bộ, đặc biệt ở trẻ em.

- Không có sản phẩm thuốc lá nào là an toàn cho sức khoẻ.

- Mọi người đều có quyền được sống, làm việc trong môi trường không khói thuốc lá.

- Cán bộ, công chức, viên chức, người lao động thực hiện nghiêm quy định cấm hút thuốc lá tại nơi làm việc.

- Vì sức khỏe của bản thân và gia đình, hãy bỏ thuốc lá ngay hôm nay.

- Yêu thương không chỉ là lời nói – hãy thể hiện bằng việc không hút thuốc.

- Bỏ thuốc lá là món quà ý nghĩa nhất bạn dành cho những người thân yêu.

TẢI VỀ Tài liệu hướng dẫn Một số thông tin về chủ đề Ngày Thế giới không thuốc lá của Bộ Y tế tại http://vinacosh.gov.vn.

Xem thêm

Luật Phòng chống tác hại của thuốc lá có bao nhiêu chương bao nhiêu điều?

Nghị định hướng dẫn Luật Phòng chống tác hại của thuốc lá là Nghị định nào?

Thông điệp tuyên truyền Tuần lễ Quốc gia không thuốc lá 2026 chi tiết thế nào? (Hình từ Internet)

Căn cứ theo khoản 4 Điều 9 Luật Phòng, chống tác hại của thuốc lá 2012 có quy định như sau:

Như vậy, người chưa đủ 18 tuổi không được sử dụng thuốc lá.

Căn cứ theo khoản 1 Điều 5 Luật Phòng, chống tác hại của thuốc lá 2012 có quy định như sau:

Như vậy, cơ quan thống nhất quản lý nhà nước về phòng, chống tác hại của thuốc lá là Chính phủ.

Hưởng ứng Ngày Thế giới không thuốc lá 31/5 và Tuần lễ Quốc gia không thuốc lá từ 25-31/5/2026, Bộ Y tế trân trọng đề nghị các tỉnh, thành phố phối hợp, chỉ đạo triển khai các hoạt động, cụ thể như sau:

1. Chỉ đạo các sở, ban, ngành, đoàn thể trên địa bàn xây dựng kế hoạch và tổ chức các hoạt động hưởng ứng Ngày Thế giới không thuốc lá 31/5 và Tuần lễ Quốc gia không thuốc lá từ 25–31/5/2026 phù hợp với điều kiện thực tế của địa phương.

[...]

Bộ Y tế gửi kèm theo công văn này tài liệu về chủ đề Ngày Thế giới không thuốc lá và các nội dung truyền thông về PCTH thuốc lá để Quý cơ quan tham khảo, thực hiện (Tài liệu có thể tải về từ trang web http://vinacosh.gov.vn).

Điều 9. Các hành vi bị nghiêm cấm

1. Sản xuất, mua bán, nhập khẩu, tàng trữ, vận chuyển thuốc lá giả, sản phẩm được thiết kế có hình thức hoặc kiểu dáng như bao, gói hoặc điếu thuốc lá; mua bán, tàng trữ, vận chuyển nguyên liệu thuốc lá, thuốc lá nhập lậu.

2. Quảng cáo, khuyến mại thuốc lá; tiếp thị thuốc lá trực tiếp tới người tiêu dùng dưới mọi hình thức.

3. Tài trợ của tổ chức, cá nhân kinh doanh thuốc lá, trừ trường hợp quy định tại Điều 16 của Luật này.

4. Người chưa đủ 18 tuổi sử dụng, mua, bán thuốc lá.

5. Sử dụng người chưa đủ 18 tuổi mua, bán thuốc lá.

6. Bán, cung cấp thuốc lá cho người chưa đủ 18 tuổi.

7. Bán thuốc lá bằng máy bán thuốc lá tự động; hút, bán thuốc lá tại địa điểm có quy định cấm.

8. Sử dụng hình ảnh thuốc lá trên báo chí, xuất bản phẩm dành riêng cho trẻ em.

9. Vận động, ép buộc người khác sử dụng thuốc lá.

Điều 5. Trách nhiệm quản lý nhà nước về phòng, chống tác hại của thuốc lá

1. Chính phủ thống nhất quản lý nhà nước về phòng, chống tác hại của thuốc lá.

2. Bộ Y tế chịu trách nhiệm trước Chính phủ thực hiện quản lý nhà nước về phòng, chống tác hại của thuốc lá và có các nhiệm vụ, quyền hạn sau đây:

a) Trình Chính phủ, Thủ tướng Chính phủ ban hành và ban hành theo thẩm quyền văn bản quy phạm pháp luật, chiến lược, chính sách, kế hoạch về phòng, chống tác hại của thuốc lá, quy chuẩn kỹ thuật quốc gia về thuốc lá;

b) Chỉ đạo và tổ chức thực hiện văn bản quy phạm pháp luật, chiến lược, chính sách, kế hoạch về phòng, chống tác hại của thuốc lá;

c) Tổ chức thông tin, giáo dục, truyền thông về phòng, chống tác hại của thuốc lá;

d) Tổ chức bồi dưỡng và tăng cường nhân lực tham gia phòng, chống tác hại của thuốc lá;

đ) Tổ chức nghiên cứu, tư vấn, phòng ngừa, chẩn đoán, điều trị nghiện thuốc lá;

e) Thanh tra, kiểm tra, giải quyết khiếu nại, tố cáo và xử lý hành vi vi phạm pháp luật trong phòng, chống tác hại của thuốc lá theo thẩm quyền;

g) Hằng năm, tổng hợp, báo cáo Chính phủ về kết quả phòng, chống tác hại của thuốc lá;

h) Hợp tác quốc tế về phòng, chống tác hại của thuốc lá.

3. Các bộ, cơ quan ngang bộ khác trong phạm vi nhiệm vụ, quyền hạn của mình có trách nhiệm chủ động thực hiện nhiệm vụ về phòng, chống tác hại của thuốc lá; phối hợp với Bộ Y tế thực hiện quản lý nhà nước về phòng, chống tác hại của thuốc lá.

4. Ủy ban nhân dân các cấp trong phạm vi nhiệm vụ, quyền hạn của mình thực hiện quản lý nhà nước về phòng, chống tác hại của thuốc lá; chủ trì tổ chức, chỉ đạo và chịu trách nhiệm thực hiện các quy định về địa điểm cấm hút thuốc lá tại địa phương.","the-thao-y-te","","","","2026-05-19T00:00:00","https://thuvienphapluat.vn/hoi-dap-phap-luat/thong-diep-tuyen-truyen-tuan-le-quoc-gia-khong-thuoc-la-2026-chi-tiet-the-nao-138091205.html","2026-05-21T20:34:17.140847+00:00"
"138091048","Cách xác định người nghiện ma túy từ 01/7/2026 như thế nào?","Cách xác định người nghiện ma túy từ 01/7/2026 như thế nào?

Không áp dụng biện pháp đưa đi cai nghiện bắt buộc đối với các trường hợp nào?

Gia đình người nghiện ma túy có trách nhiệm gì?

Căn cứ tại khoản 1 Điều 2 Thông tư 14/2026/TT-BYT TẢI VỀ có hiệu lực từ 01/7/2026 quy định về tiêu chuẩn chẩn đoán tình trạng nghiện ma túy như sau:

Theo đó, cách xác định người nghiện ma túy từ 01/7/2026 như sau:

Điều kiện:

+ Có ít nhất 3 trong 6 tiêu chuẩn quy định tại khoản 1 Điều 2 Thông tư 14/2026/TT-BYT.

+ Xảy ra đồng thời trong vòng ít nhất 01 tháng hoặc nếu tồn tại trong khoảng thời gian ngắn hơn 01 tháng thì cần lặp đi lặp lại đồng thời trong vòng 12 tháng.

6 tiêu chuẩn xác định:

+ Tiêu chuẩn 1: Ham muốn mạnh mẽ hoặc cảm giác bắt buộc phải sử dụng chất ma túy;

+ Tiêu chuẩn 2: Khó khăn trong việc kiểm soát các hành vi sử dụng chất ma túy về thời gian bắt đầu, thời gian kết thúc hoặc mức sử dụng;

+ Tiêu chuẩn 3: Có hiện tượng dung nạp với chất ma túy;

+ Tiêu chuẩn 4: Ngày càng trở nên thờ ơ với các thú vui hoặc sở thích khác do sử dụng chất ma túy;

+ Tiêu chuẩn 5: Tiếp tục sử dụng chất ma túy mặc dù đã biết về các tác hại của chất ma túy;

+ Tiêu chuẩn 6: Có trạng thái cai chất ma túy (hội chứng cai chất ma túy) khi ngừng hoặc giảm sử dụng chất ma túy.

Căn cứ xác định:

+ Dựa trên kết quả theo dõi lâm sàng.

+ Khai thác thông tin từ người cần được xác định tình trạng nghiện ma túy hoặc người đi cùng (nếu có).

+ Hồ sơ do cơ quan công an cấp xã hoặc cơ quan chuyên trách về phòng, chống tội phạm về ma túy cung cấp

*Trên đây là thông tin Cách xác định người nghiện ma túy từ 01/7/2026 như thế nào?

Cách xác định người nghiện ma túy từ 01/7/2026 như thế nào? (Hình từ Inetrnet)

Căn cứ tại khoản 2 Điều 35 Luật Phòng, chống ma túy 2025 quy định không áp dụng biện pháp đưa đi cai nghiện bắt buộc đối với các trường hợp sau đây:

- Người không có năng lực trách nhiệm hành chính;

- Người đang mang thai có chứng nhận của cơ sở khám bệnh, chữa bệnh đủ điều kiện theo quy định pháp luật;

- Phụ nữ hoặc người duy nhất đang nuôi con nhỏ dưới 36 tháng tuổi được Ủy ban nhân dân cấp xã nơi người đó cư trú xác nhận.

Căn cứ tại khoản 1 Điều 44 Luật Phòng, chống ma túy 2025 quy định gia đình người nghiện ma túy có trách nhiệm sau đây:

- Hỗ trợ người nghiện ma túy trong quá trình cai nghiện ma túy, sau cai nghiện ma túy và hòa nhập cộng đồng;

- Phối hợp với cơ quan, người có thẩm quyền trong việc lập hồ sơ áp dụng biện pháp cai nghiện ma túy; phối hợp với cơ quan, tổ chức, đơn vị có liên quan hỗ trợ người nghiện ma túy trong quá trình cai nghiện ma túy, quản lý sau cai nghiện ma túy và hòa nhập cộng đồng.

*Bài viết Cách xác định người nghiện ma túy từ 01/7/2026 như thế nào?

Điều 2. Tiêu chuẩn chẩn đoán tình trạng nghiện ma túy

1. Người được chẩn đoán xác định là nghiện ma túy khi có ít nhất 03 trong 06 tiêu chuẩn quy định tại khoản này xảy ra đồng thời trong vòng ít nhất 01 tháng hoặc nếu tồn tại trong khoảng thời gian ngắn hơn 01 tháng thì cần lặp đi lặp lại đồng thời trong vòng 12 tháng. Tiêu chuẩn chẩn đoán tình trạng nghiện ma túy bao gồm 06 tiêu chuẩn sau:

a) Tiêu chuẩn 1. Ham muốn mạnh mẽ hoặc cảm giác bắt buộc phải sử dụng chất ma túy;

b) Tiêu chuẩn 2. Khó khăn trong việc kiểm soát các hành vi sử dụng chất ma túy về thời gian bắt đầu, thời gian kết thúc hoặc mức sử dụng;

c) Tiêu chuẩn 3. Có hiện tượng dung nạp với chất ma túy;

d) Tiêu chuẩn 4. Ngày càng trở nên thờ ơ với các thú vui hoặc sở thích khác do sử dụng chất ma túy;

đ) Tiêu chuẩn 5. Tiếp tục sử dụng chất ma túy mặc dù đã biết về các tác hại của chất ma túy;

e) Tiêu chuẩn 6. Có trạng thái cai chất ma túy (hội chứng cai chất ma túy) khi ngừng hoặc giảm sử dụng chất ma túy.

2. Việc xác định các tiêu chuẩn 2, 3, 4, 5 và 6 để chẩn đoán tình trạng nghiện ma túy thực hiện theo Hướng dẫn quy định tại Phụ lục I ban hành kèm theo Thông tư này. Việc xác định trạng thái cai đặc trưng các chất ma túy được thực hiện theo Hướng dẫn xác định trạng thái cai đặc trưng các chất ma túy quy định tại Phụ lục II ban hành kèm theo Thông tư này.

3. Việc xác định các tiêu chuẩn chẩn đoán tình trạng nghiện ma túy được dựa trên kết quả theo dõi lâm sàng, khai thác thông tin từ người cần được xác định tình trạng nghiện ma túy hoặc người đi cùng (nếu có) và hồ sơ do cơ quan công an cấp xã hoặc cơ quan chuyên trách về phòng, chống tội phạm về ma túy cung cấp (sau đây gọi là cơ quan đề nghị).","the-thao-y-te","","","","2026-05-19T00:00:00","https://thuvienphapluat.vn/hoi-dap-phap-luat/cach-xac-dinh-nguoi-nghien-ma-tuy-tu-0172026-nhu-the-nao-138091048.html","2026-05-21T20:34:24.508738+00:00"
"138091199","Chủ đề Ngày Thế giới không thuốc lá năm 2026 là gì?","Chủ đề Ngày Thế giới không thuốc lá năm 2026 là gì?

Cơ quan nào có trách nhiệm tổ chức, cung cấp thông tin khoa học về tác hại của thuốc lá?

Nhà nước có chính sách gì về phòng chống tác hại của thuốc lá?

Căn cứ theo Công văn 3463/BYT-KCB năm 2026 của Bộ Y tế TẢI VỀ có hướng dẫn chủ đề Ngày Thế giới không thuốc lá năm 2026 như sau:

Như vậy, chủ đề Ngày Thế giới không thuốc lá năm 2026 được Tổ chức Y tế Thế giới (WHO) xác định là:

“Vạch trần sự hấp dẫn giả tạo – Hành động để đẩy lùi nạn nghiện nicotine và thuốc lá”

Xem thêm

Luật Phòng chống tác hại của thuốc lá có bao nhiêu chương bao nhiêu điều?

Nghị định hướng dẫn Luật Phòng chống tác hại của thuốc lá là Nghị định nào?

Chủ đề Ngày Thế giới không thuốc lá năm 2026 là gì? (Hình từ Internet)

Căn cứ theo điểm a khoản 3 Điều 10 Luật Phòng, chống tác hại của thuốc lá 2012 quy định như sau:

Như vậy, cơ quan có trách nhiệm tổ chức, cung cấp thông tin khoa học về tác hại của thuốc lá là Bộ Y tế.

Căn cứ theo Điều 4 Luật Phòng, chống tác hại của thuốc lá 2012, các chính sách của Nhà nước về phòng, chống tác hại của thuốc lá bao gồm:

- Xã hội hóa các nguồn lực để thực hiện công tác phòng, chống tác hại của thuốc lá.

- Áp dụng chính sách thuế phù hợp để giảm tỷ lệ sử dụng thuốc lá.

- Hoạt động sản xuất, kinh doanh thuốc lá phải phù hợp với mục tiêu từng bước giảm nguồn cung cấp thuốc lá, phù hợp với việc giảm nhu cầu sử dụng thuốc lá.

- Khuyến khích, tạo điều kiện cho cơ quan, tổ chức, cá nhân trong nước và nước ngoài tham gia cung cấp dịch vụ tư vấn, cai nghiện thuốc lá; nghiên cứu về tác hại của thuốc lá, các phương pháp cai nghiện thuốc lá; nghiên cứu và sản xuất thuốc cai nghiện thuốc lá; hợp tác, tài trợ cho phòng, chống tác hại của thuốc lá; người sử dụng thuốc lá tự nguyện cai nghiện thuốc lá.

- Khuyến khích, tạo điều kiện cho các tổ chức, cá nhân trồng cây thuốc lá, sản xuất thuốc lá, chế biến nguyên liệu thuốc lá chuyển đổi ngành, nghề.

- Khen thưởng cơ quan, tổ chức, cá nhân có thành tích trong phòng, chống tác hại của thuốc lá.

Chủ đề Ngày Thế giới không thuốc lá năm 2026 được Tổ chức Y tế Thế giới (WHO) xác định là “Vạch trần sự hấp dẫn giả tạo – Hành động để đẩy lùi nạn nghiện nicotine và thuốc lá”. Chiến dịch nhằm phơi bày các chiến lược của các tập đoàn thuốc lá trên thế giới trong việc lôi kéo một thế hệ người dùng mới, đặc biệt là trẻ em và thanh thiếu niên, đồng thời né tránh các biện pháp kiểm soát thuốc lá ngày càng chặt chẽ trên toàn cầu. Thông qua chủ đề này, Tổ chức Y tế Thế giới nhấn mạnh cam kết trong việc thúc đẩy thực thi chính sách nhằm bảo vệ thanh thiếu niên trước nguy cơ nghiện chất nicotine, đồng thời kêu gọi chính phủ các nước, tổ chức y tế, xã hội dân sự và giới trẻ cùng chung một sứ mệnh: hướng tới một tương lai không thuốc lá.

Điều 10. Thông tin, giáo dục, truyền thông về phòng, chống tác hại của thuốc lá

[...]

3. Trách nhiệm trong thông tin, giáo dục, truyền thông được quy định như sau:

a) Bộ Y tế có trách nhiệm tổ chức, cung cấp thông tin khoa học về tác hại của thuốc lá; chủ trì, phối hợp với các bộ, ngành có liên quan tổ chức thông tin, giáo dục, truyền thông về phòng, chống tác hại của thuốc lá;

b) Bộ Thông tin và Truyền thông có trách nhiệm tổ chức, chỉ đạo các cơ quan thông tin, truyền thông thực hiện hoạt động thông tin, truyền thông về phòng, chống tác hại của thuốc lá;

c) Bộ Văn hoá, Thể thao và Du lịch có trách nhiệm tổ chức đưa thông tin, tuyên truyền về phòng, chống tác hại của thuốc lá và các biện pháp hạn chế sử dụng thuốc lá vào trong các hoạt động văn hóa, thể thao, du lịch và đời sống gia đình; quy định việc hạn chế sử dụng hình ảnh diễn viên sử dụng thuốc lá trong tác phẩm điện ảnh, sân khấu, truyền hình;

d) Bộ Công thương có trách nhiệm tổ chức thông tin, tuyên truyền về phòng, chống thuốc lá nhập lậu, thuốc lá giả;

đ) Bộ Giáo dục và Đào tạo có trách nhiệm xây dựng nội dung về phòng, chống tác hại của thuốc lá và lồng ghép vào chương trình giáo dục phù hợp với các cấp học;

e) Ủy ban nhân dân các cấp có trách nhiệm tổ chức thông tin, giáo dục, truyền thông về phòng, chống tác hại của thuốc lá tại địa phương;

g) Mặt trận Tổ quốc Việt Nam và các tổ chức thành viên của Mặt trận có trách nhiệm thông tin, tuyên truyền, vận động các thành viên trong tổ chức mình và toàn xã hội không sử dụng thuốc lá, tích cực tham gia phòng, chống tác hại của thuốc lá;

h) Cơ quan, tổ chức khác trong phạm vi nhiệm vụ, quyền hạn của mình có trách nhiệm tổ chức thông tin, giáo dục, truyền thông về phòng, chống tác hại của thuốc lá theo quy định của Luật này.

[...]","the-thao-y-te","","","","2026-05-18T00:00:00","https://thuvienphapluat.vn/hoi-dap-phap-luat/chu-de-ngay-the-gioi-khong-thuoc-la-nam-2026-la-gi-138091199.html","2026-05-21T20:34:31.222892+00:00"
"138091200","Tuần lễ Quốc gia không thuốc lá năm 2026 diễn ra từ ngày 25/5/2026 đến ngày nào?","Tuần lễ Quốc gia không thuốc lá năm 2026 diễn ra từ ngày 25/5/2026 đến ngày nào?

Cơ quan nào có trách nhiệm chỉ đạo các cơ quan truyền thông thực hiện hoạt động truyền thông về phòng chống tác hại của thuốc lá?

Công dân có quyền và nghĩa vụ gì trong phòng chống tác hại của thuốc lá?

Căn cứ theo Công văn 3463/BYT-KCB năm 2026 của Bộ Y tế TẢI VỀ có hướng dẫn thời gian diễn ra Tuần lễ Quốc gia không thuốc lá năm 2026 như sau:

Như vậy, Tuần lễ Quốc gia không thuốc lá năm 2026 diễn ra từ ngày 25/5/2026 đến ngày 31/5/2026.

Xem thêm

Luật Phòng chống tác hại của thuốc lá có bao nhiêu chương bao nhiêu điều?

Nghị định hướng dẫn Luật Phòng chống tác hại của thuốc lá là Nghị định nào?

Tuần lễ Quốc gia không thuốc lá năm 2026 diễn ra từ ngày 25/5/2026 đến ngày nào? (Hình từ Internet)

Căn cứ theo điểm b khoản 3 Điều 10 Luật Phòng, chống tác hại của thuốc lá 2012 quy định như sau:

Như vậy, cơ quan có trách nhiệm chỉ đạo các cơ quan truyền thông thực hiện hoạt động truyền thông về phòng chống tác hại của thuốc lá là Bộ Thông tin và Truyền thông.

Căn cứ theo Điều 7 Luật Phòng, chống tác hại của thuốc lá 2012, quyền và nghĩa vụ của công dân trong phòng, chống tác hại của thuốc lá được quy định như sau:

- Được sống, làm việc trong môi trường không có khói thuốc lá.

- Yêu cầu người hút thuốc lá không hút thuốc lá tại địa điểm có quy định cấm hút thuốc lá.

- Vận động, tuyên truyền người khác không sử dụng thuốc lá, cai nghiện thuốc lá.

- Yêu cầu cơ quan, tổ chức, cá nhân có thẩm quyền xử lý người có hành vi hút thuốc lá tại địa điểm có quy định cấm hút thuốc lá.

- Phản ánh hoặc tố cáo cơ quan, người có thẩm quyền không xử lý hành vi hút thuốc lá tại địa điểm có quy định cấm hút thuốc lá.

Hưởng ứng Ngày Thế giới không thuốc lá 31/5 và Tuần lễ Quốc gia không thuốc lá từ 25-31/5/2026, Bộ Y tế trân trọng đề nghị các tỉnh, thành phố phối hợp, chỉ đạo triển khai các hoạt động, cụ thể như sau:

1. Chỉ đạo các sở, ban, ngành, đoàn thể trên địa bàn xây dựng kế hoạch và tổ chức các hoạt động hưởng ứng Ngày Thế giới không thuốc lá 31/5 và Tuần lễ Quốc gia không thuốc lá từ 25–31/5/2026 phù hợp với điều kiện thực tế của địa phương.

2. Chỉ đạo tăng cường công tác truyền thông về tác hại của thuốc lá, thuốc lá điện tử, thuốc lá nung nóng; truyền thông theo chủ đề Ngày Thế giới không thuốc lá năm 2026 của Tổ chức Y tế Thế giới.

3. Chỉ đạo việc thực hiện quy định về trách nhiệm của người đứng đầu cơ quan, tổ chức, địa phương trong PCTH thuốc lá theo Điều 6 Luật PCTH thuốc lá và Quyết định số 568/QĐ-TTg ngày 24/5/2023 của Thủ tướng Chính phủ phê duyệt chiến lược quốc gia về PCTH thuốc lá đến năm 2030.

[...]

Điều 10. Thông tin, giáo dục, truyền thông về phòng, chống tác hại của thuốc lá

[...]

3. Trách nhiệm trong thông tin, giáo dục, truyền thông được quy định như sau:

a) Bộ Y tế có trách nhiệm tổ chức, cung cấp thông tin khoa học về tác hại của thuốc lá; chủ trì, phối hợp với các bộ, ngành có liên quan tổ chức thông tin, giáo dục, truyền thông về phòng, chống tác hại của thuốc lá;

b) Bộ Thông tin và Truyền thông có trách nhiệm tổ chức, chỉ đạo các cơ quan thông tin, truyền thông thực hiện hoạt động thông tin, truyền thông về phòng, chống tác hại của thuốc lá;

c) Bộ Văn hoá, Thể thao và Du lịch có trách nhiệm tổ chức đưa thông tin, tuyên truyền về phòng, chống tác hại của thuốc lá và các biện pháp hạn chế sử dụng thuốc lá vào trong các hoạt động văn hóa, thể thao, du lịch và đời sống gia đình; quy định việc hạn chế sử dụng hình ảnh diễn viên sử dụng thuốc lá trong tác phẩm điện ảnh, sân khấu, truyền hình;

d) Bộ Công thương có trách nhiệm tổ chức thông tin, tuyên truyền về phòng, chống thuốc lá nhập lậu, thuốc lá giả;

đ) Bộ Giáo dục và Đào tạo có trách nhiệm xây dựng nội dung về phòng, chống tác hại của thuốc lá và lồng ghép vào chương trình giáo dục phù hợp với các cấp học;

e) Ủy ban nhân dân các cấp có trách nhiệm tổ chức thông tin, giáo dục, truyền thông về phòng, chống tác hại của thuốc lá tại địa phương;

g) Mặt trận Tổ quốc Việt Nam và các tổ chức thành viên của Mặt trận có trách nhiệm thông tin, tuyên truyền, vận động các thành viên trong tổ chức mình và toàn xã hội không sử dụng thuốc lá, tích cực tham gia phòng, chống tác hại của thuốc lá;

h) Cơ quan, tổ chức khác trong phạm vi nhiệm vụ, quyền hạn của mình có trách nhiệm tổ chức thông tin, giáo dục, truyền thông về phòng, chống tác hại của thuốc lá theo quy định của Luật này.

[...]","the-thao-y-te","","","","2026-05-18T00:00:00","https://thuvienphapluat.vn/hoi-dap-phap-luat/tuan-le-quoc-gia-khong-thuoc-la-nam-2026-dien-ra-tu-ngay-2552026-den-ngay-nao-138091200.html","2026-05-21T20:34:39.920798+00:00"
"138091147","Phương pháp tính điểm của 04 loại nhóm tiêu chí xác định phân loại bệnh truyền nhiễm từ ngày 01/7/2026?","Phương pháp tính điểm của 04 loại nhóm tiêu chí xác định phân loại bệnh truyền nhiễm từ ngày 01/7/2026?

4 nhóm tiêu chí xác định phân loại nhóm bệnh truyền nhiễm là gì?

Điều tra ổ dịch, dịch bệnh truyền nhiễm tiến hành như thế nào?

Chính sách của Nhà nước về phòng bệnh được quy định như thế nào?

Tại Phụ lục 1 ban hành kèm theo Thông tư 15/2026/TT-BYT có quy định phương pháp tính điểm của 04 loại nhóm tiêu chí xác định phân loại bệnh truyền nhiễm từ ngày 01/7/2026 như sau:

Tổng điểm tối đa: 12.

Tổng điểm tối thiểu: 4.

Nhóm A: Tổng điểm từ 10 - 12 điểm.

Nhóm B: Tổng điểm từ 7 - 9 điểm.

Nhóm C: Tổng điểm < 7 điểm.

Trên đây là thông tin ""Phương pháp tính điểm của 04 loại nhóm tiêu chí xác định phân loại bệnh truyền nhiễm từ ngày 01/7/2026?""

>>> Toàn văn Thông tư 15/2026/TT-BYT hướng dẫn Luật Phòng bệnh 2025 thế nào?

Phương pháp tính điểm của 04 loại nhóm tiêu chí xác định phân loại bệnh truyền nhiễm từ ngày 01/7/2026? (Hình từ Internet)

Tại Điều 14 Thông tư 15/2026/TT-BYT có quy định các bệnh truyền nhiễm được xác định phân loại theo 4 nhóm tiêu chí như sau:

- Mức độ nghiêm trọng của bệnh;

- Khả năng lây lan;

- Các biện pháp can thiệp đặc hiệu bằng vắc xin và thuốc điều trị;

- Mức độ lưu hành và tiềm năng gây dịch, đại dịch.

Tại Điều 23 Thông tư 15/2026/TT-BYT quy định điều tra, xác định ổ dịch, dịch bệnh truyền nhiễm được thực hiện theo các bước sau đây và có thể điều chỉnh phù hợp với tính chất của ổ dịch, dịch bệnh:

- Chuẩn bị điều tra ổ dịch, dịch bệnh truyền nhiễm.

- Xác minh chẩn đoán.

- Khẳng định sự tồn tại của ổ dịch, dịch bệnh truyền nhiễm.

- Điều tra, phát hiện trường hợp bệnh, trường hợp nghi ngờ mắc bệnh trong ổ dịch theo hướng dẫn chuyên môn đối với từng bệnh.

- Tiến hành mô tả ổ dịch theo 3 yếu tố thời gian, địa điểm và con người.

- Xây dựng giả thuyết về ổ dịch, dịch, nguồn lây và tác nhân, phương thức, đường lây truyền, yếu tố trung gian truyền bệnh hoặc véc tơ, sự phơi nhiễm, các yếu tố nguy cơ.

- Đánh giá và kiểm định giả thuyết.

- Hoàn thiện giả thuyết và thực hiện nghiên cứu bổ sung.

- Đề xuất các biện pháp phòng ngừa và kiểm soát.

- Báo cáo kết quả điều tra ổ dịch, dịch bệnh truyền nhiễm

Căn cứ theo Điều 3 Luật Phòng bệnh 2025 quy định về chính sách của Nhà nước về phòng bệnh như sau:

- Nhà nước giữ vai trò chủ đạo, định hướng và huy động cơ quan, tổ chức, doanh nghiệp, gia đình, cá nhân và toàn xã hội tham gia phòng bệnh, giải quyết toàn diện, đồng bộ các vấn đề về phòng bệnh.

- Ngân sách nhà nước bảo đảm kinh phí chi thường xuyên, chi đầu tư cho y tế dự phòng.

- Cơ sở y tế dự phòng được tự chủ quyết định mức thu nhập tăng thêm cho công chức, viên chức, người lao động từ nguồn thu hợp pháp ngoài ngân sách nhà nước cấp, phù hợp với quy chế chi tiêu nội bộ và kết quả hoạt động của đơn vị.

- Có chính sách ưu đãi đặc thù, vượt trội đối với nhân viên y tế trực tiếp làm chuyên môn y tế tại trạm y tế cấp xã, cơ sở y tế dự phòng. Phát triển nhân lực y tế dự phòng bảo đảm đủ năng lực tổ chức triển khai các hoạt động phòng bệnh, chú trọng đối với khu vực biên giới, hải đảo, vùng đồng bào dân tộc thiểu số và miền núi, vùng có điều kiện kinh tế - xã hội khó khăn và vùng có điều kiện kinh tế - xã hội đặc biệt khó khăn.

- Kiện toàn, nâng cao hệ thống y tế dự phòng theo hướng hiện đại.

- Có chính sách đẩy mạnh phong trào toàn dân chủ động phòng bệnh, chăm sóc sức khỏe, thực hiện lối sống lành mạnh, xây dựng văn hóa sức khỏe trong Nhân dân; khuyến khích cộng đồng, gia đình, cá nhân chủ động, tích cực cập nhật kiến thức để phòng bệnh, tiếp cận sử dụng dịch vụ phòng bệnh.

- Có chính sách đẩy mạnh nghiên cứu, ứng dụng, thúc đẩy phát triển khoa học, công nghệ, đổi mới sáng tạo và chuyển đổi số trong phòng bệnh, đặc biệt là công nghệ hỗ trợ dự báo, can thiệp, ứng phó tình huống dịch bệnh.

- Có chính sách khuyến khích thực hiện hợp tác công tư; ưu đãi về thuế, đất đai, tín dụng và cơ chế ưu đãi khác theo quy định của pháp luật để động viên, huy động mọi nguồn lực xã hội tham gia phòng bệnh.

- Khuyến khích, hỗ trợ và xây dựng các mô hình cộng đồng, cơ sở giáo dục và nơi làm việc an toàn, khỏe mạnh.

- Bảo đảm người dân được khám sức khỏe định kỳ hoặc khám sàng lọc miễn phí ít nhất mỗi năm một lần theo nhóm đối tượng và lộ trình ưu tiên.

- Hỗ trợ thực hiện dinh dưỡng trong phòng bệnh cho các đối tượng, khu vực ưu tiên phù hợp với điều kiện phát triển kinh tế - xã hội từng thời kỳ để hỗ trợ người dân thực hiện dinh dưỡng hợp lý theo độ tuổi, ngành nghề, tình trạng sinh lý, sức khỏe.

- Khuyến khích nuôi con bằng sữa mẹ hoàn toàn đối với trẻ em dưới 06 tháng tuổi và tiếp tục duy trì nuôi con bằng sữa mẹ cho đến 24 tháng tuổi; khuyến khích tổ chức thực hiện bữa ăn tại cơ sở giáo dục bảo đảm an toàn thực phẩm, dinh dưỡng hợp lý và phù hợp với từng lứa tuổi.

Lưu ý: Thông tư 15/2026/TT-BYT có hiệu lực từ ngày 01/7/2026.","the-thao-y-te","","","","2026-05-18T00:00:00","https://thuvienphapluat.vn/hoi-dap-phap-luat/phuong-phap-tinh-diem-cua-04-loai-nhom-tieu-chi-xac-dinh-phan-loai-benh-truyen-nhiem-tu-ngay-017202-138091147.html","2026-05-21T20:34:49.183121+00:00"
"138091047","TOÀN VĂN Thông tư 14/2026/TT-BYT Tiêu chuẩn và quy trình xác định tình trạng nghiện ma túy từ 1/7/2026 ra sao?","TOÀN VĂN Thông tư 14/2026/TT-BYT Tiêu chuẩn và quy trình xác định tình trạng nghiện ma túy từ 1/7/2026 ra sao?

Xác định tình trạng nghiện ma túy được thực hiện đối với người thuộc trường hợp nào?

Người được đề nghị xác định tình trạng nghiện ma túy có quyền và trách nhiệm gì?

Ngày 16/5/2026 Bộ Y tế đã ban hành Thông tư 14/2026/TT-BYT về Quy định tiêu chuẩn chẩn đoán và quy trình chuyên môn để xác định tình trạng nghiện ma túy.

Theo đó, Thông tư này quy định tiêu chuẩn chẩn đoán và quy trình chuyên môn để xác định tình trạng nghiện ma túy cho cá nhân quy định tại khoản 1 Điều 31 Luật Phòng, chống ma túy năm 2025.

Thông tư 14 2026 TT BYT có hiệu lực từ 01/7/2026 và thay thế Thông tư 18/2021/TT-BYT.

Xem thêm chi tiết Thông tư 14/2026/TT-BYT tại:

TẢI VỀ

*Bài viết TOÀN VĂN Thông tư 14 2026 TT BYT Tiêu chuẩn và quy trình xác định tình trạng nghiện ma túy từ 1/7/2026 ra sao?

TOÀN VĂN Thông tư 14 2026 TT BYT Tiêu chuẩn và quy trình xác định tình trạng nghiện ma túy từ 1/7/2026 ra sao? (Hình từ Internet)

Căn cứ tại khoản 1 Điều 31 Luật Phòng, chống ma túy 2025 quy định xác định tình trạng nghiện ma túy được thực hiện đối với người thuộc trường hợp sau đây:

- Người tự nguyện xác định tình trạng nghiện ma túy;

- Người đăng ký cai nghiện ma túy tự nguyện đối với trường hợp chưa có giấy xác định tình trạng nghiện hoặc có giấy xác định tình trạng nghiện nhưng đã quá 06 tháng;

- Đang trong thời hạn quản lý người sử dụng trái phép chất ma túy quy định tại khoản 2 Điều 24 Luật Phòng, chống ma túy 2025 mà bị phát hiện sử dụng trái phép chất ma túy, nếu không thuộc trường hợp bị xử lý theo quy định của pháp luật về hình sự;

- Người đang trong thời hạn quản lý sau cai nghiện ma túy bị phát hiện sử dụng trái phép chất ma túy, nếu không thuộc trường hợp bị xử lý theo quy định của pháp luật về hình sự;

- Người sử dụng trái phép chất ma túy không có nơi cư trú ổn định, không thuộc trường hợp quy định tại điểm c và điểm d khoản 1 Điều 31 Luật Phòng, chống ma túy 2025.

Căn cứ tại khoản 5 Điều 31 Luật Phòng, chống ma túy 2025 quy định về xác định tình trạng nghiện ma túy như sau:

Theo đó, người được đề nghị xác định tình trạng nghiện ma túy có quyền và trách nhiệm sau đây:

- Được bảo đảm danh dự, nhân phẩm; hỗ trợ đi lại, ăn ở, điều trị hội chứng cai và các bệnh kèm theo trong thời gian xác định tình trạng nghiện ma túy;

- Chấp hành nội quy, quy chế của cơ sở xác định tình trạng nghiện ma túy; khai báo trung thực với nhân viên y tế về tiền sử sử dụng ma túy, các biểu hiện của việc sử dụng ma túy.

*Bài viết TOÀN VĂN Thông tư 14 2026 TT BYT Tiêu chuẩn và quy trình xác định tình trạng nghiện ma túy từ 1/7/2026 ra sao?

Điều 31. Xác định tình trạng nghiện ma túy

[...]

5. Người được đề nghị xác định tình trạng nghiện ma túy có quyền và trách nhiệm sau đây:

a) Được bảo đảm danh dự, nhân phẩm; hỗ trợ đi lại, ăn ở, điều trị hội chứng cai và các bệnh kèm theo trong thời gian xác định tình trạng nghiện ma túy;

b) Chấp hành nội quy, quy chế của cơ sở xác định tình trạng nghiện ma túy; khai báo trung thực với nhân viên y tế về tiền sử sử dụng ma túy, các biểu hiện của việc sử dụng ma túy.

6. Người từ đủ 18 tuổi trở lên hoặc cha, mẹ, người giám hộ hoặc người đại diện hợp pháp của người từ đủ 12 tuổi đến dưới 18 tuổi quy định tại điểm a và điểm b khoản 1 Điều này khi nhận được kết quả xác định là nghiện ma túy có trách nhiệm đăng ký cai nghiện ma túy tự nguyện hoặc đăng ký điều trị nghiện bằng thuốc thay thế với Công an cấp xã nơi cư trú.

Người từ đủ 18 tuổi trở lên hoặc cha, mẹ, người giám hộ hoặc người đại diện hợp pháp của người từ đủ 12 tuổi đến dưới 18 tuổi quy định tại điểm đ khoản 1 Điều này khi nhận được kết quả xác định là nghiện ma túy có trách nhiệm đăng ký cai nghiện ma túy tự nguyện tại cơ sở cai nghiện ma túy công lập, trường giáo dưỡng hoặc cơ sở cai nghiện ma túy công lập đủ điều kiện thực hiện cai nghiện ma túy cho người từ đủ 12 tuổi đến dưới 18 tuổi với Công an cấp xã nơi phát hiện hành vi sử dụng trái phép chất ma túy.

[...]","the-thao-y-te","","","","2026-05-18T00:00:00","https://thuvienphapluat.vn/hoi-dap-phap-luat/toan-van-thong-tu-142026ttbyt-tieu-chuan-va-quy-trinh-xac-dinh-tinh-trang-nghien-ma-tuy-tu-172026-r-138091047.html","2026-05-21T20:34:57.230496+00:00"
"138091148","Thông tư 15/2026/TT-BYT có hiệu lực khi nào?","Thông tư 15/2026/TT-BYT có hiệu lực khi nào?

Có mấy loại hình giám sát trong phòng chống bệnh truyền nhiễm?

Bệnh truyền nhiễm được phân loại theo những nhóm nào?

Tại Điều 65 Thông tư 15/2026/TT-BYT TẢI VỀ có quy định về hiệu lực thi hành như sau:

Như vậy, Thông tư 15/2026/TT-BYT có hiệu lực thi hành từ ngày 1/7/2026.

Thông tư 15/2026/TT-BYT có hiệu lực khi nào? (Hình từ Internet)

Tại Điều 6 Thông tư 15/2026/TT-BYT có quy định về các loại hình giám sát trong phòng chống bệnh truyền nhiễm như sau:

Như vậy, có 3 loại hình giám sát trong phòng, chống bệnh truyền nhiễm gồm:

- Giám sát dựa vào chỉ số

- Giám sát trọng điểm

- Giám sát dựa vào sự kiện

Tại Điều 15 Luật Phòng bệnh 2025 quy định về phân loại bệnh truyền nhiễm, dịch bệnh và chấm dứt, loại trừ, thanh toán bệnh truyền nhiễm như sau:

Như vậy, bệnh truyền nhiễm được phân loại theo các nhóm sau:

- Nhóm A gồm các bệnh truyền nhiễm đặc biệt nguy hiểm;

- Nhóm B gồm các bệnh truyền nhiễm nguy hiểm;

- Nhóm C gồm các bệnh truyền nhiễm ít nguy hiểm;

- Nhóm khác theo khuyến cáo của Tổ chức Y tế thế giới (WHO).

Điều 65. Hiệu lực thi hành

1. Thông tư này có hiệu lực thi hành kể từ ngày 01 tháng 7 năm 2026.

2. Các văn bản sau đây hết hiệu lực kể từ ngày Thông tư này có hiệu lực thi hành:

a) Thông tư số 17/2019/TT-BYT ngày 17 tháng 7 năm 2019 của Bộ Y tế hướng dẫn giám sát và đáp ứng với bệnh, dịch bệnh truyền nhiễm;

b) Thông tư số 54/2015/TT-BYT ngày 28 tháng 12 năm 2015 của Bộ Y tế về hướng dẫn chế độ thông tin báo cáo và khai báo, dịch bệnh truyền nhiễm;

c) Thông tư số 16/2013/TTLT-BYT-BNN&PTNT ngày 27 tháng 5 năm 2013 Thông tư liên tịch của Bộ trưởng Bộ Y tế và Bộ trưởng Bộ Nông nghiệp và Phát triển nông thôn về hướng dẫn phối hợp phòng, chống bệnh lây truyền từ động vật sang người;

d) Quyết định số 25/2006/QĐ-BYT ngày 22 tháng 8 năm 2006 của Bộ trưởng Bộ Y tế về việc ban hành bổ sung biểu mẫu về tai nạn thương tích vào hệ thống biểu mẫu của ngành y tế.

Điều 6. Các loại hình giám sát trong phòng, chống bệnh truyền nhiễm

1. Giám sát dựa vào chỉ số: thực hiện việc thu thập thường xuyên, liên tục có hệ thống các thông tin cơ bản về các bệnh, dịch bệnh, bệnh truyền nhiễm từ các cơ sở y tế được thực hiện trên phạm vi cả nước.

2. Giám sát trọng điểm: thực hiện việc thu thập thường xuyên, liên tục có hệ thống các thông tin chuyên sâu về một số bệnh, dịch bệnh truyền nhiễm và một số vấn đề về y tế ưu tiên tại các điểm giám sát được lựa chọn trong một khoảng thời gian nhất định.

3. Giám sát dựa vào sự kiện: thực hiện việc thu thập, sàng lọc, xác minh thông tin và đánh giá các dấu hiệu cảnh báo từ cộng đồng, mạng xã hội, các phương tiện thông tin đại chúng, cơ quan, tổ chức và mạng lưới cơ sở y tế về các sự kiện bệnh truyền nhiễm, hội chứng bệnh truyền nhiễm có nguy cơ gây bệnh, dịch bệnh truyền nhiễm.

Điều 15. Phân loai bệnh truyền nhiễm, dịch bệnh và chấm dứt, loại trừ, thanh toán bệnh truyền nhiễm

1. Bệnh truyền nhiễm được phân loại theo các nhóm sau đây:

a) Nhóm A gồm các bệnh truyền nhiễm đặc biệt nguy hiểm;

b) Nhóm B gồm các bệnh truyền nhiễm nguy hiểm;

c) Nhóm C gồm các bệnh truyền nhiễm ít nguy hiểm;

d) Nhóm khác theo khuyến cáo của Tổ chức Y tế thế giới (WHO).

2. Dịch bệnh được phân loại theo khả năng, điều kiện ứng phó, khắc phục hậu quả, bao gồm:

a) Trong khả năng, điều kiện ứng phó, khắc phục hậu quả về dịch bệnh của lực lượng chuyên trách, kiêm nhiệm và các lực lượng khác trên địa bàn cấp xã;

b) Vượt quá khả năng, điều kiện ứng phó, khắc phục hậu quả về dịch bệnh của lực lượng chuyên trách, kiêm nhiệm và các lực lượng khác trên địa bàn cấp xã.

3. Trường hợp xảy ra dịch bệnh quy định tại điểm b khoản 2 Điều này thì dịch bệnh được phân loại theo cấp độ về phòng thủ dân sự hoặc tình trạng khẩn cấp như sau:

a) Phòng thủ dân sự cấp độ 1 về dịch bệnh khi dịch bệnh trong phạm vi địa bàn cấp xã vượt quá khả năng, điều kiện ứng phó, khắc phục hậu quả của lực lượng chuyên trách, kiêm nhiệm và các lực lượng khác trên địa bàn cấp xã theo quy định của pháp luật về phòng thủ dân sự;

[...]","the-thao-y-te","","","","2026-05-18T00:00:00","https://thuvienphapluat.vn/hoi-dap-phap-luat/thong-tu-152026ttbyt-co-hieu-luc-khi-nao-138091148.html","2026-05-21T20:35:06.550353+00:00"
"138090958","Toàn văn Thông tư 15/2026/TT-BYT hướng dẫn Luật Phòng bệnh 2025 thế nào?","Toàn văn Thông tư 15/2026/TT-BYT hướng dẫn Luật Phòng bệnh 2025 thế nào?

Nội dung cảnh báo dịch bệnh và các biện pháp phòng chống gồm những gì?

Các loại hình giám sát trong phòng chống bệnh truyền nhiễm gồm những loại nào?

Ngày 17/5/2026, Bộ trưởng Bộ Y tế ban hành Thông tư 15/2026/TT-BYT quy định chi tiết một số điều của Luật Phòng bệnh.

Thông tư 15/2026/TT-BYT có hiệu lực thi hành kể từ ngày 01/7/2026.

Xem toàn bộ Thông tư 15 2026 TT BYT hướng dẫn Luật Phòng bệnh 2025 dưới đây:

TẢI VỀ

Trên đây là thông tin: Toàn văn Thông tư 15 2026 TT BYT hướng dẫn Luật Phòng bệnh 2025 thế nào?

Toàn văn Thông tư 15/2026/TT-BYT hướng dẫn Luật Phòng bệnh 2025 thế nào? (Hình từ Internet)

Căn cứ tại khoản 2 Điều 22 Thông tư 15/2026/TT-BYT quy định về cảnh báo dịch bệnh như sau:

Như vậy, nội dung cảnh báo dịch bệnh và các biện pháp phòng, chống:

- Nội dung cảnh báo dịch bệnh bao gồm nguy cơ theo thời gian, địa điểm, phạm vi và quy mô dịch bệnh có thể xảy ra;

- Cơ quan chuyên môn y tế các cấp tổ chức, thực hiện cảnh báo dịch bệnh, thực hiện các biện pháp phòng, chống phù hợp với tình hình bệnh truyền nhiễm cụ thể theo hướng dẫn chuyên môn của Cục Phòng bệnh.

Căn cứ theo Điều 6 Thông tư 15/2026/TT-BYT quy định về các loại hình giám sát trong phòng chống bệnh truyền nhiễm gồm:

- Giám sát dựa vào chỉ số: thực hiện việc thu thập thường xuyên, liên tục có hệ thống các thông tin cơ bản về các bệnh, dịch bệnh, bệnh truyền nhiễm từ các cơ sở y tế được thực hiện trên phạm vi cả nước.

- Giám sát trọng điểm: thực hiện việc thu thập thường xuyên, liên tục có hệ thống các thông tin chuyên sâu về một số bệnh, dịch bệnh truyền nhiễm và một số vấn đề về y tế ưu tiên tại các điểm giám sát được lựa chọn trong một khoảng thời gian nhất định.

- Giám sát dựa vào sự kiện: thực hiện việc thu thập, sàng lọc, xác minh thông tin và đánh giá các dấu hiệu cảnh báo từ cộng đồng, mạng xã hội, các phương tiện thông tin đại chúng, cơ quan, tổ chức và mạng lưới cơ sở y tế về các sự kiện bệnh truyền nhiễm, hội chứng bệnh truyền nhiễm có nguy cơ gây bệnh, dịch bệnh truyền nhiễm.

Điều 22. Cảnh báo dịch bệnh

1. Thực hiện cảnh báo dịch bệnh khi có một trong các tình huống sau:

a) Đối với các bệnh truyền nhiễm nhóm A: khi xuất hiện một ca bệnh xác định trên địa bàn cấp xã;

b) Đối với bệnh truyền nhiễm nhóm B và C lưu hành tại địa bàn cấp xã: cảnh báo dịch bệnh được xác định khi trên địa bàn cấp xã tại một thời điểm bất kỳ trong tuần có số trường hợp mắc bệnh cộng dồn từ đầu tuần trong khoảng từ số mắc trung bình của tuần cùng kỳ trong 05 năm gần nhất (trừ năm có dịch bệnh) của xã đó cộng với 01 lần độ lệch chuẩn đến số mắc trung bình của tuần cùng kỳ trong 05 năm gần nhất (trừ năm có dịch bệnh) của xã đó cộng với 02 lần độ lệch chuẩn;

c) Đối với bệnh truyền nhiễm nhóm B và C không lưu hành tại địa bàn cấp xã: cảnh báo dịch bệnh được xác định khi trên địa bàn cấp xã tại một thời điểm bất kỳ trong tuần ghi nhận 03 trường hợp mắc bệnh có liên quan dịch tễ với nhau;

d) Đối với bệnh truyền nhiễm chưa ghi nhận tại Việt Nam: cảnh báo dịch bệnh căn cứ theo kết quả đánh giá nguy cơ dịch bệnh đột xuất được quy định tại khoản 2 Điều 21 Thông tư này có mức từ trung bình trở lên.

2. Nội dung cảnh báo dịch bệnh và các biện pháp phòng, chống:

a) Nội dung cảnh báo dịch bệnh bao gồm nguy cơ theo thời gian, địa điểm, phạm vi và quy mô dịch bệnh có thể xảy ra;

b) Cơ quan chuyên môn y tế các cấp tổ chức, thực hiện cảnh báo dịch bệnh, thực hiện các biện pháp phòng, chống phù hợp với tình hình bệnh truyền nhiễm cụ thể theo hướng dẫn chuyên môn của Cục Phòng bệnh.","the-thao-y-te","","","","2026-05-18T00:00:00","https://thuvienphapluat.vn/hoi-dap-phap-luat/toan-van-thong-tu-152026ttbyt-huong-dan-luat-phong-benh-2025-the-nao-138090958.html","2026-05-21T20:35:14.082778+00:00"
"138070046","Xem lịch âm tháng 3 năm 2026 - Lịch vạn niên tháng 3 năm 2026 đầy đủ, chi tiết, mới nhất ra sao? Tháng 3 2026 có ngày lễ lớn nào không?","Xem lịch âm tháng 3 năm 2026 - Lịch vạn niên tháng 3 năm 2026 đầy đủ, chi tiết, mới nhất ra sao? Tháng 3 2026 có ngày lễ lớn nào không?

Người lao động được kiểm tra, giám sát việc trích nộp kinh phí công đoàn tại nơi làm việc không?

Người lao động được tham gia ý kiến về những nội dung nào?

Xem lịch âm tháng 3 năm 2026 - Lịch vạn niên tháng 3 năm 2026 đầy đủ, chi tiết, mới nhất dưới đây:

Lịch Tháng 3 năm 2026

Lịch Tháng 4 năm 2026

Lịch Tháng 5 năm 2026

Có thể thấy:

Theo lịch vạn niên, Tháng 3 năm 2026 âm lịch bao gồm 30 ngày. Trong đó:

- Ngày 01/3/2026 âm lịch sẽ rơi vào ngày 17/4/2026 dương lịch (Thứ sáu)

- Ngày 30/3/2026 âm lịch là ngày 16/5/2026 dương lịch (Thứ bảy).

Ngoài ra, Tháng 3 năm 2026 dương lịch bao gồm 31 ngày, cụ thể:

- Ngày 01/3/2026 dương lịch rơi vào Chủ nhật nhằm ngày 13/1/2026 âm lịch.

- Ngày 31/3/2026 dương lịch rơi vào Thứ ba nhằm ngày 13/2/2026 âm lịch.

Ngoài ra, tại Điều 4 Nghị định 145/2013/NĐ-CP có quy định về các ngày lễ lớn như sau:

Như vậy, trong tháng 3 năm 2026 theo dương lịch, nước ta không có ngày lễ lớn nào. Tuy nhiên, theo lịch âm, nước ta có Ngày Giỗ Tổ Hùng Vương (10-3 Âm lịch) là ngày lễ lớn.

* Trên đây là Thông tin Xem lịch âm tháng 2 năm 2026 - Lịch vạn niên tháng 2 năm 2026 đầy đủ, chi tiết, mới nhất ra sao? Tháng 2 2026 có ngày lễ lớn nào không?

Xem thêm:

>>> Lịch Vạn niên 2026 - Lịch âm 2026 - Lịch dương 2026 chi tiết, đầy đủ 365 ngày tương ứng âm và dương?

>>> Xem lịch âm tháng 1 năm 2026 - Lịch vạn niên tháng 1 năm 2026 đầy đủ, chi tiết, mới nhất ra sao? Tháng 1 2026 có ngày lễ lớn nào không?

Xem lịch âm tháng 3 năm 2026 - Lịch vạn niên tháng 3 năm 2026 đầy đủ, chi tiết, mới nhất ra sao? Tháng 3 2026 có ngày lễ lớn nào không? (Hình từ Internet)

Căn cứ theo Điều 46 Nghị định 145/2020/NĐ-CP quy định nội dung, hình thức người lao động được kiểm tra, giám sát như sau:

Như vậy, theo quy định, người lao động có quyền kiểm tra, giám sát việc trích nộp kinh phí công đoàn tại nơi làm việc.

Tại khoản 1 Điều 44 Nghị định 145/2020/NĐ-CP quy định người lao động được tham gia ý kiến về những nội dung sau:

- Xây dựng, sửa đổi, bổ sung nội quy, quy chế và các văn bản quy định khác của người sử dụng lao động liên quan đến quyền, nghĩa vụ và lợi ích của người lao động;

- Xây dựng, sửa đổi, bổ sung thang lương, bảng lương, định mức lao động; đề xuất nội dung thương lượng tập thể;

- Đề xuất, thực hiện giải pháp tiết kiệm chi phí, nâng cao năng suất lao động, cải thiện điều kiện làm việc, bảo vệ môi trường, phòng chống cháy nổ;

- Nội dung khác liên quan đến quyền, nghĩa vụ và lợi ích của người lao động theo quy định của pháp luật.

Đồng thời, những nội dung quy định tại khoản 1 Điều 44 Nghị định 145/2020/NĐ-CP mà pháp luật quy định cụ thể hình thức người lao động tham gia ý kiến thì thực hiện theo quy định đó; trường hợp pháp luật không quy định cụ thể hình thức thì người lao động căn cứ vào đặc điểm sản xuất, kinh doanh, tổ chức lao động, nội dung người lao động được tham gia ý kiến và quy chế dân chủ ở cơ sở tại nơi làm việc để lựa chọn hình thức sau đây:

- Tham gia ý kiến trực tiếp hoặc thông qua tổ chức đại diện người lao động tại cơ sở, nhóm đại diện đối thoại của người lao động tại hội nghị người lao động, đối thoại tại nơi làm việc;

- Gửi góp ý, kiến nghị trực tiếp;

- Hình thức khác mà pháp luật không cấm.

Điều 4. Các ngày lễ lớn

Các ngày lễ lớn trong nước bao gồm:

1. Ngày Tết Nguyên đán (01 tháng Giêng Âm lịch).

2. Ngày thành lập Đảng Cộng sản Việt Nam (03-02-1930).

3. Ngày Giỗ Tổ Hùng Vương (10-3 Âm lịch).

4. Ngày Giải phóng miền Nam, thống nhất đất nước (30-4-1975).

5. Ngày Chiến thắng Điện Biên Phủ (07-5-1954).

6. Ngày sinh Chủ tịch Hồ Chí Minh (19-5-1890).

7. Ngày Cách mạng Tháng Tám (19-8-1945) và Ngày Quốc khánh nước Cộng hòa xã hội chủ nghĩa Việt Nam (02-9-1945).

Điều 46. Nội dung, hình thức người lao động được kiểm tra, giám sát

1. Người lao động được kiểm tra, giám sát những nội dung sau:

a) Việc thực hiện hợp đồng lao động và thỏa ước lao động tập thể;

b) Việc thực hiện nội quy lao động, quy chế và các văn bản quy định khác của người sử dụng lao động liên quan đến quyền, nghĩa vụ và lợi ích của người lao động;

c) Việc sử dụng quỹ khen thưởng, quỹ phúc lợi, các quỹ do người lao động đóng góp;

d) Việc trích nộp kinh phí công đoàn, đóng bảo hiểm xã hội, bảo hiểm y tế, bảo hiểm thất nghiệp của người sử dụng lao động;

đ) Việc thực hiện thi đua, khen thưởng, kỷ luật, giải quyết khiếu nại, tố cáo liên quan đến quyền, nghĩa vụ và lợi ích của người lao động.

2. Hình thức kiểm tra, giám sát của người lao động thực hiện theo quy định của pháp luật.","the-thao-y-te","","","","2026-05-18T00:00:00","https://thuvienphapluat.vn/hoi-dap-phap-luat/xem-lich-am-thang-3-nam-2026--lich-van-nien-thang-3-nam-2026-day-du-chi-tiet-moi-nhat-ra-sao-thang--138070046.html","2026-05-21T20:37:25.676916+00:00"
"138090016","Mã BHYT DK là gì? Mã BHYT DK được hưởng bao nhiêu phần trăm?","Mã BHYT DK là gì? Mã BHYT DK được hưởng bao nhiêu phần trăm?

Mỗi người được cấp bao nhiêu mã số bảo hiểm y tế?

Nghĩa vụ của người tham gia bảo hiểm y tế là gì?

Theo đó, mã BHYT DK là mã đối tượng tham gia BHYT thuộc người đang sinh sống tại vùng có điều kiện kinh tế - xã hội đặc biệt khó khăn.

Mặt khác, mã BHYT DK được quỹ BHYT thanh toán 100% chi phí KCB thuộc phạm vi chi trả BHYT (có giới hạn tỷ lệ thanh toán một số thuốc, hóa chất, vật tư y tế và dịch vụ kỹ thuật theo quy định của Bộ trưởng Bộ Y tế); chi phí vận chuyển người bệnh từ tuyến huyện lên tuyến trên trong trường hợp cấp cứu hoặc khi đang điều trị nội trú phải chuyển tuyến chuyên môn kỹ thuật.

Căn cứ theo Quyết định 1351/QĐ-BHXH năm 2015 sửa đổi, bổ sung bởi Quyết định 1697/QĐ-BHXH năm 2023 quy định về cấu trúc mã thẻ BHYT như sau:

>>> Xem thêm: Bảng tính tỷ lệ đóng BHXH, BHYT, BHTN, BHTNLĐ mới nhất 2026 chi tiết cho từng đối tượng thế nào?

>>> Xem thêm: Từ ngày 1/1/2026 chuyển đổi mã quyền lợi của người tham gia BHYT theo Nghị quyết 261 ra sao?

Mã BHYT DK là gì? Mã BHYT DK được hưởng bao nhiêu phần trăm? (Hình từ Internet)

Căn cứ tại Điều 16 Luật Bảo hiểm y tế 2008 sửa đổi bởi Điều 1 Luật Bảo hiểm y tế sửa đổi 2014; sửa đổi bởi khoản 14 Điều 1 Luật Bảo hiểm y tế sửa đổi 2024 quy định về thẻ bảo hiểm y tế như sau:

Như vậy, mỗi người chỉ được cấp một mã số bảo hiểm y tế.

Theo Điều 37 Luật Bảo hiểm y tế 2008 sửa đổi bởi khoản 35 Điều 1 Luật Bảo hiểm y tế sửa đổi 2024 quy định nghĩa vụ của người tham gia bảo hiểm y tế như sau:

- Đóng bảo hiểm y tế đầy đủ, đúng thời hạn.

- Sử dụng thẻ bảo hiểm y tế đúng mục đích, không cho người khác mượn thẻ bảo hiểm y tế.

- Thực hiện các quy định tại Điều 28 Luật Bảo hiểm y tế 2008 khi đến khám bệnh, chữa bệnh.

- Chấp hành các quy định và hướng dẫn của cơ quan bảo hiểm xã hội, cơ sở khám bệnh, chữa bệnh khi đến khám bệnh, chữa bệnh.

- Thanh toán chi phí khám bệnh, chữa bệnh cho cơ sở khám bệnh, chữa bệnh ngoài phần chi phí do quỹ bảo hiểm y tế chi trả.

Điều 2. Cấu trúc mã thẻ BHYT

Mã thẻ BHYT gồm 15 ký tự, được chia thành 04 ô.

[...]

1. Hai ký tự đầu (ô thứ nhất): được ký hiệu bằng chữ (theo bảng chữ cái latinh), là mã đối tượng tham gia BHYT. Trường hợp một người thuộc nhiều đối tượng tham gia BHYT khác nhau thì mã đối tượng ghi trên thẻ BHYT là mã đối tượng đóng BHYT được xác định đầu tiên theo quy định tại Khoản 7, Điều 1 Luật sửa đổi, bổ sung Luật BHYT.

[...]

c) Nhóm do ngân sách Nhà nước đóng

[...]

- DT: Người dân tộc thiểu số đang sinh sống tại vùng có điều kiện kinh tế - xã hội khó khăn, đặc biệt khó khăn;

- DK: Người đang sinh sống tại vùng có điều kiện kinh tế - xã hội đặc biệt khó khăn;

- XD: Người đang sinh sống tại xã đảo, huyện đảo;

[...]

2. Ký tự tiếp theo (ô thứ 2): được ký hiệu bằng số (theo số thứ tự từ 1 đến 5) là mức hưởng BHYT. Trường hợp một người thuộc nhiều đối tượng tham gia BHYT thì mức hưởng BHYT ghi trên thẻ BHYT là mức hưởng của đối tượng có quyền lợi cao nhất

[...]

b) Ký hiệu bằng số 2: Được quỹ BHYT thanh toán 100% chi phí KCB thuộc phạm vi chi trả BHYT (có giới hạn tỷ lệ thanh toán một số thuốc, hóa chất, vật tư y tế và dịch vụ kỹ thuật theo quy định của Bộ trưởng Bộ Y tế); chi phí vận chuyển người bệnh từ tuyến huyện lên tuyến trên trong trường hợp cấp cứu hoặc khi đang điều trị nội trú phải chuyển tuyến chuyên môn kỹ thuật, bao gồm các đối tượng hưởng có ký hiệu là: CK, CB, KC, HN, DT, DK, XD, BT, TS, AK, CT.

[...]

Điều 16. Thẻ bảo hiểm y tế

1. Thẻ bảo hiểm y tế có mã số bảo hiểm y tế được cấp cho người tham gia bảo hiểm y tế và làm căn cứ để được hưởng các quyền lợi về bảo hiểm y tế theo quy định của Luật này. Thẻ bảo hiểm y tế được cấp bằng bản điện tử, bản giấy và có giá trị pháp lý như nhau.

2. Mỗi người chỉ được cấp một mã số bảo hiểm y tế.

3. Thời điểm thẻ bảo hiểm y tế có giá trị sử dụng được quy định như sau:

a) Đối tượng quy định tại các khoản 1, 2 và 3 Điều 12 của Luật này tham gia bảo hiểm y tế lần đầu, thẻ bảo hiểm y tế có giá trị sử dụng kể từ ngày đóng bảo hiểm y tế;

b) Người tham gia bảo hiểm y tế liên tục kể từ lần thứ hai trở đi thì thẻ bảo hiểm y tế có giá trị sử dụng nối tiếp với ngày hết hạn sử dụng của thẻ lần trước;

[...]","the-thao-y-te","","","","2026-05-17T00:00:00","https://thuvienphapluat.vn/hoi-dap-phap-luat/ma-bhyt-dk-la-gi-ma-bhyt-dk-duoc-huong-bao-nhieu-phan-tram-138090016.html","2026-05-21T20:35:20.972065+00:00"
"138090019","Mã BHYT HT là gì? Mã BHYT HT được hưởng bao nhiêu phần trăm?","Mã BHYT HT là gì? Mã BHYT HT được hưởng bao nhiêu phần trăm?

Mức đóng bảo hiểm y tế được xác định theo tỷ lệ nào?

Cơ quan quản lý nhà nước về bảo hiểm y tế như thế nào?

Theo đó, mã BHYT HT là mã đối tượng tham gia BHYT thuộc người hưởng lương hưu, trợ cấp mất sức lao động hàng tháng do tổ chức bảo hiểm xã hội đóng BHYT.

Theo đó, mã BHYT HT được quỹ BHYT thanh toán 95% chi phí KCB thuộc phạm vi chi trả BHYT (có giới hạn tỷ lệ thanh toán một số thuốc, hóa chất, vật tư y tế và dịch vụ kỹ thuật theo quy định của Bộ trưởng Bộ Y tế); 100% chi phí KCB tại tuyến xã và chi phí cho một lần KCB thấp hơn 15% tháng lương cơ sở

Căn cứ theo Quyết định 1351/QĐ-BHXH năm 2015 sửa đổi, bổ sung bởi Quyết định 1697/QĐ-BHXH năm 2023 quy định về cấu trúc mã thẻ BHYT như sau:

>>> Xem thêm: Bảng tính tỷ lệ đóng BHXH, BHYT, BHTN, BHTNLĐ mới nhất 2026 chi tiết cho từng đối tượng thế nào?

>>> Xem thêm: Từ ngày 1/1/2026 chuyển đổi mã quyền lợi của người tham gia BHYT theo Nghị quyết 261 ra sao?

Mã BHYT HT là gì? Mã BHYT HT được hưởng bao nhiêu phần trăm? (Hình từ Internet)

Tại Điều 3 Luật Bảo hiểm y tế 2008 sửa đổi bởi khoản 2 Điều 1 Luật Bảo hiểm y tế sửa đổi 2014; sửa đổi bởi khoản 2 Điều 1 Luật Bảo hiểm y tế sửa đổi 2024 quy định về nguyên tắc bảo hiểm y tế như sau:

Theo đó, mức đóng bảo hiểm y tế được xác định theo tỷ lệ phần trăm của tiền lương làm căn cứ đóng bảo hiểm xã hội bắt buộc theo quy định của Luật Bảo hiểm xã hội, tiền lương hưu, tiền trợ cấp hoặc mức tham chiếu.

Theo Điều 5 Luật Bảo hiểm y tế 2008 quy định cơ quan quản lý nhà nước về bảo hiểm y tế như sau:

- Chính phủ thống nhất quản lý nhà nước về bảo hiểm y tế.

- Bộ Y tế chịu trách nhiệm trước Chính phủ thực hiện quản lý nhà nước về bảo hiểm y tế.

- Bộ, cơ quan ngang bộ trong phạm vi nhiệm vụ, quyền hạn của mình phối hợp với Bộ Y tế thực hiện quản lý nhà nước về bảo hiểm y tế.

- Ủy ban nhân dân các cấp trong phạm vi nhiệm vụ, quyền hạn của mình thực hiện quản lý nhà nước về bảo hiểm y tế tại địa phương.

Điều 2. Cấu trúc mã thẻ BHYT

Mã thẻ BHYT gồm 15 ký tự, được chia thành 04 ô.

[...]

1. Hai ký tự đầu (ô thứ nhất): được ký hiệu bằng chữ (theo bảng chữ cái latinh), là mã đối tượng tham gia BHYT. Trường hợp một người thuộc nhiều đối tượng tham gia BHYT khác nhau thì mã đối tượng ghi trên thẻ BHYT là mã đối tượng đóng BHYT được xác định đầu tiên theo quy định tại Khoản 7, Điều 1 Luật sửa đổi, bổ sung Luật BHYT.

[...]

b) Nhóm do tổ chức bảo hiểm xã hội đóng

- HT: Người hưởng lương hưu, trợ cấp mất sức lao động hàng tháng;

- TB: Người đang hưởng trợ cấp bảo hiểm xã hội hàng tháng do bị tai nạn lao động, bệnh nghề nghiệp;

- NO: Người lao động nghỉ việc đang hưởng chế độ ốm đau theo quy định của pháp luật về bảo hiểm xã hội do mắc bệnh thuộc danh mục bệnh cần chữa trị dài ngày theo quy định của Bộ trưởng Bộ Y tế;

[...]

2. Ký tự tiếp theo (ô thứ 2): được ký hiệu bằng số (theo số thứ tự từ 1 đến 5) là mức hưởng BHYT. Trường hợp một người thuộc nhiều đối tượng tham gia BHYT thì mức hưởng BHYT ghi trên thẻ BHYT là mức hưởng của đối tượng có quyền lợi cao nhất

[...]

c) Ký hiệu bằng số 3: Được quỹ BHYT thanh toán 95% chi phí KCB thuộc phạm vi chi trả BHYT (có giới hạn tỷ lệ thanh toán một số thuốc, hóa chất, vật tư y tế và dịch vụ kỹ thuật theo quy định của Bộ trưởng Bộ Y tế); 100% chi phí KCB tại tuyến xã và chi phí cho một lần KCB thấp hơn 15% tháng lương cơ sở, bao gồm các đối tượng hưởng có ký hiệu là: HT, TC, CN, PV, TG, DS, HK.

[...]

Điều 3. Nguyên tắc bảo hiểm y tế

1. Bảo đảm chia sẻ rủi ro giữa những người tham gia bảo hiểm y tế.

2. Mức đóng bảo hiểm y tế được xác định theo tỷ lệ phần trăm của tiền lương làm căn cứ đóng bảo hiểm xã hội bắt buộc theo quy định của Luật Bảo hiểm xã hội (sau đây gọi chung là tiền lương tháng), tiền lương hưu, tiền trợ cấp hoặc mức tham chiếu.

3. Mức hưởng bảo hiểm y tế theo mức độ bệnh tật, nhóm đối tượng trong phạm vi quyền lợi và thời gian tham gia bảo hiểm y tế.

4. Chi phí khám bệnh, chữa bệnh bảo hiểm y tế do quỹ bảo hiểm y tế và người tham gia bảo hiểm y tế cùng chi trả.

5. Quỹ bảo hiểm y tế được quản lý tập trung, thống nhất, công khai, minh bạch, bảo đảm cân đối thu, chi và được Nhà nước bảo hộ.","the-thao-y-te","","","","2026-05-16T00:00:00","https://thuvienphapluat.vn/hoi-dap-phap-luat/ma-bhyt-ht-la-gi-ma-bhyt-ht-duoc-huong-bao-nhieu-phan-tram-138090019.html","2026-05-21T20:35:30.434802+00:00"
"138090018","Mã BHYT CH là gì? Mã BHYT CH được hưởng bao nhiêu phần trăm?","Mã BHYT CH là gì? Mã BHYT CH được hưởng bao nhiêu phần trăm?

Cơ quan nào thống nhất quản lý nhà nước về bảo hiểm y tế?

06 hành vi bị nghiêm cấm trong bảo hiểm y tế là gì?

Theo đó, mã BHYT CH là mã đối tượng tham gia BHYT thuộc người lao động làm việc trong các cơ quan nhà nước, đơn vị sự nghiệp, lực lượng vũ trang, tổ chức chính trị, tổ chức chính trị - xã hội, tổ chức chính trị - xã hội - nghề nghiệp, tổ chức xã hội - nghề nghiệp và tổ chức xã hội khác.

Theo đó, mã BHYT CH được quỹ BHYT thanh toán 80% chi phí KCB thuộc phạm vi chi trả BHYT (có giới hạn tỷ lệ thanh toán một số thuốc, hóa chất, vật tư y tế và dịch vụ kỹ thuật theo quy định của Bộ trưởng Bộ Y tế); 100% chi phí KCB tại tuyến xã và chi phí cho một lần KCB thấp hơn 15% tháng lương cơ sở.

Căn cứ theo Quyết định 1351/QĐ-BHXH năm 2015 sửa đổi, bổ sung bởi Quyết định 1697/QĐ-BHXH năm 2023 quy định về cấu trúc mã thẻ BHYT như sau:

>>> Xem thêm: Bảng tính tỷ lệ đóng BHXH, BHYT, BHTN, BHTNLĐ mới nhất 2026 chi tiết cho từng đối tượng thế nào?

>>> Xem thêm: Từ ngày 1/1/2026 chuyển đổi mã quyền lợi của người tham gia BHYT theo Nghị quyết 261 ra sao?

Mã BHYT CH là gì? Mã BHYT CH được hưởng bao nhiêu phần trăm? (Hình từ Internet)

Căn cứ tại Điều 5 Luật Bảo hiểm y tế 2008 quy định về cơ quan quản lý nhà nước về bảo hiểm y tế như sau:

Như vậy, Chính phủ thống nhất quản lý nhà nước về bảo hiểm y tế.

Theo Điều 11 Luật Bảo hiểm y tế 2008 sửa đổi bởi khoản 9 Điều 1 Luật Bảo hiểm y tế sửa đổi 2024 quy định 06 hành vi bị nghiêm cấm trong bảo hiểm y tế như sau:

- Chậm đóng, trốn đóng bảo hiểm y tế.

- Gian lận, giả mạo hồ sơ, thẻ bảo hiểm y tế.

- Sử dụng tiền đóng bảo hiểm y tế, quỹ bảo hiểm y tế sai mục đích.

- Cản trở, gây khó khăn hoặc làm thiệt hại đến quyền, lợi ích hợp pháp của người tham gia bảo hiểm y tế và của các bên liên quan đến bảo hiểm y tế.

- Cố ý báo cáo sai sự thật, cung cấp sai lệch thông tin, số liệu về bảo hiểm y tế.

- Lợi dụng chức vụ, quyền hạn, chuyên môn, nghiệp vụ để làm trái với quy định của pháp luật về bảo hiểm y tế.

Điều 2. Cấu trúc mã thẻ BHYT

Mã thẻ BHYT gồm 15 ký tự, được chia thành 04 ô.

[...]

1. Hai ký tự đầu (ô thứ nhất): được ký hiệu bằng chữ (theo bảng chữ cái latinh), là mã đối tượng tham gia BHYT. Trường hợp một người thuộc nhiều đối tượng tham gia BHYT khác nhau thì mã đối tượng ghi trên thẻ BHYT là mã đối tượng đóng BHYT được xác định đầu tiên theo quy định tại Khoản 7, Điều 1 Luật sửa đổi, bổ sung Luật BHYT.

a) Nhóm do người lao động và người sử dụng lao động đóng:

- DN: Người lao động làm việc trong các doanh nghiệp thành lập, hoạt động theo Luật Doanh nghiệp, Luật Đầu tư.

- HX: Người lao động làm việc trong các hợp tác xã, liên hiệp hợp tác xã thành lập và hoạt động theo Luật Hợp tác xã.

- CH: Người lao động làm việc trong các cơ quan nhà nước, đơn vị sự nghiệp, lực lượng vũ trang, tổ chức chính trị, tổ chức chính trị - xã hội, tổ chức chính trị - xã hội - nghề nghiệp, tổ chức xã hội - nghề nghiệp và tổ chức xã hội khác.

[...]

2. Ký tự tiếp theo (ô thứ 2): được ký hiệu bằng số (theo số thứ tự từ 1 đến 5) là mức hưởng BHYT. Trường hợp một người thuộc nhiều đối tượng tham gia BHYT thì mức hưởng BHYT ghi trên thẻ BHYT là mức hưởng của đối tượng có quyền lợi cao nhất

[...]

d) Ký hiệu bằng số 4: Được quỹ BHYT thanh toán 80% chi phí KCB thuộc phạm vi chi trả BHYT (có giới hạn tỷ lệ thanh toán một số thuốc, hóa chất, vật tư y tế và dịch vụ kỹ thuật theo quy định của Bộ trưởng Bộ Y tế); 100% chi phí KCB tại tuyến xã và chi phí cho một lần KCB thấp hơn 15% tháng lương cơ sở, bao gồm các đối tượng hưởng có ký hiệu là: DN, HX, CH, NN, TK, HC, XK, TB, NO, XB, TN, CS, XN, MS, HD, TQ, TA, TY, HG, LS, HS, SV, GB, GD, ND, TH, TV, TD, TU, BA.”

[...]

Điều 5. Cơ quan quản lý nhà nước về bảo hiểm y tế

1. Chính phủ thống nhất quản lý nhà nước về bảo hiểm y tế.

2. Bộ Y tế chịu trách nhiệm trước Chính phủ thực hiện quản lý nhà nước về bảo hiểm y tế.

3. Bộ, cơ quan ngang bộ trong phạm vi nhiệm vụ, quyền hạn của mình phối hợp với Bộ Y tế thực hiện quản lý nhà nước về bảo hiểm y tế.

4. Uỷ ban nhân dân các cấp trong phạm vi nhiệm vụ, quyền hạn của mình thực hiện quản lý nhà nước về bảo hiểm y tế tại địa phương.","the-thao-y-te","","","","2026-05-16T00:00:00","https://thuvienphapluat.vn/hoi-dap-phap-luat/ma-bhyt-ch-la-gi-ma-bhyt-ch-duoc-huong-bao-nhieu-phan-tram-138090018.html","2026-05-21T20:36:21.531822+00:00"
"138090017","Mã BHYT HC là gì? Mã BHYT HC được hưởng bao nhiêu phần trăm?","Mã BHYT HC là gì? Mã BHYT HC được hưởng bao nhiêu phần trăm?

Định kỳ mấy năm kiểm toán nhà nước thực hiện kiểm toán quỹ bảo hiểm y tế?

Thẻ bảo hiểm y tế được đổi trong trường hợp nào?

Theo đó, mã BHYT HC là mã đối tượng tham gia BHYT thuộc cán bộ, công chức, viên chức theo quy định của pháp luật về cán bộ, công chức, viên chức.

Theo đó, mã BHYT HC được quỹ BHYT thanh toán 80% chi phí KCB thuộc phạm vi chi trả BHYT (có giới hạn tỷ lệ thanh toán một số thuốc, hóa chất, vật tư y tế và dịch vụ kỹ thuật theo quy định của Bộ trưởng Bộ Y tế); 100% chi phí KCB tại tuyến xã và chi phí cho một lần KCB thấp hơn 15%) tháng lương cơ sở

Căn cứ theo Quyết định 1351/QĐ-BHXH năm 2015 sửa đổi, bổ sung bởi Quyết định 1697/QĐ-BHXH năm 2023 quy định về cấu trúc mã thẻ BHYT như sau:

>>> Xem thêm: Bảng tính tỷ lệ đóng BHXH, BHYT, BHTN, BHTNLĐ mới nhất 2026 chi tiết cho từng đối tượng thế nào?

>>> Xem thêm: Từ ngày 1/1/2026 chuyển đổi mã quyền lợi của người tham gia BHYT theo Nghị quyết 261 ra sao?

Mã BHYT HC là gì? Mã BHYT HC được hưởng bao nhiêu phần trăm? (Hình từ Internet)

Tại Điều 10 Luật Bảo hiểm y tế 2008 sửa đổi bởi khoản 8 Điều 1 Luật Bảo hiểm y tế sửa đổi 2024 quy định về kiểm toán quỹ bảo hiểm y tế như sau:

Theo đó, định kỳ 03 năm, Kiểm toán nhà nước thực hiện kiểm toán quỹ bảo hiểm y tế và báo cáo kết quả với Quốc hội.

Theo khoản 1 Điều 19 Luật Bảo hiểm y tế 2008 quy định thẻ bảo hiểm y tế được đổi trong trường hợp sau đây:

- Rách, nát hoặc hỏng;

- Thay đổi nơi đăng ký khám bệnh, chữa bệnh ban đầu;

- Thông tin ghi trong thẻ không đúng.

Điều 2. Cấu trúc mã thẻ BHYT

Mã thẻ BHYT gồm 15 ký tự, được chia thành 04 ô.

[...]

1. Hai ký tự đầu (ô thứ nhất): được ký hiệu bằng chữ (theo bảng chữ cái latinh), là mã đối tượng tham gia BHYT. Trường hợp một người thuộc nhiều đối tượng tham gia BHYT khác nhau thì mã đối tượng ghi trên thẻ BHYT là mã đối tượng đóng BHYT được xác định đầu tiên theo quy định tại Khoản 7, Điều 1 Luật sửa đổi, bổ sung Luật BHYT.

a) Nhóm do người lao động và người sử dụng lao động đóng:

[...]

- NN: Người lao động làm việc trong các cơ quan, tổ chức nước ngoài hoặc tổ chức quốc tế tại Việt Nam, trừ trường hợp Điều ước quốc tế mà nước Cộng hòa xã hội chủ nghĩa Việt Nam là thành viên tham gia có quy định khác.

- TK: Người lao động làm việc trong các tổ chức khác có sử dụng lao động được thành lập và hoạt động theo quy định của pháp luật.

- HC: Cán bộ, công chức, viên chức theo quy định của pháp luật về cán bộ, công chức, viên chức.

- XK: Người hoạt động không chuyên trách ở xã, phường, thị trấn theo quy định của pháp luật về cán bộ, công chức;

[...]

2. Ký tự tiếp theo (ô thứ 2): được ký hiệu bằng số (theo số thứ tự từ 1 đến 5) là mức hưởng BHYT. Trường hợp một người thuộc nhiều đối tượng tham gia BHYT thì mức hưởng BHYT ghi trên thẻ BHYT là mức hưởng của đối tượng có quyền lợi cao nhất

[...]

d) Ký hiệu bằng số 4: Được quỹ BHYT thanh toán 80% chi phí KCB thuộc phạm vi chi trả BHYT (có giới hạn tỷ lệ thanh toán một số thuốc, hóa chất, vật tư y tế và dịch vụ kỹ thuật theo quy định của Bộ trưởng Bộ Y tế); 100% chi phí KCB tại tuyến xã và chi phí cho một lần KCB thấp hơn 15%) tháng lương cơ sở, bao gồm các đối tượng hưởng có ký hiệu là: DN, HX, CH, NN, TK, HC, XX, TB, NO, XB, TN, CS, XN, MS, HD, TQ, TA, TY, HG, LS, HS, SV, GB, GD, ND, TH, TV, TD, TU.

[...]

Điều 10. Kiểm toán quỹ bảo hiểm y tế

1. Kiểm toán nhà nước, định kỳ ba năm, thực hiện kiểm toán quỹ bảo hiểm y tế và báo cáo kết quả với Quốc hội; thực hiện kiểm toán đột xuất quỹ bảo hiểm y tế theo yêu cầu của Quốc hội, Ủy ban Thường vụ Quốc hội, Chủ tịch nước, Chính phủ, Thủ tướng Chính phủ.

2. Định kỳ hằng năm, Kiểm toán nhà nước thực hiện kiểm toán nội dung chi tổ chức và hoạt động bảo hiểm y tế khi kiểm toán báo cáo quyết toán chi tổ chức và hoạt động bảo hiểm xã hội.","the-thao-y-te","","","","2026-05-16T00:00:00","https://thuvienphapluat.vn/hoi-dap-phap-luat/ma-bhyt-hc-la-gi-ma-bhyt-hc-duoc-huong-bao-nhieu-phan-tram-138090017.html","2026-05-21T20:36:27.770208+00:00"
"138090955","Toàn văn Thông tư 12/2026/TT-BYT Danh mục bệnh bẩm sinh cần sàng lọc trước sinh và sơ sinh thế nào?","Toàn văn Thông tư 12/2026/TT-BYT Danh mục bệnh bẩm sinh cần sàng lọc trước sinh và sơ sinh thế nào?

Việc lựa chọn các bệnh bẩm sinh cần sàng lọc trước sinh và sơ sinh để đưa vào Danh mục phải bảo đảm đầy đủ các nguyên tắc gì?

Nguyên tắc trong khám chữa bệnh quy định cụ thể ra sao?

Ngày 15/5/2026, Bộ trưởng Bộ Y tế ban hành Thông tư 12/2026/TT-BYT quy định Danh mục bệnh bẩm sinh cần sàng lọc trước sinh và sơ sinh.

Thông tư 12/2026/TT-BYT có hiệu lực thi hành kể từ ngày 01/7/2026.

Xem toàn bộ Thông tư 12 2026 TT BYT Danh mục bệnh bẩm sinh cần sàng lọc trước sinh và sơ sinh dưới đây:

TẢI VỀ

Trên đây là thông tin: Toàn văn Thông tư 12 2026 TT BYT Danh mục bệnh bẩm sinh cần sàng lọc trước sinh và sơ sinh thế nào?

Toàn văn Thông tư 12/2026/TT-BYT Danh mục bệnh bẩm sinh cần sàng lọc trước sinh và sơ sinh thế nào? (Hình từ Internet)

Căn cứ theo Điều 3 Thông tư 12 2026 TT BYT quy định về nguyên tắc xây dựng Danh mục bệnh bẩm sinh như sau:

Như vậy, việc lựa chọn các bệnh bẩm sinh để đưa vào Danh mục phải bảo đảm đầy đủ các nguyên tắc sau đây:

- Tính phổ biến và gánh nặng bệnh:

+ Bệnh bẩm sinh có tỷ lệ cao hoặc mang gen đột biến cao trong cộng đồng hoặc gây ra hậu quả nghiêm trọng về sức khỏe, thể chất và trí tuệ của trẻ;

+ Bệnh bẩm sinh gây tử vong cao ở trẻ em hoặc gây khuyết tật suốt đời, ảnh hưởng đến chất lượng giống nòi.

- Khả năng sàng lọc và chẩn đoán:

+ Có phương pháp sàng lọc phù hợp, an toàn, dễ thực hiện;

+ Có phương pháp hoặc kỹ thuật chẩn đoán xác định để khẳng định tình trạng bệnh sau khi có kết quả sàng lọc.

- Tính khả thi và hiệu quả kinh tế - xã hội:

+ Phù hợp với khả năng đáp ứng về thiết bị, nhân lực của hệ thống y tế Việt Nam;

+ Chi phí sàng lọc phù hợp với khả năng chi trả của người dân hoặc ngân sách nhà nước hoặc bảo hiểm y tế;

+ Hiệu quả kinh tế - xã hội thu được từ việc phát hiện, điều trị và can thiệp sớm cao hơn khi phát hiện muộn.

Căn cứ theo Điều 3 Luật Khám bệnh, chữa bệnh 2023 quy định về nguyên tắc trong khám chữa bệnh cụ thể như sau:

Như vậy, nguyên tắc trong khám chữa bệnh quy định cụ thể như sau:

- Tôn trọng, bảo vệ, đối xử bình đẳng và không kỳ thị, phân biệt đối xử đối với người bệnh.

- Ưu tiên khám bệnh, chữa bệnh đối với trường hợp người bệnh trong tình trạng cấp cứu, trẻ em dưới 06 tuổi, phụ nữ có thai, người khuyết tật đặc biệt nặng, người khuyết tật nặng, người từ đủ 75 tuổi trở lên, người có công với cách mạng phù hợp với đặc thù của cơ sở khám bệnh, chữa bệnh.

- Tôn trọng, hợp tác, bảo vệ người hành nghề, người khác đang thực hiện nhiệm vụ tại cơ sở khám bệnh, chữa bệnh.

- Thực hiện kịp thời và tuân thủ quy định về chuyên môn kỹ thuật.

- Tuân thủ quy tắc đạo đức nghề nghiệp trong hành nghề khám bệnh, chữa bệnh do Bộ trưởng Bộ Y tế ban hành.

- Bình đẳng, công bằng giữa các cơ sở khám bệnh, chữa bệnh.

Điều 3. Nguyên tắc xây dựng Danh mục bệnh bẩm sinh

Việc lựa chọn các bệnh bẩm sinh để đưa vào Danh mục phải bảo đảm đầy đủ các nguyên tắc sau đây:

1. Tính phổ biến và gánh nặng bệnh:

a) Bệnh bẩm sinh có tỷ lệ cao hoặc mang gen đột biến cao trong cộng đồng hoặc gây ra hậu quả nghiêm trọng về sức khỏe, thể chất và trí tuệ của trẻ;

b) Bệnh bẩm sinh gây tử vong cao ở trẻ em hoặc gây khuyết tật suốt đời, ảnh hưởng đến chất lượng giống nòi.

2. Khả năng sàng lọc và chẩn đoán:

a) Có phương pháp sàng lọc phù hợp, an toàn, dễ thực hiện;

b) Có phương pháp hoặc kỹ thuật chẩn đoán xác định để khẳng định tình trạng bệnh sau khi có kết quả sàng lọc.

3. Tính khả thi và hiệu quả kinh tế - xã hội:

a) Phù hợp với khả năng đáp ứng về thiết bị, nhân lực của hệ thống y tế Việt Nam;

b) Chi phí sàng lọc phù hợp với khả năng chi trả của người dân hoặc ngân sách nhà nước hoặc bảo hiểm y tế;

c) Hiệu quả kinh tế - xã hội thu được từ việc phát hiện, điều trị và can thiệp sớm cao hơn khi phát hiện muộn.

Điều 3. Nguyên tắc trong khám bệnh, chữa bệnh

1. Tôn trọng, bảo vệ, đối xử bình đẳng và không kỳ thị, phân biệt đối xử đối với người bệnh.

2. Ưu tiên khám bệnh, chữa bệnh đối với trường hợp người bệnh trong tình trạng cấp cứu, trẻ em dưới 06 tuổi, phụ nữ có thai, người khuyết tật đặc biệt nặng, người khuyết tật nặng, người từ đủ 75 tuổi trở lên, người có công với cách mạng phù hợp với đặc thù của cơ sở khám bệnh, chữa bệnh.

3. Tôn trọng, hợp tác, bảo vệ người hành nghề, người khác đang thực hiện nhiệm vụ tại cơ sở khám bệnh, chữa bệnh.

4. Thực hiện kịp thời và tuân thủ quy định về chuyên môn kỹ thuật.

5. Tuân thủ quy tắc đạo đức nghề nghiệp trong hành nghề khám bệnh, chữa bệnh do Bộ trưởng Bộ Y tế ban hành.

6. Bình đẳng, công bằng giữa các cơ sở khám bệnh, chữa bệnh.","the-thao-y-te","","","","2026-05-16T00:00:00","https://thuvienphapluat.vn/hoi-dap-phap-luat/toan-van-thong-tu-122026ttbyt-danh-muc-benh-bam-sinh-can-sang-loc-truoc-sinh-va-so-sinh-the-nao-138090955.html","2026-05-21T20:36:37.135814+00:00"
"138090954","Toàn văn Thông tư 11/2026/TT-BYT Danh mục các bệnh được thông báo tiết lộ giới tính thai nhi để phục vụ chẩn đoán và điều trị thế nào?","Toàn văn Thông tư 11/2026/TT-BYT Danh mục các bệnh được thông báo tiết lộ giới tính thai nhi để phục vụ chẩn đoán và điều trị thế nào?

Nguyên tắc xây dựng Danh mục các bệnh được thông báo, tiết lộ giới tính thai nhi để phục vụ chẩn đoán và điều trị được quy định ra sao?

Có bắt buộc phải khám sàng lọc bệnh bẩm sinh trước sinh không?

Ngày 15/5/2026, Bộ trưởng Bộ Y tế ban hành Thông tư 11/2026/TT-BYT quy định Danh mục các bệnh được thông báo, tiết lộ giới tính thai nhi để phục vụ chẩn đoán và điều trị.

Thông tư 11/2026/TT-BYT có hiệu lực thi hành kể từ ngày 01/7/2026.

Xem toàn bộ Thông tư 11 2026 TT BYT Danh mục các bệnh được thông báo tiết lộ giới tính thai nhi để phục vụ chẩn đoán và điều trị dưới đây:

TẢI VỀ

Trên đây là thông tin: Toàn văn Thông tư 11 2026 TT BYT Danh mục các bệnh được thông báo tiết lộ giới tính thai nhi để phục vụ chẩn đoán và điều trị thế nào?

Toàn văn Thông tư 11/2026/TT-BYT Danh mục các bệnh được thông báo tiết lộ giới tính thai nhi để phục vụ chẩn đoán và điều trị thế nào? (Hình từ Internet)

Căn cứ theo Điều 3 Thông tư 11/2026/TT-BYT quy định như sau:

Như vậy, các bệnh được thông báo, tiết lộ giới tính thai nhi để phục vụ chẩn đoán và điều trị được đưa vào Danh mục phải bảo đảm các nguyên tắc sau đây:

- Có cơ chế liên quan trực tiếp đến giới tính và có ý nghĩa lâm sàng đối với chẩn đoán, tiên lượng hoặc quyết định xử trí trước sinh, sơ sinh, bao gồm: bệnh liên quan đến giới tính, bệnh di truyền liên kết giới tính, bất thường số lượng hoặc cấu trúc nhiễm sắc thể giới tính, rối loạn phát triển giới tính.

- Có tên khoa học bằng tiếng Việt; phù hợp với mã định danh quốc tế ICD-10.

Căn cứ theo Điều 21 Luật Dân số 2025 có hiệu lực từ 01/7/2026 quy định sàng lọc, chẩn đoán, điều trị trước sinh và sơ sinh như sau:

Như vậy, không quy định bắt buộc phải khám sàng lọc bệnh bẩm sinh trước sinh, tuy nhiên để nâng cao chất lượng dân số Nhà nước khuyến khích khám sàng lọc bệnh bẩm sinh trước sinh và sơ sinh cho phụ nữ mang thai và trẻ sơ sinh theo danh mục bệnh cần sàng lọc do Bộ trưởng Bộ Y tế quy định.

Điều 3. Nguyên tắc xây dựng Danh mục các bệnh được thông báo, tiết lộ giới tính thai nhi để phục vụ chẩn đoán và điều trị

Các bệnh được thông báo, tiết lộ giới tính thai nhi để phục vụ chẩn đoán và điều trị được đưa vào Danh mục phải bảo đảm các nguyên tắc sau đây:

1. Có cơ chế liên quan trực tiếp đến giới tính và có ý nghĩa lâm sàng đối với chẩn đoán, tiên lượng hoặc quyết định xử trí trước sinh, sơ sinh, bao gồm: bệnh liên quan đến giới tính, bệnh di truyền liên kết giới tính, bất thường số lượng hoặc cấu trúc nhiễm sắc thể giới tính, rối loạn phát triển giới tính.

2. Có tên khoa học bằng tiếng Việt; phù hợp với mã định danh quốc tế ICD-10.

Điều 21. Sàng lọc, chẩn đoán, điều trị trước sinh và sơ sinh

1. Khuyến khích khám sàng lọc bệnh bẩm sinh trước sinh và sơ sinh cho phụ nữ mang thai và trẻ sơ sinh theo danh mục bệnh cần sàng lọc do Bộ trưởng Bộ Y tế quy định.

2. Kinh phí khám sàng lọc một số bệnh bẩm sinh trước sinh và sơ sinh được hỗ trợ từ nguồn ngân sách nhà nước, bảo hiểm y tế theo lộ trình tăng mức đóng bảo hiểm y tế và các nguồn kinh phí hợp pháp khác. Căn cứ điều kiện kinh tế - xã hội trong từng thời kỳ và khả năng cân đối nguồn ngân sách nhà nước:

a) Chính phủ quy định cụ thể phạm vi, đối tượng, mức hỗ trợ khám sàng lọc một số bệnh bẩm sinh trước sinh và sơ sinh theo lộ trình ưu tiên;

b) Chính quyền địa phương cấp tỉnh, trong phạm vi nhiệm vụ, quyền hạn của mình, quyết định việc mở rộng phạm vi, bổ sung đối tượng và mức hỗ trợ khám sàng lọc bệnh bẩm sinh trước sinh và sơ sinh quy định tại điểm a khoản này.

3. Việc chẩn đoán, điều trị bệnh bẩm sinh trước sinh và sơ sinh thực hiện theo quy định của pháp luật về khám bệnh, chữa bệnh và pháp luật về bảo hiểm y tế.","the-thao-y-te","","","","2026-05-16T00:00:00","https://thuvienphapluat.vn/hoi-dap-phap-luat/toan-van-thong-tu-112026ttbyt-danh-muc-cac-benh-duoc-thong-bao-tiet-lo-gioi-tinh-thai-nhi-de-phuc-v-138090954.html","2026-05-21T20:36:45.076517+00:00"
"138090948","Toàn văn Thông tư 09/2026/TT-BYT phân cấp thẩm quyền quyết định phê duyệt và quyết toán dự án xây dựng thuộc quản lý của Bộ Y tế thế nào?","Toàn văn Thông tư 09/2026/TT-BYT phân cấp thẩm quyền quyết định phê duyệt và quyết toán dự án xây dựng thuộc quản lý của Bộ Y tế thế nào?

Phân cấp thẩm quyền quyết định phê duyệt Báo cáo kinh tế kỹ thuật đầu tư xây dựng và quyết toán dự án hoàn thành đối với nhiệm vụ sửa chữa, cải tạo, nâng cấp, mở rộng, xây dựng mới hạng mục công trình trong các dự án đã đầu tư xây dựng được quy định thế nào?

Nguyên tắc quản lý thiết bị y tế được quy định cụ thể ra sao?

Ngày 14/5/2026, Bộ trưởng Bộ Y tế ban hành Thông tư quy định phân cấp thẩm quyền quyết định phê duyệt Báo cáo kinh tế kỹ thuật đầu tư xây dựng và quyết toán dự án hoàn thành đối với nhiệm vụ sửa chữa, cải tạo, nâng cấp, mở rộng, xây dựng mới hạng mục công trình trong các dự án đã đầu tư xây dựng của các tổ chức, đơn vị thuộc phạm vi quản lý của Bộ Y tế.

Thông tư 09/2026/TT-BYT có hiệu lực thi hành kể từ ngày 29/6/2026.

Xem toàn bộ Thông tư 09 2026 TT BYT phân cấp thẩm quyền quyết định phê duyệt và quyết toán dự án xây dựng thuộc quản lý của Bộ Y tế dưới đây:

TẢI VỀ

Trên đây là thông tin: Toàn văn Thông tư 09 2026 TT BYT phân cấp thẩm quyền quyết định phê duyệt và quyết toán dự án xây dựng thuộc quản lý của Bộ Y tế thế nào?

Toàn văn Thông tư 09/2026/TT-BYT phân cấp thẩm quyền quyết định phê duyệt và quyết toán dự án xây dựng thuộc quản lý của Bộ Y tế thế nào? (Hình từ Internet)

Căn cứ theo Điều 1 Thông tư 09/2026/TT-BYT quy định phân cấp thẩm quyền quyết định phê duyệt Báo cáo kinh tế kỹ thuật đầu tư xây dựng và quyết toán dự án hoàn thành đối với nhiệm vụ sửa chữa, cải tạo, nâng cấp, mở rộng, xây dựng mới hạng mục công trình trong các dự án đã đầu tư xây dựng như sau:

Đối với nhiệm vụ sửa chữa, cải tạo, nâng cấp, mở rộng, xây dựng mới hạng mục công trình trong các dự án đã đầu tư xây dựng, thủ trưởng các tổ chức, đơn vị thuộc phạm vi quản lý của Bộ Y tế có thẩm quyền phê duyệt:

- Báo cáo kinh tế - kỹ thuật đầu tư xây dựng có dự toán kinh phí thực hiện từ 500 triệu đồng trở lên đến 20 tỷ đồng (không bao gồm chi phí bồi thường, giải phóng mặt bằng, tiền sử dụng đất).

- Quyết toán dự án hoàn thành sử dụng chi thường xuyên sau khi hoàn thành công trình xây dựng.

Căn cứ theo Điều 3 Nghị định 98/2021/NĐ-CP một số từ bị thay thế bởi khoản 7 Điều 147 Nghị định 96/2023/NĐ-CP quy định về nguyên tắc quản lý thiết bị y tế được như sau:

- Bảo đảm chất lượng, an toàn và sử dụng hiệu quả thiết bị y tế.

- Thông tin đầy đủ, chính xác, kịp thời về đặc tính kỹ thuật, công dụng của thiết bị y tế và các yếu tố nguy cơ có thể xảy ra đối với người sử dụng.

- Bảo đảm truy xuất nguồn gốc của thiết bị y tế.

- Quản lý thiết bị y tế phải dựa trên phân loại về mức độ rủi ro và tiêu chuẩn quốc gia, quy chuẩn kỹ thuật quốc gia tương ứng do cơ quan quản lý nhà nước có thẩm quyền ban hành, thừa nhận hoặc tiêu chuẩn do tổ chức, cá nhân công bố áp dụng theo quy định của pháp luật.

- Thiết bị y tế là phương tiện đo, thiết bị bức xạ phải được quản lý theo quy định của pháp luật về đo lường, pháp luật về năng lượng nguyên tử và quy định tại Nghị định này.

- Hóa chất, chế phẩm chỉ có một mục đích là khử khuẩn thiết bị y tế được quản lý theo quy định của Nghị định 96/2023/NĐ-CP. Hóa chất, chế phẩm có mục đích khử khuẩn thiết bị y tế nhưng ngoài ra còn có mục đích sử dụng khác được quản lý theo quy định của pháp luật về hóa chất, chế phẩm diệt côn trùng, diệt khuẩn dùng trong lĩnh vực gia dụng và y tế.

- Thiết bị y tế, nguyên liệu sản xuất thiết bị y tế và chất ngoại kiểm có chứa chất ma túy và tiền chất phải được quản lý xuất nhập khẩu theo quy định của pháp luật về phòng, chống ma túy và quản lý theo quy định tại Nghị định 96/2023/NĐ-CP.

- Không áp dụng các quy định về phân loại, cấp số lưu hành, công bố đủ điều kiện mua bán của Nghị định 96/2023/NĐ-CP đối với:

+ Phần mềm (software) sử dụng cho thiết bị y tế;

+ Thiết bị y tế được mua bán như hàng hóa thông thường nhập khẩu theo hình thức quà tặng, quà biếu cho cá nhân hoặc tổ chức không phải là cơ sở y tế.","the-thao-y-te","","","","2026-05-16T00:00:00","https://thuvienphapluat.vn/hoi-dap-phap-luat/toan-van-thong-tu-092026ttbyt-phan-cap-tham-quyen-quyet-dinh-phe-duyet-va-quyet-toan-du-an-xay-dung-138090948.html","2026-05-21T20:36:51.649224+00:00"
"138074267","Hướng dẫn quyết toán thuế TNCN 2026 trên eTax Mobile chi tiết thế nào?","Hướng dẫn quyết toán thuế TNCN 2026 trên eTax Mobile chi tiết thế nào?

Hồ sơ khai thuế đối với loại thuế có kỳ tính thuế theo năm bao gồm những gì?

Thời hạn nộp hồ sơ khai thuế đối với loại thuế có kỳ tính thuế theo năm là khi nào?

Tại khoản 2 Điều 44 Luật Quản lý thuế 2019 có quy định về thời hạn nộp quyết toán thuế TNCN 2025 như sau:

- Trường hợp 1: Cá nhân ủy quyền cho tổ chức thực hiện quyết toán thuế TNCN thay cho mình

Thời gian quyết toán thuế TNCN 2025 trong năm 2026 chậm nhất là ngày cuối cùng của tháng thứ 3 kể từ ngày kết thúc năm dương lịch tức chậm nhất là ngày 31/03/2026.

- Trường hợp 2: Cá nhân tự quyết toán thuế TNCN

Thời gian quyết toán thuế TNCN 2025 trong năm 2026 chậm nhất là ngày cuối cùng của tháng thứ 4 kể từ ngày kết thúc năm dương lịch tức ngày 30/4/2026.

Tuy nhiên, căn cứ theo Điều 86 Thông tư 80/2021/TT-BTC quy định trường hợp thời hạn nộp hồ sơ khai thuế, thời hạn nộp thuế trùng với ngày nghỉ theo quy định thì thời hạn nộp hồ sơ khai thuế, thời hạn nộp thuế được tính là ngày làm việc tiếp theo của ngày nghỉ đó theo quy định tại khoản 5 Điều 148 Bộ luật Dân sự 2015.

Theo đó, ngày 30/4/2026 là ngày nghỉ lễ liên tiếp với ngày nghỉ lễ 01/5/2026 và sau đó rơi vào thứ bảy ngày 02/5/2026 và chủ nhật ngày 03/05/2026, do đó thời hạn được kéo dài đến ngày 04/5/2026.

Như vậy, đối với trường hợp cá nhân tự quyết toán thuế TNCN, thời gian quyết toán thuế TNCN 2025 trong năm 2026 chậm nhất là ngày 04/5/2026.

>>> Dưới đây là Hướng dẫn quyết toán thuế TNCN 2026 trên eTax Mobile chi tiết như sau:

Bước 1: Tải ứng dụng eTax Mobile phiên bản 3.2.3 mới nhất

- Đối với hệ điều hành Android: tải ứng dụng trên Google Play.

- Đối với hệ điều hành IOS: tải ứng dụng trên App Store.

Bước 2: Đăng nhập vào eTax Mobile

Bước 3: Chọn menu Hỗ trợ quyết toán thuế TNCN => Hỗ trợ lập tờ khai quyết toán.

Hệ thống sẽ hiển thị màn hình Hỗ trợ lập tờ khai quyết toán gồm:

- Mã số thuế: Hiển thị mặc định mã số thuế đăng nhập, không cho sửa.

- Năm quyết toán: Hiển thị list danh sách năm từ năm 2021 đến năm hiện tại.

Bước 5: Nhấn Tạo tờ khai 02/QTTTNCN gợi ý, hệ thống hiển thị màn hình Tạo tờ khai 02/QTT-TNC gợi ý gồm các thông tin sau:

- Loại tờ khai: Mặc định hiển thị: Chính thức, không cho sửa.

- Năm kê khai: Hiển thị theo năm tra cứu quyết toán, không cho sửa.

- Trường hợp quyết toán: Hiển thị mặc định Quyết toán theo năm dương lịch, không cho sửa.

- Từ tháng: Tự động hiển thị theo năm quyết toán, cho phép sửa.

- Đến tháng: Tự động hiển thị tháng cuối của năm quyết toán

Bước 6: Nhấn Tiếp tục, hệ thống thực hiện xác định cơ quan thuế nộp tờ khai.

- Trường hợp 1: Cá nhân cư trú không ký hợp đồng lao động, hoặc ký hợp đồng lao động dưới 03 tháng, hoặc ký hợp đồng cung cấp dịch vụ có thu nhập tại một nơi hoặc nhiều nơi đã khấu trừ 10%, hệ thống hỗ trợ hiển thị màn hình chọn Tỉnh/Thành phố, Quận/Huyện.

- Trường hợp 2: Cá nhân cư trú có thu nhập tiền lương, tiền công tại một nơi và thuộc diện tự khai thuế trong năm, hệ thống hỗ trợ hiển thị luôn cơ quan thuế nơi cá nhân nộp hồ sơ khai QTT (theo cơ quan thuế nơi cá nhân nộp hồ sơ khai thuế trong năm tờ khai 02/KK). Cá nhân không phải tích chọn hoặc điền bất kỳ thông tin gì.

- Trường hợp 3: Cá nhân:

+ Chỉ có 02KK-TNCN có nhiều CQT khác sau thì hệ thống thực hiện so sánh hiển thị luôn CQT nơi có nguồn thu nhập lớn nhất.

+ Đồng thời có 05QTT và 02KK thì hệ thống so sánh lấy nơi có nguồn thu nhập lớn nhất trong năm.

Lưu ý: Trường hợp các nơi có nguồn thu nhập bằng nhau thì hệ thống hiển thị danh sách Cơ quan thuế để NNT tự chọn.

Các trường hợp khác (ngoài 3 trường hợp trên) hệ thống hiển thị theo các câu hỏi để người nộp thuế chọn và nhập.

Bước 7: Sau khi xác định cơ quan thuế, hệ thống hiển thị màn hình Thông tin chung gồm:

- Cơ quan thuế quyết toán.

- Tên người nộp thuế: Tự động hiển thị tên của NNT, không cho phép sửa.

- Mã số thuế: Tự động hiển thị MST của NNT, không cho phép sửa.

- Địa chỉ: Tự động hiển thị theo thông tin ĐKT, cho phép sửa.

- Tỉnh/Thành phố: Tự động hiển thị theo thông tin ĐKT, cho phép chọn lại.

- Quận/Huyện: Tự động hiển thị theo thông tin ĐKT, cho phép chọn lại.

- Điện thoại: Tự động hiển thị, không cho sửa.

- Fax: Tự động hiển thị, không cho sửa.

- Email: Tự động hiển thị, không cho sửa.

- Mã số thuế tổ chức trả thu nhập: Tự động hiển thị, không cho sửa.

- Tên tổ chức trả thu nhập: Tự động hiển thị, không cho sửa.

- Địa chỉ: Tự động hiển thị theo đăng ký thuế của MST tổ chức trả thu nhập, không cho phép sửa.

- Quận/Huyện: Tự động hiển thị theo đăng ký thuế của MST tổ chức trả thu nhập, không cho phép sửa.

- Tỉnh/Thành phố: Tự động hiển thị theo đăng ký thuế của MST tổ chức trả thu nhập, không cho sửa.

Bước 8: Nhấn Tiếp tục, hệ thống hiển thị màn kê khai các chỉ tiêu trên tờ khai từ [20] đến [48], cho phép sửa dữ liệu.

Lưu ý: Chỉ tiêu [24] = Tổng số dòng trên bảng kê 02-1/BK-QTT-TNCN.

8.1. Trường hợp NNT nhấn Bảng kê 02-1/BK-QTT-TNCN, hệ thống hiển thị màn hình bảng kê 02-1/BK-QTTTNCN để NNT nhập:

Chọn Thêm mới người phụ thuộc, hệ thống hiển thị màn hình thông tin người phụ thuộc gồm các thông tin:

- Họ và tên [10]: Mặc định trống, bắt buộc nhập.

- Mã số thuế [11]: Mặc định trống, bắt buộc nhập/chọn 1 trong 2 chỉ tiêu [11] hoặc [12].

- Loại giấy tờ [12]: Mặc định trống, cho chọn trong danh sách.

- Số giấy tờ [13]: Mặc định trống, bắt buộc nhập nếu NSD chọn Loại giấy tờ.

- Ngày sinh [14]: Hiển thị mặc định ngày hiện tại, cho phép chọn lại.

- Quan hệ với người nộp thuế [15]: Mặc định trống, cho chọn trong danh sách.

Mục Thời gian được tính giảm trừ trong năm

- Từ tháng [16]: Mặc định trống, bắt buộc nhập.

- Đến tháng [17]: Mặc định trống, bắt buộc nhập.

Sau đó chọn Tiếp tục, hệ thống hiển thị Thông tin người phụ thuộc đã thêm.

NNT nhấn Xem chi tiết người phụ thuộc, hệ thống hiển thị màn hình Thông tin chi tiết.

Chọn Tiếp tục, hệ thống chuyển sang màn hình Thông tin hỗ trợ quyết toán thuế và lưu thông tin người phụ thuộc tại bảng kê 02-1/BK-QTTTNCN.

8.2 Trường hợp chỉ tiêu [46] > 0, hệ thống hiển thị Nhập thông tin hoàn trả:

Nhập thông tin hoàn trả, hệ thống hiển thị màn hình nhập thông tin hoàn trả gồm các thông tin:

- Số tiền hoàn trả: Hiển thị theo số tiền tại chỉ tiêu [46], không cho sửa

- Hình thức hoàn trả: Mặc định Chuyển khoản, cho chọn lại Tiền mặt.

Tại màn hình chọn Chuyển khoản điền các thông tin sau:

- Tên chủ tài khoản: Tự động hiển thị tên NNT, không cho sửa.

- Số tài khoản: Mặc định trống, bắt buộc nhập.

- Tỉnh/Thành phố: Mặc định trống, bắt buộc chọn trong danh sách.

- Tại ngân hàng/KBNN: Mặc định trống, bắt buộc chọn trong danh sách.

Tại màn hình chọn Tiền mặt hiển thị thông tin như sau:

- Tên người nhận tiền: Mặc định trống, bắt buộc nhập.

- Loại giấy tờ: Mặc định trống, bắt buộc chọn.

- CMND/CCCD/HC số: Mặc định trống, bắt buộc nhập.

- Ngày cấp: Mặc định ngày hiện tại, cho chọn lại.

- Nơi cấp: Mặc định trống, bắt buộc nhập.

- Nơi nhận hoàn tiền thuế: Mặc định trống, bắt buộc nhập.

Lưu ý: Chỉ hỗ trợ hoàn trả Tiền mặt trong trường hợp số tiền nhỏ hơn hoặc bằng 5.000.000 VND.

Sau đó chọn Tiếp tục, hệ thống chuyển sang màn hình Thông tin hỗ trợ quyết toán thuế và lưu thông tin hoàn trả NNT đã nhập.

8.3. Trường hợp chỉ tiêu [47] > 0, hệ thống hiển thị button Đề nghị bù trừ.

NNT nhấn Đề nghị bù trừ, hệ thống tự động hiển thị tất cả các khoản nộp đã quá hạn của NNT.

Lưu ý: NNT kê khai chỉ tiêu [47] Số thuế bù trừ cho khoản phải nộp ngân sách nhà nước khác = Tổng chỉ tiêu (12) Tổng Số tiền còn phải nộp đề nghị bù trừ với số tiền nộp thừa.

Sau đó chọn Tiếp tục, hệ thống chuyển sang màn hình Thông tin hỗ trợ quyết toán thuế và lưu thông tin đề nghị bù trừ đã nhập.

Bước 9: Tiếp tục, hệ thống hiển thị màn hình hoàn thành tờ khai 02 QTT.

Bước 10: Nộp tờ khai, hệ thống hiển thị màn hình Đính kèm phụ lục, bắt buộc đính kèm ít nhất 1 tài liệu.

Bước 11: Tiếp tục, hệ thống hiển thị màn nhập OTP được gửi về số điện thoại của NNT.

Bước 12: Chọn Xác nhận, hệ thống hiển thị màn thông báo Nộp tờ khai thành công.

Trên đây là Thông tin về Hướng dẫn quyết toán thuế TNCN 2025 trên eTax Mobile chi tiết thế nào?

Hướng dẫn quyết toán thuế TNCN 2026 trên eTax Mobile chi tiết thế nào? (Hình từ Internet)

Căn cứ theo khoản 3 Điều 43 Luật Quản lý thuế 2019 quy định hồ sơ khai thuế đối với loại thuế có kỳ tính thuế theo năm bao gồm:

- Hồ sơ khai thuế năm gồm tờ khai thuế năm và các tài liệu khác có liên quan đến xác định số tiền thuế phải nộp;

- Hồ sơ khai quyết toán thuế khi kết thúc năm gồm tờ khai quyết toán thuế năm, báo cáo tài chính năm, tờ khai giao dịch liên kết; các tài liệu khác có liên quan đến quyết toán thuế.

Căn cứ theo khoản 2 Điều 44 Luật Quản lý thuế 2019 quy định về thời hạn nộp hồ sơ khai thuế đối với loại thuế có kỳ tính thuế theo năm như sau:

- Chậm nhất là ngày cuối cùng của tháng thứ 3 kể từ ngày kết thúc năm dương lịch hoặc năm tài chính đối với hồ sơ quyết toán thuế năm; chậm nhất là ngày cuối cùng của tháng đầu tiên của năm dương lịch hoặc năm tài chính đối với hồ sơ khai thuế năm;

- Chậm nhất là ngày cuối cùng của tháng thứ 4 kể từ ngày kết thúc năm dương lịch đối với hồ sơ quyết toán thuế thu nhập cá nhân của cá nhân trực tiếp quyết toán thuế;

- Chậm nhất là ngày 15 tháng 12 của năm trước liền kề đối với hồ sơ khai thuế khoán của hộ kinh doanh, cá nhân kinh doanh nộp thuế theo phương pháp khoán; trường hợp hộ kinh doanh, cá nhân kinh doanh mới kinh doanh thì thời hạn nộp hồ sơ khai thuế khoán chậm nhất là 10 ngày kể từ ngày bắt đầu kinh doanh.

Trên đây là Thông tin về Hướng dẫn quyết toán thuế TNCN 2026 trên eTax Mobile chi tiết thế nào?","the-thao-y-te","","","","2026-05-09T00:00:00","https://thuvienphapluat.vn/hoi-dap-phap-luat/huong-dan-quyet-toan-thue-tncn-2026-tren-etax-mobile-chi-tiet-the-nao-138074267.html","2026-05-21T20:37:18.555991+00:00"
"138081292","Xem trực tiếp Chặng 10 Cúp Truyền hình TP Hồ Chí Minh 2026?","Ngày 10/3/2026 Đài Phát thanh và Truyền hình TPHCM đã ban hành Công văn 509/PTTH-VP năm 2026 (  Tải về ) về Cuộc đua xe đạp Cúp Truyền hình 2026 lần thứ 38.

Theo đó Cuộc đua xe đạp toàn quốc tranh Cúp Truyền hình TPHCM lần thứ 38 - năm 2026 sẽ khai mạc vào ngày 03/4/2026 tại Khu di tích lịch sử Đền Hùng, tỉnh Phú Thọ và đi qua các tỉnh, thành phố: Thành phố Hà Nội, Ninh Bình, Thanh Hóa, Nghệ An, Hà Tĩnh, Quảng Trị, thành phố Huế, thành phố Đà Nẵng, Quảng Ngãi, Gia Lai, Đắk Lắk, Khánh Hòa, Lâm Đồng, Đồng Nai, thành phố Cần Thơ, Vĩnh Long, Đồng Tháp, Tây Ninh và kết thúc tại Thành phố Hồ Chí Minh vào trưa ngày 30/4/2026.

Lộ trình đua xe đạp Cúp Truyền hình 2026 chặng 10:

Ngày

Chặng

Lộ trình

Cự ly

Thứ Hai 13/4

10

Thành phố Huế - Thành phố Đà Nẵng (Leo đèo Phước Tượng, Phú Gia và Hải Vân)

113 km

Xem trực tiếp Chặng 10 Cúp Truyền hình TP Hồ Chí Minh 2026 tại:

- Trang Đua xe đạp: http://duaxedap.hplus.com.vn/

- Xem kênh HTV9: https://hplus.com.vn/xem-kenh-htv9-hd-2667.html

- Xem kênh HTV7: https://hplus.com.vn/xem-kenh-htv7-hd-256.html

- Xem kênh HTV Thể thao: https://hplus.com.vn/xem-kenh-htv-the-thao-hd-4009.html

Xem trực tiếp Chặng 10 Cúp Truyền hình TP Hồ Chí Minh 2026?  (Hình từ Internet)

Căn cứ Điều 13  Luật Thể dục, thể thao 2006  được sửa đổi bởi khoản 5 Điều 1  Luật Thể dục, thể thao sửa đổi 2018  quy định thẩm quyền quyết định tổ chức giải thể thao quần chúng:

Điều 13. Thẩm quyền quyết định tổ chức giải thể thao quần chúng

1. Thủ tướng Chính phủ quyết định tổ chức các giải thể thao quần chúng sau đây:

a) Đại hội thể thao khu vực, châu lục và thế giới tổ chức tại Việt Nam cho người khuyết tật theo đề nghị của Bộ trưởng Bộ Văn hóa, Thể thao và Du lịch;

b) Đại hội thể thao khu vực, châu lục và thế giới tổ chức tại Việt Nam cho học sinh, sinh viên; Hội khỏe Phù Đổng toàn quốc cho học sinh theo đề nghị của Bộ trưởng Bộ Giáo dục và Đào tạo;

c) Đại hội thể thao khu vực, châu lục và thế giới tổ chức tại Việt Nam cho lực lượng vũ trang theo đề nghị của Bộ trưởng Bộ Quốc phòng, Bộ trưởng Bộ Công an.

2. Bộ trưởng Bộ Giáo dục và Đào tạo, Bộ trưởng Bộ Quốc phòng, Bộ trưởng Bộ Công an, trong phạm vi nhiệm vụ, quyền hạn của mình, quyết định tổ chức giải thi đấu từng môn thể thao cấp khu vực, châu lục và thế giới tổ chức tại Việt Nam cho học sinh, sinh viên và lực lượng vũ trang.

3. Bộ trưởng Bộ Văn hóa, Thể thao và Du lịch quyết định tổ chức giải thi đấu từng môn thể thao cấp khu vực, châu lục và thế giới tổ chức tại Việt Nam cho người khuyết tật; giải thi đấu thể thao quần chúng cấp quốc gia.

4. Ủy ban nhân dân các cấp quyết định tổ chức giải thi đấu thể thao quần chúng của địa phương mình.

5. Cơ quan, tổ chức quyết định tổ chức giải thi đấu thể thao quần chúng trong phạm vi nhiệm vụ, quyền hạn của mình.

6. Cơ quan, tổ chức quyết định tổ chức giải thi đấu thể thao quần chúng phải tuân theo quy định của Luật này và có trách nhiệm quy định nội dung, hình thức, chế độ bồi dưỡng, giải thưởng và bảo đảm kinh phí cho việc tổ chức giải thi đấu.

Theo đó, Thủ tướng Chính phủ quyết định tổ chức các giải thể thao quần chúng sau:

- Đại hội thể thao khu vực, châu lục và thế giới tổ chức tại Việt Nam cho người khuyết tật theo đề nghị của Bộ trưởng Bộ Văn hóa, Thể thao và Du lịch

- Đại hội thể thao khu vực, châu lục và thế giới tổ chức tại Việt Nam cho học sinh, sinh viên; Hội khỏe Phù Đổng toàn quốc cho học sinh theo đề nghị của Bộ trưởng Bộ Giáo dục và Đào tạo

- Đại hội thể thao khu vực, châu lục và thế giới tổ chức tại Việt Nam cho lực lượng vũ trang theo đề nghị của Bộ trưởng Bộ Quốc phòng, Bộ trưởng Bộ Công an.

Căn cứ Điều 38  Luật Thể dục, thể thao 2006  được sửa đổi bởi khoản 15 Điều 1  Luật Thể dục, thể thao sửa đổi 2018  quy định thẩm quyền quyết định tổ chức giải thể thao thành tích cao:

Điều 38. Thẩm quyền quyết định tổ chức giải thể thao thành tích cao

1. Thủ tướng Chính phủ quyết định tổ chức các giải thể thao quy định tại khoản 1 và khoản 2 Điều 37 của Luật này theo đề nghị của Bộ trưởng Bộ Văn hóa, Thể thao và Du lịch.

2. Bộ trưởng Bộ Văn hóa, Thể thao và Du lịch quyết định tổ chức các giải thể thao quy định tại khoản 3 và khoản 4 Điều 37 của Luật này theo đề nghị của các liên đoàn thể thao quốc gia.

3. Chủ tịch Ủy ban nhân dân cấp tỉnh quyết định tổ chức các giải thể thao sau đây:

a) Giải thể thao quy định tại khoản 5 Điều 37 của Luật này theo đề nghị của Chủ tịch liên đoàn thể thao quốc gia hoặc người đại diện theo pháp luật của tổ chức đăng cai tổ chức giải trong trường hợp chưa có liên đoàn thể thao quốc gia;

b) Giải thể thao quy định tại khoản 6 Điều 37 của Luật này theo đề nghị của người đứng đầu cơ quan chuyên môn về thể dục, thể thao thuộc Ủy ban nhân dân cấp tỉnh;

c) Giải thể thao quy định tại khoản 7 Điều 37 của Luật này theo đề nghị của Chủ tịch liên đoàn thể thao tỉnh, thành phố trực thuộc trung ương.

Theo quy định trên, Thủ tướng Chính phủ quyết định tổ chức các giải thể thao thành tích cao sau theo đề nghị của Bộ trưởng Bộ Văn hóa, Thể thao và Du lịch:

- Đại hội thể thao khu vực, châu lục và thế giới tổ chức tại Việt Nam

- Đại hội thể thao toàn quốc.","","","","","2026-04-13","https://thuvienphapluat.vn/hoi-dap-phap-luat/xem-truc-tiep-chang-10-cup-truyen-hinh-tp-ho-chi-minh-2026-138081292.html","2026-04-13T06:01:58.493400+00:00"
"138081291","Lộ trình Chặng 10 đua xe đạp Cúp truyền hình TP HCM 2026 đi qua tỉnh nào?","Ngày 10/3/2026 Đài Phát thanh và Truyền hình TPHCM đã ban hành Công văn 509/PTTH-VP năm 2026 (  Tải về ) về Cuộc đua xe đạp Cúp Truyền hình 2026 lần thứ 38.

Cuộc đua xe đạp toàn quốc tranh Cúp Truyền hình TP HCM lần thứ 38 - năm 2026 sẽ khai mạc vào ngày 03/4/2026 tại Khu di tích lịch sử Đền Hùng, tỉnh Phú Thọ và đi qua các tỉnh, thành phố: Thành phố Hà Nội, Ninh Bình, Thanh Hóa, Nghệ An, Hà Tĩnh, Quảng Trị, thành phố Huế, thành phố Đà Nẵng, Quảng Ngãi, Gia Lai, Đắk Lắk, Khánh Hòa, Lâm Đồng, Đồng Nai, thành phố Cần Thơ, Vĩnh Long, Đồng Tháp, Tây Ninh và kết thúc tại Thành phố Hồ Chí Minh vào trưa ngày 30/4/2026.

Lộ trình Chặng 10 đua xe đạp Cúp truyền hình TP HCM 2026 sẽ đua từ Thành phố Huế - Thành phố Đà Nẵng (Leo đèo Phước Tượng, Phú Gia và Hải Vân) với tổng cự ly 113km.

Lộ trình Chặng 10 đua xe đạp Cúp truyền hình TP HCM 2026 đi qua tỉnh nào? (Hình từ Internet)

Căn cứ Điều 61  Luật Thể dục, Thể thao 2006  được sửa đổi bởi khoản 3 Điều 2  Luật Thể dục, thể thao sửa đổi 2018  quy định trường năng khiếu thể thao:

Điều 61. Trường năng khiếu thể thao

1. Trường năng khiếu thể thao là loại trường chuyên biệt được thành lập để phát triển năng khiếu của học sinh trong lĩnh vực thể thao.

Tổ chức và hoạt động của trường năng khiếu thể thao được thực hiện theo quy định của Luật giáo dục và Luật này.

2. Điều kiện thành lập trường năng khiếu thể thao:

a) Có chương trình giáo dục đào tạo chuyên môn, nghiệp vụ về các môn thể thao do hiệu trưởng nhà trường tổ chức xây dựng và quyết định;

b) Có đội ngũ cán bộ quản lý và nhà giáo đủ về số lượng và đồng bộ về cơ cấu, đạt tiêu chuẩn về phẩm chất và trình độ chuyên môn, nghiệp vụ, bảo đảm thực hiện mục tiêu, chương trình giáo dục về thể thao và văn hoá;

c) Có trường sở, thiết bị và tài chính bảo đảm đáp ứng yêu cầu hoạt động của nhà trường.

3. Chủ tịch Uỷ ban nhân dân cấp tỉnh quyết định thành lập trường năng khiếu thể thao.

4. Bộ trưởng Bộ Giáo dục và Đào tạo phối hợp với Bộ trưởng Bộ Văn hóa, Thể thao và Du lịch quy định chương trình văn hoá phổ thông giảng dạy trong trường năng khiếu thể thao trên cơ sở bảo đảm kiến thức văn hoá phổ thông cho học sinh, tạo điều kiện cho nhà trường thực hiện nhiệm vụ đào tạo, bồi dưỡng năng khiếu thể thao.

Như vậy, thành lập trường năng khiếu thể thao phải đáp ứng các điều kiện sau:

- Có chương trình giáo dục đào tạo chuyên môn, nghiệp vụ về các môn thể thao do hiệu trưởng nhà trường tổ chức xây dựng và quyết định

- Có đội ngũ cán bộ quản lý và nhà giáo đủ về số lượng và đồng bộ về cơ cấu, đạt tiêu chuẩn về phẩm chất và trình độ chuyên môn, nghiệp vụ, bảo đảm thực hiện mục tiêu, chương trình giáo dục về thể thao và văn hoá

- Có trường sở, thiết bị và tài chính bảo đảm đáp ứng yêu cầu hoạt động của nhà trường.

Căn cứ Điều 62  Luật Thể dục, Thể thao 2006  quy định như sau:

Điều 62. Nhiệm vụ, quyền hạn của trường năng khiếu thể thao

1. Tổ chức thực hiện chương trình giáo dục đào tạo chuyên môn, nghiệp vụ về các môn thể thao theo quy định tại điểm a khoản 2 Điều 61 của Luật này.

2. Tổ chức giảng dạy chương trình văn hoá phổ thông theo quy định tại khoản 4 Điều 61 của Luật này.

3. Tham gia thi đấu thể thao.

4. Tổ chức giáo dục đạo đức, nhân cách, lối sống cho học sinh.

5. Chăm sóc sức khỏe, nuôi dưỡng, bảo đảm sinh hoạt văn hóa, vui chơi, giải trí cho học sinh.

6. Tuyển dụng, quản lý, sử dụng nhân sự.

7. Quản lý, khai thác, sử dụng cơ sở vật chất, trang thiết bị.

8. Được tiếp nhận, sử dụng các nguồn tài trợ, ủng hộ của tổ chức, cá nhân.

Như vậy, trường năng khiếu thể thao có quyền và nhiệm vụ sau:

- Tổ chức thực hiện chương trình giáo dục đào tạo chuyên môn, nghiệp vụ về các môn thể thao do hiệu trưởng nhà trường tổ chức xây dựng và quyết định

- Tổ chức giảng dạy chương trình văn hoá phổ thông trên cơ sở bảo đảm kiến thức văn hoá phổ thông cho học sinh, tạo điều kiện cho nhà trường thực hiện nhiệm vụ đào tạo, bồi dưỡng năng khiếu thể thao.

- Tham gia thi đấu thể thao.

- Tổ chức giáo dục đạo đức, nhân cách, lối sống cho học sinh.

- Chăm sóc sức khỏe, nuôi dưỡng, bảo đảm sinh hoạt văn hóa, vui chơi, giải trí cho học sinh.

- Tuyển dụng, quản lý, sử dụng nhân sự.

- Quản lý, khai thác, sử dụng cơ sở vật chất, trang thiết bị.

- Được tiếp nhận, sử dụng các nguồn tài trợ, ủng hộ của tổ chức, cá nhân.","","","","","2026-04-12","https://thuvienphapluat.vn/hoi-dap-phap-luat/lo-trinh-chang-10-dua-xe-dap-cup-truyen-hinh-tp-hcm-2026-di-qua-tinh-nao-138081291.html","2026-04-13T06:02:05.426014+00:00"
"138086654","Hỗ trợ tạm ứng chi phí cấp cứu cho trẻ em bị hại tối đa 100 lần mức lương cơ sở từ 25/5/2026 đúng không?","Căn cứ tại khoản 1 Điều 5  Nghị định 131/2026/NĐ-CP  quy định tạm ứng chi phí cấp cứu kinh phí sử dụng từ Quỹ Bảo trợ trẻ em cho người chưa thành niên là bị hại như sau:

Điều 5. Kinh phí sử dụng từ Quỹ Bảo trợ trẻ em cho người chưa thành niên là bị hại

1. Mức kinh phí sử dụng từ Quỹ Bảo trợ trẻ em cho người chưa thành niên là bị hại bị xâm phạm tính mạng, sức khỏe cần phải cứu chữa kịp thời căn cứ trên chi phí khám bệnh, chữa bệnh cho người chưa thành niên là bị hại, không bao gồm các chi phí khám bệnh, chữa bệnh theo yêu cầu, các chi phí được bảo hiểm y tế chi trả (nếu có), nhưng không quá 100 lần mức lương cơ sở do Nhà nước quy định cho một người chưa thành niên là bị hại.

2. Hằng năm, Quỹ Bảo trợ trẻ em lập dự toán kinh phí hỗ trợ khám bệnh, chữa bệnh cho người chưa thành niên là bị hại trong tổng dự toán hoạt động của đơn vị theo quy định hiện hành.

Như vậy, từ 25/5/2026, hỗ trợ tạm ứng chi phí cấp cứu cho trẻ em bị hại bị xâm phạm tính mạng, sức khỏe cần phải cứu chữa kịp thời căn cứ trên chi phí khám chữa bệnh là không quá 100 lần mức lương cơ sở do Nhà nước quy định cho một người chưa thành niên là bị hại.

Lưu ý:  Không bao gồm các chi phí khám bệnh, chữa bệnh theo yêu cầu, các chi phí được bảo hiểm y tế chi trả (nếu có).

Trên đây là thông tin: Hỗ trợ tạm ứng chi phí cấp cứu cho trẻ em bị hại tối đa 100 lần mức lương cơ sở từ 25/5/2026 đúng không?

Hỗ trợ tạm ứng chi phí cấp cứu cho trẻ em bị hại tối đa 100 lần mức lương cơ sở từ 25/5/2026 đúng không? (Hình từ Internet)

Căn cứ theo Điều 4  Nghị định 131/2026/NĐ-CP  quy định về điều kiện sử dụng kinh phí từ Quỹ Bảo trợ trẻ em cho người chưa thành niên là bị hại cần đáp ứng như sau:

(1)  Việc sử dụng kinh phí từ Quỹ Bảo trợ trẻ em được thực hiện khi có đủ các điều kiện sau đây:

(i) Người chưa thành niên là bị hại bị xâm phạm tính mạng, sức khỏe đang trong tình trạng cấp cứu cần phải cứu chữa tại cơ sở khám bệnh, chữa bệnh để ngăn ngừa các hậu quả nghiêm trọng;

(ii) Người bồi thường chưa thể thực hiện bồi thường ngay.

(2)  Người bồi thường chưa thể thực hiện bồi thường ngay quy định tại (ii)  (1)  là người bồi thường thuộc một trong các trường hợp sau đây:

- Hộ nghèo;

- Hộ cận nghèo;

- Đã chết;

- Bỏ trốn hoặc chưa xác định được người thực hiện hành vi phạm tội.

Căn cứ tại khoản 3 Điều 160  Luật Tư pháp người chưa thành niên 2024  quy định về bồi thường cho người chưa thành niên là bị hại như sau:

Điều 160. Bồi thường cho người chưa thành niên là bị hại

1. Việc xác định thiệt hại và bồi thường thiệt hại được thực hiện theo quy định của pháp luật về dân sự.

2. Việc bồi thường cho người chưa thành niên là bị hại phải thực hiện nhanh chóng, kịp thời.

3. Trường hợp người chưa thành niên là bị hại bị xâm phạm tính mạng, sức khỏe cần phải cứu chữa kịp thời nhưng người bồi thường chưa thể thực hiện bồi thường ngay thì có thể sử dụng kinh phí từ Quỹ Bảo Trợ trẻ em cho họ. Người có nghĩa vụ bồi thường phải thực hiện hoàn trả Quỹ theo quy định.

4. Chính phủ quy định chi tiết khoản 3 Điều này.

Như vậy, người có nghĩa vụ bồi thường phải thực hiện hoàn trả Quỹ Bảo trợ trẻ em cho người chưa thành niên là bị hại theo quy định.

Lưu ý:  Nghị định 131/2026/NĐ-CP  có hiệu lực thi hành từ ngày 25/5/2026. Nội dung quy định tại  Nghị định 131/2026/NĐ-CP  áp dụng từ năm ngân sách 2026.","","","","","2026-04-12","https://thuvienphapluat.vn/hoi-dap-phap-luat/ho-tro-tam-ung-chi-phi-cap-cuu-cho-tre-em-bi-hai-toi-da-100-lan-muc-luong-co-so-tu-2552026-dung-kho-138086654.html","2026-04-13T06:02:11.972235+00:00"
"138084407","Xem trực tiếp Chặng 9 Cúp Truyền hình TP Hồ Chí Minh 2026?","Ngày 10/3/2026 Đài Phát thanh và Truyền hình TPHCM đã ban hành Công văn 509/PTTH-VP năm 2026 (  Tải về ) về Cuộc đua xe đạp Cúp Truyền hình 2026 lần thứ 38.

Theo đó Cuộc đua xe đạp toàn quốc tranh Cúp Truyền hình TPHCM lần thứ 38 - năm 2026 sẽ khai mạc vào ngày 03/4/2026 tại Khu di tích lịch sử Đền Hùng, tỉnh Phú Thọ và đi qua các tỉnh, thành phố: Thành phố Hà Nội, Ninh Bình, Thanh Hóa, Nghệ An, Hà Tĩnh, Quảng Trị, thành phố Huế, thành phố Đà Nẵng, Quảng Ngãi, Gia Lai, Đắk Lắk, Khánh Hòa, Lâm Đồng, Đồng Nai, thành phố Cần Thơ, Vĩnh Long, Đồng Tháp, Tây Ninh và kết thúc tại Thành phố Hồ Chí Minh vào trưa ngày 30/4/2026.

Lộ trình đua xe đạp Cúp Truyền hình 2026 chặng 9:

Ngày

Chặng

Lộ trình

Cự ly

Chủ nhật 12/4

09

Vòng đua Trường Tiền - Phú Xuân (Thành phố Huế)

42 km

Xem trực tiếp Chặng 9 Cúp Truyền hình TP Hồ Chí Minh 2026 tại:

- Trang Đua xe đạp: http://duaxedap.hplus.com.vn/

- Xem kênh HTV9: https://hplus.com.vn/xem-kenh-htv9-hd-2667.html

- Xem kênh HTV7: https://hplus.com.vn/xem-kenh-htv7-hd-256.html

- Xem kênh HTV Thể thao: https://hplus.com.vn/xem-kenh-htv-the-thao-hd-4009.html

Xem trực tiếp Chặng 9 Cúp Truyền hình TP Hồ Chí Minh 2026?  (Hình từ Internet)

Căn cứ Điều 13  Luật Thể dục, thể thao 2006  được sửa đổi bởi khoản 5 Điều 1  Luật Thể dục, thể thao sửa đổi 2018  quy định thẩm quyền quyết định tổ chức giải thể thao quần chúng:

Điều 13. Thẩm quyền quyết định tổ chức giải thể thao quần chúng

1. Thủ tướng Chính phủ quyết định tổ chức các giải thể thao quần chúng sau đây:

a) Đại hội thể thao khu vực, châu lục và thế giới tổ chức tại Việt Nam cho người khuyết tật theo đề nghị của Bộ trưởng Bộ Văn hóa, Thể thao và Du lịch;

b) Đại hội thể thao khu vực, châu lục và thế giới tổ chức tại Việt Nam cho học sinh, sinh viên; Hội khỏe Phù Đổng toàn quốc cho học sinh theo đề nghị của Bộ trưởng Bộ Giáo dục và Đào tạo;

c) Đại hội thể thao khu vực, châu lục và thế giới tổ chức tại Việt Nam cho lực lượng vũ trang theo đề nghị của Bộ trưởng Bộ Quốc phòng, Bộ trưởng Bộ Công an.

2. Bộ trưởng Bộ Giáo dục và Đào tạo, Bộ trưởng Bộ Quốc phòng, Bộ trưởng Bộ Công an, trong phạm vi nhiệm vụ, quyền hạn của mình, quyết định tổ chức giải thi đấu từng môn thể thao cấp khu vực, châu lục và thế giới tổ chức tại Việt Nam cho học sinh, sinh viên và lực lượng vũ trang.

3. Bộ trưởng Bộ Văn hóa, Thể thao và Du lịch quyết định tổ chức giải thi đấu từng môn thể thao cấp khu vực, châu lục và thế giới tổ chức tại Việt Nam cho người khuyết tật; giải thi đấu thể thao quần chúng cấp quốc gia.

4. Ủy ban nhân dân các cấp quyết định tổ chức giải thi đấu thể thao quần chúng của địa phương mình.

5. Cơ quan, tổ chức quyết định tổ chức giải thi đấu thể thao quần chúng trong phạm vi nhiệm vụ, quyền hạn của mình.

6. Cơ quan, tổ chức quyết định tổ chức giải thi đấu thể thao quần chúng phải tuân theo quy định của Luật này và có trách nhiệm quy định nội dung, hình thức, chế độ bồi dưỡng, giải thưởng và bảo đảm kinh phí cho việc tổ chức giải thi đấu.

Theo đó, Thủ tướng Chính phủ quyết định tổ chức các giải thể thao quần chúng sau:

- Đại hội thể thao khu vực, châu lục và thế giới tổ chức tại Việt Nam cho người khuyết tật theo đề nghị của Bộ trưởng Bộ Văn hóa, Thể thao và Du lịch

- Đại hội thể thao khu vực, châu lục và thế giới tổ chức tại Việt Nam cho học sinh, sinh viên; Hội khỏe Phù Đổng toàn quốc cho học sinh theo đề nghị của Bộ trưởng Bộ Giáo dục và Đào tạo

- Đại hội thể thao khu vực, châu lục và thế giới tổ chức tại Việt Nam cho lực lượng vũ trang theo đề nghị của Bộ trưởng Bộ Quốc phòng, Bộ trưởng Bộ Công an.

Căn cứ Điều 38  Luật Thể dục, thể thao 2006  được sửa đổi bởi khoản 15 Điều 1  Luật Thể dục, thể thao sửa đổi 2018  quy định thẩm quyền quyết định tổ chức giải thể thao thành tích cao:

Điều 38. Thẩm quyền quyết định tổ chức giải thể thao thành tích cao

1. Thủ tướng Chính phủ quyết định tổ chức các giải thể thao quy định tại khoản 1 và khoản 2 Điều 37 của Luật này theo đề nghị của Bộ trưởng Bộ Văn hóa, Thể thao và Du lịch.

2. Bộ trưởng Bộ Văn hóa, Thể thao và Du lịch quyết định tổ chức các giải thể thao quy định tại khoản 3 và khoản 4 Điều 37 của Luật này theo đề nghị của các liên đoàn thể thao quốc gia.

3. Chủ tịch Ủy ban nhân dân cấp tỉnh quyết định tổ chức các giải thể thao sau đây:

a) Giải thể thao quy định tại khoản 5 Điều 37 của Luật này theo đề nghị của Chủ tịch liên đoàn thể thao quốc gia hoặc người đại diện theo pháp luật của tổ chức đăng cai tổ chức giải trong trường hợp chưa có liên đoàn thể thao quốc gia;

b) Giải thể thao quy định tại khoản 6 Điều 37 của Luật này theo đề nghị của người đứng đầu cơ quan chuyên môn về thể dục, thể thao thuộc Ủy ban nhân dân cấp tỉnh;

c) Giải thể thao quy định tại khoản 7 Điều 37 của Luật này theo đề nghị của Chủ tịch liên đoàn thể thao tỉnh, thành phố trực thuộc trung ương.

Theo quy định trên, Thủ tướng Chính phủ quyết định tổ chức các giải thể thao thành tích cao sau theo đề nghị của Bộ trưởng Bộ Văn hóa, Thể thao và Du lịch:

- Đại hội thể thao khu vực, châu lục và thế giới tổ chức tại Việt Nam

- Đại hội thể thao toàn quốc.","","","","","2026-04-12","https://thuvienphapluat.vn/hoi-dap-phap-luat/xem-truc-tiep-chang-9-cup-truyen-hinh-tp-ho-chi-minh-2026-138084407.html","2026-04-13T06:02:18.535982+00:00"
"138084406","Lộ trình Chặng 9 đua xe đạp Cúp truyền hình TP HCM 2026 đi qua tỉnh nào?","Ngày 10/3/2026 Đài Phát thanh và Truyền hình TPHCM đã ban hành Công văn 509/PTTH-VP năm 2026 (  Tải về ) về Cuộc đua xe đạp Cúp Truyền hình 2026 lần thứ 38.

Cuộc đua xe đạp toàn quốc tranh Cúp Truyền hình TP HCM lần thứ 38 - năm 2026 sẽ khai mạc vào ngày 03/4/2026 tại Khu di tích lịch sử Đền Hùng, tỉnh Phú Thọ và đi qua các tỉnh, thành phố: Thành phố Hà Nội, Ninh Bình, Thanh Hóa, Nghệ An, Hà Tĩnh, Quảng Trị, thành phố Huế, thành phố Đà Nẵng, Quảng Ngãi, Gia Lai, Đắk Lắk, Khánh Hòa, Lâm Đồng, Đồng Nai, thành phố Cần Thơ, Vĩnh Long, Đồng Tháp, Tây Ninh và kết thúc tại Thành phố Hồ Chí Minh vào trưa ngày 30/4/2026.

Lộ trình Chặng 9 đua xe đạp Cúp truyền hình TP HCM 2026 sẽ đua đua từ Trường Tiền - Phú Xuân (Thành phố Huế) với tổng cự ly 42km.

Lộ trình Chặng 9 đua xe đạp Cúp truyền hình TP HCM 2026 đi qua tỉnh nào? (Hình từ Internet)

Căn cứ Điều 61  Luật Thể dục, Thể thao 2006  được sửa đổi bởi khoản 3 Điều 2  Luật Thể dục, thể thao sửa đổi 2018  quy định trường năng khiếu thể thao:

Điều 61. Trường năng khiếu thể thao

1. Trường năng khiếu thể thao là loại trường chuyên biệt được thành lập để phát triển năng khiếu của học sinh trong lĩnh vực thể thao.

Tổ chức và hoạt động của trường năng khiếu thể thao được thực hiện theo quy định của Luật giáo dục và Luật này.

2. Điều kiện thành lập trường năng khiếu thể thao:

a) Có chương trình giáo dục đào tạo chuyên môn, nghiệp vụ về các môn thể thao do hiệu trưởng nhà trường tổ chức xây dựng và quyết định;

b) Có đội ngũ cán bộ quản lý và nhà giáo đủ về số lượng và đồng bộ về cơ cấu, đạt tiêu chuẩn về phẩm chất và trình độ chuyên môn, nghiệp vụ, bảo đảm thực hiện mục tiêu, chương trình giáo dục về thể thao và văn hoá;

c) Có trường sở, thiết bị và tài chính bảo đảm đáp ứng yêu cầu hoạt động của nhà trường.

3. Chủ tịch Uỷ ban nhân dân cấp tỉnh quyết định thành lập trường năng khiếu thể thao.

4. Bộ trưởng Bộ Giáo dục và Đào tạo phối hợp với Bộ trưởng Bộ Văn hóa, Thể thao và Du lịch quy định chương trình văn hoá phổ thông giảng dạy trong trường năng khiếu thể thao trên cơ sở bảo đảm kiến thức văn hoá phổ thông cho học sinh, tạo điều kiện cho nhà trường thực hiện nhiệm vụ đào tạo, bồi dưỡng năng khiếu thể thao.

Như vậy, thành lập trường năng khiếu thể thao phải đáp ứng các điều kiện sau:

- Có chương trình giáo dục đào tạo chuyên môn, nghiệp vụ về các môn thể thao do hiệu trưởng nhà trường tổ chức xây dựng và quyết định

- Có đội ngũ cán bộ quản lý và nhà giáo đủ về số lượng và đồng bộ về cơ cấu, đạt tiêu chuẩn về phẩm chất và trình độ chuyên môn, nghiệp vụ, bảo đảm thực hiện mục tiêu, chương trình giáo dục về thể thao và văn hoá

- Có trường sở, thiết bị và tài chính bảo đảm đáp ứng yêu cầu hoạt động của nhà trường.

Căn cứ Điều 62  Luật Thể dục, Thể thao 2006  quy định như sau:

Điều 62. Nhiệm vụ, quyền hạn của trường năng khiếu thể thao

1. Tổ chức thực hiện chương trình giáo dục đào tạo chuyên môn, nghiệp vụ về các môn thể thao theo quy định tại điểm a khoản 2 Điều 61 của Luật này.

2. Tổ chức giảng dạy chương trình văn hoá phổ thông theo quy định tại khoản 4 Điều 61 của Luật này.

3. Tham gia thi đấu thể thao.

4. Tổ chức giáo dục đạo đức, nhân cách, lối sống cho học sinh.

5. Chăm sóc sức khỏe, nuôi dưỡng, bảo đảm sinh hoạt văn hóa, vui chơi, giải trí cho học sinh.

6. Tuyển dụng, quản lý, sử dụng nhân sự.

7. Quản lý, khai thác, sử dụng cơ sở vật chất, trang thiết bị.

8. Được tiếp nhận, sử dụng các nguồn tài trợ, ủng hộ của tổ chức, cá nhân.

Như vậy, trường năng khiếu thể thao có quyền và nhiệm vụ sau:

- Tổ chức thực hiện chương trình giáo dục đào tạo chuyên môn, nghiệp vụ về các môn thể thao do hiệu trưởng nhà trường tổ chức xây dựng và quyết định

- Tổ chức giảng dạy chương trình văn hoá phổ thông trên cơ sở bảo đảm kiến thức văn hoá phổ thông cho học sinh, tạo điều kiện cho nhà trường thực hiện nhiệm vụ đào tạo, bồi dưỡng năng khiếu thể thao.

- Tham gia thi đấu thể thao.

- Tổ chức giáo dục đạo đức, nhân cách, lối sống cho học sinh.

- Chăm sóc sức khỏe, nuôi dưỡng, bảo đảm sinh hoạt văn hóa, vui chơi, giải trí cho học sinh.

- Tuyển dụng, quản lý, sử dụng nhân sự.

- Quản lý, khai thác, sử dụng cơ sở vật chất, trang thiết bị.

- Được tiếp nhận, sử dụng các nguồn tài trợ, ủng hộ của tổ chức, cá nhân.","","","","","2026-04-11","https://thuvienphapluat.vn/hoi-dap-phap-luat/lo-trinh-chang-9-dua-xe-dap-cup-truyen-hinh-tp-hcm-2026-di-qua-tinh-nao-138084406.html","2026-04-13T06:02:25.170172+00:00"
"138086939","Chủ đề Tháng hành động vì an toàn thực phẩm 2026 là gì?","Theo Kế hoạch 598/KH-BCĐTƯATTP năm 2026 của Ban Chỉ đạo liên ngành Trung ương về an toàn thực phẩm   Tải về  có hướng dẫn chủ đề Tháng hành động vì an toàn thực phẩm 2026 như sau:

I. CHỦ ĐỀ “THÁNG HÀNH ĐỘNG” NĂM 2026

[...]

2. Chủ đề

Để tăng cường hơn nữa công tác bảo đảm an toàn thực phẩm, và phòng ngừa ngộ độc thực phẩm, nâng cao vai trò, trách nhiệm của người quản lý, người sản xuất, kinh doanh, tiêu dùng thực phẩm,  chủ đề “Tháng hành động vì an toàn thực phẩm” năm 2026 là:

“Bảo đảm an toàn thực phẩm, phòng ngừa ngộ độc thực phẩm trong dịch vụ ăn uống và thức ăn đường phố”

Như vậy, chủ đề Tháng hành động vì an toàn thực phẩm 2026 là:

“Bảo đảm an toàn thực phẩm, phòng ngừa ngộ độc thực phẩm trong dịch vụ ăn uống và thức ăn đường phố”

Chủ đề Tháng hành động vì an toàn thực phẩm 2026 là gì? (Hình từ Internet)

Căn cứ theo Điều 3  Luật An toàn thực phẩm 2010 , nguyên tắc quản lý an toàn thực phẩm là:

- Bảo đảm an toàn thực phẩm là trách nhiệm của mọi tổ chức, cá nhân sản xuất, kinh doanh thực phẩm.

- Sản xuất, kinh doanh thực phẩm là hoạt động có điều kiện; tổ chức, cá nhân sản xuất, kinh doanh thực phẩm phải chịu trách nhiệm về an toàn đối với thực phẩm do mình sản xuất, kinh doanh.

- Quản lý an toàn thực phẩm phải trên cơ sở quy chuẩn kỹ thuật tương ứng, quy định do cơ quan quản lý nhà nước có thẩm quyền ban hành và tiêu chuẩn do tổ chức, cá nhân sản xuất công bố áp dụng.

- Quản lý an toàn thực phẩm phải được thực hiện trong suốt quá trình sản xuất, kinh doanh thực phẩm trên cơ sở phân tích nguy cơ đối với an toàn thực phẩm.

- Quản lý an toàn thực phẩm phải bảo đảm phân công, phân cấp rõ ràng và phối hợp liên ngành.

- Quản lý an toàn thực phẩm phải đáp ứng yêu cầu phát triển kinh tế - xã hội.

Căn cứ theo Điều 5  Luật An toàn thực phẩm 2010 , những hành vi bị cấm trong lĩnh vực an toàn thực phẩm bao gồm:

- Sử dụng nguyên liệu không thuộc loại dùng cho thực phẩm để chế biến thực phẩm.

- Sử dụng nguyên liệu thực phẩm đã quá thời hạn sử dụng, không rõ nguồn gốc, xuất xứ hoặc không bảo đảm an toàn để sản xuất, chế biến thực phẩm.

- Sử dụng phụ gia thực phẩm, chất hỗ trợ chế biến thực phẩm đã quá thời hạn sử dụng, ngoài danh mục được phép sử dụng hoặc trong danh mục được phép sử dụng nhưng vượt quá giới hạn cho phép; sử dụng hóa chất không rõ nguồn gốc, hóa chất bị cấm sử dụng trong hoạt động sản xuất, kinh doanh thực phẩm.

- Sử dụng động vật chết do bệnh, dịch bệnh hoặc chết không rõ nguyên nhân, bị tiêu hủy để sản xuất, kinh doanh thực phẩm.

- Sản xuất, kinh doanh:

+ Thực phẩm vi phạm quy định của pháp luật về nhãn hàng hóa;

+ Thực phẩm không phù hợp với quy chuẩn kỹ thuật tương ứng;

+ Thực phẩm bị biến chất;

+ Thực phẩm có chứa chất độc hại hoặc nhiễm chất độc, tác nhân gây ô nhiễm vượt quá giới hạn cho phép;

+ Thực phẩm có bao gói, đồ chứa đựng không bảo đảm an toàn hoặc bị vỡ, rách, biến dạng trong quá trình vận chuyển gây ô nhiễm thực phẩm;

+ Thịt hoặc sản phẩm được chế biến từ thịt chưa qua kiểm tra thú y hoặc đã qua kiểm tra nhưng không đạt yêu cầu;

+ Thực phẩm không được phép sản xuất, kinh doanh để phòng, chống dịch bệnh;

+ Thực phẩm chưa được đăng ký bản công bố hợp quy tại cơ quan nhà nước có thẩm quyền trong trường hợp thực phẩm đó thuộc diện phải được đăng ký bản công bố hợp quy;

+ Thực phẩm không rõ nguồn gốc, xuất xứ hoặc quá thời hạn sử dụng.

- Sử dụng phương tiện gây ô nhiễm thực phẩm, phương tiện đã vận chuyển chất độc hại chưa được tẩy rửa sạch để vận chuyển nguyên liệu thực phẩm, thực phẩm.

- Cung cấp sai hoặc giả mạo kết quả kiểm nghiệm thực phẩm.

- Che dấu, làm sai lệch, xóa bỏ hiện trường, bằng chứng về sự cố an toàn thực phẩm hoặc các hành vi cố ý khác cản trở việc phát hiện, khắc phục sự cố về an toàn thực phẩm.

- Người mắc bệnh truyền nhiễm tham gia sản xuất, kinh doanh thực phẩm.

- Sản xuất, kinh doanh thực phẩm tại cơ sở không có giấy chứng nhận cơ sở đủ điều kiện an toàn thực phẩm theo quy định của pháp luật.

- Quảng cáo thực phẩm sai sự thật, gây nhầm lẫn đối với người tiêu dùng.

- Đăng tải, công bố thông tin sai lệch về an toàn thực phẩm gây bức xúc cho xã hội hoặc thiệt hại cho sản xuất, kinh doanh.

- Sử dụng trái phép lòng đường, vỉa hè, hành lang, sân chung, lối đi chung, diện tích phụ chung để chế biến, sản xuất, kinh doanh thức ăn đường phố.","","","","","2026-04-11","https://thuvienphapluat.vn/hoi-dap-phap-luat/chu-de-thang-hanh-dong-vi-an-toan-thuc-pham-2026-la-gi-138086939.html","2026-04-13T06:02:31.779428+00:00"
"138086938","Tháng hành động vì an toàn thực phẩm năm 2026 diễn ra từ 15/4/2026 đến 15/5/2026 đúng không?","Theo Mục 3 Kế hoạch 598/KH-BCĐTƯATTP năm 2026 của Ban Chỉ đạo liên ngành Trung ương về an toàn thực phẩm   Tải về  có hướng dẫn thời gian triển khai Tháng hành động vì an toàn thực phẩm năm 2026 như sau:

Thực hiện Chỉ thị số 17-CT/TW ngày 21 tháng 10 năm 2022 của Ban Bí thư về “Tăng cường bảo đảm an ninh, an toàn thực phẩm trong tình hình mới”; trong đó Thủ tướng Chính phủ chỉ đạo: Hằng năm, tổ chức, triển khai “Tháng hành động vì an toàn thực phẩm”;

Căn cứ thực tế công tác bảo đảm an toàn thực phẩm; Ban Chỉ đạo liên ngành TƯ về an toàn thực phẩm ban hành Kế hoạch triển khai “Tháng hành động vì an toàn thực phẩm” năm 2026 (sau đây gọi tắt là Tháng hành động) như sau:

[...]

III. THỜI GIAN VÀ PHẠM VI TRIỂN KHAI:

- Thời gian: Từ 15/4 đến 15/5/2026.

- Phạm vi triển khai: Trên phạm vi toàn quốc.

Như vậy, Tháng hành động vì an toàn thực phẩm năm 2026 sẽ diễn ra  từ ngày 15/4/2026 đến ngày 15/5/2026  trên phạm vi toàn quốc.

Tháng hành động vì an toàn thực phẩm năm 2026 diễn ra từ 15/4/2026 đến 15/5/2026 đúng không? (Hình từ Internet)

Theo Mục 2 Kế hoạch 598/KH-BCĐTƯATTP năm 2026 của Ban Chỉ đạo liên ngành Trung ương về an toàn thực phẩm   Tải về , việc triển khai Tháng hành động vì an toàn thực phẩm 2026 phải đáp ứng các mục đích, yêu cầu sau:

- Đẩy mạnh tuyên truyền, giáo dục, nâng cao nhận thức, xác định trách nhiệm và hành động của các cấp ủy, tổ chức đảng, cán bộ, đảng viên và nhân dân trong bảo đảm an ninh, an toàn thực phẩm; Đề cao vai trò, trách nhiệm của các tổ chức, cá nhân, doanh nghiệp trong việc thực thi pháp luật về an toàn thực phẩm; kịp thời thông tin các chuỗi giá trị nông sản thực phẩm an toàn, chất lượng cao, các cơ sở vi phạm, tiềm ẩn nguy cơ mất an ninh, an toàn thực phẩm.

- Tăng cường thanh tra, kiểm tra, giám sát công tác bảo đảm an ninh, an toàn thực phẩm; kiên quyết đấu tranh, ngăn chặn, xử lý nghiêm các tổ chức, cá nhân, cơ sở sản xuất, kinh doanh vi phạm quy định về an toàn thực phẩm, đặc biệt các cơ sở kinh doanh dịch vụ ăn uống, bếp ăn tập thể, thức ăn đường phố; Nêu cao vai trò của chính quyền các cấp, các cơ quan quản lý, tổ chức xã hội và sự giám sát của người tiêu dùng đối với việc tuân thủ pháp luật về an toàn thực phẩm đối với các cá nhân, cơ sở sản xuất, kinh doanh thực phẩm.

- Nâng cao năng lực phòng ngừa, chủ động xử lý ngộ độc thực phẩm và các bệnh truyền qua thực phẩm tại các cơ sở có bếp ăn tập thể, kinh doanh dịch vụ ăn uống, thức ăn đường phố; giảm thiểu ngộ độc do tiêu dùng thực phẩm không an toàn

Căn cứ theo Điều 7  Luật An toàn thực phẩm 2010 , tổ chức, cá nhân sản xuất thực phẩm có các quyền và nghĩa vụ sau:

[1] Quyền:

- Quyết định và công bố các tiêu chuẩn sản phẩm do mình sản xuất, cung cấp; quyết định áp dụng các biện pháp kiểm soát nội bộ để bảo đảm an toàn thực phẩm;

- Yêu cầu tổ chức, cá nhân kinh doanh thực phẩm hợp tác trong việc thu hồi và xử lý thực phẩm không bảo đảm an toàn;

- Lựa chọn tổ chức đánh giá sự phù hợp, cơ sở kiểm nghiệm đã được chỉ định để chứng nhận hợp quy;

- Sử dụng dấu hợp chuẩn, dấu hợp quy và các dấu hiệu khác cho sản phẩm theo quy định của pháp luật;

- Khiếu nại, tố cáo, khởi kiện theo quy định của pháp luật;

- Được bồi thường thiệt hại theo quy định của pháp luật.

[2] Nghĩa vụ:

- Tuân thủ các điều kiện bảo đảm an toàn đối với thực phẩm, bảo đảm an toàn thực phẩm trong quá trình sản xuất và chịu trách nhiệm về an toàn thực phẩm do mình sản xuất;

- Tuân thủ quy định của Chính phủ về tăng cường vi chất dinh dưỡng mà thiếu hụt sẽ ảnh hưởng đến sức khỏe cộng đồng;

- Thông tin đầy đủ, chính xác về sản phẩm trên nhãn, bao bì, trong tài liệu kèm theo thực phẩm theo quy định của pháp luật về nhãn hàng hóa;

- Thiết lập quy trình tự kiểm tra trong quá trình sản xuất thực phẩm;

- Thông tin trung thực về an toàn thực phẩm; cảnh báo kịp thời, đầy đủ, chính xác về nguy cơ gây mất an toàn của thực phẩm, cách phòng ngừa cho người bán hàng và người tiêu dùng; thông báo yêu cầu về vận chuyển, lưu giữ, bảo quản, sử dụng thực phẩm;

- Kịp thời ngừng sản xuất, thông báo cho các bên liên quan và có biện pháp khắc phục hậu quả khi phát hiện thực phẩm không an toàn hoặc không phù hợp tiêu chuẩn đã công bố áp dụng, quy chuẩn kỹ thuật tương ứng;

- Lưu giữ hồ sơ, mẫu thực phẩm, các thông tin cần thiết theo quy định về truy xuất nguồn gốc thực phẩm; thực hiện quy định về truy xuất nguồn gốc thực phẩm không bảo đảm an toàn theo quy định tại Điều 54  Luật An toàn thực phẩm 2010 ;

- Thu hồi, xử lý thực phẩm quá thời hạn sử dụng, không bảo đảm an toàn. Trong trường hợp xử lý bằng hình thức tiêu hủy thì việc tiêu hủy thực phẩm phải tuân theo quy định của pháp luật về bảo vệ môi trường, quy định khác của pháp luật có liên quan và phải chịu toàn bộ chi phí cho việc tiêu hủy đó;

- Tuân thủ quy định pháp luật, quyết định về thanh tra, kiểm tra của cơ quan nhà nước có thẩm quyền;

- Chi trả chi phí lấy mẫu và kiểm nghiệm theo quy định tại Điều 48  Luật An toàn thực phẩm 2010 ;

- Bồi thường thiệt hại theo quy định của pháp luật khi thực phẩm không an toàn do mình sản xuất gây ra.","","","","","2026-04-11","https://thuvienphapluat.vn/hoi-dap-phap-luat/thang-hanh-dong-vi-an-toan-thuc-pham-nam-2026-dien-ra-tu-1542026-den-1552026-dung-khong-138086938.html","2026-04-13T06:02:38.771896+00:00"
"138086812","Mức xử phạt hành chính đối với các hành vi vi phạm quy định về lựa chọn giới tính thai nhi từ ngày 15/05/2026 là bao nhiêu?","Căn cứ theo Điều 99  Nghị định 90/2026/NĐ-CP  quy định mức xử phạt hành chính đối với các hành vi vi phạm về lựa chọn giới tính thai nhi cụ thể như sau:

- Phạt tiền từ 7.000.000 đồng đến 15.000.000 đồng đối với hành vi đe dọa dùng vũ lực, uy hiếp tinh thần để ép buộc người khác phải áp dụng phương pháp để có được giới tính thai nhi theo ý muốn.

- Phạt tiền từ 15.000.000 đồng đến 20.000.000 đồng đối với hành vi dùng vũ lực ép buộc người khác phải áp dụng phương pháp để có được giới tính thai nhi theo ý muốn.

- Phạt tiền từ 20.000.000 đồng đến 25.000.000 đồng đối với một trong các hành vi sau đây:

+ Chỉ định hoặc hướng dẫn sử dụng thuốc, thực phẩm chức năng và các loại chế phẩm dưới mọi hình thức tác động vào quá trình thụ thai để có được giới tính thai nhi theo ý muốn;

+ Cung cấp dụng cụ, thuốc, vật tư, thực phẩm chức năng và các loại chế phẩm dưới mọi hình thức tác động vào quá trình thụ thai để có được giới tính thai nhi theo ý muốn;

+ Nghiên cứu các phương pháp để có được giới tính thai nhi theo ý muốn, trừ trường hợp được pháp luật cho phép.

- Hình thức xử phạt bổ sung:

+ Đình chỉ hoạt động của cơ sở trong thời hạn từ 01 tháng đến 03 tháng đối với hành vi quy định tại khoản 3 Điều 99  Nghị định 90/2026/NĐ-CP ;

+ Tước quyền sử dụng giấy phép hoặc chứng chỉ hành nghề khám bệnh, chữa bệnh trong thời hạn từ 01 tháng đến 03 tháng đối với hành vi quy định tại khoản 3 Điều 99  Nghị định 90/2026/NĐ-CP .

- Biện pháp khắc phục hậu quả:

Buộc tiêu hủy dụng cụ, thuốc, vật tư đã được sử dụng để thực hiện hành vi quy định tại điểm b khoản 3 Điều 99  Nghị định 90/2026/NĐ-CP .

Lưu ý: theo khoản 5 Điều 4  Nghị định 90/2026/NĐ-CP  mức phạt tiền nêu trên là mức phạt tiền đối với cá nhân, đối với cùng một hành vi vi phạm hành chính thì mức phạt tiền đối với tổ chức bằng 02 lần mức phạt tiền đối với cá nhân.

* Trên đây là toàn bộ Mức xử phạt hành chính đối với các hành vi vi phạm quy định về lựa chọn giới tính thai nhi.

Mức xử phạt hành chính đối với các hành vi vi phạm quy định về lựa chọn giới tính thai nhi từ ngày 15/05/2026 là bao nhiêu? (Hình từ Internet)

Căn cứ điểm a khoản 1 Điều 6  Luật Xử lý vi phạm hành chính 2012  sửa đổi bởi điểm a khoản 1 Điều 1  Luật Xử lý vi phạm hành chính sửa đổi 2025  quy định:

Điều 6. Thời hiệu xử lý vi phạm hành chính

1. Thời hiệu xử phạt vi phạm hành chính được quy định như sau:

a) Thời hiệu xử phạt vi phạm hành chính là 01 năm, trừ các trường hợp sau đây:

Vi phạm hành chính về kế toán; hóa đơn; phí, lệ phí; kinh doanh bảo hiểm; quản lý giá; chứng khoán; sở hữu trí tuệ; xây dựng; thủy sản; lâm nghiệp; điều tra, quy hoạch, thăm dò, khai thác, sử dụng nguồn tài nguyên nước; hoạt động dầu khí và hoạt động khoáng sản khác; bảo vệ môi trường; năng lượng nguyên tử; quản lý, phát triển nhà và công sở; đất đai; đê điều; báo chí; xuất bản; sản xuất, xuất khẩu, nhập khẩu, kinh doanh hàng hóa; sản xuất, buôn bán hàng cấm, hàng giả; quản lý lao động ngoài nước; khiếu nại, tố cáo, kiến nghị, phản ánh thì thời hiệu xử phạt vi phạm hành chính là 02 năm.

Vi phạm hành chính về thuế, kiểm toán độc lập thì thời hiệu xử phạt vi phạm hành chính theo quy định của pháp luật về quản lý thuế, pháp luật về kiểm toán độc lập.

Hành vi vi phạm quy định về lựa chọn giới tính thai nhi không thuộc các lĩnh vực có thời hiệu 02 năm, do đó thời hiệu xử phạt vi phạm hành chính là 01 năm kể từ ngày hành vi vi phạm được thực hiện.

Căn cứ theo Điều 113  Nghị định 90/2026/NĐ-CP  quy định thẩm quyền lập biên bản vi phạm hành chính trong lĩnh vực dân số như sau:

- Người có thẩm quyền xử phạt vi phạm hành chính quy định tại các Điều 103, 104, 105, 106, 107, 108, 109, 110 và 111  Nghị định 90/2026/NĐ-CP  có thẩm quyền lập biên bản vi phạm hành chính thuộc phạm vi thi hành công vụ, nhiệm vụ theo chức năng, nhiệm vụ, quyền hạn được giao.

- Công chức, viên chức thuộc ngành y tế, bảo hiểm xã hội, công chức, viên chức, người thuộc lực lượng Quân đội nhân dân, Công an nhân dân và công chức, viên chức trong các cơ quan được quy định tại Điều 112  Nghị định 90/2026/NĐ-CP  đang thi hành công vụ, nhiệm vụ theo chức năng, nhiệm vụ, quyền hạn được giao.","","","","","2026-04-10","https://thuvienphapluat.vn/hoi-dap-phap-luat/muc-xu-phat-hanh-chinh-doi-voi-cac-hanh-vi-vi-pham-quy-dinh-ve-lua-chon-gioi-tinh-thai-nhi-tu-ngay--138086812.html","2026-04-13T06:02:45.895256+00:00"
"138086130","Quy định về truy xuất nguồn gốc thực phẩm theo Nghị định 46 như thế nào?","Tại Chương 9  Nghị định 46/2026/NĐ-CP  có quy định về truy xuất nguồn gốc thực phẩm như sau:

(1) Thời điểm truy xuất nguồn gốc đối với sản phẩm không bảo đảm an toàn

Khi phát hiện sản phẩm thực phẩm do mình sản xuất, kinh doanh không bảo đảm an toàn hoặc khi cơ quan nhà nước có thẩm quyền yêu cầu, tổ chức, cá nhân sản xuất, kinh doanh sản phẩm phải có trách nhiệm thực hiện việc truy xuất nguồn gốc theo quy định tại khoản 1 và khoản 2 Điều 54 Luật An toàn thực phẩm 2010.

(Điều 53  Nghị định 46/2026/NĐ-CP )

(2) Thực hiện việc truy xuất nguồn gốc đối với sản phẩm không bảo đảm an toàn

- Tổ chức, cá nhân sản xuất, kinh doanh sản phẩm phải thường xuyên thiết lập, lưu trữ đầy đủ các thông tin liên quan đến sản phẩm, nguyên liệu, bán thành phẩm, cơ sở sản xuất, cơ sở cung cấp nguyên liệu đầu vào, cơ sở cung cấp, phân phối, kinh doanh sản phẩm và khách hàng trong trường hợp khách hàng đã mua sản phẩm đó thông qua hợp đồng, sổ sách ghi chép hoặc các phương thức khác trong suốt quá trình sản xuất, chế biến, bảo quản, vận chuyển, xuất khẩu, nhập khẩu, kinh doanh để phục vụ việc truy xuất nguồn gốc, được lưu trữ dưới dạng cơ sở dữ liệu và kết nối với hệ thống cơ sở dữ liệu của cơ quan nhà nước có thẩm quyền.

Các thông tin phục vụ truy xuất nguồn gốc bao gồm:

- Thông tin về hoạt động sản xuất, kinh doanh của cơ sở sản xuất, kinh doanh thực phẩm;

- Thông tin về sản phẩm bao gồm tên, hình ảnh, thương hiệu, nhãn hiệu, mã ký hiệu, số sê-ri sản phẩm, chủng loại, số lượng, khối lượng, số lô, số mẻ của sản phẩm, thời hạn sử dụng, bao bì, phụ gia, các tiêu chuẩn, quy chuẩn được áp dụng, thông tin về nguyên liệu, bán thành phẩm, chứng nhận kiểm nghiệm, thời gian, địa điểm sản xuất, kinh doanh sản phẩm và các thông tin liên quan khác;

- Thông tin về tổ chức, cá nhân cung cấp, phân phối, kinh doanh sản phẩm và khách hàng (nếu có).

(Điều 54  Nghị định 46/2026/NĐ-CP )

Trên đây là thông tin ""Quy định về truy xuất nguồn gốc thực phẩm theo Nghị định 46 như thế nào?""

Quy định về truy xuất nguồn gốc thực phẩm theo Nghị định 46 như thế nào? (Hình từ Internet)

Tại Điều 47  Nghị định 46/2026/NĐ-CP  có quy định về trách nhiệm hướng dẫn thực hiện truy xuất nguồn gốc thực phẩm như sau:

Điều 47. Trách nhiệm quản lý nhà nước về an toàn thực phẩm của Bộ Công Thương

1. Ban hành quy chuẩn kỹ thuật quốc gia đối với sản phẩm, nhóm sản phẩm thuộc lĩnh vực được phân công quản lý quy định tại Điều 64 Luật An toàn thực phẩm và Phụ lục IV ban hành kèm theo Nghị định này.

2. Xây dựng và gửi Bộ Y tế ban hành quy định về mức giới hạn an toàn đối với các nhóm sản phẩm trong Phụ lục IV ban hành kèm theo Nghị định này.

3. Hướng dẫn thực hiện truy xuất nguồn gốc; xây dựng, vận hành hệ thống truy xuất nguồn gốc đối với thực phẩm thuộc phạm vi quản lý của Bộ Công Thương.

4. Quản lý và phân cấp quản lý an toàn thực phẩm trong suốt quá trình sản xuất, chế biến, bảo quản, vận chuyển, xuất khẩu, nhập khẩu, kinh doanh đối với các sản phẩm và cơ sở sản xuất, kinh doanh các sản phẩm thực phẩm quy định tại Phụ lục IV ban hành kèm theo Nghị định này.

5. Quản lý an toàn thực phẩm đối với siêu thị, trung tâm thương mại, cửa hàng tiện ích, các cơ sở thuộc hệ thống dự trữ, phân phối và các loại hình kinh doanh khác. Kiểm tra rà soát, giám sát hoạt động kinh doanh thực phẩm trên nền tảng thương mại điện tử, kịp thời phát hiện và xử lý vi phạm, gỡ bỏ nội dung vi phạm theo quy định.

6. Tổ chức cấp, phân cấp việc cấp giấy chứng nhận cơ sở đủ điều kiện an toàn thực phẩm cho các tổ chức, cá nhân sản xuất, kinh doanh các sản phẩm thuộc lĩnh vực được phân công quản lý.

7. Thực hiện việc kiểm tra phòng chống thực phẩm giả, gian lận thương mại trên thị trường đối với tất cả các loại thực phẩm, phụ gia thực phẩm, chất hỗ trợ chế biến thực phẩm, dụng cụ, vật liệu bao gói, chứa đựng thực phẩm.

8. Kiểm tra, xử lý vi phạm pháp luật về an toàn thực phẩm trong quá trình sản xuất, xuất khẩu, nhập khẩu, kinh doanh thực phẩm thuộc lĩnh vực được phân công quản lý. Kiểm tra xử lý vi phạm trong việc sản xuất, kinh doanh hàng giả, hàng cấm, hàng nhập lậu, gian lận thương mại và thực phẩm trên nền tảng thương mại điện tử.

9. Hằng năm xây dựng và triển khai kế hoạch kiểm tra định kỳ; kiểm tra đột xuất khi có yêu cầu đối với lĩnh vực được phân công quản lý.

Như vậy, Bộ Công Thương có trách nhiệm hướng dẫn thực hiện truy xuất nguồn gốc thực phẩm thuộc phạm vi quản lý của Bộ Công Thương.

Tại Điều 21  Nghị định 46/2026/NĐ-CP  có quy định về phương thức kiểm tra nhà nước về an toàn thực phẩm như sau:

Điều 21. Phương thức kiểm tra nhà nước về an toàn thực phẩm

Phương thức kiểm tra nhà nước về an toàn thực phẩm đối với thực phẩm, phụ gia thực phẩm, chất hỗ trợ chế biến thực phẩm, bao bì, dụng cụ tiếp xúc trực tiếp với thực phẩm nhập khẩu bao gồm:

1. Kiểm tra chặt: thực hiện kiểm tra hồ sơ, kiểm tra thực trạng hàng hóa và lấy mẫu kiểm nghiệm các nhóm chỉ tiêu chất lượng, an toàn thực phẩm theo hồ sơ công bố và các chỉ tiêu khác không đạt hoặc có cảnh báo theo quy định tại khoản 3 Điều 22 của Nghị định này (nếu có).

2. Kiểm tra thông thường: thực hiện kiểm tra hồ sơ, kiểm tra thực trạng hàng hóa và lấy mẫu kiểm nghiệm chỉ tiêu chất lượng, an toàn thực phẩm lựa chọn từ các nhóm chỉ tiêu chất lượng, an toàn thực phẩm trong hồ sơ.

Căn cứ vào bản chất thành phần cấu tạo, lịch sử chất lượng của mặt hàng, quá trình vận chuyển, bảo quản của mặt hàng, lịch sử nhập khẩu của chủ hàng, xuất xứ của mặt hàng, hệ thống quản lý chất lượng đang áp dụng của mặt hàng, cơ quan kiểm tra nhà nước lựa chọn chỉ tiêu chất lượng, an toàn thực phẩm từ các nhóm chỉ tiêu chất lượng, an toàn thực phẩm trong hồ sơ.

3. Kiểm tra giảm: là việc thực hiện kiểm tra hồ sơ đối với mặt hàng nhập khẩu.

Như vậy, phương thức kiểm tra giảm về an toàn thực phẩm là việc thực hiện kiểm tra hồ sơ đối với mặt hàng nhập khẩu.

Lưu ý:  Nghị định 46/2026/NĐ-CP  hướng dẫn Luật An toàn thực phẩm đang tạm ngưng hiệu lực áp dụng cho đến khi Luật An toàn thực phẩm (sửa đổi) và Nghị định hướng dẫn Luật An toàn thực phẩm (sửa đổi) có hiệu lực thi hành.

Trên đây là thông tin ""Quy định về truy xuất nguồn gốc thực phẩm theo Nghị định 46 như thế nào?""","","","","","2026-04-10","https://thuvienphapluat.vn/hoi-dap-phap-luat/quy-dinh-ve-truy-xuat-nguon-goc-thuc-pham-theo-nghi-dinh-46-nhu-the-nao-138086130.html","2026-04-13T06:02:52.044260+00:00"
"138084418","Xem trực tiếp Chặng 8 Cúp Truyền hình TP Hồ Chí Minh 2026?","Ngày 10/3/2026 Đài Phát thanh và Truyền hình TPHCM đã ban hành Công văn 509/PTTH-VP năm 2026 (  Tải về ) về Cuộc đua xe đạp Cúp Truyền hình 2026 lần thứ 38.

Theo đó Cuộc đua xe đạp toàn quốc tranh Cúp Truyền hình TPHCM lần thứ 38 - năm 2026 sẽ khai mạc vào ngày 03/4/2026 tại Khu di tích lịch sử Đền Hùng, tỉnh Phú Thọ và đi qua các tỉnh, thành phố: Thành phố Hà Nội, Ninh Bình, Thanh Hóa, Nghệ An, Hà Tĩnh, Quảng Trị, thành phố Huế, thành phố Đà Nẵng, Quảng Ngãi, Gia Lai, Đắk Lắk, Khánh Hòa, Lâm Đồng, Đồng Nai, thành phố Cần Thơ, Vĩnh Long, Đồng Tháp, Tây Ninh và kết thúc tại Thành phố Hồ Chí Minh vào trưa ngày 30/4/2026.

Lộ trình đua xe đạp Cúp Truyền hình 2026 chặng 8:

Ngày

Chặng

Lộ trình

Cự ly

Thứ Sáu 10/4

08

Đồng Hới (Quảng Trị) - Đông Hà - Thành phố Huế (Đi qua Nghĩa trang liệt sĩ quốc gia Đường 9)

162,5 km

Xem trực tiếp Chặng 8 Cúp Truyền hình TP Hồ Chí Minh 2026 tại:

- Trang Đua xe đạp: http://duaxedap.hplus.com.vn/

- Xem kênh HTV9: https://hplus.com.vn/xem-kenh-htv9-hd-2667.html

- Xem kênh HTV7: https://hplus.com.vn/xem-kenh-htv7-hd-256.html

- Xem kênh HTV Thể thao: https://hplus.com.vn/xem-kenh-htv-the-thao-hd-4009.html

Xem trực tiếp Chặng 8 Cúp Truyền hình TP Hồ Chí Minh 2026?  (Hình từ Internet)

Căn cứ Điều 13  Luật Thể dục, thể thao 2006  được sửa đổi bởi khoản 5 Điều 1  Luật Thể dục, thể thao sửa đổi 2018  quy định thẩm quyền quyết định tổ chức giải thể thao quần chúng:

Điều 13. Thẩm quyền quyết định tổ chức giải thể thao quần chúng

1. Thủ tướng Chính phủ quyết định tổ chức các giải thể thao quần chúng sau đây:

a) Đại hội thể thao khu vực, châu lục và thế giới tổ chức tại Việt Nam cho người khuyết tật theo đề nghị của Bộ trưởng Bộ Văn hóa, Thể thao và Du lịch;

b) Đại hội thể thao khu vực, châu lục và thế giới tổ chức tại Việt Nam cho học sinh, sinh viên; Hội khỏe Phù Đổng toàn quốc cho học sinh theo đề nghị của Bộ trưởng Bộ Giáo dục và Đào tạo;

c) Đại hội thể thao khu vực, châu lục và thế giới tổ chức tại Việt Nam cho lực lượng vũ trang theo đề nghị của Bộ trưởng Bộ Quốc phòng, Bộ trưởng Bộ Công an.

2. Bộ trưởng Bộ Giáo dục và Đào tạo, Bộ trưởng Bộ Quốc phòng, Bộ trưởng Bộ Công an, trong phạm vi nhiệm vụ, quyền hạn của mình, quyết định tổ chức giải thi đấu từng môn thể thao cấp khu vực, châu lục và thế giới tổ chức tại Việt Nam cho học sinh, sinh viên và lực lượng vũ trang.

3. Bộ trưởng Bộ Văn hóa, Thể thao và Du lịch quyết định tổ chức giải thi đấu từng môn thể thao cấp khu vực, châu lục và thế giới tổ chức tại Việt Nam cho người khuyết tật; giải thi đấu thể thao quần chúng cấp quốc gia.

4. Ủy ban nhân dân các cấp quyết định tổ chức giải thi đấu thể thao quần chúng của địa phương mình.

5. Cơ quan, tổ chức quyết định tổ chức giải thi đấu thể thao quần chúng trong phạm vi nhiệm vụ, quyền hạn của mình.

6. Cơ quan, tổ chức quyết định tổ chức giải thi đấu thể thao quần chúng phải tuân theo quy định của Luật này và có trách nhiệm quy định nội dung, hình thức, chế độ bồi dưỡng, giải thưởng và bảo đảm kinh phí cho việc tổ chức giải thi đấu.

Theo đó, Thủ tướng Chính phủ quyết định tổ chức các giải thể thao quần chúng sau:

- Đại hội thể thao khu vực, châu lục và thế giới tổ chức tại Việt Nam cho người khuyết tật theo đề nghị của Bộ trưởng Bộ Văn hóa, Thể thao và Du lịch

- Đại hội thể thao khu vực, châu lục và thế giới tổ chức tại Việt Nam cho học sinh, sinh viên; Hội khỏe Phù Đổng toàn quốc cho học sinh theo đề nghị của Bộ trưởng Bộ Giáo dục và Đào tạo

- Đại hội thể thao khu vực, châu lục và thế giới tổ chức tại Việt Nam cho lực lượng vũ trang theo đề nghị của Bộ trưởng Bộ Quốc phòng, Bộ trưởng Bộ Công an.

Căn cứ Điều 38  Luật Thể dục, thể thao 2006  được sửa đổi bởi khoản 15 Điều 1  Luật Thể dục, thể thao sửa đổi 2018  quy định thẩm quyền quyết định tổ chức giải thể thao thành tích cao:

Điều 38. Thẩm quyền quyết định tổ chức giải thể thao thành tích cao

1. Thủ tướng Chính phủ quyết định tổ chức các giải thể thao quy định tại khoản 1 và khoản 2 Điều 37 của Luật này theo đề nghị của Bộ trưởng Bộ Văn hóa, Thể thao và Du lịch.

2. Bộ trưởng Bộ Văn hóa, Thể thao và Du lịch quyết định tổ chức các giải thể thao quy định tại khoản 3 và khoản 4 Điều 37 của Luật này theo đề nghị của các liên đoàn thể thao quốc gia.

3. Chủ tịch Ủy ban nhân dân cấp tỉnh quyết định tổ chức các giải thể thao sau đây:

a) Giải thể thao quy định tại khoản 5 Điều 37 của Luật này theo đề nghị của Chủ tịch liên đoàn thể thao quốc gia hoặc người đại diện theo pháp luật của tổ chức đăng cai tổ chức giải trong trường hợp chưa có liên đoàn thể thao quốc gia;

b) Giải thể thao quy định tại khoản 6 Điều 37 của Luật này theo đề nghị của người đứng đầu cơ quan chuyên môn về thể dục, thể thao thuộc Ủy ban nhân dân cấp tỉnh;

c) Giải thể thao quy định tại khoản 7 Điều 37 của Luật này theo đề nghị của Chủ tịch liên đoàn thể thao tỉnh, thành phố trực thuộc trung ương.

Theo quy định trên, Thủ tướng Chính phủ quyết định tổ chức các giải thể thao thành tích cao sau theo đề nghị của Bộ trưởng Bộ Văn hóa, Thể thao và Du lịch:

- Đại hội thể thao khu vực, châu lục và thế giới tổ chức tại Việt Nam

- Đại hội thể thao toàn quốc.","","","","","2026-04-10","https://thuvienphapluat.vn/hoi-dap-phap-luat/xem-truc-tiep-chang-8-cup-truyen-hinh-tp-ho-chi-minh-2026-138084418.html","2026-04-13T06:02:58.330386+00:00"
"138084414","Lộ trình Chặng 8 đua xe đạp Cúp truyền hình TP HCM 2026 đi qua tỉnh nào?","Ngày 10/3/2026 Đài Phát thanh và Truyền hình TPHCM đã ban hành Công văn 509/PTTH-VP năm 2026 (  Tải về ) về Cuộc đua xe đạp Cúp Truyền hình 2026 lần thứ 38.

Cuộc đua xe đạp toàn quốc tranh Cúp Truyền hình TP HCM lần thứ 38 - năm 2026 sẽ khai mạc vào ngày 03/4/2026 tại Khu di tích lịch sử Đền Hùng, tỉnh Phú Thọ và đi qua các tỉnh, thành phố: Thành phố Hà Nội, Ninh Bình, Thanh Hóa, Nghệ An, Hà Tĩnh, Quảng Trị, thành phố Huế, thành phố Đà Nẵng, Quảng Ngãi, Gia Lai, Đắk Lắk, Khánh Hòa, Lâm Đồng, Đồng Nai, thành phố Cần Thơ, Vĩnh Long, Đồng Tháp, Tây Ninh và kết thúc tại Thành phố Hồ Chí Minh vào trưa ngày 30/4/2026.

Lộ trình Chặng 8 đua xe đạp Cúp truyền hình TP HCM 2026 sẽ đua Đồng Hới (Quảng Trị) - Đông Hà - Thành phố Huế (Đi qua Nghĩa trang liệt sĩ quốc gia Đường 9) với tổng cự ly 162,5km.

Lộ trình Chặng 8 đua xe đạp Cúp truyền hình TP HCM 2026 đi qua tỉnh nào? (Hình từ Internet)

Căn cứ Điều 61  Luật Thể dục, Thể thao 2006  được sửa đổi bởi khoản 3 Điều 2  Luật Thể dục, thể thao sửa đổi 2018  quy định trường năng khiếu thể thao:

Điều 61. Trường năng khiếu thể thao

1. Trường năng khiếu thể thao là loại trường chuyên biệt được thành lập để phát triển năng khiếu của học sinh trong lĩnh vực thể thao.

Tổ chức và hoạt động của trường năng khiếu thể thao được thực hiện theo quy định của Luật giáo dục và Luật này.

2. Điều kiện thành lập trường năng khiếu thể thao:

a) Có chương trình giáo dục đào tạo chuyên môn, nghiệp vụ về các môn thể thao do hiệu trưởng nhà trường tổ chức xây dựng và quyết định;

b) Có đội ngũ cán bộ quản lý và nhà giáo đủ về số lượng và đồng bộ về cơ cấu, đạt tiêu chuẩn về phẩm chất và trình độ chuyên môn, nghiệp vụ, bảo đảm thực hiện mục tiêu, chương trình giáo dục về thể thao và văn hoá;

c) Có trường sở, thiết bị và tài chính bảo đảm đáp ứng yêu cầu hoạt động của nhà trường.

3. Chủ tịch Uỷ ban nhân dân cấp tỉnh quyết định thành lập trường năng khiếu thể thao.

4. Bộ trưởng Bộ Giáo dục và Đào tạo phối hợp với Bộ trưởng Bộ Văn hóa, Thể thao và Du lịch quy định chương trình văn hoá phổ thông giảng dạy trong trường năng khiếu thể thao trên cơ sở bảo đảm kiến thức văn hoá phổ thông cho học sinh, tạo điều kiện cho nhà trường thực hiện nhiệm vụ đào tạo, bồi dưỡng năng khiếu thể thao.

Như vậy, thành lập trường năng khiếu thể thao phải đáp ứng các điều kiện sau:

- Có chương trình giáo dục đào tạo chuyên môn, nghiệp vụ về các môn thể thao do hiệu trưởng nhà trường tổ chức xây dựng và quyết định

- Có đội ngũ cán bộ quản lý và nhà giáo đủ về số lượng và đồng bộ về cơ cấu, đạt tiêu chuẩn về phẩm chất và trình độ chuyên môn, nghiệp vụ, bảo đảm thực hiện mục tiêu, chương trình giáo dục về thể thao và văn hoá

- Có trường sở, thiết bị và tài chính bảo đảm đáp ứng yêu cầu hoạt động của nhà trường.

Căn cứ Điều 62  Luật Thể dục, Thể thao 2006  quy định như sau:

Điều 62. Nhiệm vụ, quyền hạn của trường năng khiếu thể thao

1. Tổ chức thực hiện chương trình giáo dục đào tạo chuyên môn, nghiệp vụ về các môn thể thao theo quy định tại điểm a khoản 2 Điều 61 của Luật này.

2. Tổ chức giảng dạy chương trình văn hoá phổ thông theo quy định tại khoản 4 Điều 61 của Luật này.

3. Tham gia thi đấu thể thao.

4. Tổ chức giáo dục đạo đức, nhân cách, lối sống cho học sinh.

5. Chăm sóc sức khỏe, nuôi dưỡng, bảo đảm sinh hoạt văn hóa, vui chơi, giải trí cho học sinh.

6. Tuyển dụng, quản lý, sử dụng nhân sự.

7. Quản lý, khai thác, sử dụng cơ sở vật chất, trang thiết bị.

8. Được tiếp nhận, sử dụng các nguồn tài trợ, ủng hộ của tổ chức, cá nhân.

Như vậy, trường năng khiếu thể thao có quyền và nhiệm vụ sau:

- Tổ chức thực hiện chương trình giáo dục đào tạo chuyên môn, nghiệp vụ về các môn thể thao do hiệu trưởng nhà trường tổ chức xây dựng và quyết định

- Tổ chức giảng dạy chương trình văn hoá phổ thông trên cơ sở bảo đảm kiến thức văn hoá phổ thông cho học sinh, tạo điều kiện cho nhà trường thực hiện nhiệm vụ đào tạo, bồi dưỡng năng khiếu thể thao.

- Tham gia thi đấu thể thao.

- Tổ chức giáo dục đạo đức, nhân cách, lối sống cho học sinh.

- Chăm sóc sức khỏe, nuôi dưỡng, bảo đảm sinh hoạt văn hóa, vui chơi, giải trí cho học sinh.

- Tuyển dụng, quản lý, sử dụng nhân sự.

- Quản lý, khai thác, sử dụng cơ sở vật chất, trang thiết bị.

- Được tiếp nhận, sử dụng các nguồn tài trợ, ủng hộ của tổ chức, cá nhân.","","","","","2026-04-09","https://thuvienphapluat.vn/hoi-dap-phap-luat/lo-trinh-chang-8-dua-xe-dap-cup-truyen-hinh-tp-hcm-2026-di-qua-tinh-nao-138084414.html","2026-04-13T06:03:06.271707+00:00"
"138086183","TOÀN VĂN Nghị quyết 15/2026/NQ-CP tạm ngưng hiệu lực Nghị định 46/2026/NĐ-CP và Nghị quyết 66.13/2026/NQ-CP ra sao?","Ngày 06/4/2026, Chính phủ ban hành Nghị quyết 15/2026/NQ-CP tạm ngưng hiệu lực Nghị định 46/2026/NĐ-CP ngày 26 tháng 01 năm 2026 của Chính phủ quy định chi tiết thi hành một số điều và biện pháp để tổ chức, hướng dẫn thi hành Luật An toàn thực phẩm và Nghị quyết 66.13/2026/NQ-CP ngày 27 tháng 01 năm 2026 của Chính phủ quy định về công bố, đăng ký sản phẩm thực phẩm.

TOÀN VĂN Nghị quyết 15/2026/NQ-CP tạm ngưng hiệu lực Nghị định 46/2026/NĐ-CP và Nghị quyết 66.13/2026/NQ-CP

Tải về

Theo đó, tạm ngưng hiệu lực áp dụng cho đến khi Luật An toàn thực phẩm (sửa đổi) và Nghị định hướng dẫn Luật An toàn thực phẩm (sửa đổi) có hiệu lực thi hành đối với các văn bản sau đây:

- Nghị định 46/2026/NĐ-CP ngày 26 tháng 01 năm 2026 của Chính phủ quy định chi tiết thi hành một số điều và biện pháp để tổ chức, hướng dẫn thi hành Luật An toàn thực phẩm.

- Nghị quyết 66.13/2026/NQ-CP ngày 27 tháng 01 năm 2026 của Chính phủ quy định về công bố, đăng ký sản phẩm thực phẩm.

* Áp dụng văn bản trong thời gian tạm ngưng hiệu lực

Trong thời gian tạm ngưng hiệu lực theo quy định tại Điều 1 Nghị quyết này, Nghị định 15/2018/NĐ-CP ngày 02 tháng 02 năm 2018 của Chính phủ quy định chi tiết thi hành một số điều của Luật An toàn thực phẩm và các văn bản quy định, hướng dẫn thi hành tiếp tục có hiệu lực.

Trên đây là thông tin về ""TOÀN VĂN Nghị quyết 15/2026/NQ-CP tạm ngưng hiệu lực Nghị định 46/2026/NĐ-CP và Nghị quyết 66.13/2026/NQ-CP ra sao?"".

TOÀN VĂN Nghị quyết 15 2026 NQ CP tạm ngưng hiệu lực Nghị định 46/2026/NĐ-CP và Nghị quyết 66.13/2026/NQ-CP ra sao? (Hình từ Internet)

Theo khoản 2 Điều 40  Nghị định 46/2026/NĐ-CP  quy định trách nhiệm của cơ sở kiểm nghiệm thực phẩm phục vụ quản lý nhà nước như sau:

- Chịu trách nhiệm trước pháp luật về kết quả kiểm nghiệm;

- Bảo đảm Giấy chứng nhận đăng ký lĩnh vực hoạt động thử nghiệm và Quyết định/Chứng chỉ công nhận năng lực phòng thử nghiệm đáp ứng yêu cầu tiêu chuẩn ISO/IEC 17025 còn hiệu lực trong suốt thời hạn được chỉ định;

- Tuân thủ các yêu cầu của Hệ thống quản lý chất lượng đã được công nhận phù hợp tiêu chuẩn ISO/IEC 17025; duy trì và tuân thủ các quy trình liên quan đến phạm vi chỉ định;.

- Thông báo cho cơ quan chỉ định về bất kỳ sự thay đổi nào đối với hệ thống quản lý chất lượng đã được công nhận và thu hẹp phạm vi chỉ định trong thời hạn 05 ngày làm việc kể từ ngày có thay đổi;

- Thông báo cho cơ quan chỉ định về kết quả giám sát của tổ chức công nhận, kết quả tham gia chương trình thử nghiệm thành thạo, so sánh liên phòng (chậm nhất 03 ngày làm việc kể từ ngày cơ sở kiểm nghiệm nhận được kết quả);

- Thực hiện việc báo cáo định kỳ, báo cáo đột xuất hoặc báo cáo chuyên đề về cơ quan chỉ định:

Mẫu báo cáo kết quả hoạt động của cơ sở kiểm nghiệm định kỳ quy định tại Mẫu số 18 Phụ lục I ban hành kèm theo  Nghị định 46/2026/NĐ-CP . Thời hạn gửi báo cáo chậm nhất trước ngày 20 tháng 12 hàng năm.

Báo cáo đột xuất hoặc báo cáo chuyên đề: Theo yêu cầu của cơ quan chỉ định;

- Ngoài việc thực hiện các quy định trên, cơ sở kiểm nghiệm còn phải thực hiện các nội dung sau: nộp phí thẩm định cơ sở kiểm nghiệm theo quy định của pháp luật về phí; bảo đảm tính trung thực, khách quan, chính xác của kết quả kiểm nghiệm; Phiếu kết quả kiểm nghiệm phải có đầy đủ thông tin theo quy định tại Mẫu số 22 Phụ lục I ban hành kèm theo  Nghị định 46/2026/NĐ-CP ; chịu sự thanh tra, kiểm tra về hoạt động kiểm nghiệm khi có sự yêu cầu của cơ quan quản lý nhà nước;

- Thực hiện các nghĩa vụ khác của tổ chức đánh giá sự phù hợp theo quy định của pháp luật về  Luật Tiêu chuẩn và Quy chuẩn kỹ thuật 2006 .

Theo Điều 44  Nghị định 46/2026/NĐ-CP  quy định nguyên tắc phân công trách nhiệm quản lý nhà nước về an toàn thực phẩm như sau:

- Trên cơ sở các quy định của  Luật An toàn thực phẩm 2010  và bảo đảm phù hợp với các văn bản pháp luật có liên quan.

- Trên cơ sở thống nhất quản lý nhà nước về an toàn thực phẩm.

- Bảo đảm việc quản lý xuyên suốt toàn bộ quá trình sản xuất, kinh doanh thực phẩm.

- Phối hợp chặt chẽ giữa các bộ ngành.

- Bảo đảm nguyên tắc một cửa, một sản phẩm, một cơ sở sản xuất, kinh doanh chỉ chịu sự quản lý của một cơ quan quản lý nhà nước.

- Bảo đảm tính khoa học, đầy đủ và khả thi.

- Phân cấp quản lý nhà nước giữa trung ương và chính quyền địa phương các cấp trong quản lý nhà nước về an toàn thực phẩm.

- Đối với cơ sở sản xuất nhiều loại sản phẩm thực phẩm thuộc thẩm quyền quản lý của từ 2 cơ quan quản lý chuyên ngành trở lên thì cơ quan quản lý sản phẩm có sản lượng lớn nhất trong các sản phẩm của cơ sở sản xuất là cơ quan quản lý.

- Đối với cơ sở không thực hiện công đoạn sản xuất nhưng kinh doanh nhiều loại sản phẩm thực phẩm thuộc thẩm quyền quản lý của từ 2 cơ quan quản lý chuyên ngành trở lên do ngành Công Thương quản lý, trừ trường hợp là chợ đầu mối, đấu giá nông sản.

- Đối với cơ sở vừa sản xuất vừa kinh doanh nhiều loại sản phẩm thuộc thẩm quyền quản lý của từ 2 cơ quan quản lý chuyên ngành trở lên thì tổ chức, cá nhân có quyền lựa chọn cơ quan quản lý chuyên ngành về an toàn thực phẩm để thực hiện các thủ tục hành chính.","","","","","2026-04-08","https://thuvienphapluat.vn/hoi-dap-phap-luat/toan-van-nghi-quyet-152026nqcp-tam-ngung-hieu-luc-nghi-dinh-462026ndcp-va-nghi-quyet-66132026nqcp-r-138086183.html","2026-04-13T06:03:13.650279+00:00"
"138084428","Xem trực tiếp Chặng 6 Cúp Truyền hình TP Hồ Chí Minh 2026?","Ngày 10/3/2026 Đài Phát thanh và Truyền hình TPHCM đã ban hành Công văn 509/PTTH-VP năm 2026 (  Tải về ) về Cuộc đua xe đạp Cúp Truyền hình 2026 lần thứ 38.

Theo đó Cuộc đua xe đạp toàn quốc tranh Cúp Truyền hình TPHCM lần thứ 38 - năm 2026 sẽ khai mạc vào ngày 03/4/2026 tại Khu di tích lịch sử Đền Hùng, tỉnh Phú Thọ và đi qua các tỉnh, thành phố: Thành phố Hà Nội, Ninh Bình, Thanh Hóa, Nghệ An, Hà Tĩnh, Quảng Trị, thành phố Huế, thành phố Đà Nẵng, Quảng Ngãi, Gia Lai, Đắk Lắk, Khánh Hòa, Lâm Đồng, Đồng Nai, thành phố Cần Thơ, Vĩnh Long, Đồng Tháp, Tây Ninh và kết thúc tại Thành phố Hồ Chí Minh vào trưa ngày 30/4/2026.

Lộ trình đua xe đạp Cúp Truyền hình 2026 chặng 6:

Ngày

Chặng

Lộ trình

Cự ly

Thứ Tư 08/4

06

Vòng đua quanh quảng trường Hồ Chí Minh (Nghệ An)

52 km

Xem trực tiếp Chặng 6 Cúp Truyền hình TP Hồ Chí Minh 2026 tại:

- Trang Đua xe đạp: http://duaxedap.hplus.com.vn/

- Xem kênh HTV9: https://hplus.com.vn/xem-kenh-htv9-hd-2667.html

- Xem kênh HTV7: https://hplus.com.vn/xem-kenh-htv7-hd-256.html

- Xem kênh HTV Thể thao: https://hplus.com.vn/xem-kenh-htv-the-thao-hd-4009.html

Xem trực tiếp Chặng 6 Cúp Truyền hình TP Hồ Chí Minh 2026?  (Hình từ Internet)

Căn cứ Điều 13  Luật Thể dục, thể thao 2006  được sửa đổi bởi khoản 5 Điều 1  Luật Thể dục, thể thao sửa đổi 2018  quy định thẩm quyền quyết định tổ chức giải thể thao quần chúng:

Điều 13. Thẩm quyền quyết định tổ chức giải thể thao quần chúng

1. Thủ tướng Chính phủ quyết định tổ chức các giải thể thao quần chúng sau đây:

a) Đại hội thể thao khu vực, châu lục và thế giới tổ chức tại Việt Nam cho người khuyết tật theo đề nghị của Bộ trưởng Bộ Văn hóa, Thể thao và Du lịch;

b) Đại hội thể thao khu vực, châu lục và thế giới tổ chức tại Việt Nam cho học sinh, sinh viên; Hội khỏe Phù Đổng toàn quốc cho học sinh theo đề nghị của Bộ trưởng Bộ Giáo dục và Đào tạo;

c) Đại hội thể thao khu vực, châu lục và thế giới tổ chức tại Việt Nam cho lực lượng vũ trang theo đề nghị của Bộ trưởng Bộ Quốc phòng, Bộ trưởng Bộ Công an.

2. Bộ trưởng Bộ Giáo dục và Đào tạo, Bộ trưởng Bộ Quốc phòng, Bộ trưởng Bộ Công an, trong phạm vi nhiệm vụ, quyền hạn của mình, quyết định tổ chức giải thi đấu từng môn thể thao cấp khu vực, châu lục và thế giới tổ chức tại Việt Nam cho học sinh, sinh viên và lực lượng vũ trang.

3. Bộ trưởng Bộ Văn hóa, Thể thao và Du lịch quyết định tổ chức giải thi đấu từng môn thể thao cấp khu vực, châu lục và thế giới tổ chức tại Việt Nam cho người khuyết tật; giải thi đấu thể thao quần chúng cấp quốc gia.

4. Ủy ban nhân dân các cấp quyết định tổ chức giải thi đấu thể thao quần chúng của địa phương mình.

5. Cơ quan, tổ chức quyết định tổ chức giải thi đấu thể thao quần chúng trong phạm vi nhiệm vụ, quyền hạn của mình.

6. Cơ quan, tổ chức quyết định tổ chức giải thi đấu thể thao quần chúng phải tuân theo quy định của Luật này và có trách nhiệm quy định nội dung, hình thức, chế độ bồi dưỡng, giải thưởng và bảo đảm kinh phí cho việc tổ chức giải thi đấu.

Theo đó, Thủ tướng Chính phủ quyết định tổ chức các giải thể thao quần chúng sau:

- Đại hội thể thao khu vực, châu lục và thế giới tổ chức tại Việt Nam cho người khuyết tật theo đề nghị của Bộ trưởng Bộ Văn hóa, Thể thao và Du lịch

- Đại hội thể thao khu vực, châu lục và thế giới tổ chức tại Việt Nam cho học sinh, sinh viên; Hội khỏe Phù Đổng toàn quốc cho học sinh theo đề nghị của Bộ trưởng Bộ Giáo dục và Đào tạo

- Đại hội thể thao khu vực, châu lục và thế giới tổ chức tại Việt Nam cho lực lượng vũ trang theo đề nghị của Bộ trưởng Bộ Quốc phòng, Bộ trưởng Bộ Công an.

Căn cứ Điều 38  Luật Thể dục, thể thao 2006  được sửa đổi bởi khoản 15 Điều 1  Luật Thể dục, thể thao sửa đổi 2018  quy định thẩm quyền quyết định tổ chức giải thể thao thành tích cao:

Điều 38. Thẩm quyền quyết định tổ chức giải thể thao thành tích cao

1. Thủ tướng Chính phủ quyết định tổ chức các giải thể thao quy định tại khoản 1 và khoản 2 Điều 37 của Luật này theo đề nghị của Bộ trưởng Bộ Văn hóa, Thể thao và Du lịch.

2. Bộ trưởng Bộ Văn hóa, Thể thao và Du lịch quyết định tổ chức các giải thể thao quy định tại khoản 3 và khoản 4 Điều 37 của Luật này theo đề nghị của các liên đoàn thể thao quốc gia.

3. Chủ tịch Ủy ban nhân dân cấp tỉnh quyết định tổ chức các giải thể thao sau đây:

a) Giải thể thao quy định tại khoản 5 Điều 37 của Luật này theo đề nghị của Chủ tịch liên đoàn thể thao quốc gia hoặc người đại diện theo pháp luật của tổ chức đăng cai tổ chức giải trong trường hợp chưa có liên đoàn thể thao quốc gia;

b) Giải thể thao quy định tại khoản 6 Điều 37 của Luật này theo đề nghị của người đứng đầu cơ quan chuyên môn về thể dục, thể thao thuộc Ủy ban nhân dân cấp tỉnh;

c) Giải thể thao quy định tại khoản 7 Điều 37 của Luật này theo đề nghị của Chủ tịch liên đoàn thể thao tỉnh, thành phố trực thuộc trung ương.

Theo quy định trên, Thủ tướng Chính phủ quyết định tổ chức các giải thể thao thành tích cao sau theo đề nghị của Bộ trưởng Bộ Văn hóa, Thể thao và Du lịch:

- Đại hội thể thao khu vực, châu lục và thế giới tổ chức tại Việt Nam

- Đại hội thể thao toàn quốc.","","","","","2026-04-08","https://thuvienphapluat.vn/hoi-dap-phap-luat/xem-truc-tiep-chang-6-cup-truyen-hinh-tp-ho-chi-minh-2026-138084428.html","2026-04-13T06:03:20.240844+00:00"
"138084426","Lộ trình Chặng 6 đua xe đạp Cúp truyền hình TP HCM 2026 đi qua tỉnh nào?","Ngày 10/3/2026 Đài Phát thanh và Truyền hình TPHCM đã ban hành Công văn 509/PTTH-VP năm 2026 (  Tải về ) về Cuộc đua xe đạp Cúp Truyền hình 2026 lần thứ 38.

Cuộc đua xe đạp toàn quốc tranh Cúp Truyền hình TP HCM lần thứ 38 - năm 2026 sẽ khai mạc vào ngày 03/4/2026 tại Khu di tích lịch sử Đền Hùng, tỉnh Phú Thọ và đi qua các tỉnh, thành phố: Thành phố Hà Nội, Ninh Bình, Thanh Hóa, Nghệ An, Hà Tĩnh, Quảng Trị, thành phố Huế, thành phố Đà Nẵng, Quảng Ngãi, Gia Lai, Đắk Lắk, Khánh Hòa, Lâm Đồng, Đồng Nai, thành phố Cần Thơ, Vĩnh Long, Đồng Tháp, Tây Ninh và kết thúc tại Thành phố Hồ Chí Minh vào trưa ngày 30/4/2026.

Lộ trình Chặng 6 đua xe đạp Cúp truyền hình TP HCM 2026 sẽ đua quanh quảng trường Hồ Chí Minh (Nghệ An) với tổng cự ly 52km.

Lộ trình Chặng 6 đua xe đạp Cúp truyền hình TP HCM 2026 đi qua tỉnh nào? (Hình từ Internet)

Căn cứ Điều 61  Luật Thể dục, Thể thao 2006  được sửa đổi bởi khoản 3 Điều 2  Luật Thể dục, thể thao sửa đổi 2018  quy định trường năng khiếu thể thao:

Điều 61. Trường năng khiếu thể thao

1. Trường năng khiếu thể thao là loại trường chuyên biệt được thành lập để phát triển năng khiếu của học sinh trong lĩnh vực thể thao.

Tổ chức và hoạt động của trường năng khiếu thể thao được thực hiện theo quy định của Luật giáo dục và Luật này.

2. Điều kiện thành lập trường năng khiếu thể thao:

a) Có chương trình giáo dục đào tạo chuyên môn, nghiệp vụ về các môn thể thao do hiệu trưởng nhà trường tổ chức xây dựng và quyết định;

b) Có đội ngũ cán bộ quản lý và nhà giáo đủ về số lượng và đồng bộ về cơ cấu, đạt tiêu chuẩn về phẩm chất và trình độ chuyên môn, nghiệp vụ, bảo đảm thực hiện mục tiêu, chương trình giáo dục về thể thao và văn hoá;

c) Có trường sở, thiết bị và tài chính bảo đảm đáp ứng yêu cầu hoạt động của nhà trường.

3. Chủ tịch Uỷ ban nhân dân cấp tỉnh quyết định thành lập trường năng khiếu thể thao.

4. Bộ trưởng Bộ Giáo dục và Đào tạo phối hợp với Bộ trưởng Bộ Văn hóa, Thể thao và Du lịch quy định chương trình văn hoá phổ thông giảng dạy trong trường năng khiếu thể thao trên cơ sở bảo đảm kiến thức văn hoá phổ thông cho học sinh, tạo điều kiện cho nhà trường thực hiện nhiệm vụ đào tạo, bồi dưỡng năng khiếu thể thao.

Như vậy, thành lập trường năng khiếu thể thao phải đáp ứng các điều kiện sau:

- Có chương trình giáo dục đào tạo chuyên môn, nghiệp vụ về các môn thể thao do hiệu trưởng nhà trường tổ chức xây dựng và quyết định

- Có đội ngũ cán bộ quản lý và nhà giáo đủ về số lượng và đồng bộ về cơ cấu, đạt tiêu chuẩn về phẩm chất và trình độ chuyên môn, nghiệp vụ, bảo đảm thực hiện mục tiêu, chương trình giáo dục về thể thao và văn hoá

- Có trường sở, thiết bị và tài chính bảo đảm đáp ứng yêu cầu hoạt động của nhà trường.

Căn cứ Điều 62  Luật Thể dục, Thể thao 2006  quy định như sau:

Điều 62. Nhiệm vụ, quyền hạn của trường năng khiếu thể thao

1. Tổ chức thực hiện chương trình giáo dục đào tạo chuyên môn, nghiệp vụ về các môn thể thao theo quy định tại điểm a khoản 2 Điều 61 của Luật này.

2. Tổ chức giảng dạy chương trình văn hoá phổ thông theo quy định tại khoản 4 Điều 61 của Luật này.

3. Tham gia thi đấu thể thao.

4. Tổ chức giáo dục đạo đức, nhân cách, lối sống cho học sinh.

5. Chăm sóc sức khỏe, nuôi dưỡng, bảo đảm sinh hoạt văn hóa, vui chơi, giải trí cho học sinh.

6. Tuyển dụng, quản lý, sử dụng nhân sự.

7. Quản lý, khai thác, sử dụng cơ sở vật chất, trang thiết bị.

8. Được tiếp nhận, sử dụng các nguồn tài trợ, ủng hộ của tổ chức, cá nhân.

Như vậy, trường năng khiếu thể thao có quyền và nhiệm vụ sau:

- Tổ chức thực hiện chương trình giáo dục đào tạo chuyên môn, nghiệp vụ về các môn thể thao do hiệu trưởng nhà trường tổ chức xây dựng và quyết định

- Tổ chức giảng dạy chương trình văn hoá phổ thông trên cơ sở bảo đảm kiến thức văn hoá phổ thông cho học sinh, tạo điều kiện cho nhà trường thực hiện nhiệm vụ đào tạo, bồi dưỡng năng khiếu thể thao.

- Tham gia thi đấu thể thao.

- Tổ chức giáo dục đạo đức, nhân cách, lối sống cho học sinh.

- Chăm sóc sức khỏe, nuôi dưỡng, bảo đảm sinh hoạt văn hóa, vui chơi, giải trí cho học sinh.

- Tuyển dụng, quản lý, sử dụng nhân sự.

- Quản lý, khai thác, sử dụng cơ sở vật chất, trang thiết bị.

- Được tiếp nhận, sử dụng các nguồn tài trợ, ủng hộ của tổ chức, cá nhân.","","","","","2026-04-07","https://thuvienphapluat.vn/hoi-dap-phap-luat/lo-trinh-chang-6-dua-xe-dap-cup-truyen-hinh-tp-hcm-2026-di-qua-tinh-nao-138084426.html","2026-04-13T06:03:27.041300+00:00"
"138086216","Có được đăng ký thay đổi tên khi đã phẫu thuật thay đổi ngoại hình không theo Công văn 105/HCTP-HT?","Ngày 14/01/2026, Bộ Tư pháp ban hành Công văn 105/HCTP-HT năm 2026 về việc chuyển đơn công dân đề nghị hướng dẫn đăng ký thay đổi chữ đệm, tên sau khi đã can thiệp phẫu thuật thay đổi ngoại hình.

Xem toàn bộ Công văn 105 HCTP HT 2026 về chuyển đơn công dân đề nghị hướng dẫn đăng ký thay đổi chữ đệm, tên sau khi đã can thiệp phẫu thuật thay đổi ngoại hình dưới đây:

Tải về

Cục Hành chính tư pháp nhận được Đơn đề nghị hướng dẫn đăng ký thay đổi chữ đệm, tên sau khi đã can thiệp phẫu thuật thay đổi ngoại hình. Về vấn đề này, Cục Hành chính tư pháp có ý kiến như sau:

Theo quy định của  Bộ luật Dân sự 2015 , cá nhân có quyền xác định lại giới tính (Điều 36) và chuyển đổi giới tính (Điều 37). Xác định lại giới tính là trường hợp can thiệp y học do giới tính bị khuyết tật bẩm sinh hoặc chưa định hình chính xác về mặt sinh học. Căn cứ để thay đổi thông tin hộ tịch cho người xác định lại giới tính theo quy định tại  Nghị định 88/2008/NĐ-CP .

Đối với việc chuyển đổi giới tính, dự thảo Luật Chuyển đổi giới tính vẫn chưa được xem xét thông qua nên hiện nay chưa có cơ sở pháp lý để thực hiện các yêu cầu đăng ký thay đổi hộ tịch theo điểm e khoản 1 Điều 28  Bộ luật Dân sự 2015  cho các đối tượng này.

Riêng với việc thay đổi chữ đệm, tên, nếu người có yêu cầu chứng minh được việc thay đổi chữ đệm và tên là xác đáng (do việc sử dụng tên cũ gây nhầm lẫn, ảnh hưởng đến danh dự, quyền, lợi ích hợp pháp của công dân, phù hợp quy định tại điểm a khoản 1 Điều 28  Bộ luật Dân sự 2015 ) thì Sở Tư pháp hướng dẫn cơ quan đăng ký hộ tịch có thẩm quyền giải quyết yêu cầu đăng ký thay đổi tên, chữ đệm theo đúng quy định pháp luật.

Như vậy, người đã phẫu thuật thay đổi ngoại hình có thể được xem xét thay đổi chữ đệm, tên nếu cá nhân đáp ứng điều kiện theo  Bộ luật Dân sự 2015  quy định và người có yêu cầu chứng minh được việc thay đổi chữ đệm và tên là xác đáng (do việc sử dụng tên cũ gây nhầm lẫn, ảnh hưởng đến danh dự, quyền, lợi ích hợp pháp của công dân.

Trên đây là thông tin: Có được đăng ký thay đổi tên khi đã phẫu thuật thay đổi ngoại hình không theo Công văn 105 HCTP HT?

Có được đăng ký thay đổi tên khi đã phẫu thuật thay đổi ngoại hình không theo Công văn 105/HCTP-HT? (Hình từ Internet)

Căn cứ theo Điều 28  Luật Hộ tịch 2014  quy định thủ tục đăng ký thay đổi chữ đệm và tên trong giấy khai sinh như sau:

(1)  Người yêu cầu đăng ký thay đổi, cải chính hộ tịch nộp tờ khai theo mẫu quy định và giấy tờ liên quan cho cơ quan đăng ký hộ tịch.

(2)  Trong thời hạn 03 ngày làm việc kể từ ngày nhận đủ giấy tờ theo quy định tại khoản 1 Điều này, nếu thấy việc thay đổi, cải chính hộ tịch là có cơ sở, phù hợp với quy định của pháp luật dân sự và pháp luật có liên quan, công chức tư pháp - hộ tịch ghi vào Sổ hộ tịch, cùng người yêu cầu đăng ký thay đổi, cải chính hộ tịch ký vào Sổ hộ tịch và báo cáo Chủ tịch Ủy ban nhân dân cấp xã cấp trích lục cho người yêu cầu.

Trường hợp thay đổi, cải chính hộ tịch liên quan đến Giấy khai sinh thì công chức tư pháp - hộ tịch ghi nội dung thay đổi, cải chính hộ tịch vào Giấy khai sinh.

Trường hợp cần phải xác minh thì thời hạn được kéo dài thêm không quá 03 ngày làm việc.

(3)  Trường hợp đăng ký thay đổi, cải chính hộ tịch không phải tại nơi đăng ký hộ tịch trước đây thì Ủy ban nhân dân cấp xã phải thông báo bằng văn bản kèm theo bản sao trích lục hộ tịch đến Ủy ban nhân dân nơi đăng ký hộ tịch trước đây để ghi vào Sổ hộ tịch.

Trường hợp nơi đăng ký hộ tịch trước đây là Cơ quan đại diện thì Ủy ban nhân dân cấp xã phải thông báo bằng văn bản kèm theo bản sao trích lục hộ tịch đến Bộ Ngoại giao để chuyển đến Cơ quan đại diện ghi vào Sổ hộ tịch.

Căn cứ theo Điều 46  Luật Hộ tịch 2014  được sửa đổi bởi Điều 4  Nghị định 120/2025/NĐ-CP  (VB hết hiệu lực 01/03/2027) quy định thẩm quyền đăng ký hộ tịch như sau:

Điều 46. Thẩm quyền đăng ký hộ tịch

Ủy ban nhân dân xã, phường, đặc khu (sau đây gọi là Ủy ban nhân dân cấp xã) thực hiện thẩm quyền đăng ký hộ tịch quy định tại khoản 2 Điều 7, Chương III của Luật Hộ tịch năm 2014 (sau đây gọi là Luật Hộ tịch), các Điều 1, 29, 31, 32, 33, 35, 36, 38, 39 và 41 của Nghị định số 123/2015/NĐ-CP ngày 15 tháng 11 năm 2015 của Chính phủ quy định chi tiết một số điều và biện pháp thi hành Luật Hộ tịch được sửa đổi, bổ sung năm 2020, 2022, 2025 (sau đây gọi là Nghị định số 123/2015/NĐ-CP); thẩm quyền khai thác Cơ sở dữ liệu hộ tịch điện tử, xác nhận thông tin hộ tịch quy định tại Điều 8 của Nghị định số 87/2020/NĐ-CP ngày 28 tháng 7 năm 2020 của Chính phủ quy định về Cơ sở dữ liệu hộ tịch điện tử, đăng ký hộ tịch trực tuyến được sửa đổi, bổ sung năm 2025.

Căn cứ tại Điều 27  Luật Hộ tịch 2014  quy định như sau:

Điều 27. Thẩm quyền đăng ký thay đổi, cải chính, bổ sung hộ tịch

Ủy ban nhân dân cấp xã nơi đã đăng ký hộ tịch trước đây hoặc nơi cư trú của cá nhân có thẩm quyền giải quyết việc thay đổi, cải chính hộ tịch cho người chưa đủ 14 tuổi; bổ sung hộ tịch cho công dân Việt Nam cư trú ở trong nước.

Như vậy, Ủy ban nhân dân xã, phường, đặc khu là cơ quan có thẩm quyền  giải quyết việc thay đổi họ/tên.

Tùy vào từng trường hợp cụ thể mà thẩm quyền giải quyết sẽ thuộc về từng cơ quan khác nhau.","","","","","2026-04-07","https://thuvienphapluat.vn/hoi-dap-phap-luat/co-duoc-dang-ky-thay-doi-ten-khi-da-phau-thuat-thay-doi-ngoai-hinh-khong-theo-cong-van-105hctpht-138086216.html","2026-04-13T06:03:34.503986+00:00"
"138086386","Đã có Thông tư 20/2026/TT-BNNMT sửa đổi Thông tư 24/2022 về cơ sở, vùng an toàn dịch bệnh động vật ra sao?","Ngày 03/04/2026, Bộ trưởng Bộ Nông nghiệp và Môi trường ban hành Thông tư 20/2026/TT-BNNMT sửa đổi, bổ sung một số điều của  Thông tư 24/2022/TT-BNNPTNT  quy định về cơ sở, vùng an toàn dịch bệnh động vật.

Xem toàn bộ Thông tư 20 2026 TT BNNMT sửa đổi, bổ sung một số điều của Thông tư 24/2022/TT-BNNPTNT quy định về cơ sở, vùng an toàn dịch bệnh động vật dưới đây:

Tải về

Căn cứ tại Điều 3  Thông tư 24/2022/TT-BNNPTNT  được sửa đổi bởi khoản 1 Điều 1 Thông tư 20/2026/TT-BNNMT quy định về cơ quan thẩm định và cấp Giấy chứng nhận cơ sở, vùng an toàn dịch bệnh động vật như sau:

(1)  Cục Chăn nuôi và Thú y thẩm định và cấp Giấy chứng nhận an toàn dịch bệnh động vật đối với cơ sở an toàn dịch bệnh theo yêu cầu của nước nhập khẩu; vùng an toàn dịch bệnh cấp tỉnh và vùng an toàn dịch bệnh phục vụ xuất khẩu.

(2)  Cơ quan chuyên môn được Chủ tịch Uỷ ban nhân dân cấp tỉnh giao thẩm định và cấp Giấy chứng nhận cơ sở, vùng an toàn dịch bệnh động vật (trừ trường hợp quy định tại  (1) ).

(3)  Cơ quan thẩm định và cấp Giấy chứng nhận sau đây gọi chung là Cơ quan cấp giấy.

Trên đây là thông tin: Đã có Thông tư 20 2026 TT BNNMT sửa đổi Thông tư 24/2022 về cơ sở, vùng an toàn dịch bệnh động vật ra sao?

Đã có Thông tư 20/2026/TT-BNNMT sửa đổi Thông tư 24/2022 về cơ sở, vùng an toàn dịch bệnh động vật ra sao? (Hình từ Internet)

Căn cứ theo Điều 33  Thông tư 24/2022/TT-BNNPTNT  một số từ bị thay thế bởi khoản 2 Điều 29  Thông tư 09/2025/TT-BNNMT  (VB hết hiệu lực: 01/03/2027) quy định về việc đánh giá định kỳ tại vùng an toàn dịch bệnh động vật như sau:

Điều 33. Đánh giá định kỳ, đột xuất tại vùng an toàn dịch bệnh động vật

1. Đánh giá định kỳ

Định kỳ hằng năm, theo kế hoạch quy định tại khoản 4 Điều 35 hoặc khoản 4 Điều 36 Thông tư này, Cơ quan cấp giấy thông báo và thực hiện kế hoạch đánh giá 01 lần đối với vùng đã được công nhận an toàn, nội dung đánh giá bao gồm:

a) Theo quy định tại các khoản 1, 2 và 3 Điều 29 Thông tư này và kết quả triển khai các kế hoạch hoạt động của vùng trong năm;

b) Kết quả xét nghiệm bệnh của Phòng thử nghiệm theo quy định tại điểm a hoặc điểm b khoản 6 Điều 7 Thông tư này và việc tuân thủ các quy định về kiểm dịch động vật.

2. Đánh giá đột xuất

Cơ quan cấp giấy thành lập Đoàn đánh giá khi xảy ra một trong các trường hợp sau:

a) Phát hiện vùng an toàn dịch bệnh có nguy cơ phát sinh, lây lan dịch bệnh;

b) Theo yêu cầu của nước nhập khẩu (đối với các trường hợp vùng an toàn dịch bệnh phục vụ xuất khẩu hoặc hỗn hợp);

c) Theo chỉ đạo của cơ quan quản lý nhà nước cấp trên.

3. Kết quả kiểm tra, đánh giá định kỳ tại vùng an toàn dịch bệnh được thể hiện trong Biên bản kiểm tra của Đoàn đánh giá. Các trường hợp kiểm tra không đạt yêu cầu, Cơ quan cấp giấy phải có thông báo bằng văn bản trong đó ghi rõ nội dung và thời gian hoàn thành khắc phục sai lỗi.

4. Trường hợp thiên tai, dịch bệnh thực hiện đánh giá theo quy định tại khoản 6 Điều 16 Thông tư này.

Căn cứ theo quy định hiện hành,  định kỳ hằng năm, theo kế hoạch quy định, Cơ quan cấp giấy thông báo và thực hiện kế hoạch đánh giá 01 lần đối với vùng đã được công nhận an toàn.

Căn cứ theo Điều 10  Thông tư 24/2022/TT-BNNPTNT  một số từ bị thay thế bởi khoản 2 Điều 29  Thông tư 09/2025/TT-BNNMT  (VB hết hiệu lực: 01/03/2027) quy định về điều kiện được công nhận cấp Giấy chứng nhận cơ sở an toàn dịch bệnh động vật như sau:

- Thực hiện các biện pháp phòng bệnh động vật đáp ứng các quy định tương ứng của pháp luật về thú y, chăn nuôi hoặc thủy sản và hướng dẫn chuyên môn của Cơ quan cấp giấy.

+ Vị trí địa lý đáp ứng các quy định của pháp luật về thú y, chăn nuôi hoặc thủy sản; tách biệt với cơ sở khác có chăn nuôi, nuôi trồng thủy sản cùng loài động vật cảm nhiễm;  tách biệt với các nguồn có khả năng làm lây nhiễm bệnh đăng ký công nhận an toàn;

+ Khu vực xử lý xác động vật, chất thải đáp ứng điều kiện theo quy định của pháp luật về bảo vệ môi trường và thú y;

+ Khu vực chăn nuôi,  nuôi trồng thủy sản  phải ngăn cách với các khu vực khác của cơ sở;

+ Các khu vực có nguy cơ nhiễm chéo phải có biển cảnh báo và bố trí tách biệt với nhau;

+ Hệ thống xử lý nước cấp, nước thải bảo đảm yêu cầu kỹ thuật để giảm thiểu nguy cơ mang tác nhân gây bệnh theo quy định hiện hành;

+ Có biện pháp ngăn chặn động vật hoang dã, các loài động vật khác và vật chủ trung gian truyền bệnh xâm nhập vào khu vực chăn nuôi, nuôi trồng thủy sản;

+ Có hệ thống khử trùng, tiêu độc cho người, phương tiện, dụng cụ, trang thiết bị và vật tư cần thiết khác tại lối ra, vào cơ sở, khu vực chăn nuôi, nuôi trồng thủy sản;

+ Có trang thiết bị, dụng cụ, phương tiện vận chuyển chuyên dụng, phù hợp với đối tượng chăn nuôi và nuôi trồng thủy sản, dễ vệ sinh, khử trùng để giảm thiểu nguy cơ mang tác nhân gây bệnh;

+ Có kế hoạch và tổ chức thực hiện các biện pháp an toàn sinh học.

- Có kế hoạch và tổ chức thực hiện giám sát dịch bệnh động vật.

- Không xảy ra dịch bệnh động vật.

- Hoạt động thú y tại cơ sở bảo đảm kiểm soát được dịch bệnh động vật

+ Thực hiện theo quy định về phòng, chống dịch bệnh động vật của Bộ Nông nghiệp và Phát triển nông thôn và các quy định tại Thông tư này;

+ Có kế hoạch và tổ chức thực hiện các biện pháp ứng phó dịch bệnh.","","","","","2026-04-07","https://thuvienphapluat.vn/hoi-dap-phap-luat/da-co-thong-tu-202026ttbnnmt-sua-doi-thong-tu-242022-ve-co-so-vung-an-toan-dich-benh-dong-vat-ra-sa-138086386.html","2026-04-13T06:03:41.901175+00:00"
"138086301","Lịch trình đua xe đạp Cúp Truyền hình 2026 hôm nay Chặng 5 ngày 7/4/2026 cập nhật theo giờ như thế nào?","Đài Phát thanh và Truyền hình TP.HCM (HTV) đã có Công văn 509/PTTH-VP năm 2026   Tải về  về việc phối hợp tổ chức Cuộc đua xe đạp toàn quốc tranh Cúp Truyền hình TPHCM lần thứ 38 năm 2026 với chủ đề “Non sông liền một dải”.

Lịch trình đua xe đạp Cúp Truyền hình 2026 hôm nay Chặng 5 như sau:

CHẶNG 5

Ngày

07/04/2026

Diễn giải lộ trình

P. Hạc Thành (Thanh Hóa) - P. Trường Vinh (Nghệ An)

Lộ trình chi tiết:

• 07g00:  Xuất phát trước Quảng trường Lê Lợi - đi đường Trần Phú - đường Quang Trung - ra Quốc lộ 1A - (24,5 km) qua cầu Ghép - vào khu vực Hải Châu, Nghi Sơn - vào khu vực trung tâm Nghi Sơn - (52 km) qua cầu Hổ

• 08g30:  (58 km) vào khu vực Hoàng Mai, Quỳnh Lưu, Nghệ An - (59 km) qua trạm thu phí Hoàng Mai

• 09g00:  (79 km) vào địa phận Quỳnh Lưu - (96 km) địa phận Diễn Châu - (121 km) đến ngã ba đường tránh Vinh, tiếp tục đi thẳng vào thành phố Vinh - (124 km) vào địa phận Nghi Lộc

• 10g15:  (130 km) gặp ngã ba rẽ phải - Bến xe phía Bắc Vinh - (131 km) qua cầu vượt Nghi Kim - (132,5 km) gặp cầu vượt rẽ trái vào đường Xiêng Khoảng - (133 km) qua ngã tư sân bay - rẽ phải vào đường Xô Viết Nghệ Tĩnh - Đại lộ Lê Nin

• 10g25:  (139 km) về đích tại cổng Quảng trường Hồ Chí Minh - đường Trường Thi - ngã ba An Dương Vương (Phường Trường Vinh, Nghệ An)

------------------------------------------------------------------

• Sprint 1: (59,5 km) - Đại lý TĐÁ (Phường Trúc Lâm, Thanh Hóa)

• Sprint 2: (93,5 km) - Đại lý TĐÁ Đại Nghĩa (Xã Đức Châu, Nghệ An)

• Trạm thu phí: Hoàng Mai (58 km)

• Dự kiến về đích: 10g30.

Cự ly

139 Km

Cuộc đua xe đạp toàn quốc tranh Cúp Truyền hình TPHCM lần thứ 38 - năm 2026 sẽ khai mạc vào ngày 03/4/2026 tại Khu di tích lịch sử Đền Hùng, tỉnh Phú Thọ và kết thúc tại Thành phố Hồ Chí Minh vào trưa ngày 30/4/2026.

Dưới đây là link xem trực tiếp đua xe đạp Cúp Truyền hình 2026:

- Trang Đua xe đạp: http://duaxedap.hplus.com.vn/

- Xem kênh HTV9: https://hplus.com.vn/xem-kenh-htv9-hd-2667.html

- Xem kênh HTV7: https://hplus.com.vn/xem-kenh-htv7-hd-256.html

- Xem kênh HTV Thể thao: https://hplus.com.vn/xem-kenh-htv-the-thao-hd-4009.html

Xem toàn bộ:  Lịch trình 25 chặng đua xe đạp Cúp Truyền hình 2026

Lịch trình đua xe đạp Cúp Truyền hình 2026 hôm nay Chặng 5 cập nhật theo giờ như thế nào? (Hình từ Internet)

Căn cứ theo Điều 12  Thông tư 14/2013/TT-BVHTTDL  quy định về trách nhiệm của các tổ chức, cá nhân như sau:

Điều 12. Trách nhiệm của các tổ chức, cá nhân

1. Tổ chức, cá nhân đứng ra tổ chức giải thi đấu Xe đạp thể thao có trách nhiệm báo cáo hoặc xin phép tổ chức giải bằng văn bản với cơ quan quản lý nhà nước về văn hóa, thể thao và du lịch theo quy định của pháp luật.

2. Ban Tổ chức giải có trách nhiệm:

a)  Xây dựng kế hoạch tổ chức, chương trình, lịch trình và lộ trình thi đấu ; đảm bảo an toàn và các yêu cầu chuyên môn;

b) Phối hợp với các cơ quan Công an, Giao thông vận tải, Y tế, Thông tin – truyền thông và các cơ quan có liên quan xây dựng và tổ chức thực hiện kế hoạch đảm bảo công tác an toàn, trật tự, công tác y tế, sơ cứu, cấp cứu trong quá trình thi đấu, công tác tuyên truyền, quảng cáo theo quy định của pháp luật.

[..]

Như vậy, ban tổ chức là người xây dựng kế hoạch về lịch trình và lộ trình thi đấu của cuộc thi đua xe đạp thể thao.

Căn cứ theo Điều 6  Thông tư 14/2013/TT-BVHTTDL  quy định về đường đua Xe đạp địa hình như sau:

Điều 6. Đường đua Xe đạp địa hình

1. Có các bảng báo hiệu đánh dấu đường đua theo quy định của Luật thi đấu Xe đạp thể thao.

2. Đánh dấu và báo hiệu các chướng ngại vật trên đường đua.

3. Đặt các vật liệu mềm hoặc đệm tại các khu vực có thể gây nguy hiểm cho vận động viên.

4. Có lưới hoặc  hàng rào bảo vệ  tại các khu vực nguy hiểm: vực, dốc đứng.

5. Khu vực an toàn ngăn cách giữa khán giả với đường đua rộng tối thiểu 2m và phải có  hàng rào bảo vệ .

6. Có  hàng rào bảo vệ  khu vực trước đích 100m và sau đích 50m.

Như vậy, đường đua Xe đạp địa hình có hàng rào bảo vệ ở các khu vực sau:

- Các khu vực nguy hiểm: vực, dốc đứng

- Khu vực an toàn ngăn cách giữa khán giả với đường đua rộng

- Khu vực trước đích 100m và sau đích 50m.

* Trên đây là toàn bộ nội dung về Lịch trình đua xe đạp Cúp Truyền hình 2026 hôm nay Chặng 5 cập nhật theo giờ.","","","","","2026-04-07","https://thuvienphapluat.vn/hoi-dap-phap-luat/lich-trinh-dua-xe-dap-cup-truyen-hinh-2026-hom-nay-chang-5-ngay-742026-cap-nhat-theo-gio-nhu-the-na-138086301.html","2026-04-13T06:03:48.838697+00:00"
"138085919","Hướng dẫn nguyên tắc áp dụng mã hóa bệnh theo ICD-10 chi tiết thế nào?","Căn cứ Điều 4 Thông tư 06/2026/TT-BYT   Tải về   quy định hướng dẫn nguyên tắc áp dụng mã hóa bệnh theo ICD-10 như sau:

[1]. Các cột từ cột 1 đến cột 23 của Danh mục mã bệnh theo ICD-10 quy định tại Phụ lục ban hành kèm theo Thông tư 06/2026/TT-BYT cung cấp thông tin, dữ liệu về một mã bệnh cụ thể.

[2]. Các cột từ cột 24 đến cột 29 của Danh mục mã bệnh theo ICD-10 quy định tại Phụ lục ban hành kèm theo Thông tư 06/2026/TT-BYT được áp dụng cho từng mã ICD-10 theo nguyên tắc như sau:

- Cột 24 xác định mã không được dùng là bệnh chính;

- Cột 25 xác định mã không được khuyến khích dùng là bệnh chính;

- Cột 26 xác định mã không được sử dụng vì có mã 4 hoặc 5 ký tự cụ thể hơn;

- Cột 27 xác định mã chỉ sử dụng để mã hóa nguyên nhân tử vong;

- Cột 28 xác định mã chỉ có hoặc chủ yếu có ở nữ giới;

- Cột 29 xác định mã chỉ có hoặc chủ yếu có ở nam giới.

[3]. Quy định chung về một số thuật ngữ:

- Bệnh chính là bệnh hoặc tình trạng bệnh lý mà người bệnh phải đến cơ sở khám bệnh, chữa bệnh để khám bệnh, chữa bệnh và được chẩn đoán xác định khi kết thúc lượt khám bệnh, chữa bệnh. Trường hợp có nhiều bệnh hoặc nhiều tình trạng bệnh lý thì bệnh hoặc tình trạng bệnh lý nào phải sử dụng nhiều nguồn lực (chi phí, dịch vụ, nhân lực) nhất được xác định là bệnh chính. Trường hợp không đưa ra được chẩn đoán xác định bệnh thì những triệu chứng chính hoặc rối loạn, bất thường được xác định là bệnh chính;

- Bệnh kèm theo là những bệnh cùng tồn tại với bệnh chính ở thời điểm người bệnh đến cơ sở khám bệnh, chữa bệnh để khám bệnh, chữa bệnh hoặc bệnh tiến triển hoặc được phát hiện trong quá trình điều trị bệnh chính, có ảnh hưởng đến việc chăm sóc và điều trị cho người bệnh, dẫn đến việc kéo dài thời gian nằm viện hoặc phải sử dụng thêm nguồn lực;

- Biến chứng là bệnh hoặc hội chứng hoặc tình trạng bệnh lý xuất hiện trong quá trình điều trị do hậu quả của bệnh tật, chấn thương, can thiệp y khoa trước đó hoặc do tiến triển xấu đi của bệnh trong quá trình điều trị;

- Di chứng là tình trạng bệnh lý còn lại của bệnh tật, chấn thương, can thiệp y khoa sau khi đã được điều trị hoặc do ảnh hưởng lâu dài của một bệnh hoặc tổn thương xảy ra sau điều trị.

[4]. Kỹ thuật mã hóa bệnh tật trong quá trình triển khai áp dụng được thực hiện theo hướng dẫn chuyên môn kỹ thuật của Bộ Y tế.

Trên đây là thông tin về Hướng dẫn nguyên tắc áp dụng mã hóa bệnh theo ICD-10 chi tiết thế nào?

Hướng dẫn nguyên tắc áp dụng mã hóa bệnh theo ICD-10 chi tiết thế nào? (Hình từ Internet)

Căn cứ theo khoản 1 Điều 5  Luật Khám bệnh, chữa bệnh 2023  được sửa đổi bởi khoản 9 Điều 55  Luật Quy hoạch 2025 , nội dung quản lý nhà nước trong khám chữa bệnh, gồm:

- Xây dựng, ban hành và tổ chức thực hiện các văn bản quy phạm pháp luật về khám bệnh, chữa bệnh; ban hành hệ thống tiêu chuẩn, quy chuẩn kỹ thuật khám bệnh, chữa bệnh;

- Xây dựng, ban hành và tổ chức thực hiện chiến lược, chính sách, chương trình, đề án, kế hoạch về khám bệnh, chữa bệnh;

- Xây dựng, ban hành và tổ chức thực hiện quy hoạch mạng lưới cơ sở y tế công lập theo quy định của pháp luật về quy hoạch;

- Quy định về chuyên môn kỹ thuật, tiêu chí, tiêu chuẩn, quy chuẩn trong khám bệnh, chữa bệnh;

- Tổ chức, xây dựng, quản lý hệ thống cơ sở khám bệnh, chữa bệnh; đánh giá chất lượng cơ sở khám bệnh, chữa bệnh;

- Cấp, đình chỉ, thu hồi giấy phép hành nghề đối với người hành nghề, giấy phép hoạt động đối với cơ sở khám bệnh, chữa bệnh;

- Đào tạo, bồi dưỡng phát triển nguồn nhân lực cho hoạt động khám bệnh, chữa bệnh; giáo dục, tuyên truyền, phổ biến kiến thức, pháp luật về khám bệnh, chữa bệnh; hướng dẫn việc thực hiện chế độ luân phiên có thời hạn đối với người hành nghề;

- Tổ chức nghiên cứu, phát triển khoa học và công nghệ, ứng dụng và chuyển giao công nghệ trong khám bệnh, chữa bệnh;

- Xây dựng, quản lý và vận hành Hệ thống thông tin về quản lý hoạt động khám bệnh, chữa bệnh;

- Quản lý nhà nước về giá dịch vụ khám bệnh, chữa bệnh theo quy định của Luật này và pháp luật về giá;

- Hợp tác quốc tế trong lĩnh vực khám bệnh, chữa bệnh;

- Thanh tra, kiểm tra, giải quyết khiếu nại, tố cáo và xử lý vi phạm pháp luật về khám bệnh, chữa bệnh.

Căn cứ theo khoản 1, khoản 2 Điều 21  Luật Khám bệnh, chữa bệnh 2023 , ngôn ngữ sử dụng trong khám bệnh, chữa bệnh là tiếng Việt, ngoại trừ các trường hợp người hành nghề là người nước ngoài, người Việt Nam định cư ở nước ngoài (sau đây gọi là người hành nghề nước ngoài) được sử dụng ngôn ngữ khác tiếng Việt để khám bệnh, chữa bệnh cho người bệnh thuộc một trong các trường hợp sau:

- Người bệnh có cùng ngôn ngữ mẹ đẻ với người hành nghề; người bệnh có khả năng sử dụng chung ngôn ngữ mà người hành nghề đã đăng ký;

- Người bệnh là người nước ngoài và không thuộc trường hợp quy định tại điểm a khoản 2 Điều 21  Luật Khám bệnh, chữa bệnh 2023 ;

- Khám bệnh, chữa bệnh nhân đạo theo đợt; chuyển giao kỹ thuật chuyên môn về khám bệnh, chữa bệnh theo thỏa thuận hợp tác giữa cơ sở khám bệnh, chữa bệnh của Việt Nam với cơ sở y tế của nước ngoài.","","","","","2026-04-06","https://thuvienphapluat.vn/hoi-dap-phap-luat/huong-dan-nguyen-tac-ap-dung-ma-hoa-benh-theo-icd10-chi-tiet-the-nao-138085919.html","2026-04-13T06:03:56.768810+00:00"
"138086285","Diễn giải lộ trình 25 chặng đua xe đạp Cúp Truyền hình 2026 chi tiết như thế nào?","Đài Phát thanh và Truyền hình TP.HCM (HTV) đã có Công văn 509/PTTH-VP năm 2026   Tải về  về việc phối hợp tổ chức Cuộc đua xe đạp toàn quốc tranh Cúp Truyền hình TP.HCM lần thứ 38 năm 2026 với chủ đề  “Non sông liền một dải” .

Cuộc đua xe đạp toàn quốc tranh Cúp Truyền hình TPHCM lần thứ 38 - năm 2026 sẽ khai mạc vào ngày 03/4/2026 tại Khu di tích lịch sử Đền Hùng, tỉnh Phú Thọ và kết thúc tại Thành phố Hồ Chí Minh vào trưa ngày 30/4/2026.

Dưới đây là diễn giải lộ trình đua xe đạp Cúp Truyền hình 2026 chi tiết 25 chặng:

CHẶNG 1

Ngày

03/04

Diễn giải lộ trình

LỄ KHAI MẠC - Phường Việt Trì, Phú Thọ (Vòng Đua Quanh Công Viên Văn Lang)

Lộ trình chi tiết:

• 08g30: Xuất phát tại Quảng trường Công viên Văn Lang (đối diện Sở Y tế) - đường Trần Phú (400 m) - rẽ trái vào đường Tiên Dung (3 km) qua cầu Tiên Du - rẽ trái vào đường Hai Bà Trưng - rẽ trái vào đường Nguyễn Tất Thành (4,5 km) - rẽ trái vào đường Trần Phú (5 km) - quay trở lại Công viên Văn Lang, kết thúc vòng đua.

--------------------------------------------------------------

• Sprint 1: Vòng 3.

• Sprint 2: Vòng 6.

• Dự kiến kết thúc chặng 1 lúc 10g45

Cự ly

50 Km

CHẶNG 2

Ngày

04/04

Diễn giải lộ trình

P. Việt Trì (Phú Thọ) - P. Vĩnh Yên (Phú Thọ) - X. Đông Anh (TP. Hà Nội)

Lộ trình chi tiết:

• 08g00: Xuất phát Cổng Đền Hùng - đường Lạc Hồng - đường Nguyễn Tất Thành - rẽ trái đường Trường Chinh (2 km) - rẽ trái đường Hùng Vương (Quốc lộ 2 cũ) - qua cầu vượt cao tốc - ngã ba Then bám trái Quốc lộ 2 - vòng xuyến . Bãi Bằng - tiếp tục Quốc lộ 2 - ngã ba Phù Lỗ rẽ trái vào Phủ Lỗ - ngã ba Tiên Kiến rẽ trái - trở lại Quốc lộ 32C - Cổng Đền Hùng (19,4 km) • 08g25: (32 km) - trở lại đường Nguyễn Tất Thành

• 08g50: ngã tư Hai Bà Trưng - tiếp tục đường Nguyễn Tất Thành - Siêu thị Go (35 km) - rẽ trái đường Hùng Vương (Quốc lộ 2) (42 km)

• 09g00: qua cầu Hạc Trì (cấu Việt Trì mới) - vào địa phận tỉnh Vĩnh Phúc

• 09g05: (44 km) - qua trạm thu phí cầu Hạc Trì - gặp vòng xoay ôm trái tiếp tục Quốc lộ 2 - (45 km) gặp ngã ba rẽ trái tiếp tục Quốc lộ 2 - gặp ngã ba đi thẳng hướng Vĩnh Yên - (47 km) ngã tư Tân Tiền đi thằng Quốc lộ 2 - (55 km) ngã tư Đại Đồng đi thẳng Quốc lộ 2 - vòng xoay đi thẳng - cổng chào Phường Vĩnh Yên - tiếp tục đường Hùng Vương (65 km) - Nguyễn Tất Thành (71 km) - đường Đình Ấm (74 km) - qua cầu vượt đường sắt số 2 - (75,5 km) qua cổng chào hết địa phận Vĩnh Yên - (77,8 km) đến vòng xoay rẽ trái vào Quốc lộ 2A - (80,8 km) đến vòng xoay lớn rẽ phải vào đường Mê Linh

• 09g50: vào địa phận Thành phố Hà Nội - (83 km) trở lại địa phận tỉnh Vĩnh Phúc - (89 km) trở lại địa phận Thành phố Hà Nội - (85 km) qua cầu Thường Lệ - (92 km) ôm bên phải vào đường Võ Văn Kiệt - (89 km) ôm phải đi bên dưới cầu vượt Kim Chung - rẽ trái vào đường Hoàng Sa (Quốc lộ 5 kéo dài)rẽ trái vào đường Hoàng Sa (Quốc lộ 5 kéo dài) - (91 km) lên cầu vượt đường sắt

- (92,5 km) gặp ngã tư tiếp tục đi thắng - (95 km) đi qua cầu vượt Vĩnh Ngọc - (96,5 km) gặp ngã tư rẽ trái vào đường Bắc Thăng Long (đường 6 cây cũ) - (97,5 km) gặp ngã ba rẽ trái vào Quốc lộ 3, qua cầu Đôi - (99,5 km) rẽ phải vào đường Cao Lỗ

• 10g15: (100 km) - về đích tại Nhà văn hóa xã Đông Anh – Thành phố Hà Nội

--------------------------------------------------------------------

• Sprint 1: (32 km) - Phường Việt Trì, tỉnh Phú Thọ

• Sprint 2: (63 km) - Cổng chào Phường Vĩnh Yên, tỉnh Phú Thọ

• Dự kiến về đích: 10g20 - 10g40.

Cự ly

100 Km

CHẶNG 3

Ngày

05/04

Diễn giải lộ trình

Vòng Đua Hồ Hoàn Kiếm (P. Hoàn Kiếm, TP. Hà Nội)

Lộ trình chi tiết:

• 08g30: Xuất phát tại phía trước tượng đài Quyết tử - đi theo đường Đinh Tiên Hoàng - rẽ trái vào đường Lê Thái Tổ - rẽ trái vào đường Hàng Khay - rẽ trái về lại đường Đinh Tiên Hoàng - về đích tại phía trước tượng đài Quyết tú.

-----------------------------------------------------------------

• Sprint 1: Vòng 08.

• Sprint 2: Vòng 16.

Dự kiến về đích lúc 9g45 và trao thưởng chặng 3 vào lúc 10g15

Cự ly

42,5 Km

CHẶNG 4

Ngày

06/04

Diễn giải lộ trình

P. Ba Đình (TP. Hà Nội) - Ninh Bình - P. Hạc Thành (Thanh Hóa)

Lộ trình chi tiết:

• 07g00: Xuất phát (diễu hành): Điện Biên Phủ - Lê Duẩn - (500 m) cổng xe lửa Cửa Nam - lên cầu vượt Trường Chinh - Giải Phóng - (07 km) Ngã tư Pháp Vân.

• 08g05: Vào địa phận Phú Xuyên.

• 08g10: Qua cổng xe lửa Đại Xuyên - rẽ phải vào đường lớn (Quốc lộ 1) - quay đầu chữ U - lên cầu Giẽ hướng về Phủ Lý - xuất chính thức

• 08g15: (02 km) vào địa phận Ninh Bình (Hà Nam cũ) - (03 km) trạm thu phí Nam cầu Giẽ

• 08g35: (18,7 km) đi ngang đường ray xe lửa.

• 09g00: (37,6 km) qua cầu Đoan Vĩ - vào địa phận Phường Ninh Bình - (41,9 km) qua cầu Gián Khẩu

• 09g10: (43 km) ngã ba đường tránh, tiếp tục đi thẳng vào Ninh Bình theo đường Trần Hưng Đạo.

• 09g15: (49 km) vào trung tâm Ninh Binh - (51,5 km) qua ngã ba Kim Sơn

• 09g20: (57,4 km) qua cổng xe lửa địa phận Mai Sơn - (67 km) qua cầu vượt cổng xe lửa

• 09g50: (71,5 km) vào địa phận Bỉm Sơn (Thanh Hóa) - qua trạm thu phí Tào Xuyên (không còn hoạt động) - (76,8 km) lên cầu vượt đường sắt Bỉm Sơn - (85 km) vào địa phận Hà Trung - (88 km) qua cầu Đò Lèn.

• 10g25: (102,5 km) qua cầu vượt đường tránh Thanh Hóa.

• 10g30: (104,5 km) qua cầu Sông Tào.

• 10g35: (110,5 km) qua cầu Nguyệt Viên - (112,2 km) gặp vòng xoay chim Hạc, đi thẳng vào đại lộ Lê Lợi

• 10g40: (114 km) về đích tại trước Công viên Hội An – Phường Hàm Rồng (đối diện chợ Vườn Hoa).

---------------------------------------------------------------------

• Sprint 1: (35 km) – Cầu Đoan Vĩ.

• Sprint 2: (70 km) – Trung tâm văn hoá Tam Điệp - Ninh Bình.

• Trạm thu phí Nam Cầu Giẽ (03 km).

• Dự kiến Về đích lúc 10g40 – 10g50

Cự ly

114 Km

CHẶNG 5

Ngày

07/04

Diễn giải lộ trình

P. Hạc Thành (Thanh Hóa) - P. Trường Vinh (Nghệ An)

Lộ trình chi tiết:

• 07g00: Xuất phát trước Quảng trường Lê Lợi - đi đường Trần Phú - đường Quang Trung - ra Quốc lộ 1A - (24,5 km) qua cầu Ghép - vào khu vực Hải Châu, Nghi Sơn - vào khu vực trung tâm Nghi Sơn - (52 km) qua cầu Hổ

• 08g30: (58 km) vào khu vực Hoàng Mai, Quỳnh Lưu, Nghệ An - (59 km) qua trạm thu phí Hoàng Mai

• 09g00: (79 km) vào địa phận Quỳnh Lưu - (96 km) địa phận Diễn Châu - (121 km) đến ngã ba đường tránh Vinh, tiếp tục đi thẳng vào thành phố Vinh - (124 km) vào địa phận Nghi Lộc

• 10g15: (130 km) gặp ngã ba rẽ phải - Bến xe phía Bắc Vinh - (131 km) qua cầu vượt Nghi Kim - (132,5 km) gặp cầu vượt rẽ trái vào đường Xiêng Khoảng - (133 km) qua ngã tư sân bay - rẽ phải vào đường Xô Viết Nghệ Tĩnh - Đại lộ Lê Nin

• 10g25: (139 km) về đích tại cổng Quảng trường Hồ Chí Minh - đường Trường Thi - ngã ba An Dương Vương (Phường Trường Vinh, Nghệ An)

------------------------------------------------------------------

• Sprint 1: (59,5 km) - Đại lý TĐÁ (Phường Trúc Lâm, Thanh Hóa)

• Sprint 2: (93,5 km) - Đại lý TĐÁ Đại Nghĩa (Xã Đức Châu, Nghệ An)

• Trạm thu phí: Hoàng Mai (58 km)

• Dự kiến về đích: 10g30.

Cự ly

139 Km

CHẶNG 6

Ngày

08/04

Diễn giải lộ trình

Vòng Đua Quanh Quảng Trường Hồ Chí Minh (P. Trường Vinh, Nghệ An)

Lộ trình chi tiết:

• 08g20: Xuất phát tại quảng trường Hồ Chí Minh - cổng đường Trường Thi (sử dụng 1/2 mặt đường bên phải) - | Trần Phú - Lê Mao - Hồ Tùng Mậu (sử dụng 2/3 mặt đường bên phải) - Trường Thi.

---------------------------------------------------------------------

• 2,6 km x 20 vòng = 52 km.

• Sprint 1: Vòng 7.

• Sprint 2: Vòng 14.

• Dự kiến trao thưởng lúc 09h30 – 09g45.

Cự ly

52 km

CHẶNG 7

Ngày

09/04

Diễn giải lộ trình

P. Trường Vinh (Nghệ An) - Hà Tĩnh - P. Đồng Hới (Quảng Trị) *Leo Đèo Ngang*

Lộ trình chi tiết:

• 06g30: Xuất phát trong Quảng trường Hồ Chí Minh - ngang tượng đài Chủ tịch Hồ Chí Minh - đường Trường Thi - vòng xoay rẽ trái đường Lê Duẩn - đường Nguyễn Du - (2,8 km) trạm thu phí Bến Thủy - qua cầu Bến Thủy 1

• 06g40: Vào địa phận tỉnh Hà Tĩnh - (3 km) gặp cầu vượt đi thẳng - khu vực Xuân An, Nghi Xuân - theo Quốc lộ 1A - (18 km) vòng xoay đi thẳng vào Hồng Lĩnh

• 07g15: (29 km) qua cầu Nghèn - (39 km) vòng xoay đường tránh tiếp tục Quốc lộ 1A

• 07g35: (43 km) vào địa phận Hà Tỉnh - (47 km) vòng xoay lớn đi thẳng đường Hà Huy Tập - (50 km) qua cầu Phủ - (53 km) ngã ba lớn tiếp tục Quốc lộ 1A - (61 km) ngã ba lớn tiếp tục Quốc lộ 1A - (65 km) vào địa phận thị xã Cẩm Bình

• 08g15: (77 km) vào địa phận Kỳ Anh - (92 km) qua cầu Khe Cà - (96 km) vòng xoay đường tránh Kỳ Anh đi thẳng

• 08g50: (99 km) vào khu vực Kỳ Anh

• 09g40: (127 km) ngã ba đèo Ngang đi thẳng lên đường đèo - bắt đầu đèo Ngang - (130 km) đỉnh đèo Ngang - vào địa phận tỉnh Quảng Trị (Quảng Bình cũ) - (132 km) xuống hết đèo

• 10g05: (140 km) trạm thu phí Tasco Quảng Bình

• 10g45: (156 km) vào khu vực phường Ba Đồn, Quảng Trạch - (161 km) qua cầu Gianh

• 11g20: (191 km) vào địa phận phường Đồng Hơi - (194 km) ngã ba đi thẳng đường Lý Thường Kiệt - ngã tư lớn tiếp tục đường Lý Thường Kiệt

• 11g30: (197,5 km) về đích tại khu vực phía trước Quảng trường Chủ tịch Hồ Chí Minh – phường Đồng Hới, tỉnh Quảng Trị

---------------------------------------------------------------

• Sprint 1: (70 km) – Đại lý TĐÁ Hoàng Huy Phước – xã Cẩm Thạch (Hà Tĩnh)

• Sprint 2: (112 km) – Đại lý TĐÁ Hoàng Huy Phước – xã Vũng Áng (Hà Tĩnh)

• Sprint 3: (157 km) – Phường Ba Đồn (Quảng Trị)

• Đỉnh đèo Ngang: (130 km)

• Trạm thu phí: (2,8 km) Bến Thủy - (140 km) Tasco Quảng Bình

Dự kiến về đích và trao thưởng: 11g30 – 12g00.

Cự ly

197,5 Km

CHẶNG 8

Ngày

10/04

Diễn giải lộ trình

P. Đồng Hới (Quảng Trị) - P. Phú Xuân (TP. Huế)

Lộ trình chi tiết:

• 07g00: Xuất phát tại Quảng trường Hồ Chí Minh - đường Quang Trung - qua cầu Dài - Quốc lộ 1A - (6 km) ngã ba đi bên phải Quốc lộ 1A - (8 km) ngã ba lớn ôm vòng xoay qua cầu Quán Hàu

• 07g30: Qua trạm thu phí Quán Hàu - (9,5 km) ngã ba đường tránh Lệ Thủy đi thẳng Quốc lộ 1A - (21,2 km) hết địa phận Quảng Ninh, vào Lệ Thủy

• 08g40: (62 km) vào khu vực Hồ Xá, xã Vĩnh Linh - (67 km) ngã ba rẽ trái

• 08g50: (71 km) qua cầu Hiền Lương - (77 km) qua Dốc Miếu

• 09g15: (80 km) vào khu vực xã Gio Linh - (92,5 km) ngã tư Lê Duẩn (Quốc lộ 1A) - Quốc lộ 9, rẽ phải Quốc lộ 9 - (96,5 km) ngã ba đường mới rẽ trái - (99,8 km) ngã tư AH16/Quốc lộ 9 rẽ trái vào đường AH16

• 09g35: (102 km) Nghĩa trang Liệt sĩ Đường 9

• 09g45: (106 km) ngã tư rẽ phải Quốc lộ 9 - (109 km) qua cầu vượt đường sắt - ngã ba Quốc lộ 1A rẽ phải trở lại Quốc lộ 1A - (112,5 km) qua cầu Lai Phước, hết địa phận phường Đông Hà

• 10g00: (115 km) qua trạm thu phí Quảng Trị - khu vực Ái Tử, xã Triệu Phong - (121 km) qua cầu Thạch Hãn, vào phường Quảng Trị - tiếp tục Quốc lộ 1A - (126,5 km)

• 10g45: (140 km) qua cầu Mỹ Chánh - (144,5 km) vào địa phận Thành phố Huế - (148,5 km) qua cầu Phò Trạch, vào phường Phong Điền - (161 km) qua cầu An Lỗ - (165,5 km) ngã ba đường tránh đi thẳng bên trái Quốc lộ 1A

• 11g15: (170 km) vào trung tâm phường Phú Xuân – Thành phố Huế - đường Lý Thái Tổ - (177 km) ngã tư cầu Dã Viên rẽ trái

• 11g25: (178 km) về đích tại ngã ba Lê Duẩn - Cửa Quảng Đức (cách Phu Văn Lâu 100 m, Phường Phú Xuân – Thành phố Huế)

-----------------------------------------------------------------------

• Sprint 1: (60 km) – Đại lý TĐÁ Đại Lợi (xã Vĩnh Linh - Quảng Trị)

• Sprint 2: (102 km) – Nghĩa trang Liệt sĩ Đường 9 (phường Đông Hà)

• Sprint 3: (125,5 km) – Đại lý TĐÁ Phước Dũng (xã Hải Lăng - Quảng Trị)

• Trạm thu phí: (9 km) Quán Hàu - (109,5 km) Quảng Trị

• Dự kiến về đích: 11g10 - 11g25.

Cự ly

178 km

CHẶNG 9

Ngày

12/04

Diễn giải lộ trình

Vòng Đua Trường Tiền - Phú Xuân (TP. Huế)

Lộ trình chi tiết:

• 08g30: Xuất phát trước Trường THPT chuyên Quốc Học Huế - đi theo đường Lê Lợi (sử dụng toàn bộ mặt đường) – rẽ trái lên cầu Phú Xuân (lấy 2/3 mặt đường để ôm rộng góc cua ra đảo đèn – sau 15m thì lấy 1/2 mặt cầu bên trái) – rẽ trái vào đường Lê Duẩn (lấy 1/2 mặt đường) - rẽ trái lên cầu Dã Viên (lấy 2/3 mặt đường ôm rộng góc cua ra đảo đèn

- sau 15m thì lấy 1/2 mặt cầu bên trái) - xuống đường Bùi Thị Xuân (lấy 1/2 mặt đường bên trái) – rẽ trái vào đường Lê Lợi.

----------------------------------------------------------------

• 12 vòng x 4,5 km = 54 km

• Sprint 1: Vòng 4

• Sprint 2: Vòng 8

• Dự kiến về đích: 9g45

Cự ly

54 Km

CHẶNG 10

Ngày

13/04

Diễn giải lộ trình

P. Phú Xuân (TP. Huế) - P. Sơn Trà (TP. Đà Nẵng) *Leo Đèo Phước Tượng, Đèo Phú Gia, Đèo Hải Vân*

Lộ trình chi tiết:

• 08g00: Xuất phát tại Phu Văn Lâu - đường Lê Duẩn - (1,2 km) ngã tư rẽ trái lên cầu Dã Viên - xuống cầu rẽ trái đường Bùi Thị Xuân - (2,4 km) qua cầu Ga rẽ trái đường Lê Lợi - qua Trường Quốc học Huế - Bảo tàng Hồ Chí Minh - (3,5 km) cầu Phú Xuân rẽ phải đường Hà Nội - (4,5 km) vòng xoay lớn đi thẳng đường Hùng Vương - đường An Dương Vương - ra Quốc lộ 1A

• 08g20: (19,5 km) ngã ba đường tránh Huế tiếp tục Quốc lộ 1A

• 08g25: (22 km) qua trạm thu phí Phủ Bài

• 09g00: (47 km) bắt đầu đèo Phước Tượng - (48,8 km) đỉnh đèo Phước Tượng - (50,2 km) xuống hết đèo - ngã ba rẽ trái tiếp tục Quốc lộ 1A • 09g20: (61,5 km) bắt đầu đèo Phú Gia - (63 km) đỉnh đèo Phú Gia - (67,5 km) xuống hết đèo - (70,2 km) ngã ba lớn đi bên phải qua cầu Lăng Cô

• 09g35: (71,2 km) bắt đầu đèo Hải Vân - (72,7 km) cổng xe lửa chân đèo Hải Vân

• 10g00: (81,7 km) đỉnh đèo Hải Vân, vào địa phận Thành phố Đà Nẵng

• 10g10: (90,7 km) xuống hết đèo Hải Vân - (92,5 km) cổng xe lửa (ngã ba Nguyễn Văn Cừ - đường vào hầm Hải Vân) - qua cầu Nam Ô - đường Nguyễn Văn Cừ - đường Nguyễn Lương Bằng

• 10g15: (95,3 km) ngã ba lớn rẽ trái đường Nguyễn Tất Thành - qua cổng xe lửa - tiếp tục đường Nguyễn Tất Thành - (103,5 km) vòng xoay lớn rẽ phải đường 3 Tháng 2

• 10g30: (105,5 km) vòng xoay rẽ trái lên cầu Thuận Phước - đường Lê Đức Thọ - qua cầu Mãn Quang - tiếp tục đường Lê Đức Thọ - qua ngã tư Yết Kiêu - ngã ba rẽ phải đường Hoàng Sa - đường Võ Nguyên Giáp

• 10g45: (113 km) về đích tại ngã ba Võ Nguyên Giáp – Morison (Phường Sơn Trà – Thành phố Đà Nẵng)

-------------------------------------------------------------------------

• Sprint: (27 km) – Đại lý TĐÁ Thành Đạt 2 (Xã Hưng Lộc, Thành phố Huế)

• Trạm thu phí: (22 km) Phủ Bài

• Đỉnh đèo:

• Đỉnh đèo Phước Tượng: (50 km) Đỉnh đèo Phú Gia: (63 km)

• Đỉnh đèo Hải Vân: (81,7 km)

• Dự kiến về đích: 10g45 – 11g00.

Cự ly

113 Km

CHẶNG 11

Ngày

14/04

Diễn giải lộ trình

P. Hải Châu (TP. Đà Nẵng) - P. Cẩm Thành (Quảng Ngãi)

Lộ trình chi tiết:

• 07g30: Xuất phát - đường Bạch Đằng (Bình Minh 6) - (0,7 km) rẽ phải lên cầu Rồng - (1,7 km) vòng xoay ôm phải đường Ngô Quyền - (2,7 km) ngã tư ôm phải đường Nguyễn Văn Thoại - lên cầu Trần Thị Lý - (4 km) không qua hầm chui - (4,3 km) vòng xoay rẽ trái đường 2 Tháng 9 - (5,2 km) Quảng trường 29 Tháng 3 - (7,1 km) ngã tư đi thẳng đường Cách Mạng Tháng 8 - cầu Đò Xu - ngã tư Nguyễn Hữu Thọ tiếp tục đường Cách Mạng Tháng 8 - (9,1 km) rẽ trái đường Ông Ích Đường - (9,8 km) qua cầu Cầm Lệ - đường Phạm Hùng - (13,2 km) ngã ba rẽ trái Quốc lộ 1A

• 08g10: (19,2 km) qua trạm thu phí Điện Bàn - (22,4 km) ngã ba Điện Bàn đi thắng - qua cầu Vĩnh Điện - (28 km) qua cầu Câu Lâu (sông Thu Bồn) - (32,1 km) ngã ba ôm trải qua cầu Trị Yên - (33,3 km) qua cầu Bà Rén (mới) - (39,9 km) cầu Hương An

• 08g30: (66 km) vòng xoay đi thằng đường Phan Bội Châu (vào Tam Kỳ) - vòng xoay tiếp tục đường Phan Châu Trinh - (71,5 km) qua cầu Tam Kỳ - (72 km) ngã ba đi thằng Quốc lộ 1A - (68,7 km) trạm thu phí Tam Kỳ - vào địa phận Núi Thành - (83 km) nút giao cảng Chu Lai - đường Phạm Văn Đồng - qua cầu An Tân

• 08g50: (88,6 km) vào địa phận Quảng Ngãi - (100 km) ngã ba Dung Quất đi thẳng Quốc lộ 1A - vào khu vực Châu Ổ - (108 km) qua cầu Châu Ổ - vòng xoay ngã tư Bình Long đi thẳng

• 09g25: (124 km) ngã ba đường tránh (Quán cơm Cây Đa) – Quảng Ngãi

• 09g30: (127 km) qua cầu Trà Khúc - (128 km) vòng xoay khách sạn Sông Trà - đường Quang Trung - (128,7 km) ngã tư Hùng Vương rẽ trái đường Lê Trung Đình - (129,3 km) rẽ phải đường Phạm Văn Đồng

• 10g45: (130 km) về đích tại Quảng trường Phạm Văn Đồng - Phường Cẩm Thành – Quảng Ngãi

--------------------------------------------------------------------

• Sprint 1: (62 km) – Đại lý TĐÁ Hùng Tuấn (Phường Bàn Thạch, Thành phố Đà Nẵng)

• Sprint 2: (111 km) – Đại lý TĐÁ Hoàng Phát (Xã Bình Sơn, Quảng Ngãi)

• Dự kiến về đích: 10g45 – 11h00.

Cự ly

130 Km

CHẶNG 12

Ngày

15/04

Diễn giải lộ trình

P. Cẩm Thành (Quảng Ngãi) - P. Quy Nhơn (Gia Lai)

Lộ trình chi tiết:

...

Cự ly

178 Km

CHẶNG 13

Ngày

16/04

Diễn giải lộ trình

Vòng Đua Quanh Phường Quy Nhơn (Gia Lai)

Lộ trình chi tiết:

...

Cự ly

50 Km

CHẶNG 14

Ngày

18/04

Diễn giải lộ trình

P. Quy Nhơn (Gia Lai) - P. Tuy Hòa (Đắk Lắk)

Lộ trình chi tiết:

...

Cự ly

94 Km

CHẶNG 15

Ngày

19/04

Diễn giải lộ trình

P. Tuy Hòa (Đắk Lắk) - P. Nha Trang (Khánh Hòa) *Leo Đèo Cả*

Lộ trình chi tiết:

...

Cự ly

124 Km

CHẶNG 16

Ngày

20/04

Diễn giải lộ trình

P. Nha Trang (Khánh Hòa) - P. Xuân Hương (Lâm Đồng) *Leo Đèo Khánh Lê, Đèo Giang Ly*

Lộ trình chi tiết:

...

Cự ly

140 Km

CHẶNG 17

Ngày

21/04

Diễn giải lộ trình

Vòng Đua Quanh Hồ Xuân Hương (P. Xuân Hương, Lâm Đồng)

Lộ trình chi tiết:

...

Cự ly

51 Km

CHẶNG 18

Ngày

22/04

Diễn giải lộ trình

P. Phan Thiết (Lâm Đồng) - P. Vũng Tàu (TP. Hồ Chí Minh)

Lộ trình chi tiết:

...

Cự ly

166 Km

CHẶNG 19

Ngày

24/04

Diễn giải lộ trình

Đua Cá Nhân Tính Giờ - Công Viên Trung Tâm VH-TT P. Vũng Tàu (TP. Hồ Chí Minh)

Lộ trình chi tiết:

...

Cự ly

5 Km

CHẶNG 20

Ngày

25/04

Diễn giải lộ trình

P. Vũng Tàu (TP. Hồ Chí Minh) - Biên Hòa (Đồng Nai) - P. Thủ Dầu Một (TP. Hồ Chí Minh)

Lộ trình chi tiết:

...

Cự ly

141 Km

CHẶNG 21

Ngày

26/04

Diễn giải lộ trình

X. Bình Mỹ (TP. Hồ Chí Minh) - Bến Lức (Tây Ninh) - Cai Lậy (Đồng Tháp) - Vĩnh Long - P. Ninh Kiều (TP. Cần Thơ)

Lộ trình chi tiết:

...

Cự ly

200 Km

CHẶNG 22

Ngày

27/04

Diễn giải lộ trình

Vòng Đua Quanh P. Cái Khế (TP. Cần Thơ)

Lộ trình chi tiết:

...

Cự ly

45 Km

CHẶNG 23

Ngày

28/04

Diễn giải lộ trình

P. Cái Khế (TP. Cần Thơ) - Vĩnh Long - P. Mỹ Tho (Đồng Tháp)

Lộ trình chi tiết:

...

Cự ly

114 Km

CHẶNG 24

Ngày

29/04

Diễn giải lộ trình

P. Đạo Thạnh (Đồng Tháp) - X. Bến Lức - P. Tân Ninh (Tây Ninh)

Lộ trình chi tiết:

...

Cự ly

146 Km

CHẶNG 25

Ngày

30/04

Diễn giải lộ trình

P Tân Ninh (Tây Ninh) - X. Củ Chi - P. Thủ Dầu Một - Hội Trường Thống Nhất (P. Sài Gòn, TP. Hồ Chí Minh)  LỄ BẾ MẠC VÀ TRAO THƯỞNG CHUNG CUỘC

Lộ trình chi tiết:

• 08g00: Xuất phát Quảng trường Tô Quyền - Dương Minh Châu - (0,7 km) rẽ trái đường 30/04

• 08g25: (19 km) ngã ba QL22B, địa phận phường Gò Dầu (Tây Ninh) - (33 km) qua cầu Rạch Sơn vào phường Gò Dầu - (35,3 km) vòng xoay rẽ trái Quốc lộ 22

• 09g00: (39,7 km) vào địa phận phường Trảng Bàng (Tây Ninh) Quốc lộ 22 - (44,8 km) địa phận Trảng Bàng - (47,8 km) ngã ba Dương Minh Châu Quốc lộ 22

• 09g25: (56 km) vào địa phận xã Củ Chi, TP. Hồ Chí Minh

• 09g40: (66 km) cầu vượt Củ Chi rẽ trái Tỉnh lộ 8 - (76,3 km) ngã tư Tân Quy Tỉnh lộ 8

• 10g00: (82 km) qua cầu Bà Bếp

• 10g05: (83 km) vào địa phận phường Thủ Dầu Một - qua cầu Phú Cường - qua trạm thu phí cầu Phú Cường - Huỳnh Văn Cù - (85 km) giao lộ lớn rẽ phải Đại lộ Bình Dương (Quốc lộ 13)

• 10g30: (97 km) qua trạm thu phí Vĩnh Phú (phường Lái Thiêu)

• 10g35: (100 km) qua cầu Vĩnh Bình vào địa phận phường Tam Bình (TP. Hồ Chí Minh) - (101 km) ngã tư Bình Phước Quốc lộ 13

• 10g45: (106 km) qua cổng xe lửa Bình Triệu rẽ trái Đại lộ Phạm Văn Đồng - (111 km) ngã tư Tô Ngọc Vân Phạm Văn Đồng

• 11g00: (114 km) rẽ phải Kha Vạn Cân - (116 km) vòng xoay chợ Thủ Đức rẽ trái Võ Văn Ngân

• 11g05: (118 km) ngã tư Thủ Đức rẽ phải Võ Nguyên Giáp

• 11g10: (128 km) qua trạm thu phí Xa lộ Hà Nội - lên cầu Rạch Chiếc

• 11g20: (127 km) lên cầu Sài Gòn - (129 km) cầu vượt Hàng Xanh - (131 km) vòng xoay Điện Biên Phủ rẽ trái Nguyễn Bỉnh Khiêm

• 11g30: (132 km) ngã tư Nguyễn Thị Minh Khai Nguyễn Bỉnh Khiêm - ngã ba rẽ phải Lê Duẩn - (133 km) về đích Công viên trước Hội trường Thống Nhất (Phường Sài Gòn)

---------------------------------------------------------------------

• Sprint 1: (50 km) – Đại lý TĐÁ Thanh Sơn (phường Trảng Bàng, Tây Ninh)

• Sprint 2: (82 km) – Đại lý TĐÁ Thành Phát (xã Bình Mỹ, TP. Hồ Chí Minh)

• Trạm thu phí: Phú Cường (86 km), Vĩnh Phủ (103 km), Xa lộ Hà Nội (128 km)

• Dự kiến về đích: 11g35 – 11g40.

Cự ly

133 Km

Dưới đây là link xem trực tiếp 25 chặng đua xe đạp Cúp Truyền hình 2026:

- Trang Đua xe đạp: http://duaxedap.hplus.com.vn/

- Xem kênh HTV9: https://hplus.com.vn/xem-kenh-htv9-hd-2667.html

- Xem kênh HTV7: https://hplus.com.vn/xem-kenh-htv7-hd-256.html

- Xem kênh HTV Thể thao: https://hplus.com.vn/xem-kenh-htv-the-thao-hd-4009.html

Diễn giải lộ trình 25 chặng đua xe đạp Cúp Truyền hình 2026 chi tiết như thế nào? (Hình từ Internet)

Căn cứ theo Điều 12  Thông tư 14/2013/TT-BVHTTDL  quy định về trách nhiệm của các tổ chức, cá nhân như sau:

Điều 12. Trách nhiệm của các tổ chức, cá nhân

1. Tổ chức, cá nhân đứng ra tổ chức giải thi đấu Xe đạp thể thao có trách nhiệm báo cáo hoặc xin phép tổ chức giải bằng văn bản với cơ quan quản lý nhà nước về văn hóa, thể thao và du lịch theo quy định của pháp luật.

2. Ban Tổ chức giải có trách nhiệm:

a)  Xây dựng kế hoạch tổ chức, chương trình, lịch trình và lộ trình thi đấu ; đảm bảo an toàn và các yêu cầu chuyên môn;

b) Phối hợp với các cơ quan Công an, Giao thông vận tải, Y tế, Thông tin – truyền thông và các cơ quan có liên quan xây dựng và tổ chức thực hiện kế hoạch đảm bảo công tác an toàn, trật tự, công tác y tế, sơ cứu, cấp cứu trong quá trình thi đấu, công tác tuyên truyền, quảng cáo theo quy định của pháp luật.

[..]

Như vậy, ban tổ chức là người xây dựng kế hoạch về lịch trình và lộ trình thi đấu của cuộc thi đua xe đạp thể thao.

Căn cứ Điều 12  Luật Thể dục, Thể thao 2006  được sửa đổi bổ sung bởi khoản 4 Điều 1  Luật Thể dục, thể thao sửa đổi 2018  quy định phong trào thể dục, thể thao quần chúng:

Điều 12. Phong trào thể dục, thể thao quần chúng

1. Nhà nước phát động phong trào thể dục, thể thao quần chúng nhằm động viên, khuyến khích mọi người tham gia tập luyện thể dục, biểu diễn và thi đấu thể thao, hình thành thói quen rèn luyện thân thể cho mọi người.

2. Phong trào thể dục, thể thao quần chúng được đánh giá bằng các tiêu chí sau đây:

a) Số người tập luyện thể dục, thể thao thường xuyên;

b) Số gia đình thể thao;

c) Số cộng tác viên thể dục, thể thao;

d) Số câu lạc bộ thể thao;

đ) Số công trình thể thao;

e) Số giải thể thao tổ chức hằng năm.

3. Bộ trưởng Bộ Văn hóa, Thể thao và Du lịch quy định chi tiết khoản 2 Điều này.

Theo đó, nhà nước phát động phong trào thể dục, thể thao quần chúng nhằm động viên, khuyến khích mọi người tham gia tập luyện thể dục, biểu diễn và thi đấu thể thao, hình thành thói quen rèn luyện thân thể cho mọi người.","","","","","2026-04-06","https://thuvienphapluat.vn/hoi-dap-phap-luat/dien-giai-lo-trinh-25-chang-dua-xe-dap-cup-truyen-hinh-2026-chi-tiet-nhu-the-nao-138086285.html","2026-04-13T06:04:04.538276+00:00"
"138085485","Luật Thú y mới nhất 2026 và văn bản hướng dẫn Luật Thú y thế nào?","Luật Thú y 2015  được Quốc hội nước Cộng hòa xã hội chủ nghĩa Việt Nam khóa XIII, kỳ họp thứ 9 thông qua ngày 19/6/2015.

Theo đó,  Luật Thú y 2015  bao gồm 07 Chương và 116 Điều luật quy định về phòng bệnh, chữa bệnh, chống dịch bệnh động vật; kiểm dịch động vật, sản phẩm động vật; kiểm soát giết mổ động vật, sơ chế, chế biến động vật, sản phẩm động vật; kiểm tra vệ sinh thú y; quản lý thuốc thú y; hành nghề thú y.

Luật Thú y 2015  có hiệu lực từ ngày 01/07/2016 và chưa có Luật thay thế. Do đó, Luật Thú y mới nhất 2026 áp dụng là  Luật Thú y 2015 .

Dưới đây là Tổng hợp văn bản hướng dẫn Luật Thú y mới nhất 2026

Nghị định hướng dẫn Luật Thú y mới nhất 2026

-  Nghị định 32/2026/NĐ-CP  sửa đổi các Nghị định trong lĩnh vực chăn nuôi và thú y

-  Nghị định 80/2022/NĐ-CP  sửa đổi Nghị định 35/2016/NĐ-CP hướng dẫn Luật Thú y

-  Nghị định 07/2022/NĐ-CP  sửa đổi các Nghị định về xử phạt vi phạm hành chính trong lĩnh vực lâm nghiệp; bảo vệ và kiểm dịch thực vật; thú y; chăn nuôi

-  Nghị định 04/2020/NĐ-CP  sửa đổi Nghị định 31/2016/NĐ-CP quy định xử phạt vi phạm hành chính trong lĩnh vực giống cây trồng, bảo vệ và kiểm dịch thực vật; Nghị định 90/2017/NĐ-CP quy định xử phạt vi phạm hành chính trong lĩnh vực thú y

-  Nghị định 90/2017/NĐ-CP  quy định xử phạt vi phạm hành chính trong lĩnh vực thú y

-  Nghị định 41/2017/NĐ-CP  sửa đổi nghị định về xử phạt vi phạm hành chính trong hoạt động thủy sản; lĩnh vực thú y, giống vật nuôi, thức ăn chăn nuôi; quản lý rừng, phát triển rừng, bảo vệ rừng và quản lý lâm sản

-  Nghị định 35/2016/NĐ-CP  hướng dẫn Luật thú y

Thông tư hướng dẫn Luật Thú y mới nhất 2026

-  Thông tư 15/2026/TT-BNNMT  sửa đổi các Thông tư quy định về quản lý thuốc thú y

-  Thông tư 03/2026/TT-BNNMT  quy định về kiểm dịch động vật, sản phẩm động vật thủy sản

-  Thông tư 01/2026/TT-BNNMT  quy định về kiểm dịch động vật, sản phẩm động vật trên cạn

-  Thông tư 18/2024/TT-BNNPTNT  về Danh mục thuốc thú y được phép lưu hành tại Việt Nam, Danh mục thuốc thú y cấm sử dụng tại Việt Nam và sửa đổi Thông tư 01/2024/TT-BNNPTNT về bảng mã số HS đối với Danh mục hàng hóa thuộc thẩm quyền quản lý nhà nước của Bộ Nông nghiệp và Phát triển nông thôn và Danh mục hàng hóa xuất, nhập khẩu phải kiểm tra chuyên ngành trong lĩnh vực nông nghiệp và phát triển nông thôn

-  Thông tư 09/2024/TT-BNNPTNT  sửa đổi Thông tư 13/2016/TT-BNNPTNT quy định về quản lý thuốc thú y

-  Thông tư 24/2022/TT-BNNPTNT  quy định về cơ sở, vùng an toàn dịch bệnh động vật

-  Thông tư 13/2022/TT-BNNPTNT  sửa đổi Thông tư về quản lý thuốc thú y

-  Thông tư 10/2022/TT-BNNPTNT  sửa đổi Thông tư 09/2016/TT-BNNPTNT quy định về kiểm soát giết mổ và kiểm tra vệ sinh thú y

-  Thông tư 09/2021/TT-BNNPTNT  sửa đổi Thông tư 07/2016/TT-BNNPTNT quy định về phòng, chống dịch bệnh động vật trên cạn

-  Thông tư 18/2018/TT-BNNPTNT  sửa đổi Thông tư 13/2016/TT-BNNPTNT quy định về quản lý thuốc thú y

-  Thông tư 29/2016/TT-BNNPTNT  Quy định tiêu chuẩn đối với nhân viên thú y xã, phường, thị trấn

-  Thông tư 12/2016/TT-BNNPTNT  Quy định tổ chức, chức năng, nhiệm vụ và quyền hạn của Hội đồng thú y các cấp

-  Thông tư 13/2016/TT-BNNPTNT  quy định về quản lý thuốc thú y

-  Thông tư 09/2016/TT-BNNPTNT  quy định về kiểm soát giết mổ và kiểm tra vệ sinh thú y

-  Thông tư 11/2016/TT-BNNPTNT  Quy định trang phục, phù hiệu, cấp hiệu, biển hiệu, thẻ kiểm dịch động vật

-  Thông tư 07/2016/TT-BNNPTNT  quy định về phòng, chống dịch bệnh động vật trên cạn

Trên đây là thông tin: Luật Thú y mới nhất 2026 và văn bản hướng dẫn Luật Thú y thế nào?

Luật Thú y mới nhất 2026 và văn bản hướng dẫn Luật Thú y thế nào? (Hình từ Internet)

Căn cứ Điều 79  Luật Thú y 2015  quy định về các trường hợp  thuốc thú y  không được đăng ký lưu hành như sau:

- Thuốc thuộc Danh mục thuốc thú y cấm sử dụng tại Việt Nam;

- Thuốc có nguy cơ cao ảnh hưởng xấu đến sức khỏe con người, động vật và môi trường;

- Thuốc bị cơ quan nhà nước có thẩm quyền kết luận là xâm phạm quyền sở hữu trí tuệ;

- Tự ý sửa chữa hoặc sử dụng tài liệu, giấy tờ giả trong hồ sơ đăng ký lưu hành thuốc thú y;

- Sử dụng con dấu giả, giả mạo chữ ký hoặc con dấu của tổ chức, cá nhân liên quan trong hồ sơ đăng ký lưu hành thuốc thú y.

Căn cứ Điều 7  Luật Thú y 2015  được sửa đổi bởi điểm e khoản 38 Điều 12  Luật sửa đổi 15 Luật trong lĩnh vực Nông nghiệp và Môi trường 2025  quy định về thông tin, tuyên truyền về thú y được quy định như sau:

- Việc thông tin, tuyên truyền về thú y nhằm cung cấp kiến thức về dịch bệnh động vật, các biện pháp phòng, chống dịch bệnh động vật và chính sách, pháp luật về thú y.

- Việc thông tin, tuyên truyền về thú y được thực hiện bằng nhiều hình thức, phù hợp với đối tượng, địa bàn. Nội dung thông tin, tuyên truyền về thú y phải bảo đảm chính xác, kịp thời, dễ hiểu.

- Trách nhiệm của cơ quan nhà nước trong hoạt động thông tin, tuyên truyền về thú y:

+ Bộ Nông nghiệp và Môi trường tổ chức, chỉ đạo việc cung cấp thông tin, thực hiện các hoạt động thông tin, tuyên truyền về thú y;

+ Bộ, cơ quan ngang bộ, cơ quan thuộc Chính phủ, Ủy ban nhân dân các cấp trong phạm vi nhiệm vụ, quyền hạn của mình thực hiện các hoạt động thông tin, tuyên truyền về thú y.

- Tổ chức, cá nhân có hoạt động liên quan đến thông tin, tuyên truyền về thú y phải tuân thủ quy định của  Luật Thú y 2015  và pháp luật có liên quan.","","","","","2026-04-06","https://thuvienphapluat.vn/hoi-dap-phap-luat/luat-thu-y-moi-nhat-2026-va-van-ban-huong-dan-luat-thu-y-the-nao-138085485.html","2026-04-13T06:04:11.529173+00:00"
"138086109","Link xem trực tiếp đua xe đạp Chặng 4 Cúp truyền hình 2026 ngày 6/4 ở đâu?","Ngày 10/3/2026, Đài Phát thanh và Truyền hình TP.HCM (HTV) ban hành Công văn 509/PTTH-VP năm 2026   Tải về  về việc phối hợp tổ chức Cuộc đua xe đạp toàn quốc tranh Cúp Truyền hình TP.HCM lần thứ 38 năm 2026 với chủ đề  “Non sông liền một dải” .

Dưới đây là link xem trực tiếp đua xe đạp Chặng 4 Cúp Truyền hình 2026:

- Trang Đua xe đạp: http://duaxedap.hplus.com.vn/

- Xem kênh HTV9: https://hplus.com.vn/xem-kenh-htv9-hd-2667.html

- Xem kênh HTV7: https://hplus.com.vn/xem-kenh-htv7-hd-256.html

- Xem kênh HTV Thể thao: https://hplus.com.vn/xem-kenh-htv-the-thao-hd-4009.html

Cuộc đua được khai mạc ngày 03/4/2026 tại Khu di tích lịch sử Đền Hùng (tỉnh Phú Thọ) và bế mạc vào trưa ngày 30/4/2026 tại TP.HCM.

Chặng 4 Cúp Truyền hình 2026 diễn ra tại vòng đua Thành phố Hà Nội - Ninh Bình - Thanh Hoá với tổng cự ly 114 km.

Lộ trình thi đấu đến hết Chặng 4 Cúp Truyền hình 2026 như sau:

Ngày

Chặng

Lộ trình

Cự ly

Thứ Sáu 03/4

01

Lễ khai mạc tại Việt Trì – Vòng đua quanh công viên Văn Lang (Việt Trì - Phú Thọ)

50 km

Thứ Bảy 04/4

02

Phú Thọ - Vĩnh Phúc - Đông Anh (Thành phố Hà Nội)

105,5 km

Chủ nhật 05/4

03

Vòng đua hồ Hoàn Kiếm (Thành phố Hà Nội)

42,5 km

Thứ Hai 06/4

04

Thành phố Hà Nội - Ninh Bình - Thanh Hoá

114 km

Cuộc đua xe đạp toàn quốc tranh Cúp Truyền hình TPHCM lần thứ 38 - năm 2026 bắt đầu tại Khu di tích lịch sử Đền Hùng, tỉnh Phú Thọ và đi qua các tỉnh, thành phố: Thành phố Hà Nội, Ninh Bình, Thanh Hóa, Nghệ An, Hà Tĩnh, Quảng Trị, thành phố Huế, thành phố Đà Nẵng, Quảng Ngãi, Gia Lai, Đắk Lắk, Khánh Hòa, Lâm Đồng, Đồng Nai, thành phố Cần Thơ, Vĩnh Long, Đồng Tháp, Tây Ninh và kết thúc tại Thành phố Hồ Chí Minh vào trưa ngày 30/4/2026.

Tổng lộ trình dài 2.745 km

Đoàn đua gồm 100 xe ô tô, 70 xe mô tô và các vận động viên sẽ do lực lượng cảnh sát thuộc Cục cảnh sát giao thông đường bộ (C08) điều phối với phòng PC08 giữa các địa phương nơi đoàn đua đi qua để dẫn đoàn và khoá đuôi.

Link xem trực tiếp đua xe đạp Chặng 4 Cúp truyền hình 2026 ngày 6/4 ở đâu? (Hình từ Internet)

Căn cứ theo Điều 12  Thông tư 14/2013/TT-BVHTTDL  quy định về trách nhiệm của các tổ chức, cá nhân như sau:

Điều 12. Trách nhiệm của các tổ chức, cá nhân

1. Tổ chức, cá nhân đứng ra tổ chức giải thi đấu Xe đạp thể thao có trách nhiệm báo cáo hoặc xin phép tổ chức giải bằng văn bản với cơ quan quản lý nhà nước về văn hóa, thể thao và du lịch theo quy định của pháp luật.

2. Ban Tổ chức giải có trách nhiệm:

a)  Xây dựng kế hoạch tổ chức, chương trình, lịch trình và lộ trình thi đấu ; đảm bảo an toàn và các yêu cầu chuyên môn;

b) Phối hợp với các cơ quan Công an, Giao thông vận tải, Y tế, Thông tin – truyền thông và các cơ quan có liên quan xây dựng và tổ chức thực hiện kế hoạch đảm bảo công tác an toàn, trật tự, công tác y tế, sơ cứu, cấp cứu trong quá trình thi đấu, công tác tuyên truyền, quảng cáo theo quy định của pháp luật.

[..]

Như vậy, ban tổ chức là người xây dựng kế hoạch về lịch trình và lộ trình thi đấu của cuộc thi đua xe đạp thể thao.

Căn cứ theo Điều 6  Thông tư 14/2013/TT-BVHTTDL  quy định về đường đua Xe đạp địa hình như sau:

Điều 6. Đường đua Xe đạp địa hình

1. Có các bảng báo hiệu đánh dấu đường đua theo quy định của Luật thi đấu Xe đạp thể thao.

2. Đánh dấu và báo hiệu các chướng ngại vật trên đường đua.

3. Đặt các vật liệu mềm hoặc đệm tại các khu vực có thể gây nguy hiểm cho vận động viên.

4. Có lưới hoặc  hàng rào bảo vệ  tại các khu vực nguy hiểm: vực, dốc đứng.

5. Khu vực an toàn ngăn cách giữa khán giả với đường đua rộng tối thiểu 2m và phải có  hàng rào bảo vệ .

6. Có  hàng rào bảo vệ  khu vực trước đích 100m và sau đích 50m.

Như vậy, đường đua Xe đạp địa hình có hàng rào bảo vệ ở các khu vực sau:

- Các khu vực nguy hiểm: vực, dốc đứng

- Khu vực an toàn ngăn cách giữa khán giả với đường đua rộng

- Khu vực trước đích 100m và sau đích 50m.

* Trên đây là toàn bộ nội dung cập nhật Link xem trực tiếp đua xe đạp Chặng 4 Cúp truyền hình 2026 ngày 6/4.","","","","","2026-04-06","https://thuvienphapluat.vn/hoi-dap-phap-luat/link-xem-truc-tiep-dua-xe-dap-chang-4-cup-truyen-hinh-2026-ngay-64-o-dau-138086109.html","2026-04-13T06:04:18.724503+00:00"
"138086072","Link xem trực tiếp Chặng 3 đua xe đạp Cúp truyền hình 2026 ở đâu?","Ngày 10/3/2026, Đài Phát thanh và Truyền hình TP.HCM (HTV) ban hành Công văn 509/PTTH-VP năm 2026   Tải về  về việc phối hợp tổ chức Cuộc đua xe đạp toàn quốc tranh Cúp Truyền hình TP.HCM lần thứ 38 năm 2026 với chủ đề  “Non sông liền một dải” .

Theo đó, cuộc đua sẽ khai mạc ngày 03/4/2026 tại Khu di tích lịch sử Đền Hùng (tỉnh Phú Thọ) và bế mạc vào trưa ngày 30/4/2026 tại TP.HCM.

Lộ trình thi đấu đến hết Chặng 3 đua xe đạp Cúp Truyền hình 2026 như sau:

- Chặng 1 (Thứ 6 03/4): Khai mạc tại Việt Trì – thi đấu vòng quanh Công viên Văn Lang (Việt Trì, Phú Thọ), cự ly 50 km

- Chặng 2 (Thứ 7 04/4): Phú Thọ – Vĩnh Phúc – Đông Anh (TP. Hà Nội), cự ly 105,5 km

- Chặng 3 (Chủ nhật 05/4): Vòng đua hồ Hoàn Kiếm (TP. Hà Nội), cự ly 42,5 km

Theo đó, Chặng 3 Cúp Truyền hình 2026 diễn ra tại vòng đua hồ Hoàn Kiếm (TP. Hà Nội) với tổng cự ly 42,5 km.

Dưới đây là link xem trực tiếp Chặng 3 Cúp Truyền hình 2026:

- Trang Đua xe đạp: http://duaxedap.hplus.com.vn/

- Xem kênh HTV9: https://hplus.com.vn/xem-kenh-htv9-hd-2667.html

- Xem kênh HTV7: https://hplus.com.vn/xem-kenh-htv7-hd-256.html

- Xem kênh HTV Thể thao: https://hplus.com.vn/xem-kenh-htv-the-thao-hd-4009.html

Link xem trực tiếp Chặng 3 đua xe đạp Cúp truyền hình 2026 ở đâu? (Hình từ Internet)

Theo Công văn 509/PTTH-VP năm 2026 Lộ trình đua xe đạp 30/4 Cúp Truyền hình HTV năm 2026 lần thứ 38 chi tiết như sau:

Ngày

Chặng

Lộ trình

Cự ly

Thứ Sáu 03/4

01

Lễ khai mạc tại Việt Trì – Vòng đua quanh công viên Văn Lang (Việt Trì - Phú Thọ)

50 km

Thứ Bảy 04/4

02

Phú Thọ - Vĩnh Phúc - Đông Anh (Thành phố Hà Nội)

105,5 km

Chủ nhật 05/4

03

Vòng đua hồ Hoàn Kiếm (Thành phố Hà Nội)

42,5 km

Thứ Hai 06/4

04

Thành phố Hà Nội - Ninh Bình - Thanh Hoá

114 km

Thứ Ba 07/4

05

Thanh Hóa - Vinh (Nghệ An)

139 km

Thứ Tư 08/4

06

Vòng đua quanh quảng trường Hồ Chí Minh (Nghệ An)

52 km

Thứ Năm 09/4

07

Vinh (Nghệ An) - Hà Tĩnh - Đồng Hới (Quảng Trị) (Leo đèo Ngang)

197,5 km

Thứ Sáu 10/4

08

Đồng Hới (Quảng Trị) - Đông Hà - Thành phố Huế (Đi qua Nghĩa trang liệt sĩ quốc gia Đường 9)

162,5 km

Thứ Bảy 11/4

-

Nghỉ tự do tại Huế

-

Chủ nhật 12/4

09

Vòng đua Trường Tiền - Phú Xuân (Thành phố Huế)

42 km

Thứ Hai 13/4

10

Thành phố Huế - Thành phố Đà Nẵng (Leo đèo Phước Tượng, Phú Gia và Hải Vân)

113 km

Thứ Ba 14/4

11

Thành phố Đà Nẵng - Quảng Ngãi

132 km

Thứ Tư 15/4

12

Quảng Ngãi - Quy Nhơn (Gia Lai)

178 km

Thứ Năm 16/4

13

Vòng đua quanh phường Quy Nhơn (Gia Lai)

50 km

Thứ Sáu 17/4

-

Nghỉ tự do tại Quy Nhơn (Gia Lai)

-

Thứ Bảy 18/4

14

Quy Nhơn (Gia Lai) - Tuy Hòa (Đắk Lắk)

94 km

Chủ nhật 19/4

15

Tuy Hòa (Đắk Lắk) - Nha Trang (Khánh Hòa) (Leo đèo Cả)

124 km

Thứ Hai 20/4

16

Nha Trang (Khánh Hòa) - Đà Lạt (Lâm Đồng) (Leo đèo Khánh Lê và đèo Giang Ly)

140 km

Thứ Ba 21/4

17

Vòng đua Hồ Xuân Hương (Đà Lạt, Lâm Đồng) (Di chuyển về Phan Thiết)

51 km

Thứ Tư 22/4

18

Phan Thiết (Lâm Đồng) - Vũng Tàu (Thành phố Hồ Chí Minh)

166 km

Thứ Năm 23/4

-

Nghỉ tự do tại Vũng Tàu (Thành phố Hồ Chí Minh)

-

Thứ Sáu 24/4

19

Đua cá nhân tính giờ tại Vũng Tàu (Thành phố Hồ Chí Minh)

5 - 6 km

Thứ Bảy 25/4

20

Vũng Tàu (Thành phố Hồ Chí Minh) - Biên Hòa (Đồng Nai) - Thủ Dầu Một (Thành phố Hồ Chí Minh)

141 km

Chủ nhật 26/4

21

Củ Chi (Thành phố Hồ Chí Minh) - Bến Lức - Vĩnh Long - Thành phố Cần Thơ

205 km

Thứ Hai 27/4

22

Vòng đua quanh Thành phố Cần Thơ

45 km

Thứ Ba 28/4

23

Thành phố Cần Thơ - Vĩnh Long - Mỹ Tho (Đồng Tháp)

114 km

Thứ Tư 29/4

24

Mỹ Tho (Đồng Tháp) - Bến Lức - Củ Chi - Tây Ninh

148 km

Thứ Năm 30/4

25

Tây Ninh - Củ Chi - Thủ Dầu Một - Thành phố Hồ Chí Minh

133 km

Tổng lộ trình dài 2.745 km

Đoàn đua gồm 100 xe ô tô, 70 xe mô tô và 150 vận động viên sẽ do lực lượng cảnh sát thuộc Cục cảnh sát giao thông đường bộ (C08) điều phối với phòng PC08 giữa các địa phương nơi đoàn đua đi qua để dẫn đoàn và khoá đuôi.

Căn cứ theo Điều 12  Thông tư 14/2013/TT-BVHTTDL  quy định về trách nhiệm của các tổ chức, cá nhân như sau:

Điều 12. Trách nhiệm của các tổ chức, cá nhân

1. Tổ chức, cá nhân đứng ra tổ chức giải thi đấu Xe đạp thể thao có trách nhiệm báo cáo hoặc xin phép tổ chức giải bằng văn bản với cơ quan quản lý nhà nước về văn hóa, thể thao và du lịch theo quy định của pháp luật.

2. Ban Tổ chức giải có trách nhiệm:

a)  Xây dựng kế hoạch tổ chức, chương trình, lịch trình và lộ trình thi đấu ; đảm bảo an toàn và các yêu cầu chuyên môn;

b) Phối hợp với các cơ quan Công an, Giao thông vận tải, Y tế, Thông tin – truyền thông và các cơ quan có liên quan xây dựng và tổ chức thực hiện kế hoạch đảm bảo công tác an toàn, trật tự, công tác y tế, sơ cứu, cấp cứu trong quá trình thi đấu, công tác tuyên truyền, quảng cáo theo quy định của pháp luật.

[..]

Như vậy, ban tổ chức là người xây dựng kế hoạch về lịch trình và lộ trình thi đấu của cuộc thi đua xe đạp thể thao.

* Trên đây là toàn bộ nội dung về Link xem trực tiếp Chặng 3 đua xe đạp Cúp truyền hình 2026","","","","","2026-04-05","https://thuvienphapluat.vn/hoi-dap-phap-luat/link-xem-truc-tiep-chang-3-dua-xe-dap-cup-truyen-hinh-2026-o-dau-138086072.html","2026-04-13T06:04:25.369991+00:00"
"138086071","Lộ trình Chặng 3 đua xe đạp Cúp truyền hình 2026 ra sao?","Ngày 10/3/2026 Đài Phát thanh và Truyền hình TPHCM (HTV) đã ban hành Công văn 509/PTTH-VP năm 2026   Tải về  Về việc phối hợp tổ chức Cuộc đua xe đạp toàn quốc tranh Cúp Truyền hình Thành phố Hồ Chí Minh lần thứ 38 - năm 2026 mang tên “Non sông liền một dải”.

Cuộc đua xe đạp toàn quốc tranh Cúp Truyền hình thành phố Hồ Chí Minh lần thứ 38 - năm 2026 sẽ khai mạc vào ngày 03/4/2026 tại Khu di tích lịch sử Đền Hùng, tỉnh Phú Thọ và kết thúc tại Thành phố Hồ Chí Minh vào trưa ngày 30/4/2026.

Lộ trình cập nhật đến Chặng 3 đua xe đạp Cúp truyền hình 2026 như sau:

Ngày

Chặng

Lộ trình

Cự ly

Thứ Sáu 03/4

01

Lễ khai mạc tại Việt Trì – Vòng đua quanh công viên Văn Lang (Việt Trì - Phú Thọ)

50 km

Thứ Bảy 04/4

02

Phú Thọ - Vĩnh Phúc - Đông Anh (Thành phố Hà Nội)

105,5 km

Chủ nhật 05/4

03

Vòng đua hồ Hoàn Kiếm (Thành phố Hà Nội)

42,5 km

Theo đó, Chặng 3 của giải đua xe đạp Cúp Truyền hình 2026 sẽ diễn ra tại vòng đua hồ Hoàn Kiếm (TP. Hà Nội) với tổng cự ly 42,5 km.

Dưới đây là link xem trực tiếp Chặng 3 Cúp Truyền hình 2026:

- Trang Đua xe đạp: http://duaxedap.hplus.com.vn/

- Xem kênh HTV9: https://hplus.com.vn/xem-kenh-htv9-hd-2667.html

- Xem kênh HTV7: https://hplus.com.vn/xem-kenh-htv7-hd-256.html

- Xem kênh HTV Thể thao: https://hplus.com.vn/xem-kenh-htv-the-thao-hd-4009.html

* Trên đây là Lộ trình Chặng 3 đua xe đạp Cúp truyền hình 2026

Lộ trình Chặng 3 đua xe đạp Cúp truyền hình 2026? (hình từ Internet)

Căn cứ theo Điều 12  Thông tư 14/2013/TT-BVHTTDL  ban tổ chức đua xe đạp thể thao có trách nhiệm như sau:

(1) Cá nhân hoặc tổ chức đứng ra tổ chức giải thi đấu Xe đạp thể thao có trách nhiệm báo cáo hoặc xin phép tổ chức giải bằng văn bản với cơ quan quản lý nhà nước về văn hóa, thể thao và du lịch theo quy định của pháp luật.

(2) Xây dựng kế hoạch tổ chức, chương trình, lịch trình và lộ trình thi đấu; đảm bảo an toàn và các yêu cầu chuyên môn;

(3) Phối hợp với các cơ quan Công an, Giao thông vận tải, Y tế, Thông tin – truyền thông và các cơ quan có liên quan xây dựng và tổ chức thực hiện kế hoạch đảm bảo công tác an toàn, trật tự, công tác y tế, sơ cứu, cấp cứu trong quá trình thi đấu, công tác tuyên truyền, quảng cáo theo quy định của pháp luật.

Trường hợp các giải thi đấu được tổ chức tại Việt Nam nhưng có lộ trình đường đua đi qua nhiều quốc gia, ban tổ chức có trách nhiệm như sau:

- Tổ chức đứng ra tổ chức giải thi đấu Xe đạp thể thao có lộ trình đường đua đi qua quốc gia khác có trách nhiệm xây dựng chương trình, kế hoạch tổ chức; báo cáo và gửi văn bản xin phép tổ chức giải tới cơ quan quản lý nhà nước về văn hóa, thể thao và du lịch; các Bộ, ngành liên quan theo quy định của pháp luật;

- Đại diện của tổ chức, cá nhân được cơ quan quản lý nhà nước về văn hóa, thể thao và du lịch ủy quyền làm việc trực tiếp với các cơ quan của nước bạn để thống nhất về kế hoạch phối hợp tổ chức, đảm bảo an toàn và các yêu cầu về chuyên môn;

- Tổ chức, cá nhân đứng ra tổ chức giải có trách nhiệm phối hợp với cơ quan xuất cảnh, nhập cảnh của các quốc gia có đoàn đua đến, đi qua đảm bảo việc thực hiện xuất cảnh, nhập cảnh cho người và các loại phương tiện của đoàn đua nhanh, gọn, đúng thủ tục quy định.

Căn cứ Điều 12  Luật Thể dục, Thể thao 2006  được sửa đổi bổ sung bởi khoản 4 Điều 1  Luật Thể dục, thể thao sửa đổi 2018  quy định phong trào thể dục, thể thao quần chúng:

Điều 12. Phong trào thể dục, thể thao quần chúng

1. Nhà nước phát động phong trào thể dục, thể thao quần chúng nhằm động viên, khuyến khích mọi người tham gia tập luyện thể dục, biểu diễn và thi đấu thể thao, hình thành thói quen rèn luyện thân thể cho mọi người.

2. Phong trào thể dục, thể thao quần chúng được đánh giá bằng các tiêu chí sau đây:

a) Số người tập luyện thể dục, thể thao thường xuyên;

b) Số gia đình thể thao;

c) Số cộng tác viên thể dục, thể thao;

d) Số câu lạc bộ thể thao;

đ) Số công trình thể thao;

e) Số giải thể thao tổ chức hằng năm.

3. Bộ trưởng Bộ Văn hóa, Thể thao và Du lịch quy định chi tiết khoản 2 Điều này.

Theo đó, nhà nước phát động phong trào thể dục, thể thao quần chúng nhằm động viên, khuyến khích mọi người tham gia tập luyện thể dục, biểu diễn và thi đấu thể thao, hình thành thói quen rèn luyện thân thể cho mọi người.","","","","","2026-04-05","https://thuvienphapluat.vn/hoi-dap-phap-luat/lo-trinh-chang-3-dua-xe-dap-cup-truyen-hinh-2026-ra-sao-138086071.html","2026-04-13T06:04:32.813494+00:00"
"138084439","Xem trực tiếp Chặng 2 Cúp Truyền hình 2026 TP Hồ Chí Minh?","Ngày 10/3/2026 Đài Phát thanh và Truyền hình TPHCM đã ban hành Công văn 509/PTTH-VP năm 2026 (  Tải về ) về Cuộc đua xe đạp Cúp Truyền hình 2026 lần thứ 38.

Theo đó Cuộc đua xe đạp toàn quốc tranh Cúp Truyền hình TPHCM lần thứ 38 - năm 2026 sẽ khai mạc vào ngày 03/4/2026 tại Khu di tích lịch sử Đền Hùng, tỉnh Phú Thọ và đi qua các tỉnh, thành phố: Thành phố Hà Nội, Ninh Bình, Thanh Hóa, Nghệ An, Hà Tĩnh, Quảng Trị, thành phố Huế, thành phố Đà Nẵng, Quảng Ngãi, Gia Lai, Đắk Lắk, Khánh Hòa, Lâm Đồng, Đồng Nai, thành phố Cần Thơ, Vĩnh Long, Đồng Tháp, Tây Ninh và kết thúc tại Thành phố Hồ Chí Minh vào trưa ngày 30/4/2026.

Lộ trình đua xe đạp Cúp Truyền hình 2026 chặng 2:

Ngày

Chặng

Lộ trình

Cự ly

Thứ Bảy 04/4

02

Phú Thọ - Vĩnh Phúc - Đông Anh (Thành phố Hà Nội)

105,5 km

Xem trực tiếp Chặng 2 Cúp Truyền hình TP Hồ Chí Minh 2026 tại:

- Trang Đua xe đạp: http://duaxedap.hplus.com.vn/

- Xem kênh HTV9: https://hplus.com.vn/xem-kenh-htv9-hd-2667.html

- Xem kênh HTV7: https://hplus.com.vn/xem-kenh-htv7-hd-256.html

- Xem kênh HTV Thể thao: https://hplus.com.vn/xem-kenh-htv-the-thao-hd-4009.html

Xem trực tiếp Chặng 2 Cúp Truyền hình 2026 TP Hồ Chí Minh? (Hình từ Internet)

Căn cứ Điều 13  Luật Thể dục, thể thao 2006  được sửa đổi bởi khoản 5 Điều 1  Luật Thể dục, thể thao sửa đổi 2018  quy định thẩm quyền quyết định tổ chức giải thể thao quần chúng:

Điều 13. Thẩm quyền quyết định tổ chức giải thể thao quần chúng

1. Thủ tướng Chính phủ quyết định tổ chức các giải thể thao quần chúng sau đây:

a) Đại hội thể thao khu vực, châu lục và thế giới tổ chức tại Việt Nam cho người khuyết tật theo đề nghị của Bộ trưởng Bộ Văn hóa, Thể thao và Du lịch;

b) Đại hội thể thao khu vực, châu lục và thế giới tổ chức tại Việt Nam cho học sinh, sinh viên; Hội khỏe Phù Đổng toàn quốc cho học sinh theo đề nghị của Bộ trưởng Bộ Giáo dục và Đào tạo;

c) Đại hội thể thao khu vực, châu lục và thế giới tổ chức tại Việt Nam cho lực lượng vũ trang theo đề nghị của Bộ trưởng Bộ Quốc phòng, Bộ trưởng Bộ Công an.

2. Bộ trưởng Bộ Giáo dục và Đào tạo, Bộ trưởng Bộ Quốc phòng, Bộ trưởng Bộ Công an, trong phạm vi nhiệm vụ, quyền hạn của mình, quyết định tổ chức giải thi đấu từng môn thể thao cấp khu vực, châu lục và thế giới tổ chức tại Việt Nam cho học sinh, sinh viên và lực lượng vũ trang.

3. Bộ trưởng Bộ Văn hóa, Thể thao và Du lịch quyết định tổ chức giải thi đấu từng môn thể thao cấp khu vực, châu lục và thế giới tổ chức tại Việt Nam cho người khuyết tật; giải thi đấu thể thao quần chúng cấp quốc gia.

4. Ủy ban nhân dân các cấp quyết định tổ chức giải thi đấu thể thao quần chúng của địa phương mình.

5. Cơ quan, tổ chức quyết định tổ chức giải thi đấu thể thao quần chúng trong phạm vi nhiệm vụ, quyền hạn của mình.

6. Cơ quan, tổ chức quyết định tổ chức giải thi đấu thể thao quần chúng phải tuân theo quy định của Luật này và có trách nhiệm quy định nội dung, hình thức, chế độ bồi dưỡng, giải thưởng và bảo đảm kinh phí cho việc tổ chức giải thi đấu.

Theo đó, Thủ tướng Chính phủ quyết định tổ chức các giải thể thao quần chúng sau:

- Đại hội thể thao khu vực, châu lục và thế giới tổ chức tại Việt Nam cho người khuyết tật theo đề nghị của Bộ trưởng Bộ Văn hóa, Thể thao và Du lịch

- Đại hội thể thao khu vực, châu lục và thế giới tổ chức tại Việt Nam cho học sinh, sinh viên; Hội khỏe Phù Đổng toàn quốc cho học sinh theo đề nghị của Bộ trưởng Bộ Giáo dục và Đào tạo

- Đại hội thể thao khu vực, châu lục và thế giới tổ chức tại Việt Nam cho lực lượng vũ trang theo đề nghị của Bộ trưởng Bộ Quốc phòng, Bộ trưởng Bộ Công an.

Căn cứ Điều 38  Luật Thể dục, thể thao 2006  được sửa đổi bởi khoản 15 Điều 1  Luật Thể dục, thể thao sửa đổi 2018  quy định thẩm quyền quyết định tổ chức giải thể thao thành tích cao:

Điều 38. Thẩm quyền quyết định tổ chức giải thể thao thành tích cao

1. Thủ tướng Chính phủ quyết định tổ chức các giải thể thao quy định tại khoản 1 và khoản 2 Điều 37 của Luật này theo đề nghị của Bộ trưởng Bộ Văn hóa, Thể thao và Du lịch.

2. Bộ trưởng Bộ Văn hóa, Thể thao và Du lịch quyết định tổ chức các giải thể thao quy định tại khoản 3 và khoản 4 Điều 37 của Luật này theo đề nghị của các liên đoàn thể thao quốc gia.

3. Chủ tịch Ủy ban nhân dân cấp tỉnh quyết định tổ chức các giải thể thao sau đây:

a) Giải thể thao quy định tại khoản 5 Điều 37 của Luật này theo đề nghị của Chủ tịch liên đoàn thể thao quốc gia hoặc người đại diện theo pháp luật của tổ chức đăng cai tổ chức giải trong trường hợp chưa có liên đoàn thể thao quốc gia;

b) Giải thể thao quy định tại khoản 6 Điều 37 của Luật này theo đề nghị của người đứng đầu cơ quan chuyên môn về thể dục, thể thao thuộc Ủy ban nhân dân cấp tỉnh;

c) Giải thể thao quy định tại khoản 7 Điều 37 của Luật này theo đề nghị của Chủ tịch liên đoàn thể thao tỉnh, thành phố trực thuộc trung ương.

Theo quy định trên, Thủ tướng Chính phủ quyết định tổ chức các giải thể thao thành tích cao sau theo đề nghị của Bộ trưởng Bộ Văn hóa, Thể thao và Du lịch:

- Đại hội thể thao khu vực, châu lục và thế giới tổ chức tại Việt Nam

- Đại hội thể thao toàn quốc.","","","","","2026-04-04","https://thuvienphapluat.vn/hoi-dap-phap-luat/xem-truc-tiep-chang-2-cup-truyen-hinh-2026-tp-ho-chi-minh-138084439.html","2026-04-13T06:04:40.553505+00:00"
