"id","title","content","category","doc_type","doc_number","agency","published_date","url","crawled_at"
"138091501","Công văn 1516/TCS14-QLDN3 áp dụng thuế suất thuế GTGT 0% năm 2026 ra sao?","Công văn 1516/TCS14-QLDN3 áp dụng thuế suất thuế GTGT 0% năm 2026 ra sao?

Các hàng hóa, dịch vụ áp dụng thuế suất thuế GTGT 0% mới nhất là gì?

Thời điểm xác định thuế giá trị gia tăng được quy định ra sao?

Ngày 18/5/2026 Thuế cơ sở 14 TPHCM đã có Công văn 1516/TCS14-QLDN3 về chính sách thuế giá trị gia tăng

TẢI VỀ

Cụ thể về chính sách thuế giá trị gia tăng Thuế cơ sở 14 Thành phố Hồ Chí Minh có ý kiến như sau:

Căn cứ khoản 1 Điều 9 Luật Thuế giá trị gia tăng 2024 quy định:

Căn cứ Điều 18 Nghị định 181/2025/NĐ-CP ngày 01 tháng 07 năm 2025 của Chính phủ quy định điều kiện áp dụng thuế suất 0%:

Căn cứ Điều 1, Điều 2 Nghị định 174/2025/NĐ-CP quy định chính sách giảm thuế giá trị gia tăng theo Nghị quyết số 204/2025/QH15 ngày 17 tháng 06 năm 2025 của Quốc hội quy định về việc giảm thuế GTGT như sau:

Tại Phụ lục I quy định danh mục hàng hóa, dịch vụ không được giảm thuế giá trị gia tăng (ban hành kèm theo Nghị định 174/2025/NĐ-CP ngày 30 tháng 06 năm 2025):

Căn cứ các quy định nêu trên, Thuế cơ sở 14 Thành phố Hồ Chí Minh có ý kiến hướng dẫn về nguyên tắc như sau:

Trường hợp Công ty cung cấp các dịch vụ theo quy định tại Khoản 1 Điều 9 Luật thuế giá trị gia tăng 2024 và đáp ứng các điều kiện tại Khoản 2 Điều 18 Nghị định 181/2025/NĐ-CP thì áp dụng mức thuế suất thuế GTGT 0%.

Trường hợp Công ty cung cấp hàng hóa, dịch vụ có mã ngành sản phẩm (theo Quyết định 43/2018/QĐ-TTg ngày 01 tháng 11 năm 2018 của Thủ tướng Chính phủ) không thuộc danh mục nêu tại Phụ lục I, II (ban hành kèm theo Nghị định 174/2025/NĐ-CP ngày 30 tháng 06 năm 2025) thì thuộc đối tượng được giảm thuế GTGT với mức thuế suất thuế GTGT 8%.

Đề nghị Công ty căn cứ tình hình thực tế tại đơn vị và đối chiếu với quy định tại văn bản pháp luật nêu trên để thực hiện đúng quy định.

Căn cứ khoản 1 Điều 9 Luật Thuế giá trị gia tăng 2024 được sửa đổi bởi Điều 4 Luật sửa đổi Luật Đấu thầu; Luật Đầu tư theo phương thức đối tác công tư; Luật Hải quan; Luật Thuế giá trị gia tăng; Luật Thuế xuất khẩu, thuế nhập khẩu; Luật Đầu tư; Luật Đầu tư công; Luật Quản lý, sử dụng tài sản công 2025 quy định về các loại hàng hóa, dịch vụ áp dụng thuế suất thuế GTGT 0% gồm có:

- Hàng hóa xuất khẩu bao gồm: hàng hóa từ Việt Nam bán cho tổ chức, cá nhân ở nước ngoài và được tiêu dùng ở ngoài Việt Nam; hàng hóa từ nội địa Việt Nam bán cho tổ chức trong khu phi thuế quan và được tiêu dùng trong khu phi thuế quan phục vụ trực tiếp cho hoạt động sản xuất xuất khẩu; hàng hóa đã bán tại khu vực cách ly cho cá nhân (người nước ngoài hoặc người Việt Nam) đã làm thủ tục xuất cảnh; hàng hóa đã bán tại cửa hàng miễn thuế; hàng hóa xuất khẩu tại chỗ.

- Dịch vụ xuất khẩu bao gồm: dịch vụ cung cấp trực tiếp cho tổ chức, cá nhân ở nước ngoài và được tiêu dùng ở ngoài Việt Nam; dịch vụ cung cấp trực tiếp cho tổ chức ở trong khu phi thuế quan và được tiêu dùng trong khu phi thuế quan phục vụ trực tiếp cho hoạt động sản xuất xuất khẩu;

- Hàng hóa, dịch vụ xuất khẩu khác bao gồm: vận tải quốc tế; dịch vụ cho thuê phương tiện vận tải được sử dụng ngoài phạm vi lãnh thổ Việt Nam; dịch vụ của ngành hàng không, hàng hải cung cấp trực tiếp hoặc thông qua đại lý cho vận tải quốc tế; hoạt động xây dựng, lắp đặt công trình ở nước ngoài hoặc ở trong khu phi thuế quan; sản phẩm nội dung thông tin số cung cấp cho bên nước ngoài và có hồ sơ, tài liệu chứng minh tiêu dùng ở ngoài Việt Nam theo quy định của Chính phủ; phụ tùng, vật tư thay thế để sửa chữa, bảo dưỡng phương tiện, máy móc, thiết bị cho bên nước ngoài và tiêu dùng ở ngoài Việt Nam; hàng hóa gia công chuyển tiếp để xuất khẩu theo quy định của pháp luật; hàng hóa, dịch vụ thuộc đối tượng không chịu thuế giá trị gia tăng khi xuất khẩu, trừ các trường hợp không áp dụng mức thuế suất 0%.

Lưu ý các trường hợp không áp dụng thuế suất 0% bao gồm: chuyển giao công nghệ, chuyển nhượng quyền sở hữu trí tuệ ra nước ngoài; dịch vụ tái bảo hiểm ra nước ngoài; dịch vụ cấp tín dụng; chuyển nhượng vốn; sản phẩm phái sinh; dịch vụ bưu chính, viễn thông; sản phẩm xuất khẩu quy định tại khoản 23 Điều 5 Luật Thuế giá trị gia tăng 2024; thuốc lá, rượu, bia nhập khẩu sau đó xuất khẩu; xăng, dầu mua tại nội địa bán cho cơ sở kinh doanh trong khu phi thuế quan; xe ô tô bán cho tổ chức, cá nhân trong khu phi thuế quan.

Công văn 1516/TCS14-QLDN3 áp dụng thuế suất thuế GTGT 0% năm 2026 ra sao? (Hình từ Internet)

Căn cứ tại Điều 8 Luật Thuế giá trị gia tăng 2024 quy thời điểm xác định thuế giá trị gia tăng như sau:

(1) Thời điểm xác định thuế giá trị gia tăng được quy định như sau:

- Đối với hàng hóa là thời điểm chuyển giao quyền sở hữu hoặc quyền sử dụng hàng hóa cho người mua hoặc thời điểm lập hóa đơn, không phân biệt đã thu được tiền hay chưa thu được tiền;

- Đối với dịch vụ là thời điểm hoàn thành việc cung cấp dịch vụ hoặc thời điểm lập hóa đơn cung cấp dịch vụ, không phân biệt đã thu được tiền hay chưa thu được tiền.

(2) Thời điểm xác định thuế giá trị gia tăng đối với hàng hóa, dịch vụ sau đây do Chính phủ quy định:

- Hàng hóa xuất khẩu, hàng hóa nhập khẩu;

- Dịch vụ viễn thông;

- Dịch vụ kinh doanh bảo hiểm;

- Hoạt động cung cấp điện, hoạt động sản xuất điện, nước sạch;

- Hoạt động kinh doanh bất động sản;

- Hoạt động xây dựng, lắp đặt và hoạt động dầu khí.

Điều 9. Thuế suất

1. Mức thuế suất 0% áp dụng đối với hàng hóa, dịch vụ sau đây:

[...]

b) Dịch vụ xuất khẩu bao gồm: dịch vụ cung cấp trực tiếp cho tổ chức, cá nhân ở nước ngoài và được tiêu dùng ở ngoài Việt Nam; dịch vụ cung cấp trực tiếp cho tổ chức ở trong khu phi thuế quan và được tiêu dùng trong khu phi thuế quan phục vụ trực tiếp cho hoạt động sản xuất xuất khẩu;

c) Hàng hóa, dịch vụ xuất khẩu khác bao gồm: vận tải quốc tế; dịch vụ cho thuê phương tiện vận tải được sử dụng ngoài phạm vi lãnh thổ Việt Nam; dịch vụ của ngành hàng không, hàng hải cung cấp trực tiếp hoặc thông qua đại lý cho vận tải quốc tế; hoạt động xây dựng, lắp đặt công trình ở nước ngoài hoặc ở trong khu phi thuế quan; sản phẩm nội dung thông tin số cung cấp cho bên nước ngoài và có hồ sơ, tài liệu chứng minh tiêu dùng ở ngoài Việt Nam theo quy định của Chính phủ; phụ tùng, vật tư thay thế để sửa chữa, bảo dưỡng phương tiện, máy móc, thiết bị cho bên nước ngoài và tiêu dùng ở ngoài Việt Nam; hàng hóa gia công chuyển tiếp để xuất khẩu theo quy định của pháp luật; hàng hóa, dịch vụ thuộc đối tượng không chịu thuế giá trị gia tăng khi xuất khẩu, trừ các trường hợp không áp dụng mức thuế suất 0% quy định tại điểm d khoản này;

Điều 18. Điều kiện áp dụng thuế suất 0%

Hàng hóa, dịch vụ xuất khẩu áp dụng thuế suất 0% quy định tại Điều 17 Nghị định này (trừ một số trường hợp đặc thù quy định tại Điều 27, Điều 28 Nghị định này) phải đáp ứng quy định sau:

[...]

2. Đối với dịch vụ xuất khẩu, trừ quy định tại khoản 3, 4, 5 Điều này, phải có:

a) Hợp đồng cung cấp dịch vụ với tổ chức, cá nhân ở nước ngoài hoặc ở trong khu phi thuế quan.

b) Chứng từ thanh toán không dùng tiền mặt đối với dịch vụ xuất khẩu.

3. Đối với vận tải quốc tế, phải có:

a) Hợp đồng vận chuyển hành khách, hành lý, hàng hóa giữa người vận chuyển và người thuê vận chuyển theo chặng quốc tế từ Việt Nam ra nước ngoài hoặc từ nước ngoài đến Việt Nam hoặc cả điểm đi và điểm đến ở nước ngoài theo các hình thức phù hợp với quy định của pháp luật. Đối với vận chuyển hành khách, hợp đồng vận chuyển là vé. Cơ sở kinh doanh vận tải quốc tế thực hiện theo các quy định của pháp luật về vận tải.

b) Chứng từ thanh toán không dùng tiền mặt. Đối với trường hợp vận chuyển hành khách là cá nhân, có chứng từ thanh toán trực tiếp.

Điều 1. Giảm thuế giá trị gia tăng

1. Giảm thuế giá trị gia tăng đối với các nhóm hàng hóa, dịch vụ đang áp dụng mức thuế suất 10%, trừ nhóm hàng hóa, dịch vụ sau:

a) Viễn thông, hoạt động tài chính, ngân hàng, chứng khoán, bảo hiểm, kinh doanh bất động sản, sản phẩm kim loại, sản phẩm khai khoáng (trừ than). Chi tiết tại Phụ lục I ban hành kèm theo Nghị định này.

b) Sản phẩm hàng hóa và dịch vụ chịu thuế tiêu thụ đặc biệt (trừ xăng). Chi tiết tại Phụ lục II ban hành kèm theo Nghị định này.

c) Việc giảm thuế giá trị gia tăng cho từng loại hàng hóa, dịch vụ quy định tại khoản 1 Điều này được áp dụng thống nhất tại các khâu nhập khẩu, sản xuất, gia công, kinh doanh thương mại.

Trường hợp hàng hóa, dịch vụ nêu tại các Phụ lục I và II ban hành kèm theo Nghị định này thuộc đối tượng không chịu thuế giá trị gia tăng hoặc đối tượng chịu thuế giá trị gia tăng 5% theo quy định của Luật Thuế giá trị gia tăng thì thực hiện theo quy định của Luật Thuế giá trị gia tăng và không được giảm thuế giá trị gia tăng.

2. Mức giảm thuế giá trị gia tăng:

a) Cơ sở kinh doanh tính thuế giá trị gia tăng theo phương pháp khấu trừ được áp dụng mức thuế suất thuế giá trị gia tăng 8% đối với hàng hóa, dịch vụ quy định tại khoản 1 Điều này.

[...]

Điều 2. Điều khoản thi hành

1. Nghị định này có hiệu lực thi hành từ ngày 01 tháng 7 năm 2025 đến hết ngày 31 tháng 12 năm 2026.

Phụ lục Danh mục hàng hóa, dịch vụ không được giàm thuế giá trị gia tăng này là một phần của Phụ lục Danh mục và nội dung hệ thống ngành sản phẩm Việt Nam ban hành kèm theo Quyết định số 43/2018/QĐ-TTg ngày 01/11/2018 của Thủ tướng Chính phủ về ban hành Hệ thống ngành sản phẩm Việt Nam","thue-phi-le-phi","","","","2026-05-21T00:00:00","https://thuvienphapluat.vn/hoi-dap-phap-luat/cong-van-1516tcs14qldn3-ap-dung-thue-suat-thue-gtgt-0-nam-2026-ra-sao-138091501.html","2026-05-21T20:47:00.800946+00:00"
"138091444","Công văn 3187/CT-CS 2026 về lệ phí trước bạ đối với mua bán đất gắn liền với nhà, tài sản trên đất thế nào?","Công văn 3187/CT-CS 2026 về lệ phí trước bạ đối với mua bán đất gắn liền với nhà, tài sản trên đất thế nào?

Hồ sơ khai lệ phí trước bạ nhà đất gồm những giấy tờ nào?

Đối tượng nào được sở hữu nhà ở tại Việt Nam?

Ngày 19/05/2026, Cục Thuế ban hành Công văn 3187/CT-CS năm 2026 về chính sách thuế.

Xem toàn bộ Công văn 3187 CT CS 2026 về chính sách thuế dưới đây:

TẢI VỀ

Về lệ phí trước bạ đối với các trường hợp mua bán đất gắn liền với nhà, tài sản trên đất. Về vấn đề này, Cục Thuế có ý kiến như sau:

(1) Căn cứ pháp lý để giải quyết

- Tại khoản 5 Điều 2 Thông tư 111/2013/TT-BTC (sửa đổi, bổ sung tại Thông tư 92/2015/TT-BTC) quy định:

- Tại Điều 12 Thông tư 111/2013/TT-BTC quy định như sau:

[...]

(2) Về Thuế thu nhập cá nhân và Lệ phí trước bạ

[...]

Trên đây là thông tin: Công văn 3187 CT CS 2026 về lệ phí trước bạ đối với mua bán đất gắn liền với nhà, tài sản trên đất thế nào?

Xem thêm:

>>> Hướng dẫn xóa ghi nợ tiền sử dụng đất, lệ phí trước bạ trên GCNQSDĐ đã cấp như thế nào?

>>> Bảng giá tính lệ phí trước bạ đối với nhà tại tỉnh Đắk Lắk từ 01/12/2025 ra sao?

Công văn 3187/CT-CS 2026 về lệ phí trước bạ đối với mua bán đất gắn liền với nhà, tài sản trên đất thế nào? (Hình từ Internet)

Căn cứ theo Phụ lục 1 ban hành kèm theo Nghị định 373/2025/NĐ-CP quy định về hồ sơ khai lệ phí trước bạ nhà đất từ ngày 14/2/2026 gồm những giấy tờ như sau:

- Tờ khai lệ phí trước bạ (áp dụng đối với nhà, đất) mẫu 01/LPTB.

- Bản sao các giấy tờ chứng minh tải sản (hoặc chủ tài sản) thuộc diện miễn lệ phí trước bạ (nếu có), trừ trường hợp nộp bản chính theo quy định của Bộ Tài chính.

- Bản sao giấy tờ chứng minh nhà, đất có nguồn |gốc hợp pháp theo quy định của pháp luật.

- Bản sao giây tờ hợp pháp theo quy định của pháp luật về việc chuyển giao tài sản ký kết giữa bên giao tài sán và bên nhận tài sản

Căn cứ theo khoản 1 Điều 8 Luật Nhà ở 2023, các đối tượng được sở hữu nhà ở tại Việt Nam bao gồm:

- Tổ chức, cá nhân trong nước;

- Người Việt Nam định cư ở nước ngoài theo quy định của pháp luật về quốc tịch;

- Tổ chức, cá nhân nước ngoài theo quy định tại khoản 1 Điều 17 Luật Nhà ở 2023.

Điều 2. Các khoản thu nhập chịu thuế

[...]

5. Thu nhập từ chuyển nhượng bất động sản

Thu nhập từ chuyển nhượng bất động sản là khoản thu nhập nhận được từ việc chuyển nhượng bất động sản bao gồm:

a) Thu nhập từ chuyển nhượng quyền sử dụng đất.

b) Thu nhập từ chuyển nhượng quyền sử dụng đất và tài sản gắn liền với đất. Tài sản gắn liền với đất bao gồm:

b.1) Nhà ở, kể cả nhà ở hình thành trong tương lai.

b.2) Kết cấu hạ tầng và các công trình xây dựng gắn liền với đất, kể cả công trình xây dựng hình thành trong tương lai.""

[...]

Điều 12. Căn cứ tính thuế đối với thu nhập từ chuyển nhượng bất động sản

Căn cứ tính thuế đối với thu nhập từ chuyển nhượng bất động sản là giá chuyển nhượng từng lần và thuế suất.

1. Giá chuyển nhượng

a) Giá chuyển nhượng đối với chuyển nhượng quyền sử dụng đất không có công trình xây dựng trên đất là giá ghi trên hợp đồng chuyển nhượng tại thời điểm chuyển nhượng.

Trường hợp trên hợp đồng chuyển nhượng không ghi giá hoặc giá trên hợp đồng chuyển nhượng thấp hơn giá đất do Ủy ban nhân dân cấp tỉnh quy định tại thời điểm chuyển nhượng thì giá chuyển nhượng được xác định theo bảng giá đất do Ủy ban nhân dân cấp tỉnh quy định tại thời điểm chuyển nhượng.

b) Giá chuyển nhượng đối với chuyển nhượng quyền sử dụng đất gắn với công trình xây dựng trên đất, kể cả nhà, công trình xây dựng hình thành trong tương lai là giá ghi trên hợp đồng chuyển nhượng tại thời điểm chuyển nhượng.

Trường hợp trên hợp đồng chuyển nhượng không ghi giá đất hoặc giá đất trên hợp đồng chuyển nhượng thấp hơn giá do Ủy ban nhân dân cấp tỉnh quy định thì giá chuyển nhượng đất là giá do Ủy ban nhân dân cấp tỉnh quy định tại thời điểm chuyển nhượng theo quy định của pháp luật về đất đai.

Trường hợp chuyển nhượng nhà gắn liền với đất thì phần giá trị nhà, kết cấu hạ tầng và công trình kiến trúc gắn liền với đất được xác định căn cứ theo giá tính lệ phí trước bạ nhà do Ủy ban nhân dân cấp tỉnh quy định. Trường hợp Ủy ban nhân dân cấp tỉnh không có quy định giá tính lệ phí trước bạ nhà thì căn cứ vào quy định của Bộ Xây dựng về phân loại nhà, về tiêu chuẩn, định mức xây dựng cơ bản, về giá trị còn lại thực tế của công trình trên đất.

Đối với công trình xây dựng hình thành trong tương lai, trường hợp hợp đồng không ghi giá chuyển nhượng hoặc giá chuyển nhượng thấp hơn tỷ lệ góp vốn trên tổng giá trị hợp đồng nhân với giá đất và giá tính lệ phí trước bạ công trình xây dựng do Ủy ban nhân dân cấp tỉnh quy định thì giá chuyền nhượng được xác định theo giá Ủy ban nhân với tỷ lệ góp vốn trên tộng giá trị hợp đồng. Trường hợp Ủy ban nhân dân cấp tỉnh chưa có quy định về đơn giá thì áp dụng theo suất vốn đầu tư xây dựng công trình do Bộ Xây dựng công bố, đang áp dụng tại thời điểm chuyển nhượng.”","thue-phi-le-phi","","","","2026-05-21T00:00:00","https://thuvienphapluat.vn/hoi-dap-phap-luat/cong-van-3187ctcs-2026-ve-le-phi-truoc-ba-doi-voi-mua-ban-dat-gan-lien-voi-nha-tai-san-tren-dat-the-138091444.html","2026-05-21T20:47:07.663381+00:00"
"138091477","Phí cung cấp dịch vụ viễn thông từ 01/07/2026 ra sao?","Phí cung cấp dịch vụ viễn thông từ 01/07/2026 ra sao?

Đối tượng nào thuộc diện miễn phí, lệ phí quyền hoạt động viễn thông?

Thời điểm nộp phí quyền hoạt động viễn thông chậm nhất là khi nào?

Căn cứ theo Mục 1 Biểu mức thu phí quyền hoạt động viễn thông, lệ phí cấp giấy phép viễn thông ban hành kèm theo Thông tư 52/2025/TT-BTC được sửa đổi, bổ sung bởi Điều 4 Thông tư 56/2026/TT-BTC TẢI VỀ quy định phí cung cấp dịch vụ viễn thông từ 01/07/2026 như sau:

Hằng năm, doanh nghiệp có phát sinh doanh thu dịch vụ viễn thông thuộc loại nào có trách nhiệm nộp phí cung cấp dịch vụ viễn thông theo quy mô doanh thu dịch vụ viễn thông loại đó của năm trước liền kề theo mức thu phí như sau:

Số TT

Mức doanh thu

Mức thu (năm)

1

Dưới 20 tỷ đồng

50 triệu đồng

2

Từ 20 tỷ đồng đến dưới 50 tỷ đồng

250 triệu đồng

3

Từ 50 tỷ đồng đến dưới 100 tỷ đồng

400 triệu đồng

4

Từ 100 tỷ đồng đến dưới 500 tỷ đồng

700 triệu đồng

5

Từ 500 tỷ đồng đến dưới 1.000 tỷ đồng

01 tỷ đồng

6

Từ 1.000 tỷ đồng đến dưới 2.000 tỷ đồng

02 tỷ đồng

7

Từ 2.000 tỷ đồng đến dưới 3.000 tỷ đồng

03 tỷ đồng

8

Từ 3.000 tỷ đồng đến dưới 4.000 tỷ đồng

04 tỷ đồng

9

Từ 4.000 tỷ đồng đến dưới 5.000 tỷ đồng

05 tỷ đồng

10

Từ 5.000 tỷ đồng đến dưới 6.000 tỷ đồng

06 tỷ đồng

11

Từ 6.000 tỷ đồng đến dưới 7.000 tỷ đồng

07 tỷ đồng

12

Từ 7.000 tỷ đồng đến dưới 8.000 tỷ đồng

08 tỷ đồng

13

Từ 8.000 tỷ đồng đến dưới 9.000 tỷ đồng

09 tỷ đồng

14

Từ 9.000 tỷ đồng đến dưới 10.000 tỷ đồng

10 tỷ đồng

15

Từ 10.000 tỷ đồng đến dưới 12.000 tỷ đồng

28 tỷ đồng

16

Từ 12.000 tỷ đồng đến dưới 14.000 tỷ đồng

46 tỷ đồng

17

Từ 14.000 tỷ đồng đến dưới 16.000 tỷ đồng

64 tỷ đồng

18

Từ 16.000 tỷ đồng đến dưới 18.000 tỷ đồng

82 tỷ đồng

19

Từ 18.000 tỷ đồng đến dưới 20.000 tỷ đồng

100 tỷ đồng

20

Từ 20.000 tỷ đồng đến dưới 25.000 tỷ đồng

125 tỷ đồng

21

Từ 25.000 tỷ đồng đến dưới 30.000 tỷ đồng

150 tỷ đồng

22

Từ 30.000 tỷ đồng đến dưới 35.000 tỷ đồng

175 tỷ đồng

23

Từ 35.000 tỷ đồng đến dưới 40.000 tỷ đồng

200 tỷ đồng

24

Từ 40.000 tỷ đồng đến dưới 45.000 tỷ đồng

225 tỷ đồng

25

Từ 45.000 tỷ đồng đến dưới 50.000 tỷ đồng

250 tỷ đồng

26

Từ 50.000 tỷ đồng trở lên

300 tỷ đồng

Doanh thu dịch vụ viễn thông được phân chia theo 04 loại tương ứng với 04 loại mạng viễn thông công cộng, bao gồm:

- Doanh thu dịch vụ viễn thông trên mạng viễn thông cố định mặt đất;

- Doanh thu dịch vụ viễn thông trên mạng viễn thông cố định vệ tinh;

- Doanh thu dịch vụ viễn thông trên mạng viễn thông di động mặt đất;

- Doanh thu dịch vụ viễn thông trên mạng viễn thông di động vệ tinh.

Xem thêm:

>>> Văn bản hợp nhất Luật Viễn thông số 66/VBHN-VPQH chi tiết như thế nào?

>>> Thời điểm xác định thuế giá trị gia tăng đối với dịch vụ viễn thông từ 01/07/2025 là khi nào?

Phí cung cấp dịch vụ viễn thông từ 01/07/2026 ra sao? (Hình từ Internet)

Căn cứ theo Điều 3 Thông tư 52/2025/TT-BTC quy định đối tượng thuộc diện miễn phí, lệ phí quyền hoạt động viễn thông gồm:

- Mạng viễn thông dùng riêng phục vụ quốc phòng, an ninh, cơ yếu.

- Mạng viễn thông dùng riêng phục vụ công tác chỉ đạo điều hành cứu nạn, cứu hộ, phòng chống thiên tai, hộ đê và cứu hộ các công trình có liên quan đến an toàn đê điều, hỏa hoạn, hoạt động nhân đạo, thảm họa khác.

- Mạng viễn thông dùng riêng cho tổ chức được hưởng quyền ưu đãi, miễn trừ dành cho cơ quan đại diện ngoại giao, cơ quan lãnh sự và cơ quan đại diện của tổ chức quốc tế tại Việt Nam.

- Mạng viễn thông của Đài riêng nói Việt Nam, Đài Truyền hình Việt Nam để thực hiện chức năng thông tin, tuyên truyền chủ trương, đường lối của Đảng và chính sách, pháp luật của Nhà nước, hoạt động không nhằm mục đích sinh lợi.

Căn cứ theo khoản 1 Điều 5 Thông tư 52/2025/TT-BTC quy định như sau:

Theo đó, thời điểm nộp phí quyền hoạt động viễn thông chậm nhất là ngày cuối cùng của tháng đầu tiên của quý tiếp theo quý nộp phí.

Điều 5. Kê khai, nộp phí, lệ phí của người nộp phí

1. Phí cung cấp dịch vụ viễn thông

a) Hàng quý, căn cứ doanh thu dịch vụ viễn thông của năm trước liền kề, người nộp phí xác định số phí phải nộp của quý bằng mức thu phí của năm chia cho 4. Thời điểm nộp phí chậm nhất là ngày cuối cùng của tháng đầu tiên của quý tiếp theo quý nộp phí.

b) Doanh thu dịch vụ viễn thông của năm trước liền kề làm căn cứ tính phí thực hiện theo quy định của pháp luật về viễn thông.

Trường hợp năm trước liền kề mà người nộp phí không hoạt động đủ 12 tháng thì doanh thu năm trước liền kề được xác định bằng tổng doanh thu của năm trước liền kề chia cho số tháng hoạt động (tính tròn tháng) nhân với 12.

Trường hợp năm tài chính của người nộp phí không trùng với năm dương lịch thì doanh thu năm trước liền kề được lấy theo năm tài chính thực tế thực hiện.

[...]","thue-phi-le-phi","","","","2026-05-21T00:00:00","https://thuvienphapluat.vn/hoi-dap-phap-luat/phi-cung-cap-dich-vu-vien-thong-tu-01072026-ra-sao-138091477.html","2026-05-21T20:47:17.225353+00:00"
"138090638","Mẫu điều chỉnh tờ khai Mẫu số 01 CNKD đã kê khai theo Thông tư 18/2026/TT-BTC của hộ kinh doanh là mẫu nào?","Mẫu điều chỉnh tờ khai Mẫu số 01 CNKD đã kê khai theo Thông tư 18/2026/TT-BTC của hộ kinh doanh là mẫu nào?

Thời hạn nộp hồ sơ khai thuế, nộp thuế của hộ kinh doanh được thực hiện như thế nào?

Thời điểm xác định doanh thu để tính thuế TNCN của hộ kinh doanh như thế nào?

Mẫu điều chỉnh tờ khai Mẫu số 01 CNKD đã kê khai theo Thông tư 18/2026/TT-BTC của hộ kinh doanh là Mẫu số 01/TKN-CNKD ban hành kèm theo Thông tư 50/2026/TT-BTC.

Mẫu điều chỉnh tờ khai Mẫu số 01 CNKD đã kê khai theo Thông tư 18/2026/TT-BTC của hộ kinh doanh có dạng như sau:

Tải Mẫu điều chỉnh tờ khai Mẫu số 01 CNKD đã kê khai theo Thông tư 18/2026/TT-BTC:

TẢI VỀ

Ghi chú:

- Đối với trường hợp hộ kinh doanh, cá nhân kinh doanh có doanh thu năm từ 01 tỷ đồng trở xuống thì chỉ thực hiện thông báo doanh thu; không thực hiện khai số thuế GTGT, thuế TNCN phải nộp.

- Chỉ tiêu [3.1], [3.2]…tại khoản III, mục C: bao gồm khoáng sản và đất đá bóc, đất đá thải (nếu có).

- Hệ số K tính phí bảo vệ môi trường đối với khai thác khoáng sản thực hiện theo quy định tại Nghị định số 27/2023/NĐ-CP và các văn bản sửa đổi bổ sung (nếu có)

Trên đây là thông tin về ""Mẫu điều chỉnh tờ khai Mẫu số 01 CNKD đã kê khai theo Thông tư 18/2026/TT-BTC của hộ kinh doanh là mẫu nào?"".

Xem thêm

Hộ kinh doanh có nhiều địa điểm kinh doanh thì xuất hóa đơn cùng 1 MST cho tất cả các cửa hàng đúng không?

Thông báo 3291/TB-TCS1 những việc hộ kinh doanh doanh thu dưới 1 tỷ cần làm là gì?

Mẫu điều chỉnh tờ khai Mẫu số 01 CNKD đã kê khai theo Thông tư 18/2026/TT-BTC của hộ kinh doanh là mẫu nào? (Hình từ Internet)

Theo khoản 3 Điều 8 Nghị định 68/2026/NĐ-CP quy định thời hạn nộp hồ sơ khai thuế, nộp thuế của hộ kinh doanh như sau:

- Trường hợp khai thuế theo quý thì thời hạn nộp hồ sơ khai thuế chậm nhất là ngày cuối cùng của tháng đầu tiên của quý tiếp theo;

- Trường hợp khai thuế theo tháng thì thời hạn nộp hồ sơ khai thuế chậm nhất là ngày thứ 20 của tháng tiếp theo tháng phát sinh nghĩa vụ thuế trừ trường hợp khai thuế theo quy định tại khoản 1 Điều 18 Nghị định 68/2026/NĐ-CP;

- Trường hợp khai quyết toán thuế thu nhập cá nhân theo năm thì thời hạn nộp hồ sơ khai thuế chậm nhất là ngày 31 tháng 3 của năm dương lịch tiếp theo;

- Trường hợp cá nhân trực tiếp khai thuế đối với hoạt động cho thuê bất động sản thì cá nhân được lựa chọn khai thuế hai lần trong năm tính thuế hoặc khai thuế một lần theo năm tính thuế. Trường hợp khai thuế hai lần trong năm tính thuế, thời hạn nộp hồ sơ khai thuế lần thứ nhất chậm nhất là ngày 31 tháng 7 của năm tính thuế và lần thứ hai chậm nhất là ngày 31 tháng 01 của năm dương lịch tiếp theo năm tính thuế. Trường hợp khai thuế một lần theo năm tính thuế, thời hạn nộp hồ sơ khai thuế chậm nhất là ngày 31 tháng 01 của năm dương lịch tiếp theo năm tính thuế;

- Trường hợp tổ chức thuê bất động sản của cá nhân mà trong hợp đồng thuê bất động sản có thỏa thuận bên đi thuê là người khai thuế thay, nộp thuế thay thì tổ chức thực hiện khai thuế thay, nộp thuế thay cho cá nhân. Thời hạn nộp hồ sơ khai thuế xác định theo kỳ thanh toán tiền thuê bất động sản.

Trường hợp cá nhân cho cá nhân thuê bất động sản thì cá nhân cho thuê bất động sản phải trực tiếp khai thuế;

- Thời hạn nộp thuế chậm nhất là ngày cuối cùng của thời hạn nộp hồ sơ khai thuế. Trường hợp khai bổ sung hồ sơ khai thuế, thời hạn nộp thuế là thời hạn nộp hồ sơ khai thuế của kỳ tính thuế có sai, sót.

Theo khoản 3 Điều 5 Nghị định 68/2026/NĐ-CP quy định thời điểm xác định doanh thu để tính thuế thu nhập cá nhân của hộ kinh doanh như sau:

- Đối với hoạt động bán hàng hóa là thời điểm chuyển giao quyền sở hữu, quyền sử dụng hàng hóa cho người mua;

- Đối với hoạt động cung ứng dịch vụ là thời điểm hoàn thành việc cung ứng dịch vụ hoặc hoàn thành từng phần việc cung ứng dịch vụ cho người mua, trừ các hoạt động cung ứng dịch vụ nêu tại khoản 2 Điều 5 Nghị định 68/2026/NĐ-CP.","thue-phi-le-phi","","","","2026-05-21T00:00:00","https://thuvienphapluat.vn/hoi-dap-phap-luat/mau-dieu-chinh-to-khai-mau-so-01-cnkd-da-ke-khai-theo-thong-tu-182026ttbtc-cua-ho-kinh-doanh-la-mau-138090638.html","2026-05-21T20:47:26.854713+00:00"
"138091441","Thông báo 6766/TB-NBI ngày 19/5/2026 sửa đổi quy định về hồ sơ đề nghị hoàn thuế nộp thừa chi tiết như thế nào?","Thông báo 6766 TB NBI ngày 19/5/2026 sửa đổi quy định về hồ sơ đề nghị hoàn thuế nộp thừa chi tiết như thế nào?

Trường hợp nào được hoàn thuế TNCN?

Người nộp thuế gặp khó khăn có được giảm thuế TNCN hay không?

Ngày 19/5/2026, Thuế tỉnh Ninh Bình ban hành Thông báo 6766/TB-NBI năm 2026 thông báo một số nội dung của Thông tư 50/2026/TT-BTC ngày 13/5/2026 của Bộ Tài chính sửa đổi, bổ sung một số điều của Thông tư 18/2026/TT-BTC ngày 05/3/2026 của Bộ Tài chính.

TẢI VỀ

Theo đó, Mục 2 Thông báo 6766/TB-NBI năm 2026 nêu rõ nội dung sửa đổi, bổ sung quy định về hồ sơ đề nghị hoàn thuế nộp thừa như sau:

Tại Điều 2 Thông tư 50/2026/TT-BTC sửa đổi, bổ sung quy định về hồ sơ đề nghị hoàn thuế nộp thừa tại khoản 2 Điều 5 Thông tư 18/2026/TT-BTC như sau:

Như vậy, Hồ sơ đề nghị hoàn thuế nộp thừa đối với hộ kinh doanh, cá nhân kinh doanh nộp thuế thu nhập cá nhân theo phương pháp thu nhập tính thuế nhân (x) với thuế suất là Tờ khai thuế theo Mẫu số 02/CNKD-TNCN-QTT TẢI VỀ ban hành kèm theo Thông tư 50/2026/TT-BTC.

>>> Xem chi tiết Thông báo 6766 TB NBI ngày 19/5/2026 sửa đổi quy định về hồ sơ đề nghị hoàn thuế nộp thừa

TẢI VỀ

* Trên đây là Thông báo 6766 TB NBI ngày 19/5/2026 sửa đổi quy định về hồ sơ đề nghị hoàn thuế nộp thừa chi tiết như thế nào?

Xem thêm:

Công văn 284 SLA NVDTPC Tổng hợp chính sách thuế mới nhất cho Hộ kinh doanh chi tiết như thế nào?

6 bước thực hiện chuyển đổi Hộ kinh doanh sang doanh nghiệp theo Công văn 2002 thế nào?

Thông báo TB NBI ngày 19/5/2026 sửa đổi quy định về hồ sơ đề nghị hoàn thuế nộp thừa chi tiết như thế nào? (Hình từ Internet)

Căn cứ Điều 6 Luật Thuế thu nhập cá nhân 2025 quy định về quản lý thuế đối với thuế thu nhập cá nhân được quy định như sau:

Như vậy, người nộp thuế được hoàn thuế TNCN đối với trường hợp cá nhân có số thuế đã nộp lớn hơn số thuế phải nộp hoặc chưa đến mức phải nộp.

Tại Điều 5 Luật Thuế thu nhập cá nhân 2025 quy định như sau:

Như vậy, người nộp thuế gặp khó khăn do thiên tai, dịch bệnh, hoả hoạn, tai nạn, bệnh hiểm nghèo ảnh hưởng đến khả năng nộp thuế thì được giảm thuế tương ứng với mức độ thiệt hại nhưng không vượt quá số thuế phải nộp.

Trên đây là Thông báo 6766 TB NBI ngày 19/5/2026 sửa đổi quy định về hồ sơ đề nghị hoàn thuế nộp thừa chi tiết như thế nào?

Điều 2. Sửa đổi, bổ sung khoản 2 Điều 5

“2. Hồ sơ đề nghị hoàn thuế nộp thừa đối với hộ kinh doanh, cá nhân kinh doanh nộp thuế thu nhập cá nhân theo phương pháp thu nhập tính thuế nhân (x) với thuế suất là Tờ khai thuế theo Mẫu số 02/CNKD-TNCN-QTT ban hành kèm theo Thông tư này.”

Điều 6. Quản lý thuế đối với thuế thu nhập cá nhân

Căn cứ quy định của Luật này, Chính phủ quy định về kỳ tính thuế theo năm đối với thu nhập từ kinh doanh, thu nhập từ tiền lương, tiền công của cá nhân cư trú, kỳ tính thuế theo từng lần phát sinh đối với các khoản thu nhập khác của cá nhân cư trú và cá nhân không cư trú; thời điểm xác định thu nhập tính thuế; quyết toán thuế; hoàn thuế đối với trường hợp cá nhân có số thuế đã nộp lớn hơn số thuế phải nộp hoặc chưa đến mức phải nộp; trách nhiệm khấu trừ, khai thay, nộp thay cho người nộp thuế phù hợp với quy định của Luật Quản lý thuế.

Điều 5. Các trường hợp miễn thuế, giảm thuế khác

1. Người nộp thuế gặp khó khăn do thiên tai, dịch bệnh, hoả hoạn, tai nạn, bệnh hiểm nghèo ảnh hưởng đến khả năng nộp thuế thì được giảm thuế tương ứng với mức độ thiệt hại nhưng không vượt quá số thuế phải nộp.

2. Miễn thuế thu nhập cá nhân trong thời hạn 05 năm đối với thu nhập từ tiền lương, tiền công của cá nhân là nhân lực công nghiệp công nghệ số chất lượng cao thuộc các trường hợp sau:

a) Thu nhập từ dự án hoạt động công nghiệp công nghệ số trong khu công nghệ số tập trung;

b) Thu nhập từ dự án nghiên cứu và phát triển, sản xuất sản phẩm công nghệ số trọng điểm, chip bán dẫn, hệ thống trí tuệ nhân tạo;

c) Thu nhập từ các hoạt động đào tạo nhân lực công nghiệp công nghệ số.

3. Miễn thuế thu nhập cá nhân trong thời hạn 05 năm đối với thu nhập từ tiền lương, tiền công của cá nhân là nhân lực công nghệ cao thực hiện hoạt động nghiên cứu và phát triển công nghệ cao hoặc công nghệ chiến lược thuộc Danh mục công nghệ cao được ưu tiên đầu tư phát triển hoặc Danh mục công nghệ chiến lược và sản phẩm công nghệ chiến lược theo quy định của pháp luật về công nghệ cao.

4. Miễn thuế thu nhập cá nhân đối với chuyển nhượng chứng chỉ quỹ mở thành lập theo quy định của pháp luật về chứng khoán được nắm giữ từ 02 năm trở lên kể từ ngày mua.

5. Giảm 50% thuế thu nhập cá nhân đối với lợi tức của nhà đầu tư cá nhân được chia từ quỹ đầu tư chứng khoán, quỹ đầu tư bất động sản thành lập theo quy định của Luật Chứng khoán trong thời hạn do Chính phủ quy định.

6. Chính phủ quy định chi tiết Điều này.","thue-phi-le-phi","","","","2026-05-21T00:00:00","https://thuvienphapluat.vn/hoi-dap-phap-luat/thong-bao-6766tbnbi-ngay-1952026-sua-doi-quy-dinh-ve-ho-so-de-nghi-hoan-thue-nop-thua-chi-tiet-nhu--138091441.html","2026-05-21T20:47:34.645870+00:00"
"138091431","Tổng hợp Công văn Thuế ban hành tháng 5/2026 chi tiết thế nào?","Tổng hợp Công văn Thuế ban hành tháng 5 2026 chi tiết thế nào?

Cơ quan quản lý thuế có trách nhiệm đào tạo, xây dựng đội ngũ công chức quản lý thuế để thực hiện chức năng gì?

Từ 1/7/2026 cơ quan quản lý thuế cung cấp thông tin người nộp thuế trong trường hợp nào?

>>> Tờ khai 05/KK-TNCN tháng 4, 5, 6/2026 chính thức bỏ khai theo tháng chuyển sang kê khai quý 2/2026 ra sao?

>>> THÔNG TIN quan trọng về Tờ khai 05/KK-TNCN theo TT80 khi bỏ kê khai theo tháng chuyển sang quý thế nào?

Dưới đây là Tổng hợp Công văn Thuế ban hành tháng 5 2026 chi tiết như sau:

STT

Công văn Thuế ban hành tháng 5/2026

File CV

1

Công văn 284/TCS6-NVDTPC ngày 19/5/2026 giới thiệu Thông tư 50/2026/TT-BTC

TẢI VỀ

2

Công văn 3078/CT-NVT ngày 15/5/2026 xác thực sinh trắc học người đại diện theo pháp luật đăng ký/thay đổi thông tin đăng ký sử dụng hóa đơn điện tử

TẢI VỀ

3

Công văn 5973/BNI-QLDNI ngày 12/5/2026 miễn thuế TNCN tiền làm việc ban đêm, làm thêm giờ

TẢI VỀ

4

Công văn 3152/CTH-QLDN3 về điều kiện khoản chi mua hàng hóa của HKD có doanh thu dưới ngưỡng chịu thuế được trừ thuế TNDN

TẢI VỀ

5

Công văn 3291/TCS9-NVDTPС ngày 13/5/2026 thúc đẩy HKD thanh toán không dùng tiền mặt và minh bạch doanh thu

TẢI VỀ

6

Công văn 1116/TCS4-NVDTPC ngày 15/5/2026 triển khai Nghị định 144/2026 sửa đổi Nghị định 181/2025 về Thuế giá trị gia tăng

TẢI VỀ

7

Công văn 1499/DLA-NVDTPC ngày 20/5/2026 tuyên truyền quy định mới về xác thực sinh trắc học khi đăng ký thay đổi thông tin hóa đơn điện tử

TẢI VỀ

8

Công văn 8743/DON-QLDN2 ngày 15/5/2026 xác định giá đất được trừ khi tính thuế GTGT với hoạt động chuyển nhượng bất động sản

TẢI VỀ

9

Công văn 1290/VLO-QLDN1 ngày 05/05/2026 về tiện ích của ứng dụng eTax Mobile đối với cá nhân có thu nhập từ tiền lương, tiền công

TẢI VỀ

10

Công văn 20154/TCS27-NVDTPC ngày 19/5/2026 Đăng ký thông báo số tài khoản và số hiệu ví điện tử với hộ kinh doanh, CNKD

TẢI VỀ

11

Công văn 1476/VKSTC-V9 Giải đáp 20 vướng mắc trong vụ việc dân sự, hôn nhân và gia đình

TẢI VỀ

12

Công văn 3047/CT-CS 2026 ngày 14/05/2026 Thuế giá trị gia tăng về cung cấp vật tư, thiết bị gắn với thi công, xây dựng công trình

TẢI VỀ

13

Công văn 1957/TCS13-NVDTPC ngày 15/5/2026 giới thiệu điểm mới Thông tư 50/2026/TT-BTC về quản lý thuế đối với HKD, CNKD

TẢI VỀ

14

Công văn 6395/NBI-QLDN3 ngày 11/5/2026 Không tính thuế TNCN đối với tiền học phí cho con của người lao động do công ty chi trả

TẢI VỀ

15

Công văn 655/SLA-NVDTPC ngày 12/5/2026 triển khai chính sách thuế mới tại Nghị định 144/2026/NĐ-CP

TẢI VỀ

16

Công văn 3008/CT-CS ngày 13/5/2026 xác định chi phí được trừ khi tính thuế TNDN đối với khoản chi phí tương ứng với phần thuế GTGT đầu ra của hàng hóa biếu, tặng, tài trợ, không thu tiền

TẢI VỀ

17

Công văn 2995/CT-CS ngày 13/5/2026 chính sách thuế hoạt động chuyển nhượng vốn của doanh nghiệp nước ngoài

TẢI VỀ

18

Công văn 2994/CT-CS ngày 13/5/2026 chính sách thuế TNDN đối với kinh doanh thương mại mặt hàng bia

TẢI VỀ

19

Công văn 2991/CT-CS ngày 12/5/2026 về kê khai, quyết toán phí, lệ phí

TẢI VỀ

20

Công văn 3006/CT-CS ngày 13/5/2026 chính sách thuế về ưu đãi thuế TNDN đối với dự án đầu tư mới, dự án đầu tư mở rộng

TẢI VỀ

21

Công văn 2903/CT-CS ngày 08/5/2026 của Cục Thuế về chi phí được trừ khi tính thuế TNDN từ việc giảm vốn đầu tư vào Công ty con do Công ty con giảm vốn điều lệ

TẢI VỀ

22

Công văn 1250/DLA-NVDTPC ngày 04/5/2026 bổ sung một số chính sách thuế đối với Hộ kinh doanh tại Nghị định 141

TẢI VỀ

23

Công văn 4954/TPHCM-DLRR ngày 11/5/2026 V/v phối hợp trong công tác xuất hoá đơn điện tử cho người mua hàng

TẢI VỀ

24

Công văn 2965/CT-CS 2026 ngày 12/05/2026 chính sách thuế GTGT về công nghệ thông tin

TẢI VỀ

25

Công văn 2926/CT-CS ngày 11/5/2026 về ưu đãi thuế TNDN đối với thu nhập từ hoạt động chăn nuôi

TẢI VỀ

26

Công văn 4818/LDO-CNTK ngày 12/5/2026 đăng ký lớp Thuế và kế toán cho HKD, CNKD

TẢI VỀ

27

Công văn 1722/TCS13-NVDTPC ngày 7/5/2026 thủ tục tính hoặc tính lại tiền sử dụng đất theo quy định tại Nghị định 50/2026

TẢI VỀ

28

Công văn 139/TCS4-NVDTPC ngày 5/5/2026 tuyên truyền, phổ biến ngưỡng miễn thuế đối với doanh nghiệp, hộ kinh doanh

TẢI VỀ

29

Công văn 524/TCS12-NVDTPC ngày 4/5/2026 chính sách thuế đối với HKD theo Nghị định 141/2026

TẢI VỀ

30

Công văn 1182//TQU-QLDN1 ngày 06/5/2026 hướng dẫn kê khai thuế, điều chỉnh giảm hóa đơn GTGT đầu vào

TẢI VỀ

[tiếp tục cập nhật...]

* Trên đây là thông tin Tổng hợp Công văn Thuế ban hành tháng 5 2026 chi tiết thế nào?

>>> Hộ kinh doanh đã nộp tờ khai thuế theo ngưỡng cũ, xử lý thế nào?

>>> HKD có doanh thu bao nhiêu thì nộp thuế GTGT theo quý, theo tháng 2026?

Tổng hợp Công văn Thuế ban hành tháng 5/2026 chi tiết thế nào? (Hình từ Internet)

Tại Điều 9 Luật Quản lý thuế 2025 quy định về xây dựng lực lượng quản lý thuế như sau:

Như vậy, cơ quan quản lý thuế có trách nhiệm đào tạo, xây dựng đội ngũ công chức quản lý thuế để thực hiện chức năng quản lý thuế theo quy định của pháp luật.

Căn cứ theo khoản 2 Điều 7 Luật Quản lý thuế 2025, từ ngày 01/7/2026, cơ quan quản lý thuế cung cấp thông tin người nộp thuế trong các trường hợp sau:

- Cung cấp cho cơ quan điều tra, Viện kiểm sát, Tòa án, cơ quan thanh tra, Kiểm toán nhà nước, cơ quan quản lý khác của nhà nước khi có yêu cầu bằng văn bản để phục vụ hoạt động tố tụng, thanh tra, kiểm tra, kiểm toán theo quy định của pháp luật;

- Cung cấp cho cơ quan nhà nước có thẩm quyền khác khi có yêu cầu bằng văn bản theo quy định của luật;

- Cung cấp cho cơ quan quản lý thuế nước ngoài phù hợp với điều ước quốc tế về thuế, thỏa thuận quốc tế về thuế mà nước Cộng hòa xã hội chủ nghĩa Việt Nam là thành viên hoặc là bên ký kết.

Điều 9. Xây dựng lực lượng quản lý thuế

1. Lực lượng quản lý thuế được xây dựng trong sạch, vững mạnh; có đạo đức công vụ, tinh thần phục vụ người nộp thuế, tuân thủ kỷ luật, kỷ cương hành chính; được trang bị và làm chủ kỹ thuật hiện đại, hoạt động hiệu lực và hiệu quả.

2. Công chức quản lý thuế được áp dụng chế độ chức danh, tiêu chuẩn, lương, chế độ đãi ngộ, phù hiệu, cấp hiệu, trang phục, biển hiệu của công chức quản lý thuế nhằm bảo đảm công tác quản lý thuế, khuyến khích, nâng cao trách nhiệm, tính chuyên nghiệp và hiệu quả thực thi công vụ.

3. Cơ quan quản lý thuế có trách nhiệm đào tạo, xây dựng đội ngũ công chức quản lý thuế để thực hiện chức năng quản lý thuế theo quy định của pháp luật.

4. Nhà nước bảo đảm các nguồn lực tài chính cho hoạt động của lực lượng quản lý thuế, cơ quan quản lý thuế; trong đó ưu tiên bố trí ngân sách nhà nước hằng năm để xây dựng và vận hành hệ thống công nghệ thông tin, chuyển đổi số trong quản lý thuế, hóa đơn điện tử, cơ sở vật chất, trang thiết bị và các nhiệm vụ chuyên môn phục vụ công tác để nâng cao hiệu quả quản lý thuế.

5. Chính phủ quy định chi tiết khoản 2 và khoản 4 Điều này.","thue-phi-le-phi","","","","2026-05-21T00:00:00","https://thuvienphapluat.vn/hoi-dap-phap-luat/tong-hop-cong-van-thue-ban-hanh-thang-52026-chi-tiet-the-nao-138091431.html","2026-05-21T20:47:44.507175+00:00"
"138091419","Thuế TPHCM thông báo thời hạn nộp thuế tháng 4/2026 với 04 loại thuế nào?","Thuế TPHCM thông báo thời hạn nộp thuế tháng 4/2026 với 04 loại thuế nào?

Thời hiệu xử phạt chậm nộp tờ khai thuế mới nhất là bao nhiêu năm?

Từ 01/7/2026 có được nộp bổ sung tờ khai thuế đã nộp khi khai sai không?

Căn cứ khoản 1 Điều 44 Luật Quản lý thuế 2019 có quy định như sau:

Đồng thời tại khoản 1 Điều 8 Nghị định 126/2020/NĐ-CP quy định các loại thuế khai theo tháng như sau:

Bên cạnh đó tại Nghị quyết 66.16/2026/NQ-CP về cắt giảm, đơn giản hóa thủ tục hành chính và Quyết định 1109/QĐ-BTC năm 2026 của Bộ Tài chính, thủ tục kê khai thuế TNCN tháng đối với thu nhập từ tiền lương, tiền công bằng tờ khai mẫu 02/KK-TNCN và 05/KK-TNCN đã được bãi bỏ để chuyển hoàn toàn sang thực hiện kê khai theo quý.

Vừa qua thuế TPHCM đã đã ra thông báo thời hạn nộp thuế tháng 04/2026 như sau:

Theo đó Thuế TPHCM thông báo thời hạn nộp thuế tháng 4/2026 với 04 loại thuế gồm:

- Thuế GTGT

- Thuế tiêu thụ đặc biệt

- Thuế bảo vệ môi trường

- Thuế tài nguyên

Hạn chót nộp hồ sơ khai thuế và nộp tiền thuế là ngày 20/5/2026

Thuế TPHCM thông báo thời hạn nộp thuế tháng 4/2026 với 04 loại thuế nào? (Hình từ Internet)

Mức xử phạt vi phạm hành chính đối với hành vi chậm nộp tờ khai thuế được quy định tại Điều 13 Nghị định 125/2020/NĐ-CP.

Căn cứ khoản 2 Điều 8 Nghị định 125/2020/NĐ-CP được sửa đổi bởi điểm b khoản 6 Điều 1 Nghị định 310/2025/NĐ-CP có quy định như sau:

Theo đó thời hiệu xử phạt chậm nộp tờ khai thuế là 02 năm kể từ ngày thực hiện hành vi vi phạm.

Đối với hành vi chậm nộp tờ khai thuế ngày thực hiện hành vi vi phạm là ngày kế tiếp ngày kết thúc thời hạn phải thực hiện thủ tục về thuế theo quy định của pháp luật về quản lý thuế, trừ các trường hợp:

- Ngày thực hiện hành vi vi phạm để tính thời hiệu là ngày người nộp thuế thực hiện đăng ký thuế hoặc thông báo với cơ quan thuế hoặc nộp hồ sơ khai thuế, áp dụng đối với trường hợp:

+ Nộp hồ sơ khai thuế quá thời hạn quy định từ 61 ngày đến 90 ngày;

+ Nộp hồ sơ khai thuế quá thời hạn quy định từ 91 ngày trở lên nhưng không phát sinh số thuế phải nộp;

+ Nộp hồ sơ khai thuế quá thời hạn trên 90 ngày kể từ ngày hết hạn nộp hồ sơ khai thuế, có phát sinh số thuế phải nộp và người nộp thuế đã nộp đủ số tiền thuế, tiền chậm nộp vào ngân sách nhà nước trước thời điểm cơ quan thuế công bố quyết định kiểm tra thuế, cơ quan có thẩm quyền khác công bố quyết định thanh tra, kiểm tra hoặc trước thời điểm cơ quan thuế lập biên bản về hành vi chậm nộp hồ sơ khai thuế.

- Ngày thực hiện hành vi vi phạm để tính thời hiệu là ngày người có thẩm quyền thi hành công vụ phát hiện hành vi vi phạm, áp dụng đối với trường hợp:

+ Không nộp hồ sơ khai thuế nhưng không phát sinh số thuế phải nộp; (Là hành vi vi phạm hành chính về thuế đang được thực hiện)

+ Không nộp các phụ lục theo quy định về quản lý thuế đối với doanh nghiệp có giao dịch liên kết kèm theo hồ sơ quyết toán thuế thu nhập doanh nghiệp. (Là hành vi vi phạm hành chính về thuế đang được thực hiện).

Căn cứ khoản 5 Điều 12 Luật Quản lý thuế 2025 (Có hiệu lực từ 01/7/2026) quy định về bổ sung hồ sơ khai thuế như sau:

Theo đó kể từ ngày 01/7/2026 người nộp thuế vẫn được khai bổ sung hồ sơ khai thuế khi phát hiện sai sót trong thời hạn 05 năm kể từ ngày hết thời hạn nộp hồ sơ khai thuế của kỳ tính thuế có sai sót nếu đáp ứng các điều kiện theo quy định nêu trên.

So với quy định tại Điều 47 Luật Quản lý thuế 2019 thì từ 01/7/2026 thời hạn được khai bổ sung được điều chỉnh từ 10 năm xuống còn 05 năm, chứ không phải bị bãi bỏ quyền nộp tờ khai bổ sung.

Điều 44. Thời hạn nộp hồ sơ khai thuế

1. Thời hạn nộp hồ sơ khai thuế đối với loại thuế khai theo tháng, theo quý được quy định như sau:

a) Chậm nhất là ngày thứ 20 của tháng tiếp theo tháng phát sinh nghĩa vụ thuế đối với trường hợp khai và nộp theo tháng;

b) Chậm nhất là ngày cuối cùng của tháng đầu của quý tiếp theo quý phát sinh nghĩa vụ thuế đối với trường hợp khai và nộp theo quý.

Điều 8. Các loại thuế khai theo tháng, khai theo quý, khai theo năm, khai theo từng lần phát sinh nghĩa vụ thuế và khai quyết toán thuế

1. Các loại thuế, khoản thu khác thuộc ngân sách nhà nước do cơ quan quản lý thuế quản lý thu thuộc loại khai theo tháng, bao gồm:

a) Thuế giá trị gia tăng, thuế thu nhập cá nhân. Trường hợp người nộp thuế đáp ứng các tiêu chí theo quy định tại Điều 9 Nghị định này thì được lựa chọn khai theo quý.

b) Thuế tiêu thụ đặc biệt.

c) Thuế bảo vệ môi trường.

d) Thuế tài nguyên, trừ thuế tài nguyên quy định tại điểm e khoản này.

đ) Các khoản phí, lệ phí thuộc ngân sách nhà nước (trừ phí, lệ phí do cơ quan đại diện nước cộng hoà xã hội chủ nghĩa Việt Nam ở nước ngoài thực hiện thu theo quy định tại Điều 12 Nghị định này; phí hải quan; lệ phí hàng hoá, hành lý, phương tiện vận tải quá cảnh).

e) Đối với hoạt động khai thác, xuất bán khí thiên nhiên: Thuế tài nguyên; thuế thu nhập doanh nghiệp; thuế đặc biệt của Liên doanh Việt - Nga “Vietsovpetro” tại Lô 09.1 theo Hiệp định giữa Chính phủ Cộng hoà xã hội chủ nghĩa Việt Nam và Chính phủ Liên bang Nga ký ngày 27 tháng 12 năm 2010 về việc tiếp tục hợp tác trong lĩnh vực thăm dò địa chất và khai thác dầu khí tại thềm lục địa Cộng hoà xã hội chủ nghĩa Việt Nam trong khuôn khổ Liên doanh Việt - Nga “Vietsovpetro” (sau đây gọi là Liên doanh Vietsovpetro tại Lô 09.1); tiền lãi khí nước chủ nhà được chia.

Điều 8. Thời hiệu xử phạt vi phạm hành chính về thuế, hóa đơn; thời hạn được coi là chưa bị xử phạt; thời hạn truy thu thuế

[...]

2. Thời hiệu xử phạt vi phạm hành chính về thuế

a) Thời hiệu xử phạt đối với hành vi vi phạm thủ tục thuế là 02 năm, kể từ ngày thực hiện hành vi vi phạm.

Ngày thực hiện hành vi vi phạm hành chính về thủ tục thuế là ngày kế tiếp ngày kết thúc thời hạn phải thực hiện thủ tục về thuế theo quy định của pháp luật về quản lý thuế, trừ các trường hợp sau đây:

Đối với hành vi quy định tại khoản 1, điểm a, b khoản 2, khoản 3 và điểm a khoản 4 Điều 10; khoản 1, 2, 3, 4 và điểm a khoản 5 Điều 11; khoản 1, 2, 3 và điểm a, b khoản 4, khoản 5 Điều 13 Nghị định này, ngày thực hiện hành vi vi phạm để tính thời hiệu là ngày người nộp thuế thực hiện đăng ký thuế hoặc thông báo với cơ quan thuế hoặc nộp hồ sơ khai thuế.

Đối với hành vi quy định tại điểm c, d khoản 2, điểm b khoản 4 Điều 10; điểm b khoản 5 Điều 11; điểm c, d khoản 4 Điều 13 Nghị định này là hành vi vi phạm hành chính về thuế đang được thực hiện, ngày thực hiện hành vi vi phạm để tính thời hiệu là ngày người có thẩm quyền thi hành công vụ phát hiện hành vi vi phạm.

b) Thời hiệu xử phạt đối với hành vi trốn thuế chưa đến mức truy cứu trách nhiệm hình sự, hành vi khai sai dẫn đến thiếu số tiền thuế phải nộp hoặc tăng số tiền thuế được miễn, giảm, hoàn là 05 năm, kể từ ngày thực hiện hành vi vi phạm.

Ngày thực hiện hành vi khai sai dẫn đến thiếu số tiền thuế phải nộp hoặc tăng số tiền thuế được miễn, giảm, hoàn hoặc hành vi trốn thuế (trừ hành vi tại điểm a khoản 1 Điều 17 Nghị định này) là ngày tiếp theo ngày cuối cùng của thời hạn nộp hồ sơ khai thuế của kỳ tính thuế mà người nộp thuế thực hiện khai thiếu thuế, trốn thuế hoặc ngày tiếp theo ngày cơ quan có thẩm quyền ra quyết định miễn thuế, giảm thuế, hoàn thuế.

Đối với hành vi không nộp hồ sơ đăng ký thuế, không nộp hồ sơ khai thuế tại điểm a khoản 1 Điều 17 Nghị định này là hành vi vi phạm hành chính về thuế đang được thực hiện, ngày thực hiện hành vi vi phạm để tính thời hiệu là ngày người có thẩm quyền thi hành công vụ phát hiện hành vi vi phạm. Đối với hành vi nộp hồ sơ khai thuế sau 90 ngày quy định tại điểm a khoản 1 Điều 17 Nghị định này thì ngày thực hiện hành vi vi phạm để tính thời hiệu là ngày người nộp thuế nộp hồ sơ khai thuế.

Điều 12. Khai thuế, khoản thu khác; tính thuế, khoản thu khác; khấu trừ thuế

[...]

5. Người nộp thuế phát hiện hồ sơ khai thuế, khoản thu khác đã nộp cho cơ quan thuế có sai, sót thì được khai bổ sung hồ sơ khai thuế, khoản thu khác trong thời hạn 05 năm kể từ ngày hết thời hạn nộp hồ sơ khai thuế, khoản thu khác của kỳ tính thuế có sai, sót đối với các trường hợp sau:

a) Trước khi cơ quan thuế, cơ quan có thẩm quyền công bố quyết định thanh tra, kiểm tra;

b) Hồ sơ không thuộc phạm vi, thời kỳ thanh tra, kiểm tra thuế, khoản thu khác nêu tại quyết định thanh tra, kiểm tra;

c) Hồ sơ không thuộc trường hợp cơ quan điều tra yêu cầu không được khai bổ sung hồ sơ khai thuế, khoản thu khác để phục vụ điều tra vụ án;

d) Người nộp thuế phát hiện hồ sơ khai thuế đã nộp còn sai, sót liên quan đến phạm vi, thời kỳ đã thanh tra, kiểm tra dẫn đến phát sinh tăng số thuế phải nộp, giảm số thuế đã được miễn, giảm, hoàn, giảm số thuế được khấu trừ, giảm số thuế đã nộp thừa thì người nộp thuế được bổ sung hồ sơ giải trình với cơ quan thuế. Cơ quan thuế có trách nhiệm rà soát hồ sơ giải trình liên quan đến phạm vi, thời kỳ đã thanh tra, kiểm tra của người nộp thuế, trường hợp chấp thuận hồ sơ giải trình của người nộp thuế thì cơ quan thuế ban hành thông báo chấp thuận cho người nộp thuế điều chỉnh hồ sơ khai thuế.

Người nộp thuế bị xử lý theo quy định như đối với trường hợp cơ quan thuế, cơ quan có thẩm quyền thanh tra, kiểm tra phát hiện. Công chức thanh tra, kiểm tra thuế liên quan đến hồ sơ giải trình chịu trách nhiệm về sai, sót chưa được phát hiện đầy đủ qua kiểm tra trong trường hợp tuân thủ chưa đúng quy định tại điểm n khoản 1 Điều 38 của Luật này;

đ) Các trường hợp thực hiện theo kết luận, quyết định của cơ quan nhà nước có thẩm quyền liên quan đến nội dung xác định nghĩa vụ thuế của người nộp thuế. Trường hợp người nộp thuế khai bổ sung làm tăng số thuế phải nộp, giảm số thuế được khấu trừ, miễn, giảm, hoàn thì bị xử lý theo quy định như đối với trường hợp cơ quan thuế, cơ quan có thẩm quyền thanh tra, kiểm tra phát hiện;

e) Chính phủ quy định các trường hợp cơ quan điều tra đề nghị không được khai bổ sung hồ sơ khai thuế, khoản thu khác để phục vụ điều tra vụ án và trách nhiệm thông báo của cơ quan điều tra cho cơ quan thuế khi kết thúc yêu cầu liên quan đến vụ án quy định tại điểm c khoản này và các trường hợp khai bổ sung theo kết luận, quyết định của cơ quan nhà nước có thẩm quyền liên quan đến nội dung xác định nghĩa vụ thuế của người nộp thuế quy định tại điểm đ khoản này.","thue-phi-le-phi","","","","2026-05-21T00:00:00","https://thuvienphapluat.vn/hoi-dap-phap-luat/thue-tphcm-thong-bao-thoi-han-nop-thue-thang-42026-voi-04-loai-thue-nao-138091419.html","2026-05-21T20:47:51.789723+00:00"
"138091433","Download tờ khai 05/KK-TNCN năm 2026 khi khai quý bỏ kê khai tháng theo Quyết định 1109?","Download tờ khai 05 KK TNCN năm 2026 khi khai quý bỏ kê khai tháng theo Quyết định 1109?

Chứng từ khấu trừ thuế thu nhập cá nhân phải bao gồm những nội dung gì?

Miễn thuế thu nhập cá nhân trong thời hạn 05 năm đối với trường hợp nào?

Ngày 08/05/2026 Bộ Tài chính đã ban hành Quyết định 1109/QĐ-BTC năm 2026 công bố thủ tục hành chính được sửa đổi, bổ sung, bãi bỏ trong lĩnh vực quản lý thuế, hải quan

Theo thủ tục trên, từ kỳ kê khai tháng 04/2026, TTHC 2.002235 “Kê khai quý (bỏ kê khai tháng)” được thực hiện theo Nghị quyết 66.16/NQ-CP về cắt giảm, đơn giản hóa TTHC, Quyết định 1109/QĐ-BTC ngày 8/5/2026

Như vậy, từ Quý 2/2026 sẽ thực hiện kê khai thuế TNCN theo mẫu 05/KK-TNCN ban hành kèm theo Quyết định 1109/QĐ-BTC năm 2026. Mẫu có dạng như sau:

Download tờ khai 05 KK TNCN năm 2026 khi khai quý bỏ kê khai tháng theo Quyết định 1109

TẢI VỀ

* Trên đây là Thông tin Download tờ khai 05 KK TNCN năm 2026 khi khai quý bỏ kê khai tháng theo Quyết định 1109?

>>> Tờ khai 05/KK-TNCN tháng 4, 5, 6/2026 chính thức bỏ khai theo tháng chuyển sang kê khai quý 2/2026 ra sao?

>>> THÔNG TIN quan trọng về Tờ khai 05/KK-TNCN theo TT80 khi bỏ kê khai theo tháng chuyển sang quý thế nào?

Download tờ khai 05 KK TNCN năm 2026 khi khai quý bỏ kê khai tháng theo Quyết định 1109? (Hình từ Internet)

Căn cứ theo khoản 1 Điều 32 Nghị định 123/2020/NĐ-CP được sửa đổi bởi điểm a khoản 18 Điều 1 Nghị định 70/2025/NĐ-CP quy định nội dung trên chứng từ khấu trừ thuế TNCN cụ thể như sau:

(1) Tên chứng từ khấu trừ thuế; ký hiệu mẫu chứng từ khấu trừ thuế, ký hiệu chứng từ khấu trừ thuế, số thứ tự chứng từ khấu trừ thuế;

(2) Tên, địa chỉ, mã số thuế của tổ chức, cá nhân chi trả thu nhập;

(3) Tên, địa chỉ, số điện thoại, mã số thuế của cá nhân nhận thu nhập (nếu cá nhân đã có mã số thuế) hoặc số định danh cá nhân;

(4) Quốc tịch (nếu người nộp thuế không thuộc quốc tịch Việt Nam);

(5) Khoản thu nhập, thời điểm trả thu nhập, tổng thu nhập chịu thuế, khoản đóng bảo hiểm bắt buộc; khoản từ thiện, nhân đạo, khuyến học; số thuế đã khấu trừ;

(6) Ngày, tháng, năm lập chứng từ khấu trừ thuế;

(7) Họ tên, chữ ký của người trả thu nhập.

Lưu ý: Trường hợp sử dụng chứng từ khấu trừ thuế thu nhập cá nhân điện tử thì chữ ký trên chứng từ điện tử là chữ ký số.

Căn cứ theo Điều 5 Luật Thuế thu nhập cá nhân 2025 quy định như sau:

Như vậy, miễn thuế thu nhập cá nhân trong thời hạn 05 năm đối với trường hợp:

[1] Miễn thuế thu nhập cá nhân trong thời hạn 05 năm đối với thu nhập từ tiền lương, tiền công của cá nhân là nhân lực công nghiệp công nghệ số chất lượng cao thuộc các trường hợp sau:

- Thu nhập từ dự án hoạt động công nghiệp công nghệ số trong khu công nghệ số tập trung;

- Thu nhập từ dự án nghiên cứu và phát triển, sản xuất sản phẩm công nghệ số trọng điểm, chip bán dẫn, hệ thống trí tuệ nhân tạo;

- Thu nhập từ các hoạt động đào tạo nhân lực công nghiệp công nghệ số.

[2] Miễn thuế thu nhập cá nhân trong thời hạn 05 năm đối với thu nhập từ tiền lương, tiền công của cá nhân là nhân lực công nghệ cao thực hiện hoạt động nghiên cứu và phát triển công nghệ cao hoặc công nghệ chiến lược thuộc Danh mục công nghệ cao được ưu tiên đầu tư phát triển hoặc Danh mục công nghệ chiến lược và sản phẩm công nghệ chiến lược theo quy định của pháp luật về công nghệ cao.

Điều 5. Các trường hợp miễn thuế, giảm thuế khác

1. Người nộp thuế gặp khó khăn do thiên tai, dịch bệnh, hoả hoạn, tai nạn, bệnh hiểm nghèo ảnh hưởng đến khả năng nộp thuế thì được giảm thuế tương ứng với mức độ thiệt hại nhưng không vượt quá số thuế phải nộp.

2. Miễn thuế thu nhập cá nhân trong thời hạn 05 năm đối với thu nhập từ tiền lương, tiền công của cá nhân là nhân lực công nghiệp công nghệ số chất lượng cao thuộc các trường hợp sau:

a) Thu nhập từ dự án hoạt động công nghiệp công nghệ số trong khu công nghệ số tập trung;

b) Thu nhập từ dự án nghiên cứu và phát triển, sản xuất sản phẩm công nghệ số trọng điểm, chip bán dẫn, hệ thống trí tuệ nhân tạo;

c) Thu nhập từ các hoạt động đào tạo nhân lực công nghiệp công nghệ số.

3. Miễn thuế thu nhập cá nhân trong thời hạn 05 năm đối với thu nhập từ tiền lương, tiền công của cá nhân là nhân lực công nghệ cao thực hiện hoạt động nghiên cứu và phát triển công nghệ cao hoặc công nghệ chiến lược thuộc Danh mục công nghệ cao được ưu tiên đầu tư phát triển hoặc Danh mục công nghệ chiến lược và sản phẩm công nghệ chiến lược theo quy định của pháp luật về công nghệ cao.

4. Miễn thuế thu nhập cá nhân đối với chuyển nhượng chứng chỉ quỹ mở thành lập theo quy định của pháp luật về chứng khoán được nắm giữ từ 02 năm trở lên kể từ ngày mua.

5. Giảm 50% thuế thu nhập cá nhân đối với lợi tức của nhà đầu tư cá nhân được chia từ quỹ đầu tư chứng khoán, quỹ đầu tư bất động sản thành lập theo quy định của Luật Chứng khoán trong thời hạn do Chính phủ quy định.

6. Chính phủ quy định chi tiết Điều này.","thue-phi-le-phi","","","","2026-05-21T00:00:00","https://thuvienphapluat.vn/hoi-dap-phap-luat/download-to-khai-05kktncn-nam-2026-khi-khai-quy-bo-ke-khai-thang-theo-quyet-dinh-1109-138091433.html","2026-05-21T20:47:58.173206+00:00"
"138091437","Công văn 1489/DLA-NVDTPC ngày 19/5/2026 quy định mới về chứng từ thanh toán không dùng tiền mặt cho khoản trả chậm, trả góp trên 5 triệu ra sao?","Công văn 1489 DLA NVDTPC ngày 19/5/2026 quy định mới về chứng từ thanh toán không dùng tiền mặt cho khoản trả chậm trả góp trên 5 triệu ra sao?

Nội dung quản lý thuế bao gồm những nội dung nào theo Luật Quản lý thuế 2025?

Quy định chuyển tiếp tại Luật Quản lý thuế 2025 ra sao?

Ngày 19/5/2026, Thuế tỉnh Đắk Lắk ban hành Công văn 1489/DLA-NVDTPC năm 2026 về tuyên truyền, phổ biến một số nội dung tại Nghị định 144/2026/NĐ-CP sửa đổi, bổ sung một số điều của Nghị định 181/2025/NĐ-CP.

TẢI VỀ

Theo đó, tại mục 4 Công văn 1489/DLA-NVDTPC năm 2026 nêu rõ nội dung sửa đổi, bổ sung quy định về chứng từ thanh toán không dùng tiền mặt quy định tại điểm g khoản 2 Điều 26 Nghị định 181/2025/NĐ-CP như sau:

Tại Điều 4 Nghị định 144/2026/NĐ-CP đã sửa đổi, bổ sung quy định liên quan đến chứng từ thanh toán không dùng tiền mặt đối với hàng hóa, dịch vụ mua trả chậm, trả góp từ 5 triệu đồng trở lên. Theo đó:

Đối với hàng hóa, dịch vụ mua trả chậm, trả góp có giá trị từ 5 triệu đồng trở lên, cơ sở kinh doanh căn cứ vào hợp đồng mua hàng hóa, dịch vụ bằng văn bản, hóa đơn GTGT và chứng từ thanh toán không dùng tiền mặt của hàng hóa, dịch vụ mua trả chậm, trả góp để khấu trừ thuế GTGT đầu vào.

Trường hợp chưa có chứng từ thanh toán không dùng tiền mặt do chưa đến thời điểm thanh toán theo hợp đồng, phụ lục hợp đồng thì cơ sở kinh doanh vẫn được khấu trừ thuế GTGT đầu vào.

- Đến thời điểm thanh toán theo hợp đồng, phụ lục hợp đồng, cơ sở kinh doanh không có chứng từ thanh toán không dùng tiền mặt thì phải kê khai, điều chỉnh giảm số thuế GTGT đầu vào được khấu trừ đối với phần giá trị hàng hóa, dịch vụ không có chứng từ thanh toán không dùng tiền mặt vào kỳ tính thuế phát sinh nghĩa vụ thanh toán theo hợp đồng, phụ lục hợp đồng.

- Nếu sau khi điều chỉnh, cơ sở kinh doanh có chứng từ thanh toán không dùng tiền mặt thì được kê khai, khấu trừ số thuế GTGT đầu vào đối với phần giá trị hàng hóa, dịch vụ có chứng từ thanh toán không dùng tiền mặt vào kỳ tính thuế có chứng từ thanh toán không dùng tiền mặt.

Lưu ý: Nghị định 144/2026/NĐ-CP có hiệu lực thi hành từ ngày 20/6/2026.

[...]

>>> Xem chi tiết Công văn 1489 DLA NVDTPC ngày 19/5/2026 hướng dẫn áp dụng điểm mới Nghị định 144 2026 NĐ CP về thuế GTGT:

TẢI VỀ

Xem thêm:

>> > Tỷ lệ tính thuế GTGT, thuế TNCN đối với hộ kinh doanh năm 2026 dự kiến ra sao?

>>> Quy định mới về thuế GTGT đầu vào không được trừ khi tính thuế TNDN theo Nghị định 320/2025 như thế nào?

* Trên đây là Công văn 1489 DLA NVDTPC ngày 19/5/2026 quy định mới về chứng từ thanh toán không dùng tiền mặt cho khoản trả chậm trả góp trên 5 triệu ra sao?

Căn cứ theo khoản 2 Điều 5 Luật Quản lý thuế 2025 quy định về các nội dung quản lý thuế bao gồm:

- Đăng ký thuế; khai thuế, tính thuế, khấu trừ thuế; nộp thuế, tiền chậm nộp, tiền phạt; ấn định thuế; hoàn thuế; xử lý tiền thuế, tiền chậm nộp, tiền phạt nộp thừa; miễn thuế; giảm thuế; không chịu thuế; không thu thuế; khoanh tiền thuế nợ; xóa tiền thuế nợ; miễn tiền chậm nộp; miễn tiền phạt; tính tiền chậm nộp, không tính tiền chậm nộp; gia hạn nộp thuế, tiền chậm nộp, tiền phạt; gia hạn nộp hồ sơ khai thuế; nộp dần tiền thuế nợ; cưỡng chế thi hành quyết định hành chính về quản lý thuế;

- Tuyên truyền, hỗ trợ người nộp thuế; quản lý rủi ro, quản lý tuân thủ;

- Quản lý thông tin người nộp thuế;

- Quản lý hóa đơn, chứng từ;

- Kiểm tra thuế; thực hiện biện pháp phòng, chống, ngăn chặn vi phạm pháp luật về thuế; xử lý vi phạm hành chính về quản lý thuế; giải quyết khiếu nại, tố cáo về thuế;

- Hợp tác quốc tế về thuế; quản lý thuế theo các điều ước quốc tế về thuế, thỏa thuận quốc tế về thuế mà nước Cộng hòa xã hội chủ nghĩa Việt Nam là thành viên hoặc là bên ký kết, cam kết quốc tế về thuế.

Căn cứ tại Điều 53 Luật Quản lý thuế 2025 có hiệu lực từ 01/7/2026 về quy định chuyển tiếp như sau:

[1] Các khoản thuế được miễn, giảm, không thu theo quy định của pháp luật tương ứng từng thời kỳ, phát sinh trước ngày 01 tháng 7 năm 2026 thì tiếp tục xử lý theo quy định của Luật Quản lý thuế 2019.

[2] Các khoản tiền thuế nợ đến hết ngày 30 tháng 6 năm 2026 thì được xử lý theo quy định của Luật Quản lý thuế 2025.

[3] Các cuộc kiểm tra có quyết định kiểm tra được ban hành trước ngày Luật này có hiệu lực thi hành nhưng chưa ban hành kết luận hoặc quyết định xử lý thì tiếp tục thực hiện theo quy định của Luật Quản lý thuế 2019.

Trên đây là Công văn 1489 DLA NVDTPC ngày 19/5/2026 hướng dẫn áp dụng điểm mới Nghị định 144 2026 NĐ CP về thuế GTGT chi tiết ra sao?","thue-phi-le-phi","","","","2026-05-21T00:00:00","https://thuvienphapluat.vn/hoi-dap-phap-luat/cong-van-1489dlanvdtpc-ngay-1952026-quy-dinh-moi-ve-chung-tu-thanh-toan-khong-dung-tien-mat-cho-kho-138091437.html","2026-05-21T20:48:04.216038+00:00"
"138091123","Thuế TPHCM thông báo không nộp thuế TNCN tháng 4/2026 chi tiết ra sao?","Thuế TPHCM thông báo không nộp thuế TNCN tháng 4/2026 chi tiết ra sao?

Đã nộp tờ khai thuế tháng 4 2026 nhưng chưa nộp thuế TNCN thì xử lý như thế nào?

Từ tháng 7/2026 thời hạn nộp bổ sung tờ khai thuế đã nộp khi khai sai là bao nhiêu năm?

Theo Nghị quyết 66.16/2026/NQ-CP về cắt giảm, đơn giản hóa thủ tục hành chính và Quyết định 1109/QĐ-BTC năm 2026 của Bộ Tài chính, thủ tục kê khai thuế TNCN tháng đối với thu nhập từ tiền lương, tiền công bằng tờ khai mẫu 02/KK-TNCN và 05/KK-TNCN đã được bãi bỏ để chuyển hoàn toàn sang thực hiện kê khai theo quý.

Thuế TPHCM cũng đã có thông báo về thời hạn nộp thuế tháng 4/2026 như sau:

Theo thông báo của Thuế Thành phố Hồ Chí Minh, hạn chót nộp hồ sơ khai thuế và nộp tiền thuế của kỳ thuế tháng 4/2026 là ngày 20/5/2026.

Tuy nhiên, thông báo này chủ yếu áp dụng đối với các loại thuế vẫn còn thuộc diện kê khai theo tháng như thuế GTGT, thuế tiêu thụ đặc biệt, thuế bảo vệ môi trường, thuế tài nguyên và không còn bao gồm thủ tục khai thuế TNCN tháng đối với tiền lương, tiền công.

Do đó, đối với thu nhập từ tiền lương, tiền công phát sinh trong tháng 4/2026 doanh nghiệp, tổ chức trả thu nhập sẽ không nộp tờ khai và nộp thuế TNCN tháng 4/2026 như trước đây. Số liệu tháng 4/2026 sẽ được kê khai gộp chung vào tờ khai quý II/2026.

Thuế TPHCM thông báo không nộp thuế TNCN tháng 4/2026 chi tiết ra sao? (Hình từ Internet)

Theo Nghị quyết 66.16/2026/NQ-CP về cắt giảm, đơn giản hóa thủ tục hành chính và Quyết định 1109/QĐ-BTC năm 2026 của Bộ Tài chính, thủ tục kê khai thuế TNCN tháng đối với thu nhập từ tiền lương, tiền công bằng tờ khai mẫu 02/KK-TNCN và 05/KK-TNCN đã được bãi bỏ để chuyển hoàn toàn sang thực hiện kê khai theo quý.

Bên cạnh đó ngày 20/5/2026, Thuế thành phố Đồng Nai ban hành hướng dẫn bỏ tờ khai thuế TNCN theo tháng theo Nghị quyết 66.16/2026/NĐ-CP, trong đó có thay đổi quan trọng là bỏ kê khai thuế thu nhập cá nhân (TNCN) theo tháng, chuyển sang kê khai theo quý đối với nhiều trường hợp.

TẢI VỀ

Trong đó Thuế TP Đồng Nai hướng dẫn đối với các tờ khai thuế tháng 4 2026 đã nhận vào hệ thống, Cục Thuế sẽ có thông báo gửi các Thuế tỉnh, thành phố về việc hướng dẫn xử lý.

Ngoài ra với trường hợp NNT đã nộp tờ khai thuế TNCN tháng 4 2026 nhưng chưa nộp tiền thuế TNCN thì có thể xử lý tạm thời như sau:

- Người nộp thuế tra cứu tờ khai đã nộp trên hệ thống và thực hiện kê khai bổ sung, điều chỉnh số thuế phải nộp về 0 nhằm hạn chế phát sinh tình trạng nộp thừa hoặc thiếu nghĩa vụ thuế trong thời gian chờ hướng dẫn chính thức của cơ quan thuế.

Căn cứ khoản 5 Điều 12 Luật Quản lý thuế 2025 (Có hiệu lực từ 01/7/2026) quy định về bổ sung hồ sơ khai thuế như sau:

Theo đó kể từ ngày 01/7/2026 người nộp thuế vẫn được khai bổ sung hồ sơ khai thuế khi phát hiện sai sót trong thời hạn 05 năm kể từ ngày hết thời hạn nộp hồ sơ khai thuế của kỳ tính thuế có sai sót nếu đáp ứng các điều kiện theo quy định nêu trên.

Điều 12. Khai thuế, khoản thu khác; tính thuế, khoản thu khác; khấu trừ thuế

[...]

5. Người nộp thuế phát hiện hồ sơ khai thuế, khoản thu khác đã nộp cho cơ quan thuế có sai, sót thì được khai bổ sung hồ sơ khai thuế, khoản thu khác trong thời hạn 05 năm kể từ ngày hết thời hạn nộp hồ sơ khai thuế, khoản thu khác của kỳ tính thuế có sai, sót đối với các trường hợp sau:

a) Trước khi cơ quan thuế, cơ quan có thẩm quyền công bố quyết định thanh tra, kiểm tra;

b) Hồ sơ không thuộc phạm vi, thời kỳ thanh tra, kiểm tra thuế, khoản thu khác nêu tại quyết định thanh tra, kiểm tra;

c) Hồ sơ không thuộc trường hợp cơ quan điều tra yêu cầu không được khai bổ sung hồ sơ khai thuế, khoản thu khác để phục vụ điều tra vụ án;

d) Người nộp thuế phát hiện hồ sơ khai thuế đã nộp còn sai, sót liên quan đến phạm vi, thời kỳ đã thanh tra, kiểm tra dẫn đến phát sinh tăng số thuế phải nộp, giảm số thuế đã được miễn, giảm, hoàn, giảm số thuế được khấu trừ, giảm số thuế đã nộp thừa thì người nộp thuế được bổ sung hồ sơ giải trình với cơ quan thuế. Cơ quan thuế có trách nhiệm rà soát hồ sơ giải trình liên quan đến phạm vi, thời kỳ đã thanh tra, kiểm tra của người nộp thuế, trường hợp chấp thuận hồ sơ giải trình của người nộp thuế thì cơ quan thuế ban hành thông báo chấp thuận cho người nộp thuế điều chỉnh hồ sơ khai thuế.

Người nộp thuế bị xử lý theo quy định như đối với trường hợp cơ quan thuế, cơ quan có thẩm quyền thanh tra, kiểm tra phát hiện. Công chức thanh tra, kiểm tra thuế liên quan đến hồ sơ giải trình chịu trách nhiệm về sai, sót chưa được phát hiện đầy đủ qua kiểm tra trong trường hợp tuân thủ chưa đúng quy định tại điểm n khoản 1 Điều 38 của Luật này;

đ) Các trường hợp thực hiện theo kết luận, quyết định của cơ quan nhà nước có thẩm quyền liên quan đến nội dung xác định nghĩa vụ thuế của người nộp thuế. Trường hợp người nộp thuế khai bổ sung làm tăng số thuế phải nộp, giảm số thuế được khấu trừ, miễn, giảm, hoàn thì bị xử lý theo quy định như đối với trường hợp cơ quan thuế, cơ quan có thẩm quyền thanh tra, kiểm tra phát hiện;

e) Chính phủ quy định các trường hợp cơ quan điều tra đề nghị không được khai bổ sung hồ sơ khai thuế, khoản thu khác để phục vụ điều tra vụ án và trách nhiệm thông báo của cơ quan điều tra cho cơ quan thuế khi kết thúc yêu cầu liên quan đến vụ án quy định tại điểm c khoản này và các trường hợp khai bổ sung theo kết luận, quyết định của cơ quan nhà nước có thẩm quyền liên quan đến nội dung xác định nghĩa vụ thuế của người nộp thuế quy định tại điểm đ khoản này.","thue-phi-le-phi","","","","2026-05-21T00:00:00","https://thuvienphapluat.vn/hoi-dap-phap-luat/thue-tphcm-thong-bao-khong-nop-thue-tncn-thang-42026-chi-tiet-ra-sao-138091123.html","2026-05-21T20:48:12.021185+00:00"
"138091430","Có cần bổ sung tờ khai thuế TNCN quý 1/2026 khi đã nộp tờ khai thuế TNCN tháng 1, 2, 3/2026 hay không?","Có cần bổ sung tờ khai thuế TNCN quý 1/2026 khi đã nộp tờ khai thuế TNCN tháng 1, 2, 3/2026 hay không?

Hạn nộp tờ khai thuế TNCN quý 2/2026 là khi nào?

Trường hợp nào không phải thực hiện quyết toán thuế TNCN theo Công văn 1296?

Trường hợp đã nộp tờ khai thuế TNCN tháng 1, 2, 3/2026 không cần bổ sung tờ khai thuế TNCN quý 1/2026.

Căn cứ tại Phụ lục I.9 ban hành kèm theo Nghị quyết 66.16/NQ-CP năm 2026 có hiệu lực từ ngày 15/04/2026 cắt giảm thủ tục hành chính lĩnh vực Thuế:

Thủ tục khai thuế thu nhập cá nhân đối với thu nhập từ tiền lương, tiền công (bao gồm cả cá nhân nhận thưởng bằng cổ phiếu từ đơn vị sử dụng lao động) tại điểm a khoản 1 và điểm c khoản 2 Điều 8 Nghị định số 126/2020/NĐ-CP được sửa đổi, bổ sung bởi Nghị định 373/2025/NĐ-CP

- Thủ tục khai thuế thu nhập cá nhân đối với thu nhập từ tiền lương, tiền công (bao gồm cả cá nhân nhận thưởng bằng cổ phiếu từ đơn vị sử dụng lao động) tại điểm a khoản 1 Điều 8 Nghị định 126/2020/NĐ-CP như sau:

Thuế giá trị gia tăng, thuế thu nhập cá nhân (trừ thuế thu nhập cá nhân đối với thu nhập từ tiền lương, tiền công). Trường hợp người nộp thuế đáp ứng các tiêu chí theo quy định tại Điều 9 Nghị định số 126/2020/NĐ-CP thì được lựa chọn khai theo quý.

- Thủ tục khai thuế thu nhập cá nhân đối với thu nhập từ tiền lương, tiền công (bao gồm cả cá nhân nhận thưởng bằng cổ phiếu từ đơn vị sử dụng lao động) tại điểm c khoản 2 Điều 8 Nghị định 126/2020/NĐ-CP như sau:

Thuế thu nhập cá nhân đối với tổ chức, cá nhân trả thu nhập thuộc diện khấu trừ thuế theo quy định của pháp luật thuế thu nhập cá nhân, mà tổ chức, cá nhân trả thu nhập đó thuộc diện khai thuế giá trị gia tăng theo quý và lựa chọn khai thuế thu nhập cá nhân theo quý; thuế thu nhập cá nhân đối với tổ chức, cá nhân trả thu nhập từ tiền lương, tiền công thuộc diện khấu trừ thuế theo quy định của pháp luật thuế thu nhập cá nhân; cá nhân có thu nhập từ tiền lương, tiền công trực tiếp khai thuế với cơ quan thuế.

II. Hồ sơ khai thuế thu nhập cá nhân đối với thu nhập từ tiền lương, tiền công (bao gồm cả cá nhân nhận thưởng bằng cổ phiếu từ đơn vị sử dụng lao động) tại điểm a mục 9.2 Phụ lục I ban hành kèm theo Nghị định số 126/2020/NĐ-CP ngày 19 tháng 10 năm 2020 của Chính phủ quy định chi tiết một số điều của Luật Quản lý thuế được sửa đổi, bổ sung bởi Nghị định số 373/2025/NĐ-CP

Hồ sơ khai thuế đối với cá nhân có thu nhập từ tiền lương, tiền công trực tiếp khai thuế với cơ quan thuế gồm Hồ sơ khai thuế quý.

Ngoài ra, Quyết định 1109/QĐ-BTC năm 2026 có hiệu lực từ ngày 08/05/2026 công bố thủ tục hành chính được sửa đổi, bổ sung, bãi bỏ trong lĩnh vực quản lý thuế, hải quan

Theo đó đã sửa đổi bổ sung Thủ tục hành chính 2.002235 Khai thuế thu nhập cá nhân tháng/quý của tổ chức, cá nhân trả thu nhập khấu trừ thuế đối với tiền lương, tiền công

Theo thủ tục trên thì không còn kê khai theo tháng, theo đó CHÍNH THỨC bỏ kê khai thuế TNCN tháng và thay bằng kê khai TNCN quý từ ngày 8/5/2026.

Ngày 19/5/2026, Cục Thuế đã thực hiện nâng cấp các ứng dụng thuế điện tử chặn không cho NNT kê khai tờ khai 02/KK-TNCN và tờ khai 05/KK-TNCN theo tháng kể từ kỳ tính thuế tháng 4/2026.

Theo đó, từ kỳ kê khai thuế TNCN tháng 4/2026 sẽ chuyển áp dụng kê khai thuế TNCN quý. Do đó, trường hợp đã nộp tờ khai thuế TNCN tháng 1, 2, 3/2026 không cần bổ sung tờ khai thuế TNCN quý 1/2026.

Theo điểm b khoản 1 Điều 44 Luật Quản lý thuế 2019 quy định về thời hạn nộp hồ sơ khai thuế cụ thể như sau:

Theo đó, hạn nộp tờ khai thuế TNCN quý 2/2026 là ngày cuối cùng của tháng đầu tiên của quý tiếp theo tức là ngày 31/7/2026.

Theo Tiểu mục 2 Mục 1 Phần B Công văn 1296/CT-NVT năm 2026 quy định trường hợp không phải thực hiện quyết toán thuế TNCN theo quy định gồm:

[1] Đối với tổ chức, cá nhân trả thu nhập

Tổ chức, cá nhân trả thu nhập từ tiền lương, tiền công không phải quyết toán thuế TNCN bao gồm: tổ chức, cá nhân trong năm không phát sinh trả thu nhập; tổ chức, cá nhân trả thu nhập tạm ngừng hoạt động, kinh doanh trọn năm dương lịch.

Trường hợp chuyển đổi loại hình doanh nghiệp (không bao gồm doanh nghiệp nhà nước cổ phần hóa) mà doanh nghiệp chuyển đổi kế thừa toàn bộ nghĩa vụ về thuế của doanh nghiệp được chuyển đổi thì không phải khai quyết toán thuế TNCN đến thời điểm có quyết định về việc chuyển đổi doanh nghiệp, doanh nghiệp khai quyết toán khi kết thúc năm.

[2] Đối với cá nhân có thu nhập từ tiền lương, tiền công

Cá nhân có thu nhập từ tiền lương tiền công trong các trường hợp sau đây không phải quyết toán thuế thu nhập cá nhân:

+ Cá nhân có số thuế thu nhập cá nhân phải nộp thêm sau quyết toán của từng năm từ 50.000 đồng trở xuống. Cá nhân được miễn thuế trong trường hợp này tự xác định số tiền thuế được miễn, không bắt buộc phải nộp hồ sơ quyết toán thuế thu nhập cá nhân và không phải nộp hồ sơ miễn thuế;

+ Cá nhân có số thuế thu nhập cá nhân phải nộp nhỏ hơn số thuế đã tạm nộp mà không có yêu cầu hoàn thuế hoặc bù trừ vào kỳ khai thuế tiếp theo;

+ Cá nhân có thu nhập từ tiền lương, tiền công ký hợp đồng lao động từ 03 tháng trở lên tại một đơn vị, đồng thời có thu nhập vãng lai ở các nơi khác bình quân tháng trong năm không quá 10 triệu đồng và đã được khấu trừ thuế TNCN theo tỷ lệ 10% và thực hiện ủy quyền quyết toán thuế TNCN cho tổ chức trả thu nhập tại nơi ký hợp đồng lao động;

+ Cá nhân được người sử dụng lao động mua bảo hiểm nhân thọ (trừ bảo hiểm hưu trí tự nguyện), bảo hiểm không bắt buộc khác có tích lũy về phí bảo hiểm mà người sử dụng lao động hoặc doanh nghiệp bảo hiểm đã khấu trừ thuế TNCN theo tỷ lệ 10% trên khoản tiền phí bảo hiểm tương ứng với phần người sử dụng lao động mua hoặc đóng góp cho người lao động thì người lao động không phải quyết toán thuế TNCN đối với phần thu nhập này.

6. Khai thuế thu nhập cá nhân quý của tổ chức, cá nhân trả thu nhập khấu trừ thuế đối với tiền lương, tiền công (Mã số TTHC 2.002235)

- Trình tự thực hiện:

+Bước 1.

++ Tổ chức, cá nhân trả thu nhập có phát sinh khấu trừ thuế chuẩn bị hồ sơ khai thuế, gửi đến cơ quan Thuế. Thời hạn nộp hồ sơ khai thuế quý chậm nhất là ngày cuối cùng của tháng đầu tiên của quý tiếp theo quý phát sinh nghĩa vụ thuế. Nếu ngày cuối cùng trùng ngày nghỉ lễ, hạn cuối cùng được chuyển sang ngày làm việc tiếp theo.

(Thủ tục đăng ký chứng từ khấu trừ thuế TNCN được thực hiện riêng theo quy định tại Nghị định 70/2025/NĐ-CP của Chính phủ).

[...]

Điều 44. Thời hạn nộp hồ sơ khai thuế

1. Thời hạn nộp hồ sơ khai thuế đối với loại thuế khai theo tháng, theo quý được quy định như sau:

a) Chậm nhất là ngày thứ 20 của tháng tiếp theo tháng phát sinh nghĩa vụ thuế đối với trường hợp khai và nộp theo tháng;

b) Chậm nhất là ngày cuối cùng của tháng đầu của quý tiếp theo quý phát sinh nghĩa vụ thuế đối với trường hợp khai và nộp theo quý.

2. Thời hạn nộp hồ sơ khai thuế đối với loại thuế có kỳ tính thuế theo năm được quy định như sau:

a) Chậm nhất là ngày cuối cùng của tháng thứ 3 kể từ ngày kết thúc năm dương lịch hoặc năm tài chính đối với hồ sơ quyết toán thuế năm; chậm nhất là ngày cuối cùng của tháng đầu tiên của năm dương lịch hoặc năm tài chính đối với hồ sơ khai thuế năm;

b) Chậm nhất là ngày cuối cùng của tháng thứ 4 kể từ ngày kết thúc năm dương lịch đối với hồ sơ quyết toán thuế thu nhập cá nhân của cá nhân trực tiếp quyết toán thuế;

c) Chậm nhất là ngày 15 tháng 12 của năm trước liền kề đối với hồ sơ khai thuế khoán của hộ kinh doanh, cá nhân kinh doanh nộp thuế theo phương pháp khoán; trường hợp hộ kinh doanh, cá nhân kinh doanh mới kinh doanh thì thời hạn nộp hồ sơ khai thuế khoán chậm nhất là 10 ngày kể từ ngày bắt đầu kinh doanh.

[...]","thue-phi-le-phi","","","","2026-05-21T00:00:00","https://thuvienphapluat.vn/hoi-dap-phap-luat/co-can-bo-sung-to-khai-thue-tncn-quy-12026-khi-da-nop-to-khai-thue-tncn-thang-1-2-32026-hay-khong-138091430.html","2026-05-21T20:48:19.009804+00:00"
"138091427","Thực hư bỏ tạm thời thủ tục nộp tờ khai thuế TNCN theo tháng đúng hay không?","Thực hư bỏ tạm thời thủ tục nộp tờ khai thuế TNCN theo tháng đúng hay không?

Hạn nộp tờ khai thuế TNCN quý 2 năm 2026 là khi nào?

Hồ sơ hoàn thuế gồm những gì?

Căn cứ Tiểu mục D Mục 1 Phụ lục 1.9 ban hành kèm Nghị quyết 66.16/2026/NQ-CP về cắt giảm, đơn giản hóa thủ tục hành chính, quy định liên quan đến hoạt động sản xuất, kinh doanh như sau:

I. Thủ tục khai thuế thu nhập cá nhân đối với thu nhập từ tiền lương, tiền công (bao gồm cả cá nhân nhận thưởng bằng cổ phiếu từ đơn vị sử dụng lao động) tại điểm a khoản 1 và điểm c khoản 2 Điều 8 Nghị định 126/2020/NĐ-CP ngày 19 tháng 10 năm 2020 của Chính phủ quy định chi tiết một số điều của Luật Quản lý thuế được sửa đổi, bổ sung bởi Nghị định 373/2025/NĐ-CP

[1] Thủ tục khai thuế thu nhập cá nhân đối với thu nhập từ tiền lương, tiền công (bao gồm cả cá nhân nhận thưởng bằng cổ phiếu từ đơn vị sử dụng lao động) tại điểm a khoản 1 Điều 8 Nghị định 126/2020/NĐ-CP như sau:

Thuế giá trị gia tăng, thuế thu nhập cá nhân (trừ thuế thu nhập cá nhân đối với thu nhập từ tiền lương, tiền công). Trường hợp người nộp thuế đáp ứng các tiêu chí theo quy định tại Điều 9 Nghị định 126/2020/NĐ-CP thì được lựa chọn khai theo quý.

[2] Thủ tục khai thuế thu nhập cá nhân đối với thu nhập từ tiền lương, tiền công (bao gồm cả cá nhân nhận thưởng bằng cổ phiếu từ đơn vị sử dụng lao động) tại điểm c khoản 2 Điều 8 Nghị định 126/2020/NĐ-CP như sau:

Thuế thu nhập cá nhân đối với tổ chức, cá nhân trả thu nhập thuộc diện khấu trừ thuế theo quy định của pháp luật thuế thu nhập cá nhân, mà tổ chức, cá nhân trả thu nhập đó thuộc diện khai thuế giá trị gia tăng theo quý và lựa chọn khai thuế thu nhập cá nhân theo quý; thuế thu nhập cá nhân đối với tổ chức, cá nhân trả thu nhập từ tiền lương, tiền công thuộc diện khấu trừ thuế theo quy định của pháp luật thuế thu nhập cá nhân; cá nhân có thu nhập từ tiền lương, tiền công trực tiếp khai thuế với cơ quan thuế.

II. Hồ sơ khai thuế thu nhập cá nhân đối với thu nhập từ tiền lương, tiền công (bao gồm cả cá nhân nhận thưởng bằng cổ phiếu từ đơn vị sử dụng lao động) tại điểm a mục 9.2 Phụ lục I ban hành kèm theo Nghị định 126/2020/NĐ-CP ngày 19 tháng 10 năm 2020 của Chính phủ quy định chi tiết một số điều của Luật Quản lý thuế được sửa đổi, bổ sung bởi Nghị định số 373/2025/NĐ-CP

Hồ sơ khai thuế đối với cá nhân có thu nhập từ tiền lương, tiền công trực tiếp khai thuế với cơ quan thuế gồm Hồ sơ khai thuế quý.

Đồng thời tại Mục 6 Phần 2 Phụ lục ban hành kèm theo Quyết định 1109/QĐ-BTC năm 2026 quy định về thủ tục khai thuế TNCN theo quý của tổ chức, cá nhân trả thu nhập khấu trừ thuế đối với tiền lương, tiền công (Mã số TTHC 2.002235) thực hiện như sau:

[1] Trình tự thực hiện:

Bước 1.

Tổ chức, cá nhân trả thu nhập có phát sinh khấu trừ thuế chuẩn bị hồ sơ khai thuế, gửi đến cơ quan Thuế. Thời hạn nộp hồ sơ khai thuế quý chậm nhất là ngày cuối cùng của tháng đầu tiên của quý tiếp theo quý phát sinh nghĩa vụ thuế. Nếu ngày cuối cùng trùng ngày nghỉ/lễ, hạn cuối cùng được chuyển sang ngày làm việc tiếp theo.

(Thủ tục đăng ký chứng từ khấu trừ thuế TNCN được thực hiện riêng theo quy định tại Nghị định 70/2025/NĐ-CP của Chính phủ).

Bước 2. Cơ quan thuế tiếp nhận:

- Trường hợp hồ sơ được nộp trực tiếp tại cơ quan thuế hoặc hồ sơ được gửi qua đường bưu chính: cơ quan thuế thực hiện tiếp nhận, giải quyết hồ sơ theo quy định.

- Trường hợp hồ sơ được nộp thông qua giao dịch điện tử, việc tiếp nhận, kiểm tra, chấp nhận, giải quyết hồ sơ (và trả kết quả nếu có kết quả) thông qua hệ thống xử lý dữ liệu điện tử của cơ quan thuế

[2] Cách thức thực hiện:

- Trực tiếp: Tại TTPVHCC cấp tỉnh, xã

- Thông qua dịch vụ bưu chính công ích theo quy định của Thủ tướng Chính phủ, qua thuê dịch vụ của doanh nghiệp, cá nhân hoặc qua ủy quyền theo quy định của pháp luật;

- Trực tuyến: Qua Cổng dịch vụ công quốc gia

[3] Thành phần hồ sơ gồm:

- Tờ khai thuế TNCN (áp dụng đối với tổ chức, cá nhân trả các khoản thu nhập từ tiền lương, tiền công) mẫu số 05/KK-TNCN theo Phụ lục 1 -Danh mục hồ sơ khai thuế ban hành kèm theo Nghị định 126/2020/NĐ-CP ngày 19/10/2020 của Chính phủ và Phụ lục II - Mẫu biểu hồ sơ khai thuế ban hành kèm theo Thông tư 80/2021/TT-BTC ngày 29/9/2021/TT-BTC của Bộ trường Bộ Tài chính.

- Phụ lục bảng xác định số thuế thu nhập cá nhân phải nộp cho các địa phương được hưởng nguồn thu mẫu số 05-1/PBT-KK-TNCN theo Phụ lục I -Danh mục hồ sơ khai thuế ban hành kèm theo Nghị định 126/2020/NĐ-CP ngày 19/10/2020 của Chính phủ và Phụ lục II - Mẫu biểu hồ sơ khai thuế ban hành kèm theo Thông tư 80/2021/TT-BTC ngày 29/9/2021/TT-BTC của Bộ trường Bộ Tài chính.

+ Số lượng hồ sơ: 01 (bộ).

Tuy nhiên tại Điều 19 Nghị quyết 66.16/2026/NQ-CP quy định về hiệu lực thi hành như sau:

Như vậy, theo quy định tại Nghị quyết 66.16/2026/NQ-CP và hướng dẫn tại Quyết định 1109/QĐ-BTC năm 2026, thủ tục khai thuế thu nhập cá nhân đối với thu nhập từ tiền lương, tiền công của tổ chức, cá nhân trả thu nhập thuộc diện khấu trừ thuế (hoặc cá nhân trực tiếp khai thuế) sẽ được chuyển sang hình thức khai theo quý.

Lưu ý về thời gian áp dụng: Quy định cắt giảm, đơn giản hóa này mang tính chất tạm thời, có hiệu lực thi hành từ ngày 15/04/2026 đến hết ngày 28/02/2027 (trừ trường hợp có văn bản quy phạm pháp luật khác thay thế hoặc sửa đổi bổ sung trong khoảng thời gian này).

Bên cạnh đó tại điểm b khoản 1 Điều 17 Nghị quyết 66.16/2026/NQ-CP quy định về tổ chức thi hành như sau:

Có thể thấy trong khoảng thời gian từ 15/4/2026 đến 01/3/2027 thì cơ quan có thẩm quyền sẽ ban hành văn bản quy phạm pháp luật quy định chi tiết việc kê khai thuế TNCN theo quý.

Tóm lại, việc chuyển đổi sang khai thuế TNCN từ tháng sang quý theo Nghị quyết 66.16/2026/NQ-CP chỉ mang tính chất tạm thời và trước 01/3/2027 sẽ có văn bản quy định chi tiết.

Lưu ý: Trong thời gian quy định của Nghị quyết 66.16/2026/NQ-CP có hiệu lực nếu quy định về thủ tục hành chính, quy định liên quan đến hoạt động sản xuất, kinh doanh trong Nghị quyết này khác với các văn bản quy phạm pháp luật có liên quan thì thực hiện theo quy định của Nghị quyết 66.16/2026/NQ-CP.

*Trên đây là thông tin Thực hư bỏ tạm thời thủ tục nộp tờ khai thuế TNCN theo tháng đúng hay không?

Thực hư bỏ tạm thời thủ tục nộp tờ khai thuế TNCN theo tháng đúng hay không? (Hình từ Internet)

Căn cứ tại điểm b khoản 1 Điều 44 Luật Quản lý thuế 2019 quy định về thời hạn nộp hồ sơ khai thuế cụ thể như sau:

Như vậy hạn chót nộp tờ khai thuế TNCN quý 2 năm 2026 là ngày 31/7/2026.

Căn cứ tại khoản 2 Điều 71 Luật Quản lý thuế 2019 quy định về hồ sơ hoàn thuế như sau:

Như vậy, hồ sơ hoàn thuế bao gồm:

- Văn bản yêu cầu hoàn thuế;

- Các tài liệu liên quan đến yêu cầu hoàn thuế.

*Bài viết Thực hư bỏ tạm thời thủ tục nộp tờ khai thuế TNCN theo tháng đúng hay không?

Điều 19. Hiệu lực thi hành

1. Nghị quyết này có hiệu lực thi hành từ ngày 15 tháng 4 năm 2026 đến hết ngày 28 tháng 02 năm 2027 trừ trường hợp quy định tại khoản 2 Điều này.

2. Trường hợp luật, nghị quyết của Quốc hội; pháp lệnh, nghị quyết của Ủy ban Thường vụ Quốc hội; nghị định, nghị quyết của Chính phủ; quyết định của Thủ tướng Chính phủ; thông tư của Bộ trưởng, Thủ trưởng cơ quan ngang bộ có quy định về thủ tục hành chính liên quan đến quy định tại Nghị quyết này được thông qua hoặc ban hành và thời điểm có hiệu lực trong khoảng thời gian từ ngày 15 tháng 4 năm 2026 đến trước ngày 01 tháng 3 năm 2027 thì các quy định tương ứng trong Nghị quyết này hết hiệu lực kể từ thời điểm các văn bản quy phạm pháp luật đó có hiệu lực.

3. Trong thời gian quy định của Nghị quyết này có hiệu lực, nếu quy định về thủ tục hành chính, quy định liên quan đến hoạt động sản xuất, kinh doanh trong Nghị quyết này khác với các văn bản quy phạm pháp luật có liên quan thì thực hiện theo quy định của Nghị quyết này.

Điều 17. Tổ chức thi hành

1. Bộ trưởng, Thủ trưởng cơ quan ngang bộ:

a) Chịu trách nhiệm triển khai thi hành Nghị quyết này.

b) Trình cơ quan, người có thẩm quyền ban hành hoặc ban hành theo thẩm quyền văn bản quy phạm pháp luật theo Phụ lục II ban hành kèm theo Nghị quyết này để cắt giảm, đơn giản hóa thủ tục hành chính, quy định liên quan đến sản xuất, kinh doanh, bảo đảm có hiệu lực trước ngày 01 tháng 3 năm 2027.

c) Công bố thủ tục hành chính theo quy định của pháp luật về kiểm soát thủ tục hành chính.

[...]

Điều 44. Thời hạn nộp hồ sơ khai thuế

1. Thời hạn nộp hồ sơ khai thuế đối với loại thuế khai theo tháng, theo quý được quy định như sau:

a) Chậm nhất là ngày thứ 20 của tháng tiếp theo tháng phát sinh nghĩa vụ thuế đối với trường hợp khai và nộp theo tháng;

b) Chậm nhất là ngày cuối cùng của tháng đầu của quý tiếp theo quý phát sinh nghĩa vụ thuế đối với trường hợp khai và nộp theo quý.

2. Thời hạn nộp hồ sơ khai thuế đối với loại thuế có kỳ tính thuế theo năm được quy định như sau:

a) Chậm nhất là ngày cuối cùng của tháng thứ 3 kể từ ngày kết thúc năm dương lịch hoặc năm tài chính đối với hồ sơ quyết toán thuế năm; chậm nhất là ngày cuối cùng của tháng đầu tiên của năm dương lịch hoặc năm tài chính đối với hồ sơ khai thuế năm;

b) Chậm nhất là ngày cuối cùng của tháng thứ 4 kể từ ngày kết thúc năm dương lịch đối với hồ sơ quyết toán thuế thu nhập cá nhân của cá nhân trực tiếp quyết toán thuế;

c) Chậm nhất là ngày 15 tháng 12 của năm trước liền kề đối với hồ sơ khai thuế khoán của hộ kinh doanh, cá nhân kinh doanh nộp thuế theo phương pháp khoán; trường hợp hộ kinh doanh, cá nhân kinh doanh mới kinh doanh thì thời hạn nộp hồ sơ khai thuế khoán chậm nhất là 10 ngày kể từ ngày bắt đầu kinh doanh.

[...]

Điều 71. Hồ sơ hoàn thuế

1. Người nộp thuế thuộc trường hợp được hoàn thuế lập và gửi hồ sơ hoàn thuế cho cơ quan quản lý thuế có thẩm quyền.

2. Hồ sơ hoàn thuế bao gồm:

a) Văn bản yêu cầu hoàn thuế;

b) Các tài liệu liên quan đến yêu cầu hoàn thuế.","thue-phi-le-phi","","","","2026-05-21T00:00:00","https://thuvienphapluat.vn/hoi-dap-phap-luat/thuc-hu-bo-tam-thoi-thu-tuc-nop-to-khai-thue-tncn-theo-thang-dung-hay-khong-138091427.html","2026-05-21T20:48:26.044176+00:00"
"138091356","Công văn 284/TCS6-NVDTPC ngày 19/5/2026 giới thiệu Thông tư 50/2026/TT-BTC thế nào?","Công văn 284 TCS6 NVDTPC ngày 19 5 2026 giới thiệu Thông tư 50/2026/TT-BTC thế nào?

Thông tư 50 2026 TT BTC thay thế những mẫu nào Thông tư 18/2026?

Thời hạn lưu trữ tài liệu kế toán của hộ kinh doanh tối thiểu bao nhiêu năm?

Ngày 19/5/2026, Thuế cơ sở 6 tỉnh Lào Cai ban hành Công văn 284/TCS6-NVDTPC giới thiệu Thông tư 50/2026/TT-BTC.

Ngày 13/5/2026, Bộ Tài chính đã ban hành Thông tư 50/2026/TT-BTC sửa đổi, bổ sung một số điều của Thông tư 18/2026/TT-BTC ngày 5/3/2026 của Bộ trưởng Bộ Tài chính quy định về hồ sơ, thủ tục quản lý thuế đối với hộ kinh doanh, cá nhân kinh doanh. Thông tư 50/2026/TT-BTC có hiệu lực kể từ ngày ký ban hành 13/5/2026.

Thuế cơ sở 6 tỉnh Lào Cai lưu ý tới người nộp thuế một số điểm mới được quy định tại Thông tư 50/2026/TT-BTC như sau:

1. Sửa đổi phạm vi điều chỉnh

Thông tư này quy định chi tiết về hồ sơ, thủ tục thông báo doanh thu, kê khai thuế, nộp thuế, hoàn thuế, thông báo địa điểm kinh doanh, tạm ngừng, chấm dứt hoạt động kinh doanh đối với hộ kinh doanh, cá nhân kinh doanh theo khoản 6 Điều 13 Luật Quản lý thuế số 108/2025/QH15 và Điều 8, Điều 11, Điều 12 Nghị định 68/2026/NĐ-CP của Chính phủ quy định về chính sách thuế và quản lý thuế đối với hộ kinh doanh, cá nhân kinh doanh.

2. Sửa đổi, bổ sung quy định về hồ sơ hoàn thuế

Hồ sơ đề nghị hoàn thuế nộp thừa đối với hộ kinh doanh, cá nhân kinh doanh nộp thuế thu nhập cá nhân theo phương pháp thu nhập tính thuế nhân (x) thuế suất là Tờ khai thuế theo Mẫu số 02/CNKD-TNCN-QTT ban hành kèm theo Thông tư 18/2026/TT-BTC.

[....]

Xem đầy đủ Công văn 284 TCS6 NVDTPC ngày 19 5 2026 giới thiệu Thông tư 50/2026/TT-BTC

TẢI VỀ

* Trên đây là Thông tin Công văn 284 TCS6 NVDTPC ngày 19 5 2026 giới thiệu Thông tư 50/2026/TT-BTC thế nào?

>>> Hộ kinh doanh đã nộp tờ khai thuế theo ngưỡng cũ, xử lý thế nào?

>>> HKD có doanh thu bao nhiêu thì nộp thuế GTGT theo quý, theo tháng 2026?

Công văn 284/TCS6-NVDTPC ngày 19/5/2026 giới thiệu Thông tư 50/2026/TT-BTC thế nào? (Hình từ Internet)

Theo đó, tại Điều 3 Thông tư 50/2026/TT-BTC quy định cụ thể như sau:

Như vậy, thay thế biểu Mẫu số 01/TKN-CNKD, Mẫu số 01/CNKD, Mẫu số 01/BĐS, Mẫu số 02/BK-KTBĐS theo danh mục mẫu biểu ban hành kèm theo Thông tư 18/2026/TT-BTC bằng Mẫu số 01/TKN-CNKD, Mẫu số 01/CNKD, Mẫu số 01/BĐS, Mẫu số 02/BK-KTBĐS ban hành kèm theo Thông tư 50/2026/TT-BTC.

Theo Điều 3 Thông tư 152/2025/TT-BTC quy định về sổ kế toán và lưu trữ tài liệu kế toán như sau:

Như vậy, thời hạn lưu trữ tài liệu kế toán của hộ kinh doanh, cá nhân kinh doanh tối thiểu là 05 năm, đối với thời hạn lưu trữ hóa đơn thì thực hiện theo quy định của pháp luật về thuế.

Điều 3. Thay thế mẫu biểu

Thay thế Mẫu số 01/TKN-CNKD, Mẫu số 01/CNKD, Mẫu số 01/BĐS, Mẫu số 02/BK-KTBĐS theo danh mục mẫu biểu ban hành kèm theo Thông tư số 18/2026/TT-BTC bằng Mẫu số 01/TKN-CNKD, Mẫu số 01/CNKD, Mẫu số 01/BĐS, Mẫu số 02/BK-KTBĐS ban hành kèm theo Thông tư này.

Điều 3. Về sổ kế toán và lưu trữ tài liệu kế toán

1. Hộ kinh doanh, cá nhân kinh doanh được lựa chọn lưu trữ các tài liệu kế toán (hóa đơn, chứng từ kế toán, sổ kế toán,...) trên phương tiện điện tử hoặc bằng bản giấy.

2. Thời hạn lưu trữ tài liệu kế toán của hộ kinh doanh, cá nhân kinh doanh tối thiểu là 05 năm, đối với thời hạn lưu trữ hóa đơn thì thực hiện theo quy định của pháp luật về thuế.

3. Ngoài các sổ kế toán hướng dẫn tại Thông tư này, hộ kinh doanh, cá nhân kinh doanh có thể bổ sung thêm các sổ kế toán hoặc sửa đổi lại biểu mẫu các sổ kế toán cho phù hợp với nhu cầu của đơn vị. Sổ kế toán được mở thêm hoặc sửa đổi lại biểu mẫu vẫn phải ghi rõ tên sổ; ngày, tháng, năm lập sổ; họ tên và chữ ký, đóng dấu (nếu có) của người đại diện hộ kinh doanh, cá nhân kinh doanh.

4. Trường hợp hộ kinh doanh, cá nhân kinh doanh sử dụng hóa đơn điện tử mà được hệ thống thông tin quản lý thuế của cơ quan thuế hỗ trợ xác định số thuế giá trị gia tăng (GTGT), thuế thu nhập cá nhân (TNCN), các loại thuế khác phải nộp (nếu có) và thông báo cho người nộp thuế thì hộ kinh doanh, cá nhân kinh doanh sử dụng các mẫu sổ kế toán hướng dẫn tại Thông tư này để theo dõi, đối chiếu với số thuế phải nộp theo thông báo của cơ quan thuế.","thue-phi-le-phi","","","","2026-05-21T00:00:00","https://thuvienphapluat.vn/hoi-dap-phap-luat/cong-van-284tcs6nvdtpc-ngay-1952026-gioi-thieu-thong-tu-502026ttbtc-the-nao-138091356.html","2026-05-21T20:48:35.193030+00:00"
"138091423","Sửa tờ khai thuế TNCN tháng 4 2026 đã nộp nhưng chưa nộp thuế như thế nào?","Sửa tờ khai thuế TNCN tháng 4 2026 đã nộp nhưng chưa nộp thuế như thế nào?

Từ tháng 7/2026 NNT có được nộp bổ sung tờ khai thuế đã nộp khi khai sai không?

Cách tra cứu và nộp tờ khai bổ sung năm 2026 trên Dịch vụ công như thế nào?

Theo Nghị quyết 66.16/2026/NQ-CP về cắt giảm, đơn giản hóa thủ tục hành chính và Quyết định 1109/QĐ-BTC năm 2026 của Bộ Tài chính, thủ tục kê khai thuế TNCN tháng đối với thu nhập từ tiền lương, tiền công bằng tờ khai mẫu 02/KK-TNCN và 05/KK-TNCN đã được bãi bỏ để chuyển hoàn toàn sang thực hiện kê khai theo quý.

Bên cạnh đó ngày 20/5/2026, Thuế thành phố Đồng Nai ban hành hướng dẫn bỏ tờ khai thuế TNCN theo tháng theo Nghị quyết 66.16/2026/NĐ-CP, trong đó có thay đổi quan trọng là bỏ kê khai thuế thu nhập cá nhân (TNCN) theo tháng, chuyển sang kê khai theo quý đối với nhiều trường hợp.

TẢI VỀ

Trong đó Thuế TP Đồng Nai hướng dẫn đối với các tờ khai thuế TNCN tháng 4 2026 đã nhận vào hệ thống, Cục Thuế sẽ có thông báo gửi các Thuế tỉnh, thành phố về việc hướng dẫn xử lý.

Ngoài ra với trường hợp NNT đã nộp tờ khai thuế TNCN tháng 4 2026 nhưng chưa nộp tiền thuế thì có thể xử lý tạm thời như sau:

- Người nộp thuế tra cứu tờ khai đã nộp trên hệ thống và thực hiện kê khai bổ sung, điều chỉnh số thuế phải nộp về 0 nhằm hạn chế phát sinh tình trạng nộp thừa hoặc thiếu nghĩa vụ thuế trong thời gian chờ hướng dẫn chính thức của cơ quan thuế.

Sửa tờ khai thuế TNCN tháng 4 2026 đã nộp nhưng chưa nộp thuế như thế nào? (Hình từ Internet)

Căn cứ khoản 5 Điều 12 Luật Quản lý thuế 2025 (Có hiệu lực từ 01/7/2026) quy định về bổ sung hồ sơ khai thuế như sau:

Theo đó kể từ ngày 01/7/2026 người nộp thuế vẫn được khai bổ sung hồ sơ khai thuế khi phát hiện sai sót trong thời hạn 05 năm kể từ ngày hết thời hạn nộp hồ sơ khai thuế của kỳ tính thuế có sai sót nếu đáp ứng các điều kiện theo quy định nêu trên.

So với quy định tại Điều 47 Luật Quản lý thuế 2019 thì từ 01/7/2026 thời hạn được khai bổ sung được điều chỉnh từ 10 năm xuống còn 05 năm, chứ không phải bị bãi bỏ quyền nộp tờ khai bổ sung.

Dưới đây là hướng dẫn cách tra cứu và nộp bổ sung tờ khai thuế có sai sót năm 2026 trên Dịch vụ công:

Bước 1: Truy cập vào Cổng dịch vụ công Cục Thuế tại địa chỉ:

https://dichvucong.gdt.gov.vn/tthc/homelogin

Bước 2: Đăng nhập

NTT chọn đăng nhập bằng tài khoản thuế điện tử hoặc tài khoản định danh điện tử VNeID

Bước 3: Tra cứu tờ khai đã nộp

- Chọn ""Tra cứu hồ sơ"" truy cập mục ""Hồ sơ đã nộp""

Nhập thời gian nộp (kỳ nộp) để Tra cứu tờ khai

- Hệ thống trả kết quả NNT bấm chọn nộp bổ sung tờ khai:

NNT thực hiện bổ sung các thông tin điều chỉnh trên tờ khai thuế có sai sót.

Điều 12. Khai thuế, khoản thu khác; tính thuế, khoản thu khác; khấu trừ thuế

[...]

5. Người nộp thuế phát hiện hồ sơ khai thuế, khoản thu khác đã nộp cho cơ quan thuế có sai, sót thì được khai bổ sung hồ sơ khai thuế, khoản thu khác trong thời hạn 05 năm kể từ ngày hết thời hạn nộp hồ sơ khai thuế, khoản thu khác của kỳ tính thuế có sai, sót đối với các trường hợp sau:

a) Trước khi cơ quan thuế, cơ quan có thẩm quyền công bố quyết định thanh tra, kiểm tra;

b) Hồ sơ không thuộc phạm vi, thời kỳ thanh tra, kiểm tra thuế, khoản thu khác nêu tại quyết định thanh tra, kiểm tra;

c) Hồ sơ không thuộc trường hợp cơ quan điều tra yêu cầu không được khai bổ sung hồ sơ khai thuế, khoản thu khác để phục vụ điều tra vụ án;

d) Người nộp thuế phát hiện hồ sơ khai thuế đã nộp còn sai, sót liên quan đến phạm vi, thời kỳ đã thanh tra, kiểm tra dẫn đến phát sinh tăng số thuế phải nộp, giảm số thuế đã được miễn, giảm, hoàn, giảm số thuế được khấu trừ, giảm số thuế đã nộp thừa thì người nộp thuế được bổ sung hồ sơ giải trình với cơ quan thuế. Cơ quan thuế có trách nhiệm rà soát hồ sơ giải trình liên quan đến phạm vi, thời kỳ đã thanh tra, kiểm tra của người nộp thuế, trường hợp chấp thuận hồ sơ giải trình của người nộp thuế thì cơ quan thuế ban hành thông báo chấp thuận cho người nộp thuế điều chỉnh hồ sơ khai thuế.

Người nộp thuế bị xử lý theo quy định như đối với trường hợp cơ quan thuế, cơ quan có thẩm quyền thanh tra, kiểm tra phát hiện. Công chức thanh tra, kiểm tra thuế liên quan đến hồ sơ giải trình chịu trách nhiệm về sai, sót chưa được phát hiện đầy đủ qua kiểm tra trong trường hợp tuân thủ chưa đúng quy định tại điểm n khoản 1 Điều 38 của Luật này;

đ) Các trường hợp thực hiện theo kết luận, quyết định của cơ quan nhà nước có thẩm quyền liên quan đến nội dung xác định nghĩa vụ thuế của người nộp thuế. Trường hợp người nộp thuế khai bổ sung làm tăng số thuế phải nộp, giảm số thuế được khấu trừ, miễn, giảm, hoàn thì bị xử lý theo quy định như đối với trường hợp cơ quan thuế, cơ quan có thẩm quyền thanh tra, kiểm tra phát hiện;

e) Chính phủ quy định các trường hợp cơ quan điều tra đề nghị không được khai bổ sung hồ sơ khai thuế, khoản thu khác để phục vụ điều tra vụ án và trách nhiệm thông báo của cơ quan điều tra cho cơ quan thuế khi kết thúc yêu cầu liên quan đến vụ án quy định tại điểm c khoản này và các trường hợp khai bổ sung theo kết luận, quyết định của cơ quan nhà nước có thẩm quyền liên quan đến nội dung xác định nghĩa vụ thuế của người nộp thuế quy định tại điểm đ khoản này.","thue-phi-le-phi","","","","2026-05-21T00:00:00","https://thuvienphapluat.vn/hoi-dap-phap-luat/sua-to-khai-thue-tncn-thang-4-2026-da-nop-nhung-chua-nop-thue-nhu-the-nao-138091423.html","2026-05-21T20:48:44.609090+00:00"
"138091395","Tổng hợp lỗi nộp tờ khai khấu trừ 05/KK-TNCN tháng 4/2026 và cách khắc phục chi tiết ra sao?","Tổng hợp lỗi nộp tờ khai khấu trừ 05 KK TNCN tháng 4 2026 và cách khắc phục chi tiết ra sao?

Phương thức NTT có thể lựa để thực hiện giao dịch thuế điện tử thông qua đâu?

Văn bản của cơ quan thuế được gửi qua Cổng thông tin điện tử của Tổng cục Thuế gồm những loại nào?

Căn cứ tại khoản 1 Điều 44 Luật Quản lý thuế 2019 quy định hạn chót nộp tờ khai khấu trừ 05/KK-TNCN tháng 4/2026 là 20/5/2026.

Tổng hợp lỗi nộp tờ khai khấu trừ 05/KK-TNCN tháng 4/2026 và cách khắc phục chi tiết như sau:

[1] Lỗi ""Kỳ kê khai tháng không được phép nộp tờ khai...""

- Nguyên nhân: Kết xuất từ phần mềm HTKK lên trang Dịch vụ công bị quá tải, nghẽn mạng hoặc gặp sự cố đồng bộ dữ liệu nội bộ (thường xảy ra vào các ngày cao điểm nộp tờ khai như ngày 20 hoặc ngày cuối tháng).

- Cách khắc phục:

+ Giải pháp tình thế: Chuyển sang ""Kê khai trực tuyến""

+ Thay đổi trình duyệt nộp tờ khai

+ Thay đổi khung giờ nộp tờ khai

Trường hợp đã thực hiện Hướng dẫn sửa lỗi kỳ kê khai tháng không được phép nộp tờ khai, vui lòng chọn lại kỳ kê khai phù hợp nhưng vẫn không thành công thì NNT cần liên hệ cơ quan thuế chủ quản.

Xem thêm tại: Tại đây

TUY NHIÊN: CHÍNH THỨC đã bỏ tờ khai thuế TNCN tháng 4-5-6/2026 thay bằng tờ khai quý 2/2026.

Xem thêm:

>>> Bỏ TTHC 2.002235 kê khai quý/tháng bỏ kê khai tháng thì kê khai thuế TNCN theo trình tự nào?

>>> CHÍNH THỨC bỏ tờ khai thuế TNCN tháng 4-5-6/2026 thay bằng tờ khai quý 2/2026 đúng hay không?

>>> Chính thức bỏ kê khai thuế TNCN tháng 4/2026 chuyển sang kê khai quý 2 ra sao?

---

[2] Lỗi ""Dữ liệu không hợp lệ tại dòng 54""

- Nguyên nhân: Lỗi này chủ yếu do Cổng Dịch vụ công Thuế nhận diện sai định dạng cấu trúc file XML hoặc hệ thống đang bị quá tải, lỗi trục trặc kỹ thuật ở dòng chỉ tiêu tổng hợp.

- Cách khắc phục:

+ Đăng nhập thẳng vào trang Thuế điện tử (thuedientu.gdt.gov.vn) bằng tài khoản chữ ký số của doanh nghiệp thay vì nộp qua cổng Dịch vụ công liên thông.

+ Chọn mục Kê khai trực tuyến -> Chọn tờ khai 05/KK-TNCN -> Nhập trực tiếp số liệu vào hệ thống trực tuyến, sau đó ký số và nộp trực tiếp.

---

[3] Lỗi ""Tờ khai không đúng định dạng với XSD""

- Nguyên nhân: Nhiều nguyên nhân và mỗi nguyên nhân có cách khác phục riêng.

- Cách khắc phục:

(1) Phiên bản phần mềm HTKK không phù hợp hoặc cũ (nguyên nhân phổ biến)

Cách khắc phục:

- Gỡ HTKK cũ khỏi máy

- Tải HTKK phiên bản mới nhất (Phần mềm mới nhất tính tới 20/04/2026 là HTKK 5.6.7: TẢI VỀ)

- Mở lại tờ khai

- Kết xuất XML và nộp lại

(2) Dữ liệu nhập sai định dạng

Cách khắc phục: Kiểm tra lại các định dạng như:

- ngày tháng (phải đúng định dạng dd/MM/yyyy),

- Ký tự đặc biệt,

- Các khoảng trắng/khoảng trống

...

(3) Lỗi số liệu trong quá trình xuất file XML

Cách khắc phục: Kiểm tra lại các số liệu trong file XML đã đúng và hợp lệ chưa.

(4) Lỗi hệ thống Dịch vụ công

Cách khắc phục: Thử gửi lại sau một thời gian

Xem thêm: Tại đây

[4] Lỗi ""NNT kê khai TNCN đã khấu trừ trong năm khác số CQT tổng hợp...""

- Nguyên nhân: Số liệu thuế TNCN đã khấu trừ phát sinh trong tháng 4/2026 bị lệch so với dữ liệu quản lý dòng tiền hoặc chứng từ khấu trừ thuế điện tử mà Cơ quan Thuế đang theo dõi trên hệ thống tập trung.

- Cách khắc phục: Kiểm tra kỹ bảng lương, mã số thuế (MST) của từng nhân sự xem có bị nhập sai hay không. Nếu phát hiện sai sót sau khi đã nộp, cần lập ngay Tờ khai bổ sung (05/KHBS) để điều chỉnh kịp thời.

[5] Lỗi nghẽn mạng hoặc lỗi Chữ ký số (Token)

- Nguyên nhân: Thiết bị chữ ký số (USB Token) bị hết hạn chưa cập nhật số serial mới lên hệ thống thuế hoặc do trình duyệt Chrome/Edge chưa bật/cài đặt lại Java/Plugin phù hợp.

- Cách khắc phục:

+ Kiểm tra thời hạn chữ ký số. Nếu mới gia hạn phải vào mục Tài khoản -> Thay đổi thông tin trên trang Thuế điện tử để cập nhật số Serial mới.

+ Nên ưu tiên nộp tờ khai vào các khung giờ thấp điểm (sáng sớm hoặc sau 17h) để tránh tình trạng nghẽn mạng hệ thống vào những ngày cao điểm cuối tháng.

...

Trường hợp NNT gặp các lỗi không thể khắc phục thì cần liên hệ cơ quan thuế chủ quản để được hướng dẫn chi tiết.

*Trên đây là thông tin tham khảo Tổng hợp lỗi nộp tờ khai khấu trừ 05 KK TNCN tháng 4 2026 và cách khắc phục chi tiết ra sao?

Tổng hợp lỗi nộp tờ khai khấu trừ 05 KK TNCN tháng 4 2026 và cách khắc phục chi tiết ra sao? (Hình từ Internet)

Căn cứ tại khoản 2 Điều 4 Thông tư 19/2021/TT-BTC quy định người nộp thuế có thể lựa chọn các phương thức sau đây để thực hiện giao dịch thuế điện tử thông qua:

- Cổng thông tin điện tử của Tổng cục Thuế.

- Cổng dịch vụ công quốc gia, Cổng thông tin điện tử của Bộ Tài chính đã được kết nối với Cổng thông tin điện tử của Tổng cục Thuế.

- Cổng thông tin điện tử của cơ quan nhà nước có thẩm quyền khác (trừ điểm b khoản này) đã được kết nối với Cổng thông tin điện tử của Tổng cục Thuế.

- Tổ chức cung cấp dịch vụ T-VAN được Tổng cục Thuế chấp nhận kết nối với Cổng thông tin điện tử của Tổng cục Thuế.

- Dịch vụ thanh toán điện tử của ngân hàng hoặc tổ chức cung ứng dịch vụ trung gian thanh toán để thực hiện nộp thuế điện tử.

Căn cứ tại khoản 1 Điều 5 Thông tư 19/2021/TT-BTC quy định thông báo, quyết định, văn bản của cơ quan thuế được gửi qua Cổng thông tin điện tử của Tổng cục Thuế bao gồm:

- Thông báo từ Cổng thông tin điện tử của Tổng cục Thuế: là các thông báo phản hồi do Cổng thông tin điện tử của Tổng cục Thuế tự động tạo lập và gửi cho người nộp thuế, tổ chức, cá nhân thực hiện giao dịch thuế điện tử bao gồm: Thông báo tiếp nhận hồ sơ thuế điện tử, chứng từ nộp NSNN điện tử; Thông báo chấp nhận/không chấp nhận hồ sơ thuế điện tử theo mẫu quy định tại Thông tư 19/2021/TT-BTC.

- Thông báo, quyết định, văn bản của cơ quan thuế được tạo lập từ hệ thống ứng dụng quản lý thuế được chuyển qua Cổng thông tin điện tử của Tổng cục Thuế để gửi cho người nộp thuế, cơ quan nhà nước có thẩm quyền tiếp nhận hồ sơ của người nộp thuế theo cơ chế “một cửa liên thông”. Việc tạo lập các thông báo, quyết định, văn bản này được thực hiện theo quy định về quản lý thuế trên hệ thống quản lý thuế của ngành thuế; trường hợp chưa tạo lập được trên hệ thống quản lý thuế của ngành thuế thì thực hiện theo quy định tại điểm c khoản 1 Điều 5 Thông tư 19/2021/TT-BTC.

- Thông báo của cơ quan thuế về các quy định, chính sách thuế và các thông báo, quyết định, văn bản khác về thuế.

Thông báo, quyết định, văn bản bằng giấy của cơ quan thuế được chuyển thành chứng từ điện tử và gửi cho người nộp thuế theo quy định tại khoản 2 Điều 5 Thông tư 19/2021/TT-BTC, cơ quan nhà nước có thẩm quyền tiếp nhận hồ sơ của người nộp thuế theo cơ chế “một cửa liên thông”. Việc tạo lập, ban hành các thông báo này theo quy định của pháp luật về quản lý thuế.

*Lưu ý: Tại Thông báo 275/TB-TCT năm 2025 thì Tổng cục Thuế sẽ được đổi tên thành Cục Thuế từ 01/3/2025.

*Bài viết Tổng hợp lỗi nộp tờ khai khấu trừ 05 KK TNCN tháng 4 2026 và cách khắc phục chi tiết ra sao?","thue-phi-le-phi","","","","2026-05-21T00:00:00","https://thuvienphapluat.vn/hoi-dap-phap-luat/tong-hop-loi-nop-to-khai-khau-tru-05kktncn-thang-42026-va-cach-khac-phuc-chi-tiet-ra-sao-138091395.html","2026-05-21T20:48:54.805088+00:00"
"138091156","Mẫu điều chỉnh tờ khai Mẫu số 02 TMĐT đã kê khai theo Nghị định 117/2025/NĐ-CP là mẫu nào?","Mẫu điều chỉnh tờ khai Mẫu số 02 TMĐT đã kê khai theo Nghị định 117/2025/NĐ-CP là mẫu nào?

Hộ kinh doanh có hoạt động kinh doanh trên nền tảng thương mại điện tử có những trách nhiệm gì?

Nhà nước có những chính sách nào về phát triển thương mại điện tử?

Mẫu điều chỉnh tờ khai Mẫu số 02 TMĐT đã kê khai theo Nghị định 117/2025/NĐ-CP là Mẫu số 01/TKN-CNKD ban hành kèm theo Thông tư 50/2026/TT-BTC.

Mẫu điều chỉnh tờ khai Mẫu số 02 TMĐT đã kê khai theo Nghị định 117/2025/NĐ-CP có dạng như sau:

Tải Mẫu điều chỉnh tờ khai Mẫu số 02 TMĐT đã kê khai theo Nghị định 117/2025/NĐ-CP:

TẢI VỀ

Ghi chú:

- Đối với trường hợp hộ kinh doanh, cá nhân kinh doanh có doanh thu năm từ 01 tỷ đồng trở xuống thì chỉ thực hiện thông báo doanh thu; không thực hiện khai số thuế GTGT, thuế TNCN phải nộp.

- Chỉ tiêu [3.1], [3.2]…tại khoản III, mục C: bao gồm khoáng sản và đất đá bóc, đất đá thải (nếu có).

- Hệ số K tính phí bảo vệ môi trường đối với khai thác khoáng sản thực hiện theo quy định tại Nghị định số 27/2023/NĐ-CP và các văn bản sửa đổi bổ sung (nếu có)

Trên đây là thông tin về ""Mẫu điều chỉnh tờ khai Mẫu số 02 TMĐT đã kê khai theo Nghị định 117/2025/NĐ-CP là mẫu nào?"".

Xem thêm

>>> Thông báo 3291/TB-TCS1 những việc hộ kinh doanh doanh thu dưới 1 tỷ cần làm là gì?

>>> Hộ kinh doanh có nhiều địa điểm kinh doanh thì xuất hóa đơn cùng 1 MST cho tất cả các cửa hàng đúng không?

Mẫu điều chỉnh tờ khai Mẫu số 02 TMĐT đã kê khai theo Nghị định 117/2025/NĐ-CP là mẫu nào? (Hình từ Internet)

Theo Điều 11 Nghị định 117/2025/NĐ-CP quy định về trách nhiệm của hộ kinh doanh có hoạt động kinh doanh trên nền tảng thương mại điện tử gồm:

- Hộ kinh doanh cư trú có hoạt động kinh doanh trên nền tảng thương mại điện tử có trách nhiệm kê khai và nộp thuế tiêu thụ đặc biệt, thuế bảo vệ môi trường, thuế tài nguyên và các khoản thu khác phải nộp ngân sách nhà nước do cơ quan thuế quản lý thu theo quy định của pháp luật về thuế, pháp luật về quản lý thuế và pháp luật khác có liên quan.

- Hộ kinh doanh có hoạt động kinh doanh trên nền tảng thương mại điện tử có trách nhiệm cung cấp đầy đủ, chính xác thông tin mã số thuế hoặc số định danh cá nhân (đối với công dân Việt Nam); số hộ chiếu hoặc thông tin định danh do cơ quan có thẩm quyền nước ngoài cấp (đối với công dân nước ngoài) và các thông tin bắt buộc đối với người bán theo quy định của pháp luật về thương mại điện tử cho tổ chức quản lý nền tảng thương mại điện tử.

- Cung cấp chính xác, đầy đủ, kịp thời thông tin, tài liệu liên quan đến việc xác định nghĩa vụ thuế phải nộp cho các tổ chức quản lý nền tảng thương mại điện tử thuộc đối tượng khấu trừ, nộp thuế thay và chịu trách nhiệm thực hiện nghĩa vụ thuế theo quy định của Nghị định 117/2025/NĐ-CP.

- Hộ kinh doanh đã được tổ chức quản lý nền tảng thương mại điện tử khấu trừ, kê khai, nộp thay số thuế giá trị gia tăng, số thuế thu nhập cá nhân theo quy định tại Nghị định này thì không phải khai, nộp thuế giá trị gia tăng, thuế thu nhập cá nhân đối với các hoạt động kinh doanh trên nền tảng thương mại điện tử đã khấu trừ, nộp thuế thay.

Theo Điều 9 Luật Thương mại điện tử 2025 quy định các chính sách của Nhà nước về phát triển thương mại điện tử gồm:

- Nhà nước có cơ chế, chính sách phát triển thị trường thương mại điện tử trong nước, thúc đẩy lưu thông hàng hóa, dịch vụ, nâng cao năng lực cạnh tranh, bảo vệ quyền, lợi ích hợp pháp của người tiêu dùng và chủ thể khác tham gia hoạt động thương mại điện tử.

- Nhà nước hỗ trợ và phát triển thương mại điện tử xuyên biên giới, mở rộng thị trường quốc tế cho hàng hóa, dịch vụ của Việt Nam, bảo đảm tuân thủ điều ước quốc tế mà nước Cộng hòa xã hội chủ nghĩa Việt Nam là thành viên, bảo vệ an ninh, chủ quyền và lợi ích quốc gia.

- Nhà nước khuyến khích phát triển các loại hình, mô hình kinh doanh thương mại điện tử mới; thúc đẩy sáng kiến, đổi mới sáng tạo, tạo điều kiện thuận lợi cho tổ chức, cá nhân nghiên cứu, ứng dụng thương mại điện tử vào sản xuất, kinh doanh và tiêu dùng.

- Nhà nước khuyến khích việc đầu tư và xây dựng hạ tầng thương mại điện tử, bao gồm: hạ tầng số, hạ tầng logistics, hạ tầng thanh toán và các hạ tầng khác để hoàn thiện hệ sinh thái thương mại điện tử một cách toàn diện.

- Nhà nước có chính sách phát triển thương mại điện tử phù hợp với định hướng, chiến lược quốc gia về tăng trưởng xanh, bền vững.

- Nhà nước chú trọng đào tạo, bồi dưỡng, phát triển nguồn nhân lực cho hoạt động thương mại điện tử để đáp ứng yêu cầu phát triển thương mại điện tử, đổi mới sáng tạo và chuyển đổi số quốc gia.

- Nhà nước bố trí nguồn lực từ ngân sách nhà nước và các nguồn tài chính hợp pháp khác theo quy định của pháp luật để hỗ trợ cho các chương trình, nhiệm vụ phát triển thương mại điện tử.

- Chính phủ quy định Ngày Thương mại điện tử quốc gia, việc tổ chức thực hiện các hoạt động hưởng ứng Ngày Thương mại điện tử quốc gia.","thue-phi-le-phi","","","","2026-05-21T00:00:00","https://thuvienphapluat.vn/hoi-dap-phap-luat/mau-dieu-chinh-to-khai-mau-so-02-tmdt-da-ke-khai-theo-nghi-dinh-1172025ndcp-la-mau-nao-138091156.html","2026-05-21T20:49:04.072900+00:00"
"138090936","Từ 8/5/2026 thuế TNCN từ tiền lương tiền công khai theo quý đúng không?","Từ 15/4/2026 thuế TNCN từ tiền lương tiền công khai theo quý đúng không?

Quy định thuế thu nhập cá nhân đối với thu nhập từ chuyển nhượng vốn?

Thu nhập từ chuyển đổi đất nông nghiệp của hộ gia đình được miễn thuế TNCN đúng không?

Ngày 08/05/2026 Bộ Tài chính đã ban hành Quyết định 1109/QĐ-BTC năm 2026 công bố thủ tục hành chính được sửa đổi, bổ sung, bãi bỏ trong lĩnh vực quản lý thuế, hải quan

Theo đó đã sửa đổi bổ sung Thủ tục hành chính 2.002235 Khai thuế thu nhập cá nhân tháng/quý của tổ chức, cá nhân trả thu nhập khấu trừ thuế đối với tiền lương, tiền công

Thủ tục khai thuế TNCN từ tiền lương tiền công của tổ chức, cá nhân trả thu nhập không còn kê khai theo tháng. Như vậy, CHÍNH THỨC thuế TNCN từ tiền lương tiền công của tổ chức, cá nhân trả thu nhập sẽ kê khai theo quý từ ngày 8/5/2026.

>>> Xem thêm: Mã thủ tục hành chính nộp tờ khai thuế TNCN từ đầu tư vốn 2026 như thế nào?

>>> Xem thêm: Tiền thuế TNCN đã nộp thừa của năm trước có được trừ khi nộp thuế TNCN cho các năm sau không?

Từ 8/5/2026 thuế TNCN từ tiền lương tiền công khai theo quý đúng không? (Hình từ Internet)

Căn cứ theo Điều 13 Luật Thuế thu nhập cá nhân 2025 quy định thuế thu nhập cá nhân đối với thu nhập từ chuyển nhượng vốn như sau:

- Thuế thu nhập cá nhân đối với thu nhập từ chuyển nhượng vốn của cá nhân cư trú được xác định bằng thu nhập tính thuế nhân (x) với thuế suất 20% theo từng lần chuyển nhượng. Trong đó, thu nhập tính thuế từ chuyển nhượng vốn được xác định bằng giá chuyển nhượng trừ (-) đi giá mua và các khoản chi phí hợp lý liên quan đến việc tạo ra thu nhập từ chuyển nhượng vốn.

Trường hợp không xác định giá mua và các chi phí liên quan đến việc chuyển nhượng vốn thì thuế thu nhập cá nhân được xác định bằng giá chuyển nhượng nhân (x) với thuế suất 2%.

- Thuế thu nhập cá nhân đối với thu nhập từ chuyển nhượng chứng khoán được xác định bằng giá chuyển nhượng nhân (x) với thuế suất 0,1% theo từng lần chuyển nhượng.

- Thời điểm xác định thu nhập tính thuế là thời điểm giao dịch hoàn thành theo quy định của pháp luật.

- Chính phủ quy định chi tiết Điều này.

Theo Điều 4 Luật Thuế thu nhập cá nhân 2025 quy định về thu nhập được miễn thuế như sau:

Thông qua quy định trên, thu nhập từ chuyển đổi đất nông nghiệp của hộ gia đình được miễn thuế TNCN.

6. Khai thuế thu nhập cá nhân quý của tổ chức, cá nhân trả thu nhập khấu trừ thuế đối với tiền lương, tiền công (Mã số TTHC 2.002235)

- Trình tự thực hiện:

+Bước 1.

++ Tổ chức, cá nhân trả thu nhập có phát sinh khấu trừ thuế chuẩn bị hồ sơ khai thuế, gửi đến cơ quan Thuế. Thời hạn nộp hồ sơ khai thuế quý chậm nhất là ngày cuối cùng của tháng đầu tiên của quý tiếp theo quý phát sinh nghĩa vụ thuế. Nếu ngày cuối cùng trùng ngày nghỉ lễ, hạn cuối cùng được chuyển sang ngày làm việc tiếp theo.

(Thủ tục đăng ký chứng từ khấu trừ thuế TNCN được thực hiện riêng theo quy định tại Nghị định 70/2025/NĐ-CP của Chính phủ).

[...]

Điều 4. Thu nhập được miễn thuế

1. Thu nhập từ chuyển nhượng, nhận thừa kế, quà tặng là bất động sản giữa vợ với chồng; cha đẻ, mẹ đẻ với con đẻ; cha nuôi, mẹ nuôi với con nuôi; cha chồng, mẹ chồng với con dâu; cha vợ, mẹ vợ với con rể; ông nội, bà nội với cháu nội; ông ngoại, bà ngoại với cháu ngoại; anh, chị, em ruột với nhau.

2. Thu nhập từ chuyển nhượng nhà ở, quyền sử dụng đất ở và tài sản gắn liền với đất ở của cá nhân trong trường hợp cá nhân chỉ có một nhà ở, đất ở duy nhất tại Việt Nam.

3. Thu nhập từ giá trị quyền sử dụng đất của cá nhân được Nhà nước giao đất.

4. Thu nhập của hộ gia đình, cá nhân trực tiếp sản xuất sản phẩm cây trồng, rừng trồng, chăn nuôi, thủy sản nuôi trồng, đánh bắt chưa qua chế biến thành các sản phẩm khác hoặc chỉ qua sơ chế thông thường; sản xuất muối; thu nhập từ lợi tức cổ phần của thành viên hợp tác xã, liên hiệp hợp tác xã nông nghiệp, cá nhân là nông dân ký kết hợp đồng với doanh nghiệp tham gia “Cánh đồng lớn”, trồng rừng sản xuất, nuôi trồng thủy sản.

5. Thu nhập từ chuyển đổi đất nông nghiệp của hộ gia đình, cá nhân được Nhà nước giao để sản xuất.

6. Thu nhập từ lãi trái phiếu chính phủ, lãi trái phiếu chính quyền địa phương, lãi tiền gửi tại tổ chức tín dụng, lãi từ hợp đồng bảo hiểm nhân thọ.

7. Thu nhập từ kiều hối.

[...]","thue-phi-le-phi","","","","2026-05-20T00:00:00","https://thuvienphapluat.vn/hoi-dap-phap-luat/tu-852026-thue-tncn-tu-tien-luong-tien-cong-khai-theo-quy-dung-khong-138090936.html","2026-05-21T20:49:14.876200+00:00"
"138091091","THÔNG TIN quan trọng về Tờ khai 05/KK-TNCN theo TT80 khi bỏ kê khai theo tháng chuyển sang quý thế nào?","THÔNG TIN quan trọng về Tờ khai 05 KK TNCN theo TT80 khi bỏ kê khai theo tháng chuyển sang quý thế nào?

Hướng dẫn thủ tục khai thuế TNCN theo quý của tổ chức, cá nhân trả thu nhập khấu trừ thuế đối với tiền lương tiền công từ 8/5/2026 thế nào?

Quản lý thuế đối với thuế thu nhập cá nhân theo Luật Thuế thu nhập cá nhân 2025 như thế nào?

Ngày 20/5/2026, Thuế thành phố Đồng Nai ban hành hướng dẫn bỏ tờ khai thuế TNCN theo tháng theo Nghị quyết 66.16/2026/NĐ-CP, trong đó có thay đổi quan trọng là bỏ kê khai thuế thu nhập cá nhân (TNCN) theo tháng, chuyển sang kê khai theo quý đối với nhiều trường hợp.

Theo đó, Nghị quyết 66.16/2026/NQ-CP ngày 07/4/2026 của Chính phủ về cắt giảm, đơn giản hóa thủ tục hành chính:

- Người nộp thuế sẽ thực hiện kê khai thuế TNCN từ tiền lương, tiền công theo quý thay vì kê khai hàng tháng như trước.

- Hệ thống thuế điện tử eTax và dịch vụ công sẽ không còn hỗ trợ kê khai TNCN theo tháng đối với nhiều trường hợp kể từ khi quy định có hiệu lực.

Dưới đây là Một số THÔNG TIN quan trọng về Tờ khai 05 KK TNCN theo TT80 khi bỏ kê khai theo tháng chuyển sang quý:

Từ kỳ kê khai tháng 04/2026, mã TTHC 2.002235 Tờ khai thuế TNCN đối với thu nhập từ tiền lương, tiền công mẫu 05/KK-TNCN KHÔNG CÒN KÊ KHAI THEO THÁNG MÀ CHUYỂN SANG KÊ KHAI THEO QUÝ đã được áp dụng theo Nghị quyết 66 và Nghị quyết 66.16/NQ-CP về cắt giảm, đơn giản hoá thủ tục hành chính.

Như vậy, doanh nghiệp, tổ chức trả thu nhập phát sinh khấu trừ thuế trong tháng 4/2026 sẽ thực hiện kê khai gộp vào quý II/2026 và nộp hồ sơ khai thuế chậm nhất vào ngày cuối cùng của tháng đầu tiên của quý tiếp theo theo quy định.

Theo đó:

- Không còn kê khai tháng đối với mẫu 05/KK như trước.

- Các trường hợp trước đây kê khai theo tháng sẽ chuyển sang kê khai theo QUÝ.

Cụ thể:

- Kỳ tháng 04/2026 sẽ chuyển sang kê khai tờ khai QUÝ II/2026.

- Đối với các tờ khai tháng 4/2026 đã nhận vào hệ thống, Cục Thuế sẽ có thông báo gửi các Thuế tỉnh, thành phố về việc hướng dẫn xử lý.

- Hạn nộp tờ khai quý II/2026: 31/07/2026.

- Không phải kê khai tháng 05 và tháng 06/2026.

Phạm vi áp dụng: Tất cả các DN, tổ chức chi trả thu nhập cho NLĐ có phát sinh khấu trừ thuế TNCN.

Hiệu lực áp dụng: Nghị quyết 66.16/NQ-CP có hiệu lực từ ngày 15/04/2026.

* Trên đây là THÔNG TIN quan trọng về Tờ khai 05 KK TNCN theo TT80 khi bỏ kê khai theo tháng chuyển sang quý thế nào?

>>> Tờ khai 05/KK-TNCN tháng 4, 5, 6/2026 chính thức bỏ khai theo tháng chuyển sang kê khai quý 2/2026 ra sao?

THÔNG TIN quan trọng về Tờ khai 05/KK-TNCN theo TT80 khi bỏ kê khai theo tháng chuyển sang quý thế nào? (Hình từ Internet)

Căn cứ theo Phần 2 Phụ lục 1 ban hành kèm theo Quyết định 1109/QĐ-BTC năm 2026, Hướng dẫn thủ tục khai thuế TNCN theo quý của tổ chức, cá nhân trả thu nhập khấu trừ thuế đối với tiền lương tiền công từ 8/5/2026 như sau:

- Trình tự thực hiện:

+ Bước 1.

++ Tổ chức, cá nhân trả thu nhập có phát sinh khấu trừ thuế chuẩn bị hồ sơ khai thuế, gửi đến cơ quan Thuế. Thời hạn nộp hồ sơ khai thuế quỷ chậm nhất là ngày cuối cùng của tháng đầu tiên của quý tiếp theo quý phát sinh nghĩa vụ thuế. Nếu ngày cuối cùng trùng ngày nghỉ lễ, hạn cuối cùng được chuyển sang ngày làm việc tiếp theo.

(Thủ tục đăng ký chứng từ khấu trừ thuế TNCN được thực hiện riêng theo quy định tại Nghị định 70/2025/NĐ-CP của Chính phủ).

+ Bước 2. Cơ quan thuế tiếp nhận:

++ Trường hợp hồ sơ được nộp trực tiếp tại cơ quan thuế hoặc hồ sơ được gửi qua đường bưu chính: cơ quan thuế thực hiện tiếp nhận, giải quyết hồ sơ theo quy định.

++ Trường hợp hồ sơ được nộp thông qua giao dịch điện tử, việc tiếp nhận, kiểm tra, chấp nhận, giải quyết hồ sơ (và trả kết quả nếu có kết quả) thông qua hệ thống xử lý dữ liệu điện tử của cơ quan thuế

- Cách thức thực hiện:

+ Trực tiếp: Tại TTPVHCC cấp tỉnh, xã

+ Thông qua dịch vụ bưu chính công ích theo quy định của Thủ tướng Chính phủ, qua thuê dịch vụ của doanh nghiệp, cá nhân hoặc qua ủy quyền theo quy định của pháp luật;

+ Trực tuyến: Qua Cổng dịch vụ công quốc gia

- Thành phần, số lượng hồ sơ:

+ Thành phần hồ sơ gồm:

++ Tờ khai thuế thu nhập cá nhân (áp dụng đối với tổ chức, cá nhân trả các khoản thu nhập từ tiền lương, tiền công) mẫu số 05/KK-TNCN theo Phụ lục I -Danh mục hồ sơ khai thuế ban hành kèm theo Nghị định 126/2020/NĐ-CP ngày 19/10/2020 của Chính phủ và Phụ lục II - Mẫu biểu hồ sơ khai thuế ban hành kèm theo Thông tư 80/2021/TT-BTC ngày 29/9/2021/TT-BTC của Bộ trưởng Bộ Tài chính.

++ Phụ lục bảng xác định số thuế thu nhập cá nhân phải nộp cho các địa phương được hưởng nguồn thu mẫu số 05-1/PBT-KK-TNCN theo Phụ lục I -Danh mục hồ sơ khai thuế ban hành kèm theo Nghị định 126/2020/NĐ-CP ngày 19/10/2020 của Chính phủ và Phụ lục II - Mẫu biểu hồ sơ khai thuế ban hành kèm theo Thông tư 80/2021/TT-BTC ngày 29/9/2021/TT-BTC của Bộ trưởng Bộ Tài chính.

+ Số lượng hồ sơ: 01 (bộ).

- Thời hạn giải quyết: Không phải trả kết quả cho người nộp thuế

- Đối tượng thực hiện thủ tục hành chính: Tổ chức, cá nhân trả thu nhập chịu thuế từ tiền lương, tiền công

- Cơ quan giải quyết thủ tục hành chính: Thuế tỉnh, thành phố Thuế cơ

- Kết quả thực hiện thủ tục hành chính: Hồ sơ gửi đến cơ quan thuế không có kết quả giải quyết

- Phí, lệ phí: Không.

- Tên mẫu đơn, mẫu tờ khai:

+ Tờ khai thuế thu nhập cá nhân (áp dụng đối với tổ chức, cá nhân trả các khoản thu nhập từ tiền lương, tiền công) mẫu số 05/KK-TNCN theo Phụ lục II -Mẫu biểu hồ sơ khai thuế ban hành kèm theo Thông tư 80 ngày 29/9/2021/TT-BTC của Bộ trưởng Bộ Tài chính.

+ Phụ lục bảng xác định số thuế thu nhập cá nhân phải nộp cho các địa phương được hưởng nguồn thu mẫu số 05-1/PBT-KK-TNCN theo Phụ lục II Mẫu biểu hồ sơ khai thuế ban hành kèm theo Thông tư 80 ngày 29/9/2021/TT-BTC của Bộ trưởng Bộ Tài chính.

- Yêu cầu, điều kiện thực hiện thủ tục hành chính:

Trường hợp người nộp thuế lựa chọn và gửi hồ sơ đến cơ quan thuế thông qua giao dịch điện tử thì phải tuân thủ đúng, đầy đủ các quy định và điều kiện thực hiện giao dịch điện tửtrong lĩnh vực thuế tại Thông tư 19/2021/TT-BTC ngày 18/3/2021 của Bộ trường Bộ Tài chính hướng dẫn giao dịch điện tử trong lĩnh vực thuế.

Tại Điều 6 Luật Thuế thu nhập cá nhân 2025 quy định về quản lý thuế đối với thuế thu nhập cá nhân

Căn cứ quy định của Luật này, Chính phủ quy định về kỳ tính thuế theo năm đối với thu nhập từ kinh doanh, thu nhập từ tiền lương, tiền công của cá nhân cư trú, kỳ tính thuế theo từng lần phát sinh đối với các khoản thu nhập khác của cá nhân cư trú và cá nhân không cư trú; thời điểm xác định thu nhập tính thuế; quyết toán thuế; hoàn thuế đối với trường hợp cá nhân có số thuế đã nộp lớn hơn số thuế phải nộp hoặc chưa đến mức phải nộp; trách nhiệm khấu trừ, khai thay, nộp thay cho người nộp thuế phù hợp với quy định của Luật Quản lý thuế 2025.","thue-phi-le-phi","","","","2026-05-20T00:00:00","https://thuvienphapluat.vn/hoi-dap-phap-luat/thong-tin-quan-trong-ve-to-khai-05kktncn-theo-tt80-khi-bo-ke-khai-theo-thang-chuyen-sang-quy-the-na-138091091.html","2026-05-21T20:49:23.939600+00:00"
"138091411","CCPL kê khai thuế TNCN theo quý mã TTHC 2002235 mới nhất gồm những gì?","CCPL kê khai thuế TNCN theo quý mã TTHC 2002235 mới nhất gồm những gì?

Trình tự và cách thức kê khai thuế TNCN theo quý mã TTHC 2002235 mới nhất ra sao?

Từ 01/7/2026 quản lý thuế đối với thuế thu nhập cá nhân ra sao?

Căn cứ tại Mục 6 Phụ lục ban hành kèm theo Quyết định 1109/QĐ-BTC năm 2026 nêu rõ về căn cứ pháp lý của TTHC 2002235 kê khai thuế TNCN theo quý gồm có:

- Luật Quản lý thuế năm 2019 (đã được sửa đổi, bổ sung theo quy định tại khoản 6 Điều 6 Luật số 56/2024/QH15 sửa đổi, bổ sung một số điều của Luật Chứng khoán, Luật Kế toán, Luật Kiểm toán độc lập, Luật Ngân sách nhà nước, Luật Quản lý, sử dụng tài sản công, Luật Quản lý thuế, Luật Thuế thu nhập cá nhân, Luật Dự trữ quốc gia, Luật Xử lý vi phạm hành chính);

- Nghị định 126/2020/NĐ-CP ngày 19/10/2020 của Chính phủ quy định chi tiết một số điều của Luật Quản lý thuế (đã được sửa đổi, bổ sung theo Nghị định số 91/2022/NĐ-CP ngày 30/10/2022 của Chính phủ);

- Thông tư 80/2021/TT-BTC ngày 29/9/2021 của Bộ trưởng Bộ Tài chính hướng dẫn thi hành một số điều của Luật Quản lý thuế và Nghị định số 126/2020/NĐ-CP ngày 19/10/2020 của Chính phủ quy định chi tiết một số điều của Luật Quản lý thuế;

- Nghị quyết số 66.16/2026/NQ-CP ngày 07/4/2026 của Chính phủ về cắt giảm đơn giản hóa thủ tục hành chính, quy định liên quan đến hoạt động sản xuất kinh doanh;

- Thông tư 19/2021/TT-BTC ngày 18/3/2021 của Bộ trưởng Bộ Tài chính hướng dẫn giao dịch điện tử trong lĩnh vực thuế (đã được sửa đổi, bổ sung theo Thông tư số 46/2024/TT-BTC ngày 09/07/2024 của Bộ trưởng Bộ Tài chính);

- Thông tư 40/2025/TT-BTC ngày 13/6/2025 của Bộ trưởng Bộ Tài chính sửa đổi, bổ sung một số điều của các Thông tư thuộc lĩnh vực quản lý thuế để phân định thẩm quyền của chính quyền địa phương theo mô hình tổ chức chính quyền địa phương 02 cấp;

- Nghị định 118/2025/NĐ-CP ngày 09/6/2025 của Chính phủ về thực hiện thủ tục hành chính theo cơ chế một cửa, một cửa liên thông tại Bộ phận Một của và Cổng Dịch vụ công quốc gia.

Căn cứ pháp lý kê khai thuế TNCN theo quý mã TTHC 2002235 mới nhất gồm những gì? (Hình từ Internet)

Theo Mục 6 Phụ lục ban hành kèm theo Quyết định 1109/QĐ-BTC năm 2026 trình tự thực hiện khai thuế TNCN theo tờ khai 05 KK TNCN như sau:

A- Trình tự thực hiện:

+Bước 1.

++ Tổ chức, cá nhân trả thu nhập có phát sinh khấu trừ thuế chuẩn bị hồ sơ khai thuế thu nhập cá nhân, gửi đến cơ quan Thuế. Thời hạn nộp hồ sơ khai thuế quý chậm nhất là ngày cuối cùng của tháng đầu tiên của quý tiếp theo quý phát sinh nghĩa vụ thuế. Nếu ngày cuối cùng trùng ngày nghi/lễ, hạn cuối cùng được chuyển sang ngày làm việc tiếp theo.

(Thủ tục đăng ký chứng từ khấu trừ thuế TNCN được thực hiện riêng theo quy định tại Nghị định 70/2025/NĐ-CP của Chính phủ).

+ Bước 2. Cơ quan thuế tiếp nhận:

++ Trường hợp hồ sơ được nộp trực tiếp tại cơ quan thuế hoặc hồ sơ được gửi qua đường bưu chính: cơ quan thuế thực hiện tiếp nhận, giải quyết hồ sơ theo quy định.

++ Trường hợp hồ sơ được nộp thông qua giao dịch điện tử, việc tiếp nhận, kiểm tra, chấp nhận, giải quyết hồ sơ (và trả kết quả nếu có kết quả) thông qua hệ thống xử lý dữ liệu điện tử của cơ quan thuế

B- Cách thức thực hiện:

+ Trực tiếp: Tại TTPVHCC cấp tỉnh, xã

+Thông qua dịch vụ bưu chính công ích theo quy định của Thủ tướng Chính phủ, qua thuê dịch vụ của doanh nghiệp, cá nhân hoặc qua ủy quyền theo quy định của pháp luật;

+ Trực tuyến: Qua Cổng dịch vụ công quốc gia

- Thành phần, số lượng hồ sơ:

+ Thành phần hồ sơ gồm:

++ Tờ khai thuế thu nhập cá nhân (áp dụng đối với tổ chức, cá nhân trả các khoản thu nhập từ tiền lương, tiền công) mẫu số 05/KK-TNCN theo Phụ lục I - Danh mục hồ sơ khai thuế ban hành kèm theo Nghị định 126/2020/NĐ-CP ngày 19/10/2020 của Chính phủ và Phụ lục II - Mẫu biểu hồ sơ khai thuế ban hành kèm theo Thông tư số 80/2021/TT-BTC ngày 29/9/2021/TT-BTC của Bộ trưởng Bộ Tài chính.

++ Phụ lục bảng xác định số thuế thu nhập cá nhân phải nộp cho các địa phương được hưởng nguồn thu mẫu số 05-1/PBT-KK-TNCN theo Phụ lục I - Danh mục hồ sơ khai thuế ban hành kèm theo Nghị định số 126/2020/NĐ-CP ngày 19/10/2020 của Chính phủ và Phụ lục II - Mẫu biểu hồ sơ khai thuế ban hành theo Thông tư 80/2021/TT-BTC

Căn cứ theo Điều 6 Luật Thuế thu nhập cá nhân 2025 (Có hiệu lực từ 01/7/2026) quy định về quản lý thuế đối với thuế thu nhập cá nhân như sau:

Căn cứ quy định của Luật này, Chính phủ quy định về kỳ tính thuế theo năm đối với thu nhập từ kinh doanh, thu nhập từ tiền lương, tiền công của cá nhân cư trú, kỳ tính thuế theo từng lần phát sinh đối với các khoản thu nhập khác của cá nhân cư trú và cá nhân không cư trú; thời điểm xác định thu nhập tính thuế; quyết toán thuế; hoàn thuế đối với trường hợp cá nhân có số thuế đã nộp lớn hơn số thuế phải nộp hoặc chưa đến mức phải nộp; trách nhiệm khấu trừ, khai thay, nộp thay cho người nộp thuế phù hợp với quy định của Luật Quản lý thuế 2025.","thue-phi-le-phi","","","","2026-05-20T00:00:00","https://thuvienphapluat.vn/hoi-dap-phap-luat/ccpl-ke-khai-thue-tncn-theo-quy-ma-tthc-2002235-moi-nhat-gom-nhung-gi-138091411.html","2026-05-21T20:49:33.180228+00:00"
"138091334","Tờ khai 05 KK TNCN khai thuế theo tháng có bị bãi bỏ không?","Tờ khai 05 KK TNCN khai thuế theo tháng có bị bãi bỏ không?

Trình tự thực hiện khai thuế TNCN theo tờ khai 05 KK TNCN như thế nào?

Căn cứ pháp lý của TTHC 2002235 kê khai thuế TNCN theo quý tại Quyết định 1109 cụ thể thế nào?

Tờ khai thuế thu nhập cá nhân với thu nhập từ tiền lương, tiền công hiện đang áp dụng Mẫu 05/KK-TNCN ban hành kèm theo Thông tư 80/2021/TT-BTC được sửa đổi bởi điểm g khoản 7 Điều 1 Thông tư 40/2025/TT-BTC.

Trước đây, theo Quyết định 1474/QĐ-BTC năm 2025 và hướng dẫn tại Quyết định 4472/QĐ-BTC năm 2025, thủ tục hành chính nộp Tờ khai 05/KK-TNCN đối với tổ chức, cá nhân trả thu nhập khấu trừ thuế từ tiền lương, tiền công được thực hiện theo mã thủ tục hành chính 2.002235 dưới hình thức khai thuế theo tháng hoặc theo quý tùy trường hợp.

Theo đó, đối với trường hợp khai theo tháng, thời hạn nộp hồ sơ khai thuế chậm nhất là ngày thứ 20 của tháng tiếp theo tháng phát sinh nghĩa vụ thuế; trường hợp khai theo quý thì thời hạn nộp hồ sơ là ngày cuối cùng của tháng đầu tiên của quý tiếp theo.

Tuy nhiên căn cứ Quyết định 1109/QĐ-BTC năm 2026 về việc công bố thủ tục hành chính được sửa đổi, bổ sung, bãi bỏ trong lĩnh vực quản lý thuế, hải quan thuộc phạm vi chức năng quản lý của Bộ Tài chính, thủ tục khai thuế thu nhập cá nhân theo tháng đối với Tờ khai mẫu số 05/KK-TNCN thuộc mã TTHC 2.002235 đã không còn được áp dụng.

Như vậy, quy định hiện hành không bãi bỏ Mẫu tờ khai 05/KK-TNCN mà chỉ bỏ thủ tục hành chính khai thuế thu nhập cá nhân theo tháng đối với mẫu tờ khai này thuộc mã TTHC 2.002235.

Tờ khai 05 KK TNCN khai thuế theo tháng có bị bãi bỏ không? (Hình từ Internet)

Theo Mục 6 Phụ lục ban hành kèm theo Quyết định 1109/QĐ-BTC năm 2026 trình tự thực hiện khai thuế TNCN theo tờ khai 05 KK TNCN như sau:

A- Trình tự thực hiện:

+Bước 1.

++ Tổ chức, cá nhân trả thu nhập có phát sinh khấu trừ thuế chuẩn bị hồ sơ khai thuế, gửi đến cơ quan Thuế. Thời hạn nộp hồ sơ khai thuế quý chậm nhất là ngày cuối cùng của tháng đầu tiên của quý tiếp theo quý phát sinh nghĩa vụ thuế. Nếu ngày cuối cùng trùng ngày nghi/lễ, hạn cuối cùng được chuyển sang ngày làm việc tiếp theo.

(Thủ tục đăng ký chứng từ khấu trừ thuế TNCN được thực hiện riêng theo quy định tại Nghị định 70/2025/NĐ-CP của Chính phủ).

+ Bước 2. Cơ quan thuế tiếp nhận:

++ Trường hợp hồ sơ được nộp trực tiếp tại cơ quan thuế hoặc hồ sơ được gửi qua đường bưu chính: cơ quan thuế thực hiện tiếp nhận, giải quyết hồ sơ theo quy định.

++ Trường hợp hồ sơ được nộp thông qua giao dịch điện tử, việc tiếp nhận, kiểm tra, chấp nhận, giải quyết hồ sơ (và trả kết quả nếu có kết quả) thông qua hệ thống xử lý dữ liệu điện tử của cơ quan thuế

B- Cách thức thực hiện:

+ Trực tiếp: Tại TTPVHCC cấp tỉnh, xã

+Thông qua dịch vụ bưu chính công ích theo quy định của Thủ tướng Chính phủ, qua thuê dịch vụ của doanh nghiệp, cá nhân hoặc qua ủy quyền theo quy định của pháp luật;

+ Trực tuyến: Qua Cổng dịch vụ công quốc gia

- Thành phần, số lượng hồ sơ:

+ Thành phần hồ sơ gồm:

++ Tờ khai thuế thu nhập cá nhân (áp dụng đối với tổ chức, cá nhân trả các khoản thu nhập từ tiền lương, tiền công) mẫu số 05/KK-TNCN theo Phụ lục I - Danh mục hồ sơ khai thuế ban hành kèm theo Nghị định 126/2020/NĐ-CP ngày 19/10/2020 của Chính phủ và Phụ lục II - Mẫu biểu hồ sơ khai thuế ban hành kèm theo Thông tư số 80/2021/TT-BTC ngày 29/9/2021/TT-BTC của Bộ trưởng Bộ Tài chính.

++ Phụ lục bảng xác định số thuế thu nhập cá nhân phải nộp cho các địa phương được hưởng nguồn thu mẫu số 05-1/PBT-KK-TNCN theo Phụ lục I - Danh mục hồ sơ khai thuế ban hành kèm theo Nghị định số 126/2020/NĐ-CP ngày 19/10/2020 của Chính phủ và Phụ lục II - Mẫu biểu hồ sơ khai thuế ban hành theo Thông tư 80/2021/TT-BTC

Căn cứ tại Mục 6 Phụ lục ban hành kèm theo Quyết định 1109/QĐ-BTC năm 2026 căn cứ pháp lý của TTHC 2002235 kê khai thuế TNCN theo quý gồm có:

- Luật Quản lý thuế năm 2019 (đã được sửa đổi, bổ sung theo quy định tại khoản 6 Điều 6 Luật số 56/2024/QH15 sửa đổi, bổ sung một số điều của Luật Chứng khoán, Luật Kế toán, Luật Kiểm toán độc lập, Luật Ngân sách nhà nước, Luật Quản lý, sử dụng tài sản công, Luật Quản lý thuế, Luật Thuế thu nhập cá nhân, Luật Dự trữ quốc gia, Luật Xử lý vi phạm hành chính);

- Nghị định 126/2020/NĐ-CP ngày 19/10/2020 của Chính phủ quy định chi tiết một số điều của Luật Quản lý thuế (đã được sửa đổi, bổ sung theo Nghị định số 91/2022/NĐ-CP ngày 30/10/2022 của Chính phủ);

- Thông tư 80/2021/TT-BTC ngày 29/9/2021 của Bộ trưởng Bộ Tài chính hướng dẫn thi hành một số điều của Luật Quản lý thuế và Nghị định số 126/2020/NĐ-CP ngày 19/10/2020 của Chính phủ quy định chi tiết một số điều của Luật Quản lý thuế;

- Nghị quyết số 66.16/2026/NQ-CP ngày 07/4/2026 của Chính phủ về cắt giảm đơn giản hóa thủ tục hành chính, quy định liên quan đến hoạt động sản xuất kinh doanh;

- Thông tư 19/2021/TT-BTC ngày 18/3/2021 của Bộ trưởng Bộ Tài chính hướng dẫn giao dịch điện tử trong lĩnh vực thuế (đã được sửa đổi, bổ sung theo Thông tư số 46/2024/TT-BTC ngày 09/07/2024 của Bộ trưởng Bộ Tài chính);

- Thông tư 40/2025/TT-BTC ngày 13/6/2025 của Bộ trưởng Bộ Tài chính sửa đổi, bổ sung một số điều của các Thông tư thuộc lĩnh vực quản lý thuế để phân định thẩm quyền của chính quyền địa phương theo mô hình tổ chức chính quyền địa phương 02 cấp;

- Nghị định 118/2025/NĐ-CP ngày 09/6/2025 của Chính phủ về thực hiện thủ tục hành chính theo cơ chế một cửa, một cửa liên thông tại Bộ phận Một của và Cổng Dịch vụ công quốc gia.","thue-phi-le-phi","","","","2026-05-20T00:00:00","https://thuvienphapluat.vn/hoi-dap-phap-luat/to-khai-05-kk-tncn-khai-thue-theo-thang-co-bi-bai-bo-khong-138091334.html","2026-05-21T20:49:46.849503+00:00"
"138051494","Lịch Vạn niên 2026 - Lịch âm 2026 - Lịch dương 2026 chi tiết, đầy đủ 365 ngày tương ứng âm và dương?","Lịch Vạn niên 2026 - Lịch âm 2026 - Lịch dương 2026 chi tiết, đầy đủ 365 ngày tương ứng âm và dương?

Năm 2026, người lao động được nghỉ các ngày lễ, tết nào trong năm?

Người lao động có các quyền và nghĩa vụ gì?

Xem mới:

>>> Kịch bản sinh hoạt chi bộ tháng 5 2026 chi tiết ra sao?

>>> Tài liệu sinh hoạt chi bộ tháng 5/2026 chi tiết như thế nào?

>>> Nội dung trọng tâm sinh hoạt chi bộ Tháng 5/2026 chi tiết thế nào?

>>> Mẫu nội dung sinh hoạt chi bộ Tháng 5 năm 2026 chi tiết ra sao?

>>> Hướng dẫn sinh hoạt chi bộ tháng 5/2026 đầy đủ như thế nào?

Theo Lịch Vạn niên 2026 - Lịch âm 2026 - Lịch dương 2026, tết Âm lịch 2026 sẽ rơi vào các ngày sau:

- 29 tháng Chạp năm Ất Tỵ (29 Tết): Thứ hai, ngày 16/02/2026 dương lịch

- Mùng 1 tháng Giêng năm Bính Ngọ (Mùng 1 Tết): Thứ ba, ngày 17/02/2026 dương lịch

- Mùng 2 tháng Giêng năm Bính Ngọ (Mùng 2 Tết): Thứ tư, ngày 18/02/2026 dương lịch

- Mùng 3 tháng Giêng năm Bính Ngọ (Mùng 3 Tết): Thứ năm, ngày 19/02/2026 dương lịch

Dưới đây là Lịch Vạn niên 2026 - Lịch âm 2026 - Lịch dương 2026 chi tiết, đầy đủ 365 ngày tương ứng âm và dương:

Lịch Tháng 1 năm 2026

Lịch Tháng 2 năm 2026

Lịch Tháng 3 năm 2026

Lịch Tháng 4 năm 2026

Lịch Tháng 5 năm 2026

Lịch Tháng 6 năm 2026

Lịch Tháng 7 năm 2026

Lịch Tháng 8 năm 2026

Lịch Tháng 9 năm 2026

Lịch Tháng 10 năm 2026

Lịch Tháng 11 năm 2026

Lịch Tháng 12 năm 2026

XEM ĐẦY ĐỦ:

THÁNG 1/2026

>>> Xem lịch âm tháng 1 năm 2026 - Lịch vạn niên tháng 1 năm 2026 đầy đủ, chi tiết, mới nhất

>>> Lịch Dương Tháng 1 2026 chi tiết, chính xác nhất

THÁNG 2/2026

>>> Xem lịch âm tháng 2 năm 2026 - Lịch vạn niên tháng 2 năm 2026 đầy đủ, chi tiết, mới nhất

>>> Lịch Dương Tháng 2 2026 chi tiết, chính xác nhất

THÁNG 3/2026

>>> Xem lịch âm tháng 3 năm 2026 - Lịch vạn niên tháng 3 năm 2026 đầy đủ, chi tiết, mới nhất

>>> Lịch Dương Tháng 3 2026 chi tiết, chính xác nhất

THÁNG 4/2026

>>> Xem lịch âm tháng 4 năm 2026 - Lịch vạn niên tháng 4 năm 2026 đầy đủ, chi tiết, mới nhất

>>> Lịch Dương Tháng 4 2026 chi tiết, chính xác nhất

THÁNG 5/2026

>>> Xem lịch âm tháng 5 năm 2026 - Lịch vạn niên tháng 5 năm 2026 đầy đủ, chi tiết, mới nhất

>>> Lịch Dương Tháng 5 2026 chi tiết, chính xác nhất

THÁNG 6/2026

>>> Xem lịch âm tháng 6 năm 2026 - Lịch vạn niên tháng 6 năm 2026 đầy đủ, chi tiết, mới nhất

>>> Lịch Dương Tháng 6 2026 chi tiết, chính xác nhất

THÁNG 7/2026

>>> Xem lịch âm tháng 7 năm 2026 - Lịch vạn niên tháng 7 năm 2026 đầy đủ, chi tiết, mới nhất

>>> Lịch Dương Tháng 7 2026 chi tiết, chính xác nhất

THÁNG 8/2026

>>> Xem lịch âm tháng 8 năm 2026 - Lịch vạn niên tháng 8 năm 2026 đầy đủ, chi tiết, mới nhất

>>> Lịch Dương Tháng 8 2026 chi tiết, chính xác nhất

THÁNG 9/2026

>>> Xem lịch âm tháng 9 năm 2026 - Lịch vạn niên tháng 9 năm 2026 đầy đủ, chi tiết, mới nhất

>>> Lịch Dương Tháng 9 2026 chi tiết, chính xác nhất

THÁNG 10/2026

>>> Xem lịch âm tháng 10 năm 2026 - Lịch vạn niên tháng 10 năm 2026 đầy đủ, chi tiết, mới nhất

>>> Lịch Dương Tháng 10 2026 chi tiết, chính xác nhất

THÁNG 11/2026

>>> Xem lịch âm tháng 11 năm 2026 - Lịch vạn niên tháng 11 năm 2026 đầy đủ, chi tiết, mới nhất

>>> Lịch Dương Tháng 11 2026 chi tiết, chính xác nhất

THÁNG 12/2026

>>> Xem lịch âm tháng 12 năm 2026 - Lịch vạn niên tháng 12 năm 2026 đầy đủ, chi tiết, mới nhất

>>> Lịch Dương Tháng 12 2026 chi tiết, chính xác nhất

* Trên đây là Thông tin Lịch Vạn niên 2026 - Lịch âm 2026 - Lịch dương 2026 chi tiết, đầy đủ 365 ngày tương ứng âm và dương?

Lịch Vạn niên 2026 - Lịch âm 2026 - Lịch dương 2026 chi tiết, đầy đủ 365 ngày tương ứng âm và dương? (Hình từ Internet)

Căn cứ Điều 112 Bộ luật Lao động 2019 quy định về nghỉ lễ, tết như sau:

Như vậy, năm 2026 người lao động được nghỉ các ngày lễ, tết sau đây:

(1) Tết Dương lịch: 01 ngày (ngày 01 tháng 01 dương lịch);

(2) Tết Âm lịch: 05 ngày;

(3) Ngày Chiến thắng: 01 ngày (ngày 30 tháng 4 dương lịch);

(4) Ngày Quốc tế lao động: 01 ngày (ngày 01 tháng 5 dương lịch);

(5) Quốc khánh: 02 ngày (ngày 02 tháng 9 dương lịch và 01 ngày liền kề trước hoặc sau);

(6) Ngày Giỗ Tổ Hùng Vương: 01 ngày (ngày 10 tháng 3 âm lịch).

Ngoài ra, người lao động là người nước ngoài làm việc tại Việt Nam ngoài các ngày nghỉ nêu trên còn được nghỉ thêm 01 ngày Tết cổ truyền dân tộc và 01 ngày Quốc khánh của nước họ.

Lưu ý: Hằng năm, căn cứ vào điều kiện thực tế, Thủ tướng Chính phủ quyết định cụ thể ngày nghỉ quy định tại điểm b và điểm đ khoản 1 Điều 112 Bộ luật Lao động 2019

Căn cứ Điều 5 Bộ luật Lao động 2019 quy định cụ thể như sau:

Như vậy, người lao động có các quyền và nghĩa vụ như sau:

[1] Người lao động có các quyền sau đây:

- Làm việc; tự do lựa chọn việc làm, nơi làm việc, nghề nghiệp, học nghề, nâng cao trình độ nghề nghiệp; không bị phân biệt đối xử, cưỡng bức lao động, quấy rối tình dục tại nơi làm việc

- Hưởng lương phù hợp với trình độ, kỹ năng nghề trên cơ sở thỏa thuận với người sử dụng lao động; được bảo hộ lao động, làm việc trong điều kiện bảo đảm về an toàn, vệ sinh lao động; nghỉ theo chế độ, nghỉ hằng năm có hưởng lương và được hưởng phúc lợi tập thể

- Thành lập, gia nhập, hoạt động trong tổ chức đại diện người lao động, tổ chức nghề nghiệp và tổ chức khác theo quy định của pháp luật; yêu cầu và tham gia đối thoại, thực hiện quy chế dân chủ, thương lượng tập thể với người sử dụng lao động và được tham vấn tại nơi làm việc để bảo vệ quyền và lợi ích hợp pháp, chính đáng của mình; tham gia quản lý theo nội quy của người sử dụng lao động

- Từ chối làm việc nếu có nguy cơ rõ ràng đe dọa trực tiếp đến tính mạng, sức khỏe trong quá trình thực hiện công việc

- Đơn phương chấm dứt hợp đồng lao động

- Đình công

- Các quyền khác theo quy định của pháp luật

[2] Người lao động có các nghĩa vụ sau đây:

- Thực hiện hợp đồng lao động, thỏa ước lao động tập thể và thỏa thuận hợp pháp khác

- Chấp hành kỷ luật lao động, nội quy lao động; tuân theo sự quản lý, điều hành, giám sát của người sử dụng lao động

- Thực hiện quy định của pháp luật về lao động, việc làm, giáo dục nghề nghiệp, bảo hiểm xã hội, bảo hiểm y tế, bảo hiểm thất nghiệp và an toàn, vệ sinh lao động

Điều 112. Nghỉ lễ, tết

1. Người lao động được nghỉ làm việc, hưởng nguyên lương trong những ngày lễ, tết sau đây:

a) Tết Dương lịch: 01 ngày (ngày 01 tháng 01 dương lịch);

b) Tết Âm lịch: 05 ngày;

c) Ngày Chiến thắng: 01 ngày (ngày 30 tháng 4 dương lịch);

d) Ngày Quốc tế lao động: 01 ngày (ngày 01 tháng 5 dương lịch);

đ) Quốc khánh: 02 ngày (ngày 02 tháng 9 dương lịch và 01 ngày liền kề trước hoặc sau);

e) Ngày Giỗ Tổ Hùng Vương: 01 ngày (ngày 10 tháng 3 âm lịch).

2. Lao động là người nước ngoài làm việc tại Việt Nam ngoài các ngày nghỉ theo quy định tại khoản 1 Điều này còn được nghỉ thêm 01 ngày Tết cổ truyền dân tộc và 01 ngày Quốc khánh của nước họ.

3. Hằng năm, căn cứ vào điều kiện thực tế, Thủ tướng Chính phủ quyết định cụ thể ngày nghỉ quy định tại điểm b và điểm đ khoản 1 Điều này.

Điều 5. Quyền và nghĩa vụ của người lao động

1. Người lao động có các quyền sau đây:

a) Làm việc; tự do lựa chọn việc làm, nơi làm việc, nghề nghiệp, học nghề, nâng cao trình độ nghề nghiệp; không bị phân biệt đối xử, cưỡng bức lao động, quấy rối tình dục tại nơi làm việc;

b) Hưởng lương phù hợp với trình độ, kỹ năng nghề trên cơ sở thỏa thuận với người sử dụng lao động; được bảo hộ lao động, làm việc trong điều kiện bảo đảm về an toàn, vệ sinh lao động; nghỉ theo chế độ, nghỉ hằng năm có hưởng lương và được hưởng phúc lợi tập thể;

c) Thành lập, gia nhập, hoạt động trong tổ chức đại diện người lao động, tổ chức nghề nghiệp và tổ chức khác theo quy định của pháp luật; yêu cầu và tham gia đối thoại, thực hiện quy chế dân chủ, thương lượng tập thể với người sử dụng lao động và được tham vấn tại nơi làm việc để bảo vệ quyền và lợi ích hợp pháp, chính đáng của mình; tham gia quản lý theo nội quy của người sử dụng lao động;

d) Từ chối làm việc nếu có nguy cơ rõ ràng đe dọa trực tiếp đến tính mạng, sức khỏe trong quá trình thực hiện công việc;

[....]","thue-phi-le-phi","","","","2026-05-20T00:00:00","https://thuvienphapluat.vn/hoi-dap-phap-luat/lich-van-nien-2026--lich-am-2026--lich-duong-2026-chi-tiet-day-du-365-ngay-tuong-ung-am-va-duong-138051494.html","2026-05-21T20:49:54.874967+00:00"
"138089523","Mã thủ tục hành chính nộp tờ khai thuế TNCN từ đầu tư vốn 2026 như thế nào?","Mã thủ tục hành chính nộp tờ khai thuế TNCN từ đầu tư vốn 2026 như thế nào?

Tính thuế TNCN đối với thu nhập từ đầu tư vốn của cá nhân cư trú ra sao?

Quy định thuế thu nhập cá nhân đối với thu nhập từ chuyển nhượng vốn?

Căn cứ theo Quyết định 1474/QĐ-BTC năm 2025 công bố Danh mục 949 thủ tục hành chính thuộc phạm vi chức năng quản lý của Bộ Tài chính, cụ thể như sau:

Như vậy, mã thủ tục hành chính nộp tờ khai thuế TNCN từ đầu tư vốn 2026 được quy định tại Quyết định 1474/QĐ-BTC năm 2025.

Tổng hợp Mã thủ tục hành chính nộp tờ khai thuế TNCN từ đầu tư vốn 2026 như sau:

- Khai thuế TNCN đối với tổ chức khai thay cho cá nhân có thu nhập từ đầu tư vốn do nhận cổ tức bằng chứng khoán, lợi tức ghi tăng vốn, chứng khoán thưởng cho cổ đông hiện hữu: 1.011.007

- Khai thuế TNCN đối với cá nhân không cư trú có thu nhập từ kinh doanh, cá nhân có thu nhập từ đầu tư vốn, bản quyền, nhượng quyền thương mại, trúng thưởng được trả từ nước ngoài: 1.008.532

- Khai thuế TNCN tháng/quý của tổ chức, cá nhân trả thu nhập thực hiện khấu trừ thuế đối với thu nhập từ đầu tư vốn, từ chuyển nhượng chứng khoán, từ bản quyền, từ nhượng quyền thương mại, từ trúng thưởng của cá nhân cư trú và cá nhân không cư trú; từ kinh doanh của cá nhân không cư trú; Tổ chức, cá nhân khi nhận chuyển nhượng vốn góp của cá nhân không cư trú: 1.008.340

>>> Xem thêm: Mẫu Công văn giải trình chậm nộp tờ khai thuế TNCN theo tháng năm 2026 như thế nào?

>>> Xem thêm: Tiền thuế TNCN đã nộp thừa của năm trước có được trừ khi nộp thuế TNCN cho các năm sau không?

Mã thủ tục hành chính nộp tờ khai thuế TNCN từ đầu tư vốn 2026 như thế nào? (Hình từ Internet)

Tại Điều 12 Luật Thuế thu nhập cá nhân 2025 quy định tính thuế TNCN đối với thu nhập từ đầu tư vốn của cá nhân cư trú được xác định bằng thu nhập tính thuế nhân (x) với thuế suất 5%.

Thu nhập tính thuế từ đầu tư vốn là tổng số các khoản thu nhập chịu thuế từ đầu tư vốn quy định tại khoản 3 Điều 3 của Luật Thuế thu nhập cá nhân 2025 mà người nộp thuế nhận được theo từng lần phát sinh.

Thời điểm xác định thu nhập tính thuế từ đầu tư vốn là thời điểm tổ chức, cá nhân trả thu nhập cho người nộp thuế hoặc thời điểm người nộp thuế nhận được thu nhập.

Căn cứ theo Điều 13 Luật Thuế thu nhập cá nhân 2025 quy định thuế thu nhập cá nhân đối với thu nhập từ chuyển nhượng vốn như sau:

- Thuế thu nhập cá nhân đối với thu nhập từ chuyển nhượng vốn của cá nhân cư trú được xác định bằng thu nhập tính thuế nhân (x) với thuế suất 20% theo từng lần chuyển nhượng. Trong đó, thu nhập tính thuế từ chuyển nhượng vốn được xác định bằng giá chuyển nhượng trừ (-) đi giá mua và các khoản chi phí hợp lý liên quan đến việc tạo ra thu nhập từ chuyển nhượng vốn.

Trường hợp không xác định giá mua và các chi phí liên quan đến việc chuyển nhượng vốn thì thuế thu nhập cá nhân được xác định bằng giá chuyển nhượng nhân (x) với thuế suất 2%.

- Thuế thu nhập cá nhân đối với thu nhập từ chuyển nhượng chứng khoán được xác định bằng giá chuyển nhượng nhân (x) với thuế suất 0,1% theo từng lần chuyển nhượng.

- Thời điểm xác định thu nhập tính thuế là thời điểm giao dịch hoàn thành theo quy định của pháp luật.

- Chính phủ quy định chi tiết Điều này.

Điều 1. Công bố kèm theo Quyết định này Danh mục 949 thủ tục hành chính thuộc phạm vi chức năng quản lý của Bộ Tài chính, cụ thể:

1. Lĩnh vực hải quan: 225 thủ tục hành chính.

2. Lĩnh vực thuế: 219 thủ tục hành chính.

3. Lĩnh vực chứng khoán: 104 thủ tục hành chính.

4. Lĩnh vực phát triển doanh nghiệp tư nhân và kinh tế tập thể: 95 thủ tục hành chính.

5. Lĩnh vực đầu tư tại Việt Nam: 58 thủ tục hành chính.

6. Lĩnh vực kinh doanh bảo hiểm: 38 thủ tục hành chính.

7. Lĩnh vực quản lý nợ và kinh tế đối ngoại: 30 thủ tục hành chính.

8. Lĩnh vực kế toán, kiểm toán: 28 thủ tục hành chính.

9. Lĩnh vực phát triển doanh nghiệp nhà nước: 27 thủ tục hành chính.

10. Lĩnh vực bảo hiểm xã hội: 25 thủ tục hành chính.

11. Lĩnh vực quản lý đấu thầu: 16 thủ tục hành chính.

[...]","thue-phi-le-phi","","","","2026-05-20T00:00:00","https://thuvienphapluat.vn/hoi-dap-phap-luat/ma-thu-tuc-hanh-chinh-nop-to-khai-thue-tncn-tu-dau-tu-von-2026-nhu-the-nao-138089523.html","2026-05-21T20:50:06.191007+00:00"
"138091249","Từ 24/4/2026 Thuế suất thuế tiêu thụ đặc biệt xe có gắn động cơ dưới 24 chỗ chạy điện bao nhiêu?","Từ 24/4/2026 Thuế suất thuế tiêu thụ đặc biệt xe có gắn động cơ dưới 24 chỗ chạy điện bao nhiêu?

Thời điểm xác định thuế tiêu thụ đặc biệt là khi nào?

Hoàn thuế, khấu trừ thuế tiêu thụ đặc biệt được quy định thế nào?

Căn cứ theo Điều 4 Luật Sửa đổi Luật Thuế thu nhập cá nhân, Luật Thuế giá trị gia tăng, Luật Thuế thu nhập doanh nghiệp và Luật Thuế tiêu thụ đặc biệt 2026 quy định thuế suất thuế tiêu thụ đặc biệt xe có gắn động cơ dưới 24 chỗ chạy điện từ ngày 24/4/2026 như sau:

STT

Hàng hóa, dịch vụ

Thuế suất (%)

4

g) Xe có gắn động cơ dưới 24 chỗ chạy điện

* Xe có gắn động cơ dưới 24 chỗ chạy bằng pin

- Xe ô tô chở người và xe chở người bốn bánh có gắn động cơ từ 9 chỗ trở xuống, xe ô tô pick-up chở người

- Từ 01/01/2026: 3

- Từ 01/01/2031: 11

- Xe ô tô chở người và xe chở người bốn bánh có gắn động cơ từ 10 đến dưới 16 chỗ

- Từ 01/01/2026: 2

- Từ 01/01/2031: 7

- Xe ô tô chở người và xe chở người bốn bánh có gắn động cơ từ 16 đến dưới 24 chỗ

- Từ 01/01/2026: 1

- Từ 01/01/2031: 4

- Xe ô tô pick-up chở hàng cabin kép, xe ô tô tải VAN có từ hai hàng ghế trở lên, có thiết kế vách ngăn cố định giữa khoang chở người và khoang chở hàng

- Từ 01/01/2026: 2

- Từ 01/01/2031: 7

>>> Xem thêm: Thuế tiêu thụ đặc biệt xăng giảm còn 0% từ 27/3/2026 đến ngày mấy?

>>> Xem thêm: CẬP NHẬT Biểu thuế tiêu thụ đặc biệt 2026 mới nhất chi tiết ra sao?

Từ 24/4/2026 Thuế suất thuế tiêu thụ đặc biệt xe có gắn động cơ dưới 24 chỗ chạy điện bao nhiêu? (Hình từ Internet)

Căn cứ tại Điều 7 Luật Thuế tiêu thụ đặc biệt 2025 quy định thời điểm xác định thuế tiêu thụ đặc biệt như sau:

- Thời điểm xác định thuế tiêu thụ đặc biệt đối với hàng hóa là thời điểm chuyển giao quyền sở hữu hoặc quyền sử dụng hàng hóa cho người mua, không phân biệt đã thu được tiền hay chưa thu được tiền.

- Thời điểm xác định thuế tiêu thụ đặc biệt đối với dịch vụ là thời điểm hoàn thành việc cung ứng dịch vụ hoặc thời điểm lập hóa đơn cung ứng dịch vụ, không phân biệt đã thu được tiền hay chưa thu được tiền.

- Thời điểm xác định thuế tiêu thụ đặc biệt đối với hàng hóa nhập khẩu là thời điểm đăng ký tờ khai hải quan.

Theo Điều 9 Luật Thuế tiêu thụ đặc biệt 2025 quy định hoàn thuế, khấu trừ thuế tiêu thụ đặc biệt như sau:

[1] Người nộp thuế tiêu thụ đặc biệt được hoàn thuế đã nộp trong các trường hợp sau đây:

- Hàng hóa là nguyên liệu nhập khẩu để sản xuất, gia công hàng xuất khẩu ra nước ngoài.

Việc hoàn thuế tiêu thụ đặc biệt theo quy định tại điểm này chỉ thực hiện đối với số lượng hàng hóa thực tế xuất khẩu ra nước ngoài;

- Quyết toán thuế khi giải thể, phá sản có số thuế tiêu thụ đặc biệt chưa được khấu trừ hết.

Trường hợp tổ hợp tác chuyển đổi thành hợp tác xã thì hợp tác xã được kế thừa số thuế tiêu thụ đặc biệt nộp thừa hoặc chưa được khấu trừ hết của tổ hợp tác để khấu trừ, hoàn thuế theo quy định;

- Hoàn thuế tiêu thụ đặc biệt theo điều ước quốc tế mà nước Cộng hòa xã hội chủ nghĩa Việt Nam là thành viên.

[2] Người nộp thuế sản xuất hàng hóa thuộc đối tượng chịu thuế tiêu thụ đặc biệt bằng nguyên liệu đã nộp thuế tiêu thụ đặc biệt, nếu có chứng từ hợp pháp, thì được khấu trừ số thuế đã nộp đối với nguyên liệu khi xác định số thuế tiêu thụ đặc biệt phải nộp ở khâu sản xuất.

Đối với người nộp thuế được phép sản xuất, pha chế xăng sinh học, số thuế tiêu thụ đặc biệt chưa được khấu trừ hết của xăng khoáng nguyên liệu dùng để sản xuất, pha chế xăng sinh học (bao gồm cả số thuế chưa được khấu trừ hết của kỳ khai thuế trước đó liền kề) được bù trừ với số thuế tiêu thụ đặc biệt phải nộp của hàng hóa, dịch vụ khác phát sinh trong kỳ. Trường hợp sau khi bù trừ, còn số thuế tiêu thụ đặc biệt chưa được khấu trừ hết của xăng khoáng nguyên liệu dùng để sản xuất, pha chế xăng sinh học thì được khấu trừ vào kỳ tiếp theo hoặc được hoàn trả.

Nguồn hoàn trả thuế tiêu thụ đặc biệt được lấy từ số thu về thuế tiêu thụ đặc biệt của ngân sách trung ương.

[3] Người nộp thuế nhập khẩu hàng hóa chịu thuế tiêu thụ đặc biệt được khấu trừ số thuế tiêu thụ đặc biệt đã nộp ở khâu nhập khẩu khi xác định số thuế tiêu thụ đặc biệt phải nộp ở khâu bán ra.","thue-phi-le-phi","","","","2026-05-20T00:00:00","https://thuvienphapluat.vn/hoi-dap-phap-luat/tu-2442026-thue-suat-thue-tieu-thu-dac-biet-xe-co-gan-dong-co-duoi-24-cho-chay-dien-bao-nhieu-138091249.html","2026-05-21T20:50:15.660281+00:00"
"138091405","Đã nộp tờ khai thuế TNCN và tiền thuế tháng 4/2026 thì xử lý như nào khi bỏ kê khai thuế TNCN tháng sang quý?","Đã nộp tờ khai thuế TNCN và tiền thuế tháng 4/2026 thì xử lý như nào khi bỏ kê khai thuế TNCN tháng sang quý?

Việc gia hạn nộp thuế được xem xét trên cơ sở đề nghị của người nộp thuế thuộc một trong các trường hợp nào?

Cơ quan quản lý thuế tiếp nhận hồ sơ gia hạn nộp thuế của người nộp thuế qua các hình thức nào?

Hiện nay tờ khai thuế TNCN sẽ được kê khai theo quý theo quy định tại Nghị quyết 66.16/2026/NQ-CP, Quyết định 1109/QĐ-BTC năm 2026,.

Đối với trường hợp đã nộp tờ khai thuế TNCN và tiền thuế tháng 4/2026 thì xử lý như sau:

Cách xử lý: Người nộp thuế sẽ nộp thay thế lại bằng tờ khai quý 2/2026.

Hạn nộp tờ khai thay thế: Chậm nhất là ngày 31/7/2026.

Nguyên tắc xử lý tiền thuế đã nộp:

+ Bù trừ tự động hoặc theo đề nghị: Số tiền thuế TNCN đã nộp thừa của tháng 4/2026 sẽ được bù trừ vào số tiền thuế, tiền chậm nộp, tiền phạt còn nợ (nếu có).

+ Trừ vào lần nộp tiếp theo: Nếu không còn nợ thuế, số tiền này sẽ được trừ vào số tiền thuế phải nộp của lần nộp thuế tiếp theo (Kỳ nộp thuế Quý 2/2026).

+ Hoàn trả: Trường hợp người nộp thuế không còn nợ tiền thuế, tiền chậm nộp, tiền phạt thì được hoàn trả số tiền thuế nộp thừa này khi có hồ sơ đề nghị hoàn thuế theo quy định.

(Theo khoản 1 Điều 60 Luật Quản lý thuế 2019)

Lưu ý thêm: Người nộp thuế không phải kê khai tờ khai tháng 5 và tháng 6/2026 nữa (do chuyển sang áp dụng kê khai theo quý từ quý 2/2026 theo Nghị quyết 66.16/NQ-CP).

*Thông tin Đã nộp tờ khai thuế TNCN và tiền thuế tháng 4 2026 thì xử lý như nào khi bỏ kê khai thuế TNCN tháng sang quý?

Đã nộp tờ khai thuế TNCN và tiền thuế tháng 4 2026 thì xử lý như nào khi bỏ kê khai thuế TNCN tháng sang quý? (Hình từ Internet)

Căn cứ tại khoản 1 Điều 62 Luật Quản lý thuế 2019 quy định về gia hạn nộp thuế như sau:

Như vậy, việc gia hạn nộp thuế được xem xét trên cơ sở đề nghị của người nộp thuế thuộc một trong các trường hợp sau đây:

- Bị thiệt hại vật chất, gây ảnh hưởng trực tiếp đến sản xuất, kinh doanh do gặp trường hợp bất khả kháng quy định tại khoản 27 Điều 3 Luật Quản lý thuế 2019;

- Phải ngừng hoạt động do di dời cơ sở sản xuất, kinh doanh theo yêu cầu của cơ quan có thẩm quyền làm ảnh hưởng đến kết quả sản xuất, kinh doanh.

Căn cứ tại khoản 1 Điều 65 Luật Quản lý thuế 2019 quy định tiếp nhận và xử lý hồ sơ gia hạn nộp thuế như sau:

Như vậy, cơ quan quản lý thuế tiếp nhận hồ sơ gia hạn nộp thuế của người nộp thuế qua các hình thức sau đây:

- Nhận hồ sơ trực tiếp tại cơ quan quản lý thuế;

- Nhận hồ sơ gửi qua đường bưu chính;

- Nhận hồ sơ điện tử qua cổng giao dịch điện tử của cơ quan quản lý thuế.

*Bài viết Đã nộp tờ khai thuế TNCN và tiền thuế tháng 4 2026 thì xử lý như nào khi bỏ kê khai thuế TNCN tháng sang quý?

Điều 62. Gia hạn nộp thuế

1. Việc gia hạn nộp thuế được xem xét trên cơ sở đề nghị của người nộp thuế thuộc một trong các trường hợp sau đây:

a) Bị thiệt hại vật chất, gây ảnh hưởng trực tiếp đến sản xuất, kinh doanh do gặp trường hợp bất khả kháng quy định tại khoản 27 Điều 3 của Luật này;

b) Phải ngừng hoạt động do di dời cơ sở sản xuất, kinh doanh theo yêu cầu của cơ quan có thẩm quyền làm ảnh hưởng đến kết quả sản xuất, kinh doanh.

2. Người nộp thuế thuộc trường hợp được gia hạn nộp thuế quy định tại khoản 1 Điều này được gia hạn nộp thuế một phần hoặc toàn bộ tiền thuế phải nộp.

3. Thời gian gia hạn nộp thuế được quy định như sau:

a) Không quá 02 năm kể từ ngày hết thời hạn nộp thuế đối với trường hợp quy định tại điểm a khoản 1 Điều này;

[...]

Điều 65. Tiếp nhận và xử lý hồ sơ gia hạn nộp thuế

1. Cơ quan quản lý thuế tiếp nhận hồ sơ gia hạn nộp thuế của người nộp thuế qua các hình thức sau đây:

a) Nhận hồ sơ trực tiếp tại cơ quan quản lý thuế;

b) Nhận hồ sơ gửi qua đường bưu chính;

c) Nhận hồ sơ điện tử qua cổng giao dịch điện tử của cơ quan quản lý thuế.

2. Cơ quan quản lý thuế xử lý hồ sơ gia hạn nộp thuế theo quy định sau đây:

[...]","thue-phi-le-phi","","","","2026-05-20T00:00:00","https://thuvienphapluat.vn/hoi-dap-phap-luat/da-nop-to-khai-thue-tncn-va-tien-thue-thang-42026-thi-xu-ly-nhu-nao-khi-bo-ke-khai-thue-tncn-thang--138091405.html","2026-05-21T20:50:24.916072+00:00"
"138091344","Tờ khai 05/KK-TNCN tháng 4, 5, 6/2026 chính thức bỏ khai theo tháng chuyển sang kê khai quý 2/2026 ra sao?","Tờ khai 05 KK TNCN tháng 4 5 6 2026 chính thức bỏ khai theo tháng chuyển sang kê khai quý 2 2026 ra sao?

Hành vi nào bị nghiêm cấm trong quản lý thuế từ 01/07/2026?

Từ 1/7/2026, cơ quan quản lý thuế cung cấp thông tin người nộp thuế trong trường hợp nào?

>>> Hướng dẫn thủ tục khai thuế TNCN theo quý của tổ chức, cá nhân trả thu nhập khấu trừ thuế đối với tiền lương, tiền công từ 8/5/2026 thế nào?

Ngày 08/05/2026 Bộ Tài chính đã ban hành Quyết định 1109/QĐ-BTC năm 2026 công bố thủ tục hành chính được sửa đổi, bổ sung, bãi bỏ trong lĩnh vực quản lý thuế, hải quan

Theo đó đã sửa đổi bổ sung Thủ tục hành chính 2.002235 Khai thuế thu nhập cá nhân tháng/quý của tổ chức, cá nhân trả thu nhập khấu trừ thuế đối với tiền lương, tiền công

Theo thủ tục trên thì không còn kê khai theo tháng, theo đó CHÍNH THỨC bỏ tờ khai thuế TNCN tháng và thay bằng tờ khai quý từ ngày 8/5/2026.

Bên cạnh đó, từ kỳ kê khai tháng 04/2026, TTHC 2.002235 “Kê khai quý (bỏ kê khai tháng)” đã được áp dụng theo Nghị quyết 66 và Nghị quyết 66.16/NQ-CP về cắt giảm, đơn giản hoá thủ tục hành chính.

Như vậy, sẽ không còn kê khai tháng đối với mẫu 05/KK như trước. Các trường hợp trước đây kê khai theo tháng sẽ chuyển sang kê khai theo QUÝ. Cụ thể:

- Kỳ tháng 4, 5, 6/2026 sẽ chuyển sang kê khai tờ khai QUÝ II/2026.

- Nếu NNT đã nộp tờ khai tháng 4, 5, 6/2026 thì thực hiện nộp thay thế bằng tờ khai QUÝ II/2026.

- Hạn nộp tờ khai quý II/2026: 31/07/2026.

* Trên đây là Thông tin Tờ khai 05 KK TNCN tháng 4 5 6 2026 chính thức bỏ khai theo tháng chuyển sang kê khai quý 2 2026 ra sao?

Tờ khai 05 KK TNCN tháng 4, 5, 6/2026 chính thức bỏ khai theo tháng chuyển sang kê khai quý 2/2026 ra sao? (Hình từ Internet)

Căn cứ theo Điều 8 Luật Quản lý thuế 2025 quy định các hành vi bị nghiêm cấm trong quản lý thuế bao gồm:

- Thông đồng, móc nối, bao che giữa người nộp thuế và công chức quản lý thuế, cơ quan quản lý thuế để chuyển giá, trốn thuế, khoản thu khác, gian lận, trục lợi tiền thuế, tiền ngân sách nhà nước.

Lợi dụng chức vụ, quyền hạn để tiết lộ hoặc làm rò rỉ thông tin người nộp thuế trái quy định. Làm sai lệch kết quả kiểm tra, xử lý vi phạm pháp luật về thuế. Gây phiền hà, sách nhiễu đối với người nộp thuế. Lợi dụng để chiếm đoạt hoặc sử dụng trái phép tiền thuế, khoản thu khác.

- Cố tình không kê khai hoặc kê khai thuế, khoản thu khác không đầy đủ, kịp thời, chính xác về số tiền thuế, khoản thu khác phải nộp, số tiền thuế, khoản thu khác được miễn, giảm, hoàn, không thu.

Cản trở công chức quản lý thuế thi hành công vụ. Chống đối, trì hoãn, không cung cấp thông tin, tài liệu phục vụ kiểm tra, giám sát thuế, khoản thu khác.

- Sử dụng mã số thuế của người nộp thuế khác để thực hiện hành vi vi phạm pháp luật hoặc cho người khác sử dụng mã số thuế của mình không đúng quy định của pháp luật.

- Bán hàng hóa, cung cấp dịch vụ không lập hóa đơn theo quy định của pháp luật; sử dụng hóa đơn, chứng từ không hợp pháp, sử dụng không hợp pháp hóa đơn, chứng từ, làm giả hóa đơn, chứng từ để thực hiện hành vi trái pháp luật.

Tạo lập hóa đơn, chứng từ điện tử trái phép hoặc phục vụ hành vi vi phạm trong lĩnh vực quản lý thuế.

- Làm sai lệch, sử dụng sai mục đích, truy cập trái phép, phá hủy hệ thống thông tin người nộp thuế. Cung cấp, phát tán thông tin sai lệch gây ảnh hưởng đến uy tín, hoạt động của cơ quan quản lý thuế, người nộp thuế, Hệ thống thông tin quản lý thuế.

Căn cứ khoản 2 Điều 7 Luật Quản lý thuế 2025 quy định về bảo mật, công khai thông tin người nộp thuế như sau:

Như vậy, từ 1/7/2026, cơ quan quản lý thuế cung cấp thông tin người nộp thuế trong các trường hợp sau:

- Cung cấp cho cơ quan điều tra, Viện kiểm sát, Tòa án, cơ quan thanh tra, Kiểm toán nhà nước, cơ quan quản lý khác của nhà nước khi có yêu cầu bằng văn bản để phục vụ hoạt động tố tụng, thanh tra, kiểm tra, kiểm toán theo quy định của pháp luật;

- Cung cấp cho cơ quan nhà nước có thẩm quyền khác khi có yêu cầu bằng văn bản theo quy định của luật;

- Cung cấp cho cơ quan quản lý thuế nước ngoài phù hợp với điều ước quốc tế về thuế, thỏa thuận quốc tế về thuế mà nước Cộng hòa xã hội chủ nghĩa Việt Nam là thành viên hoặc là bên ký kết.

* Trên đây là Thông tin Tờ khai 05 KK TNCN tháng 4 5 6 2026 chính thức bỏ khai theo tháng chuyển sang kê khai quý 2 2026 ra sao?

6. Khai thuế thu nhập cá nhân quý của tổ chức, cá nhân trả thu nhập khấu trừ thuế đối với tiền lương, tiền công (Mã số TTHC 2.002235)

- Trình tự thực hiện:

+Bước 1.

++ Tổ chức, cá nhân trả thu nhập có phát sinh khấu trừ thuế chuẩn bị hồ sơ khai thuế, gửi đến cơ quan Thuế. Thời hạn nộp hồ sơ khai thuế quý chậm nhất là ngày cuối cùng của tháng đầu tiên của quý tiếp theo quý phát sinh nghĩa vụ thuế. Nếu ngày cuối cùng trùng ngày nghỉ lễ, hạn cuối cùng được chuyển sang ngày làm việc tiếp theo.

(Thủ tục đăng ký chứng từ khấu trừ thuế TNCN được thực hiện riêng theo quy định tại Nghị định 70/2025/NĐ-CP của Chính phủ).

[...]

Điều 7. Bảo mật, công khai thông tin người nộp thuế

1. Cơ quan quản lý thuế, công chức quản lý thuế, người đã từng là công chức quản lý thuế, cơ quan cung cấp, trao đổi thông tin người nộp thuế, tổ chức kinh doanh dịch vụ làm thủ tục về thuế (sau đây gọi là đại lý thuế), tổ chức kinh doanh dịch vụ làm thủ tục hải quan (sau đây gọi là đại lý làm thủ tục hải quan) phải bảo mật thông tin người nộp thuế, trừ trường hợp cơ quan quản lý thuế cung cấp, công khai thông tin người nộp thuế quy định tại khoản 2 và khoản 3 Điều này.

2. Cơ quan quản lý thuế cung cấp thông tin người nộp thuế trong các trường hợp sau:

a) Cung cấp cho cơ quan điều tra, Viện kiểm sát, Tòa án, cơ quan thanh tra, Kiểm toán nhà nước, cơ quan quản lý khác của nhà nước khi có yêu cầu bằng văn bản để phục vụ hoạt động tố tụng, thanh tra, kiểm tra, kiểm toán theo quy định của pháp luật;

b) Cung cấp cho cơ quan nhà nước có thẩm quyền khác khi có yêu cầu bằng văn bản theo quy định của luật;

c) Cung cấp cho cơ quan quản lý thuế nước ngoài phù hợp với điều ước quốc tế về thuế, thỏa thuận quốc tế về thuế mà nước Cộng hòa xã hội chủ nghĩa Việt Nam là thành viên hoặc là bên ký kết.

3. Cơ quan quản lý thuế được công khai thông tin người nộp thuế trong các trường hợp sau:

a) Trốn thuế, khoản thu khác; chây ỳ không nộp tiền thuế, khoản thu khác, tiền chậm nộp, tiền phạt đúng thời hạn; nợ tiền thuế, khoản thu khác, tiền chậm nộp, tiền phạt;

b) Vi phạm pháp luật về thuế làm ảnh hưởng đến quyền lợi và nghĩa vụ nộp thuế của tổ chức, cá nhân khác;

c) Không thực hiện yêu cầu của cơ quan quản lý thuế theo quy định của pháp luật.

[...]","thue-phi-le-phi","","","","2026-05-20T00:00:00","https://thuvienphapluat.vn/hoi-dap-phap-luat/to-khai-05kktncn-thang-4-5-62026-chinh-thuc-bo-khai-theo-thang-chuyen-sang-ke-khai-quy-22026-ra-sao-138091344.html","2026-05-21T20:50:35.539387+00:00"
"138091403","Bỏ tờ khai thuế TNCN tháng 6/2026 thay bằng tờ khai quý 2/2026 đúng hay không?","Bỏ tờ khai thuế TNCN tháng 6 2026 thay bằng tờ khai quý 2 2026 đúng không?

Quản lý thuế đối với thuế thu nhập cá nhân ra sao?

Người nộp thuế gặp khó khăn có được giảm thuế TNCN không?

Căn cứ theo nội dung sửa đổi tại Quyết định 1109/QĐ-BTC năm 2026, việc kê khai thuế TNCN theo tháng đối với Tờ khai mẫu 05/KK-TNCN đã được chuyển sang thực hiện theo quý.

Theo đó, việc kê khai thuế TNCN trong tháng 6/2026 sẽ thực hiện kê khai gộp vào quý 2/2026 và nộp hồ sơ khai thuế chậm nhất vào ngày cuối cùng của tháng đầu tiên của quý tiếp theo theo quy định.

Việc kê khai thuế TNCN theo quý mã TTHC 2.002235 vẫn áp dụng theo mẫu số 05/KK-TNCN.

Cụ thể, Căn cứ theo Quyết định 1109/QĐ-BTC năm 2026 của Bộ Tài chính về việc công bố thủ tục hành chính được sửa đổi, bổ sung, bãi bỏ trong lĩnh vực quản lý thuế, hải quan thuộc phạm vi chức năng quản lý của Bộ Tài chính.

Theo đó, Thủ tục khai thuế TNCN theo quý của tổ chức, cá nhân trả thu nhập khấu trừ thuế đối với tiền lương, tiền công (Mã số TTHC 2.002235) được quy định tại Quyết định 1109/QĐ-BTC năm 2026.

Đồng thời, căn cứ tại mục 6 Phần 2 Phụ lục ban hành kèm theo Quyết định 1109/QĐ-BTC năm 2026 quy định về thủ tục khai thuế TNCN theo quý của tổ chức, cá nhân trả thu nhập khấu trừ thuế đối với tiền lương, tiền công (Mã số TTHC 2.002235).

>>> Thủ tục khai thuế TNCN quý 2/2026 được thực hiện cụ thể như sau:

[1] Trình tự thực hiện:

Bước 1.

Tổ chức, cá nhân trả thu nhập có phát sinh khấu trừ thuế chuẩn bị hồ sơ khai thuế, gửi đến cơ quan Thuế. Thời hạn nộp hồ sơ khai thuế quý chậm nhất là ngày cuối cùng của tháng đầu tiên của quý tiếp theo quý phát sinh nghĩa vụ thuế. Nếu ngày cuối cùng trùng ngày nghỉ/lễ, hạn cuối cùng được chuyển sang ngày làm việc tiếp theo.

(Thủ tục đăng ký chứng từ khấu trừ thuế TNCN được thực hiện riêng theo quy định tại Nghị định 70/2025/NĐ-CP của Chính phủ).

Bước 2. Cơ quan thuế tiếp nhận:

- Trường hợp hồ sơ được nộp trực tiếp tại cơ quan thuế hoặc hồ sơ được gửi qua đường bưu chính: cơ quan thuế thực hiện tiếp nhận, giải quyết hồ sơ theo quy định.

- Trường hợp hồ sơ được nộp thông qua giao dịch điện tử, việc tiếp nhận, kiểm tra, chấp nhận, giải quyết hồ sơ (và trả kết quả nếu có kết quả) thông qua hệ thống xử lý dữ liệu điện tử của cơ quan thuế

[2] Cách thức thực hiện:

- Trực tiếp: Tại TTPVHCC cấp tỉnh, xã

- Thông qua dịch vụ bưu chính công ích theo quy định của Thủ tướng Chính phủ, qua thuê dịch vụ của doanh nghiệp, cá nhân hoặc qua ủy quyền theo quy định của pháp luật;

- Trực tuyến: Qua Cổng dịch vụ công quốc gia

[3] Thành phần hồ sơ gồm:

- Tờ khai thuế TNCN (áp dụng đối với tổ chức, cá nhân trả các khoản thu nhập từ tiền lương, tiền công) mẫu số 05/KK-TNCN theo Phụ lục 1 -Danh mục hồ sơ khai thuế ban hành kèm theo Nghị định 126/2020/NĐ-CP ngày 19/10/2020 của Chính phủ và Phụ lục II - Mẫu biểu hồ sơ khai thuế ban hành kèm theo Thông tư 80/2021/TT-BTC ngày 29/9/2021/TT-BTC của Bộ trường Bộ Tài chính.

- Phụ lục bảng xác định số thuế thu nhập cá nhân phải nộp cho các địa phương được hưởng nguồn thu mẫu số 05-1/PBT-KK-TNCN theo Phụ lục I -Danh mục hồ sơ khai thuế ban hành kèm theo Nghị định 126/2020/NĐ-CP ngày 19/10/2020 của Chính phủ và Phụ lục II - Mẫu biểu hồ sơ khai thuế ban hành kèm theo Thông tư 80/2021/TT-BTC ngày 29/9/2021/TT-BTC của Bộ trường Bộ Tài chính.

+ Số lượng hồ sơ: 01 (bộ).

* Trên đây là Thông tin về Bỏ tờ khai thuế TNCN tháng 6 2026 thay bằng tờ khai quý 2 2026 đúng không?

Bỏ tờ khai thuế TNCN tháng 6 2026 thay bằng tờ khai quý 2 2026 đúng không? (Hình từ Internet)

Căn cứ theo Điều 6 Luật Thuế thu nhập cá nhân 2025 quy định về quản lý thuế đối với thuế thu nhập cá nhân

Căn cứ quy định của Luật này, Chính phủ quy định về kỳ tính thuế theo năm đối với thu nhập từ kinh doanh, thu nhập từ tiền lương, tiền công của cá nhân cư trú, kỳ tính thuế theo từng lần phát sinh đối với các khoản thu nhập khác của cá nhân cư trú và cá nhân không cư trú; thời điểm xác định thu nhập tính thuế; quyết toán thuế; hoàn thuế đối với trường hợp cá nhân có số thuế đã nộp lớn hơn số thuế phải nộp hoặc chưa đến mức phải nộp; trách nhiệm khấu trừ, khai thay, nộp thay cho người nộp thuế phù hợp với quy định của Luật Quản lý thuế 2025.

Tại Điều 5 Luật Thuế thu nhập cá nhân 2025 quy định như sau:

Như vậy, người nộp thuế gặp khó khăn do thiên tai, dịch bệnh, hoả hoạn, tai nạn, bệnh hiểm nghèo ảnh hưởng đến khả năng nộp thuế thì được giảm thuế tương ứng với mức độ thiệt hại nhưng không vượt quá số thuế phải nộp.

Trên đây là Thông tin về Bỏ tờ khai thuế TNCN tháng 6 2026 thay bằng tờ khai quý 2 2026 đúng không?

Điều 5. Các trường hợp miễn thuế, giảm thuế khác

1. Người nộp thuế gặp khó khăn do thiên tai, dịch bệnh, hoả hoạn, tai nạn, bệnh hiểm nghèo ảnh hưởng đến khả năng nộp thuế thì được giảm thuế tương ứng với mức độ thiệt hại nhưng không vượt quá số thuế phải nộp.

2. Miễn thuế thu nhập cá nhân trong thời hạn 05 năm đối với thu nhập từ tiền lương, tiền công của cá nhân là nhân lực công nghiệp công nghệ số chất lượng cao thuộc các trường hợp sau:

a) Thu nhập từ dự án hoạt động công nghiệp công nghệ số trong khu công nghệ số tập trung;

b) Thu nhập từ dự án nghiên cứu và phát triển, sản xuất sản phẩm công nghệ số trọng điểm, chip bán dẫn, hệ thống trí tuệ nhân tạo;

c) Thu nhập từ các hoạt động đào tạo nhân lực công nghiệp công nghệ số.

3. Miễn thuế thu nhập cá nhân trong thời hạn 05 năm đối với thu nhập từ tiền lương, tiền công của cá nhân là nhân lực công nghệ cao thực hiện hoạt động nghiên cứu và phát triển công nghệ cao hoặc công nghệ chiến lược thuộc Danh mục công nghệ cao được ưu tiên đầu tư phát triển hoặc Danh mục công nghệ chiến lược và sản phẩm công nghệ chiến lược theo quy định của pháp luật về công nghệ cao.

4. Miễn thuế thu nhập cá nhân đối với chuyển nhượng chứng chỉ quỹ mở thành lập theo quy định của pháp luật về chứng khoán được nắm giữ từ 02 năm trở lên kể từ ngày mua.

5. Giảm 50% thuế thu nhập cá nhân đối với lợi tức của nhà đầu tư cá nhân được chia từ quỹ đầu tư chứng khoán, quỹ đầu tư bất động sản thành lập theo quy định của Luật Chứng khoán trong thời hạn do Chính phủ quy định.

6. Chính phủ quy định chi tiết Điều này.","thue-phi-le-phi","","","","2026-05-20T00:00:00","https://thuvienphapluat.vn/hoi-dap-phap-luat/bo-to-khai-thue-tncn-thang-62026-thay-bang-to-khai-quy-22026-dung-hay-khong-138091403.html","2026-05-21T20:50:46.277509+00:00"
"138051550","Lịch nghỉ lễ 2026 - Tổng hợp các ngày lễ 2026 ở Việt Nam chi tiết ra sao?","Lịch nghỉ lễ 2026 - Tổng hợp các ngày lễ 2026 ở Việt Nam chi tiết ra sao?

Tổ chức làm việc theo ca phải bố trí ít nhất mấy người?

Người lao động làm việc chưa đủ 12 tháng thì số ngày nghỉ hằng năm được xác định như thế nào?

Mới nhất:

>>> Tổng hợp các ngày nghỉ làm hưởng nguyên lương trong năm 2026

>>> Lịch nghỉ lễ Ngày Văn hoá Việt Nam 2026 chi tiết ra sao rơi vào thứ mấy?

Xem mới:

>>> Tết âm lịch 2026 đếm ngược? Giao thừa 2026 đếm ngược? Năm bính ngọ 2026 có bao nhiêu ngày?

Xem mới:

>>> Tháng 1 2026 có ngày lễ sự kiện gì? Tổng hợp các ngày lễ, sự kiện tháng 1/2026 trong nước và quốc tế ra sao?

>>> Chính thức: Lịch nghỉ Tết dương lịch 2026 của cán bộ, công chức, viên chức, người lao động và học sinh

>>> Lịch nghỉ Tết Dương lịch 2026 chính thức 4 ngày

>>> Công văn 12729/VPCP-KGVX Chính thức nghỉ Tết Dương lịch 2026 4 ngày đối với công chức, viên chức

>>> Lịch nghỉ Tết Dương lịch chính thức 2026 nếu được thông qua

>>> Tết dương lịch 2026 được nghỉ 1 ngày hay 4 ngày?

>>> Tại sao Tết Dương lịch 2026 được nghỉ 4 ngày liên tục?

>>> Bộ Nội vụ đề xuất hoán đổi ngày làm việc để Tết Dương lịch 2026 được nghỉ 4 ngày

Lịch nghỉ lễ 2026 - Tổng hợp các ngày lễ 2026 ở Việt Nam chi tiết dưới đây:

Các ngày nghỉ lễ được hưởng nguyên lương trong năm 2026

Căn cứ Điều 112 Bộ luật Lao động 2019 quy định về nghỉ lễ, tết, năm 2026 người lao động được nghỉ các ngày lễ, tết sau đây:

(1) Tết Dương lịch: 01 ngày (ngày 01 tháng 01 dương lịch);

(2) Tết Âm lịch: 05 ngày;

(3) Ngày Chiến thắng: 01 ngày (ngày 30 tháng 4 dương lịch);

(4) Ngày Quốc tế lao động: 01 ngày (ngày 01 tháng 5 dương lịch);

(5) Quốc khánh: 02 ngày (ngày 02 tháng 9 dương lịch và 01 ngày liền kề trước hoặc sau);

(6) Ngày Giỗ Tổ Hùng Vương: 01 ngày (ngày 10 tháng 3 âm lịch).

Lưu ý: Hằng năm, căn cứ vào điều kiện thực tế, Thủ tướng Chính phủ quyết định cụ thể ngày nghỉ Tết Âm lịch và Quốc khánh.

Các ngày lễ, sự kiện khác trong năm tại Việt Nam và quốc tế

Danh sách các ngày lễ Dương lịch 2026

Thứ

Dương lịch

Âm lịch

Tên ngày lễ

Thứ Năm

1/1/2026

13/11/2025

Tết Dương lịch năm 2026

Thứ Ba

6/1/2026

18/11/2025

Tổng tuyển cử quốc hội khóa đầu tiên của nước Việt Nam năm 2026

Thứ Sáu

9/1/2026

21/11/2025

Ngày Học sinh - Sinh viên Việt Nam năm 2026

Chủ Nhật

11/1/2026

23/11/2025

Việt Nam chính thức gia nhập WTO năm 2026

Thứ Ba

27/1/2026

9/12/2025

Ký Hiệp định Pari chấm dứt chiến tranh ở Việt Nam năm 2026

Thứ Ba

3/2/2026

16/12/2025

Ngày thành lập Đảng Cộng sản Việt Nam năm 2026

Thứ Tư

4/2/2026

17/12/2025

Ngày thống nhất các tổ chức mặt trận thành mặt trận Tổ quốc Việt Nam năm 2026

Thứ Bảy

14/2/2026

27/12/2025

Ngày lễ tình nhân (Valentine) năm 2026

Thứ Sáu

20/2/2026

4/1/2026

Ngày Công bằng xã hội thế giới năm 2026

Thứ Bảy

21/2/2026

5/1/2026

Ngày Ngôn ngữ mẹ đẻ Quốc tế năm 2026

Thứ Sáu

27/2/2026

11/1/2026

Ngày thầy thuốc Việt Nam năm 2026

Chủ Nhật

8/3/2026

20/1/2026

Ngày Quốc tế Phụ nữ năm 2026

Thứ Năm

19/3/2026

1/2/2026

Ngày toàn quốc chống Mỹ năm 2026

Thứ Sáu

20/3/2026

2/2/2026

Ngày Quốc Tế hạnh phúc năm 2026

Thứ Bảy

21/3/2026

3/2/2026

Ngày Hội chứng Down thế giới và Ngày Quốc tế xóa bỏ phân biệt chủng tộc năm 2026

Chủ Nhật

22/3/2026

4/2/2026

Ngày Nước sạch Thế giới năm 2026

Thứ Hai

23/3/2026

5/2/2026

Ngày Khí tượng Thế giới năm 2026

Thứ Năm

26/3/2026

8/2/2026

Ngày thành lập Đoàn TNCS Hồ Chí Minh năm 2026

Thứ Sáu

27/3/2026

9/2/2026

Ngày Thể Thao Việt Nam năm 2026

Thứ Tư

1/4/2026

14/2/2026

Ngày Cá tháng Tư năm 2026

Thứ Bảy

4/4/2026

17/2/2026

Ngày Quốc tế Nhận thức bom mìn và Hỗ trợ bằng hành động chống bom mìn năm 2026

Chủ Nhật

5/4/2026

18/2/2026

Tết Thanh minh năm 2026

Thứ Ba

7/4/2026

20/2/2026

Ngày Y tế Thế giới năm 2026

Thứ Ba

14/4/2026

27/2/2026

Tết Dân tộc Khmer Nam Bộ năm 2026

Thứ Tư

22/4/2026

6/3/2026

Ngày Trái đất năm 2026

Thứ Năm

23/4/2026

7/3/2026

Ngày Sách và Bản quyền Thế giới năm 2026

Chủ Nhật

26/4/2026

10/3/2026

Ngày Sở hữu trí tuệ thế giới năm 2026

Thứ Năm

30/4/2026

14/3/2026

Ngày giải phóng miền Nam năm 2026

Thứ Sáu

1/5/2026

15/3/2026

Ngày Quốc tế Lao động năm 2026

Chủ Nhật

3/5/2026

17/3/2026

Ngày Tự do Báo chí thế giới năm 2026

Thứ Ba

5/5/2026

19/3/2026

Ngày sinh Các - Mác năm 2026

Thứ Năm

7/5/2026

21/3/2026

Ngày chiến thắng Điện Biên Phủ năm 2026

Thứ Sáu

15/5/2026

29/3/2026

Ngày thành lập Đội Thiếu niên Tiền phong Hồ Chí Minh năm 2026

Chủ Nhật

17/5/2026

1/4/2026

Ngày Xã hội Thông tin Thế giới năm 2026

Thứ Ba

19/5/2026

3/4/2026

Ngày sinh chủ tịch Hồ Chí Minh năm 2026

Thứ Năm

21/5/2026

5/4/2026

Ngày Thế giới về Đa dạng Văn hóa vì Đối thoại và Phát triển năm 2026

Thứ Sáu

22/5/2026

6/4/2026

Ngày quốc tế Đa dạng sinh học năm 2026

Thứ Sáu

29/5/2026

13/4/2026

Ngày Quốc tế Gìn giữ hòa bình Liên Hiệp Quốc năm 2026

Chủ Nhật

31/5/2026

15/4/2026

Ngày Thế giới không thuốc lá năm 2026

Thứ Hai

1/6/2026

16/4/2026

Ngày Quốc tế thiếu nhi năm 2026

Thứ Năm

4/6/2026

19/4/2026

Ngày Quốc tế của trẻ em vô tội và là nạn nhân bị xâm lược năm 2026

Thứ Sáu

5/6/2026

20/4/2026

Ngày Môi trường Thế giới năm 2026

Thứ Tư

17/6/2026

3/5/2026

Ngày Thế giới chống sa mạc hóa và hạn hán năm 2026

Thứ Bảy

20/6/2026

6/5/2026

Ngày Tị nạn Thế giới năm 2026

Chủ Nhật

21/6/2026

7/5/2026

Ngày báo chí Việt Nam năm 2026

Thứ Ba

23/6/2026

9/5/2026

Ngày Dịch vụ Công cộng Liên Hiệp Quốc năm 2026

Chủ Nhật

28/6/2026

14/5/2026

Ngày gia đình Việt Nam năm 2026

Thứ Năm

2/7/2026

18/5/2026

Quốc hội Khóa VI quyết nghị lấy tên nước là Cộng hòa Xã hội Chủ nghĩa Việt Nam năm 2026

Thứ Hai

6/7/2026

22/5/2026

Ngày Hôn thế giới năm 2026

Thứ Bảy

11/7/2026

27/5/2026

Ngày dân số thế giới năm 2026

Thứ Tư

15/7/2026

2/6/2026

Ngày truyền thống Thanh niên xung phong năm 2026

Thứ Hai

27/7/2026

14/6/2026

Ngày Thương binh liệt sĩ năm 2026

Thứ Ba

28/7/2026

15/6/2026

Ngày thành lập công đoàn Việt Nam năm 2026

Chủ Nhật

9/8/2026

27/6/2026

Ngày Quốc tế của người thổ dân thế giới năm 2026

Thứ Tư

12/8/2026

30/6/2026

Ngày Quốc tế Thanh Thiếu niên năm 2026

Thứ Tư

19/8/2026

7/7/2026

Ngày tổng khởi nghĩa năm 2026

Chủ Nhật

23/8/2026

11/7/2026

Ngày Quốc tế tưởng niệm việc buôn bán nô lệ và việc hủy bỏ nó năm 2026

Thứ Ba

25/8/2026

13/7/2026

Bảo Đại thoái vị năm 2026

Chủ Nhật

30/8/2026

18/7/2026

Ngày sinh tỷ phú Warren Edward Buffett năm 2026

Thứ Ba

1/9/2026

20/7/2026

Chiến tranh thế giới thứ hai bùng nổ năm 2026

Thứ Tư

2/9/2026

21/7/2026

Ngày Quốc Khánh năm 2026

Thứ Năm

10/9/2026

29/7/2026

Ngày thành lập Mặt trận Tổ quốc Việt Nam năm 2026

Thứ Bảy

12/9/2026

2/8/2026

Chiến dịch Xô Viết Nghệ Tĩnh năm 2026

Thứ Ba

15/9/2026

5/8/2026

Ngày Quốc tế Dân chủ năm 2026

Thứ Tư

16/9/2026

6/8/2026

Ngày Quốc tế Bảo vệ Tầng ôzôn năm 2026

Chủ Nhật

20/9/2026

10/8/2026

Việt Nam gia nhập Liên Hiệp Quốc năm 2026

Thứ Hai

21/9/2026

11/8/2026

Ngày Quốc tế Hòa bình năm 2026

Thứ Tư

23/9/2026

13/8/2026

Ngày Nam Bộ kháng chiến năm 2026

Chủ Nhật

27/9/2026

17/8/2026

Khởi nghĩa Bắc Sơn năm 2026

Thứ Năm

1/10/2026

21/8/2026

Ngày quốc tế người cao tuổi năm 2026

Thứ Sáu

2/10/2026

22/8/2026

Ngày Quốc tế bất bạo động năm 2026

Chủ Nhật

4/10/2026

24/8/2026

Ngày Động vật thế giới năm 2026

Thứ Hai

5/10/2026

25/8/2026

Ngày Nhà giáo thế giới năm 2026

Thứ Sáu

9/10/2026

29/8/2026

Ngày Bưu chính Thế giới năm 2026

Thứ Ba

13/10/2026

4/9/2026

Ngày doanh nhân Việt Nam năm 2026

Thứ Tư

14/10/2026

5/9/2026

Ngày thành lập Hội Nông dân Việt Nam năm 2026

Thứ Năm

15/10/2026

6/9/2026

Ngày truyền thống Hội liên hiệp Thanh niên Việt Nam năm 2026

Thứ Sáu

16/10/2026

7/9/2026

Ngày Lương thực thế giới năm 2026

Thứ Bảy

17/10/2026

8/9/2026

Ngày quốc tế xóa nghèo năm 2026

Thứ Ba

20/10/2026

11/9/2026

Ngày Phụ nữ Việt Nam năm 2026

Thứ Bảy

31/10/2026

22/9/2026

Ngày Hallowen năm 2026

Thứ Hai

9/11/2026

1/10/2026

Ngày pháp luật Việt Nam năm 2026

Thứ Sáu

20/11/2026

12/10/2026

Ngày Nhà giáo Việt Nam năm 2026

Thứ Hai

23/11/2026

15/10/2026

Ngày thành lập Hội chữ thập đỏ Việt Nam năm 2026

Thứ Bảy

28/11/2026

20/10/2026

Ngày Lâm nghiệp Việt Nam năm 2026

Thứ Ba

1/12/2026

23/10/2026

Ngày thế giới phòng chống AIDS năm 2026

Thứ Tư

2/12/2026

24/10/2026

Ngày Quốc tế Giải phóng Nô lệ năm 2026

Thứ Hai

7/12/2026

29/10/2026

Ngày Hàng không Dân dụng Quốc tế năm 2026

Thứ Tư

9/12/2026

1/11/2026

Ngày Quốc tế chống Tham nhũng năm 2026

Thứ Bảy

19/12/2026

11/11/2026

Ngày toàn quốc kháng chiến năm 2026

Thứ Ba

22/12/2026

14/11/2026

Ngày thành lập quân đội nhân dân Việt Nam năm 2026

Thứ Năm

24/12/2026

16/11/2026

Lễ Giáng sinh (Noen) năm 2026

Danh sách các ngày lễ Âm lịch 2026

Thứ

Âm lịch

Dương lịch

Tên ngày lễ

Thứ Ba

1/1/2026

17/2/2026

Tết Nguyên Đán năm 2026

Thứ Sáu

4/1/2026

20/2/2026

Lễ hội Đồng Kỵ (Bắc Ninh) năm 2026

Thứ Bảy

5/1/2026

21/2/2026

Lễ hội gò Đống Đa năm 2026

Chủ Nhật

6/1/2026

22/2/2026

Hội Gióng Sóc Sơn (Hà Nội), Khai hội chùa Hương năm 2026

Thứ Hai

7/1/2026

23/2/2026

Hội chợ Viềng (Nam Định), Lễ hội đầm Ô Loan (Phú Yên) năm 2026

Thứ Ba

8/1/2026

24/2/2026

Lễ hội đền Vua Bà (Hòa Bình) năm 2026

Thứ Tư

9/1/2026

25/2/2026

Lễ hội Đức Chí Tôn (Tây Ninh) năm 2026

Thứ Năm

10/1/2026

26/2/2026

Khai hội Yên Tử (Quảng Ninh) năm 2026

Chủ Nhật

13/1/2026

1/3/2026

Hội Lim (Tiên Du - Bắc Ninh) năm 2026

Thứ Hai

14/1/2026

2/3/2026

Lễ hội Bà Chúa Kho (Bắc Ninh) năm 2026

Thứ Ba

15/1/2026

3/3/2026

Tết Nguyên tiêu năm 2026

Thứ Năm

17/1/2026

5/3/2026

Lễ hội chọi trâu (Vĩnh Phúc) năm 2026

Chủ Nhật

27/1/2026

15/3/2026

Lễ Cầu tháng Giêng (Phú Thọ) năm 2026

Thứ Hai

28/1/2026

16/3/2026

Hội làng Bùi (Bắc Ninh) năm 2026

Thứ Sáu

2/2/2026

20/3/2026

Lễ hội Chùa Trầm năm 2026

Thứ Năm

8/2/2026

26/3/2026

Hội làng Long Khám (Bắc Ninh) năm 2026

Thứ Bảy

10/2/2026

28/3/2026

Lễ hội đình Yên Phụ (Hà Nội) năm 2026

Thứ Hai

12/2/2026

30/3/2026

Hội chọi trâu Phù Ninh (Phú Thọ), Lễ hội Làng rèn Tây Phương Danh (Bình Định) năm 2026

Thứ Ba

13/2/2026

31/3/2026

Lễ hội Hoa Ban (Lai Châu) năm 2026

Thứ Tư

14/2/2026

1/4/2026

Lễ hội chùa Vĩnh Nghiêm (Bắc Giang) năm 2026

Thứ Hai

19/2/2026

6/4/2026

Lễ hội Quan Thế Âm (Đà Nẵng) năm 2026

Thứ Năm

22/2/2026

9/4/2026

Hội đình Trúc Tay (Bắc Giang) năm 2026

Thứ Ba

27/2/2026

14/4/2026

Hội chùa Sàn (Lục Nam, Bắc Giang) năm 2026

Chủ Nhật

3/3/2026

19/4/2026

Tết Hàn thực năm 2026

Thứ Tư

6/3/2026

22/4/2026

Lễ hội Cố đô Hoa Lư (Ninh Bình) năm 2026

Thứ Năm

7/3/2026

23/4/2026

Lễ hội chùa Thầy (Hà Nội) năm 2026

Thứ Bảy

9/3/2026

25/4/2026

Lễ hội Nam Trì (Hưng Yên) năm 2026

Chủ Nhật

10/3/2026

26/4/2026

Giỗ tổ Hùng Vương năm 2026

Thứ Sáu

15/3/2026

1/5/2026

Hội làng Đông Hồ (Bắc Ninh) năm 2026

Thứ Hai

18/3/2026

4/5/2026

Hội Đậu (Bắc Ninh) năm 2026

Thứ Bảy

23/3/2026

9/5/2026

Hội chùa Bút Tháp (Bắc Ninh) năm 2026

Thứ Tư

27/3/2026

13/5/2026

Hội thả chim bồ câu (Bắc Ninh) năm 2026

Chủ Nhật

1/4/2026

17/5/2026

Lễ hội làng cá Cát Bà (Hải Phòng) năm 2026

Chủ Nhật

8/4/2026

24/5/2026

Lễ hội chùa Dâu (Bắc Ninh) năm 2026

Thứ Hai

9/4/2026

25/5/2026

Hội Gióng Phù Đổng (Hà Nội) năm 2026

Thứ Ba

10/4/2026

26/5/2026

Hội làng Cựu Ấp (Vĩnh Phúc) năm 2026

Thứ Bảy

14/4/2026

30/5/2026

Tết Dân tộc Khmer năm 2026

Chủ Nhật

15/4/2026

31/5/2026

Lễ Phật Đản năm 2026

Thứ Sáu

5/5/2026

19/6/2026

Tết Đoan Ngọ năm 2026

Thứ Ba

9/5/2026

23/6/2026

Lễ hội đình Châu Phú (An Giang) năm 2026

Thứ Tư

10/5/2026

24/6/2026

Lễ hội cúng biển Mỹ Long (Trà Vinh) năm 2026

Chủ Nhật

14/5/2026

28/6/2026

Lễ hội đình – đền Chèm (Hà Nội) năm 2026

Thứ Ba

1/6/2026

14/7/2026

Lễ hội đình Trà Cổ (Quảng Ninh) năm 2026

Thứ Năm

10/6/2026

23/7/2026

Hội kéo ngựa gỗ (Hải Phòng) năm 2026

Thứ Tư

7/7/2026

19/8/2026

Lễ Thất Tịch năm 2026

Thứ Năm

15/7/2026

27/8/2026

Lễ Vu Lan, Tết Trung nguyên năm 2026

Thứ Sáu

1/8/2026

11/9/2026

Tết Katê năm 2026

Thứ Hai

4/8/2026

14/9/2026

Lễ hội Đình Châm Khê (Bắc Ninh) năm 2026

Thứ Bảy

9/8/2026

19/9/2026

Lễ hội chọi trâu (Đồ Sơn, Hải Phòng) năm 2026

Chủ Nhật

10/8/2026

20/9/2026

Hội Thị Cầu (Bắc Ninh) năm 2026

Thứ Sáu

15/8/2026

25/9/2026

Tết Trung Thu năm 2026

Chủ Nhật

9/9/2026

18/10/2026

Tết Trùng Cửu năm 2026

Thứ Năm

13/9/2026

22/10/2026

Lễ hội chùa Keo (Thái Bình) năm 2026

Thứ Năm

20/9/2026

29/10/2026

Hội đền Bắc Lệ (Lạng Sơn) năm 2026

Thứ Bảy

29/9/2026

7/11/2026

Hội Đại Bái (Bắc Ninh) năm 2026

Thứ Tư

10/10/2026

18/11/2026

Tết Trùng Thập năm 2026

Thứ Hai

15/10/2026

23/11/2026

Tết Hạ Nguyên (Tết cơm mới) năm 2026

Thứ Tư

8/11/2026

16/12/2026

Hội chùa Canh Bầu (Bắc Giang) năm 2026

Thứ Sáu

10/11/2026

18/12/2026

Tết cơm mới của người La Hủ (Lai Châu) năm 2026

Thứ Ba

14/11/2026

22/12/2026

Lễ hội đền Nguyễn Công Trứ (Ninh Bình) năm 2026

Thứ Tư

15/11/2026

23/12/2026

Hội Đình Phường Bông (Nam Định) năm 2026

Thứ Bảy

25/11/2026

2/1/2027

Hội Vân Lệ (Thanh Hóa) năm 2026

Thứ Ba

12/12/2026

19/1/2027

Hội Mậu Lân (Vĩnh Phúc) năm 2026

Thứ Bảy

23/12/2026

30/1/2027

Ông Táo chầu trời năm 2026

Thứ Năm

28/12/2026

4/2/2027

Hội Bạch Lưu (Vĩnh Phúc) năm 2026

* Trên đây là Thông tin Lịch nghỉ lễ 2026 - Tổng hợp các ngày lễ 2026 ở Việt Nam chi tiết ra sao?

Lịch nghỉ lễ 2026 - Tổng hợp các ngày lễ 2026 ở Việt Nam chi tiết ra sao? (Hình từ Internet)

Căn cứ khoản 3 Điều 63 Nghị định 145/2020/NĐ-CP có quy định về ca làm việc và tổ chức làm việc theo ca như sau:

Như vậy, tổ chức làm việc theo ca là việc bố trí ít nhất 02 người hoặc 02 nhóm người thay phiên nhau làm việc trên cùng một vị trí làm việc, tính trong thời gian 01 ngày (24 giờ liên tục).

Căn cứ theo khoản 2 Điều 113 Bộ luật Lao động 2019 quy định về nghỉ hằng năm như sau:

Như vậy, theo quy định trên thì người lao động làm việc chưa đủ 12 tháng thì số ngày nghỉ hằng năm được tính theo tỷ lệ tương ứng với số tháng làm việc.

Điều 63. Ca làm việc và tổ chức làm việc theo ca

1. Ca làm việc là khoảng thời gian làm việc của người lao động từ khi bắt đầu nhận nhiệm vụ cho đến khi kết thúc và bàn giao nhiệm vụ cho người khác, bao gồm cả thời gian làm việc và thời gian nghỉ giữa giờ.

2. Tổ chức làm việc theo ca là việc bố trí ít nhất 02 người hoặc 02 nhóm người thay phiên nhau làm việc trên cùng một vị trí làm việc, tính trong thời gian 01 ngày (24 giờ liên tục).

[....]

Điều 113. Nghỉ hằng năm

[.....]

2. Người lao động làm việc chưa đủ 12 tháng cho một người sử dụng lao động thì số ngày nghỉ hằng năm theo tỷ lệ tương ứng với số tháng làm việc.

[....]","thue-phi-le-phi","","","","2026-05-20T00:00:00","https://thuvienphapluat.vn/hoi-dap-phap-luat/lich-nghi-le-2026--tong-hop-cac-ngay-le-2026-o-viet-nam-chi-tiet-ra-sao-138051550.html","2026-05-21T20:51:03.110687+00:00"
"138057531","Lịch Vạn niên 2027 - Lịch âm 2027 - Lịch dương 2027 chi tiết, đầy đủ 365 ngày tương ứng âm và dương?","Lịch Vạn niên 2027 - Lịch âm 2027 - Lịch dương 2027 chi tiết, đầy đủ 365 ngày tương ứng âm và dương?

Người lao động được nghỉ việc riêng mà vẫn hưởng nguyên lương khi nào?

Chính sách của Nhà nước về lao động cụ thể ra sao?

Căn cứ Điều 112 Bộ luật Lao động 2019 quy định về nghỉ lễ, tết như sau:

Theo Bộ luật Lao động 2019, người lao động được nghỉ Tết Âm lịch tối thiểu 5 ngày. Hằng năm, căn cứ vào tình hình thực tế, Thủ tướng Chính phủ sẽ quyết định cụ thể lịch nghỉ Tết.

Lịch Vạn niên 2027 - Lịch âm 2027 - Lịch dương 2027, tết Âm lịch 2027 sẽ rơi vào các ngày sau:

- Mùng 1 Tết Nguyên Đán 2027 sẽ rơi vào Thứ bảy, ngày 06 tháng 02 năm 2027 dương lịch.

- Mùng 2 Tết Nguyên Đán 2027 sẽ rơi vào Chủ nhật, ngày 07 tháng 02 năm 2027 dương lịch.

- Mùng 3 Tết Nguyên Đán 2027 sẽ rơi vào Thứ hai, ngày 08 tháng 02 năm 2027 dương lịch.

Dưới đây là Lịch Vạn niên 2027 - Lịch âm 2027 - Lịch dương 2027 chi tiết, đầy đủ 365 ngày tương ứng âm và dương:

Lịch Tháng 1 năm 2027

Lịch Tháng 2 năm 2027

Lịch Tháng 3 năm 2027

Lịch Tháng 4 năm 2027

Lịch Tháng 5 năm 2027

Lịch Tháng 6 năm 2027

Lịch Tháng 7 năm 2027

Lịch Tháng 8 năm 2027

Lịch Tháng 9 năm 2027

Lịch Tháng 10 năm 2027

Lịch Tháng 11 năm 2027

Lịch Tháng 12 năm 2027

* Trên đây là Thông tin Lịch Vạn niên 2027 - Lịch âm 2027 - Lịch dương 2027 chi tiết, đầy đủ 365 ngày tương ứng âm và dương?

Lịch Vạn niên 2027 - Lịch âm 2027 - Lịch dương 2027 chi tiết, đầy đủ 365 ngày tương ứng âm và dương? (Hình từ Internet)

Căn cứ Điều 115 Bộ luật Lao động 2019 quy định nghỉ việc riêng, nghỉ không hưởng lương:

Theo quy định trên, người lao động được nghỉ việc riêng mà vẫn hưởng nguyên lương các ngày sau:

- Kết hôn: nghỉ 03 ngày

- Con đẻ, con nuôi kết hôn: nghỉ 01 ngày

- Cha đẻ, mẹ đẻ, cha nuôi, mẹ nuôi; cha đẻ, mẹ đẻ, cha nuôi, mẹ nuôi của vợ hoặc chồng; vợ hoặc chồng; con đẻ, con nuôi chết: nghỉ 03 ngày

Lưu ý: Người lao động phải báo cáo lý do nghỉ việc riêng cho người sử dụng lao động biết và được người sử dụng lao động đồng ý.

Người sử dụng lao động không bảo đảm cho người lao động nghỉ việc riêng thì có thể bị phạt tiền.

Căn cứ Điều 4 Bộ luật Lao động 2019 quy định chính sách của Nhà nước về lao động như sau:

- Bảo đảm quyền và lợi ích hợp pháp, chính đáng của người lao động, người làm việc không có quan hệ lao động; khuyến khích những thỏa thuận bảo đảm cho người lao động có điều kiện thuận lợi hơn so với quy định của pháp luật về lao động.

- Bảo đảm quyền và lợi ích hợp pháp của người sử dụng lao động, quản lý lao động đúng pháp luật, dân chủ, công bằng, văn minh và nâng cao trách nhiệm xã hội.

- Tạo điều kiện thuận lợi đối với hoạt động tạo việc làm, tự tạo việc làm, dạy nghề và học nghề để có việc làm; hoạt động sản xuất, kinh doanh thu hút nhiều lao động; áp dụng một số quy định của Bộ luật này đối với người làm việc không có quan hệ lao động.

- Có chính sách phát triển, phân bố nguồn nhân lực; nâng cao năng suất lao động; đào tạo, bồi dưỡng và nâng cao trình độ, kỹ năng nghề cho người lao động; hỗ trợ duy trì, chuyển đổi nghề nghiệp, việc làm cho người lao động; ưu đãi đối với người lao động có trình độ chuyên môn, kỹ thuật cao đáp ứng yêu cầu của cách mạng công nghiệp, sự nghiệp công nghiệp hóa, hiện đại hóa đất nước.

- Có chính sách phát triển thị trường lao động, đa dạng các hình thức kết nối cung, cầu lao động.

- Thúc đẩy người lao động và người sử dụng lao động đối thoại, thương lượng tập thể, xây dựng quan hệ lao động tiến bộ, hài hòa và ổn định.

- Bảo đảm bình đẳng giới; quy định chế độ lao động và chính sách xã hội nhằm bảo vệ lao động nữ, lao động là người khuyết tật, người lao động cao tuổi, lao động chưa thành niên.

Điều 112. Nghỉ lễ, tết

1. Người lao động được nghỉ làm việc, hưởng nguyên lương trong những ngày lễ, tết sau đây:

a) Tết Dương lịch: 01 ngày (ngày 01 tháng 01 dương lịch);

b) Tết Âm lịch: 05 ngày;

[...]

Điều 115. Nghỉ việc riêng, nghỉ không hưởng lương

1. Người lao động được nghỉ việc riêng mà vẫn hưởng nguyên lương và phải thông báo với người sử dụng lao động trong trường hợp sau đây:

a) Kết hôn: nghỉ 03 ngày;

b) Con đẻ, con nuôi kết hôn: nghỉ 01 ngày;

c) Cha đẻ, mẹ đẻ, cha nuôi, mẹ nuôi; cha đẻ, mẹ đẻ, cha nuôi, mẹ nuôi của vợ hoặc chồng; vợ hoặc chồng; con đẻ, con nuôi chết: nghỉ 03 ngày.

2. Người lao động được nghỉ không hưởng lương 01 ngày và phải thông báo với người sử dụng lao động khi ông nội, bà nội, ông ngoại, bà ngoại, anh, chị, em ruột chết; cha hoặc mẹ kết hôn; anh, chị, em ruột kết hôn.

3. Ngoài quy định tại khoản 1 và khoản 2 Điều này, người lao động có thể thỏa thuận với người sử dụng lao động để nghỉ không hưởng lương.","thue-phi-le-phi","","","","2026-05-20T00:00:00","https://thuvienphapluat.vn/hoi-dap-phap-luat/lich-van-nien-2027--lich-am-2027--lich-duong-2027-chi-tiet-day-du-365-ngay-tuong-ung-am-va-duong-138057531.html","2026-05-21T20:51:13.287902+00:00"
"138066888","Chính thức đã có lịch nghỉ lễ Quốc khánh 2/9/2026 cho người lao động?","Chính thức đã có lịch nghỉ lễ Quốc khánh 2/9/2026 cho người lao động?

Năm 2026 kỷ niệm bao nhiêu năm Quốc khánh nước Cộng hòa XHCN Việt Nam?

Người lao động được nghỉ hưởng nguyên lương mấy ngày vào dịp lễ Quốc khánh 2 tháng 9?

Xem thêm:

>>> Kéo dài lịch nghỉ Giỗ tổ hùng vương, 30/4 và 1/5 9 ngày liên tục năm 2026 khi nào?

Căn cứ theo Thông báo 9441/TB-BNV năm 2025 về việc nghỉ tết Âm lịch, nghỉ lễ Quốc khánh năm 2026 đối với cán bộ, công chức viên chức và người lao động như sau:

Như vậy, lịch nghỉ lễ Quốc Khánh 2/9/2026 cho người lao động cụ thể như sau:

- Đối với cán bộ, công chức, viên chức và người lao động của các cơ quan hành chính, sự nghiệp, tổ chức chính trị, tổ chức chính trị - xã hội:

+ 05 ngày từ thứ Bảy ngày 29/8/2026 đến hết thứ Tư ngày 2/9/2026.

- Đối với người lao động ngoài khu vực nhà nước (không thuộc đối tượng nêu tại khoản 1 Thông báo 9441/TB-BNV năm 2025):

+ Người sử dụng lao động quyết định lựa chọn 01 trong 02 phương án nghỉ lễ Quốc khánh 2026 sau:

[1] Nghỉ thứ Tư ngày 02/9/2026 và thứ Ba ngày 01/9/2026

[2] Nghỉ thứ Tư ngày 02/9/2026 và thứ Năm ngày 03/9/2026 Dương lịch.

Xem thêm:

>>> Kỷ niệm 100 năm Quốc khánh nước Cộng hòa XHCN Việt Nam là năm bao nhiêu?

>>> Chính thức lịch nghỉ lễ Quốc khánh 2026 kéo dài 5 ngày liên tiếp đúng không?

*Trên đây là nội dung thông tin về Chính thức đã có lịch nghỉ lễ Quốc khánh 2 9 2026 cho người lao động?

Chính thức đã có lịch nghỉ lễ Quốc khánh 2 9 2026 cho người lao động? (Hình từ Internet)

Căn cứ theo Điều 4 Nghị định 145/2013/NĐ-CP quy định về các ngày lễ lớn như sau:

Theo đó, ngày 2 tháng 9 năm 1945 là Ngày Quốc khánh nước Cộng hòa xã hội chủ nghĩa Việt Nam.

Như vậy, năm 2026 kỷ niệm 81 năm Quốc khánh nước Cộng hòa XHCN Việt Nam.

Căn cứ theo Điều 112 Bộ luật Lao động 2019 quy định về nghỉ lễ, tết như sau:

Như vậy, người lao động được nghỉ hưởng nguyên lương 02 ngày vào dịp lễ Quốc khánh 2 tháng 9 (ngày 02 tháng 9 dương lịch và 01 ngày liền kề trước hoặc sau).

[...]

2. Công chức, viên chức được nghỉ dịp lễ Quốc khánh năm 2026 như sau: Nghỉ 02 ngày theo quy định gồm ngày 02/9/2026 Dương lịch và 01 ngày liền kề trước là ngày 01/9/2026 Dương lịch; Hoán đổi từ ngày làm việc thứ Hai ngày 31/8/2026 Dương lịch sang ngày nghỉ hằng tuần thứ Bảy ngày 22/8/2026 Dương lịch (nghỉ thứ Hai ngày 31/8/2026 và làm bù vào ngày thứ Bảy ngày 22/8/2026).

[...]

6. Đối với người lao động không thuộc đối tượng quy định tại khoản 1 Thông báo này, người sử dụng lao động quyết định lựa chọn phương án nghỉ tết Âm lịch, nghỉ lễ Quốc khánh năm 2026 như sau:

- Dịp tết Âm lịch: Lựa chọn nghỉ 01 ngày cuối năm Ất Tỵ và 04 ngày đầu năm Bính Ngọ hoặc 02 ngày cuối năm Ất Tỵ và 03 ngày đầu năm Bính Ngọ hoặc 03 ngày cuối năm Ất Tỵ và 02 ngày đầu năm Bính Ngọ.

- Dịp lễ Quốc khánh: Nghỉ thứ Tư ngày 02/9/2026 Dương lịch và lựa chọn nghỉ 01 trong 02 ngày: thứ Ba ngày 01/9/2026 hoặc thứ Năm ngày 03/9/2026 Dương lịch.

- Thông báo phương án nghỉ tết Âm lịch và nghỉ lễ Quốc khánh năm 2026 cho người lao động trước khi thực hiện ít nhất 30 ngày.

- Nếu ngày nghỉ hằng tuần trùng với ngày nghỉ lễ, tết quy định tại khoản 1 Điều 112 của Bộ luật Lao động thì người lao động được nghỉ bù ngày nghỉ hằng tuần vào ngày làm việc kế tiếp theo quy định tại khoản 3 Điều 111 Bộ luật Lao động.

- Khuyến khích người sử dụng lao động áp dụng thời gian nghỉ tết Âm lịch, nghỉ lễ Quốc khánh năm 2026 cho người lao động như quy định đối với công chức, viên chức; Khuyến khích những thỏa thuận có lợi hơn cho người lao động.

[...]

Điều 4. Các ngày lễ lớn

Các ngày lễ lớn trong nước bao gồm:

1. Ngày Tết Nguyên đán (01 tháng Giêng Âm lịch).

2. Ngày thành lập Đảng Cộng sản Việt Nam (03-02-1930).

3. Ngày Giỗ Tổ Hùng Vương (10-3 Âm lịch).

4. Ngày Giải phóng miền Nam, thống nhất đất nước (30-4-1975).

5. Ngày Chiến thắng Điện Biên Phủ (07-5-1954).

6. Ngày sinh Chủ tịch Hồ Chí Minh (19-5-1890).

7. Ngày Cách mạng Tháng Tám (19-8-1945) và Ngày Quốc khánh nước Cộng hòa xã hội chủ nghĩa Việt Nam (02-9-1945).

Điều 112. Nghỉ lễ, tết

1. Người lao động được nghỉ làm việc, hưởng nguyên lương trong những ngày lễ, tết sau đây:

a) Tết Dương lịch: 01 ngày (ngày 01 tháng 01 dương lịch);

b) Tết Âm lịch: 05 ngày;

c) Ngày Chiến thắng: 01 ngày (ngày 30 tháng 4 dương lịch);

d) Ngày Quốc tế lao động: 01 ngày (ngày 01 tháng 5 dương lịch);

đ) Quốc khánh: 02 ngày (ngày 02 tháng 9 dương lịch và 01 ngày liền kề trước hoặc sau);

e) Ngày Giỗ Tổ Hùng Vương: 01 ngày (ngày 10 tháng 3 âm lịch).

2. Lao động là người nước ngoài làm việc tại Việt Nam ngoài các ngày nghỉ theo quy định tại khoản 1 Điều này còn được nghỉ thêm 01 ngày Tết cổ truyền dân tộc và 01 ngày Quốc khánh của nước họ.

3. Hằng năm, căn cứ vào điều kiện thực tế, Thủ tướng Chính phủ quyết định cụ thể ngày nghỉ quy định tại điểm b và điểm đ khoản 1 Điều này.","thue-phi-le-phi","","","","2026-05-20T00:00:00","https://thuvienphapluat.vn/hoi-dap-phap-luat/chinh-thuc-da-co-lich-nghi-le-quoc-khanh-292026-cho-nguoi-lao-dong-138066888.html","2026-05-21T20:51:22.317803+00:00"
"138090921","Chính thức bỏ kê khai thuế TNCN tháng 4/2026 chuyển sang kê khai quý 2 ra sao?","Chính thức bỏ kê khai thuế TNCN tháng 4/2026 chuyển sang kê khai quý 2 ra sao?

Tải mẫu tờ khai thuế TNCN tháng/quý Mẫu 05 KK TNCN ở đâu?

Mức giảm trừ gia cảnh áp dụng khi quyết toán thuế TNCN trong năm 2026 là bao nhiêu?

>>> Hiểu thế nào bỏ kê khai thuế TNCN theo tháng từ năm 2026?

>>> Bỏ tờ khai thuế TNCN tháng 5/2026 thay bằng tờ khai quý 2/2026 đúng không?

>>> THÔNG TIN quan trọng về Tờ khai 05/KK-TNCN theo TT80 khi bỏ kê khai theo tháng chuyển sang quý thế nào?

>>> Tờ khai 05/KK-TNCN tháng 4, 5, 6/2026 chính thức bỏ khai theo tháng chuyển sang kê khai quý 2/2026 ra sao?

>>> Quyết định 1109/QĐ-BTC năm 2026 bỏ kê khai thuế TNCN tháng 4/2026 chuyển sang kê khai quý 2 quy định cụ thể ra sao?

>>> Hạn nộp tờ khai thuế TNCN quý 2 năm 2026 là khi nào?

>>> Doanh thu bao nhiêu thì khai thuế TNCN tháng theo thủ tục tại Quyết định 1109 năm 2026?

***

>>> Kê khai thuế TNCN theo quý thì có khai thuế GTGT theo quý không?

>>> Đã nộp tiền thuế tháng 4 2026 thì xử lý như thế nào khi bỏ khai thuế TNCN theo tháng?

>>> Xử lý tờ khai thuế TNCN tháng 4/2026 đã nộp khi bỏ kê khai thuế TNCN theo tháng như thế nào?

***

>>> Hiểu thế nào về bỏ TTHC 2002235 khai thuế TNCN tháng theo quy định mới nhất?

Xem thêm:

>>> Bỏ TTHC 2.002235 kê khai quý/tháng bỏ kê khai tháng thì kê khai thuế TNCN theo trình tự nào?

>>> CHÍNH THỨC bỏ tờ khai thuế TNCN tháng 4-5-6/2026 thay bằng tờ khai quý 2/2026 đúng hay không?

>>> Hướng dẫn thủ tục khai thuế TNCN tháng 4-5-6/2026 theo thủ tục mới sau khi bỏ khai tháng ra sao?

>>> Hướng dẫn sửa lỗi kỳ kê khai tháng không được phép nộp tờ khai, vui lòng chọn lại kỳ kê khai phù hợp ra sao?

>>> Chính thức bỏ kê khai thuế TNCN tháng 4/2026 chuyển sang kê khai quý 2 ra sao?

Căn cứ Quyết định 1109/QĐ-BTC năm 2026 của Bộ Tài chính về việc công bố thủ tục hành chính được sửa đổi, bổ sung, bãi bỏ trong lĩnh vực quản lý thuế, hải quan thuộc phạm vi chức năng quản lý của Bộ Tài chính.

Đối với thủ tục hành chính nộp tờ khai thuế TNCN tháng Tờ khai 05 KK TNCN Mã [2.002235] được sửa đổi như sau:

Khai thuế thu nhập cá nhân quý của tổ chức, cá nhân trả thu nhập khấu trừ thuế đối với tiền lương, tiền công (Mã số TTHC 2.002235)

- Trình tự thực hiện:

+Bước 1.

++ Tổ chức, cá nhân trả thu nhập có phát sinh khấu trừ thuế chuẩn bị hồ sơ khai thuế, gửi đến cơ quan Thuế. Thời hạn nộp hồ sơ khai thuế quý chậm nhất là ngày cuối cùng của tháng đầu tiên của quý tiếp theo quý phát sinh nghĩa vụ thuế. Nếu ngày cuối cùng trùng ngày nghi/lễ, hạn cuối cùng được chuyển sang ngày làm việc tiếp theo.

(Thủ tục đăng ký chứng từ khấu trừ thuế TNCN được thực hiện riêng theo quy định tại Nghị định 70/2025/NĐ-CP của Chính phủ).

+ Bước 2. Cơ quan thuế tiếp nhận:

++ Trường hợp hồ sơ được nộp trực tiếp tại cơ quan thuế hoặc hồ sơ được gửi qua đường bưu chính: cơ quan thuế thực hiện tiếp nhận, giải quyết hồ sơ theo quy định.

++ Trường hợp hồ sơ được nộp thông qua giao dịch điện tử, việc tiếp nhận, kiểm tra, chấp nhận, giải quyết hồ sơ (và trả kết quả nếu có kết quả) thông qua hệ thống xử lý dữ liệu điện tử của cơ quan thuế

- Cách thức thực hiện:

+ Trực tiếp: Tại TTPVHCC cấp tỉnh, xã

+Thông qua dịch vụ bưu chính công ích theo quy định của Thủ tướng Chính phủ, qua thuê dịch vụ của doanh nghiệp, cá nhân hoặc qua ủy quyền theo quy định của pháp luật;

+ Trực tuyến: Qua Cổng dịch vụ công quốc gia

- Thành phần, số lượng hồ sơ:

+ Thành phần hồ sơ gồm:

++ Tờ khai thuế thu nhập cá nhân (áp dụng đối với tổ chức, cá nhân trả các khoản thu nhập từ tiền lương, tiền công) mẫu số 05/KK-TNCN theo Phụ lục I - Danh mục hồ sơ khai thuế ban hành kèm theo Nghị định số 126/2020/NĐ-CP ngày 19/10/2020 của Chính phủ và Phụ lục II - Mẫu biểu hồ sơ khai thuế ban hành kèm theo Thông tư số 80/2021/TT-BTC ngày 29/9/2021/TT-BTC của Bộ trưởng Bộ Tài chính.

++ Phụ lục bảng xác định số thuế thu nhập cá nhân phải nộp cho các địa phương được hưởng nguồn thu mẫu số 05-1/PBT-KK-TNCN theo Phụ lục I - Danh mục hồ sơ khai thuế ban hành kèm theo Nghị định số 126/2020/NĐ-CP ngày 19/10/2020 của Chính phủ và Phụ lục II - Mẫu biểu hồ sơ khai thuế ban hành theo Thông tư 80/2021/TT-BTC

>> Như vậy, theo nội dung sửa đổi tại Quyết định 1109/QĐ-BTC năm 2026, việc kê khai thuế TNCN theo tháng đối với Tờ khai mẫu 05/KK-TNCN đã được chuyển sang thực hiện theo quý. Theo đó, doanh nghiệp, tổ chức trả thu nhập phát sinh khấu trừ thuế trong tháng 4/2026 sẽ thực hiện kê khai gộp vào quý II/2026 và nộp hồ sơ khai thuế chậm nhất vào ngày cuối cùng của tháng đầu tiên của quý tiếp theo theo quy định.

Chính thức bỏ kê khai thuế TNCN tháng 4/2026 chuyển sang kê khai quý 2 ra sao? (Hình từ Internet)

Tờ khai thuế thu nhập cá nhân với thu nhập từ tiền lương, tiền công hiện đang áp dụng Mẫu 05/KK-TNCN ban hành kèm theo Thông tư 80/2021/TT-BTC được sửa đổi bởi điểm g khoản 7 Điều 1 Thông tư 40/2025/TT-BTC, có dạng như sau:

>> Tải mẫu tờ khai thuế TNCN Tờ khai 05 KK TNCN: TẢI VỀ

Ghi chú:

- Tờ khai này chỉ áp dụng đối với tổ chức, cá nhân phát sinh trả thu nhập từ tiền lương, tiền công cho cá nhân trong tháng/quý, không phân biệt có phát sinh khấu trừ thuế hay không phát sinh khấu trừ thuế.

- Kỳ khai thuế theo tháng áp dụng đối với tổ chức, cá nhân trả thu nhập có tổng doanh thu bán hàng hóa và cung cấp dịch vụ của năm trước liền kề trên 50 tỷ đồng hoặc trường hợp tổ chức, cá nhân trả thu nhập lựa chọn khai thuế theo tháng.

- Kỳ khai thuế theo quý áp dụng đối với tổ chức, cá nhân trả thu nhập có tổng doanh thu bán hàng hóa và cung cấp dịch vụ của năm trước liền kề từ 50 tỷ đồng trở xuống, bao gồm cả tổ chức, cá nhân trả thu nhập không phát sinh doanh thu bán hàng hóa và cung cấp dịch vụ.

Tại tiểu mục 1 Mục A Công văn 1296/CT-NVT năm 2026 có hướng dẫn mức giảm trừ gia cảnh như sau:

Đối với kỳ quyết toán 2025 người nộp thuế thực hiện quyết toán TNCN trong năm 2026 áp dụng mức giảm trừ gia cảnh được xác định theo quy định tại Nghị quyết 954/2020/UBTVQH14 năm 2020 của Ủy ban Thường vụ Quốc hội, cụ thể như sau:

+ Mức giảm trừ đối với đối tượng nộp thuế là 11 triệu đồng/tháng (132 triệu đồng/năm);

+ Mức giảm trừ đối với mỗi người phụ thuộc là 4,4 triệu đồng/tháng.

Tại kỳ tính thuế này người nộp thuế chưa được áp dụng mức giảm trừ gia cảnh theo Nghị quyết 110/2025/UBTVQH15 năm 2026 (Mức 15,5 triệu đồng/tháng đối với NTT và 6,2 triệu đồng/tháng đối với người phụ thuộc)","thue-phi-le-phi","","","","2026-05-20T00:00:00","https://thuvienphapluat.vn/hoi-dap-phap-luat/chinh-thuc-bo-ke-khai-thue-tncn-thang-42026-chuyen-sang-ke-khai-quy-2-ra-sao-138090921.html","2026-05-21T20:51:31.575800+00:00"
"138059892","Lịch thi THPT quốc gia 2026: diễn ra vào ngày 11/6-12/6/2026 (dự kiến) đúng không?","Lịch thi THPT quốc gia 2026: diễn ra vào ngày 11/6-12/6/2026 (dự kiến) đúng không?

Đối tượng dự thi THPT quốc gia gồm những ai?

Đối tượng được đặc cách thi THPT quốc gia gồm những ai?

Căn cứ Điều 1 Quyết định 2269/QĐ-BGDĐT năm 2025 TẢI VỀ như sau:

Như vậy, lịch thi THPT quốc gia 2026 dự kiến diễn ra trong ngày 11 và ngày 12 tháng 6 năm 2026.

Căn cứ tại Tiểu mục 1 Mục 1 Công văn 1257/BGDĐT-QLCL năm 2026 kỳ thi tốt nghiệp THPT 2026 chính thức sẽ diễn ra vào ngày 11/6/2026 và ngày 12/6/2026.

Trên đây là thông tin về ""Lịch thi THPT quốc gia 2026: diễn ra vào ngày 11/6-12/6/2026 (dự kiến) đúng không?"".

Hệ thống Group Hỗ Trợ thi THPT 2026: Cập nhật thủ tục + thông tin + đề ôn + đề thi:

- Nhóm Tổng hợp + Tỉnh, thành: Tại đây

- Nhóm Môn Thi: Tại đây

- Nhóm Ôn Thi Theo Khối: Tại đây

- Nhóm Điểm Chuẩn: Tại đây

Lịch thi THPT quốc gia 2026: diễn ra vào ngày 11/6-12/6/2026 (dự kiến) đúng không? (Hình từ Internet)

Theo khoản 1 Điều 19 Quy chế thi tốt nghiệp trung học phổ thông ban hành kèm theo Thông tư 24/2024/TT-BGDĐT quy định như sau:

Theo đó, đối tượng dự thi THPT quốc gia gồm:

- Người đã hoàn thành Chương trình GDPT/GDTX trong năm tổ chức kỳ thi;

- Người đã hoàn thành Chương trình GDPT/GDTX nhưng chưa tốt nghiệp THPT ở những năm trước;

- Người đã có Bằng tốt nghiệp THPT dự thi để lấy kết quả làm cơ sở đăng ký xét tuyển sinh;

- Người đã có Bằng tốt nghiệp trung cấp dự thi để lấy kết quả làm cơ sở đăng ký xét tuyển sinh.

Theo Điều 40 Quy chế thi tốt nghiệp trung học phổ thông ban hành kèm theo Thông tư 24/2024/TT-BGDĐT quy định về đối tượng được đặc cách thi THPT quốc gia như sau:

(1) Người học được xét đặc cách tốt nghiệp THPT trong trường hợp bị tai nạn, bị ốm hoặc có việc đột xuất đặc biệt trước ngày thi không quá 10 ngày hoặc ngay trong buổi thi đầu tiên, không thể dự thi và thuộc các đối tượng dưới đây:

- Người đã hoàn thành Chương trình GDPT/GDTX trong năm tổ chức kỳ thi;

- Người đã hoàn thành Chương trình GDPT/GDTX nhưng chưa tốt nghiệp THPT ở những năm trước;

(2) Người học được xét đặc cách tốt nghiệp THPT trong trường hợp bị tai nạn, bị ốm hay có việc đột xuất đặc biệt sau khi đã thi ít nhất một bài thi và không thể tiếp tục dự thi hoặc sau khi bị tai nạn, bị ốm hay có việc đột xuất đặc biệt tự nguyện dự thi số bài thi còn lại và thuộc các đối tượng dưới đây:

- Người đã hoàn thành Chương trình GDPT/GDTX trong năm tổ chức kỳ thi;

- Người đã hoàn thành Chương trình GDPT/GDTX nhưng chưa tốt nghiệp THPT ở những năm trước;

(3) Các đối tượng là vận động viên đủ điều kiện được xét đặc cách tốt nghiệp THPT:

- Vận động viên đang học tập tại các cơ sở giáo dục, cơ sở giáo dục nghề nghiệp được triệu tập vào đội tuyển thể thao quốc gia, đội tuyển thể thao của các tỉnh, thành phố trực thuộc trung ương, các ngành để tập huấn và thi đấu thì được cơ quan sử dụng vận động viên chi trả học phí theo quy định của pháp luật.

- Vận động viên đạt thành tích xuất sắc trong các giải thi đấu thể thao quốc gia hoặc quốc tế được xét đặc cách tốt nghiệp trung học cơ sở, trung học phổ thông nếu thời gian thi trùng với thời gian vận động viên tập huấn ở nước ngoài hoặc tham dự thi đấu tại các giải thể thao quốc tế.

Điều 1. Ban hành khung kế hoạch thời gian năm học 2025 - 2026 đối với giáo dục mầm non, giáo dục phổ thông và giáo dục thường xuyên áp dụng trong toàn quốc như sau:

1. Tựu trường sớm nhất trước 01 tuần so với ngày tổ chức khai giảng. Riêng đối với lớp 1, lớp 9, lớp 12 tựu trường sớm nhất trước 02 tuần so với ngày tổ chức khai giảng.

2. Tổ chức khai giảng vào ngày 05 tháng 9 năm 2025.

3. Kết thúc học kỳ I trước ngày 18 tháng 01 năm 2026, hoàn thành chương trình và kết thúc năm học trước ngày 31 tháng 5 năm 2026.

4. Xét công nhận hoàn thành chương trình tiểu học và xét công nhận tốt nghiệp trung học cơ sở trước ngày 30 tháng 6 năm 2026.

5. Hoàn thành tuyển sinh các lớp đầu cấp trước ngày 31 tháng 7 năm 2026.

6. Thi tốt nghiệp trung học phổ thông năm 2026 dự kiến diễn ra trong ngày 11 và ngày 12 tháng 6 năm 2026.

7. Các kỳ thi cấp quốc gia khác được tổ chức theo quy định và hướng dẫn của Bộ Giáo dục và Đào tạo.

[...]

Điều 19. Đối tượng, điều kiện dự thi

1. Đối tượng dự thi gồm:

a) Người đã hoàn thành Chương trình GDPT/GDTX trong năm tổ chức kỳ thi;

b) Người đã hoàn thành Chương trình GDPT/GDTX nhưng chưa tốt nghiệp THPT ở những năm trước;

c) Người đã có Bằng tốt nghiệp THPT dự thi để lấy kết quả làm cơ sở đăng ký xét tuyển sinh;

d) Người đã có Bằng tốt nghiệp trung cấp dự thi để lấy kết quả làm cơ sở đăng ký xét tuyển sinh.

2. Điều kiện dự thi:

a) Các đối tượng dự thi phải ĐKDT và nộp đầy đủ các giấy tờ đúng thời hạn;

b) Đối tượng quy định tại điểm d khoản 1 Điều này phải bảo đảm đã học và thi đạt yêu cầu đủ khối lượng kiến thức văn hóa THPT theo quy định của Luật Giáo dục và các văn bản hướng dẫn hiện hành của Bộ GDĐT.","thue-phi-le-phi","","","","2026-05-20T00:00:00","https://thuvienphapluat.vn/hoi-dap-phap-luat/lich-thi-thpt-quoc-gia-2026-dien-ra-vao-ngay-1161262026-du-kien-dung-khong-138059892.html","2026-05-21T20:51:41.675310+00:00"
"138062956","Lịch nghỉ lễ 2027 - Tổng hợp các ngày lễ 2027 ở Việt Nam chi tiết ra sao?","Lịch nghỉ lễ 2027 - Tổng hợp các ngày lễ 2027 ở Việt Nam chi tiết ra sao?

Nghỉ giải lao theo tính chất của công việc có được tính vào thời giờ làm việc được hưởng lương không?

Cách tính ngày nghỉ hằng năm trong một số trường hợp đặc biệt được quy định cụ thể ra sao?

Lịch nghỉ lễ 2027 - Tổng hợp các ngày lễ 2027 ở Việt Nam chi tiết dưới đây:

Các ngày nghỉ lễ được hưởng nguyên lương trong năm 2027

Căn cứ Điều 112 Bộ luật Lao động 2019 quy định về nghỉ lễ, tết, năm 2027 người lao động được nghỉ các ngày lễ, tết sau đây:

(1) Tết Dương lịch: 01 ngày (ngày 01 tháng 01 dương lịch);

(2) Tết Âm lịch: 05 ngày;

(3) Ngày Chiến thắng: 01 ngày (ngày 30 tháng 4 dương lịch);

(4) Ngày Quốc tế lao động: 01 ngày (ngày 01 tháng 5 dương lịch);

(5) Quốc khánh: 02 ngày (ngày 02 tháng 9 dương lịch và 01 ngày liền kề trước hoặc sau);

(6) Ngày Giỗ Tổ Hùng Vương: 01 ngày (ngày 10 tháng 3 âm lịch).

Lưu ý: Hằng năm, căn cứ vào điều kiện thực tế, sẽ có quyết định cụ thể ngày nghỉ Tết Âm lịch và Quốc khánh.

Các ngày lễ, sự kiện khác trong năm tại Việt Nam và quốc tế

Tên ngày lễ

Ngày

Ông Táo chầu trời

30 tháng 1, 2027

Chiến thắng Ngọc Hồi - Đống Đa

10 tháng 2, 2027

Ngày thành lập Đảng

3 tháng 2, 2027

Tết Nguyên Tiêu

20 tháng 2, 2027

Quốc tế Phụ nữ

8 tháng 3, 2027

Ngày Sách Việt Nam

21 tháng 4, 2027

Ngày Chiến thắng Điện Biện Phủ

7 tháng 5, 2027

Lễ Phật đản

20 tháng 5, 2027

Ngày sinh Chủ tịch Hồ Chí Minh

19 tháng 5, 2027

Tết Đoan ngọ

9 tháng 6, 2027

Ngày quốc tế Thiếu nhi

1 tháng 6, 2027

Ngày Gia đình Việt Nam

28 tháng 6, 2027

Ngày Thương Binh Liệt Sĩ

27 tháng 7, 2027

Ngày cách mạng Tháng Tám

19 tháng 8, 2027

Rằm Tháng Bảy, Vu Lan

16 tháng 8, 2027

Tết Trung thu

15 tháng 9, 2027

Ngày giải phóng Thủ Đô

10 tháng 10, 2027

Ngày Phụ nữ Việt Nam

20 tháng 10, 2027

Ngày Nhà giáo Việt Nam

20 tháng 11, 2027

Ngày hội Quốc phòng Toàn dân

22 tháng 12, 2027

[...]

* Trên đây là Thông tin Lịch nghỉ lễ 2027 - Tổng hợp các ngày lễ 2027 ở Việt Nam chi tiết ra sao?

Lịch nghỉ lễ 2027 - Tổng hợp các ngày lễ 2027 ở Việt Nam chi tiết ra sao? (Hình từ Internet)

Căn cứ Điều 58 Nghị định 145/2020/NĐ-CP có quy định thời giờ được tính vào thời giờ làm việc được hưởng lương như sau:

Như vậy, theo quy định, nghỉ giải lao theo tính chất của công việc thuộc một trong những trường hợp được tính vào thời giờ làm việc được hưởng lương.

Căn cứ Điều 66 Nghị định 145/2020/NĐ-CP, cách tính ngày nghỉ hằng năm trong một số trường hợp đặc biệt như sau:

- Số ngày nghỉ hằng năm của người lao động làm việc chưa đủ 12 tháng theo quy định tại khoản 2 Điều 113 Bộ luật Lao động 2019 được tính như sau: lấy số ngày nghỉ hằng năm cộng với số ngày được nghỉ tăng thêm theo thâm niên (nếu có), chia cho 12 tháng, nhân với số tháng làm việc thực tế trong năm để tính thành số ngày được nghỉ hằng năm.

- Trường hợp người lao động làm việc chưa đủ tháng, nếu tổng số ngày làm việc và ngày nghỉ có hưởng lương của người lao động (nghỉ lễ, tết, nghỉ hằng năm, nghỉ việc riêng có hưởng lương theo Điều 112, Điều 113, Điều 114 và Điều 115 Bộ luật Lao động 2019) chiếm tỷ lệ từ 50% số ngày làm việc bình thường trong tháng theo thỏa thuận thì tháng đó được tính là 01 tháng làm việc để tính ngày nghỉ hằng năm.

- Toàn bộ thời gian người lao động làm việc tại các cơ quan, tổ chức, đơn vị thuộc khu vực nhà nước và doanh nghiệp nhà nước được tính là thời gian làm việc để tính ngày nghỉ hằng năm tăng thêm theo quy định tại Điều 114 Bộ luật Lao động 2019 nếu người lao động tiếp tục làm việc tại các cơ quan, tổ chức, đơn vị thuộc khu vực nhà nước và doanh nghiệp nhà nước.

Điều 58. Thời giờ được tính vào thời giờ làm việc được hưởng lương

1. Nghỉ giữa giờ quy định khoản 2 Điều 64 Nghị định này.

2. Nghỉ giải lao theo tính chất của công việc.

3. Nghỉ cần thiết trong quá trình lao động đã được tính trong định mức lao động cho nhu cầu sinh lý tự nhiên của con người.

4. Thời giờ nghỉ đối với lao động nữ khi mang thai hoặc nuôi con dưới 12 tháng tuổi, trong thời gian hành kinh theo quy định tại khoản 2 và khoản 4 Điều 137 của Bộ luật Lao động.

5. Thời giờ phải ngừng việc không do lỗi của người lao động.

6. Thời giờ hội họp, học tập, tập huấn do yêu cầu của người sử dụng lao động hoặc được người sử dụng lao động đồng ý.

7. Thời giờ người học nghề, tập nghề trực tiếp hoặc tham gia lao động theo quy định tại khoản 5 Điều 61 của Bộ luật Lao động.

8. Thời giờ mà người lao động là thành viên ban lãnh đạo của tổ chức đại diện người lao động tại cơ sở được sử dụng để thực hiện nhiệm vụ theo quy định tại khoản 2 và khoản 3 Điều 176 của Bộ luật Lao động.

9. Thời giờ khám sức khỏe, khám phát hiện bệnh nghề nghiệp, giám định y khoa để xác định mức độ suy giảm khả năng lao động do tai nạn lao động, bệnh nghề nghiệp, nếu thời giờ đó được thực hiện theo sự bố trí hoặc do yêu cầu của người sử dụng lao động.

10. Thời giờ đăng ký, khám, kiểm tra sức khỏe nghĩa vụ quân sự, nếu thời giờ đó được hưởng nguyên lương theo quy định của pháp luật về nghĩa vụ quân sự.","thue-phi-le-phi","","","","2026-05-20T00:00:00","https://thuvienphapluat.vn/hoi-dap-phap-luat/lich-nghi-le-2027--tong-hop-cac-ngay-le-2027-o-viet-nam-chi-tiet-ra-sao-138062956.html","2026-05-21T20:52:11.252171+00:00"
"138091384","CHÍNH THỨC bỏ tờ khai thuế TNCN tháng 4-5-6/2026 thay bằng tờ khai quý 2/2026 đúng hay không?","CHÍNH THỨC bỏ tờ khai thuế TNCN tháng 4-5-6/2026 thay bằng tờ khai quý 2/2026 đúng hay không?

Hạn chót nộp tờ khai thuế TNCN tháng 4 2026 là khi nào?

Hạn chót nộp tờ khai thuế TNCN quý 2 2026 là khi nào?

>>> Hiểu thế nào về bỏ TTHC 2002235 khai thuế TNCN tháng theo quy định mới nhất?

Xem thêm:

>>> Bỏ TTHC 2.002235 kê khai quý/tháng bỏ kê khai tháng thì kê khai thuế TNCN theo trình tự nào?

>>> Tờ khai 05/KK-TNCN tháng 4, 5, 6/2026 chính thức bỏ khai theo tháng chuyển sang kê khai quý 2/2026 ra sao?

>>> CHÍNH THỨC bỏ tờ khai thuế TNCN tháng 4-5-6/2026 thay bằng tờ khai quý 2/2026 đúng hay không?

>>> Hướng dẫn thủ tục khai thuế TNCN tháng 4-5-6/2026 theo thủ tục mới sau khi bỏ khai tháng ra sao?

>>> Hướng dẫn sửa lỗi kỳ kê khai tháng không được phép nộp tờ khai, vui lòng chọn lại kỳ kê khai phù hợp ra sao?

>>> Chính thức bỏ kê khai thuế TNCN tháng 4/2026 chuyển sang kê khai quý 2 ra sao?

Ngày 08/05/2026 Bộ Tài chính đã ban hành Quyết định 1109/QĐ-BTC năm 2026 công bố thủ tục hành chính được sửa đổi, bổ sung, bãi bỏ trong lĩnh vực quản lý thuế, hải quan

Theo đó đã sửa đổi bổ sung Thủ tục hành chính 2.002235 Khai thuế thu nhập cá nhân tháng/quý của tỔ chức, cá nhân trả thu nhập khấu trừ thuế đối với tiền lương, tiền công

Theo thủ tục trên thì không còn kê khai theo tháng, theo đó CHÍNH THỨC bỏ tờ khai thuế TNCN tháng và thay bằng tờ khai quý từ ngày 8/5/2026.

Như vậy đối với khai thuế TNCN tháng 4-5-6 năm 2026 sẽ được chuyển sang thành khai thuế TNCN quý 2 năm 2026.

*Bài viết CHÍNH THỨC bỏ tờ khai thuế TNCN tháng 4-5-6/2026 thay bằng tờ khai quý 2/2026 đúng hay không?

CHÍNH THỨC bỏ tờ khai thuế TNCN tháng 4 5 6 2026 thay bằng tờ khai quý 2 2026 đúng hay không? (Hình từ Internet)

Căn cứ tại khoản 1 Điều 44 Luật Quản lý thuế 2019 quy định về thời hạn nộp hồ sơ khai thuế cụ thể như sau:

Như vậy, hạn chót nộp tờ khai thuế TNCN tháng 4 2026 là ngày 20/5/2026.

Căn cứ tại điểm b khoản 1 Điều 44 Luật Quản lý thuế 2019 quy định về thời hạn nộp hồ sơ khai thuế cụ thể như sau:

Hạn chót nộp tờ khai thuế TNCN quý 2 2026 là 31/7/2026.

*Bài viết CHÍNH THỨC bỏ tờ khai thuế TNCN tháng 4 5 6 2026 thay bằng tờ khai quý 2 2026 đúng hay không?

6. Khai thuế thu nhập cá nhân quý của tổ chức, cá nhân trả thu nhập khấu trừ thuế đối với tiền lương, tiền công (Mã số TTHC 2.002235)

- Trình tự thực hiện:

+Bước 1.

++ Tổ chức, cá nhân trả thu nhập có phát sinh khấu trừ thuế chuẩn bị hồ sơ khai thuế, gửi đến cơ quan Thuế. Thời hạn nộp hồ sơ khai thuế quý chậm nhất là ngày cuối cùng của tháng đầu tiên của quý tiếp theo quý phát sinh nghĩa vụ thuế. Nếu ngày cuối cùng trùng ngày nghỉ lễ, hạn cuối cùng được chuyển sang ngày làm việc tiếp theo.

(Thủ tục đăng ký chứng từ khấu trừ thuế TNCN được thực hiện riêng theo quy định tại Nghị định 70/2025/NĐ-CP của Chính phủ).

[...]

Điều 44. Thời hạn nộp hồ sơ khai thuế

1. Thời hạn nộp hồ sơ khai thuế đối với loại thuế khai theo tháng, theo quý được quy định như sau:

a) Chậm nhất là ngày thứ 20 của tháng tiếp theo tháng phát sinh nghĩa vụ thuế đối với trường hợp khai và nộp theo tháng;

b) Chậm nhất là ngày cuối cùng của tháng đầu của quý tiếp theo quý phát sinh nghĩa vụ thuế đối với trường hợp khai và nộp theo quý.

2. Thời hạn nộp hồ sơ khai thuế đối với loại thuế có kỳ tính thuế theo năm được quy định như sau:

a) Chậm nhất là ngày cuối cùng của tháng thứ 3 kể từ ngày kết thúc năm dương lịch hoặc năm tài chính đối với hồ sơ quyết toán thuế năm; chậm nhất là ngày cuối cùng của tháng đầu tiên của năm dương lịch hoặc năm tài chính đối với hồ sơ khai thuế năm;

b) Chậm nhất là ngày cuối cùng của tháng thứ 4 kể từ ngày kết thúc năm dương lịch đối với hồ sơ quyết toán thuế thu nhập cá nhân của cá nhân trực tiếp quyết toán thuế;

c) Chậm nhất là ngày 15 tháng 12 của năm trước liền kề đối với hồ sơ khai thuế khoán của hộ kinh doanh, cá nhân kinh doanh nộp thuế theo phương pháp khoán; trường hợp hộ kinh doanh, cá nhân kinh doanh mới kinh doanh thì thời hạn nộp hồ sơ khai thuế khoán chậm nhất là 10 ngày kể từ ngày bắt đầu kinh doanh.

[...]

Điều 44. Thời hạn nộp hồ sơ khai thuế

1. Thời hạn nộp hồ sơ khai thuế đối với loại thuế khai theo tháng, theo quý được quy định như sau:

a) Chậm nhất là ngày thứ 20 của tháng tiếp theo tháng phát sinh nghĩa vụ thuế đối với trường hợp khai và nộp theo tháng;

b) Chậm nhất là ngày cuối cùng của tháng đầu của quý tiếp theo quý phát sinh nghĩa vụ thuế đối với trường hợp khai và nộp theo quý.

2. Thời hạn nộp hồ sơ khai thuế đối với loại thuế có kỳ tính thuế theo năm được quy định như sau:

a) Chậm nhất là ngày cuối cùng của tháng thứ 3 kể từ ngày kết thúc năm dương lịch hoặc năm tài chính đối với hồ sơ quyết toán thuế năm; chậm nhất là ngày cuối cùng của tháng đầu tiên của năm dương lịch hoặc năm tài chính đối với hồ sơ khai thuế năm;

b) Chậm nhất là ngày cuối cùng của tháng thứ 4 kể từ ngày kết thúc năm dương lịch đối với hồ sơ quyết toán thuế thu nhập cá nhân của cá nhân trực tiếp quyết toán thuế;

c) Chậm nhất là ngày 15 tháng 12 của năm trước liền kề đối với hồ sơ khai thuế khoán của hộ kinh doanh, cá nhân kinh doanh nộp thuế theo phương pháp khoán; trường hợp hộ kinh doanh, cá nhân kinh doanh mới kinh doanh thì thời hạn nộp hồ sơ khai thuế khoán chậm nhất là 10 ngày kể từ ngày bắt đầu kinh doanh.

[...]","thue-phi-le-phi","","","","2026-05-20T00:00:00","https://thuvienphapluat.vn/hoi-dap-phap-luat/chinh-thuc-bo-to-khai-thue-tncn-thang-4562026-thay-bang-to-khai-quy-22026-dung-hay-khong-138091384.html","2026-05-21T20:52:20.650105+00:00"
"138070046","Xem lịch âm tháng 3 năm 2026 - Lịch vạn niên tháng 3 năm 2026 đầy đủ, chi tiết, mới nhất ra sao? Tháng 3 2026 có ngày lễ lớn nào không?","Xem lịch âm tháng 3 năm 2026 - Lịch vạn niên tháng 3 năm 2026 đầy đủ, chi tiết, mới nhất ra sao? Tháng 3 2026 có ngày lễ lớn nào không?

Người lao động được kiểm tra, giám sát việc trích nộp kinh phí công đoàn tại nơi làm việc không?

Người lao động được tham gia ý kiến về những nội dung nào?

Xem lịch âm tháng 3 năm 2026 - Lịch vạn niên tháng 3 năm 2026 đầy đủ, chi tiết, mới nhất dưới đây:

Lịch Tháng 3 năm 2026

Lịch Tháng 4 năm 2026

Lịch Tháng 5 năm 2026

Có thể thấy:

Theo lịch vạn niên, Tháng 3 năm 2026 âm lịch bao gồm 30 ngày. Trong đó:

- Ngày 01/3/2026 âm lịch sẽ rơi vào ngày 17/4/2026 dương lịch (Thứ sáu)

- Ngày 30/3/2026 âm lịch là ngày 16/5/2026 dương lịch (Thứ bảy).

Ngoài ra, Tháng 3 năm 2026 dương lịch bao gồm 31 ngày, cụ thể:

- Ngày 01/3/2026 dương lịch rơi vào Chủ nhật nhằm ngày 13/1/2026 âm lịch.

- Ngày 31/3/2026 dương lịch rơi vào Thứ ba nhằm ngày 13/2/2026 âm lịch.

Ngoài ra, tại Điều 4 Nghị định 145/2013/NĐ-CP có quy định về các ngày lễ lớn như sau:

Như vậy, trong tháng 3 năm 2026 theo dương lịch, nước ta không có ngày lễ lớn nào. Tuy nhiên, theo lịch âm, nước ta có Ngày Giỗ Tổ Hùng Vương (10-3 Âm lịch) là ngày lễ lớn.

* Trên đây là Thông tin Xem lịch âm tháng 2 năm 2026 - Lịch vạn niên tháng 2 năm 2026 đầy đủ, chi tiết, mới nhất ra sao? Tháng 2 2026 có ngày lễ lớn nào không?

Xem thêm:

>>> Lịch Vạn niên 2026 - Lịch âm 2026 - Lịch dương 2026 chi tiết, đầy đủ 365 ngày tương ứng âm và dương?

>>> Xem lịch âm tháng 1 năm 2026 - Lịch vạn niên tháng 1 năm 2026 đầy đủ, chi tiết, mới nhất ra sao? Tháng 1 2026 có ngày lễ lớn nào không?

Xem lịch âm tháng 3 năm 2026 - Lịch vạn niên tháng 3 năm 2026 đầy đủ, chi tiết, mới nhất ra sao? Tháng 3 2026 có ngày lễ lớn nào không? (Hình từ Internet)

Căn cứ theo Điều 46 Nghị định 145/2020/NĐ-CP quy định nội dung, hình thức người lao động được kiểm tra, giám sát như sau:

Như vậy, theo quy định, người lao động có quyền kiểm tra, giám sát việc trích nộp kinh phí công đoàn tại nơi làm việc.

Tại khoản 1 Điều 44 Nghị định 145/2020/NĐ-CP quy định người lao động được tham gia ý kiến về những nội dung sau:

- Xây dựng, sửa đổi, bổ sung nội quy, quy chế và các văn bản quy định khác của người sử dụng lao động liên quan đến quyền, nghĩa vụ và lợi ích của người lao động;

- Xây dựng, sửa đổi, bổ sung thang lương, bảng lương, định mức lao động; đề xuất nội dung thương lượng tập thể;

- Đề xuất, thực hiện giải pháp tiết kiệm chi phí, nâng cao năng suất lao động, cải thiện điều kiện làm việc, bảo vệ môi trường, phòng chống cháy nổ;

- Nội dung khác liên quan đến quyền, nghĩa vụ và lợi ích của người lao động theo quy định của pháp luật.

Đồng thời, những nội dung quy định tại khoản 1 Điều 44 Nghị định 145/2020/NĐ-CP mà pháp luật quy định cụ thể hình thức người lao động tham gia ý kiến thì thực hiện theo quy định đó; trường hợp pháp luật không quy định cụ thể hình thức thì người lao động căn cứ vào đặc điểm sản xuất, kinh doanh, tổ chức lao động, nội dung người lao động được tham gia ý kiến và quy chế dân chủ ở cơ sở tại nơi làm việc để lựa chọn hình thức sau đây:

- Tham gia ý kiến trực tiếp hoặc thông qua tổ chức đại diện người lao động tại cơ sở, nhóm đại diện đối thoại của người lao động tại hội nghị người lao động, đối thoại tại nơi làm việc;

- Gửi góp ý, kiến nghị trực tiếp;

- Hình thức khác mà pháp luật không cấm.

Điều 4. Các ngày lễ lớn

Các ngày lễ lớn trong nước bao gồm:

1. Ngày Tết Nguyên đán (01 tháng Giêng Âm lịch).

2. Ngày thành lập Đảng Cộng sản Việt Nam (03-02-1930).

3. Ngày Giỗ Tổ Hùng Vương (10-3 Âm lịch).

4. Ngày Giải phóng miền Nam, thống nhất đất nước (30-4-1975).

5. Ngày Chiến thắng Điện Biên Phủ (07-5-1954).

6. Ngày sinh Chủ tịch Hồ Chí Minh (19-5-1890).

7. Ngày Cách mạng Tháng Tám (19-8-1945) và Ngày Quốc khánh nước Cộng hòa xã hội chủ nghĩa Việt Nam (02-9-1945).

Điều 46. Nội dung, hình thức người lao động được kiểm tra, giám sát

1. Người lao động được kiểm tra, giám sát những nội dung sau:

a) Việc thực hiện hợp đồng lao động và thỏa ước lao động tập thể;

b) Việc thực hiện nội quy lao động, quy chế và các văn bản quy định khác của người sử dụng lao động liên quan đến quyền, nghĩa vụ và lợi ích của người lao động;

c) Việc sử dụng quỹ khen thưởng, quỹ phúc lợi, các quỹ do người lao động đóng góp;

d) Việc trích nộp kinh phí công đoàn, đóng bảo hiểm xã hội, bảo hiểm y tế, bảo hiểm thất nghiệp của người sử dụng lao động;

đ) Việc thực hiện thi đua, khen thưởng, kỷ luật, giải quyết khiếu nại, tố cáo liên quan đến quyền, nghĩa vụ và lợi ích của người lao động.

2. Hình thức kiểm tra, giám sát của người lao động thực hiện theo quy định của pháp luật.","thue-phi-le-phi","","","","2026-05-18T00:00:00","https://thuvienphapluat.vn/hoi-dap-phap-luat/xem-lich-am-thang-3-nam-2026--lich-van-nien-thang-3-nam-2026-day-du-chi-tiet-moi-nhat-ra-sao-thang--138070046.html","2026-05-21T20:52:01.151493+00:00"
"138074267","Hướng dẫn quyết toán thuế TNCN 2026 trên eTax Mobile chi tiết thế nào?","Hướng dẫn quyết toán thuế TNCN 2026 trên eTax Mobile chi tiết thế nào?

Hồ sơ khai thuế đối với loại thuế có kỳ tính thuế theo năm bao gồm những gì?

Thời hạn nộp hồ sơ khai thuế đối với loại thuế có kỳ tính thuế theo năm là khi nào?

Tại khoản 2 Điều 44 Luật Quản lý thuế 2019 có quy định về thời hạn nộp quyết toán thuế TNCN 2025 như sau:

- Trường hợp 1: Cá nhân ủy quyền cho tổ chức thực hiện quyết toán thuế TNCN thay cho mình

Thời gian quyết toán thuế TNCN 2025 trong năm 2026 chậm nhất là ngày cuối cùng của tháng thứ 3 kể từ ngày kết thúc năm dương lịch tức chậm nhất là ngày 31/03/2026.

- Trường hợp 2: Cá nhân tự quyết toán thuế TNCN

Thời gian quyết toán thuế TNCN 2025 trong năm 2026 chậm nhất là ngày cuối cùng của tháng thứ 4 kể từ ngày kết thúc năm dương lịch tức ngày 30/4/2026.

Tuy nhiên, căn cứ theo Điều 86 Thông tư 80/2021/TT-BTC quy định trường hợp thời hạn nộp hồ sơ khai thuế, thời hạn nộp thuế trùng với ngày nghỉ theo quy định thì thời hạn nộp hồ sơ khai thuế, thời hạn nộp thuế được tính là ngày làm việc tiếp theo của ngày nghỉ đó theo quy định tại khoản 5 Điều 148 Bộ luật Dân sự 2015.

Theo đó, ngày 30/4/2026 là ngày nghỉ lễ liên tiếp với ngày nghỉ lễ 01/5/2026 và sau đó rơi vào thứ bảy ngày 02/5/2026 và chủ nhật ngày 03/05/2026, do đó thời hạn được kéo dài đến ngày 04/5/2026.

Như vậy, đối với trường hợp cá nhân tự quyết toán thuế TNCN, thời gian quyết toán thuế TNCN 2025 trong năm 2026 chậm nhất là ngày 04/5/2026.

>>> Dưới đây là Hướng dẫn quyết toán thuế TNCN 2026 trên eTax Mobile chi tiết như sau:

Bước 1: Tải ứng dụng eTax Mobile phiên bản 3.2.3 mới nhất

- Đối với hệ điều hành Android: tải ứng dụng trên Google Play.

- Đối với hệ điều hành IOS: tải ứng dụng trên App Store.

Bước 2: Đăng nhập vào eTax Mobile

Bước 3: Chọn menu Hỗ trợ quyết toán thuế TNCN => Hỗ trợ lập tờ khai quyết toán.

Hệ thống sẽ hiển thị màn hình Hỗ trợ lập tờ khai quyết toán gồm:

- Mã số thuế: Hiển thị mặc định mã số thuế đăng nhập, không cho sửa.

- Năm quyết toán: Hiển thị list danh sách năm từ năm 2021 đến năm hiện tại.

Bước 5: Nhấn Tạo tờ khai 02/QTTTNCN gợi ý, hệ thống hiển thị màn hình Tạo tờ khai 02/QTT-TNC gợi ý gồm các thông tin sau:

- Loại tờ khai: Mặc định hiển thị: Chính thức, không cho sửa.

- Năm kê khai: Hiển thị theo năm tra cứu quyết toán, không cho sửa.

- Trường hợp quyết toán: Hiển thị mặc định Quyết toán theo năm dương lịch, không cho sửa.

- Từ tháng: Tự động hiển thị theo năm quyết toán, cho phép sửa.

- Đến tháng: Tự động hiển thị tháng cuối của năm quyết toán

Bước 6: Nhấn Tiếp tục, hệ thống thực hiện xác định cơ quan thuế nộp tờ khai.

- Trường hợp 1: Cá nhân cư trú không ký hợp đồng lao động, hoặc ký hợp đồng lao động dưới 03 tháng, hoặc ký hợp đồng cung cấp dịch vụ có thu nhập tại một nơi hoặc nhiều nơi đã khấu trừ 10%, hệ thống hỗ trợ hiển thị màn hình chọn Tỉnh/Thành phố, Quận/Huyện.

- Trường hợp 2: Cá nhân cư trú có thu nhập tiền lương, tiền công tại một nơi và thuộc diện tự khai thuế trong năm, hệ thống hỗ trợ hiển thị luôn cơ quan thuế nơi cá nhân nộp hồ sơ khai QTT (theo cơ quan thuế nơi cá nhân nộp hồ sơ khai thuế trong năm tờ khai 02/KK). Cá nhân không phải tích chọn hoặc điền bất kỳ thông tin gì.

- Trường hợp 3: Cá nhân:

+ Chỉ có 02KK-TNCN có nhiều CQT khác sau thì hệ thống thực hiện so sánh hiển thị luôn CQT nơi có nguồn thu nhập lớn nhất.

+ Đồng thời có 05QTT và 02KK thì hệ thống so sánh lấy nơi có nguồn thu nhập lớn nhất trong năm.

Lưu ý: Trường hợp các nơi có nguồn thu nhập bằng nhau thì hệ thống hiển thị danh sách Cơ quan thuế để NNT tự chọn.

Các trường hợp khác (ngoài 3 trường hợp trên) hệ thống hiển thị theo các câu hỏi để người nộp thuế chọn và nhập.

Bước 7: Sau khi xác định cơ quan thuế, hệ thống hiển thị màn hình Thông tin chung gồm:

- Cơ quan thuế quyết toán.

- Tên người nộp thuế: Tự động hiển thị tên của NNT, không cho phép sửa.

- Mã số thuế: Tự động hiển thị MST của NNT, không cho phép sửa.

- Địa chỉ: Tự động hiển thị theo thông tin ĐKT, cho phép sửa.

- Tỉnh/Thành phố: Tự động hiển thị theo thông tin ĐKT, cho phép chọn lại.

- Quận/Huyện: Tự động hiển thị theo thông tin ĐKT, cho phép chọn lại.

- Điện thoại: Tự động hiển thị, không cho sửa.

- Fax: Tự động hiển thị, không cho sửa.

- Email: Tự động hiển thị, không cho sửa.

- Mã số thuế tổ chức trả thu nhập: Tự động hiển thị, không cho sửa.

- Tên tổ chức trả thu nhập: Tự động hiển thị, không cho sửa.

- Địa chỉ: Tự động hiển thị theo đăng ký thuế của MST tổ chức trả thu nhập, không cho phép sửa.

- Quận/Huyện: Tự động hiển thị theo đăng ký thuế của MST tổ chức trả thu nhập, không cho phép sửa.

- Tỉnh/Thành phố: Tự động hiển thị theo đăng ký thuế của MST tổ chức trả thu nhập, không cho sửa.

Bước 8: Nhấn Tiếp tục, hệ thống hiển thị màn kê khai các chỉ tiêu trên tờ khai từ [20] đến [48], cho phép sửa dữ liệu.

Lưu ý: Chỉ tiêu [24] = Tổng số dòng trên bảng kê 02-1/BK-QTT-TNCN.

8.1. Trường hợp NNT nhấn Bảng kê 02-1/BK-QTT-TNCN, hệ thống hiển thị màn hình bảng kê 02-1/BK-QTTTNCN để NNT nhập:

Chọn Thêm mới người phụ thuộc, hệ thống hiển thị màn hình thông tin người phụ thuộc gồm các thông tin:

- Họ và tên [10]: Mặc định trống, bắt buộc nhập.

- Mã số thuế [11]: Mặc định trống, bắt buộc nhập/chọn 1 trong 2 chỉ tiêu [11] hoặc [12].

- Loại giấy tờ [12]: Mặc định trống, cho chọn trong danh sách.

- Số giấy tờ [13]: Mặc định trống, bắt buộc nhập nếu NSD chọn Loại giấy tờ.

- Ngày sinh [14]: Hiển thị mặc định ngày hiện tại, cho phép chọn lại.

- Quan hệ với người nộp thuế [15]: Mặc định trống, cho chọn trong danh sách.

Mục Thời gian được tính giảm trừ trong năm

- Từ tháng [16]: Mặc định trống, bắt buộc nhập.

- Đến tháng [17]: Mặc định trống, bắt buộc nhập.

Sau đó chọn Tiếp tục, hệ thống hiển thị Thông tin người phụ thuộc đã thêm.

NNT nhấn Xem chi tiết người phụ thuộc, hệ thống hiển thị màn hình Thông tin chi tiết.

Chọn Tiếp tục, hệ thống chuyển sang màn hình Thông tin hỗ trợ quyết toán thuế và lưu thông tin người phụ thuộc tại bảng kê 02-1/BK-QTTTNCN.

8.2 Trường hợp chỉ tiêu [46] > 0, hệ thống hiển thị Nhập thông tin hoàn trả:

Nhập thông tin hoàn trả, hệ thống hiển thị màn hình nhập thông tin hoàn trả gồm các thông tin:

- Số tiền hoàn trả: Hiển thị theo số tiền tại chỉ tiêu [46], không cho sửa

- Hình thức hoàn trả: Mặc định Chuyển khoản, cho chọn lại Tiền mặt.

Tại màn hình chọn Chuyển khoản điền các thông tin sau:

- Tên chủ tài khoản: Tự động hiển thị tên NNT, không cho sửa.

- Số tài khoản: Mặc định trống, bắt buộc nhập.

- Tỉnh/Thành phố: Mặc định trống, bắt buộc chọn trong danh sách.

- Tại ngân hàng/KBNN: Mặc định trống, bắt buộc chọn trong danh sách.

Tại màn hình chọn Tiền mặt hiển thị thông tin như sau:

- Tên người nhận tiền: Mặc định trống, bắt buộc nhập.

- Loại giấy tờ: Mặc định trống, bắt buộc chọn.

- CMND/CCCD/HC số: Mặc định trống, bắt buộc nhập.

- Ngày cấp: Mặc định ngày hiện tại, cho chọn lại.

- Nơi cấp: Mặc định trống, bắt buộc nhập.

- Nơi nhận hoàn tiền thuế: Mặc định trống, bắt buộc nhập.

Lưu ý: Chỉ hỗ trợ hoàn trả Tiền mặt trong trường hợp số tiền nhỏ hơn hoặc bằng 5.000.000 VND.

Sau đó chọn Tiếp tục, hệ thống chuyển sang màn hình Thông tin hỗ trợ quyết toán thuế và lưu thông tin hoàn trả NNT đã nhập.

8.3. Trường hợp chỉ tiêu [47] > 0, hệ thống hiển thị button Đề nghị bù trừ.

NNT nhấn Đề nghị bù trừ, hệ thống tự động hiển thị tất cả các khoản nộp đã quá hạn của NNT.

Lưu ý: NNT kê khai chỉ tiêu [47] Số thuế bù trừ cho khoản phải nộp ngân sách nhà nước khác = Tổng chỉ tiêu (12) Tổng Số tiền còn phải nộp đề nghị bù trừ với số tiền nộp thừa.

Sau đó chọn Tiếp tục, hệ thống chuyển sang màn hình Thông tin hỗ trợ quyết toán thuế và lưu thông tin đề nghị bù trừ đã nhập.

Bước 9: Tiếp tục, hệ thống hiển thị màn hình hoàn thành tờ khai 02 QTT.

Bước 10: Nộp tờ khai, hệ thống hiển thị màn hình Đính kèm phụ lục, bắt buộc đính kèm ít nhất 1 tài liệu.

Bước 11: Tiếp tục, hệ thống hiển thị màn nhập OTP được gửi về số điện thoại của NNT.

Bước 12: Chọn Xác nhận, hệ thống hiển thị màn thông báo Nộp tờ khai thành công.

Trên đây là Thông tin về Hướng dẫn quyết toán thuế TNCN 2025 trên eTax Mobile chi tiết thế nào?

Hướng dẫn quyết toán thuế TNCN 2026 trên eTax Mobile chi tiết thế nào? (Hình từ Internet)

Căn cứ theo khoản 3 Điều 43 Luật Quản lý thuế 2019 quy định hồ sơ khai thuế đối với loại thuế có kỳ tính thuế theo năm bao gồm:

- Hồ sơ khai thuế năm gồm tờ khai thuế năm và các tài liệu khác có liên quan đến xác định số tiền thuế phải nộp;

- Hồ sơ khai quyết toán thuế khi kết thúc năm gồm tờ khai quyết toán thuế năm, báo cáo tài chính năm, tờ khai giao dịch liên kết; các tài liệu khác có liên quan đến quyết toán thuế.

Căn cứ theo khoản 2 Điều 44 Luật Quản lý thuế 2019 quy định về thời hạn nộp hồ sơ khai thuế đối với loại thuế có kỳ tính thuế theo năm như sau:

- Chậm nhất là ngày cuối cùng của tháng thứ 3 kể từ ngày kết thúc năm dương lịch hoặc năm tài chính đối với hồ sơ quyết toán thuế năm; chậm nhất là ngày cuối cùng của tháng đầu tiên của năm dương lịch hoặc năm tài chính đối với hồ sơ khai thuế năm;

- Chậm nhất là ngày cuối cùng của tháng thứ 4 kể từ ngày kết thúc năm dương lịch đối với hồ sơ quyết toán thuế thu nhập cá nhân của cá nhân trực tiếp quyết toán thuế;

- Chậm nhất là ngày 15 tháng 12 của năm trước liền kề đối với hồ sơ khai thuế khoán của hộ kinh doanh, cá nhân kinh doanh nộp thuế theo phương pháp khoán; trường hợp hộ kinh doanh, cá nhân kinh doanh mới kinh doanh thì thời hạn nộp hồ sơ khai thuế khoán chậm nhất là 10 ngày kể từ ngày bắt đầu kinh doanh.

Trên đây là Thông tin về Hướng dẫn quyết toán thuế TNCN 2026 trên eTax Mobile chi tiết thế nào?","thue-phi-le-phi","","","","2026-05-09T00:00:00","https://thuvienphapluat.vn/hoi-dap-phap-luat/huong-dan-quyet-toan-thue-tncn-2026-tren-etax-mobile-chi-tiet-the-nao-138074267.html","2026-05-21T20:51:53.240375+00:00"
"138087940","Doanh nghiệp đã nộp thuế GTGT nhưng vẫn bị treo nợ, xử lý thế nào?","Tại Hội nghị đối thoại với các doanh nghiệp nhỏ và vừa trên địa bàn Thành phố Hà Nội năm 2026   Tải về , công ty đặt câu hỏi về việc doanh nghiệp đã nộp thuế giá trị gia tăng đầy đủ theo tài khoản hàng tháng có giấy nộp thuế vào ngân sách nhà nước.

Tuy nhiên tra trên dịch vụ công vẫn bị treo nợ thuế từ tháng 09/2025-01/2026 và bị gửi công văn tính phạt chậm nộp. Đề nghị Thuế cơ sở 11 thành phố Hà Nội sớm xử lý và trả lời doanh nghiệp.

Trả câu hỏi về việc vẫn bị treo nợ thuế trên Dịch vụ công dù đã nộp thuế đầy đủ và bị gửi công văn tính phạt chậm nộp, Trưởng Thuế Hà Nội đề nghị:

Hướng dẫn các bước kiểm tra, xử lý việc nộp thuế giá trị gia tăng

Thứ nhất,  người nộp thuế rà soát lại các thông tin trên giấy nộp tiền. Trường hợp nếu phát hiện giấy nộp tiền có sai sót dẫn đến phát sinh tình trạng nợ thuế và tiền chậm nộp thì người nộp thuế lập thư tra soát mẫu số 01 theo  Thông tư 80/2021/TT-BTC  của Bộ Tài chính, nêu rõ thông tin sai, thông tin đúng và số tiền cần điều chỉnh.

Thứ hai,  khi có thư tra soát và kiểm tra lại đúng thì người nộp thuế không bị tính tiền chậm nộp kể từ ngày nộp tiền vào ngân sách nhà nước.

Thứ ba,  đối với trường hợp cụ thể của Công ty thì Công ty đã nộp nhầm vào mã số thuế của công ty mẹ, tức là không đúng mã số thuế của chi nhánh dẫn đến số nợ vẫn đang treo trên số của chi nhánh. Đề nghị là công ty lập thư tra soát mẫu số 01 để cơ quan thuế phối hợp xử lý.

* Trên đây là Thông tin Doanh nghiệp đã nộp thuế GTGT nhưng vẫn bị treo nợ, xử lý thế nào?

>>>  Công văn 1479/TNI-QLDN1 về xuất hóa đơn tiền đặt cọc để đảm bảo thực hện hợp đồng chi tiết như thế nào?

>>>  Công văn 5575/DON-QLDN2 về kê khai thuế GTGT dự án đầu tư chi tiết như thế nào?

Doanh nghiệp đã nộp thuế GTGT nhưng vẫn bị treo nợ, xử lý thế nào? (Hình từ Internet)

Theo Điều 13  Luật Thuế giá trị gia tăng 2024  quy định các hành vi bị nghiêm cấm trong khấu trừ, hoàn thuế như sau:

- Mua, cho, bán, tổ chức quảng cáo, môi giới mua, bán hóa đơn.

- Tạo lập giao dịch mua, bán hàng hóa, cung cấp dịch vụ không có thật hoặc giao dịch không đúng quy định của pháp luật.

- Lập hóa đơn bán hàng hóa, cung cấp dịch vụ trong thời gian tạm ngừng hoạt động kinh doanh, trừ trường hợp lập hóa đơn giao cho khách hàng để thực hiện các hợp đồng đã ký trước ngày thông báo tạm ngừng kinh doanh.

- Sử dụng hóa đơn, chứng từ không hợp pháp, sử dụng không hợp pháp hóa đơn, chứng từ theo quy định của Chính phủ.

- Không chuyển dữ liệu hóa đơn điện tử về cơ quan thuế theo quy định.

- Làm sai lệch, sử dụng sai mục đích, truy cập trái phép, phá hủy hệ thống thông tin về hóa đơn, chứng từ.

- Đưa, nhận, môi giới hối lộ hoặc thực hiện các hành vi khác liên quan đến hóa đơn, chứng từ để được khấu trừ thuế, hoàn thuế, chiếm đoạt tiền thuế, trốn thuế giá trị gia tăng.

- Thông đồng, bao che; móc nối giữa công chức quản lý thuế, cơ quan quản lý thuế và cơ sở kinh doanh, người nhập khẩu, giữa các cơ sở kinh doanh, người nhập khẩu trong việc sử dụng hóa đơn, chứng từ không hợp pháp, sử dụng không hợp pháp hóa đơn, chứng từ để được khấu trừ thuế, hoàn thuế, chiếm đoạt tiền thuế, trốn thuế giá trị gia tăng.

Căn cứ tại khoản 1 Điều 44  Luật Quản lý thuế 2019  quy định về thời hạn nộp hồ sơ khai thuế cụ thể như sau:

Điều 44. Thời hạn nộp hồ sơ khai thuế

1. Thời hạn nộp hồ sơ khai thuế đối với loại thuế khai theo tháng, theo quý được quy định như sau:

a) Chậm nhất là ngày thứ 20 của tháng tiếp theo tháng phát sinh nghĩa vụ thuế đối với trường hợp khai và nộp theo tháng;

b) Chậm nhất là ngày cuối cùng của tháng đầu của quý tiếp theo quý phát sinh nghĩa vụ thuế đối với trường hợp khai và nộp theo quý.

2. Thời hạn nộp hồ sơ khai thuế đối với loại thuế có kỳ tính thuế theo năm được quy định như sau:

a) Chậm nhất là ngày cuối cùng của tháng thứ 3 kể từ ngày kết thúc năm dương lịch hoặc năm tài chính đối với hồ sơ quyết toán thuế năm; chậm nhất là ngày cuối cùng của tháng đầu tiên của năm dương lịch hoặc năm tài chính đối với hồ sơ khai thuế năm;

[...]

Như vậy, đối với trường hợp khai thuế GTGT quý 1 năm 2026, hạn nộp hồ sơ khai thuế chậm nhất là vào ngày cuối cùng của tháng đầu của quý tiếp theo quý phát sinh nghĩa vụ thuế, tức ngày 30/04/2026.

Tuy nhiên vì ngày 30/4/2026 và 1/5/2026 là 02 ngày nghỉ lễ của nước ta, do đó, thời hạn nộp tờ khai thuế GTGT quý 1 sẽ được dời sang Thứ hai 4/5/2026.","thue-phi-le-phi","","","","2026-04-21T10:01:00","https://thuvienphapluat.vn/hoi-dap-phap-luat/doanh-nghiep-da-nop-thue-gtgt-nhung-van-bi-treo-no-xu-ly-the-nao-138087940.html","2026-04-21T03:44:38.878251+00:00"
"138088023","Lịch nộp tờ khai thuế tháng 4 năm 2026 là ngày nào?","Căn cứ tại khoản 1 Điều 44  Luật Quản lý thuế 2019  quy định về thời hạn nộp hồ sơ khai thuế cụ thể như sau:

Điều 44. Thời hạn nộp hồ sơ khai thuế

1. Thời hạn nộp hồ sơ khai thuế đối với loại thuế khai theo tháng, theo quý được quy định như sau:

a) Chậm nhất là ngày thứ 20 của tháng tiếp theo tháng phát sinh nghĩa vụ thuế đối với trường hợp khai và nộp theo tháng;

b) Chậm nhất là ngày cuối cùng của tháng đầu của quý tiếp theo quý phát sinh nghĩa vụ thuế đối với trường hợp khai và nộp theo quý.

2. Thời hạn nộp hồ sơ khai thuế đối với loại thuế có kỳ tính thuế theo năm được quy định như sau:

a) Chậm nhất là ngày cuối cùng của tháng thứ 3 kể từ ngày kết thúc năm dương lịch hoặc năm tài chính đối với hồ sơ quyết toán thuế năm; chậm nhất là ngày cuối cùng của tháng đầu tiên của năm dương lịch hoặc năm tài chính đối với hồ sơ khai thuế năm;

[...]

Theo đó, lịch nộp tờ khai thuế giá trị gia tăng và thuế thu nhập cá nhân tháng 4 2026 chậm nhất là ngày thứ 20 của tháng tiếp theo tháng phát sinh nghĩa vụ thuế.

Bên cạnh đó, trường hợp thời hạn nộp hồ sơ khai thuế trùng với ngày nghỉ theo quy định thì thời hạn  nộp hồ sơ khai thuế được tính là ngày làm việc tiếp theo của ngày nghỉ đó theo quy định tại  Bộ Luật Dân sự 2015  (Điều 86  Thông tư 80/2021/TT-BTC ).

Như vậy, thời gian nộp tờ khai thuế giá trị gia tăng và thuế thu nhập cá nhân tháng 4 2026 chậm nhất là ngày 20/5/2026 (Thứ Tư).

* Trên đây là Thông tin Lịch nộp tờ khai thuế tháng 4 năm 2026 là ngày nào?

Xem thêm

>>>   Doanh nghiệp chế xuất mua hàng từ nội địa có được trừ khi xác định thu nhập chịu thuế TNDN?

>>>   Công văn 4014/DON-QLDN1 hướng dẫn chuyển lợi nhuận ra nước ngoài chi tiết ra sao?

Lịch nộp tờ khai thuế tháng 4 năm 2026 là ngày nào? (Hình từ Internet)

Tại Điều 35  Luật Quản lý thuế 2025  quy định như sau:

Điều 35. Hệ thống thông tin quản lý thuế

1. Hệ thống thông tin quản lý thuế xử lý tập trung, tích hợp; cung cấp các dịch vụ công trực tuyến toàn trình, dịch vụ số cho người nộp thuế; bảo đảm thu thập, xử lý, lưu trữ, cập nhật và quản lý thông tin, dữ liệu chính xác, đầy đủ, kịp thời. Toàn bộ quá trình này được ghi nhận, lưu lịch sử trên hệ thống.

2. Cơ sở dữ liệu quản lý thuế được xây dựng, phát triển và vận hành trên nền tảng dữ liệu số, kết nối và đồng bộ với hệ thống cơ sở dữ liệu quốc gia, cơ sở dữ liệu của các Bộ, ngành, các tổ chức hợp tác quốc tế và tổ chức có liên quan. Cơ quan quản lý thuế được quyền thu thập, tiếp cận, sử dụng và mua sắm các cơ sở dữ liệu thương mại có sẵn trên thị trường theo quy định của pháp luật

[...]

Như vậy, cơ sở dữ liệu quản lý thuế được xây dựng, phát triển và vận hành trên nền tảng dữ liệu số, kết nối và đồng bộ với hệ thống cơ sở dữ liệu quốc gia, cơ sở dữ liệu của các Bộ, ngành, các tổ chức hợp tác quốc tế và tổ chức có liên quan. Cơ quan quản lý thuế được quyền thu thập, tiếp cận, sử dụng và mua sắm các cơ sở dữ liệu thương mại có sẵn trên thị trường theo quy định của pháp luật

Căn cứ theo khoản 2 Điều 37  Luật Quản lý thuế 2025  quy định từ ngày 1/7/2026, người nộp thuế có các nghĩa vụ sau:

[1]  Đăng ký thuế, sử dụng mã số thuế theo quy định;

[2]  Khai chính xác, trung thực, đầy đủ và nộp hồ sơ thuế đúng hạn; chịu trách nhiệm trước pháp luật về tính chính xác, trung thực, đầy đủ của hồ sơ thuế và các tài liệu cung cấp cho cơ quan quản lý thuế trong quá trình giải quyết hồ sơ thuế;

[3]  Nộp đầy đủ, đúng hạn các khoản thuế, khoản thu khác, tiền chậm nộp, tiền phạt. Trường hợp số tiền phải nộp đã được cơ quan quản lý thuế cung cấp mã định danh khoản phải nộp thì người nộp thuế nộp theo mã định danh khoản phải nộp;

[4]  Tuân thủ chế độ kế toán, thống kê, sử dụng hóa đơn, chứng từ theo quy định;

[5]  Ghi chép, ghi nhận chính xác, trung thực, đầy đủ những hoạt động phát sinh nghĩa vụ thuế, khấu trừ thuế và giao dịch phải kê khai thông tin về thuế;

[6]  Lập và giao hóa đơn, chứng từ cho người mua theo đúng số lượng, chủng loại, giá trị thực thanh toán khi bán hàng hóa, cung cấp dịch vụ theo quy định của pháp luật;

[7]  Cung cấp chính xác, đầy đủ, kịp thời thông tin, tài liệu liên quan đến việc xác định nghĩa vụ thuế dưới dạng văn bản giấy hoặc điện tử; cung cấp thông tin cho cơ quan quản lý thuế để thực hiện trao đổi thông tin với cơ quan quản lý thuế nước ngoài theo điều ước quốc tế, thỏa thuận quốc tế về thuế mà nước Cộng hòa xã hội chủ nghĩa Việt Nam là thành viên hoặc là bên ký kết; giải thích việc tính thuế, khoản thu khác, khai thuế, khoản thu khác, nộp thuế, khoản thu khác theo yêu cầu của cơ quan quản lý thuế;

[8]  Chấp hành quyết định, thông báo, yêu cầu của cơ quan quản lý thuế và công chức quản lý thuế theo quy định của pháp luật;

[9]  Chịu trách nhiệm thực hiện nghĩa vụ thuế, khoản thu khác theo quy định của pháp luật bao gồm cả trong trường hợp người đại diện theo pháp luật hoặc đại diện theo ủy quyền thay mặt người nộp thuế thực hiện thủ tục về thuế, khoản thu khác sai quy định;

[10]  Vận hành hạ tầng kỹ thuật để thực hiện giao dịch điện tử, kết nối thông tin nghĩa vụ thuế với cơ quan quản lý thuế;

[11]  Sử dụng đúng mục đích các hàng hóa, dịch vụ miễn thuế, khoản thu khác, không chịu thuế theo kê khai; nếu thay đổi mục đích, phải kê khai lại và nộp tiền thuế, khoản thu khác và các khoản phát sinh theo quy định của pháp luật;

[12]  Người nộp thuế có giao dịch liên kết phải lập, lưu trữ, kê khai, cung cấp hồ sơ về giao dịch liên kết và các bên liên kết của người nộp thuế, kể cả bên liên kết ở nước ngoài;

[13]  Người nộp thuế là doanh nghiệp xã hội có trách nhiệm kê khai chính xác, trung thực và đầy đủ các khoản thu từ hoạt động hợp tác, tài trợ và hợp đồng kinh tế với tổ chức, cá nhân nước ngoài sử dụng cho mục đích xã hội, môi trường theo quy định của pháp luật về thuế và pháp luật có liên quan;

[14]  Người nộp thuế phải nộp số tiền thuế, khoản thu khác ấn định theo quyết định xử lý về thuế, khoản thu khác của cơ quan quản lý thuế. Trường hợp không đồng ý với số tiền thuế, khoản thu khác do cơ quan quản lý thuế ấn định thì người nộp thuế vẫn phải nộp số tiền thuế, khoản thu khác đó, đồng thời có quyền đề nghị cơ quan quản lý thuế giải thích hoặc khiếu nại, khởi kiện về việc ấn định thuế. Người nộp thuế có trách nhiệm cung cấp các hồ sơ, tài liệu để chứng minh cho việc khiếu nại, khởi kiện;

[15]  Khi cơ quan quản lý thuế kiểm tra thuế, người nộp thuế có nghĩa vụ chấp hành quyết định kiểm tra thuế tại trụ sở người nộp thuế của cơ quan quản lý thuế; chấp hành thông báo yêu cầu giải trình, bổ sung thông tin, tài liệu của cơ quan quản lý thuế; cung cấp kịp thời, đầy đủ, chính xác, trung thực các thông tin, tài liệu liên quan đến nội dung kiểm tra thuế; ký biên bản kiểm tra thuế trong thời hạn quy định của pháp luật; chấp hành kết luận, quyết định xử lý kết quả kiểm tra thuế.

* Trên đây là Thông tin Lịch nộp tờ khai thuế tháng 4 năm 2026 là ngày nào?","thue-phi-le-phi","","","","2026-04-21T10:00:00","https://thuvienphapluat.vn/hoi-dap-phap-luat/lich-nop-to-khai-thue-thang-4-nam-2026-la-ngay-nao-138088023.html","2026-04-21T03:44:43.084244+00:00"
"138088081","Chậm nộp hồ sơ khai thuế do lỗi Dịch vụ công thì không bị xử phạt đúng không?","Chậm nộp hồ sơ do lỗi hệ thống Dịch vụ công (được cơ quan thuế thông báo chính thức trên cổng thông tin) được xác định là sự kiện bất khả kháng, do đó không bị xử phạt vi phạm hành chính.

Cụ thể chính xác theo quy định dưới đây:

Căn cứ khoản 1 Điều 9  Nghị định 125/2020/NĐ-CP  quy định không xử phạt vi phạm hành chính về thuế, hóa đơn đối với các trường hợp không xử phạt vi phạm hành chính theo quy định của pháp luật về xử lý vi phạm hành chính.

Cụ thể Điều 11  Luật Xử lý vi phạm hành chính 2012  quy định những trường hợp không xử phạt vi phạm hành chính bao gồm:

- Thực hiện hành vi vi phạm hành chính trong tình thế cấp thiết;

- Thực hiện hành vi vi phạm hành chính do phòng vệ chính đáng;

- Thực hiện hành vi vi phạm hành chính do sự kiện bất ngờ;

- Thực hiện hành vi vi phạm hành chính do sự kiện bất khả kháng;

- Người thực hiện hành vi vi phạm hành chính không có năng lực trách nhiệm hành chính; người thực hiện hành vi vi phạm hành chính chưa đủ tuổi bị xử phạt vi phạm hành chính theo quy định tại điểm a khoản 1 Điều 5  Luật Xử lý vi phạm hành chính 2012

Lưu ý:   Trường hợp người nộp thuế chậm thực hiện thủ tục bằng phương thức điện tử do sự cố kỹ thuật của hệ thống công nghệ thông tin được thông báo trên Cổng thông tin điện tử của cơ quan thuế thuộc trường hợp thực hiện hành vi vi phạm do sự kiện bất khả kháng.

Như vậy, trường hợp người nộp thuế chậm nộp hồ sơ khai thuế do sự cố kỹ thuật của hệ thống Dịch vụ công (được cơ quan thuế thông báo chính thức trên cổng thông tin) được xác định là sự kiện bất khả kháng, do đó không bị xử phạt vi phạm hành chính.

Tuy nhiên, cần lưu ý:

Theo khoản 14 Điều 2  Luật Xử lý vi phạm hành chính 2012  cũng đã quy định rõ sự kiện bất khả kháng là sự kiện xảy ra một cách khách quan không thể lường trước được và không thể khắc phục được mặc dù đã áp dụng mọi biện pháp cần thiết và khả năng cho phép.

- Trường hợp hồ sơ khai thuế vẫn có thể nộp qua các phương thức điện tử khác (ví dụ: hệ thống eTax hoạt động bình thường), thì người nộp thuế có trách nhiệm chủ động nộp hồ sơ đúng hạn qua các kênh thay thế.

- Nếu không thực hiện nộp qua các hệ thống còn hoạt động mà dẫn đến chậm nộp hồ sơ khai thuế, thì vẫn có thể bị xử phạt theo quy định.

Xem thêm:

>>  02 cách sửa lỗi cài đặt eSigner ký điện tử trên Dịch vụ công như thế nào?

>>  Hướng dẫn chấm dứt hiệu lực mã số thuế của HKD, CNKD trên Dịch vụ công thế nào?

Chậm nộp hồ sơ khai thuế do lỗi Dịch vụ công thì không bị xử phạt đúng không? (Hình từ Internet)

Căn cứ khoản 3 Điều 9  Thông tư 19/2021/TT-BTC  trường hợp giao dịch điện tử không thực hiện được do lỗi Cổng thông tin điện tử của Cục Thuế trong ngày cuối cùng của thời hạn nộp hồ sơ thuế, nộp thuế thì:

- Cục Thuế có trách nhiệm thông báo kịp thời thời điểm sự cố của hệ thống, thời điểm hệ thống tiếp tục hoạt động (theo mẫu số 02/TB-TĐT ban hành kèm theo Thông tư này) trên Trang thông tin điện tử (www.gdt.gov.vn) và Cổng thông tin điện tử của Cục Thuế.

- Người nộp thuế nộp hồ sơ thuế, chứng từ nộp NSNN điện tử trong ngày tiếp theo liền kề ngày Cổng thông tin điện tử của Cục Thuế tiếp tục hoạt động, trừ trường hợp người nộp thuế có yêu cầu và đã thực hiện nộp hồ sơ bản giấy trực tiếp tại cơ quan thuế, nộp thuế qua các kênh giao dịch điện tử khác theo quy định tại khoản 2 Điều 4 Thông tư này hoặc bằng phương thức nộp thuế trực tiếp tại ngân hàng/KBNN theo quy định tại  Nghị định 11/2020/NĐ-CP  và các văn bản hướng dẫn thi hành. Hồ sơ thuế, chứng từ nộp NSNN điện tử nộp trong thời gian này là đúng hạn.

- Trường hợp Cổng thông tin điện tử của Cục Thuế lỗi sau giờ hành chính của ngày cuối cùng của thời hạn nộp hồ sơ thuế, nộp thuế nếu người nộp thuế có yêu cầu nộp hồ sơ bản giấy trực tiếp tại cơ quan thuế, nộp thuế qua các kênh giao dịch điện tử khác theo quy định tại khoản 2 Điều 4 Thông tư này hoặc bằng phương thức nộp thuế trực tiếp tại ngân hàng/KBNN theo quy định tại  Nghị định 11/2020/NĐ-CP  và các văn bản hướng dẫn thi hành thì cơ quan thuế, KBNN, ngân hàng thực hiện tiếp nhận và giải quyết cho người nộp thuế theo quy định. Hồ sơ thuế, chứng từ nộp NSNN bằng giấy nộp nêu trên nộp vào ngày làm việc tiếp theo liền kề ngày Cổng thông tin điện tử của Cục Thuế bị lỗi là đúng hạn.

Căn cứ khoản 1 Điều 8  Thông tư 19/2021/TT-BTC  quy định người nộp thuế thực hiện nộp hồ sơ thuế điện tử, nộp thuế điện tử vào thời gian như sau:

- Người nộp thuế được thực hiện các giao dịch thuế điện tử  24 giờ trong ngày  (kể từ 00:00:00 giờ đến 23:59:59 giờ) và  7 ngày trong tuần , bao gồm cả ngày nghỉ, ngày lễ và ngày Tết.

- Thời gian người nộp thuế nộp hồ sơ được xác định là trong ngày nếu hồ sơ được ký gửi thành công trong khoảng thời gian từ 00:00:00 giờ đến 23:59:59 giờ của ngày.","thue-phi-le-phi","","","","2026-04-21T10:00:00","https://thuvienphapluat.vn/hoi-dap-phap-luat/cham-nop-ho-so-khai-thue-do-loi-dich-vu-cong-thi-khong-bi-xu-phat-dung-khong-138088081.html","2026-04-21T03:44:46.847180+00:00"
"138087999","Qua 30/4 còn làm hoàn thuế TNCN tự động được không?","Người nộp thuế vẫn được thực hiện hoàn thuế TNCN tự động sau ngày 30/4/2026 nếu đáp ứng đủ điều kiện về dữ liệu quyết toán và hồ sơ hợp lệ.

Cụ thể theo khoản 3 Điều 60  Luật Quản lý thuế 2019  (hết hiệu lực 01/7/2026) có quy định như sau:

Điều 60. Xử lý số tiền thuế, tiền chậm nộp, tiền phạt nộp thừa

[...]

3. Không hoàn trả số tiền thuế, tiền chậm nộp, tiền phạt nộp thừa và cơ quan quản lý thuế thực hiện thanh khoản số tiền nộp thừa trên sổ kế toán, trên hệ thống dữ liệu điện tử trong các trường hợp sau đây:

...

c) Khoản nộp thừa quá thời hạn 10 năm kể từ ngày nộp tiền vào ngân sách nhà nước mà người nộp thuế không bù trừ nghĩa vụ thuế và không hoàn thuế.

Xem quy định mới tại khoản 4 Điều 15  Luật Quản lý thuế 2025

Theo quy định nêu trên, người nộp thuế chỉ được đề nghị hoàn thuế trong thời hạn 10 năm kể từ ngày hết hạn nộp hồ sơ khai thuế của kỳ phát sinh số thuế nộp thừa.

Quá thời hạn này, nếu không gửi yêu cầu hoàn thuế thì số thuế TNCN nộp dư sẽ không được giải quyết hoàn.

Đồng thời tại Mục III  Công văn 1296/CT-NVT năm 2026  có hướng dẫn như sau:

2. Một số nội dung người nộp thuế cần chuẩn bị để đảm bảo hồ sơ hoàn thuế TNCN được xử lý tự động

[...]

Lưu ý: Người nộp thuế lưu ý thực hiện quyết toán thuế và đề nghị hoàn thuế sau thời điểm tổ chức trả thu nhập đã nộp quyết toán thuế TNCN theo quy định để hệ thống có đầy đủ dữ liệu xác định hồ sơ đề nghị hoàn đủ điều kiện xử lý tự động nhanh chóng, chính xác. Đồng thời, trường hợp hồ sơ đề nghị hoàn thuế TNCN nếu nộp chậm thì không thuộc trường hợp xử phạt vi phạm hành chính theo quy định tại Điều 9 Nghị định số 125/2020/NĐ-CP, do đó người nộp thuế có thể nộp hồ sơ đề nghị hoàn phù hợp trong năm tránh nộp vào giai đoạn cao điểm quyết toán tập trung vào tháng 4, tháng 5 để được giải quyết hoàn thuế nhanh chóng, kịp thời, không bị quá tải hệ thống ứng dụng.

Theo đó thời hạn nộp hồ sơ đề nghị hoàn thuế TNCN là tối đa 10 năm kể từ ngày hết hạn nộp hồ sơ khai thuế của kỳ tính thuế phát sinh số thuế nộp thừa.

Trong năm 2026, sau khi tổ chức trả thu nhập hoàn tất quyết toán thuế TNCN (sau ngày 31/3/2026), người nộp thuế có số thuế nộp thừa có thể nộp hồ sơ đề nghị hoàn vào bất kỳ thời điểm nào trong năm, với điều kiện vẫn còn trong thời hạn 10 năm theo quy định.

Xem thêm:

>>  Hạn chót nộp quyết toán thuế TNCN 2026 rơi vào kỳ nghỉ 30/4 thì có được dời ngày không?

>>  Lưu ý khi thực hiện hoàn thuế TNCN năm 2026 online qua mạng gồm những gì?

Qua 30/4 còn làm hoàn thuế TNCN tự động được không? (Hình từ Internet)

Để hỗ trợ quyết toán thuế TNCN năm 2026 Cục Thuế đã có  Công văn 1296/CT-NVT năm 2026  hướng dẫn quyết toán thuế thu nhập cá nhân đối với thu nhập từ tiền lương, tiền công.

Cụ thể tại tiểu mục 3 Mục II  Công văn 1296/CT-NVT năm 2026  hướng dẫn cá nhân quyết toán và hoàn thuế TNCN online trên Dịch vụ công ngành thuế và eTax 2026 chi tiết như sau:

Căn cứ dữ liệu thu nhập và số thuế đã khấu trừ do đơn vị trả thu nhập kê khai, hệ thống CNTT ngành Thuế sẽ tự động tạo tờ khai quyết toán thuế có đề nghị hoàn nếu người nộp thuế có số thuế nộp thừa theo dữ liệu tổng hợp.

Để thực hiện hoàn thuế tự động thông qua tờ khai quyết toán thuế TNCN gợi ý, người nộp thuế chỉ cần thực hiện 02 bước đơn giản sau:

Bước 1: Truy cập và kiểm tra thông tin

- Người nộp thuế đăng nhập ứng dụng eTax Mobile hoặc Hệ thống Thông tin giải quyết thủ tục hành chính Cục Thuế - Bộ Tài chính.

- Truy cập chức năng “Hỗ trợ quyết toán thuế TNCN”;

- Kiểm tra toàn bộ thông tin do hệ thống tự động điền sẵn, bao gồm tổng thu nhập, số thuế đã khấu trừ và số tiền đề nghị hoàn;

- Đối chiếu với thông tin thực tế của bản thân.

Bước 2: Xác nhận hoặc điều chỉnh thông tin

- Trường hợp thông tin phù hợp, người nộp thuế xác nhận, đính kèm hồ sơ và gửi hồ sơ điện tử trực tiếp trên hệ thống;

- Trường hợp có chênh lệch, người nộp thuế thực hiện chỉnh sửa theo thực tế và bổ sung tài liệu chứng minh trước khi gửi hồ sơ.

Ngay sau khi hồ sơ được gửi thành công, hệ thống sẽ phát hành thông báo tiếp nhận và chuyển sang bước kiểm tra điều kiện để xử lý hoàn thuế tự động.

XEM CHI TIẾT CÓ HÌNH ẢNH HƯỚNG DẪN THAO TÁC:

>>  Cách tự quyết toán thuế và hoàn thuế TNCN online trên Dịch vụ công

>>  Cách tự quyết toán thuế và hoàn thuế TNCN online trên eTax Mobile

Căn cứ khoản 1 Điều 75  Luật Quản lý thuế 2019  quy định như sau:

Điều 75. Thời hạn giải quyết hồ sơ hoàn thuế

1. Đối với hồ sơ thuộc diện hoàn thuế trước, chậm nhất là 06 ngày làm việc kể từ ngày cơ quan quản lý thuế có thông báo về việc chấp nhận hồ sơ và thời hạn giải quyết hồ sơ hoàn thuế, cơ quan quản lý thuế phải quyết định hoàn thuế cho người nộp thuế hoặc thông báo chuyển hồ sơ của người nộp thuế sang kiểm tra trước hoàn thuế nếu thuộc trường hợp quy định tại khoản 2 Điều 73 của Luật này hoặc thông báo không hoàn thuế cho người nộp thuế nếu hồ sơ không đủ điều kiện hoàn thuế.

Trường hợp thông tin khai trên hồ sơ hoàn thuế khác với thông tin quản lý của cơ quan quản lý thuế thì cơ quan quản lý thuế thông báo bằng văn bản để người nộp thuế giải trình, bổ sung thông tin. Thời gian giải trình, bổ sung thông tin không tính trong thời hạn giải quyết hồ sơ hoàn thuế.

[...]

Bên cạnh đó tại khoản 2 Điều 33  Thông tư 80/2021/TT-BTC  quy định hồ sơ thuộc diện hoàn thuế trước là hồ sơ của người nộp thuế không thuộc trường hợp quy định tại khoản 1 Điều 33  Thông tư 80/2021/TT-BTC .

Như vậy trong trường hợp thông thường thời hạn hoàn tiền thuế TNCN chậm nhất là 06 ngày làm việc kể từ ngày cơ quan quản lý thuế có thông báo về việc chấp nhận hồ sơ và thời hạn giải quyết hồ sơ hoàn thuế.

Nếu không đủ điều điện hoàn thuế ngay cơ quan thông báo chuyển hồ sơ của người nộp thuế sang kiểm tra trước hoàn thuế nếu thuộc trường hợp quy định tại khoản 2 Điều 73  Luật Quản lý thuế 2019  hoặc thông báo không hoàn thuế cho người nộp thuế nếu hồ sơ không đủ điều kiện hoàn thuế.","thue-phi-le-phi","","","","2026-04-21T10:00:00","https://thuvienphapluat.vn/hoi-dap-phap-luat/qua-304-con-lam-hoan-thue-tncn-tu-dong-duoc-khong-138087999.html","2026-04-21T03:44:55.685403+00:00"
"138086855","Các khoản chi phí phục vụ nhu cầu cá nhân, gia đình của HKD có được trừ khi tính thuế TNCN không?",">>>  Hộ kinh doanh trên 500 triệu tính thuế TNCN như thế nào?

>>>  Cho tặng bất động sản có phải đóng thuế TNCN không 2026?

Tại Điều 6  Nghị định 68/2026/NĐ-CP  có quy định về các khoản chi được trừ và không được trừ khi xác định thuế thu nhập cá nhân như sau:

Điều 6. Các khoản chi được trừ và không được trừ khi xác định thuế thu nhập cá nhân

[...]

2. Các khoản chi không được trừ khi xác định thu nhập tính thuế:

a) Khoản chi không liên quan đến hoạt động sản xuất, kinh doanh;

b) Các khoản chi không có đủ hóa đơn, chứng từ theo quy định của pháp luật;

c) Khoản tiền lương, tiền công và các khoản chi có tính chất tiền lương của cá nhân kinh doanh, nhóm cá nhân kinh doanh, các thành viên trong hộ kinh doanh trừ các khoản đóng góp bảo hiểm bắt buộc; khoản tiền lương, tiền công và các khoản chi có tính chất tiền lương đã tính vào chi phí nhưng thực tế không chi trả hoặc không có chứng từ thanh toán;

d) Phần chi khấu hao tài sản cố định vượt mức quy định hoặc khấu hao đối với tài sản cố định không sử dụng cho hoạt động sản xuất, kinh doanh;

đ) Các khoản chi phạt vi phạm hành chính, phạt vi phạm hợp đồng, tiền bồi thường do lỗi của cá nhân kinh doanh;

e) Đất ở và công trình phục vụ sinh hoạt trên đất, xe ô tô và các tài sản đăng ký sở hữu hoặc đăng ký sử dụng mang tên cá nhân, trừ xe ô tô và các tài sản đăng ký sở hữu hoặc đăng ký sử dụng với mục đích kinh doanh vận tải, du lịch;

g) Các khoản chi phí phục vụ nhu cầu cá nhân, gia đình. Cá nhân kinh doanh có trách nhiệm theo dõi riêng chi phí phục vụ hoạt động kinh doanh và chi phí phục vụ nhu cầu cá nhân, gia đình.

Như vậy, các khoản chi phí phục vụ nhu cầu cá nhân, gia đình là khoản chi không được trừ khi tính thuế TNCN.

Cá nhân kinh doanh có trách nhiệm theo dõi riêng chi phí phục vụ hoạt động kinh doanh và chi phí phục vụ nhu cầu cá nhân, gia đình.

>>>  Chuyển nhượng vốn góp chịu thuế suất thuế TNCN bao nhiêu %?

>>>  Thuế suất thuế TNCN từ đầu tư vốn là bao nhiêu %?

Trên đây là thông tin ""Các khoản chi phí phục vụ nhu cầu cá nhân, gia đình của HKD có được trừ khi tính thuế TNCN không?""

Các khoản chi phí phục vụ nhu cầu cá nhân, gia đình của HKD có được trừ khi tính thuế TNCN không? (Hình từ Internet)

Tại Điều 10  Nghị định 68/2026/NĐ-CP  có quy định khai thuế, nộp thuế TNCN đối với hộ kinh doanh, cá nhân kinh doanh có doanh thu năm trên 500 triệu đồng như sau:

- Hộ kinh doanh, cá nhân kinh doanh lựa chọn nộp thuế thu nhập cá nhân theo phương pháp thuế suất nhân (x) doanh thu tính thuế thực hiện khai, nộp thuế thu nhập cá nhân theo quý cùng thời hạn khai, nộp thuế giá trị gia tăng;

- Hộ kinh doanh, cá nhân kinh doanh thuộc đối tượng nộp thuế thu nhập cá nhân theo phương pháp thu nhập tính thuế nhân (x) thuế suất thực hiện khai tạm nộp thuế thu nhập cá nhân theo tháng, quý trên cùng hồ sơ khai thuế giá trị gia tăng. Số thuế thu nhập cá nhân tạm nộp bằng thuế suất nhân (x) doanh thu tính thuế của tháng, quý và khai quyết toán thuế thu nhập cá nhân theo năm.

Trường hợp số thuế thu nhập cá nhân đã tạm nộp ít hơn số thuế đã khai tạm nộp, số thuế tạm nộp ít hơn số thuế phải nộp khi quyết toán thì hộ kinh doanh, cá nhân kinh doanh thực hiện nộp bổ sung và không phải tính tiền chậm nộp. Trường hợp số thuế thu nhập cá nhân tạm nộp nhiều hơn số thuế phải nộp khi quyết toán thì thực hiện thủ tục xử lý tiền thuế nộp thừa theo quy định tại Điều 12  Nghị định 68/2026/NĐ-CP .

Tại Điều 13  Nghị định 68/2026/NĐ-CP  có quy định về quyền và trách nhiệm của hộ kinh doanh, cá nhân kinh doanh như sau:

Điều 13. Quyền và trách nhiệm của hộ kinh doanh, cá nhân kinh doanh

1. Hộ kinh doanh, cá nhân kinh doanh có quyền yêu cầu cơ quan thuế hướng dẫn, giải đáp thắc mắc, hỗ trợ về khai thuế, tính thuế và nộp thuế.

2. Hộ kinh doanh, cá nhân kinh doanh có các quyền của người nộp thuế theo quy định pháp luật về quản lý thuế.

3. Hộ kinh doanh, cá nhân kinh doanh tự kê khai đầy đủ, chính xác doanh thu phát sinh từ hoạt động sản xuất, kinh doanh để xác định số thuế phải nộp theo quy định của pháp luật thuế và tự chịu trách nhiệm trước pháp luật về nội dung đã kê khai.

4. Hộ kinh doanh, cá nhân kinh doanh thực hiện thông báo cho cơ quan thuế theo phương thức điện tử tất cả các số tài khoản mở tại tổ chức cung ứng dịch vụ thanh toán, số hiệu ví điện tử mở tại tổ chức cung ứng dịch vụ trung gian thanh toán liên quan đến sản xuất, kinh doanh.

5. Hộ kinh doanh, cá nhân kinh doanh có trách nhiệm sử dụng sổ kế toán theo quy định của pháp luật kế toán và hướng dẫn của Bộ trưởng Bộ Tài chính; sử dụng hóa đơn theo quy định.

6. Hộ kinh doanh, cá nhân kinh doanh có trách nhiệm cung cấp sổ kế toán, hóa đơn, phần mềm quản lý bán hàng, tài liệu liên quan theo yêu cầu của cơ quan thuế khi kiểm tra thuế.

7. Hộ kinh doanh, cá nhân kinh doanh cư trú có hoạt động kinh doanh trên nền tảng thương mại điện tử có trách nhiệm kê khai và nộp thuế tiêu thụ đặc biệt, thuế bảo vệ môi trường, thuế tài nguyên, phí bảo vệ môi trường và các khoản thu khác phải nộp ngân sách nhà nước do cơ quan thuế quản lý thu theo quy định của pháp luật về thuế, pháp luật về quản lý thuế và pháp luật khác có liên quan.

8. Hộ kinh doanh, cá nhân kinh doanh có hoạt động kinh doanh trên nền tảng thương mại điện tử có trách nhiệm cung cấp đầy đủ, chính xác cho chủ quản nền tảng thương mại điện tử thông tin mã số thuế hoặc số định danh cá nhân đối với công dân Việt Nam; số hộ chiếu hoặc thông tin định danh do cơ quan có thẩm quyền nước ngoài cấp đối với công dân nước ngoài và thông tin, tài liệu liên quan đến việc xác định nghĩa vụ thuế phải nộp, các thông tin bắt buộc đối với người bán theo quy định của pháp luật về thương mại điện tử.

Như vậy, hộ kinh doanh có trách nhiệm tự kê khai đầy đủ, chính xác doanh thu phát sinh từ hoạt động sản xuất, kinh doanh để xác định số thuế phải nộp theo quy định của pháp luật thuế và tự chịu trách nhiệm trước pháp luật về nội dung đã kê khai.","thue-phi-le-phi","","","","2026-04-21T09:40:00","https://thuvienphapluat.vn/hoi-dap-phap-luat/cac-khoan-chi-phi-phuc-vu-nhu-cau-ca-nhan-gia-dinh-cua-hkd-co-duoc-tru-khi-tinh-thue-tncn-khong-138086855.html","2026-04-21T03:44:59.786575+00:00"
"138088080","Sửa lỗi không cài được eSigner 1.1.0 lỗi chữ ký số trên Dịch vụ công như thế nào?","Lỗi không cài đặt hoặc không nhận chữ ký số khi sử dụng eSigner 1.1.0 có thể phát sinh do trình duyệt đã cập nhật cơ chế bảo mật mới, dẫn đến việc chặn kết nối nội bộ (local network), từ đó không nhận diện được thiết bị chữ ký số.

Dưới đây là các cách sửa lỗi không cài được esigner 11 0 lỗi chữ ký số trên Dịch vụ công, có thể tham khảo như sau:

Cách 1: Cài đặt lại eSigner

- Gỡ eSigner phiên bản 1.1.0 vì đang bị lỗi và khởi động lại máy

- Cài lại phiên bản eSigner phiên bản 1.0.9 và thực hiện lại nộp tờ khai và ký số.

Link tải eSigner 1.0.9: https://transfer.it/t/a2oCHt5zmByB

Cách 2: Tắt chặn plugin ký số trên trình duyệt

Bước 1: Truy cập cấu hình trình duyệt

- Chrome: chrome://flags/#local-network-access-check

- Edge: edge://flags/#local-network-access-check

- Cốc Cốc: coccoc://flags/#local-network-access-check

Bước 2: Tại mục Local Network Access Checks → chọn “Disabled”

Bước 3: Nhấn Reload hoặc Restart trình duyệt

- Sau khi thực hiện xong:

+ Plugin sẽ hoạt động bình thường trở lại

+ Không còn lỗi khi ký số / nộp tờ khai / xuất hóa đơn

* Trên đây là cách sửa lỗi không cài được eSigner 11 0 lỗi chữ ký số trên Dịch vụ công - Tham khảo

Xem thêm:

>>  Quy định về phân loại chứng thư chữ ký điện tử từ 10/04/2025?

>>  Hướng dẫn chấm dứt hiệu lực mã số thuế của HKD, CNKD trên Dịch vụ công thế nào?

Sửa lỗi không cài được eSigner 11 0 lỗi chữ ký số trên Dịch vụ công như thế nào? (Hình từ Internet)

Căn cứ tại Điều 5  Nghị định 23/2025/NĐ-CP  quy định nội dung của chứng thư chữ ký điện tử như sau:

Điều 5. Nội dung của chứng thư chữ ký điện tử

Nội dung chứng thư chữ ký điện tử bao gồm:

1. Thông tin về cơ quan, tổ chức tạo lập chứng thư chữ ký điện tử.

2. Thông tin về cơ quan, tổ chức, cá nhân được cấp chứng thư chữ ký điện tử, bao gồm tên cơ quan, tổ chức, cá nhân; mã/số định danh của cơ quan, tổ chức, cá nhân hoặc danh tính điện tử của cơ quan, tổ chức, cá nhân được cấp chứng thư chữ ký điện tử và các thông tin cần thiết khác (nếu có).

3. Số hiệu của chứng thư chữ ký điện tử.

4. Thời hạn có hiệu lực của chứng thư chữ ký điện tử.

5. Dữ liệu để kiểm tra chữ ký điện tử của cơ quan, tổ chức, cá nhân được cấp chứng thư chữ ký điện tử.

6. Chữ ký điện tử của cơ quan, tổ chức tạo lập chứng thư chữ ký điện tử.

7. Mục đích, phạm vi sử dụng của chứng thư chữ ký điện tử.

8. Trách nhiệm pháp lý của cơ quan, tổ chức cấp chứng thư chữ ký điện tử.

Theo đó, nội dung chứng thư chữ ký số bao gồm:

- Thông tin về cơ quan, tổ chức tạo lập chứng thư chữ ký điện tử.

- Thông tin về cơ quan, tổ chức, cá nhân được cấp chứng thư chữ ký điện tử, bao gồm tên cơ quan, tổ chức, cá nhân; mã/số định danh của cơ quan, tổ chức, cá nhân hoặc danh tính điện tử của cơ quan, tổ chức, cá nhân được cấp chứng thư chữ ký điện tử và các thông tin cần thiết khác (nếu có).

- Số hiệu của chứng thư chữ ký điện tử.

- Thời hạn có hiệu lực của chứng thư chữ ký điện tử.

- Dữ liệu để kiểm tra chữ ký điện tử của cơ quan, tổ chức, cá nhân được cấp chứng thư chữ ký điện tử.

- Chữ ký điện tử của cơ quan, tổ chức tạo lập chứng thư chữ ký điện tử.

- Mục đích, phạm vi sử dụng của chứng thư chữ ký điện tử.

- Trách nhiệm pháp lý của cơ quan, tổ chức cấp chứng thư chữ ký điện tử.

Căn cứ Điều 8  Luật Quản lý thuế 2025  (có hiệu lực từ 01/7/2026) quy định các hành vi bị nghiêm cấm trong quản lý thuế bao gồm:

- Thông đồng, móc nối, bao che giữa người nộp thuế và công chức quản lý thuế, cơ quan quản lý thuế để chuyển giá, trốn thuế, khoản thu khác, gian lận, trục lợi tiền thuế, tiền ngân sách nhà nước. Lợi dụng chức vụ, quyền hạn để tiết lộ hoặc làm rò rỉ thông tin người nộp thuế trái quy định. Làm sai lệch kết quả kiểm tra, xử lý vi phạm pháp luật về thuế. Gây phiền hà, sách nhiễu đối với người nộp thuế. Lợi dụng để chiếm đoạt hoặc sử dụng trái phép tiền thuế, khoản thu khác.

- Cố tình không kê khai hoặc kê khai thuế, khoản thu khác không đầy đủ, kịp thời, chính xác về số tiền thuế, khoản thu khác phải nộp, số tiền thuế, khoản thu khác được miễn, giảm, hoàn, không thu. Cản trở công chức quản lý thuế thi hành công vụ. Chống đối, trì hoãn, không cung cấp thông tin, tài liệu phục vụ kiểm tra, giám sát thuế, khoản thu khác.

- Sử dụng mã số thuế của người nộp thuế khác để thực hiện hành vi vi phạm pháp luật hoặc cho người khác sử dụng mã số thuế của mình không đúng quy định của pháp luật.

- Bán hàng hóa, cung cấp dịch vụ không lập hóa đơn theo quy định của pháp luật; sử dụng hóa đơn, chứng từ không hợp pháp, sử dụng không hợp pháp hóa đơn, chứng từ, làm giả hóa đơn, chứng từ để thực hiện hành vi trái pháp luật. Tạo lập hóa đơn, chứng từ điện tử trái phép hoặc phục vụ hành vi vi phạm trong lĩnh vực quản lý thuế.

- Làm sai lệch, sử dụng sai mục đích, truy cập trái phép, phá hủy hệ thống thông tin người nộp thuế. Cung cấp, phát tán thông tin sai lệch gây ảnh hưởng đến uy tín, hoạt động của cơ quan quản lý thuế, người nộp thuế, Hệ thống thông tin quản lý thuế.","thue-phi-le-phi","","","","2026-04-21T09:33:00","https://thuvienphapluat.vn/hoi-dap-phap-luat/sua-loi-khong-cai-duoc-esigner-110-loi-chu-ky-so-tren-dich-vu-cong-nhu-the-nao-138088080.html","2026-04-21T03:45:03.997001+00:00"
"138088066","Hướng dẫn khấu trừ thuế TNCN đối với người lao động làm việc theo hợp đồng có thời hạn 1 tháng theo Công văn 1724 ra sao?","Ngày 13/4/2026, Thuế tỉnh Tây Ninh ban hành Công văn 1724/TNI-QLDN1 năm 2026   Tải về  hướng dẫn về việc khấu trừ thuế thu nhập cá nhân đối với người lao động làm việc theo hợp đồng có thời hạn 1 tháng.

Trước đó, ngày 16/3/2026, Thuế tỉnh Tây Ninh nhận được văn bản số 01/CV-26 ngày 16/3/2026 về việc hướng dẫn về việc khấu trừ thuế thu nhập cá nhân đối với người lao động làm việc theo hợp đồng có thời hạn 1 tháng, Thuế tỉnh Tây Ninh có ý kiến như sau:

- Căn cứ khoản 1 Điều 25  Thông tư 111/2013/TT-BTC  quy định về khấu trừ thuế thu nhập cá nhân đối với các khoản thù lao, tiền lương, tiền công của cá nhân cư trú như sau:

Điều 25. Khấu trừ thuế và chứng từ thuế:

1. Khấu trừ thuế:

[...]

i) Khấu trừ thuế đối với một số trường hợp khác

Các tổ chức, cá nhân trả tiền công, tiền thù lao, tiền chi khác cho cá nhân cư trú không ký hợp đồng lao động (theo hướng dẫn tại điểm c, d, khoản 2, Điều 2 Thông tư này) hoặc ký hợp đồng lao động dưới ba (03) tháng có tổng mức trả thu nhập từ hai triệu (2.000.000) đồng/lần trở lên thì phải khấu trừ thuế theo mức 10% trên thu nhập trước khi trả cho cá nhân.

Trường hợp cá nhân chỉ có duy nhất thu nhập thuộc đối tượng phải khấu trừ thuế theo tỷ lệ nêu trên nhưng ước tính tổng mức thu nhập chịu thuế của cá nhân sau khi trừ gia cảnh chưa đến mức phải nộp thuế thì cá nhân có thu nhập làm cam kết (theo mẫu ban hành kèm theo văn bản hướng dẫn về quản lý thuế) gửi tổ chức trả thu nhập để tổ chức trả thu nhập làm căn cứ tạm thời chưa khấu trừ thuế thu nhập cá nhân.

Căn cứ vào cam kết của người nhận thu nhập, tổ chức trả thu nhập không khấu trừ thuế. Kết thúc năm tính thuế, tổ chức trả thu nhập vẫn phải tổng hợp danh sách và thu nhập của những cá nhân chưa đến mức khấu trừ thuế (vào mẫu ban hành kèm theo văn bản hướng dẫn về quản lý thuế) và nộp cho cơ quan thuế. Cả nhân làm cam kết phải chịu trách nhiệm về bản cam kết của mình, trường hợp phát hiện có sự gian lận sẽ bị xử lý theo quy định của Luật quản lý thuế.

Cá nhân làm cam kết theo hướng dẫn tại điểm này phải đăng ký thuế và có mã số thuế tại thời điểm cam kết.

[...]

- Căn cứ vào khoản 2 Điều 4  Nghị định 123/2020/NĐ-CP  có hiệu lực từ ngày 01/07/2022, được sửa đổi, bổ sung bởi điểm a khoản 3 Điều 1  Nghị định 70/2025/NĐ-CP  có hiệu lực từ ngày 01/06/2025 thì quy định về khấu trừ thuế thu nhập cá nhân (TNCN) đối với cá nhân không ký hợp đồng lao động hoặc ký hợp đồng lao động dưới 03 tháng như sau:

Khi khấu trừ thuế thu nhập cá nhân, khi thu thuế, phí, lệ phí, tổ chức, cá nhân khấu trừ thuế, tổ chức thu thuế, phí, lệ phí phải lập chứng từ khấu trừ thuế, biên lai thu thuế, phí, lệ phí giao cho người có thu nhập bị khấu trừ thuế, người nộp thuế, nộp phí, lệ phí và phải ghi đầy đủ các nội dung theo quy định tại Điều 32  Nghị định 123/2020/NĐ-CP  (sửa đổi tại  Nghị định 70/2025/NĐ-CP ). Trường hợp sử dụng chứng từ điện tử thì phải theo định dạng chuẩn dữ liệu của cơ quan thuế. Trường hợp cá nhân ủy quyền quyết toán thuế thì không cấp chứng từ khấu trừ thuế thu nhập cá nhân.

Đối với cá nhân không ký hợp đồng lao động hoặc ký hợp đồng lao động dưới 03 tháng thì tổ chức, cá nhân trả thu nhập cấp chứng từ khấu trừ thuế cho mỗi lần khấu trừ thuế hoặc cấp một chứng từ khấu trừ cho nhiều lần khấu trừ thuế trong một năm tính thuế khi cá nhân yêu cầu. Đối với cá nhân ký hợp đồng lao động từ 03 tháng trở lên, tổ chức, cá nhân trả thu nhập chỉ cấp cho cá nhân một chứng từ khấu trừ thuế trong một năm tính thuế.

Căn cứ quy định trên, trường hợp trong năm tính thuế Công ty ký hợp đồng lao động dưới 03 tháng với cá nhân cư trú có chi trả tiền công, tiền thù lao, tiền chi khác mà tổng mức trả thu nhập từ 2.000.000 đồng/lần trở lên thì phải khấu trừ thuế theo mức 10% trên thu nhập trước khỉ trả cho cá nhân.

Trường hợp cá nhân chỉ có duy nhất thu nhập thuộc đối tượng phải khấu trừ thuế theo tỷ lệ nêu trên nhưng ước tính tổng mức thu nhập chịu thuế của cá nhân sau khi trừ gia cảnh chưa đến mức phải nộp thuế thì cá nhân có thu nhập làm cam kết (theo mẫu ban hành kèm theo văn bản hướng dẫn về quản lý thuế) gửi Công ty để Công ty làm căn cứ tạm thời chưa khấu trừ thuế TNCN theo hướng dẫn tại điểm i khoản 1 Điều 25  Thông tư 111/2013/TT-BTC .

>>> Xem chi tiết Công văn 1724/TNI-QLDN1 năm 2026 hướng dẫn khấu trừ thuế TNCN đối với người lao động làm việc theo hợp đồng có thời hạn 1 tháng

Tải về

Xem thêm:

>>>  Toàn văn Luật số 109/2025/QH15 Luật Thuế thu nhập cá nhân 2025 chi tiết ra sao?

>>>  Điểm mới Luật Thuế thu nhập cá nhân 2025 Luật số 109/2025/QH15 gồm những điểm nào?

* Trên đây là Thông tin về Hướng dẫn khấu trừ thuế TNCN đối với người lao động làm việc theo hợp đồng có thời hạn 1 tháng theo Công văn 1724 như thế nào?

Hướng dẫn khấu trừ thuế TNCN đối với người lao động làm việc theo hợp đồng có thời hạn 1 tháng theo Công văn 1724 ra sao? (Hình từ Internet)

Tại Điều 6  Luật Thuế thu nhập cá nhân 2025  quy định về quản lý thuế đối với thuế thu nhập cá nhân như sau:

Chính phủ quy định về kỳ tính thuế theo năm đối với thu nhập từ kinh doanh, thu nhập từ tiền lương, tiền công của cá nhân cư trú, kỳ tính thuế theo từng lần phát sinh đối với các khoản thu nhập khác của cá nhân cư trú và cá nhân không cư trú; thời điểm xác định thu nhập tính thuế; quyết toán thuế; hoàn thuế đối với trường hợp cá nhân có số thuế đã nộp lớn hơn số thuế phải nộp hoặc chưa đến mức phải nộp; trách nhiệm khấu trừ, khai thay, nộp thay cho người nộp thuế phù hợp với quy định của  Luật Quản lý thuế 2025 .

Theo quy định Điều 28  Thông tư 111/2013/TT-BTC  về hoàn thuế như sau:

Điều 28. Hoàn thuế

1. Việc hoàn thuế thu nhập cá nhân áp dụng đối với những cá nhân đã đăng ký và có mã số thuế tại thời điểm nộp hồ sơ quyết toán thuế.

2. Đối với cá nhân đã ủy quyền quyết toán thuế cho tổ chức, cá nhân trả thu nhập thực hiện quyết toán thay thì việc hoàn thuế của cá nhân được thực hiện thông qua tổ chức, cá nhân trả thu nhập. Tổ chức, cá nhân trả thu nhập thực hiện bù trừ số thuế nộp thừa, nộp thiếu của các cá nhân. Sau khi bù trừ, nếu còn số thuế nộp thừa thì được bù trừ vào kỳ sau hoặc hoàn thuế nếu có đề nghị hoàn trả.

3. Đối với cá nhân thuộc diện khai trực tiếp với cơ quan thuế có thể lựa chọn hoàn thuế hoặc bù trừ vào kỳ sau tại cùng cơ quan thuế.

4. Trường hợp cá nhân có phát sinh hoàn thuế thu nhập cá nhân nhưng chậm nộp tờ khai quyết toán thuế theo quy định thì không áp dụng phạt đối với vi phạm hành chính khai quyết toán thuế quá thời hạn.

Như vậy, có 02 hình thức đăng ký hoàn thuế TNCN bao gồm:

- Đối với cá nhân đã ủy quyền quyết toán thuế cho tổ chức, cá nhân trả thu nhập thực hiện quyết toán thay thì việc hoàn thuế của cá nhân được thực hiện thông qua tổ chức, cá nhân trả thu nhập.

Tổ chức, cá nhân trả thu nhập thực hiện bù trừ số thuế nộp thừa, nộp thiếu của các cá nhân. Sau khi bù trừ, nếu còn số thuế nộp thừa thì được bù trừ vào kỳ sau hoặc hoàn thuế nếu có đề nghị hoàn trả.

- Đối với cá nhân thuộc diện khai trực tiếp với cơ quan thuế có thể lựa chọn hoàn thuế hoặc bù trừ vào kỳ sau tại cùng cơ quan thuế.

Trên đây là Thông tin về Hướng dẫn khấu trừ thuế TNCN đối với người lao động làm việc theo hợp đồng có thời hạn 1 tháng theo Công văn 1724 như thế nào?","thue-phi-le-phi","","","","2026-04-21T09:30:00","https://thuvienphapluat.vn/hoi-dap-phap-luat/huong-dan-khau-tru-thue-tncn-doi-voi-nguoi-lao-dong-lam-viec-theo-hop-dong-co-thoi-han-1-thang-theo-138088066.html","2026-04-21T03:45:08.329708+00:00"
"138088133","Công văn 2477/CT-CS 2026 về tiền chậm nộp thuế sử dụng đất, tiền thuê đất ra sao?","Ngày 17/04/2026, Cục Thuế ban hành Công văn 2477/CT-CS năm 2026 về tiền chậm nộp.

Xem toàn bộ Công văn 2477 CT CS 2026 về tiền chậm nộp dưới đây:

Tải về

Về tiền chậm nộp. Về vấn đề này, Cục Thuế có ý kiến như sau:

Khoản 17 Điều 3  Luật Quản lý thuế 2019  quy định:

Điều 3. Giải thích từ ngữ

Trong Luật này, các từ ngữ dưới đây được hiểu như sau:

[...]

17. Tiền thuế nợ là tiền thuế và các khoản thu khác thuộc ngân sách nhà nước do cơ quan quản lý thuế quản lý thu mà người nộp thuế chưa nộp ngân sách nhà nước khi hết thời hạn nộp theo quy định.

[...]

Điểm a khoản 1, điểm a khoản 2, khoản 4 Điều 59  Luật Quản lý thuế 2019  quy định:

Điều 59. Xử lý đối với việc chậm nộp tiền thuế

1. Các trường hợp phải nộp tiền chậm nộp bao gồm:

a) Người nộp thuế chậm nộp tiền thuế so với thời hạn quy định, thời hạn gia hạn nộp thuế, thời hạn ghi trong thông báo của cơ quan quản lý thuế, thời hạn trong quyết định ấn định thuế hoặc quyết định xử lý của cơ quan quản lý thuế:

[...]

2. Mức tính tiền chậm nộp và thời gian tính tiền chậm nộp được quy định như sau:

a) Mức tính tiền chậm nộp bằng 0,03%/ngày tính trên số tiền thuế chậm nộp;

[...]

4. Trường hợp sau 30 ngày kể từ ngày hết thời hạn nộp thuế, người nộp thuế chưa nộp tiền thuế, tiền chậm nộp, tiền phạt thì cơ quan quản lý thuế thông báo cho người nộp thuế biết số tiền thuế, tiền phạt còn nợ và số ngày chậm nộp.

[...]

- Điểm b khoản 2 Điều 59  Luật Quản lý thuế 2019  (được sửa đổi, bổ sung tại khoản 7 Điều 6  Luật sửa đổi Luật Chứng khoán, Luật Kế toán, Luật Kiểm toán độc lập, Luật Ngân sách Nhà nước, Luật Quản lý, sử dụng tài sản công, Luật Quản lý thuế, Luật Thuế thu nhập cá nhân, Luật Dự trữ quốc gia, Luật Xử lý vi phạm hành chính 2024 ) quy định:

Điều 6. Sửa đổi, bổ sung một số điều của Luật Quản lý thuế

7. Sửa đổi, bổ sung điểm b khoản 2 Điều 59 như sau:

b) Thời gian tính tiền chậm nộp được tính liên tục kể từ ngày tiếp theo ngày cuối cùng của thời hạn nộp thuế, thời hạn gia hạn nộp thuế, thời hạn ghi trong thông báo hoặc quyết định ấn định thuế hoặc quyết định xử lý của cơ quan quản lý thuế đến ngày liền kề trước ngày số tiền nợ thuế, tiền thu hồi hoàn thuế, tiền thuế tăng thêm, tiền thuế ấn định, tiền thuế chậm chuyển được nộp vào ngân sách nhà nước.""

-  Nghị định 291/2025/NĐ-CP  sửa đổi, bổ sung một số điều của  Nghị định 103/2024/NĐ-CP  quy định về tiền sử dụng đất, tiền thuê đất và  Nghị định 104/2024/NĐ-CP  quy định về quỹ phát triển đất, quy định:

+ Tại khoản 1 Điều 1 quy định:

“1. Bổ sung khoản 4 Điều 1 như sau:

“4. Tiền nộp bổ sung theo quy định tại điểm d khoản 2 Điều 257 Luật Đất đai năm 2024 thuộc khoản thu khác theo quy định tại điểm i khoản 1 Điều 153 Luật Đất đai năm 2024.""""

+ Tại điểm b khoản 18 Điều 1 quy định:

“18. Sửa đổi, bổ sung một số điểm, khoản của Điều 50 như sau:

b) Sửa đổi, bổ sung khoản 2 như sau:

""2...

Khoản tiền người sử dụng đất phải nộp bổ sung đối với thời gian ian chưa tỉnh tiền sử dụng đất theo quy định tại điểm d khoản 2 Điều 257 Luật Đất đai năm 2024 được tính bằng  mức thu 3,6%/năm tính trên số tiền sử dụng đất phải nộp  được xác định theo quy định tại khoản 2 Điều 257 Luật Đất đai năm 2024""

+ Tại điểm a khoản 21 Điều 1 quy định:

""21. Sửa đổi, bổ sung Phụ lục ban hành kèm theo Nghị định như sau:

a) Sửa đổi, bổ sung phần III Mẫu số 01a/TB-TSDĐ như sau:

al) Sửa đổi, bổ sung mục 4 như sau:

“4. Tổng số tiền phải nộp:......... đồng; trong đó:

[...]

"" 4.4. Khoản tiền phải nộp bổ sung khác (nếu có):........đồng;

[...]

+ Tại điểm b khoản 1 Điều 3 quy định:

Điều 3. Điều khoản chuyển tiếp

1. Việc xử lý chuyển tiếp đối với các trường hợp đã có quyết định giả đất để tính thu tiền sử dụng đất, tiền thuê đất và khoản tiền nộp bổ sung theo quy định tại khoản 2 Điều 257 Luật Đất đai năm 2024, khoản 1, khoản 2 Điều 50, khoản 7, khoản 9 Điều 51 Nghị định số 103/2024/NĐ-CP từ ngày 01 tháng 8 năm 2024 đến trước ngày Nghị định này có hiệu lực thi hành được thực hiện như sau:

[...]

b) Trường hợp cơ quan thuế đã tính và thông báo số tiền phải nộp bổ sung theo quy định tại khoản 1 Điều 9, khoản 1, khoản 2 Điều 50, khoản 7, khoản 9 Điều 51 Nghị định số 103/2024/NĐ-CP nhưng đến ngày Nghị định này có hiệu lực thi hành người sử dụng đất chưa nộp khoản thu bổ sung theo thông báo của cơ quan thuế thì thực hiện tính lại khoản tiền nộp bổ sung theo quy định tại Nghị định này và điều chỉnh Thông báo số tiền phải nộp bổ sung theo quy định của pháp luật về quản lý thuế. Người sử dụng đất phải nộp khoản tiền chậm nộp khoản thu bổ sung (nếu có) theo quy định của pháp luật về quản lý thuế.

[...]

Điểm b khoản 3 Điều 21  Thông tư 80/2021/TT-BTC  hướng dẫn thi hành một số điều của Luật Quản lý thuế và  Nghị định 126/2020/NĐ-CP  quy định chi tiết một số điều của Luật Quản lý thuế quy định về điều chỉnh giảm tiền chậm nộp, quy định:

Điều 21. Xử lý đối với việc chậm nộp tiền thuế

[...]

3. Điều chỉnh giảm tiền chậm nộp

[...]

b) Trường hợp cơ quan thuế, cơ quan nhà nước có thẩm quyền qua thanh tra, kiểm tra phát hiện số tiền thuế phải nộp giảm hoặc cơ quan thuế, cơ quan nhà nước có thẩm quyền có quyết định, thông báo giảm số tiền thuế phải nộp thì cơ quan thuế thực hiện điều chỉnh giảm số tiền chậm nộp đã tính tương ứng với số tiền thuế chênh lệch giảm và thông báo cho người nộp thuế theo mẫu số 03/TTN ban hành kèm theo phụ lục I Thông tư này."".

Đề nghị Thuế thành phố Cần Thơ căn cứ pháp luật về tiền sử dụng đất, tiền thuê đất, pháp luật về quản lý thuế và hồ sơ cụ thể để xử lý theo đúng quy định của pháp luật.

Trên đây là thông tin: Công văn 2477 CT CS 2026 về tiền chậm nộp thuế sử dụng đất, tiền thuê đất ra sao?

Xem thêm:

>>>  Các trường hợp bất khả kháng khi gia hạn sử dụng đất năm 2026 gồm những trường hợp nào?

>>>  Mức kinh phí ủy nhiệm thu của thuế sử dụng đất từ 17/3/2026 thế nào?

Công văn 2477/CT-CS 2026 về tiền chậm nộp thuế sử dụng đất, tiền thuê đất ra sao? (Hình từ Internet)

Căn cứ khoản 5 Điều 14  Luật Quản lý thuế 2025  quy định việc xác định ngày nộp thuế, khoản thu khác, tiền chậm nộp, tiền phạt như sau:

- Trường hợp nộp theo phương thức điện tử thì ngày nộp thuế, khoản thu khác, tiền chậm nộp, tiền phạt là ngày cơ quan, tổ chức quy định tại điểm a khoản 2 Điều 14  Luật Quản lý thuế 2025  trích tiền từ tài khoản của người nộp thuế hoặc người nộp thay và được ghi trên chứng từ nộp tiền;

- Trường hợp nộp trực tiếp thì ngày nộp thuế, khoản thu khác, tiền chậm nộp, tiền phạt là ngày cơ quan, tổ chức quy định tại điểm b khoản 2 Điều 14  Luật Quản lý thuế 2025  thu tiền của người nộp thuế và được ghi nhận trên chứng từ thu tiền.

Căn cứ theo Điều 15  Luật Quản lý thuế 2025  Tải về từ 1/7/2026, quy định số tiền thuế, khoản thu khác, tiền chậm nộp, tiền phạt nộp thừa được xử lý như sau:

(1) Số tiền thuế, khoản thu khác, tiền chậm nộp, tiền phạt nộp thừa là số tiền thuế, khoản thu khác, tiền chậm nộp, tiền phạt đã nộp lớn hơn số tiền thuế, khoản thu khác, tiền chậm nộp, tiền phạt phải nộp.

(2) Người nộp thuế có số tiền thuế, khoản thu khác, tiền chậm nộp, tiền phạt nộp thừa được bù trừ số tiền thuế, khoản thu khác, tiền chậm nộp, tiền phạt nộp thừa với số tiền thuế, khoản thu khác, tiền chậm nộp, tiền phạt phải nộp hoặc được hoàn trả số tiền thuế, khoản thu khác, tiền chậm nộp, tiền phạt nộp thừa khi người nộp thuế không còn tiền thuế nợ.

Việc bù trừ trong cùng hoặc giữa các loại thuế, khoản thu khác, tiền chậm nộp, tiền phạt do Hệ thống thông tin quản lý thuế thực hiện tự động hoặc theo đề nghị của người nộp thuế theo hướng dẫn của Bộ trưởng Bộ Tài chính.

Trường hợp người nộp thuế có số tiền thuế giá trị gia tăng nộp thừa khi nhập khẩu hàng hóa và đã thực hiện kê khai khấu trừ số tiền thuế nộp thừa với cơ quan thuế thì việc xử lý số tiền thuế đã khấu trừ, nộp thừa thực hiện theo quy định của Bộ trưởng Bộ Tài chính.

(3) Trường hợp người nộp thuế đề nghị hoàn trả số tiền thuế, khoản thu khác, tiền chậm nộp, tiền phạt nộp thừa thì thực hiện theo quy định tại Điều 18 Luật Quản lý thuế 2025.

(4) Không hoàn trả số tiền thuế, khoản thu khác, tiền chậm nộp, tiền phạt nộp thừa trong các trường hợp sau đây:

- Người nộp thuế từ chối nhận lại số tiền thuế, khoản thu khác, tiền chậm nộp, tiền phạt nộp thừa;

- Số tiền thuế, khoản thu khác, tiền chậm nộp, tiền phạt nộp thừa quá thời hạn 10 năm kể từ ngày nộp tiền vào ngân sách nhà nước mà người nộp thuế không bù trừ nghĩa vụ nộp thuế, khoản thu khác, tiền chậm nộp, tiền phạt và không đề nghị hoàn thuế, khoản thu khác, tiền chậm nộp, tiền phạt.

(5) Bộ trưởng Bộ Tài chính quy định chi tiết Điều 15 Luật Quản lý thuế 2025 và các nội dung sau: hồ sơ, thủ tục, thẩm quyền xử lý số tiền thuế, khoản thu khác, tiền chậm nộp, tiền phạt nộp thừa; thời điểm xác định số tiền thuế, khoản thu khác, tiền chậm nộp, tiền phạt nộp thừa; trường hợp bù trừ do Hệ thống thông tin quản lý thuế thực hiện tự động và trường hợp bù trừ theo đề nghị của người nộp thuế.","thue-phi-le-phi","","","","2026-04-21T09:23:00","https://thuvienphapluat.vn/hoi-dap-phap-luat/cong-van-2477ctcs-2026-ve-tien-cham-nop-thue-su-dung-dat-tien-thue-dat-ra-sao-138088133.html","2026-04-21T03:45:11.926193+00:00"
"138087298","Nhà xưởng, văn phòng xây trên đất mượn có được trích khấu hao không theo Công văn 2373/CT-CS 2026?","Ngày 15/04/2026, Cục Thuế ban hành Công văn 2373/CT-CS năm 2026 về chính sách thuế.

Xem toàn bộ Công văn 2373 CT CS 2026 về chính sách thuế dưới đây:

Tải về

Về vấn đề này, Cục Thuế có ý kiến như sau:

Căn cứ khoản 1 và khoản 2 Điều 4  Thông tư 96/2015/TT-BTC  (sửa đổi, bổ sung  Thông tư 78/2014/TT-BTC ) hướng dẫn các khoản chi được trừ và không được trừ khi xác định thu nhập chịu thuế;

Căn cứ khoản 2 Điều 9  Thông tư 45/2013/TT-BTC  hướng dẫn chế độ quản lý, sử dụng và trích khấu hao tài sản cố định;

Căn cứ Điều 15  Thông tư 219/2013/TT-BTC  (sửa đổi, bổ sung tại  Thông tư 119/2014/TT-BTC  và  Thông tư 151/2014/TT-BTC ) hướng dẫn điều kiện khấu trừ thuế giá trị gia tăng đầu vào.

Căn cứ các quy định trên:

Về chi phí được trừ: Về nguyên tắc, trường hợp doanh nghiệp mượn đất và có công trình trên khu đất như trụ sở văn phòng, nhà xưởng, cửa hàng phục vụ cho hoạt động sản xuất kinh doanh thì được trích khấu hao tính vào chi phí được trừ khi xác định thu nhập chịu thuế nếu đáp ứng các điều kiện theo quy định.

Về điều kiện khấu trừ đối với hàng hóa, dịch vụ mua vào thực hiện theo quy định tại  Thông tư 219/2013/TT-BTC  và các Thông tư sửa đổi, bổ sung.

Đề nghị Thuế thành phố Hà Nội căn cứ quy định pháp luật từng thời kỳ và hồ sơ thực tế để xem xét việc giải quyết theo quy định và theo thẩm quyền.

Trên đây là thông tin: Nhà xưởng, văn phòng xây trên đất mượn có được trích khấu hao không theo Công văn 2373 CT CS 2026?

Xem thêm:

>>>  06 trường hợp chi khấu hao tài sản cố định không được trừ khi tính thuế thu nhập doanh nghiệp như thế nào?

>>>  Bảng tính khấu hao tài sản cố định 06 TSCÐ theo Thông tư 99 là mẫu nào?

Nhà xưởng, văn phòng xây trên đất mượn có được trích khấu hao không theo Công văn 2373/CT-CS 2026? (Hình từ Internet)

Căn cứ theo Điều 11  Thông tư 45/2013/TT-BTC  việc xác định thời gian trích khấu hao của tài sản cố định vô hình như sau:

- Doanh nghiệp tự xác định thời gian trích khấu hao của tài sản cố định vô hình nhưng tối đa không quá 20 năm.

- Đối với TSCĐ vô hình là giá trị quyền sử dụng đất có thời hạn, quyền sử dụng đất thuê, thời gian trích khấu hao là thời gian được phép sử dụng đất của doanh nghiệp.

- Đối với TSCĐ vô hình là quyền tác giả, quyền sở hữu trí tuệ, quyền đối với giống cây trồng, thì thời gian trích khấu hao là thời hạn bảo hộ được ghi trên văn bằng bảo hộ theo quy định (không được tính thời hạn bảo hộ được gia hạn thêm).

Căn cứ tại khoản 1 Điều 13  Thông tư 45/2013/TT-BTC  quy định như sau:

Điều 13. Phương pháp trích khấu hao tài sản cố định:

1. Các phương pháp trích khấu hao:

a) Phương pháp khấu hao đường thẳng.

b) Phương pháp khấu hao theo số dư giảm dần có điều chỉnh.

c) Phương pháp khấu hao theo số lượng, khối lượng sản phẩm.

2. Căn cứ khả năng đáp ứng các điều kiện áp dụng quy định cho từng phương pháp trích khấu hao tài sản cố định, doanh nghiệp được lựa chọn các phương pháp trích khấu hao phù hợp với từng loại tài sản cố định của doanh nghiệp:

a) Phương pháp khấu hao đường thẳng là phương pháp trích khấu hao theo mức tính ổn định từng năm vào chi phí sản xuất kinh doanh của doanh nghiệp của tài sản cố định tham gia vào hoạt động kinh doanh.

Doanh nghiệp hoạt động có hiệu quả kinh tế cao được khấu hao nhanh nhưng tối đa không quá 2 lần mức khấu hao xác định theo phương pháp đường thẳng để nhanh chóng đổi mới công nghệ. Tài sản cố định tham gia vào hoạt động kinh doanh được trích khấu hao nhanh là máy móc, thiết bị; dụng cụ làm việc đo lường, thí nghiệm; thiết bị và phương tiện vận tải; dụng cụ quản lý; súc vật, vườn cây lâu năm. Khi thực hiện trích khấu hao nhanh, doanh nghiệp phải đảm bảo kinh doanh có lãi. Trường hợp doanh nghiệp trích khấu hao nhanh vượt 2 lần mức quy định tại khung thời gian sử dụng tài sản cố định nêu tại Phụ lục 1 kèm theo Thông tư này, thì phần trích vượt mức khấu hao nhanh (quá 2 lần) không được tính vào chi phí hợp lý khi tính thuế thu nhập trong kỳ.

[...]

Như vậy, có 03 phương pháp trích khấu hao tài sản cố định gồm:

- Phương pháp khấu hao đường thẳng.

- Phương pháp khấu hao theo số dư giảm dần có điều chỉnh.

- Phương pháp khấu hao theo số lượng, khối lượng sản phẩm.","thue-phi-le-phi","","","","2026-04-21T09:00:00","https://thuvienphapluat.vn/hoi-dap-phap-luat/nha-xuong-van-phong-xay-tren-dat-muon-co-duoc-trich-khau-hao-khong-theo-cong-van-2373ctcs-2026-138087298.html","2026-04-21T03:45:16.273385+00:00"
"138088144","Thực hư ngưỡng chịu thuế hộ kinh doanh nâng lên 2 tỷ đồng như thế nào?","Hiện nay, chưa có quy định chính thức nào về việc nâng ngưỡng chịu thuế đối với hộ kinh doanh lên mức 2 tỷ đồng/năm.

Theo quy định tại khoản 1 Điều 7  Luật Thuế thu nhập cá nhân năm 2025 , ngưỡng doanh thu chịu thuế thu nhập cá nhân đối với hộ, cá nhân kinh doanh đã được điều chỉnh lên 500 triệu đồng/năm từ 01/01/2026.

Mới nhất vào ngày 15/4/2026, Bộ Tư pháp đã công bố và lấy ý kiến Dự thảo Luật sửa đổi, bổ sung một số điều của Luật Thuế thu nhập cá nhân, Luật Thuế thu nhập doanh nghiệp và Luật Thuế giá trị gia tăng.

Tải về

Theo nội dung dự thảo, cá nhân cư trú có hoạt động sản xuất, kinh doanh có doanh thu năm dưới mức do Chính phủ quy định thì không phải nộp thuế thu nhập cá nhân.

Về ngưỡng chịu thuế hộ kinh doanh, dự thảo không quy định cụ thể một mức doanh thu miễn thuế cố định trong luật, mà đề xuất giao Chính phủ chủ động điều chỉnh ngưỡng doanh thu miễn thuế phù hợp.

Thông tin về việc nâng ngưỡng chịu thuế hộ kinh doanh nâng lên 2 tỷ đồng/năm hiện chưa có cơ sở pháp lý. Tại dự thảo sửa đổi luật không ấn định mức cụ thể, mà định hướng giao Chính phủ quy định ngưỡng doanh thu phù hợp theo từng thời kỳ.

Xem thêm:

>>  Cục Thuế cho phép hộ kinh doanh dưới 500 triệu sử dụng hoá đơn điện tử cụ thể ra sao?

>>  7 Mẫu sổ sách kế toán hộ kinh doanh Excel

Thực hư ngưỡng chịu thuế hộ kinh doanh nâng lên 2 tỷ đồng như thế nào? (Hình từ Internet)

Theo Điều 4  Nghị định 68/2026/NĐ-CP  quy định về chính sách thuế TNCN đối với hộ kinh doanh hiện nay như sau:

(1) Cá nhân cư trú có hoạt động sản xuất, kinh doanh, bao gồm cả cá nhân đăng ký thành lập hộ kinh doanh hoặc người được các thành viên hộ gia đình ủy quyền làm người đại diện hộ kinh doanh (sau đây gọi là cá nhân kinh doanh) có mức doanh thu năm  từ 500 triệu đồng trở xuống  không phải nộp thuế thu nhập cá nhân.

(2)  Cá nhân kinh doanh có doanh thu năm trên mức doanh thu quy định tại khoản (1) thực hiện nộp thuế theo quy định tại Điều 7 Luật Thuế thu nhập cá nhân số 109/2025/QH15.

(3) Đối với cá nhân kinh doanh nộp thuế thu nhập cá nhân theo quy định tại khoản 3 Điều 7  Luật Thuế thu nhập cá nhân số 109/2025/QH15 , trường hợp cá nhân có nhiều ngành, nghề kinh doanh áp dụng các mức thuế suất thuế thu nhập cá nhân khác nhau hoặc có nhiều địa điểm kinh doanh thì cá nhân được áp dụng mức trừ 500 triệu đồng trước khi tính thuế thu nhập cá nhân đối với một hoặc một số ngành, nghề kinh doanh hoặc địa điểm kinh doanh do cá nhân lựa chọn theo phương án có lợi nhất, nhưng tổng mức trừ không vượt quá 500 triệu đồng trong một năm đối với doanh thu của toàn bộ hoạt động kinh doanh quy định tại khoản này.

Trường hợp doanh thu từ ngành, nghề kinh doanh hoặc địa điểm kinh doanh được lựa chọn chưa trừ đủ 500 triệu đồng, cá nhân được trừ tiếp mức chưa trừ hết vào doanh thu của một hoặc một số ngành, nghề kinh doanh hoặc địa điểm kinh doanh khác cho đến khi tổng mức trừ đủ 500 triệu đồng.

(4) Đối với cá nhân cho thuê bất động sản nộp thuế thu nhập cá nhân theo quy định tại khoản 4 Điều 7  Luật Thuế thu nhập cá nhân số 109/2025/QH15 :

- Trường hợp cá nhân có nhiều bất động sản cho thuê ở các địa điểm khác nhau, cá nhân được trừ 500 triệu đồng trước khi tính thuế thu nhập cá nhân đối với một hoặc một số hợp đồng cho thuê bất động sản do cá nhân lựa chọn nhưng tổng mức được trừ không quá 500 triệu đồng một năm đối với tất cả hợp đồng cho thuê bất động sản. Trường hợp hợp đồng cho thuê bất động sản được lựa chọn chưa trừ đủ 500 triệu đồng, cá nhân được tiếp tục lựa chọn các hợp đồng cho thuê bất động sản khác để được trừ tiếp cho đến khi trừ đủ 500 triệu đồng;

- Trường hợp cá nhân có nhiều bất động sản cho thuê ở các địa điểm khác nhau và có quy định bên đi thuê khai thay, nộp thay thuế, khi lựa chọn hợp đồng cho thuê bất động sản để áp dụng mức được trừ khi tính thuế thu nhập cá nhân, cá nhân cho thuê bất động sản và bên đi thuê phải quy định rõ trong hợp đồng cho thuê bất động sản nội dung khai thay, nộp thay thuế và số tiền được trừ khi tính thuế thu nhập cá nhân. Trường hợp hợp đồng cho thuê bất động sản có quy định khai thay, nộp thay thuế nhưng chưa trừ đủ 500 triệu đồng thì cá nhân được tiếp tục lựa chọn các hợp đồng cho thuê bất động sản khác để tiếp tục được trừ cho đến khi trừ đủ 500 triệu đồng.

(5) Phương pháp tính thuế

- Phương pháp tính thuế thu nhập cá nhân theo thuế suất nhân (x) doanh thu tính thuế áp dụng đối với cá nhân kinh doanh có doanh thu năm trên 500 triệu đồng đến 03 tỷ đồng. Thuế suất thuế thu nhập cá nhân áp dụng theo quy định tại khoản 3 Điều 7  Luật Thuế thu nhập cá nhân số 109/2025/QH15 ;

- Phương pháp tính thuế thu nhập cá nhân theo thu nhập tính thuế nhân (x) thuế suất áp dụng đối với cá nhân kinh doanh có doanh thu năm trên 03 tỷ đồng và trường hợp cá nhân kinh doanh có doanh thu năm trên 500 triệu đồng đến 03 tỷ đồng lựa chọn phương pháp này. Thu nhập tính thuế được xác định bằng doanh thu của hàng hóa, dịch vụ bán ra trừ (-) chi phí liên quan đến hoạt động sản xuất, kinh doanh trong kỳ tính thuế. Thuế suất thuế thu nhập cá nhân áp dụng theo quy định tại khoản 2 Điều 7  Luật Thuế thu nhập cá nhân số 109/2025/QH15 ;

- Doanh thu, chi phí xác định theo quy định tại Điều 5, Điều 6  Nghị định 68/2026/NĐ-CP

- Trường hợp hộ kinh doanh, cá nhân kinh doanh có doanh thu trên 03 tỷ đồng hoặc có doanh thu năm trên 500 triệu đồng đến 03 tỷ đồng đang áp dụng phương pháp tính thuế thu nhập cá nhân theo thu nhập tính thuế nhân (x) thuế suất thì thực hiện ổn định phương pháp tính thuế trong 02 năm liên tục kể từ năm đầu tiên áp dụng.

Trường hợp hộ kinh doanh, cá nhân kinh doanh có doanh thu năm trên 500 triệu đồng đến 03 tỷ đồng đang áp dụng phương pháp tính thuế thu nhập cá nhân theo thuế suất nhân (x) doanh thu tính thuế, nếu hết năm xác định doanh thu thực tế năm trên 03 tỷ đồng thì từ năm tiếp theo phải chuyển sang áp dụng phương pháp tính thuế thu nhập cá nhân theo thu nhập tính thuế nhân (x) thuế suất.

Căn cứ Điều 13  Nghị định 68/2026/NĐ-CP  quy định về quyền và trách nhiệm của hộ kinh doanh như sau:

- Hộ kinh doanh, cá nhân kinh doanh có quyền yêu cầu cơ quan thuế hướng dẫn, giải đáp thắc mắc, hỗ trợ về khai thuế, tính thuế và nộp thuế.

- Hộ kinh doanh, cá nhân kinh doanh có các quyền của người nộp thuế theo quy định pháp luật về quản lý thuế.

- Hộ kinh doanh, cá nhân kinh doanh tự kê khai đầy đủ, chính xác doanh thu phát sinh từ hoạt động sản xuất, kinh doanh để xác định số thuế phải nộp theo quy định của pháp luật thuế và tự chịu trách nhiệm trước pháp luật về nội dung đã kê khai.

- Hộ kinh doanh, cá nhân kinh doanh thực hiện thông báo cho cơ quan thuế theo phương thức điện tử tất cả các số tài khoản mở tại tổ chức cung ứng dịch vụ thanh toán, số hiệu ví điện tử mở tại tổ chức cung ứng dịch vụ trung gian thanh toán liên quan đến sản xuất, kinh doanh.

- Hộ kinh doanh, cá nhân kinh doanh có trách nhiệm sử dụng sổ kế toán theo quy định của pháp luật kế toán và hướng dẫn của Bộ trưởng Bộ Tài chính; sử dụng hóa đơn theo quy định.

- Hộ kinh doanh, cá nhân kinh doanh có trách nhiệm cung cấp sổ kế toán, hóa đơn, phần mềm quản lý bán hàng, tài liệu liên quan theo yêu cầu của cơ quan thuế khi kiểm tra thuế.

- Hộ kinh doanh, cá nhân kinh doanh cư trú có hoạt động kinh doanh trên nền tảng thương mại điện tử có trách nhiệm kê khai và nộp thuế tiêu thụ đặc biệt, thuế bảo vệ môi trường, thuế tài nguyên, phí bảo vệ môi trường và các khoản thu khác phải nộp ngân sách nhà nước do cơ quan thuế quản lý thu theo quy định của pháp luật về thuế, pháp luật về quản lý thuế và pháp luật khác có liên quan.

- Hộ kinh doanh, cá nhân kinh doanh có hoạt động kinh doanh trên nền tảng thương mại điện tử có trách nhiệm cung cấp đầy đủ, chính xác cho chủ quản nền tảng thương mại điện tử thông tin mã số thuế hoặc số định danh cá nhân đối với công dân Việt Nam; số hộ chiếu hoặc thông tin định danh do cơ quan có thẩm quyền nước ngoài cấp đối với công dân nước ngoài và thông tin, tài liệu liên quan đến việc xác định nghĩa vụ thuế phải nộp, các thông tin bắt buộc đối với người bán theo quy định của pháp luật về thương mại điện tử.","thue-phi-le-phi","","","","2026-04-21T08:19:00","https://thuvienphapluat.vn/hoi-dap-phap-luat/thuc-hu-nguong-chiu-thue-ho-kinh-doanh-nang-len-2-ty-dong-nhu-the-nao-138088144.html","2026-04-21T03:45:20.082730+00:00"
"138088041","Mã hóa đơn, biên lai của Thuế Tỉnh Tây Ninh phát hành là bao nhiêu?","Xem thêm

>>>  Mã hóa đơn, biên lai của Thuế TP Hà Nội phát hành là bao nhiêu?

>>>  Mã hóa đơn, biên lai của Thuế Thành phố Hồ Chí Minh phát hành là bao nhiêu?

Căn cứ Phụ lục I.A ban hành kèm theo Công văn 4446/BTC-CT năm 2026   Tải về   của Bộ Tài chính có nội dung về mã hóa đơn biên lai của cơ quan thuế phát hành như sau

Mã

Cơ quan Thuế

01

Thành phố Hà Nội

02

Thành phố Hồ Chí Minh

03

Thành phố Hải Phòng

04

Tỉnh Ninh Bình

05

Tỉnh Bắc Ninh

06

Tỉnh Thái Nguyên

07

Tỉnh Tuyên Quang

08

Tỉnh Phú Thọ

09

Tỉnh Sơn La

10

Tỉnh Thanh Hóa

11

Thành phố Đà Nẵng

12

Thành phố Huế

13

Tỉnh Gia Lai

14

Tỉnh Đắk Lắk

15

Tỉnh Khánh Hòa

16

Tỉnh Tây Ninh

17

Tỉnh Vĩnh Long

18

Thành phố Cần Thơ

19

Tỉnh Đồng Tháp

20

Tỉnh Cà Mau

21

Tỉnh Nghệ An

22

Tỉnh Cao Bằng

23

Tỉnh Lai Châu

24

Tỉnh Lào Cai

25

Tỉnh Điện Biên

26

Tỉnh Lạng Sơn

27

Tỉnh Quảng Ninh

28

Tỉnh Hưng Yên

29

Tỉnh Quảng Trị

30

Tỉnh Hà Tĩnh

31

Tỉnh Quảng Ngãi

32

Tỉnh Lâm Đồng

33

Tỉnh Đồng Nai

34

Tỉnh An Giang

35

Chi cục Thuế doanh nghiệp lớn

36

Chi cục Thuế thương mại điện tử

Như vậy, mã hóa đơn biên lai của Thuế Tỉnh Tây Ninh phát hành là 16.

Mã hóa đơn biên lai của Thuế Tỉnh Tây Ninh phát hành là bao nhiêu? (Hình từ Internet)

Căn cứ tại Điều 7  Nghị định 123/2020/NĐ-CP  quy định chuyển đổi hóa đơn điện tử, chứng từ điện tử thành hóa đơn, chứng từ giấy như sau:

Điều 7. Chuyển đổi hóa đơn điện tử, chứng từ điện tử thành hóa đơn, chứng từ giấy

1. Hóa đơn điện tử, chứng từ điện tử hợp pháp được chuyển đổi thành hóa đơn, chứng từ giấy khi có yêu cầu nghiệp vụ kinh tế, tài chính phát sinh hoặc theo yêu cầu của cơ quan quản lý thuế, cơ quan kiểm toán, thanh tra, kiểm tra, điều tra và theo quy định của pháp luật về thanh tra, kiểm tra và điều tra.

2. Việc chuyển đổi hóa đơn điện tử, chứng từ điện tử thành hóa đơn, chứng từ giấy phải bảo đảm sự khớp đúng giữa nội dung của hóa đơn điện tử, chứng từ điện tử và hóa đơn, chứng từ giấy sau khi chuyển đổi.

[...]

Theo đó, hóa đơn điện tử được chuyển đổi thành hóa đơn giấy khi có yêu cầu nghiệp vụ kinh tế, tài chính phát sinh hoặc theo yêu cầu của cơ quan quản lý thuế, cơ quan kiểm toán, thanh tra, kiểm tra, điều tra và theo quy định của pháp luật về thanh tra, kiểm tra và điều tra.

Tại Điều 45  Nghị định 123/2020/NĐ-CP  quy định tra cứu thông tin hóa đơn điện tử phục vụ kiểm tra hàng hóa lưu thông trên thị trường như sau:

- Khi kiểm tra hàng hóa lưu thông trên thị trường, đối với trường hợp sử dụng hóa đơn điện tử, cơ quan nhà nước, người có thẩm quyền truy cập Cổng thông tin điện tử của Tổng cục Thuế để tra cứu thông tin về hóa đơn điện tử phục vụ yêu cầu quản lý, không yêu cầu cung cấp hóa đơn giấy. Các cơ quan có liên quan có trách nhiệm sử dụng các thiết bị để truy cập tra cứu dữ liệu hóa đơn điện tử.

- Trường hợp bất khả kháng do sự cố, thiên tai gây ảnh hưởng đến việc truy cập mạng Internet dẫn đến không tra cứu được dữ liệu hóa đơn thì cơ quan nhà nước, người có thẩm quyền đang thực hiện kiểm tra thực hiện tra cứu thông tin hóa đơn điện tử theo hình thức nhắn tin.

Tại khoản 3 Điều 10  Nghị định 123/2020/NĐ-CP  có quy định về nội dung của hóa đơn như sau:

Điều 10. Nội dung của hóa đơn

[...]

3. Số hóa đơn

a) Số hóa đơn là số thứ tự được thể hiện trên hóa đơn khi người bán lập hóa đơn. Số hóa đơn được ghi bằng chữ số Ả-rập có tối đa 8 chữ số, bắt đầu từ số 1 vào ngày 01/01 hoặc ngày bắt đầu sử dụng hóa đơn và kết thúc vào ngày 31/12 hàng năm có tối đa đến số 99 999 999. Hóa đơn được lập theo thứ tự liên tục từ số nhỏ đến số lớn trong cùng một ký hiệu hóa đơn và ký hiệu mẫu số hóa đơn. Riêng đối với hóa đơn do cơ quan thuế đặt in thì số hóa đơn được in sẵn trên hóa đơn và người mua hóa đơn được sử dụng đến hết kể từ khi mua.

Trường hợp tổ chức kinh doanh có nhiều cơ sở bán hàng hoặc nhiều cơ sở được đồng thời cùng sử dụng một loại hóa đơn điện tử có cùng ký hiệu theo phương thức truy xuất ngẫu nhiên từ một hệ thống lập hóa đơn điện tử thì hóa đơn được lập theo thứ tự liên tục từ số nhỏ đến số lớn theo thời điểm người bán ký số, ký điện tử trên hóa đơn.

b) Trường hợp số hóa đơn không được lập theo nguyên tắc nêu trên thì hệ thống lập hóa đơn điện tử phải đảm bảo nguyên tắc tăng theo thời gian, mỗi số hóa đơn đảm bảo chỉ được lập, sử dụng một lần duy nhất và tối đa 8 chữ số.

[...]

Như vậy, hóa đơn được lập theo thứ tự liên tục từ số nhỏ đến số lớn trong cùng một ký hiệu hóa đơn và ký hiệu mẫu số hóa đơn.

Riêng đối với hóa đơn do cơ quan thuế đặt in thì số hóa đơn được in sẵn trên hóa đơn và người mua hóa đơn được sử dụng đến hết kể từ khi mua.","thue-phi-le-phi","","","","2026-04-20T21:10:00","https://thuvienphapluat.vn/hoi-dap-phap-luat/ma-hoa-don-bien-lai-cua-thue-tinh-tay-ninh-phat-hanh-la-bao-nhieu-138088041.html","2026-04-21T03:45:36.829540+00:00"
"138088039","Mã hóa đơn, biên lai của Thuế Tỉnh Khánh Hòa phát hành là bao nhiêu?","Xem thêm

>>>  Mã hóa đơn, biên lai của Thuế TP Hà Nội phát hành là bao nhiêu?

>>>  Mã hóa đơn, biên lai của Thuế Thành phố Hồ Chí Minh phát hành là bao nhiêu?

Căn cứ Phụ lục I.A ban hành kèm theo Công văn 4446/BTC-CT năm 2026   Tải về   của Bộ Tài chính có nội dung về mã hóa đơn biên lai của cơ quan thuế phát hành như sau

Mã

Cơ quan Thuế

01

Thành phố Hà Nội

02

Thành phố Hồ Chí Minh

03

Thành phố Hải Phòng

04

Tỉnh Ninh Bình

05

Tỉnh Bắc Ninh

06

Tỉnh Thái Nguyên

07

Tỉnh Tuyên Quang

08

Tỉnh Phú Thọ

09

Tỉnh Sơn La

10

Tỉnh Thanh Hóa

11

Thành phố Đà Nẵng

12

Thành phố Huế

13

Tỉnh Gia Lai

14

Tỉnh Đắk Lắk

15

Tỉnh Khánh Hòa

16

Tỉnh Tây Ninh

17

Tỉnh Vĩnh Long

18

Thành phố Cần Thơ

19

Tỉnh Đồng Tháp

20

Tỉnh Cà Mau

21

Tỉnh Nghệ An

22

Tỉnh Cao Bằng

23

Tỉnh Lai Châu

24

Tỉnh Lào Cai

25

Tỉnh Điện Biên

26

Tỉnh Lạng Sơn

27

Tỉnh Quảng Ninh

28

Tỉnh Hưng Yên

29

Tỉnh Quảng Trị

30

Tỉnh Hà Tĩnh

31

Tỉnh Quảng Ngãi

32

Tỉnh Lâm Đồng

33

Tỉnh Đồng Nai

34

Tỉnh An Giang

35

Chi cục Thuế doanh nghiệp lớn

36

Chi cục Thuế thương mại điện tử

Như vậy, mã hóa đơn biên lai của Thuế Tỉnh Khánh Hòa phát hành là 15.

Mã hóa đơn biên lai của Thuế Tỉnh Khánh Hòa phát hành là bao nhiêu? (Hình từ Internet)

Theo Điều 4  Nghị định 125/2020/NĐ-CP  quy định những hành vi sử dụng hóa đơn không hợp pháp gồm:

- Hóa đơn, chứng từ giả;

- Hóa đơn, chứng từ chưa có giá trị sử dụng, hết giá trị sử dụng;

- Hóa đơn bị ngừng sử dụng trong thời gian bị cưỡng chế bằng biện pháp ngừng sử dụng hóa đơn, trừ trường hợp được phép sử dụng theo thông báo của cơ quan thuế;

- Hóa đơn điện tử không đăng ký sử dụng với cơ quan thuế;

- Hóa đơn điện tử chưa có mã của cơ quan thuế đối với trường hợp sử dụng hóa đơn điện tử có mã của cơ quan thuế;

- Hóa đơn mua hàng hóa, dịch vụ có ngày lập trên hóa đơn từ ngày cơ quan thuế xác định bên bán không hoạt động tại địa chỉ kinh doanh đã đăng ký với cơ quan nhà nước có thẩm quyền;

- Hóa đơn, chứng từ mua hàng hóa, dịch vụ có ngày lập trên hóa đơn, chứng từ trước ngày xác định bên lập hóa đơn, chứng từ không hoạt động tại địa chỉ kinh doanh đã đăng ký với cơ quan nhà nước có thẩm quyền hoặc chưa có thông báo của cơ quan thuế về việc bên lập hóa đơn, chứng từ không hoạt động tại địa chỉ kinh doanh đã đăng ký với cơ quan có thẩm quyền nhưng cơ quan thuế hoặc cơ quan công an hoặc các cơ quan chức năng khác đã có kết luận đó là hóa đơn, chứng từ không hợp pháp.

Theo Điều 5  Nghị định 123/2020/NĐ-CP  được sửa đổi bởi khoản 4 Điều 1  Nghị định 70/2025/NĐ-CP  quy định các hành vi bị cấm trong lĩnh vực hóa đơn, chứng từ như sau:

(1). Đối với công chức thuế

- Gây phiền hà, khó khăn cho tổ chức, cá nhân đến mua hóa đơn, chứng từ;

- Có hành vi bao che, thông đồng cho tổ chức, cá nhân để sử dụng hóa đơn, chứng từ không hợp pháp;

- Nhận hối lộ khi thanh tra, kiểm tra về hóa đơn.

(2). Đối với tổ chức, cá nhân bán hàng hóa, cung cấp dịch vụ, tổ chức, cá nhân có quyền và nghĩa vụ liên quan

- Thực hiện hành vi gian dối như sử dụng hóa đơn không hợp pháp, sử dụng không hợp pháp hóa đơn; làm giả hóa đơn, chứng từ để thực hiện hành vi trái pháp luật;

- Cản trở công chức thuế thi hành công vụ, cụ thể: các hành vi cản trở gây tổn hại sức khỏe, nhân phẩm của công chức thuế khi đang thanh tra, kiểm tra về hóa đơn, chứng từ;

- Truy cập trái phép, làm sai lệch, phá hủy hệ thống thông tin về hóa đơn, chứng từ;

- Đưa hối lộ hoặc thực hiện các hành vi khác liên quan hóa đơn, chứng từ nhằm mưu lợi bất chính;

- Không chuyển dữ liệu điện tử về cơ quan thuế theo quy định tại Nghị định này.

Theo khoản 1 Điều 8  Nghị định 125/2020/NĐ-CP  được sửa đổi bởi khoản 1 Điều 1  Nghị định 102/2021/NĐ-CP  quy định như sau:

Điều 8. Thời hiệu xử phạt vi phạm hành chính về thuế, hóa đơn; thời hạn được coi là chưa bị xử phạt; thời hạn truy thu thuế

1. Thời hiệu xử phạt vi phạm hành chính về hóa đơn

a) Thời hiệu xử phạt vi phạm hành chính về hóa đơn là 02 năm

b) Thời điểm tính thời hiệu xử phạt vi phạm hành chính về hóa đơn được quy định như sau:

Đối với hành vi vi phạm hành chính đang được thực hiện quy định tại điểm c khoản này thì thời hiệu được tính từ ngày người có thẩm quyền thi hành công vụ phát hiện hành vi vi phạm.

Đối với hành vi vi phạm hành chính đã kết thúc quy định tại điểm d khoản này thì thời hiệu được tính từ ngày chấm dứt hành vi vi phạm.

[...]

Theo đó, thời hiệu xử phạt hành vi sử dụng hóa đơn không hợp pháp là 02 năm.","thue-phi-le-phi","","","","2026-04-20T17:45:00","https://thuvienphapluat.vn/hoi-dap-phap-luat/ma-hoa-don-bien-lai-cua-thue-tinh-khanh-hoa-phat-hanh-la-bao-nhieu-138088039.html","2026-04-21T03:45:40.662846+00:00"
"138088093","Hướng dẫn sửa lỗi Dịch vụ công lỗi không đăng nhập được chi tiết ra sao?","Hiện nay nhiều NNT khi đăng nhập vào trang web Dịch vụ công giải quyết thủ tục hành chính về thuế thì bị báo lỗi  Dịch vụ công lỗi không đăng nhập được

Dưới đây là Hướng dẫn sửa lỗi  Dịch vụ công lỗi không đăng nhập được :

CÁCH 1: Kiểm tra tài khoản, mật khẩu

+ Nhập lại đúng tên đăng nhập và mật khẩu

+ Nếu quên -> bấm  Quên mật khẩu  để đặt lại

+ Kiểm tra tài khoản đã kích hoạt/ xác thực chưa

CÁCH 2: Đổi trình duyệt khác

CÁCH 3: Kiểm tra kết nối mạng

+ NNT đổi sang mạng khác (4G/5G hoặc WiFi khác)

CÁCH 4: Kiểm tra hệ thống

+ Nguyên nhân có thể do hệ thống Dịch vụ công bị quá tải hoặc bảo trì. Khi này NNT cần thử  đăng nhập lại sau 5-15 phút.

CÁCH 5: Liên hệ cơ quản thuế chủ quản để được hỗ trợ

Trường hợp đã thực hiện nhiều cách nhưng vẫn không khắc phục được lỗi thì NNT cần  liên hệ với cơ quan thuế  để được hỗ trợ.

Xem thêm:

>>>  Hướng dẫn sửa lỗi không lấy được hạn nộp hồ sơ khi nộp tờ khai bổ sung trên eTax Mobile như thế nào?

>>>  Hướng dẫn sửa lỗi đề nghị cá nhân thay đổi ít nhất 1 chỉ tiêu trên tờ khai khi lập tờ khai bổ sung chi tiết ra sao?

*Trên đây là thông tin Hướng dẫn sửa lỗi Dịch vụ công lỗi không đăng nhập được chi tiết ra sao?

Hướng dẫn sửa lỗi Dịch vụ công lỗi không đăng nhập được chi tiết ra sao? (Hình từ Internet)

Căn cứ tại khoản 2 Điều 4  Thông tư 19/2021/TT-BTC  quy định về nguyên tắc giao dịch thuế điện tử như sau:

Điều 4. Nguyên tắc giao dịch thuế điện tử

1. Người nộp thuế thực hiện giao dịch thuế điện tử phải có khả năng truy cập và sử dụng mạng Internet, có địa chỉ thư điện tử, có chữ ký số theo quy định tại Điều 7 Thông tư này hoặc có số điện thoại di động được một công ty viễn thông ở Việt Nam cấp (đối với cá nhân chưa được cấp chứng thư số) đã đăng ký sử dụng để giao dịch với cơ quan thuế trừ trường hợp người nộp thuế lựa chọn phương thức nộp thuế điện tử theo quy định tại điểm đ khoản 2 Điều này thực hiện theo quy định của ngân hàng hoặc tổ chức cung ứng dịch vụ trung gian thanh toán.

2. Người nộp thuế có thể lựa chọn các phương thức sau đây để thực hiện giao dịch thuế điện tử thông qua:

a) Cổng thông tin điện tử của Tổng cục Thuế.

b) Cổng dịch vụ công quốc gia, Cổng thông tin điện tử của Bộ Tài chính đã được kết nối với Cổng thông tin điện tử của Tổng cục Thuế.

c) Cổng thông tin điện tử của cơ quan nhà nước có thẩm quyền khác (trừ điểm b khoản này) đã được kết nối với Cổng thông tin điện tử của Tổng cục Thuế.

d) Tổ chức cung cấp dịch vụ T-VAN được Tổng cục Thuế chấp nhận kết nối với Cổng thông tin điện tử của Tổng cục Thuế.

đ) Dịch vụ thanh toán điện tử của ngân hàng hoặc tổ chức cung ứng dịch vụ trung gian thanh toán để thực hiện nộp thuế điện tử.

3. Đăng ký sử dụng phương thức giao dịch thuế điện tử

[...]

Như vậy, người nộp thuế có thể lựa chọn các phương thức sau đây để thực hiện giao dịch thuế điện tử thông qua:

- Cổng thông tin điện tử của Tổng cục Thuế.

- Cổng dịch vụ công quốc gia, Cổng thông tin điện tử của Bộ Tài chính đã được kết nối với Cổng thông tin điện tử của Tổng cục Thuế.

- Cổng thông tin điện tử của cơ quan nhà nước có thẩm quyền khác (trừ điểm b khoản này) đã được kết nối với Cổng thông tin điện tử của Tổng cục Thuế.

- Tổ chức cung cấp dịch vụ T-VAN được Tổng cục Thuế chấp nhận kết nối với Cổng thông tin điện tử của Tổng cục Thuế.

- Dịch vụ thanh toán điện tử của ngân hàng hoặc tổ chức cung ứng dịch vụ trung gian thanh toán để thực hiện nộp thuế điện tử.

Căn cứ tại khoản 1 Điều 5  Thông tư 19/2021/TT-BTC  quy định thông báo, quyết định, văn bản của cơ quan thuế được gửi qua Cổng thông tin điện tử của Tổng cục Thuế bao gồm:

- Thông báo từ Cổng thông tin điện tử của Tổng cục Thuế: là các thông báo phản hồi do Cổng thông tin điện tử của Tổng cục Thuế tự động tạo lập và gửi cho người nộp thuế, tổ chức, cá nhân thực hiện giao dịch thuế điện tử bao gồm: Thông báo tiếp nhận hồ sơ thuế điện tử, chứng từ nộp NSNN điện tử; Thông báo chấp nhận/không chấp nhận hồ sơ thuế điện tử theo mẫu quy định tại  Thông tư 19/2021/TT-BTC .

- Thông báo, quyết định, văn bản của cơ quan thuế được tạo lập từ hệ thống ứng dụng quản lý thuế được chuyển qua Cổng thông tin điện tử của Tổng cục Thuế để gửi cho người nộp thuế, cơ quan nhà nước có thẩm quyền tiếp nhận hồ sơ của người nộp thuế theo cơ chế “một cửa liên thông”. Việc tạo lập các thông báo, quyết định, văn bản này được thực hiện theo quy định về quản lý thuế trên hệ thống quản lý thuế của ngành thuế; trường hợp chưa tạo lập được trên hệ thống quản lý thuế của ngành thuế thì thực hiện theo quy định tại điểm c khoản 1 Điều 5  Thông tư 19/2021/TT-BTC .

- Thông báo của cơ quan thuế về các quy định, chính sách thuế và các thông báo, quyết định, văn bản khác về thuế.

Thông báo, quyết định, văn bản bằng giấy của cơ quan thuế được chuyển thành chứng từ điện tử và gửi cho người nộp thuế theo quy định tại khoản 2 Điều 5  Thông tư 19/2021/TT-BTC , cơ quan nhà nước có thẩm quyền tiếp nhận hồ sơ của người nộp thuế theo cơ chế “một cửa liên thông”. Việc tạo lập, ban hành các thông báo này theo quy định của pháp luật về quản lý thuế.

*Lưu ý:  Tại  Thông báo 275/TB-TCT năm 2025  thì Tổng cục Thuế sẽ được đổi tên thành Cục Thuế từ 01/3/2025.

*Trên đây là thông tin Hướng dẫn sửa lỗi Dịch vụ công lỗi không đăng nhập được chi tiết ra sao?","thue-phi-le-phi","","","","2026-04-20T16:53:00","https://thuvienphapluat.vn/hoi-dap-phap-luat/huong-dan-sua-loi-dich-vu-cong-loi-khong-dang-nhap-duoc-chi-tiet-ra-sao-138088093.html","2026-04-21T03:45:45.106941+00:00"
"138088084","Hướng dẫn sửa lỗi không tìm thấy thông tin cơ quan thuế chi tiết như thế nào?","Hiện nay, trong quá trình tra cứu hoặc nộp hồ sơ trên các hệ thống trên các hệ thống như eTax Mobile, HTKK hoặc Cổng Dịch vụ công, người nộp thuế dễ gặp phải lỗi “không tìm thấy thông tin cơ quan thuế” như sau:

Nguyên nhân chủ yếu là do sai mã số thuế, chưa đồng bộ dữ liệu hoặc chọn sai cơ quan quản lý thuế.

>>> Dưới đây là THAM KHẢO Hướng dẫn sửa lỗi không tìm thấy thông tin cơ quan thuế

Cách 1: Cập nhật/đồng bộ dữ liệu tài khoản

Đăng xuất rồi đăng nhập lại ứng dụng

- Nếu dùng eTax Mobile:

Vào Cài đặt → Cập nhật thông tin

- Nếu dùng HTKK:

Cập nhật phiên bản mới nhất

- Nếu trên Cổng Dịch vụ công Quốc gia:

Thử đổi trình duyệt (Chrome → Edge)

Cách 2: Kiểm tra cơ quan thuế quản lý

Có thể NTT đang chọn sai: Chi cục thuế; Cục thuế tỉnh/thành

Trường hợp mới chuyển nơi cư trú/địa chỉ:

Dữ liệu chưa cập nhật → hệ thống chưa nhận diện được

-> Cách xử lý:

Tra cứu cơ quan thuế đúng theo địa chỉ cư trú hiện tại hoặc liên hệ trực tiếp cơ quan thuế quản lý để xác nhận

Cách 3: Kiểm tra lại mã số thuế (MST)

Đảm bảo nhập đúng MST cá nhân/doanh nghiệp

Nếu là cá nhân: dùng MST đã đăng ký khi quyết toán thuế TNCN.

Có thể tra lại MST tại: https://tracuunnt.gdt.gov.vn/tcnnt/mstcn.jsp

Cách 4: Xóa cache / thử lại hệ thống

Xóa cache trình duyệt

Đổi thiết bị (máy tính → điện thoại)

Thử lại vào giờ khác (tránh lúc hệ thống lỗi)

Lưu ý:  Trường hợp sau khi đã thực hiện theo các bước hướng dẫn nhưng vẫn bị báo lỗi thì NNT hãy  liên hệ cơ quan thuế  để được hướng dẫn chi tiết.

* Trên đây là Thông tin về Hướng dẫn sửa lỗi không tìm thấy thông tin cơ quan thuế chi tiết như thế nào?

Hướng dẫn sửa lỗi không tìm thấy thông tin cơ quan thuế chi tiết như thế nào? (Hình từ Internet)

Căn cứ tại Điều 33  Thông tư 19/2021/TT-BTC  quy định về tiếp nhận, xử lý và trả kết quả hỏi đáp vướng mắc của người nộp thuế bằng phương thức điện tử như sau:

[1] Lập và gửi câu hỏi, vướng mắc

Người nộp thuế lập và gửi câu hỏi, vướng mắc đến cơ quan thuế theo quy định tại điểm a khoản 5 Điều 4  Thông tư 19/2021/TT-BTC .

Người nộp thuế giải trình, bổ sung thông tin, tài liệu liên quan đến câu hỏi, vướng mắc điện tử (nếu có) đến cơ quan thuế theo quy định tại điểm a khoản 5 Điều 4  Thông tư 19/2021/TT-BTC .

[2] Thông báo tiếp nhận câu hỏi, vướng mắc

Chậm nhất 15 phút kể từ khi nhận được câu hỏi, vướng mắc của người nộp thuế, Cổng thông tin điện tử của Tổng cục Thuế gửi Thông báo tiếp nhận câu hỏi, vướng mắc điện tử (theo mẫu số 01-1/TB-TĐT ban hành kèm theo  Thông tư 19/2021/TT-BTC ) cho người nộp thuế theo quy định tại khoản 2 Điều 5 Thông tư này.

[3] Xử lý và trả kết quả giải đáp vướng mắc

- Xử lý câu hỏi, vướng mắc:

+ Cơ quan thuế có trách nhiệm giải quyết câu hỏi, vướng mắc của người nộp thuế theo quy định của  Luật Quản lý thuế 2019 , các Luật thuế và các văn bản hướng dẫn thi hành.

+ Trong quá trình giải quyết câu hỏi, vướng mắc của người nộp thuế còn thiếu thông tin cần giải trình, bổ sung tài liệu thì cơ quan thuế gửi văn bản đề nghị giải trình, bổ sung thông tin, tài liệu cho người nộp thuế theo quy tại khoản 2 Điều 5  Thông tư 19/2021/TT-BTC .

Cổng thông tin điện tử của Tổng cục Thuế tiếp nhận văn bản giải trình, bổ sung thông tin, tài liệu của người nộp thuế đối với hồ sơ vướng mắc của người nộp thuế đã tiếp nhận bằng phương thức điện tử.

- Trả kết quả giải đáp vướng mắc

Cơ quan thuế gửi kết quả giải đáp vướng mắc cho người nộp thuế theo quy định tại khoản 2 Điều 5  Thông tư 19/2021/TT-BTC .

Căn cứ tại Điều 34  Thông tư 19/2021/TT-BTC  quy định về tra cứu thông tin của người nộp thuế bằng phương thức điện tử như sau:

[1] Người nộp thuế sử dụng tài khoản giao dịch thuế điện tử truy cập Cổng thông tin điện tử của Tổng cục Thuế để tra cứu, xem, in toàn bộ thông tin về hồ sơ, chứng từ, thông báo, quyết định, văn bản đã nhận/gửi giữa cơ quan thuế và người nộp thuế; tra cứu nghĩa vụ kê khai, tra cứu thông tin nghĩa vụ theo hồ sơ, chứng từ, quyết định; tra cứu số thuế còn phải nộp. Các thông tin của các thông báo, quyết định, văn bản của cơ quan thuế trên Cổng thông tin điện tử của Tổng cục Thuế có giá trị xác nhận như văn bản bằng giấy của cơ quan thuế.

Người nộp thuế có thể tra cứu tình hình xử lý hồ sơ thuế điện tử theo mã giao dịch điện tử, riêng chứng từ nộp NSNN thì tra cứu theo “số tham chiếu”.

[2] Người nộp thuế chưa có tài khoản giao dịch thuế điện tử, sử dụng mã giao dịch điện tử được cấp theo từng lần để tra cứu thông tin đã giao dịch với cơ quan thuế.

[3] Cổng thông tin điện tử của Tổng cục Thuế thông báo trên tài khoản giao dịch thuế điện tử của người nộp thuế do Tổng cục Thuế cấp về tình hình xử lý các khoản phải nộp, đã nộp, còn phải nộp, nộp thừa, miễn, giảm/xóa nợ, được hoàn, còn được hoàn phát sinh trong tháng trước và các khoản còn phải nộp, nộp thừa đến thời điểm cuối tháng trước đã được ghi nhận trong hệ thống ứng dụng quản lý thuế.

Trên đây là Thông tin về Hướng dẫn sửa lỗi không tìm thấy thông tin cơ quan thuế chi tiết như thế nào?","thue-phi-le-phi","","","","2026-04-20T16:48:00","https://thuvienphapluat.vn/hoi-dap-phap-luat/huong-dan-sua-loi-khong-tim-thay-thong-tin-co-quan-thue-chi-tiet-nhu-the-nao-138088084.html","2026-04-21T03:45:49.338762+00:00"
"138087724","Thời điểm nộp thuế bảo vệ môi trường đối với dầu nhập khẩu theo Công văn 15374/CHQ-NVTHQ 2026 ra sao?","Ngày 17/04/2026, Cục Hải quan Công văn 15374/CHQ-NVTHQ năm 2026 về thuế bảo vệ môi trường.

Xem toàn bộ Công văn 15374 CHQ NVTHQ 2026 về thuế bảo vệ môi trường dưới đây:

Tải về

Căn cứ các quy định nêu trên, trường hợp Công ty nhập khẩu dầu nhờn (thuộc đối tượng chịu thuế BVMT) về pha chế, sản xuất ra dầu nhờn (thuộc đối tượng chịu thuế BVMT) thì thuế BVMT chỉ nộp một lần đối với hàng hóa sản xuất hoặc nhập khẩu. Công ty thực hiện khai thuế, tính thuế BVMT như sau:

- Trường hợp Công ty là thương nhân đầu mối (thương nhân đầu mối kinh doanh xăng dầu hoặc thương nhân đầu mối sản xuất xăng dầu) theo quy định của pháp luật kinh doanh xăng dầu, trực tiếp nhập khẩu dầu, mỡ nhờn thì Công ty nộp hồ sơ khai thuế tại cơ quan thuế quản lý trực tiếp theo quy định tại điểm a khoản 4 Điều 11  Nghị định 126/2020/NĐ-CP .

- Trường hợp Công ty không phải là thương nhân đầu mối theo quy định của pháp luật kinh doanh xăng dầu thì Công ty thực hiện kê khai, tính thuế, nộp thuế BVMT đối với dầu, mỡ nhờn nhập khẩu cùng thời điểm với kê khai thuế và nộp thuế nhập khẩu theo quy định tại khoản 2 Điều 10  Luật Thuế bảo vệ môi trường 2010 .

Đề nghị Công ty căn cứ quy định của pháp luật và tình hình thực tế của Công ty để thực hiện khai, nộp thuế theo đúng quy định của pháp luật.

Theo đó, thời điểm nộp thuế bảo vệ môi trường đối với dầu nhập khẩu. Về vấn đề này, Cục Hải quan có ý kiến như sau:

Căn cứ khoản 1 Điều 3  Luật Thuế bảo vệ môi trường 2010  quy định đối tượng chịu thuế gồm:

1. Xăng, dầu, mỡ nhờn, bao gồm:

a) Xăng, trù etanol;

b) Nhiên liệu bay;

c) Dẩu diezel;

d) Dầu hỏa;

đ) Dầu mazut;

e) Dầu nhn;

g) Mỡ nhờn.

Căn cứ khoản 3 và khoản 4 Điều 9  Luật Thuế bảo vệ môi trường 2010  quy định:

3. Đối với hàng hóa nhập khẩu, thời điểm tính thuế là thời điểm đăng ký tờ khai hải quan.

4. Đối với xăng, dầu sản xuất hoặc nhập khẩu để bản, thời điểm tính thuế là thời điểm  đầu mối kinh doanh xăng, dầu bán ra.

Căn cứ khoản 2 và khoản 3 Điều 10  Luật Thuế bảo vệ môi trường 2010  quy định:

2. Việc khai thuế, tính thuế, nộp thuế BVMT đối với hàng hóa nhập khẩu được thực hiện cùng thời điểm với khai thuế và nộp thuế nhập khẩu.

3. Thuế BVMT chỉ nộp một lần đổi với hàng hóa sản xuất hoặc nhập khẩu.”

Căn cứ khoản 2 Điều 5  Nghị định 67/2011/NĐ-CP  quy định chỉ tiết và hướng dẫn thi hành một điều của Luật Thuế BVMT quy định:

2.  Khai thuế, tỉnh thuế và nộp thuế BVMT đối với xăng, dầu, mỡ nhờn: Các công ty kinh doanh xăng dầu đầu mối  thực hiện khai, nộp thuế BVMT vào ngân sách nhà nước đối với lượng xăng dầu xuất, bản (bao gồm cả xuất để tiêu dùng nội bộ, xuất để trao đổi sản phẩm hàng hoá khác, xuất trả hàng nhập khẩu uỷ thác, bán cho tổ chức, cá nhân khác; trừ bản cho công ty kinh doanh xăng dầu đầu mối khác) tại địa phương nơi kê khai, nộp thuế giá trị gia tăng.

Căn cứ điểm a khoản 4 Điều 11  Nghị định 126/2020/NĐ-CP  quy định chi tiết một số điều của Luật Quản lý thuế quy định địa điểm nộp hồ sơ khai thuế BVMT đối với xăng dầu như sau:

[...]

Trên đây là thông tin: Công văn 15374/CHQ-NVTHQ 2026 Thời điểm nộp thuế bảo vệ môi trường đối với dầu nhập khẩu ra sao?

Xem thêm:

>>>  11 chính sách bảo vệ môi trường của nhà nước cần tuân thủ là gì?

>>>  Thượng khẩn Công văn 14487/CHQ-NVTHQ 2026 áp dụng mức thuế bảo vệ môi trường, thuế GTGT, thuế TTĐB đối với xăng dầu và nhiên liệu bay ra sao?

Thời điểm nộp thuế bảo vệ môi trường đối với dầu nhập khẩu theo Công văn 15374/CHQ-NVTHQ 2026 ra sao? (Hình từ Internet)

Căn cứ tại khoản 4 Điều 8  Thông tư 152/2011/TT-BTC  quy định về hoàn thuế như sau:

Điều 8. Hoàn thuế

Người nộp thuế bảo vệ môi trường được hoàn thuế bảo vệ môi trường đã nộp trong một số trường hợp sau:

1. Hàng hóa nhập khẩu còn lưu kho, lưu bãi tại cửa khẩu và đang chịu sự giám sát của cơ quan Hải quan được tái xuất khẩu ra nước ngoài.

2. Hàng hóa nhập khẩu để giao, bán cho nước ngoài thông qua đại lý tại Việt Nam; xăng, dầu bán cho phương tiện vận tải của hãng nước ngoài trên tuyến đường qua cảng Việt Nam hoặc phương tiện vận tải của Việt Nam trên tuyến đường vận tải quốc tế theo quy định của pháp luật.

3. Hàng hóa tạm nhập khẩu để tái xuất khẩu theo phương thức kinh doanh hàng tạm nhập, tái xuất được hoàn lại số thuế bảo vệ môi trường đã nộp tương ứng với số hàng tái xuất khẩu.

4.  Hàng nhập khẩu do người nhập khẩu tái xuất khẩu (kể cả trường hợp trả lại hàng) ra nước ngoài  được hoàn lại số thuế bảo vệ môi trường đã nộp đối với số hàng tái xuất ra nước ngoài.

[...]

Như vậy, một trong những trường hợp người nộp thuế bảo vệ môi trường được hoàn thuế đã nộp là hàng hóa nhập khẩu do người nhập khẩu tái xuất khẩu ra nước ngoài.

Căn cứ theo Điều 5  Luật Thuế bảo vệ môi trường 2010  quy định người nộp thuế bảo vệ môi trường là các đối tượng sau:

[1]  Người nộp thuế bảo vệ môi trường là tổ chức, hộ gia đình, cá nhân sản xuất, nhập khẩu hàng hóa thuộc đối tượng chịu thuế sau:

- Xăng, dầu, mỡ nhờn, bao gồm:

+ Xăng, trừ etanol;

+ Nhiên liệu bay;

+ Dầu diezel;

+ Dầu hỏa;

+ Dầu mazut;

+ Dầu nhờn;

+ Mỡ nhờn.

- Than đá, bao gồm:

+ Than nâu;

+ Than an-tra-xít (antraxit);

+ Than mỡ;

+ Than đá khác.

- Dung dịch hydro-chloro-fluoro-carbon (HCFC).

- Túi ni lông thuộc diện chịu thuế.

- Thuốc diệt cỏ thuộc loại hạn chế sử dụng.

- Thuốc trừ mối thuộc loại hạn chế sử dụng.

- Thuốc bảo quản lâm sản thuộc loại hạn chế sử dụng.

- Thuốc khử trùng kho thuộc loại hạn chế sử dụng.

- Trường hợp xét thấy cần thiết phải bổ sung đối tượng chịu thuế khác cho phù hợp với từng thời kỳ thì Ủy ban thường vụ Quốc hội xem xét, quy định.

[2]  Người nộp thuế bảo vệ môi trường trong một số trường hợp cụ thể được quy định như sau:

- Trường hợp ủy thác nhập khẩu hàng hóa thì người nhận ủy thác nhập khẩu là người nộp thuế

- Trường hợp tổ chức, hộ gia đình, cá nhân làm đầu mối thu mua than khai thác nhỏ, lẻ mà không xuất trình được chứng từ chứng minh hàng hóa đã được nộp thuế bảo vệ môi trường thì tổ chức, hộ gia đình, cá nhân làm đầu mối thu mua là người nộp thuế.","thue-phi-le-phi","","","","2026-04-20T16:20:00","https://thuvienphapluat.vn/hoi-dap-phap-luat/thoi-diem-nop-thue-bao-ve-moi-truong-doi-voi-dau-nhap-khau-theo-cong-van-15374chqnvthq-2026-ra-sao-138087724.html","2026-04-21T03:45:53.937974+00:00"
"138088013","Bộ tài liệu hướng dẫn các thủ tục thuế online tải về ở đâu?","Thuế Thành phố Đà Nẵng  các thủ tục thuế online như sau:

Thủ tục hành chính

Tải tài liệu hướng dẫn

Nộp tờ khai quyết toán thuế TNCN trên Dịch vụ công

Tải về

Nộp tờ khai Bổ sung trên dịch vụ công

Tải về

Nộp giải trình bổ sung trên Dịch vụ công

Tải về

Nộp tờ khai quyết toán TNCN qua eTax Mobile

Tải về

Liên kết tài khoản Ngân hàng

Tải về

Thay đổi thông tin người nộp thuế

Tải về

Thay đổi thông tin người phụ thuộc

Tải về

Trên đây là thông tin về ""Bộ tài liệu hướng dẫn các thủ tục thuế online tải về ở đâu?"".

Xem thêm

>>>  Công văn 5702/DON-QLDN1 về áp dụng thời gian miễn, giảm thuế đối với dự án đầu tư mở rộng như thế nào?

>>>  Công văn 5575/DON-QLDN2 về kê khai thuế GTGT dự án đầu tư chi tiết như thế nào?

Bộ tài liệu hướng dẫn các thủ tục thuế online tải về ở đâu? (Hình từ Internet)

Theo nội dung hướng dẫn tại tiết 2.3 tiểu mục 2 Mục II  Công văn 1296/CT-NVT năm 2026  có nêu nhằm tạo điều kiện thuận lợi để người nộp thuế có thể chủ động thực hiện quyết toán thuế TNCN mọi lúc, mọi nơi, cơ quan thuế đã triển khai các ứng dụng và dịch vụ điện tử hỗ trợ kê khai, nộp hồ sơ trực tuyến.

Cá nhân tự quyết toán thuế TNCN thông qua 03 cách thức sau:

(1)  Nộp hồ sơ quyết toán thuế TNCN thông qua Hệ thống Thông tin giải quyết thủ tục hành chính Cục Thuế - Bộ Tài chính: https://dichvucong.gdt.gov.vn/tthc/homelogin.

- Người nộp thuế truy cập vào đường link bên trên và thực hện đăng nhập

- Sau khi đăng nhập, chọn chức năng quyết toán thuế thu nhập cá nhân và thực hiện kê khai, nộp hồ sơ theo hướng dẫn trên hệ thống.

(2)  Nộp hồ sơ quyết toán thuế qua ứng dụng eTax Mobile

Ngoài hệ thống eTax trên trình duyệt web, cá nhân có thể thực hiện quyết toán thuế TNCN trên điện thoại thông qua ứng dụng eTax Mobile.

(3)  Nộp hồ sơ quyết toán thuế qua Cổng Dịch vụ công Quốc gia

Cá nhân cũng có thể nộp hồ sơ quyết toán thuế TNCN thông qua Cổng Dịch vụ công Quốc gia bằng tài khoản dịch vụ công.

Theo Phần B  Công văn 1296/CT-NVT năm 2026  hướng dẫn thời hạn nộp hồ sơ quyết toán thuế TNCN như sau:

- Đối với tổ chức, cá nhân trả thu nhập từ tiền lương, tiền công

Thời hạn nộp hồ sơ khai thuế quyết toán thuế thu nhập cá nhân chậm nhất là ngày cuối cùng của tháng thứ 03 kể từ ngày kết thúc năm dương lịch. Trường hợp thời hạn nộp hồ sơ quyết toán thuế trùng với ngày nghỉ theo quy định thì thời hạn nộp hồ sơ quyết toán thuế được tính là ngày làm việc tiếp theo của ngày nghỉ đó theo quy định của Bộ luật Dân sự.

Tuy nhiên, trước thời điểm quyết toán, số lượng hồ sơ nộp tăng cao, tập trung vào những ngày cuối cùng của thời hạn nộp, có thể dẫn đến tình trạng quá tải hệ thống hoặc chậm xử lý hồ sơ; để chủ động trong việc kê khai và tránh rủi ro nộp chậm tờ khai, đề nghị cá nhân, tổ chức trả thu nhập thực hiện nộp hồ sơ sớm, không chờ đến sát thời hạn.

- Đối với cá nhân có thu nhập từ tiền lương, tiền công

Thời hạn nộp hồ sơ quyết toán thuế thu nhập cá nhân chậm nhất là ngày cuối cùng của tháng thứ 04 kể từ ngày kết thúc năm dương lịch. Trường hợp thời hạn nộp hồ sơ quyết toán thuế trùng với ngày nghỉ theo quy định thì thời hạn nộp hồ sơ quyết toán thuế được tính là ngày làm việc tiếp theo của ngày nghỉ đó theo quy định của Bộ luật Dân sự.

Lưu ý:  Đối với cá nhân thuộc diện phải trực tiếp quyết toán và có số thuế phải nộp thêm, cần lưu ý thực hiện nộp hồ sơ và nộp đủ số thuế phải nộp trong thời hạn quy định để tránh phát sinh tiền chậm nộp theo quy định của pháp luật. Việc chủ động thực hiện đúng thời hạn sẽ giúp cá nhân hạn chế rủi ro vi phạm và đảm bảo quá trình quyết toán diễn ra thuận lợi.","thue-phi-le-phi","","","","2026-04-20T15:50:00","https://thuvienphapluat.vn/hoi-dap-phap-luat/bo-tai-lieu-huong-dan-cac-thu-tuc-thue-online-tai-ve-o-dau-138088013.html","2026-04-21T03:45:58.177544+00:00"
"138087826","Tổng hợp công văn Thuế được ban hành tháng 4/2026 chi tiết ra sao?","Dưới đây là Tổng hợp công văn Thuế được ban hành tháng 4 2026 chi tiết như sau:

[1] Công văn 6108/DON-QLDN1 về hoàn thuế GTGT nếu có số thuế GTGT đầu vào chưa được khấu trừ hết

Ngày 17/4/2026, Thuế tỉnh Đồng Nai ban hành Công văn 6108/DON-QLDN1 năm 2026, trong đó có hướng dẫn nội dung về hoàn thuế GTGT nếu có số thuế GTGT đầu vào chưa được khấu trừ hết.

Xem Công văn 6108/DON-QLDN1 năm 2026:   Tải về

[2] Công văn 2249/DTH-NVDTPС ngày 15/4/2026 về thời hạn, mức xử phạt chậm nộp, không thông báo số tài khoản/số hiệu ví điện tử

Ngày 15/4/2026, Thuế tỉnh Đồng Tháp ban hành Công văn 2249/DTH-NVDTPС năm 2026 về hình thức, thời hạn thông báo số tài khoản, số hiệu ví điện tử và hồ sơ khai thuế.

Xem Công văn 2249/DTH-NVDTPС năm 2026:   Tải về

[3] HỎA TỐC Công văn 2470/CT-CS ngày 17/4/2026

Ngày 17/4/2026, Cục thuế ban hành Công văn 2470/CT-CS năm 2026 về sử dụng hóa đơn điện tử của hộ kinh doanh.

Xem Công văn 2470/CT-CS năm 2026:  Tại đây

[4] Công văn 2442/CT-NVT năm 2026

Ngày 16/04/2026, Cục Thuế ban hành Công văn 2442/CT-NVT năm 2026 về trả lời phản ánh kiến nghị liên quan đến đăng ký người phụ thuộc để giảm trừ gia cảnh thuế thu nhập cá nhân.

Xem Công văn 2442/CT-NVT năm 2026:   Tải về

[5] Công văn 4358/NBI-QLDN2 năm 2026

Ngày 15/4/2026, Thuế tỉnh Ninh Bình ban hành Công văn 4358/NBI-QLDN2 năm 2026 có giải đáp vướng mắc Hồ sơ của khoản chi mà tại thời điểm ghi nhận chi phí doanh nghiệp chưa thanh toán được trừ khi xác định thu nhập chịu thuế TNDN như sau:

Xem Công văn 4358/NBI-QLDN2 năm 2026:   Tải về

[6] Công văn 2344/CT-CS năm 2026 về thời điểm lập hóa đơn đối với bán hàng hóa

Ngày 14/4/2026, Cục Thuế ban hành Công văn 2344/CT-CS về việc hóa đơn.

Xem Công văn 2344/CT-CS năm 2026   Tải về

[7] Công văn 2277/CT-NVT về tăng cường công tác hoàn thuế TNCN tự động

Ngày 10/4/2026, Cục Thuế ban hành Công văn 2277/CT-NVT năm 2026 về tăng cường công tác hoàn thuế TNCN tự động.

Xem Công văn 2277/CT-NVT năm 2026:   Tải về

[8] Công văn 2334/CT-CS năm 2026 hướng dẫn xử lý đối với khoản hỗ trợ chi phúc lợi cho người lao động

Ngày 14/4/2026, Cục Thuế ban hành Công văn 2334/CT-CS năm 2026 về chính sách thuế. Trong đó, hướng dẫn xử lý đổi với khoản hỗ trợ chi phúc lợi cho người lao động

Xem Công văn 2334/CT-CS năm 2026:   Tải về

[9] Công văn 2451/THO-NVDTPC ngày 14/4/2026 ngăn chặn hành vi sử dụng song song 2 hệ thống sổ sách kế toán

Ngày 14/4/2026, Thuế tỉnh Thanh Hóa ban hành Công văn 2451/THO-NVDTPC năm 2026 V/v tăng cường công tác quản lý thuế, ngăn chặn hành vi sử dụng song song hai hệ thống số sách kế toán tài chính nhâm gian lận thuế.

Xem Công văn 2451/THO-NVDTPC năm 2026:   Tải về

[10] Công văn 2354/CT-CS 2026 Hộ kinh doanh phải nộp hồ sơ khai thuế bằng phương thức điện tử

Ngày 14/4/2026, Cục Thuế ban hành Công văn 2354/CT-CS năm 2026 về chính sách thuế và quản lý thuế với hộ kinh doanh, cá nhân kinh doanh.

Xem Công văn 2354/CT-CS 2026:   Tải về

[11] Công văn 2353/CT-CS 2026 hướng dẫn hộ kinh doanh nộp thuế với doanh thu trên 500 triệu

Ngày 14/4/2026, Cục Thuế ban hành Công văn 2353/CT-CS năm 2026 về chính sách thuế và quản lý thuế với hộ kinh doanh, cá nhân kinh doanh.

Xem Công văn 2353/CT-CS 2026:   Tải về

[12] Công văn 2269/CT-CS 2026 chính sách thuế GTGT về pháp luật chăn nuôi, trồng trọt

Ngày 10/4/2026, Cục Thuế ban hành Công văn 2269/CT-CS năm 2026 về chính sách thuế giá trị gia tăng.

Xem Công văn 2269/CT-CS 2026   Tải về

[13] Công văn 2419/CTH-QLDN1

Ngày 07/4/2026, Thuế Thành Phố Cần Thơ ban hành Công văn 2419/CTH-QLDN1 năm 2026, trong đó có hướng dẫn điều kiện khoản chi cho NLĐ nước ngoài được tính vào chi phí được trừ khi xác định thu nhập chịu thuế TNDN

Xem Công văn 2419/CTH-QLDN1   Tải về

[14] Công văn 2488/CTH-QLDN2

Ngày 09/4/2026, Thuế Thành Phố Cần Thơ ban hành Công văn 2488/CTH-QLDN2 năm 2026 hướng dẫn quyết toán thuế TNCN thông qua CQCT đối với trường hợp sáp nhập, hợp nhất.

Xem Công văn 2488/CTH-QLDN2:   Tải về

[15] Công văn 2528/QNG-QLDN1 hướng dẫn thời điểm lập hóa đơn đối với cung cấp dịch vụ có thu tiền trước

Ngày 10/4/2026, Thuế tỉnh Quảng Ngãi ban hành Công văn 2528/QNG-QLDN1 năm 2026 hướng dẫn thời điểm lập hóa đơn đối với cung cấp dịch vụ có thu tiền trước.

Xem Công văn 2528/QNG-QLDN1 năm 2026   Tải về

[16] Công văn 4228/NBI-QLDN1 về kê khai thuế đối với giao dịch liên kết

Ngày 13/4/2026, Thuế tỉnh Ninh Bình đã ban hành Công văn 4228/NBI-QLDN1 năm 2026 về kê khai thuế đối với giao dịch liên kết.

Xem Công văn 4228/NBI-QLDN1   Tải về

[17] Công văn 1479/TNI-QLDN1 về xuất hóa đơn tiền đặt cọc để đảm bảo thực hiện hợp đồng

Mới đây, Thuế tỉnh Tây Ninh ban hành Công văn 1479/TNI-QLDN1 năm 2026 về xuất hóa đơn tiền đặt cọc để đảm bảo thực hện hợp đồng.

Xem Công văn 1479/TNI-QLDN1   Tải về

[18] Công văn 171/TCS1-NVDTPC triển khai, giới thiệu Thông tư 41/2026/TT-BTC

Ngày 15/4/2026, Thuế Cơ sở 1 Tỉnh Tuyên Quang ban hành Công văn 171/TCS1-NVDTPC năm 2026 triển khai, giới thiệu  Thông tư 41/2026/TT-BTC

Xem Công văn 171/TCS1-NVDTPC     Tải về

[19] Công văn 4446/BTC-CT 2026 thông báo về mã hóa đơn biên lai do cơ quan thuế phát hành

Ngày 09/4/2026, ban hành Công văn 4446/BTC-CT năm 2026 về việc thông báo về mã hóa đơn biên lai do cơ quan thuế phát hành

Xem Công văn 4446/BTC-CT 2026   Tải về

[20] Công văn 2567/CTH-QLDN1 về khấu trừ thuế GTGT đầu vào và chi phí khi tính thuế TNDN

Ngày 10/4/2026, Thuế Thành Phố Cần Thơ ban hành Công văn 2567/CTH-QLDN1 năm 2026 về khấu trừ thuế GTGT đầu vào và chi phí khi tính thuế TNDN

Xem Công văn 2567/CTH-QLDN1     Tải về

[21] Công văn 1055/QTR-QLND1 hướng dẫn kê khai, nộp thuế đối với địa điểm kinh doanh

Ngày 7/4/2026, Thuế tỉnh Quảng Trị đã ban hành Công văn 1055/QTR-QLND1 năm 2026 hướng dẫn kê khai, nộp thuế đối với địa điểm kinh doanh

Xem Công văn 1055/QTR-QLND1   Tải về

[22] Công văn 1051/QTR-QLDN1 hướng dẫn hoàn thuế GTGT đối với dự án sử dụng vốn viện trợ không hoàn lại

Mới đây, Thuế tỉnh Quảng Trị đã ban hành Công văn 1051/QTR-QLDN1 năm 2026 hướng dẫn hoàn thuế GTGT đối với dự án sử dụng vốn viện trợ không hoàn lại

Xem Công văn 1051/QTR-QLDN1   Tải về

[23] Công văn 2458/CT-PC về việc xử phạt HKD dưới 500 triệu về hóa đơn điện tử

Ngày 17/4/2026, Cục Thuế ban hành Công văn 2458/CT-PC năm 2026 về việc báo cáo kiểm tra văn bản liên quan đến hộ kinh doanh có doanh thu dưới 500 triệu đồng dừng sử dụng hóa đơn điện tử và thực hiện xử phạt một số trường hợp.

Xem Công văn 2458/CT-PC:   Tải về

(tiếp tục cập nhật...)

* Trên đây là Thông tin Tổng hợp công văn Thuế được ban hành tháng 4 2026 chi tiết ra sao?

Xem thêm:

>>>  Thời hạn đăng ký hóa đơn điện tử đối với hộ kinh doanh có doanh thu từ 1 tỷ đồng là khi nào?

>>>  Hộ kinh doanh có doanh thu bao nhiêu thì phải khai thuế, nộp thuế giá trị gia tăng theo tháng theo Nghị định 68?

Tổng hợp công văn Thuế được ban hành tháng 4/2026 chi tiết ra sao? (Hình từ Internet)

Căn cứ theo Điều 9  Luật Quản lý thuế 2025  quy định như sau:

Điều 9. Xây dựng lực lượng quản lý thuế

1. Lực lượng quản lý thuế được xây dựng trong sạch, vững mạnh; có đạo đức công vụ, tinh thần phục vụ người nộp thuế, tuân thủ kỷ luật, kỷ cương hành chính; được trang bị và làm chủ kỹ thuật hiện đại, hoạt động hiệu lực và hiệu quả.

2. Công chức quản lý thuế được áp dụng chế độ chức danh, tiêu chuẩn, lương, chế độ đãi ngộ, phù hiệu, cấp hiệu, trang phục, biển hiệu của công chức quản lý thuế nhằm bảo đảm công tác quản lý thuế, khuyến khích, nâng cao trách nhiệm, tính chuyên nghiệp và hiệu quả thực thi công vụ.

3. Cơ quan quản lý thuế có trách nhiệm đào tạo, xây dựng đội ngũ công chức quản lý thuế để thực hiện chức năng quản lý thuế theo quy định của pháp luật.

4. Nhà nước bảo đảm các nguồn lực tài chính cho hoạt động của lực lượng quản lý thuế, cơ quan quản lý thuế; trong đó ưu tiên bố trí ngân sách nhà nước hằng năm để xây dựng và vận hành hệ thống công nghệ thông tin, chuyển đổi số trong quản lý thuế, hóa đơn điện tử, cơ sở vật chất, trang thiết bị và các nhiệm vụ chuyên môn phục vụ công tác để nâng cao hiệu quả quản lý thuế.

5. Chính phủ quy định chi tiết khoản 2 và khoản 4 Điều này.

Như vậy, nhà nước bảo đảm các nguồn lực tài chính cho hoạt động của lực lượng quản lý thuế, cơ quan quản lý thuế; trong đó ưu tiên bố trí ngân sách nhà nước hằng năm để xây dựng và vận hành hệ thống công nghệ thông tin, chuyển đổi số trong quản lý thuế, hóa đơn điện tử, cơ sở vật chất, trang thiết bị và các nhiệm vụ chuyên môn phục vụ công tác để nâng cao hiệu quả quản lý thuế.

Căn cứ theo Điều 8  Luật Quản lý thuế 2025  quy định các hành vi bị nghiêm cấm trong quản lý thuế bao gồm:

- Thông đồng, móc nối, bao che giữa người nộp thuế và công chức quản lý thuế, cơ quan quản lý thuế để chuyển giá, trốn thuế, khoản thu khác, gian lận, trục lợi tiền thuế, tiền ngân sách nhà nước.

Lợi dụng chức vụ, quyền hạn để tiết lộ hoặc làm rò rỉ thông tin người nộp thuế trái quy định. Làm sai lệch kết quả kiểm tra, xử lý vi phạm pháp luật về thuế. Gây phiền hà, sách nhiễu đối với người nộp thuế. Lợi dụng để chiếm đoạt hoặc sử dụng trái phép tiền thuế, khoản thu khác.

- Cố tình không kê khai hoặc kê khai thuế, khoản thu khác không đầy đủ, kịp thời, chính xác về số tiền thuế, khoản thu khác phải nộp, số tiền thuế, khoản thu khác được miễn, giảm, hoàn, không thu.

Cản trở công chức quản lý thuế thi hành công vụ. Chống đối, trì hoãn, không cung cấp thông tin, tài liệu phục vụ kiểm tra, giám sát thuế, khoản thu khác.

- Sử dụng mã số thuế của người nộp thuế khác để thực hiện hành vi vi phạm pháp luật hoặc cho người khác sử dụng mã số thuế của mình không đúng quy định của pháp luật.

- Bán hàng hóa, cung cấp dịch vụ không lập hóa đơn theo quy định của pháp luật; sử dụng hóa đơn, chứng từ không hợp pháp, sử dụng không hợp pháp hóa đơn, chứng từ, làm giả hóa đơn, chứng từ để thực hiện hành vi trái pháp luật.

Tạo lập hóa đơn, chứng từ điện tử trái phép hoặc phục vụ hành vi vi phạm trong lĩnh vực quản lý thuế.

- Làm sai lệch, sử dụng sai mục đích, truy cập trái phép, phá hủy hệ thống thông tin người nộp thuế. Cung cấp, phát tán thông tin sai lệch gây ảnh hưởng đến uy tín, hoạt động của cơ quan quản lý thuế, người nộp thuế, Hệ thống thông tin quản lý thuế.","thue-phi-le-phi","","","","2026-04-20T15:40:00","https://thuvienphapluat.vn/hoi-dap-phap-luat/tong-hop-cong-van-thue-duoc-ban-hanh-thang-42026-chi-tiet-ra-sao-138087826.html","2026-04-21T03:46:02.664857+00:00"
"138087868","Khai sai quyết toán thuế TNCN năm 2026 thì cá nhân khai bổ sung ở đâu? Hướng dẫn chi tiết ra sao?","Trường hợp người nộp thuế đã nộp tờ khai quyết toán thuế TNCN nhưng phát hiện sai sót, được phép thực hiện kê khai bổ sung trên trang Dịch vụ công Cục Thuế. Cụ thể các bước thực hiện như sau:

Dưới đây là hướng dẫn cách bổ sung quyết toán thuế TNCN năm 2026 trên Dịch vụ công cho cá nhân tự thực hiện chi tiết nhất:

Bước 1: Truy cập vào Cổng dịch vụ công Cục Thuế tại địa chỉ:

https://dichvucong.gdt.gov.vn/tthc/homelogin

Bước 2: Đăng nhập

NTT chọn đăng nhập bằng tài khoản thuế điện tử hoặc tài khoản định danh điện tử VNeID sau đó chọn ""Cá nhân""

Bước 3: Tra cứu tờ khai đã nộp

- Chọn ""Tra cứu hồ sơ"" truy cập mục ""Hồ sơ đã nộp""

Nhập thời gian nộp (kỳ nộp) để Tra cứu tờ khai

- Hệ thống trả kết quả NNT bấm chọn nộp bổ sung tờ khai:

Bước 4: Kiểm tra và chấp nhận tờ khai 02 QTT TNCN

- Màn hình hiện thông tin tờ khai, NNT kiểm tra thông tin và nhấn ""Tiếp tục""

- Người nộp thuế kiểm tra lại tờ khai 02

- NNT nhấn  ""Chấp nhận tờ khai""  để nộp tờ khai với dữ liệu CQT tổng hợp hoặc "" Thay đổi thông tin""  để thay đổi dữ liệu tờ khai.

Trường hợp ""Thay đổi thông tin"" NNT thực hiện nhập các số liệu cần điều chỉnh và nêu lý do.

- Nhấn ""Tiếp tục"" để thực hiện bước tiếp theo

Bước 5: Kê khai bổ sung

- NNT xác nhận số tiền thuế được hoàn => Nhập STK nhận tiền hoàn thuế

- Đính kèm hồ sơ khai bổ sung (nếu có)

- Nhấn ""Tiếp tục"" để thực hiện bước tiếp theo

- NNT đính kèm tài liệu chứng minh như nộp lần đầu và các tài liệu bổ sung khác (nếu có)

Bước 6: Nộp tờ khai bổ sung quyết toán thuế TNCN

- Khi đã tải đầy đủ tài liệu nhấn ""tiếp tục""

- NNT thực hiện kiểm tra tờ khai lần cuối => Nhập Mã captcha = > Nhấn ""Tiếp tục"" để tiến hành nộp tờ khai bổ sung.

Hỗ trợ thêm:

>>  Sửa lỗi Không tìm thấy thông tin sổ thuế khi kê khai trên Dịch vụ công như thế nào?

>>  Cách tra cứu mã số thuế cá nhân cũ 10 số bằng CCCD năm 2026 ra sao?

Khai sai quyết toán thuế TNCN năm 2026 thì cá nhân khai bổ sung ở đâu? Hướng dẫn chi tiết ra sao? (Hình từ Internet)

Căn cứ khoản 1 Điều 47  Luật Quản lý thuế 2019  được sửa đổi bởi điểm a khoản 6 Điều 6  Luật sửa đổi Luật Chứng khoán, Luật Kế toán, Luật Kiểm toán độc lập, Luật Ngân sách Nhà nước, Luật Quản lý, sử dụng tài sản công, Luật Quản lý thuế, Luật Thuế thu nhập cá nhân, Luật Dự trữ quốc gia, Luật Xử lý vi phạm hành chính 2024  (Quy định áp dụng đến 01/7/2026) thì:

Người nộp thuế phát hiện hồ sơ khai thuế đã nộp cho cơ quan thuế có sai, sót thì được khai bổ sung hồ sơ khai thuế trong thời hạn  10 năm  kể từ ngày hết thời hạn nộp hồ sơ khai thuế của kỳ tính thuế có sai, sót trong trường hợp sau đây:

- Trước khi cơ quan thuế, cơ quan có thẩm quyền công bố quyết định thanh tra, kiểm tra;

- Hồ sơ không thuộc phạm vi, thời kỳ thanh tra, kiểm tra thuế nêu tại quyết định thanh tra, kiểm tra thuế.

Đối với những nội dung thuộc phạm vi thanh tra, kiểm tra, người nộp thuế được bổ sung hồ sơ giải trình theo quy định của pháp luật về thuế, pháp luật về thanh tra và các trường hợp thực hiện theo kết luận, quy định của cơ quan chuyên ngành có thẩm quyền liên quan đến nội dung xác định nghĩa vụ thuế của người nộp thuế.

Căn cứ khoản 5 Điều 12  Luật Quản lý thuế 2025  (Có hiệu lực từ 01/7/2026) quy định về bổ sung hồ sơ khai thuế như sau:

Điều 12. Khai thuế, khoản thu khác; tính thuế, khoản thu khác; khấu trừ thuế

[...]

5. Người nộp thuế phát hiện hồ sơ khai thuế, khoản thu khác đã nộp cho cơ quan thuế có sai, sót thì được khai bổ sung hồ sơ khai thuế, khoản thu khác trong thời hạn 05 năm kể từ ngày hết thời hạn nộp hồ sơ khai thuế, khoản thu khác của kỳ tính thuế có sai, sót đối với các trường hợp sau:

a) Trước khi cơ quan thuế, cơ quan có thẩm quyền công bố quyết định thanh tra, kiểm tra;

b) Hồ sơ không thuộc phạm vi, thời kỳ thanh tra, kiểm tra thuế, khoản thu khác nêu tại quyết định thanh tra, kiểm tra;

c) Hồ sơ không thuộc trường hợp cơ quan điều tra yêu cầu không được khai bổ sung hồ sơ khai thuế, khoản thu khác để phục vụ điều tra vụ án;

d) Người nộp thuế phát hiện hồ sơ khai thuế đã nộp còn sai, sót liên quan đến phạm vi, thời kỳ đã thanh tra, kiểm tra dẫn đến phát sinh tăng số thuế phải nộp, giảm số thuế đã được miễn, giảm, hoàn, giảm số thuế được khấu trừ, giảm số thuế đã nộp thừa thì người nộp thuế được bổ sung hồ sơ giải trình với cơ quan thuế. Cơ quan thuế có trách nhiệm rà soát hồ sơ giải trình liên quan đến phạm vi, thời kỳ đã thanh tra, kiểm tra của người nộp thuế, trường hợp chấp thuận hồ sơ giải trình của người nộp thuế thì cơ quan thuế ban hành thông báo chấp thuận cho người nộp thuế điều chỉnh hồ sơ khai thuế.

Người nộp thuế bị xử lý theo quy định như đối với trường hợp cơ quan thuế, cơ quan có thẩm quyền thanh tra, kiểm tra phát hiện. Công chức thanh tra, kiểm tra thuế liên quan đến hồ sơ giải trình chịu trách nhiệm về sai, sót chưa được phát hiện đầy đủ qua kiểm tra trong trường hợp tuân thủ chưa đúng quy định tại điểm n khoản 1 Điều 38 của Luật này;

đ) Các trường hợp thực hiện theo kết luận, quyết định của cơ quan nhà nước có thẩm quyền liên quan đến nội dung xác định nghĩa vụ thuế của người nộp thuế. Trường hợp người nộp thuế khai bổ sung làm tăng số thuế phải nộp, giảm số thuế được khấu trừ, miễn, giảm, hoàn thì bị xử lý theo quy định như đối với trường hợp cơ quan thuế, cơ quan có thẩm quyền thanh tra, kiểm tra phát hiện;

e) Chính phủ quy định các trường hợp cơ quan điều tra đề nghị không được khai bổ sung hồ sơ khai thuế, khoản thu khác để phục vụ điều tra vụ án và trách nhiệm thông báo của cơ quan điều tra cho cơ quan thuế khi kết thúc yêu cầu liên quan đến vụ án quy định tại điểm c khoản này và các trường hợp khai bổ sung theo kết luận, quyết định của cơ quan nhà nước có thẩm quyền liên quan đến nội dung xác định nghĩa vụ thuế của người nộp thuế quy định tại điểm đ khoản này.

Theo đó kể từ ngày 01/7/2026, thời hạn nộp tờ khai bổ sung quyết toán thuế TNCN đã được điều chỉnh giảm từ 10 năm xuống còn 05 năm.

* Trên đây là toàn bộ nội dung Khai sai quyết toán thuế TNCN năm 2026 thì cá nhân khai bổ sung ở đâu? Hướng dẫn chi tiết ra sao?","thue-phi-le-phi","","","","2026-04-20T15:14:00","https://thuvienphapluat.vn/hoi-dap-phap-luat/khai-sai-quyet-toan-thue-tncn-nam-2026-thi-ca-nhan-khai-bo-sung-o-dau-huong-dan-chi-tiet-ra-sao-138087868.html","2026-04-21T03:46:07.149506+00:00"
"138088047","04 trường hợp không quyết toán thuế TNCN không bị xử phạt năm 2026 chi tiết ra sao?","Căn cứ Điều 9  Nghị định 125/2020/NĐ-CP  được sửa đổi bởi khoản 7 Điều 1  Nghị định 310/2025/NĐ-CP  quy định về 04 trường hợp không quyết toán thuế TNCN không bị xử phạt năm 2026.

Cụ thể các trường hợp không quyết toán thuế TNCN không bị xử phạt năm 2026 như sau:

(01) Thuộc các trường hợp không xử phạt vi phạm hành chính

Cụ thể Điều 11  Luật Xử lý vi phạm hành chính 2012  quy định những trường hợp không xử phạt vi phạm hành chính bao gồm:

- Thực hiện hành vi vi phạm hành chính trong tình thế cấp thiết;

- Thực hiện hành vi vi phạm hành chính do phòng vệ chính đáng;

- Thực hiện hành vi vi phạm hành chính do sự kiện bất ngờ;

- Thực hiện hành vi vi phạm hành chính do sự kiện bất khả kháng;

- Người thực hiện hành vi vi phạm hành chính không có năng lực trách nhiệm hành chính; người thực hiện hành vi vi phạm hành chính chưa đủ tuổi bị xử phạt vi phạm hành chính theo quy định tại điểm a khoản 1 Điều 5  Luật Xử lý vi phạm hành chính 2012

Lưu ý:   Trường hợp người nộp thuế chậm thực hiện thủ tục bằng phương thức điện tử do sự cố kỹ thuật của hệ thống công nghệ thông tin được thông báo trên Cổng thông tin điện tử của cơ quan thuế thuộc trường hợp thực hiện hành vi vi phạm do sự kiện bất khả kháng.

(02) Không xử phạt vi phạm hành chính về thuế, không tính tiền chậm nộp tiền thuế đối với người nộp thuế vi phạm hành chính do thực hiện theo văn bản hướng dẫn, quyết định xử lý của cơ quan thuế, cơ quan nhà nước có thẩm quyền liên quan đến nội dung xác định nghĩa vụ thuế của người nộp thuế (kể cả các văn bản hướng dẫn, quyết định xử lý được ban hành trước ngày Nghị định này có hiệu lực).

Trừ trường hợp thanh tra, kiểm tra thuế tại trụ sở người nộp thuế chưa phát hiện sai sót của người nộp thuế trong việc khai, xác định số tiền thuế phải nộp hoặc số tiền thuế được miễn, giảm, hoàn nhưng sau đó hành vi vi phạm hành chính về thuế của người nộp thuế bị phát hiện.

(03) Không xử phạt hành vi vi phạm thủ tục thuế đối với cá nhân trực tiếp quyết toán thuế thu nhập cá nhân chậm nộp hồ sơ quyết toán thuế thu nhập cá nhân mà có phát sinh số tiền thuế được hoàn.

(04) Không xử phạt hành vi vi phạm về thời hạn nộp hồ sơ khai thuế trong thời gian người nộp thuế được gia hạn nộp hồ sơ khai thuế đó.

Xem thêm:

>>  Cách khai bổ sung quyết toán thuế TNCN đã nộp năm 2026 trên Dịch vụ công cho cá nhân tự thực hiện ra sao?

>>  02 phương án xử lý khoản thuế TNCN nộp thừa theo quy định hiện nay là gì?

04 trường hợp không quyết toán thuế TNCN không bị xử phạt năm 2026 chi tiết ra sao? (Hình từ Internet)

Căn cứ theo Điều 13  Nghị định 125/2020/NĐ-CP  được sửa đổi bổi sung bởi khoản 10 Điều 1  Nghị định 310/2025/NĐ-CP  có quy định về mức phạt nộp chậm tờ khai thuế TNCN như sau:

(1) Phạt cảnh cáo

Phạt cảnh cáo đối với hành vi nộp hồ sơ khai thuế quá thời hạn từ 01 ngày đến 05 ngày và có tình tiết giảm nhẹ.

(2) Phạt tiền từ 2.000.000 đồng đến 5.000.000 đồng

Áp dụng đối với hành vi nộp hồ sơ khai thuế quá thời hạn từ 01 ngày đến 30 ngày, trừ trường hợp quy định tại khoản (1)

(3) Phạt tiền từ 5.000.000 đồng đến 8.000.000 đồng

Áp dụng đối với hành vi nộp hồ sơ khai thuế quá thời hạn quy định từ 31 ngày đến 60 ngày.

(4) Phạt tiền từ 8.000.000 đồng đến 15.000.000 đồng

Áp dụng đối với một trong các hành vi sau đây:

- Nộp hồ sơ khai thuế quá thời hạn quy định từ 61 ngày đến 90 ngày;

- Nộp hồ sơ khai thuế quá thời hạn quy định từ 91 ngày trở lên nhưng không phát sinh số thuế phải nộp;

- Không nộp hồ sơ khai thuế nhưng không phát sinh số thuế phải nộp;

(5) Phạt tiền từ 15.000.000 đồng đến 25.000.000 đồng

Áp dụng đối với hành vi nộp hồ sơ khai thuế quá thời hạn trên 90 ngày kể từ ngày hết hạn nộp hồ sơ khai thuế, có phát sinh số thuế phải nộp và người nộp thuế đã nộp đủ số tiền thuế, tiền chậm nộp vào ngân sách nhà nước trước thời điểm cơ quan thuế công bố quyết định kiểm tra thuế, cơ quan có thẩm quyền khác công bố quyết định thanh tra, kiểm tra hoặc trước thời điểm cơ quan thuế lập biên bản về hành vi chậm nộp hồ sơ khai thuế.

Lưu ý: Trường hợp số tiền phạt nếu áp dụng theo khoản (5) này lớn hơn số tiền thuế phát sinh trên hồ sơ khai thuế thì số tiền phạt tối đa đối với trường hợp này bằng số tiền thuế phát sinh phải nộp trên hồ sơ khai thuế hoặc tổng số tiền thuế phát sinh phải nộp trên các hồ sơ khai thuế thuộc trường hợp quy định tại điểm b khoản 3 Điều 5  Nghị định 125/2020/NĐ-CP  nhưng không thấp hơn mức trung bình của khung phạt tiền quy định tại khoản (4) nêu trên.

Lưu ý:  Mức phạt kể trên áp dụng đối với hành vi vi phạm do tổ chức thực hiện. Đối với cá nhân có cùng hành vi vi phạm thì mức phạt tiền bằng 1/2 lần mức phạt tiền đối với tổ chức. (Theo khoản 5 Điều 5  Nghị định 125/2020/NĐ-CP , điểm a khoản 4 Điều 7  Nghị định 125/2020/NĐ-CP )

Theo đó,  Mức phạt nộp chậm tờ khai quyết toán thuế TNCN năm 2026 dao động từ cảnh cáo đến 25.000.000 đồng đối với tổ chức (tương ứng 12.500.000 đồng đối với cá nhân), tùy theo số ngày nộp chậm và việc có phát sinh số thuế phải nộp hay không.

Theo Điều 13  Nghị định 125/2020/NĐ-CP  được sửa đổi bổi sung bởi khoản 10 Điều 1  Nghị định 310/2025/NĐ-CP  biện pháp khắc phục hậu quả đối với việc nộp chậm tờ khai quyết toán thuế TNCN như sau:

(1) Buộc nộp đủ số tiền chậm nộp tiền thuế vào ngân sách nhà nước đối với hành vi vi phạm quy định tại các khoản 1, 2, 3 và khoản 4 Điều này trong trường hợp người nộp thuế chậm nộp hồ sơ khai thuế dẫn đến chậm nộp tiền thuế; cụ thể:

- Nộp hồ sơ khai thuế quá thời hạn từ 01 ngày đến 90 ngày.

- Nộp hồ sơ khai thuế quá thời hạn quy định từ 91 ngày trở lên nhưng không phát sinh số thuế phải nộp;

(2) Buộc nộp hồ sơ khai thuế, phụ lục kèm theo hồ sơ khai thuế đối với hành vi:

- Không nộp hồ sơ khai thuế nhưng không phát sinh số thuế phải nộp;","thue-phi-le-phi","","","","2026-04-20T15:10:00","https://thuvienphapluat.vn/hoi-dap-phap-luat/04-truong-hop-khong-quyet-toan-thue-tncn-khong-bi-xu-phat-nam-2026-chi-tiet-ra-sao-138088047.html","2026-04-21T03:46:15.370481+00:00"
"138087733","Công văn 2354: Hộ kinh doanh chỉ nộp thuế với phần doanh thu vượt 500 triệu đồng?","Ngày 14/4/2026, Cục Thuế ban hành Công văn 2354/CT-CS năm 2026 về chính sách thuế và quản lý thuế với hộ kinh doanh, cá nhân kinh doanh.

Tải về

Về chính sách thuế và quản lý thuế đối với hộ kinh doanh, cá nhân kinh doanh. Về vấn đề này, Cục Thuế có ý kiến như sau:

(1)  Mức doanh thu năm từ 500 triệu đồng trở xuống không chịu thuế giá trị gia tăng, không phải nộp thuế thu nhập cá nhân đối với hộ kinh doanh, cá nhân kinh doanh áp dụng từ 01/1/2026 được quy định tại Luật số 149/2025/QH15 sửa đổi, bổ sung một số điều của Luật Thuế giá trị gia tăng và  Luật Thuế thu nhập cá nhân 2025

Trường hợp hộ kinh doanh, cá nhân kinh doanh có doanh thu trên 500 triệu đồng đến 03 tỷ đồng và lựa chọn phương pháp tính thuế TNCN theo thuế suất nhân (x) doanh thu tính thuế thì tính thuế TNCN đối với phần doanh thu vượt trên 500 triệu đồng.

(2)  Tỷ lệ % và doanh thu tính thuế đối với thuế GTGT thực hiện theo quy định tại  Luật Thuế giá trị gia tăng 2024 , thuế suất thuế TNCN thực hiện theo quy định tại  Luật Thuế thu nhập cá nhân 2025 . Các mức tỷ lệ này đã được áp dụng ổn định trong nhiều năm, phù hợp với đặc điểm hoạt động của hộ kinh doanh, cá nhân kinh doanh.

Các mức thuế suất thuế TNCN đối với hộ kinh doanh, cá nhân kinh doanh áp dụng phương pháp tính thuế TNCN theo thu nhập tính thuế nhân (x) thuế suất là 15%, 17% và 20% được quy định tại Luật Thuế thu nhập cá nhân số 109/2025/QH15.

(3)  Ngày 05/3/2026, Chính phủ ban hành  Nghị định 68/2026/NĐ-CP  quy định về chính sách thuế và quản lý thuế đối với hộ kinh doanh, cá nhân kinh doanh và Bộ Tài chính đã ban hành  Thông tư 18/2026/TT-BTC  quy định về hồ sơ, thủ tục quản lý thuế đối với hộ kinh doanh, cá nhân kinh doanh.

Theo quy định tại  Nghị định 68/2026/NĐ-CP  của Chính phủ thì hộ kinh doanh, cá nhân kinh doanh nộp hồ sơ khai thuế bằng phương thức điện tử, cơ quan thuế có trách nhiệm hỗ trợ và tạo điều kiện thuận lợi cho hộ kinh doanh, cá nhân kinh doanh. Cục Thuế đã xây dựng hệ thống mẫu biểu tờ khai đáp ứng yêu cầu về đơn giản hóa và ứng dụng chuyển đổi số, tạo thuận lợi cho hộ kinh doanh, cá nhân kinh doanh khi thực hiện các thủ tục kê khai nghĩa vụ thuế với với cơ quan thuế.

(4)  Hiện nay có nhiều tổ chức, ngân hàng và đơn vị cung cấp giải pháp công nghệ đang hỗ trợ hộ kinh doanh các phần mềm bán hàng, kế toán và hóa đơn điện tử tích hợp, thậm chí miễn phí trong giai đoạn đầu để hộ kinh doanh làm quen với phương thức quản lý mới.

Bên cạnh đó, theo chính sách hỗ trợ chuyển đổi số cho khu vực kinh tế tư nhân, Nhà nước cũng hỗ trợ cung cấp các nền tảng số và phần mềm kế toán tích hợp hóa đơn điện tử cho hộ kinh doanh, giúp việc ghi chép, lập hóa đơn và kê khai thuế được thực hiện thuận tiện trên môi trường điện tử.

Như vậy, theo công văn, Cục thuế nhấn mạnh, mức doanh thu năm từ 500 triệu đồng trở xuống không chịu thuế giá trị gia tăng, không phải nộp thuế thu nhập cá nhân (TNCN) đối với hộ kinh doanh, cá nhân kinh doanh áp dụng từ 01/1/2026.

Trường hợp hộ kinh doanh, cá nhân kinh doanh có doanh thu trên 500 triệu đồng đến 3 tỷ đồng và lựa chọn phương pháp tính thuế TNCN theo thuế suất nhân doanh thu tính thuế thì tính thuế TNCN đối với phần doanh thu vượt trên 500 triệu đồng.

* Trên đây là Thông tin Công văn 2354: Hộ kinh doanh chỉ nộp thuế với phần doanh thu vượt 500 triệu đồng?

Xem thêm:

>>>  Thời hạn đăng ký hóa đơn điện tử đối với hộ kinh doanh có doanh thu từ 1 tỷ đồng là khi nào?

>>>  Hộ kinh doanh có doanh thu bao nhiêu thì phải khai thuế, nộp thuế giá trị gia tăng theo tháng theo Nghị định 68?

Công văn 2354: Hộ kinh doanh chỉ nộp thuế với phần doanh thu vượt 500 triệu đồng? (Hình từ Internet)

Tại Điều 9  Nghị định 68/2026/NĐ-CP  quy định khai thuế, nộp thuế giá trị gia tăng, thuế thu nhập cá nhân đối với hộ kinh doanh, cá nhân kinh doanh mới ra kinh doanh

- Hộ kinh doanh, cá nhân kinh doanh bắt đầu hoạt động sản xuất, kinh doanh trong 06 tháng đầu năm nếu có doanh thu thực tế từ 500 triệu đồng trở xuống thì thực hiện thông báo doanh thu thực tế phát sinh kể từ khi bắt đầu hoạt động sản xuất, kinh doanh đến hết ngày 30 tháng 6 với cơ quan thuế quản lý trực tiếp chậm nhất là ngày 31 tháng 7 và thông báo doanh thu thực tế phát sinh trong 06 tháng cuối năm chậm nhất là ngày 31 tháng 01 của năm dương lịch tiếp theo.

Trường hợp hộ kinh doanh, cá nhân kinh doanh bắt đầu hoạt động sản xuất, kinh doanh trong 06 tháng cuối năm nếu có doanh thu thực tế từ 500 triệu đồng trở xuống thì thực hiện thông báo doanh thu thực tế phát sinh chậm nhất là ngày 31 tháng 01 của năm dương lịch tiếp theo.

- Hộ kinh doanh, cá nhân kinh doanh mới bắt đầu hoạt động sản xuất, kinh doanh, khi có doanh thu lũy kế trên 500 triệu đồng thì thực hiện khai thuế theo quý theo quy định tại Điều 10  Nghị định 68/2026/NĐ-CP  kể từ quý phát sinh doanh thu trên 500 triệu đồng.

- Từ năm tiếp theo, hộ kinh doanh, cá nhân kinh doanh nếu có doanh thu thực tế phát sinh từ 500 triệu đồng trở xuống thực hiện thông báo doanh thu theo quy định tại Điều 8  Nghị định 68/2026/NĐ-CP ; trường hợp có doanh thu thực tế phát sinh trên 500 triệu đồng thì thực hiện khai thuế theo quy định tại Điều 10  Nghị định 68/2026/NĐ-CP

Theo Điều 3  Thông tư 152/2025/TT-BTC  quy định về sổ kế toán và lưu trữ tài liệu kế toán như sau:

Điều 3. Về sổ kế toán và lưu trữ tài liệu kế toán

1. Hộ kinh doanh, cá nhân kinh doanh được lựa chọn lưu trữ các tài liệu kế toán (hóa đơn, chứng từ kế toán, sổ kế toán,...) trên phương tiện điện tử hoặc bằng bản giấy.

2. Thời hạn lưu trữ tài liệu kế toán của hộ kinh doanh, cá nhân kinh doanh tối thiểu là 05 năm, đối với thời hạn lưu trữ hóa đơn thì thực hiện theo quy định của pháp luật về thuế.

3. Ngoài các sổ kế toán hướng dẫn tại Thông tư này, hộ kinh doanh, cá nhân kinh doanh có thể bổ sung thêm các sổ kế toán hoặc sửa đổi lại biểu mẫu các sổ kế toán cho phù hợp với nhu cầu của đơn vị. Sổ kế toán được mở thêm hoặc sửa đổi lại biểu mẫu vẫn phải ghi rõ tên sổ; ngày, tháng, năm lập sổ; họ tên và chữ ký, đóng dấu (nếu có) của người đại diện hộ kinh doanh, cá nhân kinh doanh.

4. Trường hợp hộ kinh doanh, cá nhân kinh doanh sử dụng hóa đơn điện tử mà được hệ thống thông tin quản lý thuế của cơ quan thuế hỗ trợ xác định số thuế giá trị gia tăng (GTGT), thuế thu nhập cá nhân (TNCN), các loại thuế khác phải nộp (nếu có) và thông báo cho người nộp thuế thì hộ kinh doanh, cá nhân kinh doanh sử dụng các mẫu sổ kế toán hướng dẫn tại Thông tư này để theo dõi, đối chiếu với số thuế phải nộp theo thông báo của cơ quan thuế.

Như vậy, hộ kinh doanh được lựa chọn lưu trữ các tài liệu kế toán (hóa đơn, chứng từ kế toán, sổ kế toán,...) trên phương tiện điện tử hoặc bằng bản giấy.","thue-phi-le-phi","","","","2026-04-20T14:50:00","https://thuvienphapluat.vn/hoi-dap-phap-luat/cong-van-2354-ho-kinh-doanh-chi-nop-thue-voi-phan-doanh-thu-vuot-500-trieu-dong-138087733.html","2026-04-21T03:46:19.530740+00:00"
"138088072","Thực hư nâng ngưỡng miễn thuế hộ kinh doanh lên tối đa 1 tỉ ra sao?","Hiện nay, chưa có quy định chính thức nào về việc nâng ngưỡng miễn thuế hộ kinh doanh lên 1 tỷ đồng/năm.

Theo khoản 1 Điều 7  Luật Luật Thuế thu nhập cá nhân 2025  ngưỡng doanh thu chịu thuế TNCN đối với hộ kinh doanh được nâng lên trên 500 triệu đồng/năm

Mới nhất, ngày 15/04/2026, Bộ Tư pháp đã công bố và lấy ý kiến Dự thảo Luật Sửa đổi, bổ sung một số điều của Luật Thuế thu nhập cá nhân, Luật Thuế thu nhập doanh nghiệp và Luật Thuế giá trị gia tăng.

Tải về

Theo đó tại dự thảo đề xuất Cá nhân cư trú có hoạt động sản xuất, kinh doanh có doanh thu năm dưới mức quy định của Chính phủ không phải nộp thuế thu nhập cá nhân.

Theo đó Dự thảo không đề xuất quy định cụ thể một mức doanh thu miễn thuế cố định trong luật; thay vào đó, đề xuất giao Chính phủ tự điều chỉnh ngưỡng miễn thuế cho hộ kinh doanh.

Thông tin nâng ngưỡng miễn thuế hộ kinh doanh lên tối đa 1 tỷ đồng hiện nay chưa có cơ sở pháp lý và chưa được đề xuất trong dự thảo luật. Dự thảo chỉ đặt ra cơ chế mở, đề xuất giao Chính phủ điều chỉnh mức doanh thu miễn thuế phù hợp.

Xem thêm:

>>  Cục Thuế cho phép hộ kinh doanh dưới 500 triệu sử dụng hoá đơn điện tử cụ thể ra sao?

>>  7 Mẫu sổ sách kế toán hộ kinh doanh Excel

Thực hư nâng ngưỡng miễn thuế hộ kinh doanh lên tối đa 1 tỉ ra sao? (Hình từ Internet)

Căn cứ Chương 2  Nghị định 68/2026/NĐ-CP  quy định về thuế hộ kinh doanh mới nhất như sau:

A. Thuế giá trị gia tăng

Hộ kinh doanh

Thuế giá trị gia tăng

Doanh thu năm từ 500 triệu đồng trở xuống

Không chịu thuế giá trị gia tăng

Doanh thu năm trên 500 triệu đồng

Phương pháp tính trực tiếp theo doanh thu bằng tỷ lệ % nhân (x) doanh thu

Theo quy định của  Luật Thuế giá trị gia tăng 2024  và các văn bản hướng dẫn thi hành

B. Thuế thu nhập cá nhân

Hộ kinh doanh

Thuế thu nhập cá nhân

Doanh thu năm từ 500 triệu đồng trở xuống

Không phải nộp thuế thu nhập cá nhân

Doanh thu năm trên 500 triệu đồng đến 03 tỷ đồng

Thu nhập tính thuế (x) thuế suất

Thuế suất 15%

Hoặc

- Phân phối, cung cấp hàng hoá: thuế suất 0,5%;

- Dịch vụ, xây dựng không bao thầu nguyên vật liệu: thuế suất 2%. Riêng hoạt động cho thuê tài sản, đại lý bảo hiểm, đại lý xổ số, đại lý bán hàng đa cấp: thuế suất 5%;

- Sản xuất, vận tải, dịch vụ có gắn với hàng hoá, xây dựng có bao thầu nguyên vật liệu: thuế suất 1,5%;

- Hoạt động cung cấp sản phẩm và dịch vụ nội dung thông tin số về giải trí, trò chơi điện tử, phim số, ảnh số, nhạc số, quảng cáo số: thuế suất 5%;

- Hoạt động kinh doanh khác: thuế suất 1%.

Doanh thu năm trên 500 triệu đồng đến 03 tỷ đồng

Thuế suất (17%) (x) doanh thu tính thuế

Doanh thu thực tế năm trên 03 tỷ đồng

Thu nhập tính thuế (x) thuế suất

- Doanh thu năm trên 03 tỷ đồng đến 50 tỷ đồng:  thuế suất 17%;

- Doanh thu năm trên 50 tỷ đồng:  thuế suất 20%.

Doanh thu, chi phí xác định theo quy định tại Điều 5, Điều 6  Nghị định 68/2026/NĐ-CP .

Căn cứ theo Điều 8  Nghị định 68/2026/NĐ-CP  quy định như sau:

Điều 8. Nguyên tắc khai thuế, tính thuế và sử dụng hóa đơn

1. Khai thuế, tính thuế giá trị gia tăng, thuế thu nhập cá nhân

a) Trường hợp hộ kinh doanh, cá nhân kinh doanh tự xác định có mức doanh thu năm từ hoạt động sản xuất, kinh doanh hàng hóa, dịch vụ từ 500 triệu đồng trở xuống thì hộ kinh doanh, cá nhân kinh doanh thông báo doanh thu thực tế phát sinh trong năm với cơ quan thuế chậm nhất là ngày 31 tháng 01 của năm dương lịch tiếp theo.

Trường hợp hộ kinh doanh, cá nhân kinh doanh phát sinh doanh thu thực tế trên 500 triệu đồng trong năm thì thực hiện khai thuế, nộp thuế kể từ quý phát sinh doanh thu trên 500 triệu đồng. Số thuế giá trị gia tăng, thuế thu nhập cá nhân phải nộp xác định theo quy định tại Điều 3, Điều 4 Nghị định này;

b) Trường hợp hộ kinh doanh, cá nhân kinh doanh tự xác định có mức doanh thu năm từ hoạt động sản xuất, kinh doanh hàng hóa, dịch vụ trên 500 triệu đồng bao gồm cả doanh thu đã được tổ chức, cá nhân khấu trừ, khai thay, nộp thay thì tính thuế giá trị gia tăng, thuế thu nhập cá nhân theo quy định tại Điều 3, Điều 4 Nghị định này. Việc kê khai, nộp thuế thực hiện theo quy định tại Điều 10 Nghị định này.

Trường hợp hộ kinh doanh, cá nhân kinh doanh sử dụng hóa đơn điện tử có mã của cơ quan thuế, hóa đơn điện tử khởi tạo từ máy tính tiền có kết nối dữ liệu với cơ quan thuế, Hệ thống thông tin quản lý thuế tự động tạo lập tờ khai thuế để hỗ trợ hộ kinh doanh, cá nhân kinh doanh trong việc khai thuế, tính thuế giá trị gia tăng, thuế thu nhập cá nhân trên cơ sở dữ liệu hóa đơn điện tử, cơ sở dữ liệu quản lý thuế và các nguồn cơ sở dữ liệu khác mà cơ quan thuế có được từ cơ quan nhà nước khác, tổ chức, cá nhân cung cấp. Việc hỗ trợ của cơ quan thuế không thay thế trách nhiệm khai thuế và xác định số thuế phải nộp của hộ kinh doanh, cá nhân kinh doanh. Hộ kinh doanh, cá nhân kinh doanh chịu trách nhiệm trước pháp luật về tính trung thực, chính xác của hồ sơ khai thuế.

[...]

3. Thời hạn nộp hồ sơ khai thuế, nộp thuế

a) Trường hợp khai thuế theo quý thì thời hạn nộp hồ sơ khai thuế chậm nhất là ngày cuối cùng của tháng đầu tiên của quý tiếp theo;

b) Trường hợp khai thuế theo tháng thì thời hạn nộp hồ sơ khai thuế chậm nhất là ngày thứ 20 của tháng tiếp theo tháng phát sinh nghĩa vụ thuế trừ trường hợp khai thuế theo quy định tại khoản 1 Điều 18 Nghị định này;

[...]

Căn cứ Điều 86  Thông tư 80/2021/TT-BTC  quy định về thời hạn nộp hồ sơ khai thuế và thời hạn nộp thuế như sau:

Điều 86. Thời hạn nộp hồ sơ khai thuế và thời hạn nộp thuế

Thời hạn nộp hồ sơ khai thuế thực hiện theo quy định tại khoản 1, 2, 3, 4, 5 Điều 44 Luật Quản lý thuế và Điều 10 Nghị định số 126/2020/NĐ-CP. Thời hạn nộp thuế được thực hiện theo quy định tại khoản 1, 2, 3 Điều 55 Luật Quản lý thuế và Điều 18 Nghị định số 126/2020/NĐ-CP. Trường hợp thời hạn nộp hồ sơ khai thuế, thời hạn nộp thuế trùng với ngày nghỉ theo quy định thì thời hạn nộp hồ sơ khai thuế, thời hạn nộp thuế được tính là ngày làm việc tiếp theo của ngày nghỉ đó theo quy định tại Bộ Luật dân sự.

Theo đó trường hợp hộ kinh doanh kê khai thuế theo quý thì hạn chót kê khai thuế quý 1/2026 là vào ngày 30/4/2026, tuy nhiên vì ngày này trùng vào kỳ nghỉ lễ 30/4 - 01/5 và các ngày nghỉ cuối tuần kéo dài, do vậy hạn chót thực tết kê khai thuế quý 1/2026 là vào ngày  04/5/2026 .

Lưu ý:  Người nộp thuế được thực hiện các giao dịch thuế điện tử 24 giờ trong ngày (kể từ 00:00:00 giờ đến 23:59:59 giờ) và 7 ngày trong tuần, bao gồm cả ngày nghỉ, ngày lễ và ngày Tết. Thời gian người nộp thuế nộp hồ sơ được xác định là trong ngày nếu hồ sơ được ký gửi thành công trong khoảng thời gian từ 00:00:00 giờ đến 23:59:59 giờ của ngày (Điều 8  Thông tư 19/2021/TT-BTC ).

Hộ kinh doanh có doanh thu trên 500 triệu đồng sẽ thực kê khai thuế quý 1 2026 theo mẫu 01/CNKD ban hành kèm theo  Thông tư 18/2026/TT-BTC .","thue-phi-le-phi","","","","2026-04-20T14:38:00","https://thuvienphapluat.vn/hoi-dap-phap-luat/thuc-hu-nang-nguong-mien-thue-ho-kinh-doanh-len-toi-da-1-ti-ra-sao-138088072.html","2026-04-21T03:46:25.386552+00:00"
"138085881","Cách nộp quyết toán thuế TNCN 2025 trên Dịch vụ công Thuế mới nhất cho cá nhân tự thực hiện như thế nào?","Theo nội dung hướng dẫn tại tiết 2.3 tiểu mục 2 Mục II  Công văn 1296/CT-NVT năm 2026  trường hợp cá nhân tự quyết toán thuế TNCN 2025 có thể thực hiện nộp trực tuyến thông qua Hệ thống Thông tin giải quyết thủ tục hành chính Cục Thuế - Bộ Tài chính:

https://dichvucong.gdt.gov.vn/tthc/homelogin.

Dưới đây cách nộp quyết toán thuế TNCN 2025 trong năm 2026 trên Dịch vụ công Thuế mới nhất cho cá nhân tự thực hiện:

Bước 1: Cá nhân truy cập Cổng Dịch vụ công ngành Thuế 2026 và đăng nhập.

Đường link: https://dichvucong.gdt.gov.vn/tthc/homelogin

Bước 2: Đăng nhập

NTT chọn đăng nhập bằng tài khoản thuế điện tử hoặc tài khoản định danh điện tử VNeID sau đó chọn ""Cá nhân""

Bước 3: Chọn tờ khai

- Chọn mục  Thủ tục hành chính

- Chọn tờ khai quyết toán thuế TNCN đành cho cá nhân tự quyết toán - Tờ khai 02/QTT-TNCN (TT08/2021)

- Chọn nộp hồ sơ tại thủ tục hành chính mã [ 2.002233 ]

Bước 4: Chọn hình thức nộp hồ sơ

- Chọn kỳ khai thuế 2025 => Chọn tra cứu

Chọn hình thức nộp hồ sơ

- Thực hiện kê khai trực tuyến hoặc nộp file XML

- Sau khi chọn, nhấn Tiếp tục.

Bước 5.1: Thực hiện kê khai thuế trường hợp ""Kê khai thực tuyến""

(1) Chọn thông tin kê khai

Người nộp thuế thực hiện:

- Chọn Năm kê khai;

- Chọn Trường hợp quyết toán:

+ Quyết toán theo năm dương lịch;

+ Quyết toán 12 tháng liên tục khác năm dương lịch;

+ Quyết toán không đủ 12 tháng;

- Chọn Cơ quan thuế quyết toán;

- Nhập thời gian quyết toán (từ tháng – đến tháng);

- Khai thông tin cá nhân, địa chỉ, điện thoại, email;

- Chọn có/không giảm trừ gia cảnh cho người phụ thuộc.

=> Sau khi nhập xong chọn  Tiếp tục

(2) Nhập số liệu tờ khai quyết toán

Người nộp thuế kiểm tra và nhập các chỉ tiêu trên tờ khai theo hướng dẫn, gồm:

- Tổng thu nhập chịu thuế;

- Các khoản giảm trừ (giảm trừ bản thân, người phụ thuộc, bảo hiểm, từ thiện…);

- Thu nhập tính thuế;

- Số thuế TNCN phát sinh;

- Số thuế đã khấu trừ, đã nộp;

- Xác định số thuế phải nộp thêm hoặc số thuế hoàn.

- Sau đó đính kèm hồ sơ:

+ Chứng từ khấu trừ thuế;

+ Chứng từ đóng bảo hiểm, từ thiện (nếu có);

+ Các tài liệu liên quan khác.

=> Nhấn  Tiếp tục .

(3) Kiểm tra tờ khai và nộp hồ sơ

Hệ thống hiển thị tờ khai quyết toán thuế TNCN để người nộp thuế kiểm tra lại toàn bộ thông tin.

- Nhập mã captcha;

- Chọn Tiếp tục / Nộp hồ sơ để gửi tờ khai quyết toán thuế điện tử.

Kết quả: Hồ sơ quyết toán thuế TNCN được gửi thành công qua hệ thống thuế điện tử.

Bước 5.2: Thực hiện kê khai thuế trường hợp ""Nộp XML""

- Tại màn hình “Chọn hình thức nộp hồ sơ”, tích chọn Nộp XML và nhấn Tiếp tục.

- Tải file tờ khai XML

+ Tại mục “02/QTT-TNCN – Tờ khai quyết toán thuế thu nhập cá nhân”, chọn  Chọn tệp ;

+ Tải lên file XML đã kết xuất

- Hệ thống gửi mã OTP về số điện thoại và địa chỉ email NNT đã đăng ký với cơ quan thuế, NNT nhập mã OTP nhận được và chọn “Tiếp tục” để nộp tờ khai.

Xem thêm:   Cách tự quyết toán thuế TNCN trên eTax Mobile 2026 cho cá nhân, có hướng dẫn chi tiết

Cách nộp quyết toán thuế TNCN 2025 trong năm 2026 trên Dịch vụ công Thuế mới nhất cho cá nhân tự thực hiện như thế nào? (Hình từ Internet)

Tại b khoản 2 Điều 44  Luật Quản lý thuế 2019  (Hết hiệu lực 01/7/2026) có quy định như sau:

Điều 44. Thời hạn nộp hồ sơ khai thuế

[...]

2. Thời hạn nộp hồ sơ khai thuế đối với loại thuế có kỳ tính thuế theo năm được quy định như sau:

a)  Chậm nhất là ngày cuối cùng của tháng thứ 3  kể từ ngày kết thúc năm dương lịch hoặc năm tài chính đối với hồ sơ quyết toán thuế năm; chậm nhất là ngày cuối cùng của tháng đầu tiên của năm dương lịch hoặc năm tài chính đối với hồ sơ khai thuế năm;

b) Chậm nhất là ngày cuối cùng của tháng thứ 4 kể từ ngày kết thúc năm dương lịch đối với hồ sơ quyết toán thuế thu nhập cá nhân của cá nhân trực tiếp quyết toán thuế;

[...]

Đồng thời tại tiết 2.2 tiểu mục 2 Mục II  Công văn 1296/CT-NVT năm 2026  cũng có hướng dẫn trường hợp thời hạn nộp hồ sơ quyết toán thuế trùng với ngày nghỉ theo quy định thì thời hạn nộp hồ sơ quyết toán thuế được  tính là ngày làm việc tiếp theo .

Thời gian cá nhân thực hiện quyết toán thuế TNCN 2025 online trong năm 2026 như sau:

- Ngày bắt đầu:  Từ ngày 01/01/2026.

- Ngày kết thúc (hạn chót):  Do ngày 30/04/2026 và 01/5/2026 trùng với kỳ nghỉ lễ và các ngày cuối tuần kéo dài nên (Từ ngày 02-03/4/2026) Do đó hạn chót nộp hồ sơ thực tế là ngày  04/5/2026 (Thứ Hai) .

* Lưu ý:

- Theo khoản 1 Điều 8  Thông tư 19/2021/TT-BTC  cũng có hướng dẫn người nộp thuế được thực hiện các giao dịch thuế điện tử 24 giờ trong ngày (kể từ 00:00:00 giờ đến 23:59:59 giờ) và 7 ngày trong tuần, bao gồm cả ngày nghỉ, ngày lễ và ngày Tết. Thời gian người nộp thuế nộp hồ sơ được xác định là trong ngày nếu hồ sơ được ký gửi thành công trong khoảng thời gian từ 00:00:00 giờ đến 23:59:59 giờ của ngày.

- Và theo tại  Công văn 1296/CT-NVT năm 2026  khuyến khích, trước thời điểm quyết toán, số lượng hồ sơ nộp tăng cao, tập trung vào những ngày cuối cùng của thời hạn nộp, có thể dẫn đến tình trạng quá tải hệ thống hoặc chậm xử lý hồ sơ; để chủ động trong việc kê khai và tránh rủi ro nộp chậm tờ khai, đề nghị cá nhân, tổ chức trả thu nhập thực hiện nộp hồ sơ sớm, không chờ đến sát thời hạn.

Tại tiết 2.3 tiểu mục 2 Mục II  Công văn 1296/CT-NVT năm 2026  hướng dẫn hồ sơ quyết toán thuế TNCN dành cho cá nhân tự quyết toán như sau:

- Đối với cá nhân khai quyết toán thuế TNCN trực tiếp với cơ quan thuế, hồ sơ quyết toán thuế TNCN bao gồm:

+ Tờ khai quyết toán thuế thu nhập cá nhân mẫu số 02/QTT-TNCN ban hành kèm theo Phụ lục II  Thông tư 80/2021/TT-BTC  ngày 29/9/2021 của Bộ Tài chính.

+ Phụ lục bảng kê giảm trừ gia cảnh cho người phụ thuộc mẫu số 02-1/BK-QTT-TNCN ban hành kèm theo Phụ lục II  Thông tư số 80/2021/TT-BTC  ngày 29/9/2021 của Bộ Tài chính.

+ Bản sao (bản chụp từ bản chính) các chứng từ chứng minh số thuế đã khấu trừ, đã tạm nộp trong năm, số thuế đã nộp ở nước ngoài (nếu có). Các trường hợp không cần cung cấp chứng từ chứng minh số thuế đã khấu trừ:

Trường hợp tổ chức trả thu nhập thực hiện chuyển dữ liệu chứng từ khấu trừ thuế TNCN điện tử đến cơ quan thuế người nộp thuế không cần nộp bản sao các chứng từ chứng minh số thuế đã khấu trừ.

Trường hợp tổ chức trả thu nhập không cấp chứng từ khấu trừ thuế cho cá nhân do tổ chức trả thu nhập đã chấm dứt hoạt động thì cơ quan thuế căn cứ cơ sở dữ liệu của ngành Thuế để xem xét xử lý hồ sơ quyết toán thuế cho cá nhân.

+ Bản sao Giấy chứng nhận khấu trừ thuế (ghi rõ đã nộp thuế theo tờ khai thuế thu nhập nào) do cơ quan trả thu nhập cấp hoặc Bản sao chứng từ ngân hàng đối với số thuế đã nộp ở nước ngoài có xác nhận của người nộp thuế trong trường hợp theo quy định của luật pháp nước ngoài, cơ quan thuế nước ngoài không cấp giấy xác nhận số thuế đã nộp.

+ Bản sao các hóa đơn chứng từ chứng minh khoản đóng góp vào quỹ từ thiện, quỹ nhân đạo, quỹ khuyến học (nếu có).

+ Tài liệu chứng minh về số tiền đã trả của đơn vị, tổ chức trả thu nhập ở nước ngoài trong trường hợp cá nhân nhận thu nhập từ các tổ chức quốc tế, Đại sứ quán, Lãnh sự quán và nhận thu nhập từ nước ngoài.

+ Hồ sơ đăng ký người phụ thuộc theo quy định về đăng ký thuế (nếu tính giảm trừ cho người phụ thuộc tại thời điểm quyết toán thuế đối với người phụ thuộc chưa thực hiện đăng ký người phụ thuộc).

- Trường hợp cá nhân thực hiện ủy quyền cho tổ chức trả thu nhập quyết toán thay thì cá nhân lập Giấy ủy quyền quyết toán thuế thu nhập cá nhân theo mẫu số 08/UQ-QTT-TNCN ban hành kèm theo Phụ lục II  Thông tư 80/2021/TT-BTC .","thue-phi-le-phi","","","","2026-04-20T09:00:00","https://thuvienphapluat.vn/hoi-dap-phap-luat/cach-nop-quyet-toan-thue-tncn-2025-tren-dich-vu-cong-thue-moi-nhat-cho-ca-nhan-tu-thuc-hien-nhu-the-138085881.html","2026-04-21T03:45:29.458683+00:00"
"138085885","02 cách cá nhân tự quyết toán thuế TNCN 2026 Online chi tiết như thế nào?","Dưới đây là 02 cách cá nhân tự quyết toán thuế TNCN Online:

[I] Cá nhân tự quyết toán thuế TNCN trên Cổng Dịch vụ công

Bước 1: Cá nhân truy cập Cổng Dịch vụ công ngành Thuế 2026 và đăng nhập.

Đường link: https://dichvucong.gdt.gov.vn/tthc/homelogin

Bước 2: Đăng nhập

NTT chọn đăng nhập bằng tài khoản thuế điện tử hoặc tài khoản định danh điện tử VNeID sau đó chọn ""Cá nhân""

Bước 3: Chọn tờ khai

- Chọn mục  Thủ tục hành chính

- Chọn tờ khai quyết toán thuế TNCN đành cho cá nhân tự quyết toán - Tờ khai 02/QTT-TNCN (TT08/2021)

- Chọn nộp hồ sơ tại thủ tục hành chính mã [ 2.002233 ]

Bước 4: Chọn hình thức nộp hồ sơ

- Chọn kỳ khai thuế 2025 => Chọn tra cứu

Chọn hình thức nộp hồ sơ

- Thực hiện kê khai trực tuyến hoặc nộp file XML

- Sau khi chọn, nhấn Tiếp tục.

Bước 5.1: Thực hiện kê khai thuế trường hợp ""Kê khai thực tuyến""

(1) Chọn thông tin kê khai

Người nộp thuế thực hiện:

- Chọn Năm kê khai;

- Chọn Trường hợp quyết toán:

+ Quyết toán theo năm dương lịch;

+ Quyết toán 12 tháng liên tục khác năm dương lịch;

+ Quyết toán không đủ 12 tháng;

- Chọn Cơ quan thuế quyết toán;

- Nhập thời gian quyết toán (từ tháng – đến tháng);

- Khai thông tin cá nhân, địa chỉ, điện thoại, email;

- Chọn có/không giảm trừ gia cảnh cho người phụ thuộc.

=> Sau khi nhập xong chọn  Tiếp tục

(2) Nhập số liệu tờ khai quyết toán

Người nộp thuế kiểm tra và nhập các chỉ tiêu trên tờ khai theo hướng dẫn, gồm:

- Tổng thu nhập chịu thuế;

- Các khoản giảm trừ (giảm trừ bản thân, người phụ thuộc, bảo hiểm, từ thiện…);

- Thu nhập tính thuế;

- Số thuế TNCN phát sinh;

- Số thuế đã khấu trừ, đã nộp;

- Xác định số thuế phải nộp thêm hoặc số thuế hoàn.

- Sau đó đính kèm hồ sơ:

+ Chứng từ khấu trừ thuế;

+ Chứng từ đóng bảo hiểm, từ thiện (nếu có);

+ Các tài liệu liên quan khác.

=> Nhấn  Tiếp tục .

(3) Kiểm tra tờ khai và nộp hồ sơ

Hệ thống hiển thị tờ khai quyết toán thuế TNCN để người nộp thuế kiểm tra lại toàn bộ thông tin.

- Nhập mã captcha;

- Chọn Tiếp tục / Nộp hồ sơ để gửi tờ khai quyết toán thuế điện tử.

Kết quả: Hồ sơ quyết toán thuế TNCN được gửi thành công qua hệ thống thuế điện tử.

Bước 5.2: Thực hiện kê khai thuế trường hợp ""Nộp XML""

- Tại màn hình “Chọn hình thức nộp hồ sơ”, tích chọn Nộp XML và nhấn Tiếp tục.

- Tải file tờ khai XML

+ Tại mục “02/QTT-TNCN – Tờ khai quyết toán thuế thu nhập cá nhân”, chọn  Chọn tệp ;

+ Tải lên file XML đã kết xuất

- Hệ thống gửi mã OTP về số điện thoại và địa chỉ email NNT đã đăng ký với cơ quan thuế, NNT nhập mã OTP nhận được và chọn “Tiếp tục” để nộp tờ khai.

[I] Cá nhân tự quyết toán thuế TNCN trên ứng dụng eTax Mobile

Xem hướng dẫn chi tiết: >>> TẠI ĐÂY <<<

* Trên đây là toàn bộ 02 cách cá nhân tự quyết toán thuế TNCN 2026 Online chi tiết

02 cách cá nhân tự quyết toán thuế TNCN 2026 Online chi tiết? (Hình từ Internet)

Theo nội dung hướng dẫn tại tiết 2.3 tiểu mục 2 Mục II  Công văn 1296/CT-NVT năm 2026  có nêu nhằm tạo điều kiện thuận lợi để người nộp thuế có thể chủ động thực hiện quyết toán thuế TNCN mọi lúc, mọi nơi, cơ quan thuế đã triển khai các ứng dụng và dịch vụ điện tử hỗ trợ kê khai, nộp hồ sơ trực tuyến.

Cá nhân tự quyết toán thuế TNCN online thông qua 03 cách thức sau:

(1)  Nộp hồ sơ quyết toán thuế TNCN thông qua Hệ thống Thông tin giải quyết thủ tục hành chính Cục Thuế - Bộ Tài chính: https://dichvucong.gdt.gov.vn/tthc/homelogin.

- Người nộp thuế truy cập vào đường link bên trên và thực hện đăng nhập

- Sau khi đăng nhập, chọn chức năng quyết toán thuế thu nhập cá nhân và thực hiện kê khai, nộp hồ sơ theo hướng dẫn trên hệ thống.

(2)  Nộp hồ sơ quyết toán thuế qua ứng dụng eTax Mobile

Ngoài hệ thống eTax trên trình duyệt web, cá nhân có thể thực hiện quyết toán thuế TNCN trên điện thoại thông qua ứng dụng eTax Mobile.

(3)  Nộp hồ sơ quyết toán thuế qua Cổng Dịch vụ công Quốc gia

Cá nhân cũng có thể nộp hồ sơ quyết toán thuế TNCN thông qua Cổng Dịch vụ công Quốc gia bằng tài khoản dịch vụ công.

Căn cứ theo điểm b khoản 2 Điều 44  Luật Quản lý thuế 2019  (Hết hiệu lực 01/7/2026) có quy định như sau:

Điều 44. Thời hạn nộp hồ sơ khai thuế

[...]

2. Thời hạn nộp hồ sơ khai thuế đối với loại thuế có kỳ tính thuế theo năm được quy định như sau:

a)  Chậm nhất là ngày cuối cùng của tháng thứ 3  kể từ ngày kết thúc năm dương lịch hoặc năm tài chính đối với hồ sơ quyết toán thuế năm; chậm nhất là ngày cuối cùng của tháng đầu tiên của năm dương lịch hoặc năm tài chính đối với hồ sơ khai thuế năm;

b) Chậm nhất là ngày cuối cùng của tháng thứ 4 kể từ ngày kết thúc năm dương lịch đối với hồ sơ quyết toán thuế thu nhập cá nhân của cá nhân trực tiếp quyết toán thuế;

[...]

Đồng thời tại tiết 2.2 tiểu mục 2 Mục II  Công văn 1296/CT-NVT năm 2026  cũng có hướng dẫn trường hợp thời hạn nộp hồ sơ quyết toán thuế trùng với ngày nghỉ theo quy định thì thời hạn nộp hồ sơ quyết toán thuế được  tính là ngày làm việc tiếp theo .

Theo đó hạn chót thực hiện quyết toán thuế TNCN trong năm 2026 như sau:

(1) Đối với doanh nghiệp: Hạn chót là ngày 31/3/2026

(2) Đối với cá nhân trực tiếp quyết với cơ quan thuế:

- Ngày bắt đầu:  Từ ngày 01/01/2026.

- Ngày kết thúc (hạn chót):  Do ngày 30/04/2026 và 01/5/2026 trùng với kỳ nghỉ lễ và các ngày cuối tuần kéo dài nên (Từ ngày 02-03/4/2026) Do đó hạn chót nộp hồ sơ thực tế là ngày  04/5/2026 (Thứ Hai) .

Theo đó hạn chót nộp quyết toán thuế TNCN trong năm 2026 của cá nhân tự quyết toán thuế sẽ rơi vào kỳ nghỉ 30/4 và 01/5 và trùng với các ngày nghỉ cuối tuần, nên hạn nộp sẽ dược dời sang ngày 04/5/2026.

* Lưu ý:

- Theo khoản 1 Điều 8  Thông tư 19/2021/TT-BTC  cũng có hướng dẫn người nộp thuế được thực hiện các giao dịch thuế điện tử 24 giờ trong ngày (kể từ 00:00:00 giờ đến 23:59:59 giờ) và 7 ngày trong tuần, bao gồm cả ngày nghỉ, ngày lễ và ngày Tết. Thời gian người nộp thuế nộp hồ sơ được xác định là trong ngày nếu hồ sơ được ký gửi thành công trong khoảng thời gian từ 00:00:00 giờ đến 23:59:59 giờ của ngày.

- Và theo tại  Công văn 1296/CT-NVT năm 2026  khuyến khích, trước thời điểm quyết toán, số lượng hồ sơ nộp tăng cao, tập trung vào những ngày cuối cùng của thời hạn nộp, có thể dẫn đến tình trạng quá tải hệ thống hoặc chậm xử lý hồ sơ; để chủ động trong việc kê khai và tránh rủi ro nộp chậm tờ khai, đề nghị cá nhân, tổ chức trả thu nhập thực hiện nộp hồ sơ sớm, không chờ đến sát thời hạn.","thue-phi-le-phi","","","","2026-04-20T08:10:00","https://thuvienphapluat.vn/hoi-dap-phap-luat/02-cach-ca-nhan-tu-quyet-toan-thue-tncn-2026-online-chi-tiet-nhu-the-nao-138085885.html","2026-04-21T03:45:25.236947+00:00"
