"id","title","content","category","doc_type","doc_number","agency","published_date","url","crawled_at"
"138088091","Đã có dự thảo Nghị định hướng dẫn Luật Chuyển giao người đang chấp hành án phạt tù chi tiết như thế nào?","Ngày 17/4/2026, Bộ Tư pháp công bố dự thảo Nghị định quy định chi tiết một số điều của Luật Chuyển giao người đang chấp hành án phạt tù.

TẢI VỀ

Theo đó, dự thảo Nghị định đề xuất trình tự, thủ tục rút lại đơn đề nghị được chuyển giao người đang chấp hành án phạt tù được quy định như sau:

(1) Việc rút lại đơn đề nghị được chuyển giao của người đang chấp hành án phạt tù hoặc người đại diện hợp pháp của người đó (sau đây gọi chung là người rút đơn) phải được thể hiện bằng văn bản.

(2) Trường hợp người đang chấp hành án phạt tù tại Việt Nam thì người rút đơn nộp văn bản rút lại đơn đề nghị được chuyển giao cho Giám thị trại giam nơi người đó đang chấp hành án. Trong thời hạn 03 ngày làm việc kể từ ngày nhận được văn bản rút lại đơn đề nghị được chuyển giao, Giám thị trại giam phải chuyển văn bản đó đến cơ quan đầu mối của Bộ Công an về công tác chuyển giao người đang chấp hành án phạt tù để xử lý theo quy định. Việc chuyển văn bản rút lại đơn đề nghị được chuyển giao có thể được thực hiện trên môi trường điện tử (hộp thư điện tử).

Trường hợp người đang chấp hành án phạt tù ở nước ngoài thì người rút đơn nộp văn bản rút lại đơn đề nghị được chuyển giao cho cơ quan đại diện Việt Nam ở nước sở tại hoặc cơ quan có thẩm quyền của nước ngoài hoặc cơ quan đầu mối của Bộ Công an về công tác chuyển giao người đang chấp hành án phạt tù. Trường hợp cơ quan đại diện Việt Nam nhận được văn bản rút lại đơn đề nghị được chuyển giao thì phải chuyển ngay văn bản đó qua môi trường điện tử (hộp thư điện tử) về cơ quan đầu mối của Bộ Công an về công tác chuyển giao người đang chấp hành án phạt tù trong thời hạn 03 ngày làm việc.

(3) Trong thời hạn 05 ngày làm việc kể từ ngày nhận được văn bản rút lại đơn đề nghị được chuyển giao người đang chấp hành án phạt tù hoặc người đại diện hợp pháp của người đó, cơ quan đầu mối của Bộ Công an về công tác chuyển giao người đang chấp hành án phạt tù kiểm tra, đối chiếu thời điểm người rút đơn ký văn bản rút lại đơn đề nghị được chuyển giao và thời điểm có hiệu lực của quyết định tiếp nhận người đang chấp hành án phạt tù hoặc quyết định chuyển giao người đang chấp hành án phạt tù của Tòa án nhân dân có thẩm quyền của Việt Nam.

- Trường hợp thời điểm người rút đơn ký văn bản rút lại đơn đề nghị được chuyển giao trước thời điểm có hiệu lực của quyết định tiếp nhận người đang chấp hành án phạt tù hoặc quyết định chuyển giao người đang chấp hành án phạt tù của Tòa án nhân dân có thẩm quyền của Việt Nam thì cơ quan đầu mối của Bộ Công an về công tác chuyển giao người đang chấp hành án phạt tù thông báo ngay bằng văn bản kèm theo bản gốc văn bản rút lại đơn đề nghị được chuyển giao cho Tòa án nhân dân có thẩm quyền để đình chỉ việc xem xét yêu cầu chuyển giao hoặc hủy bỏ các quyết định đã ban hành; đồng thời gửi 01 bản sao văn bản rút lại đơn đề nghị được chuyển giao cho Viện kiểm sát nhân dân cùng cấp với Tòa án để thực hiện chức năng kiểm sát theo quy định. Cơ quan đầu mối của Bộ Công an về công tác chuyển giao người đang chấp hành án phạt tù thông báo bằng văn bản cho cơ quan trung ương của nước ngoài về việc người đang chấp hành án phạt tù hoặc người đại diện hợp pháp của người đó đã có văn bản rút lại đơn đề nghị được chuyển giao.

- Trường hợp thời điểm người rút đơn ký văn bản rút lại đơn đề nghị được chuyển giao sau thời điểm có hiệu lực của quyết định tiếp nhận người đang chấp hành án phạt tù hoặc quyết định chuyển giao người đang chấp hành án phạt tù của Tòa án nhân dân có thẩm quyền của Việt Nam thì cơ quan đầu mối của Bộ Công an về công tác chuyển giao người đang chấp hành án phạt tù thông báo ngay bằng văn bản cho người rút đơn biết về việc không chấp nhận việc rút lại đơn đề nghị được chuyển giao và nêu rõ lý do.

(4) Trường hợp có dấu hiệu cho thấy người đang chấp hành án phạt tù bị ép buộc phải rút lại đơn đề nghị được chuyển giao thì cơ quan đầu mối của Bộ Công an về công tác chuyển giao người đang chấp hành án phạt tù có văn bản đề nghị:

- Trại giam tại Việt Nam tiến hành xác minh và lập biên bản xác minh nếu người đang chấp hành án phạt tù ở Việt Nam. Trong thời hạn 05 ngày làm việc kể từ ngày nhận được văn bản đề nghị của cơ quan đầu mối của Bộ Công an về công tác chuyển giao người đang chấp hành án phạt tù, trại giam có văn bản trả lời cơ quan đầu mối của Bộ Công an về công tác chuyển giao người đang chấp hành án phạt tù;

- Cơ quan đại diện Việt Nam ở nước ngoài tiến hành xác minh và lập biên bản xác minh nếu người đang chấp hành án phạt tù ở nước ngoài. Trong thời hạn 07 ngày làm việc kể từ ngày nhận được văn bản đề nghị của cơ quan đầu mối của Bộ Công an về công tác chuyển giao người đang chấp hành án phạt tù, cơ quan đại diện Việt Nam ở nước ngoài có văn bản trả lời cơ quan đầu mối của Bộ Công an về công tác chuyển giao người đang chấp hành án phạt tù.

+ Trường hợp kết quả xác minh cho thấy việc rút lại đơn đề nghị được chuyển giao là do bị ép buộc thì văn bản rút lại đơn đề nghị được chuyển giao không có giá trị pháp lý và quy trình chuyển giao vẫn tiếp tục được thực hiện.

+ Việc chuyển văn bản đề nghị xác minh và văn bản trả lời có thể được thực hiện trên môi trường điện tử (hộp thư điện tử).

>>> Xem chi tiết dự thảo Nghị định hướng dẫn Luật Chuyển giao người đang chấp hành án phạt tù

TẠI ĐÂY

* Trên đây là Thông tin về Đã có dự thảo Nghị định hướng dẫn Luật Chuyển giao người đang chấp hành án phạt tù chi tiết thế nào?

Xem thêm:

TOÀN VĂN Luật số 101/2025/QH15 Luật Chuyển giao người đang chấp hành án phạt tù 2025 như thế nào?

Mẫu 01 Đơn xin ân giảm hình phạt tử hình từ 15/11/2025 chi tiết thế nào?

Đã có dự thảo Nghị định hướng dẫn Luật Chuyển giao người đang chấp hành án phạt tù chi tiết thế nào? (Hình từ Internet)

Ttheo Điều 62  Bộ luật Hình sự 2015  người bị kết án phạt tù có thể được miễn chấp hành án phạt tù trong các trường hợp sau:

- Người bị kết án được miễn chấp hành hình phạt khi được đặc xá hoặc đại xá.

- Người bị kết án cải tạo không giam giữ hoặc tù có thời hạn đến 03 năm chưa chấp hành hình phạt thì theo đề nghị của Viện trưởng Viện kiểm sát, Tòa án có thể quyết định miễn chấp hành hình phạt, nếu thuộc một trong các trường hợp sau đây:

+ Sau khi bị kết án đã lập công;

+ Mắc bệnh hiểm nghèo;

+ Chấp hành tốt pháp luật, có hoàn cảnh gia đình đặc biệt khó khăn và xét thấy người đó không còn nguy hiểm cho xã hội nữa.

- Người bị kết án phạt tù có thời hạn trên 03 năm, chưa chấp hành hình phạt nếu đã lập công lớn hoặc mắc bệnh hiểm nghèo và người đó không còn nguy hiểm cho xã hội nữa.

- Người bị kết án phạt tù đến 03 năm, đã được tạm đình chỉ chấp hành hình phạt, nếu trong thời gian được tạm đình chỉ mà đã lập công hoặc chấp hành tốt pháp luật, hoàn cảnh gia đình đặc biệt khó khăn và xét thấy người đó không còn nguy hiểm cho xã hội nữa.

Lưu ý: Người được miễn chấp hành hình phạt vẫn phải thực hiện đầy đủ các nghĩa vụ dân sự do Tòa án tuyên trong bản án.

Căn cứ theo khoản 1 Điều 8  Thông tư liên tịch 01/2021/TTLT-TANDTC-VKSNDTC-BCA-BQP  quy định Tòa án xem xét hủy quyết định hoãn chấp hành án phạt tù trong các trường hợp sau:

- Người được hoãn chấp hành án phạt tù không cam kết chấp hành nghiêm chỉnh pháp luật hoặc thực hiện hành vi phạm tội mới, bỏ trốn hoặc vi phạm pháp luật gây ảnh hưởng xấu đến an ninh, trật tự, an toàn xã hội;

- Người được hoãn chấp hành án phạt tù có kết quả giám định xác định họ mắc bệnh tâm thần, bệnh khác làm mất khả năng nhận thức hoặc khả năng điều khiển hành vi;

- Người được hoãn chấp hành án phạt tù có kết quả giám định xác định họ đã hồi phục sức khỏe và đã bị đưa đến nơi chấp hành án phạt tù;

- Người được hoãn chấp hành án phạt tù có đơn tự nguyện xin chấp hành án phạt tù.

Trên đây là Thông tin về Đã có dự thảo Nghị định hướng dẫn Luật Chuyển giao người đang chấp hành án phạt tù chi tiết thế nào?","trach-nhiem-hinh-su","","","","2026-04-20T16:49:00","https://thuvienphapluat.vn/hoi-dap-phap-luat/da-co-du-thao-nghi-dinh-huong-dan-luat-chuyen-giao-nguoi-dang-chap-hanh-an-phat-tu-chi-tiet-nhu-the-138088091.html","2026-04-21T03:26:42.244617+00:00"
"138088029","Đề xuất bổ sung hình phạt bổ sung lao động công ích chi tiết như thế nào?","Xem thêm

>>>  Đề xuất mở rộng người thân thích không tố giác tội phạm không phải chịu trách nhiệm hình sự gồm những ai?

>>>  Đến năm 2027 100% tài liệu, hồ sơ vụ án hình sự được số hóa và quản lý trong hồ sơ điện tử đúng không?

Bộ Công an hiện đang lấy ý kiến về Dự thảo hồ sơ chính sách dự án Bộ luật Hình sự sửa đổi.

Theo đó, Hồ sơ Dự thảo hồ sơ chính sách dự án Bộ luật Hình sự bao gồm:

Dự thảo hồ sơ chính sách dự án Bộ luật Hình sự

Tải về

Dự thảo Bản Thuyết minh quy phạm hóa chính sách của dự án bộ luật hình sự (sửa đổi)

Tải về

Dự thảo Báo cáo tổng kết việc thi hành Bộ luật hình sự

Tải về

Dự thảo Báo cáo Về rà soát các chủ trương, đường lối của Đảng, văn bản quy phạm pháp luật, điều ước quốc tế có liên quan đến chính sách trong dự án Bộ luật Hình sự sửa đổi

Tải về

Dự thảo Đánh giá tác động của chính sách trong dự án Bộ luật Hình sự sửa đổi

Tải về

Tại Dự thảo hồ sơ chính sách dự án Bộ luật Hình sự Bộ Công an có đề xuất như sau:

3.3. Các giải pháp thực hiện chính sách

a) Giải pháp 1: Hoàn thiện quy định của BLHS về hình phạt

[...]

- Các vấn đề khác liên quan đến hình phạt

+ Bổ sung hình phạt bổ sung “lao động công ích” để buộc người bị kết án phải thực hiện một số công việc lao động phục vụ cộng đồng ngoài thời gian học tập và làm việc chính của người đó mà không được trả lương.

Như vậy, Bộ Công an đề xuất Bổ sung hình phạt bổ sung  lao động công ích  để buộc người bị kết án phải thực hiện một số công việc lao động phục vụ cộng đồng ngoài thời gian học tập và làm việc chính của người đó mà không được trả lương.

Lý giải cho vấn đề này tại Dự thảo Bản Thuyết minh quy phạm hóa chính sách của dự án bộ luật hình sự (sửa đổi) Bộ Công an giải thích như sau:

- BLHS hiện hành chưa có quy định về hình phạt “Lao động công ích”. Theo nghiên cứu, đây là một hình phạt tương đối phổ biến trong pháp luật hình sự của các nước trên thế giới như: Mỹ, Nga, các nước EU…

- Việc áp dụng hình phạt này giúp đa dạng hình phạt trong hệ thống hình phạt của BLHS; có ý nghĩa giáo dục, phục hồi và phòng ngừa tái phạm; khắc phục hạn chế của hình phạt tiền; giúp giảm áp lực cho hệ thống giam giữ và chi phí xã hội của việc chấp hành án tù…

Đề xuất bổ sung hình phạt bổ sung lao động công ích chi tiết như thế nào? (Hình từ Internet)

Căn cứ khoản 1 Điều 3  Bộ luật Hình sự 2015  được sửa đổi bởi điểm a khoản 1 Điều 1  Luật sửa đổi Bộ luật Hình sự 2017  quy định Nnguyên tắc xử lý đối với người phạm tội như sau:

- Mọi hành vi phạm tội do người thực hiện phải được phát hiện kịp thời, xử lý nhanh chóng, công minh theo đúng pháp luật;

- Mọi người phạm tội đều bình đẳng trước pháp luật, không phân biệt giới tính, dân tộc, tín ngưỡng, tôn giáo, thành phần, địa vị xã hội;

- Nghiêm trị người chủ mưu, cầm đầu, chỉ huy, ngoan cố chống đối, côn đồ, tái phạm nguy hiểm, lợi dụng chức vụ, quyền hạn để phạm tội;

- Nghiêm trị người phạm tội dùng thủ đoạn xảo quyệt, có tổ chức, có tính chất chuyên nghiệp, cố ý gây hậu quả đặc biệt nghiêm trọng.

Khoan hồng đối với người tự thú, đầu thú, thành khẩn khai báo, tố giác đồng phạm, lập công chuộc tội, tích cực hợp tác với cơ quan có trách nhiệm trong việc phát hiện tội phạm hoặc trong quá trình giải quyết vụ án, ăn năn hối cải, tự nguyện sửa chữa hoặc bồi thường thiệt hại gây ra;

- Đối với người lần đầu phạm tội ít nghiêm trọng, thì có thể áp dụng hình phạt nhẹ hơn hình phạt tù, giao họ cho cơ quan, tổ chức hoặc gia đình giám sát, giáo dục;

- Đối với người bị phạt tù thì buộc họ phải chấp hành hình phạt tại các cơ sở giam giữ, phải lao động, học tập để trở thành người có ích cho xã hội; nếu họ có đủ điều kiện do Bộ luật này quy định, thì có thể được xét giảm thời hạn chấp hành hình phạt, tha tù trước thời hạn có điều kiện;

- Người đã chấp hành xong hình phạt được tạo điều kiện làm ăn, sinh

Theo Điều 5  Bộ luật Hình sự 2015  quy định hiệu lực của Bộ luật hình sự đối với những hành vi phạm tội trên lãnh thổ nước Cộng hòa xã hội chủ nghĩa Việt Nam như sau:

Điều 5. Hiệu lực của Bộ luật hình sự đối với những hành vi phạm tội trên lãnh thổ nước Cộng hòa xã hội chủ nghĩa Việt Nam

1. Bộ luật hình sự được áp dụng đối với mọi hành vi phạm tội thực hiện trên lãnh thổ nước Cộng hòa xã hội chủ nghĩa Việt Nam.

Quy định này cũng được áp dụng đối với hành vi phạm tội hoặc hậu quả của hành vi phạm tội xảy ra trên tàu bay, tàu biển mang quốc tịch Việt Nam hoặc tại vùng đặc quyền kinh tế, thềm lục địa của Việt Nam.

2. Đối với người nước ngoài phạm tội trên lãnh thổ nước Cộng hòa xã hội chủ nghĩa Việt Nam thuộc đối tượng được hưởng quyền miễn trừ ngoại giao hoặc lãnh sự theo pháp luật Việt Nam, theo điều ước quốc tế mà Cộng hòa xã hội chủ nghĩa Việt Nam là thành viên hoặc theo tập quán quốc tế, thì vấn đề trách nhiệm hình sự của họ được giải quyết theo quy định của điều ước quốc tế hoặc theo tập quán quốc tế đó; trường hợp điều ước quốc tế đó không quy định hoặc không có tập quán quốc tế thì trách nhiệm hình sự của họ được giải quyết bằng con đường ngoại giao.

Như vậy,  Bộ luật Hình sự 2015  được áp dụng đối với mọi hành vi phạm tội thực hiện trên lãnh thổ nước Cộng hòa xã hội chủ nghĩa Việt Nam.

Mặt khác,  Bộ luật Hình sự 2015  cũng được áp dụng đối với hành vi phạm tội hoặc hậu quả của hành vi phạm tội xảy ra trên tàu bay, tàu biển mang quốc tịch Việt Nam hoặc tại vùng đặc quyền kinh tế, thềm lục địa của Việt Nam.","trach-nhiem-hinh-su","","","","2026-04-20T13:59:00","https://thuvienphapluat.vn/hoi-dap-phap-luat/de-xuat-bo-sung-hinh-phat-bo-sung-lao-dong-cong-ich-chi-tiet-nhu-the-nao-138088029.html","2026-04-21T03:26:46.403997+00:00"
"138087963","Đề xuất tăng mức phạt tù với người phạm tội trốn thuế đúng không?","Xem thêm

>>>  Đề xuất mở rộng người thân thích không tố giác tội phạm không phải chịu trách nhiệm hình sự gồm những ai?

>>>  Đến năm 2027 100% tài liệu, hồ sơ vụ án hình sự được số hóa và quản lý trong hồ sơ điện tử đúng không?

Hiện đang lấy ý kiến về Dự thảo hồ sơ chính sách dự án Bộ luật Hình sự sửa đổi. Thời gian lấy ý kiến đến hết ngày 07/05/2026.

Hồ sơ Dự thảo hồ sơ chính sách dự án Bộ luật Hình sự bao gồm:

Dự thảo hồ sơ chính sách dự án Bộ luật Hình sự

Tải về

Dự thảo Bản Thuyết minh quy phạm hóa chính sách của dự án bộ luật hình sự (sửa đổi)

Tải về

Dự thảo Báo cáo tổng kết việc thi hành Bộ luật hình sự

Tải về

Dự thảo Báo cáo Về rà soát các chủ trương, đường lối của Đảng, văn bản quy phạm pháp luật, điều ước quốc tế có liên quan đến chính sách trong dự án Bộ luật Hình sự sửa đổi

Tải về

Dự thảo Đánh giá tác động của chính sách trong dự án Bộ luật Hình sự sửa đổi

Tải về

Theo Dự thảo Bản Thuyết minh   Tải về  quy phạm hóa chính sách của dự án bộ luật hình sự (sửa đổi) như sau:

TÊN CHÍNH SÁCH:  Chính sách 3. Hoàn thiện quy định về hình phạt

NỘI DUNG, GIẢI PHÁP THỰC HIỆN CHÍNH SÁCH ĐƯỢC LỰA CHỌN

NỘI DUNG CHÍNH SÁCH

[...]

- Mức phạt tù ở một số loại tội danh có nhiều diễn biến phức tạp, xâm hại trực tiếp đến danh dự, nhân phẩm, tự do của con người, các tội phạm có tính chất gian dối, gây nhiều bức xúc trong thời gian qua, các tội có mức thu lợi bất chính lớn …còn thấp, chưa tương xứng, chưa bảo đảm tính tính răn đe, phòng ngừa tội phạm và bảo đảm tính công bằng trong chính sách hình sự, cụ thể như:  Tội làm nhục người khác (Điều 155); Tội vu khống (Điều 156); Tội bắt, giữ hoặc giam người trái pháp luật; Tội vận chuyển trái phép hàng hóa, tiền tệ qua biên giới (Điều 189); Tội quảng cáo gian dối (Điều 197); Tội lừa dối khách hàng (Điều 198);  Tội trốn thuế (Điều 200) ; Tội vi phạm quy định về nghiên cứu, thăm dò, khai thác tài nguyên (Điều 227); Tội vi phạm quy định về khai thác, bảo vệ rừng và lâm sản (Điều 232)…

[...]

- Căn cứ để quyết định hình phạt theo quy định hiện hành là chưa thực sự chặt chẽ và bao quát, các tình tiết dùng làm căn cứ quyết định hình phạt còn chung chung, chưa bảo đảm tính phân hóa tội phạm, chưa thể hiện tinh thần nhân đạo, khoan hồng trong quyết định hình phạt đối với các trường hợp người phạm tội đã ăn năn hối cải, khắc phục phục toàn bộ hậu quả và bồi thường toàn bộ thiệt hại đã gây ra.

GIẢI PHÁP THỰC HIỆN CHÍNH SÁCH ĐƯỢC LỰA CHỌN

Giải pháp 1: Hoàn thiện quy định của BLHS về hình phạt

DỰ KIẾN QUY PHẠM HÓA NỘI DUNG GIẢI PHÁP THỰC HIỆN CHÍNH SÁCH ĐƯỢC LỰA CHỌN TRONG DỰ THẢO VĂN BẢN

[...]

* Về hình phạt cải tạo không giam giữ, tù có thời hạn

- Mở rộng phạm vi áp dụng hình phạt cải tạo không giam giữ theo hướng tăng cường áp dụng các hình phạt không mang tính giam giữ. Đồng thời, bổ sung quy định nếu trong thời gian chấp hành hình phạt cải tạo không giam giữ người bị kết án vi phạm nghĩa vụ thì Tòa án có thể quyết định chuyển hình phạt cải tạo không giam giữ thành hình phạt tù theo tỉ lệ 3 ngày cải tạo không giam giữ thành 1 ngày phạt tù.

- Nâng mức phạt tù ở một số loại tội danh có nhiều diễn biến phức tạp, xâm hại trực tiếp đến danh dự, nhân phẩm, tự do của con người, các tội phạm có tính chất gian dối, gây nhiều bức xúc trong thời gian qua, các tội có mức thu lợi bất chính lớn.

[...]

Theo đó, đề xuất n âng mức phạt tù ở một số loại tội danh có nhiều diễn biến phức tạp, xâm hại trực tiếp đến danh dự, nhân phẩm, tự do của con người, các tội phạm có tính chất gian dối, gây nhiều bức xúc trong thời gian qua, các tội có mức thu lợi bất chính lớn …còn thấp, chưa tương xứng, chưa bảo đảm tính tính răn đe, phòng ngừa tội phạm và bảo đảm tính công bằng trong chính sách hình sự, trong đó có  Tội trốn thuế (Điều 200).

Trên đây là thông tin về ""Đề xuất tăng mức phạt tù với người phạm tội trốn thuế đúng không?"".

Đề xuất tăng mức phạt tù với người phạm tội trốn thuế đúng không? (Hình từ Internet)

Theo Điều 200  Bộ luật Hình sự 2015  được sửa đổi bởi khoản 47 Điều 1  Luật Sửa đổi Bộ luật Hình sự 2017  quy định các khung hình phạt tù tội trốn thuế:

Điều 200. Tội trốn thuế

[...]

2. Phạm tội thuộc một trong các trường hợp sau đây, thì bị phạt tiền từ 500.000.000 đồng đến 1.500.000.000 đồng hoặc phạt tù từ 01 năm đến 03 năm:

a) Có tổ chức;

b) Số tiền trốn thuế từ 300.000.000 đồng đến dưới 1.000.000.000 đồng;

c) Lợi dụng chức vụ, quyền hạn;

d) Phạm tội 02 lần trở lên;

đ) Tái phạm nguy hiểm.

3. Phạm tội trốn thuế với số tiền 1.000.000.000 đồng trở lên, thì bị phạt tiền từ 1.500.000.000 đồng đến 4.500.000.000 đồng hoặc phạt tù từ 02 năm đến 07 năm:

4. Người phạm tội còn có thể bị phạt tiền từ 20.000.000 đồng đến 100.000.000 đồng, cấm đảm nhiệm chức vụ, cấm hành nghề hoặc làm công việc nhất định từ 01 năm đến 05 năm hoặc tịch thu một phần hoặc toàn bộ tài sản.

[...]

Theo quy định trên, khung hình phạt cao nhất đối với người phạm tội trốn thuế là bị phạt tiền từ 1.500.000.000 đồng đến 4.500.000.000 đồng hoặc phạt tù từ 02 năm đến 07 năm nếu phạm tội trốn thuế với số tiền 1.000.000.000 đồng trở lên.

Ngoài ra, còn có thể bị phạt tiền từ 20.000.000 đồng đến 100.000.000 đồng, cấm đảm nhiệm chức vụ, cấm hành nghề hoặc làm công việc nhất định từ 01 năm đến 05 năm hoặc tịch thu một phần hoặc toàn bộ tài sản.

Theo khoản 4 Điều 45  Luật Quản lý thuế 2025  quy định từ ngày 1/7/2026, hành vi trốn thuế gồm:

[1]  Không nộp hồ sơ đăng ký thuế; không nộp hồ sơ khai thuế; nộp hồ sơ khai thuế sau 90 ngày kể từ ngày hết thời hạn nộp hồ sơ khai thuế hoặc ngày hết thời hạn gia hạn nộp hồ sơ khai thuế theo quy định của Luật Quản lý thuế 2025 dẫn đến thiếu số tiền thuế phải nộp hoặc tăng số tiền thuế được miễn, giảm, hoàn;

[2]  Không ghi chép, ghi nhận trong sổ kế toán các khoản thu liên quan đến việc xác định số tiền thuế phải nộp;

[3]  Không lập hóa đơn và không kê khai thuế khi bán hàng hóa, dịch vụ theo quy định của pháp luật hoặc ghi giá trị trên hóa đơn bán hàng thấp hơn giá trị thanh toán thực tế của hàng hóa, dịch vụ đã bán để khai thuế;

[4]  Sử dụng hóa đơn, chứng từ không hợp pháp, sử dụng không hợp pháp hóa đơn, chứng từ để hạch toán hàng hóa, dịch vụ mua vào trong hoạt động phát sinh nghĩa vụ thuế làm giảm số tiền thuế phải nộp hoặc làm tăng số tiền thuế được miễn, số tiền thuế được giảm hoặc tăng số tiền thuế được khấu trừ, số tiền thuế được hoàn, số tiền thuế không phải nộp;

[5]  Sử dụng chứng từ, tài liệu không phản ánh đúng bản chất giao dịch hoặc giá trị giao dịch thực tế để xác định sai số tiền thuế phải nộp, số tiền thuế được miễn, số tiền thuế được giảm, số tiền thuế được hoàn, số tiền thuế không phải nộp;

[6]  Khai sai với thực tế hàng hóa xuất khẩu, nhập khẩu mà cá nhân, tổ chức vi phạm không tự nguyện khắc phục hậu quả bằng cách nộp đủ số tiền thuế phải nộp theo quy định;

[7]  Cố ý không kê khai hoặc khai sai về thuế đối với hàng hóa xuất khẩu, nhập khẩu;

[8]  Cấu kết với người gửi hàng để nhập khẩu hàng hóa nhằm mục đích trốn thuế;

[9]  Sử dụng hàng hóa thuộc đối tượng không chịu thuế, miễn thuế, xét miễn thuế không đúng mục đích quy định mà không khai báo việc chuyển đổi mục đích sử dụng với cơ quan quản lý thuế;

[10]  Người nộp thuế có hoạt động kinh doanh trong thời gian ngừng, tạm ngừng hoạt động kinh doanh nhưng không thông báo với cơ quan quản lý thuế;

[11]  Người nộp thuế không bị xử phạt về hành vi trốn thuế mà bị xử phạt về hành vi vi phạm thủ tục thuế đối với trường hợp sau đây: không nộp hồ sơ đăng ký thuế; không nộp hồ sơ khai thuế; nộp hồ sơ khai thuế sau 90 ngày kể từ ngày hết thời hạn nộp hồ sơ khai thuế hoặc hết thời hạn gia hạn nộp hồ sơ khai thuế nhưng không phát sinh số tiền thuế phải nộp; nộp hồ sơ khai thuế sau 90 ngày kể từ ngày hết thời hạn nộp hồ sơ khai thuế hoặc hết thời hạn gia hạn nộp hồ sơ khai thuế có phát sinh số tiền thuế phải nộp và người nộp thuế đã nộp đủ số tiền thuế, tiền chậm nộp vào ngân sách nhà nước trước thời điểm cơ quan thuế công bố quyết định kiểm tra thuế hoặc trước thời điểm cơ quan thuế lập biên bản về hành vi chậm nộp hồ sơ khai thuế.","trach-nhiem-hinh-su","","","","2026-04-20T09:11:00","https://thuvienphapluat.vn/hoi-dap-phap-luat/de-xuat-tang-muc-phat-tu-voi-nguoi-pham-toi-tron-thue-dung-khong-138087963.html","2026-04-21T03:26:50.581721+00:00"
"138087811","Dự thảo hồ sơ chính sách dự án Bộ luật Hình sự sửa đổi như thế nào?","Xem thêm

>>>  Năm 2027 vận hành toàn trình tố tụng hình sự và THAHS trên môi trường số chi tiết như thế nào?

>>>  Đến năm 2027 100% tài liệu, hồ sơ vụ án hình sự được số hóa và quản lý trong hồ sơ điện tử đúng không?

Ngày 17/04/2026 Bộ Công an lấy ý kiến về Dự thảo hồ sơ chính sách dự án Bộ luật Hình sự sửa đổi. Thời gian lấy ý kiến đến hết ngày 07/05/2026.

Hồ sơ Dự thảo hồ sơ chính sách dự án Bộ luật Hình sự bao gồm:

Dự thảo hồ sơ chính sách dự án Bộ luật Hình sự

Tải về

Dự thảo Bản Thuyết minh quy phạm hóa chính sách của dự án bộ luật hình sự (sửa đổi)

Tải về

Dự thảo Báo cáo tổng kết việc thi hành Bộ luật hình sự

Tải về

Dự thảo Báo cáo Về rà soát các chủ trương, đường lối của Đảng, văn bản quy phạm pháp luật, điều ước quốc tế có liên quan đến chính sách trong dự án Bộ luật Hình sự sửa đổi

Tải về

Dự thảo Đánh giá tác động của chính sách trong dự án Bộ luật Hình sự sửa đổi

Tải về

Dự thảo hồ sơ chính sách dự án Bộ luật Hình sự sửa đổi như thế nào? (Hình từ Internet)

Các văn bản hướng dẫn Bộ luật Hình sự mới nhất 2026 gồm có:

Nghị quyết 04/2024/NQ-HĐTP  hướng dẫn áp dụng quy định của Bộ luật Hình sự về truy cứu trách nhiệm hình sự đối với hành vi liên quan đến khai thác, mua bán, vận chuyển trái phép thủy sản

Nghị quyết 03/2024/NQ-HĐTP  hướng dẫn áp dụng quy định của Bộ luật Hình sự về thời hiệu thi hành bản án, miễn chấp hành hình phạt, giảm mức hình phạt đã tuyên, giảm thời hạn chấp hành hình phạt trong trường hợp đặc biệt, hoãn chấp hành hình phạt tù, tạm đình chỉ chấp hành hình phạt tù

Nghị quyết 02/2024/NQ-HĐTP  hướng dẫn áp dụng quy định tại Điều 313 của Bộ luật Hình sự

Nghị quyết 03/2022/NQ-HĐTP  hướng dẫn áp dụng quy định tại Điều 304, 305, 306, 307 và 308 của Bộ luật Hình sự

Nghị quyết 01/2022/NQ-HĐTP  sửa đổi Nghị quyết 02/2018/NQ-HĐTP hướng dẫn áp dụng Điều 65 của Bộ luật Hình sự về án treo

Nghị quyết 01/2021/NQ-HĐTP  hướng dẫn áp dụng Điều 201 của Bộ luật Hình sự và việc xét xử vụ án hình sự về tội cho vay lãi nặng trong giao dịch dân sự

Nghị quyết 08/2021/NQ-UBTVQH15  về giải thích Khoản 1 Điều 289 của Bộ luật Hình sự

Công văn 1557/VKSTC-V1 năm 2021  hướng dẫn nghiệp vụ áp dụng các điều 347, 348 và 349 Bộ luật Hình sự do Viện kiểm sát nhân dân tối cao

Nghị quyết 03/2020/NQ-HĐTP  về hướng dẫn áp dụng quy định của Bộ luật Hình sự trong xét xử tội phạm tham nhũng và tội phạm khác về chức vụ do Hội đồng Thẩm phán Tòa án nhân dân tối cao ban hành

Công văn 9827/VPCP-CN năm 2019  hướng dẫn quy định của Bộ Luật hình sự về hành vi vi phạm trật tự an toàn giao thông do Văn phòng Chính phủ ban hành

Nghị quyết 07/2019/NQ-HĐTP  hướng dẫn áp dụng quy định tại Điều 299 và Điều 300 của Bộ luật Hình sự do Hội đồng Thẩm phán Tòa án nhân dân tối cao ban hành

Nghị quyết 06/2019/NQ-HĐTP  về hướng dẫn áp dụng quy định tại các Điều 141, 142, 143, 144, 145, 146, 147 của Bộ luật Hình sự và việc xét xử vụ án xâm hại tình dục người dưới 18 tuổi do Hội đồng Thẩm phán Tòa án nhân dân tối cao ban hành

Nghị quyết 05/2019/NQ-HĐTP  hướng dẫn áp dụng Điều 214 về tội gian lận bảo hiểm xã hội, bảo hiểm thất nghiệp, Điều 215 về tội gian lận bảo hiểm y tế và Điều 216 về tội trốn đóng bảo hiểm xã hội, bảo hiểm y tế, bảo hiểm thất nghiệp cho người lao động của Bộ luật Hình sự do Hội đồng Thẩm phán Tòa án nhân dân tối cao ban hành

Nghị quyết 03/2019/NQ-HĐTP  hướng dẫn áp dụng Điều 324 của Bộ luật Hình sự về tội rửa tiền do Hội đồng Thẩm phán Tòa án nhân dân tối cao ban hành

Nghị quyết 02/2019/NQ-HĐTP  hướng dẫn áp dụng Điều 150 về tội mua bán người và Điều 151 về tội mua bán người dưới 16 tuổi của Bộ luật Hình sự do Hội đồng Thẩm phán Tòa án nhân dân tối cao ban hành

Nghị quyết 05/2018/NQ-HĐTP  hướng dẫn áp dụng Điều 234 về tội vi phạm quy định về bảo vệ động vật hoang dã và Điều 244 về tội vi phạm quy định về bảo vệ động vật nguy cấp, quý, hiếm của Bộ luật Hình sự do Hội đồng Thẩm phán Tòa án nhân dân tối cao ban hành

Công văn 196/TANDTC-PC năm 2018  về áp dụng điểm c khoản 2 Điều 321 và điểm c khoản 2 Điều 322 của Bộ luật Hình sự do Tòa án nhân dân tối cao ban hành

Nghị quyết 02/2018/NQ-HĐTP  hướng dẫn áp dụng Điều 65 của Bộ luật Hình sự về án treo do Hội đồng Thẩm phán Tòa án nhân dân tối cao ban hành

Nghị quyết 01/2018/NQ-HĐTP  về hướng dẫn áp dụng điều 66 và điều 106 của Bộ luật Hình sự về tha tù trước thời hạn có điều kiện do Hội đồng Thẩm phán Tòa án nhân ân tối cao ban hành

Nghị định 37/2018/NĐ-CP  về hướng dẫn biện pháp giám sát, giáo dục người dưới 18 tuổi phạm tội được miễn trách nhiệm hình sự

Nghị định 19/2018/NĐ-CP  về quy định việc tính tổng khối lượng hoặc thể tích chất ma túy tại một số điều của Bộ luật Hình sự năm 2015

Công văn 04/TANDTC-PC năm 2018  về áp dụng Bộ luật Hình sự năm 2015 và Nghị quyết 41/2017/QH14 do Tòa án nhân dân tối cao ban hành

Công văn 148/TANDTC-PC năm 2017  triển khai, thi hành Bộ luật Hình sự năm 2015 và Nghị quyết 41/2017/QH14 do Tòa án nhân dân tối cao ban hành

Nghị quyết 41/2017/QH14  thi hành Bộ luật Hình sự 100/2015/QH13 đã được sửa đổi, bổ sung một số điều theo Luật 12/2017/QH14 và về hiệu lực thi hành của Bộ luật Tố tụng hình sự 101/2015/QH13, Luật Tổ chức cơ quan điều tra hình sự 99/2015/QH13, Luật Thi hành tạm giữ, tạm giam 94/2015/QH13 do Quốc hội ban hành

Công văn 301/TANDTC-PC năm 2016  áp dụng quy định có lợi cho người phạm tội của Bộ luật hình sự năm 2015 do Tòa án nhân dân tối cao ban hành

Công văn 276/TANDTC-PC năm 2016  hướng dẫn áp dụng quy định có lợi cho người phạm tội của Bộ luật hình sự năm 2015 do Tòa án nhân dân tối cao ban hành

Nghị quyết 01/2016/NQ-HĐTP  hướng dẫn áp dụng quy định tại khoản 3 điều 7 Bộ Luật hình sự 100/2015/QH13 do Hội đồng Thẩm phán Tòa án nhân dân tối cao ban hành

Căn cứ Điều 6  Bộ luật Hình sự 2015  hiệu lực của Bộ luật hình sự đối với những hành vi phạm tội ở ngoài lãnh thổ nước Cộng hòa xã hội chủ nghĩa Việt Nam như sau:

- Công dân Việt Nam hoặc pháp nhân thương mại Việt Nam có hành vi phạm tội ở ngoài lãnh thổ nước Cộng hòa xã hội chủ nghĩa Việt Nam mà Bộ luật này quy định là tội phạm, thì có thể bị truy cứu trách nhiệm hình sự tại Việt Nam theo quy định của Bộ luật này.

Quy định này cũng được áp dụng đối với người không quốc tịch thường trú ở Việt Nam.

- Người nước ngoài, pháp nhân thương mại nước ngoài phạm tội ở ngoài lãnh thổ nước Cộng hòa xã hội chủ nghĩa Việt Nam có thể bị truy cứu trách nhiệm hình sự theo quy định của Bộ luật này trong trường hợp hành vi phạm tội xâm hại quyền, lợi ích hợp pháp của công dân Việt Nam hoặc xâm hại lợi ích của nước Cộng hòa xã hội chủ nghĩa Việt Nam hoặc theo quy định của điều ước quốc tế mà Cộng hòa xã hội chủ nghĩa Việt Nam là thành viên.

- Đối với hành vi phạm tội hoặc hậu quả của hành vi phạm tội xảy ra trên tàu bay, tàu biển không mang quốc tịch Việt Nam đang ở tại biển cả hoặc tại giới hạn vùng trời nằm ngoài lãnh thổ nước Cộng hòa xã hội chủ nghĩa Việt Nam, thì người phạm tội có thể bị truy cứu trách nhiệm hình sự theo quy định của Bộ luật này trong trường hợp điều ước quốc tế mà Cộng hòa xã hội chủ nghĩa Việt Nam là thành viên có quy định.","trach-nhiem-hinh-su","","","","2026-04-18T14:45:00","https://thuvienphapluat.vn/hoi-dap-phap-luat/du-thao-ho-so-chinh-sach-du-an-bo-luat-hinh-su-sua-doi-nhu-the-nao-138087811.html","2026-04-21T03:26:54.243362+00:00"
"138087772","Đề xuất mở rộng người thân thích không tố giác tội phạm không phải chịu trách nhiệm hình sự gồm những ai?","Xem thêm

>>>  Năm 2027 vận hành toàn trình tố tụng hình sự và THAHS trên môi trường số chi tiết như thế nào?

>>>  Đến năm 2027 100% tài liệu, hồ sơ vụ án hình sự được số hóa và quản lý trong hồ sơ điện tử đúng không?

Hiện đang lấy ý kiến về Dự thảo hồ sơ chính sách dự án Bộ luật Hình sự sửa đổi. Thời gian lấy ý kiến đến hết ngày 07/05/2026.

Hồ sơ Dự thảo hồ sơ chính sách dự án Bộ luật Hình sự bao gồm:

Dự thảo hồ sơ chính sách dự án Bộ luật Hình sự

Tải về

Dự thảo Bản Thuyết minh quy phạm hóa chính sách của dự án bộ luật hình sự (sửa đổi)

Tải về

Dự thảo Báo cáo tổng kết việc thi hành Bộ luật hình sự

Tải về

Dự thảo Báo cáo Về rà soát các chủ trương, đường lối của Đảng, văn bản quy phạm pháp luật, điều ước quốc tế có liên quan đến chính sách trong dự án Bộ luật Hình sự sửa đổi

Tải về

Dự thảo Đánh giá tác động của chính sách trong dự án Bộ luật Hình sự sửa đổi

Tải về

Theo Dự thảo Bản Thuyết minh quy phạm hóa chính sách của dự án bộ luật hình sự (sửa đổi) thì

Sửa đổi, bổ sung quy định về không tố giác tội phạm, che dấu tội phạm theo hướng mở rộng với những người thân thích của người phạm tội như: Bố mẹ nuôi, bố mẹ vợ, bố mẹ chồng, cha dượng, mẹ kế, con nuôi, con rể, con dâu, con riêng của vợ, con riêng của chồng…

Quy định hiện hành tại Điều 19  Bộ luật Hình sự 2015  sửa đổi bởi khoản 5 Điều 1  Luật Sửa đổi Bộ luật Hình sự 2017  quy định như sau:

Điều 19. Không tố giác tội phạm

1. Người nào biết rõ tội phạm đang được chuẩn bị, đang được thực hiện hoặc đã được thực hiện mà không tố giác, thì phải chịu trách nhiệm hình sự về tội không tố giác tội phạm quy định tại Điều 390 của Bộ luật này.

2. Người không tố giác là ông, bà, cha, mẹ, con, cháu, anh chị em ruột, vợ hoặc chồng của người phạm tội không phải chịu trách nhiệm hình sự theo quy định tại khoản 1 Điều này, trừ trường hợp không tố giác các tội quy định tại Chương XIII của Bộ luật này hoặc tội khác là tội phạm đặc biệt nghiêm trọng.

[...]

Như vậy, ngoài người không tố giác là ông, bà, cha, mẹ, con, cháu, anh chị em ruột, vợ hoặc chồng của người phạm tội không phải chịu trách nhiệm hình sự thì  đề xuất sửa đổi, bổ sung quy định về không tố giác tội phạm, che dấu tội phạm theo hướng mở rộng với những người thân thích của người phạm tội như: Bố mẹ nuôi, bố mẹ vợ, bố mẹ chồng, cha dượng, mẹ kế, con nuôi, con rể, con dâu, con riêng của vợ, con riêng của chồng… , không phải chịu trách nhiệm hình sự theo quy định tại khoản 1 Điều 19  Bộ luật Hình sự 2015  trừ trường hợp không tố giác các tội quy định tại Chương XIII  Bộ luật Hình sự 2015  hoặc tội khác là tội phạm đặc biệt nghiêm trọng.

Trên đây là thông tin về ""Đề xuất mở rộng người thân thích không tố giác tội phạm không phải chịu trách nhiệm hình sự gồm những ai?"".

Đề xuất mở rộng người thân thích không tố giác tội phạm không phải chịu trách nhiệm hình sự gồm những ai? (Hình từ Internet)

Theo Điều 390  Bộ luật Hình sự 2015  sửa đổi bởi khoản 138 Điều 1  Luật Sửa đổi Bộ luật Hình sự 2017  quy định tội không tố giác tội phạm:

Điều 390. Tội không tố giác tội phạm

1. Người nào biết rõ một trong các tội phạm quy định tại khoản 2 hoặc khoản 3 Điều 14 của Bộ luật này đang được chuẩn bị hoặc một trong các tội phạm quy định tại Điều 389 của Bộ luật này đang được thực hiện hoặc đã được thực hiện mà không tố giác, nếu không thuộc trường hợp quy định tại khoản 2 và khoản 3 Điều 19 của Bộ luật này, thì bị phạt cảnh cáo, phạt cải tạo không giam giữ đến 03 năm hoặc phạt tù từ 06 tháng đến 03 năm.

2. Người không tố giác nếu đã có hành động can ngăn người phạm tội hoặc hạn chế tác hại của tội phạm, thì có thể được miễn trách nhiệm hình sự hoặc miễn hình phạt.

Theo đó, người có hành vi không tố giác tội phạm có thể bị phạt cảnh cáo, phạt cải tạo không giam giữ đến 03 năm hoặc phạt tù từ 06 tháng đến 03 năm.

Ngoài ra, người có hành vi không tố giác tội phạm có hành hành động can ngăn người phạm tội hoặc hạn chế tác hại của tội phạm, thì có thể được miễn trách nhiệm hình sự hoặc miễn hình phạt.

Theo Điều 19  Bộ luật Hình sự 2015  sửa đổi bởi khoản 5 Điều 1  Luật Sửa đổi Bộ luật Hình sự 2017  quy định cha mẹ bị xử lý hình sự khi không tố giác con phạm các tội sau:

(1) Tội phản bội Tổ quốc  quy định tại Điều 108  Bộ luật Hình sự 2015 .

(2) Tội phản bội Tổ quốc  quy định tại Điều 109  Bộ luật Hình sự 2015 .

(3) Tội gián điệp  quy định tại Điều 110  Bộ luật Hình sự 2015 .

(4) Tội xâm phạm an ninh lãnh thổ  quy định tại Điều 111  Bộ luật Hình sự 2015 .

(5) Tội bạo loạn  quy định tại Điều 112  Bộ luật Hình sự 2015  sửa đổi bởi khoản 20 Điều 1  Luật Sửa đổi Bộ luật Hình sự 2017 .

(6) Tội khủng bố nhằm chống chính quyền nhân dân  quy định tại Điều 113  Bộ luật Hình sự 2015  sửa đổi bởi khoản 21 Điều 1  Luật Sửa đổi Bộ luật Hình sự 2017

(7) Tội phá hoại cơ sở vật chất - kỹ thuật của nước Cộng hòa xã hội chủ nghĩa Việt Nam  quy định tại Điều 114  Bộ luật Hình sự 2015 .

(8) Tội phá hoại việc thực hiện các chính sách kinh tế - xã hội  quy định tại Điều 115  Bộ luật Hình sự 2015 .

(9) Tội phá hoại chính sách đoàn kết  quy định tại Điều 116  Bộ luật Hình sự 2015 .

(10) Tội làm, tàng trữ, phát tán hoặc tuyên truyền thông tin, tài liệu, vật phẩm nhằm chống Nhà nước Cộng hòa xã hội chủ nghĩa Việt Nam  quy định tại Điều 117  Bộ luật Hình sự 2015 .

(11) Tội phá rối an ninh  quy định tại Điều 118  Bộ luật Hình sự 2015 .

(12) Tội chống phá cơ sở giam giữ  quy định tại Điều 119  Bộ luật Hình sự 2015 .

(13) Tội tổ chức, cưỡng ép, xúi giục người khác trốn đi nước ngoài hoặc trốn ở lại nước ngoài nhằm chống chính quyền nhân dân  quy định tại Điều 120  Bộ luật Hình sự 2015 .

(14) Tội trốn đi nước ngoài hoặc trốn ở lại nước ngoài nhằm chống chính quyền nhân dân  quy định tại Điều 121  Bộ luật Hình sự 2015 .

(15) Và tội khác  là tội phạm đặc biệt nghiêm trọng.","trach-nhiem-hinh-su","","","","2026-04-18T11:44:00","https://thuvienphapluat.vn/hoi-dap-phap-luat/de-xuat-mo-rong-nguoi-than-thich-khong-to-giac-toi-pham-khong-phai-chiu-trach-nhiem-hinh-su-gom-nhu-138087772.html","2026-04-21T03:26:58.517576+00:00"
"138077866","Hồ sơ giải quyết tố cáo trong quản lý, thi hành tạm giữ tạm giam và cấm đi khỏi nơi cư trú bao gồm những gì từ 1/7/2026?","Căn cứ theo Điều 66  Luật Thi hành tạm giữ, tạm giam và cấm đi khỏi nơi cư trú 2025 , từ ngày 01/7/2026, việc giải quyết tố cáo trong quản lý, thi hành tạm giữ, tạm giam và cấm đi khỏi nơi cư tr phải được lập thành hồ sơ.

Thành phần hồ sơ giải quyết tố cáo trong quản lý, thi hành tạm giữ, tạm giam và cấm đi khỏi nơi cư trú bao gồm:

- Đơn tố cáo hoặc văn bản ghi nội dung tố cáo;

- Quyết định thụ lý giải quyết tố cáo;

- Biên bản xác minh, kết quả giám định, thông tin, tài liệu, chứng cứ thu thập được trong quá trình giải quyết;

- Văn bản giải trình của người bị tố cáo;

- Báo cáo kết quả xác minh nội dung tố cáo trong trường hợp người giải quyết tố cáo giao cho người khác tiến hành xác minh;

- Kết luận nội dung tố cáo;

- Quyết định xử lý;

- Tài liệu khác có liên quan.

Lưu ý: Hồ sơ giải quyết tố cáo trong quản lý, thi hành tạm giữ, tạm giam và cấm đi khỏi nơi cư trú phải được đánh số trang theo thứ tự tài liệu.

Việc lưu giữ, khai thác, sử dụng hồ sơ giải quyết tố cáo, bảo vệ bí mật thông tin của người tố cáo được thực hiện theo quy định của pháp luật.

Xem thêm

Đáp án Cuộc thi Tìm hiểu quy định Luật Thi hành tạm giữ tạm giam và cấm đi khỏi nơi cư trú năm 2025 Khánh Hòa chi tiết thế nào?

Toàn văn Luật số 128/2025/QH15 Luật Thi hành tạm giữ tạm giam và cấm khỏi nơi cư trú 2025 chi tiết thế nào ?

Hồ sơ giải quyết tố cáo trong quản lý, thi hành tạm giữ tạm giam và cấm đi khỏi nơi cư trú bao gồm những gì từ 1/7/2026? (Hình từ Internet)

Căn cứ theo khoản 4 Điều 16  Luật Thi hành tạm giữ, tạm giam và cấm đi khỏi nơi cư trú 2025  quy định như sau:

Điều 16. Phân loại và quản lý giam giữ

1. Phân loại và bố trí giam giữ:

a) Người bị tạm giữ;

b) Người bị tạm giam;

c) Người dưới 18 tuổi;

d) Phụ nữ;

đ) Người nước ngoài;

e) Người mắc bệnh truyền nhiễm nhóm A;

g) Người thực hiện hành vi phạm tội đặc biệt nghiêm trọng; tái phạm nguy hiểm;

h) Người phạm tội xâm phạm an ninh quốc gia;

i) Người bị kết án tử hình;

k) Người đang chờ chấp hành án phạt tù;

l) Người thường xuyên vi phạm nội quy của cơ sở giam giữ;

m) Người có dấu hiệu mắc bệnh tâm thần hoặc một bệnh khác làm mất khả năng nhận thức hoặc khả năng điều khiển hành vi của mình nhưng chưa được giám định, đang chờ kết quả giám định hoặc đang chờ đưa đi cơ sở bắt buộc chữa bệnh;

n) Phạm nhân phục vụ việc tạm giữ, tạm giam;

o) Phạm nhân được trích xuất để phục vụ công tác đấu tranh phòng, chống tội phạm, điều tra, truy tố, xét xử, thi hành án.

2. Không giam giữ chung buồng những người trong cùng một vụ án đang trong giai đoạn điều tra, truy tố, xét xử.

3. Trường hợp đặc biệt, do điều kiện thực tế mà cơ sở giam giữ không thể đáp ứng được yêu cầu giam giữ riêng hoặc để bảo đảm yêu cầu điều tra, truy tố, xét xử, bảo đảm an toàn cho người bị tạm giữ, người bị tạm giam, phạm nhân thì Thủ trưởng cơ sở giam giữ phối hợp với cơ quan đang thụ lý vụ án quyết định bằng văn bản những người được giam giữ chung. Việc giam giữ chung người dưới 18 tuổi với người từ đủ 18 tuổi trở lên chỉ trong trường hợp để bảo đảm an toàn cho người bị tạm giữ, người bị tạm giam là người dưới 18 tuổi.

4. Người bị tạm giữ, người bị tạm giam sau đây có thể được bố trí giam giữ ở buồng riêng:

a) Người đồng tính, người chuyển giới hoặc trường hợp vì lý do giới tính khác;

b) Người quy định tại các điểm e, i và m khoản 1 Điều này;

c) Phụ nữ có thai hoặc có con dưới 36 tháng tuổi ở cùng.

5. Trường hợp vì lý do bất khả kháng thì Thủ trưởng cơ sở giam giữ quyết định bố trí giam giữ và phải bảo đảm không để thông cung, gây khó khăn cho hoạt động điều tra, truy tố, xét xử.

Như vậy, từ ngày 01/7/2026, người bị tạm giữ có thể được bố trí giam giữ ở buồng riêng nếu thuộc các trường hợp sau:

- Người đồng tính, người chuyển giới hoặc trường hợp vì lý do giới tính khác;

- Người quy định tại các điểm e, i và m khoản 1 Điều 16  Luật Thi hành tạm giữ, tạm giam và cấm đi khỏi nơi cư trú 2025 ;

- Phụ nữ có thai hoặc có con dưới 36 tháng tuổi ở cùng.

Căn cứ theo khoản 10 Điều 2  Luật Thi hành tạm giữ, tạm giam và cấm đi khỏi nơi cư trú 2025  quy định như sau:

Điều 2. Giải thích từ ngữ

Trong Luật này, các từ ngữ dưới đây được hiểu như sau:

[...]

8. Danh bản là bản ghi thông tin tóm tắt về lý lịch, nhân dạng, ảnh chụp 03 tư thế, in dấu vân tay 02 ngón tay trỏ của người bị tạm giữ, người bị tạm giam do cơ quan có thẩm quyền lập và lưu giữ.

9. Chỉ bản là bản ghi thông tin tóm tắt về lý lịch và in dấu vân tay của tất cả các ngón tay, in bàn tay trái và in bàn tay phải của người bị tạm giữ, người bị tạm giam do cơ quan có thẩm quyền lập và lưu giữ.

10. Người thân thích của người bị tạm giữ, người bị tạm giam (sau đây gọi là người thân thích) bao gồm vợ, chồng, bố đẻ, mẹ đẻ, bố chồng, mẹ chồng, bố vợ, mẹ vợ, bố nuôi, mẹ nuôi, con đẻ, con nuôi, con dâu, con rể; ông nội, bà nội, ông ngoại, bà ngoại, anh ruột, chị ruột, em ruột, cụ nội, cụ ngoại, bác ruột, chú ruột, cậu ruột, dì ruột, cô ruột, cháu ruột, chắt ruột của họ.

Như vậy, từ ngày 01/7/2026, người thân thích của người bị tạm giữ bao gồm vợ, chồng, bố đẻ, mẹ đẻ, bố chồng, mẹ chồng, bố vợ, mẹ vợ, bố nuôi, mẹ nuôi, con đẻ, con nuôi, con dâu, con rể; ông nội, bà nội, ông ngoại, bà ngoại, anh ruột, chị ruột, em ruột, cụ nội, cụ ngoại, bác ruột, chú ruột, cậu ruột, dì ruột, cô ruột, cháu ruột, chắt ruột của họ.","trach-nhiem-hinh-su","","","","2026-04-18T09:55:00","https://thuvienphapluat.vn/hoi-dap-phap-luat/ho-so-giai-quyet-to-cao-trong-quan-ly-thi-hanh-tam-giu-tam-giam-va-cam-di-khoi-noi-cu-tru-bao-gom-n-138077866.html","2026-04-21T03:27:02.270603+00:00"
"138087380","Cơ sở giam giữ có trách nhiệm chuyển giao người bị tạm giữ, người bị tạm giam trong các trường hợp nào từ 1/7/2026?","Căn cứ theo Điều 21  Luật Thi hành tạm giữ, tạm giam và cấm đi khỏi nơi cư trú 2025 , từ ngày 01/7/2026, cơ sở giam giữ có trách nhiệm chuyển giao người bị tạm giữ, người bị tạm giam trong các trường hợp sau:

- Khi có quyết định của cơ quan quản lý tạm giữ, tạm giam điều chuyển người bị tạm giữ, người bị tạm giam đến cơ sở giam giữ khác;

- Khi có quyết định của cơ quan có thẩm quyền đưa người bị kết án phạt tù đến nơi chấp hành án;

- Khi có quyết định của Hội đồng thi hành án tử hình đưa người bị kết án tử hình đi thi hành án tử hình;

- Khi có yêu cầu bằng văn bản của cơ quan đã ra quyết định truy nã hoặc Cơ quan điều tra có thẩm quyền chuyển người bị bắt theo quyết định truy nã đến cơ sở giam giữ khác;

- Khi có quyết định dẫn độ của cơ quan có thẩm quyền.

Xem thêm

Đáp án Cuộc thi Tìm hiểu quy định Luật Thi hành tạm giữ tạm giam và cấm đi khỏi nơi cư trú năm 2025 Khánh Hòa chi tiết thế nào?

Toàn văn Luật số 128/2025/QH15 Luật Thi hành tạm giữ tạm giam và cấm khỏi nơi cư trú 2025 chi tiết thế nào ?

Cơ sở giam giữ có trách nhiệm chuyển giao người bị tạm giữ, người bị tạm giam trong các trường hợp nào từ 1/7/2026? (Hình từ Internet)

Căn cứ theo khoản 3 Điều 9  Luật Thi hành tạm giữ, tạm giam và cấm đi khỏi nơi cư trú 2025  quy định như sau:

Điều 9. Hệ thống tổ chức cơ quan thi hành tạm giữ, tạm giam và cấm đi khỏi nơi cư trú

1. Cơ quan thi hành tạm giữ, tạm giam bao gồm:

a) Trại tạm giam, phân trại tạm giam thuộc trại tạm giam Bộ Công an;

b) Trại tạm giam, phân trại tạm giam thuộc trại tạm giam Bộ Quốc phòng;

c) Trại tạm giam, phân trại tạm giam thuộc trại tạm giam Công an cấp tỉnh; trại tạm giam thuộc cấp quân khu;

d) Nhà tạm giữ thuộc Cơ quan điều tra hình sự khu vực trong Quân đội nhân dân;

đ) Buồng tạm giữ của Công an đặc khu;

e) Buồng tạm giữ của Đồn Biên phòng ở vùng sâu, vùng xa hoặc ở nơi xa các cơ sở giam giữ, của Biên phòng cửa khẩu cảng;

g) Buồng tạm giữ của Vùng Cảnh sát biển.

2. Ủy ban nhân dân cấp xã, Công an cấp xã, đơn vị quân đội được giao quản lý, theo dõi người bị cấm đi khỏi nơi cư trú là cơ quan, đơn vị được giao một số nhiệm vụ thi hành biện pháp ngăn chặn cấm đi khỏi nơi cư trú.

3. Bộ trưởng Bộ Công an quyết định thành lập, giải thể cơ sở giam giữ, quy mô của cơ sở giam giữ; ban hành nội quy của cơ sở giam giữ trong Công an nhân dân.  Bộ trưởng Bộ Quốc phòng quyết định thành lập, giải thể cơ sở giam giữ, quy mô của cơ sở giam giữ; ban hành nội quy của cơ sở giam giữ trong Quân đội nhân dân.

Như vậy, từ ngày 01/7/2026, nội quy của cơ sở giam giữ trong Công an nhân dân sẽ do  Bộ trưởng Bộ Công an  ban hành.

Căn cứ theo điểm b khoản 1 Điều 10  Luật Thi hành tạm giữ, tạm giam và cấm đi khỏi nơi cư trú 2025  quy định như sau:

Điều 10. Nhiệm vụ, quyền hạn của cơ quan quản lý tạm giữ, tạm giam và cấm đi khỏi nơi cư trú

1. Cơ quan quản lý tạm giữ, tạm giam và cấm đi khỏi nơi cư trú Bộ Công an, Bộ Quốc phòng có nhiệm vụ, quyền hạn sau đây:

a) Giúp Bộ trưởng Bộ Công an, Bộ trưởng Bộ Quốc phòng thực hiện quản lý nhà nước về tạm giữ, tạm giam và cấm đi khỏi nơi cư trú;

b) Quyết định việc điều chuyển người bị tạm giữ, người bị tạm giam giữa các cơ sở giam giữ;

c) Thực hiện nhiệm vụ, quyền hạn khác do Bộ trưởng Bộ Công an, Bộ trưởng Bộ Quốc phòng giao.

2. Cơ quan quản lý tạm giữ, tạm giam và cấm đi khỏi nơi cư trú Công an cấp tỉnh, cấp quân khu có nhiệm vụ, quyền hạn sau đây:

a) Giúp Giám đốc Công an cấp tỉnh, Thủ trưởng cấp quân khu quản lý công tác thi hành tạm giữ, tạm giam và cấm đi khỏi nơi cư trú trên địa bàn;

b) Quyết định việc điều chuyển người bị tạm giữ, người bị tạm giam giữa các cơ sở giam giữ trong phạm vi tỉnh, thành phố, quân khu và tương đương hoặc trong trường hợp khác theo quy định của Luật này;

c) Thực hiện nhiệm vụ, quyền hạn khác do Bộ trưởng Bộ Công an, Bộ trưởng Bộ Quốc phòng giao.

3. Ban chỉ huy Bộ đội Biên phòng có nhiệm vụ, quyền hạn chỉ đạo nghiệp vụ và kiểm tra công tác thi hành tạm giữ đối với buồng tạm giữ của Đồn Biên phòng, Biên phòng cửa khẩu cảng.

4. Bộ Tư lệnh Vùng Cảnh sát biển có nhiệm vụ, quyền hạn chỉ đạo nghiệp vụ và kiểm tra công tác thi hành tạm giữ đối với buồng tạm giữ của Vùng Cảnh sát biển.

Như vậy, từ ngày 01/7/2026, Cơ quan quản lý tạm giữ, tạm giam và cấm đi khỏi nơi cư trú Bộ Công an sẽ quyết định việc điều chuyển người bị tạm giam giữa các cơ sở giam giữ trong Công an nhân dân.","trach-nhiem-hinh-su","","","","2026-04-17T13:50:00","https://thuvienphapluat.vn/hoi-dap-phap-luat/co-so-giam-giu-co-trach-nhiem-chuyen-giao-nguoi-bi-tam-giu-nguoi-bi-tam-giam-trong-cac-truong-hop-n-138087380.html","2026-04-21T03:27:05.824671+00:00"
"138087547","Luật quy định như thế nào về quản lý đồ vật, tư trang, tiền, tài sản của người bị tạm giữ, tạm giam?","Xem thêm:

>>>  Toàn văn Dự thảo Nghị định hướng dẫn Luật Thi hành tạm giữ, tạm giam và cấm đi khỏi nơi cư trú chi tiết ra sao?

>>>  Toàn văn Luật số 128/2025/QH15 Luật Thi hành tạm giữ tạm giam và cấm khỏi nơi cư trú 2025 chi tiết thế nào?

Căn cứ Điều 24  Luật Thi hành tạm giữ, tạm giam và cấm đi khỏi nơi cư trú 2025 , Luật quy định về quản lý đồ vật, tư trang, tiền, tài sản của người bị tạm giữ, tạm giam như sau:

- Người bị tạm giữ, người bị tạm giam chỉ được đưa vào khu vực giam giữ đồ dùng thiết yếu cho cá nhân. Đồ vật, tư trang, tiền và tài sản khác của họ mang theo phải gửi lưu ký tại nơi quy định của cơ sở giam giữ hoặc ủy quyền cho người thân thích, người đại diện hợp pháp của họ quản lý. Những đồ vật không thể bảo quản được trong thời hạn tạm giữ, tạm giam và những đồ vật thuộc danh mục đồ vật cấm đưa vào khu vực giam giữ nếu phải hủy bỏ thì Thủ trưởng cơ sở giam giữ phải ra quyết định bằng văn bản hoặc xử lý theo quy định của pháp luật.

Khi hủy bỏ phải có sự chứng kiến của người bị tạm giữ, người bị tạm giam và phải lập biên bản về việc hủy bỏ. Nếu họ được trả tự do, chuyển nơi giam giữ khác thì đồ vật, tư trang, tiền, tài sản khác đã gửi lưu ký được trả lại; trường hợp cơ sở giam giữ làm hư hỏng hoặc mất thì phải bồi thường.

- Bộ trưởng Bộ Công an, Bộ trưởng Bộ Quốc phòng quy định danh mục đồ vật cấm đưa vào khu vực giam giữ.

Căn cứ vào danh mục đồ vật cấm đưa vào khu vực giam giữ, Thủ trưởng cơ sở giam giữ quyết định không được đưa vào khu vực giam giữ các đồ vật cụ thể có khả năng dùng để tự sát, trốn khỏi nơi giam giữ, gây thương tích hoặc gây tổn hại cho sức khỏe, tính mạng của người đó hoặc người khác.

- Người bị tạm giữ, người bị tạm giam được sử dụng tiền gửi lưu ký để mua đồ dùng thiết yếu cho sinh hoạt của họ theo quy định của Chính phủ.

* Trên đây là thông tin Luật quy định như thế nào về quản lý đồ vật, tư trang, tiền, tài sản của người bị tạm giữ, tạm giam?

Luật quy định như thế nào về quản lý đồ vật, tư trang, tiền, tài sản của người bị tạm giữ, tạm giam? (Hình từ Internet)

Căn cứ Điều 25  Luật Thi hành tạm giữ, tạm giam và cấm đi khỏi nơi cư trú 2025 , giải quyết trường hợp người bị tạm giữ, người bị tạm giam bỏ trốn như sau:

- Khi người bị tạm giữ, người bị tạm giam bỏ trốn, Thủ trưởng cơ sở giam giữ phải tổ chức truy bắt ngay, lập biên bản; đồng thời thông báo ngay cho cơ quan đang thụ lý vụ án và Viện kiểm sát có thẩm quyền phối hợp xử lý. Mọi trường hợp bỏ trốn đều phải được áp dụng các biện pháp truy bắt, điều tra, xử lý theo quy định của pháp luật.

- Người bị tạm giữ, người bị tạm giam đã bỏ trốn ra đầu thú thì cơ quan tiếp nhận lập biên bản, báo ngay cho cơ quan đang thụ lý vụ án và cơ sở giam giữ để xử lý theo quy định của pháp luật.

Căn cứ theo điểm b khoản 1 Điều 10  Luật Thi hành tạm giữ, tạm giam và cấm đi khỏi nơi cư trú 2025  quy định như sau:

Điều 10. Nhiệm vụ, quyền hạn của cơ quan quản lý tạm giữ, tạm giam và cấm đi khỏi nơi cư trú

1. Cơ quan quản lý tạm giữ, tạm giam và cấm đi khỏi nơi cư trú Bộ Công an, Bộ Quốc phòng có nhiệm vụ, quyền hạn sau đây:

a) Giúp Bộ trưởng Bộ Công an, Bộ trưởng Bộ Quốc phòng thực hiện quản lý nhà nước về tạm giữ, tạm giam và cấm đi khỏi nơi cư trú;

b) Quyết định việc điều chuyển người bị tạm giữ, người bị tạm giam giữa các cơ sở giam giữ;

c) Thực hiện nhiệm vụ, quyền hạn khác do Bộ trưởng Bộ Công an, Bộ trưởng Bộ Quốc phòng giao.

2. Cơ quan quản lý tạm giữ, tạm giam và cấm đi khỏi nơi cư trú Công an cấp tỉnh, cấp quân khu có nhiệm vụ, quyền hạn sau đây:

a) Giúp Giám đốc Công an cấp tỉnh, Thủ trưởng cấp quân khu quản lý công tác thi hành tạm giữ, tạm giam và cấm đi khỏi nơi cư trú trên địa bàn;

b) Quyết định việc điều chuyển người bị tạm giữ, người bị tạm giam giữa các cơ sở giam giữ trong phạm vi tỉnh, thành phố, quân khu và tương đương hoặc trong trường hợp khác theo quy định của Luật này;

c) Thực hiện nhiệm vụ, quyền hạn khác do Bộ trưởng Bộ Công an, Bộ trưởng Bộ Quốc phòng giao.

3. Ban chỉ huy Bộ đội Biên phòng có nhiệm vụ, quyền hạn chỉ đạo nghiệp vụ và kiểm tra công tác thi hành tạm giữ đối với buồng tạm giữ của Đồn Biên phòng, Biên phòng cửa khẩu cảng.

4. Bộ Tư lệnh Vùng Cảnh sát biển có nhiệm vụ, quyền hạn chỉ đạo nghiệp vụ và kiểm tra công tác thi hành tạm giữ đối với buồng tạm giữ của Vùng Cảnh sát biển.

Như vậy, từ ngày 01/7/2026, Cơ quan quản lý tạm giữ, tạm giam và cấm đi khỏi nơi cư trú Bộ Công an sẽ quyết định việc điều chuyển người bị tạm giam giữa các cơ sở giam giữ trong Công an nhân dân.","trach-nhiem-hinh-su","","","","2026-04-16T21:30:00","https://thuvienphapluat.vn/hoi-dap-phap-luat/luat-quy-dinh-nhu-the-nao-ve-quan-ly-do-vat-tu-trang-tien-tai-san-cua-nguoi-bi-tam-giu-tam-giam-138087547.html","2026-04-21T03:27:09.825313+00:00"
"138087001","Khi kiểm sát quản lý, thi hành tạm giữ tạm giam và cấm đi khỏi nơi cư trú, Viện kiểm sát có các nhiệm vụ, quyền hạn nào từ 1/7/2026?","Căn cứ theo khoản 2 Điều 49  Luật Thi hành tạm giữ, tạm giam và cấm đi khỏi nơi cư trú 2025 , từ ngày 01/7/2026, khi kiểm sát quản lý, thi hành tạm giữ, tạm giam và cấm đi khỏi nơi cư trú, Viện kiểm sát có các nhiệm vụ, quyền hạn sau:

- Kiểm sát tại các cơ sở giam giữ, cơ quan, đơn vị được giao một số nhiệm vụ thi hành biện pháp ngăn chặn cấm đi khỏi nơi cư trú; hỏi người bị tạm giữ, người bị tạm giam, người bị cấm đi khỏi nơi cư trú về việc tạm giữ, tạm giam, cấm đi khỏi nơi cư trú;

- Kiểm sát hồ sơ tạm giữ, tạm giam, cấm đi khỏi nơi cư trú;

- Yêu cầu Thủ trưởng cơ sở giam giữ, cơ quan, đơn vị được giao một số nhiệm vụ thi hành biện pháp ngăn chặn cấm đi khỏi nơi cư trú tự kiểm tra việc tạm giữ, tạm giam, cấm đi khỏi nơi cư trú và thông báo kết quả cho Viện kiểm sát; cung cấp hồ sơ, tài liệu có liên quan đến việc thi hành tạm giữ, tạm giam, cấm đi khỏi nơi cư trú; thông báo tình hình thi hành tạm giữ, tạm giam, cấm đi khỏi nơi cư trú; trả lời về quyết định, biện pháp hoặc hành vi vi phạm pháp luật trong việc tạm giữ, tạm giam, cấm đi khỏi nơi cư trú;

- Quyết định trả tự do ngay cho người bị tạm giữ, người bị tạm giam không có căn cứ và trái pháp luật; hủy bỏ biện pháp ngăn chặn cấm đi khỏi nơi cư trú không có căn cứ và trái pháp luật;

- Kháng nghị, kiến nghị, yêu cầu cơ quan, người có thẩm quyền trong việc tạm giữ, tạm giam, cấm đi khỏi nơi cư trú đình chỉ việc thi hành, sửa đổi hoặc bãi bỏ quyết định có vi phạm pháp luật trong quản lý, thi hành tạm giữ, tạm giam, cấm đi khỏi nơi cư trú, chấm dứt hành vi vi phạm pháp luật và yêu cầu xử lý người vi phạm pháp luật;

- Khởi tố hoặc yêu cầu Cơ quan điều tra khởi tố vụ án hình sự khi phát hiện vụ việc có dấu hiệu tội phạm trong quản lý, thi hành tạm giữ, tạm giam, cấm đi khỏi nơi cư trú theo quy định của pháp luật;

- Giải quyết khiếu nại, tố cáo và thực hiện nhiệm vụ, quyền hạn khác trong kiểm sát quản lý, thi hành tạm giữ, tạm giam, cấm đi khỏi nơi cư trú theo quy định của  Luật Thi hành tạm giữ, tạm giam và cấm đi khỏi nơi cư trú 2025 ,  Luật Tổ chức Viện kiểm sát nhân dân 2014 ,  Bộ luật Tố tụng hình sự 2015  và quy định khác của pháp luật có liên quan.

Khi kiểm sát quản lý, thi hành tạm giữ tạm giam và cấm đi khỏi nơi cư trú, Viện kiểm sát có các nhiệm vụ, quyền hạn nào từ 1/7/2026? (Hình từ Internet)

Căn cứ theo khoản 1 Điều 29  Luật Thi hành tạm giữ, tạm giam và cấm đi khỏi nơi cư trú 2025  quy định như sau:

Điều 29. Chế độ gửi, nhận thư, sách, báo và tài liệu của người bị tạm giữ, người bị tạm giam

1. Người bị tạm giữ, người bị tạm giam được gửi hoặc nhận thư, sách, báo và tài liệu khi được cơ quan đang thụ lý vụ án cho phép, trừ trường hợp quy định tại khoản 2 Điều này.

2. Người bị tạm giam đã bị kết án mà bản án đã có hiệu lực pháp luật, đang chờ thi hành án và đang không phải là bị can, bị cáo trong vụ án khác thì được gửi hoặc nhận thư, sách, báo và tài liệu.

3. Thư, sách, báo và tài liệu phải để mở và chịu sự kiểm tra, kiểm duyệt của cơ sở giam giữ.

Như vậy, từ ngày 01/7/2026, người bị tạm giữ được nhận thư khi được cơ quan đang thụ lý vụ án cho phép, ngoại trừ trường hợp quy định tại khoản 2 Điều 29 Luật Thi hành tạm giữ, tạm giam và cấm đi khỏi nơi cư trú 2025.

Căn cứ theo khoản 5 Điều 27  Luật Thi hành tạm giữ, tạm giam và cấm đi khỏi nơi cư trú 2025  quy định như sau:

Điều 27. Chế độ ăn, ở của người bị tạm giữ, người bị tạm giam

1. Người bị tạm giữ, người bị tạm giam được bảo đảm tiêu chuẩn định lượng về lương thực, thực phẩm, nguyên liệu, nhiên liệu phục vụ sinh hoạt để bảo đảm sức khỏe. Thủ trưởng cơ sở giam giữ quyết định việc hoán đổi loại lương thực, thực phẩm cho phù hợp với thực tế để bảo đảm cho người bị tạm giữ, người bị tạm giam ăn hết tiêu chuẩn. Ngoài tiêu chuẩn ăn theo quy định, người bị tạm giữ, người bị tạm giam được sử dụng tiền gửi lưu ký để ăn thêm.

Ngày lễ, tết theo quy định của pháp luật, người bị tạm giữ, người bị tạm giam được ăn thêm.

2. Người bị tạm giữ, người bị tạm giam được nhận quà của người thân thích gửi. Thủ trưởng cơ sở giam giữ tổ chức tiếp nhận, kiểm tra loại bỏ các vật thuộc danh mục đồ vật cấm đưa vào khu vực giam giữ và giao đầy đủ cho người bị tạm giữ, người bị tạm giam; kiểm tra, phòng ngừa, ngăn chặn các hành vi chiếm đoạt quà, đồ dùng cá nhân của người bị tạm giữ, người bị tạm giam. Bộ trưởng Bộ Công an, Bộ trưởng Bộ Quốc phòng quy định cụ thể về định mức và loại quà mà người thân thích của người bị tạm giữ, người bị tạm giam được phép gửi.

3. Người bị tạm giữ, người bị tạm giam được bảo đảm an toàn thực phẩm trong ăn, uống. Cơ sở giam giữ tổ chức bếp ăn và được cấp các dụng cụ cần thiết cho việc bảo quản lương thực, thực phẩm, nấu ăn, nước uống và chia đồ ăn theo khẩu phần tiêu chuẩn.

4. Cơ sở giam giữ tổ chức căng tin. Bộ trưởng Bộ Công an, Bộ trưởng Bộ Quốc phòng quy định cụ thể về danh mục hàng hóa và giá bán trong căng tin.

5. Chỗ nằm tối thiểu của mỗi người bị tạm giữ, người bị tạm giam là 02 m2, được bố trí sàn nằm và có chiếu.

6. Chính phủ quy định chi tiết các khoản 1, 3 và 5 Điều này.

Như vậy, từ ngày 01/7/2026, chỗ nằm tối thiểu của mỗi người bị tạm giữ là 02 m2, còn được bố trí sàn nằm và có chiếu.","trach-nhiem-hinh-su","","","","2026-04-16T21:00:00","https://thuvienphapluat.vn/hoi-dap-phap-luat/khi-kiem-sat-quan-ly-thi-hanh-tam-giu-tam-giam-va-cam-di-khoi-noi-cu-tru-vien-kiem-sat-co-cac-nhiem-138087001.html","2026-04-21T03:27:14.463680+00:00"
"138087375","Người tố cáo trong quản lý, thi hành tạm giữ tạm giam và cấm đi khỏi nơi cư trú có quyền gì từ 1/7/2026?","Căn cứ theo khoản 1 Điều 64  Luật Thi hành tạm giữ, tạm giam và cấm đi khỏi nơi cư trú 2025 ,  từ ngày 01/7/2026, người tố cáo trong quản lý, thi hành tạm giữ tạm giam và cấm đi khỏi nơi cư trú có các quyền sau:

- Gửi đơn hoặc trực tiếp tố cáo với cơ quan, người có thẩm quyền;

- Yêu cầu giữ bí mật họ tên, địa chỉ, bút tích của mình;

- Yêu cầu được thông báo kết quả giải quyết tố cáo;

- Yêu cầu cơ quan có thẩm quyền bảo vệ khi bị đe dọa, trả thù.

Bên cạnh đó, người tố cáo trong quản lý, thi hành tạm giữ tạm giam và cấm đi khỏi nơi cư trú có các nghĩa vụ sau:

- Trình bày trung thực về nội dung tố cáo;

- Nêu rõ họ tên, địa chỉ của mình;

- Chịu trách nhiệm trước pháp luật về việc tố cáo sai sự thật.

Xem thêm:

Toàn văn Dự thảo Nghị định hướng dẫn Luật Thi hành tạm giữ, tạm giam và cấm đi khỏi nơi cư trú chi tiết ra sao?

Toàn văn Luật số 128/2025/QH15 Luật Thi hành tạm giữ tạm giam và cấm khỏi nơi cư trú 2025 chi tiết thế nào?

Người tố cáo trong quản lý, thi hành tạm giữ tạm giam và cấm đi khỏi nơi cư trú có quyền gì từ 1/7/2026? (Hình từ Internet)

Căn cứ theo khoản 2 Điều 67  Luật Thi hành tạm giữ, tạm giam và cấm đi khỏi nơi cư trú 2025  quy định về thẩm quyền, thủ tục, thời hạn giải quyết tố cáo trong quản lý, thi hành tạm giữ, tạm giam và cấm đi khỏi nơi cư trú như sau:

Điều 67. Thẩm quyền, thủ tục, thời hạn giải quyết tố cáo trong quản lý, thi hành tạm giữ, tạm giam và cấm đi khỏi nơi cư trú

1. Thẩm quyền, thủ tục giải quyết tố cáo của Viện kiểm sát được thực hiện theo quy định của Luật Tổ chức Viện kiểm sát nhân dân.

2. Thời hạn giải quyết tố cáo là 60 ngày kể từ ngày thụ lý; đối với vụ việc phức tạp thì thời hạn giải quyết tố cáo có thể dài hơn, nhưng không quá 90 ngày.

3. Tố cáo về hành vi vi phạm pháp luật có dấu hiệu tội phạm được giải quyết theo quy định của Bộ luật Tố tụng hình sự.

Như vậy, từ ngày 01/7/2026, thời hạn giải quyết tố cáo trong quản lý, thi hành tạm giữ tạm giam và cấm đi khỏi nơi cư trú là 60 ngày kể từ ngày thụ lý.

Đối với vụ việc phức tạp thì thời hạn giải quyết tố cáo có thể dài hơn, nhưng không quá 90 ngày.

Căn cứ theo Điều 69  Luật Thi hành tạm giữ, tạm giam và cấm đi khỏi nơi cư trú 2025 , từ ngày 01/7/2026, nội dung quản lý nhà nước về thi hành tạm giữ, tạm giam và cấm đi khỏi nơi cư trú bao gồm:

- Ban hành theo thẩm quyền hoặc trình cơ quan có thẩm quyền ban hành văn bản quy phạm pháp luật về thi hành tạm giữ, tạm giam và cấm đi khỏi nơi cư trú; tổ chức thực hiện pháp luật về thi hành tạm giữ, tạm giam và cấm đi khỏi nơi cư trú.

- Chỉ đạo nghiệp vụ, hướng dẫn việc áp dụng thống nhất các quy định của pháp luật về thi hành tạm giữ, tạm giam và cấm đi khỏi nơi cư trú.

- Đình chỉ, bãi bỏ theo thẩm quyền hoặc kiến nghị cấp có thẩm quyền bãi bỏ quy định về thi hành tạm giữ, tạm giam và cấm đi khỏi nơi cư trú trái với quy định của Luật này.

- Quyết định phân bổ kinh phí, bảo đảm điều kiện cho hoạt động quản lý, thi hành tạm giữ, tạm giam và cấm đi khỏi nơi cư trú.

- Xây dựng, quản lý Cơ sở dữ liệu về thi hành tạm giữ, tạm giam và cấm đi khỏi nơi cư trú.

- Thống kê về thi hành tạm giữ, tạm giam và cấm đi khỏi nơi cư trú; báo cáo Quốc hội về quản lý, thi hành tạm giữ, tạm giam và cấm đi khỏi nơi cư trú.

- Kiểm tra, thanh tra, khen thưởng, xử lý vi phạm pháp luật về quản lý, thi hành tạm giữ, tạm giam và cấm đi khỏi nơi cư trú.

- Quản lý hệ thống tổ chức, biên chế, nhân lực; đào tạo, huấn luyện, bồi dưỡng nghiệp vụ về quản lý, thi hành tạm giữ, tạm giam và cấm đi khỏi nơi cư trú.

- Tổ chức sơ kết, tổng kết, nghiên cứu khoa học về quản lý, thi hành tạm giữ, tạm giam và cấm đi khỏi nơi cư trú.

- Hợp tác quốc tế trong lĩnh vực quản lý, thi hành tạm giữ, tạm giam và cấm đi khỏi nơi cư trú.","trach-nhiem-hinh-su","","","","2026-04-16T20:20:00","https://thuvienphapluat.vn/hoi-dap-phap-luat/nguoi-to-cao-trong-quan-ly-thi-hanh-tam-giu-tam-giam-va-cam-di-khoi-noi-cu-tru-co-quyen-gi-tu-17202-138087375.html","2026-04-21T03:27:22.374499+00:00"
"138087029","Ngay sau khi ra lệnh cấm đi khỏi nơi cư trú, người ra lệnh phải gửi lệnh cấm đi khỏi nơi cư trú cho các cơ quan, đơn vị, cá nhân nào từ 1/7/2026?","Căn cứ theo khoản 1 Điều 38  Luật Thi hành tạm giữ, tạm giam và cấm đi khỏi nơi cư trú 2025  quy định như sau:

Điều 38. Gửi lệnh cấm đi khỏi nơi cư trú và phổ biến quyền, nghĩa vụ cho người bị cấm đi khỏi nơi cư trú

1. Ngay sau khi ra lệnh cấm đi khỏi nơi cư trú, người ra lệnh phải gửi lệnh đó cho các cơ quan, đơn vị, cá nhân sau đây:

a) Cơ sở giam giữ trong trường hợp người bị cấm đi khỏi nơi cư trú đang bị tạm giữ, tạm giam;

b) Trưởng Công an cấp xã nơi người bị cấm đi khỏi nơi cư trú đang cư trú, đơn vị quân đội được giao quản lý, theo dõi người bị cấm đi khỏi nơi cư trú;

c) Cơ quan quản lý tạm giữ, tạm giam và cấm đi khỏi nơi cư trú Công an cấp tỉnh, cấp quân khu.

2. Người ra lệnh cấm đi khỏi nơi cư trú có trách nhiệm phổ biến quyền và nghĩa vụ cho người bị cấm đi khỏi nơi cư trú khi giao lệnh cấm đi khỏi nơi cư trú cho người đó.

Như vậy, từ ngày 01/7/2026, ngay sau khi ra lệnh cấm đi khỏi nơi cư trú người ra lệnh phải gửi lệnh cấm đi khỏi nơi cư trú cho:

- Cơ sở giam giữ trong trường hợp người bị cấm đi khỏi nơi cư trú đang bị tạm giữ, tạm giam;

- Trưởng Công an cấp xã nơi người bị cấm đi khỏi nơi cư trú đang cư trú, đơn vị quân đội được giao quản lý, theo dõi người bị cấm đi khỏi nơi cư trú;

- Cơ quan quản lý tạm giữ, tạm giam và cấm đi khỏi nơi cư trú Công an cấp tỉnh, cấp quân khu.

Xem thêm

Đáp án Cuộc thi Tìm hiểu quy định Luật Thi hành tạm giữ tạm giam và cấm đi khỏi nơi cư trú năm 2025 Khánh Hòa chi tiết thế nào?

Toàn văn Luật số 128/2025/QH15 Luật Thi hành tạm giữ tạm giam và cấm khỏi nơi cư trú 2025 chi tiết thế nào ?

Ngay sau khi ra lệnh cấm đi khỏi nơi cư trú, người ra lệnh phải gửi lệnh cấm đi khỏi nơi cư trú cho các cơ quan, đơn vị, cá nhân nào từ 1/7/2026? (Hình từ Internet)

Căn cứ theo khoản 1 Điều 41  Luật Thi hành tạm giữ, tạm giam và cấm đi khỏi nơi cư trú 2025 , từ ngày 01/7/2026, người bị cấm đi khỏi nơi cư trú có quyền sau đây:

- Được đi khỏi nơi cư trú vì lý do bất khả kháng hoặc do trở ngại khách quan; trường hợp đi khỏi nơi cư trú vì lý do chính đáng khác thì phải được cơ quan có thẩm quyền cho phép;

- Được thay đổi nơi cư trú, làm việc, lao động hoặc học tập ra ngoài phạm vi nơi cư trú khi được cơ quan có thẩm quyền cho phép; trường hợp thay đổi nơi cư trú, làm việc, lao động hoặc học tập trong phạm vi nơi cư trú thì phải báo cáo cơ quan có thẩm quyền;

- Được khiếu nại, tố cáo hành vi vi phạm pháp luật;

- Được hưởng các quyền khác theo quy định của pháp luật.

Căn cứ theo khoản 2 Điều 41  Luật Thi hành tạm giữ, tạm giam và cấm đi khỏi nơi cư trú 2025 , từ ngày 01/7/2026, người bị cấm đi khỏi nơi cư trú có nghĩa vụ sau đây:

- Trình diện Trưởng Công an cấp xã nơi người bị cấm đi khỏi nơi cư trú đang cư trú, đơn vị quân đội đang quản lý, theo dõi người bị cấm đi khỏi nơi cư trú;

- Chấp hành nghiêm chỉnh cam kết tuân thủ pháp luật, thực hiện đầy đủ nghĩa vụ công dân, nội quy, quy chế của nơi cư trú, nơi làm việc;

- Chịu sự quản lý, theo dõi của Trưởng Công an cấp xã nơi người bị cấm đi khỏi nơi cư trú đang cư trú, đơn vị quân đội đang quản lý, theo dõi người bị cấm đi khỏi nơi cư trú;

- Không đi khỏi phạm vi địa bàn xã, phường, đặc khu hoặc phạm vi địa bàn do đơn vị quân đội quản lý theo lệnh cấm đi khỏi nơi cư trú của người có thẩm quyền, trừ trường hợp quy định tại điểm a khoản 1 Điều 41  Luật Thi hành tạm giữ, tạm giam và cấm đi khỏi nơi cư trú 2025 ;

- Có mặt theo yêu cầu của Trưởng Công an cấp xã nơi người bị cấm đi khỏi nơi cư trú đang cư trú hoặc người đứng đầu đơn vị quân đội đang quản lý, theo dõi;

- Phải làm giấy cam đoan và thực hiện các nghĩa vụ đã cam đoan theo quy định của  Bộ luật Tố tụng hình sự 2015 ;

- Không thực hiện hành vi vi phạm pháp luật theo quy định của pháp luật về xử lý vi phạm hành chính và pháp luật về hình sự.","trach-nhiem-hinh-su","","","","2026-04-16T17:30:00","https://thuvienphapluat.vn/hoi-dap-phap-luat/ngay-sau-khi-ra-lenh-cam-di-khoi-noi-cu-tru-nguoi-ra-lenh-phai-gui-lenh-cam-di-khoi-noi-cu-tru-cho--138087029.html","2026-04-21T03:27:26.572343+00:00"
"138087459","Mẫu thông báo về việc tiếp nhận nguồn tin về tội phạm mới nhất 2026 như thế nào?","Theo đó, mẫu thông báo về việc tiếp nhận nguồn tin về tội phạm mới nhất 2026 là mẫu số 02 ban hành kèm theo  Thông tư 119/2021/TT-BCA . Mẫu thông báo về việc tiếp nhận nguồn tin về tội phạm mới nhất 2026 như sau:

Tải Mẫu thông báo về việc tiếp nhận nguồn tin về tội phạm mới nhất 2026 tại đây.   Tải về

>>> Xem thêm:  Người phải chịu trách nhiệm hình sự về tội phạm rất nghiêm trọng có độ tuổi bao nhiêu?

>>> Xem thêm:  Mẫu đơn tố giác tội phạm mới nhất 2026 là mẫu nào?

Mẫu thông báo về việc tiếp nhận nguồn tin về tội phạm mới nhất 2026 như thế nào? (Hình từ Internet)

Căn cứ tại Điều 144  Bộ luật Tố tụng hình sự 2015  quy định về tố giác, tin báo về tội phạm, kiến nghị khởi tố như sau:

Điều 144. Tố giác, tin báo về tội phạm, kiến nghị khởi tố

1. Tố giác về tội phạm là việc cá nhân phát hiện và tố cáo hành vi có dấu hiệu tội phạm với cơ quan có thẩm quyền.

2. Tin báo về tội phạm là thông tin về vụ việc có dấu hiệu tội phạm do cơ quan, tổ chức, cá nhân thông báo với cơ quan có thẩm quyền hoặc thông tin về tội phạm trên phương tiện thông tin đại chúng.

3. Kiến nghị khởi tố là việc cơ quan nhà nước có thẩm quyền kiến nghị bằng văn bản và gửi kèm theo chứng cứ, tài liệu liên quan cho Cơ quan điều tra, Viện kiểm sát có thẩm quyền xem xét, xử lý vụ việc có dấu hiệu tội phạm.

4. Tố giác, tin báo về tội phạm có thể bằng lời hoặc bằng văn bản.

5. Người nào cố ý tố giác, báo tin về tội phạm sai sự thật thì tuỳ tính chất, mức độ vi phạm mà bị xử lý kỷ luật, xử phạt vi phạm hành chính hoặc bị truy cứu trách nhiệm hình sự theo quy định của luật.

Như vậy, tố giác, tin báo về tội phạm có thể bằng lời.

Theo Điều 146  Bộ luật Tố tụng hình sự 2015  sửa đổi bởi khoản 1 Điều 1  Luật sửa đổi bổ sung một số Điều của Bộ luật Tố tụng hình sự 2021 ; sửa đổi bởi khoản 56 Điều 1  Luật sửa đổi Bộ luật Tố tụng hình sự 2025  quy định thủ tục tiếp nhận tố giác, tin báo về tội phạm, kiến nghị khởi tố được thực hiện như sau:

[1] Khi cơ quan, tổ chức, cá nhân trực tiếp tố giác, báo tin về tội phạm, kiến nghị khởi tố thì Cơ quan điều tra, Viện kiểm sát, cơ quan được giao nhiệm vụ tiến hành một số hoạt động điều tra có thẩm quyền quy định tại khoản 2 Điều 145  Bộ luật Tố tụng hình sự 2015  phải lập biên bản tiếp nhận và ghi vào sổ tiếp nhận; có thể ghi âm hoặc ghi hình có âm thanh việc tiếp nhận.

Trường hợp tố giác, tin báo về tội phạm, kiến nghị khởi tố gửi qua dịch vụ bưu chính, điện thoại hoặc qua phương tiện thông tin khác thì ghi vào sổ tiếp nhận.

[2] Trường hợp phát hiện tố giác, tin báo về tội phạm, kiến nghị khởi tố không thuộc thẩm quyền giải quyết của mình thì Cơ quan điều tra, cơ quan được giao nhiệm vụ tiến hành một số hoạt động điều tra có trách nhiệm chuyển ngay tố giác, tin báo về tội phạm, kiến nghị khởi tố kèm theo tài liệu có liên quan đã tiếp nhận cho Cơ quan điều tra có thẩm quyền.

Viện kiểm sát có trách nhiệm chuyển ngay tố giác, tin báo về tội phạm, kiến nghị khởi tố kèm theo tài liệu có liên quan đã tiếp nhận cho Cơ quan điều tra có thẩm quyền.

Trường hợp quy định tại điểm c khoản 3 Điều 145  Bộ luật Tố tụng hình sự 2015  thì trong thời hạn 05 ngày kể từ ngày Viện kiểm sát có yêu cầu, cơ quan có thẩm quyền đang thụ lý, giải quyết tố giác, tin báo về tội phạm, kiến nghị khởi tố đó phải chuyển hồ sơ có liên quan cho Viện kiểm sát để xem xét, giải quyết.

[3] Công an cấp xã có trách nhiệm tiếp nhận tố giác, tin báo về tội phạm, lập biên bản tiếp nhận, tiến hành kiểm tra, xác minh sơ bộ và chuyển ngay tố giác, tin báo về tội phạm kèm theo tài liệu, đồ vật có liên quan cho Cơ quan điều tra có thẩm quyền.

[4] Các cơ quan, tổ chức khác sau khi nhận được tố giác, tin báo về tội phạm thì chuyển ngay cho Cơ quan điều tra có thẩm quyền. Trường hợp khẩn cấp thì có thể báo tin trực tiếp qua điện thoại hoặc hình thức khác cho Cơ quan điều tra nhưng sau đó phải thể hiện bằng văn bản.

[5] Trong thời hạn 03 ngày kể từ ngày tiếp nhận tố giác, tin báo về tội phạm, kiến nghị khởi tố, Cơ quan điều tra, cơ quan được giao nhiệm vụ tiến hành một số hoạt động điều tra có trách nhiệm thông báo bằng văn bản về việc tiếp nhận đó cho Viện kiểm sát có thẩm quyền.","trach-nhiem-hinh-su","","","","2026-04-16T16:10:00","https://thuvienphapluat.vn/hoi-dap-phap-luat/mau-thong-bao-ve-viec-tiep-nhan-nguon-tin-ve-toi-pham-moi-nhat-2026-nhu-the-nao-138087459.html","2026-04-21T03:27:30.269481+00:00"
"138087422","Điều kiện đặc xá 2026 là gì?","Tại Mục 2  Hướng dẫn 33/HD-HĐTVĐX năm 2026 , về một số quy định tại Điều 3 Quyết định về đặc xá năm 2026, Hội đồng tư vấn đặc xá hướng dẫn về điều kiện đặc xá 2026 như sau:

(1) Quy định tại điểm a khoản 1 Điều 3 Quyết định về đặc xá năm 2026 là quy định tại điểm b khoản 2 Điều 2 Luật sửa đổi, bổ sung một số điều của Bộ luật Hình sự và khoản 1 Điều 4  Nghị định 52/2019/NĐ-CP .

Theo quy định tại điểm c, điểm e khoản 1 Điều 18  Nghị định 118/2024/NĐ-CP  thì xếp loại chấp hành án phạt tù quý I vào ngày cuối cùng của tháng 2. Do đó, tính đến thời điểm các trại giam, trại tạm giam họp xét, đề nghị đặc xá, phạm nhân phải có các quý đã đủ thời gian xếp loại được xếp loại khá hoặc tốt đối với từng mức án và thời gian tiếp theo từ ngày 01 tháng 3 đến ngày Hội đồng họp xét, đề nghị đặc xá của trại giam, trại tạm giam được nhận xét, đánh giá kết quả chấp hành án phạt tù khá hoặc tốt.

Đối với phạm nhân được tạm đình chỉ chấp hành án phạt tù hoặc bị áp dụng biện pháp tư pháp bắt buộc chữa bệnh đã trở lại trại giam, trại tạm giam, để tiếp tục chấp hành án, ngoài các quý đã đủ thời gian xếp loại đối với từng mức án trong thời gian chấp hành án phạt tù được xếp loại khá hoặc tốt còn phải được Ủy ban nhân dân cấp xã nơi cư trú, đơn vị quân đội được giao quản lý trong thời gian được tạm đình chỉ hoặc cơ sở y tế điều trị trong thời gian bị áp dụng biện pháp tư pháp bắt buộc chữa bệnh xác nhận là trong thời gian được tạm đình chỉ hoặc bị áp dụng biện pháp tư pháp bắt buộc chữa bệnh đã chấp hành nghiêm chỉnh các quy định của pháp luật và quy định của cơ sở y tế.

(2) Thời gian đã chấp hành án phạt tù là thời gian bị tạm giữ, tạm giam, chấp hành án phạt tù trong trại giam, trại tạm giam, không kể thời gian được tại ngoại, được hoãn, tạm đình chỉ và thời gian được giảm thời hạn chấp hành án phạt tù. Thời gian bị áp dụng biện pháp bắt buộc chữa bệnh trong giai đoạn điều tra, truy tố, xét xử, thi hành án cũng được tính vào thời gian đã chấp hành án phạt tù.

Thời gian được giảm thời hạn chấp hành án phạt tù được tính để trừ vào phần thời hạn chấp hành án phạt tù còn lại. Ví dụ: Nguyễn Văn A bị kết án 12 năm tù, bị bắt ngày 31/5/2017, tính đến ngày 31/5/2026, Nguyễn Văn A đã thực sự chấp hành được 9 năm, đã được giảm thời hạn chấp hành án phạt tù 03 lần, tổng cộng là 02 năm, thì thời hạn chấp hành án phạt tù còn lại là 01 năm.

(3) Đối với quy định về thực hiện hình phạt bổ sung là phạt tiền, nộp án phí, thi hành nghĩa vụ trả lại tài sản, bồi thường thiệt hại, nghĩa vụ dân sự khác:

- Phạm nhân hoặc người đang được tạm đình chỉ chấp hành án phạt tù chưa thực hiện xong hình phạt bổ sung là phạt tiền hoặc nộp án phí nhưng được Toà án quyết định miễn hình phạt tiền, miễn nộp án phí thì cũng đủ điều kiện quy định tại điểm c khoản 1 Điều 3 Quyết định về đặc xá năm 2026.

- Phạm nhân hoặc người đang được tạm đình chỉ chấp hành án phạt tù đã thi hành xong nghĩa vụ trả lại tài sản, bồi thường thiệt hại, nghĩa vụ dân sự khác quy định tại điểm đ khoản 1 Điều 3 Quyết định về đặc xá năm 2026 là một trong các trường hợp được quy định tại khoản 2 Điều 4 Nghị định số 52. Ngoài ra, một số trường hợp sau cũng được coi là đã thi hành xong bồi thường thiệt hại, nghĩa vụ dân sự khác:

+ Trường hợp phải thực hiện nghĩa vụ cấp dưỡng thì phải thực hiện xong hoàn toàn nghĩa vụ cấp dưỡng theo bản án, quyết định của Tòa án hoặc đã thực hiện nghĩa vụ cấp dưỡng 01 lần, được Ủy ban nhân dân cấp xã nơi cư trú hoặc cơ quan thi hành án dân sự đang thụ lý vụ việc đó xác nhận. Nếu mới thực hiện được một phần nghĩa vụ cấp dưỡng hoặc chưa thực hiện nghĩa vụ cấp dưỡng nhưng có thỏa thuận, xác nhận của đại diện hợp pháp của người bị hại hoặc của người được nhận cấp dưỡng về việc không phải tiếp tục thực hiện hoặc không phải thực hiện nghĩa vụ cấp dưỡng theo bản án, quyết định của Tòa án và được Ủy ban nhân dân cấp xã nơi cư trú hoặc cơ quan thi hành án dân sự đang thụ lý vụ việc đó xác nhận thì cũng được coi là đã thực hiện xong nghĩa vụ cấp dưỡng.

+ Trường hợp khi phạm tội là người dưới 18 tuổi quy định tại điểm d khoản 3 Điều 3 Quyết định về đặc xá năm 2026 mà trong bản án, quyết định của Tòa án giao trách nhiệm thi hành bồi thường thiệt hại, nghĩa vụ dân sự khác cho bố, mẹ hoặc người đại diện hợp pháp thì phải có tài liệu để chứng minh bố, mẹ hoặc người đại diện hợp pháp đã thi hành xong bồi thường thiệt hại hoặc nghĩa vụ dân sự khác, gồm: Các biên lai, hóa đơn, chứng từ thể hiện việc này hoặc Quyết định đình chỉ thi hành án của Thủ trưởng cơ quan thi hành án dân sự có thẩm quyền hoặc văn bản thỏa thuận của người được thi hành án hoặc đại diện hợp pháp của người đó về việc không phải thi hành bồi thường thiệt hại, nghĩa vụ dân sự khác theo bản án, Quyết định của Toà án được Ủy ban nhân dân cấp xã nơi cư trú hoặc cơ quan thi hành án dân sự đang thụ lý vụ việc đó xác nhận hoặc các văn bản, tài liệu khác thể hiện việc này.

- Trường hợp người bị kết án phạt tù đã thi hành được một phần nghĩa vụ trả lại tài sản, bôi thường thiệt hại, nghĩa vụ dân sự khác nhưng do lâm vào hoàn cảnh kinh tế đặc biệt khó khăn thuộc trường hợp chưa có điều kiện thi hành tiếp phần còn lại theo quy định của pháp luật về thi hành án dân sự quy định tại điểm đ khoản 1 Điều 3 Quyết định về đặc xá năm 2026 là trường hợp quy định tại khoản 3 Điều 4 Nghị định 52.

(4) Đối với quy định khi được đặc xá không làm ảnh hưởng xấu đến an ninh, trật tự tại điểm e khoản 1 Điều 3 Quyết định về đặc xá năm 2026, cần căn cứ vào các tiêu chí sau đây:

- Nhân thân (quan hệ gia đình, quan hệ xã hội, lịch sử bản thân, tiền án, tiền sự), hoàn cảnh gia đình của phạm nhân, nguy cơ gây ảnh hưởng đến công tác bảo đảm an ninh, trật tự và đấu tranh phòng, chống tội phạm ở địa phương.

- Nếu được đặc xá có thể gây khiếu kiện đông người, biểu tình, gây rối để các thế lực thù địch lợi dụng, lôi kéo, kích động chống phá chính quyền, xuyên tạc đường lối của Đảng, chính sách, pháp luật của Nhà nước.

- Hành vi phạm tội trước đây nếu được đặc xá sẽ gây hoang mang, lo sợ hoặc phẫn nộ trong nhân dân.

- Hành vi phạm tội trước đây nếu được đặc xá sẽ gây khó khăn trong việc thực hiện đường lối của Đảng, chính sách, pháp luật của Nhà nước.

Khi xét, đề nghị đặc xá, Hội đồng xét, đề nghị đặc xá của trại giam, trại tạm giam, tổ thẩm định liên ngành, thành viên Hội đồng tư vấn đặc xá căn cứ quá trình chấp hành án phạt tù, tài liệu có trong hồ sơ để đánh giá, nhận định việc nếu phạm nhân được đặc xá có thể ảnh hưởng xấu đến an ninh, trật tự hay không.

Sau khi có kết quả họp của Hội đồng xét, đề nghị đặc xá, các trại giam, trại tạm giam gửi danh sách phạm nhân đủ điều kiện được đề nghị đặc xá về Cơ quan Thường trực Hội đồng tư vấn đặc xá để tổng hợp và đề nghị Công an các địa phương xác minh yếu tối ảnh hưởng đến an ninh, trật tự. Căn cứ kết quả xác minh của Công an các địa phương, Cơ quan Thường trực Hội đồng tư vấn đặc xá tổng hợp, đề xuất Hội đồng tư vấn đặc xá xem xét, quyết định tại phiên họp Hội đồng tư vấn đặc xá.

(5) Trường hợp đã lập công lớn trong thời gian chấp hành án phạt tù, đang mắc bệnh hiểm nghèo, đang ốm đau thường xuyên mà không tự phục vụ bản thân, có hoàn cảnh gia đình đặc biệt khó khăn và bản thân là lao động duy nhất trong gia đình quy định tại khoản 3 Điều 3 Quyết định về đặc xá năm 2026 là các trường hợp được quy định tại khoản 4, khoản 5, khoản 6, khoản 7 Điều 4 Nghị định 52.

Trên đây là thông tin ""Điều kiện đặc xá 2026 là gì?""

Điều kiện đặc xá 2026 là gì? (Hình từ Internet)

Tại Điều 5  Luật Đặc xá 2018  quy định về các thời điểm đặc xá như sau:

Điều 5. Thời điểm đặc xá

1. Chủ tịch nước xem xét, quyết định về đặc xá nhân sự kiện trọng đại, ngày lễ lớn của đất nước.

2. Chủ tịch nước xem xét, quyết định đặc xá trong trường hợp đặc biệt để đáp ứng yêu cầu đối nội, đối ngoại của Nhà nước mà không phụ thuộc vào thời điểm quy định tại khoản 1 Điều này.

Như vậy, nhân sự kiện trọng đại, ngày lễ lớn của đất nước, Chủ tịch nước xem xét, quyết định về đặc xá.

Tại khoản 1 Điều 3  Luật Đặc xá 2018  có quy định như sau:

Đặc xá là sự khoan hồng đặc biệt của Nhà nước do Chủ tịch nước quyết định tha tù trước thời hạn cho người bị kết án phạt tù có thời hạn, tù chung thân nhân sự kiện trọng đại, ngày lễ lớn của đất nước hoặc trong trường hợp đặc biệt.

Trên đây là thông tin ""Điều kiện đặc xá 2026 là gì?""","trach-nhiem-hinh-su","","","","2026-04-15T18:00:00","https://thuvienphapluat.vn/hoi-dap-phap-luat/dieu-kien-dac-xa-2026-la-gi-138087422.html","2026-04-21T03:27:33.843373+00:00"
"138087453","Tha người được đặc xá vào ngày 1/6/2026 đúng không?","Tại Mục 5  Hướng dẫn 33/HD-HĐTVĐX năm 2026  hướng dẫn về Tha người được đặc xá như sau:

V. THỨC THỰC HIỆN

[...]

2. Thời gian thực hiện

a) Từ ngày 22/4/2026 đến ngày 02/5/2026, các Tổ thẩm định liên ngành đến trực tiếp các đơn vị, địa phương để kiểm tra, thẩm định hồ sơ, danh sách đề nghị xét đặc xá.

b) Từ ngày 26/4/2026 đến ngày 10/5/2026, Thường trực Hội đồng tư vấn đặc xá tổng hợp hồ sơ, danh sách chuyển đến các thành viên Hội đồng tư vấn đặc xá nghiên cứu, thẩm tra.

c) Từ ngày 10/5/2026 đến ngày 20/5/2026, Thường trực Hội đồng tư vấn đặc xá, Tòa án nhân dân tối cao tổng hợp ý kiến của các thành viên Hội đồng tư vẫn đặc xá và chuẩn bị hồ sơ, danh sách người đủ điều kiện đề nghị đặc xá, danh sách người không đủ điều kiện đề nghị đặc xá để trình Hội đồng tư vấn họp xét duyệt.

d) Từ ngày 24/5/2026 đến ngày 26/5/2026, Hội đồng tư vấn đặc xá họp xét duyệt danh sách đặc xá.

đ) Từ ngày 27/5/2026 đến ngày 28/5/2026, Thường trực Hội đồng tư vấn đặc xá tổng hợp, hoàn chỉnh danh sách đặc xá trình Chủ tịch nước quyết định.

e) Tổ chức họp báo công bố Quyết định đặc xá của Chủ tịch nước vào ngày 30/5/2026.

g) Tổ chức tha người được đặc xá theo Quyết định của Chủ tịch nước vào ngày 01/6/2026.

Như vậy, vào ngày 01/6/2026 sẽ tổ chức tha người được đặc xá theo Quyết định của Chủ tịch nước.

Tha người được đặc xá vào ngày 1/6/2026 đúng không? (Hình từ Internet)

Tại Điều 8  Luật Đặc xá 2018  quy định về trình tự, thủ tục trình Chủ tịch nước ban hành Quyết định về đặc xá như sau:

Điều 8. Trình tự, thủ tục trình Chủ tịch nước ban hành Quyết định về đặc xá

Theo yêu cầu của Chủ tịch nước hoặc trong trường hợp Chính phủ đề nghị đặc xá được Chủ tịch nước chấp nhận, Chính phủ chủ trì, phối hợp với Tòa án nhân dân tối cao, Viện kiểm sát nhân dân tối cao và các cơ quan có liên quan nghiên cứu, xây dựng tờ trình của Chính phủ và dự thảo Quyết định về đặc xá. Tờ trình và dự thảo Quyết định về đặc xá phải được trình Chủ tịch nước chậm nhất là 60 ngày trước thời điểm đặc xá để Chủ tịch nước xem xét, ban hành Quyết định về đặc xá.

Như vậy, Chủ tịch nước là người có thẩm quyền quyết định đặc xá.

Tại Điều 18  Luật Đặc xá 2018  được sửa đổi bởi khoản 2 Điều 2  Luật sửa đổi Bộ luật Hình sự 2025  có quy định về thực hiện Quyết định đặc xá như sau:

Điều 18. Thực hiện Quyết định đặc xá

1. Văn phòng Chủ tịch nước chủ trì, phối hợp với các cơ quan có liên quan tổ chức công bố Quyết định đặc xá. Quyết định đặc xá được thông báo trên phương tiện thông tin đại chúng.

Quyết định đặc xá và danh sách người được đặc xá được niêm yết tại trại giam, trại tạm giam nơi người được đặc xá đang chấp hành án và thông báo bằng văn bản đến Ủy ban nhân dân cấp xã, đơn vị quân đội nơi người đó về cư trú, làm việc; trường hợp người được đặc xá là người đang được tạm đình chỉ chấp hành án phạt tù thì thông báo bằng văn bản đến Ủy ban nhân dân cấp xã nơi người đó cư trú hoặc đơn vị quân đội được giao quản lý người đó.

2. Giám thị trại giam, Giám thị trại tạm giam, Thủ trưởng cơ quan thi hành án hình sự cấp quân khu, Chánh án Tòa án nhân dân cấp tỉnh, Chánh án Tòa án quân sự cấp quân khu tổ chức công bố và thực hiện Quyết định đặc xá đối với người được đặc xá.

3. Giám thị trại giam, Giám thị trại tạm giam thuộc Bộ Công an, Bộ Quốc phòng; Giám thị trại giam thuộc quân khu cấp chứng nhận đặc xá cho người đang chấp hành án phạt tù tại trại giam, trại tạm giam được đặc xá.

Thủ trưởng cơ quan thi hành án hình sự Công an cấp tỉnh cấp chứng nhận đặc xá cho người đang chấp hành án phạt tù tại trại tạm giam Công an cấp tỉnh được đặc xá.

Thủ trưởng cơ quan thi hành án hình sự cấp quân khu cấp chứng nhận đặc xá cho người đang chấp hành án phạt tù tại trại tạm giam cấp quân khu được đặc xá.

Chánh án Tòa án nhân dân cấp tỉnh, Chánh án Tòa án quân sự cấp quân khu cấp chứng nhận đặc xá cho người đang được tạm đình chỉ chấp hành án phạt tù được đặc xá.

4. Người đã cấp chứng nhận đặc xá có trách nhiệm gửi bản sao chứng nhận đó đến Tòa án đã ra quyết định thi hành án, cơ quan chịu trách nhiệm thi hành các hình phạt bổ sung, cơ quan thi hành án dân sự đã ra quyết định chưa có điều kiện thi hành án, Công an cấp xã, Ủy ban nhân dân cấp xã, tổ chức, đơn vị quân đội nơi người được đặc xá về cư trú, làm việc, cơ quan nhận người bị trích xuất.

Trường hợp không xác định được nơi người được đặc xá về cư trú thì cơ quan đã cấp chứng nhận đặc xá có trách nhiệm liên hệ với Công an cấp xã hoặc tổ chức, đơn vị quân đội để tiếp nhận người được đặc xá và gửi bản sao chứng nhận đến Ủy ban nhân dân cấp xã nơi người đó sẽ về cư trú hoặc cơ quan, tổ chức, đơn vị quân đội nơi người đó về làm việc.

Như vậy, Quyết định đặc xá được thông báo trên phương tiện thông tin đại chúng.

Quyết định đặc xá và danh sách người được đặc xá được niêm yết tại trại giam, trại tạm giam nơi người được đặc xá đang chấp hành án và thông báo bằng văn bản đến Ủy ban nhân dân cấp xã, đơn vị quân đội nơi người đó về cư trú, làm việc; trường hợp người được đặc xá là người đang được tạm đình chỉ chấp hành án phạt tù thì thông báo bằng văn bản đến Ủy ban nhân dân cấp xã nơi người đó cư trú hoặc đơn vị quân đội được giao quản lý người đó.","trach-nhiem-hinh-su","","","","2026-04-15T17:00:00","https://thuvienphapluat.vn/hoi-dap-phap-luat/tha-nguoi-duoc-dac-xa-vao-ngay-162026-dung-khong-138087453.html","2026-04-21T03:27:37.426807+00:00"
"138087439","Năm 2026 có đặc xá không? Thời gian đã chấp hành án phạt tù để xét đặc xá tính đến ngày nào?","Mới đây,  Quyết định 457/QĐ-CTN năm 2026  của Chủ tịch nước về đặc xá năm 2026 được ban hành và có hiệu lực ngày 07/4/2026.

Theo đó, t hực hiện đặc xá tha tù trước thời hạn cho người bị kết án phạt tù có thời hạn, tù chung thân nhân dịp 51 năm Giải phóng miền Nam, thống nhất đất nước (30/4/2026), chào mừng thành công Đại hội đại biểu toàn quốc lần thứ XIV của Đảng, bầu cử đại biểu Quốc hội khóa XVI và bầu cử đại biểu Hội đồng nhân dân các cấp nhiệm kỳ 2026-2031.

Thời gian đã chấp hành án phạt tù để xét đặc xá tính đến ngày 31/5/2026.

Đối tượng đặc xá bao gồm: Người đang chấp hành án phạt tù có thời hạn, người bị kết án tù chung thân đã được giảm xuống tù có thời hạn, người đang được tạm đình chỉ chấp hành án phạt tù.

Trên đây là thông tin ""Năm 2026 có đặc xá không? Thời gian đã chấp hành án phạt tù để xét đặc xá tính đến ngày nào?""

Năm 2026 có đặc xá không? Thời gian đã chấp hành án phạt tù để xét đặc xá tính đến ngày nào? (Hình từ Internet)

Tại Điều 11  Luật Đặc xá 2018  được sửa đổi bởi khoản 2 Điều 2  Luật sửa đổi Bộ luật Hình sự 2025  có quy định về điều kiện của người được đặc xá như sau:

Điều 11. Điều kiện của người được đề nghị đặc xá

1. Người đang chấp hành án phạt tù có thời hạn, người bị kết án phạt tù chung thân nhưng đã được giảm xuống tù có thời hạn được đề nghị đặc xá phải có đủ các điều kiện sau đây:

a) Có nhiều tiến bộ, có ý thức cải tạo tốt và đủ số kỳ được xếp loại chấp hành án phạt tù khá hoặc tốt do Chủ tịch nước quyết định trong mỗi lần đặc xá;

b) Đã chấp hành án phạt tù được một thời gian do Chủ tịch nước quyết định nhưng ít nhất là một phần ba thời gian đối với trường hợp bị phạt tù có thời hạn, nếu trước đó đã được giảm thời hạn chấp hành án phạt tù thì thời hạn được giảm không được tính vào thời gian đã chấp hành án phạt tù; đã chấp hành án phạt tù ít nhất là 14 năm đối với trường hợp bị phạt tù chung thân đã được giảm xuống tù có thời hạn, nếu sau khi đã được giảm xuống tù có thời hạn mà tiếp tục được giảm thời hạn chấp hành án phạt tù thì thời hạn được giảm sau đó không được tính vào thời gian đã chấp hành án phạt tù.

Người bị kết án về tội phá hoại việc thực hiện các chính sách kinh tế - xã hội; tội phá hoại chính sách đoàn kết; tội tổ chức, cưỡng ép, xúi giục người khác trốn đi nước ngoài hoặc trốn ở lại nước ngoài nhằm chống chính quyền nhân dân; tội trốn đi nước ngoài hoặc trốn ở lại nước ngoài nhằm chống chính quyền nhân dân; người bị kết án từ 10 năm tù trở lên về một trong các tội quy định tại Chương các tội xâm phạm tính mạng, sức khỏe, nhân phẩm, danh dự của con người của Bộ luật Hình sự do cố ý hoặc người bị kết án từ 07 năm tù trở lên về tội cướp tài sản; tội bắt cóc nhằm chiếm đoạt tài sản; tội sản xuất trái phép chất ma túy; tội mua bán trái phép chất ma túy; tội chiếm đoạt chất ma túy của Bộ luật Hình sự đã chấp hành án phạt tù được một thời gian do Chủ tịch nước quyết định nhưng ít nhất là một phần hai thời gian đối với trường hợp bị kết án phạt tù có thời hạn, nếu trước đó đã được giảm thời hạn chấp hành án phạt tù thì thời hạn được giảm không được tính vào thời gian đã chấp hành án phạt tù; đã chấp hành án phạt tù ít nhất là 17 năm đối với trường hợp bị phạt tù chung thân nhưng đã được giảm xuống tù có thời hạn, nếu sau khi đã được giảm xuống tù có thời hạn mà tiếp tục được giảm thời hạn chấp hành án phạt tù thì thời hạn được giảm sau đó không được tính vào thời gian đã chấp hành án phạt tù;

c) Đã chấp hành xong hình phạt bổ sung là phạt tiền, đã nộp án phí;

[...]

Như vậy, người được đề nghị đặc xá phải đủ số kỳ được xếp loại chấp hành án phạt tù khá hoặc tốt do Chủ tịch nước quyết định trong mỗi lần đặc xá;

Tại Điều 13  Luật Đặc xá 2018  quy định về quyền và nghĩa vụ của người được đề nghị đặc xá như sau:

- Được phổ biến chính sách, pháp luật về đặc xá; thông báo Quyết định về đặc xá, văn bản hướng dẫn của cơ quan có thẩm quyền về điều kiện của người được đề nghị đặc xá và thông tin khác về đặc xá liên quan đến người được đề nghị đặc xá.

- Liên hệ với thân nhân để thu thập giấy tờ, tài liệu cần thiết cho việc hoàn thiện hồ sơ đề nghị đặc xá.

- Đề nghị cơ quan, tổ chức, cá nhân có thẩm quyền cấp, xác nhận giấy tờ, tài liệu cần thiết cho việc hoàn thiện hồ sơ đề nghị đặc xá.

- Cung cấp giấy tờ, tài liệu theo yêu cầu của cơ quan có thẩm quyền đề nghị đặc xá; khai báo đầy đủ, trung thực thông tin về cá nhân liên quan đến việc đề nghị đặc xá.

- Khiếu nại, tố cáo","trach-nhiem-hinh-su","","","","2026-04-15T14:35:00","https://thuvienphapluat.vn/hoi-dap-phap-luat/nam-2026-co-dac-xa-khong-thoi-gian-da-chap-hanh-an-phat-tu-de-xet-dac-xa-tinh-den-ngay-nao-138087439.html","2026-04-21T03:27:41.383053+00:00"
"138087424","Hồ sơ đề nghị đặc xá 2026 gồm những gì?","Căn cứ tiểu mục 1 Mục 4  Hướng dẫn 33/HD-HĐTVĐX năm 2026  quy định hồ sơ đề nghị đặc xá 2026 như sau:

- Hồ sơ đề nghị đặc xá bao gồm các văn bản, tài liệu quy định tại Điều 5  Nghị định 52/2019/NĐ-CP

Ngoài ra, một số trường hợp cụ thể phải có các văn bản, tài liệu sau:

+ Phạm nhân hoặc người đang được tạm đình chỉ chấp hành án phạt tù có tiền án nhưng đã được xóa án tích phải có một trong các tài liệu sau đây chứng minh đã được xóa án tích: Giấy chứng nhận hoặc quyết định xóa án tích của Tòa án có thẩm quyền cấp cho người có tiền án được xóa án tích; bản án ghi là có tiền án nhưng đã được xóa án tích; phiếu lý lịch tư pháp xác nhận không có án tích do Trung tâm Lý lịch tư pháp quốc gia hoặc Sở Tư pháp hoặc cơ quan Công an có thẩm quyền cấp;

+ Phạm nhân hoặc người đang được tạm đình chỉ chấp hành án phạt tù thuộc trường hợp quy định tại điểm e khoản 3 Điều 3 Quyết định của Chủ tịch nước về đặc xá năm 2026 phải có đơn của gia đình phạm nhân hoặc đơn của người đang được tạm đình chỉ trình bày hoàn cảnh gia đình đặc biệt khó khăn và bản thân phạm nhân hoặc người đang được tạm đình chỉ là lao động duy nhất trong gia đình (trình bày rõ hoàn cảnh cụ thể từng thành viên của gia đình gồm: Bố, mẹ, vợ (hoặc chồng), con, anh, chị, em ruột sinh năm nào? đang ở đâu? làm gì?). Đơn phải được Ủy ban nhân dân cấp xã nơi gia đình phạm nhân, gia đình người đang được tạm đình chỉ cư trú xác nhận là đúng (không chấp nhận những đơn không có nội dung xác nhận này của Ủy ban nhân dân cấp xã);

+ Người bị kết án phạt tù được tặng thưởng danh hiệu Nhà giáo nhân dân, Thầy thuốc nhân dân, Nghệ sỹ nhân dân, Nghệ nhân nhân dân phải có bản sao quyết định tặng thưởng.

Giám thị trại giam, Giám thị trại tạm giam, Chánh án Tòa án nhân dân cấp tỉnh, Chánh án Tòa án quân sự cấp quân khu được sao từ bản chính hoặc bản sao có giá trị sử dụng thay bản chính của những văn bản như: Bản án, bệnh án, kết luận giám định y khoa, các loại tài liệu xác nhận việc thực hiện hình phạt bổ sung là phạt tiền, nộp án phí, thi hành nghĩa vụ trả lại tài sản, bồi thường thiệt hại, nghĩa vụ dân sự khác và các tài liệu khác liên quan đến các điều kiện được đề nghị đặc xá của người bị kết án phạt tù. Khi trình danh sách, hồ sơ đề nghị đặc xá để Tổ thẩm định liên ngành nghiên cứu, thẩm định, phải có bản chính hoặc bản sao có giá trị sử dụng thay bản chính của những tài liệu này để kiểm tra, đối chiếu.

Các tài liệu xác nhận việc thực hiện hình phạt bổ sung là phạt tiền, nộp án phí, thi hành nghĩa vụ trả lại tài sản, bồi thường thiệt hại, nghĩa vụ dân sự khác phải thể hiện việc đã thực hiện xong trước thời điểm phạm nhân viết đơn đề nghị đặc xá trong thời hạn theo quy định tại khoản 1 Điều 15  Luật Đặc xá 2018 .

- Danh sách, hồ sơ, thống kê phạm nhân được đề nghị đặc xá của trại giam, trại tạm giam và danh sách, hồ sơ, thống kê người đang được tạm đình chỉ chấp hành án phạt tù được đề nghị đặc xá của Tòa án nhân dân cấp tỉnh, Tòa án quân sự cấp quân khu được làm thành 04 (bốn) bộ đóng dấu đỏ để Tổ thẩm định liên ngành thẩm định.

Sau khi thẩm định xong, 01 (một) bộ có dấu đỏ cùng đầy đủ các tài liệu chứng minh gốc hoặc bản sao có công chứng của cơ quan có thẩm quyền được lưu tại trại giam, trại tạm giam, Tòa án nhân dân cấp tỉnh, Tòa án quân sự cấp quân khu.

Hồ sơ tài liệu chuyển về Thường trực Hội đồng tư vấn đặc xá bao gồm:

- Hồ sơ đề nghị đặc xá cho phạm nhân:

+ 03 (ba) bộ có dấu đỏ gồm có các tài liệu sau: Biên bản thẩm định danh sách, hồ sơ đề nghị đặc xá của Tổ thẩm định liên ngành; biên bản họp Hội đồng xét đề nghị đặc xá của trại giam, trại tạm giam; thống kê số liệu người được đề nghị đặc xá; phiếu đề nghị đặc xá cho phạm nhân; đơn đề nghị đặc xá, bản cam kết; văn bản đề nghị đặc xá cho phạm nhân của trại giam, trại tạm giam nhận phạm nhân trích xuất nhưng không quản lý hồ sơ gốc của phạm nhân (áp dụng đối với trường hợp phạm nhân trích xuất); các tài liệu liên quan đến điều kiện đề nghị đặc xá của phạm nhân theo quy định của Nghị định số 52 và Hướng dẫn này; danh sách người đủ điều kiện đề nghị đặc xá do Giám thị trại giam thuộc Bộ Công an, Chánh Văn phòng cơ quan Cảnh sát điều tra, Bộ Công an, Cục trưởng Cục An ninh điều tra, Bộ Công an, Thủ trưởng cơ quan thi hành án hình sự Công an cấp tỉnh, Thủ trưởng cơ quan quản lý thi hành án hình sự Bộ Quốc phòng lập theo kết quả thẩm định của Tổ thẩm định liên ngành (theo mẫu).

+ 09 (chín) bộ khác gồm có các tài liệu: Biên bản thẩm định danh sách, hồ sơ đề nghị đặc xá của Tổ thẩm định liên ngành; biên bản họp Hội đồng xét đề nghị đặc xá của trại giam, trại tạm giam; Phiếu đề nghị đặc xá cho phạm nhân; tài liệu chứng minh phạm nhân thuộc một trong các trường hợp quy định tại khoản 3, 4 Điều 3  Quyết định 457/QĐ-CTN năm 2026  của Chủ tịch nước về đặc xá năm 2026 (nếu có); các loại danh sách người đủ điều kiện đề nghị đặc xá như đã nêu trên.

+ Đối với những trường hợp mà Tổ thẩm định liên ngành đã thẩm định và có ý kiến là không đủ điều kiện đề nghị đặc xá phải làm thành 12 (mười hai) bộ hồ sơ riêng, trong đó có 03 (ba) bộ dấu đỏ, gồm các tài liệu sau: Biên bản thẩm định danh sách, hồ sơ đề nghị đặc xá của Tổ thẩm định liên ngành; danh sách người không đủ điều kiện đề nghị đặc xá do Tổ thẩm định liên ngành lập; danh sách người đủ điều kiện được đề nghị đặc xá do Giám thị trại giam thuộc Bộ Công an, Chánh Văn phòng cơ quan Cảnh sát điều tra, Bộ Công an, Cục trưởng Cục An ninh điều tra, Bộ Công an, Thủ trưởng cơ quan thi hành án hình sự Công an cấp tỉnh, Thủ trưởng cơ quan quản lý thi hành án hình sự thuộc Bộ Quốc phòng lập, gửi Tổ thẩm định liên ngành kèm theo Phiếu đề nghị đặc xá và các tài liệu khác giống như hồ sơ người đủ điều kiện được đề nghị đặc xá đã nêu; danh sách người không đủ điều kiện đề nghị đặc xá do Giám thị trại giam thuộc Bộ Công an, Chánh Văn phòng cơ quan Cảnh sát điều tra, Bộ Công an, Cục trưởng Cục An ninh điều tra, Bộ Công an, Thủ trưởng cơ quan thi hành án hình sự Công an cấp tỉnh, Thủ trưởng cơ quan quản lý thi hành án hình sự thuộc Bộ Quốc phòng lập theo kết quả thẩm định của Tổ thẩm định liên ngành.

- Hồ sơ đề nghị đặc xá cho người đang được tạm đình chỉ chấp hành án phạt tù được lập thành 12 bộ (03 bộ dấu đỏ, 09 bộ photo). Tài liệu có trong hồ sơ gồm: Biên bản thẩm định danh sách, hồ sơ đề nghị đặc xá của Tổ thẩm định liên ngành; phiếu đề nghị đặc xá cho người đang được tạm đình chỉ chấp hành án phạt tù; đơn đề nghị đặc xá, bản cam kết; các tài liệu liên quan đến điều kiện đề nghị đặc xá của người đang được tạm đình chỉ theo quy định của Nghị định số 52 và Hướng dẫn này; bản sao bản án và Quyết định thi hành án phạt tù; danh sách người đủ điều kiện được đề nghị đặc xá do Chánh án Tòa án nhân dân cấp tỉnh, Chánh án Tòa án quân sự cấp quân khu lập theo kết quả thẩm định của Tổ thẩm định liên ngành (theo mẫu).

Đối với những trường hợp mà Tổ thẩm định liên ngành thẩm định và có ý kiến là không đủ điều kiện đề nghị đặc xá, Chánh án Tòa án nhân dân cấp tỉnh, Chánh án Tòa án quân sự cấp quân khu phải làm thành 12 (mười hai) bộ hồ sơ riêng. Cách lập hồ sơ, danh sách tương tự như cách lập hồ sơ, danh sách của phạm nhân không đủ điều kiện đề nghị đặc xá đã nêu ở trên.

Trên đây là thông tin về Hồ sơ đề nghị đặc xá 2026 gồm những gì?

Hồ sơ đề nghị đặc xá 2026 gồm những gì? (Hình từ Internet)

Căn cứ Điều 20  Luật Đặc xá 2018  quy định người được đặc xá có quyền và nghĩa vụ sau:

[1]  Người được đặc xá có quyền sau đây:

- Được cấp Giấy chứng nhận đặc xá;

- Được chính quyền địa phương, cơ quan, tổ chức, đơn vị có liên quan giúp đỡ để hòa nhập với gia đình và cộng đồng, tạo điều kiện về việc làm, ổn định cuộc sống;

- Được hưởng các quyền khác như người đã chấp hành xong án phạt tù theo quy định của pháp luật.

[2]  Người được đặc xá có nghĩa vụ sau đây:

- Xuất trình Giấy chứng nhận đặc xá với Ủy ban nhân dân cấp xã hoặc tổ chức, đơn vị quân đội nơi người đó về cư trú hoặc làm việc;

- Thực hiện đầy đủ các nghĩa vụ đã cam kết;

- Nghiêm chỉnh chấp hành pháp luật.

[3]  Người được đặc xá là người nước ngoài có các quyền và nghĩa vụ sau:

- Được cấp Giấy chứng nhận đặc xá;

- Được hưởng các quyền khác như người đã chấp hành xong án phạt tù theo quy định của pháp luật

- Thực hiện đầy đủ các nghĩa vụ đã cam kết;

- Nghiêm chỉnh chấp hành pháp luật

Căn cứ Điều 33  Luật Đặc xá 2018  quy định Ủy ban nhân dân các cấp, cơ quan, tổ chức có liên quan có trách nhiệm:

- Tuyên truyền, phổ biến, giáo dục pháp luật về đặc xá, Quyết định về đặc xá.

- Cung cấp thông tin, tài liệu có liên quan đến nhân thân; cấp giấy chứng nhận, xác nhận về việc chấp hành chính sách, pháp luật, hoàn cảnh gia đình hoặc giấy tờ, tài liệu cần thiết khác của người đủ điều kiện được đề nghị đặc xá.

- Tiếp nhận, giúp đỡ người được đặc xá trở về hòa nhập với gia đình và cộng đồng, tạo điều kiện về việc làm, ổn định cuộc sống, trở thành người có ích cho xã hội, phòng ngừa tái phạm tội, vi phạm pháp luật.","trach-nhiem-hinh-su","","","","2026-04-15T14:00:00","https://thuvienphapluat.vn/hoi-dap-phap-luat/ho-so-de-nghi-dac-xa-2026-gom-nhung-gi-138087424.html","2026-04-21T03:27:45.737308+00:00"
"138087426","Hướng dẫn đặc xá năm 2026 chi tiết như thế nào?","Mới đây Hội đồng tư vấn đặc xác đã có Hướng dẫn 33/HD-HĐTVĐX về đặc xá năm 2026   Tải về  nhằm triển khai các nội dung được nêu trong Quyết định 457/QĐ-CTN năm 2026.

Theo đó, Hội đồng tư vấn đặc xá hướng dẫn cụ thể về đối tượng, điều kiện, trình tự, thủ tục tiến hành xét đặc xá năm 2026 như sau:

(1) ĐỐI TƯỢNG XÉT ĐẶC XÁ

- Người bị kết án phạt tù có thời hạn, tù chung thân đã được giảm xuống tù có thời hạn đang chấp hành án phạt tù tại trại giam, trại tạm giam (sau đây gọi là phạm nhân).

- Người đang được tạm đình chỉ chấp hành án phạt tù.

(2) ĐIỀU KIỆN ĐƯỢC ĐỀ NGHỊ ĐẶC XÁ

Về một số quy định tại Điều 3 Quyết định về đặc xá năm 2026, Hội đồng tư vấn đặc xá hướng dẫn cụ thể như sau:

- Quy định tại điểm a khoản 1 Điều 3 Quyết định về đặc xá năm 2026 là quy định tại điểm b khoản 2 Điều 2 Luật sửa đổi, bổ sung một số điều của Bộ luật Hình sự và khoản 1 Điều 4 Nghị định số 52/2019/NĐ-CP.

Theo quy định tại điểm c, điểm e khoản 1 Điều 18 Nghị định 118/2024/NĐ-CP thì xếp loại chấp hành án phạt tù quý I vào ngày cuối cùng của tháng 2. Do đó, tính đến thời điểm các trại giam, trại tạm giam họp xét, đề nghị đặc xá, phạm nhân phải có các quý đã đủ thời gian xếp loại được xếp loại khá hoặc tốt đối với từng mức án và thời gian tiếp theo từ ngày 01 tháng 3 đến ngày Hội đồng họp xét, đề nghị đặc xá của trại giam, trại tạm giam được nhận xét, đánh giá kết quả chấp hành án phạt tù khá hoặc tốt.

Đối với phạm nhân được tạm đình chỉ chấp hành án phạt tù hoặc bị áp dụng biện pháp tư pháp bắt buộc chữa bệnh đã trở lại trại giam, trại tạm giam, để tiếp tục chấp hành án, ngoài các quý đã đủ thời gian xếp loại đối với từng mức án trong thời gian chấp hành án phạt tù được xếp loại khá hoặc tốt còn phải được Ủy ban nhân dân cấp xã nơi cư trú, đơn vị quân đội được giao quản lý trong thời gian được tạm đình chỉ hoặc cơ sở y tế điều trị trong thời gian bị áp dụng biện pháp tư pháp bắt buộc chữa bệnh xác nhận là trong thời gian được tạm đình chỉ hoặc bị áp dụng biện pháp tư pháp bắt buộc chữa bệnh đã chấp hành nghiêm chỉnh các quy định của pháp luật và quy định của cơ sở y tế.

- Thời gian đã chấp hành án phạt tù là thời gian bị tạm giữ, tạm giam, chấp hành án phạt tù trong trại giam, trại tạm giam, không kể thời gian được tại ngoại, được hoãn, tạm đình chỉ và thời gian được giảm thời hạn chấp hành án phạt tù. Thời gian bị áp dụng biện pháp bắt buộc chữa bệnh trong giai đoạn điều tra, truy tố, xét xử, thi hành án cũng được tính vào thời gian đã chấp hành án phạt tù.

Thời gian được giảm thời hạn chấp hành án phạt tù được tính để trừ vào phần thời hạn chấp hành án phạt tù còn lại. Ví dụ: Nguyễn Văn A bị kết án 12 (mười hai) năm tù, bị bắt ngày 31 tháng 5 năm 2017, tính đến ngày 31 tháng 5 năm 2026, Nguyễn Văn A đã thực sự chấp hành được 9 năm, đã được giảm thời hạn chấp hành án phạt tù 03 lần, tổng cộng là 02 năm, thì thời hạn chấp hành án phạt tù còn lại là 01 năm.

[...]

(3) CÁC TRƯỜNG HỢP KHÔNG ĐƯỢC ĐỀ NGHỊ ĐẶC XÁ

Để thực hiện đúng quy định tại Điều 4 Quyết định về đặc xá năm 2026, Hội đồng tư vấn đặc xá hướng dẫn cụ thể một số nội dung như sau:

- Trường hợp đang bị truy cứu trách nhiệm hình sự về hành vi phạm tội khác quy định tại khoản 3 Điều 4 Quyết định về đặc xá năm 2026 là người đang bị khởi tố với vai trò là bị can trong vụ án khác.

- Căn cứ xác định các trường hợp quy định tại khoản 8 Điều 4 Quyết định về đặc xá năm 2026 là các điểm, khoản, điều trong Bộ luật Hình sự mà Tòa án áp dụng khi quyết định hình phạt.

Đối với trường hợp cướp tài sản có sử dụng vũ khí quy định tại khoản 8 Điều 4 Quyết định về đặc xá năm 2026, ngoài căn cứ nêu trên còn phải căn cứ vào quy định của các văn bản quy phạm pháp luật về quản lý, sử dụng vũ khí, vật liệu nổ và công cụ hỗ trợ có hiệu lực thi hành tại thời điểm người bị kết án phạt tù phạm tội (Pháp lệnh quản lý, sử dụng vũ khí, vật liệu nổ và công cụ hỗ trợ, Luật Quản lý, sử dụng vũ khí, vật liệu nổ và công cụ hỗ trợ) để xác định vật mà người phạm tội sử dụng để thực hiện hành vi phạm tội có phải là vũ khí hay không.

[...]

Xem chi tiết tại Hướng dẫn 33/HD-HĐTVĐX năm 2026  Tải về

(4) THỜI GIAN THỰC HIỆN ĐẶC XÁ 2026:

- Từ ngày 22/4/2026 đến ngày 02/5/2026, các Tổ thẩm định liên ngành đến trực tiếp các đơn vị, địa phương để kiểm tra, thẩm định hồ sơ, danh sách đề nghị xét đặc xá.

- Từ ngày 26/4/2026 đến ngày 10/5/2026, Thường trực Hội đồng tư vấn đặc xá tổng hợp hồ sơ, danh sách chuyển đến các thành viên Hội đồng tư vấn đặc xá nghiên cứu, thẩm tra.

- Từ ngày 10/5/2026 đến ngày 20/5/2026, Thường trực Hội đồng tư vấn đặc xá, Tòa án nhân dân tối cao tổng hợp ý kiến của các thành viên Hội đồng tư vấn đặc xá và chuẩn bị hồ sơ, danh sách người đủ điều kiện đề nghị đặc xá, danh sách người không đủ điều kiện đề nghị đặc xá để trình Hội đồng tư vấn họp xét duyệt.

- Từ ngày 24/5/2026 đến ngày 26/5/2026, Hội đồng tư vấn đặc xá họp xét duyệt danh sách đặc xá.

- Từ ngày 27/5/2026 đến ngày 28/5/2026, Thường trực Hội đồng tư vấn đặc xá tổng hợp, hoàn chỉnh danh sách đặc xá trình Chủ tịch nước quyết định.

- Tổ chức họp báo công bố Quyết định đặc xá của Chủ tịch nước vào ngày 30/5/2026.

- Tổ chức tha người được đặc xá theo Quyết định của Chủ tịch nước vào ngày 01/6/2026.

Trên đây là thông tin ""Hướng dẫn đặc xá năm 2026 chi tiết như thế nào?""

Hướng dẫn đặc xá năm 2026 chi tiết như thế nào? (Hình từ Internet)

Tại Điều 20  Luật Đặc xá 2018  quy định người được đặc xá có quyền và nghĩa vụ sau:

*Quyền của Người được đặc xá:

- Được cấp Giấy chứng nhận đặc xá;

- Được chính quyền địa phương, cơ quan, tổ chức, đơn vị có liên quan giúp đỡ để hòa nhập với gia đình và cộng đồng, tạo điều kiện về việc làm, ổn định cuộc sống;

- Được hưởng các quyền khác như người đã chấp hành xong án phạt tù theo quy định của pháp luật.

*Nghĩa vụ của người được đặc xá:

- Xuất trình Giấy chứng nhận đặc xá với Ủy ban nhân dân cấp xã hoặc tổ chức, đơn vị quân đội nơi người đó về cư trú hoặc làm việc;

- Thực hiện đầy đủ các nghĩa vụ đã cam kết;

- Nghiêm chỉnh chấp hành pháp luật.

*  Người được đặc xá là người nước ngoài có các quyền và nghĩa vụ sau:

- Được cấp Giấy chứng nhận đặc xá;

- Được hưởng các quyền khác như người đã chấp hành xong án phạt tù theo quy định của pháp luật

- Thực hiện đầy đủ các nghĩa vụ đã cam kết;

- Nghiêm chỉnh chấp hành pháp luật

Tại Điều 12  Luật Đặc xá 2018  có quy định về các trường hợp không được đề nghị đặc xá như sau:

Điều 12. Các trường hợp không được đề nghị đặc xá

Người có đủ điều kiện quy định tại Điều 11 của Luật này không được đề nghị đặc xá khi thuộc một trong các trường hợp sau đây:

1. Bị kết án phạt tù về tội phản bội Tổ quốc; tội hoạt động nhằm lật đổ chính quyền nhân dân; tội gián điệp; tội xâm phạm an ninh lãnh thổ; tội bạo loạn; tội khủng bố nhằm chống chính quyền nhân dân; tội phá hoại cơ sở vật chất - kỹ thuật của nước Cộng hòa xã hội chủ nghĩa Việt Nam; tội làm, tàng trữ, phát tán hoặc tuyên truyền thông tin, tài liệu, vật phẩm nhằm chống Nhà nước Cộng hòa xã hội chủ nghĩa Việt Nam; tội phá rối an ninh; tội chống phá cơ sở giam giữ; tội khủng bố hoặc một trong các tội quy định tại Chương các tội phá hoại hòa bình, chống loài người và tội phạm chiến tranh của Bộ luật Hình sự;

2. Bản án, phần bản án hoặc quyết định của Tòa án đối với người đó đang bị kháng nghị theo thủ tục giám đốc thẩm, tái thẩm theo hướng tăng nặng trách nhiệm hình sự;

3. Đang bị truy cứu trách nhiệm hình sự về hành vi phạm tội khác;

4. Trước đó đã được đặc xá;

5. Có từ 02 tiền án trở lên;

6. Trường hợp khác do Chủ tịch nước quyết định.

Như vậy, có 2 tiền án trở lên thì không được đề nghị đặc xá.","trach-nhiem-hinh-su","","","","2026-04-15T11:05:00","https://thuvienphapluat.vn/hoi-dap-phap-luat/huong-dan-dac-xa-nam-2026-chi-tiet-nhu-the-nao-138087426.html","2026-04-21T03:27:50.089013+00:00"
"138087280","TOÀN VĂN Hướng dẫn 33/HD-HĐTVĐX triển khai thực hiện Quyết định 457/QĐ-CTN về đặc xá năm 2026 thế nào?","Ngày 11/4/2026, Hội đồng tư vấn đặc xa ban hành Hướng dẫn 33/HD-HĐTVĐX năm 2026 về việc triển khai thực hiện  Quyết định 457/QĐ-CTN  ngày 7/4/2026 của Chủ tịch nước về đặc xá năm 2026.

Xem chi tiết TOÀN VĂN Hướng dẫn 33 HD HĐTVĐX triển khai thực hiện Quyết định 457/QĐ-CTN về đặc xá năm 2026

Tải về

Trong đó, theo Mục 1 Hướng dẫn 33/HD-HĐTVĐX năm 2026 đối tượng xét đặc xá bao gồm:

- Người bị kết án phạt tù có thời hạn, tù chung thân đã được giảm xuống tù có thời hạn đang chấp hành án phạt tù tại trại giam, trại tạm giam (sau đây gọi là phạm nhân).

- Người đang được tạm đình chỉ chấp hành án phạt tù.

Trên đây là thông tin về TOÀN VĂN Hướng dẫn 33 HD HĐTVĐX triển khai thực hiện Quyết định 457/QĐ-CTN về đặc xá năm 2026 thế nào?

TOÀN VĂN Hướng dẫn 33 HD HĐTVĐX triển khai thực hiện Quyết định 457/QĐ-CTN về đặc xá năm 2026 thế nào? (Hình từ Internet)

Căn cứ tại Điều 12  Luật Đặc xá 2018  quy định các trường hợp không được đề nghị đặc xá như sau:

Người có đủ điều kiện quy định tại Điều 11  Luật Đặc xá 2018  không được đề nghị đặc xá khi thuộc một trong các trường hợp sau đây:

[1] Bị kết án phạt tù về tội phản bội Tổ quốc; tội hoạt động nhằm lật đổ chính quyền nhân dân; tội gián điệp; tội xâm phạm an ninh lãnh thổ; tội bạo loạn; tội khủng bố nhằm chống chính quyền nhân dân; tội phá hoại cơ sở vật chất - kỹ thuật của nước Cộng hòa xã hội chủ nghĩa Việt Nam; tội làm, tàng trữ, phát tán hoặc tuyên truyền thông tin, tài liệu, vật phẩm nhằm chống Nhà nước Cộng hòa xã hội chủ nghĩa Việt Nam; tội phá rối an ninh; tội chống phá cơ sở giam giữ; tội khủng bố hoặc một trong các tội quy định tại Chương các tội phá hoại hòa bình, chống loài người và tội phạm chiến tranh của Bộ luật Hình sự;

[2] Bản án, phần bản án hoặc quyết định của Tòa án đối với người đó đang bị kháng nghị theo thủ tục giám đốc thẩm, tái thẩm theo hướng tăng nặng trách nhiệm hình sự;

[3] Đang bị truy cứu trách nhiệm hình sự về hành vi phạm tội khác;

[4] Trước đó đã được đặc xá;

[5] Có từ 02 tiền án trở lên;

[6] Trường hợp khác do Chủ tịch nước quyết định.

Căn cứ tại Điều 14  Luật Đặc xá 2018  quy định về hồ sơ đề nghị đặc xá gồm:

[1]  Đơn đề nghị đặc xá.

[2]  Tài liệu chứng minh về cá nhân, hoàn cảnh gia đình của người được đề nghị đặc xá.

[3]  Tài liệu chứng minh đã chấp hành xong hình phạt bổ sung là phạt tiền, đã nộp án phí. Trường hợp được miễn chấp hành hình phạt tiền, miễn nộp án phí phải có quyết định của Tòa án có thẩm quyền.

Người bị kết án phạt tù về các tội phạm quy định tại điểm d khoản 1 Điều 11 của Luật Đặc xá 2018 phải có tài liệu chứng minh đã thi hành xong nghĩa vụ trả lại tài sản, bồi thường thiệt hại, nghĩa vụ dân sự khác.

Người thuộc trường hợp quy định tại điểm đ khoản 1 Điều 11 của  Luật Đặc xá 2018  phải có tài liệu chứng minh đã thi hành xong hoặc có tài liệu chứng minh đã thi hành được một phần nghĩa vụ trả lại tài sản, bồi thường thiệt hại hoặc nghĩa vụ dân sự khác và có quyết định của cơ quan thi hành án dân sự có thẩm quyền về việc chưa có điều kiện thi hành án. Trường hợp người được thi hành án đồng ý hoãn thi hành án hoặc không yêu cầu thi hành án đối với tài sản không thuộc sở hữu của Nhà nước thì phải có văn bản của người được thi hành án có xác nhận của cơ quan có thẩm quyền.

Người thuộc trường hợp quy định tại điểm c khoản 3 Điều 11 của  Luật Đặc xá 2018  phải có kết luận của Hội đồng giám định y khoa, Bệnh viện cấp tỉnh hoặc cấp quân khu trở lên.

Người thuộc trường hợp quy định tại điểm e khoản 3 Điều 11 của  Luật Đặc xá 2018  phải có xác nhận của Ủy ban nhân dân cấp xã nơi gia đình người đó cư trú.

Người thuộc trường hợp quy định tại điểm h khoản 3 Điều 11 của  Luật Đặc xá 2018  phải có Giấy xác nhận khuyết tật của Ủy ban nhân dân cấp xã nơi người khuyết tật cư trú; quyết định của Tòa án có thẩm quyền tuyên bố có khó khăn trong nhận thức, làm chủ hành vi.

[4]  Bản cam kết không vi phạm pháp luật, chấp hành đầy đủ hình phạt bổ sung không phải là hình phạt tiền, nghĩa vụ trả lại tài sản, bồi thường thiệt hại, nghĩa vụ dân sự khác sau khi được đặc xá.

[5]  Văn bản đề nghị đặc xá của Giám thị trại giam, Giám thị trại tạm giam thuộc Bộ Công an, Bộ Quốc phòng, Thủ trưởng cơ quan thi hành án hình sự Công an cấp tỉnh, Thủ trưởng cơ quan thi hành án hình sự cấp quân khu.

Trường hợp người được đề nghị đặc xá là người đang được tạm đình chỉ chấp hành án phạt tù thì phải có văn bản đề nghị đặc xá của Tòa án nhân dân cấp tỉnh, Tòa án quân sự cấp quân khu và văn bản nhận xét của Ủy ban nhân dân cấp xã, đơn vị quân đội được giao quản lý người đó về việc chấp hành nghiêm chỉnh pháp luật trong thời gian được tạm đình chỉ chấp hành án phạt tù.","trach-nhiem-hinh-su","","","","2026-04-14T16:06:00","https://thuvienphapluat.vn/hoi-dap-phap-luat/toan-van-huong-dan-33hdhdtvdx-trien-khai-thuc-hien-quyet-dinh-457qdctn-ve-dac-xa-nam-2026-the-nao-138087280.html","2026-04-21T03:27:55.098942+00:00"
"138086644","TOÀN VĂN Quyết định 457/QĐ-CTN về đặc xá năm 2026 chi tiết thế nào?","Xem thêm:

>>>   Công văn 1988/VKSTC-V8 triển khai thi hành Quyết định 457/QĐ-CTN về đặc xá năm 2026 thế nào?

>>>   TOÀN VĂN Hướng dẫn 33/HD-HĐTVĐX triển khai thực hiện Quyết định 457/QĐ-CTN về đặc xá năm 2026 thế nào?

Ngày 07/4/2026, Chủ tịch nước ban hành Quyết định 457/QĐ-CTN năm 2026 về đặc xá năm 2026.

Xem chi tiết TOÀN VĂN Quyết định 457 QĐ CTN về đặc xá năm 2026

Tải về

Theo đó, tại Điều 1 Quyết định 457/QĐ-CTN năm 2026 Thực hiện đặc xá tha tù trước thời hạn cho người bị kết án phạt tù có thời hạn, tù chung thân nhân dịp 51 năm Giải phóng miền Nam, thống nhất đất nước (30/4/2026), chào mừng thành công Đại hội đại biểu toàn quốc lần thứ XIV của Đảng, bầu cử đại biểu Quốc hội khóa XVI và bầu cử đại biểu Hội đồng nhân dân các cấp nhiệm kỳ 2026-2031.

Thời gian đã chấp hành án phạt tù để xét đặc xá tính đến ngày 31/5/2026.

Trên đây là thông tin về TOÀN VĂN Quyết định 457 QĐ CTN về đặc xá năm 2026 chi tiết thế nào?

TOÀN VĂN Quyết định 457 QĐ CTN về đặc xá năm 2026 chi tiết thế nào? (Hình từ Internet)

Theo khoản 3 Điều 3  Luật Đặc xá 2018  quy định quyết định đặc xá là văn bản của Chủ tịch nước quyết định tha tù trước thời hạn cho người bị kết án phạt tù có thời hạn, tù chung thân.

Căn cứ theo Điều 88  Hiến pháp 2013  quy định như sau:

Điều 88.

Chủ tịch nước có những nhiệm vụ và quyền hạn sau đây:

1. Công bố Hiến pháp, luật, pháp lệnh; đề nghị Ủy ban thường vụ Quốc hội xem xét lại pháp lệnh trong thời hạn mười ngày, kể từ ngày pháp lệnh được thông qua, nếu pháp lệnh đó vẫn được Ủy ban thường vụ Quốc hội biểu quyết tán thành mà Chủ tịch nước vẫn không nhất trí thì Chủ tịch nước trình Quốc hội quyết định tại kỳ họp gần nhất;

2. Đề nghị Quốc hội bầu, miễn nhiệm, bãi nhiệm Phó Chủ tịch nước, Thủ tướng Chính phủ; căn cứ vào nghị quyết của Quốc hội, bổ nhiệm, miễn nhiệm, cách chức Phó Thủ tướng Chính phủ, Bộ trưởng và thành viên khác của Chính phủ;

3. Đề nghị Quốc hội bầu, miễn nhiệm, bãi nhiệm Chánh án Tòa án nhân dân tối cao, Viện trưởng Viện kiểm sát nhân dân tối cao; căn cứ vào nghị quyết của Quốc hội, bổ nhiệm, miễn nhiệm, cách chức Thẩm phán Tòa án nhân dân tối cao; bổ nhiệm, miễn nhiệm, cách chức Phó Chánh án Tòa án nhân dân tối cao, Thẩm phán các Tòa án khác, Phó Viện trưởng, Kiểm sát viên Viện kiểm sát nhân dân tối cao; quyết định đặc xá; căn cứ vào nghị quyết của Quốc hội, công bố quyết định đại xá;

4. Quyết định tặng thưởng huân chương, huy chương, các giải thưởng nhà nước, danh hiệu vinh dự nhà nước; quyết định cho nhập quốc tịch, thôi quốc tịch, trở lại quốc tịch hoặc tước quốc tịch Việt Nam;

5. Thống lĩnh lực lượng vũ trang nhân dân, giữ chức Chủ tịch Hội đồng quốc phòng và an ninh, quyết định phong, thăng, giáng, tước quân hàm cấp tướng, chuẩn đô đốc, phó đô đốc, đô đốc hải quân; bổ nhiệm, miễn nhiệm, cách chức Tổng tham mưu trưởng, Chủ nhiệm Tổng cục chính trị Quân đội nhân dân Việt Nam; căn cứ vào nghị quyết của Quốc hội hoặc của Ủy ban thường vụ Quốc hội, công bố, bãi bỏ quyết định tuyên bố tình trạng chiến tranh; căn cứ vào nghị quyết của Ủy ban thường vụ Quốc hội, ra lệnh tổng động viên hoặc động viên cục bộ, công bố, bãi bỏ tình trạng khẩn cấp; trong trường hợp Ủy ban thường vụ Quốc hội không thể họp được, công bố, bãi bỏ tình trạng khẩn cấp trong cả nước hoặc ở từng địa phương;

[...]

Như vậy, Chủ tịch nước là người có thẩm quyền quyết định đặc xá.

Căn cứ theo Điều 20  Luật Đặc xá 2018  quy định người được đặc xá có những quyền và nghĩa vụ sau:

[1] Người được đặc xá có quyền sau:

- Được cấp Giấy chứng nhận đặc xá;

- Được chính quyền địa phương, cơ quan, tổ chức, đơn vị có liên quan giúp đỡ để hòa nhập với gia đình và cộng đồng, tạo điều kiện về việc làm, ổn định cuộc sống;

- Được hưởng các quyền khác như người đã chấp hành xong án phạt tù theo quy định của pháp luật.

[2] Người được đặc xá có nghĩa vụ sau đây:

- Xuất trình Giấy chứng nhận đặc xá với Ủy ban nhân dân cấp xã hoặc tổ chức, đơn vị quân đội nơi người đó về cư trú hoặc làm việc;

- Thực hiện đầy đủ các nghĩa vụ đã cam kết;

- Nghiêm chỉnh chấp hành pháp luật.

[3] Người được đặc xá là người nước ngoài có các quyền sau:

- Được cấp Giấy chứng nhận đặc xá;

- Được hưởng các quyền khác như người đã chấp hành xong án phạt tù theo quy định của pháp luật.

Ngoài ra, người được đặc xá là người nước ngoài phải thực hiện các nghĩa vụ sau:

- Thực hiện đầy đủ các nghĩa vụ đã cam kết;

- Nghiêm chỉnh chấp hành pháp luật.","trach-nhiem-hinh-su","","","","2026-04-09T17:03:00","https://thuvienphapluat.vn/hoi-dap-phap-luat/toan-van-quyet-dinh-457qdctnve-dac-xa-nam-2026-chi-tiet-the-nao-138086644.html","2026-04-21T03:28:00.142513+00:00"
"138026418","Mẫu Giấy triệu tập của công an mới nhất năm 2026 thế nào? Triệu tập người làm chứng trong vụ án hình sự được quy định như thế nào?","Mẫu giấy triệu tập của công an mới nhất năm 2025 sử dụng mẫu số 211 quy định tại Danh mục Biểu mẫu, giấy tờ, sổ sách điều tra hình sự ban hành kèm theo  Thông tư 119/2021/TT-BCA . Theo đó, Mẫu giấy triệu tập của công an được sử dụng để triệu tập những người có liên quan đến vụ án hình sự đến Cơ quan điều tra, Viện kiểm sát hoặc Tòa án để làm việc, nhằm phục vụ cho quá trình giải quyết vụ án.

Mẫu  giấy triệu tập  của công an mới nhất năm 2026 như sau:

Tải Mẫu giấy triệu tập của công an mới nhất năm 2026 tại đây.   Tải về

*Lưu ý: Mẫu giấy triệu tập trên được áp dụng đối với Bị hại, nguyên đơn dân sự, bị đơn dân sự, người có quyền lợi, nghĩa vụ liên quan đến vụ án, người làm chứng, người chứng kiến

Các đối tượng trên có nghĩa vụ phải có mặt theo Giấy triệu tập của người có thẩm quyền tiến hành tố tụng; chấp hành quyết định, yêu cầu của cơ quan, người có thẩm quyền tiến hành tố tụng theo quy định của pháp luật.

Trường hợp người làm chứng, người bị hại, người bị tố giác, người bị kiến nghị khởi tố vắng mặt không vì lý do bất khả kháng hoặc không do trở ngại khách quan thì có thể bị dẫn giải theo quy định tại Điều 127  Bộ luật Tố tụng hình sự 2015 .

Mẫu Giấy triệu tập của công an mới nhất năm 2025? (Hình từ Internet)

Căn cứ theo Điều 185  Bộ luật Tố tụng hình sự 2015  sửa đổi bởi khoản 59 Điều 1  Luật sửa đổi Bộ luật Tố tụng hình sự 2025 , triệu tập người làm chứng trong vụ án hình sự được quy định như sau:

[1]  Khi triệu tập người làm chứng đến lấy lời khai, Điều tra viên phải gửi giấy triệu tập.

[2]  Giấy triệu tập người làm chứng ghi rõ họ tên, chỗ ở hoặc nơi làm việc, học tập của người làm chứng; giờ, ngày, tháng, năm và địa điểm có mặt; mục đích và nội dung làm việc, thời gian làm việc; gặp ai và trách nhiệm về việc vắng mặt không vì lý do bất khả kháng hoặc không do trở ngại khách quan.

[2]  Việc giao giấy triệu tập được thực hiện như sau:

- Giấy triệu tập được giao trực tiếp cho người làm chứng hoặc thông qua Ủy ban nhân dân cấp xã nơi người làm chứng cư trú hoặc cơ quan, tổ chức nơi người làm chứng làm việc, học tập. Trong mọi trường hợp, việc giao giấy triệu tập phải được ký nhận. Ủy ban nhân dân cấp xã nơi người làm chứng cư trú hoặc cơ quan, tổ chức nơi người làm chứng làm việc, học tập có trách nhiệm tạo điều kiện cho người làm chứng thực hiện nghĩa vụ;

- Giấy triệu tập người làm chứng dưới 18 tuổi được giao cho cha, mẹ hoặc người đại diện khác của họ;

- Việc giao giấy triệu tập người làm chứng theo ủy thác tư pháp của nước ngoài được thực hiện theo quy định tại khoản này và Luật Tương trợ tư pháp về hình sự.

[2]  Trường hợp cần thiết, Kiểm sát viên có thể triệu tập người làm chứng để lấy lời khai. Việc triệu tập người làm chứng được thực hiện theo quy định trên.

Theo Điều 37  Bộ luật Tố tụng hình sự 2015  sửa đổi bởi khoản 2 Điều 177  Luật Tư pháp người chưa thành niên 2024  quy định về nhiệm vụ, quyền hạn và trách nhiệm của Điều tra viên như sau:

Điều 37. Nhiệm vụ, quyền hạn và trách nhiệm của Điều tra viên

1. Điều tra viên được phân công tiến hành hoạt động khởi tố, điều tra vụ án hình sự có những nhiệm vụ, quyền hạn:

a) Trực tiếp kiểm tra, xác minh và lập hồ sơ giải quyết nguồn tin về tội phạm;

b) Lập hồ sơ vụ án hình sự;

c) Yêu cầu hoặc đề nghị cử, thay đổi người bào chữa; yêu cầu cử, thay đổi người phiên dịch, người dịch thuật;

d) Triệu tập và hỏi cung bị can; triệu tập và lấy lời khai người tố giác, báo tin về tội phạm, người bị tố giác, kiến nghị khởi tố, người đại diện theo pháp luật của pháp nhân; lấy lời khai người bị giữ trong trường hợp khẩn cấp, người bị bắt, người bị tạm giữ; triệu tập và lấy lời khai của người làm chứng, bị hại, đương sự;

đ) Quyết định áp giải người bị giữ trong trường hợp khẩn cấp, người bị bắt, bị tạm giữ, bị can; quyết định dẫn giải người làm chứng, người bị tố giác, người bị kiến nghị khởi tố, bị hại;

.....

Như vậy, trong hoạt động khởi tố, điều tra vụ án hình sự, Điều tra viên có quyền triệu tập các đối tượng như sau:

- Triệu tập và hỏi cung bị can.

- Triệu tập và lấy lời khai người tố giác, báo tin về tội phạm, người bị tố giác, kiến nghị khởi tố, người đại diện theo pháp luật của pháp nhân

- Triệu tập và lấy lời khai của người làm chứng, bị hại, đương sự.","trach-nhiem-hinh-su","","","","2026-04-07T04:30:00","https://thuvienphapluat.vn/hoi-dap-phap-luat/mau-giay-trieu-tap-cua-cong-an-moi-nhat-nam-2024-trieu-tap-nguoi-lam-chung-trong-vu-an-hinh-su-duoc-138026418.html","2026-04-21T03:28:04.844664+00:00"
"138085618","Đã có Dự thảo Nghị định thay thế Nghị định 43/2020 thi hành án tử hình bằng tiêm thuốc độc ra sao?","Từ 31/03/2026 đến ngày 10/04/2026, Cổng thông tin điện tử Bộ Công an lấy ý kiến đóng góp cho dự thảo Nghị định quy định về thi hành án tử hình bằng tiêm thuốc độc

Xem toàn bộ Dự thảo Nghị định thay thế Nghị định 43/2020 thi hành án tử hình bằng tiêm thuốc độc dưới đây:

Tải về

Đã có Dự thảo Nghị định thay thế Nghị định 43/2020 thi hành án tử hình bằng tiêm thuốc độc ra sao?

Đã có Dự thảo Nghị định thay thế Nghị định 43/2020 thi hành án tử hình bằng tiêm thuốc độc ra sao? (Hình từ Internet)

Căn cứ tại khoản 2 Điều 72  Luật Thi hành án hình sự 2025  quy định về quyết định thi hành án tử hình như sau:

Điều 72. Quyết định thi hành án tử hình

1. Chánh án Tòa án đã xét xử sơ thẩm ra quyết định thi hành án tử hình. Quyết định phải ghi rõ ngày, tháng, năm ra quyết định, họ tên, chức vụ của người ra quyết định; bản án, quyết định được thi hành; họ tên, ngày, tháng, năm sinh, nơi cư trú của người bị kết án.

2. Trong thời hạn 03 ngày làm việc kể từ ngày ra quyết định thi hành án tử hình, Tòa án phải gửi quyết định đó cho các cơ quan sau đây:

a) Viện kiểm sát cùng cấp, cơ quan thi hành án hình sự Công an cấp tỉnh hoặc cơ quan thi hành án hình sự cấp quân khu;

b) Trại tạm giam nơi người chấp hành án đang bị giam giữ.

Như vậy, trong thời hạn 03 ngày làm việc kể từ ngày ra quyết định thi hành án tử hình, Tòa án phải gửi quyết định đó cho các cơ quan sau đây:

- Viện kiểm sát cùng cấp, cơ quan thi hành án hình sự Công an cấp tỉnh hoặc cơ quan thi hành án hình sự cấp quân khu;

- Trại tạm giam nơi người chấp hành án đang bị giam giữ.

Căn cứ tại khoản 4 Điều 77  Luật Thi hành án hình sự 2025  có hiệu lực từ 01/7/2026 quy định về trình tự thi hành án tử hình được thực hiện như sau:

- Căn cứ quyết định thi hành án tử hình và yêu cầu của Chủ tịch Hội đồng thi hành án tử hình, Cảnh sát thi hành án hình sự và hỗ trợ tư pháp hoặc Vệ binh hỗ trợ tư pháp thực hiện áp giải người chấp hành án đến nơi làm việc của Hội đồng thi hành án tử hình;

- Thực hiện yêu cầu của Hội đồng thi hành án tử hình, cán bộ chuyên môn thuộc Công an nhân dân hoặc Quân đội nhân dân tiến hành lăn tay, kiểm tra danh bản, chỉ bản, đối chiếu với hồ sơ, tài liệu có liên quan; chụp ảnh, ghi hình quá trình làm thủ tục lăn tay, kiểm tra và lập biên bản; báo cáo Hội đồng thi hành án tử hình về kết quả kiểm tra;

- Chủ tịch Hội đồng thi hành án tử hình công bố quyết định thi hành án, quyết định không kháng nghị của Chánh án Tòa án nhân dân tối cao và quyết định không kháng nghị của Viện trưởng Viện kiểm sát nhân dân tối cao, quyết định của Hội đồng Thẩm phán Tòa án nhân dân tối cao không chấp nhận kháng nghị của Chánh án Tòa án nhân dân tối cao hoặc kháng nghị của Viện trưởng Viện kiểm sát nhân dân tối cao, văn bản thông báo của cơ quan có thẩm quyền về việc không có quyết định ân giảm hình phạt tử hình.

Ngay sau khi Chủ tịch Hội đồng thi hành án công bố các quyết định, Cảnh sát thi hành án hình sự và hỗ trợ tư pháp hoặc Vệ binh hỗ trợ tư pháp có nhiệm vụ giao các quyết định trên cho người chấp hành án để người đó tự đọc. Trường hợp người chấp hành án không biết chữ, không biết tiếng Việt hoặc không tự mình đọc được thì Hội đồng thi hành án tử hình chỉ định người đọc hoặc phiên dịch các quyết định trên cho người đó nghe. Quá trình công bố và đọc các quyết định phải được chụp ảnh, ghi hình, ghi âm và lưu vào hồ sơ thi hành án tử hình;

- Theo lệnh của Chủ tịch Hội đồng thi hành án tử hình, cán bộ chuyên môn do cơ quan thi hành án hình sự Công an cấp tỉnh, cơ quan thi hành án hình sự cấp quân khu chỉ định thực hiện việc thi hành án và báo cáo kết quả cho Chủ tịch Hội đồng;

- Theo lệnh của Chủ tịch Hội đồng thi hành án tử hình, bác sĩ pháp y xác định tình trạng của người đã bị thi hành án tử hình và báo cáo kết quả cho Hội đồng;

- Hội đồng thi hành án tử hình lập biên bản thi hành án; báo cáo về quá trình, kết quả thi hành án cho Tòa án nhân dân tối cao, Viện kiểm sát nhân dân tối cao, cơ quan quản lý thi hành án hình sự. Cơ quan thi hành án hình sự Công an cấp tỉnh, cơ quan thi hành án hình sự cấp quân khu làm thủ tục khai tử tại Ủy ban nhân dân cấp xã nơi thi hành án;

- Cơ quan thi hành án hình sự Công an cấp tỉnh, cơ quan thi hành án hình sự cấp quân khu có trách nhiệm bảo quản tử thi, tổ chức mai táng, vẽ sơ đồ mộ người đã bị thi hành án. Ủy ban nhân dân cấp xã nơi mai táng có nhiệm vụ phối hợp với cơ quan thi hành án hình sự Công an cấp tỉnh, cơ quan thi hành án hình sự cấp quân khu trong việc mai táng và quản lý mộ của người đã bị thi hành án;

- Trong thời hạn 03 ngày làm việc kể từ ngày thi hành án, cơ quan thi hành án hình sự Công an cấp tỉnh, cơ quan thi hành án hình sự cấp quân khu thông báo cho gia đình của người đã bị thi hành án biết, trừ trường hợp quy định tại khoản 1 Điều 78  Luật Thi hành án hình sự 2025 .","trach-nhiem-hinh-su","","","","2026-04-01T16:28:00","https://thuvienphapluat.vn/hoi-dap-phap-luat/da-co-du-thao-nghi-dinh-thay-the-nghi-dinh-432020-thi-hanh-an-tu-hinh-bang-tiem-thuoc-doc-ra-sao-138085618.html","2026-04-21T03:28:09.425119+00:00"
"138085102","Toàn văn Dự thảo Nghị định hướng dẫn Luật Thi hành tạm giữ, tạm giam và cấm đi khỏi nơi cư trú chi tiết ra sao?","Bộ Công an có hồ sơ dự thảo Nghị định quy định chi tiết một số điều của  Luật Thi hành tạm giữ, tạm giam và cấm đi khỏi nơi cư trú 2025 .

Tải về

Theo đó, tại Điều 5 Dự thảo Nghị định có quy định đề xuất về việc tổ chức cho người bị tạm giữ, người bị tạm giam là người nước ngoài tiếp xúc lãnh sự, tiếp xúc với tổ chức nhân đạo như sau:

- Bộ Ngoại giao là đầu mối tiếp nhận các yêu cầu về tiếp xúc lãnh sự, tiếp xúc với tổ chức nhân đạo. Cơ quan đại diện ngoại giao, cơ quan lãnh sự nước ngoài có yêu cầu tiếp xúc lãnh sự đối với người bị tạm giữ, người bị tạm giam là công dân nước mình hoặc tổ chức nhân đạo có yêu cầu tiếp xúc nhân đạo với người bị tạm giữ, người bị tạm giam là người nước ngoài phải gửi văn bản đề nghị đến Bộ Ngoại giao. Nội dung văn bản đề nghị gồm:

+ Tên cơ quan đại diện ngoại giao, cơ quan lãnh sự hoặc tên tổ chức nhân đạo gửi văn bản;

+ Họ và tên, quốc tịch người bị tạm giữ, người bị tạm giam cần tiếp xúc lãnh sự, tiếp xúc với tổ chức nhân đạo;

+ Cơ sở giam giữ đang quản lý người bị tạm giữ, người bị tạm giam;

+ Họ và tên, chức vụ, số hộ chiếu hoặc số thẻ ngoại giao của những người đến tiếp xúc lãnh sự, tiếp xúc nhân đạo với người bị tạm giữ, người bị tạm giam;

+ Họ và tên người phiên dịch (nếu có);

+ Nội dung tiếp xúc lãnh sự, tiếp xúc với tổ chức nhân đạo và các đề nghị khác (nếu có).

- Khi có đề nghị tiếp xúc lãnh sự, tiếp xúc với tổ chức nhân đạo, Bộ Ngoại giao có trách nhiệm thông báo nội dung tiếp xúc lãnh sự, tiếp xúc với tổ chức nhân đạo cho cơ quan đang thụ lý vụ án biết.

Trong thời hạn 02 ngày làm việc, kể từ ngày nhận được thông báo của Bộ Ngoại giao về đề nghị tiếp xúc lãnh sự, tiếp xúc với tổ chức nhân đạo đối với người bị tạm giữ, người bị tạm giam, cơ quan đang thụ lý vụ án có trách nhiệm chủ trì, phối hợp với cơ sở giam giữ trả lời bằng văn bản về việc đồng ý hoặc không đồng ý cho tiếp xúc lãnh sự, tiếp xúc với tổ chức nhân đạo và gửi Bộ Ngoại giao để Bộ Ngoại giao thông báo cho cơ quan ngoại giao, cơ quan lãnh sự, tổ chức nhân đạo; trường hợp không đồng ý thì nêu rõ lý do.

- Khi có đề nghị tiếp xúc lãnh sự, tiếp xúc với tổ chức nhân đạo đối với người bị tạm giam đang chờ chấp hành án phạt tù, người bị kết án tử hình đang chờ thi hành án, Bộ Ngoại giao có trách nhiệm thông báo nội dung tiếp xúc lãnh sự, tiếp xúc với tổ chức nhân đạo cho Cơ quan quản lý tạm giữ, tạm giam và cấm đi khỏi nơi cư trú Bộ Công an biết. Trong thời hạn 05 ngày, kể từ ngày nhận được thông báo của Bộ Ngoại giao về đề nghị tiếp xúc lãnh sự, tiếp xúc với tổ chức nhân đạo, Cơ quan quản lý tạm giữ, tạm giam và cấm đi khỏi nơi cư trú Bộ Công an có trách nhiệm chủ trì, phối hợp với cơ sở giam giữ đang quản lý người bị tạm giữ, người bị tạm giam trả lời bằng văn bản về việc đồng ý hoặc không đồng ý cho tiếp xúc lãnh sự, tiếp xúc với tổ chức nhân đạo và gửi Bộ Ngoại giao để Bộ Ngoại giao thông báo cho cơ quan ngoại giao, cơ quan lãnh sự, tổ chức nhân đạo; trường hợp không đồng ý thì nêu rõ lý do.

- Việc tiếp xúc lãnh sự, tiếp xúc với tổ chức nhân đạo phải chịu sự giám sát, theo dõi của cơ sở giam giữ. Trường hợp cơ quan đang thụ lý vụ án có yêu cầu giám sát, theo dõi việc tiếp xúc lãnh sự, tiếp xúc với tổ chức nhân đạo thì phối hợp với cơ sở giam giữ để giám sát, theo dõi.

>>> Xem chi tiết  Dự thảo Nghị định hướng dẫn Luật Thi hành tạm giữ tạm giam và cấm đi khỏi nơi cư trú

Tải về

* Trên đây là Thông tin về Toàn văn Dự thảo Nghị định hướng dẫn Luật Thi hành tạm giữ tạm giam và cấm đi khỏi nơi cư trú chi tiết ra sao?

Toàn văn Dự thảo Nghị định hướng dẫn Luật Thi hành tạm giữ tạm giam và cấm đi khỏi nơi cư trú chi tiết ra sao? (Hình từ Internet)

Căn cứ Điều 4  Luật Thi hành án hình sự 2019  quy định về nguyên tắc thi hành án hình sự như sau:

Điều 4. Nguyên tắc thi hành án hình sự

1. Tuân thủ Hiến pháp, pháp luật, bảo đảm lợi ích của Nhà nước, quyền, lợi ích hợp pháp của cơ quan, tổ chức, cá nhân.

2. Bản án, quyết định của Tòa án có hiệu lực pháp luật phải được cơ quan, tổ chức, cá nhân tôn trọng; cơ quan, tổ chức, cá nhân có liên quan phải nghiêm chỉnh chấp hành.

3. Bảo đảm nhân đạo xã hội chủ nghĩa; tôn trọng danh dự, nhân phẩm, quyền, lợi ích hợp pháp của người chấp hành án, người chấp hành biện pháp tư pháp, quyền, lợi ích hợp pháp của pháp nhân thương mại chấp hành án.

4. Kết hợp trừng trị và giáo dục cải tạo trong việc thi hành án; áp dụng biện pháp giáo dục cải tạo phải trên cơ sở tính chất, mức độ phạm tội, độ tuổi, sức khỏe, giới tính, trình độ học vấn và các đặc điểm nhân thân khác của người chấp hành án.

5. Thi hành án đối với người dưới 18 tuổi chủ yếu nhằm giáo dục, giúp đỡ họ sửa chữa sai lầm, phát triển lành mạnh và trở thành người có ích cho xã hội.

6. Khuyến khích người chấp hành án ăn năn hối cải, tích cực học tập, lao động cải tạo, tự nguyện bồi thường thiệt hại.

7. Bảo đảm quyền khiếu nại, tố cáo hành vi, quyết định trái pháp luật của cơ quan, người có thẩm quyền trong thi hành án hình sự.

8. Bảo đảm sự tham gia của cơ quan, tổ chức, cá nhân và gia đình trong hoạt động thi hành án hình sự, tái hòa nhập cộng đồng theo quy định của pháp luật.

Như vậy, thi hành án hình sự phải đảm bảo nguyên tắc sau đây:

- Tuân thủ Hiến pháp, pháp luật, bảo đảm lợi ích của Nhà nước, quyền, lợi ích hợp pháp của cơ quan, tổ chức, cá nhân.

- Bản án, quyết định của Tòa án có hiệu lực pháp luật phải được cơ quan, tổ chức, cá nhân tôn trọng; cơ quan, tổ chức, cá nhân có liên quan phải nghiêm chỉnh chấp hành.

- Bảo đảm nhân đạo xã hội chủ nghĩa; tôn trọng danh dự, nhân phẩm, quyền, lợi ích hợp pháp của người chấp hành án, người chấp hành biện pháp tư pháp, quyền, lợi ích hợp pháp của pháp nhân thương mại chấp hành án.

- Kết hợp trừng trị và giáo dục cải tạo trong việc thi hành án; áp dụng biện pháp giáo dục cải tạo phải trên cơ sở tính chất, mức độ phạm tội, độ tuổi, sức khỏe, giới tính, trình độ học vấn và các đặc điểm nhân thân khác của người chấp hành án.

- Thi hành án đối với người dưới 18 tuổi chủ yếu nhằm giáo dục, giúp đỡ họ sửa chữa sai lầm, phát triển lành mạnh và trở thành người có ích cho xã hội.

- Khuyến khích người chấp hành án ăn năn hối cải, tích cực học tập, lao động cải tạo, tự nguyện bồi thường thiệt hại.

- Bảo đảm quyền khiếu nại, tố cáo hành vi, quyết định trái pháp luật của cơ quan, người có thẩm quyền trong thi hành án hình sự.

- Bảo đảm sự tham gia của cơ quan, tổ chức, cá nhân và gia đình trong hoạt động thi hành án hình sự, tái hòa nhập cộng đồng theo quy định của pháp luật.

Căn cứ Điều 10  Luật Thi hành án hình sự 2019  quy định về các hành vi sau bị nghiêm cấm trong thi hành án hình sự:

- Phá hủy cơ sở quản lý, giam giữ; hủy hoại hoặc cố ý làm hư hỏng tài sản của cơ sở quản lý, giam giữ; tổ chức trốn hoặc trốn khỏi nơi quản lý, giam giữ; tổ chức trốn hoặc trốn khi đang bị áp giải, dẫn giải; đánh tháo phạm nhân, người chấp hành biện pháp tư pháp, người bị áp giải, dẫn giải.

- Không chấp hành quyết định thi hành án hình sự; cản trở hoặc chống lại việc thực hiện nội quy, quy chế về thi hành án hình sự hoặc quyết định, yêu cầu của cơ quan, người có thẩm quyền trong thi hành án hình sự.

- Tổ chức, kích động, xúi giục, lôi kéo, dụ dỗ, giúp sức, cưỡng bức người khác vi phạm pháp luật về thi hành án hình sự; trả thù, xâm phạm tính mạng, sức khỏe, danh dự, nhân phẩm, tài sản của người có trách nhiệm thi hành án hình sự.

- Không ra quyết định thi hành án hình sự; không thi hành quyết định trả tự do theo quy định của pháp luật và quyết định khác của cơ quan, người có thẩm quyền trong thi hành án hình sự.

- Đưa hối lộ, nhận hối lộ, môi giới hối lộ, nhũng nhiễu trong thi hành án hình sự.

- Tha trái pháp luật người đang bị giam, người bị áp giải thi hành án; thiếu trách nhiệm trong việc quản lý, canh gác, áp giải thi hành án để người chấp hành án phạt tù, án tử hình hoặc án phạt trục xuất trốn.

- Lợi dụng, lạm dụng chức vụ, quyền hạn để đề nghị miễn, giảm, hoãn, tạm đình chỉ, tha tù trước thời hạn có điều kiện, rút ngắn thời gian thử thách cho người không đủ điều kiện; không đề nghị cho người đủ điều kiện được miễn, giảm, hoãn, tạm đình chỉ, tha tù trước thời hạn có điều kiện, rút ngắn thời gian thử thách; đề nghị hoặc không đề nghị chấm dứt trước thời hạn việc chấp hành biện pháp tư pháp, hoãn, đình chỉ thi hành biện pháp tư pháp; cản trở người, pháp nhân thương mại chấp hành án thực hiện các quyền theo quy định của Luật này.

- Tra tấn và các hình thức đối xử hoặc trừng phạt tàn bạo, vô nhân đạo hoặc hạ nhục người chấp hành án, biện pháp tư pháp.

- Kỳ thị, phân biệt đối xử hoặc xâm phạm quyền, lợi ích hợp pháp của người, pháp nhân thương mại chấp hành án.

- Cấp hoặc từ chối cấp trái quy định của pháp luật quyết định, giấy chứng nhận, xác nhận hoặc giấy tờ khác về thi hành án hình sự.

- Làm sai lệch hồ sơ, sổ sách về thi hành án hình sự.

Trên đây là Thông tin về Toàn văn Dự thảo Nghị định hướng dẫn Luật Thi hành tạm giữ tạm giam và cấm đi khỏi nơi cư trú chi tiết ra sao?","trach-nhiem-hinh-su","","","","2026-03-28T08:53:00","https://thuvienphapluat.vn/hoi-dap-phap-luat/toan-van-du-thao-nghi-dinh-huong-dan-luat-thi-hanh-tam-giu-tam-giam-va-cam-di-khoi-noi-cu-tru-chi-t-138085102.html","2026-04-21T03:28:13.905847+00:00"
"138082152","Tình tiết trong cùng một lần quy định tại điểm c khoản 1 Điều 322 Bộ luật hình sự được hiểu thế nào?","Căn cứ theo Câu hỏi 8 Công văn 851/VKSTC-V2 năm 2026   Tải về  quy định về cách hiểu đúng về tình tiết ""trong cùng một lần"" quy định tại điểm c khoản 1 Điều 322 Bộ luật hình sự như sau:

Câu hỏi 8:  Cách hiểu đúng về tình tiết ""trong cùng một lần"" quy định tại điểm c khoản 1 Điều 322 Bộ luật hình sự.

Trả lời: Một lần có thể chỉ 1 hoặc bao gồm nhiều đợt, vì vậy “trong cùng một lần"" cần được hiểu là tham gia chơi trong một lô đề, tham gia cá độ trong một trận bóng đá, tham gia cá độ trong một kỳ đua ngựa...trong đó số tiền, hiện vật dùng đánh bạc để làm căn cứ xác định có cấu thành tội phạm hay không là số tiền mà tổng nhiều đợt có trị giá 20 triệu đồng trở lên.

Như vậy, cách hiểu đúng về tình tiết ""trong cùng một lần"" quy định tại điểm c khoản 1 Điều 322  Bộ luật hình sự 2015 .

Trả lời:  Một lần có thể chỉ 1 hoặc bao gồm nhiều đợt, vì vậy “trong cùng một lần"" cần được hiểu là tham gia chơi trong một lô đề, tham gia cá độ trong một trận bóng đá, tham gia cá độ trong một kỳ đua ngựa...trong đó số tiền, hiện vật dùng đánh bạc để làm căn cứ xác định có cấu thành tội phạm hay không là số tiền mà tổng nhiều đợt có trị giá 20 triệu đồng trở

Trên đây là thông tin: Tình tiết trong cùng một lần quy định tại điểm c khoản 1 Điều 322 Bộ luật hình sự được hiểu thế nào?

Tình tiết trong cùng một lần quy định tại điểm c khoản 1 Điều 322 Bộ luật hình sự được hiểu thế nào? (Hình từ Internet)

Căn cứ theo Điều 322  Bộ luật Hình sự 2015  được sửa đổi bởi khoản 121 Điều 1  Luật sửa đổi Bộ luật Hình sự 2017  quy định về tội tổ chức đánh bạc hoặc gá bạc bị truy cứu trách nhiệm hình sự như sau:

Khung 1:  Người nào tổ chức đánh bạc hoặc gá bạc trái phép thuộc một trong các trường hợp sau đây, thì bị phạt tiền từ 50.000.000 đồng đến 300.000.000 đồng hoặc phạt tù từ 01 năm đến 05 năm:

- Tổ chức cho 10 người đánh bạc trở lên trong cùng một lúc mà tổng số tiền, hiện vật dùng đánh bạc trị giá 5.000.000 đồng trở lên hoặc tổ chức 02 chiếu bạc trở lên trong cùng một lúc mà tổng số tiền, hiện vật dùng đánh bạc trị giá 5.000.000 đồng trở lên;

- Sử dụng địa điểm thuộc quyền sở hữu hoặc quản lý của mình để cho 10 người đánh bạc trở lên trong cùng một lúc mà tổng số tiền, hiện vật dùng đánh bạc trị giá 5.000.000 đồng trở lên hoặc cho 02 chiếu bạc trở lên trong cùng một lúc mà tổng số tiền, hiện vật dùng đánh bạc trị giá 5.000.000 đồng trở lên;

- Tổng số tiền, hiện vật dùng đánh bạc trong cùng 01 lần trị giá 20.000.000 đồng trở lên;

- Có tổ chức nơi cầm cố tài sản cho người tham gia đánh bạc; có lắp đặt trang thiết bị phục vụ cho việc đánh bạc hoặc phân công người canh gác, người phục vụ khi đánh bạc; sắp đặt lối thoát khi bị vây bắt, sử dụng phương tiện để trợ giúp cho việc đánh bạc;

- Đã bị xử phạt vi phạm hành chính về một trong các hành vi quy định tại Điều này hoặc hành vi quy định tại Điều 321  Bộ luật Hình sự 2015  hoặc đã bị kết án về tội này hoặc tội quy định tại Điều 321  Bộ luật Hình sự 2015 , chưa được xóa án tích mà còn vi phạm.

Khung 2:  Phạm tội thuộc một trong các trường hợp sau đây, thì bị phạt tù từ 05 năm đến 10 năm:

- Có tính chất chuyên nghiệp;

- Thu lợi bất chính 50.000.000 đồng trở lên;

- Sử dụng mạng internet, mạng máy tính, mạng viễn thông hoặc phương tiện điện tử để phạm tội;

- Tái phạm nguy hiểm.

Khung 3:  Người phạm tội còn có thể bị phạt tiền từ 20.000.000 đồng đến 100.000.000 đồng hoặc tịch thu một phần hoặc toàn bộ tài sản.

Căn cứ theo Điều 18  Bộ luật Hình sự 2015  quy định như sau:

Điều 18. Che giấu tội phạm

[...]

2. Người che giấu tội phạm là ông, bà, cha, mẹ, con, cháu, anh chị em ruột, vợ hoặc chồng của người phạm tội không phải chịu trách nhiệm hình sự theo quy định tại khoản 1 Điều này, trừ trường hợp che giấu các tội xâm phạm an ninh quốc gia hoặc tội đặc biệt nghiêm trọng khác quy định tại Điều 389 của Bộ luật này.

Như vậy, người che giấu tội phạm là ông, bà, cha, mẹ, con, cháu, anh chị em ruột, vợ hoặc chồng của người phạm tội không phải chịu trách nhiệm hình sự theo quy định tại khoản 1 Điều 18  Bộ luật Hình sự 2015 .

Trừ trường hợp che giấu các tội xâm phạm an ninh quốc gia hoặc tội đặc biệt nghiêm trọng khác quy định tại Điều 389  Bộ luật Hình sự 2015 .","trach-nhiem-hinh-su","","","","2026-03-03T19:20:00","https://thuvienphapluat.vn/hoi-dap-phap-luat/tinh-tiet-trong-cung-mot-lan-quy-dinh-tai-diem-c-khoan-1-dieu-322-bo-luat-hinh-su-duoc-hieu-the-nao-138082152.html","2026-04-21T03:28:21.226998+00:00"
"138082187","Dự thảo Thông tư quy định chi tiết chế độ gặp nhận quà và liên lạc của phạm nhân thế nào?","Ngày 27/02/25026, Cổng TTĐT Bộ Công an đã công bố hồ sơ Dự thảo Thông tư   Tải về   quy định chi tiết chế độ gặp nhận quà và liên lạc của phạm nhân để lấy ý kiến toàn dân.

Theo đó, tại Điều 4 Dự thảo Thông tư dự kiến đối tượng được gặp phạm nhân như sau:

- Người thân thích của phạm nhân quy định tại khoản 3 Điều 3  Luật Thi hành án hình sự năm 2025 . Mỗi lần đến gặp phạm nhân tối đa không quá 03 người thân thích, trường hợp đặc biệt do yêu cầu giáo dục cải tạo, Thủ trưởng cơ sở giam giữ phạm nhân có thể quyết định việc tăng số lượng người thân thích được gặp phạm nhân nhưng không quá 05 người và phải đảm bảo việc phạm nhân gặp người thân thích không làm ảnh hưởng đến an ninh, an toàn cơ sở giam giữ phạm nhân.

- Trường hợp đại diện cơ quan, tổ chức hoặc cá nhân khác đề nghị được gặp phạm nhân thì Thủ trưởng cơ sở giam giữ phạm nhân xem xét, giải quyết nếu xét thấy phù hợp với lợi ích hợp pháp của phạm nhân cũng như yêu cầu quản lý, giáo dục cải tạo phạm nhân và phòng, chống tội phạm.

Xem chi tiết Dự thảo Thông tư quy định chi tiết chế độ gặp nhận quà và liên lạc của phạm nhân

Tải về

Trên đây là thông tin về Dự thảo Thông tư quy định chi tiết chế độ gặp nhận quà và liên lạc của phạm nhân thế nào?

Dự thảo Thông tư quy định chi tiết chế độ gặp nhận quà và liên lạc của phạm nhân thế nào? (Hình từ Internet)

Căn cứ theo Điều 49  Luật Thi hành án hình sự 2025  có hiệu lực thi hành từ 01/7/2026 quy định về chế độ gặp nhận quà của phạm nhân như sau:

- Phạm nhân được gặp người thân thích 01 lần trong 01 tháng, mỗi lần gặp không quá 01 giờ. Căn cứ kết quả xếp loại chấp hành án, yêu cầu giáo dục cải tạo, thành tích lao động, học tập của phạm nhân. Giám thị trại giam, Giám thị trại tạm giam quyết định kéo dài thời gian gặp người thân thích nhưng không quá 03 giờ hoặc được gặp vợ, chồng ở phòng riêng không quá 24 giờ. Phạm nhân được khen thưởng hoặc lập công thì được gặp người thân thích thêm 01 lần trong 01 tháng.

Phạm nhân vi phạm nội quy cơ sở giam giữ phạm nhân thì 02 tháng được gặp người thân thích 01 lần, mỗi lần không quá 01 giờ.

Thời gian gặp người thân thích của phạm nhân được thực hiện theo giờ làm việc của cơ sở giam giữ phạm nhân trong tất cả các ngày, kể cả ngày nghỉ, lễ, tết.

- Trường hợp đại diện cơ quan, tổ chức hoặc cá nhân khác có đề nghị được gặp phạm nhân thì Giám thị trại giam, Giám thị trại tạm giam xem xét, quyết định.

- Người thân thích, đại diện cơ quan, tổ chức hoặc cá nhân khác quy định tại khoản 1 và khoản 2 Điều 49  Luật Thi hành án hình sự 2025  được gặp trực tiếp phạm nhân; trường hợp do tình trạng khẩn cấp, lý do bất khả kháng hoặc trở ngại khách quan hoặc không thể bố trí gặp trực tiếp thì có thể gặp bằng hình thức trực tuyến.

Giám thị trại giam, Giám thị trại tạm giam quyết định hình thức gặp người thân thích, đại diện cơ quan, tổ chức hoặc cá nhân khác.

- Khi gặp người thân thích, đại diện cơ quan, tổ chức hoặc cá nhân khác, phạm nhân được nhận thư, liên, đồ vật, trừ đồ vật thuộc danh mục đồ vật cấm. Đối với tiền, phạm nhân phải gửi trại giam, trại tạm giam quản lý.

Phạm nhân được nhận quà là tiền và đồ vật qua đường bưu chính, ngân hàng không quá 02 lần trong 01 tháng.

Giám thị trại giam, Giám thị trại tạm giam tổ chức tiếp nhận, kiểm tra định mức quà là đồ vật, loại bỏ các vật thuộc danh mục đồ vật cấm và giao đầy đủ cho phạm nhân; kiểm tra, phòng ngừa, ngăn chặn các hành vi chiếm đoạt quà, đồ dùng cá nhân của phạm nhân.

- Người thân thích của phạm nhân đến gặp phạm nhân phải mang theo sổ thăm gặp hoặc hình thức xác nhận khác. Trại giam, trại tạm giam phải phổ biến cho người thân thích của phạm nhân về quy định gặp phạm nhân; người thân thích của phạm nhân phải chấp hành các quy định này.

Đối với phạm nhân là người nước ngoài, trường hợp người thân thích là người nước ngoài thì phải có đơn xin gặp gửi cơ quan quản lý thi hành án hình sự, đơn phải viết bằng tiếng Việt hoặc được dịch ra tiếng Việt và có xác nhận của cơ quan đại diện ngoại giao hoặc lãnh sự của nước mà người đó có quốc tịch hoặc cơ quan đại diện của tổ chức quốc tế tại Việt Nam nơi người đó làm việc; trường hợp người thân thích là người Việt Nam thì đơn xin gặp phải có xác nhận của Công an cấp xã nơi người đó cư trú. Trong thời hạn 10 ngày kể từ ngày nhận được đơn, cơ quan quản lý thi hành án hình sự có trách nhiệm trả lời người có đơn; trường hợp đặc biệt có thể kéo dài nhưng thời hạn trả lời không quá 20 ngày.

Người thân thích của phạm nhân đăng ký gặp tại trại giam, trại tạm giam hoặc thăm gặp trực tuyến.

- Trại giam, trại tạm giam bố trí nơi phạm nhân gặp người thân thích, đại diện cơ quan, tổ chức hoặc cá nhân khác.

- Bộ trưởng Bộ Công an, Bộ trưởng Bộ Quốc phòng quy định chi tiết Điều 49  Luật Thi hành án hình sự 2025 .

Căn cứ tại khoản 1 Điều 41  Luật Thi hành án hình sự 2025  có hiệu lực thi hành từ 01/7/2026 xử lý phạm nhân vi phạm như sau:

Điều 41. Xử lý phạm nhân vi phạm

1. Phạm nhân vi phạm nội quy cơ sở giam giữ phạm nhân hoặc có hành vi vi phạm pháp luật thì tùy theo tính chất, mức độ vi phạm mà bị kỷ luật bằng một trong các hình thức sau đây:

a) Khiển trách:

b) Cảnh cáo:

c) Giam tại buồng kỷ luật đến 10 ngày.

[...]

Như vậy, phạm nhân vi phạm nội quy cơ sở giam giữ phạm nhân bị kỷ luật bằng một trong các hình thức sau đây:

- Khiển trách:

- Cảnh cáo:

- Giam tại buồng kỷ luật đến 10 ngày.","trach-nhiem-hinh-su","","","","2026-03-03T10:13:00","https://thuvienphapluat.vn/hoi-dap-phap-luat/du-thao-thong-tu-quy-dinh-chi-tiet-che-do-gap-nhan-qua-va-lien-lac-cua-pham-nhan-the-nao-138082187.html","2026-04-21T03:28:25.507283+00:00"
