"id","title","content","category","doc_type","doc_number","agency","published_date","url","crawled_at"
"138090193","Từ 1/7/2026 Giảm thời gian cấp giấy phép xây dựng còn 10 ngày làm việc đúng không?","Từ 1/7/2026 Giảm thời gian cấp giấy phép xây dựng còn 10 ngày làm việc đúng không?

Từ 1/7/2026, cơ quan có thẩm quyền cấp giấy phép xây dựng có các quyền nào?

Từ 1/7/2026, cơ quan có thẩm quyền cấp giấy phép xây dựng có trách nhiệm gì?

Căn cứ theo tiết b Tiểu mục 1.2 Mục 1 Phụ lục I.8 TẢI VỀ ban hành kèm theo Nghị quyết 66.18/2026/NQ-CP Tải về có nêu giảm thời gian cấp Giấy phép xây dựng, cụ thể như sau:

Căn cứ theo điểm e khoản 1 Điều 102 Luật Xây dựng 2014 được sửa đổi bởi điểm b khoản 36 Điều 1 Luật Xây dựng sửa đổi 2020 quy định như sau:

Như vậy, từ ngày 01/7/2026, giảm thời gian cấp giấy phép xây dựng từ 20 ngày còn 10 ngày làm việc kể từ ngày nhận đủ hồ sơ hợp lệ.

Đối với trường hợp điều chỉnh giấy phép xây dựng được giải quyết trong 09 ngày làm việc kể từ ngày nhận đủ hồ sơ hợp lệ (quy định hiện nay 20 ngày).

Còn trường hợp cấp, điều chỉnh giấy phép xây dựng nhà ở riêng lẻ được giải quyết trong 07 ngày làm việc kể từ khi nhận đủ hồ sơ hợp lệ (quy định hiện nay 15 ngày).

Xem thêm:

Toàn văn Nghị quyết 66.18/2026/NQ-CP phân quyền thủ tục hành chính của 11 ngành, lĩnh vực thế nào?

Tổng hợp chính sách mới Xây dựng năm 2026 chi tiết thế nào?

Từ 1/7/2026 Giảm thời gian cấp giấy phép xây dựng còn 10 ngày làm việc đúng không? (Hình từ Internet)

Căn cứ theo khoản 1 Điều 45 Luật Xây dựng 2025, từ ngày 01/7/2026, cơ quan có thẩm quyền cấp giấy phép xây dựng có các quyền sau đây:

- Yêu cầu chủ đầu tư, tổ chức, cá nhân lập thiết kế xây dựng cung cấp, giải trình, làm rõ các thông tin phục vụ cấp giấy phép xây dựng;

- Từ chối thực hiện yêu cầu làm sai lệch kết quả cấp giấy phép xây dựng hoặc các yêu cầu ngoài chức năng, nhiệm vụ, phạm vi công việc cấp giấy phép xây dựng theo quy định;

- Đối chiếu các điều kiện theo quy định của Luật Xây dựng 2025 để gửi văn bản lấy ý kiến của cơ quan quản lý nhà nước về các lĩnh vực liên quan đến công trình xây dựng theo quy định của pháp luật.

Căn cứ theo khoản 2 Điều 45 Luật Xây dựng 2025, từ ngày 01/7/2026, cơ quan có thẩm quyền cấp giấy phép xây dựng có trách nhiệm sau đây:

- Niêm yết công khai và giải thích, hướng dẫn các quy định của pháp luật về cấp giấy phép xây dựng;

- Theo dõi, trả kết quả hoặc thông báo cho chủ đầu tư về hồ sơ chưa đủ điều kiện để cấp giấy phép xây dựng;

- Cấp giấy phép xây dựng theo quy trình và trong thời hạn theo quy định;

- Chủ trì và phối hợp với cơ quan chức năng có liên quan kiểm tra việc thực hiện xây dựng theo giấy phép xây dựng; đình chỉ xây dựng, thu hồi giấy phép xây dựng theo thẩm quyền;

- Người có thẩm quyền cấp giấy phép xây dựng phải chịu trách nhiệm trước pháp luật và bồi thường thiệt hại do việc cấp giấy phép sai hoặc cấp giấy phép chậm theo quy định của pháp luật;

- Kiểm tra tính hợp lệ của hồ sơ đề nghị cấp phép xây dựng.

B. LĨNH VỰC HOẠT ĐỘNG XÂY DỰNG

Thời hạn giải quyết thủ tục cấp Giấy phép xây dựng, điều chỉnh Giấy phép xây dựng quy định tại điểm e khoản 1 Điều 102 Luật Xây dựng số 50/2014/QH13, được sửa đổi bởi điểm b khoản 36 Điều 1 Luật Xây dựng số 62/2020/QH14

1. Trong thời gian 10 ngày làm việc kể từ ngày nhận đủ hồ sơ hợp lệ đối với trường hợp cấp giấy phép xây dựng.

2. Trong thời gian 09 ngày làm việc kể từ ngày nhận đủ hồ sơ hợp lệ đối với trường hợp điều chỉnh giấy phép xây dựng:

3. Trong thời gian 07 ngày làm việc kể từ ngày nhận đủ hồ sơ hợp lệ đối với trường hợp cấp, điều chỉnh giấy phép xây dựng nhà ở riêng lẻ.

Điều 102. Quy trình cấp, cấp lại, điều chỉnh và gia hạn giấy phép xây dựng

1. Quy trình cấp giấy phép xây dựng và điều chỉnh giấy phép xây dựng được quy định như sau:

[...]

e) Kể từ ngày nhận đủ hồ sơ hợp lệ, cơ quan có thẩm quyền cấp giấy phép xây dựng phải xem xét hồ sơ để cấp giấy phép trong thời gian 20 ngày đối với trường hợp cấp giấy phép xây dựng công trình, bao gồm cả giấy phép xây dựng có thời hạn, giấy phép xây dựng điều chỉnh, giấy phép di dời và trong thời gian 15 ngày đối với nhà ở riêng lẻ. Trường hợp đến thời hạn cấp giấy phép nhưng cần phải xem xét thêm thì cơ quan cấp giấy phép xây dựng phải thông báo bằng văn bản cho chủ đầu tư biết lý do, đồng thời báo cáo cấp có thẩm quyền quản lý trực tiếp xem xét và chỉ đạo thực hiện, nhưng không được quá 10 ngày kể từ ngày hết hạn theo quy định tại khoản này. Thời gian cấp giấy phép xây dựng đối với công trình quảng cáo được thực hiện theo quy định của pháp luật về quảng cáo.

[...]","xay-dung-do-thi","","","","2026-05-21T00:00:00","https://thuvienphapluat.vn/hoi-dap-phap-luat/tu-172026-giam-thoi-gian-cap-giay-phep-xay-dung-con-10-ngay-lam-viec-dung-khong-138090193.html","2026-05-21T21:22:23.778430+00:00"
"138090866","Mức trích lập dự phòng bảo hành công trình xây dựng của doanh nghiệp bao nhiêu?","Mức trích lập dự phòng bảo hành công trình xây dựng của doanh nghiệp bao nhiêu?

Nguyên tắc chung trong trích lập các khoản dự phòng theo Thông tư 48 là gì?

Mức trích lập dự phòng nợ phải thu khó đòi bao nhiêu?

Như vậy, mức trích lập dự phòng bảo hành công trình xây dựng của doanh nghiệp không quá 05% trên giá trị hợp đồng đối với các công trình xây dựng.

Căn cứ theo Điều 7 Thông tư 48/2019/TT-BTC quy định về dự phòng bảo hành sản phẩm, hàng hóa, dịch vụ, công trình xây dựng như sau:

>>> Xem thêm: Công ty hoạt động thẩm tra thiết kế công trình xây dựng cần phải đáp ứng điều kiện nào?

>>> Xem thêm: Từ 1/7/2026 Công trình xây dựng được miễn giấy phép theo Luật Xây dựng 2014 có còn được miễn hay không?

Mức trích lập dự phòng bảo hành công trình xây dựng của doanh nghiệp bao nhiêu? (Hình từ Internet)

Tại Điều 3 Thông tư 48/2019/TT-BTC quy định nguyên tắc chung trong trích lập các khoản dự phòng như sau:

- Các khoản dự phòng quy định tại Thông tư này được tính vào chi phí được trừ khi xác định thu nhập chịu thuế thu nhập doanh nghiệp trong kỳ báo cáo năm để bù đắp tổn thất có thể xảy ra trong kỳ báo cáo năm sau; đảm bảo cho doanh nghiệp phản ánh giá trị hàng tồn kho, các khoản đầu tư không cao hơn giá trên thị trường và giá trị của các khoản nợ phải thu không cao hơn giá trị có thể thu hồi được tại thời điểm lập báo cáo tài chính năm.

- Thời điểm trích lập và hoàn nhập các khoản dự phòng là thời điểm lập báo cáo tài chính năm.

- Doanh nghiệp xem xét, quyết định việc xây dựng quy chế về quản lý vật tư, hàng hóa, quản lý danh mục đầu tư, quản lý công nợ để hạn chế các rủi ro trong kinh doanh, trong đó xác định rõ trách nhiệm của từng bộ phận, từng người trong việc theo dõi, quản lý vật tư, hàng hóa, các khoản đầu tư, thu hồi công nợ.

- Doanh nghiệp không trích lập dự phòng rủi ro cho các khoản đầu tư ra nước ngoài.

Tại khoản 2 Điều 6 Thông tư 48/2019/TT-BTC quy định mức trích lập dự phòng nợ phải thu khó đòi như sau:

[1] Đối với nợ phải thu quá hạn thanh toán, mức trích lập dự phòng như sau:

- 30% giá trị đối với khoản nợ phải thu quá hạn từ 6 tháng đến dưới 1 năm.

- 50% giá trị đối với khoản nợ phải thu quá hạn từ 1 năm đến dưới 2 năm.

- 70% giá trị đối với khoản nợ phải thu quá hạn từ 2 năm đến dưới 3 năm.

- 100% giá trị đối với khoản nợ phải thu từ 3 năm trở lên.

[2] Đối với doanh nghiệp kinh doanh dịch vụ viễn thông và doanh nghiệp kinh doanh bán lẻ hàng hóa, khoản nợ phải thu cước dịch vụ viễn thông, công nghệ thông tin, truyền hình trả sau và khoản nợ phải thu do bán lẻ hàng hóa theo hình thức trả chậm/trả góp của các đối tượng nợ là cá nhân đã quá hạn thanh toán mức trích lập dự phòng như sau:

- 30% giá trị đối với khoản nợ phải thu quá hạn từ 3 tháng đến dưới 6 tháng.

- 50% giá trị đối với khoản nợ phải thu quá hạn từ 6 tháng đến dưới 9 tháng.

- 70% giá trị đối với khoản nợ phải thu quá hạn từ 9 tháng đến dưới 12 tháng.

- 100% giá trị đối với khoản nợ phải thu từ 12 tháng trở lên.

[3] Đối với các khoản nợ phải thu chưa đến hạn thanh toán nhưng doanh nghiệp thu thập được các bằng chứng xác định tổ chức kinh tế đã phá sản, đã mở thủ tục phá sản, đã bỏ trốn khỏi địa điểm kinh doanh; đối tượng nợ đang bị các cơ quan pháp luật truy tố, giam giữ, xét xử hoặc đang thi hành án hoặc đang mắc bệnh hiểm nghèo (có xác nhận của bệnh viện) hoặc đã chết hoặc khoản nợ đã được doanh nghiệp yêu cầu thi hành án nhưng không thể thực hiện được do đối tượng nợ bỏ trốn khỏi nơi cư trú; khoản nợ đã được doanh nghiệp khởi kiện đòi nợ nhưng bị đình chỉ giải quyết vụ án thì doanh nghiệp tự dự kiến mức tổn thất không thu hồi được (tối đa bằng giá trị khoản nợ đang theo dõi trên sổ kế toán) để trích lập dự phòng.

Điều 7. Dự phòng bảo hành sản phẩm, hàng hóa, dịch vụ, công trình xây dựng

1. Đối tượng và điều kiện lập dự phòng: là những sản phẩm, hàng hóa, dịch vụ, công trình xây dựng do doanh nghiệp thực hiện đã bán, đã cung cấp hoặc đã bàn giao cho người mua còn trong thời hạn bảo hành và doanh nghiệp vẫn có nghĩa vụ phải tiếp tục sửa chữa, hoàn thiện, bảo hành theo hợp đồng hoặc cam kết với khách hàng.

2. Mức trích lập:

Doanh nghiệp dự kiến mức tổn thất để trích lập dự phòng bảo hành sản phẩm, hàng hóa, dịch vụ, công trình xây dựng đã tiêu thụ và dịch vụ đã cung cấp trong năm và tiến hành lập dự phòng cho từng loại sản phẩm, hàng hóa, dịch vụ, công trình xây dựng có cam kết bảo hành.

Tổng mức trích lập dự phòng bảo hành của các sản phẩm, hàng hóa, dịch vụ, công trình xây dựng theo cam kết với khách hàng nhưng tối đa không quá 05% tổng doanh thu tiêu thụ trong năm đối với các sản phẩm, hàng hóa, dịch vụ và không quá 05% trên giá trị hợp đồng đối với các công trình xây dựng.

[...]","xay-dung-do-thi","","","","2026-05-21T00:00:00","https://thuvienphapluat.vn/hoi-dap-phap-luat/muc-trich-lap-du-phong-bao-hanh-cong-trinh-xay-dung-cua-doanh-nghiep-bao-nhieu-138090866.html","2026-05-21T21:22:28.179148+00:00"
"138051494","Lịch Vạn niên 2026 - Lịch âm 2026 - Lịch dương 2026 chi tiết, đầy đủ 365 ngày tương ứng âm và dương?","Lịch Vạn niên 2026 - Lịch âm 2026 - Lịch dương 2026 chi tiết, đầy đủ 365 ngày tương ứng âm và dương?

Năm 2026, người lao động được nghỉ các ngày lễ, tết nào trong năm?

Người lao động có các quyền và nghĩa vụ gì?

Xem mới:

>>> Kịch bản sinh hoạt chi bộ tháng 5 2026 chi tiết ra sao?

>>> Tài liệu sinh hoạt chi bộ tháng 5/2026 chi tiết như thế nào?

>>> Nội dung trọng tâm sinh hoạt chi bộ Tháng 5/2026 chi tiết thế nào?

>>> Mẫu nội dung sinh hoạt chi bộ Tháng 5 năm 2026 chi tiết ra sao?

>>> Hướng dẫn sinh hoạt chi bộ tháng 5/2026 đầy đủ như thế nào?

Theo Lịch Vạn niên 2026 - Lịch âm 2026 - Lịch dương 2026, tết Âm lịch 2026 sẽ rơi vào các ngày sau:

- 29 tháng Chạp năm Ất Tỵ (29 Tết): Thứ hai, ngày 16/02/2026 dương lịch

- Mùng 1 tháng Giêng năm Bính Ngọ (Mùng 1 Tết): Thứ ba, ngày 17/02/2026 dương lịch

- Mùng 2 tháng Giêng năm Bính Ngọ (Mùng 2 Tết): Thứ tư, ngày 18/02/2026 dương lịch

- Mùng 3 tháng Giêng năm Bính Ngọ (Mùng 3 Tết): Thứ năm, ngày 19/02/2026 dương lịch

Dưới đây là Lịch Vạn niên 2026 - Lịch âm 2026 - Lịch dương 2026 chi tiết, đầy đủ 365 ngày tương ứng âm và dương:

Lịch Tháng 1 năm 2026

Lịch Tháng 2 năm 2026

Lịch Tháng 3 năm 2026

Lịch Tháng 4 năm 2026

Lịch Tháng 5 năm 2026

Lịch Tháng 6 năm 2026

Lịch Tháng 7 năm 2026

Lịch Tháng 8 năm 2026

Lịch Tháng 9 năm 2026

Lịch Tháng 10 năm 2026

Lịch Tháng 11 năm 2026

Lịch Tháng 12 năm 2026

XEM ĐẦY ĐỦ:

THÁNG 1/2026

>>> Xem lịch âm tháng 1 năm 2026 - Lịch vạn niên tháng 1 năm 2026 đầy đủ, chi tiết, mới nhất

>>> Lịch Dương Tháng 1 2026 chi tiết, chính xác nhất

THÁNG 2/2026

>>> Xem lịch âm tháng 2 năm 2026 - Lịch vạn niên tháng 2 năm 2026 đầy đủ, chi tiết, mới nhất

>>> Lịch Dương Tháng 2 2026 chi tiết, chính xác nhất

THÁNG 3/2026

>>> Xem lịch âm tháng 3 năm 2026 - Lịch vạn niên tháng 3 năm 2026 đầy đủ, chi tiết, mới nhất

>>> Lịch Dương Tháng 3 2026 chi tiết, chính xác nhất

THÁNG 4/2026

>>> Xem lịch âm tháng 4 năm 2026 - Lịch vạn niên tháng 4 năm 2026 đầy đủ, chi tiết, mới nhất

>>> Lịch Dương Tháng 4 2026 chi tiết, chính xác nhất

THÁNG 5/2026

>>> Xem lịch âm tháng 5 năm 2026 - Lịch vạn niên tháng 5 năm 2026 đầy đủ, chi tiết, mới nhất

>>> Lịch Dương Tháng 5 2026 chi tiết, chính xác nhất

THÁNG 6/2026

>>> Xem lịch âm tháng 6 năm 2026 - Lịch vạn niên tháng 6 năm 2026 đầy đủ, chi tiết, mới nhất

>>> Lịch Dương Tháng 6 2026 chi tiết, chính xác nhất

THÁNG 7/2026

>>> Xem lịch âm tháng 7 năm 2026 - Lịch vạn niên tháng 7 năm 2026 đầy đủ, chi tiết, mới nhất

>>> Lịch Dương Tháng 7 2026 chi tiết, chính xác nhất

THÁNG 8/2026

>>> Xem lịch âm tháng 8 năm 2026 - Lịch vạn niên tháng 8 năm 2026 đầy đủ, chi tiết, mới nhất

>>> Lịch Dương Tháng 8 2026 chi tiết, chính xác nhất

THÁNG 9/2026

>>> Xem lịch âm tháng 9 năm 2026 - Lịch vạn niên tháng 9 năm 2026 đầy đủ, chi tiết, mới nhất

>>> Lịch Dương Tháng 9 2026 chi tiết, chính xác nhất

THÁNG 10/2026

>>> Xem lịch âm tháng 10 năm 2026 - Lịch vạn niên tháng 10 năm 2026 đầy đủ, chi tiết, mới nhất

>>> Lịch Dương Tháng 10 2026 chi tiết, chính xác nhất

THÁNG 11/2026

>>> Xem lịch âm tháng 11 năm 2026 - Lịch vạn niên tháng 11 năm 2026 đầy đủ, chi tiết, mới nhất

>>> Lịch Dương Tháng 11 2026 chi tiết, chính xác nhất

THÁNG 12/2026

>>> Xem lịch âm tháng 12 năm 2026 - Lịch vạn niên tháng 12 năm 2026 đầy đủ, chi tiết, mới nhất

>>> Lịch Dương Tháng 12 2026 chi tiết, chính xác nhất

* Trên đây là Thông tin Lịch Vạn niên 2026 - Lịch âm 2026 - Lịch dương 2026 chi tiết, đầy đủ 365 ngày tương ứng âm và dương?

Lịch Vạn niên 2026 - Lịch âm 2026 - Lịch dương 2026 chi tiết, đầy đủ 365 ngày tương ứng âm và dương? (Hình từ Internet)

Căn cứ Điều 112 Bộ luật Lao động 2019 quy định về nghỉ lễ, tết như sau:

Như vậy, năm 2026 người lao động được nghỉ các ngày lễ, tết sau đây:

(1) Tết Dương lịch: 01 ngày (ngày 01 tháng 01 dương lịch);

(2) Tết Âm lịch: 05 ngày;

(3) Ngày Chiến thắng: 01 ngày (ngày 30 tháng 4 dương lịch);

(4) Ngày Quốc tế lao động: 01 ngày (ngày 01 tháng 5 dương lịch);

(5) Quốc khánh: 02 ngày (ngày 02 tháng 9 dương lịch và 01 ngày liền kề trước hoặc sau);

(6) Ngày Giỗ Tổ Hùng Vương: 01 ngày (ngày 10 tháng 3 âm lịch).

Ngoài ra, người lao động là người nước ngoài làm việc tại Việt Nam ngoài các ngày nghỉ nêu trên còn được nghỉ thêm 01 ngày Tết cổ truyền dân tộc và 01 ngày Quốc khánh của nước họ.

Lưu ý: Hằng năm, căn cứ vào điều kiện thực tế, Thủ tướng Chính phủ quyết định cụ thể ngày nghỉ quy định tại điểm b và điểm đ khoản 1 Điều 112 Bộ luật Lao động 2019

Căn cứ Điều 5 Bộ luật Lao động 2019 quy định cụ thể như sau:

Như vậy, người lao động có các quyền và nghĩa vụ như sau:

[1] Người lao động có các quyền sau đây:

- Làm việc; tự do lựa chọn việc làm, nơi làm việc, nghề nghiệp, học nghề, nâng cao trình độ nghề nghiệp; không bị phân biệt đối xử, cưỡng bức lao động, quấy rối tình dục tại nơi làm việc

- Hưởng lương phù hợp với trình độ, kỹ năng nghề trên cơ sở thỏa thuận với người sử dụng lao động; được bảo hộ lao động, làm việc trong điều kiện bảo đảm về an toàn, vệ sinh lao động; nghỉ theo chế độ, nghỉ hằng năm có hưởng lương và được hưởng phúc lợi tập thể

- Thành lập, gia nhập, hoạt động trong tổ chức đại diện người lao động, tổ chức nghề nghiệp và tổ chức khác theo quy định của pháp luật; yêu cầu và tham gia đối thoại, thực hiện quy chế dân chủ, thương lượng tập thể với người sử dụng lao động và được tham vấn tại nơi làm việc để bảo vệ quyền và lợi ích hợp pháp, chính đáng của mình; tham gia quản lý theo nội quy của người sử dụng lao động

- Từ chối làm việc nếu có nguy cơ rõ ràng đe dọa trực tiếp đến tính mạng, sức khỏe trong quá trình thực hiện công việc

- Đơn phương chấm dứt hợp đồng lao động

- Đình công

- Các quyền khác theo quy định của pháp luật

[2] Người lao động có các nghĩa vụ sau đây:

- Thực hiện hợp đồng lao động, thỏa ước lao động tập thể và thỏa thuận hợp pháp khác

- Chấp hành kỷ luật lao động, nội quy lao động; tuân theo sự quản lý, điều hành, giám sát của người sử dụng lao động

- Thực hiện quy định của pháp luật về lao động, việc làm, giáo dục nghề nghiệp, bảo hiểm xã hội, bảo hiểm y tế, bảo hiểm thất nghiệp và an toàn, vệ sinh lao động

Điều 112. Nghỉ lễ, tết

1. Người lao động được nghỉ làm việc, hưởng nguyên lương trong những ngày lễ, tết sau đây:

a) Tết Dương lịch: 01 ngày (ngày 01 tháng 01 dương lịch);

b) Tết Âm lịch: 05 ngày;

c) Ngày Chiến thắng: 01 ngày (ngày 30 tháng 4 dương lịch);

d) Ngày Quốc tế lao động: 01 ngày (ngày 01 tháng 5 dương lịch);

đ) Quốc khánh: 02 ngày (ngày 02 tháng 9 dương lịch và 01 ngày liền kề trước hoặc sau);

e) Ngày Giỗ Tổ Hùng Vương: 01 ngày (ngày 10 tháng 3 âm lịch).

2. Lao động là người nước ngoài làm việc tại Việt Nam ngoài các ngày nghỉ theo quy định tại khoản 1 Điều này còn được nghỉ thêm 01 ngày Tết cổ truyền dân tộc và 01 ngày Quốc khánh của nước họ.

3. Hằng năm, căn cứ vào điều kiện thực tế, Thủ tướng Chính phủ quyết định cụ thể ngày nghỉ quy định tại điểm b và điểm đ khoản 1 Điều này.

Điều 5. Quyền và nghĩa vụ của người lao động

1. Người lao động có các quyền sau đây:

a) Làm việc; tự do lựa chọn việc làm, nơi làm việc, nghề nghiệp, học nghề, nâng cao trình độ nghề nghiệp; không bị phân biệt đối xử, cưỡng bức lao động, quấy rối tình dục tại nơi làm việc;

b) Hưởng lương phù hợp với trình độ, kỹ năng nghề trên cơ sở thỏa thuận với người sử dụng lao động; được bảo hộ lao động, làm việc trong điều kiện bảo đảm về an toàn, vệ sinh lao động; nghỉ theo chế độ, nghỉ hằng năm có hưởng lương và được hưởng phúc lợi tập thể;

c) Thành lập, gia nhập, hoạt động trong tổ chức đại diện người lao động, tổ chức nghề nghiệp và tổ chức khác theo quy định của pháp luật; yêu cầu và tham gia đối thoại, thực hiện quy chế dân chủ, thương lượng tập thể với người sử dụng lao động và được tham vấn tại nơi làm việc để bảo vệ quyền và lợi ích hợp pháp, chính đáng của mình; tham gia quản lý theo nội quy của người sử dụng lao động;

d) Từ chối làm việc nếu có nguy cơ rõ ràng đe dọa trực tiếp đến tính mạng, sức khỏe trong quá trình thực hiện công việc;

[....]","xay-dung-do-thi","","","","2026-05-20T00:00:00","https://thuvienphapluat.vn/hoi-dap-phap-luat/lich-van-nien-2026--lich-am-2026--lich-duong-2026-chi-tiet-day-du-365-ngay-tuong-ung-am-va-duong-138051494.html","2026-05-21T21:24:28.274330+00:00"
"138051550","Lịch nghỉ lễ 2026 - Tổng hợp các ngày lễ 2026 ở Việt Nam chi tiết ra sao?","Lịch nghỉ lễ 2026 - Tổng hợp các ngày lễ 2026 ở Việt Nam chi tiết ra sao?

Tổ chức làm việc theo ca phải bố trí ít nhất mấy người?

Người lao động làm việc chưa đủ 12 tháng thì số ngày nghỉ hằng năm được xác định như thế nào?

Mới nhất:

>>> Tổng hợp các ngày nghỉ làm hưởng nguyên lương trong năm 2026

>>> Lịch nghỉ lễ Ngày Văn hoá Việt Nam 2026 chi tiết ra sao rơi vào thứ mấy?

Xem mới:

>>> Tết âm lịch 2026 đếm ngược? Giao thừa 2026 đếm ngược? Năm bính ngọ 2026 có bao nhiêu ngày?

Xem mới:

>>> Tháng 1 2026 có ngày lễ sự kiện gì? Tổng hợp các ngày lễ, sự kiện tháng 1/2026 trong nước và quốc tế ra sao?

>>> Chính thức: Lịch nghỉ Tết dương lịch 2026 của cán bộ, công chức, viên chức, người lao động và học sinh

>>> Lịch nghỉ Tết Dương lịch 2026 chính thức 4 ngày

>>> Công văn 12729/VPCP-KGVX Chính thức nghỉ Tết Dương lịch 2026 4 ngày đối với công chức, viên chức

>>> Lịch nghỉ Tết Dương lịch chính thức 2026 nếu được thông qua

>>> Tết dương lịch 2026 được nghỉ 1 ngày hay 4 ngày?

>>> Tại sao Tết Dương lịch 2026 được nghỉ 4 ngày liên tục?

>>> Bộ Nội vụ đề xuất hoán đổi ngày làm việc để Tết Dương lịch 2026 được nghỉ 4 ngày

Lịch nghỉ lễ 2026 - Tổng hợp các ngày lễ 2026 ở Việt Nam chi tiết dưới đây:

Các ngày nghỉ lễ được hưởng nguyên lương trong năm 2026

Căn cứ Điều 112 Bộ luật Lao động 2019 quy định về nghỉ lễ, tết, năm 2026 người lao động được nghỉ các ngày lễ, tết sau đây:

(1) Tết Dương lịch: 01 ngày (ngày 01 tháng 01 dương lịch);

(2) Tết Âm lịch: 05 ngày;

(3) Ngày Chiến thắng: 01 ngày (ngày 30 tháng 4 dương lịch);

(4) Ngày Quốc tế lao động: 01 ngày (ngày 01 tháng 5 dương lịch);

(5) Quốc khánh: 02 ngày (ngày 02 tháng 9 dương lịch và 01 ngày liền kề trước hoặc sau);

(6) Ngày Giỗ Tổ Hùng Vương: 01 ngày (ngày 10 tháng 3 âm lịch).

Lưu ý: Hằng năm, căn cứ vào điều kiện thực tế, Thủ tướng Chính phủ quyết định cụ thể ngày nghỉ Tết Âm lịch và Quốc khánh.

Các ngày lễ, sự kiện khác trong năm tại Việt Nam và quốc tế

Danh sách các ngày lễ Dương lịch 2026

Thứ

Dương lịch

Âm lịch

Tên ngày lễ

Thứ Năm

1/1/2026

13/11/2025

Tết Dương lịch năm 2026

Thứ Ba

6/1/2026

18/11/2025

Tổng tuyển cử quốc hội khóa đầu tiên của nước Việt Nam năm 2026

Thứ Sáu

9/1/2026

21/11/2025

Ngày Học sinh - Sinh viên Việt Nam năm 2026

Chủ Nhật

11/1/2026

23/11/2025

Việt Nam chính thức gia nhập WTO năm 2026

Thứ Ba

27/1/2026

9/12/2025

Ký Hiệp định Pari chấm dứt chiến tranh ở Việt Nam năm 2026

Thứ Ba

3/2/2026

16/12/2025

Ngày thành lập Đảng Cộng sản Việt Nam năm 2026

Thứ Tư

4/2/2026

17/12/2025

Ngày thống nhất các tổ chức mặt trận thành mặt trận Tổ quốc Việt Nam năm 2026

Thứ Bảy

14/2/2026

27/12/2025

Ngày lễ tình nhân (Valentine) năm 2026

Thứ Sáu

20/2/2026

4/1/2026

Ngày Công bằng xã hội thế giới năm 2026

Thứ Bảy

21/2/2026

5/1/2026

Ngày Ngôn ngữ mẹ đẻ Quốc tế năm 2026

Thứ Sáu

27/2/2026

11/1/2026

Ngày thầy thuốc Việt Nam năm 2026

Chủ Nhật

8/3/2026

20/1/2026

Ngày Quốc tế Phụ nữ năm 2026

Thứ Năm

19/3/2026

1/2/2026

Ngày toàn quốc chống Mỹ năm 2026

Thứ Sáu

20/3/2026

2/2/2026

Ngày Quốc Tế hạnh phúc năm 2026

Thứ Bảy

21/3/2026

3/2/2026

Ngày Hội chứng Down thế giới và Ngày Quốc tế xóa bỏ phân biệt chủng tộc năm 2026

Chủ Nhật

22/3/2026

4/2/2026

Ngày Nước sạch Thế giới năm 2026

Thứ Hai

23/3/2026

5/2/2026

Ngày Khí tượng Thế giới năm 2026

Thứ Năm

26/3/2026

8/2/2026

Ngày thành lập Đoàn TNCS Hồ Chí Minh năm 2026

Thứ Sáu

27/3/2026

9/2/2026

Ngày Thể Thao Việt Nam năm 2026

Thứ Tư

1/4/2026

14/2/2026

Ngày Cá tháng Tư năm 2026

Thứ Bảy

4/4/2026

17/2/2026

Ngày Quốc tế Nhận thức bom mìn và Hỗ trợ bằng hành động chống bom mìn năm 2026

Chủ Nhật

5/4/2026

18/2/2026

Tết Thanh minh năm 2026

Thứ Ba

7/4/2026

20/2/2026

Ngày Y tế Thế giới năm 2026

Thứ Ba

14/4/2026

27/2/2026

Tết Dân tộc Khmer Nam Bộ năm 2026

Thứ Tư

22/4/2026

6/3/2026

Ngày Trái đất năm 2026

Thứ Năm

23/4/2026

7/3/2026

Ngày Sách và Bản quyền Thế giới năm 2026

Chủ Nhật

26/4/2026

10/3/2026

Ngày Sở hữu trí tuệ thế giới năm 2026

Thứ Năm

30/4/2026

14/3/2026

Ngày giải phóng miền Nam năm 2026

Thứ Sáu

1/5/2026

15/3/2026

Ngày Quốc tế Lao động năm 2026

Chủ Nhật

3/5/2026

17/3/2026

Ngày Tự do Báo chí thế giới năm 2026

Thứ Ba

5/5/2026

19/3/2026

Ngày sinh Các - Mác năm 2026

Thứ Năm

7/5/2026

21/3/2026

Ngày chiến thắng Điện Biên Phủ năm 2026

Thứ Sáu

15/5/2026

29/3/2026

Ngày thành lập Đội Thiếu niên Tiền phong Hồ Chí Minh năm 2026

Chủ Nhật

17/5/2026

1/4/2026

Ngày Xã hội Thông tin Thế giới năm 2026

Thứ Ba

19/5/2026

3/4/2026

Ngày sinh chủ tịch Hồ Chí Minh năm 2026

Thứ Năm

21/5/2026

5/4/2026

Ngày Thế giới về Đa dạng Văn hóa vì Đối thoại và Phát triển năm 2026

Thứ Sáu

22/5/2026

6/4/2026

Ngày quốc tế Đa dạng sinh học năm 2026

Thứ Sáu

29/5/2026

13/4/2026

Ngày Quốc tế Gìn giữ hòa bình Liên Hiệp Quốc năm 2026

Chủ Nhật

31/5/2026

15/4/2026

Ngày Thế giới không thuốc lá năm 2026

Thứ Hai

1/6/2026

16/4/2026

Ngày Quốc tế thiếu nhi năm 2026

Thứ Năm

4/6/2026

19/4/2026

Ngày Quốc tế của trẻ em vô tội và là nạn nhân bị xâm lược năm 2026

Thứ Sáu

5/6/2026

20/4/2026

Ngày Môi trường Thế giới năm 2026

Thứ Tư

17/6/2026

3/5/2026

Ngày Thế giới chống sa mạc hóa và hạn hán năm 2026

Thứ Bảy

20/6/2026

6/5/2026

Ngày Tị nạn Thế giới năm 2026

Chủ Nhật

21/6/2026

7/5/2026

Ngày báo chí Việt Nam năm 2026

Thứ Ba

23/6/2026

9/5/2026

Ngày Dịch vụ Công cộng Liên Hiệp Quốc năm 2026

Chủ Nhật

28/6/2026

14/5/2026

Ngày gia đình Việt Nam năm 2026

Thứ Năm

2/7/2026

18/5/2026

Quốc hội Khóa VI quyết nghị lấy tên nước là Cộng hòa Xã hội Chủ nghĩa Việt Nam năm 2026

Thứ Hai

6/7/2026

22/5/2026

Ngày Hôn thế giới năm 2026

Thứ Bảy

11/7/2026

27/5/2026

Ngày dân số thế giới năm 2026

Thứ Tư

15/7/2026

2/6/2026

Ngày truyền thống Thanh niên xung phong năm 2026

Thứ Hai

27/7/2026

14/6/2026

Ngày Thương binh liệt sĩ năm 2026

Thứ Ba

28/7/2026

15/6/2026

Ngày thành lập công đoàn Việt Nam năm 2026

Chủ Nhật

9/8/2026

27/6/2026

Ngày Quốc tế của người thổ dân thế giới năm 2026

Thứ Tư

12/8/2026

30/6/2026

Ngày Quốc tế Thanh Thiếu niên năm 2026

Thứ Tư

19/8/2026

7/7/2026

Ngày tổng khởi nghĩa năm 2026

Chủ Nhật

23/8/2026

11/7/2026

Ngày Quốc tế tưởng niệm việc buôn bán nô lệ và việc hủy bỏ nó năm 2026

Thứ Ba

25/8/2026

13/7/2026

Bảo Đại thoái vị năm 2026

Chủ Nhật

30/8/2026

18/7/2026

Ngày sinh tỷ phú Warren Edward Buffett năm 2026

Thứ Ba

1/9/2026

20/7/2026

Chiến tranh thế giới thứ hai bùng nổ năm 2026

Thứ Tư

2/9/2026

21/7/2026

Ngày Quốc Khánh năm 2026

Thứ Năm

10/9/2026

29/7/2026

Ngày thành lập Mặt trận Tổ quốc Việt Nam năm 2026

Thứ Bảy

12/9/2026

2/8/2026

Chiến dịch Xô Viết Nghệ Tĩnh năm 2026

Thứ Ba

15/9/2026

5/8/2026

Ngày Quốc tế Dân chủ năm 2026

Thứ Tư

16/9/2026

6/8/2026

Ngày Quốc tế Bảo vệ Tầng ôzôn năm 2026

Chủ Nhật

20/9/2026

10/8/2026

Việt Nam gia nhập Liên Hiệp Quốc năm 2026

Thứ Hai

21/9/2026

11/8/2026

Ngày Quốc tế Hòa bình năm 2026

Thứ Tư

23/9/2026

13/8/2026

Ngày Nam Bộ kháng chiến năm 2026

Chủ Nhật

27/9/2026

17/8/2026

Khởi nghĩa Bắc Sơn năm 2026

Thứ Năm

1/10/2026

21/8/2026

Ngày quốc tế người cao tuổi năm 2026

Thứ Sáu

2/10/2026

22/8/2026

Ngày Quốc tế bất bạo động năm 2026

Chủ Nhật

4/10/2026

24/8/2026

Ngày Động vật thế giới năm 2026

Thứ Hai

5/10/2026

25/8/2026

Ngày Nhà giáo thế giới năm 2026

Thứ Sáu

9/10/2026

29/8/2026

Ngày Bưu chính Thế giới năm 2026

Thứ Ba

13/10/2026

4/9/2026

Ngày doanh nhân Việt Nam năm 2026

Thứ Tư

14/10/2026

5/9/2026

Ngày thành lập Hội Nông dân Việt Nam năm 2026

Thứ Năm

15/10/2026

6/9/2026

Ngày truyền thống Hội liên hiệp Thanh niên Việt Nam năm 2026

Thứ Sáu

16/10/2026

7/9/2026

Ngày Lương thực thế giới năm 2026

Thứ Bảy

17/10/2026

8/9/2026

Ngày quốc tế xóa nghèo năm 2026

Thứ Ba

20/10/2026

11/9/2026

Ngày Phụ nữ Việt Nam năm 2026

Thứ Bảy

31/10/2026

22/9/2026

Ngày Hallowen năm 2026

Thứ Hai

9/11/2026

1/10/2026

Ngày pháp luật Việt Nam năm 2026

Thứ Sáu

20/11/2026

12/10/2026

Ngày Nhà giáo Việt Nam năm 2026

Thứ Hai

23/11/2026

15/10/2026

Ngày thành lập Hội chữ thập đỏ Việt Nam năm 2026

Thứ Bảy

28/11/2026

20/10/2026

Ngày Lâm nghiệp Việt Nam năm 2026

Thứ Ba

1/12/2026

23/10/2026

Ngày thế giới phòng chống AIDS năm 2026

Thứ Tư

2/12/2026

24/10/2026

Ngày Quốc tế Giải phóng Nô lệ năm 2026

Thứ Hai

7/12/2026

29/10/2026

Ngày Hàng không Dân dụng Quốc tế năm 2026

Thứ Tư

9/12/2026

1/11/2026

Ngày Quốc tế chống Tham nhũng năm 2026

Thứ Bảy

19/12/2026

11/11/2026

Ngày toàn quốc kháng chiến năm 2026

Thứ Ba

22/12/2026

14/11/2026

Ngày thành lập quân đội nhân dân Việt Nam năm 2026

Thứ Năm

24/12/2026

16/11/2026

Lễ Giáng sinh (Noen) năm 2026

Danh sách các ngày lễ Âm lịch 2026

Thứ

Âm lịch

Dương lịch

Tên ngày lễ

Thứ Ba

1/1/2026

17/2/2026

Tết Nguyên Đán năm 2026

Thứ Sáu

4/1/2026

20/2/2026

Lễ hội Đồng Kỵ (Bắc Ninh) năm 2026

Thứ Bảy

5/1/2026

21/2/2026

Lễ hội gò Đống Đa năm 2026

Chủ Nhật

6/1/2026

22/2/2026

Hội Gióng Sóc Sơn (Hà Nội), Khai hội chùa Hương năm 2026

Thứ Hai

7/1/2026

23/2/2026

Hội chợ Viềng (Nam Định), Lễ hội đầm Ô Loan (Phú Yên) năm 2026

Thứ Ba

8/1/2026

24/2/2026

Lễ hội đền Vua Bà (Hòa Bình) năm 2026

Thứ Tư

9/1/2026

25/2/2026

Lễ hội Đức Chí Tôn (Tây Ninh) năm 2026

Thứ Năm

10/1/2026

26/2/2026

Khai hội Yên Tử (Quảng Ninh) năm 2026

Chủ Nhật

13/1/2026

1/3/2026

Hội Lim (Tiên Du - Bắc Ninh) năm 2026

Thứ Hai

14/1/2026

2/3/2026

Lễ hội Bà Chúa Kho (Bắc Ninh) năm 2026

Thứ Ba

15/1/2026

3/3/2026

Tết Nguyên tiêu năm 2026

Thứ Năm

17/1/2026

5/3/2026

Lễ hội chọi trâu (Vĩnh Phúc) năm 2026

Chủ Nhật

27/1/2026

15/3/2026

Lễ Cầu tháng Giêng (Phú Thọ) năm 2026

Thứ Hai

28/1/2026

16/3/2026

Hội làng Bùi (Bắc Ninh) năm 2026

Thứ Sáu

2/2/2026

20/3/2026

Lễ hội Chùa Trầm năm 2026

Thứ Năm

8/2/2026

26/3/2026

Hội làng Long Khám (Bắc Ninh) năm 2026

Thứ Bảy

10/2/2026

28/3/2026

Lễ hội đình Yên Phụ (Hà Nội) năm 2026

Thứ Hai

12/2/2026

30/3/2026

Hội chọi trâu Phù Ninh (Phú Thọ), Lễ hội Làng rèn Tây Phương Danh (Bình Định) năm 2026

Thứ Ba

13/2/2026

31/3/2026

Lễ hội Hoa Ban (Lai Châu) năm 2026

Thứ Tư

14/2/2026

1/4/2026

Lễ hội chùa Vĩnh Nghiêm (Bắc Giang) năm 2026

Thứ Hai

19/2/2026

6/4/2026

Lễ hội Quan Thế Âm (Đà Nẵng) năm 2026

Thứ Năm

22/2/2026

9/4/2026

Hội đình Trúc Tay (Bắc Giang) năm 2026

Thứ Ba

27/2/2026

14/4/2026

Hội chùa Sàn (Lục Nam, Bắc Giang) năm 2026

Chủ Nhật

3/3/2026

19/4/2026

Tết Hàn thực năm 2026

Thứ Tư

6/3/2026

22/4/2026

Lễ hội Cố đô Hoa Lư (Ninh Bình) năm 2026

Thứ Năm

7/3/2026

23/4/2026

Lễ hội chùa Thầy (Hà Nội) năm 2026

Thứ Bảy

9/3/2026

25/4/2026

Lễ hội Nam Trì (Hưng Yên) năm 2026

Chủ Nhật

10/3/2026

26/4/2026

Giỗ tổ Hùng Vương năm 2026

Thứ Sáu

15/3/2026

1/5/2026

Hội làng Đông Hồ (Bắc Ninh) năm 2026

Thứ Hai

18/3/2026

4/5/2026

Hội Đậu (Bắc Ninh) năm 2026

Thứ Bảy

23/3/2026

9/5/2026

Hội chùa Bút Tháp (Bắc Ninh) năm 2026

Thứ Tư

27/3/2026

13/5/2026

Hội thả chim bồ câu (Bắc Ninh) năm 2026

Chủ Nhật

1/4/2026

17/5/2026

Lễ hội làng cá Cát Bà (Hải Phòng) năm 2026

Chủ Nhật

8/4/2026

24/5/2026

Lễ hội chùa Dâu (Bắc Ninh) năm 2026

Thứ Hai

9/4/2026

25/5/2026

Hội Gióng Phù Đổng (Hà Nội) năm 2026

Thứ Ba

10/4/2026

26/5/2026

Hội làng Cựu Ấp (Vĩnh Phúc) năm 2026

Thứ Bảy

14/4/2026

30/5/2026

Tết Dân tộc Khmer năm 2026

Chủ Nhật

15/4/2026

31/5/2026

Lễ Phật Đản năm 2026

Thứ Sáu

5/5/2026

19/6/2026

Tết Đoan Ngọ năm 2026

Thứ Ba

9/5/2026

23/6/2026

Lễ hội đình Châu Phú (An Giang) năm 2026

Thứ Tư

10/5/2026

24/6/2026

Lễ hội cúng biển Mỹ Long (Trà Vinh) năm 2026

Chủ Nhật

14/5/2026

28/6/2026

Lễ hội đình – đền Chèm (Hà Nội) năm 2026

Thứ Ba

1/6/2026

14/7/2026

Lễ hội đình Trà Cổ (Quảng Ninh) năm 2026

Thứ Năm

10/6/2026

23/7/2026

Hội kéo ngựa gỗ (Hải Phòng) năm 2026

Thứ Tư

7/7/2026

19/8/2026

Lễ Thất Tịch năm 2026

Thứ Năm

15/7/2026

27/8/2026

Lễ Vu Lan, Tết Trung nguyên năm 2026

Thứ Sáu

1/8/2026

11/9/2026

Tết Katê năm 2026

Thứ Hai

4/8/2026

14/9/2026

Lễ hội Đình Châm Khê (Bắc Ninh) năm 2026

Thứ Bảy

9/8/2026

19/9/2026

Lễ hội chọi trâu (Đồ Sơn, Hải Phòng) năm 2026

Chủ Nhật

10/8/2026

20/9/2026

Hội Thị Cầu (Bắc Ninh) năm 2026

Thứ Sáu

15/8/2026

25/9/2026

Tết Trung Thu năm 2026

Chủ Nhật

9/9/2026

18/10/2026

Tết Trùng Cửu năm 2026

Thứ Năm

13/9/2026

22/10/2026

Lễ hội chùa Keo (Thái Bình) năm 2026

Thứ Năm

20/9/2026

29/10/2026

Hội đền Bắc Lệ (Lạng Sơn) năm 2026

Thứ Bảy

29/9/2026

7/11/2026

Hội Đại Bái (Bắc Ninh) năm 2026

Thứ Tư

10/10/2026

18/11/2026

Tết Trùng Thập năm 2026

Thứ Hai

15/10/2026

23/11/2026

Tết Hạ Nguyên (Tết cơm mới) năm 2026

Thứ Tư

8/11/2026

16/12/2026

Hội chùa Canh Bầu (Bắc Giang) năm 2026

Thứ Sáu

10/11/2026

18/12/2026

Tết cơm mới của người La Hủ (Lai Châu) năm 2026

Thứ Ba

14/11/2026

22/12/2026

Lễ hội đền Nguyễn Công Trứ (Ninh Bình) năm 2026

Thứ Tư

15/11/2026

23/12/2026

Hội Đình Phường Bông (Nam Định) năm 2026

Thứ Bảy

25/11/2026

2/1/2027

Hội Vân Lệ (Thanh Hóa) năm 2026

Thứ Ba

12/12/2026

19/1/2027

Hội Mậu Lân (Vĩnh Phúc) năm 2026

Thứ Bảy

23/12/2026

30/1/2027

Ông Táo chầu trời năm 2026

Thứ Năm

28/12/2026

4/2/2027

Hội Bạch Lưu (Vĩnh Phúc) năm 2026

* Trên đây là Thông tin Lịch nghỉ lễ 2026 - Tổng hợp các ngày lễ 2026 ở Việt Nam chi tiết ra sao?

Lịch nghỉ lễ 2026 - Tổng hợp các ngày lễ 2026 ở Việt Nam chi tiết ra sao? (Hình từ Internet)

Căn cứ khoản 3 Điều 63 Nghị định 145/2020/NĐ-CP có quy định về ca làm việc và tổ chức làm việc theo ca như sau:

Như vậy, tổ chức làm việc theo ca là việc bố trí ít nhất 02 người hoặc 02 nhóm người thay phiên nhau làm việc trên cùng một vị trí làm việc, tính trong thời gian 01 ngày (24 giờ liên tục).

Căn cứ theo khoản 2 Điều 113 Bộ luật Lao động 2019 quy định về nghỉ hằng năm như sau:

Như vậy, theo quy định trên thì người lao động làm việc chưa đủ 12 tháng thì số ngày nghỉ hằng năm được tính theo tỷ lệ tương ứng với số tháng làm việc.

Điều 63. Ca làm việc và tổ chức làm việc theo ca

1. Ca làm việc là khoảng thời gian làm việc của người lao động từ khi bắt đầu nhận nhiệm vụ cho đến khi kết thúc và bàn giao nhiệm vụ cho người khác, bao gồm cả thời gian làm việc và thời gian nghỉ giữa giờ.

2. Tổ chức làm việc theo ca là việc bố trí ít nhất 02 người hoặc 02 nhóm người thay phiên nhau làm việc trên cùng một vị trí làm việc, tính trong thời gian 01 ngày (24 giờ liên tục).

[....]

Điều 113. Nghỉ hằng năm

[.....]

2. Người lao động làm việc chưa đủ 12 tháng cho một người sử dụng lao động thì số ngày nghỉ hằng năm theo tỷ lệ tương ứng với số tháng làm việc.

[....]","xay-dung-do-thi","","","","2026-05-20T00:00:00","https://thuvienphapluat.vn/hoi-dap-phap-luat/lich-nghi-le-2026--tong-hop-cac-ngay-le-2026-o-viet-nam-chi-tiet-ra-sao-138051550.html","2026-05-21T21:24:48.433042+00:00"
"138057531","Lịch Vạn niên 2027 - Lịch âm 2027 - Lịch dương 2027 chi tiết, đầy đủ 365 ngày tương ứng âm và dương?","Lịch Vạn niên 2027 - Lịch âm 2027 - Lịch dương 2027 chi tiết, đầy đủ 365 ngày tương ứng âm và dương?

Người lao động được nghỉ việc riêng mà vẫn hưởng nguyên lương khi nào?

Chính sách của Nhà nước về lao động cụ thể ra sao?

Căn cứ Điều 112 Bộ luật Lao động 2019 quy định về nghỉ lễ, tết như sau:

Theo Bộ luật Lao động 2019, người lao động được nghỉ Tết Âm lịch tối thiểu 5 ngày. Hằng năm, căn cứ vào tình hình thực tế, Thủ tướng Chính phủ sẽ quyết định cụ thể lịch nghỉ Tết.

Lịch Vạn niên 2027 - Lịch âm 2027 - Lịch dương 2027, tết Âm lịch 2027 sẽ rơi vào các ngày sau:

- Mùng 1 Tết Nguyên Đán 2027 sẽ rơi vào Thứ bảy, ngày 06 tháng 02 năm 2027 dương lịch.

- Mùng 2 Tết Nguyên Đán 2027 sẽ rơi vào Chủ nhật, ngày 07 tháng 02 năm 2027 dương lịch.

- Mùng 3 Tết Nguyên Đán 2027 sẽ rơi vào Thứ hai, ngày 08 tháng 02 năm 2027 dương lịch.

Dưới đây là Lịch Vạn niên 2027 - Lịch âm 2027 - Lịch dương 2027 chi tiết, đầy đủ 365 ngày tương ứng âm và dương:

Lịch Tháng 1 năm 2027

Lịch Tháng 2 năm 2027

Lịch Tháng 3 năm 2027

Lịch Tháng 4 năm 2027

Lịch Tháng 5 năm 2027

Lịch Tháng 6 năm 2027

Lịch Tháng 7 năm 2027

Lịch Tháng 8 năm 2027

Lịch Tháng 9 năm 2027

Lịch Tháng 10 năm 2027

Lịch Tháng 11 năm 2027

Lịch Tháng 12 năm 2027

* Trên đây là Thông tin Lịch Vạn niên 2027 - Lịch âm 2027 - Lịch dương 2027 chi tiết, đầy đủ 365 ngày tương ứng âm và dương?

Lịch Vạn niên 2027 - Lịch âm 2027 - Lịch dương 2027 chi tiết, đầy đủ 365 ngày tương ứng âm và dương? (Hình từ Internet)

Căn cứ Điều 115 Bộ luật Lao động 2019 quy định nghỉ việc riêng, nghỉ không hưởng lương:

Theo quy định trên, người lao động được nghỉ việc riêng mà vẫn hưởng nguyên lương các ngày sau:

- Kết hôn: nghỉ 03 ngày

- Con đẻ, con nuôi kết hôn: nghỉ 01 ngày

- Cha đẻ, mẹ đẻ, cha nuôi, mẹ nuôi; cha đẻ, mẹ đẻ, cha nuôi, mẹ nuôi của vợ hoặc chồng; vợ hoặc chồng; con đẻ, con nuôi chết: nghỉ 03 ngày

Lưu ý: Người lao động phải báo cáo lý do nghỉ việc riêng cho người sử dụng lao động biết và được người sử dụng lao động đồng ý.

Người sử dụng lao động không bảo đảm cho người lao động nghỉ việc riêng thì có thể bị phạt tiền.

Căn cứ Điều 4 Bộ luật Lao động 2019 quy định chính sách của Nhà nước về lao động như sau:

- Bảo đảm quyền và lợi ích hợp pháp, chính đáng của người lao động, người làm việc không có quan hệ lao động; khuyến khích những thỏa thuận bảo đảm cho người lao động có điều kiện thuận lợi hơn so với quy định của pháp luật về lao động.

- Bảo đảm quyền và lợi ích hợp pháp của người sử dụng lao động, quản lý lao động đúng pháp luật, dân chủ, công bằng, văn minh và nâng cao trách nhiệm xã hội.

- Tạo điều kiện thuận lợi đối với hoạt động tạo việc làm, tự tạo việc làm, dạy nghề và học nghề để có việc làm; hoạt động sản xuất, kinh doanh thu hút nhiều lao động; áp dụng một số quy định của Bộ luật này đối với người làm việc không có quan hệ lao động.

- Có chính sách phát triển, phân bố nguồn nhân lực; nâng cao năng suất lao động; đào tạo, bồi dưỡng và nâng cao trình độ, kỹ năng nghề cho người lao động; hỗ trợ duy trì, chuyển đổi nghề nghiệp, việc làm cho người lao động; ưu đãi đối với người lao động có trình độ chuyên môn, kỹ thuật cao đáp ứng yêu cầu của cách mạng công nghiệp, sự nghiệp công nghiệp hóa, hiện đại hóa đất nước.

- Có chính sách phát triển thị trường lao động, đa dạng các hình thức kết nối cung, cầu lao động.

- Thúc đẩy người lao động và người sử dụng lao động đối thoại, thương lượng tập thể, xây dựng quan hệ lao động tiến bộ, hài hòa và ổn định.

- Bảo đảm bình đẳng giới; quy định chế độ lao động và chính sách xã hội nhằm bảo vệ lao động nữ, lao động là người khuyết tật, người lao động cao tuổi, lao động chưa thành niên.

Điều 112. Nghỉ lễ, tết

1. Người lao động được nghỉ làm việc, hưởng nguyên lương trong những ngày lễ, tết sau đây:

a) Tết Dương lịch: 01 ngày (ngày 01 tháng 01 dương lịch);

b) Tết Âm lịch: 05 ngày;

[...]

Điều 115. Nghỉ việc riêng, nghỉ không hưởng lương

1. Người lao động được nghỉ việc riêng mà vẫn hưởng nguyên lương và phải thông báo với người sử dụng lao động trong trường hợp sau đây:

a) Kết hôn: nghỉ 03 ngày;

b) Con đẻ, con nuôi kết hôn: nghỉ 01 ngày;

c) Cha đẻ, mẹ đẻ, cha nuôi, mẹ nuôi; cha đẻ, mẹ đẻ, cha nuôi, mẹ nuôi của vợ hoặc chồng; vợ hoặc chồng; con đẻ, con nuôi chết: nghỉ 03 ngày.

2. Người lao động được nghỉ không hưởng lương 01 ngày và phải thông báo với người sử dụng lao động khi ông nội, bà nội, ông ngoại, bà ngoại, anh, chị, em ruột chết; cha hoặc mẹ kết hôn; anh, chị, em ruột kết hôn.

3. Ngoài quy định tại khoản 1 và khoản 2 Điều này, người lao động có thể thỏa thuận với người sử dụng lao động để nghỉ không hưởng lương.","xay-dung-do-thi","","","","2026-05-20T00:00:00","https://thuvienphapluat.vn/hoi-dap-phap-luat/lich-van-nien-2027--lich-am-2027--lich-duong-2027-chi-tiet-day-du-365-ngay-tuong-ung-am-va-duong-138057531.html","2026-05-21T21:25:03.273034+00:00"
"138066888","Chính thức đã có lịch nghỉ lễ Quốc khánh 2/9/2026 cho người lao động?","Chính thức đã có lịch nghỉ lễ Quốc khánh 2/9/2026 cho người lao động?

Năm 2026 kỷ niệm bao nhiêu năm Quốc khánh nước Cộng hòa XHCN Việt Nam?

Người lao động được nghỉ hưởng nguyên lương mấy ngày vào dịp lễ Quốc khánh 2 tháng 9?

Xem thêm:

>>> Kéo dài lịch nghỉ Giỗ tổ hùng vương, 30/4 và 1/5 9 ngày liên tục năm 2026 khi nào?

Căn cứ theo Thông báo 9441/TB-BNV năm 2025 về việc nghỉ tết Âm lịch, nghỉ lễ Quốc khánh năm 2026 đối với cán bộ, công chức viên chức và người lao động như sau:

Như vậy, lịch nghỉ lễ Quốc Khánh 2/9/2026 cho người lao động cụ thể như sau:

- Đối với cán bộ, công chức, viên chức và người lao động của các cơ quan hành chính, sự nghiệp, tổ chức chính trị, tổ chức chính trị - xã hội:

+ 05 ngày từ thứ Bảy ngày 29/8/2026 đến hết thứ Tư ngày 2/9/2026.

- Đối với người lao động ngoài khu vực nhà nước (không thuộc đối tượng nêu tại khoản 1 Thông báo 9441/TB-BNV năm 2025):

+ Người sử dụng lao động quyết định lựa chọn 01 trong 02 phương án nghỉ lễ Quốc khánh 2026 sau:

[1] Nghỉ thứ Tư ngày 02/9/2026 và thứ Ba ngày 01/9/2026

[2] Nghỉ thứ Tư ngày 02/9/2026 và thứ Năm ngày 03/9/2026 Dương lịch.

Xem thêm:

>>> Kỷ niệm 100 năm Quốc khánh nước Cộng hòa XHCN Việt Nam là năm bao nhiêu?

>>> Chính thức lịch nghỉ lễ Quốc khánh 2026 kéo dài 5 ngày liên tiếp đúng không?

*Trên đây là nội dung thông tin về Chính thức đã có lịch nghỉ lễ Quốc khánh 2 9 2026 cho người lao động?

Chính thức đã có lịch nghỉ lễ Quốc khánh 2 9 2026 cho người lao động? (Hình từ Internet)

Căn cứ theo Điều 4 Nghị định 145/2013/NĐ-CP quy định về các ngày lễ lớn như sau:

Theo đó, ngày 2 tháng 9 năm 1945 là Ngày Quốc khánh nước Cộng hòa xã hội chủ nghĩa Việt Nam.

Như vậy, năm 2026 kỷ niệm 81 năm Quốc khánh nước Cộng hòa XHCN Việt Nam.

Căn cứ theo Điều 112 Bộ luật Lao động 2019 quy định về nghỉ lễ, tết như sau:

Như vậy, người lao động được nghỉ hưởng nguyên lương 02 ngày vào dịp lễ Quốc khánh 2 tháng 9 (ngày 02 tháng 9 dương lịch và 01 ngày liền kề trước hoặc sau).

[...]

2. Công chức, viên chức được nghỉ dịp lễ Quốc khánh năm 2026 như sau: Nghỉ 02 ngày theo quy định gồm ngày 02/9/2026 Dương lịch và 01 ngày liền kề trước là ngày 01/9/2026 Dương lịch; Hoán đổi từ ngày làm việc thứ Hai ngày 31/8/2026 Dương lịch sang ngày nghỉ hằng tuần thứ Bảy ngày 22/8/2026 Dương lịch (nghỉ thứ Hai ngày 31/8/2026 và làm bù vào ngày thứ Bảy ngày 22/8/2026).

[...]

6. Đối với người lao động không thuộc đối tượng quy định tại khoản 1 Thông báo này, người sử dụng lao động quyết định lựa chọn phương án nghỉ tết Âm lịch, nghỉ lễ Quốc khánh năm 2026 như sau:

- Dịp tết Âm lịch: Lựa chọn nghỉ 01 ngày cuối năm Ất Tỵ và 04 ngày đầu năm Bính Ngọ hoặc 02 ngày cuối năm Ất Tỵ và 03 ngày đầu năm Bính Ngọ hoặc 03 ngày cuối năm Ất Tỵ và 02 ngày đầu năm Bính Ngọ.

- Dịp lễ Quốc khánh: Nghỉ thứ Tư ngày 02/9/2026 Dương lịch và lựa chọn nghỉ 01 trong 02 ngày: thứ Ba ngày 01/9/2026 hoặc thứ Năm ngày 03/9/2026 Dương lịch.

- Thông báo phương án nghỉ tết Âm lịch và nghỉ lễ Quốc khánh năm 2026 cho người lao động trước khi thực hiện ít nhất 30 ngày.

- Nếu ngày nghỉ hằng tuần trùng với ngày nghỉ lễ, tết quy định tại khoản 1 Điều 112 của Bộ luật Lao động thì người lao động được nghỉ bù ngày nghỉ hằng tuần vào ngày làm việc kế tiếp theo quy định tại khoản 3 Điều 111 Bộ luật Lao động.

- Khuyến khích người sử dụng lao động áp dụng thời gian nghỉ tết Âm lịch, nghỉ lễ Quốc khánh năm 2026 cho người lao động như quy định đối với công chức, viên chức; Khuyến khích những thỏa thuận có lợi hơn cho người lao động.

[...]

Điều 4. Các ngày lễ lớn

Các ngày lễ lớn trong nước bao gồm:

1. Ngày Tết Nguyên đán (01 tháng Giêng Âm lịch).

2. Ngày thành lập Đảng Cộng sản Việt Nam (03-02-1930).

3. Ngày Giỗ Tổ Hùng Vương (10-3 Âm lịch).

4. Ngày Giải phóng miền Nam, thống nhất đất nước (30-4-1975).

5. Ngày Chiến thắng Điện Biên Phủ (07-5-1954).

6. Ngày sinh Chủ tịch Hồ Chí Minh (19-5-1890).

7. Ngày Cách mạng Tháng Tám (19-8-1945) và Ngày Quốc khánh nước Cộng hòa xã hội chủ nghĩa Việt Nam (02-9-1945).

Điều 112. Nghỉ lễ, tết

1. Người lao động được nghỉ làm việc, hưởng nguyên lương trong những ngày lễ, tết sau đây:

a) Tết Dương lịch: 01 ngày (ngày 01 tháng 01 dương lịch);

b) Tết Âm lịch: 05 ngày;

c) Ngày Chiến thắng: 01 ngày (ngày 30 tháng 4 dương lịch);

d) Ngày Quốc tế lao động: 01 ngày (ngày 01 tháng 5 dương lịch);

đ) Quốc khánh: 02 ngày (ngày 02 tháng 9 dương lịch và 01 ngày liền kề trước hoặc sau);

e) Ngày Giỗ Tổ Hùng Vương: 01 ngày (ngày 10 tháng 3 âm lịch).

2. Lao động là người nước ngoài làm việc tại Việt Nam ngoài các ngày nghỉ theo quy định tại khoản 1 Điều này còn được nghỉ thêm 01 ngày Tết cổ truyền dân tộc và 01 ngày Quốc khánh của nước họ.

3. Hằng năm, căn cứ vào điều kiện thực tế, Thủ tướng Chính phủ quyết định cụ thể ngày nghỉ quy định tại điểm b và điểm đ khoản 1 Điều này.","xay-dung-do-thi","","","","2026-05-20T00:00:00","https://thuvienphapluat.vn/hoi-dap-phap-luat/chinh-thuc-da-co-lich-nghi-le-quoc-khanh-292026-cho-nguoi-lao-dong-138066888.html","2026-05-21T21:25:14.596631+00:00"
"138090921","Chính thức bỏ kê khai thuế TNCN tháng 4/2026 chuyển sang kê khai quý 2 ra sao?","Chính thức bỏ kê khai thuế TNCN tháng 4/2026 chuyển sang kê khai quý 2 ra sao?

Tải mẫu tờ khai thuế TNCN tháng/quý Mẫu 05 KK TNCN ở đâu?

Mức giảm trừ gia cảnh áp dụng khi quyết toán thuế TNCN trong năm 2026 là bao nhiêu?

>>> Hiểu thế nào bỏ kê khai thuế TNCN theo tháng từ năm 2026?

>>> Bỏ tờ khai thuế TNCN tháng 5/2026 thay bằng tờ khai quý 2/2026 đúng không?

>>> THÔNG TIN quan trọng về Tờ khai 05/KK-TNCN theo TT80 khi bỏ kê khai theo tháng chuyển sang quý thế nào?

>>> Tờ khai 05/KK-TNCN tháng 4, 5, 6/2026 chính thức bỏ khai theo tháng chuyển sang kê khai quý 2/2026 ra sao?

>>> Quyết định 1109/QĐ-BTC năm 2026 bỏ kê khai thuế TNCN tháng 4/2026 chuyển sang kê khai quý 2 quy định cụ thể ra sao?

>>> Hạn nộp tờ khai thuế TNCN quý 2 năm 2026 là khi nào?

>>> Doanh thu bao nhiêu thì khai thuế TNCN tháng theo thủ tục tại Quyết định 1109 năm 2026?

***

>>> Kê khai thuế TNCN theo quý thì có khai thuế GTGT theo quý không?

>>> Đã nộp tiền thuế tháng 4 2026 thì xử lý như thế nào khi bỏ khai thuế TNCN theo tháng?

>>> Xử lý tờ khai thuế TNCN tháng 4/2026 đã nộp khi bỏ kê khai thuế TNCN theo tháng như thế nào?

***

>>> Hiểu thế nào về bỏ TTHC 2002235 khai thuế TNCN tháng theo quy định mới nhất?

Xem thêm:

>>> Bỏ TTHC 2.002235 kê khai quý/tháng bỏ kê khai tháng thì kê khai thuế TNCN theo trình tự nào?

>>> CHÍNH THỨC bỏ tờ khai thuế TNCN tháng 4-5-6/2026 thay bằng tờ khai quý 2/2026 đúng hay không?

>>> Hướng dẫn thủ tục khai thuế TNCN tháng 4-5-6/2026 theo thủ tục mới sau khi bỏ khai tháng ra sao?

>>> Hướng dẫn sửa lỗi kỳ kê khai tháng không được phép nộp tờ khai, vui lòng chọn lại kỳ kê khai phù hợp ra sao?

>>> Chính thức bỏ kê khai thuế TNCN tháng 4/2026 chuyển sang kê khai quý 2 ra sao?

Căn cứ Quyết định 1109/QĐ-BTC năm 2026 của Bộ Tài chính về việc công bố thủ tục hành chính được sửa đổi, bổ sung, bãi bỏ trong lĩnh vực quản lý thuế, hải quan thuộc phạm vi chức năng quản lý của Bộ Tài chính.

Đối với thủ tục hành chính nộp tờ khai thuế TNCN tháng Tờ khai 05 KK TNCN Mã [2.002235] được sửa đổi như sau:

Khai thuế thu nhập cá nhân quý của tổ chức, cá nhân trả thu nhập khấu trừ thuế đối với tiền lương, tiền công (Mã số TTHC 2.002235)

- Trình tự thực hiện:

+Bước 1.

++ Tổ chức, cá nhân trả thu nhập có phát sinh khấu trừ thuế chuẩn bị hồ sơ khai thuế, gửi đến cơ quan Thuế. Thời hạn nộp hồ sơ khai thuế quý chậm nhất là ngày cuối cùng của tháng đầu tiên của quý tiếp theo quý phát sinh nghĩa vụ thuế. Nếu ngày cuối cùng trùng ngày nghi/lễ, hạn cuối cùng được chuyển sang ngày làm việc tiếp theo.

(Thủ tục đăng ký chứng từ khấu trừ thuế TNCN được thực hiện riêng theo quy định tại Nghị định 70/2025/NĐ-CP của Chính phủ).

+ Bước 2. Cơ quan thuế tiếp nhận:

++ Trường hợp hồ sơ được nộp trực tiếp tại cơ quan thuế hoặc hồ sơ được gửi qua đường bưu chính: cơ quan thuế thực hiện tiếp nhận, giải quyết hồ sơ theo quy định.

++ Trường hợp hồ sơ được nộp thông qua giao dịch điện tử, việc tiếp nhận, kiểm tra, chấp nhận, giải quyết hồ sơ (và trả kết quả nếu có kết quả) thông qua hệ thống xử lý dữ liệu điện tử của cơ quan thuế

- Cách thức thực hiện:

+ Trực tiếp: Tại TTPVHCC cấp tỉnh, xã

+Thông qua dịch vụ bưu chính công ích theo quy định của Thủ tướng Chính phủ, qua thuê dịch vụ của doanh nghiệp, cá nhân hoặc qua ủy quyền theo quy định của pháp luật;

+ Trực tuyến: Qua Cổng dịch vụ công quốc gia

- Thành phần, số lượng hồ sơ:

+ Thành phần hồ sơ gồm:

++ Tờ khai thuế thu nhập cá nhân (áp dụng đối với tổ chức, cá nhân trả các khoản thu nhập từ tiền lương, tiền công) mẫu số 05/KK-TNCN theo Phụ lục I - Danh mục hồ sơ khai thuế ban hành kèm theo Nghị định số 126/2020/NĐ-CP ngày 19/10/2020 của Chính phủ và Phụ lục II - Mẫu biểu hồ sơ khai thuế ban hành kèm theo Thông tư số 80/2021/TT-BTC ngày 29/9/2021/TT-BTC của Bộ trưởng Bộ Tài chính.

++ Phụ lục bảng xác định số thuế thu nhập cá nhân phải nộp cho các địa phương được hưởng nguồn thu mẫu số 05-1/PBT-KK-TNCN theo Phụ lục I - Danh mục hồ sơ khai thuế ban hành kèm theo Nghị định số 126/2020/NĐ-CP ngày 19/10/2020 của Chính phủ và Phụ lục II - Mẫu biểu hồ sơ khai thuế ban hành theo Thông tư 80/2021/TT-BTC

>> Như vậy, theo nội dung sửa đổi tại Quyết định 1109/QĐ-BTC năm 2026, việc kê khai thuế TNCN theo tháng đối với Tờ khai mẫu 05/KK-TNCN đã được chuyển sang thực hiện theo quý. Theo đó, doanh nghiệp, tổ chức trả thu nhập phát sinh khấu trừ thuế trong tháng 4/2026 sẽ thực hiện kê khai gộp vào quý II/2026 và nộp hồ sơ khai thuế chậm nhất vào ngày cuối cùng của tháng đầu tiên của quý tiếp theo theo quy định.

Chính thức bỏ kê khai thuế TNCN tháng 4/2026 chuyển sang kê khai quý 2 ra sao? (Hình từ Internet)

Tờ khai thuế thu nhập cá nhân với thu nhập từ tiền lương, tiền công hiện đang áp dụng Mẫu 05/KK-TNCN ban hành kèm theo Thông tư 80/2021/TT-BTC được sửa đổi bởi điểm g khoản 7 Điều 1 Thông tư 40/2025/TT-BTC, có dạng như sau:

>> Tải mẫu tờ khai thuế TNCN Tờ khai 05 KK TNCN: TẢI VỀ

Ghi chú:

- Tờ khai này chỉ áp dụng đối với tổ chức, cá nhân phát sinh trả thu nhập từ tiền lương, tiền công cho cá nhân trong tháng/quý, không phân biệt có phát sinh khấu trừ thuế hay không phát sinh khấu trừ thuế.

- Kỳ khai thuế theo tháng áp dụng đối với tổ chức, cá nhân trả thu nhập có tổng doanh thu bán hàng hóa và cung cấp dịch vụ của năm trước liền kề trên 50 tỷ đồng hoặc trường hợp tổ chức, cá nhân trả thu nhập lựa chọn khai thuế theo tháng.

- Kỳ khai thuế theo quý áp dụng đối với tổ chức, cá nhân trả thu nhập có tổng doanh thu bán hàng hóa và cung cấp dịch vụ của năm trước liền kề từ 50 tỷ đồng trở xuống, bao gồm cả tổ chức, cá nhân trả thu nhập không phát sinh doanh thu bán hàng hóa và cung cấp dịch vụ.

Tại tiểu mục 1 Mục A Công văn 1296/CT-NVT năm 2026 có hướng dẫn mức giảm trừ gia cảnh như sau:

Đối với kỳ quyết toán 2025 người nộp thuế thực hiện quyết toán TNCN trong năm 2026 áp dụng mức giảm trừ gia cảnh được xác định theo quy định tại Nghị quyết 954/2020/UBTVQH14 năm 2020 của Ủy ban Thường vụ Quốc hội, cụ thể như sau:

+ Mức giảm trừ đối với đối tượng nộp thuế là 11 triệu đồng/tháng (132 triệu đồng/năm);

+ Mức giảm trừ đối với mỗi người phụ thuộc là 4,4 triệu đồng/tháng.

Tại kỳ tính thuế này người nộp thuế chưa được áp dụng mức giảm trừ gia cảnh theo Nghị quyết 110/2025/UBTVQH15 năm 2026 (Mức 15,5 triệu đồng/tháng đối với NTT và 6,2 triệu đồng/tháng đối với người phụ thuộc)","xay-dung-do-thi","","","","2026-05-20T00:00:00","https://thuvienphapluat.vn/hoi-dap-phap-luat/chinh-thuc-bo-ke-khai-thue-tncn-thang-42026-chuyen-sang-ke-khai-quy-2-ra-sao-138090921.html","2026-05-21T21:25:24.472482+00:00"
"138059892","Lịch thi THPT quốc gia 2026: diễn ra vào ngày 11/6-12/6/2026 (dự kiến) đúng không?","Lịch thi THPT quốc gia 2026: diễn ra vào ngày 11/6-12/6/2026 (dự kiến) đúng không?

Đối tượng dự thi THPT quốc gia gồm những ai?

Đối tượng được đặc cách thi THPT quốc gia gồm những ai?

Căn cứ Điều 1 Quyết định 2269/QĐ-BGDĐT năm 2025 TẢI VỀ như sau:

Như vậy, lịch thi THPT quốc gia 2026 dự kiến diễn ra trong ngày 11 và ngày 12 tháng 6 năm 2026.

Căn cứ tại Tiểu mục 1 Mục 1 Công văn 1257/BGDĐT-QLCL năm 2026 kỳ thi tốt nghiệp THPT 2026 chính thức sẽ diễn ra vào ngày 11/6/2026 và ngày 12/6/2026.

Trên đây là thông tin về ""Lịch thi THPT quốc gia 2026: diễn ra vào ngày 11/6-12/6/2026 (dự kiến) đúng không?"".

Hệ thống Group Hỗ Trợ thi THPT 2026: Cập nhật thủ tục + thông tin + đề ôn + đề thi:

- Nhóm Tổng hợp + Tỉnh, thành: Tại đây

- Nhóm Môn Thi: Tại đây

- Nhóm Ôn Thi Theo Khối: Tại đây

- Nhóm Điểm Chuẩn: Tại đây

Lịch thi THPT quốc gia 2026: diễn ra vào ngày 11/6-12/6/2026 (dự kiến) đúng không? (Hình từ Internet)

Theo khoản 1 Điều 19 Quy chế thi tốt nghiệp trung học phổ thông ban hành kèm theo Thông tư 24/2024/TT-BGDĐT quy định như sau:

Theo đó, đối tượng dự thi THPT quốc gia gồm:

- Người đã hoàn thành Chương trình GDPT/GDTX trong năm tổ chức kỳ thi;

- Người đã hoàn thành Chương trình GDPT/GDTX nhưng chưa tốt nghiệp THPT ở những năm trước;

- Người đã có Bằng tốt nghiệp THPT dự thi để lấy kết quả làm cơ sở đăng ký xét tuyển sinh;

- Người đã có Bằng tốt nghiệp trung cấp dự thi để lấy kết quả làm cơ sở đăng ký xét tuyển sinh.

Theo Điều 40 Quy chế thi tốt nghiệp trung học phổ thông ban hành kèm theo Thông tư 24/2024/TT-BGDĐT quy định về đối tượng được đặc cách thi THPT quốc gia như sau:

(1) Người học được xét đặc cách tốt nghiệp THPT trong trường hợp bị tai nạn, bị ốm hoặc có việc đột xuất đặc biệt trước ngày thi không quá 10 ngày hoặc ngay trong buổi thi đầu tiên, không thể dự thi và thuộc các đối tượng dưới đây:

- Người đã hoàn thành Chương trình GDPT/GDTX trong năm tổ chức kỳ thi;

- Người đã hoàn thành Chương trình GDPT/GDTX nhưng chưa tốt nghiệp THPT ở những năm trước;

(2) Người học được xét đặc cách tốt nghiệp THPT trong trường hợp bị tai nạn, bị ốm hay có việc đột xuất đặc biệt sau khi đã thi ít nhất một bài thi và không thể tiếp tục dự thi hoặc sau khi bị tai nạn, bị ốm hay có việc đột xuất đặc biệt tự nguyện dự thi số bài thi còn lại và thuộc các đối tượng dưới đây:

- Người đã hoàn thành Chương trình GDPT/GDTX trong năm tổ chức kỳ thi;

- Người đã hoàn thành Chương trình GDPT/GDTX nhưng chưa tốt nghiệp THPT ở những năm trước;

(3) Các đối tượng là vận động viên đủ điều kiện được xét đặc cách tốt nghiệp THPT:

- Vận động viên đang học tập tại các cơ sở giáo dục, cơ sở giáo dục nghề nghiệp được triệu tập vào đội tuyển thể thao quốc gia, đội tuyển thể thao của các tỉnh, thành phố trực thuộc trung ương, các ngành để tập huấn và thi đấu thì được cơ quan sử dụng vận động viên chi trả học phí theo quy định của pháp luật.

- Vận động viên đạt thành tích xuất sắc trong các giải thi đấu thể thao quốc gia hoặc quốc tế được xét đặc cách tốt nghiệp trung học cơ sở, trung học phổ thông nếu thời gian thi trùng với thời gian vận động viên tập huấn ở nước ngoài hoặc tham dự thi đấu tại các giải thể thao quốc tế.

Điều 1. Ban hành khung kế hoạch thời gian năm học 2025 - 2026 đối với giáo dục mầm non, giáo dục phổ thông và giáo dục thường xuyên áp dụng trong toàn quốc như sau:

1. Tựu trường sớm nhất trước 01 tuần so với ngày tổ chức khai giảng. Riêng đối với lớp 1, lớp 9, lớp 12 tựu trường sớm nhất trước 02 tuần so với ngày tổ chức khai giảng.

2. Tổ chức khai giảng vào ngày 05 tháng 9 năm 2025.

3. Kết thúc học kỳ I trước ngày 18 tháng 01 năm 2026, hoàn thành chương trình và kết thúc năm học trước ngày 31 tháng 5 năm 2026.

4. Xét công nhận hoàn thành chương trình tiểu học và xét công nhận tốt nghiệp trung học cơ sở trước ngày 30 tháng 6 năm 2026.

5. Hoàn thành tuyển sinh các lớp đầu cấp trước ngày 31 tháng 7 năm 2026.

6. Thi tốt nghiệp trung học phổ thông năm 2026 dự kiến diễn ra trong ngày 11 và ngày 12 tháng 6 năm 2026.

7. Các kỳ thi cấp quốc gia khác được tổ chức theo quy định và hướng dẫn của Bộ Giáo dục và Đào tạo.

[...]

Điều 19. Đối tượng, điều kiện dự thi

1. Đối tượng dự thi gồm:

a) Người đã hoàn thành Chương trình GDPT/GDTX trong năm tổ chức kỳ thi;

b) Người đã hoàn thành Chương trình GDPT/GDTX nhưng chưa tốt nghiệp THPT ở những năm trước;

c) Người đã có Bằng tốt nghiệp THPT dự thi để lấy kết quả làm cơ sở đăng ký xét tuyển sinh;

d) Người đã có Bằng tốt nghiệp trung cấp dự thi để lấy kết quả làm cơ sở đăng ký xét tuyển sinh.

2. Điều kiện dự thi:

a) Các đối tượng dự thi phải ĐKDT và nộp đầy đủ các giấy tờ đúng thời hạn;

b) Đối tượng quy định tại điểm d khoản 1 Điều này phải bảo đảm đã học và thi đạt yêu cầu đủ khối lượng kiến thức văn hóa THPT theo quy định của Luật Giáo dục và các văn bản hướng dẫn hiện hành của Bộ GDĐT.","xay-dung-do-thi","","","","2026-05-20T00:00:00","https://thuvienphapluat.vn/hoi-dap-phap-luat/lich-thi-thpt-quoc-gia-2026-dien-ra-vao-ngay-1161262026-du-kien-dung-khong-138059892.html","2026-05-21T21:25:35.325278+00:00"
"138062956","Lịch nghỉ lễ 2027 - Tổng hợp các ngày lễ 2027 ở Việt Nam chi tiết ra sao?","Lịch nghỉ lễ 2027 - Tổng hợp các ngày lễ 2027 ở Việt Nam chi tiết ra sao?

Nghỉ giải lao theo tính chất của công việc có được tính vào thời giờ làm việc được hưởng lương không?

Cách tính ngày nghỉ hằng năm trong một số trường hợp đặc biệt được quy định cụ thể ra sao?

Lịch nghỉ lễ 2027 - Tổng hợp các ngày lễ 2027 ở Việt Nam chi tiết dưới đây:

Các ngày nghỉ lễ được hưởng nguyên lương trong năm 2027

Căn cứ Điều 112 Bộ luật Lao động 2019 quy định về nghỉ lễ, tết, năm 2027 người lao động được nghỉ các ngày lễ, tết sau đây:

(1) Tết Dương lịch: 01 ngày (ngày 01 tháng 01 dương lịch);

(2) Tết Âm lịch: 05 ngày;

(3) Ngày Chiến thắng: 01 ngày (ngày 30 tháng 4 dương lịch);

(4) Ngày Quốc tế lao động: 01 ngày (ngày 01 tháng 5 dương lịch);

(5) Quốc khánh: 02 ngày (ngày 02 tháng 9 dương lịch và 01 ngày liền kề trước hoặc sau);

(6) Ngày Giỗ Tổ Hùng Vương: 01 ngày (ngày 10 tháng 3 âm lịch).

Lưu ý: Hằng năm, căn cứ vào điều kiện thực tế, sẽ có quyết định cụ thể ngày nghỉ Tết Âm lịch và Quốc khánh.

Các ngày lễ, sự kiện khác trong năm tại Việt Nam và quốc tế

Tên ngày lễ

Ngày

Ông Táo chầu trời

30 tháng 1, 2027

Chiến thắng Ngọc Hồi - Đống Đa

10 tháng 2, 2027

Ngày thành lập Đảng

3 tháng 2, 2027

Tết Nguyên Tiêu

20 tháng 2, 2027

Quốc tế Phụ nữ

8 tháng 3, 2027

Ngày Sách Việt Nam

21 tháng 4, 2027

Ngày Chiến thắng Điện Biện Phủ

7 tháng 5, 2027

Lễ Phật đản

20 tháng 5, 2027

Ngày sinh Chủ tịch Hồ Chí Minh

19 tháng 5, 2027

Tết Đoan ngọ

9 tháng 6, 2027

Ngày quốc tế Thiếu nhi

1 tháng 6, 2027

Ngày Gia đình Việt Nam

28 tháng 6, 2027

Ngày Thương Binh Liệt Sĩ

27 tháng 7, 2027

Ngày cách mạng Tháng Tám

19 tháng 8, 2027

Rằm Tháng Bảy, Vu Lan

16 tháng 8, 2027

Tết Trung thu

15 tháng 9, 2027

Ngày giải phóng Thủ Đô

10 tháng 10, 2027

Ngày Phụ nữ Việt Nam

20 tháng 10, 2027

Ngày Nhà giáo Việt Nam

20 tháng 11, 2027

Ngày hội Quốc phòng Toàn dân

22 tháng 12, 2027

[...]

* Trên đây là Thông tin Lịch nghỉ lễ 2027 - Tổng hợp các ngày lễ 2027 ở Việt Nam chi tiết ra sao?

Lịch nghỉ lễ 2027 - Tổng hợp các ngày lễ 2027 ở Việt Nam chi tiết ra sao? (Hình từ Internet)

Căn cứ Điều 58 Nghị định 145/2020/NĐ-CP có quy định thời giờ được tính vào thời giờ làm việc được hưởng lương như sau:

Như vậy, theo quy định, nghỉ giải lao theo tính chất của công việc thuộc một trong những trường hợp được tính vào thời giờ làm việc được hưởng lương.

Căn cứ Điều 66 Nghị định 145/2020/NĐ-CP, cách tính ngày nghỉ hằng năm trong một số trường hợp đặc biệt như sau:

- Số ngày nghỉ hằng năm của người lao động làm việc chưa đủ 12 tháng theo quy định tại khoản 2 Điều 113 Bộ luật Lao động 2019 được tính như sau: lấy số ngày nghỉ hằng năm cộng với số ngày được nghỉ tăng thêm theo thâm niên (nếu có), chia cho 12 tháng, nhân với số tháng làm việc thực tế trong năm để tính thành số ngày được nghỉ hằng năm.

- Trường hợp người lao động làm việc chưa đủ tháng, nếu tổng số ngày làm việc và ngày nghỉ có hưởng lương của người lao động (nghỉ lễ, tết, nghỉ hằng năm, nghỉ việc riêng có hưởng lương theo Điều 112, Điều 113, Điều 114 và Điều 115 Bộ luật Lao động 2019) chiếm tỷ lệ từ 50% số ngày làm việc bình thường trong tháng theo thỏa thuận thì tháng đó được tính là 01 tháng làm việc để tính ngày nghỉ hằng năm.

- Toàn bộ thời gian người lao động làm việc tại các cơ quan, tổ chức, đơn vị thuộc khu vực nhà nước và doanh nghiệp nhà nước được tính là thời gian làm việc để tính ngày nghỉ hằng năm tăng thêm theo quy định tại Điều 114 Bộ luật Lao động 2019 nếu người lao động tiếp tục làm việc tại các cơ quan, tổ chức, đơn vị thuộc khu vực nhà nước và doanh nghiệp nhà nước.

Điều 58. Thời giờ được tính vào thời giờ làm việc được hưởng lương

1. Nghỉ giữa giờ quy định khoản 2 Điều 64 Nghị định này.

2. Nghỉ giải lao theo tính chất của công việc.

3. Nghỉ cần thiết trong quá trình lao động đã được tính trong định mức lao động cho nhu cầu sinh lý tự nhiên của con người.

4. Thời giờ nghỉ đối với lao động nữ khi mang thai hoặc nuôi con dưới 12 tháng tuổi, trong thời gian hành kinh theo quy định tại khoản 2 và khoản 4 Điều 137 của Bộ luật Lao động.

5. Thời giờ phải ngừng việc không do lỗi của người lao động.

6. Thời giờ hội họp, học tập, tập huấn do yêu cầu của người sử dụng lao động hoặc được người sử dụng lao động đồng ý.

7. Thời giờ người học nghề, tập nghề trực tiếp hoặc tham gia lao động theo quy định tại khoản 5 Điều 61 của Bộ luật Lao động.

8. Thời giờ mà người lao động là thành viên ban lãnh đạo của tổ chức đại diện người lao động tại cơ sở được sử dụng để thực hiện nhiệm vụ theo quy định tại khoản 2 và khoản 3 Điều 176 của Bộ luật Lao động.

9. Thời giờ khám sức khỏe, khám phát hiện bệnh nghề nghiệp, giám định y khoa để xác định mức độ suy giảm khả năng lao động do tai nạn lao động, bệnh nghề nghiệp, nếu thời giờ đó được thực hiện theo sự bố trí hoặc do yêu cầu của người sử dụng lao động.

10. Thời giờ đăng ký, khám, kiểm tra sức khỏe nghĩa vụ quân sự, nếu thời giờ đó được hưởng nguyên lương theo quy định của pháp luật về nghĩa vụ quân sự.","xay-dung-do-thi","","","","2026-05-20T00:00:00","https://thuvienphapluat.vn/hoi-dap-phap-luat/lich-nghi-le-2027--tong-hop-cac-ngay-le-2027-o-viet-nam-chi-tiet-ra-sao-138062956.html","2026-05-21T21:26:06.903673+00:00"
"138091384","CHÍNH THỨC bỏ tờ khai thuế TNCN tháng 4-5-6/2026 thay bằng tờ khai quý 2/2026 đúng hay không?","CHÍNH THỨC bỏ tờ khai thuế TNCN tháng 4-5-6/2026 thay bằng tờ khai quý 2/2026 đúng hay không?

Hạn chót nộp tờ khai thuế TNCN tháng 4 2026 là khi nào?

Hạn chót nộp tờ khai thuế TNCN quý 2 2026 là khi nào?

>>> Hiểu thế nào về bỏ TTHC 2002235 khai thuế TNCN tháng theo quy định mới nhất?

Xem thêm:

>>> Bỏ TTHC 2.002235 kê khai quý/tháng bỏ kê khai tháng thì kê khai thuế TNCN theo trình tự nào?

>>> Tờ khai 05/KK-TNCN tháng 4, 5, 6/2026 chính thức bỏ khai theo tháng chuyển sang kê khai quý 2/2026 ra sao?

>>> CHÍNH THỨC bỏ tờ khai thuế TNCN tháng 4-5-6/2026 thay bằng tờ khai quý 2/2026 đúng hay không?

>>> Hướng dẫn thủ tục khai thuế TNCN tháng 4-5-6/2026 theo thủ tục mới sau khi bỏ khai tháng ra sao?

>>> Hướng dẫn sửa lỗi kỳ kê khai tháng không được phép nộp tờ khai, vui lòng chọn lại kỳ kê khai phù hợp ra sao?

>>> Chính thức bỏ kê khai thuế TNCN tháng 4/2026 chuyển sang kê khai quý 2 ra sao?

Ngày 08/05/2026 Bộ Tài chính đã ban hành Quyết định 1109/QĐ-BTC năm 2026 công bố thủ tục hành chính được sửa đổi, bổ sung, bãi bỏ trong lĩnh vực quản lý thuế, hải quan

Theo đó đã sửa đổi bổ sung Thủ tục hành chính 2.002235 Khai thuế thu nhập cá nhân tháng/quý của tỔ chức, cá nhân trả thu nhập khấu trừ thuế đối với tiền lương, tiền công

Theo thủ tục trên thì không còn kê khai theo tháng, theo đó CHÍNH THỨC bỏ tờ khai thuế TNCN tháng và thay bằng tờ khai quý từ ngày 8/5/2026.

Như vậy đối với khai thuế TNCN tháng 4-5-6 năm 2026 sẽ được chuyển sang thành khai thuế TNCN quý 2 năm 2026.

*Bài viết CHÍNH THỨC bỏ tờ khai thuế TNCN tháng 4-5-6/2026 thay bằng tờ khai quý 2/2026 đúng hay không?

CHÍNH THỨC bỏ tờ khai thuế TNCN tháng 4 5 6 2026 thay bằng tờ khai quý 2 2026 đúng hay không? (Hình từ Internet)

Căn cứ tại khoản 1 Điều 44 Luật Quản lý thuế 2019 quy định về thời hạn nộp hồ sơ khai thuế cụ thể như sau:

Như vậy, hạn chót nộp tờ khai thuế TNCN tháng 4 2026 là ngày 20/5/2026.

Căn cứ tại điểm b khoản 1 Điều 44 Luật Quản lý thuế 2019 quy định về thời hạn nộp hồ sơ khai thuế cụ thể như sau:

Hạn chót nộp tờ khai thuế TNCN quý 2 2026 là 31/7/2026.

*Bài viết CHÍNH THỨC bỏ tờ khai thuế TNCN tháng 4 5 6 2026 thay bằng tờ khai quý 2 2026 đúng hay không?

6. Khai thuế thu nhập cá nhân quý của tổ chức, cá nhân trả thu nhập khấu trừ thuế đối với tiền lương, tiền công (Mã số TTHC 2.002235)

- Trình tự thực hiện:

+Bước 1.

++ Tổ chức, cá nhân trả thu nhập có phát sinh khấu trừ thuế chuẩn bị hồ sơ khai thuế, gửi đến cơ quan Thuế. Thời hạn nộp hồ sơ khai thuế quý chậm nhất là ngày cuối cùng của tháng đầu tiên của quý tiếp theo quý phát sinh nghĩa vụ thuế. Nếu ngày cuối cùng trùng ngày nghỉ lễ, hạn cuối cùng được chuyển sang ngày làm việc tiếp theo.

(Thủ tục đăng ký chứng từ khấu trừ thuế TNCN được thực hiện riêng theo quy định tại Nghị định 70/2025/NĐ-CP của Chính phủ).

[...]

Điều 44. Thời hạn nộp hồ sơ khai thuế

1. Thời hạn nộp hồ sơ khai thuế đối với loại thuế khai theo tháng, theo quý được quy định như sau:

a) Chậm nhất là ngày thứ 20 của tháng tiếp theo tháng phát sinh nghĩa vụ thuế đối với trường hợp khai và nộp theo tháng;

b) Chậm nhất là ngày cuối cùng của tháng đầu của quý tiếp theo quý phát sinh nghĩa vụ thuế đối với trường hợp khai và nộp theo quý.

2. Thời hạn nộp hồ sơ khai thuế đối với loại thuế có kỳ tính thuế theo năm được quy định như sau:

a) Chậm nhất là ngày cuối cùng của tháng thứ 3 kể từ ngày kết thúc năm dương lịch hoặc năm tài chính đối với hồ sơ quyết toán thuế năm; chậm nhất là ngày cuối cùng của tháng đầu tiên của năm dương lịch hoặc năm tài chính đối với hồ sơ khai thuế năm;

b) Chậm nhất là ngày cuối cùng của tháng thứ 4 kể từ ngày kết thúc năm dương lịch đối với hồ sơ quyết toán thuế thu nhập cá nhân của cá nhân trực tiếp quyết toán thuế;

c) Chậm nhất là ngày 15 tháng 12 của năm trước liền kề đối với hồ sơ khai thuế khoán của hộ kinh doanh, cá nhân kinh doanh nộp thuế theo phương pháp khoán; trường hợp hộ kinh doanh, cá nhân kinh doanh mới kinh doanh thì thời hạn nộp hồ sơ khai thuế khoán chậm nhất là 10 ngày kể từ ngày bắt đầu kinh doanh.

[...]

Điều 44. Thời hạn nộp hồ sơ khai thuế

1. Thời hạn nộp hồ sơ khai thuế đối với loại thuế khai theo tháng, theo quý được quy định như sau:

a) Chậm nhất là ngày thứ 20 của tháng tiếp theo tháng phát sinh nghĩa vụ thuế đối với trường hợp khai và nộp theo tháng;

b) Chậm nhất là ngày cuối cùng của tháng đầu của quý tiếp theo quý phát sinh nghĩa vụ thuế đối với trường hợp khai và nộp theo quý.

2. Thời hạn nộp hồ sơ khai thuế đối với loại thuế có kỳ tính thuế theo năm được quy định như sau:

a) Chậm nhất là ngày cuối cùng của tháng thứ 3 kể từ ngày kết thúc năm dương lịch hoặc năm tài chính đối với hồ sơ quyết toán thuế năm; chậm nhất là ngày cuối cùng của tháng đầu tiên của năm dương lịch hoặc năm tài chính đối với hồ sơ khai thuế năm;

b) Chậm nhất là ngày cuối cùng của tháng thứ 4 kể từ ngày kết thúc năm dương lịch đối với hồ sơ quyết toán thuế thu nhập cá nhân của cá nhân trực tiếp quyết toán thuế;

c) Chậm nhất là ngày 15 tháng 12 của năm trước liền kề đối với hồ sơ khai thuế khoán của hộ kinh doanh, cá nhân kinh doanh nộp thuế theo phương pháp khoán; trường hợp hộ kinh doanh, cá nhân kinh doanh mới kinh doanh thì thời hạn nộp hồ sơ khai thuế khoán chậm nhất là 10 ngày kể từ ngày bắt đầu kinh doanh.

[...]","xay-dung-do-thi","","","","2026-05-20T00:00:00","https://thuvienphapluat.vn/hoi-dap-phap-luat/chinh-thuc-bo-to-khai-thue-tncn-thang-4562026-thay-bang-to-khai-quy-22026-dung-hay-khong-138091384.html","2026-05-21T21:26:17.973659+00:00"
"138091152","Hướng dẫn thưởng hợp đồng đối với gói thầu xây lắp theo Công văn 3202/BTC-PTHT thế nào?","Hướng dẫn thưởng hợp đồng đối với gói thầu xây lắp theo Công văn 3202/BTC-PTHT thế nào?

Phương pháp giá thấp nhất đối với gói thầu cung cấp dịch vụ phi tư vấn, mua sắm hàng hóa, xây lắp, hỗn hợp thế nào?

Những hành vi gian lận nào bị cấm trong hoạt động đấu thầu?

Ngày 17/3/2026, Bộ Tài chính ban hành Công văn 3202/BTC-PTHT năm 2026 về việc thưởng hợp đồng đối với gói thương thầu xây lắp theo quy định tại Nghị định 15/2023/NĐ-CP.

Xem toàn bộ Công văn 3202 BTC PTHT 2026 về việc thưởng hợp đồng đối với gói thương thầu xây lắp dưới đây:

TẢI VỀ

Theo báo cáo của Bộ Xây dựng, Gói thầu nêu trên được Chủ đầu tư ký Hợp đồng số 29/2023/HĐXD-B7 ngày 15/01/2023 với Liên danh nhà thầu; Gói thầu có tổng chiều dài 52,5km; theo Hợp đồng đã ký, gói thầu khởi công ngày 15/02/2023, hoàn thành ngày 30/11/2025 (thời gian thi công 1.020 ngày). Đến nay, (1) Đoạn tuyến 39,5km do Công ty Cổ phần và Công ty CP thi công đã hoàn thành được nghiệm thu, bàn giao cho đơn vị tiếp nhận khai thác từ ngày 18/4/2025, rút ngắn thời gian so với hợp đồng khoảng 225 ngày. Chủ đầu tư (Ban Quản lý dự án 7) đề nghị Bộ Xây dựng, Bộ Tài chính hướng dẫn việc thưởng cho hạng mục công trình (39,5km) nêu trên; (2) Đoạn tuyến 13km còn lại do Công ty CP và Công ty CP thi công hoàn thành theo tiến độ nên không thuộc đối tượng xem xét thưởng.

Điều 3 Nghị định 15/2023/NĐ-CP quy định: ""1. Công trình, hạng mục công trình phải được thực hiện theo đúng hợp đồng (về số lượng, khối lượng, chất lượng), đáp ứng quy chuẩn, tiêu chuẩn kỹ thuật và phải được nghiệm thu, bàn giao theo quy định của pháp luật về xây dựng; 2. Việc thưởng hợp đồng phải đảm bảo công khai, minh bạch, công bằng; phải được quy định rõ trong hồ sơ mời thầu, hồ sơ yêu cầu và được thể hiện trong hợp đồng được ký kết giữa chủ đầu tư và nhà thầu. 3. Việc thưởng hợp đồng được áp dụng cho từng gói thầu cụ thể. Số tiền thưởng không vượt nguồn tiền thưởng quy định tại Điều 4 Nghị định này..."".

Khoản 2 Điều 6 Nghị định 15/2023/NĐ-CP quy định: ""1. Chủ đầu tư quyết định cụ thể về việc thưởng hợp đồng, thực hiện việc thanh toán tiền thưởng hợp đồng, điều chỉnh hoặc thu hồi tiền thưởng"". Đồng thời, Nghị định 15/2023/NĐ-CP không quy định việc thưởng cho các thành viên trong Liên danh nhà thầu.

Căn cứ các nội dung trên, đề nghị Bộ Xây dựng chỉ đạo Chủ đầu tư (Ban Quản lý dự án 7) căn cứ quy định tại Nghị định 15/2023/NĐ-CP, quy định tại Hợp đồng đã ký với Liên danh nhà thầu để thực hiện theo đúng quy định; đồng thời, thông báo rõ cho các nhà thầu, tránh kiến nghị nhiều lần khi quy định pháp luật đã rõ ràng.

Trên đây là thông tin: Hướng dẫn thưởng hợp đồng đối với gói thầu xây lắp theo Công văn 3202 BTC PTHT thế nào?

Xem thêm:

>>> Đối với gói thầu mua sắm hàng hóa, xây lắp, phi tư vấn, phương pháp để đánh giá về năng lực và kinh nghiệm là gì?

>>> Gói thầu là gì? Gói thầu nào cần phải áp dụng chỉ định thầu? Gói thầu nào được áp dụng chào hàng cạnh tranh?

Hướng dẫn thưởng hợp đồng đối với gói thầu xây lắp theo Công văn 3202/BTC-PTHT thế nào? (Hình từ Internet)

Căn cứ tại khoản 1 Điều 58 Luật Đấu thầu 2023 quy định như sau:

Như vậy, phương pháp giá thấp nhất đối với gói thầu cung cấp dịch vụ phi tư vấn, mua sắm hàng hóa, xây lắp, hỗn hợp như sau:

- Phương pháp giá thấp nhất được áp dụng đối với gói thầu mà các đề xuất về kỹ thuật, tài chính, thương mại được coi là cùng một mặt bằng khi đáp ứng các yêu cầu của hồ sơ mời thầu;

- Nhà thầu có hồ sơ dự thầu đáp ứng yêu cầu về kỹ thuật, có giá dự thầu sau sửa lỗi, hiệu chỉnh sai lệch (nếu có), trừ đi giá trị giảm giá (nếu có) thấp nhất được xếp hạng thứ nhất.

Căn cứ tại khoản 4 Điều 16 Luật Đấu thầu 2023 quy định như sau:

Theo đó, hành vi gian lận bị nghiêm cấm trong hoạt động đấu thầu gồm có:

- Làm giả hoặc làm sai lệch thông tin, hồ sơ, tài liệu trong đấu thầu;

- Cố ý cung cấp thông tin, tài liệu không trung thực, không khách quan trong hồ sơ quan tâm, hồ sơ dự sơ tuyển, hồ sơ đăng ký thực hiện dự án đầu tư kinh doanh, hồ sơ dự thầu, hồ sơ đề xuất nhằm làm sai lệch kết quả lựa chọn nhà thầu, nhà đầu tư.

Điều 58. Phương pháp đánh giá hồ sơ dự thầu đối với gói thầu cung cấp dịch vụ phi tư vấn, mua sắm hàng hóa, xây lắp, hỗn hợp

1. Phương pháp giá thấp nhất:

a) Phương pháp giá thấp nhất được áp dụng đối với gói thầu mà các đề xuất về kỹ thuật, tài chính, thương mại được coi là cùng một mặt bằng khi đáp ứng các yêu cầu của hồ sơ mời thầu;

b) Nhà thầu có hồ sơ dự thầu đáp ứng yêu cầu về kỹ thuật, có giá dự thầu sau sửa lỗi, hiệu chỉnh sai lệch (nếu có), trừ đi giá trị giảm giá (nếu có) thấp nhất được xếp hạng thứ nhất.

[...]

Điều 16. Các hành vi bị cấm trong hoạt động đấu thầu

[...]

4. Gian lận bao gồm các hành vi sau đây:

a) Làm giả hoặc làm sai lệch thông tin, hồ sơ, tài liệu trong đấu thầu;

b) Cố ý cung cấp thông tin, tài liệu không trung thực, không khách quan trong hồ sơ quan tâm, hồ sơ dự sơ tuyển, hồ sơ đăng ký thực hiện dự án đầu tư kinh doanh, hồ sơ dự thầu, hồ sơ đề xuất nhằm làm sai lệch kết quả lựa chọn nhà thầu, nhà đầu tư.

[...]","xay-dung-do-thi","","","","2026-05-18T00:00:00","https://thuvienphapluat.vn/hoi-dap-phap-luat/huong-dan-thuong-hop-dong-doi-voi-goi-thau-xay-lap-theo-cong-van-3202btcptht-the-nao-138091152.html","2026-05-21T21:22:32.979428+00:00"
"138070046","Xem lịch âm tháng 3 năm 2026 - Lịch vạn niên tháng 3 năm 2026 đầy đủ, chi tiết, mới nhất ra sao? Tháng 3 2026 có ngày lễ lớn nào không?","Xem lịch âm tháng 3 năm 2026 - Lịch vạn niên tháng 3 năm 2026 đầy đủ, chi tiết, mới nhất ra sao? Tháng 3 2026 có ngày lễ lớn nào không?

Người lao động được kiểm tra, giám sát việc trích nộp kinh phí công đoàn tại nơi làm việc không?

Người lao động được tham gia ý kiến về những nội dung nào?

Xem lịch âm tháng 3 năm 2026 - Lịch vạn niên tháng 3 năm 2026 đầy đủ, chi tiết, mới nhất dưới đây:

Lịch Tháng 3 năm 2026

Lịch Tháng 4 năm 2026

Lịch Tháng 5 năm 2026

Có thể thấy:

Theo lịch vạn niên, Tháng 3 năm 2026 âm lịch bao gồm 30 ngày. Trong đó:

- Ngày 01/3/2026 âm lịch sẽ rơi vào ngày 17/4/2026 dương lịch (Thứ sáu)

- Ngày 30/3/2026 âm lịch là ngày 16/5/2026 dương lịch (Thứ bảy).

Ngoài ra, Tháng 3 năm 2026 dương lịch bao gồm 31 ngày, cụ thể:

- Ngày 01/3/2026 dương lịch rơi vào Chủ nhật nhằm ngày 13/1/2026 âm lịch.

- Ngày 31/3/2026 dương lịch rơi vào Thứ ba nhằm ngày 13/2/2026 âm lịch.

Ngoài ra, tại Điều 4 Nghị định 145/2013/NĐ-CP có quy định về các ngày lễ lớn như sau:

Như vậy, trong tháng 3 năm 2026 theo dương lịch, nước ta không có ngày lễ lớn nào. Tuy nhiên, theo lịch âm, nước ta có Ngày Giỗ Tổ Hùng Vương (10-3 Âm lịch) là ngày lễ lớn.

* Trên đây là Thông tin Xem lịch âm tháng 2 năm 2026 - Lịch vạn niên tháng 2 năm 2026 đầy đủ, chi tiết, mới nhất ra sao? Tháng 2 2026 có ngày lễ lớn nào không?

Xem thêm:

>>> Lịch Vạn niên 2026 - Lịch âm 2026 - Lịch dương 2026 chi tiết, đầy đủ 365 ngày tương ứng âm và dương?

>>> Xem lịch âm tháng 1 năm 2026 - Lịch vạn niên tháng 1 năm 2026 đầy đủ, chi tiết, mới nhất ra sao? Tháng 1 2026 có ngày lễ lớn nào không?

Xem lịch âm tháng 3 năm 2026 - Lịch vạn niên tháng 3 năm 2026 đầy đủ, chi tiết, mới nhất ra sao? Tháng 3 2026 có ngày lễ lớn nào không? (Hình từ Internet)

Căn cứ theo Điều 46 Nghị định 145/2020/NĐ-CP quy định nội dung, hình thức người lao động được kiểm tra, giám sát như sau:

Như vậy, theo quy định, người lao động có quyền kiểm tra, giám sát việc trích nộp kinh phí công đoàn tại nơi làm việc.

Tại khoản 1 Điều 44 Nghị định 145/2020/NĐ-CP quy định người lao động được tham gia ý kiến về những nội dung sau:

- Xây dựng, sửa đổi, bổ sung nội quy, quy chế và các văn bản quy định khác của người sử dụng lao động liên quan đến quyền, nghĩa vụ và lợi ích của người lao động;

- Xây dựng, sửa đổi, bổ sung thang lương, bảng lương, định mức lao động; đề xuất nội dung thương lượng tập thể;

- Đề xuất, thực hiện giải pháp tiết kiệm chi phí, nâng cao năng suất lao động, cải thiện điều kiện làm việc, bảo vệ môi trường, phòng chống cháy nổ;

- Nội dung khác liên quan đến quyền, nghĩa vụ và lợi ích của người lao động theo quy định của pháp luật.

Đồng thời, những nội dung quy định tại khoản 1 Điều 44 Nghị định 145/2020/NĐ-CP mà pháp luật quy định cụ thể hình thức người lao động tham gia ý kiến thì thực hiện theo quy định đó; trường hợp pháp luật không quy định cụ thể hình thức thì người lao động căn cứ vào đặc điểm sản xuất, kinh doanh, tổ chức lao động, nội dung người lao động được tham gia ý kiến và quy chế dân chủ ở cơ sở tại nơi làm việc để lựa chọn hình thức sau đây:

- Tham gia ý kiến trực tiếp hoặc thông qua tổ chức đại diện người lao động tại cơ sở, nhóm đại diện đối thoại của người lao động tại hội nghị người lao động, đối thoại tại nơi làm việc;

- Gửi góp ý, kiến nghị trực tiếp;

- Hình thức khác mà pháp luật không cấm.

Điều 4. Các ngày lễ lớn

Các ngày lễ lớn trong nước bao gồm:

1. Ngày Tết Nguyên đán (01 tháng Giêng Âm lịch).

2. Ngày thành lập Đảng Cộng sản Việt Nam (03-02-1930).

3. Ngày Giỗ Tổ Hùng Vương (10-3 Âm lịch).

4. Ngày Giải phóng miền Nam, thống nhất đất nước (30-4-1975).

5. Ngày Chiến thắng Điện Biên Phủ (07-5-1954).

6. Ngày sinh Chủ tịch Hồ Chí Minh (19-5-1890).

7. Ngày Cách mạng Tháng Tám (19-8-1945) và Ngày Quốc khánh nước Cộng hòa xã hội chủ nghĩa Việt Nam (02-9-1945).

Điều 46. Nội dung, hình thức người lao động được kiểm tra, giám sát

1. Người lao động được kiểm tra, giám sát những nội dung sau:

a) Việc thực hiện hợp đồng lao động và thỏa ước lao động tập thể;

b) Việc thực hiện nội quy lao động, quy chế và các văn bản quy định khác của người sử dụng lao động liên quan đến quyền, nghĩa vụ và lợi ích của người lao động;

c) Việc sử dụng quỹ khen thưởng, quỹ phúc lợi, các quỹ do người lao động đóng góp;

d) Việc trích nộp kinh phí công đoàn, đóng bảo hiểm xã hội, bảo hiểm y tế, bảo hiểm thất nghiệp của người sử dụng lao động;

đ) Việc thực hiện thi đua, khen thưởng, kỷ luật, giải quyết khiếu nại, tố cáo liên quan đến quyền, nghĩa vụ và lợi ích của người lao động.

2. Hình thức kiểm tra, giám sát của người lao động thực hiện theo quy định của pháp luật.","xay-dung-do-thi","","","","2026-05-18T00:00:00","https://thuvienphapluat.vn/hoi-dap-phap-luat/xem-lich-am-thang-3-nam-2026--lich-van-nien-thang-3-nam-2026-day-du-chi-tiet-moi-nhat-ra-sao-thang--138070046.html","2026-05-21T21:25:55.496742+00:00"
"138090587","Hướng dẫn cấp giấy phép xây dựng có thời hạn theo Công văn 14608 chi tiết thế nào?","Hướng dẫn cấp giấy phép xây dựng có thời hạn theo Công văn 14608 chi tiết thế nào?

Hệ thống định mức xây dựng từ 1/7/2026 bao gồm những gì?

Nội dung thẩm định thiết kế xây dựng của chủ đầu tư được quy định thế nào?

Ngày 29/4/2026, Sở Xây dựng TP.HCM đã ban hành Công văn 14608/SXD-QLXDCT về việc liên quan đến việc áp dụng, thi hành Quyết định 29/2025/QĐ-UBND phân cấp thẩm quyền cấp giấy phép xây dựng; quy định về quy mô, thời hạn tồn tại của công trình được cấp giấy phép xây dựng có thời hạn trên địa bàn Thành phố Hồ Chí Minh.

TẢI VỀ

Trước đó, Sở Xây dựng nhận được Nội dung phản ánh, kiến nghị liên quan đến việc áp dụng, thì hành Quyết định 29/2025/QĐ-UBND của Ủy ban nhân dân Thành phố về phân cấp thẩm quyền cấp giấy phép xây dựng; quy định về quy mô, thời hạn tồn tại của công trình được cấp giấy phép xây dựng có thời hạn trên địa bàn Thành phố Hồ Chí Minh như sau:

Qua xem xét, Sở Xây dựng Thành phố Hồ Chí Minh đã có hứng dẫn chi tiết tại Công văn 14608/SXD-QLXDCT năm 2026 như sau:

(1) Về việc cấp Giấy phép xây dựng có thời hạn đối với các khu vực ""chưa có quy hoạch phân khu, quy hoạch chi tiết theo pháp luật về quy hoạch đô thị và nông thôn"" Sở Xây dựng đã có Công văn 11890/SXD-QLXDCT năm 2026; theo đó:

Ủy ban nhân dân cấp phường, xã căn cứ chức năng, nhiệm vụ được giao tổ chức thực hiện lập quy hoạch phân khu, quy hoạch chi tiết hoặc thiết kế đô thị riêng theo pháp luật về đô thị và nông thôn hoặc quy chế quản lý kiến trúc theo quy định của pháp luật về kiến trúc để có đủ căn cứ thực hiện giải quyết cấp Giấy phép xây dựng/Giấy phép xây dựng có thời hạn công trình nhà ở riêng lẻ theo đúng quy định pháp luật hiện hành.

(2) Về quy mô xây dựng và thời hạn tồn tại của công trình được cấp giấy phép xây dựng có thời hạn đã được quy định cụ thể tại Điều 3 Quyết định 29/2025/QĐ-UBND về phân cấp thẩm quyền cấp giấy phép xây dựng; Quy định về quy mô, thời hạn tồn tại của công trình được cấp giấy phép xây dựng có thời hạn trên địa bàn Thành phố Hồ Chí Minh.

* Trên đây là Thông tin về Hướng dẫn cấp giấy phép xây dựng có thời hạn theo Công văn 14608 chi tiết thế nào?

Xem thêm:

TOÀN VĂN Thông tư 60/2025/TT-BXD sửa đổi các Thông tư về hoạt động xây dựng thế nào?

Điều kiện khởi công xây dựng công trình từ 1/7/2026 là gì?

Hướng dẫn cấp giấy phép xây dựng có thời hạn theo Công văn 14608 chi tiết thế nào? (Hình từ Internet)

Theo Điều 77 Luật Xây dựng 2025 quy định:

Như vậy, hệ thống định mức xây dựng bao gồm định mức kinh tế - kỹ thuật và định mức chi phí.

Định mức kinh tế - kỹ thuật bao gồm định mức cơ sở và định mức dự toán.

Căn cứ theo Điều 30 Luật Xây dựng 2025 quy định về nội dung thẩm định thiết kế xây dựng của chủ đầu tư như sau:

[1] Đối với công trình xây dựng thuộc dự án đầu tư công, chủ đầu tư thẩm định các nội dung sau đây:

- Việc đáp ứng các yêu cầu của nhiệm vụ thiết kế;

- Sự phù hợp của thiết kế xây dựng triển khai sau khi dự án được phê duyệt so với thiết kế xây dựng tại Báo cáo nghiên cứu khả thi;

- Sự tuân thủ quy chuẩn kỹ thuật, tiêu chuẩn áp dụng, quy định của pháp luật về sử dụng vật liệu xây dựng cho công trình;

- Đánh giá an toàn chịu lực công trình và bảo đảm an toàn của công trình lân cận; đánh giá giải pháp thiết kế về phòng cháy và chữa cháy theo quy định của pháp luật về phòng cháy, chữa cháy và cứu nạn, cứu hộ; sự hợp lý của việc lựa chọn dây chuyền và thiết bị công nghệ đối với thiết kế công trình có yêu cầu về công nghệ;

- Sự phù hợp giữa khối lượng chủ yếu của dự toán với khối lượng thiết kế; sự phù hợp của giá trị dự toán xây dựng công trình với giá trị tổng mức đầu tư xây dựng; xác định giá trị dự toán công trình;

- Việc đáp ứng điều kiện năng lực của các chủ thể thực hiện khảo sát, thiết kế và dự toán xây dựng theo quy định của Luật này và quy định khác của pháp luật có liên quan.

[2] Đối với công trình xây dựng thuộc dự án PPP, dự án đầu tư kinh doanh, nội dung thẩm định theo quy định của Chính phủ.

Trên đây là Thông tin về Hướng dẫn cấp giấy phép xây dựng có thời hạn theo Công văn 14608 chi tiết thế nào?

Thửa đất chỉ thuộc quy hoạch chung, chưa có quy hoạch phân khu hoặc quy hoạch chi tiết. Do đó, chưa có cơ sở để xác định:

- Quy mô xây dựng được phép đối với giấy phép xây dựng có thời hạn

Thời hạn tồn tại của công trình

Sở Xây dựng Thành phố Hồ Chí Minh trả lời tại Văn bản số 11890/SXD-QLXDCT ngày 10 tháng 4 năm 2026, tuy nhiên chưa thống nhất với nội dung trả lời. Lý do là theo điểm b khoản 1 Điều 94 Luật Xây dựng năm 2014 (đã được sửa đổi, bổ sung), thì: Quy mô và thời hạn tồn tại của công trình xây dựng có thời hạn phải do Ủy ban nhân dân cấp tỉnh quy định.

Kính đề nghị Ủy ban nhân dân Thành phố Hồ Chí Minh xem xét, hướng dẫn cụ thể về:

- Quy mô xây dựng (đối với nhà ở riêng lẻ)

- Thời hạn tồn tại của công trình đối với trường hợp thửa đất chỉ có quy hoạch chung, chưa có quy hoạch phân khu hoặc quy hoạch chi tiết, như trường hợp nêu trên. Việc hướng dẫn rõ ràng sẽ tạo cơ sở thực hiện đúng quy định pháp luật, đồng thời tránh phát sinh vướng mắc trong quá trình xin cấp phép xây dựng.

Điều 77. Định mức xây dựng

1. Hệ thống định mức xây dựng bao gồm định mức kinh tế - kỹ thuật và định mức chi phí. Định mức kinh tế - kỹ thuật bao gồm định mức cơ sở và định mức dự toán.

2. Hệ thống định mức xây dựng do cơ quan quản lý nhà nước tổ chức xây dựng và ban hành; được rà soát, cập nhật thường xuyên theo định kỳ.

3. Đối với công tác xây dựng có công nghệ thi công mới, sử dụng vật liệu mới chưa được quy định trong hệ thống định mức quy định tại khoản 2 Điều này, chủ đầu tư các dự án đầu tư công có trách nhiệm tổ chức khảo sát, cung cấp số liệu theo yêu cầu của cơ quan quản lý nhà nước.

4. Khuyến khích các cơ quan, tổ chức khác xây dựng định mức dự toán gửi về cơ quan ban hành định mức quy định tại khoản 2 Điều này.

5. Hệ thống định mức xây dựng quy định tại khoản 2 Điều này được áp dụng đối với dự án đầu tư công. Trường hợp chưa có định mức hoặc có nhưng chưa phù hợp thì được tổ chức xây dựng, vận dụng, điều chỉnh định mức hoặc sử dụng giá xây dựng theo quy định tại Điều 78 của Luật này để xác định dự toán xây dựng, tổng mức đầu tư xây dựng và quản lý chi phí đầu tư xây dựng.

6. Đối với các dự án không quy định tại khoản 5 Điều này thì tham khảo hệ thống định mức quy định tại khoản 2 Điều này để xác định giá xây dựng, dự toán xây dựng, tổng mức đầu tư xây dựng và quản lý chi phí đầu tư xây dựng.","xay-dung-do-thi","","","","2026-05-14T00:00:00","https://thuvienphapluat.vn/hoi-dap-phap-luat/huong-dan-cap-giay-phep-xay-dung-co-thoi-han-theo-cong-van-14608-chi-tiet-the-nao-138090587.html","2026-05-21T21:22:38.171506+00:00"
"138090308","Mức tạm ứng tối thiểu hợp đồng thi công xây dựng công trình 2026 bao nhiêu?","Mức tạm ứng tối thiểu hợp đồng thi công xây dựng công trình 2026 bao nhiêu?

Việc thanh toán hợp đồng xây dựng phải phù hợp với nội dung gì?

Quy định về quyết toán hợp đồng xây dựng như thế nào?

Theo đó, mức tạm ứng tối thiểu hợp đồng thi công xây dựng công trình 2026 như sau:

- 10% giá hợp đồng đối với hợp đồng có giá trị trên 50 tỷ đồng.

- 15% giá hợp đồng đối với hợp đồng có giá trị từ 10 tỷ đồng đến 50 tỷ đồng.

- 20% giá hợp đồng đối với các hợp đồng có giá trị dưới 10 tỷ đồng.

Căn cứ theo khoản 5 Điều 18 Nghị định 37/2015/NĐ-CP sửa đổi bởi khoản 2 Điều 9 Nghị định 35/2023/NĐ-CP quy định về tạm ứng hợp đồng xây dựng như sau:

>>> Xem thêm: Mẫu báo cáo giám sát thi công xây dựng công trình mới nhất 2026 là mẫu nào?

>>> Xem thêm: Thành phần ký biên bản nghiệm thu giai đoạn thi công xây dựng gồm những ai?

Mức tạm ứng tối thiểu hợp đồng thi công xây dựng công trình 2026 bao nhiêu? (Hình từ Internet)

Tại Điều 19 Nghị định 37/2015/NĐ-CP quy định về thanh toán hợp đồng xây dựng như sau:

Như vậy, việc thanh toán hợp đồng xây dựng phải phù hợp với loại hợp đồng, giá hợp đồng và các điều kiện trong hợp đồng mà các bên đã ký kết.

Theo Điều 22 Nghị định 37/2015/NĐ-CP sửa đổi bởi khoản 7 Điều 1 Nghị định 50/2021/NĐ-CP quy định về quyết toán hợp đồng xây dựng như như sau:

[1] Quyết toán hợp đồng là việc xác định tổng giá trị cuối cùng của hợp đồng xây dựng mà bên giao thầu có trách nhiệm thanh toán cho bên nhận thầu khi bên nhận thầu hoàn thành tất cả các công việc theo thỏa thuận trong hợp đồng.

[2] Hồ sơ quyết toán hợp đồng do bên nhận thầu lập phù hợp với từng loại hợp đồng và giá hợp đồng. Nội dung của hồ sơ quyết toán hợp đồng xây dựng phải phù hợp với các thỏa thuận trong hợp đồng, bao gồm các tài liệu sau:

- Biên bản nghiệm thu hoàn thành toàn bộ công việc thuộc phạm vi hợp đồng và công việc phát sinh ngoài phạm vi hợp đồng.

- Bảng tính giá trị quyết toán hợp đồng xây dựng (gọi là quyết toán A-B), trong đó nêu rõ giá trị công việc hoàn thành theo hợp đồng; giá trị khối lượng công việc phát sinh (nếu có) ngoài phạm vi công việc theo hợp đồng đã ký, giá trị đã thanh toán hoặc tạm thanh toán và giá trị còn lại mà bên giao thầu có trách nhiệm thanh toán cho bên nhận thầu.

- Hồ sơ hoàn công, nhật ký thi công xây dựng công trình đối với hợp đồng có công việc thi công xây dựng.

- Các tài liệu khác theo thỏa thuận trong hợp đồng.

[3] Thời hạn thực hiện quyết toán hợp đồng xây dựng thực hiện theo quy định tại khoản 2 Điều 147 Luật Xây dựng 2014 được sửa đổi, bổ sung theo quy định tại điểm c khoản 64 Điều 1 Luật Sửa đổi, bổ sung một số điều của Luật Xây dựng 2020.

Điều 18. Tạm ứng hợp đồng xây dựng

[...]

5. Mức tạm ứng hợp đồng không được vượt quá 30% giá trị hợp đồng tại thời điểm ký kết (bao gồm cả dự phòng nếu có). Trường hợp cần tạm ứng với mức cao hơn phải được người quyết định đầu tư cho phép. Đối với dự án mà người quyết định đầu tư là Thủ tướng Chính phủ, việc quyết định mức tạm ứng cao hơn do Bộ trưởng, Thủ trưởng cơ quan ngang bộ, Chủ tịch Ủy ban nhân dân cấp tỉnh quyết định; mức tạm ứng tối thiểu được quy định như sau:

a) Đối với hợp đồng tư vấn:

- 15% giá hợp đồng đối với hợp đồng có giá trị trên 10 tỷ đồng.

- 20% giá hợp đồng đối với các hợp đồng có giá trị đến 10 tỷ đồng.

b) Đối với hợp đồng thi công xây dựng công trình:

- 10% giá hợp đồng đối với hợp đồng có giá trị trên 50 tỷ đồng.

- 15% giá hợp đồng đối với hợp đồng có giá trị từ 10 tỷ đồng đến 50 tỷ đồng.

- 20% giá hợp đồng đối với các hợp đồng có giá trị dưới 10 tỷ đồng.

[...]

Điều 19. Thanh toán hợp đồng xây dựng

1. Việc thanh toán hợp đồng xây dựng phải phù hợp với loại hợp đồng, giá hợp đồng và các điều kiện trong hợp đồng mà các bên đã ký kết. Khi thanh toán theo các thỏa thuận trong hợp đồng các bên không phải ký phụ lục hợp đồng, trừ trường hợp bổ sung công việc chưa có trong hợp đồng.

2. Các bên thỏa thuận trong hợp đồng về số lần thanh toán, giai đoạn thanh toán, thời điểm thanh toán, thời hạn thanh toán, hồ sơ thanh toán và điều kiện thanh toán.

3. Bên giao thầu phải thanh toán đầy đủ (100%) giá trị của từng lần thanh toán cho bên nhận thầu sau khi đã giảm trừ tiền tạm ứng, tiền bảo hành công trình theo thỏa thuận trong hợp đồng, trừ trường hợp các bên có thỏa thuận khác.

[...]","xay-dung-do-thi","","","","2026-05-13T00:00:00","https://thuvienphapluat.vn/hoi-dap-phap-luat/muc-tam-ung-toi-thieu-hop-dong-thi-cong-xay-dung-cong-trinh-2026-bao-nhieu-138090308.html","2026-05-21T21:22:43.613731+00:00"
"138090122","Chi phí cho gói thầu thuộc cùng một dự án, dự toán mua sắm hoặc tổ chức lại việc lựa chọn nhà thầu theo Nghị định 214 thế nào?","Chi phí cho gói thầu thuộc cùng một dự án, dự toán mua sắm hoặc tổ chức lại việc lựa chọn nhà thầu theo Nghị định 214 thế nào?

Gói thầu mua sắm trực tiếp hàng hóa áp dụng phương thức lựa chọn nhà thầu nào?

Quy định về chi phí lựa chọn nhà thầu, nhà đầu tư theo Luật Đấu thầu như thế nào?

Căn cứ tại khoản 7 Điều 14 Nghị định 214/2025/NĐ-CP quy định về chi phí trong lựa chọn nhà thầu như sau:

Như vậy, chi phí tổ chức lại việc lựa chọn nhà thầu đối với các gói thầu có nội dung tương tự thuộc cùng một dự án, dự toán mua sắm của cùng chủ đầu tư hoặc các gói thầu phải tổ chức lại việc lựa chọn nhà thầu như sau:

- Lập, thẩm định hồ sơ mời quan tâm, hồ sơ mời sơ tuyển;

- Lập, thẩm định hồ sơ mời thầu, hồ sơ yêu cầu được tính tối đa bằng 50% mức chi phí quy định tại khoản 4 Điều 14 Nghị định 214/2025/NĐ-CP;

Trường hợp phải tổ chức đấu thầu lại một phần của gói thầu (đối với gói thầu chia phần) thì chi phí được tính tối đa bằng 50% mức chi phí theo giá trị ước tính của phần tổ chức đấu thầu lại.

Trường hợp tổ chức lại việc lựa chọn nhà thầu thì phải tính toán, bổ sung chi phí lựa chọn nhà thầu vào dự án, dự toán mua sắm phù hợp với thực tế của gói thầu. Trường hợp đấu thầu quốc tế, chi phí dịch tài liệu được tính phù hợp với giá thị trường, bảo đảm hiệu quả của gói thầu.

Trên đây là thông tin: Chi phí cho gói thầu thuộc cùng một dự án, dự toán mua sắm hoặc tổ chức lại việc lựa chọn nhà thầu theo Nghị định 214 thế nào?

Xem thêm:

>>> Nhà thầu trong nước nào được hưởng ưu đãi trong lựa chọn nhà thầu?

>>> Nhà thầu nước ngoài liên danh với nhà thầu trong nước có được hưởng ưu đãi lựa chọn nhà thầu khi nhà thầu trong nước đảm nhận từ 25% trở lên giá trị công việc của gói thầu không?

Chi phí cho gói thầu thuộc cùng một dự án, dự toán mua sắm hoặc tổ chức lại việc lựa chọn nhà thầu theo Nghị định 214 thế nào? (Hình từ Internet)

Căn cứ tại khoản 1 Điều 30 Luật Đấu thầu 2023 được sửa đổi bởi khoản 18 Điều 1 Luật Sửa đổi Luật Đấu thầu; Luật Đầu tư theo phương thức đối tác công tư; Luật Hải quan; Luật Thuế giá trị gia tăng; Luật Thuế xuất khẩu, thuế nhập khẩu; Luật Đầu tư; Luật Đầu tư công; Luật Quản lý, sử dụng tài sản công 2025 quy định về phương thức một giai đoạn một túi hồ sơ như sau:

Như vậy, các gói thầu mua sắm trực tiếp hàng hóa sẽ áp dụng phương thức một giai đoạn một túi hồ sơ.

Căn cứ theo Điều 15 Luật Đấu thầu 2023 một số từ bị bãi bỏ bởi khoản 46 Điều 1 Luật sửa đổi Luật Đấu thầu; Luật Đầu tư theo phương thức đối tác công tư; Luật Hải quan; Luật Thuế giá trị gia tăng; Luật Thuế xuất khẩu, thuế nhập khẩu; Luật Đầu tư; Luật Đầu tư công; Luật Quản lý, sử dụng tài sản công 2025 quy định về chi phí lựa chọn nhà thầu, nhà đầu tư như sau:

(1) Chi phí trong lựa chọn nhà thầu được quy định như sau:

- Hồ sơ yêu cầu, hồ sơ mời thầu đối với đấu thầu trong nước, hồ sơ mời quan tâm, hồ sơ mời sơ tuyển được phát hành miễn phí trên Hệ thống mạng đấu thầu quốc gia;

- Hồ sơ mời thầu đối với đấu thầu quốc tế được phát hành trên Hệ thống mạng đấu thầu quốc gia; nhà thầu nộp tiền mua bản điện tử hồ sơ mời thầu khi nộp hồ sơ dự thầu;

- Chủ đầu tư chịu chi phí đăng tải thông tin về đấu thầu, chi phí liên quan đến tổ chức lựa chọn nhà thầu;

- Nhà thầu chịu chi phí liên quan đến việc chuẩn bị hồ sơ quan tâm, hồ sơ dự sơ tuyển, hồ sơ dự thầu, hồ sơ đề xuất, tham dự thầu, chi phí giải quyết kiến nghị (nếu có).

(2) Chi phí trong lựa chọn nhà đầu tư được quy định như sau:

- Hồ sơ mời quan tâm, hồ sơ mời thầu đối với đấu thầu trong nước được phát hành miễn phí trên Hệ thống mạng đấu thầu quốc gia;

- Hồ sơ mời thầu đối với đấu thầu quốc tế được phát hành trên Hệ thống mạng đấu thầu quốc gia; nhà đầu tư nộp tiền mua bản điện tử hồ sơ mời thầu khi nộp hồ sơ dự thầu;

- Bên mời thầu chịu chi phí đăng tải thông tin về lựa chọn nhà đầu tư và các chi phí liên quan đến tổ chức lựa chọn nhà đầu tư;

- Nhà đầu tư chịu chi phí liên quan đến việc chuẩn bị hồ sơ đăng ký thực hiện dự án, hồ sơ dự thầu, tham dự thầu, chi phí giải quyết kiến nghị (nếu có).

(3) Chính phủ quy định chi tiết Điều 15 Luật Đấu thầu 2023.

Điều 14. Chi phí trong lựa chọn nhà thầu

[...]

7. Đối với các gói thầu có nội dung tương tự thuộc cùng một dự án, dự toán mua sắm của cùng chủ đầu tư hoặc các gói thầu phải tổ chức lại việc lựa chọn nhà thầu thì các chi phí: lập, thẩm định hồ sơ mời quan tâm, hồ sơ mời sơ tuyển; lập, thẩm định hồ sơ mời thầu, hồ sơ yêu cầu được tính tối đa bằng 50% mức chi phí quy định tại khoản 4 Điều này; trường hợp phải tổ chức đấu thầu lại một phần của gói thầu (đối với gói thầu chia phần) thì chi phí được tính tối đa bằng 50% mức chi phí theo giá trị ước tính của phần tổ chức đấu thầu lại.

Trường hợp tổ chức lại việc lựa chọn nhà thầu thì phải tính toán, bổ sung chi phí lựa chọn nhà thầu vào dự án, dự toán mua sắm phù hợp với thực tế của gói thầu. Trường hợp đấu thầu quốc tế, chi phí dịch tài liệu được tính phù hợp với giá thị trường, bảo đảm hiệu quả của gói thầu.

[...]

Điều 30. Phương thức một giai đoạn một túi hồ sơ

1. Phương thức một giai đoạn một túi hồ sơ được áp dụng trong các trường hợp sau đây:

a) Đấu thầu rộng rãi, đấu thầu hạn chế đối với gói thầu cung cấp dịch vụ phi tư vấn, mua sắm hàng hóa, xây lắp, hỗn hợp. Trường hợp gói thầu đáp ứng quy định tại điểm b, điểm c khoản 1 và khoản 1a Điều 31 của Luật này thì được lựa chọn áp dụng phương thức một giai đoạn một túi hồ sơ hoặc một giai đoạn hai túi hồ sơ;

b) Chào hàng cạnh tranh đối với gói thầu cung cấp dịch vụ phi tư vấn, mua sắm hàng hóa, xây lắp, gói thầu hỗn hợp cung cấp hàng hóa và xây lắp;

c) Chỉ định thầu đối với gói thầu cung cấp dịch vụ tư vấn, dịch vụ phi tư vấn, mua sắm hàng hóa, xây lắp, hỗn hợp;

d) Mua sắm trực tiếp đối với gói thầu mua sắm hàng hóa.

[...]","xay-dung-do-thi","","","","2026-05-11T00:00:00","https://thuvienphapluat.vn/hoi-dap-phap-luat/chi-phi-cho-goi-thau-thuoc-cung-mot-du-an-du-toan-mua-sam-hoac-to-chuc-lai-viec-lua-chon-nha-thau-t-138090122.html","2026-05-21T21:22:49.532768+00:00"
"138090114","Hướng dẫn điều chỉnh hợp đồng xây dựng khi có biến động giá xăng dầu, vật liệu theo Công văn 6761 thế nào?","Hướng dẫn điều chỉnh hợp đồng xây dựng khi có biến động giá xăng dầu, vật liệu theo Công văn 6761 thế nào?

Sửa đổi hợp đồng xây dựng từ 1/7/2026 bao gồm các hoạt động nào?

Hợp đồng xây dựng được giao kết hợp pháp có hiệu lực khi nào?

Ngày 08/05/2026, Bộ Xây dựng ban hành Công văn 6761/BXD-KTQLXD năm 2026 về điều chỉnh hợp đồng xây dựng khi có biến động giá xăng dầu, vật liệu xây dựng.

Xem toàn bộ Công văn 6761 BXD KTQLXD 2026 về điều chỉnh hợp đồng xây dựng khi có biến động giá xăng dầu, vật liệu xây dựng dưới đây:

TẢI VỀ

Về việc điều chỉnh hợp đồng trọn gói và hợp đồng theo đơn giá cố định trong điều kiện biến động mạnh về giá vật liệu xây dựng, Bộ Xây dựng có ý kiến như sau:

(1) Quy định pháp luật liên quan đến điều chỉnh hợp đồng xây dựng

(i) Quy định pháp luật đối với trường hợp bất khả kháng hoặc hoàn cảnh thay đổi cơ bản

+ Tại Điều 156 Bộ Luật Dân sự 2015 đã quy định sự kiện bất khả kháng phải đáp ứng đủ 03 điều kiện: (i) là sự kiện xảy ra một cách khách quan; (ii) không thể lường trước được; (iii) không thể khắc phục được mặc dù đã áp dụng mọi biện pháp cần thiết và khả năng cho phép.

+ Tại Điều 420 Bộ Luật Dân sự 2015 đã quy định trường hợp được coi là hoàn cảnh thay đổi cơ bản phải đáp ứng đủ 05 điều kiện: (i) sự thay đổi hoàn cảnh do nguyên nhân khách quan xảy ra sau khi giao kết hợp đồng; (ii) tại thời điểm giao kết hợp đồng, các bên không thể lường trước được về sự thay đổi hoàn cảnh; (iii) hoàn cảnh thay đổi lớn đến mức nếu như các bên biết trước thì hơp đồng đã không được giao kết hoặc được giao kết nhưng với nội dung hoàn toàn khác; (iv) việc tiếp tục thực hiện hợp đồng mà không có sự thay đổi nội dung hợp đồng sẽ gây thiệt hại nghiêm trọng cho một bên; (v) bên có lợi ích bị ảnh hưởng đã áp dụng mọi biện pháp cần thiết trong khả năng cho phép, phù hợp với tính chất của hợp đồng mà không thể ngăn chặn, giảm thiểu mức độ ảnh hưởng đến lợi ích.

+ Tại khoản 1 Điều 13 Luật Xây dựng 2025 đã quy định sự kiện bất khả kháng trong hoạt động xây dựng bao gồm: (i) thiên tai, thảm họa môi trường; (ii) hỏa hoạn, dịch bệnh; (iii) tình trạng khẩn cấp về an ninh quốc gia, trật tự an toàn xã hội và tình trạng khẩn cấp về quốc phòng; (iv) đình công, bãi công, cấm vận, bao vây; (v) hoạt động về phát hiện cổ vật, khảo cổ; (vi) các trường hợp khác theo quy định của luật có liên quan.

+ Tại khoản 2 Điều 13 Luật Xây dựng 2025 đã quy định hoàn cảnh thay đổi cơ bản trong hoạt động xây dựng bao gồm các trường hợp: (i) Nhà nước thay đổi chính sách, pháp luật; (ii) các điều kiện bất thường về địa chất không lường trước được; (iii) các trường hợp khác theo quy định của luật có liên quan.

+ Tại khoản 7 Điều 95 Luật Xây dựng 2025 về điều khoản chuyển tiếp đã quy định: các hợp đồng xây dựng đã ký trước ngày 01/7/2026 thì thực hiện theo quy định của Luật Xây dựng 2014 và được áp dụng quy định của Luật này trong trường hợp xảy ra sự kiện bất khả kháng và hoàn cảnh thay đổi cơ bản.

(ii) Quy định pháp luật đối với việc điều chỉnh hợp đồng

- Hợp đồng trọn gói và hợp đồng theo đơn giá cố định chỉ được điều chỉnh đơn giá trong trường hợp bất khả kháng theo quy định tại Luật Xây dựng 2014 được sửa đổi, bổ sung tại Luật số 62/2020/QH14, Nghị định 37/2015/NĐ-CP (Điều 15, Điều 36), Nghị định 50/2021/NĐ-CP2 (khoản 12 Điều 1).

- Hợp đồng xây dựng có thể được sửa đổi trong trường hợp hoàn cảnh thực hiện hợp đồng có thay đổi cơ bản theo quy định tại Luật Đấu thầu năm 2023 được sửa đổi, bổ sung tại Luật số 90/2025/QH15 (Điều 70), Bộ Luật Dân sự 2015 (Điều 420).

[...]

Trên đây là thông tin: Hướng dẫn điều chỉnh hợp đồng xây dựng khi có biến động giá xăng dầu, vật liệu theo Công văn 6761 BXD KTQLXD 2026 thế nào?

Xem thêm: Điều kiện áp dụng các loại giá hợp đồng xây dựng đối với hợp đồng trọn gói và hợp đồng theo đơn giá cố định cần đáp ứng là gì?

Hướng dẫn điều chỉnh hợp đồng xây dựng khi có biến động giá xăng dầu, vật liệu theo Công văn 6761 thế nào? (Hình từ Internet)

Căn cứ tại khoản 1 Điều 84 Luật Xây dựng 2025 quy định như sau:

Như vậy, sửa đổi hợp đồng xây dựng bao gồm điều chỉnh về khối lượng, tiến độ, thời gian thực hiện, đơn giá hợp đồng, giá hợp đồng và các nội dung khác của hợp đồng.

Sửa đổi hợp đồng xây dựng được áp dụng trong thời gian có hiệu lực của hợp đồng xây dựng và phải được thực hiện bằng văn bản.

Căn cứ tại khoản 4 Điều 81 Luật Xây dựng 2025 quy định như sau:

Như vậy, hợp đồng xây dựng được giao kết hợp pháp có hiệu lực từ thời điểm giao kết hoặc thời điểm khác do các bên thỏa thuận;

Trường hợp hợp đồng xây dựng được công chứng thì thời điểm có hiệu lực của hợp đồng xây dựng thực hiện theo quy định của pháp luật về công chứng.

Từ thời điểm hợp đồng xây dựng có hiệu lực, các bên phải thực hiện quyền và nghĩa vụ đối với nhau theo cam kết. Hợp đồng xây dựng có thể bị sửa đổi hoặc chấm dứt theo thỏa thuận của các bên hoặc theo quy định của pháp luật.

Lưu ý: Luật Xây dựng 2025 có hiệu lực từ ngày 01/7/2026

Điều 84. Sửa đổi hợp đồng xây dựng

1. Sửa đổi hợp đồng xây dựng bao gồm điều chỉnh về khối lượng, tiến độ, thời gian thực hiện, đơn giá hợp đồng, giá hợp đồng và các nội dung khác của hợp đồng. Sửa đổi hợp đồng xây dựng được áp dụng trong thời gian có hiệu lực của hợp đồng xây dựng và phải được thực hiện bằng văn bản.

[...]

Điều 81. Hiệu lực và tính pháp lý của hợp đồng xây dựng

[...]

3. Khi thực hiện chức năng, nhiệm vụ theo quy định, cơ quan quản lý nhà nước, thanh tra, kiểm tra, kiểm toán, tổ chức thanh toán, cho vay vốn và các cơ quan có liên quan khác phải tôn trọng hợp đồng xây dựng được giao kết hợp pháp và có hiệu lực; không được xâm phạm đến quyền và lợi ích hợp pháp của các bên tham gia hợp đồng xây dựng.

4. Hợp đồng xây dựng được giao kết hợp pháp có hiệu lực từ thời điểm giao kết hoặc thời điểm khác do các bên thỏa thuận; trường hợp hợp đồng xây dựng được công chứng thì thời điểm có hiệu lực của hợp đồng xây dựng thực hiện theo quy định của pháp luật về công chứng. Từ thời điểm hợp đồng xây dựng có hiệu lực, các bên phải thực hiện quyền và nghĩa vụ đối với nhau theo cam kết. Hợp đồng xây dựng có thể bị sửa đổi hoặc chấm dứt theo thỏa thuận của các bên hoặc theo quy định của pháp luật.","xay-dung-do-thi","","","","2026-05-11T00:00:00","https://thuvienphapluat.vn/hoi-dap-phap-luat/huong-dan-dieu-chinh-hop-dong-xay-dung-khi-co-bien-dong-gia-xang-dau-vat-lieu-theo-cong-van-6761-th-138090114.html","2026-05-21T21:22:55.465026+00:00"
"138089922","Thời hạn gửi bản kê khai đăng ký an toàn đập, hồ chứa nước đến cơ quan nhà nước có thẩm quyền?","Thời hạn gửi bản kê khai đăng ký an toàn đập, hồ chứa nước đến cơ quan nhà nước có thẩm quyền?

Nguyên tắc quản lý an toàn đập, hồ chứa nước?

Có mấy loại đập, hồ chứa nước theo quy định hiện hành?

Căn cứ Điều 10 Nghị định 114/2018/NĐ-CP quy định về kê khai đăng ký an toàn đập, hồ chứa nước:

Theo đó, chủ đầu tư xây dựng đập, hồ chứa nước lập và gửi bản kê khai đăng ký an toàn đập, hồ chứa nước đến cơ quan nhà nước có thẩm quyền trong thời hạn 30 ngày làm việc kể từ ngày nghiệm thu đưa vào khai thác.

Thời hạn gửi bản kê khai đăng ký an toàn đập, hồ chứa nước đến cơ quan nhà nước có thẩm quyền? (Hình từ Internet)

Căn cứ Điều 4 Nghị định 114/2018/NĐ-CP quy định về nguyên tắc quản lý an toàn đập, hồ chứa nước:

Theo đó, về nguyên tắc quản lý an toàn đập, hồ chứa nước thì việc bảo đảm an toàn đập, hồ chứa nước là ưu tiên cao nhất trong hoạt động đầu tư xây dựng, quản lý và khai thác công trình. Đồng thời, công tác quản lý an toàn đập, hồ chứa nước phải được thực hiện thường xuyên, liên tục trong suốt quá trình khảo sát, thiết kế, thi công xây dựng, quản lý, khai thác và bảo vệ công trình. Ngoài ra, chủ sở hữu đập, hồ chứa nước chịu trách nhiệm về an toàn công trình do mình sở hữu; tổ chức, cá nhân khai thác đập, hồ chứa nước có trách nhiệm quản lý, khai thác, bảo đảm an toàn và phát huy hiệu quả của công trình theo quy định.

Căn cứ Điều 3 Nghị định 114/2018/NĐ-CP quy định về phân loại đập, hồ chứa nước:

Theo đó, đập, hồ chứa nước gồm 04 loại, cụ thể: đập, hồ chứa nước quan trọng đặc biệt; đập, hồ chứa nước lớn; đập, hồ chứa nước vừa và đập, hồ chứa nước nhỏ.

Điều 10. Kê khai đăng ký an toàn đập, hồ chứa nước

1. Trách nhiệm kê khai đăng ký an toàn đập, hồ chứa nước

a) Chủ đầu tư xây dựng đập, hồ chứa nước lập và gửi bản kê khai đăng ký an toàn đập, hồ chứa nước đến cơ quan nhà nước có thẩm quyền trong thời hạn 30 ngày làm việc kể từ ngày nghiệm thu đưa vào khai thác.

b) Đối với đập, hồ chứa nước đang khai thác mà chưa kê khai đăng ký an toàn đập, hồ chứa nước thì tổ chức, cá nhân khai thác đập, hồ chứa nước có trách nhiệm lập và gửi bản kê khai đăng ký an toàn đập, hồ chứa nước đến cơ quan nhà nước có thẩm quyền trong thời hạn 45 ngày làm việc kể từ ngày Nghị định này có hiệu lực thi hành.

c) Đập, hồ chứa nước đang khai thác khi điều chỉnh quy mô, mục đích sử dụng; thay đổi chủ sở hữu, chủ quản lý, tổ chức, cá nhân khai thác thì tổ chức, cá nhân khai thác phải điều chỉnh bản kê khai đăng ký an toàn đập, hồ chứa nước và gửi cơ quan nhà nước có thẩm quyền trong thời hạn 15 ngày làm việc kể từ ngày có thay đổi.

[…]

Điều 4. Nguyên tắc quản lý an toàn đập, hồ chứa nước

1. Bảo đảm an toàn đập, hồ chứa nước là ưu tiên cao nhất trong đầu tư xây dựng, quản lý, khai thác đập, hồ chứa nước.

2. Công tác quản lý an toàn đập, hồ chứa nước phải được thực hiện thường xuyên, liên tục trong suốt quá trình khảo sát, thiết kế, thi công xây dựng, quản lý, khai thác và bảo vệ đập, hồ chứa nước.

3. Chủ sở hữu đập, hồ chứa nước chịu trách nhiệm về an toàn đập, hồ chứa nước do mình sở hữu.

4. Tổ chức, cá nhân khai thác đập, hồ chứa nước có trách nhiệm quản lý, khai thác, bảo đảm an toàn, phát huy hiệu quả của công trình.

Điều 3. Phân loại đập, hồ chứa nước

1. Đập, hồ chứa nước quan trọng đặc biệt thuộc một trong các trường hợp sau:

a) Đập có chiều cao từ 100 m trở lên hoặc đập của hồ chứa nước quy định tại điểm b, điểm c khoản này;

b) Hồ chứa nước có dung tích toàn bộ từ 1.000.000.000 m3 trở lên;

c) Hồ chứa nước có dung tích từ 500.000.000 m3 đến dưới 1.000.000.000 m3 mà vùng hạ du đập là thành phố, thị xã, khu công nghiệp, công trình quan trọng liên quan đến an ninh quốc gia.

2. Đập, hồ chứa nước lớn thuộc một trong các trường hợp sau:

a) Đập có chiều cao từ 15 m đến dưới 100 m hoặc đập của hồ chứa nước quy định tại điểm c khoản này;

b) Đập có chiều cao từ 10 m đến dưới 15 m và chiều dài đập từ 500 m trở lên hoặc đập có chiều cao từ 10 m đến dưới 15 m và có lưu lượng tràn xả lũ thiết kế trên 2.000 m3/s;

c) Hồ chứa nước có dung tích toàn bộ từ 3.000.000 m3 đến dưới 1.000.000.000 m3, trừ hồ chứa quy định tại điểm c khoản 1 Điều này.

3. Đập, hồ chứa nước vừa thuộc một trong các trường hợp sau:

a) Đập có chiều cao từ 10 m đến dưới 15 m hoặc đập của hồ chứa nước quy định tại điểm b khoản này, trừ đập quy định tại điểm b khoản 2 Điều này;

b) Hồ chứa nước có dung tích toàn bộ từ 500.000 m3 đến dưới 3.000.000 m3.

4. Đập, hồ chứa nước nhỏ là đập có chiều cao dưới 10 m hoặc hồ chứa nước có dung tích toàn bộ dưới 500.000 m3.

[…]","xay-dung-do-thi","","","","2026-05-09T00:00:00","https://thuvienphapluat.vn/hoi-dap-phap-luat/thoi-han-gui-ban-ke-khai-dang-ky-an-toan-dap-ho-chua-nuoc-den-co-quan-nha-nuoc-co-tham-quyen-138089922.html","2026-05-21T21:23:00.986948+00:00"
"138074267","Hướng dẫn quyết toán thuế TNCN 2026 trên eTax Mobile chi tiết thế nào?","Hướng dẫn quyết toán thuế TNCN 2026 trên eTax Mobile chi tiết thế nào?

Hồ sơ khai thuế đối với loại thuế có kỳ tính thuế theo năm bao gồm những gì?

Thời hạn nộp hồ sơ khai thuế đối với loại thuế có kỳ tính thuế theo năm là khi nào?

Tại khoản 2 Điều 44 Luật Quản lý thuế 2019 có quy định về thời hạn nộp quyết toán thuế TNCN 2025 như sau:

- Trường hợp 1: Cá nhân ủy quyền cho tổ chức thực hiện quyết toán thuế TNCN thay cho mình

Thời gian quyết toán thuế TNCN 2025 trong năm 2026 chậm nhất là ngày cuối cùng của tháng thứ 3 kể từ ngày kết thúc năm dương lịch tức chậm nhất là ngày 31/03/2026.

- Trường hợp 2: Cá nhân tự quyết toán thuế TNCN

Thời gian quyết toán thuế TNCN 2025 trong năm 2026 chậm nhất là ngày cuối cùng của tháng thứ 4 kể từ ngày kết thúc năm dương lịch tức ngày 30/4/2026.

Tuy nhiên, căn cứ theo Điều 86 Thông tư 80/2021/TT-BTC quy định trường hợp thời hạn nộp hồ sơ khai thuế, thời hạn nộp thuế trùng với ngày nghỉ theo quy định thì thời hạn nộp hồ sơ khai thuế, thời hạn nộp thuế được tính là ngày làm việc tiếp theo của ngày nghỉ đó theo quy định tại khoản 5 Điều 148 Bộ luật Dân sự 2015.

Theo đó, ngày 30/4/2026 là ngày nghỉ lễ liên tiếp với ngày nghỉ lễ 01/5/2026 và sau đó rơi vào thứ bảy ngày 02/5/2026 và chủ nhật ngày 03/05/2026, do đó thời hạn được kéo dài đến ngày 04/5/2026.

Như vậy, đối với trường hợp cá nhân tự quyết toán thuế TNCN, thời gian quyết toán thuế TNCN 2025 trong năm 2026 chậm nhất là ngày 04/5/2026.

>>> Dưới đây là Hướng dẫn quyết toán thuế TNCN 2026 trên eTax Mobile chi tiết như sau:

Bước 1: Tải ứng dụng eTax Mobile phiên bản 3.2.3 mới nhất

- Đối với hệ điều hành Android: tải ứng dụng trên Google Play.

- Đối với hệ điều hành IOS: tải ứng dụng trên App Store.

Bước 2: Đăng nhập vào eTax Mobile

Bước 3: Chọn menu Hỗ trợ quyết toán thuế TNCN => Hỗ trợ lập tờ khai quyết toán.

Hệ thống sẽ hiển thị màn hình Hỗ trợ lập tờ khai quyết toán gồm:

- Mã số thuế: Hiển thị mặc định mã số thuế đăng nhập, không cho sửa.

- Năm quyết toán: Hiển thị list danh sách năm từ năm 2021 đến năm hiện tại.

Bước 5: Nhấn Tạo tờ khai 02/QTTTNCN gợi ý, hệ thống hiển thị màn hình Tạo tờ khai 02/QTT-TNC gợi ý gồm các thông tin sau:

- Loại tờ khai: Mặc định hiển thị: Chính thức, không cho sửa.

- Năm kê khai: Hiển thị theo năm tra cứu quyết toán, không cho sửa.

- Trường hợp quyết toán: Hiển thị mặc định Quyết toán theo năm dương lịch, không cho sửa.

- Từ tháng: Tự động hiển thị theo năm quyết toán, cho phép sửa.

- Đến tháng: Tự động hiển thị tháng cuối của năm quyết toán

Bước 6: Nhấn Tiếp tục, hệ thống thực hiện xác định cơ quan thuế nộp tờ khai.

- Trường hợp 1: Cá nhân cư trú không ký hợp đồng lao động, hoặc ký hợp đồng lao động dưới 03 tháng, hoặc ký hợp đồng cung cấp dịch vụ có thu nhập tại một nơi hoặc nhiều nơi đã khấu trừ 10%, hệ thống hỗ trợ hiển thị màn hình chọn Tỉnh/Thành phố, Quận/Huyện.

- Trường hợp 2: Cá nhân cư trú có thu nhập tiền lương, tiền công tại một nơi và thuộc diện tự khai thuế trong năm, hệ thống hỗ trợ hiển thị luôn cơ quan thuế nơi cá nhân nộp hồ sơ khai QTT (theo cơ quan thuế nơi cá nhân nộp hồ sơ khai thuế trong năm tờ khai 02/KK). Cá nhân không phải tích chọn hoặc điền bất kỳ thông tin gì.

- Trường hợp 3: Cá nhân:

+ Chỉ có 02KK-TNCN có nhiều CQT khác sau thì hệ thống thực hiện so sánh hiển thị luôn CQT nơi có nguồn thu nhập lớn nhất.

+ Đồng thời có 05QTT và 02KK thì hệ thống so sánh lấy nơi có nguồn thu nhập lớn nhất trong năm.

Lưu ý: Trường hợp các nơi có nguồn thu nhập bằng nhau thì hệ thống hiển thị danh sách Cơ quan thuế để NNT tự chọn.

Các trường hợp khác (ngoài 3 trường hợp trên) hệ thống hiển thị theo các câu hỏi để người nộp thuế chọn và nhập.

Bước 7: Sau khi xác định cơ quan thuế, hệ thống hiển thị màn hình Thông tin chung gồm:

- Cơ quan thuế quyết toán.

- Tên người nộp thuế: Tự động hiển thị tên của NNT, không cho phép sửa.

- Mã số thuế: Tự động hiển thị MST của NNT, không cho phép sửa.

- Địa chỉ: Tự động hiển thị theo thông tin ĐKT, cho phép sửa.

- Tỉnh/Thành phố: Tự động hiển thị theo thông tin ĐKT, cho phép chọn lại.

- Quận/Huyện: Tự động hiển thị theo thông tin ĐKT, cho phép chọn lại.

- Điện thoại: Tự động hiển thị, không cho sửa.

- Fax: Tự động hiển thị, không cho sửa.

- Email: Tự động hiển thị, không cho sửa.

- Mã số thuế tổ chức trả thu nhập: Tự động hiển thị, không cho sửa.

- Tên tổ chức trả thu nhập: Tự động hiển thị, không cho sửa.

- Địa chỉ: Tự động hiển thị theo đăng ký thuế của MST tổ chức trả thu nhập, không cho phép sửa.

- Quận/Huyện: Tự động hiển thị theo đăng ký thuế của MST tổ chức trả thu nhập, không cho phép sửa.

- Tỉnh/Thành phố: Tự động hiển thị theo đăng ký thuế của MST tổ chức trả thu nhập, không cho sửa.

Bước 8: Nhấn Tiếp tục, hệ thống hiển thị màn kê khai các chỉ tiêu trên tờ khai từ [20] đến [48], cho phép sửa dữ liệu.

Lưu ý: Chỉ tiêu [24] = Tổng số dòng trên bảng kê 02-1/BK-QTT-TNCN.

8.1. Trường hợp NNT nhấn Bảng kê 02-1/BK-QTT-TNCN, hệ thống hiển thị màn hình bảng kê 02-1/BK-QTTTNCN để NNT nhập:

Chọn Thêm mới người phụ thuộc, hệ thống hiển thị màn hình thông tin người phụ thuộc gồm các thông tin:

- Họ và tên [10]: Mặc định trống, bắt buộc nhập.

- Mã số thuế [11]: Mặc định trống, bắt buộc nhập/chọn 1 trong 2 chỉ tiêu [11] hoặc [12].

- Loại giấy tờ [12]: Mặc định trống, cho chọn trong danh sách.

- Số giấy tờ [13]: Mặc định trống, bắt buộc nhập nếu NSD chọn Loại giấy tờ.

- Ngày sinh [14]: Hiển thị mặc định ngày hiện tại, cho phép chọn lại.

- Quan hệ với người nộp thuế [15]: Mặc định trống, cho chọn trong danh sách.

Mục Thời gian được tính giảm trừ trong năm

- Từ tháng [16]: Mặc định trống, bắt buộc nhập.

- Đến tháng [17]: Mặc định trống, bắt buộc nhập.

Sau đó chọn Tiếp tục, hệ thống hiển thị Thông tin người phụ thuộc đã thêm.

NNT nhấn Xem chi tiết người phụ thuộc, hệ thống hiển thị màn hình Thông tin chi tiết.

Chọn Tiếp tục, hệ thống chuyển sang màn hình Thông tin hỗ trợ quyết toán thuế và lưu thông tin người phụ thuộc tại bảng kê 02-1/BK-QTTTNCN.

8.2 Trường hợp chỉ tiêu [46] > 0, hệ thống hiển thị Nhập thông tin hoàn trả:

Nhập thông tin hoàn trả, hệ thống hiển thị màn hình nhập thông tin hoàn trả gồm các thông tin:

- Số tiền hoàn trả: Hiển thị theo số tiền tại chỉ tiêu [46], không cho sửa

- Hình thức hoàn trả: Mặc định Chuyển khoản, cho chọn lại Tiền mặt.

Tại màn hình chọn Chuyển khoản điền các thông tin sau:

- Tên chủ tài khoản: Tự động hiển thị tên NNT, không cho sửa.

- Số tài khoản: Mặc định trống, bắt buộc nhập.

- Tỉnh/Thành phố: Mặc định trống, bắt buộc chọn trong danh sách.

- Tại ngân hàng/KBNN: Mặc định trống, bắt buộc chọn trong danh sách.

Tại màn hình chọn Tiền mặt hiển thị thông tin như sau:

- Tên người nhận tiền: Mặc định trống, bắt buộc nhập.

- Loại giấy tờ: Mặc định trống, bắt buộc chọn.

- CMND/CCCD/HC số: Mặc định trống, bắt buộc nhập.

- Ngày cấp: Mặc định ngày hiện tại, cho chọn lại.

- Nơi cấp: Mặc định trống, bắt buộc nhập.

- Nơi nhận hoàn tiền thuế: Mặc định trống, bắt buộc nhập.

Lưu ý: Chỉ hỗ trợ hoàn trả Tiền mặt trong trường hợp số tiền nhỏ hơn hoặc bằng 5.000.000 VND.

Sau đó chọn Tiếp tục, hệ thống chuyển sang màn hình Thông tin hỗ trợ quyết toán thuế và lưu thông tin hoàn trả NNT đã nhập.

8.3. Trường hợp chỉ tiêu [47] > 0, hệ thống hiển thị button Đề nghị bù trừ.

NNT nhấn Đề nghị bù trừ, hệ thống tự động hiển thị tất cả các khoản nộp đã quá hạn của NNT.

Lưu ý: NNT kê khai chỉ tiêu [47] Số thuế bù trừ cho khoản phải nộp ngân sách nhà nước khác = Tổng chỉ tiêu (12) Tổng Số tiền còn phải nộp đề nghị bù trừ với số tiền nộp thừa.

Sau đó chọn Tiếp tục, hệ thống chuyển sang màn hình Thông tin hỗ trợ quyết toán thuế và lưu thông tin đề nghị bù trừ đã nhập.

Bước 9: Tiếp tục, hệ thống hiển thị màn hình hoàn thành tờ khai 02 QTT.

Bước 10: Nộp tờ khai, hệ thống hiển thị màn hình Đính kèm phụ lục, bắt buộc đính kèm ít nhất 1 tài liệu.

Bước 11: Tiếp tục, hệ thống hiển thị màn nhập OTP được gửi về số điện thoại của NNT.

Bước 12: Chọn Xác nhận, hệ thống hiển thị màn thông báo Nộp tờ khai thành công.

Trên đây là Thông tin về Hướng dẫn quyết toán thuế TNCN 2025 trên eTax Mobile chi tiết thế nào?

Hướng dẫn quyết toán thuế TNCN 2026 trên eTax Mobile chi tiết thế nào? (Hình từ Internet)

Căn cứ theo khoản 3 Điều 43 Luật Quản lý thuế 2019 quy định hồ sơ khai thuế đối với loại thuế có kỳ tính thuế theo năm bao gồm:

- Hồ sơ khai thuế năm gồm tờ khai thuế năm và các tài liệu khác có liên quan đến xác định số tiền thuế phải nộp;

- Hồ sơ khai quyết toán thuế khi kết thúc năm gồm tờ khai quyết toán thuế năm, báo cáo tài chính năm, tờ khai giao dịch liên kết; các tài liệu khác có liên quan đến quyết toán thuế.

Căn cứ theo khoản 2 Điều 44 Luật Quản lý thuế 2019 quy định về thời hạn nộp hồ sơ khai thuế đối với loại thuế có kỳ tính thuế theo năm như sau:

- Chậm nhất là ngày cuối cùng của tháng thứ 3 kể từ ngày kết thúc năm dương lịch hoặc năm tài chính đối với hồ sơ quyết toán thuế năm; chậm nhất là ngày cuối cùng của tháng đầu tiên của năm dương lịch hoặc năm tài chính đối với hồ sơ khai thuế năm;

- Chậm nhất là ngày cuối cùng của tháng thứ 4 kể từ ngày kết thúc năm dương lịch đối với hồ sơ quyết toán thuế thu nhập cá nhân của cá nhân trực tiếp quyết toán thuế;

- Chậm nhất là ngày 15 tháng 12 của năm trước liền kề đối với hồ sơ khai thuế khoán của hộ kinh doanh, cá nhân kinh doanh nộp thuế theo phương pháp khoán; trường hợp hộ kinh doanh, cá nhân kinh doanh mới kinh doanh thì thời hạn nộp hồ sơ khai thuế khoán chậm nhất là 10 ngày kể từ ngày bắt đầu kinh doanh.

Trên đây là Thông tin về Hướng dẫn quyết toán thuế TNCN 2026 trên eTax Mobile chi tiết thế nào?","xay-dung-do-thi","","","","2026-05-09T00:00:00","https://thuvienphapluat.vn/hoi-dap-phap-luat/huong-dan-quyet-toan-thue-tncn-2026-tren-etax-mobile-chi-tiet-the-nao-138074267.html","2026-05-21T21:25:46.690973+00:00"
"138089593","Toàn văn Thông tư 15/2026/TT-BXD quy định về giám định tư pháp trong lĩnh vực xây dựng thế nào?","Toàn văn Thông tư 15/2026/TT-BXD quy định về giám định tư pháp trong lĩnh vực xây dựng thế nào?

Tiêu chuẩn của giám định viên tư pháp xây dựng cần đáp ứng là gì?

Bồi dưỡng kiến thức pháp luật và nghiệp vụ giám định tư pháp xây dựng cụ thể ra sao?

Ngày 29/4/2026, Bộ trưởng Bộ Xây dựng ban hành Thông tư 15/2026/TT-BXD quy định về giám định tư pháp trong lĩnh vực chuyên môn thuộc thẩm quyền quản lý của Bộ Xây dựng.

Xem toàn bộ Thông tư 15 2026 TT BXD quy định về giám định tư pháp trong lĩnh vực xây dựng dưới đây:

TẢI VỀ

Trên đây là thông tin: Toàn văn Thông tư 15 2026 TT BXD quy định về giám định tư pháp trong lĩnh vực xây dựng thế nào?

Toàn văn Thông tư 15/2026/TT-BXD quy định về giám định tư pháp trong lĩnh vực xây dựng thế nào? (Hình từ Internet)

Căn cứ theo Điều 4 Thông tư 15/2026/TT-BXD quy định về tiêu chuẩn của giám định viên tư pháp xây dựng cần đáp ứng bao gồm:

Giám định viên tư pháp xây dựng phải đáp ứng tiêu chuẩn quy định tại khoản 1 Điều 10 Luật Giám định tư pháp 2025; trong đó, tiêu chuẩn về chuyên môn phù hợp được quy định như sau:

(1) Đối với lĩnh vực quy hoạch đô thị và nông thôn

Giám định sự tuân thủ các quy định của pháp luật về quy hoạch đô thị và nông thôn: phải đáp ứng điều kiện năng lực theo quy định của pháp luật về lập quy hoạch đô thị và nông thôn hoặc có kinh nghiệm quản lý nhà nước về quy hoạch đô thị và nông thôn, phù hợp với đối tượng và nội dung giám định.

(2) Đối với lĩnh vực hoạt động xây dựng

- Giám định sự tuân thủ các quy định của pháp luật về hoạt động xây dựng: phải đáp ứng điều kiện năng lực theo quy định của pháp luật về xây dựng để thực hiện một trong các công việc khảo sát xây dựng, thiết kế xây dựng, giám sát thi công xây dựng, quản lý chi phí đầu tư xây dựng, quản lý dự án đầu tư xây dựng, kiểm định xây dựng hoặc có kinh nghiệm quản lý nhà nước về hoạt động xây dựng, phù hợp với đối tượng và nội dung giám định;

- Giám định chất lượng khảo sát xây dựng hoặc thiết kế xây dựng: phải đáp ứng điều kiện năng lực theo quy định của pháp luật về xây dựng trong hoạt động khảo sát xây dựng hoặc thiết kế xây dựng, phù hợp với đối tượng và nội dung giám định;

- Giám định chất lượng công trình, bộ phận công trình xây dựng; giám định nguyên nhân sự cố công trình xây dựng, nguyên nhân hư hỏng công trình xây dựng: phải đáp ứng điều kiện năng lực theo quy định của pháp luật về xây dựng trong hoạt động kiểm định xây dựng, phù hợp với đối tượng và nội dung giám định;

- Giám định chi phí xây dựng công trình: phải đáp ứng điều kiện năng lực theo quy định của pháp luật về xây dựng trong hoạt động quản lý chi phí đầu tư xây dựng hoặc có kinh nghiệm quản lý nhà nước về quản lý chi phí đầu tư xây dựng, phù hợp với đối tượng và nội dung giám định.

(3) Đối với lĩnh vực nhà ở và kinh doanh bất động sản

Giám định sự tuân thủ các quy định của pháp luật về nhà ở và kinh doanh bất động sản: phải có kinh nghiệm quản lý nhà nước về nhà ở và kinh doanh bất động sản, phù hợp với đối tượng và nội dung giám định.

(4) Đối với lĩnh vực hạ tầng kỹ thuật đô thị

Giám định sự tuân thủ các quy định của pháp luật về hạ tầng kỹ thuật đô thị: phải có kinh nghiệm quản lý nhà nước về quản lý cấp nước sạch đô thị; thoát nước và xử lý nước thải đô thị, phù hợp với đối tượng và nội dung giám định.

(5) Đối với lĩnh vực giao thông vận tải đường bộ

Giám định sự tuân thủ các quy định của pháp luật về giao thông vận tải đường bộ: phải có kinh nghiệm quản lý nhà nước về quản lý, khai thác kết cấu hạ tầng đường bộ hoặc quản lý, tổ chức giao thông và vận tải đường bộ, phù hợp với đối tượng và nội dung giám định.

(6) Đối với lĩnh vực giao thông vận tải đường sắt

Giám định sự tuân thủ các quy định của pháp luật về giao thông vận tải đường sắt: phải có kinh nghiệm quản lý nhà nước về quản lý, khai thác kết cấu hạ tầng đường sắt hoặc quản lý, khai thác vận tải đường sắt, phù hợp với đối tượng và nội dung giám định.

(7) Đối với lĩnh vực hàng hải và giao thông đường thủy nội địa

Giám định sự tuân thủ các quy định của pháp luật về hoạt động hàng hải và giao thông đường thủy nội địa: phải có kinh nghiệm quản lý nhà nước về quản lý, khai thác kết cấu hạ tầng hàng hải và đường thủy nội địa; quản lý hoạt động vận tải hàng hải và giao thông đường thủy nội địa, phù hợp với đối tượng và nội dung giám định.

(8) Đối với lĩnh vực hàng không dân dụng

Giám định sự tuân thủ các quy định của pháp luật về hoạt động hàng không dân dụng; giám định nguyên nhân sự cố gây mất an toàn trong hoạt động hàng không dân dụng: phải có kinh nghiệm quản lý nhà nước về quản lý, khai thác và bảo đảm an toàn trong hoạt động hàng không dân dụng, phù hợp với đối tượng và nội dung giám định.

(9) Đối với lĩnh vực đăng kiểm

- Giám định sự tuân thủ các quy định của pháp luật về hoạt động đăng kiểm: phải có chứng chỉ hoặc giấy chứng nhận đăng kiểm viên theo quy định hoặc có kinh nghiệm quản lý nhà nước về đăng kiểm, phù hợp với đối tượng và nội dung giám định;

- Giám định an toàn kỹ thuật và bảo vệ môi trường: phải có chứng chỉ hoặc giấy chứng nhận đăng kiểm viên theo quy định, phù hợp với đối tượng và nội dung giám định.

Căn cứ theo Điều 3 Thông tư 15/2026/TT-BXD quy định về bồi dưỡng kiến thức pháp luật và nghiệp vụ giám định tư pháp xây dựng như sau:

- Vụ Pháp chế chủ trì, phối hợp với các cơ quan, đơn vị có liên quan xây dựng chương trình khung, nội dung bồi dưỡng nghiệp vụ giám định tư pháp xây dựng, trình Bộ Xây dựng ban hành.

- Học viện Chiến lược, bồi dưỡng cán bộ xây dựng chủ trì, phối hợp với các cơ quan, đơn vị có liên quan thực hiện:

+ Căn cứ chương trình khung, nội dung bồi dưỡng kiến thức pháp luật do Bộ Tư pháp ban hành và chương trình khung, nội dung bồi dưỡng nghiệp vụ giám định tư pháp xây dựng do Bộ Xây dựng ban hành, tổ chức bồi dưỡng kiến thức pháp luật và nghiệp vụ giám định tư pháp xây dựng;

+ Cấp giấy chứng nhận cho người hoàn thành khóa bồi dưỡng do mình tổ chức;

+ Báo cáo Bộ Xây dựng về kết quả bồi dưỡng trước ngày 15/12 hằng năm.","xay-dung-do-thi","","","","2026-05-07T00:00:00","https://thuvienphapluat.vn/hoi-dap-phap-luat/toan-van-thong-tu-152026ttbxd-quy-dinh-ve-giam-dinh-tu-phap-trong-linh-vuc-xay-dung-the-nao-138089593.html","2026-05-21T21:23:07.488857+00:00"
"138089706","Toàn văn Thông tư 16/2026/TT-BXD hướng dẫn xác định và quản lý các chi phí liên quan đến xây dựng kế hoạch phát triển đô thị ra sao?","Toàn văn Thông tư 16/2026/TT-BXD hướng dẫn xác định và quản lý các chi phí liên quan đến xây dựng kế hoạch phát triển đô thị ra sao?

Nguyên tắc xác định và quản lý chi phí liên quan đến việc xây dựng, điều chỉnh chương trình, kế hoạch phát triển đô thị thế nào?

Chi phí thẩm định đề án công nhận loại đô thị và báo cáo đánh giá trình độ phát triển đô thị bao gồm những loại chi phí nào?

Ngày 29/4/2026, Bộ trưởng Bộ Xây dựng ban hành Thông tư 16/2026/TT-BXD hướng dẫn xác định và quản lý các chi phí liên quan đến việc xây dựng, điều chỉnh chương trình, kế hoạch phát triển đô thị; tổ chức lập, thẩm định đề án công nhận loại đô thị, báo cáo đánh giá trình độ phát triển đô thị và công bố loại đô thị.

Xem toàn bộ Thông tư 16 2026 TT BXD hướng dẫn xác định và quản lý các chi phí liên quan đến xây dựng kế hoạch phát triển đô thị dưới đây:

TẢI VỀ

Căn cứ theo Điều 6 Thông tư 16/2026/TT-BXD quy định phí công bố loại đô thị như sau:

Chi phí công bố loại đô thị xác định bằng dự toán trên cơ sở dự kiến hình thức tổ chức công bố quyết định công nhận loại đô thị phù hợp với nội dung, khối lượng công việc cần thực hiện và điều kiện thực tế tại địa phương nhưng không quá 2% chi phí lập đề án công nhận loại đô thị tương ứng.

Trên đây là thông tin: Toàn văn Thông tư 16 2026 TT BXD hướng dẫn xác định và quản lý các chi phí liên quan đến xây dựng kế hoạch phát triển đô thị ra sao?

Xem thêm: Yêu cầu đối với quy hoạch đô thị thông minh cần đáp ứng như thế nào?

Toàn văn Thông tư 16/2026/TT-BXD hướng dẫn xác định và quản lý các chi phí liên quan đến xây dựng kế hoạch phát triển đô thị ra sao? (Hình từ Internet)

Căn cứ theo Điều 3 Thông tư 16/2026/TT-BXD quy định về nguyên tắc xác định và quản lý chi phí liên quan đến việc xây dựng, điều chỉnh chương trình, kế hoạch phát triển đô thị như sau:

- Chi phí xây dựng, điều chỉnh chương trình phát triển đô thị, kế hoạch phát triển đô thị; tổ chức lập, thẩm định đề án công nhận loại đô thị, báo cáo đánh giá trình độ phát triển đô thị và công bố loại đô thị được xác định bằng dự toán, đảm bảo nguyên tắc tính đúng, tính đủ chi phí để thực hiện, phù hợp với phạm vi, nội dung, số lượng, khối lượng và thời gian thực hiện công việc, yêu cầu cần đạt về chất lượng sản phẩm và điều kiện thực tế của địa phương.

- Việc lập, thẩm định, phê duyệt các dự toán, dự toán chi phí xây dựng, điều chỉnh chương trình phát triển đô thị, kế hoạch phát triển đô thị; tổ chức lập, thẩm định đề án công nhận loại đô thị, báo cáo đánh giá trình độ phát triển đô thị và công bố loại đô thị phải đảm bảo không trùng lặp với nội dung, nhiệm vụ đã thực hiện; tận dụng tối đa dữ liệu, thông tin, cơ sở dữ liệu đã có và sử dụng tiết kiệm, hiệu quả nguồn lực chi phí.

- Cơ quan, đơn vị được giao nhiệm vụ xây dựng và điều chỉnh chương trình phát triển đô thị, kế hoạch phát triển đô thị; tổ chức lập đề án công nhận loại đô thị, báo cáo đánh giá trình độ phát triển đô thị, công bố loại đô thị có trách nhiệm quản lý, sử dụng chi phí tiết kiệm, hiệu quả, đúng quy định.

- Dự toán chi phí tư vấn được lập theo quy định tại Điều 7 Thông tư 16/2026/TT-BXD là cơ sở để lựa chọn nhà thầu tư vấn thực hiện việc xây dựng, điều chỉnh chương trình phát triển đô thị, kế hoạch phát triển đô thị, lập đề án công nhận loại đô thị, báo cáo đánh giá trình độ phát triển đô thị.

Căn cứ theo Điều 5 Thông tư 16/2026/TT-BXD quy định về chi phí thẩm định đề án công nhận loại đô thị và báo cáo đánh giá trình độ phát triển đô thị bao gồm:

- Chi phí của hội đồng thẩm định đề án công nhận loại đô thị, báo cáo đánh giá trình độ phát triển đô thị được xác định bằng dự toán phù hợp với nội dung, nhiệm vụ thẩm định, quy định của pháp luật về ngân sách và các pháp luật có liên quan nhưng không quá 5% chi phí lập đề án công nhận loại đô thị, báo cáo đánh giá trình độ phát triển đô thị tương ứng.

- Chi phí đi lại, lưu trú của hội đồng thẩm định; chi phí đi lại, lưu trú của cơ quan quản lý địa phương để báo cáo hội đồng thẩm định cấp trên xác định theo dự toán phù hợp với chế độ công tác phí theo quy định của Bộ Tài chính.","xay-dung-do-thi","","","","2026-05-06T00:00:00","https://thuvienphapluat.vn/hoi-dap-phap-luat/toan-van-thong-tu-162026ttbxd-huong-dan-xac-dinh-va-quan-ly-cac-chi-phi-lien-quan-den-xay-dung-ke-h-138089706.html","2026-05-21T21:23:12.177382+00:00"
"138089186","Toàn văn Dự thảo Luật Kiến trúc sửa đổi chi tiết như thế nào?","Toàn văn Dự thảo Luật Kiến trúc sửa đổi chi tiết như thế nào?

Hoạt động kiến trúc cần tuân thủ theo nguyên tắc nào?

Hành vi nào bị nghiêm cấm trong hoạt động kiến trúc?

Ngày 28/04/2026, Bộ Xây dựng đã công bố và lấy ý kiến Dự Luật sửa đổi, bổ sung một số điều của Luật Kiến trúc.

TẢI VỀ Dự thảo Luật Kiến trúc sửa đổi

Trong đó, Điều 1 Dự thảo Luật Kiến trúc sửa đổi dự kiến sửa đổi, bổ sung một số điều của Luật Kiến trúc 2019 như sau:

(1) Sửa đổi, bổ sung điểm a khoản 1 và khoản 2 Điều 11 như sau:

- Sửa đổi, bổ sung điểm a khoản 1 như sau:

a) Kết hợp, kế thừa bản sắc văn hoá dân tộc truyền thống trong kiến trúc và tạo lập phong cách, hình thức kiến trúc hiện đại, tiên tiến, hài hòa với không gian, kiến trúc, cảnh quan chung của khu vực xây dựng công trình kiến trúc; gắn kết kiến trúc khu hiện hữu, khu phát triển mới, khu bảo tồn, khu vực giáp ranh đô thị và nông thôn, phù hợp với cảnh quan thiên nhiên; tạo lập các giá trị đặc trưng của khu vực xây dựng công trình kiến trúc;

- Sửa đổi, bổ sung khoản 2 như sau:

2. Kiến trúc nông thôn phải đáp ứng yêu cầu quy định tại các điểm b, c và e khoản 1 Điều này và các yêu cầu sau đây:

a) Bảo đảm kế thừa giá trị kiến trúc truyền thống, bản sắc văn hóa dân tộc; kết hợp hài hòa giữa truyền thống và hiện đại; ưu tiên sử dụng vật liệu xây dựng địa phương và giải pháp kỹ thuật xây dựng tiên tiến; hài hòa với không gian, kiến trúc, cảnh quan chung của khu vực xây dựng công trình kiến trúc; phù hợp với cảnh quan thiên nhiên; tạo lập các giá trị đặc trưng của nông thôn;

b) Bảo đảm tiêu chuẩn về nhà ở, công trình công cộng, không gian sống, không gian văn hóa phù hợp với điều kiện tự nhiên, tập quán sinh hoạt, thuần phong mỹ tục của cộng đồng các dân tộc;

c) Đối với khu vực có nguy cơ chịu ảnh hưởng của rủi ro thiên tai, khuyến khích áp dụng mẫu thiết kế kiến trúc cho công trình công cộng và nhà ở nông thôn và bảo đảm yêu cầu về thích ứng với biến đổi khí hậu và phòng, chống thiên tai.

[...]

Xem thêm chi tiết Toàn văn Dự thảo Luật Kiến trúc sửa đổi

TẢI VỀ

Toàn văn Dự thảo Luật Kiến trúc sửa đổi chi tiết như thế nào? (Hình từ Internet)

Căn cứ theo Điều 4 Luật Kiến trúc 2019 quy định nguyên tắc hoạt động kiến trúc như sau:

- Tuân thủ Luật Kiến trúc 2019 và quy định khác của pháp luật có liên quan.

- Phù hợp với định hướng phát triển kiến trúc Việt Nam, quy hoạch đô thị, quy hoạch nông thôn; đáp ứng nhu cầu phát triển bền vững kinh tế - xã hội, bảo đảm quốc phòng, an ninh, bảo vệ môi trường, sử dụng hợp lý tài nguyên thiên nhiên, thích ứng với biến đổi khí hậu và phòng, chống thiên tai.

- Bảo tồn, kế thừa, phát huy các giá trị kiến trúc truyền thống, tiếp thu chọn lọc tinh hoa kiến trúc thế giới. Xây dựng nền kiến trúc Việt Nam tiên tiến, hiện đại, đậm đà bản sắc văn hóa dân tộc.

- Ứng dụng khoa học, công nghệ cao, công nghệ tiên tiến, công nghệ mới phù hợp với thực tiễn Việt Nam bảo đảm hiệu quả về kinh tế, kỹ thuật, mỹ thuật, sử dụng năng lượng tiết kiệm và hiệu quả.

- Bảo đảm sự tham gia của cơ quan, tổ chức, cộng đồng, cá nhân; kết hợp hài hòa lợi ích của quốc gia, cộng đồng, quyền và lợi ích hợp pháp của tổ chức, cá nhân.

Căn cứ theo Điều 9 Luật Kiến trúc 2019 quy định hành vi bị nghiêm cấm trong hoạt động kiến trúc gồm:

- Cản trở hoạt động quản lý kiến trúc và hành nghề kiến trúc.

- Lợi dụng hành nghề kiến trúc gây ảnh hưởng xấu đến quốc phòng, an ninh quốc gia, lợi ích quốc gia, lợi ích dân tộc, trật tự xã hội, môi trường sống, quyền và lợi ích hợp pháp của cơ quan, tổ chức, cá nhân.

- Đưa hối lộ, nhận hối lộ, thực hiện hành vi móc nối, trung gian trái pháp luật trong hoạt động kiến trúc.

- Tiết lộ tài liệu thuộc danh mục bí mật nhà nước; tiết lộ thông tin kinh doanh do khách hàng cung cấp, trừ trường hợp được khách hàng đồng ý bằng văn bản hoặc pháp luật có quy định khác.

- Xây dựng công trình kiến trúc không đúng với thiết kế kiến trúc đã được cơ quan có thẩm quyền phê duyệt hoặc giấy phép xây dựng.

- Xâm phạm quyền sở hữu trí tuệ trong hoạt động kiến trúc.

- Cung cấp tài liệu, số liệu giả hoặc sai sự thật; lập hồ sơ thiết kế kiến trúc và xây dựng không phù hợp với quy chuẩn kỹ thuật quốc gia.

- Gian lận trong việc sát hạch, cấp, sử dụng chứng chỉ hành nghề kiến trúc.

- Lợi dụng, lạm dụng chức vụ, quyền hạn hoặc thiếu trách nhiệm trong quản lý kiến trúc.","xay-dung-do-thi","","","","2026-04-29T00:00:00","https://thuvienphapluat.vn/hoi-dap-phap-luat/toan-van-du-thao-luat-kien-truc-sua-doi-chi-tiet-nhu-the-nao-138089186.html","2026-05-21T21:23:18.009911+00:00"
"138089123","Hướng dẫn lập bản vẽ hoàn công xây dựng 2026? Mẫu dấu bản vẽ hoàn công 2026 ra sao?","Hướng dẫn lập bản vẽ hoàn công xây dựng 2026? Mẫu dấu bản vẽ hoàn công 2026 ra sao?

Bản vẽ hoàn công được hiểu như thế nào?

Nội dung giám định xây dựng gồm những gì?

Tại Phụ lục 2B ban hành kèm theo Nghị định 06/2021/NĐ-CP có quy định mẫu bản vẽ hoàn công. Trong đó, việc lập bản vẽ hoàn công xây dựng 2026 thực hiện như sau:

- Trường hợp các kích thước, thông số thực tế của hạng mục công trình, công trình xây dựng không vượt quá sai số cho phép so với kích thước, thông số thiết kế thì bản vẽ thi công được chụp (photocopy) lại và được các bên liên quan đóng dấu, ký xác nhận lên bản vẽ để làm bản vẽ hoàn công. Nếu các kích thước, thông số thực tế thi công có thay đổi so với kích thước, thông số của thiết kế bản vẽ thi công được phê duyệt thì cho phép nhà thầu thi công xây dựng ghi lại các trị số kích thước, thông số thực tế trong ngoặc đơn bên cạnh hoặc bên dưới các trị số kích thước, thông số cũ trong tờ bản vẽ này;

- Trong trường hợp cần thiết, nhà thầu thi công xây dựng có thể vẽ lại bản vẽ hoàn công mới, có khung tên bản vẽ hoàn công tương tự như mẫu dấu bản vẽ hoàn công quy định tại Phụ lục này;

- Đối với các bộ phận công trình bị che khuất phải được lập bản vẽ hoàn công hoặc được đo đạc xác định kích thước, thông số thực tế trước khi tiến hành công việc tiếp theo;

- Trường hợp nhà thầu liên danh thì từng thành viên trong liên danh có trách nhiệm lập bản vẽ hoàn công phần việc do mình thực hiện, không được ủy quyền cho thành viên khác trong liên danh thực hiện.

Tải về Mẫu dấu bản vẽ hoàn công dưới đây:

TẢI VỀ

* Trên đây là Thông tin Hướng dẫn lập bản vẽ hoàn công xây dựng 2026? Mẫu dấu bản vẽ hoàn công 2026 ra sao?

>>> Mẫu báo cáo giám sát thi công xây dựng công trình mới nhất 2026 là mẫu nào?

>>> Nhà thầu phải bàn giao tài liệu gì trước khi bàn giao công trình xây dựng?

Hướng dẫn lập bản vẽ hoàn công xây dựng 2026? Mẫu dấu bản vẽ hoàn công 2026 ra sao? (Hình từ Internet)

Tại Điều 2 Nghị định 06/2021/NĐ-CP có quy định cụ thể như sau:

Như vậy, bản vẽ hoàn công được hiểu là bản vẽ công trình xây dựng hoàn thành, trong đó thể hiện vị trí, kích thước, vật liệu và thiết bị được sử dụng thực tế.

Tại Điều 6 Nghị định 06/2021/NĐ-CP có quy định cụ thể như sau:

Như vậy, nội dung giám định xây dựng:

- Giám định chất lượng khảo sát xây dựng, thiết kế xây dựng, vật liệu xây dựng, cấu kiện xây dựng, sản phẩm xây dựng, bộ phận công trình, công trình xây dựng;

- Giám định nguyên nhân hư hỏng, sự cố công trình xây dựng theo quy định tại Chương IV Nghị định 06/2021/NĐ-CP

- Các nội dung giám định khác.

Điều 2. Giải thích từ ngữ

1. Quản lý chất lượng công trình xây dựng là hoạt động quản lý của các chủ thể tham gia các hoạt động xây dựng theo quy định của Nghị định này và pháp luật khác có liên quan trong quá trình chuẩn bị, thực hiện đầu tư xây dựng công trình và khai thác, sử dụng công trình nhằm đảm bảo chất lượng và an toàn của công trình.

2. Quản lý thi công xây dựng công trình là hoạt động quản lý của các chủ thể tham gia các hoạt động xây dựng theo quy định của Nghị định này và pháp luật khác có liên quan để việc thi công xây dựng công trình đảm bảo an toàn, chất lượng, tiến độ, hiệu quả, đáp ứng yêu cầu của thiết kế và mục tiêu đề ra.

3. Chỉ dẫn kỹ thuật là tập hợp các yêu cầu kỹ thuật dựa trên các quy chuẩn kỹ thuật, tiêu chuẩn được áp dụng cho công trình, thiết kế xây dựng công trình để hướng dẫn, quy định về vật liệu, sản phẩm, thiết bị sử dụng cho công trình và các công tác thi công, giám sát, nghiệm thu công trình xây dựng.

4. Bản vẽ hoàn công là bản vẽ công trình xây dựng hoàn thành, trong đó thể hiện vị trí, kích thước, vật liệu và thiết bị được sử dụng thực tế.

[...]

Điều 6. Giám định xây dựng

1. Nội dung giám định xây dựng:

a) Giám định chất lượng khảo sát xây dựng, thiết kế xây dựng, vật liệu xây dựng, cấu kiện xây dựng, sản phẩm xây dựng, bộ phận công trình, công trình xây dựng;

b) Giám định nguyên nhân hư hỏng, sự cố công trình xây dựng theo quy định tại Chương IV Nghị định này;

c) Các nội dung giám định khác.

[...]","xay-dung-do-thi","","","","2026-04-29T00:00:00","https://thuvienphapluat.vn/hoi-dap-phap-luat/huong-dan-lap-ban-ve-hoan-cong-xay-dung-2026-mau-dau-ban-ve-hoan-cong-2026-ra-sao-138089123.html","2026-05-21T21:23:23.636381+00:00"
"138088814","Đã có Dự thảo Thông tư ban hành định mức xây dựng chi tiết như thế nào?","Đã có Dự thảo Thông tư ban hành định mức xây dựng chi tiết như thế nào?

Hệ thống định mức xây dựng từ 1/7/2026 bao gồm những gì?

Nội dung thẩm định thiết kế xây dựng của chủ đầu tư được quy định thế nào?

Bộ Xây dựng đang lấy ý kiến dự thảo Thông tư ban hành định mức xây dựng.

TẢI VỀ

Theo đó, ban hành kèm theo Thông tư này các định mức xây dựng sau:

- Định mức dự toán khảo sát xây dựng công trình tại Phụ lục I;

- Định mức dự toán xây dựng công trình tại Phụ lục II;

- Định mức dự toán lắp đặt hệ thống kỹ thuật của công trình tại Phụ lục III;

- Định mức dự toán lắp đặt máy và thiết bị công nghệ tại Phụ lục IV;

- Định mức dự toán thí nghiệm chuyên ngành xây dựng tại Phụ lục V;

- Định mức dự toán sửa chữa và bảo dưỡng công trình xây dựng tại Phụ lục VI;

- Định mức sử dụng vật liệu xây dựng tại Phụ lục VII;

- Định mức chi phí quản lý dự án và tư vấn đầu tư xây dựng tại Phụ lục VIII.

Dự kiến Thông tư này có hiệu lực kể từ ngày 01 tháng 7 năm 2026.

>>> Xem chi tiết Dự thảo Thông tư ban hành định mức xây dựng

TẢI VỀ

* Trên đây là Thông tin về Đã có Dự thảo Thông tư ban hành định mức xây dựng chi tiết như thế nào?

Đã có Dự thảo Thông tư ban hành định mức xây dựng chi tiết như thế nào? (Hình từ Internet)

Theo Điều 77 Luật Xây dựng 2025 quy định:

Như vậy, hệ thống định mức xây dựng bao gồm định mức kinh tế - kỹ thuật và định mức chi phí.

Định mức kinh tế - kỹ thuật bao gồm định mức cơ sở và định mức dự toán.

Căn cứ theo Điều 30 Luật Xây dựng 2025 quy định về nội dung thẩm định thiết kế xây dựng của chủ đầu tư như sau:

[1] Đối với công trình xây dựng thuộc dự án đầu tư công, chủ đầu tư thẩm định các nội dung sau đây:

- Việc đáp ứng các yêu cầu của nhiệm vụ thiết kế;

- Sự phù hợp của thiết kế xây dựng triển khai sau khi dự án được phê duyệt so với thiết kế xây dựng tại Báo cáo nghiên cứu khả thi;

- Sự tuân thủ quy chuẩn kỹ thuật, tiêu chuẩn áp dụng, quy định của pháp luật về sử dụng vật liệu xây dựng cho công trình;

- Đánh giá an toàn chịu lực công trình và bảo đảm an toàn của công trình lân cận; đánh giá giải pháp thiết kế về phòng cháy và chữa cháy theo quy định của pháp luật về phòng cháy, chữa cháy và cứu nạn, cứu hộ; sự hợp lý của việc lựa chọn dây chuyền và thiết bị công nghệ đối với thiết kế công trình có yêu cầu về công nghệ;

- Sự phù hợp giữa khối lượng chủ yếu của dự toán với khối lượng thiết kế; sự phù hợp của giá trị dự toán xây dựng công trình với giá trị tổng mức đầu tư xây dựng; xác định giá trị dự toán công trình;

- Việc đáp ứng điều kiện năng lực của các chủ thể thực hiện khảo sát, thiết kế và dự toán xây dựng theo quy định của Luật này và quy định khác của pháp luật có liên quan.

[2] Đối với công trình xây dựng thuộc dự án PPP, dự án đầu tư kinh doanh, nội dung thẩm định theo quy định của Chính phủ.

Trên đây là Thông tin về Đã có Dự thảo Thông tư ban hành định mức xây dựng chi tiết như thế nào?

Điều 77. Định mức xây dựng

1. Hệ thống định mức xây dựng bao gồm định mức kinh tế - kỹ thuật và định mức chi phí. Định mức kinh tế - kỹ thuật bao gồm định mức cơ sở và định mức dự toán.

2. Hệ thống định mức xây dựng do cơ quan quản lý nhà nước tổ chức xây dựng và ban hành; được rà soát, cập nhật thường xuyên theo định kỳ.

3. Đối với công tác xây dựng có công nghệ thi công mới, sử dụng vật liệu mới chưa được quy định trong hệ thống định mức quy định tại khoản 2 Điều này, chủ đầu tư các dự án đầu tư công có trách nhiệm tổ chức khảo sát, cung cấp số liệu theo yêu cầu của cơ quan quản lý nhà nước.

4. Khuyến khích các cơ quan, tổ chức khác xây dựng định mức dự toán gửi về cơ quan ban hành định mức quy định tại khoản 2 Điều này.

5. Hệ thống định mức xây dựng quy định tại khoản 2 Điều này được áp dụng đối với dự án đầu tư công. Trường hợp chưa có định mức hoặc có nhưng chưa phù hợp thì được tổ chức xây dựng, vận dụng, điều chỉnh định mức hoặc sử dụng giá xây dựng theo quy định tại Điều 78 của Luật này để xác định dự toán xây dựng, tổng mức đầu tư xây dựng và quản lý chi phí đầu tư xây dựng.

6. Đối với các dự án không quy định tại khoản 5 Điều này thì tham khảo hệ thống định mức quy định tại khoản 2 Điều này để xác định giá xây dựng, dự toán xây dựng, tổng mức đầu tư xây dựng và quản lý chi phí đầu tư xây dựng.","xay-dung-do-thi","","","","2026-04-25T00:00:00","https://thuvienphapluat.vn/hoi-dap-phap-luat/da-co-du-thao-thong-tu-ban-hanh-dinh-muc-xay-dung-chi-tiet-nhu-the-nao-138088814.html","2026-05-21T21:23:29.844761+00:00"
"138086975","Chi phí dự phòng trong việc lập dự toán công trình gồm những khoản chi phí nào?","Chi phí dự phòng trong việc lập dự toán công trình gồm những khoản chi phí nào?

Nội dung dự toán xây dựng công trình gồm những gì?

Nội dung thẩm định dự toán xây dựng công trình đối với công trình xây dựng thuộc dự án PPP như thế nào?

Căn cứ theo khoản 7 Điều 12 Nghị định 10/2021/NĐ-CP quy định về xác định dự toán xây dựng công trình như sau:

Như vậy, phí dự phòng trong việc lập dự toán công trình gồm:

- Chi phí dự phòng cho khối lượng, công việc phát sinh.

- Chi phí dự phòng cho yếu tố trượt giá, được tính bằng tỷ lệ phần trăm (%) trên tổng các chi phí sau: chi phí xây dựng, chi phí thiết bị, chi phí quản lý dự án, chi phí tư vấn đầu tư xây dựng và chi phí khác.

Riêng tỷ lệ phần trăm (%) đối với chi phí dự phòng cho yếu tố trượt giá được xác định trên cơ sở thời gian xây dựng công trình theo kế hoạch thực hiện dự án, chỉ số giá xây dựng phù hợp với loại công trình xây dựng và có tính đến các khả năng biến động giá trong nước và quốc tế.

>>> Xem thêm: Mẫu báo cáo giám sát thi công xây dựng công trình mới nhất 2026 là mẫu nào?

>>> Xem thêm: Trường hợp nào điều chỉnh thiết kế hoặc thay đổi công năng công trình phải thẩm định thiết kế PCCC?

Chi phí dự phòng trong việc lập dự toán công trình gồm những khoản chi phí nào? (Hình từ Internet)

Tại Điều 11 Nghị định 10/2021/NĐ-CP quy định nội dung dự toán xây dựng công trình gồm:

- Dự toán xây dựng công trình là toàn bộ chi phí cần thiết dự tính để xây dựng công trình được xác định theo thiết kế xây dựng triển khai sau thiết kế cơ sở hoặc thiết kế bản vẽ thi công trong trường hợp dự án chỉ yêu cầu lập Báo cáo kinh tế - kỹ thuật đầu tư xây dựng.

- Nội dung dự toán xây dựng công trình gồm: chi phí xây dựng, chi phí thiết bị, chi phí quản lý dự án, chi phí tư vấn đầu tư xây dựng, chi phí khác và chi phí dự phòng. Các khoản mục chi phí trên được quy định chi tiết tại các điểm b, c, d, đ, e, g khoản 2 Điều 5 Nghị định 10/2021/NĐ-CP, trừ các chi phí tư vấn đầu tư xây dựng, chi phí khác tính chung cho cả dự án.

- Đối với dự án có nhiều công trình, chủ đầu tư xác định tổng dự toán để quản lý chi phí đầu tư xây dựng trong trường hợp cần thiết. Tổng dự toán gồm các dự toán xây dựng công trình và chi phí tư vấn, chi phí khác, chi phí dự phòng tính chung cho cả dự án.

Căn cứ tại khoản 5 Điều 13 Nghị định 10/2021/NĐ-CP quy định nội dung thẩm định dự toán xây dựng công trình đối với công trình xây dựng thuộc dự án PPP như sau:

- Đối với các công trình xây dựng thuộc dự án PPP thành phần sử dụng vốn đầu tư công: cơ quan chuyên môn về xây dựng thẩm định các nội dung quy định tại khoản 3 Điều 13 Nghị định 10/2021/NĐ-CP; chủ đầu tư thẩm định các nội dung quy định tại khoản 4 Điều 13 Nghị định 10/2021/NĐ-CP và các nội dung quy định tại hợp đồng dự án PPP;

- Đối với các công trình xây dựng không sử dụng vốn đầu tư công thuộc dự án PPP: chủ đầu tư thẩm định theo nội dung quy định tại các khoản 3, 4 Điều 13 Nghị định 10/2021/NĐ-CP và các nội dung quy định tại hợp đồng dự án PPP.

Điều 12. Xác định dự toán xây dựng công trình

1. Dự toán xây dựng công trình được xác định theo khối lượng tính toán từ thiết kế xây dựng triển khai sau thiết kế cơ sở hoặc thiết kế bản vẽ thi công trong trường hợp dự án chỉ yêu cầu lập Báo cáo kinh tế - kỹ thuật đầu tư xây dựng, các chỉ dẫn kỹ thuật, yêu cầu công việc phải thực hiện, kế hoạch thực hiện của công trình, điều kiện thi công, biện pháp thi công của công trình và định mức xây dựng, giá xây dựng công trình, chỉ số giá xây dựng, các quy định khác có liên quan được áp dụng phù hợp với điều kiện thực hiện cụ thể của công trình. Các khoản mục chi phí trong dự toán xây dựng công trình được xác định theo quy định tại khoản 2, 3, 4, 5, 6, 7 Điều này.

[...]

5. Chi phí tư vấn đầu tư xây dựng được xác định theo quy định tại Điều 31 Nghị định này.

6. Chi phí khác được xác định trên cơ sở định mức chi phí do cơ quan nhà nước có thẩm quyền ban hành hoặc bằng phương pháp lập dự toán.

7. Chi phí dự phòng gồm chi phí dự phòng cho khối lượng, công việc phát sinh và chi phí dự phòng cho yếu tố trượt giá, được tính bằng tỷ lệ phần trăm (%) trên tổng các chi phí quy định tại khoản 2, 3, 4, 5, 6 Điều này. Riêng tỷ lệ phần trăm (%) đối với chi phí dự phòng cho yếu tố trượt giá được xác định trên cơ sở thời gian xây dựng công trình theo kế hoạch thực hiện dự án, chỉ số giá xây dựng phù hợp với loại công trình xây dựng và có tính đến các khả năng biến động giá trong nước và quốc tế.","xay-dung-do-thi","","","","2026-04-19T00:00:00","https://thuvienphapluat.vn/hoi-dap-phap-luat/chi-phi-du-phong-trong-viec-lap-du-toan-cong-trinh-gom-nhung-khoan-chi-phi-nao-138086975.html","2026-05-21T21:23:35.980819+00:00"
"138086973","Tổng mức đầu tư xây dựng đã được phê duyệt thì có được điều chỉnh hay không?","Tổng mức đầu tư xây dựng đã được phê duyệt thì có được điều chỉnh hay không?

Xác định tổng mức đầu tư xây dựng theo phương pháp xác định từ khối lượng xây dựng tính theo thiết kế cơ sở và các yêu cầu cần thiết khác của dự án?

Phê duyệt tổng mức đầu tư xây dựng như thế nào?

Căn cứ theo Điều 9 Nghị định 10/2021/NĐ-CP quy định về điều chỉnh tổng mức đầu tư xây dựng như sau:

Như vậy, trường hợp tổng mức đầu tư xây dựng đã phê duyệt được điều chỉnh theo quy định như sau:

- Tổng mức đầu tư xây dựng được phê duyệt của dự án sử dụng vốn nhà nước chỉ được điều chỉnh khi điều chỉnh dự án theo quy định tại khoản 1 Điều 61 Luật Xây dựng 2014.

- Khi điều chỉnh chủ trương đầu tư dẫn đến phải điều chỉnh dự án.

Tổng mức đầu tư xây dựng đã được phê duyệt thì có được điều chỉnh hay không? (Hình từ Internet)

Tại khoản 3 Điều 6 Nghị định 10/2021/NĐ-CP quy định xác định tổng mức đầu tư xây dựng theo phương pháp xác định từ khối lượng xây dựng tính theo thiết kế cơ sở và các yêu cầu cần thiết khác của dự ánnhư sau:

- Chi phí bồi thường, hỗ trợ và tái định cư được xác định trên cơ sở phương án bồi thường, hỗ trợ và tái định cư của dự án và các chế độ, chính sách của Nhà nước có liên quan;

- Chi phí xây dựng được xác định trên cơ sở khối lượng công việc, công tác xây dựng; nhóm, loại công tác xây dựng, đơn vị kết cấu hoặc bộ phận công trình và giá xây dựng công trình tương ứng và một số chi phí có liên quan khác;

- Chi phí thiết bị được xác định trên cơ sở khối lượng, số lượng, chủng loại thiết bị hoặc hệ thống thiết bị theo phương án công nghệ, kỹ thuật, thiết bị được lựa chọn, giá mua thiết bị phù hợp giá thị trường và các chi phí khác có liên quan;

- Chi phí quản lý dự án được xác định theo quy định tại Điều 30 Nghị định 10/2021/NĐ-CP;

- Chi phí tư vấn đầu tư xây dựng được xác định theo quy định tại Điều 31 Nghị định 10/2021/NĐ-CP;

- Chi phí khác được xác định bằng định mức tỷ lệ phần trăm (%) hoặc bằng phương pháp lập dự toán. Chi phí rà phá bom mìn, vật nổ được xác định theo quy định của Bộ trưởng Bộ Quốc phòng;

- Chi phí dự phòng cho khối lượng, công việc phát sinh được xác định bằng tỷ lệ phần trăm (%) trên tổng các khoản mục chi phí quy định tại điểm a, b, c, d, đ, e khoản 3 Điều 6 Nghị định 10/2021/NĐ-CP. Riêng tỷ lệ phần trăm đối với chi phí dự phòng cho yếu tố trượt giá được xác định trên cơ sở độ dài thời gian thực hiện dự án, kế hoạch thực hiện dự án và chỉ số giá xây dựng phù hợp với loại công trình xây dựng có tính đến các khả năng biến động giá trong nước và quốc tế.

Theo Điều 8 Nghị định 10/2021/NĐ-CP quy định phê duyệt tổng mức đầu tư xây dựng như sau:

- Phê duyệt tổng mức đầu tư xây dựng là một nội dung của quyết định đầu tư xây dựng. Thẩm quyền quyết định đầu tư xây dựng theo quy định tại Điều 60 Luật Xây dựng 2014 được sửa đổi, bổ sung tại khoản 17 Điều 1 Luật sửa đổi, bổ sung một số điều của Luật Xây dựng 2020.

- Tổng mức đầu tư xây dựng được phê duyệt là chi phí tối đa để thực hiện dự án đầu tư xây dựng.

Điều 9. Điều chỉnh tổng mức đầu tư xây dựng

1. Tổng mức đầu tư xây dựng đã phê duyệt được điều chỉnh theo quy định tại khoản 5 Điều 134 Luật Xây dựng và điểm đ khoản 18 Điều 1 Luật sửa đổi, bổ sung một số điều của Luật Xây dựng.

2. Tổng mức đầu tư xây dựng điều chỉnh gồm phần tổng mức đầu tư không điều chỉnh và phần tổng mức đầu tư điều chỉnh. Các nội dung liên quan đến phần tổng mức đầu tư xây dựng điều chỉnh phải được thẩm định theo quy định tại Điều 7 Nghị định này. Thẩm quyền thẩm định, phê duyệt tổng mức đầu tư xây dựng điều chỉnh thực hiện theo quy định về thẩm quyền thẩm định, phê duyệt dự án điều chỉnh tại Nghị định quy định chi tiết một số nội dung về quản lý dự án đầu tư xây dựng.","xay-dung-do-thi","","","","2026-04-18T00:00:00","https://thuvienphapluat.vn/hoi-dap-phap-luat/tong-muc-dau-tu-xay-dung-da-duoc-phe-duyet-thi-co-duoc-dieu-chinh-hay-khong-138086973.html","2026-05-21T21:23:40.504297+00:00"
"138087554","Cải tạo không làm thay đổi các tiêu chí xác định cấp công trình thì cấp công trình có thay đổi?","Cải tạo không làm thay đổi các tiêu chí xác định cấp công trình thì cấp công trình có thay đổi?

Cấp công trình quy định tại Thông tư 06 được xác định theo các tiêu chí nào?

Cấp công trình quy định tại Thông tư 06 là cơ sở để quản lý chi phí đầu tư xây dựng?

Căn cứ Điều 2 Thông tư 06/2021/TT-BXD quy định về nguyên tắc xác định cấp công trình:

Theo đó, trường hợp cải tạo công trình không làm thay đổi các tiêu chí xác định cấp công trình thì cấp công trình của công trình trước và sau cải tạo không thay đổi.

Cải tạo không làm thay đổi các tiêu chí xác định cấp công trình thì cấp công trình có thay đổi? (Hình từ Internet)

Căn cứ Điều 2 Thông tư 06/2021/TT-BXD quy định về nguyên tắc xác định cấp công trình:

Theo đó, cấp công trình được xác định theo tiêu chí mức độ quan trọng, quy mô công suất, quy mô kết cấu. Cụ thể:

- Mức độ quan trọng, quy mô công suất: Áp dụng cho từng công trình độc lập hoặc một tổ hợp các công trình hoặc một dây chuyền công nghệ gồm nhiều hạng mục thuộc dự án đầu tư xây dựng công trình theo các loại công trình quy định tại Phụ lục I Thông tư 06/2021/TT-BXD.

- Quy mô kết cấu: Áp dụng cho từng công trình độc lập thuộc dự án đầu tư xây dựng công trình theo các loại kết cấu quy định tại Phụ lục II Thông tư 06/2021/TT-BXD.

Căn cứ Điều 3 Thông tư 06/2021/TT-BXD quy định về áp dụng cấp công trình trong quản lý các hoạt động đầu tư xây dựng:

Theo đó, cấp công trình được áp dụng làm cơ sở để quản lý các hoạt động đầu tư xây dựng, trong đó bao gồm quản lý chi phí đầu tư xây dựng theo quy định.

Điều 2. Nguyên tắc xác định cấp công trình

[...]

3. Cấp công trình của một tổ hợp các công trình hoặc một dây chuyền công nghệ gồm nhiều hạng mục được xác định như sau:

a) Trường hợp tổ hợp các công trình hoặc dây chuyền công nghệ gồm nhiều hạng mục có quy định trong Phụ lục I Thông tư này thì cấp công trình được xác định theo Phụ lục I Thông tư này;

b) Trường hợp tổ hợp các công trình hoặc dây chuyền công nghệ gồm nhiều hạng mục không quy định trong Phụ lục I Thông tư này thì cấp công trình được xác định theo cấp của công trình chính (thuộc tổ hợp các công trình hoặc dây chuyền công nghệ) có cấp cao nhất. Cấp của công trình chính xác định theo quy định tại khoản 2 Điều này.

4. Cấp công trình của công trình hiện hữu được sửa chữa, cải tạo, nâng cấp xác định như sau:

a) Trường hợp sửa chữa, cải tạo, nâng cấp làm thay đổi các tiêu chí xác định cấp công trình quy định tại khoản 1 Điều này thì cấp công trình của công trình sau sửa chữa, cải tạo, nâng cấp được xác định theo quy định tại Điều này;

b) Trường hợp khác với quy định tại điểm a khoản này thì cấp công trình của công trình trước và sau sửa chữa, cải tạo, nâng cấp không thay đổi.

Điều 2. Nguyên tắc xác định cấp công trình

1. Cấp công trình quy định tại Thông tư này được xác định theo các tiêu chí sau:

a) Mức độ quan trọng, quy mô công suất: Áp dụng cho từng công trình độc lập hoặc một tổ hợp các công trình hoặc một dây chuyền công nghệ gồm nhiều hạng mục thuộc dự án đầu tư xây dựng công trình theo các loại công trình quy định tại Phụ lục I Thông tư này;

b) Quy mô kết cấu: Áp dụng cho từng công trình độc lập thuộc dự án đầu tư xây dựng công trình theo các loại kết cấu quy định tại Phụ lục II Thông tư này.

2. Cấp công trình của một công trình độc lập là cấp cao nhất được xác định theo Phụ lục I và Phụ lục II Thông tư này. Trường hợp công trình độc lập không quy định trong Phụ lục I Thông tư này thì cấp công trình được xác định theo quy định tại Phụ lục II Thông tư này và ngược lại.

[…]

Điều 3. Áp dụng cấp công trình trong quản lý các hoạt động đầu tư xây dựng

1. Cấp công trình quy định tại Thông tư này được áp dụng làm cơ sở để quản lý các hoạt động đầu tư xây dựng sau:

a) Xác định thẩm quyền khi thẩm định báo cáo nghiên cứu khả thi; thẩm định hoặc có ý kiến về công nghệ đối với dự án đầu tư xây dựng sử dụng công nghệ hạn chế chuyển giao hoặc dự án đầu tư xây dựng có nguy cơ tác động xấu đến môi trường có sử dụng công nghệ theo Luật Chuyển giao công nghệ; thẩm định thiết kế triển khai sau thiết kế cơ sở; kiểm tra công tác nghiệm thu trong quá trình thi công và khi hoàn thành thi công xây dựng công trình;

b) Phân hạng năng lực hoạt động xây dựng của các tổ chức, cá nhân để cấp chứng chỉ năng lực, chứng chỉ hành nghề hoạt động xây dựng;

c) Xác định công trình được miễn giấy phép xây dựng;

d) Xác định công trình phải thi tuyển phương án kiến trúc theo quy định tại khoản 2 Điều 17 Luật Kiến trúc;

đ) Xác định công trình có yêu cầu phải lập chỉ dẫn kỹ thuật riêng;

e) Xác định công trình có ảnh hưởng lớn đến an toàn, lợi ích cộng đồng;

g) Xác định công trình có yêu cầu bắt buộc bảo hiểm trách nhiệm nghề nghiệp;

h) Xác định công trình phải thực hiện đánh giá định kỳ về an toàn của công trình xây dựng trong quá trình sử dụng;

i) Phân cấp sự cố công trình xây dựng và thẩm quyền giải quyết sự cố công trình xây dựng;

k) Quản lý chi phí đầu tư xây dựng;

[…]","xay-dung-do-thi","","","","2026-04-18T00:00:00","https://thuvienphapluat.vn/hoi-dap-phap-luat/cai-tao-khong-lam-thay-doi-cac-tieu-chi-xac-dinh-cap-cong-trinh-thi-cap-cong-trinh-co-thay-doi-138087554.html","2026-05-21T21:23:46.798973+00:00"
"138087612","Danh sách 341 dự án chậm triển khai theo Thông báo 396 trên địa bàn TP Hà Nội gồm những dự án, nhà đầu tư nào?","Danh sách 341 dự án chậm triển khai theo Thông báo 396 trên địa bàn TP Hà Nội gồm những dự án, nhà đầu tư nào?

Nguyên tắc quản lý chi phí đầu tư xây dựng được quy định như thế nào?

Dự án đầu tư xây dựng phải đáp ứng các yêu cầu nào từ 01/7/2026?

Ngày 13/4/2026, UBND Thành phố Hà Nội ban hành Thông báo 396/TB-UBND năm 2026 TẢI VỀ của TP Hà Nội về việc tổ chức rà soát, xử lý dứt điểm các dự án vốn ngoài ngân sách có sử dụng đất chậm triển khai trên địa bàn Thành phố Hà Nội.

Theo đó, Chủ tịch UBND Thành phổ chỉ đạo như sau:

[1] Yêu cầu các Nhà đầu tư khẩn trương có báo cáo bằng văn bản về việc triển khai thực hiện dự án theo đề cương gửi kèm Thông báo này, báo cáo UBND Thành phố (thông qua Văn phòng UBND Thành phố, Tổ giúp việc được thành lập theo Quyết định số 01/QĐ-TCT ngày 13/4/2026 của Tổ công tác của UBND Thành phố về rà soát, tham mưu xử lý dứt điểm các dự án vốn ngoài ngân sách có sử dụng đất trên địa bàn Thành phố) trước ngày 30/4/2026.

Sau ngày 30/4/2026, các Nhà đầu tư không gửi báo cáo hoặc gửi không đúng thời hạn hoặc báo cáo không đáp ứng yêu cầu, không thể hiện rõ năng lực và cam kết thực hiện, UBND Thành phố sẽ áp dụng biện pháp thu hồi, dừng thực hiện dự án.

[2] Giao Sở Nông nghiệp và Môi trường chủ trì, phối hợp với UBND các xã, phường liên quan: Gửi thông báo đến từng Nhà đầu tư trước ngày 19/4/2026 và theo dõi, đôn đốc các Nhà đầu tư gửi bảo cáo bảo đảm thời hạn và yêu cầu.

Xem chi tiết danh sách 341 dự án chậm triển khai theo Thông báo 396 trên địa bàn TP Hà Nội tại:

TẢI VỀ

*Trên đây là Danh sách 341 dự án chậm triển khai theo Thông báo 396 trên địa bàn TP Hà Nội gồm những dự án, nhà đầu tư nào?

Danh sách 341 dự án chậm triển khai theo Thông báo 396 trên địa bàn TP Hà Nội gồm những dự án, nhà đầu tư nào? (Hình từ Internet)

Căn cứ tại Điều 73 Luật Xây dựng 2025 có hiệu lực từ 01/7/2026 quy định về nguyên tắc quản lý chi phí đầu tư xây dựng như sau:

[1]. Việc quản lý chi phí đầu tư xây dựng đối với dự án đầu tư công, dự án PPP phải bảo đảm các nguyên tắc sau đây:

- Bảo đảm mục tiêu đầu tư, hiệu quả dự án, phù hợp với trình tự đầu tư xây dựng, hình thức đầu tư, việc phân chia dự án thành phần, phân kỳ đầu tư (nếu có).

Chi phí đầu tư xây dựng được xác định tương ứng với từng loại thiết kế phù hợp với từng giai đoạn của dự án, điều kiện xây dựng và mặt bằng giá thị trường, theo từng dự án, công trình, gói thầu xây dựng; chi tiết, cụ thể hơn theo từng bước thiết kế tương ứng với từng giai đoạn của dự án;

- Chủ đầu tư chịu trách nhiệm quản lý chi phí đầu tư xây dựng từ giai đoạn chuẩn bị dự án đến giai đoạn kết thúc xây dựng trong phạm vi tổng mức đầu tư xây dựng của dự án được phê duyệt;

- Việc thanh tra, kiểm tra, kiểm toán chi phí đầu tư xây dựng thực hiện trên cơ sở điều kiện, cách thức xác định chi phí đầu tư xây dựng đã được người quyết định đầu tư, chủ đầu tư quyết định, chấp thuận theo quy định của pháp luật về quản lý chi phí đầu tư xây dựng tương ứng với từng giai đoạn, thời điểm thực hiện dự án.

[2]. Quản lý chi phí đầu tư xây dựng đối với dự án, ngoài quy định tại khoản 1 Điều 73 Luật Xây dựng 2025 do người quyết định đầu tư, chủ đầu tư quyết định hoặc thực hiện theo quy định về quản lý chi phí đầu tư xây dựng của Luật Xây dựng 2025.

Căn cứ tại khoản 1 Điều 18 Luật Xây dựng 2025 có hiệu lực từ 01/7/2026 quy định về yêu cầu đối với dự án đầu tư xây dựng như sau:

Theo đó, dự án đầu tư xây dựng phải đáp ứng các yêu cầu sau đây:

- Phù hợp với quy hoạch được sử dụng làm căn cứ lập dự án (nếu có), trừ các dự án duy tu, bảo dưỡng công trình hoặc dự án sửa chữa, cải tạo nhưng không làm thay đổi mục tiêu, quy mô, chức năng hiện hữu của các công trình xây dựng;

- Bảo đảm tính khả thi về giải pháp thiết kế xây dựng, thiết kế công nghệ (nếu có);

- Đáp ứng yêu cầu về an toàn trong xây dựng, vận hành, khai thác, sử dụng công trình, phòng cháy và chữa cháy, bảo vệ môi trường, ứng phó với biến đổi khí hậu;

- Có phương án tài chính, bố trí, huy động vốn để thực hiện dự án theo tiến độ, bảo đảm hiệu quả.

Ngoài các yêu cầu trên, theo tính chất dự án, hình thức đầu tư, dự án đầu tư xây dựng phải tuân thủ các quy định khác của pháp luật có liên quan.

*Trên đây là thông tin Danh sách 341 dự án chậm triển khai theo Thông báo 396 trên địa bàn TP Hà Nội gồm những dự án, nhà đầu tư nào?

Điều 18. Yêu cầu đối với dự án đầu tư xây dựng

1. Dự án đầu tư xây dựng phải đáp ứng các yêu cầu sau đây:

a) Phù hợp với quy hoạch được sử dụng làm căn cứ lập dự án (nếu có), trừ các dự án duy tu, bảo dưỡng công trình hoặc dự án sửa chữa, cải tạo nhưng không làm thay đổi mục tiêu, quy mô, chức năng hiện hữu của các công trình xây dựng;

b) Bảo đảm tính khả thi về giải pháp thiết kế xây dựng, thiết kế công nghệ (nếu có);

c) Đáp ứng yêu cầu về an toàn trong xây dựng, vận hành, khai thác, sử dụng công trình, phòng cháy và chữa cháy, bảo vệ môi trường, ứng phó với biến đổi khí hậu;

d) Có phương án tài chính, bố trí, huy động vốn để thực hiện dự án theo tiến độ, bảo đảm hiệu quả.

2. Ngoài các yêu cầu quy định tại khoản 1 Điều này, theo tính chất dự án, hình thức đầu tư, dự án đầu tư xây dựng phải tuân thủ các quy định khác của pháp luật có liên quan.","xay-dung-do-thi","","","","2026-04-17T00:00:00","https://thuvienphapluat.vn/hoi-dap-phap-luat/danh-sach-341-du-an-cham-trien-khai-theo-thong-bao-396-tren-dia-ban-tp-ha-noi-gom-nhung-du-an-nha-d-138087612.html","2026-05-21T21:23:53.584300+00:00"
"138087527","Năm 2026 khi lập nhiệm vụ quy hoạch đô thị và nông thôn thì cơ quan, tổ chức có phải lấy ý kiến của cơ quan quản lý nhà nước có liên quan không?","Thế nào là Quy hoạch đô thị và nông thôn?

Năm 2026 khi lập nhiệm vụ quy hoạch đô thị và nông thôn thì cơ quan, tổ chức có phải lấy ý kiến của cơ quan quản lý nhà nước có liên quan không?

Kinh phí cho hoạt động quy hoạch đô thị và nông thôn được sử dụng đối với công việc gì?

Căn cứ tại khoản 6 Điều 2 Luật Quy hoạch đô thị và nông thôn 2024 được sửa đổi, bổ sung điểm b khoản 1 Điều 1 Luật Quy hoạch đô thị và nông thôn sửa đổi 2025 quy định:

Quy hoạch đô thị và nông thôn là quy hoạch không gian lãnh thổ, là việc xác định, tổ chức không gian, kiến trúc cảnh quan, tổ chức hệ thống công trình hạ tầng kỹ thuật, công trình hạ tầng xã hội, nhà ở nhằm tạo lập môi trường sống thích hợp cho người dân tại đô thị, nông thôn và khu chức năng.

Năm 2026 khi lập nhiệm vụ quy hoạch đô thị và nông thôn thì cơ quan, tổ chức có phải lấy ý kiến của cơ quan quản lý nhà nước có liên quan không? (Hình từ Internet)

Căn cứ tại Điều 36 Luật Quy hoạch đô thị và nông thôn 2024 được sửa đổi bởi Khoản 24 Điều 1 Luật Quy hoạch đô thị và nông thôn sửa đổi 2025 quy định:

Như vậy, khi lập nhiệm vụ quy hoạch thì cơ quan, tổ chức có trách nhiệm tổ chức lập nhiệm vụ quy hoạch đô thị và nông thôn có trách nhiệm bắt buộc phải lấy ý kiến của các cơ quan quản lý nhà nước có liên quan.

Căn cứ theo khoản 3 Điều 10 Luật Quy hoạch đô thị và nông thôn 2024 quy định như sau:

Theo đó, kinh phí cho hoạt động quy hoạch đô thị và nông thôn được sử dụng đối với các công việc sau:

- Khảo sát địa hình phục vụ lập quy hoạch đô thị và nông thôn;

- Lập và điều chỉnh, lấy ý kiến, thẩm định, phê duyệt nhiệm vụ quy hoạch, quy hoạch đô thị và nông thôn;

- Quản lý nghiệp vụ công tác lập quy hoạch đô thị và nông thôn;

- Công bố, công khai quy hoạch đô thị và nông thôn;

- Cắm mốc theo quy hoạch đô thị và nông thôn;

- Lập báo cáo rà soát quy hoạch; tổ chức đấu thầu; tổ chức thi tuyển ý tưởng quy hoạch;

- Xây dựng, quản lý, vận hành cơ sở dữ liệu quy hoạch đô thị và nông thôn;

- Công việc khác liên quan đến hoạt động quy hoạch đô thị và nông thôn.

Điều 36. Lấy ý kiến về nhiệm vụ quy hoạch đô thị và nông thôn

1. Trách nhiệm lấy ý kiến được quy định như sau:

a) Cơ quan, tổ chức có trách nhiệm tổ chức lập nhiệm vụ quy hoạch đô thị và nông thôn có trách nhiệm lấy ý kiến trong quá trình lập nhiệm vụ quy hoạch;

b) Cơ quan thẩm định nhiệm vụ quy hoạch đô thị và nông thôn có trách nhiệm lấy ý kiến trong quá trình thẩm định nhiệm vụ quy hoạch.

2. Đối tượng lấy ý kiến gồm các cơ quan quản lý nhà nước có liên quan.

[…]

Điều 10. Kinh phí cho hoạt động quy hoạch đô thị và nông thôn

1. Nhà nước bảo đảm kinh phí cho hoạt động quy hoạch đô thị và nông thôn theo quy định của pháp luật về ngân sách nhà nước.

2. Nguồn kinh phí phục vụ cho hoạt động quy hoạch đô thị và nông thôn bao gồm:

a) Kinh phí chi thường xuyên từ ngân sách nhà nước;

b) Kinh phí của tổ chức được lựa chọn làm chủ đầu tư;

c) Nguồn kinh phí hợp pháp khác.

3. Kinh phí cho hoạt động quy hoạch đô thị và nông thôn được sử dụng đối với các công việc sau đây:

a) Khảo sát địa hình phục vụ lập quy hoạch đô thị và nông thôn;

b) Lập và điều chỉnh, lấy ý kiến, thẩm định, phê duyệt nhiệm vụ quy hoạch, quy hoạch đô thị và nông thôn;

c) Quản lý nghiệp vụ công tác lập quy hoạch đô thị và nông thôn;

d) Công bố, công khai quy hoạch đô thị và nông thôn;

đ) Cắm mốc theo quy hoạch đô thị và nông thôn;

e) Lập báo cáo rà soát quy hoạch; tổ chức đấu thầu; tổ chức thi tuyển ý tưởng quy hoạch;

g) Xây dựng, quản lý, vận hành cơ sở dữ liệu quy hoạch đô thị và nông thôn;

h) Công việc khác liên quan đến hoạt động quy hoạch đô thị và nông thôn.","xay-dung-do-thi","","","","2026-04-17T00:00:00","https://thuvienphapluat.vn/hoi-dap-phap-luat/nam-2026-khi-lap-nhiem-vu-quy-hoach-do-thi-va-nong-thon-thi-co-quan-to-chuc-co-phai-lay-y-kien-cua--138087527.html","2026-05-21T21:24:01.210807+00:00"
"138087511","Trình tự thủ tục điều chuyển tài sản kết cấu hạ tầng đường bộ từ 31/3/2026 ra sao? Ai có thẩm quyền điều chuyển?","Trình tự thủ tục điều chuyển tài sản kết cấu hạ tầng đường bộ giữa các cơ quan, tổ chức, đơn vị thuộc phạm vi quản lý của Bộ Xây dựng, UBND cấp tỉnh hoặc từ Bộ Xây dựng, UBND cấp tỉnh sang bộ, cơ quan trung ương, địa phương khác ra sao?

Trình tự, thủ tục điều chuyển tài sản kết cấu hạ tầng đường bộ từ bộ, cơ quan khác ở trung ương sang Bộ Xây dựng, UBND cấp tỉnh như thế nào?

Ai có thẩm quyền điều chuyển tài sản kết cấu hạ tầng đường bộ?

Căn cứ theo khoản 3 Điều 22 Nghị định 44/2024/NĐ-CP (được sửa đổi bởi khoản 1 Điều 14 Nghị định 99/2026/NĐ-CP), trình tự, thủ tục điều chuyển tài sản kết cấu hạ tầng đường bộ giữa các cơ quan, tổ chức, đơn vị thuộc phạm vi quản lý của Bộ Xây dựng, Ủy ban nhân dân cấp tỉnh hoặc từ Bộ Xây dựng, Ủy ban nhân dân cấp tỉnh sang bộ, cơ quan trung ương, địa phương khác:

- Khi có tài sản kết cấu hạ tầng đường bộ cần điều chuyển, cơ quan, đơn vị quản lý tài sản lập hồ sơ đề nghị điều chuyển tài sản, trình cơ quan, người có thẩm quyền quy định tại các điểm a, b và c khoản 2 Điều 22 Nghị định 44/2024/NĐ-CP (được sửa đổi bởi khoản 1 Điều 14 Nghị định 99/2026/NĐ-CP).

Hồ sơ đề nghị gồm:

+ Văn bản của cơ quan, đơn vị quản lý tài sản về việc đề nghị điều chuyển tài sản: 01 bản chính;

+ Văn bản của cơ quan quản lý cấp trên (nếu có) của cơ quan, đơn vị quản lý tài sản về việc đề nghị điều chuyển tài sản: 01 bản sao;

+ Văn bản của cơ quan, tổ chức, đơn vị về việc đề nghị được tiếp nhận tài sản: 01 bản chính và văn bản của cơ quan quản lý cấp trên (nếu có) của cơ quan, tổ chức, đơn vị đó về việc đề nghị được tiếp nhận tài sản: 01 bản sao.

Trường hợp việc điều chuyển tài sản do thay đổi về cơ quan quản lý, phân cấp quản lý, phân loại đường bộ thì không bắt buộc phải có văn bản đề nghị được tiếp nhận tài sản của cơ quan, tổ chức, đơn vị tiếp nhận tài sản và cơ quan quản lý cấp trên của cơ quan, tổ chức, đơn vị tiếp nhận đó;

+ Phương án đầu tư bổ sung vốn điều lệ tại doanh nghiệp do Nhà nước nắm giữ 100% vốn điều lệ bằng giá trị tài sản kết cấu hạ tầng đường bộ được cơ quan, người có thẩm quyền phê duyệt theo quy định của pháp luật về quản lý đầu tư vốn nhà nước tại doanh nghiệp (trong trường hợp điều chuyển theo quy định tại điểm c khoản 1 Điều 22 Nghị định 44/2024/NĐ-CP: 01 bản sao;

+ Danh mục tài sản đề nghị điều chuyển theo Mẫu số 01C tại Phụ lục kèm theo Nghị định 44/2024/NĐ-CP do cơ quan, đơn vị quản lý tài sản lập: 01 bản chính;

+ Các hồ sơ có liên quan khác (nếu có): 01 bản sao.

- Trong thời hạn 15 ngày, kể từ ngày nhận được đầy đủ hồ sơ quy định tại điểm a khoản này, cơ quan, người có thẩm quyền quy định tại các điểm a, b và c khoản 2 Điều 22 Nghị định 44/2024/NĐ-CP (được sửa đổi bởi khoản 1 Điều 14 Nghị định 99/2026/NĐ-CP) xem xét, quyết định điều chuyển tài sản theo thẩm quyền.

- Nội dung chủ yếu của Quyết định điều chuyển tài sản gồm:

+ Tên cơ quan, đơn vị có tài sản điều chuyển;

+ Tên cơ quan, tổ chức, đơn vị, doanh nghiệp tiếp nhận tài sản điều chuyển;

+ Danh mục tài sản đề nghị điều chuyển (tên tài sản; địa chỉ; loại/cấp/hạng; năm đưa vào sử dụng;

+ Thông số cơ bản (số lượng/chiều dài/diện tích...);

+ Nguyên giá, giá trị còn lại (nếu có); tình trạng sử dụng của tài sản);

+ Lý do điều chuyển;

+ Trách nhiệm tổ chức thực hiện.

- Trong thời hạn 30 ngày, kể từ ngày có Quyết định điều chuyển tài sản của cơ quan, người có thẩm quyền quy định tại các điểm a, b và c khoản 2 Điều 22 Nghị định 44/2024/NĐ-CP (được sửa đổi bởi khoản 1 Điều 14 Nghị định 99/2026/NĐ-CP), cơ quan, đơn vị có tài sản điều chuyển và cơ quan, tổ chức, đơn vị, doanh nghiệp tiếp nhận tài sản có trách nhiệm:

Tổ chức bàn giao, tiếp nhận tài sản; việc bàn giao, tiếp nhận tài sản phải được lập thành Biên bản theo Mẫu số 01 tại Phụ lục kèm theo Nghị định 44/2024/NĐ-CP. Cơ quan, đơn vị quản lý tài sản có trách nhiệm tổ chức thực hiện việc bảo quản, bảo vệ và bảo trì công trình thuộc tài sản kết cấu hạ tầng đường bộ theo quy định của pháp luật đến khi hoàn thành việc bàn giao tài sản cho cơ quan, tổ chức, đơn vị, doanh nghiệp tiếp nhận;

Thực hiện kế toán giảm, tăng tài sản theo quy định của pháp luật về kế toán; báo cáo kê khai biến động tài sản theo quy định tại Nghị định 44/2024/NĐ-CP;

Đối với trường hợp điều chuyển tài sản để giao cho doanh nghiệp quản lý theo hình thức đầu tư vốn nhà nước vào doanh nghiệp theo điểm c khoản 1 Điều 22 Nghị định 44/2024/NĐ-CP, sau khi có Quyết định điều chuyển tài sản của cơ quan, người có thẩm quyền quy định tại điểm đ khoản 2 Điều 22 Nghị định 44/2024/NĐ-CP (được sửa đổi bởi khoản 1 Điều 14 Nghị định 99/2026/NĐ-CP) thì thực hiện theo quy định tại khoản 3 Điều 26 Nghị định 44/2024/NĐ-CP.

- Chi phí hợp lý có liên quan trực tiếp đến việc bàn giao, tiếp nhận tài sản do cơ quan, tổ chức, đơn vị tiếp nhận tài sản chi trả theo quy định.

- Không thực hiện thanh toán giá trị tài sản khi điều chuyển tài sản.

Trình tự thủ tục điều chuyển tài sản kết cấu hạ tầng đường bộ từ 31/3/2026 ra sao? Ai có thẩm quyền điều chuyển? (Hình từ Internet)

Căn cứ tại khoản 3a Điều 22 Nghị định 44/2024/NĐ-CP (được sửa đổi bởi khoản 2 Điều 14 Nghị định 99/2026/NĐ-CP) có quy định về trình tự, thủ tục điều chuyển tài sản kết cấu hạ tầng đường bộ từ bộ, cơ quan khác ở trung ương sang Bộ Xây dựng, Ủy ban nhân dân cấp tỉnh quy định tại khoản 6 Điều 5 Nghị định 44/2024/NĐ-CP, cụ thể như sau:

- Khi có tài sản kết cấu hạ tầng đường bộ cần điều chuyển, cơ quan, tổ chức, đơn vị đang quản lý tài sản thuộc bộ, cơ quan trung ương lập hồ sơ đề nghị điều chuyển, trình cơ quan, người có thẩm quyền quy định tại điểm d khoản 2 Điều 22 Nghị định 44/2024/NĐ-CP (được sửa đổi bởi khoản 1 Điều 14 Nghị định 99/2026/NĐ-CP)).

Hồ sơ đề nghị gồm:

+ Văn bản của cơ quan, tổ chức, đơn vị đang quản lý tài sản kết cấu hạ tầng đường bộ thuộc bộ, cơ quan trung ương về việc đề nghị điều chuyển tài sản kết cấu hạ tầng đường bộ sang Bộ Xây dựng, Ủy ban nhân dân cấp tỉnh: 01 bản chính;

+ Văn bản của cơ quan quản lý cấp trên (nếu có) của cơ quan, tổ chức, đơn vị quản lý tài sản về việc đề nghị điều chuyển tài sản: 01 bản sao;

+ Văn bản của Bộ Xây dựng, Ủy ban nhân dân cấp tỉnh về việc đề nghị được tiếp nhận tài sản: 01 bản chính;

+ Danh mục tài sản đề nghị điều chuyển theo Mẫu số 01C tại Phụ lục kèm theo Nghị định 44/2024/NĐ-CP do cơ quan, tổ chức, đơn vị quản lý tài sản lập: 01 bản chính;

+ Các hồ sơ có liên quan khác (nếu có): 01 bản sao.

- Trong thời hạn 15 ngày, kể từ ngày nhận được đầy đủ hồ sơ quy định tại điểm a khoản 3a Điều 22 Nghị định 44/2024/NĐ-CP (được bổ sung bởi khoản 2 Điều 14 Nghị định 99/2026/NĐ-CP), cơ quan, người có thẩm quyền quy định tại điểm d khoản 2 Điều 22 Nghị định 44/2024/NĐ-CP (được sửa đổi bởi khoản 1 Điều 14 Nghị định 99/2026/NĐ-CP) xem xét, quyết định điều chuyển tài sản theo thẩm quyền.

- Nội dung chủ yếu của Quyết định điều chuyển tài sản của cơ quan, người có thẩm quyền quy định tại điểm d khoản 2 Điều 22 Nghị định 44/2024/NĐ-CP (được sửa đổi bởi khoản 1 Điều 14 Nghị định 99/2026/NĐ-CP) được thực hiện theo quy định tại điểm c khoản 3 Điều 22 Nghị định 44/2024/NĐ-CP (được sửa đổi bởi khoản 1 Điều 14 Nghị định 99/2026/NĐ-CP).

Riêng cơ quan tiếp nhận tài sản điều chuyển từ bộ, cơ quan khác ở trung ương sang Bộ Xây dựng là cơ quan quản lý đường bộ ở trung ương, cơ quan tiếp nhận tài sản điều chuyển từ bộ, cơ quan khác ở trung ương sang Ủy ban nhân dân cấp tỉnh là cơ quan quản lý đường bộ cấp tỉnh.

- Việc bàn giao, tiếp nhận tài sản và các nội dung khác được thực hiện theo quy định tại các điểm d, đ và e khoản 3 Điều 22 Nghị định 44/2024/NĐ-CP (được sửa đổi bởi khoản 1 Điều 14 Nghị định 99/2026/NĐ-CP).

Sau khi có Quyết định điều chuyển tài sản của cơ quan, người có thẩm quyền quy định tại điểm d khoản 2 Điều 22 Nghị định 44/2024/NĐ-CP (được sửa đổi bởi khoản 1 Điều 14 Nghị định 99/2026/NĐ-CP), cơ quan quản lý đường bộ ở trung ương (đối với tài sản điều chuyển sang Bộ Xây dựng), cơ quan quản lý đường bộ cấp tỉnh (đối với tài sản điều chuyển sang Ủy ban nhân dân cấp tỉnh) chủ trì, lập hồ sơ đề nghị giao tài sản cho cơ quan, đơn vị quản lý tài sản theo quy định tại các khoản 2, 3, 4 và 5 Điều 7 Nghị định 44/2024/NĐ-CP.

Căn cứ theo khoản 2 Điều 22 Nghị định 44/2024/NĐ-CP (được sửa đổi bởi khoản 1 Điều 14 Nghị định 99/2026/NĐ-CP) có quy định về thẩm quyền quyết định điều chuyển tài sản kết cấu hạ tầng đường bộ từ 31/3/2026 như sau:

- Bộ trưởng Bộ Xây dựng quyết định điều chuyển tài sản kết cấu hạ tầng đường bộ giữa các cơ quan, tổ chức, đơn vị thuộc Bộ Xây dựng hoặc sang các bộ, cơ quan trung ương, địa phương khác.

- Chủ tịch Ủy ban nhân dân cấp tỉnh quyết định điều chuyển tài sản kết cấu hạ tầng đường bộ do cơ quan, đơn vị quản lý tài sản ở địa phương quản lý sang các bộ, cơ quan trung ương, địa phương khác.

- Chủ tịch Ủy ban nhân dân cấp tỉnh quyết định hoặc phân cấp thẩm quyền quyết định điều chuyển tài sản kết cấu hạ tầng đường bộ giữa các cơ quan, tổ chức, đơn vị thuộc địa phương.

- Bộ trưởng, Thủ trưởng cơ quan trung ương quyết định điều chuyển tài sản kết cấu hạ tầng đường bộ thuộc phạm vi quản lý sang Bộ Xây dựng, Ủy ban nhân dân cấp tỉnh.

- Thẩm quyền quyết định điều chuyển tài sản kết cấu hạ tầng đường bộ trong trường hợp quy định tại điểm c khoản 1 Điều 22 Nghị định 44/2024/NĐ-CP thực hiện theo quy định tại khoản 3 Điều 26 Nghị định 44/2024/NĐ-CP.","xay-dung-do-thi","","","","2026-04-16T00:00:00","https://thuvienphapluat.vn/hoi-dap-phap-luat/trinh-tu-thu-tuc-dieu-chuyen-tai-san-ket-cau-ha-tang-duong-bo-tu-3132026-ra-sao-ai-co-tham-quyen-di-138087511.html","2026-05-21T21:24:13.542692+00:00"
"138087564","Toàn văn Thông tư 11/2026/TT-BXD về quy định danh mục, quy cách và chỉ tiêu kỹ thuật khoáng sản làm vật liệu xây dựng được phép xuất khẩu thế nào?","Toàn văn Thông tư 11 2026 TT BXD về quy định danh mục, quy cách và chỉ tiêu kỹ thuật khoáng sản làm vật liệu xây dựng được phép xuất khẩu thế nào?

Chất lượng sản phẩm, hàng hóa vật liệu xây dựng và cấu kiện xây dựng phải đáp ứng yêu cầu gì?

Trách nhiệm quản lý nhà nước về vật liệu xây dựng ra sao?

Ngày 31/03/2026, Bộ trưởng Bộ Xây dựng ban hành Thông tư 11/2026/TT-BXD về quy định danh mục, quy cách và chỉ tiêu kỹ thuật khoáng sản làm vật liệu xây dựng được phép xuất khẩu.

Theo đó, căn cứ Điều 1 Thông tư 11/2026/TT-BXD quy định danh mục, quy cách và chỉ tiêu kỹ thuật khoáng sản làm vật liệu xây dựng được phép xuất khẩu thuộc nhóm II và nhóm III theo quy định tại khoản 38 Điều 1 Nghị định 21/2026/NĐ-CP sửa đổi, bổ sung một số điều của Nghị định 193/2025/NĐ-CP quy định chi tiết một số điều và biện pháp thi hành Luật Địa chất và khoáng sản và quy định chi tiết Luật sửa đổi, bổ sung một số điều của Luật Địa chất và khoáng sản.

Thông tư 11/2026/TT-BXD áp dụng đối với cơ quan quản lý nhà nước và các tổ chức, cá nhân trong nước và nước ngoài có hoạt động liên quan đến xuất khẩu khoáng sản làm vật liệu xây dựng tại Việt Nam.

Lưu ý: Thông tư 11/2026/TT-BXD có hiệu lực thi hành kể từ ngày 01 tháng 6 năm 2026.

* Trên đây là Thông tin về Toàn văn Thông tư 11 2026 TT BXD về quy định danh mục, quy cách và chỉ tiêu kỹ thuật khoáng sản làm vật liệu xây dựng được phép xuất khẩu thế nào?

Xem thêm:

TOÀN VĂN Thông tư 60/2025/TT-BXD sửa đổi các Thông tư về hoạt động xây dựng thế nào?

Điều kiện khởi công xây dựng công trình từ 1/7/2026 là gì?

Toàn văn Thông tư 11 2026 TT BXD về quy định danh mục, quy cách và chỉ tiêu kỹ thuật khoáng sản làm vật liệu xây dựng được phép xuất khẩu thế nào? (Hình từ Internet)

Căn cứ theo quy định tại Điều 10 Nghị định 09/2021/NĐ-CP, chất lượng sản phẩm, hàng hóa vật liệu xây dựng và cấu kiện xây dựng phải đáp ứng các yêu cầu dưới đây:

- Chất lượng sản phẩm, hàng hóa vật liệu xây dựng và cấu kiện xây dựng phải tuân thủ và phù hợp với các quy định của pháp luật về chất lượng sản phẩm, hàng hóa; pháp luật về tiêu chuẩn, quy chuẩn kỹ thuật.

- Sản phẩm, hàng hóa vật liệu xây dựng và cấu kiện xây dựng sản xuất trong nước đưa ra thị trường phải đạt tiêu chuẩn đã công bố. Những sản phẩm, hàng hóa vật liệu xây dựng chưa có tiêu chuẩn quốc gia thì nhà sản xuất phải có trách nhiệm xây dựng và công bố tiêu chuẩn cơ sở theo quy định của pháp luật về tiêu chuẩn, quy chuẩn kỹ thuật.

- Sản phẩm, hàng hóa vật liệu xây dựng và cấu kiện xây dựng nhập khẩu phải công bố tiêu chuẩn áp dụng. Đối với sản phẩm, hàng hóa vật liệu xây dựng và cấu kiện xây dựng nhập khẩu được quản lý bằng quy chuẩn kỹ thuật quốc gia thì phải tuân thủ quy chuẩn kỹ thuật quốc gia tương ứng.

Căn cứ Điều 11 Nghị định 09/2021/NĐ-CP quy định:

Như vậy, trách nhiệm quản lý nhà nước về vật liệu xây dựng như sau:

- Chính phủ thống nhất quản lý nhà nước về các hoạt động trong lĩnh vực vật liệu xây dựng trên phạm vi cả nước.

- Bộ Xây dựng chịu trách nhiệm trước Chính phủ thống nhất quản lý nhà nước về các hoạt động trong lĩnh vực vật liệu xây dựng.

- Các bộ, ngành khác theo chức năng nhiệm vụ được phân công, phối hợp với Bộ Xây dựng thực hiện quản lý nhà nước về các hoạt động trong lĩnh vực vật liệu xây dựng.

- Ủy ban nhân dân tỉnh, thành phố trực thuộc trung ương chịu trách nhiệm quản lý nhà nước đối với các hoạt động trong lĩnh vực vật liệu xây dựng trên địa bàn.

Trên đây là Thông tin về Toàn văn Thông tư 11 2026 TT BXD về quy định danh mục, quy cách và chỉ tiêu kỹ thuật khoáng sản làm vật liệu xây dựng được phép xuất khẩu thế nào?

Điều 11. Trách nhiệm quản lý nhà nước về vật liệu xây dựng

1. Chính phủ thống nhất quản lý nhà nước về các hoạt động trong lĩnh vực vật liệu xây dựng trên phạm vi cả nước.

2. Bộ Xây dựng chịu trách nhiệm trước Chính phủ thống nhất quản lý nhà nước về các hoạt động trong lĩnh vực vật liệu xây dựng.

3. Các bộ, ngành khác theo chức năng nhiệm vụ được phân công, phối hợp với Bộ Xây dựng thực hiện quản lý nhà nước về các hoạt động trong lĩnh vực vật liệu xây dựng.

4. Ủy ban nhân dân tỉnh, thành phố trực thuộc trung ương chịu trách nhiệm quản lý nhà nước đối với các hoạt động trong lĩnh vực vật liệu xây dựng trên địa bàn.","xay-dung-do-thi","","","","2026-04-16T00:00:00","https://thuvienphapluat.vn/hoi-dap-phap-luat/toan-van-thong-tu-112026ttbxd-ve-quy-dinh-danh-muc-quy-cach-va-chi-tieu-ky-thuat-khoang-san-lam-vat-138087564.html","2026-05-21T21:24:22.891726+00:00"
"138087423","Cập nhật Dự thảo Nghị định về quản lý chi phí đầu tư xây dựng lần 3 thế nào?","Cập nhật Dự thảo Nghị định về quản lý chi phí đầu tư xây dựng lần 3 thế nào?

Nội dung quản lý chi phí đầu tư xây dựng bao gồm những gì?

Nguyên tắc quản lý chi phí đầu tư xây dựng ra sao?

Ngày 15/4/2026, Bộ Tư pháp công bố hồ sơ thẩm định Dự thảo Nghị định về quản lý chi phí đầu tư xây dựng.

Xem chi tiết Dự thảo Nghị định về quản lý chi phí đầu tư xây dựng lần 3 TẢI VỀ

Dự thảo Nghị định này áp dụng đối với cơ quan, tổ chức, cá nhân có liên quan đến quản lý chi phí đầu tư xây dựng các dự án theo quy định tại điểm a, b và c khoản 1 Điều 17 Luật Xây dựng 2025, gồm: dự án đầu tư công; dự án đầu tư theo phương thức đối tác công tư (sau đây gọi tắt là dự án PPP); dự án sử dụng chi thường xuyên từ ngân sách nhà nước, vốn ngân sách nhà nước khác không thuộc phạm vi điều chỉnh của pháp luật về đầu tư công.

Các tổ chức, cá nhân có liên quan đến quản lý chi phí đầu tư xây dựng của các dự án ngoài quy định tại khoản 1 Điều này tham khảo các quy định tại Nghị định này để xác định và quản lý chi phí đầu tư xây dựng.

Trên đây là thông tin về Cập nhật Dự thảo Nghị định về quản lý chi phí đầu tư xây dựng lần 3 thế nào?

Cập nhật Dự thảo Nghị định về quản lý chi phí đầu tư xây dựng lần 3 thế nào? (Hình từ Internet)

Căn cứ theo Điều 74 Luật Xây dựng 2025 quy định về nội dung quản lý chi phí đầu tư xây dựng như sau:

[1]. Xác định, thẩm tra, thẩm định, phê duyệt, điều chỉnh sơ bộ tổng mức đầu tư xây dựng, tổng mức đầu tư xây dựng, dự toán xây dựng, giá gói thầu xây dựng, giá hợp đồng xây dựng; thanh toán và quyết toán hợp đồng xây dựng, thanh toán và quyết toán vốn đầu tư; chi phí quản lý dự án, chi phí tư vấn xây dựng và chi phí khác.

[2]. Xác định, sử dụng, quản lý định mức xây dựng, giá xây dựng, giá các yếu tố chi phí trực tiếp cấu thành giá công tác xây dựng, chỉ số giá xây dựng.

[3]. Quyền và trách nhiệm của cơ quan quản lý nhà nước, người quyết định đầu tư, chủ đầu tư, nhà thầu xây dựng trong quản lý chi phí đầu tư xây dựng.

[4]. Chính phủ quy định chi tiết về quản lý chi phí đầu tư xây dựng.

Căn cứ theo Điều 73 Luật Xây dựng 2025 quy định về nguyên tắc quản lý chi phí đầu tư xây dựng như sau:

[1]. Việc quản lý chi phí đầu tư xây dựng đối với dự án đầu tư công, dự án PPP phải bảo đảm các nguyên tắc sau đây:

- Bảo đảm mục tiêu đầu tư, hiệu quả dự án, phù hợp với trình tự đầu tư xây dựng, hình thức đầu tư, việc phân chia dự án thành phần, phân kỳ đầu tư (nếu có).

Chi phí đầu tư xây dựng được xác định tương ứng với từng loại thiết kế phù hợp với từng giai đoạn của dự án, điều kiện xây dựng và mặt bằng giá thị trường, theo từng dự án, công trình, gói thầu xây dựng; chi tiết, cụ thể hơn theo từng bước thiết kế tương ứng với từng giai đoạn của dự án;

- Chủ đầu tư chịu trách nhiệm quản lý chi phí đầu tư xây dựng từ giai đoạn chuẩn bị dự án đến giai đoạn kết thúc xây dựng trong phạm vi tổng mức đầu tư xây dựng của dự án được phê duyệt;

- Việc thanh tra, kiểm tra, kiểm toán chi phí đầu tư xây dựng thực hiện trên cơ sở điều kiện, cách thức xác định chi phí đầu tư xây dựng đã được người quyết định đầu tư, chủ đầu tư quyết định, chấp thuận theo quy định của pháp luật về quản lý chi phí đầu tư xây dựng tương ứng với từng giai đoạn, thời điểm thực hiện dự án.

[2]. Quản lý chi phí đầu tư xây dựng đối với dự án, ngoài quy định tại khoản 1 Điều 73 Luật Xây dựng 2025 do người quyết định đầu tư, chủ đầu tư quyết định hoặc thực hiện theo quy định về quản lý chi phí đầu tư xây dựng của Luật Xây dựng 2025.","xay-dung-do-thi","","","","2026-04-15T00:00:00","https://thuvienphapluat.vn/hoi-dap-phap-luat/cap-nhat-du-thao-nghi-dinh-ve-quan-ly-chi-phi-dau-tu-xay-dung-lan-3-the-nao-138087423.html","2026-05-21T21:26:27.322760+00:00"
"138087121","TOÀN VĂN Thông tư 13/2026/TT-BKHCN quy định chi tiết xây dựng và áp dụng tiêu chuẩn thế nào?","TOÀN VĂN Thông tư 13/2026/TT-BKHCN quy định chi tiết xây dựng và áp dụng tiêu chuẩn thế nào?

Quy định về xây dựng, thẩm định, công bố TCVN theo trình tự, thủ tục rút gọn ra sao?

Nhà nước có chính sách gì trong lĩnh vực tiêu chuẩn, quy chuẩn kỹ thuật?

Ngày 9/4/2026, Bộ trưởng Bộ Khoa học và Công nghệ ban hành Thông tư 13/2026/TT-BKHCN quy định chi tiết xây dựng và áp dụng tiêu chuẩn.

Xem chi tiết TOÀN VĂN Thông tư 13 2026 TT BKHCN quy định chi tiết xây dựng và áp dụng tiêu chuẩn

TẢI VỀ

Thông tư 13/2026/TT-BKHCN quy định chi tiết lập, phê duyệt kế hoạch, xây dựng, thẩm định, công bố, xuất bản, phát hành tiêu chuẩn quốc gia (TCVN); áp dụng TCVN, tiêu chuẩn quốc tế, tiêu chuẩn khu vực và tiêu chuẩn nước ngoài; xây dựng, công bố tiêu chuẩn cơ sở (TCCS).

Trên đây là thông tin về TOÀN VĂN Thông tư 13 2026 TT BKHCN quy định chi tiết xây dựng và áp dụng tiêu chuẩn thế nào?

TOÀN VĂN Thông tư 13/2026/TT-BKHCN quy định chi tiết xây dựng và áp dụng tiêu chuẩn thế nào? (Hình từ Internet)

Căn cứ Điều 11 Thông tư 13/2026/TT-BKHCN quy định xây dựng, thẩm định, công bố TCVN theo trình tự, thủ tục rút gọn như sau:

- Căn cứ kế hoạch xây dựng TCVN đã được Bộ Khoa học và Công nghệ phê duyệt, bộ, cơ quan ngang bộ, cơ quan thuộc Chính phủ tổ chức soạn thảo TCVN theo quy định tương ứng tại Điều 8 và Điều 10 Thông tư này.

- Bộ, cơ quan ngang bộ, cơ quan thuộc Chính phủ hoặc đơn vị chủ trì soạn thảo, Ban kỹ thuật tiêu chuẩn quốc gia thông qua Viện Tiêu chuẩn Chất lượng Việt Nam gửi dự thảo TCVN lấy ý kiến của các cơ quan, tổ chức, cá nhân có liên quan; thông báo về việc lấy ý kiến trên Cổng thông tin điện tử của bộ, cơ quan ngang bộ, cơ quan thuộc Chính phủ, Cơ sở dữ liệu quốc gia về tiêu chuẩn, đo lường, chất lượng trong thời hạn không quá 10 ngày; lập hồ sơ dự thảo TCVN chuyển Bộ Khoa học và Công nghệ để tổ chức thẩm định.

- Ủy ban Tiêu chuẩn Đo lường Chất lượng Quốc gia thực hiện thẩm định hồ sơ dự thảo TCVN theo quy định tương ứng tại khoản 2 Điều 8 hoặc Điều 10 Thông tư này trong thời hạn 07 ngày làm việc kể từ ngày nhận được hồ sơ hợp lệ.

- Bộ, cơ quan ngang bộ, cơ quan thuộc Chính phủ hoặc đơn vị chủ trì soạn thảo, Ban kỹ thuật tiêu chuẩn quốc gia chủ trì xây dựng TCVN có trách nhiệm tiếp thu, xử lý ý kiến, hoàn thiện dự thảo TCVN và hồ sơ liên quan trên cơ sở kết quả thẩm định, gửi về Bộ Khoa học và Công nghệ thông qua Ủy ban Tiêu chuẩn Đo lường Chất lượng Quốc gia trong thời hạn 05 ngày làm việc kể từ ngày có thông báo kết quả thẩm định.

- Bộ trưởng Bộ Khoa học và Công nghệ công bố TCVN theo quy định tại khoản 3 Điều 8 Thông tư này trong thời hạn 07 ngày làm việc, kể từ ngày có ý kiến thẩm định tiêu chuẩn đã phù hợp hoặc hồ sơ hoàn thiện theo kết quả thẩm định đã hợp lệ và phù hợp.

Căn cứ theo Điều 7 Luật Tiêu chuẩn và quy chuẩn kỹ thuật 2006 được sửa đổi bởi khoản 2 Điều 1 Luật Tiêu chuẩn và quy chuẩn kỹ thuật sửa đổi 2025 có quy định chính sách của Nhà nước trong lĩnh vực tiêu chuẩn và lĩnh vực quy chuẩn kỹ thuật

- Ưu tiên bố trí ngân sách khoa học và công nghệ cho nghiên cứu xây dựng tiêu chuẩn quốc gia, quy chuẩn kỹ thuật. Bảo đảm kinh phí cho cơ quan, tổ chức của Nhà nước tham gia hoạt động nghiên cứu khoa học, phát triển công nghệ, chuyển giao, ứng dụng công nghệ cao, công nghệ mới, hoạt động đổi mới sáng tạo, chuyển đổi số trong lĩnh vực tiêu chuẩn và lĩnh vực quy chuẩn kỹ thuật.

- Đầu tư nguồn lực, cơ sở vật chất cho hoạt động trong lĩnh vực tiêu chuẩn và hoạt động trong lĩnh vực quy chuẩn kỹ thuật; phát triển tổ chức đánh giá sự phù hợp hiện đại, hội nhập quốc tế; đẩy mạnh chuyển đổi số trong xây dựng, áp dụng, phổ biến tiêu chuẩn, quy chuẩn kỹ thuật.

- Huy động, sử dụng hiệu quả nguồn lực đầu tư từ hiệp hội, hội, doanh nghiệp trong lĩnh vực tiêu chuẩn và lĩnh vực quy chuẩn kỹ thuật; phát triển dịch vụ tiêu chuẩn theo phương thức hợp tác công tư; khuyến khích tổ chức, cá nhân trong nước và nước ngoài, người Việt Nam định cư ở nước ngoài tham gia xây dựng, áp dụng tiêu chuẩn, quy chuẩn kỹ thuật tại Việt Nam.

- Đầu tư, nâng cấp cơ sở đào tạo, bồi dưỡng nghiệp vụ về tiêu chuẩn, quy chuẩn kỹ thuật; phát triển nguồn nhân lực chất lượng cao, đội ngũ chuyên gia đầu ngành có uy tín đạt trình độ quốc tế trong lĩnh vực tiêu chuẩn và lĩnh vực quy chuẩn kỹ thuật thông qua hoạt động đào tạo chính quy, đào tạo nghề và bồi dưỡng chuyên môn tại các cơ sở giáo dục, cơ sở giáo dục nghề nghiệp, tổ chức khoa học và công nghệ.

- Tập trung xây dựng và hoàn thiện hệ thống tiêu chuẩn quốc gia, quy chuẩn kỹ thuật đồng bộ, đầy đủ, thống nhất theo hướng mở rộng phạm vi áp dụng từ một số lĩnh vực trọng điểm sáng toàn bộ nền kinh tế; triển khai các cơ chế hỗ trợ doanh nghiệp nhỏ và vừa tiếp cận và áp dụng tiêu chuẩn hiệu quả.

- Tuyên truyền, nâng cao nhận thức, kiến thức, trách nhiệm của cơ quan, tổ chức, người dân về vai trò, ý nghĩa vị trí, tầm quan trọng của hoạt động trong lĩnh vực tiêu chuẩn và hoạt động trong lĩnh vực quy chuẩn kỹ thuật. Khuyến khích tổ chức, cá nhân tham gia phổ biến tiêu chuẩn dưới nhiều hình thức nhằm nâng cao nhận thức cộng đồng về vai trò của tiêu chuẩn, xây dựng văn hóa tiêu chuẩn trong xã hội; tổ chức Ngày Tiêu chuẩn Thế giới tại Việt Nam.

- Tôn vinh, khen thưởng cơ quan, tổ chức và cá nhân có đóng góp tích cực trong lĩnh vực tiêu chuẩn và lĩnh vực quy chuẩn kỹ thuật theo quy định của pháp luật.","xay-dung-do-thi","","","","2026-04-14T00:00:00","https://thuvienphapluat.vn/hoi-dap-phap-luat/toan-van-thong-tu-132026ttbkhcn-quy-dinh-chi-tiet-xay-dung-va-ap-dung-tieu-chuan-the-nao-138087121.html","2026-05-21T21:26:40.108601+00:00"
"138086912","Đã có dự thảo Nghị định hướng dẫn Luật Xây dựng về quản lý hoạt động xây dựng lần 3 thế nào?","Đã có dự thảo Nghị định hướng dẫn Luật Xây dựng về quản lý hoạt động xây dựng lần 3 thế nào?

Hoạt động xây dựng gồm những nội dung gì?

Chức danh trong hoạt động xây dựng nào phải có chứng chỉ hành nghề hoạt động xây dựng?

Bộ Xây dựng tổng hợp tiếp thu, giải trình ý kiến góp ý đối với dự thảo Nghị định quy định chi tiết một số điều của Luật Xây dựng về quản lý hoạt động xây dựng.

Xem toàn bộ dự thảo Nghị định hướng dẫn Luật Xây dựng về quản lý hoạt động xây dựng lần 3 dưới đây:

TẢI VỀ

Trên đây là thông tin: Đã có dự thảo Nghị định hướng dẫn Luật Xây dựng về quản lý hoạt động xây dựng lần 3 thế nào?

Đã có dự thảo Nghị định hướng dẫn Luật Xây dựng về quản lý hoạt động xây dựng lần 3 thế nào? (Hình từ Internet)

Căn cứ tại khoản 1 Điều 3 Luật Xây dựng 2025 quy định về khái niệm hoạt động xây dựng như sau:

Như vậy, hoạt động xây dựng gồm những nội dung sau đây:

- Lập, thẩm tra, thẩm định, phê duyệt dự án đầu tư xây dựng, thiết kế xây dựng;

- Khảo sát xây dựng; quản lý cấp phép xây dựng; thi công xây dựng, giám sát thi công xây dựng công trình;

- Quản lý dự án đầu tư xây dựng;

- Quản lý năng lực hoạt động xây dựng;

- Quản lý chi phí đầu tư xây dựng;

- Quản lý hợp đồng xây dựng;

- Nghiệm thu, bàn giao, đưa công trình vào khai thác, sử dụng;

- Quyết toán vốn đầu tư;

- Bảo hành, bảo trì công trình xây dựng và các hoạt động khác có liên quan đến công trình xây dựng.

Căn cứ tại khoản 1 Điều 88 Luật Xây dựng 2025 quy định như sau:

Như vậy, chức danh trong hoạt động xây dựng phải có chứng chỉ hành nghề hoạt động xây dựng bao gồm:

- Chủ nhiệm, chủ trì lập thiết kế quy hoạch đô thị và nông thôn;

- Chủ nhiệm khảo sát xây dựng;

- Chủ nhiệm, chủ trì thiết kế, thẩm tra thiết kế xây dựng; giám sát thi công xây dựng;

- Chủ trì xác định, thẩm tra và quản lý chi phí đầu tư xây dựng.

Lưu ý: Luật Xây dựng 2025 có hiệu lực thi hành từ ngày 01/07/2026

Điều 3. Giải thích từ ngữ

Trong Luật này, các từ ngữ dưới đây được hiểu như sau:

1. Hoạt động xây dựng gồm lập, thẩm tra, thẩm định, phê duyệt dự án đầu tư xây dựng, thiết kế xây dựng; khảo sát xây dựng; quản lý cấp phép xây dựng; thi công xây dựng, giám sát thi công xây dựng công trình; quản lý dự án đầu tư xây dựng; quản lý năng lực hoạt động xây dựng; quản lý chi phí đầu tư xây dựng; quản lý hợp đồng xây dựng; nghiệm thu, bàn giao, đưa công trình vào khai thác, sử dụng; quyết toán vốn đầu tư; bảo hành, bảo trì công trình xây dựng và các hoạt động khác có liên quan đến công trình xây dựng.

[...]

Điều 88. Năng lực của tổ chức, cá nhân hoạt động xây dựng

1. Cá nhân đảm nhận chức danh trong hoạt động xây dựng phải có chứng chỉ hành nghề hoạt động xây dựng tương ứng theo quy định của Luật này bao gồm chủ nhiệm, chủ trì lập thiết kế quy hoạch đô thị và nông thôn; chủ nhiệm khảo sát xây dựng; chủ nhiệm, chủ trì thiết kế, thẩm tra thiết kế xây dựng; giám sát thi công xây dựng; chủ trì xác định, thẩm tra và quản lý chi phí đầu tư xây dựng. Chứng chỉ hành nghề được phân thành hạng I, hạng II và hạng III.

2. Cá nhân đảm nhận chức danh chỉ huy trưởng công trường, chủ trì kiểm định xây dựng, giám đốc quản lý dự án đầu tư xây dựng phải đáp ứng điều kiện năng lực, kinh nghiệm nghề nghiệp.

3. Nhà thầu là tổ chức, cá nhân nước ngoài hoạt động xây dựng tại Việt Nam phải tuân thủ quy định của pháp luật Việt Nam và được cơ quan quản lý nhà nước về xây dựng cấp giấy phép hoạt động.

4. Tổ chức, cá nhân hành nghề kiến trúc thực hiện theo quy định của pháp luật về kiến trúc.

5. Chủ đầu tư chịu trách nhiệm về việc lựa chọn tổ chức, cá nhân tham gia hoạt động xây dựng do mình lựa chọn.

6. Tổ chức tham gia hoạt động xây dựng tự công khai thông tin về năng lực hoạt động xây dựng trên trang thông tin điện tử của Bộ Xây dựng. Thông tin về năng lực của tổ chức công khai là cơ sở để các chủ đầu tư tham khảo khi lựa chọn nhà thầu.

7. Chính phủ quy định chi tiết về điều kiện năng lực, kinh nghiệm của cá nhân tham gia hoạt động xây dựng; quy định về thẩm quyền, trình tự, thủ tục cấp, thu hồi chứng chỉ hành nghề hoạt động xây dựng; quy định về điều kiện, thẩm quyền, trình tự, thủ tục cấp, thu hồi giấy phép hoạt động xây dựng đối với nhà thầu là tổ chức, cá nhân nước ngoài; nội dung công khai thông tin năng lực hoạt động xây dựng của tổ chức; đăng tải kinh nghiệm hành nghề hoạt động xây dựng của cá nhân trên Hệ thống thông tin, Cơ sở dữ liệu quốc gia về hoạt động xây dựng.","xay-dung-do-thi","","","","2026-04-11T00:00:00","https://thuvienphapluat.vn/hoi-dap-phap-luat/da-co-du-thao-nghi-dinh-huong-dan-luat-xay-dung-ve-quan-ly-hoat-dong-xay-dung-lan-3-the-nao-138086912.html","2026-05-21T21:27:08.947259+00:00"
"138082724","Ngày Kiến trúc Việt Nam 2026 là ngày nào? Kiến trúc sư có chứng chỉ hành nghề kiến trúc có những quyền gì?","Ngày Kiến trúc Việt Nam 2026 là ngày nào?

Kiến trúc sư có chứng chỉ hành nghề kiến trúc có những quyền nào?

Khi có sai sót chuyên môn kỹ thuật trong hành nghề kiến trúc sẽ bị thu hồi chứng chỉ hành nghề kiến trúc đúng không?

Căn cứ theo Điều 7 Luật Kiến trúc 2019 quy định về ngày Kiến trúc Việt Nam như sau:

Đồng thời, căn cứ theo Điều 1 Quyết định 2008/QĐ-TTg năm 2010 quy định về ngày Kiến trúc Việt Nam như sau:

Như vậy, ngày Kiến trúc Việt Nam 2026 là ngày 27/4/2026.

Trên đây là Thông tin về Ngày Kiến trúc Việt Nam 2026 là ngày nào?

Ngày Kiến trúc Việt Nam 2026 là ngày nào? (Hình từ Internet)

Căn cứ theo Điều 32 Luật Kiến trúc 2019 quy định kiến trúc sư có chứng chỉ hành nghề kiến trúc có những quyền sau:

- Thực hiện dịch vụ kiến trúc;

- Được bảo hộ quyền sở hữu trí tuệ theo quy định của pháp luật về sở hữu trí tuệ;

- Yêu cầu chủ đầu tư cung cấp thông tin, tài liệu liên quan đến nhiệm vụ thiết kế kiến trúc được giao;

- Yêu cầu chủ đầu tư, nhà thầu thi công xây dựng thực hiện đúng thiết kế kiến trúc được duyệt;

- Từ chối thực hiện yêu cầu trái pháp luật của chủ đầu tư;

- Từ chối nghiệm thu công trình, hạng mục công trình không đúng thiết kế kiến trúc được duyệt, không đúng tiêu chuẩn, quy chuẩn kỹ thuật;

- Yêu cầu chủ đầu tư thực hiện đúng hợp đồng.

Căn cứ theo Điều 30 Luật Kiến trúc 2019 quy định về thu hồi, cấp lại chứng chỉ hành nghề kiến trúc như sau:

Như vậy, khi có sai sót chuyên môn kỹ thuật trong hành nghề kiến trúc mà gây hậu quả nghiêm trọng theo kết luận của cơ quan nhà nước có thẩm quyền thì mới bị thu hồi chứng chỉ hành nghề kiến trúc.

Trên đây là Thông tin về Ngày Kiến trúc Việt Nam 2026 là ngày nào?

Điều 7. Ngày Kiến trúc Việt Nam

Ngày 27 tháng 4 hằng năm là ngày Kiến trúc Việt Nam.

Điều 1. Hàng năm lấy ngày 27 tháng 4 là “Ngày Kiến trúc Việt Nam” và tổ chức lần đầu tiên vào ngày 27 tháng 4 năm 2011.

Việc tổ chức ngày Kiến trúc Việt Nam hàng năm phải bảo đảm thiết thực, tiết kiệm, hiệu quả nhằm động viên và thu hút sự quan tâm của giới kiến trúc sư, các tầng lớp nhân dân, các nhà quản lý về kiến trúc – quy hoạch, các nhà đầu tư, các tổ chức xã hội – nghề nghiệp đoàn kết, sáng tạo, tích cực tham gia xây dựng và phát triển nền kiến trúc Việt Nam tiên tiến, đậm đà bản sắc dân tộc; có hình thức khen thưởng, biểu dương, khuyến khích các tài năng kiến trúc cống hiến cho Tổ quốc.

Điều 30. Thu hồi, cấp lại chứng chỉ hành nghề kiến trúc

1. Chứng chỉ hành nghề kiến trúc bị thu hồi trong trường hợp sau đây:

a) Không còn đủ điều kiện cấp, gia hạn chứng chỉ hành nghề kiến trúc quy định tại Điều 28 của Luật này;

b) Giả mạo trong hồ sơ đề nghị cấp, cấp lại, gia hạn chứng chỉ hành nghề kiến trúc;

c) Vi phạm nghiêm trọng Quy tắc ứng xử nghề nghiệp của kiến trúc sư hành nghề;

d) Có sai sót chuyên môn kỹ thuật trong hành nghề kiến trúc gây hậu quả nghiêm trọng theo kết luận của cơ quan nhà nước có thẩm quyền;

đ) Bị cấm hành nghề hoặc cấm làm công việc liên quan về kiến trúc theo bản án, quyết định có hiệu lực pháp luật của Tòa án.

2. Chứng chỉ hành nghề kiến trúc được cấp lại trong trường hợp sau đây:

a) Chứng chỉ hành nghề kiến trúc bị mất hoặc hư hỏng;

b) Thay đổi thông tin cá nhân được ghi trong chứng chỉ hành nghề kiến trúc.

3. Trường hợp bị thu hồi, chứng chỉ hành nghề kiến trúc chỉ được cấp lại sau 12 tháng kể từ ngày bị thu hồi đối với trường hợp quy định tại điểm c và điểm d khoản 1 Điều này hoặc sau 12 tháng kể từ ngày hết thời gian bị cấm hành nghề hoặc cấm làm công việc liên quan về kiến trúc đối với trường hợp quy định tại điểm đ khoản 1 Điều này khi bảo đảm các điều kiện quy định tại khoản 1 Điều 28 của Luật này.

4. Chính phủ quy định chi tiết hồ sơ, trình tự, thủ tục thu hồi, cấp lại chứng chỉ hành nghề kiến trúc.","xay-dung-do-thi","","","","2026-04-11T00:00:00","https://thuvienphapluat.vn/hoi-dap-phap-luat/ngay-kien-truc-viet-nam-2026-la-ngay-nao-kien-truc-su-co-chung-chi-hanh-nghe-kien-truc-co-nhung-quy-138082724.html","2026-05-21T21:27:46.647572+00:00"
"138085994","Cục Hàng hải và Đường thủy Việt Nam phản hồi hồ sơ công bố mở cảng cạn của chủ đầu tư chưa hợp lệ sau bao lâu?","Cục Hàng hải và Đường thủy Việt Nam phản hồi hồ sơ công bố mở cảng cạn của chủ đầu tư chưa hợp lệ sau bao lâu?

Giám sát thực hiện quy hoạch cảng cạn như thế nào?

Nội dung quản lý nhà nước về cảng cạn gồm những gì?

Căn cứ theo khoản 3 Điều 13 Nghị định 106/2026/NĐ-CP quy định về công bố mở cảng cạn như sau:

Như vậy, kể từ ngày nhận hồ sơ công bố mở cảng cạn của chủ đầu tư, trường hợp hồ sơ chưa hợp lệ thì chậm nhất 02 ngày làm việc, Cục Hàng hải và Đường thủy Việt Nam có văn bản gửi chủ đầu tư qua hệ thống bưu chính hoặc trực tuyến trên Cổng Dịch vụ công quốc gia, nêu rõ lý do và yêu cầu bổ sung, hoàn thiện hồ sơ, nộp bản sao hoặc bản sao điện tử các giấy tờ hợp pháp theo quy định.

Cục Hàng hải và Đường thủy Việt Nam phản hồi hồ sơ công bố mở cảng cạn của chủ đầu tư chưa hợp lệ sau bao lâu? (Hình từ Internet)

Tại Điều 12 Nghị định 106/2026/NĐ-CP quy định việc giám sát thực hiện quy hoạch cảng cạn như sau:

- Trước khi chấp thuận chủ trương đầu tư hoặc cấp giấy chứng nhận đăng ký đầu tư dự án đầu tư xây dựng cảng cạn theo quy định của pháp luật về đầu tư, cơ quan có thẩm quyền có văn bản gửi trực tiếp hoặc qua hệ thống bưu chính hoặc hệ thống quản lý văn bản điện tử đến Cục Hàng hải và Đường thủy Việt Nam đề nghị có ý kiến về sự phù hợp quy hoạch phát triển hệ thống cảng cạn. Nội dung văn bản nêu rõ về vị trí, quy mô, chức năng, diện tích, công suất cảng cạn.

- Trong thời gian 03 ngày làm việc, Cục Hàng hải và Đường thủy Việt Nam có văn bản trả lời cơ quan có thẩm quyền và gửi trực tiếp hoặc qua hệ thống bưu chính hoặc qua hệ thống quản lý văn bản điện tử.

Theo Điều 4 Nghị định 106/2026/NĐ-CP quy định nội dung quản lý nhà nước về cảng cạn gồm:

- Xây dựng, ban hành, tổ chức thực hiện các văn bản quy phạm pháp luật về cảng cạn; tiêu chuẩn, quy chuẩn kỹ thuật quốc gia, định mức kinh tế - kỹ thuật liên quan đến cảng cạn.

- Xây dựng, phê duyệt và tổ chức triển khai thực hiện quy hoạch phát triển hệ thống cảng cạn.

- Ký kết, gia nhập và tổ chức thực hiện các điều ước quốc tế liên quan đến cảng cạn theo quy định của pháp luật.

- Công bố mở, đóng cảng cạn.

- Tổ chức quản lý đầu tư xây dựng và khai thác kết cấu hạ tầng cảng cạn.

- Tổ chức quản lý nhà nước chuyên ngành đối với hoạt động của người, phương tiện và hàng hóa tại cảng cạn (kiểm tra hàng hóa, làm thủ tục hải quan, kiểm dịch, phòng ngừa ô nhiễm môi trường, đảm bảo an ninh trật tự, an toàn phòng chống cháy nổ).

- Quản lý về giá, phí và lệ phí đối với hoạt động khai thác cảng cạn.

- Tổ chức thống kê các thông số, dữ liệu liên quan về cảng cạn.

- Thanh tra, kiểm tra, giải quyết khiếu nại, tố cáo, xử lý vi phạm theo quy định của pháp luật.

Điều 13. Công bố mở cảng cạn

Cảng cạn hoàn thành đầu tư, xây dựng hoặc địa điểm làm thủ tục hải quan đáp ứng tiêu chí xác định cảng cạn quy định tại Điều 6 Nghị định này, thủ tục công bố mở cảng cạn thực hiện như sau:

[...]

3. Cục Hàng hải và Đường thủy Việt Nam tiếp nhận hồ sơ. Trường hợp hồ sơ chưa hợp lệ hoặc cơ quan giải quyết thủ tục hành chính không khai thác được thông tin hoặc thông tin khai thác được trên Cơ sở dữ liệu quốc gia không đầy đủ, không chính xác, chậm nhất 02 ngày làm việc kể từ ngày nhận hồ sơ Cục Hàng hải và Đường thủy Việt Nam có văn bản gửi chủ đầu tư qua hệ thống bưu chính hoặc trực tuyến trên Cổng Dịch vụ công quốc gia, nêu rõ lý do và yêu cầu bổ sung, hoàn thiện hồ sơ, nộp bản sao hoặc bản sao điện tử các giấy tờ hợp pháp theo quy định.

Trường hợp hồ sơ hợp lệ, chậm nhất 04 ngày làm việc kể từ khi nhận đủ hồ sơ, Cục Hàng hải và Đường thủy Việt Nam thẩm định và có văn bản đề nghị Bộ Xây dựng công bố mở cảng cạn theo quy định.

[...]","xay-dung-do-thi","","","","2026-04-10T00:00:00","https://thuvienphapluat.vn/hoi-dap-phap-luat/cuc-hang-hai-va-duong-thuy-viet-nam-phan-hoi-ho-so-cong-bo-mo-cang-can-cua-chu-dau-tu-chua-hop-le-s-138085994.html","2026-05-21T21:28:07.452490+00:00"
"138086347","Mẫu báo cáo giám sát thi công xây dựng công trình mới nhất 2026 là mẫu nào?","Hiện nay mẫu báo cáo giám sát thi công xây dựng công trình mới nhất 2026 được quy định tại Phụ lục IV ban hành kèm theo  Nghị định 06/2021/NĐ-CP , bao gồm:

- Báo cáo định kỳ về công tác giám sát thi công xây dựng công trình.  Tải về

- Báo cáo hoàn thành công tác giám sát thi công xây dựng gói thầu, giai đoạn, hạng mục công trình, công trình xây dựng.   Tải về

Vừa rồi là thông tin về câu hỏi: ""Mẫu báo cáo giám sát thi công xây dựng công trình mới nhất 2026 là mẫu nào?""

Mẫu báo cáo giám sát thi công xây dựng công trình mới nhất 2026 là mẫu nào? (Hình từ Internet)

Tại khoản 1 Điều 19  Nghị định 06/2021/NĐ-CP  quy định nội dung thực hiện giám sát thi công xây dựng công trình gồm:

- Kiểm tra sự phù hợp năng lực của nhà thầu thi công xây dựng công trình so với hồ sơ dự thầu và hợp đồng xây dựng, bao gồm: nhân lực, thiết bị thi công, phòng thí nghiệm chuyên ngành xây dựng, hệ thống quản lý chất lượng của nhà thầu thi công xây dựng công trình;

- Kiểm tra biện pháp thi công xây dựng của nhà thầu so với thiết kế biện pháp thi công đã được phê duyệt. Chấp thuận kế hoạch tổng hợp về an toàn, các biện pháp đảm bảo an toàn chi tiết đối với những công việc đặc thù, có nguy cơ mất an toàn lao động cao trong thi công xây dựng công trình;

- Xem xét và chấp thuận các nội dung quy định tại khoản 3 Điều 13  Nghị định 06/2021/NĐ-CP  do nhà thầu trình và yêu cầu nhà thầu thi công chỉnh sửa các nội dung này trong quá trình thi công xây dựng công trình cho phù hợp với thực tế và quy định của hợp đồng. Trường hợp cần thiết, chủ đầu tư thỏa thuận trong hợp đồng xây dựng với các nhà thầu về việc giao nhà thầu giám sát thi công xây dựng lập và yêu cầu nhà thầu thi công xây dựng thực hiện đối với các nội dung nêu trên;

- Kiểm tra và chấp thuận vật liệu, cấu kiện, sản phẩm xây dựng, thiết bị lắp đặt vào công trình;

- Kiểm tra, đôn đốc nhà thầu thi công xây dựng công trình và các nhà thầu khác thực hiện công việc xây dựng tại hiện trường theo yêu cầu của thiết kế xây dựng và tiến độ thi công của công trình;

- Giám sát việc thực hiện các quy định về quản lý an toàn trong thi công xây dựng công trình; giám sát các biện pháp đảm bảo an toàn đối với công trình lân cận, công tác quan trắc công trình;

- Đề nghị chủ đầu tư tổ chức điều chỉnh thiết kế khi phát hiện sai sót, bất hợp lý về thiết kế;

- Yêu cầu nhà thầu tạm dừng thi công khi xét thấy chất lượng thi công xây dựng không đảm bảo yêu cầu kỹ thuật, biện pháp thi công không đảm bảo an toàn, vi phạm các quy định về quản lý an toàn lao động làm xảy ra hoặc có nguy cơ xảy ra tai nạn lao động, sự cố gây mất an toàn lao động; chủ trì, phối hợp với các bên liên quan giải quyết những vướng mắc, phát sinh trong quá trình thi công xây dựng công trình và phối hợp xử lý, khắc phục sự cố theo quy định của Nghị định này;

- Kiểm tra, đánh giá kết quả thí nghiệm kiểm tra vật liệu, cấu kiện, sản phẩm xây dựng trong quá trình thi công xây dựng và các tài liệu khác có liên quan phục vụ nghiệm thu; kiểm tra và xác nhận bản vẽ hoàn công;

- Tổ chức thí nghiệm đối chứng, kiểm định chất lượng bộ phận công trình, hạng mục công trình, công trình xây dựng theo quy định tại Điều 5  Nghị định 06/2021/NĐ-CP  (nếu có);

- Thực hiện các công tác nghiệm thu theo quy định tại các Điều 21, 22, 23  Nghị định 06/2021/NĐ-CP ; kiểm tra và xác nhận khối lượng thi công xây dựng hoàn thành;

- Thực hiện các nội dung khác theo quy định của hợp đồng xây dựng.

Theo Điều 20  Nghị định 06/2021/NĐ-CP  có quy định như sau:

Điều 20. Giám sát tác giả của nhà thầu thiết kế trong thi công xây dựng công trình

1. Nhà thầu lập thiết kế xây dựng công trình có trách nhiệm thực hiện giám sát tác giả theo yêu cầu của chủ đầu tư và quy định trong hợp đồng xây dựng.

2. Nội dung thực hiện giám sát tác giả:

a) Giải thích và làm rõ các tài liệu thiết kế công trình khi có yêu cầu của chủ đầu tư, nhà thầu thi công xây dựng và nhà thầu giám sát thi công xây dựng công trình;

[...]

Theo đó, giám sát tác giả của nhà thầu thiết kế trong thi công xây dựng công trình do nhà thầu lập thiết kế xây dựng công trình thực hiện theo yêu cầu của chủ đầu tư và quy định trong hợp đồng xây dựng.","xay-dung-do-thi","","","","2026-04-08T16:35:00","https://thuvienphapluat.vn/hoi-dap-phap-luat/mau-bao-cao-giam-sat-thi-cong-xay-dung-cong-trinh-moi-nhat-2026-la-mau-nao-138086347.html","2026-04-21T03:34:12.679042+00:00"
"138086523","Đã có Thông tư 03/2026/TT-NHNN Quy định định mức khoán chi trong công tác xây dựng VBQPPL ra sao?","Ngày 31/3/2026, Thống đốc Ngân hàng Nhà nước Việt Nam ban hành Thông tư 03/2026/TT-NHNN quy định định mức khoản chi trong công tác xây dựng Thông tư của Thống đốc Ngân hàng Nhà nước Việt Nam và Thông tư liên tịch do Ngân hàng Nhà nước Việt Nam chủ trì xây dựng và việc lập dự toán, quản lý, sử dụng, thanh toán, quyết toán chi phí cho công tác xây dựng văn bản quy phạm pháp luật tại Ngân hàng Nhà nước Việt Nam.

Xem toàn bộ Thông tư 03 2026 TT NHNN quy định định mức khoản chi trong công tác xây dựng VBQPPL dưới đây:

Tải về

Trên đây là thông tin: Đã có Thông tư 03 2026 TT NHNN Quy định định mức khoán chi trong công tác xây dựng VBQPPL ra sao?

Đã có Thông tư 03/2026/TT-NHNN Quy định định mức khoán chi trong công tác xây dựng VBQPPL ra sao? (Hình từ Internet)

Căn cứ tại khoản 2 Điều 4 Thông tư 03/2026/TT-NHNN quy định về quy trình quản lý chi phí xây dựng văn bản quy phạm pháp luật tại Ngân hàng Nhà nước như sau:

- Trên cơ sở chương trình, kế hoạch xây dựng văn bản quy phạm pháp luật của Ngân hàng Nhà nước đã được Thống đốc phê duyệt; văn bản phê duyệt của cấp có thẩm quyền về việc giao thực hiện nhiệm vụ xây dựng văn bản quy phạm pháp luật; định mức chi cho công tác xây dựng văn bản quy phạm pháp luật quy định tại Phụ lục I ban hành kèm theo  Nghị định 289/2025/NĐ-CP  hướng dẫn thi hành  Nghị quyết 197/2025/QH15  về một số cơ chế, chính sách đặc biệt tạo đột phá trong xây dựng và tổ chức thi hành pháp luật và  Thông tư 03/2026/TT-NHNN , Văn phòng (phối hợp với các đơn vị được giao chủ trì soạn thảo văn bản quy phạm pháp luật), Cục Công nghệ thông tin, Cục Phát hành và Kho quỹ lập kế hoạch chi phí cho từng văn bản quy phạm pháp luật, tổng hợp vào kế hoạch chi phí hằng năm của đơn vị, gửi Vụ Tài chính-Kế toán trước ngày 31/10 năm trước;

- Căn cứ đề xuất của các đơn vị, Vụ Tài chính-Kế toán rà soát, thẩm định kế hoạch chi phí xây dựng văn bản quy phạm pháp luật, trình Thống đốc đề nghị Bộ Tài chính giao khoán chi phí; đồng thời, trình Thống đốc giao chi phí theo danh mục văn bản quy phạm pháp luật cho Văn phòng, Cục Công nghệ thông tin, Cục Phát hành và Kho quỹ để các đơn vị thực hiện;

- Trường hợp điều chỉnh kế hoạch xây dựng văn bản quy phạm pháp luật so với kế hoạch đã được phê duyệt dẫn đến thay đổi nhu cầu chi phí, căn cứ văn bản của cấp có thẩm quyền về việc phê duyệt điều chỉnh kế hoạch xây dựng văn bản quy phạm pháp luật, trong đó bổ sung hoặc rút nhiệm vụ ra khỏi kế hoạch, đơn vị được giao chủ trì soạn thảo văn bản quy phạm pháp luật đề xuất điều chỉnh kế hoạch chi phí tương ứng, trong đó:

+ Các đơn vị chi tiêu qua Văn phòng đề xuất điều chỉnh kế hoạch chi phíxây dựng văn bản quy phạm pháp luật gửi Văn phòng. Văn phòng tổng hợp, đề xuất điều chỉnh kế hoạch chi phí xây dựng văn bản quy phạm pháp luật của Văn phòng, gửi Vụ Tài chính-Kế toán thẩm định, trình Thống đốc phê duyệt trước khi thực hiện thanh toán, quyết toán;

+ Cục Công nghệ thông tin, Cục Phát hành và Kho quỹ đề xuất điều chỉnh kế hoạch chi phí xây dựng văn bản quy phạm pháp luật của đơn vị, gửi Vụ Tài chính - Kế toán thẩm định, trình Thống đốc phê duyệt trước khi thực hiện thanh toán, quyết toán.

Căn cứ theo Điều 14  Luật Ngân hàng Nhà nước Việt Nam 2010  quy định về dự trữ bắt buộc như sau:

Điều 14. Dự trữ bắt buộc

1. Dự trữ bắt buộc là số tiền mà tổ chức tín dụng phải gửi tại Ngân hàng Nhà nước để thực hiện chính sách tiền tệ quốc gia.

2. Ngân hàng Nhà nước quy định tỷ lệ dự trữ bắt buộc đối với từng loại hình tổ chức tín dụng và từng loại tiền gửi tại tổ chức tín dụng nhằm thực hiện chính sách tiền tệ quốc gia.

3. Ngân hàng Nhà nước quy định việc trả lãi đối với tiền gửi dự trữ bắt buộc, tiền gửi vượt dự trữ bắt buộc của từng loại hình tổ chức tín dụng đối với từng loại tiền gửi.

Như vậy, để thực hiện chính sách tiền tệ quốc gia, Ngân hàng Nhà nước có quyền quyết định tỷ lệ dự trữ bắt buộc đối với từng loại hình tổ chức tín dụng.","xay-dung-do-thi","","","","2026-04-08T09:01:00","https://thuvienphapluat.vn/hoi-dap-phap-luat/da-co-thong-tu-032026ttnhnn-quy-dinh-dinh-muc-khoan-chi-trong-cong-tac-xay-dung-vbqppl-ra-sao-138086523.html","2026-04-21T03:34:16.903974+00:00"
"138086262","Công văn 5026/BXD-KTQLXD về tác động của biến động giá xăng dầu tới tình hình đầu tư xây dựng thế nào?","Ngày 3/4/2026, Bộ Xây dựng đã có Công văn 5026/BXD-KTQLXD về tác động của biển động giá xăng, dầu tới tình hình đầu tư xây dựng.

Xem chi tiết Công văn 5026 BXD KTQLXD về tác động của biến động giá xăng dầu tới tình hình đầu tư xây dựng

Tải về

I. Về thực trạng

[1]. Biến động giá xăng dầu và một số vật liệu xây dựng chủ yếu trong nước

Sau giai đoạn duy trì ổn định năm 2025 và 02 tháng đầu năm 2026, giá nhiên liệu đã xảy ra hiện tượng ""nhảy vọt"" trong tháng 3, đặc biệt là mặt hàng dầu Diesel. Tính đến hết ngày 31/3/2026, giá xăng E5 A92 tăng 4.703 đồng/lít và dầu Diesel 0,055 tăng 17.117 đồng/lít so với trung bình tháng 02/2026. Giá xăng E5 A92 và dầu Diesel 0,05S trung bình tháng 03/2026 tăng so với giá bình quân tháng 02/2026 là 26,2% và 57,4%.

Đây là mức tăng giá không theo quy luật thông thường của mức biến động giá nhiên liệu trong những giai đoạn trước đây. Theo số liệu thống kê, giá nhiên liệu chỉ tăng bình quân từ 4÷8% trong 2 năm vừa qua.

Cùng với một số nguyên nhân khác, việc giá xăng dầu tăng cũng kéo theo sự tăng giá của một số loại vật liệu xây dựng. Tính đến ngày 31/3/2026, sự tăng giá của nhiên liệu đã tạo áp lực dây chuyền lên giá thành sản xuất và chi phí vận chuyển của hầu hết các loại vật liệu xây dựng so với tháng 02/2026, cụ thể: Xi măng tăng khoảng 7,2%; thép tăng 2,2%; gạch lát khoảng 4,8%; các vật liệu cát, đá, gạch xây tăng khoảng 13,5÷23,3%; riêng giá nhựa đường tăng đột biến khoảng 31,77%; giá vật liệu xây dựng có xu hướng tiếp tục tăng giá trong thời gian tới (chi tiết bảng giá một số loại vật liệu chủ yếu tại Phụ lục kèm theo).

[2]. Tác động tăng giá xăng dầu tới chi phí đầu tư xây dựng

Việc tăng giá nhiên liệu xăng dầu và vật liệu xây dựng đã ảnh hưởng trực tiếp tới chi phí đầu tư xây dựng các công trình, đặc biệt là các công trình giao thông trọng điểm. Theo ước tính, với mức biến động giá vật liệu xây dựng và giá nhiên liệu (xăng, dầu) như trên, dự toán xây dựng các công trình ước tăng từ 1,91÷8,09% tùy từng loại công trình xây dựng so với tháng 02/2026. Trong đó, dự toán xây dựng tăng nhiều nhất đối với loại công trình giao thông (8,09%); tiếp đến là công trình nông nghiệp và phát triển nông thôn với 4,55%; công trình hạ tầng kỹ thuật, công trình dân dụng và công trình công nghiệp là 03 loại hình công trình xây dựng tăng ít nhất (lần lượt là 2,52%; 2,02%; 1,91%).

[...]

Trên đây là thông tin về Công văn 5026 BXD KTQLXD về tác động của biến động giá xăng dầu tới tình hình đầu tư xây dựng thế nào?

XEM THÊM GIÁ VÀNG 7/4/2026:

>>>  CHÍNH THỨC giá vàng hôm nay 7/4/2026 bao nhiêu tiền 1 chỉ?

>>>  MỚI NHẤT bảng giá vàng hôm nay 7/4/2026 sau khi điều chỉnh bao nhiêu tiền 1 chỉ?

>>>  Cập nhật giá vàng sáng nay ngày 7/4 bao nhiêu tiền một chỉ?

>>>  Bảng giá vàng SJC 7/4/2026 bao nhiêu 1 lượng?

>>>  Giá vàng toàn quốc hôm nay 7/4/2026 bao nhiêu tiền một lượng?

***

CẬP NHẬT GIÁ VÀNG:

>>>  Giá vàng SJC 9999 hôm nay 7/4/2026 bao nhiêu tiền 1 chỉ tại cửa hàng?

>>>  Giá vàng miếng, vàng nhẫn, vàng 9999 ngày 7/4/2026 bao nhiêu tiền?

>>>  Giá vàng SJC ngày 7/4/2026 vàng 9999 hôm nay bao nhiêu tiền 1 chỉ?

>>>  Cập nhật giá vàng hôm nay 7/4 ra sao? Bao nhiêu tiền 1 lượng?

>>>  Bảng giá vàng ngày 7/4/2026 bao nhiêu tiền 1 lượng, 1 chỉ?

***

Công văn 5026 BXD KTQLXD về tác động của biến động giá xăng dầu tới tình hình đầu tư xây dựng thế nào? (Hình từ Internet)

Căn cứ tại điểm i khoản 4 Điều 9  Nghị định 123/2020/NĐ-CP  quy định về thời điểm lập thời điểm lập hóa đơn điện tử đối với các cửa hàng bán lẻ xăng dầu như sau:

Điều 9. Thời điểm lập hóa đơn

[...]

4. Thời điểm lập hóa đơn đối với một số trường hợp cụ thể như sau:

[...]

i)  Thời điểm lập hóa đơn điện tử đối với trường hợp bán xăng dầu tại các cửa hàng bán lẻ cho khách hàng là thời điểm kết thúc việc bán xăng dầu theo từng lần bán . Người bán phải đảm bảo lưu trữ đầy đủ hóa đơn điện tử đối với trường hợp bán xăng dầu cho khách hàng là cá nhân không kinh doanh, cá nhân kinh doanh và đảm bảo có thể tra cứu khi cơ quan có thẩm quyền yêu cầu.

k) Đối với trường hợp cung cấp dịch vụ vận tải hàng không, dịch vụ bảo hiểm qua đại lý, thời điểm lập hóa đơn là thời điểm hoàn thành việc đối soát dữ liệu giữa các bên nhưng chậm nhất không quá ngày 10 của tháng sau tháng phát sinh.

[...]

Như vậy, thời điểm lập hóa đơn điện tử đối với trường hợp bán xăng dầu tại các cửa hàng bán lẻ xăng dầu cho khách hàng là thời điểm kết thúc việc bán xăng dầu theo từng lần bán.

Lưu ý:  Người bán phải đảm bảo lưu trữ đầy đủ hóa đơn điện tử đối với trường hợp bán xăng dầu cho khách hàng là cá nhân không kinh doanh, cá nhân kinh doanh và đảm bảo có thể tra cứu khi cơ quan có thẩm quyền yêu cầu.

Căn cứ theo Điều 38  Nghị định 83/2014/NĐ-CP  được sửa đổi bổ sung bởi khoản 27 Điều 1  Nghị định 95/2021/NĐ-CP  quy định về nguyên tắc điều hành giá xăng dầu như sau:

Điều 38. Nguyên tắc điều hành giá xăng dầu

1. Giá bán xăng dầu được thực hiện theo cơ chế thị trường , có sự điều tiết của Nhà nước, phù hợp với diễn biến giá xăng dầu thế giới và tình hình kinh tế xã hội trong từng thời kỳ.

2. Thương nhân đầu mối kinh doanh xăng dầu và thương nhân phân phối xăng dầu được quyền quyết định giá bán buôn. Căn cứ vào tình hình thực tế tại doanh nghiệp, thương nhân đầu mối kinh doanh xăng dầu và thương nhân phân phối xăng dầu quyết định giá bán lẻ xăng dầu (riêng dầu madút là giá bán buôn) trong hệ thống phân phối của mình phù hợp với chi phí phát sinh thực tế tại doanh nghiệp và không cao hơn giá điều hành do cơ quan nhà nước có thẩm quyền công bố.

[...]

Như vậy, giá bán xăng dầu được thực hiện theo cơ chế thị trường, đồng thời có sự điều tiết của Nhà nước, phù hợp với diễn biến giá xăng dầu thế giới và tình hình kinh tế xã hội trong từng thời kỳ.","xay-dung-do-thi","","","","2026-04-06T15:34:00","https://thuvienphapluat.vn/hoi-dap-phap-luat/cong-van-5026bxdktqlxd-ve-tac-dong-cua-bien-dong-gia-xang-dau-toi-tinh-hinh-dau-tu-xay-dung-the-nao-138086262.html","2026-04-21T03:34:21.300041+00:00"
"138085580","Phí cấp chứng chỉ hành nghề hoạt động xây dựng 2026 là bao nhiêu?","Tại Điều 1  Thông tư 29/2026/TT-BTC  có quy định về như sau:

Điều 1. Mức thu một số khoản phí, lệ phí để hỗ trợ việc kết nối, khai thác, sử dụng dữ liệu và khuyến khích thực hiện dịch vụ công trên ứng dụng VNelD

1. Từ ngày Thông tư này có hiệu lực thi hành đến hết ngày 31 tháng 12 năm 2026, mức thu một số khoản phí, lệ phí để hỗ trợ việc kết nối, khai thác, sử dụng dữ liệu và khuyến khích thực hiện dịch vụ công trên ứng dụng VNelD được quy định như sau:

Số thứ tự

Tên phí, lệ phí

Mức thu

4

Lệ phí cấp chứng chỉ hành nghề hoạt động xây dựng

Bằng 50% mức thu lệ phí quy định tại khoản 1 Điều 2 Thông tư số 156/2025/TT-BTC ngày 31 tháng 12 năm 2025 của Bộ trưởng Bộ Tài chính sửa đổi, bổ sung một số điều của Thông tư số 199/2016/TT-BTC ngày 08 tháng 11 năm 2016 của Bộ trưởng Bộ Tài chính quy định mức thu, chế độ thu, nộp, quản lý lệ phí cấp giấy chứng nhận bảo đảm chất lượng, an toàn kỹ thuật đối với máy, thiết bị, phương tiện giao thông vận tải có yêu cầu nghiêm ngặt về an toàn và Thông tư số 38/2022/TT-BTC ngày 24 tháng 6 năm 2022 của Bộ trưởng Bộ Tài chính quy định mức thu, chế độ thu, nộp lệ phí cấp giấy phép hoạt động xây dựng, lệ phí cấp chứng chỉ hành nghề kiến trúc sư.

Tại khoản 1 Điều 2  Thông tư 156/2025/TT-BTC  quy định như sau:

Điều 2. Sửa đổi, bổ sung một số khoản của Điều 4 Thông tư số 38/2022/TT-BTC ngày 24 tháng 6 năm 2022 của Bộ trưởng Bộ Tài chính quy định mức thu, chế độ thu, nộp lệ phí cấp giấy phép hoạt động xây dựng, lệ phí cấp chứng chỉ hành nghề kiến trúc sư

1. Sửa đổi, bổ sung khoản 1 Điều 4 như sau:

“1. Mức thu lệ phí cấp chứng chỉ hành nghề hoạt động xây dựng được quy định như sau:

a) Mức thu lệ phí cấp lần đầu, điều chỉnh hạng, chuyển đổi chứng chỉ hành nghề hoạt động xây dựng: 90.000 đồng/chứng chỉ.

b) Mức thu lệ phí cấp lại, bổ sung nội dung, điều chỉnh, gia hạn chứng chỉ bằng 50% mức thu lệ phí tại điểm a khoản này.”

Như vậy, mức phí cấp chứng chỉ hành nghề hoạt động xây dựng kể từ ngày 01/4/2026 đến hết 31/12/2026 như sau:

- Mức thu lệ phí cấp lần đầu, điều chỉnh hạng, chuyển đổi chứng chỉ hành nghề hoạt động xây dựng: 45.000 đồng/chứng chỉ.

- Mức thu lệ phí cấp lại, bổ sung nội dung, điều chỉnh, gia hạn chứng chỉ: 22.500 đồng/chứng chỉ.

Phí cấp chứng chỉ hành nghề hoạt động xây dựng 2026 là bao nhiêu? (Hình từ Internet)

Tại Điều 89  Luật Xây dựng 2025  quy định điều kiện cấp chứng chỉ hành nghề hoạt động xây dựng như sau:

Điều 89. Điều kiện cấp chứng chỉ hành nghề hoạt động xây dựng

Cá nhân được cấp chứng chỉ hành nghề hoạt động xây dựng phải đáp ứng các điều kiện sau đây:

1. Có trình độ chuyên môn phù hợp với nội dung đề nghị cấp chứng chỉ hành nghề;

2. Có thời gian và kinh nghiệm tham gia công việc phù hợp với nội dung đề nghị cấp chứng chỉ hành nghề.

Như vậy, điều kiện cấp chứng chỉ hành nghề hoạt động xây dựng từ ngày 01/7/2026 là:

- Có trình độ chuyên môn phù hợp với nội dung đề nghị cấp chứng chỉ hành nghề;

- Có thời gian và kinh nghiệm tham gia công việc phù hợp với nội dung đề nghị cấp chứng chỉ hành nghề.

Tại Điều 88  Luật Xây dựng 2025  có quy định như sau:

Điều 88. Năng lực của tổ chức, cá nhân hoạt động xây dựng

1. Cá nhân đảm nhận chức danh trong hoạt động xây dựng phải có chứng chỉ hành nghề hoạt động xây dựng tương ứng theo quy định của Luật này bao gồm chủ nhiệm, chủ trì lập thiết kế quy hoạch đô thị và nông thôn; chủ nhiệm khảo sát xây dựng; chủ nhiệm, chủ trì thiết kế, thẩm tra thiết kế xây dựng; giám sát thi công xây dựng; chủ trì xác định, thẩm tra và quản lý chi phí đầu tư xây dựng. Chứng chỉ hành nghề được phân thành hạng I, hạng II và hạng III.

2. Cá nhân đảm nhận chức danh chỉ huy trưởng công trường, chủ trì kiểm định xây dựng, giám đốc quản lý dự án đầu tư xây dựng phải đáp ứng điều kiện năng lực, kinh nghiệm nghề nghiệp.

3. Nhà thầu là tổ chức, cá nhân nước ngoài hoạt động xây dựng tại Việt Nam phải tuân thủ quy định của pháp luật Việt Nam và được cơ quan quản lý nhà nước về xây dựng cấp giấy phép hoạt động.

4. Tổ chức, cá nhân hành nghề kiến trúc thực hiện theo quy định của pháp luật về kiến trúc.

5. Chủ đầu tư chịu trách nhiệm về việc lựa chọn tổ chức, cá nhân tham gia hoạt động xây dựng do mình lựa chọn.

6. Tổ chức tham gia hoạt động xây dựng tự công khai thông tin về năng lực hoạt động xây dựng trên trang thông tin điện tử của Bộ Xây dựng. Thông tin về năng lực của tổ chức công khai là cơ sở để các chủ đầu tư tham khảo khi lựa chọn nhà thầu.

7. Chính phủ quy định chi tiết về điều kiện năng lực, kinh nghiệm của cá nhân tham gia hoạt động xây dựng; quy định về thẩm quyền, trình tự, thủ tục cấp, thu hồi chứng chỉ hành nghề hoạt động xây dựng; quy định về điều kiện, thẩm quyền, trình tự, thủ tục cấp, thu hồi giấy phép hoạt động xây dựng đối với nhà thầu là tổ chức, cá nhân nước ngoài; nội dung công khai thông tin năng lực hoạt động xây dựng của tổ chức; đăng tải kinh nghiệm hành nghề hoạt động xây dựng của cá nhân trên Hệ thống thông tin, Cơ sở dữ liệu quốc gia về hoạt động xây dựng.

Như vậy, chức danh trong hoạt động xây dựng phải có chứng chỉ hành nghề hoạt động xây dựng bao gồm:

- Chủ nhiệm, chủ trì lập thiết kế quy hoạch đô thị và nông thôn;

- Chủ nhiệm khảo sát xây dựng;

- Chủ nhiệm, chủ trì thiết kế, thẩm tra thiết kế xây dựng; giám sát thi công xây dựng;

- Chủ trì xác định, thẩm tra và quản lý chi phí đầu tư xây dựng.","xay-dung-do-thi","","","","2026-04-05T09:40:00","https://thuvienphapluat.vn/hoi-dap-phap-luat/phi-cap-chung-chi-hanh-nghe-hoat-dong-xay-dung-2026-la-bao-nhieu-138085580.html","2026-04-21T03:34:25.429127+00:00"
"138085579","Phí cấp chứng chỉ hành nghề kiến trúc sư 2026 là bao nhiêu?","Tại Điều 1  Thông tư 29/2026/TT-BTC  có quy định về mức thu một số khoản phí, lệ phí để hỗ trợ việc kết nối, khai thác, sử dụng dữ liệu và khuyến khích thực hiện dịch vụ công trên ứng dụng VNelD như sau:

Điều 1. Mức thu một số khoản phí, lệ phí để hỗ trợ việc kết nối, khai thác, sử dụng dữ liệu và khuyến khích thực hiện dịch vụ công trên ứng dụng VNelD

1. Từ ngày Thông tư này có hiệu lực thi hành đến hết ngày 31 tháng 12 năm 2026, mức thu một số khoản phí, lệ phí để hỗ trợ việc kết nối, khai thác, sử dụng dữ liệu và khuyến khích thực hiện dịch vụ công trên ứng dụng VNelD được quy định như sau:

Số thứ tự

Tên phí, lệ phí

Mức thu

3

Lệ phí cấp chứng chỉ hành nghề kiến trúc sư

Bằng 50% mức thu lệ phí quy định tại khoản 2 Điều 4 Thông tư số 38/2022/TT-BTC ngày 24 tháng 6 năm 2022 của Bộ trưởng Bộ Tài chính quy định mức thu, chế độ thu, nộp lệ phí cấp giấy phép hoạt động xây dựng, lệ phí cấp chứng chỉ hành nghề kiến trúc sư.

Tại khoản 2 Điều 4  Thông tư 38/2022/TT-BTC  có quy định về mức thu lệ phí như sau:

Điều 4. Mức thu lệ phí

[...]

2. Mức thu lệ phí cấp chứng chỉ hành nghề kiến trúc quy định như sau:

a) Mức thu lệ phí cấp lần đầu, chuyển đổi: 300.000 đồng/chứng chỉ.

b) Mức thu lệ phí cấp lại, gia hạn, công nhận chứng chỉ bằng 50% mức thu lệ phí tại điểm a khoản này.

Như vậy, phí cấp chứng chỉ hành nghề kiến trúc sư từ ngày 01/4/2026 đến hết ngày 31/12/2026 như sau:

- Mức thu lệ phí cấp lần đầu, chuyển đổi: 150.000 đồng/chứng chỉ.

- Mức thu lệ phí cấp lại, gia hạn, công nhận chứng chỉ: 75.000 đồng/chứng chỉ.

Phí cấp chứng chỉ hành nghề kiến trúc sư 2026 là bao nhiêu? (Hình từ Internet)

Tại Điều 28  Luật Kiến Trúc 2019  có quy định về điều kiện cấp, gia hạn chứng chỉ hành nghề kiến trúc như sau:

Điều 28. Điều kiện cấp, gia hạn chứng chỉ hành nghề kiến trúc

1. Điều kiện cấp chứng chỉ hành nghề kiến trúc được quy định như sau:

a) Có trình độ từ đại học trở lên về lĩnh vực kiến trúc;

b) Có kinh nghiệm tham gia thực hiện dịch vụ kiến trúc tối thiểu là 03 năm tại tổ chức hành nghề kiến trúc hoặc hợp tác với kiến trúc sư hành nghề với tư cách cá nhân;

c) Đạt yêu cầu sát hạch cấp chứng chỉ hành nghề kiến trúc.

2. Điều kiện gia hạn chứng chỉ hành nghề kiến trúc được quy định như sau:

a) Chứng chỉ hành nghề kiến trúc hết thời hạn sử dụng;

b) Bảo đảm phát triển nghề nghiệp liên tục;

c) Không vi phạm Quy tắc ứng xử nghề nghiệp của kiến trúc sư hành nghề.

3. Cá nhân có thời gian liên tục từ 10 năm trở lên trực tiếp tham gia quản lý nhà nước về kiến trúc, đào tạo trình độ đại học trở lên về lĩnh vực kiến trúc, hành nghề kiến trúc được miễn điều kiện quy định tại điểm c khoản 1 Điều này.

4. Cá nhân đạt giải thưởng kiến trúc quốc gia hoặc giải thưởng quốc tế về kiến trúc được miễn điều kiện quy định tại điểm b khoản 1 Điều này.

Như vậy, để được cấp chứng chỉ hành nghề kiến trúc phải đáp ứng các điều kiện sau:

- Có trình độ từ đại học trở lên về lĩnh vực kiến trúc;

- Có kinh nghiệm tham gia thực hiện dịch vụ kiến trúc tối thiểu là 03 năm tại tổ chức hành nghề kiến trúc hoặc hợp tác với kiến trúc sư hành nghề với tư cách cá nhân;

- Đạt yêu cầu sát hạch cấp chứng chỉ hành nghề kiến trúc.

Tại khoản 1 Điều 30  Luật Kiến trúc 2019  có quy định Chứng chỉ hành nghề kiến trúc bị thu hồi trong trường hợp sau đây:

- Không còn đủ điều kiện cấp, gia hạn chứng chỉ hành nghề kiến trúc quy định tại Điều 28  Luật Kiến trúc 2019 ;

- Giả mạo trong hồ sơ đề nghị cấp, cấp lại, gia hạn chứng chỉ hành nghề kiến trúc;

- Vi phạm nghiêm trọng Quy tắc ứng xử nghề nghiệp của kiến trúc sư hành nghề;

- Có sai sót chuyên môn kỹ thuật trong hành nghề kiến trúc gây hậu quả nghiêm trọng theo kết luận của cơ quan nhà nước có thẩm quyền;

- Bị cấm hành nghề hoặc cấm làm công việc liên quan về kiến trúc theo bản án, quyết định có hiệu lực pháp luật của Tòa án.","xay-dung-do-thi","","","","2026-04-05T09:15:00","https://thuvienphapluat.vn/hoi-dap-phap-luat/phi-cap-chung-chi-hanh-nghe-kien-truc-su-2026-la-bao-nhieu-138085579.html","2026-04-21T03:34:34.125721+00:00"
"138085883","TOÀN VĂN Thông tư 36/2026/TT-BTC hướng dẫn chi phí và định mức cho hoạt động quy hoạch thế nào?","Ngày 31/3/2026, Bộ trưởng Bộ Tài chính ban hành Thông tư 36/2026/TT-BTC hướng dẫn về việc quản lý, sử dụng chi phí và định mức cho hoạt động quy hoạch.

Xem chi tiết TOÀN VĂN Thông tư 36 2026 TT BTC hướng dẫn chi phí và định mức cho hoạt động quy hoạch

TẠI ĐÂY

Theo đó, tại Điều 5 Thông tư 36/2026/TT-BTC hướng dẫn nội dung chi, mức chi và định mức cho hoạt động quy hoạch như sau:

[1]. Nội dung chi, mức chi và định mức đối với quy hoạch cấp quốc gia, quy hoạch vùng, quy hoạch tỉnh thực hiện theo quy định như sau:

- Nội dung chi cho hoạt động trực tiếp, hoạt động gián tiếp của hoạt động quy hoạch thực hiện theo quy định tại Điều 6, Điều 7 Thông tư 36/2026/TT-BTC;

- Mức chi cho một số hoạt động cụ thể để thực hiện hoạt động gián tiếp lập, thẩm định, công bố, đánh giá, điều chỉnh quy hoạch thực hiện theo quy định tại Điều 8 Thông tư 36/2026/TT-BTC;

- Định mức cho hoạt động quy hoạch thực hiện theo quy định tại Chương III của Thông tư này;

- Chi phí dự phòng (nếu có): dự phòng cho khối lượng công việc phát sinh chưa lường trước được khi lập dự toán không vượt quá 10% của tổng các chi phícho hoạt động trực tiếp, hoạt động gián tiếp của hoạt động quy hoạch.

[2]. Nội dung chi, mức chi và định mức cho hoạt động quy hoạch đối với quy hoạch chi tiết ngành thực hiện theo quy định của pháp luật có liên quan.

Trường hợp pháp luật có liên quan đến quy hoạch chi tiết ngành chưa có quy định về nội dung chi, mức chỉ thì cấp có thẩm quyền phê duyệt dự toán kinh phí thực hiện hoạt động quy hoạch quyết định việc lựa chọn áp dụng nội dung chi, mức chi quy định tại điểm a và điểm b khoản 1 Điều 5 Thông tư 36/2026/TT-BTC.

Trên đây là thông tin về TOÀN VĂN Thông tư 36 2026 TT BTC hướng dẫn chi phí và định mức cho hoạt động quy hoạch thế nào?

TOÀN VĂN Thông tư 36 2026 TT BTC hướng dẫn chi phí và định mức cho hoạt động quy hoạch thế nào? (Hình từ Internet)

Căn cứ theo Điều 10  Luật Quy hoạch 2025  quy định chi phí cho hoạt động quy hoạch như sau:

- Chi phí lập, công bố và điều chỉnh quy hoạch được sử dụng nguồn vốn đầu tư công theo quy định của pháp luật về đầu tư công, nguồn chi thường xuyên theo quy định của pháp luật về ngân sách nhà nước, nguồn lực hỗ trợ của các tổ chức, cá nhân và nguồn vốn hợp pháp khác.

- Chi phí thẩm định quy hoạch, đánh giá thực hiện quy hoạch sử dụng nguồn chi thường xuyên theo quy định của pháp luật về ngân sách nhà nước, nguồn lực hỗ trợ của các tổ chức, cá nhân và nguồn vốn hợp pháp khác.

- Chính phủ quy định chi tiết việc huy động và sử dụng nguồn lực của các tổ chức, cá nhân hỗ trợ cho hoạt động quy hoạch.

- Bộ trưởng Bộ Tài chính hướng dẫn định mức cho hoạt động quy hoạch và việc quản lý, sử dụng chi phí cho hoạt động quy hoạch.

Căn cứ quy định tại Điều 53  Luật Quy hoạch 2025 , quy định trình tự, thủ tục điều chỉnh quy hoạch như sau:

(1) Trình tự, thủ tục chấp thuận chủ trương điều chỉnh quy hoạch cấp quốc gia, quy hoạch vùng và quy hoạch tỉnh thực hiện như sau:

- Cơ quan lập quy hoạch tổng thể quốc gia, quy hoạch không gian biển quốc gia, quy hoạch sử dụng đất quốc gia đánh giá thực hiện quy hoạch theo quy định tại Điều 49  Luật Quy hoạch 2025  và báo cáo Chính phủ xem xét, chấp thuận chủ trương điều chỉnh quy hoạch;

- Cơ quan tổ chức lập quy hoạch vùng đánh giá thực hiện quy hoạch theo quy định tại Điều 49  Luật Quy hoạch 2025  và báo cáo Thủ tướng Chính phủ xem xét, chấp thuận chủ trương điều chỉnh quy hoạch;

- Cơ quan tổ chức lập quy hoạch ngành đánh giá thực hiện quy hoạch theo quy định tại Điều 49  Luật Quy hoạch 2025 , xem xét, chấp thuận chủ trương điều chỉnh quy hoạch ngành theo thẩm quyền hoặc trình cơ quan có thẩm quyền phê duyệt quy hoạch ngành xem xét, chấp thuận chủ trương điều chỉnh quy hoạch;

- Cơ quan lập quy hoạch tỉnh đánh giá thực hiện quy hoạch theo quy định tại Điều 49  Luật Quy hoạch 2025  và báo cáo Chủ tịch Ủy ban nhân dân cấp tỉnh xem xét, chấp thuận chủ trương điều chỉnh quy hoạch.

(2) Trình tự, thủ tục lập, thẩm định, quyết định hoặc phê duyệt, công bố điều chỉnh quy hoạch cấp quốc gia, quy hoạch vùng và quy hoạch tỉnh thực hiện như sau:

- Cơ quan tổ chức lập quy hoạch hoặc cơ quan lập quy hoạch trình cơ quan có thẩm quyền xem xét, chấp thuận chủ trương điều chỉnh quy hoạch theo quy định tại mục 1 nêu trên;

- Sau khi được cấp có thẩm quyền chấp thuận chủ trương điều chỉnh quy hoạch, cơ quan tổ chức lập quy hoạch tổ chức lập, thẩm định, quyết định hoặc phê duyệt, công bố điều chỉnh quy hoạch theo quy định tại các khoản 1, 2, 3 và 6 Điều 9  Luật Quy hoạch 2025 ;

- Chủ tịch Hội đồng thẩm định quyết định tổ chức thẩm định điều chỉnh quy hoạch theo hình thức tổ chức phiên họp của Hội đồng thẩm định hoặc lấy ý kiến thẩm định bằng văn bản;

- Nội dung thẩm định điều chỉnh quy hoạch cấp quốc gia, quy hoạch vùng và quy hoạch tỉnh thực hiện theo quy định tại Điều 35  Luật Quy hoạch 2025 ;

- Hồ sơ trình thẩm định điều chỉnh quy hoạch cấp quốc gia, quy hoạch vùng và quy hoạch tỉnh thực hiện theo quy định tại Điều 34  Luật Quy hoạch 2025 ;

- Hồ sơ trình quyết định hoặc phê duyệt điều chỉnh quy hoạch thực hiện theo quy định tại Điều 38  Luật Quy hoạch 2025 .

(3) Trình tự, thủ tục lập, thẩm định, phê duyệt, công bố điều chỉnh quy hoạch chi tiết ngành, quy hoạch đô thị và nông thôn thực hiện theo quy định của pháp luật có liên quan.","xay-dung-do-thi","","","","2026-04-03T10:07:00","https://thuvienphapluat.vn/hoi-dap-phap-luat/toan-van-thong-tu-362026ttbtc-huong-dan-chi-phi-va-dinh-muc-cho-hoat-dong-quy-hoach-the-nao-138085883.html","2026-04-21T03:34:38.835952+00:00"
"138085667","Các đối tượng địa lý quy hoạch về định hướng phát triển không gian biển quốc gia phải được thể hiện như thế nào?","Căn cứ khoản 1 Điều 3  Thông tư 22/2026/TT-BTC  giải thích như sau:

Dữ liệu số của văn bản pháp lý bao gồm tờ trình quyết định hoặc phê duyệt quy hoạch; văn bản quyết định hoặc phê duyệt quy hoạch; báo cáo thuyết minh quy hoạch; báo cáo đánh giá môi trường chiến lược (nếu có); báo cáo thẩm định quy hoạch; báo cáo tổng hợp và giải trình, tiếp thu ý kiến góp ý của các cơ quan, tổ chức, cộng đồng, cá nhân về quy hoạch; báo cáo giải trình, tiếp thu ý kiến thẩm định; tài liệu văn bản khác (nếu có) thể hiện dưới dạng kỹ thuật số được tạo lập và được số hóa từ văn bản giấy trong hồ sơ lấy ý kiến về quy hoạch, hồ sơ trình thẩm định quy hoạch, hồ sơ trình quyết định hoặc phê duyệt quy hoạch.

Các đối tượng địa lý quy hoạch về định hướng phát triển không gian biển quốc gia phải được thể hiện như thế nào? (Hình từ Internet)

Căn cứ Điều 11  Thông tư 22/2026/TT-BTC  quy định về nội dung chủ yếu trên sơ đồ quy hoạch cấp quốc gia, quy hoạch vùng, quy hoạch tỉnh như sau:

Điều 11. Nội dung chủ yếu thể hiện trên sơ đồ quy hoạch cấp quốc gia, quy hoạch vùng, quy hoạch tỉnh

1. Nội dung chủ yếu của sơ đồ quy hoạch cấp quốc gia, quy hoạch vùng, quy hoạch tỉnh quy định tại Phụ lục I kèm theo Thông tư này.

Trong quá trình lập quy hoạch, Bộ, Ủy ban nhân dân cấp tỉnh được bổ sung nội dung của sơ đồ quy hoạch cấp quốc gia, quy hoạch vùng, quy hoạch tỉnh ngoài các nội dung được quy định tại Phụ lục I của Thông tư này để thể hiện nội dung quy hoạch; chịu trách nhiệm về tính chính xác, tính đầy đủ của nội dung thể hiện trên sơ đồ quy hoạch thuộc phạm vi quản lý; bảo đảm tuân thủ quy định của pháp luật; phù hợp với báo cáo thuyết minh quy hoạch, văn bản quyết định hoặc phê duyệt quy hoạch và các căn cứ pháp lý để xác định vị trí, phạm vi, hướng tuyến của đối tượng địa lý theo quy định của pháp luật.

2. Các đối tượng địa lý quy hoạch về định hướng phát triển không gian biển quốc gia đã được thể hiện trên sơ đồ quy hoạch tổng thể quốc gia phải được thể hiện theo hướng cụ thể hóa trên sơ đồ quy hoạch không gian biển quốc gia.

3. Các đối tượng địa lý quy hoạch về định hướng sử dụng đất quốc gia đã được thể hiện trên sơ đồ quy hoạch tổng thể quốc gia phải được thể hiện theo hướng cụ thể hóa trên sơ đồ quy hoạch sử dụng đất quốc gia.

4. Các đối tượng địa lý quy hoạch về định hướng phát triển ngành đã được thể hiện trên sơ đồ quy hoạch tổng thể quốc gia phải được thể hiện theo hướng cụ thể hóa trên sơ đồ quy hoạch ngành.

5. Các đối tượng địa lý quy hoạch đã được thể hiện trên sơ đồ quy hoạch tổng thể quốc gia, quy hoạch không gian biển quốc gia, quy hoạch sử dụng đất quốc gia, quy hoạch ngành trên địa bàn vùng phải được thể hiện theo hướng cụ thể hóa trên sơ đồ quy hoạch vùng.

6. Các đối tượng địa lý quy hoạch đã được thể hiện trên sơ đồ quy hoạch tổng thể quốc gia, quy hoạch không gian biển quốc gia, quy hoạch sử dụng đất quốc gia, quy hoạch ngành, quy hoạch vùng trên địa bàn tỉnh phải được thể hiện theo hướng cụ thể hóa trên sơ đồ quy hoạch tỉnh.

Theo đó các đối tượng địa lý quy hoạch về định hướng phát triển không gian biển quốc gia đã được thể hiện trên sơ đồ quy hoạch tổng thể quốc gia phải được thể hiện theo hướng cụ thể hóa trên sơ đồ quy hoạch không gian biển quốc gia.

Căn cứ Điều 10  Thông tư 22/2026/TT-BTC  quy định về tổ chức dữ liệu của cơ sở dữ liệu địa lý quy hoạch tổng thể quốc gia, quy hoạch vùng, quy hoạch tỉnh như sau:

Điều 10. Tổ chức dữ liệu của cơ sở dữ liệu địa lý quy hoạch tổng thể quốc gia, quy hoạch vùng, quy hoạch tỉnh

Cơ sở dữ liệu địa lý quy hoạch tổng thể quốc gia, quy hoạch vùng, quy hoạch tỉnh được tổ chức theo 12 chủ đề dữ liệu như sau:

1. Tài chính (Kinh tế - xã hội, đầu tư).

2. Xây dựng (Xây dựng; Giao thông vận tải).

3. Công Thương (Công nghiệp và Thương mại).

4. Nông nghiệp và Môi trường (Nông nghiệp và phát triển nông thôn; Tài nguyên và Môi trường).

5. Văn hóa, Thể thao và Du lịch (Văn hóa, thể thao và du lịch).

6. Khoa học và Công nghệ (Thông tin và truyền thông; Khoa học và công nghệ).

7. Y tế (Y tế; Bảo trợ xã hội; bà mẹ và trẻ em; phòng, chống tệ nạn xã hội).

8. Giáo dục và Đào tạo (Giáo dục và đào tạo; Giáo dục nghề nghiệp).

9. Nội vụ (Lĩnh vực việc làm; lĩnh vực người có công).

10. Quốc phòng.

11. An ninh.

12. Ngoại giao.

Theo đó cơ sở dữ liệu địa lý quy hoạch tổng thể quốc gia, quy hoạch vùng, quy hoạch tỉnh được tổ chức theo 12 chủ đề dữ liệu.","xay-dung-do-thi","","","","2026-04-03T00:30:00","https://thuvienphapluat.vn/hoi-dap-phap-luat/cac-doi-tuong-dia-ly-quy-hoach-ve-dinh-huong-phat-trien-khong-gian-bien-quoc-gia-phai-duoc-the-hien-138085667.html","2026-04-21T03:34:42.923995+00:00"
"138085054","Mức phạt vi phạm hợp đồng theo Luật Xây dựng là bao nhiêu?","Tại khoản 1, khoản 2 Điều 146  Luật Xây dựng 2014  được sửa đổi bởi khoản 64 Điều 1  Luật Xây dựng sửa đổi 2020  (có hiệu lực đến hết ngày 30/6/2026) có quy định mức phạt vi phạm hợp đồng theo Luật Xây dựng như sau:

Điều 146. Thưởng, phạt hợp đồng xây dựng, bồi thường thiệt hại do vi phạm và giải quyết tranh chấp hợp đồng xây dựng

1. Thưởng, phạt hợp đồng xây dựng phải được các bên thỏa thuận và ghi trong hợp đồng.

2. Đối với công trình xây dựng sử dụng vốn đầu tư công, vốn nhà nước ngoài đầu tư công, mức phạt hợp đồng không vượt quá 12% giá trị phần hợp đồng bị vi phạm. Ngoài mức phạt theo thỏa thuận, bên vi phạm hợp đồng còn phải bồi thường thiệt hại cho bên kia, bên thứ ba (nếu có) theo quy định của Luật này và pháp luật có liên quan khác.

[...]

Tại Điều 86  Luật Xây dựng 2025  có quy định về thưởng, phạt hợp đồng xây dựng, bồi thường thiệt hại do vi phạm và giải quyết tranh chấp hợp đồng xây dựng như sau:

Điều 86. Thưởng, phạt hợp đồng xây dựng, bồi thường thiệt hại do vi phạm và giải quyết tranh chấp hợp đồng xây dựng

1. Thưởng, phạt do vi phạm hợp đồng xây dựng và bồi thường thiệt hại phải được các bên thỏa thuận trong hợp đồng xây dựng. Mức thưởng cụ thể tương ứng với mức độ hoàn thành tốt các nghĩa vụ của hợp đồng xây dựng do các bên thỏa thuận.

2. Việc bồi thường thiệt hại được xác định theo thiệt hại thực tế, các mức thiệt hại định trước tương ứng với các nghĩa vụ hợp đồng xây dựng bị vi phạm, mức độ vi phạm.

3. Đối với công trình xây dựng tại dự án đầu tư công, dự án PPP, mức phạt hợp đồng xây dựng không vượt quá 12% giá trị phần hợp đồng xây dựng bị vi phạm. Ngoài mức phạt theo thỏa thuận, bên vi phạm hợp đồng xây dựng còn phải bồi thường thiệt hại theo thỏa thuận trong hợp đồng xây dựng cho bên kia, bên thứ ba (nếu có) theo quy định của Luật này và quy định khác của pháp luật có liên quan.

4. Trường hợp một bên vi phạm hợp đồng xây dựng do nguyên nhân của bên thứ ba, bên vi phạm phải chịu trách nhiệm vi phạm hợp đồng xây dựng trước bên kia. Tranh chấp giữa bên vi phạm với bên thứ ba được giải quyết theo quy định của pháp luật.

5. Phương thức giải quyết tranh chấp hợp đồng xây dựng:

a) Việc xử lý tranh chấp được thực hiện thông qua tự thương lượng, hòa giải, áp dụng các mô hình xử lý tranh chấp theo thông lệ quốc tế, trọng tài hoặc Tòa án;

b) Đối với dự án đầu tư công, dự án PPP, trường hợp sử dụng trọng tài để xử lý tranh chấp thì ưu tiên các tổ chức trọng tài trong nước; việc áp dụng các mô hình giải quyết tranh chấp theo thông lệ quốc tế thực hiện theo yêu cầu của điều ước quốc tế hoặc phải được người quyết định đầu tư cho phép và phải được các bên thỏa thuận trong hợp đồng xây dựng. Chi phí giải quyết tranh chấp của chủ đầu tư (nếu có) được tính vào tổng mức đầu tư của dự án.

Như vậy, mức phạt vi phạm hợp đồng theo Luật Xây dựng tại dự án đầu tư công, dự án PPP là không vượt quá 12% giá trị phần hợp đồng xây dựng bị vi phạm.

Ngoài mức phạt theo thỏa thuận, bên vi phạm hợp đồng xây dựng còn phải bồi thường thiệt hại theo thỏa thuận trong hợp đồng xây dựng cho bên kia, bên thứ ba (nếu có).

Trên đây là thông tin ""Mức phạt vi phạm hợp đồng theo Luật Xây dựng là bao nhiêu?""

Mức phạt vi phạm hợp đồng theo Luật Xây dựng là bao nhiêu? (Hình từ Internet)

Tại Điều 87  Luật Xây dựng 2025  có quy định về thanh toán, quyết toán và thành lý hợp đồng xây dựng như sau:

Điều 87. Thanh toán, quyết toán và thanh lý hợp đồng xây dựng

1. Trong hợp đồng xây dựng phải quy định cụ thể về việc thanh toán, tạm thanh toán, quyết toán và thanh lý hợp đồng xây dựng. Việc quyết toán, thanh lý hợp đồng xây dựng bao gồm cả các trường hợp được đơn phương quyết toán, thanh lý hợp đồng xây dựng.

2. Thanh toán hợp đồng xây dựng:

a) Việc thanh toán hợp đồng xây dựng phải phù hợp với loại hợp đồng, giá hợp đồng và các điều kiện trong hợp đồng. Các bên thỏa thuận về phương thức, thời gian, hồ sơ và điều kiện thanh toán hoặc tạm thanh toán;

b) Bên giao thầu phải thanh toán đủ giá trị và đúng thời hạn theo các thỏa thuận trong hợp đồng xây dựng của từng lần thanh toán cho bên nhận thầu sau khi đã giảm trừ tiền tạm ứng, các khoản tiền giữ lại theo thỏa thuận hợp đồng xây dựng, trừ trường hợp các bên có thỏa thuận khác;

c) Đồng tiền sử dụng trong thanh toán hợp đồng xây dựng là Đồng Việt Nam; việc sử dụng ngoại tệ để thanh toán phải tuân thủ quy định của pháp luật về quản lý ngoại hối.

3. Bên nhận thầu có trách nhiệm quyết toán hợp đồng xây dựng với bên giao thầu phù hợp với loại hợp đồng, giá hợp đồng và trong thời hạn quyết toán hợp đồng xây dựng theo thỏa thuận của các bên. Nội dung, hồ sơ quyết toán hợp đồng xây dựng phải phù hợp với thỏa thuận trong hợp đồng xây dựng.

4. Thủ tục, thời hạn và hình thức thanh lý hợp đồng xây dựng khi chấm dứt hợp đồng xây dựng theo quy định tại khoản 2 Điều 85 của Luật này do các bên thỏa thuận.

5. Trường hợp một bên không tiến hành quyết toán, thanh lý hợp đồng xây dựng theo thỏa thuận trong hợp đồng xây dựng, thì bên còn lại có quyền tự quyết toán, thanh lý hợp đồng xây dựng.

Như vậy, được sử dụng ngoại tệ để thanh toán hợp đồng xây dựng nhưng phải tuân thủ quy định của pháp luật về quản lý ngoại hối.

Tại Điều 5  Luật Xây dựng 2025  có quy định 7 nguyên tắc cơ bản trong hoạt động xây dựng gồm:

- Bảo đảm xây dựng theo quy hoạch, thiết kế, bảo vệ cảnh quan, môi trường; phù hợp với điều kiện tự nhiên, xã hội, đặc điểm văn hóa, lịch sử của địa phương; bảo đảm ổn định cuộc sống của Nhân dân; kết hợp phát triển kinh tế - xã hội với quốc phòng, an ninh và ứng phó với biến đổi khí hậu.

- Sử dụng hợp lý nguồn lực, tài nguyên tại khu vực có dự án, bảo đảm đúng mục đích, đối tượng và trình tự đầu tư xây dựng.

- Tuân thủ quy chuẩn kỹ thuật, tiêu chuẩn áp dụng trong hoạt động xây dựng.

- Bảo đảm an toàn, chất lượng, tính mạng, sức khỏe con người và không gây thiệt hại đến tài sản của tổ chức, cá nhân khác; bảo đảm tuân thủ quy định về phòng cháy và chữa cháy, bảo vệ môi trường.

- Bảo đảm xây dựng đồng bộ trong từng công trình và đồng bộ với hệ thống công trình hạ tầng kỹ thuật, hệ thống công trình hạ tầng xã hội.

- Bảo đảm công khai, minh bạch, hiệu quả; phòng, chống tham nhũng, lãng phí, tiêu cực trong hoạt động xây dựng.

- Phân định rõ chức năng quản lý nhà nước về xây dựng với chức năng quản lý của người quyết định đầu tư, chủ đầu tư phù hợp với từng hình thức đầu tư.","xay-dung-do-thi","","","","2026-04-02T17:45:00","https://thuvienphapluat.vn/hoi-dap-phap-luat/muc-phat-vi-pham-hop-dong-theo-luat-xay-dung-la-bao-nhieu-138085054.html","2026-04-21T03:34:47.923655+00:00"
"138085729","Toàn văn Nghị định 106/2026/NĐ-CP quy định về đầu tư xây dựng, quản lý khai thác cảng cạn ra sao?","Ngày 31/3/2026, Chính phủ đã ban hành Nghị định 106/2026/NĐ-CP quy định về đầu tư xây dựng, quản lý khai thác cảng cạn.

Tải về  Nghị định 106/2026/NĐ-CP

Trong đó, căn cứ theo Điều 7 Nghị định 106/2026/NĐ-CP quy định kết cấu hạ tầng cảng cạn gồm các công trình, cơ sở vật chất kỹ thuật được đầu tư xây dựng phù hợp với quy chuẩn kỹ thuật quốc gia về cảng cạn để thực hiện các chức năng của cảng cạn.

Các công trình chủ yếu thuộc kết cấu hạ tầng cảng cạn, gồm:

- Hệ thống kho, bãi hàng hóa;

- Các hạng mục công trình đảm bảo an ninh, trật tự tại cảng cạn và kiểm soát người, hàng hóa, phương tiện vào, rời cảng cạn như: Cổng, tường rào, cơ sở vật chất thu gom, lưu giữ, xử lý chất thải; thiết bị soi, chiếu, trang thiết bị giám sát, kiểm soát, thanh tra và lưu giữ của hải quan;

- Bãi đỗ xe cho các phương tiện vận tải, trang thiết bị bốc xếp hàng hóa và các phương tiện khác hoạt động tại cảng cạn;

- Đường giao thông nội bộ và giao thông kết nối với hệ thống giao thông vận tải ngoài khu vực cảng cạn;

- Khu văn phòng bao gồm nhà điều hành, văn phòng làm việc cho các cơ quan liên quan như hải quan, kiểm dịch cùng cơ sở hạ tầng khác.

Xem thêm chi tiết tại Toàn văn Nghị định 106 2026 NĐ CP quy định về đầu tư xây dựng, quản lý khai thác cảng cạn

Tải về

*Trên đây là thông tin Toàn văn Nghị định 106 2026 NĐ CP quy định về đầu tư xây dựng, quản lý khai thác cảng cạn ra sao?

Toàn văn Nghị định 106/2026/NĐ-CP quy định về đầu tư xây dựng, quản lý khai thác cảng cạn ra sao? (Hình từ Internet)

Căn cứ theo Điều 100  Bộ luật Hàng hải Việt Nam 2015  quy định chức năng của cảng cạn như sau:

Điều 100. Chức năng của cảng cạn

1. Nhận và gửi hàng hóa được vận chuyển bằng container.

2. Đóng hàng hóa vào và dỡ hàng hóa ra khỏi container.

3. Tập kết container để vận chuyển đến cảng biển và ngược lại.

4. Kiểm tra và hoàn tất thủ tục hải quan đối với hàng hóa xuất khẩu, nhập khẩu.

5. Gom và chia hàng hóa lẻ đối với hàng hóa có nhiều chủ trong cùng container.

6. Tạm chứa hàng hóa xuất khẩu, nhập khẩu và container.

7. Sửa chữa và bảo dưỡng container.

Theo đó, cảng cạn có chức năng:

- Nhận và gửi hàng hóa được vận chuyển bằng container.

- Đóng hàng hóa vào và dỡ hàng hóa ra khỏi container.

- Tập kết container để vận chuyển đến cảng biển và ngược lại.

- Kiểm tra và hoàn tất thủ tục hải quan đối với hàng hóa xuất khẩu, nhập khẩu.

- Gom và chia hàng hóa lẻ đối với hàng hóa có nhiều chủ trong cùng container.

- Tạm chứa hàng hóa xuất khẩu, nhập khẩu và container.

- Sửa chữa và bảo dưỡng container.

Căn cứ theo Điều 125  Bộ luật Hàng hải Việt Nam 2015  quy định nguyên tắc bảo vệ công trình hàng hải như sau:

- Việc đầu tư xây dựng, quản lý khai thác, sửa chữa và bảo vệ công trình hàng hải phải tuân theo quy định có liên quan của pháp luật và các quy chuẩn kỹ thuật đã được cơ quan nhà nước có thẩm quyền ban hành, công bố.

- Bộ, Ủy ban nhân dân cấp tỉnh khi lập quy hoạch có ảnh hưởng đến công trình hàng hải phải gửi văn bản lấy ý kiến của Bộ Giao thông vận tải.

- Tổ chức, cá nhân đầu tư xây dựng, quản lý khai thác công trình hàng hải phải có phương án bảo vệ công trình bao gồm các nội dung cơ bản sau đây:

+ Xác định phạm vi bảo vệ công trình hàng hải theo quy định của Bộ luật này;

+ Thiết lập báo hiệu hàng hải đối với công trình hàng hải;

+ Nhân lực; địa chỉ, số điện thoại liên hệ trong thực hiện bảo vệ công trình hàng hải;

+ Phương tiện, công cụ phục vụ việc bảo vệ công trình hàng hải;

+ Kế hoạch thực hiện bảo vệ công trình hàng hải và biện pháp kiểm tra, giám sát của chủ đầu tư hoặc người quản lý khai thác công trình;

+ Biện pháp xử lý khi xảy ra hư hỏng, tai nạn hàng hải, sự cố hoặc hành vi vi phạm ảnh hưởng đến an toàn trong khai thác công trình hàng hải;

+ Đề xuất nguyên tắc, cơ chế, cách thức phối hợp giữa chủ đầu tư hoặc người quản lý khai thác công trình với Cảng vụ hàng hải và cơ quan có thẩm quyền tại khu vực có công trình hàng hải.","xay-dung-do-thi","","","","2026-04-02T10:31:00","https://thuvienphapluat.vn/hoi-dap-phap-luat/toan-van-nghi-dinh-1062026ndcp-quy-dinh-ve-dau-tu-xay-dung-quan-ly-khai-thac-cang-can-ra-sao-138085729.html","2026-04-21T03:34:51.995615+00:00"
"138081648","Có được tạm ứng quá 50% giá trị hợp đồng xây dựng không?","Căn cứ khoản 5 Điều 18  Nghị định 37/2015/NĐ-CP  được sửa đổi bởi khoản 2 Điều 9  Nghị định 35/2023/NĐ-CP :

Điều 18. Tạm ứng hợp đồng xây dựng

[...]

5. Mức tạm ứng hợp đồng không được vượt quá 30% giá trị hợp đồng tại thời điểm ký kết (bao gồm cả dự phòng nếu có). Trường hợp cần tạm ứng với mức cao hơn phải được người quyết định đầu tư cho phép. Đối với dự án mà người quyết định đầu tư là Thủ tướng Chính phủ, việc quyết định mức tạm ứng cao hơn do Bộ trưởng, Thủ trưởng cơ quan ngang bộ, Chủ tịch Ủy ban nhân dân cấp tỉnh quyết định; mức tạm ứng tối thiểu được quy định như sau:

a) Đối với hợp đồng tư vấn:

- 15% giá hợp đồng đối với hợp đồng có giá trị trên 10 tỷ đồng.

- 20% giá hợp đồng đối với các hợp đồng có giá trị đến 10 tỷ đồng.

b) Đối với hợp đồng thi công xây dựng công trình:

- 10% giá hợp đồng đối với hợp đồng có giá trị trên 50 tỷ đồng.

- 15% giá hợp đồng đối với hợp đồng có giá trị từ 10 tỷ đồng đến 50 tỷ đồng.

- 20% giá hợp đồng đối với các hợp đồng có giá trị dưới 10 tỷ đồng.

c) Đối với hợp đồng cung cấp thiết bị công nghệ, hợp đồng EC, EP, PC và EPC, hợp đồng chìa khóa trao tay và các loại hợp đồng xây dựng khác: 10% giá hợp đồng.

d) Trường hợp các bên thỏa thuận tạm ứng ở mức cao hơn mức tạm ứng tối thiểu nêu tại Điểm a, b, c Khoản này, thì phần giá trị hợp đồng tương ứng với mức tạm ứng hợp đồng vượt mức tạm ứng tối thiểu sẽ không được điều chỉnh giá kể từ thời điểm tạm ứng.

đ) Tiền tạm ứng được thu hồi dần qua các lần thanh toán, mức thu hồi của từng lần do hai bên thống nhất ghi trong hợp đồng nhưng phải bảo đảm tiền tạm ứng được thu hồi hết khi giá trị thanh toán đạt 80% giá hợp đồng đã ký kết.

Theo đó, mức tạm ứng hợp đồng xây dựng không được vượt quá 30% giá trị hợp đồng tại thời điểm ký kết (bao gồm cả dự phòng nếu có). Trường hợp cần tạm ứng với mức cao hơn phải được người quyết định đầu tư cho phép. Đối với dự án mà người quyết định đầu tư là Thủ tướng Chính phủ, việc quyết định mức tạm ứng cao hơn do Bộ trưởng, Thủ trưởng cơ quan ngang bộ, Chủ tịch Ủy ban nhân dân cấp tỉnh quyết định; mức tạm ứng tối thiểu từ 10% đến 20%, tùy theo từng loại hợp đồng.

Như vậy có thể được được tạm ứng trên 50% giá trị hợp đồng xây dựng nếu được người quyết định đầu tư cho phép. Trường hợp khác mức tạm ứng hợp đồng xây dựng không được vượt quá 30% giá trị hợp đồng.

Có được tạm ứng quá 50% giá trị hợp đồng xây dựng không? (Hình từ Internet)

Căn cứ khoản 10 Điều 19  Nghị định 37/2015/NĐ-CP  quy định về thanh toán hợp đồng xây dựng:

Điều 19. Thanh toán hợp đồng xây dựng

[...]

10. Thời hạn thanh toán do các bên thỏa thuận trong hợp đồng phù hợp với quy mô và tính chất của từng hợp đồng. Thời hạn thanh toán không được kéo dài quá 14 ngày làm việc kể từ ngày bên giao thầu nhận đủ hồ sơ thanh toán hợp lệ theo thỏa thuận trong hợp đồng và được quy định cụ thể như sau:

a) Trong thời hạn bảy (07) ngày làm việc kể từ ngày nhận đủ hồ sơ đề nghị thanh toán hợp lệ của bên nhận thầu, bên giao thầu phải hoàn thành các thủ tục và chuyển đề nghị thanh toán tới ngân hàng hoặc Kho bạc Nhà nước phục vụ thanh toán.

b) Trong thời hạn bảy (07) ngày làm việc kể từ ngày nhận đủ hồ sơ thanh toán hợp lệ của bên giao thầu, ngân hàng hoặc Kho bạc Nhà nước phục vụ thanh toán phải chuyển đủ giá trị của lần thanh toán đó cho bên nhận thầu.

c) Đối với các hợp đồng xây dựng thuộc các dự án đầu tư xây dựng sử dụng vốn ODA, vốn vay của các tổ chức tín dụng nước ngoài thời hạn thanh toán thực hiện theo quy định của Điều ước quốc tế. Khi thỏa thuận về thời hạn thanh toán các bên phải căn cứ các quy định của Điều ước quốc tế và quy trình thanh toán vốn đầu tư theo quy định của pháp luật để thỏa thuận trong hợp đồng cho phù hợp.

Theo đó, thời hạn thanh toán do các bên thỏa thuận trong hợp đồng phù hợp với quy mô và tính chất của từng hợp đồng. Thời hạn thanh toán không được kéo dài quá 14 ngày làm việc kể từ ngày bên giao thầu nhận đủ hồ sơ thanh toán hợp lệ theo thỏa thuận trong hợp đồng.

Căn cứ Điều 6  Nghị định 37/2015/NĐ-CP  quy định về hiệu lực và tính pháp lý của hợp đồng xây dựng:

Điều 6. Hiệu lực và tính pháp lý của hợp đồng xây dựng

1. Hợp đồng xây dựng có hiệu lực pháp lý khi đáp ứng đủ các điều kiện sau:

a) Người tham gia ký kết có đầy đủ năng lực hành vi dân sự;

b) Đáp ứng các nguyên tắc ký kết hợp đồng quy định tại Điều 4 Nghị định này;

c) Hình thức hợp đồng bằng văn bản và được ký kết bởi người đại diện đúng thẩm quyền theo pháp luật của các bên tham gia hợp đồng. Trường hợp một bên tham gia hợp đồng là tổ chức thì bên đó phải ký tên, đóng dấu theo quy định của pháp luật.

2. Thời điểm có hiệu lực của hợp đồng xây dựng là thời điểm ký kết hợp đồng (đóng dấu nếu có) hoặc thời điểm cụ thể khác do các bên thỏa thuận trong hợp đồng xây dựng và bên giao thầu đã nhận được bảo đảm thực hiện hợp đồng của bên nhận thầu (đối với hợp đồng có quy định về bảo đảm thực hiện hợp đồng).

[…]

Theo đó, thời điểm có hiệu lực của hợp đồng xây dựng là thời điểm ký kết hợp đồng (đóng dấu nếu có) hoặc thời điểm cụ thể khác do các bên thỏa thuận trong hợp đồng xây dựng và bên giao thầu đã nhận được bảo đảm thực hiện hợp đồng của bên nhận thầu (đối với hợp đồng có quy định về bảo đảm thực hiện hợp đồng).","xay-dung-do-thi","","","","2026-04-01T14:00:00","https://thuvienphapluat.vn/hoi-dap-phap-luat/co-duoc-tam-ung-qua-50-gia-tri-hop-dong-xay-dung-khong-138081648.html","2026-04-21T03:34:56.222544+00:00"
"138084969","Khi nào công trình gặp sự cố được phép tiếp tục thi công hoặc sử dụng?","Căn cứ Điều 55  Luật Xây dựng 2025  quy định về sự cố công trình xây dựng như sau:

Điều 55. Sự cố công trình xây dựng

1. Trong quá trình thi công xây dựng, vận hành, khai thác, sử dụng công trình nếu phát hiện nguy cơ mất an toàn, nguy cơ xảy ra sự cố công trình ảnh hưởng đến an toàn tính mạng, công trình lân cận và cộng đồng thì chủ đầu tư, nhà thầu thi công xây dựng, chủ quản lý, sử dụng công trình, cơ quan nhà nước có thẩm quyền có trách nhiệm sau đây:

a) Kịp thời yêu cầu dừng thi công, vận hành, khai thác, sử dụng công trình và thực hiện các biện pháp để bảo đảm an toàn cho người và tài sản;

b) Thực hiện các biện pháp cần thiết để hạn chế và ngăn ngừa các nguy hiểm có thể xảy ra đối với công trình; thông báo kịp thời cho tổ chức, cá nhân có thẩm quyền có liên quan;

c) Bảo vệ hiện trường, trừ trường hợp phải khắc phục khẩn cấp để ngăn chặn thiệt hại.

2. Khi phát hiện, được thông báo về sự cố công trình, cơ quan nhà nước có thẩm quyền, tổ chức, cá nhân có liên quan, trong phạm vi nhiệm vụ, quyền hạn của mình, có trách nhiệm sau đây:

a) Thực hiện ngay các biện pháp khẩn cấp để khắc phục sự cố;

b) Cơ quan nhà nước có thẩm quyền tổ chức giám định nguyên nhân sự cố, làm rõ trách nhiệm của tổ chức, cá nhân gây ra sự cố công trình.

3. Công trình có sự cố chỉ được thi công xây dựng hoặc tiếp tục vận hành, khai thác, sử dụng khi được cơ quan nhà nước có thẩm quyền giải quyết sự cố cho phép.

4. Tổ chức, cá nhân gây ra sự cố công trình có trách nhiệm bồi thường thiệt hại và chịu chi phí có liên quan; bị xử lý vi phạm hành chính và truy cứu trách nhiệm theo quy định của pháp luật có liên quan.

Như vậy, công trình có sự cố chỉ được thi công xây dựng hoặc tiếp tục vận hành, khai thác, sử dụng  khi được cơ quan nhà nước có thẩm quyền giải quyết sự cố cho phép.

* Trên đây là thông tin Khi nào công trình gặp sự cố được phép tiếp tục thi công hoặc sử dụng?

Khi nào công trình gặp sự cố được phép tiếp tục thi công hoặc sử dụng? (Hình từ Internet)

Theo Điều 6  Luật Xây dựng 2025  quy định cụ thể như sau:

Điều 6. Loại, cấp công trình xây dựng

1. Loại công trình xây dựng được xác định theo tính chất kết cấu và công năng sử dụng công trình.

2. Cấp công trình xây dựng được xác định cho từng loại công trình bao gồm:

a) Cấp công trình xây dựng phục vụ quản lý hoạt động xây dựng quy định tại Luật này được xác định căn cứ vào quy mô, mức độ quan trọng, thông số kỹ thuật của công trình, bao gồm cấp đặc biệt, cấp I, cấp II, cấp III, cấp IV, trừ trường hợp quy định tại điểm b khoản này.

Bộ trưởng Bộ Xây dựng quy định chi tiết điểm này;

b) Cấp công trình xây dựng phục vụ thiết kế xây dựng công trình được quy định trong quy chuẩn kỹ thuật, tiêu chuẩn áp dụng, cấp công trình phục vụ quản lý các nội dung khác được thực hiện theo quy định khác của pháp luật có liên quan.

Như vậy, loại công trình xây dựng được xác định theo tính chất kết cấu và công năng sử dụng công trình.

Căn cứ theo Điều 58  Luật Xây dựng 2025  quy định việc bàn giao công trình xây dựng phải tuân thủ các quy định sau đây:

- Đã thực hiện nghiệm thu công trình xây dựng theo đúng quy định của Luật này;

- Bảo đảm an toàn trong vận hành, khai thác khi đưa công trình vào khai thác, sử dụng;

- Đối với dự án đầu tư xây dựng khu đô thị, có thể bàn giao toàn bộ hoặc một số công trình thuộc dự án để đưa vào khai thác, sử dụng nhưng trước khi bàn giao phải hoàn thành đầu tư xây dựng bảo đảm đồng bộ hạ tầng kỹ thuật, hạ tầng xã hội theo phân kỳ đầu tư, thiết kế xây dựng đã được phê duyệt, bảo đảm kết nối với hạ tầng kỹ thuật chung của khu vực, phù hợp với nội dung dự án và quy hoạch đã được phê duyệt.","xay-dung-do-thi","","","","2026-03-29T14:45:00","https://thuvienphapluat.vn/hoi-dap-phap-luat/khi-nao-cong-trinh-gap-su-co-duoc-phep-tiep-tuc-thi-cong-hoac-su-dung-138084969.html","2026-04-21T03:35:00.484804+00:00"
"138085098","Hợp đồng xây dựng được giao kết hợp pháp có hiệu lực khi nào?","Theo Điều 81  Luật Xây dựng 2025  có hiệu lực từ 1/7/2026 quy định:

Điều 81. Hiệu lực và tính pháp lý của hợp đồng xây dựng

[...]

3. Khi thực hiện chức năng, nhiệm vụ theo quy định, cơ quan quản lý nhà nước, thanh tra, kiểm tra, kiểm toán, tổ chức thanh toán, cho vay vốn và các cơ quan có liên quan khác phải tôn trọng hợp đồng xây dựng được giao kết hợp pháp và có hiệu lực; không được xâm phạm đến quyền và lợi ích hợp pháp của các bên tham gia hợp đồng xây dựng.

4.  Hợp đồng xây dựng được giao kết hợp pháp có hiệu lực từ thời điểm giao kết hoặc thời điểm khác do các bên thỏa thuận ; trường hợp hợp đồng xây dựng được công chứng thì thời điểm có hiệu lực của hợp đồng xây dựng thực hiện theo quy định của pháp luật về công chứng. Từ thời điểm hợp đồng xây dựng có hiệu lực, các bên phải thực hiện quyền và nghĩa vụ đối với nhau theo cam kết. Hợp đồng xây dựng có thể bị sửa đổi hoặc chấm dứt theo thỏa thuận của các bên hoặc theo quy định của pháp luật.

Như vậy, Hợp đồng xây dựng được giao kết hợp pháp có hiệu lực từ thời điểm giao kết hoặc thời điểm khác do các bên thỏa thuận;

Trường hợp hợp đồng xây dựng được công chứng thì thời điểm có hiệu lực của hợp đồng xây dựng thực hiện theo quy định của pháp luật về công chứng.

Từ thời điểm hợp đồng xây dựng có hiệu lực, các bên phải thực hiện quyền và nghĩa vụ đối với nhau theo cam kết. Hợp đồng xây dựng có thể bị sửa đổi hoặc chấm dứt theo thỏa thuận của các bên hoặc theo quy định của pháp luật.

Trên đây là thông tin về Hợp đồng xây dựng được giao kết hợp pháp có hiệu lực khi nào?

Hợp đồng xây dựng được giao kết hợp pháp có hiệu lực khi nào? (Hình từ Internet)

Căn cứ theo Điều 51  Luật Xây dựng 2025 , từ ngày 01/7/2026, an toàn trong thi công xây dựng công trình được quy định như sau:

[1]. Nhà thầu thi công xây dựng có trách nhiệm bảo đảm an toàn, vệ sinh lao động; công trình xây dựng, tài sản, thiết bị, phương tiện trong quá trình thi công xây dựng công trình; bảo vệ môi trường; phòng cháy và chữa cháy.

[2]. Chủ đầu tư phải tổ chức giám sát việc thực hiện các quy định về an toàn của nhà thầu thi công xây dựng; tạm dừng hoặc đình chỉ thi công khi phát hiện dấu hiệu vi phạm quy định về an toàn, có sự cố gây mất an toàn công trình; phối hợp với các nhà thầu xử lý, khắc phục khi xảy ra sự cố hoặc tai nạn lao động; thông báo, phối hợp kịp thời với cơ quan nhà nước có thẩm quyền khi xảy ra sự cố công trình, tai nạn lao động gây chết người.

[3]. Nhà thầu thi công xây dựng có trách nhiệm xác định vùng nguy hiểm trong thi công xây dựng công trình; tổ chức lập, trình chủ đầu tư chấp thuận biện pháp bảo đảm an toàn cho con người, công trình xây dựng, tài sản, thiết bị, phương tiện trong vùng nguy hiểm trong thi công xây dựng công trình; rà soát biện pháp bảo đảm an toàn định kỳ, đột xuất để điều chỉnh cho phù hợp với thực tế thi công trên công trường.

[4]. Trường hợp giới hạn của vùng nguy hiểm trong thi công xây dựng công trình nằm ngoài phạm vi của công trường xây dựng, chủ đầu tư có trách nhiệm báo cáo cơ quan chuyên môn về xây dựng biện pháp bảo đảm an toàn đã được chấp thuận để kiểm tra trong quá trình thi công xây dựng.

[5]. Máy, thiết bị, vật tư phục vụ thi công xây dựng có yêu cầu nghiêm ngặt về an toàn phải được kiểm định trước khi đưa vào sử dụng

Căn cứ theo khoản 2 Điều 59  Luật Xây dựng 2025  có hiệu lực từ 1/7/2026 quy định các nghĩa vụ, trách nhiệm của chủ đầu tư trong việc thi công xây dựng công trình đó là:

- Lựa chọn nhà thầu thi công xây dựng phù hợp với loại, cấp công trình;

- Bàn giao mặt bằng xây dựng cho nhà thầu thi công xây dựng đáp ứng tiến độ thi công xây dựng công trình;

- Tổ chức giám sát và quản lý chất lượng trong thi công xây dựng phù hợp với hình thức quản lý dự án, hợp đồng xây dựng;

- Kiểm tra, chấp thuận biện pháp thi công, trong đó quy định cụ thể biện pháp bảo đảm an toàn, vệ sinh môi trường;

- Tổ chức nghiệm thu, thanh toán và quyết toán công trình;

- Thuê tổ chức tư vấn có đủ năng lực để kiểm định chất lượng công trình khi cần thiết;

- Xem xét, quyết định các đề xuất liên quan đến thiết kế của nhà thầu trong quá trình thi công xây dựng;

- Lưu trữ hồ sơ hoàn thành công trình;

- Chịu trách nhiệm về chất lượng, nguồn gốc của vật tư, nguyên liệu, vật liệu, thiết bị, sản phẩm xây dựng do mình cung cấp sử dụng vào công trình;

- Bồi thường thiệt hại do vi phạm hợp đồng xây dựng và hành vi vi phạm khác do mình gây ra;

- Nghĩa vụ, trách nhiệm khác theo quy định của hợp đồng xây dựng và quy định của pháp luật có liên quan.","xay-dung-do-thi","","","","2026-03-29T14:00:00","https://thuvienphapluat.vn/hoi-dap-phap-luat/hop-dong-xay-dung-duoc-giao-ket-hop-phap-co-hieu-luc-khi-nao-138085098.html","2026-04-21T03:35:05.014440+00:00"
"138085065","Giá xây dựng bao gồm những loại giá nào?","Theo Điều 78  Luật Xây dựng 2025  có hiệu lực từ 1/7/2026 quy định:

Điều 78. Giá xây dựng, giá các yếu tố chi phí trực tiếp cấu thành giá công tác xây dựng, chỉ số giá xây dựng

1.  Giá xây dựng  bao gồm giá công tác xây dựng, giá nhóm công tác xây dựng, giá bộ phận, đơn vị kết cấu công trình, suất chi phí, suất vốn đầu tư xây dựng.

Giá xây dựng được xác định trên cơ sở một hoặc một số căn cứ: giá thị trường; giá, dữ liệu chi phí của gói thầu, công trình, dự án đã thực hiện hoặc đang thực hiện; hệ thống định mức xây dựng và giá các yếu tố chi phí quy định tại khoản 2 Điều này.

Căn cứ điều kiện cụ thể của dự án, công trình để lựa chọn giá xây dựng làm cơ sở xác định tổng mức đầu tư xây dựng, dự toán xây dựng.

2. Giá các yếu tố chi phí trực tiếp cấu thành giá công tác xây dựng là giá vật liệu, giá nhân công, giá ca máy và thiết bị thi công.

3. Chỉ số giá xây dựng là chỉ tiêu phản ánh mức độ biến động theo thời gian của chi phí đầu tư xây dựng (theo loại công trình, cơ cấu chi phí), giá các yếu tố chi phí quy định tại khoản 2 Điều này làm cơ sở cho việc xác định, điều chỉnh sơ bộ tổng mức đầu tư, tổng mức đầu tư xây dựng, dự toán xây dựng, giá hợp đồng xây dựng và quản lý chi phí đầu tư xây dựng.

Như vậy, giá xây dựng bao gồm giá công tác xây dựng, giá nhóm công tác xây dựng, giá bộ phận, đơn vị kết cấu công trình, suất chi phí, suất vốn đầu tư xây dựng.

Trên đây là thông tin về Giá xây dựng bao gồm những loại giá nào?

Giá xây dựng bao gồm những loại giá nào? (Hình từ Internet)

Căn cứ theo Điều 34  Luật Xây dựng 2025  có hiệu lực từ 1/7/2026 quy định về quản lý tiến độ thực hiện dự án đầu tư xây dựng như sau:

- Người quyết định đầu tư quyết định thời gian, tiến độ thực hiện khi phê duyệt dự án (bao gồm cả trường hợp điều chỉnh) bảo đảm tính khả thi, phù hợp với chủ trương được cấp có thẩm quyền chấp thuận hoặc quy định khác của pháp luật có liên quan.

- Chủ đầu tư, nhà thầu thi công xây dựng công trình phải lập kế hoạch tiến độ và quản lý thực hiện dự án theo tiến độ thi công xây dựng được duyệt.

- Khuyến khích chủ đầu tư, tư vấn quản lý dự án, nhà thầu thi công xây dựng đề xuất và áp dụng các giải pháp kỹ thuật, công nghệ và tổ chức quản lý hợp lý để rút ngắn thời gian xây dựng công trình.

Căn cứ theo khoản 1 Điều 17  Luật Xây dựng 2025  có hiệu lực từ 1/7/2026 quy định về phân loại dự án đầu tư xây dựng như sau:

Điều 17. Phân loại dự án đầu tư xây dựng

1. Dự án đầu tư xây dựng được phân loại theo hình thức đầu tư bao gồm:

a) Dự án đầu tư công;

b) Dự án PPP;

c) Dự án sử dụng chi thường xuyên từ ngân sách nhà nước, vốn ngân sách nhà nước khác không thuộc phạm vi điều chỉnh của pháp luật về đầu tư công thực hiện theo các quy định đối với dự án đầu tư công tại Luật này;

d) Dự án đầu tư xây dựng thuộc phạm vi điều chỉnh của pháp luật về đầu tư, dự án đầu tư xây dựng khác không thuộc trường hợp quy định tại các điểm a, b và c khoản này (sau đây gọi là dự án đầu tư kinh doanh).

2. Dự án đầu tư xây dựng được phân loại theo quy mô, mức độ quan trọng bao gồm:

a) Dự án quan trọng quốc gia; dự án do Quốc hội quyết định hoặc chấp thuận chủ trương đầu tư;

b) Dự án nhóm A, dự án nhóm B, dự án nhóm C theo các tiêu chí quy định của pháp luật về đầu tư công.

3. Dự án đầu tư xây dựng được phân loại theo mục đích, công năng phục vụ.

4. Chính phủ quy định chi tiết khoản 3 Điều này và việc phân loại để quản lý các hoạt động xây dựng đối với dự án sử dụng vốn hỗ trợ phát triển chính thức, vốn vay ưu đãi của nhà tài trợ nước ngoài.

Như vậy, dự án đầu tư xây dựng được phân loại theo hình thức đầu tư bao gồm:

- Dự án đầu tư công;

- Dự án PPP;

- Dự án sử dụng chi thường xuyên từ ngân sách nhà nước, vốn ngân sách nhà nước khác không thuộc phạm vi điều chỉnh của pháp luật về đầu tư công thực hiện theo các quy định đối với dự án đầu tư công tại  Luật Xây dựng 2025 ;

- Dự án đầu tư xây dựng thuộc phạm vi điều chỉnh của pháp luật về đầu tư, dự án đầu tư xây dựng khác không thuộc trường hợp quy định tại các điểm a, b và c khoản 1 Điều 17  Luật Xây dựng 2025  (sau đây gọi là dự án đầu tư kinh doanh).","xay-dung-do-thi","","","","2026-03-29T11:30:00","https://thuvienphapluat.vn/hoi-dap-phap-luat/gia-xay-dung-bao-gom-nhung-loai-gia-nao-138085065.html","2026-04-21T03:35:09.724901+00:00"
